time,event_no,DST_true,DST_pred,sigma_nT,DST_persist,fold,L_value,L_idx,H
2003-10-21 14:30:00,19,-41.0,-42.853510418549185,12.818823157023093,,5,36,6,3
2003-10-21 15:30:00,19,-42.0,-42.73466069736449,12.818823157023093,,5,36,6,3
2003-10-21 16:30:00,19,-54.0,-46.27790155447649,12.818823157023093,,5,36,6,3
2003-10-21 17:30:00,19,-53.0,-40.265880465491094,12.818823157023093,-41.0,5,36,6,3
2003-10-21 18:30:00,19,-57.0,-43.201973386687605,12.818823157023093,-42.0,5,36,6,3
2003-10-21 19:30:00,19,-50.0,-54.596820540962256,12.818823157023093,-54.0,5,36,6,3
2003-10-21 20:30:00,19,-51.0,-46.288240202033805,12.818823157023093,-53.0,5,36,6,3
2003-10-21 21:30:00,19,-60.0,-48.790371813799666,12.818823157023093,-57.0,5,36,6,3
2003-10-21 22:30:00,19,-54.0,-44.726562323546716,12.818823157023093,-50.0,5,36,6,3
2003-10-21 23:30:00,19,-46.0,-50.984225712453615,12.818823157023093,-51.0,5,36,6,3
2003-10-22 00:30:00,19,-46.0,-58.36457375699622,12.818823157023093,-60.0,5,36,6,3
2003-10-22 01:30:00,19,-47.0,-48.92953240247785,12.818823157023093,-54.0,5,36,6,3
2003-10-22 02:30:00,19,-49.0,-42.44372039937343,12.818823157023093,-46.0,5,36,6,3
2003-10-22 03:30:00,19,-56.0,-44.96604756170496,12.818823157023093,-46.0,5,36,6,3
2003-10-22 04:30:00,19,-51.0,-44.514799490383425,12.818823157023093,-47.0,5,36,6,3
2003-10-22 05:30:00,19,-51.0,-47.77954781133978,12.818823157023093,-49.0,5,36,6,3
2003-10-22 06:30:00,19,-61.0,-52.743677510803266,12.818823157023093,-56.0,5,36,6,3
2003-10-22 07:30:00,19,-50.0,-48.54278636975789,12.818823157023093,-51.0,5,36,6,3
2003-10-22 08:30:00,19,-51.0,-51.771144117023,12.818823157023093,-51.0,5,36,6,3
2003-10-22 09:30:00,19,-48.0,-59.436544829867756,12.818823157023093,-61.0,5,36,6,3
2003-10-22 10:30:00,19,-36.0,-46.86792546547402,12.818823157023093,-50.0,5,36,6,3
2003-10-22 11:30:00,19,-22.0,-46.94752432206609,12.818823157023093,-51.0,5,36,6,3
2003-10-22 12:30:00,19,-24.0,-24.000194169865054,0.056522725355074736,-48.0,5,36,6,3
2003-10-22 13:30:00,19,-24.0,-24.000133445754685,0.056522725355074736,-36.0,5,36,6,3
2003-10-22 14:30:00,19,-15.0,-15.000141258647663,0.056522725355074736,-22.0,5,36,6,3
2003-10-22 15:30:00,19,-20.0,-20.000092812567573,0.056522725355074736,-24.0,5,36,6,3
2003-10-22 16:30:00,19,-33.0,-32.999934906953335,0.056522725355074736,-24.0,5,36,6,3
2003-10-22 17:30:00,19,-33.0,-32.999908551617125,0.056522725355074736,-15.0,5,36,6,3
2003-10-22 18:30:00,19,-34.0,-33.99995011319558,0.056522725355074736,-20.0,5,36,6,3
2003-10-22 19:30:00,19,-32.0,-32.000016617543345,0.056522725355074736,-33.0,5,36,6,3
2003-10-22 20:30:00,19,-30.0,-29.999952890342023,0.056522725355074736,-33.0,5,36,6,3
2003-10-22 21:30:00,19,-28.0,-27.999975377326376,0.056522725355074736,-34.0,5,36,6,3
2003-10-22 22:30:00,19,-24.0,-24.000025591652502,0.056522725355074736,-32.0,5,36,6,3
2003-10-22 23:30:00,19,-24.0,-24.000042288920667,0.056522725355074736,-30.0,5,36,6,3
2003-10-23 00:30:00,19,-16.0,-16.000121055972397,0.056522725355074736,-28.0,5,36,6,3
2003-10-23 01:30:00,19,-13.0,-13.000132102033078,0.056522725355074736,-24.0,5,36,6,3
2003-10-23 02:30:00,19,-20.0,-20.00005560352772,0.056522725355074736,-24.0,5,36,6,3
2003-10-23 03:30:00,19,-18.0,-18.00003673094021,0.056522725355074736,-16.0,5,36,6,3
2003-10-23 04:30:00,19,-17.0,-17.000014913573203,0.056522725355074736,-13.0,5,36,6,3
2003-10-23 05:30:00,19,-18.0,-18.000007016406922,0.056522725355074736,-20.0,5,36,6,3
2003-10-23 06:30:00,19,-19.0,-18.99999372570209,0.056522725355074736,-18.0,5,36,6,3
2003-10-23 07:30:00,19,-21.0,-20.999972345302464,0.056522725355074736,-17.0,5,36,6,3
2003-10-23 08:30:00,19,-18.0,-18.00000544105393,0.056522725355074736,-18.0,5,36,6,3
2003-10-23 09:30:00,19,-19.0,-18.99999985513638,0.056522725355074736,-19.0,5,36,6,3
2003-10-23 10:30:00,19,-18.0,-18.00001361509211,0.056522725355074736,-21.0,5,36,6,3
2003-10-23 11:30:00,19,-17.0,-17.000012755509992,0.056522725355074736,-18.0,5,36,6,3
2003-10-23 12:30:00,19,-19.0,-18.99999233935111,0.056522725355074736,-19.0,5,36,6,3
2003-10-23 13:30:00,19,-15.0,-15.00002242824533,0.056522725355074736,-18.0,5,36,6,3
2003-10-23 14:30:00,19,-14.0,-14.000024561730221,0.056522725355074736,-17.0,5,36,6,3
2003-10-23 15:30:00,19,-14.0,-14.000028300568239,0.056522725355074736,-19.0,5,36,6,3
2003-10-23 16:30:00,19,-12.0,-12.000032527049846,0.056522725355074736,-15.0,5,36,6,3
2003-10-23 17:30:00,19,-11.0,-11.000034200567097,0.056522725355074736,-14.0,5,36,6,3
2003-10-23 18:30:00,19,-12.0,-12.000021291565751,0.056522725355074736,-14.0,5,36,6,3
2003-10-23 19:30:00,19,-11.0,-11.000016964748589,0.056522725355074736,-12.0,5,36,6,3
2003-10-23 20:30:00,19,-11.0,-11.000003609695344,0.056522725355074736,-11.0,5,36,6,3
2003-10-23 21:30:00,19,-9.0,-9.000017804028712,0.056522725355074736,-12.0,5,36,6,3
2003-10-23 22:30:00,19,-10.0,-9.999997473561542,0.056522725355074736,-11.0,5,36,6,3
2003-10-23 23:30:00,19,-10.0,-9.999996342547956,0.056522725355074736,-11.0,5,36,6,3
2003-10-24 00:30:00,19,-10.0,-9.999987946845522,0.056522725355074736,-9.0,5,36,6,3
2003-10-24 01:30:00,19,-8.0,-8.000011276146061,0.056522725355074736,-10.0,5,36,6,3
2003-10-24 02:30:00,19,-8.0,-8.00001410525682,0.056522725355074736,-10.0,5,36,6,3
2003-10-24 03:30:00,19,-7.0,-7.000025281324106,0.056522725355074736,-10.0,5,36,6,3
2003-10-24 04:30:00,19,-7.0,-7.000020197717145,0.056522725355074736,-8.0,5,36,6,3
2003-10-24 05:30:00,19,-9.0,-9.000001747642973,0.056522725355074736,-8.0,5,36,6,3
2003-10-24 06:30:00,19,-12.0,-11.99997908735078,0.056522725355074736,-7.0,5,36,6,3
2003-10-24 07:30:00,19,-13.0,-12.999972519321105,0.056522725355074736,-7.0,5,36,6,3
2003-10-24 08:30:00,19,-15.0,-14.999966418271274,0.056522725355074736,-9.0,5,36,6,3
2003-10-24 09:30:00,19,-15.0,-14.999972661733036,0.056522725355074736,-12.0,5,36,6,3
2003-10-24 10:30:00,19,-20.0,-19.99993241984687,0.056522725355074736,-13.0,5,36,6,3
2003-10-24 11:30:00,19,-24.0,-23.999905053448664,0.056522725355074736,-15.0,5,36,6,3
2003-10-24 12:30:00,19,-37.0,-36.99986893116713,0.056522725355074736,-15.0,5,36,6,3
2003-10-24 13:30:00,19,-43.0,-42.999858939757154,0.056522725355074736,-20.0,5,36,6,3
2003-10-24 14:30:00,19,-44.0,-43.999948359441774,0.056522725355074736,-24.0,5,36,6,3
2003-10-24 15:30:00,19,-30.0,-30.00019746579173,0.056522725355074736,-37.0,5,36,6,3
2003-10-24 16:30:00,19,-26.0,-26.000262976695176,0.056522725355074736,-43.0,5,36,6,3
2003-10-24 17:30:00,19,-9.0,-9.000394955785605,0.056522725355074736,-44.0,5,36,6,3
2003-10-24 18:30:00,19,5.0,4.999577588102376,0.056522725355074736,-30.0,5,36,6,3
2003-10-24 19:30:00,19,-26.0,-26.00000424146503,0.056522725355074736,-26.0,5,36,6,3
2003-10-24 20:30:00,19,-34.0,-33.999897611230054,0.056522725355074736,-9.0,5,36,6,3
2003-10-24 21:30:00,19,-22.0,-22.000022968207098,0.056522725355074736,5.0,5,36,6,3
2003-10-24 22:30:00,19,-18.0,-18.000125465483208,0.056522725355074736,-26.0,5,36,6,3
2003-10-24 23:30:00,19,-36.0,-35.99997270992235,0.056522725355074736,-34.0,5,36,6,3
2003-10-25 00:30:00,19,-29.0,-29.000003384267096,0.056522725355074736,-22.0,5,36,6,3
2003-10-25 01:30:00,19,-19.0,-19.000073529655168,0.056522725355074736,-18.0,5,36,6,3
2003-10-25 02:30:00,19,0.0,-0.00031767155376627443,0.056522725355074736,-36.0,5,36,6,3
2003-10-25 03:30:00,19,-3.0,-3.0002821499709533,0.056522725355074736,-29.0,5,36,6,3
2003-10-25 04:30:00,19,-11.0,-11.000171428936039,0.056522725355074736,-19.0,5,36,6,3
2003-10-25 05:30:00,19,-10.0,-10.00012057836118,0.056522725355074736,0.0,5,36,6,3
2003-10-25 06:30:00,19,-13.0,-13.000043060190134,0.056522725355074736,-3.0,5,36,6,3
2003-10-25 07:30:00,19,-19.0,-18.99994368385648,0.056522725355074736,-11.0,5,36,6,3
2003-10-25 08:30:00,19,-20.0,-19.9999251788631,0.056522725355074736,-10.0,5,36,6,3
2003-10-25 09:30:00,19,-18.0,-17.99994442462753,0.056522725355074736,-13.0,5,36,6,3
2003-10-25 10:30:00,19,-21.0,-20.999955225207533,0.056522725355074736,-19.0,5,36,6,3
2003-10-25 11:30:00,19,-20.0,-19.999996025979755,0.056522725355074736,-20.0,5,36,6,3
2003-10-25 12:30:00,19,-26.0,-25.99995187349116,0.056522725355074736,-18.0,5,36,6,3
2003-10-25 13:30:00,19,-27.0,-26.999980825784206,0.056522725355074736,-21.0,5,36,6,3
2003-10-25 14:30:00,19,-41.0,-40.9998386391923,0.056522725355074736,-20.0,5,36,6,3
2003-10-25 15:30:00,19,-49.0,-48.999869157571894,0.056522725355074736,-26.0,5,36,6,3
2003-10-25 16:30:00,19,-43.0,-43.00001192760046,0.056522725355074736,-27.0,5,36,6,3
2003-10-25 17:30:00,19,-30.0,-30.00027715268842,0.056522725355074736,-41.0,5,36,6,3
2003-10-25 18:30:00,19,-33.0,-33.0001714304467,0.056522725355074736,-49.0,5,36,6,3
2003-10-25 19:30:00,19,-38.0,-38.00006926371591,0.056522725355074736,-43.0,5,36,6,3
2003-10-25 20:30:00,19,-41.0,-40.99993908176856,0.056522725355074736,-30.0,5,36,6,3
2003-10-25 21:30:00,19,-39.0,-38.999949695164084,0.056522725355074736,-33.0,5,36,6,3
2003-10-25 22:30:00,19,-33.0,-33.00002918123748,0.056522725355074736,-38.0,5,36,6,3
2003-10-25 23:30:00,19,-32.0,-32.000045065584914,0.056522725355074736,-41.0,5,36,6,3
2003-10-26 00:30:00,19,-31.0,-31.000031292881918,0.056522725355074736,-39.0,5,36,6,3
2003-10-26 01:30:00,19,-33.0,-32.99997263599787,0.056522725355074736,-33.0,5,36,6,3
2003-10-26 02:30:00,19,-32.0,-31.999961007443364,0.056522725355074736,-32.0,5,36,6,3
2003-10-26 03:30:00,19,-29.0,-28.999993188454276,0.056522725355074736,-31.0,5,36,6,3
2003-10-26 04:30:00,19,-27.0,-27.00001734188131,0.056522725355074736,-33.0,5,36,6,3
2003-10-26 05:30:00,19,-25.0,-25.000001740342213,0.056522725355074736,-32.0,5,36,6,3
2003-10-26 06:30:00,19,-24.0,-23.999992084034574,0.056522725355074736,-29.0,5,36,6,3
2003-10-26 07:30:00,19,-24.0,-23.99998856895101,0.056522725355074736,-27.0,5,36,6,3
2003-10-26 08:30:00,19,-19.0,-19.000032348489633,0.056522725355074736,-25.0,5,36,6,3
2003-10-26 09:30:00,19,-11.0,-11.0000974282243,0.056522725355074736,-24.0,5,36,6,3
2003-10-26 10:30:00,19,-4.0,-4.000153521392278,0.056522725355074736,-24.0,5,36,6,3
2003-10-26 11:30:00,19,-4.0,-4.000133633094322,0.056522725355074736,-19.0,5,36,6,3
2003-10-26 12:30:00,19,-4.0,-4.000105148812956,0.056522725355074736,-11.0,5,36,6,3
2003-10-26 13:30:00,19,-4.0,-4.000094706674798,0.056522725355074736,-4.0,5,36,6,3
2003-10-26 14:30:00,19,-6.0,-6.000091004445508,0.056522725355074736,-4.0,5,36,6,3
2003-10-26 15:30:00,19,-6.0,-6.000101979511335,0.056522725355074736,-4.0,5,36,6,3
2003-10-26 16:30:00,19,-5.0,-5.000093366975413,0.056522725355074736,-4.0,5,36,6,3
2003-10-26 17:30:00,19,-5.0,-5.000092843111368,0.056522725355074736,-6.0,5,36,6,3
2003-10-26 18:30:00,19,-7.0,-7.0000512438018845,0.056522725355074736,-6.0,5,36,6,3
2003-10-26 19:30:00,19,-8.0,-8.000017539566496,0.056522725355074736,-5.0,5,36,6,3
2003-10-26 20:30:00,19,-15.0,-14.999942134010208,0.056522725355074736,-5.0,5,36,6,3
2003-10-26 21:30:00,19,-18.0,-17.99992711707211,0.056522725355074736,-7.0,5,36,6,3
2003-10-26 22:30:00,19,-29.0,-28.999861009458943,0.056522725355074736,-8.0,5,36,6,3
2003-10-26 23:30:00,19,-33.0,-33.000011640146084,0.056522725355074736,-15.0,5,36,6,3
2003-10-27 00:30:00,19,-43.0,-42.999975457530525,0.056522725355074736,-18.0,5,36,6,3
2003-10-27 01:30:00,19,-49.0,-49.000002650507994,0.056522725355074736,-29.0,5,36,6,3
2003-10-27 02:30:00,19,-47.0,-47.00000155225563,0.056522725355074736,-33.0,5,36,6,3
2003-10-27 03:30:00,19,-49.0,-49.00004897537795,0.056522725355074736,-43.0,5,36,6,3
2003-10-27 04:30:00,19,-52.0,-52.000028012395276,0.056522725355074736,-49.0,5,36,6,3
2003-10-27 05:30:00,19,-52.0,-51.99999496480689,0.056522725355074736,-47.0,5,36,6,3
2003-10-27 06:30:00,19,-50.0,-50.00003155950118,0.056522725355074736,-49.0,5,36,6,3
2003-10-27 07:30:00,19,-46.0,-46.00007817694437,0.056522725355074736,-52.0,5,36,6,3
2003-10-27 08:30:00,19,-48.0,-48.00005078946055,0.056522725355074736,-52.0,5,36,6,3
2003-10-27 09:30:00,19,-51.0,-50.99998134993115,0.056522725355074736,-50.0,5,36,6,3
2003-10-27 10:30:00,19,-49.0,-48.999963281672905,0.056522725355074736,-46.0,5,36,6,3
2003-10-27 11:30:00,19,-41.0,-41.00008296763039,0.056522725355074736,-48.0,5,36,6,3
2003-10-27 12:30:00,19,-36.0,-36.00008740255876,0.056522725355074736,-51.0,5,36,6,3
2003-10-27 13:30:00,19,-35.0,-35.00001972101261,0.056522725355074736,-49.0,5,36,6,3
2003-10-27 14:30:00,19,-34.0,-33.99999426382895,0.056522725355074736,-41.0,5,36,6,3
2003-10-27 15:30:00,19,-34.0,-33.99998125541968,0.056522725355074736,-36.0,5,36,6,3
2003-10-27 16:30:00,19,-30.0,-30.00002404084204,0.056522725355074736,-35.0,5,36,6,3
2003-10-27 17:30:00,19,-30.0,-30.00002778403105,0.056522725355074736,-34.0,5,36,6,3
2003-10-27 18:30:00,19,-30.0,-30.00001066264402,0.056522725355074736,-34.0,5,36,6,3
2003-10-27 19:30:00,19,-27.0,-27.00003886680523,0.056522725355074736,-30.0,5,36,6,3
2003-10-27 20:30:00,19,-27.0,-27.00002727790735,0.056522725355074736,-30.0,5,36,6,3
2003-10-27 21:30:00,19,-27.0,-26.99997442409807,0.056522725355074736,-30.0,5,36,6,3
2003-10-27 22:30:00,19,-25.0,-24.999994528125022,0.056522725355074736,-27.0,5,36,6,3
2003-10-27 23:30:00,19,-24.0,-24.000024029561082,0.056522725355074736,-27.0,5,36,6,3
2003-10-28 00:30:00,19,-24.0,-24.00000797504715,0.056522725355074736,-27.0,5,36,6,3
2003-10-28 01:30:00,19,-24.0,-23.99999455515035,0.056522725355074736,-25.0,5,36,6,3
2003-10-28 02:30:00,19,-14.0,-14.000093622513795,0.056522725355074736,-24.0,5,36,6,3
2003-10-28 03:30:00,19,-18.0,-18.00005399047128,0.056522725355074736,-24.0,5,36,6,3
2003-10-28 04:30:00,19,-4.0,-4.000193834021072,0.056522725355074736,-24.0,5,36,6,3
2003-10-28 05:30:00,19,-1.0,-1.0002167270804385,0.056522725355074736,-14.0,5,36,6,3
2003-10-28 06:30:00,19,-1.0,-1.0002543949425338,0.056522725355074736,-18.0,5,36,6,3
2003-10-28 07:30:00,19,-5.0,-5.000134649408849,0.056522725355074736,-4.0,5,36,6,3
2003-10-28 08:30:00,19,-14.0,-14.000093809079175,0.056522725355074736,-1.0,5,36,6,3
2003-10-28 09:30:00,19,-32.0,-31.99991797050307,0.056522725355074736,-1.0,5,36,6,3
2003-10-28 10:30:00,19,-32.0,-32.00004534047529,0.056522725355074736,-5.0,5,36,6,3
2003-10-28 11:30:00,19,-24.0,-24.000148770537535,0.056522725355074736,-14.0,5,36,6,3
2003-10-28 12:30:00,19,-20.0,-20.000100290946932,0.056522725355074736,-32.0,5,36,6,3
2003-10-28 13:30:00,19,-16.0,-16.000140446393736,0.056522725355074736,-32.0,5,36,6,3
2003-10-28 14:30:00,19,-8.0,-8.000210437590784,0.056522725355074736,-24.0,5,36,6,3
2003-10-28 15:30:00,19,-4.0,-4.000245572650357,0.056522725355074736,-20.0,5,36,6,3
2003-10-28 16:30:00,19,-4.0,-4.000249012047114,0.056522725355074736,-16.0,5,36,6,3
2003-10-28 17:30:00,19,-9.0,-9.000082377971609,0.056522725355074736,-8.0,5,36,6,3
2003-10-28 18:30:00,19,-16.0,-15.999953823322269,0.056522725355074736,-4.0,5,36,6,3
2003-10-28 19:30:00,19,-18.0,-17.999951343465163,0.056522725355074736,-4.0,5,36,6,3
2003-10-28 20:30:00,19,-19.0,-18.99990815063095,0.056522725355074736,-9.0,5,36,6,3
2003-10-28 21:30:00,19,-22.0,-21.99992884547962,0.056522725355074736,-16.0,5,36,6,3
2003-10-28 22:30:00,19,-14.0,-14.000015941231293,0.056522725355074736,-18.0,5,36,6,3
2003-10-28 23:30:00,19,-20.0,-19.99996322866803,0.056522725355074736,-19.0,5,36,6,3
2003-10-29 00:30:00,19,-34.0,-33.99984208662355,0.056522725355074736,-22.0,5,36,6,3
2003-10-29 01:30:00,19,-42.0,-41.999749057122166,0.056522725355074736,-14.0,5,36,6,3
2003-10-29 02:30:00,19,-32.0,-31.999909633216447,0.056522725355074736,-20.0,5,36,6,3
2003-10-29 03:30:00,19,-25.0,-25.0000818818475,0.056522725355074736,-34.0,5,36,6,3
2003-10-29 04:30:00,19,-28.0,-28.0000419787687,0.056522725355074736,-42.0,5,36,6,3
2003-10-29 05:30:00,19,-30.0,-29.99997119423868,0.056522725355074736,-32.0,5,36,6,3
2003-10-29 06:30:00,19,-10.0,-10.00016606157255,0.056522725355074736,-25.0,5,36,6,3
2003-10-29 07:30:00,19,-105.0,-104.99929397168611,0.056522725355074736,-28.0,5,36,6,3
2003-10-29 08:30:00,19,-130.0,-129.999019997954,0.056522725355074736,-30.0,5,36,6,3
2003-10-29 09:30:00,19,-151.0,-150.99883245562975,0.056522725355074736,-10.0,5,36,6,3
2003-10-29 10:30:00,19,-151.0,-150.99935989943555,0.056522725355074736,-105.0,5,36,6,3
2003-10-29 11:30:00,19,-147.0,-146.99946974899154,0.056522725355074736,-130.0,5,36,6,3
2003-10-29 12:30:00,19,-111.0,-111.00003861899054,0.056522725355074736,-151.0,5,36,6,3
2003-10-29 13:30:00,19,-79.0,-79.00032468683006,0.056522725355074736,-151.0,5,36,6,3
2003-10-29 14:30:00,19,-99.0,-99.000234254073,0.056522725355074736,-147.0,5,36,6,3
2003-10-29 15:30:00,19,-107.0,-107.00002835242628,0.056522725355074736,-111.0,5,36,6,3
2003-10-29 16:30:00,19,-124.0,-123.99984689735513,0.056522725355074736,-79.0,5,36,6,3
2003-10-29 17:30:00,19,-126.0,-126.00027831193938,0.056522725355074736,-99.0,5,36,6,3
2003-10-29 18:30:00,19,-169.0,-168.9999951674544,0.056522725355074736,-107.0,5,36,6,3
2003-10-29 19:30:00,19,-213.0,-212.99990863249863,0.056522725355074736,-124.0,5,36,6,3
2003-10-29 20:30:00,19,-253.0,-252.99965080032527,0.056522725355074736,-126.0,5,36,6,3
2003-10-29 21:30:00,19,-268.0,-268.0003600455563,0.056522725355074736,-169.0,5,36,6,3
2003-10-29 22:30:00,19,-281.0,-281.0005335640791,0.056522725355074736,-213.0,5,36,6,3
2003-10-29 23:30:00,19,-350.0,-350.0000320503983,0.056522725355074736,-253.0,5,36,6,3
2003-10-30 00:30:00,19,-353.0,-352.9998204314707,0.056522725355074736,-268.0,5,36,6,3
2003-10-30 01:30:00,19,-341.0,-340.9999111266209,0.056522725355074736,-281.0,5,36,6,3
2003-10-30 02:30:00,19,-335.0,-335.0000109852636,0.056522725355074736,-350.0,5,36,6,3
2003-10-30 03:30:00,19,-303.0,-302.999829286498,0.056522725355074736,-353.0,5,36,6,3
2003-10-30 04:30:00,19,-273.0,-272.99990952986644,0.056522725355074736,-341.0,5,36,6,3
2003-10-30 05:30:00,19,-244.0,-243.999981504554,0.056522725355074736,-335.0,5,36,6,3
2003-10-30 06:30:00,19,-220.0,-219.99994362111732,0.056522725355074736,-303.0,5,36,6,3
2003-10-30 07:30:00,19,-203.0,-202.9999816836358,0.056522725355074736,-273.0,5,36,6,3
2003-10-30 08:30:00,19,-192.0,-191.99993972369316,0.056522725355074736,-244.0,5,36,6,3
2003-10-30 09:30:00,19,-178.0,-177.99996848232166,0.056522725355074736,-220.0,5,36,6,3
2003-10-30 10:30:00,19,-164.0,-164.0000059836939,0.056522725355074736,-203.0,5,36,6,3
2003-10-30 11:30:00,19,-155.0,-155.0000283708912,0.056522725355074736,-192.0,5,36,6,3
2003-10-30 12:30:00,19,-156.0,-155.99997172422607,0.056522725355074736,-178.0,5,36,6,3
2003-10-30 13:30:00,19,-148.0,-148.0000023255906,0.056522725355074736,-164.0,5,36,6,3
2003-10-30 14:30:00,19,-138.0,-138.0000679614443,0.056522725355074736,-155.0,5,36,6,3
2003-10-30 15:30:00,19,-129.0,-129.0001867840023,0.056522725355074736,-156.0,5,36,6,3
2003-10-30 16:30:00,19,-111.0,-111.0003162811611,0.056522725355074736,-148.0,5,36,6,3
2003-10-30 17:30:00,19,-97.0,-97.00050899306075,0.056522725355074736,-138.0,5,36,6,3
2003-10-30 18:30:00,19,-111.0,-111.00037571616292,0.056522725355074736,-129.0,5,36,6,3
2003-10-30 19:30:00,19,-142.0,-142.000123985134,0.056522725355074736,-111.0,5,36,6,3
2003-10-30 20:30:00,19,-240.0,-239.9992283496378,0.056522725355074736,-97.0,5,36,6,3
2003-10-30 21:30:00,19,-316.0,-315.998812934526,0.056522725355074736,-111.0,5,36,6,3
2003-10-30 22:30:00,19,-383.0,-382.9989175337216,0.056522725355074736,-142.0,5,36,6,3
2003-10-30 23:30:00,19,-371.0,-370.99953678345054,0.056522725355074736,-240.0,5,36,6,3
2003-10-31 00:30:00,19,-307.0,-307.0002827801316,0.056522725355074736,-316.0,5,36,6,3
2003-10-31 01:30:00,19,-246.0,-246.00037160417543,0.056522725355074736,-383.0,5,36,6,3
2003-10-31 02:30:00,19,-244.0,-244.00013929486556,0.056522725355074736,-371.0,5,36,6,3
2003-10-31 03:30:00,19,-241.0,-240.99985784608882,0.056522725355074736,-307.0,5,36,6,3
2003-10-31 04:30:00,19,-196.0,-195.99978649190902,0.056522725355074736,-246.0,5,36,6,3
2003-10-31 05:30:00,19,-131.0,-131.0002183225049,0.056522725355074736,-244.0,5,36,6,3
2003-10-31 06:30:00,19,-106.0,-106.00036080126893,0.056522725355074736,-241.0,5,36,6,3
2003-10-31 07:30:00,19,-113.0,-113.00017051875983,0.056522725355074736,-196.0,5,36,6,3
2003-10-31 08:30:00,19,-113.0,-112.9999896650771,0.056522725355074736,-131.0,5,36,6,3
2003-10-31 09:30:00,19,-109.0,-108.99991975704327,0.056522725355074736,-106.0,5,36,6,3
2003-10-31 10:30:00,19,-113.0,-112.99985044436951,0.056522725355074736,-113.0,5,36,6,3
2003-10-31 11:30:00,19,-55.0,-55.00038402830366,0.056522725355074736,-113.0,5,36,6,3
2003-10-31 12:30:00,19,-77.0,-77.00015317004707,0.056522725355074736,-109.0,5,36,6,3
2003-10-31 13:30:00,19,-80.0,-80.00013383249409,0.056522725355074736,-113.0,5,36,6,3
2003-10-31 14:30:00,19,-88.0,-87.99987238190468,0.056522725355074736,-55.0,5,36,6,3
2003-10-31 15:30:00,19,-80.0,-79.99999782152435,0.056522725355074736,-77.0,5,36,6,3
2003-10-31 16:30:00,19,-76.0,-76.00000268906678,0.056522725355074736,-80.0,5,36,6,3
2003-10-31 17:30:00,19,-68.0,-68.00013391130169,0.056522725355074736,-88.0,5,36,6,3
2003-10-31 18:30:00,19,-70.0,-70.00006874308389,0.056522725355074736,-80.0,5,36,6,3
2003-10-31 19:30:00,19,-66.0,-66.00007349002911,0.056522725355074736,-76.0,5,36,6,3
2003-10-31 20:30:00,19,-63.0,-63.00006301863106,0.056522725355074736,-68.0,5,36,6,3
2003-10-31 21:30:00,19,-52.0,-52.00015979306049,0.056522725355074736,-70.0,5,36,6,3
2003-10-31 22:30:00,19,-55.0,-55.00009502736127,0.056522725355074736,-66.0,5,36,6,3
2003-10-31 23:30:00,19,-66.0,-65.99997059448319,0.056522725355074736,-63.0,5,36,6,3
2003-11-01 00:30:00,19,-69.0,-68.99989720935147,0.056522725355074736,-52.0,5,36,6,3
2003-11-01 01:30:00,19,-69.0,-68.99991636756855,0.056522725355074736,-55.0,5,36,6,3
2003-11-01 02:30:00,19,-61.0,-61.00006824394546,0.056522725355074736,-66.0,5,36,6,3
2003-11-01 03:30:00,19,-62.0,-62.00002713227114,0.056522725355074736,-69.0,5,36,6,3
2003-11-01 04:30:00,19,-61.0,-61.00004869407738,0.056522725355074736,-69.0,5,36,6,3
2003-11-01 05:30:00,19,-62.0,-61.9999991812014,0.056522725355074736,-61.0,5,36,6,3
2003-11-01 06:30:00,19,-56.0,-56.000039646184554,0.056522725355074736,-62.0,5,36,6,3
2003-11-01 07:30:00,19,-48.0,-48.00010663538134,0.056522725355074736,-61.0,5,36,6,3
2003-11-01 08:30:00,19,-47.0,-47.000116173192225,0.056522725355074736,-62.0,5,36,6,3
2003-11-01 09:30:00,19,-44.0,-44.00010478709453,0.056522725355074736,-56.0,5,36,6,3
2003-11-01 10:30:00,19,-41.0,-41.00006572153985,0.056522725355074736,-48.0,5,36,6,3
2003-11-01 11:30:00,19,-38.0,-38.00009697768897,0.056522725355074736,-47.0,5,36,6,3
2003-11-01 12:30:00,19,-43.0,-43.00001790858252,0.056522725355074736,-44.0,5,36,6,3
2003-11-01 13:30:00,19,-46.0,-45.99996858971872,0.056522725355074736,-41.0,5,36,6,3
2003-11-01 14:30:00,19,-46.0,-45.99994026572191,0.056522725355074736,-38.0,5,36,6,3
2003-11-01 15:30:00,19,-39.0,-39.0000276859158,0.056522725355074736,-43.0,5,36,6,3
2003-11-01 16:30:00,19,-35.0,-35.00007521864965,0.056522725355074736,-46.0,5,36,6,3
2003-11-01 17:30:00,19,-31.0,-31.000108701097382,0.056522725355074736,-46.0,5,36,6,3
2003-11-01 18:30:00,19,-28.0,-28.000098525305134,0.056522725355074736,-39.0,5,36,6,3
2003-11-01 19:30:00,19,-32.0,-32.00003214231939,0.056522725355074736,-35.0,5,36,6,3
2003-11-01 20:30:00,19,-36.0,-35.999971905820225,0.056522725355074736,-31.0,5,36,6,3
2003-11-01 21:30:00,19,-33.0,-33.000008856717685,0.056522725355074736,-28.0,5,36,6,3
2003-11-01 22:30:00,19,-31.0,-31.000058296328426,0.056522725355074736,-32.0,5,36,6,3
2003-11-01 23:30:00,19,-37.0,-37.00002255555609,0.056522725355074736,-36.0,5,36,6,3
2003-11-02 00:30:00,19,-41.0,-40.99991039401693,0.056522725355074736,-33.0,5,36,6,3
2003-11-02 01:30:00,19,-40.0,-39.999934706311876,0.056522725355074736,-31.0,5,36,6,3
2003-11-02 02:30:00,19,-31.0,-31.000068278372172,0.056522725355074736,-37.0,5,36,6,3
2003-11-02 03:30:00,19,-23.0,-23.000123924914856,0.056522725355074736,-41.0,5,36,6,3
2003-11-02 04:30:00,19,-27.0,-27.000068882544454,0.056522725355074736,-40.0,5,36,6,3
2003-11-02 05:30:00,19,-30.0,-29.9999963756569,0.056522725355074736,-31.0,5,36,6,3
2003-11-02 06:30:00,19,-26.0,-26.00003017104123,0.056522725355074736,-23.0,5,36,6,3
2003-11-02 07:30:00,19,-23.0,-23.000084127768396,0.056522725355074736,-27.0,5,36,6,3
2003-11-02 08:30:00,19,-23.0,-23.000052913257477,0.056522725355074736,-30.0,5,36,6,3
2003-11-02 09:30:00,19,-22.0,-22.000039237700513,0.056522725355074736,-26.0,5,36,6,3
2003-11-02 10:30:00,19,-27.0,-26.999959333205606,0.056522725355074736,-23.0,5,36,6,3
2003-11-02 11:30:00,19,-31.0,-30.999927882059378,0.056522725355074736,-23.0,5,36,6,3
2003-11-02 12:30:00,19,-25.0,-24.999996647433694,0.056522725355074736,-22.0,5,36,6,3
2003-11-02 13:30:00,19,-25.0,-25.00001872653664,0.056522725355074736,-27.0,5,36,6,3
2003-11-02 14:30:00,19,-28.0,-28.000010973085843,0.056522725355074736,-31.0,5,36,6,3
2003-11-02 15:30:00,19,-29.0,-28.999954781830034,0.056522725355074736,-25.0,5,36,6,3
2003-11-02 16:30:00,19,-28.0,-27.999993011422944,0.056522725355074736,-25.0,5,36,6,3
2003-11-02 17:30:00,19,-23.0,-23.00006460146992,0.056522725355074736,-28.0,5,36,6,3
2003-11-02 18:30:00,19,-23.0,-23.000042197789526,0.056522725355074736,-29.0,5,36,6,3
2003-11-02 19:30:00,19,-21.0,-21.000061822774615,0.056522725355074736,-28.0,5,36,6,3
2003-11-02 20:30:00,19,-23.0,-23.000049672435047,0.056522725355074736,-23.0,5,36,6,3
2003-11-02 21:30:00,19,-22.0,-22.000078700774573,0.056522725355074736,-23.0,5,36,6,3
2003-11-02 22:30:00,19,-26.0,-25.999967643031592,0.056522725355074736,-21.0,5,36,6,3
2003-11-02 23:30:00,19,-32.0,-31.999925306105965,0.056522725355074736,-23.0,5,36,6,3
2003-11-03 00:30:00,19,-36.0,-35.99987829060357,0.056522725355074736,-22.0,5,36,6,3
2003-11-03 01:30:00,19,-38.0,-37.99989352221737,0.056522725355074736,-26.0,5,36,6,3
2003-11-03 02:30:00,19,-32.0,-31.999987690386003,0.056522725355074736,-32.0,5,36,6,3
2003-11-03 03:30:00,19,-26.0,-26.000036898729626,0.056522725355074736,-36.0,5,36,6,3
2003-11-03 04:30:00,19,-26.0,-26.000036789998532,0.056522725355074736,-38.0,5,36,6,3
2003-11-03 05:30:00,19,-28.0,-28.000001568336874,0.056522725355074736,-32.0,5,36,6,3
2003-11-03 06:30:00,19,-21.0,-21.000026633960772,0.056522725355074736,-26.0,5,36,6,3
2003-11-03 07:30:00,19,-18.0,-18.000043972856943,0.056522725355074736,-26.0,5,36,6,3
2003-11-03 08:30:00,19,-17.0,-16.99998270993344,0.056522725355074736,-28.0,5,36,6,3
2003-11-03 09:30:00,19,-14.0,-14.000000273383776,0.056522725355074736,-21.0,5,36,6,3
2003-11-03 10:30:00,19,-7.0,-7.000059299483603,0.056522725355074736,-18.0,5,36,6,3
2003-11-03 11:30:00,19,-5.0,-5.00009344373527,0.056522725355074736,-17.0,5,36,6,3
2003-11-03 12:30:00,19,-7.0,-7.00006106633165,0.056522725355074736,-14.0,5,36,6,3
2003-11-03 13:30:00,19,-9.0,-9.000014482682449,0.056522725355074736,-7.0,5,36,6,3
2003-11-03 14:30:00,19,-6.0,-6.000055455365619,0.056522725355074736,-5.0,5,36,6,3
2003-11-03 15:30:00,19,-4.0,-4.000046976083485,0.056522725355074736,-7.0,5,36,6,3
2003-11-03 16:30:00,19,-2.0,-2.000069215038085,0.056522725355074736,-9.0,5,36,6,3
2003-11-03 17:30:00,19,-3.0,-3.000070573578583,0.056522725355074736,-6.0,5,36,6,3
2003-11-03 18:30:00,19,-2.0,-2.000104743207789,0.056522725355074736,-4.0,5,36,6,3
2003-11-03 19:30:00,19,-4.0,-4.000067932487237,0.056522725355074736,-2.0,5,36,6,3
2003-11-03 20:30:00,19,-5.0,-5.000029305769264,0.056522725355074736,-3.0,5,36,6,3
2003-11-03 21:30:00,19,-6.0,-6.0000143687616685,0.056522725355074736,-2.0,5,36,6,3
2003-11-03 22:30:00,19,-6.0,-6.000032814879397,0.056522725355074736,-4.0,5,36,6,3
2003-11-03 23:30:00,19,-11.0,-10.999992113854635,0.056522725355074736,-5.0,5,36,6,3
2003-11-04 00:30:00,19,-20.0,-19.999915510120537,0.056522725355074736,-6.0,5,36,6,3
2003-11-04 01:30:00,19,-15.0,-14.999954510607186,0.056522725355074736,-6.0,5,36,6,3
2003-11-04 02:30:00,19,-12.0,-11.99995754853082,0.056522725355074736,-11.0,5,36,6,3
2003-11-04 03:30:00,19,-12.0,-11.999948002425604,0.056522725355074736,-20.0,5,36,6,3
2003-11-04 04:30:00,19,-14.0,-13.999900044109609,0.056522725355074736,-15.0,5,36,6,3
2003-11-04 05:30:00,19,-15.0,-14.999878818613787,0.056522725355074736,-12.0,5,36,6,3
2003-11-04 06:30:00,19,14.0,13.999828242946734,0.056522725355074736,-12.0,5,36,6,3
2003-11-04 07:30:00,19,10.0,9.999820713691186,0.056522725355074736,-14.0,5,36,6,3
2003-11-04 08:30:00,19,6.0,5.999839927900716,0.056522725355074736,-15.0,5,36,6,3
2003-11-04 09:30:00,19,-15.0,-14.999930143494367,0.056522725355074736,14.0,5,36,6,3
2003-11-04 10:30:00,19,-69.0,-68.99950623796039,0.056522725355074736,10.0,5,36,6,3
2003-11-04 11:30:00,19,-63.0,-62.999617872973786,0.056522725355074736,6.0,5,36,6,3
2003-11-04 12:30:00,19,-55.0,-55.00042050350139,0.056522725355074736,-15.0,5,36,6,3
2003-11-04 13:30:00,19,-58.0,-58.000075661416965,0.056522725355074736,-69.0,5,36,6,3
2003-11-04 14:30:00,19,-61.0,-61.000009177435494,0.056522725355074736,-63.0,5,36,6,3
2003-11-04 15:30:00,19,-59.0,-59.00001734344542,0.056522725355074736,-55.0,5,36,6,3
2003-11-04 16:30:00,19,-55.0,-55.000074801102166,0.056522725355074736,-58.0,5,36,6,3
2003-11-04 17:30:00,19,-50.0,-50.000147102326416,0.056522725355074736,-61.0,5,36,6,3
2003-11-04 18:30:00,19,-45.0,-45.00016587901214,0.056522725355074736,-59.0,5,36,6,3
2003-11-04 19:30:00,19,-41.0,-41.00016414930954,0.056522725355074736,-55.0,5,36,6,3
2003-11-04 20:30:00,19,-39.0,-39.000121373753764,0.056522725355074736,-50.0,5,36,6,3
2003-11-04 21:30:00,19,-36.0,-36.00010318049087,0.056522725355074736,-45.0,5,36,6,3
2003-11-04 22:30:00,19,-39.0,-39.00002539636506,0.056522725355074736,-41.0,5,36,6,3
2003-11-04 23:30:00,19,-42.0,-41.999960459094595,0.056522725355074736,-39.0,5,36,6,3
2003-11-05 00:30:00,19,-41.0,-40.99993165885134,0.056522725355074736,-36.0,5,36,6,3
2003-11-05 01:30:00,19,-36.0,-35.999993034048636,0.056522725355074736,-39.0,5,36,6,3
2003-11-05 02:30:00,19,-31.0,-31.000033469213342,0.056522725355074736,-42.0,5,36,6,3
2003-11-05 03:30:00,19,-31.0,-31.000032299923824,0.056522725355074736,-41.0,5,36,6,3
2003-11-05 04:30:00,19,-31.0,-31.000007212747185,0.056522725355074736,-36.0,5,36,6,3
2003-11-05 05:30:00,19,-30.0,-29.999990509932456,0.056522725355074736,-31.0,5,36,6,3
2003-11-05 06:30:00,19,-27.0,-27.000021170341647,0.056522725355074736,-31.0,5,36,6,3
2003-11-05 07:30:00,19,-24.0,-24.000046753101536,0.056522725355074736,-31.0,5,36,6,3
2003-11-05 08:30:00,19,-25.0,-25.00003210773553,0.056522725355074736,-30.0,5,36,6,3
2003-11-05 09:30:00,19,-28.0,-27.999995836897927,0.056522725355074736,-27.0,5,36,6,3
2003-11-05 10:30:00,19,-29.0,-28.99996203242834,0.056522725355074736,-24.0,5,36,6,3
2003-11-05 11:30:00,19,-28.0,-27.999972440071797,0.056522725355074736,-25.0,5,36,6,3
2003-11-05 12:30:00,19,-27.0,-26.999990621355096,0.056522725355074736,-28.0,5,36,6,3
2003-11-05 13:30:00,19,-25.0,-25.000016454421765,0.056522725355074736,-29.0,5,36,6,3
2003-11-05 14:30:00,19,-22.0,-22.000041789780266,0.056522725355074736,-28.0,5,36,6,3
2003-11-05 15:30:00,19,-19.0,-19.000067681072178,0.056522725355074736,-27.0,5,36,6,3
2003-11-05 16:30:00,19,-17.0,-17.000076196535417,0.056522725355074736,-25.0,5,36,6,3
2003-11-05 17:30:00,19,-16.0,-16.00007673051281,0.056522725355074736,-22.0,5,36,6,3
2003-11-05 18:30:00,19,-17.0,-17.0000408561151,0.056522725355074736,-19.0,5,36,6,3
2003-11-05 19:30:00,19,-12.0,-12.000085443269157,0.056522725355074736,-17.0,5,36,6,3
2003-11-05 20:30:00,19,-17.0,-17.000026722114008,0.056522725355074736,-16.0,5,36,6,3
2003-11-05 21:30:00,19,-18.0,-18.000004423203396,0.056522725355074736,-17.0,5,36,6,3
2003-11-05 22:30:00,19,-17.0,-17.000005586609504,0.056522725355074736,-12.0,5,36,6,3
2003-11-05 23:30:00,19,-22.0,-21.999985614889844,0.056522725355074736,-17.0,5,36,6,3
2003-11-06 00:30:00,19,-24.0,-23.99999895533707,0.056522725355074736,-18.0,5,36,6,3
2003-11-06 01:30:00,19,-24.0,-23.999980988626938,0.056522725355074736,-17.0,5,36,6,3
2003-11-06 02:30:00,19,-21.0,-21.000040163191443,0.056522725355074736,-22.0,5,36,6,3
2003-11-06 03:30:00,19,-21.0,-21.000038708092966,0.056522725355074736,-24.0,5,36,6,3
2003-11-06 04:30:00,19,-25.0,-24.99999558527014,0.056522725355074736,-24.0,5,36,6,3
2003-11-06 05:30:00,19,-25.0,-24.999976313626227,0.056522725355074736,-21.0,5,36,6,3
2003-11-06 06:30:00,19,-20.0,-20.000026359956003,0.056522725355074736,-21.0,5,36,6,3
2003-11-06 07:30:00,19,-17.0,-17.000081912107902,0.056522725355074736,-25.0,5,36,6,3
2003-11-06 08:30:00,19,-16.0,-16.000060853480086,0.056522725355074736,-25.0,5,36,6,3
2003-11-06 09:30:00,19,-14.0,-14.000054634173125,0.056522725355074736,-20.0,5,36,6,3
2003-11-06 10:30:00,19,-15.0,-15.0000307996361,0.056522725355074736,-17.0,5,36,6,3
2003-11-06 11:30:00,19,-13.0,-13.000044961439908,0.056522725355074736,-16.0,5,36,6,3
2003-11-06 12:30:00,19,-12.0,-12.000040806481902,0.056522725355074736,-14.0,5,36,6,3
2003-11-06 13:30:00,19,-11.0,-11.000035457822968,0.056522725355074736,-15.0,5,36,6,3
2003-11-06 14:30:00,19,-7.0,-7.000083151005004,0.056522725355074736,-13.0,5,36,6,3
2003-11-06 15:30:00,19,-5.0,-5.0000776170381265,0.056522725355074736,-12.0,5,36,6,3
2003-11-06 16:30:00,19,-10.0,-10.000034161254913,0.056522725355074736,-11.0,5,36,6,3
2003-11-06 17:30:00,19,-10.0,-10.000015472353038,0.056522725355074736,-7.0,5,36,6,3
2003-11-06 18:30:00,19,-9.0,-9.000032874401509,0.056522725355074736,-5.0,5,36,6,3
2003-11-06 19:30:00,19,-1.0,-1.000100134137174,0.056522725355074736,-10.0,5,36,6,3
2003-11-06 20:30:00,19,5.0,4.999839036496425,0.056522725355074736,-10.0,5,36,6,3
2003-11-06 21:30:00,19,-9.0,-9.00001419145579,0.056522725355074736,-9.0,5,36,6,3
2003-11-06 22:30:00,19,-21.0,-20.99993171962602,0.056522725355074736,-1.0,5,36,6,3
2003-11-06 23:30:00,19,-18.0,-18.000050767825904,0.056522725355074736,5.0,5,36,6,3
2003-11-07 00:30:00,19,-16.0,-16.000040893897506,0.056522725355074736,-9.0,5,36,6,3
2003-11-07 01:30:00,19,-20.0,-20.000244715890588,0.056522725355074736,-21.0,5,36,6,3
2003-11-07 02:30:00,19,-15.0,-15.000070795692618,0.056522725355074736,-18.0,5,36,6,3
2003-11-07 03:30:00,19,-10.0,-10.000082940184491,0.056522725355074736,-16.0,5,36,6,3
2003-11-07 04:30:00,19,-14.0,-14.000067809819402,0.056522725355074736,-20.0,5,36,6,3
2003-11-07 05:30:00,19,-15.0,-15.000019791457863,0.056522725355074736,-15.0,5,36,6,3
2003-11-07 06:30:00,19,-14.0,-14.000016703483155,0.056522725355074736,-10.0,5,36,6,3
2003-11-07 07:30:00,19,-12.0,-12.000053690274648,0.056522725355074736,-14.0,5,36,6,3
2003-11-07 08:30:00,19,-11.0,-11.00003836590096,0.056522725355074736,-15.0,5,36,6,3
2003-11-07 09:30:00,19,-15.0,-14.999998163188675,0.056522725355074736,-14.0,5,36,6,3
2003-11-07 10:30:00,19,-13.0,-12.999999980480261,0.056522725355074736,-12.0,5,36,6,3
2003-11-07 11:30:00,19,-11.0,-11.00001722827033,0.056522725355074736,-11.0,5,36,6,3
2003-11-07 12:30:00,19,-8.0,-8.00004795512525,0.056522725355074736,-15.0,5,36,6,3
2003-11-07 13:30:00,19,-8.0,-8.000041221573845,0.056522725355074736,-13.0,5,36,6,3
2003-11-07 14:30:00,19,-7.0,-7.000040565411304,0.056522725355074736,-11.0,5,36,6,3
2003-11-07 15:30:00,19,-7.0,-7.000023722271411,0.056522725355074736,-8.0,5,36,6,3
2003-11-07 16:30:00,19,-6.0,-6.000025515641326,0.056522725355074736,-8.0,5,36,6,3
2003-11-07 17:30:00,19,-4.0,-4.0000402762875495,0.056522725355074736,-7.0,5,36,6,3
2003-11-07 18:30:00,19,-3.0,-3.0000577122436596,0.056522725355074736,-7.0,5,36,6,3
2003-11-07 19:30:00,19,-4.0,-4.000021078305306,0.056522725355074736,-6.0,5,36,6,3
2003-11-07 20:30:00,19,-4.0,-4.000011209902038,0.056522725355074736,-4.0,5,36,6,3
2003-11-07 21:30:00,19,-3.0,-3.0000261112132662,0.056522725355074736,-3.0,5,36,6,3
2003-11-07 22:30:00,19,-1.0,-1.0000281359408767,0.056522725355074736,-4.0,5,36,6,3
2003-11-07 23:30:00,19,-3.0,-3.000001966734505,0.056522725355074736,-4.0,5,36,6,3
2003-11-08 00:30:00,19,-5.0,-4.999967171314665,0.056522725355074736,-3.0,5,36,6,3
2003-11-08 01:30:00,19,-3.0,-2.9999905254181307,0.056522725355074736,-1.0,5,36,6,3
2003-11-08 02:30:00,19,3.0,2.999940692897205,0.056522725355074736,-3.0,5,36,6,3
2003-11-08 03:30:00,19,5.0,4.999932963951295,0.056522725355074736,-5.0,5,36,6,3
2003-11-08 04:30:00,19,4.0,3.9999493048797206,0.056522725355074736,-3.0,5,36,6,3
2003-11-08 05:30:00,19,3.0,2.999971828924302,0.056522725355074736,3.0,5,36,6,3
2003-11-08 06:30:00,19,3.0,2.9999792720595906,0.056522725355074736,5.0,5,36,6,3
2003-11-08 07:30:00,19,4.0,3.999972038925577,0.056522725355074736,4.0,5,36,6,3
2003-11-08 08:30:00,19,5.0,4.999947411669744,0.056522725355074736,3.0,5,36,6,3
2003-11-08 09:30:00,19,5.0,4.999969121911022,0.056522725355074736,3.0,5,36,6,3
2003-11-08 10:30:00,19,6.0,5.999940358516348,0.056522725355074736,4.0,5,36,6,3
2003-11-08 11:30:00,19,5.0,4.999979432454808,0.056522725355074736,5.0,5,36,6,3
2003-11-08 12:30:00,19,11.0,10.999900761222321,0.056522725355074736,5.0,5,36,6,3
2003-11-08 13:30:00,19,15.0,14.999852883154531,0.056522725355074736,6.0,5,36,6,3
2003-11-08 14:30:00,19,21.0,20.99982119543617,0.056522725355074736,5.0,5,36,6,3
2003-11-08 15:30:00,19,12.0,11.999928022826445,0.056522725355074736,11.0,5,36,6,3
2003-11-08 16:30:00,19,7.0,6.9999860146489965,0.056522725355074736,15.0,5,36,6,3
2003-11-08 17:30:00,19,4.0,3.9999060097352626,0.056522725355074736,21.0,5,36,6,3
2003-11-08 18:30:00,19,5.0,5.00000004934342,0.056522725355074736,12.0,5,36,6,3
2003-11-08 19:30:00,19,-5.0,-4.999886968125715,0.056522725355074736,7.0,5,36,6,3
2003-11-08 20:30:00,19,-5.0,-4.99994331930014,0.056522725355074736,4.0,5,36,6,3
2003-11-08 21:30:00,19,2.0,1.9999414282418329,0.056522725355074736,5.0,5,36,6,3
2003-11-08 22:30:00,19,1.0,0.999984719987637,0.056522725355074736,-5.0,5,36,6,3
2003-11-08 23:30:00,19,2.0,1.9999653602429817,0.056522725355074736,-5.0,5,36,6,3
2003-11-09 00:30:00,19,2.0,1.9999435949906044,0.056522725355074736,2.0,5,36,6,3
2004-10-30 20:30:00,23,-15.0,-7.050633822913621,12.818823157023093,1.0,5,36,6,3
2004-10-30 21:30:00,23,-24.0,-7.02633104980643,12.818823157023093,2.0,5,36,6,3
2004-10-30 22:30:00,23,-23.0,-8.969587253827267,12.818823157023093,2.0,5,36,6,3
2004-10-30 23:30:00,23,-17.0,-23.068990337333776,12.818823157023093,-15.0,5,36,6,3
2004-10-31 00:30:00,23,-9.0,-19.767894551818088,12.818823157023093,-24.0,5,36,6,3
2004-10-31 01:30:00,23,-7.0,-19.76270529006593,12.818823157023093,-23.0,5,36,6,3
2004-10-31 02:30:00,23,-15.0,-16.259264938978248,12.818823157023093,-17.0,5,36,6,3
2004-10-31 03:30:00,23,-14.0,-12.872929466961715,12.818823157023093,-9.0,5,36,6,3
2004-10-31 04:30:00,23,-9.0,-11.89148757107484,12.818823157023093,-7.0,5,36,6,3
2004-10-31 05:30:00,23,-4.0,-16.642765931794628,12.818823157023093,-15.0,5,36,6,3
2004-10-31 06:30:00,23,-4.0,-12.823103932314634,12.818823157023093,-14.0,5,36,6,3
2004-10-31 07:30:00,23,-6.0,-10.425324440676356,12.818823157023093,-9.0,5,36,6,3
2004-10-31 08:30:00,23,-4.0,-8.19481700262659,12.818823157023093,-4.0,5,36,6,3
2004-10-31 09:30:00,23,-4.0,-7.950584371318136,12.818823157023093,-4.0,5,36,6,3
2004-10-31 10:30:00,23,-13.0,-8.077887793267926,12.818823157023093,-6.0,5,36,6,3
2004-10-31 11:30:00,23,-16.0,-4.772490794117164,12.818823157023093,-4.0,5,36,6,3
2004-10-31 12:30:00,23,-18.0,-11.608017007913322,12.818823157023093,-4.0,5,36,6,3
2004-10-31 13:30:00,23,-20.0,-11.370821942387131,12.818823157023093,-13.0,5,36,6,3
2004-10-31 14:30:00,23,-18.0,-18.349676320187655,12.818823157023093,-16.0,5,36,6,3
2004-10-31 15:30:00,23,-16.0,-22.675500958656755,12.818823157023093,-18.0,5,36,6,3
2004-10-31 16:30:00,23,-14.0,-17.925001795496016,12.818823157023093,-20.0,5,36,6,3
2004-10-31 17:30:00,23,-14.0,-17.381417196835024,12.818823157023093,-18.0,5,36,6,3
2004-10-31 18:30:00,23,-12.0,-15.933747884020548,12.818823157023093,-16.0,5,36,6,3
2004-10-31 19:30:00,23,-14.0,-15.978251596334886,12.818823157023093,-14.0,5,36,6,3
2004-10-31 20:30:00,23,-13.0,-12.767525484015838,12.818823157023093,-14.0,5,36,6,3
2004-10-31 21:30:00,23,-16.0,-14.154042337777174,12.818823157023093,-12.0,5,36,6,3
2004-10-31 22:30:00,23,-16.0,-14.728238730998552,12.818823157023093,-14.0,5,36,6,3
2004-10-31 23:30:00,23,-19.0,-17.87671094594448,12.818823157023093,-13.0,5,36,6,3
2004-11-01 00:30:00,23,-19.0,-18.385165913022238,12.818823157023093,-16.0,5,36,6,3
2004-11-01 01:30:00,23,-16.0,-16.951057655374406,12.818823157023093,-16.0,5,36,6,3
2004-11-01 02:30:00,23,-14.0,-16.88187719823366,12.818823157023093,-19.0,5,36,6,3
2004-11-01 03:30:00,23,-12.0,-14.648933016503396,12.818823157023093,-19.0,5,36,6,3
2004-11-01 04:30:00,23,-8.0,-12.74179148772965,12.818823157023093,-16.0,5,36,6,3
2004-11-01 05:30:00,23,-7.0,-14.18923232214507,12.818823157023093,-14.0,5,36,6,3
2004-11-01 06:30:00,23,-7.0,-13.479108525137818,12.818823157023093,-12.0,5,36,6,3
2004-11-01 07:30:00,23,-5.0,-8.956188935633538,12.818823157023093,-8.0,5,36,6,3
2004-11-01 08:30:00,23,-6.0,-9.482006105582993,12.818823157023093,-7.0,5,36,6,3
2004-11-01 09:30:00,23,-8.0,-7.030120342500215,12.818823157023093,-7.0,5,36,6,3
2004-11-01 10:30:00,23,-8.0,-6.446008848942423,12.818823157023093,-5.0,5,36,6,3
2004-11-01 11:30:00,23,-10.0,-6.149784449109042,12.818823157023093,-6.0,5,36,6,3
2004-11-01 12:30:00,23,-9.0,-6.757101588367238,12.818823157023093,-8.0,5,36,6,3
2004-11-01 13:30:00,23,-9.0,-10.362934749537757,12.818823157023093,-8.0,5,36,6,3
2004-11-01 14:30:00,23,-7.0,-8.297201190883051,12.818823157023093,-10.0,5,36,6,3
2004-11-01 15:30:00,23,-7.0,-8.570702767293284,12.818823157023093,-9.0,5,36,6,3
2004-11-01 16:30:00,23,-1.0,-9.666146762482985,12.818823157023093,-9.0,5,36,6,3
2004-11-01 17:30:00,23,-1.0,-8.511216476187979,12.818823157023093,-7.0,5,36,6,3
2004-11-01 18:30:00,23,-4.0,-7.47599378280243,12.818823157023093,-7.0,5,36,6,3
2004-11-01 19:30:00,23,-2.0,-4.575917463577948,12.818823157023093,-1.0,5,36,6,3
2004-11-01 20:30:00,23,-1.0,-3.816088837492927,12.818823157023093,-1.0,5,36,6,3
2004-11-01 21:30:00,23,-2.0,-4.046205383561556,12.818823157023093,-4.0,5,36,6,3
2004-11-01 22:30:00,23,-3.0,-2.7122708934321444,12.818823157023093,-2.0,5,36,6,3
2004-11-01 23:30:00,23,-3.0,-2.284988266260708,12.818823157023093,-1.0,5,36,6,3
2004-11-02 00:30:00,23,-3.0,-2.9999933187426215,0.056522725355074736,-2.0,5,36,6,3
2004-11-02 01:30:00,23,-5.0,-4.999968703607852,0.056522725355074736,-3.0,5,36,6,3
2004-11-02 02:30:00,23,-4.0,-4.00000707285065,0.056522725355074736,-3.0,5,36,6,3
2004-11-02 03:30:00,23,-5.0,-4.999995977953461,0.056522725355074736,-3.0,5,36,6,3
2004-11-02 04:30:00,23,-7.0,-6.9999648084757204,0.056522725355074736,-5.0,5,36,6,3
2004-11-02 05:30:00,23,-7.0,-6.999959425762242,0.056522725355074736,-4.0,5,36,6,3
2004-11-02 06:30:00,23,-6.0,-5.999976412109671,0.056522725355074736,-5.0,5,36,6,3
2004-11-02 07:30:00,23,-4.0,-3.999999677074065,0.056522725355074736,-7.0,5,36,6,3
2004-11-02 08:30:00,23,-2.0,-2.0000114576774166,0.056522725355074736,-7.0,5,36,6,3
2004-11-02 09:30:00,23,-3.0,-2.999999004130064,0.056522725355074736,-6.0,5,36,6,3
2004-11-02 10:30:00,23,-4.0,-3.9999799610655558,0.056522725355074736,-4.0,5,36,6,3
2004-11-02 11:30:00,23,-2.0,-2.000010707851672,0.056522725355074736,-2.0,5,36,6,3
2004-11-02 12:30:00,23,-2.0,-2.000019098783824,0.056522725355074736,-3.0,5,36,6,3
2004-11-02 13:30:00,23,1.0,0.9999524323307867,0.056522725355074736,-4.0,5,36,6,3
2004-11-02 14:30:00,23,-1.0,-1.0000216334625343,0.056522725355074736,-2.0,5,36,6,3
2004-11-02 15:30:00,23,-4.0,-3.9999976052799866,0.056522725355074736,-2.0,5,36,6,3
2004-11-02 16:30:00,23,-6.0,-5.999967591635727,0.056522725355074736,1.0,5,36,6,3
2004-11-02 17:30:00,23,-5.0,-5.000035067654089,0.056522725355074736,-1.0,5,36,6,3
2004-11-02 18:30:00,23,0.0,-0.00010666901085443214,0.056522725355074736,-4.0,5,36,6,3
2004-11-02 19:30:00,23,3.0,2.999889351278611,0.056522725355074736,-6.0,5,36,6,3
2004-11-02 20:30:00,23,2.0,1.9999106631936527,0.056522725355074736,-5.0,5,36,6,3
2004-11-02 21:30:00,23,1.0,0.9999667265867984,0.056522725355074736,0.0,5,36,6,3
2004-11-02 22:30:00,23,-1.0,-0.9999961667916821,0.056522725355074736,3.0,5,36,6,3
2004-11-02 23:30:00,23,0.0,-3.449830934698639e-06,0.056522725355074736,2.0,5,36,6,3
2004-11-03 00:30:00,23,2.0,1.9999767855080037,0.056522725355074736,1.0,5,36,6,3
2004-11-03 01:30:00,23,3.0,2.9999616742229236,0.056522725355074736,-1.0,5,36,6,3
2004-11-03 02:30:00,23,3.0,2.9999718026210687,0.056522725355074736,0.0,5,36,6,3
2004-11-03 03:30:00,23,3.0,2.999986154539627,0.056522725355074736,2.0,5,36,6,3
2004-11-03 04:30:00,23,4.0,3.999987401082045,0.056522725355074736,3.0,5,36,6,3
2004-11-03 05:30:00,23,6.0,5.999956597988373,0.056522725355074736,3.0,5,36,6,3
2004-11-03 06:30:00,23,8.0,7.999962123952109,0.056522725355074736,3.0,5,36,6,3
2004-11-03 07:30:00,23,8.0,7.999968187820791,0.056522725355074736,4.0,5,36,6,3
2004-11-03 08:30:00,23,8.0,7.999980965773723,0.056522725355074736,6.0,5,36,6,3
2004-11-03 09:30:00,23,7.0,7.000000980052775,0.056522725355074736,8.0,5,36,6,3
2004-11-03 10:30:00,23,4.0,4.000030575564033,0.056522725355074736,8.0,5,36,6,3
2004-11-03 11:30:00,23,3.0,3.0000479689075306,0.056522725355074736,8.0,5,36,6,3
2004-11-03 12:30:00,23,1.0,1.0000461558048315,0.056522725355074736,7.0,5,36,6,3
2004-11-03 13:30:00,23,7.0,6.999943591567039,0.056522725355074736,4.0,5,36,6,3
2004-11-03 14:30:00,23,12.0,11.999914452117594,0.056522725355074736,3.0,5,36,6,3
2004-11-03 15:30:00,23,14.0,13.999923589499126,0.056522725355074736,1.0,5,36,6,3
2004-11-03 16:30:00,23,14.0,13.999921779124676,0.056522725355074736,7.0,5,36,6,3
2004-11-03 17:30:00,23,7.0,7.000010243886514,0.056522725355074736,12.0,5,36,6,3
2004-11-03 18:30:00,23,3.0,3.0000651524607704,0.056522725355074736,14.0,5,36,6,3
2004-11-03 19:30:00,23,3.0,2.9999779181961372,0.056522725355074736,14.0,5,36,6,3
2004-11-03 20:30:00,23,-7.0,-6.999967241150866,0.056522725355074736,7.0,5,36,6,3
2004-11-03 21:30:00,23,-19.0,-18.99977258965029,0.056522725355074736,3.0,5,36,6,3
2004-11-03 22:30:00,23,-17.0,-16.999931571974884,0.056522725355074736,3.0,5,36,6,3
2004-11-03 23:30:00,23,-12.0,-12.000114609428241,0.056522725355074736,-7.0,5,36,6,3
2004-11-04 00:30:00,23,-3.0,-3.0002141198459604,0.056522725355074736,-19.0,5,36,6,3
2004-11-04 01:30:00,23,-3.0,-3.000057350118663,0.056522725355074736,-17.0,5,36,6,3
2004-11-04 02:30:00,23,-7.0,-7.000025765313882,0.056522725355074736,-12.0,5,36,6,3
2004-11-04 03:30:00,23,-9.0,-8.999978509827887,0.056522725355074736,-3.0,5,36,6,3
2004-11-04 04:30:00,23,-8.0,-7.999988237880078,0.056522725355074736,-3.0,5,36,6,3
2004-11-04 05:30:00,23,-9.0,-8.999990114542026,0.056522725355074736,-7.0,5,36,6,3
2004-11-04 06:30:00,23,-11.0,-10.999989183601315,0.056522725355074736,-9.0,5,36,6,3
2004-11-04 07:30:00,23,-13.0,-12.999941425492455,0.056522725355074736,-8.0,5,36,6,3
2004-11-04 08:30:00,23,-10.0,-9.999990332977198,0.056522725355074736,-9.0,5,36,6,3
2004-11-04 09:30:00,23,-5.0,-5.000025687182649,0.056522725355074736,-11.0,5,36,6,3
2004-11-04 10:30:00,23,-2.0,-2.0000662440526966,0.056522725355074736,-13.0,5,36,6,3
2004-11-04 11:30:00,23,0.0,-8.30598915513292e-05,0.056522725355074736,-10.0,5,36,6,3
2004-11-04 12:30:00,23,1.0,0.9999279287689973,0.056522725355074736,-5.0,5,36,6,3
2004-11-04 13:30:00,23,-1.0,-1.0000359242205725,0.056522725355074736,-2.0,5,36,6,3
2004-11-04 14:30:00,23,-2.0,-2.000007997337839,0.056522725355074736,0.0,5,36,6,3
2004-11-04 15:30:00,23,0.0,-2.3505186753425278e-05,0.056522725355074736,1.0,5,36,6,3
2004-11-04 16:30:00,23,-1.0,-1.0000446637868912,0.056522725355074736,-1.0,5,36,6,3
2004-11-04 17:30:00,23,-9.0,-8.999937490517201,0.056522725355074736,-2.0,5,36,6,3
2004-11-04 18:30:00,23,-13.0,-12.999878175523378,0.056522725355074736,0.0,5,36,6,3
2004-11-04 19:30:00,23,-12.0,-11.999920585438115,0.056522725355074736,-1.0,5,36,6,3
2004-11-04 20:30:00,23,-7.0,-7.000004704507933,0.056522725355074736,-9.0,5,36,6,3
2004-11-04 21:30:00,23,-4.0,-4.000055130734324,0.056522725355074736,-13.0,5,36,6,3
2004-11-04 22:30:00,23,-1.0,-1.0000683859006188,0.056522725355074736,-12.0,5,36,6,3
2004-11-04 23:30:00,23,-5.0,-5.000008889688008,0.056522725355074736,-7.0,5,36,6,3
2004-11-05 00:30:00,23,-8.0,-7.999981102629395,0.056522725355074736,-4.0,5,36,6,3
2004-11-05 01:30:00,23,-6.0,-5.999997945132545,0.056522725355074736,-1.0,5,36,6,3
2004-11-05 02:30:00,23,-5.0,-5.00002319014488,0.056522725355074736,-5.0,5,36,6,3
2004-11-05 03:30:00,23,-6.0,-5.9999807853723865,0.056522725355074736,-8.0,5,36,6,3
2004-11-05 04:30:00,23,-5.0,-4.999987775014677,0.056522725355074736,-6.0,5,36,6,3
2004-11-05 05:30:00,23,-4.0,-4.000006093671935,0.056522725355074736,-5.0,5,36,6,3
2004-11-05 06:30:00,23,-4.0,-3.9999902356072674,0.056522725355074736,-6.0,5,36,6,3
2004-11-05 07:30:00,23,-3.0,-3.000005513012084,0.056522725355074736,-5.0,5,36,6,3
2004-11-05 08:30:00,23,-2.0,-2.000019832044149,0.056522725355074736,-4.0,5,36,6,3
2004-11-05 09:30:00,23,0.0,-1.800235138205153e-05,0.056522725355074736,-4.0,5,36,6,3
2004-11-05 10:30:00,23,1.0,0.9999747959894805,0.056522725355074736,-3.0,5,36,6,3
2004-11-05 11:30:00,23,0.0,-7.436241801883625e-06,0.056522725355074736,-2.0,5,36,6,3
2004-11-05 12:30:00,23,-3.0,-2.999968145937949,0.056522725355074736,0.0,5,36,6,3
2004-11-05 13:30:00,23,-3.0,-2.9999540382791885,0.056522725355074736,1.0,5,36,6,3
2004-11-05 14:30:00,23,-3.0,-2.9999563356604817,0.056522725355074736,0.0,5,36,6,3
2004-11-05 15:30:00,23,-2.0,-1.9999865048845145,0.056522725355074736,-3.0,5,36,6,3
2004-11-05 16:30:00,23,0.0,-4.216852552474393e-06,0.056522725355074736,-3.0,5,36,6,3
2004-11-05 17:30:00,23,-1.0,-1.0000016366786184,0.056522725355074736,-3.0,5,36,6,3
2004-11-05 18:30:00,23,-1.0,-0.9999997975681971,0.056522725355074736,-2.0,5,36,6,3
2004-11-05 19:30:00,23,1.0,0.999981101873729,0.056522725355074736,0.0,5,36,6,3
2004-11-05 20:30:00,23,2.0,1.9999712927352107,0.056522725355074736,-1.0,5,36,6,3
2004-11-05 21:30:00,23,4.0,3.9999492180859164,0.056522725355074736,-1.0,5,36,6,3
2004-11-05 22:30:00,23,4.0,3.99997133591053,0.056522725355074736,1.0,5,36,6,3
2004-11-05 23:30:00,23,5.0,4.999962683080028,0.056522725355074736,2.0,5,36,6,3
2004-11-06 00:30:00,23,6.0,5.999951822868368,0.056522725355074736,4.0,5,36,6,3
2004-11-06 01:30:00,23,6.0,5.999962912323824,0.056522725355074736,4.0,5,36,6,3
2004-11-06 02:30:00,23,6.0,5.999971211180203,0.056522725355074736,5.0,5,36,6,3
2004-11-06 03:30:00,23,5.0,4.999995431238183,0.056522725355074736,6.0,5,36,6,3
2004-11-06 04:30:00,23,4.0,4.000003847024892,0.056522725355074736,6.0,5,36,6,3
2004-11-06 05:30:00,23,6.0,5.999978258188214,0.056522725355074736,6.0,5,36,6,3
2004-11-06 06:30:00,23,7.0,6.999973246053699,0.056522725355074736,5.0,5,36,6,3
2004-11-06 07:30:00,23,7.0,6.999970279302005,0.056522725355074736,4.0,5,36,6,3
2004-11-06 08:30:00,23,6.0,5.999981714388483,0.056522725355074736,6.0,5,36,6,3
2004-11-06 09:30:00,23,6.0,5.999987446800844,0.056522725355074736,7.0,5,36,6,3
2004-11-06 10:30:00,23,6.0,5.999986675814121,0.056522725355074736,7.0,5,36,6,3
2004-11-06 11:30:00,23,6.0,5.999981567398123,0.056522725355074736,6.0,5,36,6,3
2004-11-06 12:30:00,23,7.0,6.9999730407822724,0.056522725355074736,6.0,5,36,6,3
2004-11-06 13:30:00,23,7.0,6.999976892596031,0.056522725355074736,6.0,5,36,6,3
2004-11-06 14:30:00,23,5.0,4.999995231938293,0.056522725355074736,6.0,5,36,6,3
2004-11-06 15:30:00,23,5.0,5.000001241957101,0.056522725355074736,7.0,5,36,6,3
2004-11-06 16:30:00,23,4.0,4.000013455722012,0.056522725355074736,7.0,5,36,6,3
2004-11-06 17:30:00,23,5.0,5.000002800553524,0.056522725355074736,5.0,5,36,6,3
2004-11-06 18:30:00,23,6.0,5.9999894263942934,0.056522725355074736,5.0,5,36,6,3
2004-11-06 19:30:00,23,1.0,1.00003325845352,0.056522725355074736,4.0,5,36,6,3
2004-11-06 20:30:00,23,2.0,2.0000306617757104,0.056522725355074736,5.0,5,36,6,3
2004-11-06 21:30:00,23,5.0,4.999976219219491,0.056522725355074736,6.0,5,36,6,3
2004-11-06 22:30:00,23,7.0,6.9999580422203564,0.056522725355074736,1.0,5,36,6,3
2004-11-06 23:30:00,23,10.0,9.999928781717479,0.056522725355074736,2.0,5,36,6,3
2004-11-07 00:30:00,23,12.0,11.999930023904582,0.056522725355074736,5.0,5,36,6,3
2004-11-07 01:30:00,23,9.0,8.999978151097757,0.056522725355074736,7.0,5,36,6,3
2004-11-07 02:30:00,23,8.0,7.99997101775368,0.056522725355074736,10.0,5,36,6,3
2004-11-07 03:30:00,23,19.0,18.999887821439756,0.056522725355074736,12.0,5,36,6,3
2004-11-07 04:30:00,23,14.0,13.999937180740112,0.056522725355074736,9.0,5,36,6,3
2004-11-07 05:30:00,23,16.0,15.999929873012064,0.056522725355074736,8.0,5,36,6,3
2004-11-07 06:30:00,23,17.0,16.999918727172258,0.056522725355074736,19.0,5,36,6,3
2004-11-07 07:30:00,23,16.0,15.999948471490647,0.056522725355074736,14.0,5,36,6,3
2004-11-07 08:30:00,23,17.0,16.99994787091785,0.056522725355074736,16.0,5,36,6,3
2004-11-07 09:30:00,23,16.0,15.999966001856976,0.056522725355074736,17.0,5,36,6,3
2004-11-07 10:30:00,23,25.0,24.999864494989076,0.056522725355074736,16.0,5,36,6,3
2004-11-07 11:30:00,23,50.0,49.99964119896568,0.056522725355074736,17.0,5,36,6,3
2004-11-07 12:30:00,23,55.0,54.999595687856576,0.056522725355074736,16.0,5,36,6,3
2004-11-07 13:30:00,23,44.0,43.999731986861796,0.056522725355074736,25.0,5,36,6,3
2004-11-07 14:30:00,23,43.0,42.99982950451717,0.056522725355074736,50.0,5,36,6,3
2004-11-07 15:30:00,23,30.0,29.999911553966186,0.056522725355074736,55.0,5,36,6,3
2004-11-07 16:30:00,23,8.0,8.000192987363022,0.056522725355074736,44.0,5,36,6,3
2004-11-07 17:30:00,23,-15.0,-14.99958335210157,0.056522725355074736,43.0,5,36,6,3
2004-11-07 18:30:00,23,18.0,17.999535955895368,0.056522725355074736,30.0,5,36,6,3
2004-11-07 19:30:00,23,61.0,60.9993711434636,0.056522725355074736,8.0,5,36,6,3
2004-11-07 20:30:00,23,22.0,21.99973988859106,0.056522725355074736,-15.0,5,36,6,3
2004-11-07 21:30:00,23,-74.0,-73.99922597543267,0.056522725355074736,18.0,5,36,6,3
2004-11-07 22:30:00,23,-77.0,-76.99917265407238,0.056522725355074736,61.0,5,36,6,3
2004-11-07 23:30:00,23,-117.0,-116.99975326828846,0.056522725355074736,22.0,5,36,6,3
2004-11-08 00:30:00,23,-179.0,-178.99988757138715,0.056522725355074736,-74.0,5,36,6,3
2004-11-08 01:30:00,23,-186.0,-185.99933236091718,0.056522725355074736,-77.0,5,36,6,3
2004-11-08 02:30:00,23,-224.0,-224.00049438791032,0.056522725355074736,-117.0,5,36,6,3
2004-11-08 03:30:00,23,-272.0,-271.99998435685006,0.056522725355074736,-179.0,5,36,6,3
2004-11-08 04:30:00,23,-342.0,-341.9994634119927,0.056522725355074736,-186.0,5,36,6,3
2004-11-08 05:30:00,23,-368.0,-367.99952481898845,0.056522725355074736,-224.0,5,36,6,3
2004-11-08 06:30:00,23,-374.0,-373.9995942454097,0.056522725355074736,-272.0,5,36,6,3
2004-11-08 07:30:00,23,-343.0,-343.0000567815628,0.056522725355074736,-342.0,5,36,6,3
2004-11-08 08:30:00,23,-320.0,-319.9998533558198,0.056522725355074736,-368.0,5,36,6,3
2004-11-08 09:30:00,23,-299.0,-298.99990764973404,0.056522725355074736,-374.0,5,36,6,3
2004-11-08 10:30:00,23,-234.0,-234.00015877205587,0.056522725355074736,-343.0,5,36,6,3
2004-11-08 11:30:00,23,-215.0,-215.00011057478713,0.056522725355074736,-320.0,5,36,6,3
2004-11-08 12:30:00,23,-181.0,-181.00026878102204,0.056522725355074736,-299.0,5,36,6,3
2004-11-08 13:30:00,23,-168.0,-168.0000638116826,0.056522725355074736,-234.0,5,36,6,3
2004-11-08 14:30:00,23,-160.0,-159.99999225598648,0.056522725355074736,-215.0,5,36,6,3
2004-11-08 15:30:00,23,-149.0,-148.99991680956236,0.056522725355074736,-181.0,5,36,6,3
2004-11-08 16:30:00,23,-145.0,-144.99986816707857,0.056522725355074736,-168.0,5,36,6,3
2004-11-08 17:30:00,23,-135.0,-134.99990485282484,0.056522725355074736,-160.0,5,36,6,3
2004-11-08 18:30:00,23,-128.0,-127.99992462411555,0.056522725355074736,-149.0,5,36,6,3
2004-11-08 19:30:00,23,-125.0,-124.99993188052795,0.056522725355074736,-145.0,5,36,6,3
2004-11-08 20:30:00,23,-125.0,-124.99989602202416,0.056522725355074736,-135.0,5,36,6,3
2004-11-08 21:30:00,23,-118.0,-117.99996031214653,0.056522725355074736,-128.0,5,36,6,3
2004-11-08 22:30:00,23,-122.0,-121.99991879276246,0.056522725355074736,-125.0,5,36,6,3
2004-11-08 23:30:00,23,-126.0,-125.99987097851061,0.056522725355074736,-125.0,5,36,6,3
2004-11-09 00:30:00,23,-127.0,-126.99982296001659,0.056522725355074736,-118.0,5,36,6,3
2004-11-09 01:30:00,23,-129.0,-128.9998288457632,0.056522725355074736,-122.0,5,36,6,3
2004-11-09 02:30:00,23,-129.0,-128.9998436724971,0.056522725355074736,-126.0,5,36,6,3
2004-11-09 03:30:00,23,-122.0,-121.99992382345462,0.056522725355074736,-127.0,5,36,6,3
2004-11-09 04:30:00,23,-125.0,-124.99990002291423,0.056522725355074736,-129.0,5,36,6,3
2004-11-09 05:30:00,23,-118.0,-117.99995643790157,0.056522725355074736,-129.0,5,36,6,3
2004-11-09 06:30:00,23,-116.0,-115.99993498207351,0.056522725355074736,-122.0,5,36,6,3
2004-11-09 07:30:00,23,-103.0,-103.00008665984026,0.056522725355074736,-125.0,5,36,6,3
2004-11-09 08:30:00,23,-104.0,-104.00003014056571,0.056522725355074736,-118.0,5,36,6,3
2004-11-09 09:30:00,23,-93.0,-93.00011255506173,0.056522725355074736,-116.0,5,36,6,3
2004-11-09 10:30:00,23,-78.0,-78.00018264744396,0.056522725355074736,-103.0,5,36,6,3
2004-11-09 11:30:00,23,-70.0,-70.0002471628401,0.056522725355074736,-104.0,5,36,6,3
2004-11-09 12:30:00,23,-92.0,-91.99995516265341,0.056522725355074736,-93.0,5,36,6,3
2004-11-09 13:30:00,23,-106.0,-105.99976607802839,0.056522725355074736,-78.0,5,36,6,3
2004-11-09 14:30:00,23,-118.0,-117.99963316559558,0.056522725355074736,-70.0,5,36,6,3
2004-11-09 15:30:00,23,-138.0,-137.99961056260395,0.056522725355074736,-92.0,5,36,6,3
2004-11-09 16:30:00,23,-139.0,-138.99969646088485,0.056522725355074736,-106.0,5,36,6,3
2004-11-09 17:30:00,23,-129.0,-128.9998652719309,0.056522725355074736,-118.0,5,36,6,3
2004-11-09 18:30:00,23,-110.0,-110.00015731744506,0.056522725355074736,-138.0,5,36,6,3
2004-11-09 19:30:00,23,-106.0,-106.00014307462328,0.056522725355074736,-139.0,5,36,6,3
2004-11-09 20:30:00,23,-181.0,-180.99933204409837,0.056522725355074736,-129.0,5,36,6,3
2004-11-09 21:30:00,23,-214.0,-213.99890036514404,0.056522725355074736,-110.0,5,36,6,3
2004-11-09 22:30:00,23,-182.0,-181.99941527608826,0.056522725355074736,-106.0,5,36,6,3
2004-11-09 23:30:00,23,-173.0,-173.00000469261718,0.056522725355074736,-181.0,5,36,6,3
2004-11-10 00:30:00,23,-151.0,-150.99981899761647,0.056522725355074736,-214.0,5,36,6,3
2004-11-10 01:30:00,23,-135.0,-135.00001614660323,0.056522725355074736,-182.0,5,36,6,3
2004-11-10 02:30:00,23,-148.0,-147.99995055410386,0.056522725355074736,-173.0,5,36,6,3
2004-11-10 03:30:00,23,-155.0,-154.9998698707696,0.056522725355074736,-151.0,5,36,6,3
2004-11-10 04:30:00,23,-152.0,-151.9999538218643,0.056522725355074736,-135.0,5,36,6,3
2004-11-10 05:30:00,23,-197.0,-196.9996900397902,0.056522725355074736,-148.0,5,36,6,3
2004-11-10 06:30:00,23,-240.0,-239.99944754211373,0.056522725355074736,-155.0,5,36,6,3
2004-11-10 07:30:00,23,-259.0,-258.9993689010249,0.056522725355074736,-152.0,5,36,6,3
2004-11-10 08:30:00,23,-258.0,-257.9998267352466,0.056522725355074736,-197.0,5,36,6,3
2004-11-10 09:30:00,23,-258.0,-258.0000684797463,0.056522725355074736,-240.0,5,36,6,3
2004-11-10 10:30:00,23,-263.0,-263.0000185359322,0.056522725355074736,-259.0,5,36,6,3
2004-11-10 11:30:00,23,-232.0,-232.0001513178662,0.056522725355074736,-258.0,5,36,6,3
2004-11-10 12:30:00,23,-234.0,-233.99995797711966,0.056522725355074736,-258.0,5,36,6,3
2004-11-10 13:30:00,23,-206.0,-206.00011601148972,0.056522725355074736,-263.0,5,36,6,3
2004-11-10 14:30:00,23,-176.0,-176.00005197849288,0.056522725355074736,-232.0,5,36,6,3
2004-11-10 15:30:00,23,-171.0,-171.00005769090987,0.056522725355074736,-234.0,5,36,6,3
2004-11-10 16:30:00,23,-164.0,-163.99994215867443,0.056522725355074736,-206.0,5,36,6,3
2004-11-10 17:30:00,23,-135.0,-135.00006107322366,0.056522725355074736,-176.0,5,36,6,3
2004-11-10 18:30:00,23,-118.0,-118.0001628400149,0.056522725355074736,-171.0,5,36,6,3
2004-11-10 19:30:00,23,-122.0,-122.00006633133546,0.056522725355074736,-164.0,5,36,6,3
2004-11-10 20:30:00,23,-120.0,-119.99994857011328,0.056522725355074736,-135.0,5,36,6,3
2004-11-10 21:30:00,23,-118.0,-117.99987650909841,0.056522725355074736,-118.0,5,36,6,3
2004-11-10 22:30:00,23,-112.0,-111.99991848281115,0.056522725355074736,-122.0,5,36,6,3
2004-11-10 23:30:00,23,-109.0,-108.99994495467553,0.056522725355074736,-120.0,5,36,6,3
2004-11-11 00:30:00,23,-105.0,-104.99994316793178,0.056522725355074736,-118.0,5,36,6,3
2004-11-11 01:30:00,23,-97.0,-96.99998792607755,0.056522725355074736,-112.0,5,36,6,3
2004-11-11 02:30:00,23,-97.0,-96.99997962649155,0.056522725355074736,-109.0,5,36,6,3
2004-11-11 03:30:00,23,-97.0,-96.99996332969818,0.056522725355074736,-105.0,5,36,6,3
2004-11-11 04:30:00,23,-103.0,-102.99986670801843,0.056522725355074736,-97.0,5,36,6,3
2004-11-11 05:30:00,23,-106.0,-105.99983093531608,0.056522725355074736,-97.0,5,36,6,3
2004-11-11 06:30:00,23,-103.0,-102.99983793043054,0.056522725355074736,-97.0,5,36,6,3
2004-11-11 07:30:00,23,-99.0,-98.99996882801028,0.056522725355074736,-103.0,5,36,6,3
2004-11-11 08:30:00,23,-90.0,-90.00007795260504,0.056522725355074736,-106.0,5,36,6,3
2004-11-11 09:30:00,23,-80.0,-80.00011192274027,0.056522725355074736,-103.0,5,36,6,3
2004-11-11 10:30:00,23,-85.0,-85.00000376660512,0.056522725355074736,-99.0,5,36,6,3
2004-11-11 11:30:00,23,-82.0,-82.00000822342957,0.056522725355074736,-90.0,5,36,6,3
2004-11-11 12:30:00,23,-76.0,-76.00001614816617,0.056522725355074736,-80.0,5,36,6,3
2004-11-11 13:30:00,23,-77.0,-77.00001209543674,0.056522725355074736,-85.0,5,36,6,3
2004-11-11 14:30:00,23,-81.0,-80.99994110749034,0.056522725355074736,-82.0,5,36,6,3
2004-11-11 15:30:00,23,-75.0,-74.9999640063887,0.056522725355074736,-76.0,5,36,6,3
2004-11-11 16:30:00,23,-73.0,-72.99999000643838,0.056522725355074736,-77.0,5,36,6,3
2004-11-11 17:30:00,23,-58.0,-58.00014259680168,0.056522725355074736,-81.0,5,36,6,3
2004-11-11 18:30:00,23,-52.0,-52.0001602135018,0.056522725355074736,-75.0,5,36,6,3
2004-11-11 19:30:00,23,-61.0,-61.000053253785424,0.056522725355074736,-73.0,5,36,6,3
2004-11-11 20:30:00,23,-59.0,-58.999990960407274,0.056522725355074736,-58.0,5,36,6,3
2004-11-11 21:30:00,23,-44.0,-44.00008680339465,0.056522725355074736,-52.0,5,36,6,3
2004-11-11 22:30:00,23,-40.0,-40.00015583281178,0.056522725355074736,-61.0,5,36,6,3
2004-11-11 23:30:00,23,-46.0,-46.00008274876199,0.056522725355074736,-59.0,5,36,6,3
2004-11-12 00:30:00,23,-60.0,-59.99987544018086,0.056522725355074736,-44.0,5,36,6,3
2004-11-12 01:30:00,23,-64.0,-63.999814779542916,0.056522725355074736,-40.0,5,36,6,3
2004-11-12 02:30:00,23,-68.0,-67.99989004320956,0.056522725355074736,-46.0,5,36,6,3
2004-11-12 03:30:00,23,-82.0,-81.99979772516743,0.056522725355074736,-60.0,5,36,6,3
2004-11-12 04:30:00,23,-80.0,-79.99983955452885,0.056522725355074736,-64.0,5,36,6,3
2004-11-12 05:30:00,23,-73.0,-73.00000424349341,0.056522725355074736,-68.0,5,36,6,3
2004-11-12 06:30:00,23,-62.0,-62.000079385514056,0.056522725355074736,-82.0,5,36,6,3
2004-11-12 07:30:00,23,-51.0,-51.000212238483684,0.056522725355074736,-80.0,5,36,6,3
2004-11-12 08:30:00,23,-62.0,-62.00004918073882,0.056522725355074736,-73.0,5,36,6,3
2004-11-12 09:30:00,23,-83.0,-82.99976863213726,0.056522725355074736,-62.0,5,36,6,3
2004-11-12 10:30:00,23,-92.0,-91.99965206680788,0.056522725355074736,-51.0,5,36,6,3
2004-11-12 11:30:00,23,-87.0,-86.99976697837894,0.056522725355074736,-62.0,5,36,6,3
2004-11-12 12:30:00,23,-80.0,-79.99994149922375,0.056522725355074736,-83.0,5,36,6,3
2004-11-12 13:30:00,23,-74.0,-73.99997590022518,0.056522725355074736,-92.0,5,36,6,3
2004-11-12 14:30:00,23,-63.0,-63.00010636230445,0.056522725355074736,-87.0,5,36,6,3
2004-11-12 15:30:00,23,-61.0,-61.0001149828023,0.056522725355074736,-80.0,5,36,6,3
2004-11-12 16:30:00,23,-71.0,-70.99998125776054,0.056522725355074736,-74.0,5,36,6,3
2004-11-12 17:30:00,23,-71.0,-70.9999428699307,0.056522725355074736,-63.0,5,36,6,3
2004-11-12 18:30:00,23,-69.0,-68.99992751905623,0.056522725355074736,-61.0,5,36,6,3
2004-11-12 19:30:00,23,-78.0,-77.99994205227202,0.056522725355074736,-71.0,5,36,6,3
2004-11-12 20:30:00,23,-81.0,-80.99984608817277,0.056522725355074736,-71.0,5,36,6,3
2004-11-12 21:30:00,23,-80.0,-79.9998818029524,0.056522725355074736,-69.0,5,36,6,3
2004-11-12 22:30:00,23,-71.0,-70.99999930283516,0.056522725355074736,-78.0,5,36,6,3
2004-11-12 23:30:00,23,-67.0,-67.00005015218767,0.056522725355074736,-81.0,5,36,6,3
2004-11-13 00:30:00,23,-64.0,-64.00006628467362,0.056522725355074736,-80.0,5,36,6,3
2004-11-13 01:30:00,23,-64.0,-64.00001414828263,0.056522725355074736,-71.0,5,36,6,3
2004-11-13 02:30:00,23,-64.0,-63.99998677042934,0.056522725355074736,-67.0,5,36,6,3
2004-11-13 03:30:00,23,-64.0,-63.9999644570218,0.056522725355074736,-64.0,5,36,6,3
2004-11-13 04:30:00,23,-61.0,-60.99998792709424,0.056522725355074736,-64.0,5,36,6,3
2004-11-13 05:30:00,23,-59.0,-58.99999948789099,0.056522725355074736,-64.0,5,36,6,3
2004-11-13 06:30:00,23,-59.0,-58.999994241198046,0.056522725355074736,-64.0,5,36,6,3
2004-11-13 07:30:00,23,-58.0,-57.99998236847122,0.056522725355074736,-61.0,5,36,6,3
2004-11-13 08:30:00,23,-60.0,-59.99994979150975,0.056522725355074736,-59.0,5,36,6,3
2004-11-13 09:30:00,23,-58.0,-57.99996640715841,0.056522725355074736,-59.0,5,36,6,3
2004-11-13 10:30:00,23,-55.0,-54.99999475699882,0.056522725355074736,-58.0,5,36,6,3
2004-11-13 11:30:00,23,-51.0,-51.0000399841597,0.056522725355074736,-60.0,5,36,6,3
2004-11-13 12:30:00,23,-51.0,-51.000018894468,0.056522725355074736,-58.0,5,36,6,3
2004-11-13 13:30:00,23,-49.0,-49.00002021261234,0.056522725355074736,-55.0,5,36,6,3
2004-11-13 14:30:00,23,-48.0,-48.000005124310015,0.056522725355074736,-51.0,5,36,6,3
2004-11-13 15:30:00,23,-48.0,-47.99999191484439,0.056522725355074736,-51.0,5,36,6,3
2004-11-13 16:30:00,23,-51.0,-50.99994418803697,0.056522725355074736,-49.0,5,36,6,3
2004-11-13 17:30:00,23,-50.0,-49.9999518106445,0.056522725355074736,-48.0,5,36,6,3
2004-11-13 18:30:00,23,-48.0,-47.99996882372524,0.056522725355074736,-48.0,5,36,6,3
2004-11-13 19:30:00,23,-48.0,-47.999990097077216,0.056522725355074736,-51.0,5,36,6,3
2004-11-13 20:30:00,23,-51.0,-50.99994178539741,0.056522725355074736,-50.0,5,36,6,3
2004-11-13 21:30:00,23,-52.0,-51.99992015138903,0.056522725355074736,-48.0,5,36,6,3
2004-11-13 22:30:00,23,-49.0,-48.999952068274546,0.056522725355074736,-48.0,5,36,6,3
2004-11-13 23:30:00,23,-44.0,-44.00002568940081,0.056522725355074736,-51.0,5,36,6,3
2004-11-14 00:30:00,23,-48.0,-47.99997978809339,0.056522725355074736,-52.0,5,36,6,3
2004-11-14 01:30:00,23,-58.0,-57.99989088237082,0.056522725355074736,-49.0,5,36,6,3
2004-11-14 02:30:00,23,-58.0,-57.999885559186055,0.056522725355074736,-44.0,5,36,6,3
2004-11-14 03:30:00,23,-58.0,-57.9999136840885,0.056522725355074736,-48.0,5,36,6,3
2004-11-14 04:30:00,23,-56.0,-56.00001509321019,0.056522725355074736,-58.0,5,36,6,3
2004-11-14 05:30:00,23,-53.0,-53.00002357682841,0.056522725355074736,-58.0,5,36,6,3
2004-11-14 06:30:00,23,-52.0,-52.000010310196444,0.056522725355074736,-58.0,5,36,6,3
2004-11-14 07:30:00,23,-57.0,-56.99993802230712,0.056522725355074736,-56.0,5,36,6,3
2004-11-14 08:30:00,23,-57.0,-56.999913106864554,0.056522725355074736,-53.0,5,36,6,3
2004-11-14 09:30:00,23,-54.0,-53.999948011397265,0.056522725355074736,-52.0,5,36,6,3
2004-11-14 10:30:00,23,-54.0,-53.99999360170132,0.056522725355074736,-57.0,5,36,6,3
2004-11-14 11:30:00,23,-53.0,-52.99997989030019,0.056522725355074736,-57.0,5,36,6,3
2004-11-14 12:30:00,23,-52.0,-51.99997953457812,0.056522725355074736,-54.0,5,36,6,3
2004-11-14 13:30:00,23,-51.0,-50.999985849689196,0.056522725355074736,-54.0,5,36,6,3
2004-11-14 14:30:00,23,-48.0,-48.000018382808044,0.056522725355074736,-53.0,5,36,6,3
2004-11-14 15:30:00,23,-45.0,-45.000044768888024,0.056522725355074736,-52.0,5,36,6,3
2004-11-14 16:30:00,23,-44.0,-44.00003302186835,0.056522725355074736,-51.0,5,36,6,3
2004-11-14 17:30:00,23,-41.0,-41.00002357863956,0.056522725355074736,-48.0,5,36,6,3
2004-11-14 18:30:00,23,-43.0,-42.9999945831531,0.056522725355074736,-45.0,5,36,6,3
2004-11-14 19:30:00,23,-44.0,-43.99997013575271,0.056522725355074736,-44.0,5,36,6,3
2004-11-14 20:30:00,23,-44.0,-43.99995927321458,0.056522725355074736,-41.0,5,36,6,3
2004-11-14 21:30:00,23,-42.0,-41.99998595702846,0.056522725355074736,-43.0,5,36,6,3
2004-11-14 22:30:00,23,-41.0,-40.999984344165696,0.056522725355074736,-44.0,5,36,6,3
2004-11-14 23:30:00,23,-40.0,-39.999999573945146,0.056522725355074736,-44.0,5,36,6,3
2004-11-15 00:30:00,23,-39.0,-38.99999440604674,0.056522725355074736,-42.0,5,36,6,3
2004-11-15 01:30:00,23,-39.0,-38.9999821425745,0.056522725355074736,-41.0,5,36,6,3
2004-11-15 02:30:00,23,-41.0,-40.99995973302022,0.056522725355074736,-40.0,5,36,6,3
2004-11-15 03:30:00,23,-39.0,-38.999968144907314,0.056522725355074736,-39.0,5,36,6,3
2004-11-15 04:30:00,23,-40.0,-39.99996418025009,0.056522725355074736,-39.0,5,36,6,3
2004-11-15 05:30:00,23,-41.0,-40.99996731934366,0.056522725355074736,-41.0,5,36,6,3
2004-11-15 06:30:00,23,-38.0,-37.99997656272968,0.056522725355074736,-39.0,5,36,6,3
2004-11-15 07:30:00,23,-38.0,-37.99998741807123,0.056522725355074736,-40.0,5,36,6,3
2004-11-15 08:30:00,23,-38.0,-37.999989955100816,0.056522725355074736,-41.0,5,36,6,3
2004-11-15 09:30:00,23,-36.0,-35.99999297827599,0.056522725355074736,-38.0,5,36,6,3
2004-11-15 10:30:00,23,-37.0,-36.999985169878705,0.056522725355074736,-38.0,5,36,6,3
2004-11-15 11:30:00,23,-39.0,-38.99997059584244,0.056522725355074736,-38.0,5,36,6,3
2004-11-15 12:30:00,23,-41.0,-40.99993713908245,0.056522725355074736,-36.0,5,36,6,3
2004-11-15 13:30:00,23,-41.0,-40.99994231838146,0.056522725355074736,-37.0,5,36,6,3
2004-11-15 14:30:00,23,-40.0,-39.99995527851187,0.056522725355074736,-39.0,5,36,6,3
2004-11-15 15:30:00,23,-40.0,-39.999970315658935,0.056522725355074736,-41.0,5,36,6,3
2004-11-15 16:30:00,23,-41.0,-40.999955249369194,0.056522725355074736,-41.0,5,36,6,3
2004-11-15 17:30:00,23,-41.0,-40.99995286977224,0.056522725355074736,-40.0,5,36,6,3
2004-11-15 18:30:00,23,-41.0,-40.999949936011156,0.056522725355074736,-40.0,5,36,6,3
2004-11-15 19:30:00,23,-38.0,-37.99998009996535,0.056522725355074736,-41.0,5,36,6,3
2004-11-15 20:30:00,23,-36.0,-36.000012699926955,0.056522725355074736,-41.0,5,36,6,3
2004-11-15 21:30:00,23,-31.0,-31.00005415757624,0.056522725355074736,-41.0,5,36,6,3
2004-11-15 22:30:00,23,-28.0,-28.000064033161898,0.056522725355074736,-38.0,5,36,6,3
2004-11-15 23:30:00,23,-27.0,-27.00005785154627,0.056522725355074736,-36.0,5,36,6,3
2004-11-16 00:30:00,23,-24.0,-24.000056104958507,0.056522725355074736,-31.0,5,36,6,3
2004-11-16 01:30:00,23,-23.0,-23.000037914809383,0.056522725355074736,-28.0,5,36,6,3
2004-11-16 02:30:00,23,-23.0,-23.00002219643065,0.056522725355074736,-27.0,5,36,6,3
2004-11-16 03:30:00,23,-20.0,-20.000024691269388,0.056522725355074736,-24.0,5,36,6,3
2004-11-16 04:30:00,23,-21.0,-21.00000777515034,0.056522725355074736,-23.0,5,36,6,3
2004-11-16 05:30:00,23,-22.0,-22.00000550267904,0.056522725355074736,-23.0,5,36,6,3
2004-11-16 06:30:00,23,-23.0,-22.999984975511353,0.056522725355074736,-20.0,5,36,6,3
2004-11-16 07:30:00,23,-29.0,-28.9999203142317,0.056522725355074736,-21.0,5,36,6,3
2004-11-16 08:30:00,23,-34.0,-33.999892009868375,0.056522725355074736,-22.0,5,36,6,3
2004-11-16 09:30:00,23,-41.0,-40.99983300102722,0.056522725355074736,-23.0,5,36,6,3
2004-11-16 10:30:00,23,-38.0,-37.999899695452,0.056522725355074736,-29.0,5,36,6,3
2004-11-16 11:30:00,23,-37.0,-37.000033872352525,0.056522725355074736,-34.0,5,36,6,3
2004-11-16 12:30:00,23,-35.0,-34.99998834131908,0.056522725355074736,-41.0,5,36,6,3
2004-11-16 13:30:00,23,-35.0,-34.999986344372026,0.056522725355074736,-38.0,5,36,6,3
2004-11-16 14:30:00,23,-36.0,-35.999982439615984,0.056522725355074736,-37.0,5,36,6,3
2004-11-16 15:30:00,23,-36.0,-35.999977840509125,0.056522725355074736,-35.0,5,36,6,3
2004-11-16 16:30:00,23,-34.0,-33.99999400025173,0.056522725355074736,-35.0,5,36,6,3
2004-11-16 17:30:00,23,-33.0,-33.00000727194337,0.056522725355074736,-36.0,5,36,6,3
2004-11-16 18:30:00,23,-32.0,-31.99998996284159,0.056522725355074736,-36.0,5,36,6,3
2004-11-16 19:30:00,23,-34.0,-33.99997906523679,0.056522725355074736,-34.0,5,36,6,3
2004-11-16 20:30:00,23,-32.0,-31.999994886451525,0.056522725355074736,-33.0,5,36,6,3
2004-11-16 21:30:00,23,-35.0,-34.99997363099953,0.056522725355074736,-32.0,5,36,6,3
2004-11-16 22:30:00,23,-35.0,-34.999937896056586,0.056522725355074736,-34.0,5,36,6,3
2004-11-16 23:30:00,23,-31.0,-31.000015446221244,0.056522725355074736,-32.0,5,36,6,3
2004-11-17 00:30:00,23,-29.0,-28.999997243128668,0.056522725355074736,-35.0,5,36,6,3
2004-11-17 01:30:00,23,-27.0,-27.000021841814082,0.056522725355074736,-35.0,5,36,6,3
2004-11-17 02:30:00,23,-30.0,-29.99999713107964,0.056522725355074736,-31.0,5,36,6,3
2004-11-17 03:30:00,23,-31.0,-30.99995719734235,0.056522725355074736,-29.0,5,36,6,3
2004-11-17 04:30:00,23,-31.0,-30.99994631140497,0.056522725355074736,-27.0,5,36,6,3
2004-11-17 05:30:00,23,-34.0,-33.99998834723311,0.056522725355074736,-30.0,5,36,6,3
2004-11-17 06:30:00,23,-35.0,-34.999945420192404,0.056522725355074736,-31.0,5,36,6,3
2004-11-17 07:30:00,23,-40.0,-39.99988252968338,0.056522725355074736,-31.0,5,36,6,3
2004-11-17 08:30:00,23,-40.0,-39.99991641928947,0.056522725355074736,-34.0,5,36,6,3
2004-11-17 09:30:00,23,-43.0,-42.99988578580765,0.056522725355074736,-35.0,5,36,6,3
2004-11-17 10:30:00,23,-46.0,-45.99994409872078,0.056522725355074736,-40.0,5,36,6,3
2004-11-17 11:30:00,23,-46.0,-45.99991509409602,0.056522725355074736,-40.0,5,36,6,3
2004-11-17 12:30:00,23,-41.0,-40.999982919902266,0.056522725355074736,-43.0,5,36,6,3
2004-11-17 13:30:00,23,-37.0,-37.000008106197484,0.056522725355074736,-46.0,5,36,6,3
2004-11-17 14:30:00,23,-34.0,-34.000047674409025,0.056522725355074736,-46.0,5,36,6,3
2004-11-17 15:30:00,23,-33.0,-33.00003907582418,0.056522725355074736,-41.0,5,36,6,3
2004-11-17 16:30:00,23,-33.0,-33.00001863857534,0.056522725355074736,-37.0,5,36,6,3
2004-11-17 17:30:00,23,-31.0,-31.00000991194089,0.056522725355074736,-34.0,5,36,6,3
2004-11-17 18:30:00,23,-29.0,-29.00001523218822,0.056522725355074736,-33.0,5,36,6,3
2004-11-17 19:30:00,23,-29.0,-29.00000151426542,0.056522725355074736,-33.0,5,36,6,3
2004-11-17 20:30:00,23,-30.0,-29.99997646813315,0.056522725355074736,-31.0,5,36,6,3
2004-11-17 21:30:00,23,-30.0,-29.999965178119883,0.056522725355074736,-29.0,5,36,6,3
2004-11-17 22:30:00,23,-30.0,-29.999968530178904,0.056522725355074736,-29.0,5,36,6,3
2004-11-17 23:30:00,23,-29.0,-28.999983410986157,0.056522725355074736,-30.0,5,36,6,3
2004-11-18 00:30:00,23,-27.0,-27.00000218790406,0.056522725355074736,-30.0,5,36,6,3
2004-11-18 01:30:00,23,-24.0,-24.000028952950977,0.056522725355074736,-30.0,5,36,6,3
2004-11-18 02:30:00,23,-23.0,-23.00002537696873,0.056522725355074736,-29.0,5,36,6,3
2004-11-18 03:30:00,23,-24.0,-24.00001920896306,0.056522725355074736,-27.0,5,36,6,3
2004-11-18 04:30:00,23,-24.0,-23.999982408694535,0.056522725355074736,-24.0,5,36,6,3
2004-11-18 05:30:00,23,-24.0,-23.99998566346257,0.056522725355074736,-23.0,5,36,6,3
2004-11-18 06:30:00,23,-23.0,-22.999999863600777,0.056522725355074736,-24.0,5,36,6,3
2015-03-09 12:30:00,35,-9.0,-12.366966207707634,12.818823157023093,-24.0,5,36,6,3
2015-03-09 13:30:00,35,-9.0,-11.605452014565422,12.818823157023093,-24.0,5,36,6,3
2015-03-09 14:30:00,35,-10.0,-9.393365108575441,12.818823157023093,-23.0,5,36,6,3
2015-03-09 15:30:00,35,-9.0,-8.265492268915878,12.818823157023093,-9.0,5,36,6,3
2015-03-09 16:30:00,35,-10.0,-7.74858360107303,12.818823157023093,-9.0,5,36,6,3
2015-03-09 17:30:00,35,-10.0,-8.93609792471273,12.818823157023093,-10.0,5,36,6,3
2015-03-09 18:30:00,35,-5.0,-6.8012388730604485,12.818823157023093,-9.0,5,36,6,3
2015-03-09 19:30:00,35,-4.0,-8.072874201228252,12.818823157023093,-10.0,5,36,6,3
2015-03-09 20:30:00,35,-4.0,-7.752073285300131,12.818823157023093,-10.0,5,36,6,3
2015-03-09 21:30:00,35,-4.0,-5.565088826814037,12.818823157023093,-5.0,5,36,6,3
2015-03-09 22:30:00,35,-4.0,-5.597506894000926,12.818823157023093,-4.0,5,36,6,3
2015-03-09 23:30:00,35,-3.0,-6.470184450110516,12.818823157023093,-4.0,5,36,6,3
2015-03-10 00:30:00,35,-1.0,-6.875500819123605,12.818823157023093,-4.0,5,36,6,3
2015-03-10 01:30:00,35,-4.0,-4.924062501868626,12.818823157023093,-4.0,5,36,6,3
2015-03-10 02:30:00,35,-4.0,-4.796875474574964,12.818823157023093,-3.0,5,36,6,3
2015-03-10 03:30:00,35,-6.0,-3.4632880129573245,12.818823157023093,-1.0,5,36,6,3
2015-03-10 04:30:00,35,-6.0,-4.316896244572074,12.818823157023093,-4.0,5,36,6,3
2015-03-10 05:30:00,35,-4.0,-4.780000404893702,12.818823157023093,-4.0,5,36,6,3
2015-03-10 06:30:00,35,-2.0,-5.745034965180405,12.818823157023093,-6.0,5,36,6,3
2015-03-10 07:30:00,35,-1.0,-4.225108280936006,12.818823157023093,-6.0,5,36,6,3
2015-03-10 08:30:00,35,1.0,-4.78072894922277,12.818823157023093,-4.0,5,36,6,3
2015-03-10 09:30:00,35,-3.0,-3.141849081877119,12.818823157023093,-2.0,5,36,6,3
2015-03-10 10:30:00,35,-7.0,-2.8641788524124046,12.818823157023093,-1.0,5,36,6,3
2015-03-10 11:30:00,35,-3.0,-3.735272147924764,12.818823157023093,1.0,5,36,6,3
2015-03-10 12:30:00,35,-5.0,-4.437899266895048,12.818823157023093,-3.0,5,36,6,3
2015-03-10 13:30:00,35,-6.0,-5.249842522530905,12.818823157023093,-7.0,5,36,6,3
2015-03-10 14:30:00,35,-6.0,-3.619687943481299,12.818823157023093,-3.0,5,36,6,3
2015-03-10 15:30:00,35,-7.0,-4.726310136572014,12.818823157023093,-5.0,5,36,6,3
2015-03-10 16:30:00,35,-7.0,-2.8097384851957017,12.818823157023093,-6.0,5,36,6,3
2015-03-10 17:30:00,35,-6.0,-3.9488563419107194,12.818823157023093,-6.0,5,36,6,3
2015-03-10 18:30:00,35,-6.0,-5.024028267825642,12.818823157023093,-7.0,5,36,6,3
2015-03-10 19:30:00,35,-8.0,-5.281999779469814,12.818823157023093,-7.0,5,36,6,3
2015-03-10 20:30:00,35,-6.0,-3.2195662248618575,12.818823157023093,-6.0,5,36,6,3
2015-03-10 21:30:00,35,-4.0,-3.380184383941998,12.818823157023093,-6.0,5,36,6,3
2015-03-10 22:30:00,35,-4.0,-4.084598376429433,12.818823157023093,-8.0,5,36,6,3
2015-03-10 23:30:00,35,-5.0,-2.8268894533211046,12.818823157023093,-6.0,5,36,6,3
2015-03-11 00:30:00,35,-6.0,-2.3845768273136194,12.818823157023093,-4.0,5,36,6,3
2015-03-11 01:30:00,35,-6.0,-3.7208866306105826,12.818823157023093,-4.0,5,36,6,3
2015-03-11 02:30:00,35,-6.0,-2.2242388775908104,12.818823157023093,-5.0,5,36,6,3
2015-03-11 03:30:00,35,-6.0,-2.57531318139392,12.818823157023093,-6.0,5,36,6,3
2015-03-11 04:30:00,35,-5.0,-4.3979931434975725,12.818823157023093,-6.0,5,36,6,3
2015-03-11 05:30:00,35,5.0,-4.77903044942601,12.818823157023093,-6.0,5,36,6,3
2015-03-11 06:30:00,35,6.0,-3.2617355776839503,12.818823157023093,-6.0,5,36,6,3
2015-03-11 07:30:00,35,8.0,-5.153980745930529,12.818823157023093,-5.0,5,36,6,3
2015-03-11 08:30:00,35,0.0,-0.7439984601712091,12.818823157023093,5.0,5,36,6,3
2015-03-11 09:30:00,35,2.0,1.1909463032198033,12.818823157023093,6.0,5,36,6,3
2015-03-11 10:30:00,35,1.0,-0.05198265401748614,12.818823157023093,8.0,5,36,6,3
2015-03-11 11:30:00,35,2.0,-2.604939932290449,12.818823157023093,0.0,5,36,6,3
2015-03-11 12:30:00,35,-6.0,-2.145969937717787,12.818823157023093,2.0,5,36,6,3
2015-03-11 13:30:00,35,-11.0,-0.7595349913070528,12.818823157023093,1.0,5,36,6,3
2015-03-11 14:30:00,35,-14.0,-3.30784941607466,12.818823157023093,2.0,5,36,6,3
2015-03-11 15:30:00,35,-14.0,-8.452786358814166,12.818823157023093,-6.0,5,36,6,3
2015-03-11 16:30:00,35,-12.0,-13.145568860733999,12.818823157023093,-11.0,5,36,6,3
2015-03-11 17:30:00,35,-12.0,-16.62228693868674,12.818823157023093,-14.0,5,36,6,3
2015-03-11 18:30:00,35,-15.0,-9.714610048562108,12.818823157023093,-14.0,5,36,6,3
2015-03-11 19:30:00,35,-20.0,-11.823325567175175,12.818823157023093,-12.0,5,36,6,3
2015-03-11 20:30:00,35,-19.0,-14.515998464199502,12.818823157023093,-12.0,5,36,6,3
2015-03-11 21:30:00,35,-16.0,-11.872763119635177,12.818823157023093,-15.0,5,36,6,3
2015-03-11 22:30:00,35,-15.0,-13.032661733381367,12.818823157023093,-20.0,5,36,6,3
2015-03-11 23:30:00,35,-14.0,-13.943005893486358,12.818823157023093,-19.0,5,36,6,3
2015-03-12 00:30:00,35,-15.0,-10.681869040054721,12.818823157023093,-16.0,5,36,6,3
2015-03-12 01:30:00,35,-12.0,-10.74680001451867,12.818823157023093,-15.0,5,36,6,3
2015-03-12 02:30:00,35,-8.0,-11.34346273182841,12.818823157023093,-14.0,5,36,6,3
2015-03-12 03:30:00,35,-10.0,-10.831653874289032,12.818823157023093,-15.0,5,36,6,3
2015-03-12 04:30:00,35,-11.0,-8.246845413913633,12.818823157023093,-12.0,5,36,6,3
2015-03-12 05:30:00,35,-7.0,-9.595092135833,12.818823157023093,-8.0,5,36,6,3
2015-03-12 06:30:00,35,-12.0,-8.831403086986562,12.818823157023093,-10.0,5,36,6,3
2015-03-12 07:30:00,35,-22.0,-6.48845410020866,12.818823157023093,-11.0,5,36,6,3
2015-03-12 08:30:00,35,-24.0,-9.65219233648778,12.818823157023093,-7.0,5,36,6,3
2015-03-12 09:30:00,35,-23.0,-12.776632288129175,12.818823157023093,-12.0,5,36,6,3
2015-03-12 10:30:00,35,-19.0,-16.296346336508144,12.818823157023093,-22.0,5,36,6,3
2015-03-12 11:30:00,35,-19.0,-26.399385783207723,12.818823157023093,-24.0,5,36,6,3
2015-03-12 12:30:00,35,-15.0,-19.174479029868525,12.818823157023093,-23.0,5,36,6,3
2015-03-12 13:30:00,35,-17.0,-14.377838007381339,12.818823157023093,-19.0,5,36,6,3
2015-03-12 14:30:00,35,-18.0,-20.141669046750103,12.818823157023093,-19.0,5,36,6,3
2015-03-12 15:30:00,35,-13.0,-16.302956044156325,12.818823157023093,-15.0,5,36,6,3
2015-03-12 16:30:00,35,-9.0,-17.338135628409972,12.818823157023093,-17.0,5,36,6,3
2015-03-12 17:30:00,35,-9.0,-14.898515491080321,12.818823157023093,-18.0,5,36,6,3
2015-03-12 18:30:00,35,-9.0,-14.848764319685763,12.818823157023093,-13.0,5,36,6,3
2015-03-12 19:30:00,35,-8.0,-9.742630984295456,12.818823157023093,-9.0,5,36,6,3
2015-03-12 20:30:00,35,-8.0,-9.665174651558697,12.818823157023093,-9.0,5,36,6,3
2015-03-12 21:30:00,35,-11.0,-8.625296171928223,12.818823157023093,-9.0,5,36,6,3
2015-03-12 22:30:00,35,-13.0,-8.424640406598318,12.818823157023093,-8.0,5,36,6,3
2015-03-12 23:30:00,35,-15.0,-8.002946878377386,12.818823157023093,-8.0,5,36,6,3
2015-03-13 00:30:00,35,-13.0,-8.865858060655604,12.818823157023093,-11.0,5,36,6,3
2015-03-13 01:30:00,35,-12.0,-9.142349255362927,12.818823157023093,-13.0,5,36,6,3
2015-03-13 02:30:00,35,-9.0,-10.7976558574181,12.818823157023093,-15.0,5,36,6,3
2015-03-13 03:30:00,35,-3.0,-11.398577756959309,12.818823157023093,-13.0,5,36,6,3
2015-03-13 04:30:00,35,-2.0,-10.347738780543903,12.818823157023093,-12.0,5,36,6,3
2015-03-13 05:30:00,35,1.0,-8.265903961125499,12.818823157023093,-9.0,5,36,6,3
2015-03-13 06:30:00,35,1.0,-6.075906174319773,12.818823157023093,-3.0,5,36,6,3
2015-03-13 07:30:00,35,0.0,-5.191640883556147,12.818823157023093,-2.0,5,36,6,3
2015-03-13 08:30:00,35,-1.0,-3.212750671108868,12.818823157023093,1.0,5,36,6,3
2015-03-13 09:30:00,35,-2.0,-2.2805997566335456,12.818823157023093,1.0,5,36,6,3
2015-03-13 10:30:00,35,-2.0,-2.825440986489351,12.818823157023093,0.0,5,36,6,3
2015-03-13 11:30:00,35,0.0,-1.8582488141511782,12.818823157023093,-1.0,5,36,6,3
2015-03-13 12:30:00,35,-3.0,-1.780680397671489,12.818823157023093,-2.0,5,36,6,3
2015-03-13 13:30:00,35,-16.0,-4.298191192241767,12.818823157023093,-2.0,5,36,6,3
2015-03-13 14:30:00,35,-20.0,-2.867476701002559,12.818823157023093,0.0,5,36,6,3
2015-03-13 15:30:00,35,-11.0,-19.4383349380167,12.818823157023093,-3.0,5,36,6,3
2015-03-13 16:30:00,35,-7.0,-17.929071297547136,12.818823157023093,-16.0,5,36,6,3
2015-03-13 17:30:00,35,-10.0,-11.548580292309701,12.818823157023093,-20.0,5,36,6,3
2015-03-13 18:30:00,35,-15.0,-10.677228342005957,12.818823157023093,-11.0,5,36,6,3
2015-03-13 19:30:00,35,-15.0,-10.308276681204973,12.818823157023093,-7.0,5,36,6,3
2015-03-13 20:30:00,35,-11.0,-10.233036157847746,12.818823157023093,-10.0,5,36,6,3
2015-03-13 21:30:00,35,-10.0,-12.286563365805687,12.818823157023093,-15.0,5,36,6,3
2015-03-13 22:30:00,35,-7.0,-13.664977858226894,12.818823157023093,-15.0,5,36,6,3
2015-03-13 23:30:00,35,-10.0,-7.505189442379983,12.818823157023093,-11.0,5,36,6,3
2015-03-14 00:30:00,35,-12.0,-8.262614734361723,12.818823157023093,-10.0,5,36,6,3
2015-03-14 01:30:00,35,-11.0,-6.494129417422961,12.818823157023093,-7.0,5,36,6,3
2015-03-14 02:30:00,35,-12.0,-7.1816360083802095,12.818823157023093,-10.0,5,36,6,3
2015-03-14 03:30:00,35,-13.0,-6.615192792530589,12.818823157023093,-12.0,5,36,6,3
2015-03-14 04:30:00,35,-14.0,-6.9976828762039744,12.818823157023093,-11.0,5,36,6,3
2015-03-14 05:30:00,35,-15.0,-9.88158033822734,12.818823157023093,-12.0,5,36,6,3
2015-03-14 06:30:00,35,-12.0,-9.911935633452934,12.818823157023093,-13.0,5,36,6,3
2015-03-14 07:30:00,35,-9.0,-8.705373539884345,12.818823157023093,-14.0,5,36,6,3
2015-03-14 08:30:00,35,-8.0,-8.749592731928164,12.818823157023093,-15.0,5,36,6,3
2015-03-14 09:30:00,35,-7.0,-11.543928816977967,12.818823157023093,-12.0,5,36,6,3
2015-03-14 10:30:00,35,-5.0,-5.723182946221584,12.818823157023093,-9.0,5,36,6,3
2015-03-14 11:30:00,35,-4.0,-6.916978270378742,12.818823157023093,-8.0,5,36,6,3
2015-03-14 12:30:00,35,-4.0,-5.271871288930505,12.818823157023093,-7.0,5,36,6,3
2015-03-14 13:30:00,35,-4.0,-6.8875368887493735,12.818823157023093,-5.0,5,36,6,3
2015-03-14 14:30:00,35,1.0,-4.378516437706299,12.818823157023093,-4.0,5,36,6,3
2015-03-14 15:30:00,35,3.0,-6.814783762302628,12.818823157023093,-4.0,5,36,6,3
2015-03-14 16:30:00,35,4.0,-2.836854129159203,12.818823157023093,-4.0,5,36,6,3
2015-03-14 17:30:00,35,2.0,-0.5559952250532056,12.818823157023093,1.0,5,36,6,3
2015-03-14 18:30:00,35,3.0,-0.7973697209168584,12.818823157023093,3.0,5,36,6,3
2015-03-14 19:30:00,35,2.0,-0.0905631716091122,12.818823157023093,4.0,5,36,6,3
2015-03-14 20:30:00,35,-1.0,0.0780107777627066,12.818823157023093,2.0,5,36,6,3
2015-03-14 21:30:00,35,-3.0,0.670903601488007,12.818823157023093,3.0,5,36,6,3
2015-03-14 22:30:00,35,-5.0,-0.20003665660611603,12.818823157023093,2.0,5,36,6,3
2015-03-14 23:30:00,35,-11.0,-0.6929982016799237,12.818823157023093,-1.0,5,36,6,3
2015-03-15 00:30:00,35,-11.0,-2.710298650647836,12.818823157023093,-3.0,5,36,6,3
2015-03-15 01:30:00,35,-11.0,-7.940686514634482,12.818823157023093,-5.0,5,36,6,3
2015-03-15 02:30:00,35,-11.0,-9.475748815088078,12.818823157023093,-11.0,5,36,6,3
2015-03-15 03:30:00,35,-12.0,-11.266575439632696,12.818823157023093,-11.0,5,36,6,3
2015-03-15 04:30:00,35,-11.0,-11.849773019594263,12.818823157023093,-11.0,5,36,6,3
2015-03-15 05:30:00,35,-11.0,-8.24484515019359,12.818823157023093,-11.0,5,36,6,3
2015-03-15 06:30:00,35,-9.0,-8.231317504604167,12.818823157023093,-12.0,5,36,6,3
2015-03-15 07:30:00,35,-9.0,-11.350694288704208,12.818823157023093,-11.0,5,36,6,3
2015-03-15 08:30:00,35,-7.0,-12.392945926045638,12.818823157023093,-11.0,5,36,6,3
2015-03-15 09:30:00,35,-6.0,-10.711405261774264,12.818823157023093,-9.0,5,36,6,3
2015-03-15 10:30:00,35,-7.0,-8.597195484300865,12.818823157023093,-9.0,5,36,6,3
2015-03-15 11:30:00,35,-5.0,-9.923863930248963,12.818823157023093,-7.0,5,36,6,3
2015-03-15 12:30:00,35,-5.0,-8.955281488407099,12.818823157023093,-6.0,5,36,6,3
2015-03-15 13:30:00,35,-3.0,-11.290634646144667,12.818823157023093,-7.0,5,36,6,3
2015-03-15 14:30:00,35,1.0,-9.80916992937918,12.818823157023093,-5.0,5,36,6,3
2015-03-15 15:30:00,35,4.0,-9.495169479007885,12.818823157023093,-5.0,5,36,6,3
2015-03-15 16:30:00,35,-1.0,-3.569021780762217,12.818823157023093,-3.0,5,36,6,3
2015-03-15 17:30:00,35,0.0,-1.491482786337393,12.818823157023093,1.0,5,36,6,3
2015-03-15 18:30:00,35,2.0,-1.7057825919128433,12.818823157023093,4.0,5,36,6,3
2015-03-15 19:30:00,35,1.0,-5.216312239741061,12.818823157023093,-1.0,5,36,6,3
2015-03-15 20:30:00,35,-2.0,0.06465125778768055,12.818823157023093,0.0,5,36,6,3
2015-03-15 21:30:00,35,-7.0,1.6992568547057019,12.818823157023093,2.0,5,36,6,3
2015-03-15 22:30:00,35,-7.0,2.190050010445063,12.818823157023093,1.0,5,36,6,3
2015-03-15 23:30:00,35,-2.0,-3.2405840821184633,12.818823157023093,-2.0,5,36,6,3
2015-03-16 00:30:00,35,4.0,-0.3055872106004429,12.818823157023093,-7.0,5,36,6,3
2015-03-16 01:30:00,35,10.0,-1.07303537574834,12.818823157023093,-7.0,5,36,6,3
2015-03-16 02:30:00,35,15.0,1.0818651113230686,12.818823157023093,-2.0,5,36,6,3
2015-03-16 03:30:00,35,10.0,3.526195999040816,12.818823157023093,4.0,5,36,6,3
2015-03-16 04:30:00,35,7.0,4.385861063687159,12.818823157023093,10.0,5,36,6,3
2015-03-16 05:30:00,35,15.0,9.533263848771199,12.818823157023093,15.0,5,36,6,3
2015-03-16 06:30:00,35,1.0,-2.1354125113160976,12.818823157023093,10.0,5,36,6,3
2015-03-16 07:30:00,35,-10.0,8.976164537260352,12.818823157023093,7.0,5,36,6,3
2015-03-16 08:30:00,35,-2.0,3.990942617287743,12.818823157023093,15.0,5,36,6,3
2015-03-16 09:30:00,35,5.0,-20.96692548004419,12.818823157023093,1.0,5,36,6,3
2015-03-16 10:30:00,35,11.0,1.8716912268389336,12.818823157023093,-10.0,5,36,6,3
2015-03-16 11:30:00,35,19.0,-2.7369638041830093,12.818823157023093,-2.0,5,36,6,3
2015-03-16 12:30:00,35,17.0,0.9948687276974013,12.818823157023093,5.0,5,36,6,3
2015-03-16 13:30:00,35,11.0,2.295768690053798,12.818823157023093,11.0,5,36,6,3
2015-03-16 14:30:00,35,7.0,8.58645367399415,12.818823157023093,19.0,5,36,6,3
2015-03-16 15:30:00,35,12.0,8.004984770221668,12.818823157023093,17.0,5,36,6,3
2015-03-16 16:30:00,35,17.0,6.624699341476109,12.818823157023093,11.0,5,36,6,3
2015-03-16 17:30:00,35,17.0,7.923530065501424,12.818823157023093,7.0,5,36,6,3
2015-03-16 18:30:00,35,15.0,9.485296317708901,12.818823157023093,12.0,5,36,6,3
2015-03-16 19:30:00,35,16.0,10.758735763046609,12.818823157023093,17.0,5,36,6,3
2015-03-16 20:30:00,35,11.0,11.44586514909976,12.818823157023093,17.0,5,36,6,3
2015-03-16 21:30:00,35,9.0,10.099579892681724,12.818823157023093,15.0,5,36,6,3
2015-03-16 22:30:00,35,6.0,9.608877266119343,12.818823157023093,16.0,5,36,6,3
2015-03-16 23:30:00,35,3.0,6.0511495852331905,12.818823157023093,11.0,5,36,6,3
2015-03-17 00:30:00,35,4.0,4.44966688980859,12.818823157023093,9.0,5,36,6,3
2015-03-17 01:30:00,35,3.0,3.8232610269461986,12.818823157023093,6.0,5,36,6,3
2015-03-17 02:30:00,35,3.0,-0.7944576990571832,12.818823157023093,3.0,5,36,6,3
2015-03-17 03:30:00,35,2.0,0.09444182338541651,12.818823157023093,4.0,5,36,6,3
2015-03-17 04:30:00,35,13.0,-1.237794166947232,12.818823157023093,3.0,5,36,6,3
2015-03-17 05:30:00,35,45.0,-4.359729478025386,12.818823157023093,3.0,5,36,6,3
2015-03-17 06:30:00,35,25.0,-2.3125436233695638,12.818823157023093,2.0,5,36,6,3
2015-03-17 07:30:00,35,-18.0,7.289718053779048,12.818823157023093,13.0,5,36,6,3
2015-03-17 08:30:00,35,-54.0,18.062008990669753,12.818823157023093,45.0,5,36,6,3
2015-03-17 09:30:00,35,-83.0,-22.865924771530803,12.818823157023093,25.0,5,36,6,3
2015-03-17 10:30:00,35,-75.0,-60.79142820264274,12.818823157023093,-18.0,5,36,6,3
2015-03-17 11:30:00,35,-54.0,-122.05689137868077,12.818823157023093,-54.0,5,36,6,3
2015-03-17 12:30:00,35,-55.0,-108.82622459890013,12.818823157023093,-83.0,5,36,6,3
2015-03-17 13:30:00,35,-75.0,-87.03490760870363,12.818823157023093,-75.0,5,36,6,3
2015-03-17 14:30:00,35,-93.0,-74.22095956332295,12.818823157023093,-54.0,5,36,6,3
2015-03-17 15:30:00,35,-118.0,-97.16139788429129,12.818823157023093,-55.0,5,36,6,3
2015-03-17 16:30:00,35,-143.0,-106.35977010469261,12.818823157023093,-75.0,5,36,6,3
2015-03-17 17:30:00,35,-162.0,-136.85892912525566,12.818823157023093,-93.0,5,36,6,3
2015-03-17 18:30:00,35,-154.0,-147.92656072477584,12.818823157023093,-118.0,5,36,6,3
2015-03-17 19:30:00,35,-177.0,-160.83979772274276,12.818823157023093,-143.0,5,36,6,3
2015-03-17 20:30:00,35,-182.0,-171.5389065973243,12.818823157023093,-162.0,5,36,6,3
2015-03-17 21:30:00,35,-198.0,-144.9464178148782,12.818823157023093,-154.0,5,36,6,3
2015-03-17 22:30:00,35,-234.0,-160.7589336131295,12.818823157023093,-177.0,5,36,6,3
2015-03-17 23:30:00,35,-225.0,-157.7480797576681,12.818823157023093,-182.0,5,36,6,3
2015-03-18 00:30:00,35,-200.0,-168.4143998265285,12.818823157023093,-198.0,5,36,6,3
2015-03-18 01:30:00,35,-189.0,-187.21140393517265,12.818823157023093,-234.0,5,36,6,3
2015-03-18 02:30:00,35,-172.0,-173.83570079203622,12.818823157023093,-225.0,5,36,6,3
2015-03-18 03:30:00,35,-155.0,-151.79320844483917,12.818823157023093,-200.0,5,36,6,3
2015-03-18 04:30:00,35,-148.0,-146.93473168355825,12.818823157023093,-189.0,5,36,6,3
2015-03-18 05:30:00,35,-136.0,-135.0118321508453,12.818823157023093,-172.0,5,36,6,3
2015-03-18 06:30:00,35,-133.0,-127.44984377905274,12.818823157023093,-155.0,5,36,6,3
2015-03-18 07:30:00,35,-124.0,-120.84905972117781,12.818823157023093,-148.0,5,36,6,3
2015-03-18 08:30:00,35,-123.0,-113.77910173721008,12.818823157023093,-136.0,5,36,6,3
2015-03-18 09:30:00,35,-117.0,-108.51895995038782,12.818823157023093,-133.0,5,36,6,3
2015-03-18 10:30:00,35,-111.0,-107.44294739640088,12.818823157023093,-124.0,5,36,6,3
2015-03-18 11:30:00,35,-99.0,-106.165710036543,12.818823157023093,-123.0,5,36,6,3
2015-03-18 12:30:00,35,-97.0,-102.65210024124073,12.818823157023093,-117.0,5,36,6,3
2015-03-18 13:30:00,35,-91.0,-98.77150671700858,12.818823157023093,-111.0,5,36,6,3
2015-03-18 14:30:00,35,-88.0,-91.52756889852908,12.818823157023093,-99.0,5,36,6,3
2015-03-18 15:30:00,35,-91.0,-88.11209704199135,12.818823157023093,-97.0,5,36,6,3
2015-03-18 16:30:00,35,-86.0,-83.47316215672464,12.818823157023093,-91.0,5,36,6,3
2015-03-18 17:30:00,35,-82.0,-91.2250376326991,12.818823157023093,-88.0,5,36,6,3
2015-03-18 18:30:00,35,-88.0,-86.78014126101604,12.818823157023093,-91.0,5,36,6,3
2015-03-18 19:30:00,35,-94.0,-77.00866330843033,12.818823157023093,-86.0,5,36,6,3
2015-03-18 20:30:00,35,-95.0,-77.39469696274568,12.818823157023093,-82.0,5,36,6,3
2015-03-18 21:30:00,35,-94.0,-88.01905460261708,12.818823157023093,-88.0,5,36,6,3
2015-03-18 22:30:00,35,-94.0,-85.31111137334636,12.818823157023093,-94.0,5,36,6,3
2015-03-18 23:30:00,35,-93.0,-85.70230950166304,12.818823157023093,-95.0,5,36,6,3
2015-03-19 00:30:00,35,-99.0,-87.30321022380703,12.818823157023093,-94.0,5,36,6,3
2015-03-19 01:30:00,35,-94.0,-89.7140668706064,12.818823157023093,-94.0,5,36,6,3
2015-03-19 02:30:00,35,-86.0,-88.57676606380086,12.818823157023093,-93.0,5,36,6,3
2015-03-19 03:30:00,35,-81.0,-88.7080376813418,12.818823157023093,-99.0,5,36,6,3
2015-03-19 04:30:00,35,-86.0,-85.671137288388,12.818823157023093,-94.0,5,36,6,3
2015-03-19 05:30:00,35,-84.0,-80.77384506474661,12.818823157023093,-86.0,5,36,6,3
2015-03-19 06:30:00,35,-81.0,-76.70118311425853,12.818823157023093,-81.0,5,36,6,3
2015-03-19 07:30:00,35,-73.0,-78.45500917089555,12.818823157023093,-86.0,5,36,6,3
2015-03-19 08:30:00,35,-71.0,-73.34354215816123,12.818823157023093,-84.0,5,36,6,3
2015-03-19 09:30:00,35,-76.0,-74.11785114165062,12.818823157023093,-81.0,5,36,6,3
2015-03-19 10:30:00,35,-75.0,-69.08221309192392,12.818823157023093,-73.0,5,36,6,3
2015-03-19 11:30:00,35,-76.0,-72.35486870539856,12.818823157023093,-71.0,5,36,6,3
2015-03-19 12:30:00,35,-77.0,-73.3161506157536,12.818823157023093,-76.0,5,36,6,3
2015-03-19 13:30:00,35,-83.0,-68.81970865506074,12.818823157023093,-75.0,5,36,6,3
2015-03-19 14:30:00,35,-84.0,-76.83549392559824,12.818823157023093,-76.0,5,36,6,3
2015-03-19 15:30:00,35,-80.0,-71.3375966545351,12.818823157023093,-77.0,5,36,6,3
2015-03-19 16:30:00,35,-73.0,-75.98871418047605,12.818823157023093,-83.0,5,36,6,3
2015-03-19 17:30:00,35,-72.0,-72.01830709084874,12.818823157023093,-84.0,5,36,6,3
2015-03-19 18:30:00,35,-71.0,-67.69302347198494,12.818823157023093,-80.0,5,36,6,3
2015-03-19 19:30:00,35,-70.0,-65.64022696381267,12.818823157023093,-73.0,5,36,6,3
2015-03-19 20:30:00,35,-71.0,-67.54899586231554,12.818823157023093,-72.0,5,36,6,3
2015-03-19 21:30:00,35,-69.0,-65.18429616303877,12.818823157023093,-71.0,5,36,6,3
2015-03-19 22:30:00,35,-65.0,-64.4104484472607,12.818823157023093,-70.0,5,36,6,3
2015-03-19 23:30:00,35,-70.0,-69.84909006107418,12.818823157023093,-71.0,5,36,6,3
2015-03-20 00:30:00,35,-75.0,-63.99384610751685,12.818823157023093,-69.0,5,36,6,3
2015-03-20 01:30:00,35,-81.0,-60.46116267680654,12.818823157023093,-65.0,5,36,6,3
2015-03-20 02:30:00,35,-74.0,-63.729285365062154,12.818823157023093,-70.0,5,36,6,3
2015-03-20 03:30:00,35,-69.0,-71.37682596456179,12.818823157023093,-75.0,5,36,6,3
2015-03-20 04:30:00,35,-65.0,-69.48523174420687,12.818823157023093,-81.0,5,36,6,3
2015-03-20 05:30:00,35,-64.0,-68.09594081780793,12.818823157023093,-74.0,5,36,6,3
2015-03-20 06:30:00,35,-71.0,-65.69754702104012,12.818823157023093,-69.0,5,36,6,3
2015-03-20 07:30:00,35,-68.0,-62.232713053023204,12.818823157023093,-65.0,5,36,6,3
2015-03-20 08:30:00,35,-63.0,-65.09024928089127,12.818823157023093,-64.0,5,36,6,3
2015-03-20 09:30:00,35,-61.0,-59.10208047458474,12.818823157023093,-71.0,5,36,6,3
2015-03-20 10:30:00,35,-62.0,-62.37758775713439,12.818823157023093,-68.0,5,36,6,3
2015-03-20 11:30:00,35,-65.0,-60.21388222987293,12.818823157023093,-63.0,5,36,6,3
2015-03-20 12:30:00,35,-58.0,-60.3208467633935,12.818823157023093,-61.0,5,36,6,3
2015-03-20 13:30:00,35,-57.0,-58.20460870126432,12.818823157023093,-62.0,5,36,6,3
2015-03-20 14:30:00,35,-55.0,-56.4420358017653,12.818823157023093,-65.0,5,36,6,3
2015-03-20 15:30:00,35,-56.0,-54.85099844899945,12.818823157023093,-58.0,5,36,6,3
2015-03-20 16:30:00,35,-62.0,-52.80407987096139,12.818823157023093,-57.0,5,36,6,3
2015-03-20 17:30:00,35,-66.0,-53.147278136366836,12.818823157023093,-55.0,5,36,6,3
2015-03-20 18:30:00,35,-64.0,-53.44846439728161,12.818823157023093,-56.0,5,36,6,3
2015-03-20 19:30:00,35,-60.0,-59.92924987560677,12.818823157023093,-62.0,5,36,6,3
2015-03-20 20:30:00,35,-59.0,-58.32179225450118,12.818823157023093,-66.0,5,36,6,3
2015-03-20 21:30:00,35,-56.0,-56.831619493092404,12.818823157023093,-64.0,5,36,6,3
2015-03-20 22:30:00,35,-56.0,-57.69816477518958,12.818823157023093,-60.0,5,36,6,3
2015-03-20 23:30:00,35,-65.0,-54.20025748118094,12.818823157023093,-59.0,5,36,6,3
2015-03-21 00:30:00,35,-69.0,-54.50222401738307,12.818823157023093,-56.0,5,36,6,3
2015-03-21 01:30:00,35,-65.0,-57.86721076955568,12.818823157023093,-56.0,5,36,6,3
2015-03-21 02:30:00,35,-64.0,-62.761916445283205,12.818823157023093,-65.0,5,36,6,3
2015-03-21 03:30:00,35,-58.0,-62.89619276931741,12.818823157023093,-69.0,5,36,6,3
2015-03-21 04:30:00,35,-48.0,-58.45847406809526,12.818823157023093,-65.0,5,36,6,3
2015-03-21 05:30:00,35,-46.0,-58.593263390799045,12.818823157023093,-64.0,5,36,6,3
2015-03-21 06:30:00,35,-49.0,-54.49218390056415,12.818823157023093,-58.0,5,36,6,3
2015-03-21 07:30:00,35,-46.0,-49.942660588037654,12.818823157023093,-48.0,5,36,6,3
2015-03-21 08:30:00,35,-45.0,-48.45610144961018,12.818823157023093,-46.0,5,36,6,3
2015-03-21 09:30:00,35,-44.0,-50.00580684444105,12.818823157023093,-49.0,5,36,6,3
2015-03-21 10:30:00,35,-50.0,-49.11266215023484,12.818823157023093,-46.0,5,36,6,3
2015-03-21 11:30:00,35,-48.0,-46.23745225601711,12.818823157023093,-45.0,5,36,6,3
2015-03-21 12:30:00,35,-46.0,-46.26023974313811,12.818823157023093,-44.0,5,36,6,3
2015-03-21 13:30:00,35,-45.0,-47.190444280308256,12.818823157023093,-50.0,5,36,6,3
2015-03-21 14:30:00,35,-46.0,-46.8659586113312,12.818823157023093,-48.0,5,36,6,3
2015-03-21 15:30:00,35,-46.0,-45.291286562761925,12.818823157023093,-46.0,5,36,6,3
2015-03-21 16:30:00,35,-46.0,-44.60481566869851,12.818823157023093,-45.0,5,36,6,3
2015-03-21 17:30:00,35,-44.0,-43.79252861773577,12.818823157023093,-46.0,5,36,6,3
2015-03-21 18:30:00,35,-44.0,-43.81523419750616,12.818823157023093,-46.0,5,36,6,3
2015-03-21 19:30:00,35,-44.0,-43.65887414292919,12.818823157023093,-46.0,5,36,6,3
2015-03-21 20:30:00,35,-47.0,-41.62243000621392,12.818823157023093,-44.0,5,36,6,3
2015-03-21 21:30:00,35,-40.0,-41.770176856237775,12.818823157023093,-44.0,5,36,6,3
2015-03-21 22:30:00,35,-43.0,-41.81578308460039,12.818823157023093,-44.0,5,36,6,3
2015-03-21 23:30:00,35,-41.0,-42.49490063849039,12.818823157023093,-47.0,5,36,6,3
2015-03-22 00:30:00,35,-39.0,-38.71628769326731,12.818823157023093,-40.0,5,36,6,3
2015-03-22 01:30:00,35,-42.0,-39.9287541213134,12.818823157023093,-43.0,5,36,6,3
2015-03-22 02:30:00,35,-36.0,-39.2243681497617,12.818823157023093,-41.0,5,36,6,3
2015-03-22 03:30:00,35,-33.0,-39.38549876864728,12.818823157023093,-39.0,5,36,6,3
2015-03-22 04:30:00,35,-40.0,-41.01152295399696,12.818823157023093,-42.0,5,36,6,3
2015-03-22 05:30:00,35,-43.0,-38.81543330798998,12.818823157023093,-36.0,5,36,6,3
2015-03-22 06:30:00,35,-45.0,-39.95632995525991,12.818823157023093,-33.0,5,36,6,3
2015-03-22 07:30:00,35,-56.0,-39.566572749676915,12.818823157023093,-40.0,5,36,6,3
2015-03-22 08:30:00,35,-50.0,-40.11247715849814,12.818823157023093,-43.0,5,36,6,3
2015-03-22 09:30:00,35,-50.0,-51.06699309024014,12.818823157023093,-45.0,5,36,6,3
2015-03-22 10:30:00,35,-45.0,-51.52616354227612,12.818823157023093,-56.0,5,36,6,3
2015-03-22 11:30:00,35,-33.0,-44.265732169932676,12.818823157023093,-50.0,5,36,6,3
2015-03-22 12:30:00,35,-41.0,-50.02111920809102,12.818823157023093,-50.0,5,36,6,3
2015-03-22 13:30:00,35,-48.0,-45.10663721810555,12.818823157023093,-45.0,5,36,6,3
2015-03-22 14:30:00,35,-55.0,-39.57901512287082,12.818823157023093,-33.0,5,36,6,3
2015-03-22 15:30:00,35,-51.0,-45.8994529519185,12.818823157023093,-41.0,5,36,6,3
2015-03-22 16:30:00,35,-49.0,-45.5685515663868,12.818823157023093,-48.0,5,36,6,3
2015-03-22 17:30:00,35,-52.0,-48.55503367412996,12.818823157023093,-55.0,5,36,6,3
2015-03-22 18:30:00,35,-54.0,-46.36533118487773,12.818823157023093,-51.0,5,36,6,3
2015-03-22 19:30:00,35,-52.0,-45.989256817758985,12.818823157023093,-49.0,5,36,6,3
2015-03-22 20:30:00,35,-47.0,-47.23066725582518,12.818823157023093,-52.0,5,36,6,3
2015-03-22 21:30:00,35,-46.0,-47.005335823397175,12.818823157023093,-54.0,5,36,6,3
2015-03-22 22:30:00,35,-45.0,-45.77117418585953,12.818823157023093,-52.0,5,36,6,3
2015-03-22 23:30:00,35,-44.0,-43.019866403084876,12.818823157023093,-47.0,5,36,6,3
2015-03-23 00:30:00,35,-40.0,-40.95491904722315,12.818823157023093,-46.0,5,36,6,3
2015-03-23 01:30:00,35,-45.0,-39.763354081777535,12.818823157023093,-45.0,5,36,6,3
2015-03-23 02:30:00,35,-46.0,-39.30505335647758,12.818823157023093,-44.0,5,36,6,3
2015-03-23 03:30:00,35,-47.0,-39.35958263627882,12.818823157023093,-40.0,5,36,6,3
2015-03-23 04:30:00,35,-50.0,-45.78957747426656,12.818823157023093,-45.0,5,36,6,3
2015-03-23 05:30:00,35,-47.0,-42.28000377143816,12.818823157023093,-46.0,5,36,6,3
2015-03-23 06:30:00,35,-44.0,-42.83956353665206,12.818823157023093,-47.0,5,36,6,3
2015-03-23 07:30:00,35,-46.0,-46.576723279506695,12.818823157023093,-50.0,5,36,6,3
2015-03-23 08:30:00,35,-47.0,-41.507932151894266,12.818823157023093,-47.0,5,36,6,3
2015-03-23 09:30:00,35,-44.0,-40.90494424720687,12.818823157023093,-44.0,5,36,6,3
2015-03-23 10:30:00,35,-46.0,-42.72062975266016,12.818823157023093,-46.0,5,36,6,3
2015-03-23 11:30:00,35,-42.0,-45.103456841899806,12.818823157023093,-47.0,5,36,6,3
2015-03-23 12:30:00,35,-36.0,-43.92806803933457,12.818823157023093,-44.0,5,36,6,3
2015-03-23 13:30:00,35,-35.0,-43.51459111165329,12.818823157023093,-46.0,5,36,6,3
2015-03-23 14:30:00,35,-32.0,-41.71361228654682,12.818823157023093,-42.0,5,36,6,3
2015-03-23 15:30:00,35,-37.0,-39.32532057597502,12.818823157023093,-36.0,5,36,6,3
2015-03-23 16:30:00,35,-39.0,-39.51033365393179,12.818823157023093,-35.0,5,36,6,3
2015-03-23 17:30:00,35,-35.0,-37.264887823951256,12.818823157023093,-32.0,5,36,6,3
2015-03-23 18:30:00,35,-36.0,-34.780908659331196,12.818823157023093,-37.0,5,36,6,3
2015-03-23 19:30:00,35,-37.0,-34.54388845522126,12.818823157023093,-39.0,5,36,6,3
2015-03-23 20:30:00,35,-40.0,-33.42535743180189,12.818823157023093,-35.0,5,36,6,3
2015-03-23 21:30:00,35,-50.0,-33.8907228681656,12.818823157023093,-36.0,5,36,6,3
2015-03-23 22:30:00,35,-47.0,-35.51375635748989,12.818823157023093,-37.0,5,36,6,3
2015-03-23 23:30:00,35,-47.0,-39.11631996043806,12.818823157023093,-40.0,5,36,6,3
2015-03-24 00:30:00,35,-48.0,-40.322944562247905,12.818823157023093,-50.0,5,36,6,3
2015-03-24 01:30:00,35,-48.0,-42.05555607621405,12.818823157023093,-47.0,5,36,6,3
2015-03-24 02:30:00,35,-45.0,-41.20231481108458,12.818823157023093,-47.0,5,36,6,3
2015-03-24 03:30:00,35,-40.0,-42.21045796440459,12.818823157023093,-48.0,5,36,6,3
2015-03-24 04:30:00,35,-34.0,-42.441046555467494,12.818823157023093,-48.0,5,36,6,3
2015-03-24 05:30:00,35,-33.0,-40.814627382696806,12.818823157023093,-45.0,5,36,6,3
2015-03-24 06:30:00,35,-32.0,-37.26605500369738,12.818823157023093,-40.0,5,36,6,3
2015-03-24 07:30:00,35,-29.0,-34.26897774906213,12.818823157023093,-34.0,5,36,6,3
2015-03-24 08:30:00,35,-30.0,-31.910108627232514,12.818823157023093,-33.0,5,36,6,3
2015-03-24 09:30:00,35,-29.0,-30.03107014361678,12.818823157023093,-32.0,5,36,6,3
2015-03-24 10:30:00,35,-26.0,-28.99538321876711,12.818823157023093,-29.0,5,36,6,3
2015-03-24 11:30:00,35,-31.0,-29.39316653641319,12.818823157023093,-30.0,5,36,6,3
2015-03-24 12:30:00,35,-32.0,-28.87829612221287,12.818823157023093,-29.0,5,36,6,3
2015-03-24 13:30:00,35,-30.0,-28.31219885714673,12.818823157023093,-26.0,5,36,6,3
2015-03-24 14:30:00,35,-28.0,-32.095603449738235,12.818823157023093,-31.0,5,36,6,3
2015-03-24 15:30:00,35,-26.0,-30.797793805916722,12.818823157023093,-32.0,5,36,6,3
2015-03-24 16:30:00,35,-33.0,-30.761234567746936,12.818823157023093,-30.0,5,36,6,3
2015-03-24 17:30:00,35,-34.0,-29.983717187116092,12.818823157023093,-28.0,5,36,6,3
2015-03-24 18:30:00,35,-31.0,-31.711393042270068,12.818823157023093,-26.0,5,36,6,3
2015-03-24 19:30:00,35,-31.0,-34.53252381032479,12.818823157023093,-33.0,5,36,6,3
2015-03-24 20:30:00,35,-28.0,-31.1745907898589,12.818823157023093,-34.0,5,36,6,3
2015-03-24 21:30:00,35,-28.0,-29.733391618878084,12.818823157023093,-31.0,5,36,6,3
2015-03-24 22:30:00,35,-34.0,-27.508848329226332,12.818823157023093,-31.0,5,36,6,3
2015-03-24 23:30:00,35,-34.0,-27.424984901761313,12.818823157023093,-28.0,5,36,6,3
2015-03-25 00:30:00,35,-30.0,-28.52174938354745,12.818823157023093,-28.0,5,36,6,3
2015-03-25 01:30:00,35,-30.0,-30.968549077362553,12.818823157023093,-34.0,5,36,6,3
2015-03-25 02:30:00,35,-36.0,-30.88062315308035,12.818823157023093,-34.0,5,36,6,3
2015-03-25 03:30:00,35,-34.0,-29.61869330709511,12.818823157023093,-30.0,5,36,6,3
2015-03-25 04:30:00,35,-32.0,-31.396201702130103,12.818823157023093,-30.0,5,36,6,3
2015-03-25 05:30:00,35,-34.0,-32.040244319147966,12.818823157023093,-36.0,5,36,6,3
2015-03-25 06:30:00,35,-33.0,-31.667370939788647,12.818823157023093,-34.0,5,36,6,3
2015-03-25 07:30:00,35,-32.0,-31.999009087327675,12.818823157023093,-32.0,5,36,6,3
2015-03-25 08:30:00,35,-31.0,-31.773265962690044,12.818823157023093,-34.0,5,36,6,3
2015-03-25 09:30:00,35,-28.0,-30.806474099056352,12.818823157023093,-33.0,5,36,6,3
2015-03-25 10:30:00,35,-17.0,-29.02311586218089,12.818823157023093,-32.0,5,36,6,3
2015-03-25 11:30:00,35,-13.0,-28.861498110104876,12.818823157023093,-31.0,5,36,6,3
2015-03-25 12:30:00,35,-5.0,-27.257684288372918,12.818823157023093,-28.0,5,36,6,3
2015-03-25 13:30:00,35,-5.0,-22.260622984188814,12.818823157023093,-17.0,5,36,6,3
2015-03-25 14:30:00,35,-4.0,-19.853419836317748,12.818823157023093,-13.0,5,36,6,3
2015-03-25 15:30:00,35,-12.0,-18.239612240083662,12.818823157023093,-5.0,5,36,6,3
2015-03-25 16:30:00,35,-22.0,-18.739910959406416,12.818823157023093,-5.0,5,36,6,3
2015-03-25 17:30:00,35,-17.0,-22.214737624197163,12.818823157023093,-4.0,5,36,6,3
2015-03-25 18:30:00,35,-17.0,-23.3722178156439,12.818823157023093,-12.0,5,36,6,3
2015-03-25 19:30:00,35,-22.0,-22.00869860602156,12.818823157023093,-22.0,5,36,6,3
2015-03-25 20:30:00,35,-28.0,-19.384249143409853,12.818823157023093,-17.0,5,36,6,3
2015-03-25 21:30:00,35,-32.0,-20.788861055285146,12.818823157023093,-17.0,5,36,6,3
2015-03-25 22:30:00,35,-33.0,-23.708692673065787,12.818823157023093,-22.0,5,36,6,3
2015-03-25 23:30:00,35,-31.0,-24.943331205375046,12.818823157023093,-28.0,5,36,6,3
2015-03-26 00:30:00,35,-29.0,-26.471615133701913,12.818823157023093,-32.0,5,36,6,3
2015-03-26 01:30:00,35,-25.0,-28.02528010229756,12.818823157023093,-33.0,5,36,6,3
2015-03-26 02:30:00,35,-25.0,-28.003467420421597,12.818823157023093,-31.0,5,36,6,3
2015-03-26 03:30:00,35,-23.0,-26.65145296037439,12.818823157023093,-29.0,5,36,6,3
2015-03-26 04:30:00,35,-23.0,-23.46093587022472,12.818823157023093,-25.0,5,36,6,3
2015-03-26 05:30:00,35,-26.0,-22.697077079171436,12.818823157023093,-25.0,5,36,6,3
2015-03-26 06:30:00,35,-27.0,-21.251676384423064,12.818823157023093,-23.0,5,36,6,3
2015-03-26 07:30:00,35,-21.0,-21.969823868604728,12.818823157023093,-23.0,5,36,6,3
2015-03-26 08:30:00,35,-18.0,-22.7298421748701,12.818823157023093,-26.0,5,36,6,3
2015-03-26 09:30:00,35,-15.0,-22.466943289450047,12.818823157023093,-27.0,5,36,6,3
2015-03-26 10:30:00,35,-15.0,-17.800606084492713,12.818823157023093,-21.0,5,36,6,3
2015-03-26 11:30:00,35,-10.0,-16.80808837489308,12.818823157023093,-18.0,5,36,6,3
2015-03-26 12:30:00,35,-9.0,-15.323622184819232,12.818823157023093,-15.0,5,36,6,3
2015-03-26 13:30:00,35,-13.0,-14.456062760394168,12.818823157023093,-15.0,5,36,6,3
2015-03-26 14:30:00,35,-11.0,-12.089403751072663,12.818823157023093,-10.0,5,36,6,3
2015-03-26 15:30:00,35,-16.0,-10.817746868338912,12.818823157023093,-9.0,5,36,6,3
2015-03-26 16:30:00,35,-20.0,-12.966114166471261,12.818823157023093,-13.0,5,36,6,3
2015-03-26 17:30:00,35,-20.0,-11.021456915663752,12.818823157023093,-11.0,5,36,6,3
2015-03-26 18:30:00,35,-21.0,-13.954140982255474,12.818823157023093,-16.0,5,36,6,3
2015-03-26 19:30:00,35,-20.0,-15.649794498581777,12.818823157023093,-20.0,5,36,6,3
2015-03-26 20:30:00,35,-27.0,-16.556930261545304,12.818823157023093,-20.0,5,36,6,3
2015-03-26 21:30:00,35,-30.0,-17.0907172322543,12.818823157023093,-21.0,5,36,6,3
2015-03-26 22:30:00,35,-31.0,-18.82446952162328,12.818823157023093,-20.0,5,36,6,3
2015-03-26 23:30:00,35,-29.0,-23.95354823133016,12.818823157023093,-27.0,5,36,6,3
2015-03-27 00:30:00,35,-28.0,-24.241572735412493,12.818823157023093,-30.0,5,36,6,3
2015-03-27 01:30:00,35,-29.0,-27.745084216567804,12.818823157023093,-31.0,5,36,6,3
2015-03-27 02:30:00,35,-27.0,-27.50406537104231,12.818823157023093,-29.0,5,36,6,3
2015-03-27 03:30:00,35,-27.0,-26.8607262411706,12.818823157023093,-28.0,5,36,6,3
2015-03-27 04:30:00,35,-25.0,-26.811833480364946,12.818823157023093,-29.0,5,36,6,3
2015-03-27 05:30:00,35,-30.0,-26.49040909861676,12.818823157023093,-27.0,5,36,6,3
2015-03-27 06:30:00,35,-35.0,-25.30281933399624,12.818823157023093,-27.0,5,36,6,3
2015-03-27 07:30:00,35,-29.0,-26.26062125967885,12.818823157023093,-25.0,5,36,6,3
2015-03-27 08:30:00,35,-23.0,-28.624538528211676,12.818823157023093,-30.0,5,36,6,3
2015-03-27 09:30:00,35,-27.0,-26.992288845351855,12.818823157023093,-35.0,5,36,6,3
2015-03-27 10:30:00,35,-23.0,-25.694155411534982,12.818823157023093,-29.0,5,36,6,3
2015-03-27 11:30:00,35,-22.0,-24.31286661774451,12.818823157023093,-23.0,5,36,6,3
2015-03-27 12:30:00,35,-22.0,-24.061660545487495,12.818823157023093,-27.0,5,36,6,3
2015-03-27 13:30:00,35,-23.0,-23.748204347906402,12.818823157023093,-23.0,5,36,6,3
2015-03-27 14:30:00,35,-29.0,-20.79920293602735,12.818823157023093,-22.0,5,36,6,3
2015-03-27 15:30:00,35,-30.0,-23.321484833770377,12.818823157023093,-22.0,5,36,6,3
2015-03-27 16:30:00,35,-26.0,-27.25348815324685,12.818823157023093,-23.0,5,36,6,3
2015-03-27 17:30:00,35,-23.0,-25.135156065035755,12.818823157023093,-29.0,5,36,6,3
2015-03-27 18:30:00,35,-23.0,-23.37160889915585,12.818823157023093,-30.0,5,36,6,3
2015-03-27 19:30:00,35,-23.0,-21.952190078202072,12.818823157023093,-26.0,5,36,6,3
2015-03-27 20:30:00,35,-21.0,-19.656020965902698,12.818823157023093,-23.0,5,36,6,3
2015-03-27 21:30:00,35,-20.0,-20.870010762897216,12.818823157023093,-23.0,5,36,6,3
2015-03-27 22:30:00,35,-21.0,-19.044843403883085,12.818823157023093,-23.0,5,36,6,3
