time,event_no,DST_true,DST_pred,sigma_nT,DST_persist,fold,L_value,L_idx,H
2001-11-16 04:30:00,15,-27.0,-26.99982422699792,0.07468155501894584,,3,42,7,4
2001-11-16 05:30:00,15,-29.0,-28.99982236849468,0.07468155501894584,,3,42,7,4
2001-11-16 06:30:00,15,-31.0,-30.99983497017818,0.07468155501894584,,3,42,7,4
2001-11-16 07:30:00,15,-32.0,-18.569498456014713,16.537074080510802,,3,42,7,4
2001-11-16 08:30:00,15,-33.0,-23.03680822924199,16.537074080510802,-27.0,3,42,7,4
2001-11-16 09:30:00,15,-33.0,-26.609620946341973,16.537074080510802,-29.0,3,42,7,4
2001-11-16 10:30:00,15,-32.0,-26.77288257986522,16.537074080510802,-31.0,3,42,7,4
2001-11-16 11:30:00,15,-29.0,-29.126069010968592,16.537074080510802,-32.0,3,42,7,4
2001-11-16 12:30:00,15,-32.0,-29.08921973866914,16.537074080510802,-33.0,3,42,7,4
2001-11-16 13:30:00,15,-33.0,-32.999953905346295,0.07468155501894584,-33.0,3,42,7,4
2001-11-16 14:30:00,15,-23.0,-23.00005157953718,0.07468155501894584,-32.0,3,42,7,4
2001-11-16 15:30:00,15,-26.0,-26.000007012112363,0.07468155501894584,-29.0,3,42,7,4
2001-11-16 16:30:00,15,-27.0,-27.000020920523195,0.07468155501894584,-32.0,3,42,7,4
2001-11-16 17:30:00,15,-21.0,-21.000069291383767,0.07468155501894584,-33.0,3,42,7,4
2001-11-16 18:30:00,15,-17.0,-17.000059760898388,0.07468155501894584,-23.0,3,42,7,4
2001-11-16 19:30:00,15,-21.0,-21.00000523603059,0.07468155501894584,-26.0,3,42,7,4
2001-11-16 20:30:00,15,-23.0,-22.99997613098561,0.07468155501894584,-27.0,3,42,7,4
2001-11-16 21:30:00,15,-23.0,-22.999952940807916,0.07468155501894584,-21.0,3,42,7,4
2001-11-16 22:30:00,15,-20.0,-19.99996760552493,0.07468155501894584,-17.0,3,42,7,4
2001-11-16 23:30:00,15,-20.0,-19.99998526843332,0.07468155501894584,-21.0,3,42,7,4
2001-11-17 00:30:00,15,-23.0,-22.999982913225907,0.07468155501894584,-23.0,3,42,7,4
2001-11-17 01:30:00,15,-26.0,-25.999945569132585,0.07468155501894584,-23.0,3,42,7,4
2001-11-17 02:30:00,15,-28.0,-27.999930972166695,0.07468155501894584,-20.0,3,42,7,4
2001-11-17 03:30:00,15,-34.0,-33.99988269872488,0.07468155501894584,-20.0,3,42,7,4
2001-11-17 04:30:00,15,-39.0,-38.999803708187024,0.07468155501894584,-23.0,3,42,7,4
2001-11-17 05:30:00,15,-34.0,-33.99992116425663,0.07468155501894584,-26.0,3,42,7,4
2001-11-17 06:30:00,15,-35.0,-34.999945858788294,0.07468155501894584,-28.0,3,42,7,4
2001-11-17 07:30:00,15,-36.0,-35.99998945882444,0.07468155501894584,-34.0,3,42,7,4
2001-11-17 08:30:00,15,-37.0,-36.99995902575565,0.07468155501894584,-39.0,3,42,7,4
2001-11-17 09:30:00,15,-38.0,-37.99991345480338,0.07468155501894584,-34.0,3,42,7,4
2001-11-17 10:30:00,15,-36.0,-35.999933565766845,0.07468155501894584,-35.0,3,42,7,4
2001-11-17 11:30:00,15,-34.0,-33.99996866905449,0.07468155501894584,-36.0,3,42,7,4
2001-11-17 12:30:00,15,-38.0,-37.99995352563174,0.07468155501894584,-37.0,3,42,7,4
2001-11-17 13:30:00,15,-33.0,-33.000020091033825,0.07468155501894584,-38.0,3,42,7,4
2001-11-17 14:30:00,15,-37.0,-36.999968555891606,0.07468155501894584,-36.0,3,42,7,4
2001-11-17 15:30:00,15,-36.0,-36.00000234441257,0.07468155501894584,-34.0,3,42,7,4
2001-11-17 16:30:00,15,-31.0,-31.000090140930492,0.07468155501894584,-38.0,3,42,7,4
2001-11-17 17:30:00,15,-26.0,-26.00008681078746,0.07468155501894584,-33.0,3,42,7,4
2001-11-17 18:30:00,15,-33.0,-32.99997384433931,0.07468155501894584,-37.0,3,42,7,4
2001-11-17 19:30:00,15,-32.0,-31.99998829057116,0.07468155501894584,-36.0,3,42,7,4
2001-11-17 20:30:00,15,-29.0,-29.000006551999324,0.07468155501894584,-31.0,3,42,7,4
2001-11-17 21:30:00,15,-24.0,-24.00006569795179,0.07468155501894584,-26.0,3,42,7,4
2001-11-17 22:30:00,15,-29.0,-28.99997998224467,0.07468155501894584,-33.0,3,42,7,4
2001-11-17 23:30:00,15,-28.0,-28.00000580434368,0.07468155501894584,-32.0,3,42,7,4
2001-11-18 00:30:00,15,-23.0,-23.000010001195996,0.07468155501894584,-29.0,3,42,7,4
2001-11-18 01:30:00,15,-23.0,-23.00000319830156,0.07468155501894584,-24.0,3,42,7,4
2001-11-18 02:30:00,15,-23.0,-23.00002711308884,0.07468155501894584,-29.0,3,42,7,4
2001-11-18 03:30:00,15,-28.0,-27.999958134898705,0.07468155501894584,-28.0,3,42,7,4
2001-11-18 04:30:00,15,-33.0,-32.99989347357301,0.07468155501894584,-23.0,3,42,7,4
2001-11-18 05:30:00,15,-38.0,-37.99983194267674,0.07468155501894584,-23.0,3,42,7,4
2001-11-18 06:30:00,15,-38.0,-37.99985636320373,0.07468155501894584,-23.0,3,42,7,4
2001-11-18 07:30:00,15,-37.0,-36.99986855102937,0.07468155501894584,-28.0,3,42,7,4
2001-11-18 08:30:00,15,-33.0,-32.99994856766394,0.07468155501894584,-33.0,3,42,7,4
2001-11-18 09:30:00,15,-29.0,-29.000005659885172,0.07468155501894584,-38.0,3,42,7,4
2001-11-18 10:30:00,15,-30.0,-30.00001681724675,0.07468155501894584,-38.0,3,42,7,4
2001-11-18 11:30:00,15,-28.0,-28.000022685308398,0.07468155501894584,-37.0,3,42,7,4
2001-11-18 12:30:00,15,-33.0,-32.99997954604361,0.07468155501894584,-33.0,3,42,7,4
2001-11-18 13:30:00,15,-31.0,-30.999986280401178,0.07468155501894584,-29.0,3,42,7,4
2001-11-18 14:30:00,15,-26.0,-25.999998948385382,0.07468155501894584,-30.0,3,42,7,4
2001-11-18 15:30:00,15,-26.0,-26.00000228507975,0.07468155501894584,-28.0,3,42,7,4
2001-11-18 16:30:00,15,-29.0,-29.000005124497093,0.07468155501894584,-33.0,3,42,7,4
2001-11-18 17:30:00,15,-27.0,-27.00000800915302,0.07468155501894584,-31.0,3,42,7,4
2001-11-18 18:30:00,15,-26.0,-26.000001449132057,0.07468155501894584,-26.0,3,42,7,4
2001-11-18 19:30:00,15,-27.0,-27.00000252378969,0.07468155501894584,-26.0,3,42,7,4
2001-11-18 20:30:00,15,-30.0,-30.000026221627135,0.07468155501894584,-29.0,3,42,7,4
2001-11-18 21:30:00,15,-27.0,-26.999999994135752,0.07468155501894584,-27.0,3,42,7,4
2001-11-18 22:30:00,15,-24.0,-24.00002067506658,0.07468155501894584,-26.0,3,42,7,4
2001-11-18 23:30:00,15,-29.0,-28.999956994953504,0.07468155501894584,-27.0,3,42,7,4
2001-11-19 00:30:00,15,-35.0,-34.99988076217988,0.07468155501894584,-30.0,3,42,7,4
2001-11-19 01:30:00,15,-28.0,-27.999940398945693,0.07468155501894584,-27.0,3,42,7,4
2001-11-19 02:30:00,15,-33.0,-32.99993606740073,0.07468155501894584,-24.0,3,42,7,4
2001-11-19 03:30:00,15,-36.0,-35.999944649179405,0.07468155501894584,-29.0,3,42,7,4
2001-11-19 04:30:00,15,-37.0,-36.99993148975652,0.07468155501894584,-35.0,3,42,7,4
2001-11-19 05:30:00,15,-39.0,-38.99992139349403,0.07468155501894584,-28.0,3,42,7,4
2001-11-19 06:30:00,15,-39.0,-38.999902660021924,0.07468155501894584,-33.0,3,42,7,4
2001-11-19 07:30:00,15,-35.0,-34.99992513606418,0.07468155501894584,-36.0,3,42,7,4
2001-11-19 08:30:00,15,-29.0,-29.000027946059596,0.07468155501894584,-37.0,3,42,7,4
2001-11-19 09:30:00,15,-31.0,-30.999993692173653,0.07468155501894584,-39.0,3,42,7,4
2001-11-19 10:30:00,15,-28.0,-28.000045509585057,0.07468155501894584,-39.0,3,42,7,4
2001-11-19 11:30:00,15,-25.0,-25.000045270027684,0.07468155501894584,-35.0,3,42,7,4
2001-11-19 12:30:00,15,-30.0,-30.000001340850666,0.07468155501894584,-29.0,3,42,7,4
2001-11-19 13:30:00,15,-33.0,-32.999956964837175,0.07468155501894584,-31.0,3,42,7,4
2001-11-19 14:30:00,15,-36.0,-35.99990337915732,0.07468155501894584,-28.0,3,42,7,4
2001-11-19 15:30:00,15,-48.0,-47.99978295992415,0.07468155501894584,-25.0,3,42,7,4
2001-11-19 16:30:00,15,-47.0,-46.999803762442625,0.07468155501894584,-30.0,3,42,7,4
2001-11-19 17:30:00,15,-46.0,-45.99981262207271,0.07468155501894584,-33.0,3,42,7,4
2001-11-19 18:30:00,15,-36.0,-36.00000468588795,0.07468155501894584,-36.0,3,42,7,4
2001-11-19 19:30:00,15,-32.0,-32.000146792131204,0.07468155501894584,-48.0,3,42,7,4
2001-11-19 20:30:00,15,-40.0,-40.00000583836689,0.07468155501894584,-47.0,3,42,7,4
2001-11-19 21:30:00,15,-47.0,-46.999895497918935,0.07468155501894584,-46.0,3,42,7,4
2001-11-19 22:30:00,15,-39.0,-38.99994294338181,0.07468155501894584,-36.0,3,42,7,4
2001-11-19 23:30:00,15,-36.0,-35.999992553996,0.07468155501894584,-32.0,3,42,7,4
2001-11-20 00:30:00,15,-34.0,-34.0000429222281,0.07468155501894584,-40.0,3,42,7,4
2001-11-20 01:30:00,15,-39.0,-38.99998730233553,0.07468155501894584,-47.0,3,42,7,4
2001-11-20 02:30:00,15,-35.0,-35.00001528546709,0.07468155501894584,-39.0,3,42,7,4
2001-11-20 03:30:00,15,-26.0,-26.00008624292962,0.07468155501894584,-36.0,3,42,7,4
2001-11-20 04:30:00,15,-30.0,-30.000065809057006,0.07468155501894584,-34.0,3,42,7,4
2001-11-20 05:30:00,15,-38.0,-37.999987870130134,0.07468155501894584,-39.0,3,42,7,4
2001-11-20 06:30:00,15,-40.0,-39.99993550977829,0.07468155501894584,-35.0,3,42,7,4
2001-11-20 07:30:00,15,-39.0,-38.99991025322056,0.07468155501894584,-26.0,3,42,7,4
2001-11-20 08:30:00,15,-34.0,-33.999975974594925,0.07468155501894584,-30.0,3,42,7,4
2001-11-20 09:30:00,15,-33.0,-33.00005162706439,0.07468155501894584,-38.0,3,42,7,4
2001-11-20 10:30:00,15,-35.0,-35.000033629748565,0.07468155501894584,-40.0,3,42,7,4
2001-11-20 11:30:00,15,-34.0,-33.99999515540882,0.07468155501894584,-39.0,3,42,7,4
2001-11-20 12:30:00,15,-33.0,-32.999966795225525,0.07468155501894584,-34.0,3,42,7,4
2001-11-20 13:30:00,15,-31.0,-30.99997167617608,0.07468155501894584,-33.0,3,42,7,4
2001-11-20 14:30:00,15,-32.0,-31.999962073697077,0.07468155501894584,-35.0,3,42,7,4
2001-11-20 15:30:00,15,-31.0,-30.999967539777703,0.07468155501894584,-34.0,3,42,7,4
2001-11-20 16:30:00,15,-31.0,-30.999961086592748,0.07468155501894584,-33.0,3,42,7,4
2001-11-20 17:30:00,15,-30.0,-29.99995821859586,0.07468155501894584,-31.0,3,42,7,4
2001-11-20 18:30:00,15,-28.0,-27.99997639825402,0.07468155501894584,-32.0,3,42,7,4
2001-11-20 19:30:00,15,-27.0,-26.9999825464835,0.07468155501894584,-31.0,3,42,7,4
2001-11-20 20:30:00,15,-28.0,-27.999973071903575,0.07468155501894584,-31.0,3,42,7,4
2001-11-20 21:30:00,15,-28.0,-27.99996864451037,0.07468155501894584,-30.0,3,42,7,4
2001-11-20 22:30:00,15,-26.0,-25.999978940685303,0.07468155501894584,-28.0,3,42,7,4
2001-11-20 23:30:00,15,-24.0,-23.999987056938917,0.07468155501894584,-27.0,3,42,7,4
2001-11-21 00:30:00,15,-24.0,-23.999983689582876,0.07468155501894584,-28.0,3,42,7,4
2001-11-21 01:30:00,15,-25.0,-24.99997548412645,0.07468155501894584,-28.0,3,42,7,4
2001-11-21 02:30:00,15,-26.0,-25.99996226845046,0.07468155501894584,-26.0,3,42,7,4
2001-11-21 03:30:00,15,-26.0,-25.99995138747987,0.07468155501894584,-24.0,3,42,7,4
2001-11-21 04:30:00,15,-25.0,-24.999958688846966,0.07468155501894584,-24.0,3,42,7,4
2001-11-21 05:30:00,15,-26.0,-25.99995357018902,0.07468155501894584,-25.0,3,42,7,4
2001-11-21 06:30:00,15,-29.0,-28.999929445091585,0.07468155501894584,-26.0,3,42,7,4
2001-11-21 07:30:00,15,-26.0,-25.999952736781218,0.07468155501894584,-26.0,3,42,7,4
2001-11-21 08:30:00,15,-21.0,-21.000007765694754,0.07468155501894584,-25.0,3,42,7,4
2001-11-21 09:30:00,15,-20.0,-20.000035564419655,0.07468155501894584,-26.0,3,42,7,4
2001-11-21 10:30:00,15,-21.0,-21.000059181276093,0.07468155501894584,-29.0,3,42,7,4
2001-11-21 11:30:00,15,-20.0,-20.00003931852826,0.07468155501894584,-26.0,3,42,7,4
2001-11-21 12:30:00,15,-20.0,-20.000018660102413,0.07468155501894584,-21.0,3,42,7,4
2001-11-21 13:30:00,15,-21.0,-20.9999978260361,0.07468155501894584,-20.0,3,42,7,4
2001-11-21 14:30:00,15,-19.0,-19.00002158924233,0.07468155501894584,-21.0,3,42,7,4
2001-11-21 15:30:00,15,-14.0,-14.000079203653943,0.07468155501894584,-20.0,3,42,7,4
2001-11-21 16:30:00,15,-16.0,-16.000065274795027,0.07468155501894584,-20.0,3,42,7,4
2001-11-21 17:30:00,15,-19.0,-19.000010847741088,0.07468155501894584,-21.0,3,42,7,4
2001-11-21 18:30:00,15,-16.0,-16.000029389331896,0.07468155501894584,-19.0,3,42,7,4
2001-11-21 19:30:00,15,-11.0,-11.000088446680806,0.07468155501894584,-14.0,3,42,7,4
2001-11-21 20:30:00,15,-10.0,-10.000124922667496,0.07468155501894584,-16.0,3,42,7,4
2001-11-21 21:30:00,15,-12.0,-12.000073022390922,0.07468155501894584,-19.0,3,42,7,4
2001-11-21 22:30:00,15,-12.0,-12.000042947542106,0.07468155501894584,-16.0,3,42,7,4
2001-11-21 23:30:00,15,-12.0,-12.000030991498136,0.07468155501894584,-11.0,3,42,7,4
2001-11-22 00:30:00,15,-12.0,-12.000033259843786,0.07468155501894584,-10.0,3,42,7,4
2001-11-22 01:30:00,15,-13.0,-13.0000175456371,0.07468155501894584,-12.0,3,42,7,4
2001-11-22 02:30:00,15,-15.0,-15.00000463219731,0.07468155501894584,-12.0,3,42,7,4
2001-11-22 03:30:00,15,-18.0,-17.99996592891457,0.07468155501894584,-12.0,3,42,7,4
2001-11-22 04:30:00,15,-21.0,-20.999917359805345,0.07468155501894584,-12.0,3,42,7,4
2001-11-22 05:30:00,15,-16.0,-15.999997822251096,0.07468155501894584,-13.0,3,42,7,4
2001-11-22 06:30:00,15,-19.0,-19.000001826731534,0.07468155501894584,-15.0,3,42,7,4
2001-11-22 07:30:00,15,-19.0,-19.00005939231916,0.07468155501894584,-18.0,3,42,7,4
2001-11-22 08:30:00,15,-18.0,-18.000055674755906,0.07468155501894584,-21.0,3,42,7,4
2001-11-22 09:30:00,15,-21.0,-20.999966502442657,0.07468155501894584,-16.0,3,42,7,4
2001-11-22 10:30:00,15,-18.0,-18.000000647260823,0.07468155501894584,-19.0,3,42,7,4
2001-11-22 11:30:00,15,-16.0,-16.00003611845477,0.07468155501894584,-19.0,3,42,7,4
2001-11-22 12:30:00,15,-15.0,-15.000125886154489,0.07468155501894584,-18.0,3,42,7,4
2001-11-22 13:30:00,15,-14.0,-14.000057532101778,0.07468155501894584,-21.0,3,42,7,4
2001-11-22 14:30:00,15,-16.0,-16.00003330769691,0.07468155501894584,-18.0,3,42,7,4
2001-11-22 15:30:00,15,-15.0,-15.000012760828007,0.07468155501894584,-16.0,3,42,7,4
2001-11-22 16:30:00,15,-15.0,-15.000023362545402,0.07468155501894584,-15.0,3,42,7,4
2001-11-22 17:30:00,15,-11.0,-11.000051682645523,0.07468155501894584,-14.0,3,42,7,4
2001-11-22 18:30:00,15,-9.0,-9.000070246502673,0.07468155501894584,-16.0,3,42,7,4
2001-11-22 19:30:00,15,-6.0,-6.0001187187435825,0.07468155501894584,-15.0,3,42,7,4
2001-11-22 20:30:00,15,-17.0,-16.999982838745005,0.07468155501894584,-15.0,3,42,7,4
2001-11-22 21:30:00,15,-23.0,-22.99990432286708,0.07468155501894584,-11.0,3,42,7,4
2001-11-22 22:30:00,15,-29.0,-28.999843520569385,0.07468155501894584,-9.0,3,42,7,4
2001-11-22 23:30:00,15,-28.0,-27.999883794301482,0.07468155501894584,-6.0,3,42,7,4
2001-11-23 00:30:00,15,-33.0,-32.999873736250926,0.07468155501894584,-17.0,3,42,7,4
2001-11-23 01:30:00,15,-39.0,-38.999894479112335,0.07468155501894584,-23.0,3,42,7,4
2001-11-23 02:30:00,15,-42.0,-41.99990437925076,0.07468155501894584,-29.0,3,42,7,4
2001-11-23 03:30:00,15,-37.0,-36.999879066981634,0.07468155501894584,-28.0,3,42,7,4
2001-11-23 04:30:00,15,-31.0,-31.000024930575123,0.07468155501894584,-33.0,3,42,7,4
2001-11-23 05:30:00,15,-34.0,-34.000012757153016,0.07468155501894584,-39.0,3,42,7,4
2001-11-23 06:30:00,15,-33.0,-32.99996820146262,0.07468155501894584,-42.0,3,42,7,4
2001-11-23 07:30:00,15,-26.0,-26.000060573067724,0.07468155501894584,-37.0,3,42,7,4
2001-11-23 08:30:00,15,-24.0,-24.000045870533995,0.07468155501894584,-31.0,3,42,7,4
2001-11-23 09:30:00,15,-30.0,-29.99996829090528,0.07468155501894584,-34.0,3,42,7,4
2001-11-23 10:30:00,15,-34.0,-33.99992212940138,0.07468155501894584,-33.0,3,42,7,4
2001-11-23 11:30:00,15,-30.0,-29.99994418274686,0.07468155501894584,-26.0,3,42,7,4
2001-11-23 12:30:00,15,-26.0,-25.99999740919896,0.07468155501894584,-24.0,3,42,7,4
2001-11-23 13:30:00,15,-31.0,-30.999984320631572,0.07468155501894584,-30.0,3,42,7,4
2001-11-23 14:30:00,15,-29.0,-29.0000059995005,0.07468155501894584,-34.0,3,42,7,4
2001-11-23 15:30:00,15,-31.0,-30.999990970461656,0.07468155501894584,-30.0,3,42,7,4
2001-11-23 16:30:00,15,-37.0,-36.99987533559853,0.07468155501894584,-26.0,3,42,7,4
2001-11-23 17:30:00,15,-33.0,-32.999939743371016,0.07468155501894584,-31.0,3,42,7,4
2001-11-23 18:30:00,15,-27.0,-27.00001452358661,0.07468155501894584,-29.0,3,42,7,4
2001-11-23 19:30:00,15,-25.0,-25.0000047907028,0.07468155501894584,-31.0,3,42,7,4
2001-11-23 20:30:00,15,-24.0,-24.000041196961583,0.07468155501894584,-37.0,3,42,7,4
2001-11-23 21:30:00,15,-25.0,-25.000047424971918,0.07468155501894584,-33.0,3,42,7,4
2001-11-23 22:30:00,15,-31.0,-30.999930869594493,0.07468155501894584,-27.0,3,42,7,4
2001-11-23 23:30:00,15,-35.0,-34.9998778318936,0.07468155501894584,-25.0,3,42,7,4
2001-11-24 00:30:00,15,-29.0,-28.99994927420375,0.07468155501894584,-24.0,3,42,7,4
2001-11-24 01:30:00,15,-31.0,-30.999930835702575,0.07468155501894584,-25.0,3,42,7,4
2001-11-24 02:30:00,15,-34.0,-33.99993377326072,0.07468155501894584,-31.0,3,42,7,4
2001-11-24 03:30:00,15,-34.0,-33.99994590141032,0.07468155501894584,-35.0,3,42,7,4
2001-11-24 04:30:00,15,-39.0,-38.99986191312254,0.07468155501894584,-29.0,3,42,7,4
2001-11-24 05:30:00,15,-24.0,-24.000022672013493,0.07468155501894584,-31.0,3,42,7,4
2001-11-24 06:30:00,15,2.0,1.9996535250273908,0.07468155501894584,-34.0,3,42,7,4
2001-11-24 07:30:00,15,-91.0,-90.99938541803604,0.07468155501894584,-34.0,3,42,7,4
2001-11-24 08:30:00,15,-92.0,-91.99939476041226,0.07468155501894584,-39.0,3,42,7,4
2001-11-24 09:30:00,15,-72.0,-71.99954936827716,0.07468155501894584,-24.0,3,42,7,4
2001-11-24 10:30:00,15,-96.0,-95.99949548733825,0.07468155501894584,2.0,3,42,7,4
2001-11-24 11:30:00,15,-132.0,-131.9993636375379,0.07468155501894584,-91.0,3,42,7,4
2001-11-24 12:30:00,15,-196.0,-195.9986138990048,0.07468155501894584,-92.0,3,42,7,4
2001-11-24 13:30:00,15,-179.0,-178.99878134263042,0.07468155501894584,-72.0,3,42,7,4
2001-11-24 14:30:00,15,-202.0,-201.9987814769408,0.07468155501894584,-96.0,3,42,7,4
2001-11-24 15:30:00,15,-211.0,-210.99973232746697,0.07468155501894584,-132.0,3,42,7,4
2001-11-24 16:30:00,15,-221.0,-220.99972004792477,0.07468155501894584,-196.0,3,42,7,4
2001-11-24 17:30:00,15,-216.0,-215.99962526847838,0.07468155501894584,-179.0,3,42,7,4
2001-11-24 18:30:00,15,-205.0,-204.9998262670165,0.07468155501894584,-202.0,3,42,7,4
2001-11-24 19:30:00,15,-187.0,-186.99984945209752,0.07468155501894584,-211.0,3,42,7,4
2001-11-24 20:30:00,15,-177.0,-177.00000030081952,0.07468155501894584,-221.0,3,42,7,4
2001-11-24 21:30:00,15,-172.0,-171.99995342393913,0.07468155501894584,-216.0,3,42,7,4
2001-11-24 22:30:00,15,-153.0,-153.00010976883127,0.07468155501894584,-205.0,3,42,7,4
2001-11-24 23:30:00,15,-150.0,-150.00008132071648,0.07468155501894584,-187.0,3,42,7,4
2001-11-25 00:30:00,15,-145.0,-145.0001157323707,0.07468155501894584,-177.0,3,42,7,4
2001-11-25 01:30:00,15,-145.0,-145.00009353974582,0.07468155501894584,-172.0,3,42,7,4
2001-11-25 02:30:00,15,-144.0,-143.99999243494483,0.07468155501894584,-153.0,3,42,7,4
2001-11-25 03:30:00,15,-134.0,-134.00003620617713,0.07468155501894584,-150.0,3,42,7,4
2001-11-25 04:30:00,15,-124.0,-124.00011922648528,0.07468155501894584,-145.0,3,42,7,4
2001-11-25 05:30:00,15,-118.0,-118.00017128577618,0.07468155501894584,-145.0,3,42,7,4
2001-11-25 06:30:00,15,-111.0,-111.00023028645731,0.07468155501894584,-144.0,3,42,7,4
2001-11-25 07:30:00,15,-114.0,-114.0001059629862,0.07468155501894584,-134.0,3,42,7,4
2001-11-25 08:30:00,15,-113.0,-113.00003951498991,0.07468155501894584,-124.0,3,42,7,4
2001-11-25 09:30:00,15,-106.0,-106.00005798346201,0.07468155501894584,-118.0,3,42,7,4
2001-11-25 10:30:00,15,-103.0,-103.00003680948136,0.07468155501894584,-111.0,3,42,7,4
2001-11-25 11:30:00,15,-107.0,-106.99999153669255,0.07468155501894584,-114.0,3,42,7,4
2001-11-25 12:30:00,15,-104.0,-104.00001113474869,0.07468155501894584,-113.0,3,42,7,4
2001-11-25 13:30:00,15,-98.0,-98.00003866325429,0.07468155501894584,-106.0,3,42,7,4
2001-11-25 14:30:00,15,-96.0,-96.00004683209889,0.07468155501894584,-103.0,3,42,7,4
2001-11-25 15:30:00,15,-92.0,-92.00008787867564,0.07468155501894584,-107.0,3,42,7,4
2001-11-25 16:30:00,15,-89.0,-89.00010651956488,0.07468155501894584,-104.0,3,42,7,4
2001-11-25 17:30:00,15,-90.0,-90.00007177447108,0.07468155501894584,-98.0,3,42,7,4
2001-11-25 18:30:00,15,-88.0,-88.00008321619245,0.07468155501894584,-96.0,3,42,7,4
2001-11-25 19:30:00,15,-86.0,-86.00006581352261,0.07468155501894584,-92.0,3,42,7,4
2001-11-25 20:30:00,15,-85.0,-85.00005079423366,0.07468155501894584,-89.0,3,42,7,4
2001-11-25 21:30:00,15,-84.0,-84.00005137377248,0.07468155501894584,-90.0,3,42,7,4
2001-11-25 22:30:00,15,-83.0,-83.00002233608355,0.07468155501894584,-88.0,3,42,7,4
2001-11-25 23:30:00,15,-81.0,-81.00000428435429,0.07468155501894584,-86.0,3,42,7,4
2001-11-26 00:30:00,15,-83.0,-82.99997191775348,0.07468155501894584,-85.0,3,42,7,4
2001-11-26 01:30:00,15,-86.0,-85.99992679954259,0.07468155501894584,-84.0,3,42,7,4
2001-11-26 02:30:00,15,-85.0,-84.99994470208941,0.07468155501894584,-83.0,3,42,7,4
2001-11-26 03:30:00,15,-82.0,-81.99995065340428,0.07468155501894584,-81.0,3,42,7,4
2001-11-26 04:30:00,15,-78.0,-77.99998816676151,0.07468155501894584,-83.0,3,42,7,4
2001-11-26 05:30:00,15,-75.0,-75.00004851462056,0.07468155501894584,-86.0,3,42,7,4
2001-11-26 06:30:00,15,-75.0,-75.0000326489039,0.07468155501894584,-85.0,3,42,7,4
2001-11-26 07:30:00,15,-73.0,-73.00003687636827,0.07468155501894584,-82.0,3,42,7,4
2001-11-26 08:30:00,15,-67.0,-67.00007383192482,0.07468155501894584,-78.0,3,42,7,4
2001-11-26 09:30:00,15,-63.0,-63.00009409288615,0.07468155501894584,-75.0,3,42,7,4
2001-11-26 10:30:00,15,-60.0,-60.000113601043424,0.07468155501894584,-75.0,3,42,7,4
2001-11-26 11:30:00,15,-57.0,-57.00012127824267,0.07468155501894584,-73.0,3,42,7,4
2001-11-26 12:30:00,15,-56.0,-56.00009196551538,0.07468155501894584,-67.0,3,42,7,4
2001-11-26 13:30:00,15,-54.0,-54.000081225767815,0.07468155501894584,-63.0,3,42,7,4
2001-11-26 14:30:00,15,-50.0,-50.00009125885995,0.07468155501894584,-60.0,3,42,7,4
2001-11-26 15:30:00,15,-50.0,-50.00006637348348,0.07468155501894584,-57.0,3,42,7,4
2001-11-26 16:30:00,15,-50.0,-50.00004962795837,0.07468155501894584,-56.0,3,42,7,4
2001-11-26 17:30:00,15,-48.0,-48.000053748806465,0.07468155501894584,-54.0,3,42,7,4
2001-11-26 18:30:00,15,-45.0,-45.000060358994105,0.07468155501894584,-50.0,3,42,7,4
2001-11-26 19:30:00,15,-45.0,-45.000045325326326,0.07468155501894584,-50.0,3,42,7,4
2001-11-26 20:30:00,15,-45.0,-45.00003874542212,0.07468155501894584,-50.0,3,42,7,4
2001-11-26 21:30:00,15,-43.0,-43.00004680629152,0.07468155501894584,-48.0,3,42,7,4
2001-11-26 22:30:00,15,-43.0,-43.00002825978345,0.07468155501894584,-45.0,3,42,7,4
2001-11-26 23:30:00,15,-43.0,-43.00001846447513,0.07468155501894584,-45.0,3,42,7,4
2001-11-27 00:30:00,15,-50.0,-49.999934953351556,0.07468155501894584,-45.0,3,42,7,4
2001-11-27 01:30:00,15,-55.0,-54.999863709785245,0.07468155501894584,-43.0,3,42,7,4
2001-11-27 02:30:00,15,-53.0,-52.9998869600567,0.07468155501894584,-43.0,3,42,7,4
2001-11-27 03:30:00,15,-48.0,-47.99993087340271,0.07468155501894584,-43.0,3,42,7,4
2001-11-27 04:30:00,15,-42.0,-42.000010439983576,0.07468155501894584,-50.0,3,42,7,4
2001-11-27 05:30:00,15,-37.0,-37.00009402038317,0.07468155501894584,-55.0,3,42,7,4
2001-11-27 06:30:00,15,-36.0,-36.000106031546146,0.07468155501894584,-53.0,3,42,7,4
2001-11-27 07:30:00,15,-33.0,-33.000111273487825,0.07468155501894584,-48.0,3,42,7,4
2001-11-27 08:30:00,15,-29.0,-29.000122756476387,0.07468155501894584,-42.0,3,42,7,4
2001-11-27 09:30:00,15,-31.0,-31.000065897714613,0.07468155501894584,-37.0,3,42,7,4
2001-11-27 10:30:00,15,-30.0,-30.00005630770483,0.07468155501894584,-36.0,3,42,7,4
2001-11-27 11:30:00,15,-30.0,-30.00003546694368,0.07468155501894584,-33.0,3,42,7,4
2001-11-27 12:30:00,15,-30.0,-30.000009198735576,0.07468155501894584,-29.0,3,42,7,4
2001-11-27 13:30:00,15,-29.0,-29.000012057405375,0.07468155501894584,-31.0,3,42,7,4
2001-11-27 14:30:00,15,-28.0,-28.000012747036557,0.07468155501894584,-30.0,3,42,7,4
2001-11-27 15:30:00,15,-26.0,-26.000029801783416,0.07468155501894584,-30.0,3,42,7,4
2001-11-27 16:30:00,15,-27.0,-27.000015460530978,0.07468155501894584,-30.0,3,42,7,4
2001-11-27 17:30:00,15,-27.0,-27.00001226152355,0.07468155501894584,-29.0,3,42,7,4
2001-11-27 18:30:00,15,-25.0,-25.000027070425695,0.07468155501894584,-28.0,3,42,7,4
2001-11-27 19:30:00,15,-25.0,-25.00001801745711,0.07468155501894584,-26.0,3,42,7,4
2001-11-27 20:30:00,15,-25.0,-25.000031015191595,0.07468155501894584,-27.0,3,42,7,4
2001-11-27 21:30:00,15,-26.0,-26.000008112564636,0.07468155501894584,-27.0,3,42,7,4
2001-11-27 22:30:00,15,-26.0,-25.999999837215775,0.07468155501894584,-25.0,3,42,7,4
2001-11-27 23:30:00,15,-28.0,-27.99997824651087,0.07468155501894584,-25.0,3,42,7,4
2001-11-28 00:30:00,15,-30.0,-29.99995070452988,0.07468155501894584,-25.0,3,42,7,4
2001-11-28 01:30:00,15,-31.0,-30.999954182639264,0.07468155501894584,-26.0,3,42,7,4
2001-11-28 02:30:00,15,-33.0,-32.9999268883318,0.07468155501894584,-26.0,3,42,7,4
2001-11-28 03:30:00,15,-33.0,-32.999927939325616,0.07468155501894584,-28.0,3,42,7,4
2001-11-28 04:30:00,15,-32.0,-31.9999548567565,0.07468155501894584,-30.0,3,42,7,4
2001-11-28 05:30:00,15,-28.0,-27.999993892999086,0.07468155501894584,-31.0,3,42,7,4
2001-11-28 06:30:00,15,-25.0,-25.00003237451862,0.07468155501894584,-33.0,3,42,7,4
2001-11-28 07:30:00,15,-20.0,-20.0000846571562,0.07468155501894584,-33.0,3,42,7,4
2001-11-28 08:30:00,15,-17.0,-17.00011163242646,0.07468155501894584,-32.0,3,42,7,4
2001-11-28 09:30:00,15,-16.0,-16.00010349098622,0.07468155501894584,-28.0,3,42,7,4
2001-11-28 10:30:00,15,-17.0,-17.000070312779783,0.07468155501894584,-25.0,3,42,7,4
2001-11-28 11:30:00,15,-16.0,-16.000050464364556,0.07468155501894584,-20.0,3,42,7,4
2001-11-28 12:30:00,15,-16.0,-16.000031501825266,0.07468155501894584,-17.0,3,42,7,4
2001-11-28 13:30:00,15,-16.0,-16.00002116455887,0.07468155501894584,-16.0,3,42,7,4
2001-11-28 14:30:00,15,-15.0,-15.000029740482578,0.07468155501894584,-17.0,3,42,7,4
2001-11-28 15:30:00,15,-13.0,-13.000055953801194,0.07468155501894584,-16.0,3,42,7,4
2001-11-28 16:30:00,15,-13.0,-13.000057079452883,0.07468155501894584,-16.0,3,42,7,4
2001-11-28 17:30:00,15,-14.0,-14.000037902679018,0.07468155501894584,-16.0,3,42,7,4
2001-11-28 18:30:00,15,-13.0,-13.00003611137145,0.07468155501894584,-15.0,3,42,7,4
2001-11-28 19:30:00,15,-13.0,-13.000037161397245,0.07468155501894584,-13.0,3,42,7,4
2001-11-28 20:30:00,15,-13.0,-13.000041224339029,0.07468155501894584,-13.0,3,42,7,4
2001-11-28 21:30:00,15,-12.0,-12.000059049967973,0.07468155501894584,-14.0,3,42,7,4
2001-11-28 22:30:00,15,-14.0,-14.000036306285367,0.07468155501894584,-13.0,3,42,7,4
2001-11-28 23:30:00,15,-15.0,-15.000010353672923,0.07468155501894584,-13.0,3,42,7,4
2001-11-29 00:30:00,15,-15.0,-15.000007606002857,0.07468155501894584,-13.0,3,42,7,4
2001-11-29 01:30:00,15,-15.0,-15.000029858226192,0.07468155501894584,-12.0,3,42,7,4
2001-11-29 02:30:00,15,-17.0,-17.000017856731244,0.07468155501894584,-14.0,3,42,7,4
2001-11-29 03:30:00,15,-19.0,-19.000001810296986,0.07468155501894584,-15.0,3,42,7,4
2001-11-29 04:30:00,15,-20.0,-19.999965925266043,0.07468155501894584,-15.0,3,42,7,4
2001-11-29 05:30:00,15,-18.0,-17.999999503478605,0.07468155501894584,-15.0,3,42,7,4
2001-11-29 06:30:00,15,-18.0,-18.000026425487135,0.07468155501894584,-17.0,3,42,7,4
2001-11-29 07:30:00,15,-19.0,-19.000015376165393,0.07468155501894584,-19.0,3,42,7,4
2001-11-29 08:30:00,15,-17.0,-17.000017369661464,0.07468155501894584,-20.0,3,42,7,4
2001-11-29 09:30:00,15,-17.0,-17.00000333921744,0.07468155501894584,-18.0,3,42,7,4
2001-11-29 10:30:00,15,-17.0,-17.00001963917455,0.07468155501894584,-18.0,3,42,7,4
2001-11-29 11:30:00,15,-16.0,-16.000039717741195,0.07468155501894584,-19.0,3,42,7,4
2001-11-29 12:30:00,15,-17.0,-16.99999676607025,0.07468155501894584,-17.0,3,42,7,4
2001-11-29 13:30:00,15,-16.0,-15.999992487143636,0.07468155501894584,-17.0,3,42,7,4
2001-11-29 14:30:00,15,-12.0,-12.000014329068108,0.07468155501894584,-17.0,3,42,7,4
2001-11-29 15:30:00,15,-12.0,-12.000028513331376,0.07468155501894584,-16.0,3,42,7,4
2001-11-29 16:30:00,15,-14.0,-14.000006548756257,0.07468155501894584,-17.0,3,42,7,4
2001-11-29 17:30:00,15,-14.0,-13.999999701715538,0.07468155501894584,-16.0,3,42,7,4
2001-11-29 18:30:00,15,-14.0,-13.999974367867452,0.07468155501894584,-12.0,3,42,7,4
2001-11-29 19:30:00,15,-14.0,-13.99997422007695,0.07468155501894584,-12.0,3,42,7,4
2001-11-29 20:30:00,15,-14.0,-13.999978882723738,0.07468155501894584,-14.0,3,42,7,4
2001-11-29 21:30:00,15,-14.0,-13.999963437418675,0.07468155501894584,-14.0,3,42,7,4
2001-11-29 22:30:00,15,-15.0,-14.999969574784782,0.07468155501894584,-14.0,3,42,7,4
2001-11-29 23:30:00,15,-17.0,-16.99993484945902,0.07468155501894584,-14.0,3,42,7,4
2001-11-30 00:30:00,15,-19.0,-18.999920683450707,0.07468155501894584,-14.0,3,42,7,4
2001-11-30 01:30:00,15,-22.0,-21.999893228433216,0.07468155501894584,-14.0,3,42,7,4
2001-11-30 02:30:00,15,-22.0,-21.999903641844647,0.07468155501894584,-15.0,3,42,7,4
2001-11-30 03:30:00,15,-20.0,-19.99994204300375,0.07468155501894584,-17.0,3,42,7,4
2001-11-30 04:30:00,15,-16.0,-15.999991228367659,0.07468155501894584,-19.0,3,42,7,4
2001-11-30 05:30:00,15,-13.0,-13.000053021674411,0.07468155501894584,-22.0,3,42,7,4
2001-11-30 06:30:00,15,-13.0,-13.000044838526271,0.07468155501894584,-22.0,3,42,7,4
2001-11-30 07:30:00,15,-12.0,-12.000030036556623,0.07468155501894584,-20.0,3,42,7,4
2001-11-30 08:30:00,15,-13.0,-12.999995056085844,0.07468155501894584,-16.0,3,42,7,4
2001-11-30 09:30:00,15,-16.0,-15.999942524832097,0.07468155501894584,-13.0,3,42,7,4
2001-11-30 10:30:00,15,-17.0,-16.999940267841424,0.07468155501894584,-13.0,3,42,7,4
2001-11-30 11:30:00,15,-16.0,-15.999944619363703,0.07468155501894584,-12.0,3,42,7,4
2001-11-30 12:30:00,15,-13.0,-12.999978263443335,0.07468155501894584,-13.0,3,42,7,4
2001-11-30 13:30:00,15,-9.0,-9.000038111014934,0.07468155501894584,-16.0,3,42,7,4
2001-11-30 14:30:00,15,0.0,-0.00012328211492729224,0.07468155501894584,-17.0,3,42,7,4
2001-11-30 15:30:00,15,-5.0,-5.000070949648116,0.07468155501894584,-16.0,3,42,7,4
2001-11-30 16:30:00,15,-5.0,-5.000051256038223,0.07468155501894584,-13.0,3,42,7,4
2001-11-30 17:30:00,15,-7.0,-7.000017073431007,0.07468155501894584,-9.0,3,42,7,4
2001-11-30 18:30:00,15,-5.0,-5.000016748027509,0.07468155501894584,0.0,3,42,7,4
2001-11-30 19:30:00,15,-1.0,-1.0000679100266368,0.07468155501894584,-5.0,3,42,7,4
2001-11-30 20:30:00,15,0.0,-8.240066775755395e-05,0.07468155501894584,-5.0,3,42,7,4
2001-11-30 21:30:00,15,3.0,2.9998723470692212,0.07468155501894584,-7.0,3,42,7,4
2001-11-30 22:30:00,15,2.0,1.9999037324520827,0.07468155501894584,-5.0,3,42,7,4
2001-11-30 23:30:00,15,1.0,0.9999202947186774,0.07468155501894584,-1.0,3,42,7,4
2001-12-01 00:30:00,15,1.0,0.9999142618542365,0.07468155501894584,0.0,3,42,7,4
2001-12-01 01:30:00,15,-3.0,-3.000053303752985,0.07468155501894584,3.0,3,42,7,4
2001-12-01 02:30:00,15,-3.0,-3.0000584023856476,0.07468155501894584,2.0,3,42,7,4
2001-12-01 03:30:00,15,-5.0,-5.00004600920424,0.07468155501894584,1.0,3,42,7,4
2001-12-01 04:30:00,15,-4.0,-4.0000552986565445,0.07468155501894584,1.0,3,42,7,4
2001-12-01 05:30:00,15,4.0,3.999793674668439,0.07468155501894584,-3.0,3,42,7,4
2001-12-01 06:30:00,15,8.0,7.999833345185657,0.07468155501894584,-3.0,3,42,7,4
2001-12-01 07:30:00,15,7.0,6.999860610779116,0.07468155501894584,-5.0,3,42,7,4
2001-12-01 08:30:00,15,9.0,8.999832143080823,0.07468155501894584,-4.0,3,42,7,4
2001-12-01 09:30:00,15,6.0,5.999883041884694,0.07468155501894584,4.0,3,42,7,4
2001-12-01 10:30:00,15,8.0,7.9998476298338375,0.07468155501894584,8.0,3,42,7,4
2001-12-01 11:30:00,15,13.0,12.99980220616348,0.07468155501894584,7.0,3,42,7,4
2001-12-01 12:30:00,15,7.0,6.999888064818919,0.07468155501894584,9.0,3,42,7,4
2001-12-01 13:30:00,15,-2.0,-2.000000979312567,0.07468155501894584,6.0,3,42,7,4
2001-12-01 14:30:00,15,-2.0,-1.9999880085900514,0.07468155501894584,8.0,3,42,7,4
2001-12-01 15:30:00,15,-3.0,-2.999995529556866,0.07468155501894584,13.0,3,42,7,4
2001-12-01 16:30:00,15,-9.0,-8.99997789328436,0.07468155501894584,7.0,3,42,7,4
2001-12-01 17:30:00,15,-1.0,-0.9999982764391362,0.07468155501894584,-2.0,3,42,7,4
2001-12-01 18:30:00,15,-1.0,-0.9999750369862141,0.07468155501894584,-2.0,3,42,7,4
2001-12-01 19:30:00,15,-4.0,-3.999944847658387,0.07468155501894584,-3.0,3,42,7,4
2001-12-01 20:30:00,15,-6.0,-5.999968992702517,0.07468155501894584,-9.0,3,42,7,4
2001-12-01 21:30:00,15,-4.0,-3.9999509628365146,0.07468155501894584,-1.0,3,42,7,4
2001-12-01 22:30:00,15,-7.0,-6.99991643968373,0.07468155501894584,-1.0,3,42,7,4
2001-12-01 23:30:00,15,-2.0,-1.999967278741721,0.07468155501894584,-4.0,3,42,7,4
2001-12-02 00:30:00,15,-1.0,-0.9999881183248363,0.07468155501894584,-6.0,3,42,7,4
2001-12-02 01:30:00,15,-2.0,-1.999977075834451,0.07468155501894584,-4.0,3,42,7,4
2001-12-02 02:30:00,15,-3.0,-2.9999943645611857,0.07468155501894584,-7.0,3,42,7,4
2001-12-02 03:30:00,15,-2.0,-2.000001586021199,0.07468155501894584,-2.0,3,42,7,4
2001-12-02 04:30:00,15,0.0,-8.966936647425428e-06,0.07468155501894584,-1.0,3,42,7,4
2001-12-02 05:30:00,15,3.0,2.99994902797053,0.07468155501894584,-2.0,3,42,7,4
2001-12-02 06:30:00,15,0.0,-3.0382923725369437e-05,0.07468155501894584,-3.0,3,42,7,4
2001-12-02 07:30:00,15,3.0,2.9999399836476286,0.07468155501894584,-2.0,3,42,7,4
2001-12-02 08:30:00,15,6.0,5.9999131310324145,0.07468155501894584,0.0,3,42,7,4
2001-12-02 09:30:00,15,10.0,9.999881081522794,0.07468155501894584,3.0,3,42,7,4
2001-12-02 10:30:00,15,12.0,11.999857848013114,0.07468155501894584,0.0,3,42,7,4
2001-12-02 11:30:00,15,13.0,12.99986128452521,0.07468155501894584,3.0,3,42,7,4
2001-12-02 12:30:00,15,16.0,15.999841429421473,0.07468155501894584,6.0,3,42,7,4
2001-12-02 13:30:00,15,15.0,14.999868780605922,0.07468155501894584,10.0,3,42,7,4
2001-12-02 14:30:00,15,16.0,15.999879305307743,0.07468155501894584,12.0,3,42,7,4
2001-12-02 15:30:00,15,13.0,12.999928610387762,0.07468155501894584,13.0,3,42,7,4
2001-12-02 16:30:00,15,9.0,8.999977580893827,0.07468155501894584,16.0,3,42,7,4
2001-12-02 17:30:00,15,6.0,6.0000214530585225,0.07468155501894584,15.0,3,42,7,4
2001-12-02 18:30:00,15,5.0,5.0000387938287645,0.07468155501894584,16.0,3,42,7,4
2001-12-02 19:30:00,15,5.0,5.000026029879088,0.07468155501894584,13.0,3,42,7,4
2001-12-02 20:30:00,15,0.0,7.551803692962267e-05,0.07468155501894584,9.0,3,42,7,4
2001-12-02 21:30:00,15,0.0,5.429449892346838e-05,0.07468155501894584,6.0,3,42,7,4
2001-12-02 22:30:00,15,-1.0,-0.9999485836158755,0.07468155501894584,5.0,3,42,7,4
2001-12-02 23:30:00,15,-2.0,-1.9999444938005553,0.07468155501894584,5.0,3,42,7,4
2001-12-03 00:30:00,15,2.0,1.9999920921475294,0.07468155501894584,0.0,3,42,7,4
2001-12-03 01:30:00,15,3.0,2.999972320057225,0.07468155501894584,0.0,3,42,7,4
2001-12-03 02:30:00,15,5.0,4.9999450824663185,0.07468155501894584,-1.0,3,42,7,4
2001-12-03 03:30:00,15,8.0,7.999941888693641,0.07468155501894584,-2.0,3,42,7,4
2001-12-03 04:30:00,15,10.0,9.999918663670101,0.07468155501894584,2.0,3,42,7,4
2001-12-03 05:30:00,15,6.0,5.999957992033117,0.07468155501894584,3.0,3,42,7,4
2001-12-03 06:30:00,15,6.0,5.999962242343621,0.07468155501894584,5.0,3,42,7,4
2001-12-03 07:30:00,15,5.0,4.999985199026838,0.07468155501894584,8.0,3,42,7,4
2001-12-03 08:30:00,15,2.0,2.000033318994717,0.07468155501894584,10.0,3,42,7,4
2001-12-03 09:30:00,15,-2.0,-1.999916932012674,0.07468155501894584,6.0,3,42,7,4
2001-12-03 10:30:00,15,-3.0,-2.9999087360155414,0.07468155501894584,6.0,3,42,7,4
2001-12-03 11:30:00,15,-1.0,-0.9999339354628347,0.07468155501894584,5.0,3,42,7,4
2001-12-03 12:30:00,15,5.0,4.999991828272115,0.07468155501894584,2.0,3,42,7,4
2001-12-03 13:30:00,15,5.0,4.9999509541059055,0.07468155501894584,-2.0,3,42,7,4
2001-12-03 14:30:00,15,6.0,5.999912648193316,0.07468155501894584,-3.0,3,42,7,4
2001-12-03 15:30:00,15,6.0,5.999877978493927,0.07468155501894584,-1.0,3,42,7,4
2001-12-03 16:30:00,15,5.0,4.999906183741004,0.07468155501894584,5.0,3,42,7,4
2001-12-03 17:30:00,15,1.0,0.9999560107079191,0.07468155501894584,5.0,3,42,7,4
2001-12-03 18:30:00,15,1.0,0.9999581025472395,0.07468155501894584,6.0,3,42,7,4
2001-12-03 19:30:00,15,-20.0,-19.999838783781563,0.07468155501894584,6.0,3,42,7,4
2001-12-03 20:30:00,15,-29.0,-28.99981997604797,0.07468155501894584,5.0,3,42,7,4
2001-12-03 21:30:00,15,-32.0,-31.999753983721178,0.07468155501894584,1.0,3,42,7,4
2001-12-03 22:30:00,15,-25.0,-24.999977311063724,0.07468155501894584,1.0,3,42,7,4
2001-12-03 23:30:00,15,-24.0,-24.00013648760055,0.07468155501894584,-20.0,3,42,7,4
2001-12-04 00:30:00,15,-27.0,-27.00013618711865,0.07468155501894584,-29.0,3,42,7,4
2001-12-04 01:30:00,15,-30.0,-29.999986916493008,0.07468155501894584,-32.0,3,42,7,4
2001-12-04 02:30:00,15,-28.0,-27.99995744080958,0.07468155501894584,-25.0,3,42,7,4
2001-12-04 03:30:00,15,-25.0,-25.000092762349908,0.07468155501894584,-24.0,3,42,7,4
2001-12-04 04:30:00,15,-23.0,-23.00008041971801,0.07468155501894584,-27.0,3,42,7,4
2001-12-04 05:30:00,15,-22.0,-22.00011937043176,0.07468155501894584,-30.0,3,42,7,4
2001-12-04 06:30:00,15,-22.0,-22.000100090514504,0.07468155501894584,-28.0,3,42,7,4
2001-12-04 07:30:00,15,-25.0,-25.000018802703863,0.07468155501894584,-25.0,3,42,7,4
2005-05-07 05:30:00,28,10.0,7.76277680002616,16.537074080510802,-23.0,3,42,7,4
2005-05-07 06:30:00,28,11.0,7.7221071484762405,16.537074080510802,-22.0,3,42,7,4
2005-05-07 07:30:00,28,11.0,6.107932472089075,16.537074080510802,-22.0,3,42,7,4
2005-05-07 08:30:00,28,10.0,1.0500300030314946,16.537074080510802,-25.0,3,42,7,4
2005-05-07 09:30:00,28,10.0,5.493242934761028,16.537074080510802,10.0,3,42,7,4
2005-05-07 10:30:00,28,7.0,5.20240288536688,16.537074080510802,11.0,3,42,7,4
2005-05-07 11:30:00,28,5.0,1.8241735616539927,16.537074080510802,11.0,3,42,7,4
2005-05-07 12:30:00,28,3.0,1.9360880578259057,16.537074080510802,10.0,3,42,7,4
2005-05-07 13:30:00,28,8.0,0.9657214554600841,16.537074080510802,10.0,3,42,7,4
2005-05-07 14:30:00,28,7.0,-2.3568533809667755,16.537074080510802,7.0,3,42,7,4
2005-05-07 15:30:00,28,5.0,-0.7173148881681257,16.537074080510802,5.0,3,42,7,4
2005-05-07 16:30:00,28,5.0,-1.6632952632113742,16.537074080510802,3.0,3,42,7,4
2005-05-07 17:30:00,28,8.0,-2.6446536632933935,16.537074080510802,8.0,3,42,7,4
2005-05-07 18:30:00,28,15.0,-0.4047587428435264,16.537074080510802,7.0,3,42,7,4
2005-05-07 19:30:00,28,25.0,0.44021625207977166,16.537074080510802,5.0,3,42,7,4
2005-05-07 20:30:00,28,13.0,-0.7542298194362331,16.537074080510802,5.0,3,42,7,4
2005-05-07 21:30:00,28,6.0,-0.9038933589595786,16.537074080510802,8.0,3,42,7,4
2005-05-07 22:30:00,28,-2.0,2.4876404172544824,16.537074080510802,15.0,3,42,7,4
2005-05-07 23:30:00,28,-19.0,5.587293327830473,16.537074080510802,25.0,3,42,7,4
2005-05-08 00:30:00,28,-31.0,3.720132213387714,16.537074080510802,13.0,3,42,7,4
2005-05-08 01:30:00,28,-68.0,5.345823959240349,16.537074080510802,6.0,3,42,7,4
2005-05-08 02:30:00,28,-82.0,-14.486032229472972,16.537074080510802,-2.0,3,42,7,4
2005-05-08 03:30:00,28,-82.0,-30.08018745040504,16.537074080510802,-19.0,3,42,7,4
2005-05-08 04:30:00,28,-81.0,-55.947849509009,16.537074080510802,-31.0,3,42,7,4
2005-05-08 05:30:00,28,-76.0,-85.79406023381884,16.537074080510802,-68.0,3,42,7,4
2005-05-08 06:30:00,28,-80.0,-89.8834515743286,16.537074080510802,-82.0,3,42,7,4
2005-05-08 07:30:00,28,-81.0,-77.22016133392052,16.537074080510802,-82.0,3,42,7,4
2005-05-08 08:30:00,28,-65.0,-76.8540177429158,16.537074080510802,-81.0,3,42,7,4
2005-05-08 09:30:00,28,-56.0,-72.83586638340071,16.537074080510802,-76.0,3,42,7,4
2005-05-08 10:30:00,28,-40.0,-70.67954317098508,16.537074080510802,-80.0,3,42,7,4
2005-05-08 11:30:00,28,-33.0,-67.61051652156789,16.537074080510802,-81.0,3,42,7,4
2005-05-08 12:30:00,28,-48.0,-58.60031377493257,16.537074080510802,-65.0,3,42,7,4
2005-05-08 13:30:00,28,-62.0,-55.308559744756835,16.537074080510802,-56.0,3,42,7,4
2005-05-08 14:30:00,28,-85.0,-46.50612386128049,16.537074080510802,-40.0,3,42,7,4
2005-05-08 15:30:00,28,-83.0,-45.8474099854668,16.537074080510802,-33.0,3,42,7,4
2005-05-08 16:30:00,28,-98.0,-50.084789345892304,16.537074080510802,-48.0,3,42,7,4
2005-05-08 17:30:00,28,-105.0,-77.1530432770694,16.537074080510802,-62.0,3,42,7,4
2005-05-08 18:30:00,28,-110.0,-81.899875438945,16.537074080510802,-85.0,3,42,7,4
2005-05-08 19:30:00,28,-106.0,-66.20122700915968,16.537074080510802,-83.0,3,42,7,4
2005-05-08 20:30:00,28,-104.0,-80.01579862872484,16.537074080510802,-98.0,3,42,7,4
2005-05-08 21:30:00,28,-94.0,-82.53644643553196,16.537074080510802,-105.0,3,42,7,4
2005-05-08 22:30:00,28,-81.0,-94.18127366312493,16.537074080510802,-110.0,3,42,7,4
2005-05-08 23:30:00,28,-70.0,-95.67895960185695,16.537074080510802,-106.0,3,42,7,4
2005-05-09 00:30:00,28,-64.0,-93.72287192571379,16.537074080510802,-104.0,3,42,7,4
2005-05-09 01:30:00,28,-61.0,-88.68239826511461,16.537074080510802,-94.0,3,42,7,4
2005-05-09 02:30:00,28,-64.0,-81.2704150654824,16.537074080510802,-81.0,3,42,7,4
2005-05-09 03:30:00,28,-60.0,-73.19931795669041,16.537074080510802,-70.0,3,42,7,4
2005-05-09 04:30:00,28,-56.0,-68.02144682463879,16.537074080510802,-64.0,3,42,7,4
2005-05-09 05:30:00,28,-51.0,-64.61063119796195,16.537074080510802,-61.0,3,42,7,4
2005-05-09 06:30:00,28,-53.0,-61.6398862973722,16.537074080510802,-64.0,3,42,7,4
2005-05-09 07:30:00,28,-53.0,-58.84322520901953,16.537074080510802,-60.0,3,42,7,4
2005-05-09 08:30:00,28,-51.0,-55.98858725134123,16.537074080510802,-56.0,3,42,7,4
2005-05-09 09:30:00,28,-47.0,-53.517397670629684,16.537074080510802,-51.0,3,42,7,4
2005-05-09 10:30:00,28,-43.0,-53.11785190318011,16.537074080510802,-53.0,3,42,7,4
2005-05-09 11:30:00,28,-41.0,-52.41040326583292,16.537074080510802,-53.0,3,42,7,4
2005-05-09 12:30:00,28,-39.0,-52.0741697668659,16.537074080510802,-51.0,3,42,7,4
2005-05-09 13:30:00,28,-37.0,-50.47068534330183,16.537074080510802,-47.0,3,42,7,4
2005-05-09 14:30:00,28,-39.0,-48.21451429406557,16.537074080510802,-43.0,3,42,7,4
2005-05-09 15:30:00,28,-41.0,-46.432747531990756,16.537074080510802,-41.0,3,42,7,4
2005-05-09 16:30:00,28,-43.0,-43.693834722480226,16.537074080510802,-39.0,3,42,7,4
2005-05-09 17:30:00,28,-44.0,-40.81040469909168,16.537074080510802,-37.0,3,42,7,4
2005-05-09 18:30:00,28,-44.0,-40.051277589782785,16.537074080510802,-39.0,3,42,7,4
2005-05-09 19:30:00,28,-42.0,-40.561348071900994,16.537074080510802,-41.0,3,42,7,4
2005-05-09 20:30:00,28,-43.0,-42.79371105751093,16.537074080510802,-43.0,3,42,7,4
2005-05-09 21:30:00,28,-44.0,-42.574338971641524,16.537074080510802,-44.0,3,42,7,4
2005-05-09 22:30:00,28,-52.0,-45.34553957898997,16.537074080510802,-44.0,3,42,7,4
2005-05-09 23:30:00,28,-49.0,-40.891424218696024,16.537074080510802,-42.0,3,42,7,4
2005-05-10 00:30:00,28,-49.0,-40.92240187692782,16.537074080510802,-43.0,3,42,7,4
2005-05-10 01:30:00,28,-52.0,-42.57757267584797,16.537074080510802,-44.0,3,42,7,4
2005-05-10 02:30:00,28,-52.0,-49.209205112505785,16.537074080510802,-52.0,3,42,7,4
2005-05-10 03:30:00,28,-55.0,-47.02549481471853,16.537074080510802,-49.0,3,42,7,4
2005-05-10 04:30:00,28,-55.0,-47.263065986021246,16.537074080510802,-49.0,3,42,7,4
2005-05-10 05:30:00,28,-54.0,-47.618555801407666,16.537074080510802,-52.0,3,42,7,4
2005-05-10 06:30:00,28,-52.0,-47.582062789808525,16.537074080510802,-52.0,3,42,7,4
2005-05-10 07:30:00,28,-51.0,-48.74344957060488,16.537074080510802,-55.0,3,42,7,4
2005-05-10 08:30:00,28,-44.0,-49.130976099069436,16.537074080510802,-55.0,3,42,7,4
2005-05-10 09:30:00,28,-39.0,-47.69320761695894,16.537074080510802,-54.0,3,42,7,4
2005-05-10 10:30:00,28,-39.0,-45.564327421628995,16.537074080510802,-52.0,3,42,7,4
2005-05-10 11:30:00,28,-38.0,-45.019580492711206,16.537074080510802,-51.0,3,42,7,4
2005-05-10 12:30:00,28,-39.0,-42.21211789606076,16.537074080510802,-44.0,3,42,7,4
2005-05-10 13:30:00,28,-33.0,-38.67616113874778,16.537074080510802,-39.0,3,42,7,4
2005-05-10 14:30:00,28,-31.0,-37.757465104949276,16.537074080510802,-39.0,3,42,7,4
2005-05-10 15:30:00,28,-32.0,-36.12094266903503,16.537074080510802,-38.0,3,42,7,4
2005-05-10 16:30:00,28,-32.0,-35.24193299813429,16.537074080510802,-39.0,3,42,7,4
2005-05-10 17:30:00,28,-32.0,-33.22072644394616,16.537074080510802,-33.0,3,42,7,4
2005-05-10 18:30:00,28,-31.0,-31.508406504272884,16.537074080510802,-31.0,3,42,7,4
2005-05-10 19:30:00,28,-29.0,-31.902113487139143,16.537074080510802,-32.0,3,42,7,4
2005-05-10 20:30:00,28,-34.0,-30.434183524254475,16.537074080510802,-32.0,3,42,7,4
2005-05-10 21:30:00,28,-38.0,-29.94340948348096,16.537074080510802,-32.0,3,42,7,4
2005-05-10 22:30:00,28,-34.0,-29.117967423780204,16.537074080510802,-31.0,3,42,7,4
2005-05-10 23:30:00,28,-31.0,-27.750559822028457,16.537074080510802,-29.0,3,42,7,4
2005-05-11 00:30:00,28,-27.0,-28.80360687272432,16.537074080510802,-34.0,3,42,7,4
2005-05-11 01:30:00,28,-24.0,-31.73997322368711,16.537074080510802,-38.0,3,42,7,4
2005-05-11 02:30:00,28,-17.0,-30.369391497163445,16.537074080510802,-34.0,3,42,7,4
2005-05-11 03:30:00,28,-16.0,-30.185539089478148,16.537074080510802,-31.0,3,42,7,4
2005-05-11 04:30:00,28,-17.0,-28.578941944436927,16.537074080510802,-27.0,3,42,7,4
2005-05-11 05:30:00,28,-18.0,-25.871818410965233,16.537074080510802,-24.0,3,42,7,4
2005-05-11 06:30:00,28,-17.0,-23.044625294232855,16.537074080510802,-17.0,3,42,7,4
2005-05-11 07:30:00,28,-22.0,-22.135231555614418,16.537074080510802,-16.0,3,42,7,4
2005-05-11 08:30:00,28,-28.0,-20.88736583356043,16.537074080510802,-17.0,3,42,7,4
2005-05-11 09:30:00,28,-31.0,-22.345897140648997,16.537074080510802,-18.0,3,42,7,4
2005-05-11 10:30:00,28,-34.0,-25.188160206595374,16.537074080510802,-17.0,3,42,7,4
2005-05-11 11:30:00,28,-32.0,-26.388325295872235,16.537074080510802,-22.0,3,42,7,4
2005-05-11 12:30:00,28,-26.0,-30.529236432502785,16.537074080510802,-28.0,3,42,7,4
2005-05-11 13:30:00,28,-23.0,-30.14650452863385,16.537074080510802,-31.0,3,42,7,4
2005-05-11 14:30:00,28,-21.0,-31.433482933545772,16.537074080510802,-34.0,3,42,7,4
2005-05-11 15:30:00,28,-26.0,-29.502523491866363,16.537074080510802,-32.0,3,42,7,4
2005-05-11 16:30:00,28,-28.0,-27.864953552220648,16.537074080510802,-26.0,3,42,7,4
2005-05-11 17:30:00,28,-25.0,-25.96749264760215,16.537074080510802,-23.0,3,42,7,4
2005-05-11 18:30:00,28,-26.0,-24.649452078933948,16.537074080510802,-21.0,3,42,7,4
2005-05-11 19:30:00,28,-23.0,-24.792285261856552,16.537074080510802,-26.0,3,42,7,4
2005-05-11 20:30:00,28,-19.0,-25.661811847430894,16.537074080510802,-28.0,3,42,7,4
2005-05-11 21:30:00,28,-23.0,-27.31704891327311,16.537074080510802,-25.0,3,42,7,4
2005-05-11 22:30:00,28,-22.0,-27.640852196747574,16.537074080510802,-26.0,3,42,7,4
2005-05-11 23:30:00,28,-23.0,-25.07383517513891,16.537074080510802,-23.0,3,42,7,4
2005-05-12 00:30:00,28,-22.0,-24.94564211836695,16.537074080510802,-19.0,3,42,7,4
2005-05-12 01:30:00,28,-23.0,-27.47720937643406,16.537074080510802,-23.0,3,42,7,4
2005-05-12 02:30:00,28,-20.0,-26.899536906547596,16.537074080510802,-22.0,3,42,7,4
2005-05-12 03:30:00,28,-24.0,-26.633148135491258,16.537074080510802,-23.0,3,42,7,4
2005-05-12 04:30:00,28,-32.0,-24.567899384185957,16.537074080510802,-22.0,3,42,7,4
2005-05-12 05:30:00,28,-27.0,-20.770007722523985,16.537074080510802,-23.0,3,42,7,4
2005-05-12 06:30:00,28,-22.0,-19.28434102277697,16.537074080510802,-20.0,3,42,7,4
2005-05-12 07:30:00,28,-23.0,-30.28114645123958,16.537074080510802,-24.0,3,42,7,4
2005-05-12 08:30:00,28,-31.0,-28.64638039273695,16.537074080510802,-32.0,3,42,7,4
2005-05-12 09:30:00,28,-30.0,-21.85678889222849,16.537074080510802,-27.0,3,42,7,4
2005-05-12 10:30:00,28,-27.0,-22.699119289803036,16.537074080510802,-22.0,3,42,7,4
2005-05-12 11:30:00,28,-23.0,-22.567497375778906,16.537074080510802,-23.0,3,42,7,4
2005-05-12 12:30:00,28,-20.0,-28.868017713025083,16.537074080510802,-31.0,3,42,7,4
2005-05-12 13:30:00,28,-17.0,-26.724004949279546,16.537074080510802,-30.0,3,42,7,4
2005-05-12 14:30:00,28,-15.0,-24.90519801753344,16.537074080510802,-27.0,3,42,7,4
2005-05-12 15:30:00,28,-20.0,-22.380219758561914,16.537074080510802,-23.0,3,42,7,4
2005-05-12 16:30:00,28,-23.0,-20.31571575018816,16.537074080510802,-20.0,3,42,7,4
2005-05-12 17:30:00,28,-23.0,-19.41042934483137,16.537074080510802,-17.0,3,42,7,4
2005-05-12 18:30:00,28,-20.0,-20.280505520291527,16.537074080510802,-15.0,3,42,7,4
2005-05-12 19:30:00,28,-23.0,-21.7034593936217,16.537074080510802,-20.0,3,42,7,4
2005-05-12 20:30:00,28,-21.0,-24.796805395485972,16.537074080510802,-23.0,3,42,7,4
2005-05-12 21:30:00,28,-24.0,-24.707295806462014,16.537074080510802,-23.0,3,42,7,4
2005-05-12 22:30:00,28,-20.0,-24.951567840288398,16.537074080510802,-20.0,3,42,7,4
2005-05-12 23:30:00,28,-12.0,-24.08522389083376,16.537074080510802,-23.0,3,42,7,4
2005-05-13 00:30:00,28,-21.0,-26.45205036472256,16.537074080510802,-21.0,3,42,7,4
2005-05-13 01:30:00,28,-23.0,-27.132738716667443,16.537074080510802,-24.0,3,42,7,4
2005-05-13 02:30:00,28,-32.0,-22.16153769981684,16.537074080510802,-20.0,3,42,7,4
2005-05-13 03:30:00,28,-32.0,-20.874583005088045,16.537074080510802,-12.0,3,42,7,4
2005-05-13 04:30:00,28,-38.0,-29.001231249085777,16.537074080510802,-21.0,3,42,7,4
2005-05-13 05:30:00,28,-37.0,-32.23545312785787,16.537074080510802,-23.0,3,42,7,4
2005-05-13 06:30:00,28,-42.0,-36.42601308397913,16.537074080510802,-32.0,3,42,7,4
2005-05-13 07:30:00,28,-41.0,-31.242041747376383,16.537074080510802,-32.0,3,42,7,4
2005-05-13 08:30:00,28,-38.0,-36.109409184827406,16.537074080510802,-38.0,3,42,7,4
2005-05-13 09:30:00,28,-38.0,-33.550189089752784,16.537074080510802,-37.0,3,42,7,4
2005-05-13 10:30:00,28,-38.0,-36.66668846541121,16.537074080510802,-42.0,3,42,7,4
2005-05-13 11:30:00,28,-33.0,-34.97485116018655,16.537074080510802,-41.0,3,42,7,4
2005-05-13 12:30:00,28,-30.0,-32.87096202983144,16.537074080510802,-38.0,3,42,7,4
2005-05-13 13:30:00,28,-21.0,-31.132588854575758,16.537074080510802,-38.0,3,42,7,4
2005-05-13 14:30:00,28,-23.0,-28.77668183194695,16.537074080510802,-38.0,3,42,7,4
2005-05-13 15:30:00,28,-24.0,-28.685434712067188,16.537074080510802,-33.0,3,42,7,4
2005-05-13 16:30:00,28,-27.0,-27.706261904506725,16.537074080510802,-30.0,3,42,7,4
2005-05-13 17:30:00,28,-26.0,-25.37306011801214,16.537074080510802,-21.0,3,42,7,4
2005-05-13 18:30:00,28,-25.0,-27.458886876457804,16.537074080510802,-23.0,3,42,7,4
2005-05-13 19:30:00,28,-26.0,-25.162964185326015,16.537074080510802,-24.0,3,42,7,4
2005-05-13 20:30:00,28,-24.0,-26.24093367825516,16.537074080510802,-27.0,3,42,7,4
2005-05-13 21:30:00,28,-27.0,-25.571595208587027,16.537074080510802,-26.0,3,42,7,4
2005-05-13 22:30:00,28,-23.0,-24.540097674586313,16.537074080510802,-25.0,3,42,7,4
2005-05-13 23:30:00,28,-22.0,-25.53546210540869,16.537074080510802,-26.0,3,42,7,4
2005-05-14 00:30:00,28,-20.0,-24.454747702817563,16.537074080510802,-24.0,3,42,7,4
2005-05-14 01:30:00,28,-18.0,-23.69386239223681,16.537074080510802,-27.0,3,42,7,4
2005-05-14 02:30:00,28,-16.0,-22.407116833482263,16.537074080510802,-23.0,3,42,7,4
2005-05-14 03:30:00,28,-17.0,-21.981253978668825,16.537074080510802,-22.0,3,42,7,4
2005-05-14 04:30:00,28,-17.0,-20.801713708945172,16.537074080510802,-20.0,3,42,7,4
2005-05-14 05:30:00,28,-17.0,-20.086184154825652,16.537074080510802,-18.0,3,42,7,4
2005-05-14 06:30:00,28,-18.0,-19.305877164497023,16.537074080510802,-16.0,3,42,7,4
2005-05-14 07:30:00,28,-18.0,-19.033531057941737,16.537074080510802,-17.0,3,42,7,4
2005-05-14 08:30:00,28,-16.0,-18.606021865284525,16.537074080510802,-17.0,3,42,7,4
2005-05-14 09:30:00,28,-16.0,-19.852727612225543,16.537074080510802,-17.0,3,42,7,4
2005-05-14 10:30:00,28,-20.0,-20.46086827538329,16.537074080510802,-18.0,3,42,7,4
2005-05-14 11:30:00,28,-19.0,-20.879412587004943,16.537074080510802,-18.0,3,42,7,4
2005-05-14 12:30:00,28,-19.0,-21.12152152258607,16.537074080510802,-16.0,3,42,7,4
2005-05-14 13:30:00,28,-19.0,-21.123678541297192,16.537074080510802,-16.0,3,42,7,4
2005-05-14 14:30:00,28,-20.0,-20.835625350350554,16.537074080510802,-20.0,3,42,7,4
2005-05-14 15:30:00,28,-21.0,-22.396780409545826,16.537074080510802,-19.0,3,42,7,4
2005-05-14 16:30:00,28,-21.0,-20.19599877990731,16.537074080510802,-19.0,3,42,7,4
2005-05-14 17:30:00,28,-20.0,-19.994935211085647,16.537074080510802,-19.0,3,42,7,4
2005-05-14 18:30:00,28,-23.0,-16.297344311537373,16.537074080510802,-20.0,3,42,7,4
2005-05-14 19:30:00,28,-28.0,-17.094227759638663,16.537074080510802,-21.0,3,42,7,4
2005-05-14 20:30:00,28,-26.0,-18.634029063137937,16.537074080510802,-21.0,3,42,7,4
2005-05-14 21:30:00,28,-19.0,-17.432392118646977,16.537074080510802,-20.0,3,42,7,4
2005-05-14 22:30:00,28,-14.0,-20.6347465993666,16.537074080510802,-23.0,3,42,7,4
2005-05-14 23:30:00,28,-11.0,-25.707131126687315,16.537074080510802,-28.0,3,42,7,4
2005-05-15 00:30:00,28,-14.0,-23.855596238831914,16.537074080510802,-26.0,3,42,7,4
2005-05-15 01:30:00,28,-12.0,-19.384632665589468,16.537074080510802,-19.0,3,42,7,4
2005-05-15 02:30:00,28,11.0,-14.210457890291966,16.537074080510802,-14.0,3,42,7,4
2005-05-15 03:30:00,28,52.0,-14.163843670264779,16.537074080510802,-11.0,3,42,7,4
2005-05-15 04:30:00,28,42.0,-14.333994023916464,16.537074080510802,-14.0,3,42,7,4
2005-05-15 05:30:00,28,37.0,-16.33430423135808,16.537074080510802,-12.0,3,42,7,4
2005-05-15 06:30:00,28,-58.0,-10.55280953001106,16.537074080510802,11.0,3,42,7,4
2005-05-15 07:30:00,28,-229.0,-11.056579182951687,16.537074080510802,52.0,3,42,7,4
2005-05-15 08:30:00,28,-247.0,-16.342267205168188,16.537074080510802,42.0,3,42,7,4
2005-05-15 09:30:00,28,-222.0,-22.768438138011035,16.537074080510802,37.0,3,42,7,4
2005-05-15 10:30:00,28,-184.0,-182.2248973256555,16.537074080510802,-58.0,3,42,7,4
2005-05-15 11:30:00,28,-175.0,-290.5250374998609,16.537074080510802,-229.0,3,42,7,4
2005-05-15 12:30:00,28,-162.0,-206.18750270969258,16.537074080510802,-247.0,3,42,7,4
2005-05-15 13:30:00,28,-157.0,-164.44354397820285,16.537074080510802,-222.0,3,42,7,4
2005-05-15 14:30:00,28,-146.0,-146.3528250249397,16.537074080510802,-184.0,3,42,7,4
2005-05-15 15:30:00,28,-135.0,-143.98449143453882,16.537074080510802,-175.0,3,42,7,4
2005-05-15 16:30:00,28,-118.0,-134.22874568966603,16.537074080510802,-162.0,3,42,7,4
2005-05-15 17:30:00,28,-100.0,-130.4689769627048,16.537074080510802,-157.0,3,42,7,4
2005-05-15 18:30:00,28,-105.0,-128.47333340566524,16.537074080510802,-146.0,3,42,7,4
2005-05-15 19:30:00,28,-115.0,-122.78264627388003,16.537074080510802,-135.0,3,42,7,4
2005-05-15 20:30:00,28,-120.0,-115.39950924781186,16.537074080510802,-118.0,3,42,7,4
2005-05-15 21:30:00,28,-108.0,-107.70982751977185,16.537074080510802,-100.0,3,42,7,4
2005-05-15 22:30:00,28,-94.0,-110.63652011601893,16.537074080510802,-105.0,3,42,7,4
2005-05-15 23:30:00,28,-102.0,-116.51121285974965,16.537074080510802,-115.0,3,42,7,4
2005-05-16 00:30:00,28,-99.0,-120.61521940032013,16.537074080510802,-120.0,3,42,7,4
2005-05-16 01:30:00,28,-101.0,-111.34888588057456,16.537074080510802,-108.0,3,42,7,4
2005-05-16 02:30:00,28,-99.0,-98.85401332658965,16.537074080510802,-94.0,3,42,7,4
2005-05-16 03:30:00,28,-99.0,-99.30909320654938,16.537074080510802,-102.0,3,42,7,4
2005-05-16 04:30:00,28,-97.0,-94.72671973846823,16.537074080510802,-99.0,3,42,7,4
2005-05-16 05:30:00,28,-91.0,-94.52786547235127,16.537074080510802,-101.0,3,42,7,4
2005-05-16 06:30:00,28,-97.0,-89.20137648064753,16.537074080510802,-99.0,3,42,7,4
2005-05-16 07:30:00,28,-87.0,-88.13457873964497,16.537074080510802,-99.0,3,42,7,4
2005-05-16 08:30:00,28,-87.0,-85.5712526032097,16.537074080510802,-97.0,3,42,7,4
2005-05-16 09:30:00,28,-88.0,-86.30654064326818,16.537074080510802,-91.0,3,42,7,4
2005-05-16 10:30:00,28,-86.0,-86.63713598227834,16.537074080510802,-97.0,3,42,7,4
2005-05-16 11:30:00,28,-88.0,-77.14565542718847,16.537074080510802,-87.0,3,42,7,4
2005-05-16 12:30:00,28,-85.0,-76.46357546988008,16.537074080510802,-87.0,3,42,7,4
2005-05-16 13:30:00,28,-83.0,-77.14637038040276,16.537074080510802,-88.0,3,42,7,4
2005-05-16 14:30:00,28,-81.0,-76.39451682573306,16.537074080510802,-86.0,3,42,7,4
2005-05-16 15:30:00,28,-82.0,-78.42575727104023,16.537074080510802,-88.0,3,42,7,4
2005-05-16 16:30:00,28,-78.0,-78.19368929403656,16.537074080510802,-85.0,3,42,7,4
2005-05-16 17:30:00,28,-74.0,-77.81652472355182,16.537074080510802,-83.0,3,42,7,4
2005-05-16 18:30:00,28,-70.0,-77.2901100218649,16.537074080510802,-81.0,3,42,7,4
2005-05-16 19:30:00,28,-71.0,-78.05134551361184,16.537074080510802,-82.0,3,42,7,4
2005-05-16 20:30:00,28,-74.0,-74.4027252615215,16.537074080510802,-78.0,3,42,7,4
2005-05-16 21:30:00,28,-77.0,-71.11600751742324,16.537074080510802,-74.0,3,42,7,4
2005-05-16 22:30:00,28,-76.0,-68.2013840123411,16.537074080510802,-70.0,3,42,7,4
2005-05-16 23:30:00,28,-71.0,-67.66708780260149,16.537074080510802,-71.0,3,42,7,4
2005-05-17 00:30:00,28,-66.0,-68.8387040075335,16.537074080510802,-74.0,3,42,7,4
2005-05-17 01:30:00,28,-65.0,-70.25857190933672,16.537074080510802,-77.0,3,42,7,4
2005-05-17 02:30:00,28,-67.0,-70.05378158609025,16.537074080510802,-76.0,3,42,7,4
2005-05-17 03:30:00,28,-68.0,-67.43234726239206,16.537074080510802,-71.0,3,42,7,4
2005-05-17 04:30:00,28,-74.0,-64.97353318136584,16.537074080510802,-66.0,3,42,7,4
2005-05-17 05:30:00,28,-80.0,-64.00641791385544,16.537074080510802,-65.0,3,42,7,4
2005-05-17 06:30:00,28,-76.0,-63.6801171577583,16.537074080510802,-67.0,3,42,7,4
2005-05-17 07:30:00,28,-72.0,-63.30129895398882,16.537074080510802,-68.0,3,42,7,4
2005-05-17 08:30:00,28,-69.0,-66.15127755670599,16.537074080510802,-74.0,3,42,7,4
2005-05-17 09:30:00,28,-65.0,-70.8723276302216,16.537074080510802,-80.0,3,42,7,4
2005-05-17 10:30:00,28,-64.0,-69.38874621068292,16.537074080510802,-76.0,3,42,7,4
2005-05-17 11:30:00,28,-63.0,-66.88861804748848,16.537074080510802,-72.0,3,42,7,4
2005-05-17 12:30:00,28,-65.0,-64.15706876972234,16.537074080510802,-69.0,3,42,7,4
2005-05-17 13:30:00,28,-66.0,-60.98183509077923,16.537074080510802,-65.0,3,42,7,4
2005-05-17 14:30:00,28,-64.0,-59.61301095757401,16.537074080510802,-64.0,3,42,7,4
2005-05-17 15:30:00,28,-59.0,-59.37783998634782,16.537074080510802,-63.0,3,42,7,4
2005-05-17 16:30:00,28,-63.0,-60.28579165946942,16.537074080510802,-65.0,3,42,7,4
2005-05-17 17:30:00,28,-69.0,-60.09343033580869,16.537074080510802,-66.0,3,42,7,4
2005-05-17 18:30:00,28,-72.0,-58.907913884030265,16.537074080510802,-64.0,3,42,7,4
2005-05-17 19:30:00,28,-70.0,-55.936509961940274,16.537074080510802,-59.0,3,42,7,4
2005-05-17 20:30:00,28,-64.0,-60.62526311831677,16.537074080510802,-63.0,3,42,7,4
2005-05-17 21:30:00,28,-63.0,-61.14217429224375,16.537074080510802,-69.0,3,42,7,4
2005-05-17 22:30:00,28,-61.0,-60.437276627419635,16.537074080510802,-72.0,3,42,7,4
2005-05-17 23:30:00,28,-58.0,-61.06387475621143,16.537074080510802,-70.0,3,42,7,4
2005-05-18 00:30:00,28,-59.0,-59.14435183017021,16.537074080510802,-64.0,3,42,7,4
2005-05-18 01:30:00,28,-63.0,-58.24496014111078,16.537074080510802,-63.0,3,42,7,4
2005-05-18 02:30:00,28,-64.0,-56.14576995868283,16.537074080510802,-61.0,3,42,7,4
2005-05-18 03:30:00,28,-64.0,-53.77128509564409,16.537074080510802,-58.0,3,42,7,4
2005-05-18 04:30:00,28,-62.0,-53.8486617583947,16.537074080510802,-59.0,3,42,7,4
2005-05-18 05:30:00,28,-59.0,-56.143557008257666,16.537074080510802,-63.0,3,42,7,4
2005-05-18 06:30:00,28,-55.0,-56.45430388422366,16.537074080510802,-64.0,3,42,7,4
2005-05-18 07:30:00,28,-53.0,-57.17340090897365,16.537074080510802,-64.0,3,42,7,4
2005-05-18 08:30:00,28,-53.0,-56.826723986269414,16.537074080510802,-62.0,3,42,7,4
2005-05-18 09:30:00,28,-49.0,-55.57333075177983,16.537074080510802,-59.0,3,42,7,4
2005-05-18 10:30:00,28,-49.0,-53.09436301509588,16.537074080510802,-55.0,3,42,7,4
2005-05-18 11:30:00,28,-49.0,-52.107942794893006,16.537074080510802,-53.0,3,42,7,4
2005-05-18 12:30:00,28,-50.0,-50.49222270092871,16.537074080510802,-53.0,3,42,7,4
2005-05-18 13:30:00,28,-49.0,-48.589779618086524,16.537074080510802,-49.0,3,42,7,4
2005-05-18 14:30:00,28,-48.0,-48.272584788216875,16.537074080510802,-49.0,3,42,7,4
2005-05-18 15:30:00,28,-46.0,-48.653453010896705,16.537074080510802,-49.0,3,42,7,4
2005-05-18 16:30:00,28,-49.0,-49.41276007441599,16.537074080510802,-50.0,3,42,7,4
2005-05-18 17:30:00,28,-48.0,-47.37083423991304,16.537074080510802,-49.0,3,42,7,4
2005-05-18 18:30:00,28,-49.0,-45.953189015789604,16.537074080510802,-48.0,3,42,7,4
2005-05-18 19:30:00,28,-49.0,-43.42952515209808,16.537074080510802,-46.0,3,42,7,4
2005-05-18 20:30:00,28,-49.0,-42.53806360736443,16.537074080510802,-49.0,3,42,7,4
2005-05-18 21:30:00,28,-45.0,-41.68635492043313,16.537074080510802,-48.0,3,42,7,4
2005-05-18 22:30:00,28,-41.0,-41.90927806219083,16.537074080510802,-49.0,3,42,7,4
2005-05-18 23:30:00,28,-39.0,-42.06927316202331,16.537074080510802,-49.0,3,42,7,4
2005-05-19 00:30:00,28,-39.0,-42.44927201132182,16.537074080510802,-49.0,3,42,7,4
2005-05-19 01:30:00,28,-40.0,-41.59028429817061,16.537074080510802,-45.0,3,42,7,4
2005-05-19 02:30:00,28,-36.0,-40.32929954940657,16.537074080510802,-41.0,3,42,7,4
2005-05-19 03:30:00,28,-32.0,-38.34356867277425,16.537074080510802,-39.0,3,42,7,4
2005-05-19 04:30:00,28,-26.0,-38.54452645770196,16.537074080510802,-39.0,3,42,7,4
2005-05-19 05:30:00,28,-29.0,-38.069590819257115,16.537074080510802,-40.0,3,42,7,4
2005-05-19 06:30:00,28,-31.0,-36.27561969638286,16.537074080510802,-36.0,3,42,7,4
2005-05-19 07:30:00,28,-30.0,-34.65354740117754,16.537074080510802,-32.0,3,42,7,4
2005-05-19 08:30:00,28,-32.0,-34.339758326330355,16.537074080510802,-26.0,3,42,7,4
2005-05-19 09:30:00,28,-34.0,-34.27690757048283,16.537074080510802,-29.0,3,42,7,4
2005-05-19 10:30:00,28,-39.0,-36.92229183893524,16.537074080510802,-31.0,3,42,7,4
2005-05-19 11:30:00,28,-43.0,-35.75766003080011,16.537074080510802,-30.0,3,42,7,4
2005-05-19 12:30:00,28,-37.0,-36.241801983779865,16.537074080510802,-32.0,3,42,7,4
2005-05-19 13:30:00,28,-28.0,-36.87275488287261,16.537074080510802,-34.0,3,42,7,4
2005-05-19 14:30:00,28,-25.0,-37.2944696715457,16.537074080510802,-39.0,3,42,7,4
2005-05-19 15:30:00,28,-26.0,-40.03019254949556,16.537074080510802,-43.0,3,42,7,4
2005-05-19 16:30:00,28,-30.0,-36.23221486242557,16.537074080510802,-37.0,3,42,7,4
2005-05-19 17:30:00,28,-31.0,-30.381395841289834,16.537074080510802,-28.0,3,42,7,4
2005-05-19 18:30:00,28,-31.0,-28.761643496310455,16.537074080510802,-25.0,3,42,7,4
2005-05-19 19:30:00,28,-29.0,-28.77041626406735,16.537074080510802,-26.0,3,42,7,4
2005-05-19 20:30:00,28,-21.0,-29.185751797572514,16.537074080510802,-30.0,3,42,7,4
2005-05-19 21:30:00,28,-16.0,-27.697611335385943,16.537074080510802,-31.0,3,42,7,4
2005-05-19 22:30:00,28,-10.0,-27.092455115535095,16.537074080510802,-31.0,3,42,7,4
2005-05-19 23:30:00,28,-11.0,-25.90195222985909,16.537074080510802,-29.0,3,42,7,4
2005-05-20 00:30:00,28,-12.0,-23.589085269139467,16.537074080510802,-21.0,3,42,7,4
2005-05-20 01:30:00,28,-12.0,-22.258096508670405,16.537074080510802,-16.0,3,42,7,4
2005-05-20 02:30:00,28,-10.0,-19.350776955898127,16.537074080510802,-10.0,3,42,7,4
2005-05-20 03:30:00,28,-3.0,-18.931167509896014,16.537074080510802,-11.0,3,42,7,4
2005-05-20 04:30:00,28,8.0,-20.501457677082634,16.537074080510802,-12.0,3,42,7,4
2005-05-20 05:30:00,28,-18.0,-21.468222763426844,16.537074080510802,-12.0,3,42,7,4
2005-05-20 06:30:00,28,-54.0,-20.92485832057137,16.537074080510802,-10.0,3,42,7,4
2005-05-20 07:30:00,28,-74.0,-17.350370691817176,16.537074080510802,-3.0,3,42,7,4
2005-05-20 08:30:00,28,-83.0,-20.06568639753587,16.537074080510802,8.0,3,42,7,4
2005-05-20 09:30:00,28,-81.0,-45.61097325523369,16.537074080510802,-18.0,3,42,7,4
2005-05-20 10:30:00,28,-72.0,-85.93867046456911,16.537074080510802,-54.0,3,42,7,4
2005-05-20 11:30:00,28,-63.0,-79.09114039580008,16.537074080510802,-74.0,3,42,7,4
2005-05-20 12:30:00,28,-65.0,-86.27794251469683,16.537074080510802,-83.0,3,42,7,4
2005-05-20 13:30:00,28,-63.0,-62.70002330077638,16.537074080510802,-81.0,3,42,7,4
2005-05-20 14:30:00,28,-49.0,-56.77414087962842,16.537074080510802,-72.0,3,42,7,4
2005-05-20 15:30:00,28,-39.0,-53.774104783575936,16.537074080510802,-63.0,3,42,7,4
2005-05-20 16:30:00,28,-36.0,-52.59432862792784,16.537074080510802,-65.0,3,42,7,4
2005-05-20 17:30:00,28,-36.0,-51.01112553023834,16.537074080510802,-63.0,3,42,7,4
2005-05-20 18:30:00,28,-34.0,-46.169312806570645,16.537074080510802,-49.0,3,42,7,4
2005-05-20 19:30:00,28,-38.0,-41.12537563537472,16.537074080510802,-39.0,3,42,7,4
2005-05-20 20:30:00,28,-41.0,-37.223152480467505,16.537074080510802,-36.0,3,42,7,4
2005-05-20 21:30:00,28,-39.0,-34.62845442801177,16.537074080510802,-36.0,3,42,7,4
2005-05-20 22:30:00,28,-43.0,-32.61347278481872,16.537074080510802,-34.0,3,42,7,4
2005-05-20 23:30:00,28,-49.0,-33.27517345975879,16.537074080510802,-38.0,3,42,7,4
2005-05-21 00:30:00,28,-47.0,-34.61003473148353,16.537074080510802,-41.0,3,42,7,4
2005-05-21 01:30:00,28,-41.0,-35.862452428726975,16.537074080510802,-39.0,3,42,7,4
2005-05-21 02:30:00,28,-36.0,-44.08290119694119,16.537074080510802,-43.0,3,42,7,4
2005-05-21 03:30:00,28,-44.0,-49.54343358111505,16.537074080510802,-49.0,3,42,7,4
2005-05-21 04:30:00,28,-51.0,-44.68882769376695,16.537074080510802,-47.0,3,42,7,4
2005-05-21 05:30:00,28,-61.0,-41.25721276490724,16.537074080510802,-41.0,3,42,7,4
2005-05-21 06:30:00,28,-63.0,-40.988080300095746,16.537074080510802,-36.0,3,42,7,4
2005-05-21 07:30:00,28,-59.0,-49.13197557448124,16.537074080510802,-44.0,3,42,7,4
2005-05-21 08:30:00,28,-57.0,-54.44913612900814,16.537074080510802,-51.0,3,42,7,4
2005-05-21 09:30:00,28,-58.0,-61.28474179952465,16.537074080510802,-61.0,3,42,7,4
2005-05-21 10:30:00,28,-56.0,-58.8280458281911,16.537074080510802,-63.0,3,42,7,4
2005-05-21 11:30:00,28,-56.0,-51.76008522665975,16.537074080510802,-59.0,3,42,7,4
2005-05-21 12:30:00,28,-55.0,-50.85147574794473,16.537074080510802,-57.0,3,42,7,4
2005-05-21 13:30:00,28,-49.0,-51.03915461441464,16.537074080510802,-58.0,3,42,7,4
2005-05-21 14:30:00,28,-48.0,-50.38544662700775,16.537074080510802,-56.0,3,42,7,4
2005-05-21 15:30:00,28,-50.0,-49.61387592723122,16.537074080510802,-56.0,3,42,7,4
2005-05-21 16:30:00,28,-48.0,-48.41974599149023,16.537074080510802,-55.0,3,42,7,4
2005-05-21 17:30:00,28,-52.0,-46.34305251717568,16.537074080510802,-49.0,3,42,7,4
2005-05-21 18:30:00,28,-56.0,-45.52446756402586,16.537074080510802,-48.0,3,42,7,4
2005-05-21 19:30:00,28,-56.0,-46.33129469815846,16.537074080510802,-50.0,3,42,7,4
2005-05-21 20:30:00,28,-48.0,-45.921931698987585,16.537074080510802,-48.0,3,42,7,4
2005-05-21 21:30:00,28,-44.0,-45.39917566094316,16.537074080510802,-52.0,3,42,7,4
2005-05-21 22:30:00,28,-38.0,-48.14389320964584,16.537074080510802,-56.0,3,42,7,4
2005-05-21 23:30:00,28,-34.0,-47.70052008061659,16.537074080510802,-56.0,3,42,7,4
2005-05-22 00:30:00,28,-36.0,-43.588198561209595,16.537074080510802,-48.0,3,42,7,4
2005-05-22 01:30:00,28,-38.0,-40.02998462942814,16.537074080510802,-44.0,3,42,7,4
2005-05-22 02:30:00,28,-33.0,-36.3712276660977,16.537074080510802,-38.0,3,42,7,4
2005-05-22 03:30:00,28,-35.0,-35.13892000385459,16.537074080510802,-34.0,3,42,7,4
2005-05-22 04:30:00,28,-35.0,-34.561184762778176,16.537074080510802,-36.0,3,42,7,4
2005-05-22 05:30:00,28,-38.0,-37.72388722996791,16.537074080510802,-38.0,3,42,7,4
2005-05-22 06:30:00,28,-38.0,-33.965588534360535,16.537074080510802,-33.0,3,42,7,4
2005-05-22 07:30:00,28,-37.0,-36.030837589642545,16.537074080510802,-35.0,3,42,7,4
2005-05-22 08:30:00,28,-39.0,-34.28846347297258,16.537074080510802,-35.0,3,42,7,4
2005-05-22 09:30:00,28,-41.0,-33.86676677091355,16.537074080510802,-38.0,3,42,7,4
2005-05-22 10:30:00,28,-40.0,-35.667443087979535,16.537074080510802,-38.0,3,42,7,4
2005-05-22 11:30:00,28,-38.0,-35.07428080105287,16.537074080510802,-37.0,3,42,7,4
2005-05-22 12:30:00,28,-34.0,-32.43755295327285,16.537074080510802,-39.0,3,42,7,4
2005-05-22 13:30:00,28,-30.0,-32.93619816689103,16.537074080510802,-41.0,3,42,7,4
2005-05-22 14:30:00,28,-28.0,-33.709145501178284,16.537074080510802,-40.0,3,42,7,4
2005-05-22 15:30:00,28,-28.0,-31.216991026972853,16.537074080510802,-38.0,3,42,7,4
2005-05-22 16:30:00,28,-29.0,-29.65691326122631,16.537074080510802,-34.0,3,42,7,4
2005-05-22 17:30:00,28,-28.0,-28.229276930705314,16.537074080510802,-30.0,3,42,7,4
2005-05-22 18:30:00,28,-28.0,-25.272624390240644,16.537074080510802,-28.0,3,42,7,4
2005-05-22 19:30:00,28,-29.0,-24.45437989100239,16.537074080510802,-28.0,3,42,7,4
2005-05-22 20:30:00,28,-31.0,-25.488329301119776,16.537074080510802,-29.0,3,42,7,4
2005-05-22 21:30:00,28,-29.0,-24.651388410555963,16.537074080510802,-28.0,3,42,7,4
2005-05-22 22:30:00,28,-27.0,-24.332417748765458,16.537074080510802,-28.0,3,42,7,4
2005-05-22 23:30:00,28,-25.0,-25.011382552783054,16.537074080510802,-29.0,3,42,7,4
2005-05-23 00:30:00,28,-22.0,-24.090472960605975,16.537074080510802,-31.0,3,42,7,4
2005-05-23 01:30:00,28,-18.0,-25.431611503313526,16.537074080510802,-29.0,3,42,7,4
2005-05-23 02:30:00,28,-18.0,-23.88918688083497,16.537074080510802,-27.0,3,42,7,4
2005-05-23 03:30:00,28,-18.0,-25.290862992645835,16.537074080510802,-25.0,3,42,7,4
2005-05-23 04:30:00,28,-18.0,-21.95285404291029,16.537074080510802,-22.0,3,42,7,4
2005-05-23 05:30:00,28,-19.0,-20.298374487021306,16.537074080510802,-18.0,3,42,7,4
2005-05-23 06:30:00,28,-18.0,-19.053999633467672,16.537074080510802,-18.0,3,42,7,4
2005-05-23 07:30:00,28,-18.0,-18.736530008655116,16.537074080510802,-18.0,3,42,7,4
2005-05-23 08:30:00,28,-17.0,-20.63049700500619,16.537074080510802,-18.0,3,42,7,4
2005-05-23 09:30:00,28,-16.0,-19.78867364057851,16.537074080510802,-19.0,3,42,7,4
2005-05-23 10:30:00,28,-16.0,-19.996287299477288,16.537074080510802,-18.0,3,42,7,4
2005-05-23 11:30:00,28,-13.0,-20.62551300292227,16.537074080510802,-18.0,3,42,7,4
2005-05-23 12:30:00,28,-11.0,-19.329904699305622,16.537074080510802,-17.0,3,42,7,4
2005-05-23 13:30:00,28,-13.0,-20.141154086568072,16.537074080510802,-16.0,3,42,7,4
2005-05-23 14:30:00,28,-22.0,-18.480238735843706,16.537074080510802,-16.0,3,42,7,4
2005-05-23 15:30:00,28,-27.0,-18.255454040733852,16.537074080510802,-13.0,3,42,7,4
2005-05-23 16:30:00,28,-27.0,-22.00816199675062,16.537074080510802,-11.0,3,42,7,4
2005-05-23 17:30:00,28,-23.0,-22.504706731325136,16.537074080510802,-13.0,3,42,7,4
2005-05-23 18:30:00,28,-21.0,-29.223640062255644,16.537074080510802,-22.0,3,42,7,4
2005-05-23 19:30:00,28,-22.0,-27.83380931475354,16.537074080510802,-27.0,3,42,7,4
2005-05-23 20:30:00,28,-25.0,-24.42643044872326,16.537074080510802,-27.0,3,42,7,4
2005-05-23 21:30:00,28,-24.0,-21.168460389736072,16.537074080510802,-23.0,3,42,7,4
2005-05-23 22:30:00,28,-24.0,-19.47730178850342,16.537074080510802,-21.0,3,42,7,4
2005-05-23 23:30:00,28,-21.0,-19.701240212461673,16.537074080510802,-22.0,3,42,7,4
2005-05-24 00:30:00,28,-16.0,-19.846177522148423,16.537074080510802,-25.0,3,42,7,4
2005-05-24 01:30:00,28,-11.0,-21.971018474999035,16.537074080510802,-24.0,3,42,7,4
2005-05-24 02:30:00,28,-9.0,-20.75270293656194,16.537074080510802,-24.0,3,42,7,4
2005-05-24 03:30:00,28,-11.0,-18.590973802393414,16.537074080510802,-21.0,3,42,7,4
2005-05-24 04:30:00,28,-11.0,-15.991598460350872,16.537074080510802,-16.0,3,42,7,4
2005-05-24 05:30:00,28,-11.0,-14.100417106540483,16.537074080510802,-11.0,3,42,7,4
2005-05-24 06:30:00,28,-10.0,-13.024524382471878,16.537074080510802,-9.0,3,42,7,4
2005-05-24 07:30:00,28,-9.0,-12.748790759496533,16.537074080510802,-11.0,3,42,7,4
2005-05-24 08:30:00,28,-9.0,-12.457931255593152,16.537074080510802,-11.0,3,42,7,4
2005-05-24 09:30:00,28,-7.0,-12.230225952284815,16.537074080510802,-11.0,3,42,7,4
2005-05-24 10:30:00,28,-7.0,-11.905666374763946,16.537074080510802,-10.0,3,42,7,4
2005-05-24 11:30:00,28,-7.0,-11.962376269175824,16.537074080510802,-9.0,3,42,7,4
2005-05-24 12:30:00,28,-6.0,-12.236115804954864,16.537074080510802,-9.0,3,42,7,4
2005-05-24 13:30:00,28,-4.0,-11.91027222982467,16.537074080510802,-7.0,3,42,7,4
2005-05-24 14:30:00,28,-5.0,-11.970440163252572,16.537074080510802,-7.0,3,42,7,4
2005-05-24 15:30:00,28,-7.0,-12.238990208693924,16.537074080510802,-7.0,3,42,7,4
2005-05-24 16:30:00,28,-7.0,-12.07061143128919,16.537074080510802,-6.0,3,42,7,4
2005-05-24 17:30:00,28,-10.0,-12.09300843504277,16.537074080510802,-4.0,3,42,7,4
2005-05-24 18:30:00,28,-11.0,-12.31816033401438,16.537074080510802,-5.0,3,42,7,4
2005-05-24 19:30:00,28,-7.0,-12.619031614731384,16.537074080510802,-7.0,3,42,7,4
2005-05-24 20:30:00,28,-6.0,-12.829461313841524,16.537074080510802,-7.0,3,42,7,4
2005-05-24 21:30:00,28,-6.0,-15.07869075100237,16.537074080510802,-10.0,3,42,7,4
2005-05-24 22:30:00,28,-6.0,-10.173446599983073,16.537074080510802,-11.0,3,42,7,4
2005-05-24 23:30:00,28,-5.0,-9.078276889079007,16.537074080510802,-7.0,3,42,7,4
2005-05-25 00:30:00,28,-6.0,-9.480029527419607,16.537074080510802,-6.0,3,42,7,4
2005-05-25 01:30:00,28,-4.0,-11.076918872353957,16.537074080510802,-6.0,3,42,7,4
2005-05-25 02:30:00,28,-3.0,-11.760183122911865,16.537074080510802,-6.0,3,42,7,4
2005-05-25 03:30:00,28,-2.0,-11.65759220028949,16.537074080510802,-5.0,3,42,7,4
2005-05-25 04:30:00,28,-1.0,-15.369749663625381,16.537074080510802,-6.0,3,42,7,4
2005-05-25 05:30:00,28,-2.0,-7.879978824735023,16.537074080510802,-4.0,3,42,7,4
2005-05-25 06:30:00,28,-4.0,-8.087981573818446,16.537074080510802,-3.0,3,42,7,4
2005-05-25 07:30:00,28,-6.0,-6.916061392179678,16.537074080510802,-2.0,3,42,7,4
2005-05-25 08:30:00,28,-4.0,-7.248801590832688,16.537074080510802,-1.0,3,42,7,4
2013-09-24 01:30:00,34,-8.0,-3.205089438000126,16.537074080510802,-2.0,3,42,7,4
2013-09-24 02:30:00,34,-8.0,-5.635516958242896,16.537074080510802,-4.0,3,42,7,4
2013-09-24 03:30:00,34,-4.0,-8.674885208335589,16.537074080510802,-6.0,3,42,7,4
2013-09-24 04:30:00,34,-2.0,-5.382100089170546,16.537074080510802,-4.0,3,42,7,4
2013-09-24 05:30:00,34,1.0,-4.69732811414714,16.537074080510802,-8.0,3,42,7,4
2013-09-24 06:30:00,34,2.0,-3.541698652176688,16.537074080510802,-8.0,3,42,7,4
2013-09-24 07:30:00,34,4.0,-1.9860309804917264,16.537074080510802,-4.0,3,42,7,4
2013-09-24 08:30:00,34,8.0,0.37650030253065125,16.537074080510802,-2.0,3,42,7,4
2013-09-24 09:30:00,34,15.0,1.7709995242950711,16.537074080510802,1.0,3,42,7,4
2013-09-24 10:30:00,34,10.0,2.5234269869871184,16.537074080510802,2.0,3,42,7,4
2013-09-24 11:30:00,34,-11.0,3.6248926634414573,16.537074080510802,4.0,3,42,7,4
2013-09-24 12:30:00,34,-22.0,4.318779076040151,16.537074080510802,8.0,3,42,7,4
2013-09-24 13:30:00,34,-11.0,5.024372239569324,16.537074080510802,15.0,3,42,7,4
2013-09-24 14:30:00,34,-19.0,-2.409385419521037,16.537074080510802,10.0,3,42,7,4
2013-09-24 15:30:00,34,-18.0,-19.55800882005322,16.537074080510802,-11.0,3,42,7,4
2013-09-24 16:30:00,34,-17.0,-24.931506593549514,16.537074080510802,-22.0,3,42,7,4
2013-09-24 17:30:00,34,-11.0,-10.467676597610932,16.537074080510802,-11.0,3,42,7,4
2013-09-24 18:30:00,34,-8.0,-12.553452895923275,16.537074080510802,-19.0,3,42,7,4
2013-09-24 19:30:00,34,-9.0,-10.913233495301498,16.537074080510802,-18.0,3,42,7,4
2013-09-24 20:30:00,34,-13.0,-10.499591720006364,16.537074080510802,-17.0,3,42,7,4
2013-09-24 21:30:00,34,-19.0,-8.946421520944085,16.537074080510802,-11.0,3,42,7,4
2013-09-24 22:30:00,34,-23.0,-7.448327037518176,16.537074080510802,-8.0,3,42,7,4
2013-09-24 23:30:00,34,-22.0,-6.1630502942106595,16.537074080510802,-9.0,3,42,7,4
2013-09-25 00:30:00,34,-19.0,-8.461138515401359,16.537074080510802,-13.0,3,42,7,4
2013-09-25 01:30:00,34,-13.0,-10.42184177385986,16.537074080510802,-19.0,3,42,7,4
2013-09-25 02:30:00,34,-11.0,-13.925970954068958,16.537074080510802,-23.0,3,42,7,4
2013-09-25 03:30:00,34,-8.0,-13.615411327754316,16.537074080510802,-22.0,3,42,7,4
2013-09-25 04:30:00,34,-9.0,-13.216613343003356,16.537074080510802,-19.0,3,42,7,4
2013-09-25 05:30:00,34,-10.0,-11.68793637106442,16.537074080510802,-13.0,3,42,7,4
2013-09-25 06:30:00,34,-9.0,-9.739362999112199,16.537074080510802,-11.0,3,42,7,4
2013-09-25 07:30:00,34,-11.0,-7.196534619966716,16.537074080510802,-8.0,3,42,7,4
2013-09-25 08:30:00,34,-10.0,-6.931593385987938,16.537074080510802,-9.0,3,42,7,4
2013-09-25 09:30:00,34,-10.0,-8.302623174177356,16.537074080510802,-10.0,3,42,7,4
2013-09-25 10:30:00,34,-9.0,-10.185367350515104,16.537074080510802,-9.0,3,42,7,4
2013-09-25 11:30:00,34,-8.0,-10.179482361472363,16.537074080510802,-11.0,3,42,7,4
2013-09-25 12:30:00,34,-8.0,-8.80161188147417,16.537074080510802,-10.0,3,42,7,4
2013-09-25 13:30:00,34,-6.0,-9.143320608883226,16.537074080510802,-10.0,3,42,7,4
2013-09-25 14:30:00,34,-4.0,-8.309959955971554,16.537074080510802,-9.0,3,42,7,4
2013-09-25 15:30:00,34,-3.0,-7.62999810835581,16.537074080510802,-8.0,3,42,7,4
2013-09-25 16:30:00,34,0.0,-7.624400073324242,16.537074080510802,-8.0,3,42,7,4
2013-09-25 17:30:00,34,2.0,-7.874069517555739,16.537074080510802,-6.0,3,42,7,4
2013-09-25 18:30:00,34,2.0,-7.991141890487839,16.537074080510802,-4.0,3,42,7,4
2013-09-25 19:30:00,34,-1.0,-6.4388811897321645,16.537074080510802,-3.0,3,42,7,4
2013-09-25 20:30:00,34,-5.0,-5.823355108507137,16.537074080510802,0.0,3,42,7,4
2013-09-25 21:30:00,34,-5.0,-5.690084424825574,16.537074080510802,2.0,3,42,7,4
2013-09-25 22:30:00,34,-8.0,-5.453884796423726,16.537074080510802,2.0,3,42,7,4
2013-09-25 23:30:00,34,-11.0,-6.065498089479426,16.537074080510802,-1.0,3,42,7,4
2013-09-26 00:30:00,34,-12.0,-8.652964840058203,16.537074080510802,-5.0,3,42,7,4
2013-09-26 01:30:00,34,-8.0,-5.9658472295647655,16.537074080510802,-5.0,3,42,7,4
2013-09-26 02:30:00,34,-4.0,-6.580218199304131,16.537074080510802,-8.0,3,42,7,4
2013-09-26 03:30:00,34,-3.0,-7.643847287115484,16.537074080510802,-11.0,3,42,7,4
2013-09-26 04:30:00,34,-3.0,-7.856879026835433,16.537074080510802,-12.0,3,42,7,4
2013-09-26 05:30:00,34,-3.0,-5.941935205904731,16.537074080510802,-8.0,3,42,7,4
2013-09-26 06:30:00,34,-2.0,-4.041448517147213,16.537074080510802,-4.0,3,42,7,4
2013-09-26 07:30:00,34,-1.0,-2.9586202605373266,16.537074080510802,-3.0,3,42,7,4
2013-09-26 08:30:00,34,-2.0,-2.435704938698553,16.537074080510802,-3.0,3,42,7,4
2013-09-26 09:30:00,34,-2.0,-1.8044280004364026,16.537074080510802,-3.0,3,42,7,4
2013-09-26 10:30:00,34,-2.0,-1.2151922566250448,16.537074080510802,-2.0,3,42,7,4
2013-09-26 11:30:00,34,0.0,-0.30361231753163764,16.537074080510802,-1.0,3,42,7,4
2013-09-26 12:30:00,34,2.0,0.07955883267855057,16.537074080510802,-2.0,3,42,7,4
2013-09-26 13:30:00,34,3.0,0.19339689345079591,16.537074080510802,-2.0,3,42,7,4
2013-09-26 14:30:00,34,3.0,0.5562940132273795,16.537074080510802,-2.0,3,42,7,4
2013-09-26 15:30:00,34,1.0,1.430509135526684,16.537074080510802,0.0,3,42,7,4
2013-09-26 16:30:00,34,-1.0,2.0263472534087157,16.537074080510802,2.0,3,42,7,4
2013-09-26 17:30:00,34,-3.0,2.5080871064575305,16.537074080510802,3.0,3,42,7,4
2013-09-26 18:30:00,34,-1.0,3.190517244932103,16.537074080510802,3.0,3,42,7,4
2013-09-26 19:30:00,34,-2.0,3.1064324242168624,16.537074080510802,1.0,3,42,7,4
2013-09-26 20:30:00,34,-3.0,2.4311323633758875,16.537074080510802,-1.0,3,42,7,4
2013-09-26 21:30:00,34,-3.0,1.880460320490073,16.537074080510802,-3.0,3,42,7,4
2013-09-26 22:30:00,34,-1.0,2.2327085282756727,16.537074080510802,-1.0,3,42,7,4
2013-09-26 23:30:00,34,2.0,1.605427059847088,16.537074080510802,-2.0,3,42,7,4
2013-09-27 00:30:00,34,5.0,1.6893440854202026,16.537074080510802,-3.0,3,42,7,4
2013-09-27 01:30:00,34,6.0,1.5007180275320522,16.537074080510802,-3.0,3,42,7,4
2013-09-27 02:30:00,34,6.0,2.116346244930547,16.537074080510802,-1.0,3,42,7,4
2013-09-27 03:30:00,34,5.0,3.077544909820695,16.537074080510802,2.0,3,42,7,4
2013-09-27 04:30:00,34,5.0,4.18489800713143,16.537074080510802,5.0,3,42,7,4
2013-09-27 05:30:00,34,7.0,4.465531734619631,16.537074080510802,6.0,3,42,7,4
2013-09-27 06:30:00,34,6.0,4.753358766896447,16.537074080510802,6.0,3,42,7,4
2013-09-27 07:30:00,34,5.0,4.7993273403984915,16.537074080510802,5.0,3,42,7,4
2013-09-27 08:30:00,34,4.0,5.053656139591098,16.537074080510802,5.0,3,42,7,4
2013-09-27 09:30:00,34,4.0,5.1845631004009505,16.537074080510802,7.0,3,42,7,4
2013-09-27 10:30:00,34,4.0,5.325822291935985,16.537074080510802,6.0,3,42,7,4
2013-09-27 11:30:00,34,4.0,5.667197860874445,16.537074080510802,5.0,3,42,7,4
2013-09-27 12:30:00,34,4.0,5.777813768555106,16.537074080510802,4.0,3,42,7,4
2013-09-27 13:30:00,34,2.0,5.845731892098385,16.537074080510802,4.0,3,42,7,4
2013-09-27 14:30:00,34,2.0,5.779890537415639,16.537074080510802,4.0,3,42,7,4
2013-09-27 15:30:00,34,3.0,5.866572535113384,16.537074080510802,4.0,3,42,7,4
2013-09-27 16:30:00,34,4.0,5.750025433930553,16.537074080510802,4.0,3,42,7,4
2013-09-27 17:30:00,34,1.0,4.940610850070065,16.537074080510802,2.0,3,42,7,4
2013-09-27 18:30:00,34,2.0,4.1433310163431685,16.537074080510802,2.0,3,42,7,4
2013-09-27 19:30:00,34,3.0,4.2743960450405325,16.537074080510802,3.0,3,42,7,4
2013-09-27 20:30:00,34,2.0,4.210755481714685,16.537074080510802,4.0,3,42,7,4
2013-09-27 21:30:00,34,2.0,3.576971343575231,16.537074080510802,1.0,3,42,7,4
2013-09-27 22:30:00,34,3.0,3.9567355228561354,16.537074080510802,2.0,3,42,7,4
2013-09-27 23:30:00,34,3.0,5.3838988656214255,16.537074080510802,3.0,3,42,7,4
2013-09-28 00:30:00,34,5.0,3.8651339661362982,16.537074080510802,2.0,3,42,7,4
2013-09-28 01:30:00,34,7.0,4.0598128082093154,16.537074080510802,2.0,3,42,7,4
2013-09-28 02:30:00,34,6.0,4.840634127125767,16.537074080510802,3.0,3,42,7,4
2013-09-28 03:30:00,34,3.0,5.647081898328345,16.537074080510802,3.0,3,42,7,4
2013-09-28 04:30:00,34,1.0,5.969754388453687,16.537074080510802,5.0,3,42,7,4
2013-09-28 05:30:00,34,1.0,5.864578447917083,16.537074080510802,7.0,3,42,7,4
2013-09-28 06:30:00,34,1.0,6.798387595621939,16.537074080510802,6.0,3,42,7,4
2013-09-28 07:30:00,34,1.0,6.751341728671157,16.537074080510802,3.0,3,42,7,4
2013-09-28 08:30:00,34,0.0,7.177774843786466,16.537074080510802,1.0,3,42,7,4
2013-09-28 09:30:00,34,0.0,6.731240357006982,16.537074080510802,1.0,3,42,7,4
2013-09-28 10:30:00,34,0.0,6.581100182007447,16.537074080510802,1.0,3,42,7,4
2013-09-28 11:30:00,34,1.0,6.871745686309268,16.537074080510802,1.0,3,42,7,4
2013-09-28 12:30:00,34,0.0,6.550824102014822,16.537074080510802,0.0,3,42,7,4
2013-09-28 13:30:00,34,0.0,6.0345427678242345,16.537074080510802,0.0,3,42,7,4
2013-09-28 14:30:00,34,1.0,6.350145975657327,16.537074080510802,0.0,3,42,7,4
2013-09-28 15:30:00,34,3.0,6.5939790671191645,16.537074080510802,1.0,3,42,7,4
2013-09-28 16:30:00,34,4.0,6.195356172951293,16.537074080510802,0.0,3,42,7,4
2013-09-28 17:30:00,34,3.0,5.827999106933227,16.537074080510802,0.0,3,42,7,4
2013-09-28 18:30:00,34,3.0,6.001102898267732,16.537074080510802,1.0,3,42,7,4
2013-09-28 19:30:00,34,2.0,6.611381125627368,16.537074080510802,3.0,3,42,7,4
2013-09-28 20:30:00,34,3.0,7.138379462591253,16.537074080510802,4.0,3,42,7,4
2013-09-28 21:30:00,34,6.0,6.859674163330688,16.537074080510802,3.0,3,42,7,4
2013-09-28 22:30:00,34,7.0,6.512936445285106,16.537074080510802,3.0,3,42,7,4
2013-09-28 23:30:00,34,6.0,6.431227506509849,16.537074080510802,2.0,3,42,7,4
2013-09-29 00:30:00,34,7.0,6.972442226095161,16.537074080510802,3.0,3,42,7,4
2013-09-29 01:30:00,34,8.0,7.503302283141636,16.537074080510802,6.0,3,42,7,4
2013-09-29 02:30:00,34,8.0,8.441758626739329,16.537074080510802,7.0,3,42,7,4
2013-09-29 03:30:00,34,6.0,7.572044791513626,16.537074080510802,6.0,3,42,7,4
2013-09-29 04:30:00,34,3.0,8.263808230792357,16.537074080510802,7.0,3,42,7,4
2013-09-29 05:30:00,34,3.0,8.725351871444488,16.537074080510802,8.0,3,42,7,4
2013-09-29 06:30:00,34,4.0,8.493906438736254,16.537074080510802,8.0,3,42,7,4
2013-09-29 07:30:00,34,5.0,7.797391235577564,16.537074080510802,6.0,3,42,7,4
2013-09-29 08:30:00,34,6.0,6.296864938497627,16.537074080510802,3.0,3,42,7,4
2013-09-29 09:30:00,34,8.0,7.001200854367667,16.537074080510802,3.0,3,42,7,4
2013-09-29 10:30:00,34,9.0,7.135456422579111,16.537074080510802,4.0,3,42,7,4
2013-09-29 11:30:00,34,7.0,7.573854060872222,16.537074080510802,5.0,3,42,7,4
2013-09-29 12:30:00,34,7.0,8.410757866277812,16.537074080510802,6.0,3,42,7,4
2013-09-29 13:30:00,34,5.0,8.389999904927052,16.537074080510802,8.0,3,42,7,4
2013-09-29 14:30:00,34,6.0,8.188392825753716,16.537074080510802,9.0,3,42,7,4
2013-09-29 15:30:00,34,8.0,7.224611574762996,16.537074080510802,7.0,3,42,7,4
2013-09-29 16:30:00,34,9.0,8.348265118996665,16.537074080510802,7.0,3,42,7,4
2013-09-29 17:30:00,34,8.0,7.972277546320463,16.537074080510802,5.0,3,42,7,4
2013-09-29 18:30:00,34,8.0,8.659756129940803,16.537074080510802,6.0,3,42,7,4
2013-09-29 19:30:00,34,10.0,9.675855419884222,16.537074080510802,8.0,3,42,7,4
2013-09-29 20:30:00,34,14.0,10.17865234736324,16.537074080510802,9.0,3,42,7,4
2013-09-29 21:30:00,34,11.0,9.859651895855478,16.537074080510802,8.0,3,42,7,4
2013-09-29 22:30:00,34,10.0,9.984277481996983,16.537074080510802,8.0,3,42,7,4
2013-09-29 23:30:00,34,11.0,10.908371534154,16.537074080510802,10.0,3,42,7,4
2013-09-30 00:30:00,34,9.0,12.958171581268694,16.537074080510802,14.0,3,42,7,4
2013-09-30 01:30:00,34,6.0,12.373660851387108,16.537074080510802,11.0,3,42,7,4
2013-09-30 02:30:00,34,8.0,12.200588673630108,16.537074080510802,10.0,3,42,7,4
2013-09-30 03:30:00,34,8.0,12.624322475589445,16.537074080510802,11.0,3,42,7,4
2013-09-30 04:30:00,34,8.0,12.193930367845383,16.537074080510802,9.0,3,42,7,4
2013-09-30 05:30:00,34,6.0,9.059556021917217,16.537074080510802,6.0,3,42,7,4
2013-09-30 06:30:00,34,4.0,7.879737309530178,16.537074080510802,8.0,3,42,7,4
2013-09-30 07:30:00,34,6.0,11.568925076996969,16.537074080510802,8.0,3,42,7,4
2013-09-30 08:30:00,34,7.0,9.30727028797088,16.537074080510802,8.0,3,42,7,4
2013-09-30 09:30:00,34,5.0,7.235724963161893,16.537074080510802,6.0,3,42,7,4
2013-09-30 10:30:00,34,3.0,9.571871068038092,16.537074080510802,4.0,3,42,7,4
2013-09-30 11:30:00,34,2.0,9.67602564684001,16.537074080510802,6.0,3,42,7,4
2013-09-30 12:30:00,34,2.0,8.552260239178253,16.537074080510802,7.0,3,42,7,4
2013-09-30 13:30:00,34,3.0,7.954763624384171,16.537074080510802,5.0,3,42,7,4
2013-09-30 14:30:00,34,2.0,8.594495978721369,16.537074080510802,3.0,3,42,7,4
2013-09-30 15:30:00,34,2.0,7.681811996229037,16.537074080510802,2.0,3,42,7,4
2013-09-30 16:30:00,34,2.0,7.173674805965774,16.537074080510802,2.0,3,42,7,4
2013-09-30 17:30:00,34,5.0,7.399050431793562,16.537074080510802,3.0,3,42,7,4
2013-09-30 18:30:00,34,8.0,7.189569140008487,16.537074080510802,2.0,3,42,7,4
2013-09-30 19:30:00,34,8.0,7.373171070887416,16.537074080510802,2.0,3,42,7,4
2013-09-30 20:30:00,34,7.0,6.483988135547584,16.537074080510802,2.0,3,42,7,4
2013-09-30 21:30:00,34,8.0,7.160358194396331,16.537074080510802,5.0,3,42,7,4
2013-09-30 22:30:00,34,8.0,8.620127294634798,16.537074080510802,8.0,3,42,7,4
2013-09-30 23:30:00,34,8.0,8.262412369754948,16.537074080510802,8.0,3,42,7,4
2013-10-01 00:30:00,34,10.0,8.740112980324419,16.537074080510802,7.0,3,42,7,4
2013-10-01 01:30:00,34,12.0,9.088436240872426,16.537074080510802,8.0,3,42,7,4
2013-10-01 02:30:00,34,13.0,9.483868595526218,16.537074080510802,8.0,3,42,7,4
2013-10-01 03:30:00,34,13.0,9.7335331761304,16.537074080510802,8.0,3,42,7,4
2013-10-01 04:30:00,34,16.0,10.491646219145565,16.537074080510802,10.0,3,42,7,4
2013-10-01 05:30:00,34,16.0,11.583423550002266,16.537074080510802,12.0,3,42,7,4
2013-10-01 06:30:00,34,16.0,12.641024171765295,16.537074080510802,13.0,3,42,7,4
2013-10-01 07:30:00,34,18.0,12.437350050986034,16.537074080510802,13.0,3,42,7,4
2013-10-01 08:30:00,34,16.0,13.43795868795332,16.537074080510802,16.0,3,42,7,4
2013-10-01 09:30:00,34,16.0,13.573405844855237,16.537074080510802,16.0,3,42,7,4
2013-10-01 10:30:00,34,17.0,14.327535577105103,16.537074080510802,16.0,3,42,7,4
2013-10-01 11:30:00,34,14.0,14.994698789459711,16.537074080510802,18.0,3,42,7,4
2013-10-01 12:30:00,34,13.0,14.586577231159211,16.537074080510802,16.0,3,42,7,4
2013-10-01 13:30:00,34,10.0,14.327321577503547,16.537074080510802,16.0,3,42,7,4
2013-10-01 14:30:00,34,9.0,14.097320642105814,16.537074080510802,17.0,3,42,7,4
2013-10-01 15:30:00,34,3.0,12.932452720063715,16.537074080510802,14.0,3,42,7,4
2013-10-01 16:30:00,34,8.0,7.723240373639015,16.537074080510802,13.0,3,42,7,4
2013-10-01 17:30:00,34,15.0,6.281199194938395,16.537074080510802,10.0,3,42,7,4
2013-10-01 18:30:00,34,15.0,4.887558403393847,16.537074080510802,9.0,3,42,7,4
2013-10-01 19:30:00,34,9.0,5.08922627790853,16.537074080510802,3.0,3,42,7,4
2013-10-01 20:30:00,34,5.0,6.175315596628465,16.537074080510802,8.0,3,42,7,4
2013-10-01 21:30:00,34,-2.0,5.353839217044019,16.537074080510802,15.0,3,42,7,4
2013-10-01 22:30:00,34,-7.0,3.851620377660879,16.537074080510802,15.0,3,42,7,4
2013-10-01 23:30:00,34,-8.0,0.8412977098518652,16.537074080510802,9.0,3,42,7,4
2013-10-02 00:30:00,34,-5.0,-3.575299021434361,16.537074080510802,5.0,3,42,7,4
2013-10-02 01:30:00,34,-3.0,-9.848483341395635,16.537074080510802,-2.0,3,42,7,4
2013-10-02 02:30:00,34,26.0,-13.525210495699199,16.537074080510802,-7.0,3,42,7,4
2013-10-02 03:30:00,34,-10.0,-14.777907015576908,16.537074080510802,-8.0,3,42,7,4
2013-10-02 04:30:00,34,-19.0,-10.957045050092422,16.537074080510802,-5.0,3,42,7,4
2013-10-02 05:30:00,34,-39.0,-12.827255658857322,16.537074080510802,-3.0,3,42,7,4
2013-10-02 06:30:00,34,-68.0,0.7590926810911824,16.537074080510802,26.0,3,42,7,4
2013-10-02 07:30:00,34,-72.0,-13.110048836870302,16.537074080510802,-10.0,3,42,7,4
2013-10-02 08:30:00,34,-68.0,-45.800702140613936,16.537074080510802,-19.0,3,42,7,4
2013-10-02 09:30:00,34,-62.0,-64.60798052107907,16.537074080510802,-39.0,3,42,7,4
2013-10-02 10:30:00,34,-64.0,-82.90747310835394,16.537074080510802,-68.0,3,42,7,4
2013-10-02 11:30:00,34,-60.0,-69.96014703315566,16.537074080510802,-72.0,3,42,7,4
2013-10-02 12:30:00,34,-64.0,-59.94666065453363,16.537074080510802,-68.0,3,42,7,4
2013-10-02 13:30:00,34,-61.0,-60.56213809948558,16.537074080510802,-62.0,3,42,7,4
2013-10-02 14:30:00,34,-58.0,-62.4061750978922,16.537074080510802,-64.0,3,42,7,4
2013-10-02 15:30:00,34,-55.0,-60.30552339545818,16.537074080510802,-60.0,3,42,7,4
2013-10-02 16:30:00,34,-49.0,-59.88420438445729,16.537074080510802,-64.0,3,42,7,4
2013-10-02 17:30:00,34,-43.0,-58.72884728561609,16.537074080510802,-61.0,3,42,7,4
2013-10-02 18:30:00,34,-42.0,-57.39147136658473,16.537074080510802,-58.0,3,42,7,4
2013-10-02 19:30:00,34,-47.0,-56.07185255085507,16.537074080510802,-55.0,3,42,7,4
2013-10-02 20:30:00,34,-50.0,-52.87485535561526,16.537074080510802,-49.0,3,42,7,4
2013-10-02 21:30:00,34,-54.0,-48.86516670761617,16.537074080510802,-43.0,3,42,7,4
2013-10-02 22:30:00,34,-53.0,-46.29932850767629,16.537074080510802,-42.0,3,42,7,4
2013-10-02 23:30:00,34,-46.0,-46.98179025972838,16.537074080510802,-47.0,3,42,7,4
2013-10-03 00:30:00,34,-46.0,-50.82252865411404,16.537074080510802,-50.0,3,42,7,4
2013-10-03 01:30:00,34,-53.0,-51.873868571624776,16.537074080510802,-54.0,3,42,7,4
2013-10-03 02:30:00,34,-53.0,-47.83537873861424,16.537074080510802,-53.0,3,42,7,4
2013-10-03 03:30:00,34,-50.0,-45.9346391412367,16.537074080510802,-46.0,3,42,7,4
2013-10-03 04:30:00,34,-49.0,-44.606136302275466,16.537074080510802,-46.0,3,42,7,4
2013-10-03 05:30:00,34,-48.0,-44.83423616734917,16.537074080510802,-53.0,3,42,7,4
2013-10-03 06:30:00,34,-46.0,-45.4254696460773,16.537074080510802,-53.0,3,42,7,4
2013-10-03 07:30:00,34,-45.0,-44.2984340570043,16.537074080510802,-50.0,3,42,7,4
2013-10-03 08:30:00,34,-42.0,-43.616636190079774,16.537074080510802,-49.0,3,42,7,4
2013-10-03 09:30:00,34,-39.0,-42.99196892132926,16.537074080510802,-48.0,3,42,7,4
2013-10-03 10:30:00,34,-36.0,-41.963968335363035,16.537074080510802,-46.0,3,42,7,4
2013-10-03 11:30:00,34,-34.0,-41.30123710339289,16.537074080510802,-45.0,3,42,7,4
2013-10-03 12:30:00,34,-34.0,-40.06531645000748,16.537074080510802,-42.0,3,42,7,4
2013-10-03 13:30:00,34,-32.0,-37.52797789018595,16.537074080510802,-39.0,3,42,7,4
2013-10-03 14:30:00,34,-31.0,-35.32740927222469,16.537074080510802,-36.0,3,42,7,4
2013-10-03 15:30:00,34,-26.0,-32.802051118363906,16.537074080510802,-34.0,3,42,7,4
2013-10-03 16:30:00,34,-20.0,-30.579174941795028,16.537074080510802,-34.0,3,42,7,4
2013-10-03 17:30:00,34,-17.0,-28.76824465447431,16.537074080510802,-32.0,3,42,7,4
2013-10-03 18:30:00,34,-15.0,-27.687820245661424,16.537074080510802,-31.0,3,42,7,4
2013-10-03 19:30:00,34,-15.0,-25.7168711483251,16.537074080510802,-26.0,3,42,7,4
2013-10-03 20:30:00,34,-25.0,-23.123980237391017,16.537074080510802,-20.0,3,42,7,4
2013-10-03 21:30:00,34,-25.0,-20.707322861964165,16.537074080510802,-17.0,3,42,7,4
2013-10-03 22:30:00,34,-27.0,-18.989754764448797,16.537074080510802,-15.0,3,42,7,4
2013-10-03 23:30:00,34,-27.0,-18.92883296878815,16.537074080510802,-15.0,3,42,7,4
2013-10-04 00:30:00,34,-26.0,-19.85447851805644,16.537074080510802,-25.0,3,42,7,4
2013-10-04 01:30:00,34,-25.0,-20.06836868799626,16.537074080510802,-25.0,3,42,7,4
2013-10-04 02:30:00,34,-21.0,-20.727149438685437,16.537074080510802,-27.0,3,42,7,4
2013-10-04 03:30:00,34,-19.0,-21.792694795656168,16.537074080510802,-27.0,3,42,7,4
2013-10-04 04:30:00,34,-21.0,-21.268717987157412,16.537074080510802,-26.0,3,42,7,4
2013-10-04 05:30:00,34,-20.0,-20.792047249670418,16.537074080510802,-25.0,3,42,7,4
2013-10-04 06:30:00,34,-20.0,-19.320533705389835,16.537074080510802,-21.0,3,42,7,4
2013-10-04 07:30:00,34,-20.0,-18.173765772374654,16.537074080510802,-19.0,3,42,7,4
2013-10-04 08:30:00,34,-20.0,-18.262394436902444,16.537074080510802,-21.0,3,42,7,4
2013-10-04 09:30:00,34,-16.0,-18.123875899355493,16.537074080510802,-20.0,3,42,7,4
2013-10-04 10:30:00,34,-18.0,-18.502903239099226,16.537074080510802,-20.0,3,42,7,4
2013-10-04 11:30:00,34,-20.0,-18.283462454494092,16.537074080510802,-20.0,3,42,7,4
2013-10-04 12:30:00,34,-21.0,-18.709506479424757,16.537074080510802,-20.0,3,42,7,4
2013-10-04 13:30:00,34,-21.0,-17.054320481669276,16.537074080510802,-16.0,3,42,7,4
2013-10-04 14:30:00,34,-21.0,-17.02143506562589,16.537074080510802,-18.0,3,42,7,4
2013-10-04 15:30:00,34,-20.0,-17.60291089206725,16.537074080510802,-20.0,3,42,7,4
2013-10-04 16:30:00,34,-18.0,-17.784063986596575,16.537074080510802,-21.0,3,42,7,4
2013-10-04 17:30:00,34,-18.0,-17.802754906341416,16.537074080510802,-21.0,3,42,7,4
2013-10-04 18:30:00,34,-17.0,-18.326258727084465,16.537074080510802,-21.0,3,42,7,4
2013-10-04 19:30:00,34,-16.0,-18.212071701052864,16.537074080510802,-20.0,3,42,7,4
2013-10-04 20:30:00,34,-16.0,-16.944186073092112,16.537074080510802,-18.0,3,42,7,4
2013-10-04 21:30:00,34,-15.0,-16.063195917952694,16.537074080510802,-18.0,3,42,7,4
2013-10-04 22:30:00,34,-14.0,-15.544317406779605,16.537074080510802,-17.0,3,42,7,4
2013-10-04 23:30:00,34,-15.0,-14.524317487735122,16.537074080510802,-16.0,3,42,7,4
2013-10-05 00:30:00,34,-17.0,-14.238292429375942,16.537074080510802,-16.0,3,42,7,4
2013-10-05 01:30:00,34,-17.0,-13.880736788290431,16.537074080510802,-15.0,3,42,7,4
2013-10-05 02:30:00,34,-15.0,-13.797960283321054,16.537074080510802,-14.0,3,42,7,4
2013-10-05 03:30:00,34,-14.0,-14.082978570827464,16.537074080510802,-15.0,3,42,7,4
2013-10-05 04:30:00,34,-14.0,-14.586530576446059,16.537074080510802,-17.0,3,42,7,4
2013-10-05 05:30:00,34,-14.0,-14.103537123458597,16.537074080510802,-17.0,3,42,7,4
2013-10-05 06:30:00,34,-14.0,-13.437096159759239,16.537074080510802,-15.0,3,42,7,4
2013-10-05 07:30:00,34,-13.0,-12.939926449075635,16.537074080510802,-14.0,3,42,7,4
2013-10-05 08:30:00,34,-15.0,-12.782760764429618,16.537074080510802,-14.0,3,42,7,4
2013-10-05 09:30:00,34,-15.0,-12.581443071081111,16.537074080510802,-14.0,3,42,7,4
2013-10-05 10:30:00,34,-14.0,-12.501076493442874,16.537074080510802,-14.0,3,42,7,4
2013-10-05 11:30:00,34,-14.0,-11.721123332000907,16.537074080510802,-13.0,3,42,7,4
2013-10-05 12:30:00,34,-13.0,-11.942321101971075,16.537074080510802,-15.0,3,42,7,4
2013-10-05 13:30:00,34,-12.0,-11.941180581367334,16.537074080510802,-15.0,3,42,7,4
2013-10-05 14:30:00,34,-12.0,-11.182790311595614,16.537074080510802,-14.0,3,42,7,4
2013-10-05 15:30:00,34,-12.0,-10.819774032949987,16.537074080510802,-14.0,3,42,7,4
2013-10-05 16:30:00,34,-12.0,-10.337905293777514,16.537074080510802,-13.0,3,42,7,4
2013-10-05 17:30:00,34,-12.0,-9.844091485936467,16.537074080510802,-12.0,3,42,7,4
2013-10-05 18:30:00,34,-13.0,-9.898826747661275,16.537074080510802,-12.0,3,42,7,4
2013-10-05 19:30:00,34,-12.0,-10.596470312355436,16.537074080510802,-12.0,3,42,7,4
2013-10-05 20:30:00,34,-11.0,-11.15614006576115,16.537074080510802,-12.0,3,42,7,4
2013-10-05 21:30:00,34,-8.0,-11.300208002066586,16.537074080510802,-12.0,3,42,7,4
2013-10-05 22:30:00,34,-7.0,-11.660923784995504,16.537074080510802,-13.0,3,42,7,4
2013-10-05 23:30:00,34,-7.0,-11.026344443791189,16.537074080510802,-12.0,3,42,7,4
2013-10-06 00:30:00,34,-9.0,-9.800503658001713,16.537074080510802,-11.0,3,42,7,4
2013-10-06 01:30:00,34,-9.0,-8.965662030574734,16.537074080510802,-8.0,3,42,7,4
2013-10-06 02:30:00,34,-8.0,-8.527852891185898,16.537074080510802,-7.0,3,42,7,4
2013-10-06 03:30:00,34,-7.0,-8.467354231101048,16.537074080510802,-7.0,3,42,7,4
2013-10-06 04:30:00,34,-6.0,-9.115145615887688,16.537074080510802,-9.0,3,42,7,4
2013-10-06 05:30:00,34,-5.0,-9.027332824840823,16.537074080510802,-9.0,3,42,7,4
2013-10-06 06:30:00,34,-3.0,-8.548348216662024,16.537074080510802,-8.0,3,42,7,4
2013-10-06 07:30:00,34,-3.0,-7.66693249413315,16.537074080510802,-7.0,3,42,7,4
2013-10-06 08:30:00,34,-4.0,-7.283921843624125,16.537074080510802,-6.0,3,42,7,4
2013-10-06 09:30:00,34,-4.0,-6.508788536844438,16.537074080510802,-5.0,3,42,7,4
2013-10-06 10:30:00,34,-3.0,-5.704062489708914,16.537074080510802,-3.0,3,42,7,4
2013-10-06 11:30:00,34,-2.0,-6.928891641018314,16.537074080510802,-3.0,3,42,7,4
2013-10-06 12:30:00,34,-3.0,-9.358854684853167,16.537074080510802,-4.0,3,42,7,4
2013-10-06 13:30:00,34,-4.0,-6.948039741730113,16.537074080510802,-4.0,3,42,7,4
2013-10-06 14:30:00,34,-5.0,-6.023417986010166,16.537074080510802,-3.0,3,42,7,4
2013-10-06 15:30:00,34,-6.0,-7.2237441829416085,16.537074080510802,-2.0,3,42,7,4
2013-10-06 16:30:00,34,-4.0,-8.44671299680568,16.537074080510802,-3.0,3,42,7,4
2013-10-06 17:30:00,34,-2.0,-7.693050172777383,16.537074080510802,-4.0,3,42,7,4
2013-10-06 18:30:00,34,-3.0,-8.555667975760642,16.537074080510802,-5.0,3,42,7,4
2013-10-06 19:30:00,34,-5.0,-7.129939403051225,16.537074080510802,-6.0,3,42,7,4
2013-10-06 20:30:00,34,-7.0,-7.759467867296131,16.537074080510802,-4.0,3,42,7,4
2013-10-06 21:30:00,34,-9.0,-5.321093180032005,16.537074080510802,-2.0,3,42,7,4
2013-10-06 22:30:00,34,-10.0,-6.6003098437136885,16.537074080510802,-3.0,3,42,7,4
2013-10-06 23:30:00,34,-8.0,-7.387152333237509,16.537074080510802,-5.0,3,42,7,4
2013-10-07 00:30:00,34,-6.0,-11.150352349264569,16.537074080510802,-7.0,3,42,7,4
2013-10-07 01:30:00,34,-3.0,-9.236979479954368,16.537074080510802,-9.0,3,42,7,4
2013-10-07 02:30:00,34,0.0,-6.450855440164585,16.537074080510802,-10.0,3,42,7,4
2013-10-07 03:30:00,34,-5.0,-4.568140445590686,16.537074080510802,-8.0,3,42,7,4
2013-10-07 04:30:00,34,-9.0,-3.6019030628093986,16.537074080510802,-6.0,3,42,7,4
2013-10-07 05:30:00,34,-11.0,-2.7770853712643166,16.537074080510802,-3.0,3,42,7,4
2013-10-07 06:30:00,34,-13.0,-6.619365535506635,16.537074080510802,0.0,3,42,7,4
2013-10-07 07:30:00,34,-14.0,-10.205838357854692,16.537074080510802,-5.0,3,42,7,4
2013-10-07 08:30:00,34,-15.0,-11.298311187416445,16.537074080510802,-9.0,3,42,7,4
2013-10-07 09:30:00,34,-17.0,-10.160540964921157,16.537074080510802,-11.0,3,42,7,4
2013-10-07 10:30:00,34,-14.0,-11.206955243875665,16.537074080510802,-13.0,3,42,7,4
2013-10-07 11:30:00,34,-11.0,-13.156187637328127,16.537074080510802,-14.0,3,42,7,4
2013-10-07 12:30:00,34,-10.0,-14.243485567434114,16.537074080510802,-15.0,3,42,7,4
2013-10-07 13:30:00,34,-10.0,-13.506439326103777,16.537074080510802,-17.0,3,42,7,4
2013-10-07 14:30:00,34,-12.0,-10.042563957309763,16.537074080510802,-14.0,3,42,7,4
2013-10-07 15:30:00,34,-11.0,-9.21055296097607,16.537074080510802,-11.0,3,42,7,4
2013-10-07 16:30:00,34,-11.0,-7.880353324037742,16.537074080510802,-10.0,3,42,7,4
2013-10-07 17:30:00,34,-12.0,-9.060974534930612,16.537074080510802,-10.0,3,42,7,4
2013-10-07 18:30:00,34,-14.0,-8.968555888823026,16.537074080510802,-12.0,3,42,7,4
2013-10-07 19:30:00,34,-15.0,-9.621911263250073,16.537074080510802,-11.0,3,42,7,4
2013-10-07 20:30:00,34,-12.0,-8.94748665532455,16.537074080510802,-11.0,3,42,7,4
2013-10-07 21:30:00,34,-10.0,-9.804540468667394,16.537074080510802,-12.0,3,42,7,4
2013-10-07 22:30:00,34,-10.0,-10.893214805301557,16.537074080510802,-14.0,3,42,7,4
2013-10-07 23:30:00,34,-12.0,-10.195858194618573,16.537074080510802,-15.0,3,42,7,4
2013-10-08 00:30:00,34,-12.0,-8.457500522174936,16.537074080510802,-12.0,3,42,7,4
2013-10-08 01:30:00,34,-11.0,-6.577980930742427,16.537074080510802,-10.0,3,42,7,4
2013-10-08 02:30:00,34,-11.0,-8.294145871779424,16.537074080510802,-10.0,3,42,7,4
2013-10-08 03:30:00,34,-12.0,-7.598360212716937,16.537074080510802,-12.0,3,42,7,4
2013-10-08 04:30:00,34,-9.0,-6.312609265746886,16.537074080510802,-12.0,3,42,7,4
2013-10-08 05:30:00,34,-6.0,-5.039362704585834,16.537074080510802,-11.0,3,42,7,4
2013-10-08 06:30:00,34,-3.0,-9.1956191933267,16.537074080510802,-11.0,3,42,7,4
2013-10-08 07:30:00,34,-4.0,-10.665942364823639,16.537074080510802,-12.0,3,42,7,4
2013-10-08 08:30:00,34,-6.0,-7.0302496341181,16.537074080510802,-9.0,3,42,7,4
2013-10-08 09:30:00,34,-7.0,-5.916520321406512,16.537074080510802,-6.0,3,42,7,4
2013-10-08 10:30:00,34,-7.0,-5.1720716393133195,16.537074080510802,-3.0,3,42,7,4
2013-10-08 11:30:00,34,-8.0,-6.112534229175587,16.537074080510802,-4.0,3,42,7,4
2013-10-08 12:30:00,34,-10.0,-9.064831391385898,16.537074080510802,-6.0,3,42,7,4
2013-10-08 13:30:00,34,-9.0,-11.032419114298943,16.537074080510802,-7.0,3,42,7,4
2013-10-08 14:30:00,34,-2.0,-10.560995014770509,16.537074080510802,-7.0,3,42,7,4
2013-10-08 15:30:00,34,4.0,-11.510090543104571,16.537074080510802,-8.0,3,42,7,4
2013-10-08 16:30:00,34,7.0,-8.379089122714536,16.537074080510802,-10.0,3,42,7,4
2013-10-08 17:30:00,34,10.0,-7.688011454886244,16.537074080510802,-9.0,3,42,7,4
2013-10-08 18:30:00,34,11.0,-4.678491285583057,16.537074080510802,-2.0,3,42,7,4
2013-10-08 19:30:00,34,5.0,-3.52231952916776,16.537074080510802,4.0,3,42,7,4
2013-10-08 20:30:00,34,17.0,-3.5152502468755067,16.537074080510802,7.0,3,42,7,4
2013-10-08 21:30:00,34,10.0,-3.8764694152308117,16.537074080510802,10.0,3,42,7,4
2013-10-08 22:30:00,34,-33.0,-7.228778037205441,16.537074080510802,11.0,3,42,7,4
2013-10-08 23:30:00,34,-19.0,-13.642411754754963,16.537074080510802,5.0,3,42,7,4
2013-10-09 00:30:00,34,-66.0,-8.221055280594033,16.537074080510802,17.0,3,42,7,4
2013-10-09 01:30:00,34,-69.0,-20.081420231877413,16.537074080510802,10.0,3,42,7,4
2013-10-09 02:30:00,34,-61.0,-24.119364122722626,16.537074080510802,-33.0,3,42,7,4
2013-10-09 03:30:00,34,-63.0,-33.61964715929248,16.537074080510802,-19.0,3,42,7,4
2013-10-09 04:30:00,34,-56.0,-70.60713835125011,16.537074080510802,-66.0,3,42,7,4
2013-10-09 05:30:00,34,-53.0,-64.20980994425085,16.537074080510802,-69.0,3,42,7,4
2013-10-09 06:30:00,34,-53.0,-53.85344878357265,16.537074080510802,-61.0,3,42,7,4
2013-10-09 07:30:00,34,-48.0,-57.13766783914139,16.537074080510802,-63.0,3,42,7,4
2013-10-09 08:30:00,34,-45.0,-53.67013988623903,16.537074080510802,-56.0,3,42,7,4
2013-10-09 09:30:00,34,-34.0,-51.696670822003725,16.537074080510802,-53.0,3,42,7,4
2013-10-09 10:30:00,34,-33.0,-51.21388285727003,16.537074080510802,-53.0,3,42,7,4
2013-10-09 11:30:00,34,-43.0,-46.080436097050146,16.537074080510802,-48.0,3,42,7,4
2013-10-09 12:30:00,34,-44.0,-42.753782501172076,16.537074080510802,-45.0,3,42,7,4
2013-10-09 13:30:00,34,-40.0,-37.53370237952753,16.537074080510802,-34.0,3,42,7,4
2013-10-09 14:30:00,34,-30.0,-35.91235932444171,16.537074080510802,-33.0,3,42,7,4
2013-10-09 15:30:00,34,-19.0,-38.51202557219261,16.537074080510802,-43.0,3,42,7,4
2013-10-09 16:30:00,34,-20.0,-37.474364302509066,16.537074080510802,-44.0,3,42,7,4
2013-10-09 17:30:00,34,-27.0,-35.385285373272026,16.537074080510802,-40.0,3,42,7,4
2013-10-09 18:30:00,34,-30.0,-30.90787954568918,16.537074080510802,-30.0,3,42,7,4
2013-10-09 19:30:00,34,-28.0,-26.806112705494066,16.537074080510802,-19.0,3,42,7,4
2013-10-09 20:30:00,34,-23.0,-25.137768164056656,16.537074080510802,-20.0,3,42,7,4
2013-10-09 21:30:00,34,-8.0,-24.432865635605225,16.537074080510802,-27.0,3,42,7,4
2013-10-09 22:30:00,34,-11.0,-24.099330841840764,16.537074080510802,-30.0,3,42,7,4
2013-10-09 23:30:00,34,-13.0,-23.700072028402367,16.537074080510802,-28.0,3,42,7,4
2013-10-10 00:30:00,34,-26.0,-22.121041922943178,16.537074080510802,-23.0,3,42,7,4
2013-10-10 01:30:00,34,-37.0,-18.44072176396579,16.537074080510802,-8.0,3,42,7,4
2013-10-10 02:30:00,34,-33.0,-16.446106864101903,16.537074080510802,-11.0,3,42,7,4
2013-10-10 03:30:00,34,-32.0,-20.57041418505618,16.537074080510802,-13.0,3,42,7,4
2013-10-10 04:30:00,34,-39.0,-31.97081009502842,16.537074080510802,-26.0,3,42,7,4
2013-10-10 05:30:00,34,-41.0,-26.32637058736204,16.537074080510802,-37.0,3,42,7,4
2013-10-10 06:30:00,34,-38.0,-23.769573262634417,16.537074080510802,-33.0,3,42,7,4
2013-10-10 07:30:00,34,-32.0,-29.973158771840772,16.537074080510802,-32.0,3,42,7,4
2013-10-10 08:30:00,34,-29.0,-38.220475737188195,16.537074080510802,-39.0,3,42,7,4
2013-10-10 09:30:00,34,-27.0,-35.856772927937996,16.537074080510802,-41.0,3,42,7,4
2013-10-10 10:30:00,34,-27.0,-32.29659287481726,16.537074080510802,-38.0,3,42,7,4
2013-10-10 11:30:00,34,-29.0,-30.49141869041562,16.537074080510802,-32.0,3,42,7,4
2013-10-10 12:30:00,34,-30.0,-28.774184359324266,16.537074080510802,-29.0,3,42,7,4
2013-10-10 13:30:00,34,-28.0,-26.531547568979484,16.537074080510802,-27.0,3,42,7,4
2013-10-10 14:30:00,34,-27.0,-26.06402166673845,16.537074080510802,-27.0,3,42,7,4
2013-10-10 15:30:00,34,-26.0,-27.47817359054788,16.537074080510802,-29.0,3,42,7,4
2013-10-10 16:30:00,34,-23.0,-27.54137034788187,16.537074080510802,-30.0,3,42,7,4
2013-10-10 17:30:00,34,-23.0,-26.598916102636956,16.537074080510802,-28.0,3,42,7,4
2013-10-10 18:30:00,34,-23.0,-26.806110273680414,16.537074080510802,-27.0,3,42,7,4
2013-10-10 19:30:00,34,-23.0,-25.523317628020486,16.537074080510802,-26.0,3,42,7,4
2013-10-10 20:30:00,34,-22.0,-23.731889878251636,16.537074080510802,-23.0,3,42,7,4
2013-10-10 21:30:00,34,-23.0,-22.969400786566055,16.537074080510802,-23.0,3,42,7,4
2013-10-10 22:30:00,34,-19.0,-23.25257332750906,16.537074080510802,-23.0,3,42,7,4
2013-10-10 23:30:00,34,-19.0,-23.195311411397725,16.537074080510802,-23.0,3,42,7,4
2013-10-11 00:30:00,34,-23.0,-22.396644227981206,16.537074080510802,-22.0,3,42,7,4
2013-10-11 01:30:00,34,-26.0,-21.017363296063678,16.537074080510802,-23.0,3,42,7,4
2013-10-11 02:30:00,34,-25.0,-19.11482294067533,16.537074080510802,-19.0,3,42,7,4
2013-10-11 03:30:00,34,-24.0,-19.77743866149691,16.537074080510802,-19.0,3,42,7,4
2013-10-11 04:30:00,34,-26.0,-21.842026567441728,16.537074080510802,-23.0,3,42,7,4
2013-10-11 05:30:00,34,-24.0,-25.244567340207325,16.537074080510802,-26.0,3,42,7,4
2013-10-11 06:30:00,34,-22.0,-25.010828707223347,16.537074080510802,-25.0,3,42,7,4
2013-10-11 07:30:00,34,-25.0,-24.320325555370818,16.537074080510802,-24.0,3,42,7,4
2013-10-11 08:30:00,34,-25.0,-23.5040629842606,16.537074080510802,-26.0,3,42,7,4
2013-10-11 09:30:00,34,-24.0,-24.522307741800287,16.537074080510802,-24.0,3,42,7,4
2013-10-11 10:30:00,34,-24.0,-23.743111482358138,16.537074080510802,-22.0,3,42,7,4
2013-10-11 11:30:00,34,-21.0,-23.14027338887299,16.537074080510802,-25.0,3,42,7,4
2013-10-11 12:30:00,34,-19.0,-23.163853469969247,16.537074080510802,-25.0,3,42,7,4
2013-10-11 13:30:00,34,-14.0,-23.550190841556983,16.537074080510802,-24.0,3,42,7,4
2013-10-11 14:30:00,34,-12.0,-22.30666590687543,16.537074080510802,-24.0,3,42,7,4
2013-10-11 15:30:00,34,-12.0,-21.871460024003227,16.537074080510802,-21.0,3,42,7,4
2013-10-11 16:30:00,34,-10.0,-19.132995884111864,16.537074080510802,-19.0,3,42,7,4
2013-10-11 17:30:00,34,-9.0,-16.721782123549552,16.537074080510802,-14.0,3,42,7,4
2013-10-11 18:30:00,34,-6.0,-17.234279555694478,16.537074080510802,-12.0,3,42,7,4
2013-10-11 19:30:00,34,-9.0,-17.162205462616466,16.537074080510802,-12.0,3,42,7,4
2013-10-11 20:30:00,34,-11.0,-16.076175723331055,16.537074080510802,-10.0,3,42,7,4
2013-10-11 21:30:00,34,-10.0,-15.210141222163891,16.537074080510802,-9.0,3,42,7,4
2013-10-11 22:30:00,34,-11.0,-13.923753140016487,16.537074080510802,-6.0,3,42,7,4
2013-10-11 23:30:00,34,-12.0,-15.437388128598446,16.537074080510802,-9.0,3,42,7,4
2013-10-12 00:30:00,34,-13.0,-16.31898623715137,16.537074080510802,-11.0,3,42,7,4
2013-10-12 01:30:00,34,-14.0,-14.838624538890617,16.537074080510802,-10.0,3,42,7,4
2013-10-12 02:30:00,34,-15.0,-15.762499727818778,16.537074080510802,-11.0,3,42,7,4
2013-10-12 03:30:00,34,-15.0,-15.190076327704528,16.537074080510802,-12.0,3,42,7,4
2013-10-12 04:30:00,34,-15.0,-15.680737289143131,16.537074080510802,-13.0,3,42,7,4
