time,event_no,DST_true,DST_pred,sigma_nT,DST_persist,fold,L_value,L_idx,H
1998-04-24 13:30:00,1,-38.0,-51.54847821516714,12.509132799656811,,4,6,1,3
1998-04-24 14:30:00,1,-33.0,-43.33043239173598,12.509132799656811,,4,6,1,3
1998-04-24 15:30:00,1,-30.0,-40.47930063339011,12.509132799656811,,4,6,1,3
1998-04-24 16:30:00,1,-32.0,-38.823907051318315,12.509132799656811,-38.0,4,6,1,3
1998-04-24 17:30:00,1,-34.0,-28.573799084305282,12.509132799656811,-33.0,4,6,1,3
1998-04-24 18:30:00,1,-33.0,-28.56966990316403,12.509132799656811,-30.0,4,6,1,3
1998-04-24 19:30:00,1,-34.0,-32.33373244606343,12.509132799656811,-32.0,4,6,1,3
1998-04-24 20:30:00,1,-33.0,-32.75767488521209,12.509132799656811,-34.0,4,6,1,3
1998-04-24 21:30:00,1,-31.0,-30.13273728685324,12.509132799656811,-33.0,4,6,1,3
1998-04-24 22:30:00,1,-28.0,-31.954602186244696,12.509132799656811,-34.0,4,6,1,3
1998-04-24 23:30:00,1,-32.0,-27.40408859751816,12.509132799656811,-33.0,4,6,1,3
1998-04-25 00:30:00,1,-33.0,-30.60677700695647,12.509132799656811,-31.0,4,6,1,3
1998-04-25 01:30:00,1,-26.0,-34.889750880379076,12.509132799656811,-28.0,4,6,1,3
1998-04-25 02:30:00,1,-22.0,-33.58165126157534,12.509132799656811,-32.0,4,6,1,3
1998-04-25 03:30:00,1,-30.0,-28.305253874578412,12.509132799656811,-33.0,4,6,1,3
1998-04-25 04:30:00,1,-35.0,-29.22922917366443,12.509132799656811,-26.0,4,6,1,3
1998-04-25 05:30:00,1,-39.0,-33.339042319826085,12.509132799656811,-22.0,4,6,1,3
1998-04-25 06:30:00,1,-36.0,-34.73098541525601,12.509132799656811,-30.0,4,6,1,3
1998-04-25 07:30:00,1,-30.0,-35.16297323158458,12.509132799656811,-35.0,4,6,1,3
1998-04-25 08:30:00,1,-32.0,-34.29095136866968,12.509132799656811,-39.0,4,6,1,3
1998-04-25 09:30:00,1,-25.0,-30.310297336573818,12.509132799656811,-36.0,4,6,1,3
1998-04-25 10:30:00,1,-20.0,-30.94844378438304,12.509132799656811,-30.0,4,6,1,3
1998-04-25 11:30:00,1,-25.0,-27.097657347505326,12.509132799656811,-32.0,4,6,1,3
1998-04-25 12:30:00,1,-24.0,-26.921519520736197,12.509132799656811,-25.0,4,6,1,3
1998-04-25 13:30:00,1,-17.0,-22.19829619857077,12.509132799656811,-20.0,4,6,1,3
1998-04-25 14:30:00,1,-22.0,-25.72401632639562,12.509132799656811,-25.0,4,6,1,3
1998-04-25 15:30:00,1,-24.0,-20.487450850254838,12.509132799656811,-24.0,4,6,1,3
1998-04-25 16:30:00,1,-30.0,-25.964157171752365,12.509132799656811,-17.0,4,6,1,3
1998-04-25 17:30:00,1,-32.0,-20.360796088390067,12.509132799656811,-22.0,4,6,1,3
1998-04-25 18:30:00,1,-28.0,-27.98387271964717,12.509132799656811,-24.0,4,6,1,3
1998-04-25 19:30:00,1,-35.0,-32.60201092678331,12.509132799656811,-30.0,4,6,1,3
1998-04-25 20:30:00,1,-33.0,-26.708240675001267,12.509132799656811,-32.0,4,6,1,3
1998-04-25 21:30:00,1,-33.0,-30.681681507357474,12.509132799656811,-28.0,4,6,1,3
1998-04-25 22:30:00,1,-27.0,-40.2972316407065,12.509132799656811,-35.0,4,6,1,3
1998-04-25 23:30:00,1,-22.0,-28.55968548003672,12.509132799656811,-33.0,4,6,1,3
1998-04-26 00:30:00,1,-21.0,-28.989951216550445,12.509132799656811,-33.0,4,6,1,3
1998-04-26 01:30:00,1,-30.0,-24.159006910986545,12.509132799656811,-27.0,4,6,1,3
1998-04-26 02:30:00,1,-33.0,-24.124562471096738,12.509132799656811,-22.0,4,6,1,3
1998-04-26 03:30:00,1,-29.0,-33.03825517503205,12.509132799656811,-21.0,4,6,1,3
1998-04-26 04:30:00,1,-22.0,-29.26828961778714,12.509132799656811,-30.0,4,6,1,3
1998-04-26 05:30:00,1,-21.0,-37.46588787611158,12.509132799656811,-33.0,4,6,1,3
1998-04-26 06:30:00,1,-36.0,-24.984443898804376,12.509132799656811,-29.0,4,6,1,3
1998-04-26 07:30:00,1,-38.0,-22.504171241827024,12.509132799656811,-22.0,4,6,1,3
1998-04-26 08:30:00,1,-40.0,-24.318118441356415,12.509132799656811,-21.0,4,6,1,3
1998-04-26 09:30:00,1,-36.0,-37.8312190330282,12.509132799656811,-36.0,4,6,1,3
1998-04-26 10:30:00,1,-27.0,-37.18200233617142,12.509132799656811,-38.0,4,6,1,3
1998-04-26 11:30:00,1,-22.0,-36.0700327078526,12.509132799656811,-40.0,4,6,1,3
1998-04-26 12:30:00,1,-26.0,-31.55095018592671,12.509132799656811,-36.0,4,6,1,3
1998-04-26 13:30:00,1,-29.0,-27.120131683398093,12.509132799656811,-27.0,4,6,1,3
1998-04-26 14:30:00,1,-44.0,-28.192234709028313,12.509132799656811,-22.0,4,6,1,3
1998-04-26 15:30:00,1,-51.0,-26.253993782756783,12.509132799656811,-26.0,4,6,1,3
1998-04-26 16:30:00,1,-60.0,-44.663357428980234,12.509132799656811,-29.0,4,6,1,3
1998-04-26 17:30:00,1,-63.0,-54.135283233742086,12.509132799656811,-44.0,4,6,1,3
1998-04-26 18:30:00,1,-60.0,-53.983671963807566,12.509132799656811,-51.0,4,6,1,3
1998-04-26 19:30:00,1,-57.0,-61.165481850988684,12.509132799656811,-60.0,4,6,1,3
1998-04-26 20:30:00,1,-52.0,-54.746510099174785,12.509132799656811,-63.0,4,6,1,3
1998-04-26 21:30:00,1,-50.0,-52.538758279053,12.509132799656811,-60.0,4,6,1,3
1998-04-26 22:30:00,1,-47.0,-50.160900461262585,12.509132799656811,-57.0,4,6,1,3
1998-04-26 23:30:00,1,-39.0,-47.07850953538973,12.509132799656811,-52.0,4,6,1,3
1998-04-27 00:30:00,1,-32.0,-50.313430780398164,12.509132799656811,-50.0,4,6,1,3
1998-04-27 01:30:00,1,-33.0,-47.51971229862715,12.509132799656811,-47.0,4,6,1,3
1998-04-27 02:30:00,1,-34.0,-37.54893614200424,12.509132799656811,-39.0,4,6,1,3
1998-04-27 03:30:00,1,-31.0,-37.682289839846256,12.509132799656811,-32.0,4,6,1,3
1998-04-27 04:30:00,1,-36.0,-40.287135180021885,12.509132799656811,-33.0,4,6,1,3
1998-04-27 05:30:00,1,-33.0,-31.204617214853876,12.509132799656811,-34.0,4,6,1,3
1998-04-27 06:30:00,1,-26.0,-31.489520547755937,12.509132799656811,-31.0,4,6,1,3
1998-04-27 07:30:00,1,-28.0,-34.56728205119225,12.509132799656811,-36.0,4,6,1,3
1998-04-27 08:30:00,1,-32.0,-29.02643451249581,12.509132799656811,-33.0,4,6,1,3
1998-04-27 09:30:00,1,-27.0,-24.913346116118262,12.509132799656811,-26.0,4,6,1,3
1998-04-27 10:30:00,1,-21.0,-28.522010718697658,12.509132799656811,-28.0,4,6,1,3
1998-04-27 11:30:00,1,-20.0,-29.807800361273916,12.509132799656811,-32.0,4,6,1,3
1998-04-27 12:30:00,1,-20.0,-23.922990412663246,12.509132799656811,-27.0,4,6,1,3
1998-04-27 13:30:00,1,-21.0,-21.117103059756722,12.509132799656811,-21.0,4,6,1,3
1998-04-27 14:30:00,1,-24.0,-21.84599893372704,12.509132799656811,-20.0,4,6,1,3
1998-04-27 15:30:00,1,-28.0,-21.9188870424558,12.509132799656811,-20.0,4,6,1,3
1998-04-27 16:30:00,1,-30.0,-26.652412417067097,12.509132799656811,-21.0,4,6,1,3
1998-04-27 17:30:00,1,-29.0,-21.026962304639824,12.509132799656811,-24.0,4,6,1,3
1998-04-27 18:30:00,1,-27.0,-23.85788408005951,12.509132799656811,-28.0,4,6,1,3
1998-04-27 19:30:00,1,-25.0,-25.394036146761433,12.509132799656811,-30.0,4,6,1,3
1998-04-27 20:30:00,1,-27.0,-24.333282184455264,12.509132799656811,-29.0,4,6,1,3
1998-04-27 21:30:00,1,-27.0,-27.06905819702669,12.509132799656811,-27.0,4,6,1,3
1998-04-27 22:30:00,1,-24.0,-23.880128938011296,12.509132799656811,-25.0,4,6,1,3
1998-04-27 23:30:00,1,-17.0,-23.220794737882997,12.509132799656811,-27.0,4,6,1,3
1998-04-28 00:30:00,1,-14.0,-22.621294280542234,12.509132799656811,-27.0,4,6,1,3
1998-04-28 01:30:00,1,-18.0,-22.87168627803328,12.509132799656811,-24.0,4,6,1,3
1998-04-28 02:30:00,1,-21.0,-18.604604534011663,12.509132799656811,-17.0,4,6,1,3
1998-04-28 03:30:00,1,-24.0,-19.789659332042028,12.509132799656811,-14.0,4,6,1,3
1998-04-28 04:30:00,1,-25.0,-23.283539751004817,12.509132799656811,-18.0,4,6,1,3
1998-04-28 05:30:00,1,-17.0,-23.33789957760413,12.509132799656811,-21.0,4,6,1,3
1998-04-28 06:30:00,1,-16.0,-25.450960325370374,12.509132799656811,-24.0,4,6,1,3
1998-04-28 07:30:00,1,-19.0,-19.962320013504687,12.509132799656811,-25.0,4,6,1,3
1998-04-28 08:30:00,1,-20.0,-17.749736360454584,12.509132799656811,-17.0,4,6,1,3
1998-04-28 09:30:00,1,-18.0,-18.15336275066469,12.509132799656811,-16.0,4,6,1,3
1998-04-28 10:30:00,1,-16.0,-17.656364146451303,12.509132799656811,-19.0,4,6,1,3
1998-04-28 11:30:00,1,-11.0,-19.035907044469397,12.509132799656811,-20.0,4,6,1,3
1998-04-28 12:30:00,1,-13.0,-18.139556538780518,12.509132799656811,-18.0,4,6,1,3
1998-04-28 13:30:00,1,-16.0,-15.646867618091875,12.509132799656811,-16.0,4,6,1,3
1998-04-28 14:30:00,1,-21.0,-12.572284060679468,12.509132799656811,-11.0,4,6,1,3
1998-04-28 15:30:00,1,-23.0,-12.981180197112955,12.509132799656811,-13.0,4,6,1,3
1998-04-28 16:30:00,1,-24.0,-17.973831948936713,12.509132799656811,-16.0,4,6,1,3
1998-04-28 17:30:00,1,-25.0,-18.41872910797244,12.509132799656811,-21.0,4,6,1,3
1998-04-28 18:30:00,1,-24.0,-19.009215944776365,12.509132799656811,-23.0,4,6,1,3
1998-04-28 19:30:00,1,-22.0,-22.2953116237015,12.509132799656811,-24.0,4,6,1,3
1998-04-28 20:30:00,1,-25.0,-22.491724836031786,12.509132799656811,-25.0,4,6,1,3
1998-04-28 21:30:00,1,-25.0,-20.53999020872756,12.509132799656811,-24.0,4,6,1,3
1998-04-28 22:30:00,1,-25.0,-21.357432150958488,12.509132799656811,-22.0,4,6,1,3
1998-04-28 23:30:00,1,-19.0,-25.177932191554817,12.509132799656811,-25.0,4,6,1,3
1998-04-29 00:30:00,1,-16.0,-26.712697153676682,12.509132799656811,-25.0,4,6,1,3
1998-04-29 01:30:00,1,-19.0,-23.458328577337742,12.509132799656811,-25.0,4,6,1,3
1998-04-29 02:30:00,1,-18.0,-18.875592105615965,12.509132799656811,-19.0,4,6,1,3
1998-04-29 03:30:00,1,-14.0,-18.74339006286809,12.509132799656811,-16.0,4,6,1,3
1998-04-29 04:30:00,1,-16.0,-19.606171386538712,12.509132799656811,-19.0,4,6,1,3
1998-04-29 05:30:00,1,-16.0,-16.52919352396762,12.509132799656811,-18.0,4,6,1,3
1998-04-29 06:30:00,1,-12.0,-13.970096473879934,12.509132799656811,-14.0,4,6,1,3
1998-04-29 07:30:00,1,-12.0,-15.141782973321181,12.509132799656811,-16.0,4,6,1,3
1998-04-29 08:30:00,1,-11.0,-15.813469171962922,12.509132799656811,-16.0,4,6,1,3
1998-04-29 09:30:00,1,-8.0,-11.940155650545538,12.509132799656811,-12.0,4,6,1,3
1998-04-29 10:30:00,1,-10.0,-11.702399442131874,12.509132799656811,-12.0,4,6,1,3
1998-04-29 11:30:00,1,-14.0,-9.835901509758465,12.509132799656811,-11.0,4,6,1,3
1998-04-29 12:30:00,1,-13.0,-10.474811320061573,12.509132799656811,-8.0,4,6,1,3
1998-04-29 13:30:00,1,-9.0,-11.114094209743325,12.509132799656811,-10.0,4,6,1,3
1998-04-29 14:30:00,1,-11.0,-12.022169417368445,12.509132799656811,-14.0,4,6,1,3
1998-04-29 15:30:00,1,-13.0,-11.723519374762073,12.509132799656811,-13.0,4,6,1,3
1998-04-29 16:30:00,1,-13.0,-9.21361875542198,12.509132799656811,-9.0,4,6,1,3
1998-04-29 17:30:00,1,-11.0,-9.157199598898764,12.509132799656811,-11.0,4,6,1,3
1998-04-29 18:30:00,1,-10.0,-11.017013950696182,12.509132799656811,-13.0,4,6,1,3
1998-04-29 19:30:00,1,-12.0,-11.26578510027695,12.509132799656811,-13.0,4,6,1,3
1998-04-29 20:30:00,1,-13.0,-11.076731674896454,12.509132799656811,-11.0,4,6,1,3
1998-04-29 21:30:00,1,-12.0,-11.381765014676493,12.509132799656811,-10.0,4,6,1,3
1998-04-29 22:30:00,1,-5.0,-11.247849991610806,12.509132799656811,-12.0,4,6,1,3
1998-04-29 23:30:00,1,-4.0,-13.325469904561348,12.509132799656811,-13.0,4,6,1,3
1998-04-30 00:30:00,1,-4.0,-12.25545777273539,12.509132799656811,-12.0,4,6,1,3
1998-04-30 01:30:00,1,-4.0,-6.357773457609316,12.509132799656811,-5.0,4,6,1,3
1998-04-30 02:30:00,1,-3.0,-6.550464406931614,12.509132799656811,-4.0,4,6,1,3
1998-04-30 03:30:00,1,-4.0,-6.982927103261968,12.509132799656811,-4.0,4,6,1,3
1998-04-30 04:30:00,1,-2.0,-5.8891175118017465,12.509132799656811,-4.0,4,6,1,3
1998-04-30 05:30:00,1,2.0,-2.907569487002135,12.509132799656811,-3.0,4,6,1,3
1998-04-30 06:30:00,1,8.0,-3.6329449930550446,12.509132799656811,-4.0,4,6,1,3
1998-04-30 07:30:00,1,9.0,-2.0298843246168694,12.509132799656811,-2.0,4,6,1,3
1998-04-30 08:30:00,1,9.0,0.7620370064887148,12.509132799656811,2.0,4,6,1,3
1998-04-30 09:30:00,1,20.0,4.530964510172847,12.509132799656811,8.0,4,6,1,3
1998-04-30 10:30:00,1,34.0,4.748963435638071,12.509132799656811,9.0,4,6,1,3
1998-04-30 11:30:00,1,31.0,5.649410989869285,12.509132799656811,9.0,4,6,1,3
1998-04-30 12:30:00,1,28.0,11.825053091332418,12.509132799656811,20.0,4,6,1,3
1998-04-30 13:30:00,1,30.0,13.594786972180831,12.509132799656811,34.0,4,6,1,3
1998-04-30 14:30:00,1,17.0,9.99842460524044,12.509132799656811,31.0,4,6,1,3
1998-04-30 15:30:00,1,-3.0,16.176701011096707,12.509132799656811,28.0,4,6,1,3
1998-04-30 16:30:00,1,-11.0,17.91989165907899,12.509132799656811,30.0,4,6,1,3
1998-04-30 17:30:00,1,-9.0,-13.617183855548863,12.509132799656811,17.0,4,6,1,3
1998-04-30 18:30:00,1,-9.0,0.443636505556686,12.509132799656811,-3.0,4,6,1,3
1998-04-30 19:30:00,1,-9.0,-9.87823236998926,12.509132799656811,-11.0,4,6,1,3
1998-04-30 20:30:00,1,-15.0,-9.672820323804828,12.509132799656811,-9.0,4,6,1,3
1998-04-30 21:30:00,1,-18.0,-8.907211391588877,12.509132799656811,-9.0,4,6,1,3
1998-04-30 22:30:00,1,-16.0,-12.132776078765776,12.509132799656811,-9.0,4,6,1,3
1998-04-30 23:30:00,1,-8.0,-23.880935380936478,12.509132799656811,-15.0,4,6,1,3
1998-05-01 00:30:00,1,-1.0,-18.47729119604861,12.509132799656811,-18.0,4,6,1,3
1998-05-01 01:30:00,1,6.0,-18.060793567275205,12.509132799656811,-16.0,4,6,1,3
1998-05-01 02:30:00,1,3.0,-8.981103857303445,12.509132799656811,-8.0,4,6,1,3
1998-05-01 03:30:00,1,1.0,-5.012551587552419,12.509132799656811,-1.0,4,6,1,3
1998-05-01 04:30:00,1,-1.0,-3.108563727373575,12.509132799656811,6.0,4,6,1,3
1998-05-01 05:30:00,1,-5.0,-1.080674840621736,12.509132799656811,3.0,4,6,1,3
1998-05-01 06:30:00,1,-4.0,-0.17339583898762712,12.509132799656811,1.0,4,6,1,3
1998-05-01 07:30:00,1,-13.0,-5.123442608232256,12.509132799656811,-1.0,4,6,1,3
1998-05-01 08:30:00,1,-10.0,-1.4041073634169656,12.509132799656811,-5.0,4,6,1,3
1998-05-01 09:30:00,1,-4.0,-4.743704672626812,12.509132799656811,-4.0,4,6,1,3
1998-05-01 10:30:00,1,0.0,-12.560413766790589,12.509132799656811,-13.0,4,6,1,3
1998-05-01 11:30:00,1,0.0,-6.809543011784616,12.509132799656811,-10.0,4,6,1,3
1998-05-01 12:30:00,1,0.0,-5.3202124071028045,12.509132799656811,-4.0,4,6,1,3
1998-05-01 13:30:00,1,-4.0,-2.870841642073813,12.509132799656811,0.0,4,6,1,3
1998-05-01 14:30:00,1,-2.0,-2.31122712385287,12.509132799656811,0.0,4,6,1,3
1998-05-01 15:30:00,1,0.0,-13.745014727406076,12.509132799656811,0.0,4,6,1,3
1998-05-01 16:30:00,1,-4.0,-4.213608922804127,12.509132799656811,-4.0,4,6,1,3
1998-05-01 17:30:00,1,-1.0,-1.6806183297246413,12.509132799656811,-2.0,4,6,1,3
1998-05-01 18:30:00,1,1.0,-3.6501225685925967,12.509132799656811,0.0,4,6,1,3
1998-05-01 19:30:00,1,-4.0,-5.571272080189171,12.509132799656811,-4.0,4,6,1,3
1998-05-01 20:30:00,1,-5.0,-1.9287252160214798,12.509132799656811,-1.0,4,6,1,3
1998-05-01 21:30:00,1,-2.0,-5.033578250337957,12.509132799656811,1.0,4,6,1,3
1998-05-01 22:30:00,1,21.0,-2.1340508169840327,12.509132799656811,-4.0,4,6,1,3
1998-05-01 23:30:00,1,19.0,-4.666932216099035,12.509132799656811,-5.0,4,6,1,3
1998-05-02 00:30:00,1,12.0,-4.377079112256233,12.509132799656811,-2.0,4,6,1,3
1998-05-02 01:30:00,1,12.0,-1.8192309681373082,12.509132799656811,21.0,4,6,1,3
1998-05-02 02:30:00,1,17.0,-2.141350888484496,12.509132799656811,19.0,4,6,1,3
1998-05-02 03:30:00,1,14.0,-0.6135043877059729,12.509132799656811,12.0,4,6,1,3
1998-05-02 04:30:00,1,9.0,-0.6077626050736349,12.509132799656811,12.0,4,6,1,3
1998-05-02 05:30:00,1,-5.0,3.4645671535460885,12.509132799656811,17.0,4,6,1,3
1998-05-02 06:30:00,1,-5.0,2.9810494541976844,12.509132799656811,14.0,4,6,1,3
1998-05-02 07:30:00,1,-24.0,-24.234168756538214,12.509132799656811,9.0,4,6,1,3
1998-05-02 08:30:00,1,-24.0,-17.716544807563494,12.509132799656811,-5.0,4,6,1,3
1998-05-02 09:30:00,1,-2.0,-20.92437230013487,12.509132799656811,-5.0,4,6,1,3
1998-05-02 10:30:00,1,-29.0,-34.238295422891134,12.509132799656811,-24.0,4,6,1,3
1998-05-02 11:30:00,1,-55.0,-24.68132714058842,12.509132799656811,-24.0,4,6,1,3
1998-05-02 12:30:00,1,-46.0,-14.441552789901607,12.509132799656811,-2.0,4,6,1,3
1998-05-02 13:30:00,1,-52.0,-58.401891803917614,12.509132799656811,-29.0,4,6,1,3
1998-05-02 14:30:00,1,-76.0,-70.65063604957265,12.509132799656811,-55.0,4,6,1,3
1998-05-02 15:30:00,1,-72.0,-65.77795320416342,12.509132799656811,-46.0,4,6,1,3
1998-05-02 16:30:00,1,-78.0,-71.05137334947251,12.509132799656811,-52.0,4,6,1,3
1998-05-02 17:30:00,1,-85.0,-86.26010891143905,12.509132799656811,-76.0,4,6,1,3
1998-05-02 18:30:00,1,-82.0,-72.42707170999114,12.509132799656811,-72.0,4,6,1,3
1998-05-02 19:30:00,1,-77.0,-78.29444105072795,12.509132799656811,-78.0,4,6,1,3
1998-05-02 20:30:00,1,-68.0,-79.07846281520465,12.509132799656811,-85.0,4,6,1,3
1998-05-02 21:30:00,1,-58.0,-74.96376579836597,12.509132799656811,-82.0,4,6,1,3
1998-05-02 22:30:00,1,-46.0,-71.69893450658655,12.509132799656811,-77.0,4,6,1,3
1998-05-02 23:30:00,1,-36.0,-64.91184487688749,12.509132799656811,-68.0,4,6,1,3
1998-05-03 00:30:00,1,-28.0,-57.57922447551138,12.509132799656811,-58.0,4,6,1,3
1998-05-03 01:30:00,1,-43.0,-49.59855154418107,12.509132799656811,-46.0,4,6,1,3
1998-05-03 02:30:00,1,-44.0,-44.33958822479452,12.509132799656811,-36.0,4,6,1,3
1998-05-03 03:30:00,1,-54.0,-38.642990282447414,12.509132799656811,-28.0,4,6,1,3
1998-05-03 04:30:00,1,-62.0,-46.37822134267652,12.509132799656811,-43.0,4,6,1,3
1998-05-03 05:30:00,1,-55.0,-42.68546572871552,12.509132799656811,-44.0,4,6,1,3
1998-05-03 06:30:00,1,-69.0,-51.990117754262485,12.509132799656811,-54.0,4,6,1,3
1998-05-03 07:30:00,1,-67.0,-56.57340474555519,12.509132799656811,-62.0,4,6,1,3
1998-05-03 08:30:00,1,-66.0,-49.05921070536559,12.509132799656811,-55.0,4,6,1,3
1998-05-03 09:30:00,1,-49.0,-62.21252230253677,12.509132799656811,-69.0,4,6,1,3
1998-05-03 10:30:00,1,-49.0,-58.96100584980135,12.509132799656811,-67.0,4,6,1,3
1998-05-03 11:30:00,1,-66.0,-59.133978189037634,12.509132799656811,-66.0,4,6,1,3
1998-05-03 12:30:00,1,-49.0,-48.32756450841488,12.509132799656811,-49.0,4,6,1,3
1998-05-03 13:30:00,1,-48.0,-47.21258834940213,12.509132799656811,-49.0,4,6,1,3
1998-05-03 14:30:00,1,-42.0,-58.667833704413155,12.509132799656811,-66.0,4,6,1,3
1998-05-03 15:30:00,1,-41.0,-45.55293335912272,12.509132799656811,-49.0,4,6,1,3
1998-05-03 16:30:00,1,-59.0,-44.137209723435845,12.509132799656811,-48.0,4,6,1,3
1998-05-03 17:30:00,1,-56.0,-38.907814082244144,12.509132799656811,-42.0,4,6,1,3
1998-05-03 18:30:00,1,-53.0,-39.086186972973756,12.509132799656811,-41.0,4,6,1,3
1998-05-03 19:30:00,1,-53.0,-52.268130137581785,12.509132799656811,-59.0,4,6,1,3
1998-05-03 20:30:00,1,-70.0,-49.57930269562976,12.509132799656811,-56.0,4,6,1,3
1998-05-03 21:30:00,1,-49.0,-53.98707517570058,12.509132799656811,-53.0,4,6,1,3
1998-05-03 22:30:00,1,-57.0,-53.00273708338193,12.509132799656811,-53.0,4,6,1,3
1998-05-03 23:30:00,1,-61.0,-72.3524603840104,12.509132799656811,-70.0,4,6,1,3
1998-05-04 00:30:00,1,-60.0,-50.922692154470184,12.509132799656811,-49.0,4,6,1,3
1998-05-04 01:30:00,1,-58.0,-59.10482112564672,12.509132799656811,-57.0,4,6,1,3
1998-05-04 02:30:00,1,-62.0,-62.273122677949935,12.509132799656811,-61.0,4,6,1,3
1998-05-04 03:30:00,1,-76.0,-56.125648069574595,12.509132799656811,-60.0,4,6,1,3
1998-05-04 04:30:00,1,-162.0,-56.53957964018268,12.509132799656811,-58.0,4,6,1,3
1998-05-04 05:30:00,1,-205.0,-57.26076482784859,12.509132799656811,-62.0,4,6,1,3
1998-05-04 06:30:00,1,-192.0,-126.99650067387704,12.509132799656811,-76.0,4,6,1,3
1998-05-04 07:30:00,1,-185.0,-218.5218261609045,12.509132799656811,-162.0,4,6,1,3
1998-05-04 08:30:00,1,-170.0,-204.48006469634956,12.509132799656811,-205.0,4,6,1,3
1998-05-04 09:30:00,1,-135.0,-178.9859037444829,12.509132799656811,-192.0,4,6,1,3
1998-05-04 10:30:00,1,-125.0,-173.76718750050495,12.509132799656811,-185.0,4,6,1,3
1998-05-04 11:30:00,1,-136.0,-153.37674334902277,12.509132799656811,-170.0,4,6,1,3
1998-05-04 12:30:00,1,-139.0,-123.78204874746042,12.509132799656811,-135.0,4,6,1,3
1998-05-04 13:30:00,1,-111.0,-110.46991225407614,12.509132799656811,-125.0,4,6,1,3
1998-05-04 14:30:00,1,-105.0,-114.45717536461598,12.509132799656811,-136.0,4,6,1,3
1998-05-04 15:30:00,1,-110.0,-112.5617228326608,12.509132799656811,-139.0,4,6,1,3
1998-05-04 16:30:00,1,-116.0,-99.26682533641909,12.509132799656811,-111.0,4,6,1,3
1998-05-04 17:30:00,1,-113.0,-94.35628630844855,12.509132799656811,-105.0,4,6,1,3
1998-05-04 18:30:00,1,-108.0,-97.10133158055177,12.509132799656811,-110.0,4,6,1,3
1998-05-04 19:30:00,1,-106.0,-99.98347442481048,12.509132799656811,-116.0,4,6,1,3
1998-05-04 20:30:00,1,-101.0,-96.49792573282508,12.509132799656811,-113.0,4,6,1,3
1998-05-04 21:30:00,1,-96.0,-94.57139386872926,12.509132799656811,-108.0,4,6,1,3
1998-05-04 22:30:00,1,-85.0,-92.53956262488478,12.509132799656811,-106.0,4,6,1,3
1998-05-04 23:30:00,1,-78.0,-90.17603196518408,12.509132799656811,-101.0,4,6,1,3
1998-05-05 00:30:00,1,-74.0,-86.00020907697817,12.509132799656811,-96.0,4,6,1,3
1998-05-05 01:30:00,1,-72.0,-78.32947411433254,12.509132799656811,-85.0,4,6,1,3
1998-05-05 02:30:00,1,-68.0,-71.53790070746695,12.509132799656811,-78.0,4,6,1,3
1998-05-05 03:30:00,1,-89.0,-69.09075249459,12.509132799656811,-74.0,4,6,1,3
1998-05-05 04:30:00,1,-119.0,-65.98964845305407,12.509132799656811,-72.0,4,6,1,3
1998-05-05 05:30:00,1,-114.0,-71.5121718795859,12.509132799656811,-68.0,4,6,1,3
1998-05-05 06:30:00,1,-105.0,-103.7929288134372,12.509132799656811,-89.0,4,6,1,3
1998-05-05 07:30:00,1,-104.0,-117.02816545733515,12.509132799656811,-119.0,4,6,1,3
1998-05-05 08:30:00,1,-109.0,-107.82444277808331,12.509132799656811,-114.0,4,6,1,3
1998-05-05 09:30:00,1,-107.0,-95.85298523085862,12.509132799656811,-105.0,4,6,1,3
1998-05-05 10:30:00,1,-104.0,-98.74398643548592,12.509132799656811,-104.0,4,6,1,3
1998-05-05 11:30:00,1,-102.0,-96.46201911750464,12.509132799656811,-109.0,4,6,1,3
1998-05-05 12:30:00,1,-97.0,-93.2850889671331,12.509132799656811,-107.0,4,6,1,3
1998-05-05 13:30:00,1,-90.0,-92.34804096093214,12.509132799656811,-104.0,4,6,1,3
1998-05-05 14:30:00,1,-95.0,-90.27986177616076,12.509132799656811,-102.0,4,6,1,3
1998-05-05 15:30:00,1,-104.0,-87.9481111098728,12.509132799656811,-97.0,4,6,1,3
1998-05-05 16:30:00,1,-105.0,-84.55873045235627,12.509132799656811,-90.0,4,6,1,3
1998-05-05 17:30:00,1,-97.0,-90.34759388237914,12.509132799656811,-95.0,4,6,1,3
1998-05-05 18:30:00,1,-94.0,-88.66351811691821,12.509132799656811,-104.0,4,6,1,3
1998-05-05 19:30:00,1,-95.0,-92.53507202309547,12.509132799656811,-105.0,4,6,1,3
1998-05-05 20:30:00,1,-94.0,-87.32008657290397,12.509132799656811,-97.0,4,6,1,3
1998-05-05 21:30:00,1,-82.0,-84.53683251272913,12.509132799656811,-94.0,4,6,1,3
1998-05-05 22:30:00,1,-68.0,-83.8874787546982,12.509132799656811,-95.0,4,6,1,3
1998-05-05 23:30:00,1,-57.0,-80.66604296430326,12.509132799656811,-94.0,4,6,1,3
1998-05-06 00:30:00,1,-54.0,-73.21495166121287,12.509132799656811,-82.0,4,6,1,3
1998-05-06 01:30:00,1,-52.0,-66.76607213750225,12.509132799656811,-68.0,4,6,1,3
1998-05-06 02:30:00,1,-52.0,-59.35277332049388,12.509132799656811,-57.0,4,6,1,3
1998-05-06 03:30:00,1,-60.0,-57.08037184877607,12.509132799656811,-54.0,4,6,1,3
1998-05-06 04:30:00,1,-67.0,-54.05246871117964,12.509132799656811,-52.0,4,6,1,3
1998-05-06 05:30:00,1,-67.0,-50.43681768538839,12.509132799656811,-52.0,4,6,1,3
1998-05-06 06:30:00,1,-64.0,-56.529099294466675,12.509132799656811,-60.0,4,6,1,3
1998-05-06 07:30:00,1,-62.0,-65.51549641103426,12.509132799656811,-67.0,4,6,1,3
1998-05-06 08:30:00,1,-62.0,-56.75048778257936,12.509132799656811,-67.0,4,6,1,3
1998-05-06 09:30:00,1,-65.0,-55.37869765603948,12.509132799656811,-64.0,4,6,1,3
1998-05-06 10:30:00,1,-63.0,-55.763686001437094,12.509132799656811,-62.0,4,6,1,3
1998-05-06 11:30:00,1,-61.0,-56.87243924191151,12.509132799656811,-62.0,4,6,1,3
1998-05-06 12:30:00,1,-60.0,-58.14306571010748,12.509132799656811,-65.0,4,6,1,3
1998-05-06 13:30:00,1,-62.0,-57.64229991411946,12.509132799656811,-63.0,4,6,1,3
1998-05-06 14:30:00,1,-66.0,-57.240306883628065,12.509132799656811,-61.0,4,6,1,3
1998-05-06 15:30:00,1,-69.0,-56.54208655161724,12.509132799656811,-60.0,4,6,1,3
1998-05-06 16:30:00,1,-70.0,-56.49179590635057,12.509132799656811,-62.0,4,6,1,3
1998-05-06 17:30:00,1,-72.0,-56.20101920355819,12.509132799656811,-66.0,4,6,1,3
1998-05-06 18:30:00,1,-71.0,-59.03740522695048,12.509132799656811,-69.0,4,6,1,3
1998-05-06 19:30:00,1,-70.0,-61.27141819553015,12.509132799656811,-70.0,4,6,1,3
1998-05-06 20:30:00,1,-69.0,-62.58114975225618,12.509132799656811,-72.0,4,6,1,3
1998-05-06 21:30:00,1,-64.0,-62.645842626463164,12.509132799656811,-71.0,4,6,1,3
1998-05-06 22:30:00,1,-58.0,-61.84118092782513,12.509132799656811,-70.0,4,6,1,3
1998-05-06 23:30:00,1,-53.0,-60.630404126536504,12.509132799656811,-69.0,4,6,1,3
1998-05-07 00:30:00,1,-44.0,-57.29410765987798,12.509132799656811,-64.0,4,6,1,3
1998-05-07 01:30:00,1,-42.0,-54.727610443822385,12.509132799656811,-58.0,4,6,1,3
1998-05-07 02:30:00,1,-46.0,-50.552019592791,12.509132799656811,-53.0,4,6,1,3
1998-05-07 03:30:00,1,-50.0,-46.03480177463259,12.509132799656811,-44.0,4,6,1,3
1998-05-07 04:30:00,1,-48.0,-43.000320838113275,12.509132799656811,-42.0,4,6,1,3
1998-05-07 05:30:00,1,-46.0,-42.04721563194782,12.509132799656811,-46.0,4,6,1,3
1998-05-07 06:30:00,1,-46.0,-43.45756032744684,12.509132799656811,-50.0,4,6,1,3
1998-05-07 07:30:00,1,-48.0,-41.57872120221272,12.509132799656811,-48.0,4,6,1,3
1998-05-07 08:30:00,1,-52.0,-41.15884538516316,12.509132799656811,-46.0,4,6,1,3
1998-05-07 09:30:00,1,-50.0,-41.641985455384386,12.509132799656811,-46.0,4,6,1,3
1998-05-07 10:30:00,1,-50.0,-43.60808989467071,12.509132799656811,-48.0,4,6,1,3
1998-05-07 11:30:00,1,-46.0,-46.24277760410809,12.509132799656811,-52.0,4,6,1,3
1998-05-07 12:30:00,1,-46.0,-47.60822310633672,12.509132799656811,-50.0,4,6,1,3
1998-05-07 13:30:00,1,-40.0,-45.813062955883865,12.509132799656811,-50.0,4,6,1,3
1998-05-07 14:30:00,1,-38.0,-41.25666042859629,12.509132799656811,-46.0,4,6,1,3
1998-05-07 15:30:00,1,-39.0,-38.334881881386366,12.509132799656811,-46.0,4,6,1,3
1998-05-07 16:30:00,1,-42.0,-37.952386798177756,12.509132799656811,-40.0,4,6,1,3
1998-05-07 17:30:00,1,-40.0,-36.70932839370206,12.509132799656811,-38.0,4,6,1,3
1998-05-07 18:30:00,1,-33.0,-37.15569227791695,12.509132799656811,-39.0,4,6,1,3
1998-05-07 19:30:00,1,-33.0,-37.58518853821221,12.509132799656811,-42.0,4,6,1,3
1998-05-07 20:30:00,1,-28.0,-35.883827425045666,12.509132799656811,-40.0,4,6,1,3
1998-05-07 21:30:00,1,-24.0,-32.59529400508144,12.509132799656811,-33.0,4,6,1,3
1998-05-07 22:30:00,1,-18.0,-30.99899540038123,12.509132799656811,-33.0,4,6,1,3
1998-05-07 23:30:00,1,-13.0,-28.17152311632779,12.509132799656811,-28.0,4,6,1,3
1998-05-08 00:30:00,1,-25.0,-28.06495236622705,12.509132799656811,-24.0,4,6,1,3
1998-05-08 01:30:00,1,-38.0,-28.46368038343673,12.509132799656811,-18.0,4,6,1,3
1998-05-08 02:30:00,1,-39.0,-23.188605835822017,12.509132799656811,-13.0,4,6,1,3
1998-05-08 03:30:00,1,-38.0,-40.660108777015104,12.509132799656811,-25.0,4,6,1,3
1998-05-08 04:30:00,1,-48.0,-32.795387750695006,12.509132799656811,-38.0,4,6,1,3
1998-05-08 05:30:00,1,-47.0,-34.3152111964973,12.509132799656811,-39.0,4,6,1,3
1998-05-08 06:30:00,1,-47.0,-39.11953776706305,12.509132799656811,-38.0,4,6,1,3
1998-05-08 07:30:00,1,-49.0,-43.40259822788718,12.509132799656811,-48.0,4,6,1,3
1998-05-08 08:30:00,1,-48.0,-41.574865290341954,12.509132799656811,-47.0,4,6,1,3
1998-05-08 09:30:00,1,-40.0,-41.811989083711325,12.509132799656811,-47.0,4,6,1,3
1998-05-08 10:30:00,1,-34.0,-48.304611027131095,12.509132799656811,-49.0,4,6,1,3
1998-05-08 11:30:00,1,-34.0,-40.431495288252535,12.509132799656811,-48.0,4,6,1,3
1998-05-08 12:30:00,1,-40.0,-37.67664530808854,12.509132799656811,-40.0,4,6,1,3
1998-05-08 13:30:00,1,-36.0,-37.036577018068506,12.509132799656811,-34.0,4,6,1,3
1998-05-08 14:30:00,1,-41.0,-40.11278085467262,12.509132799656811,-34.0,4,6,1,3
1998-05-08 15:30:00,1,-49.0,-35.16539113856372,12.509132799656811,-40.0,4,6,1,3
1998-05-08 16:30:00,1,-48.0,-41.312149161547154,12.509132799656811,-36.0,4,6,1,3
1998-05-08 17:30:00,1,-42.0,-43.01461728540049,12.509132799656811,-41.0,4,6,1,3
1998-05-08 18:30:00,1,-40.0,-44.83220542118307,12.509132799656811,-49.0,4,6,1,3
1998-05-08 19:30:00,1,-52.0,-40.77931161952255,12.509132799656811,-48.0,4,6,1,3
1998-05-08 20:30:00,1,-56.0,-40.21888895222073,12.509132799656811,-42.0,4,6,1,3
1998-05-08 21:30:00,1,-53.0,-43.48670715390358,12.509132799656811,-40.0,4,6,1,3
1998-05-08 22:30:00,1,-43.0,-50.18480711486133,12.509132799656811,-52.0,4,6,1,3
1998-05-08 23:30:00,1,-34.0,-52.04784951323374,12.509132799656811,-56.0,4,6,1,3
1998-05-09 00:30:00,1,-30.0,-47.83603470192263,12.509132799656811,-53.0,4,6,1,3
1998-05-09 01:30:00,1,-29.0,-41.71280001622513,12.509132799656811,-43.0,4,6,1,3
1998-05-09 02:30:00,1,-31.0,-36.35905292335694,12.509132799656811,-34.0,4,6,1,3
1998-05-09 03:30:00,1,-35.0,-35.52929879291212,12.509132799656811,-30.0,4,6,1,3
1998-05-09 04:30:00,1,-39.0,-30.890931408598234,12.509132799656811,-29.0,4,6,1,3
1998-05-09 05:30:00,1,-47.0,-30.58231670583469,12.509132799656811,-31.0,4,6,1,3
1998-05-09 06:30:00,1,-46.0,-34.5200889315899,12.509132799656811,-35.0,4,6,1,3
1998-05-09 07:30:00,1,-43.0,-39.243405239240715,12.509132799656811,-39.0,4,6,1,3
1998-05-09 08:30:00,1,-43.0,-42.78816720205921,12.509132799656811,-47.0,4,6,1,3
1998-05-09 09:30:00,1,-46.0,-42.56349720782643,12.509132799656811,-46.0,4,6,1,3
1998-05-09 10:30:00,1,-44.0,-40.29330236414085,12.509132799656811,-43.0,4,6,1,3
1998-05-09 11:30:00,1,-42.0,-40.030800642245055,12.509132799656811,-43.0,4,6,1,3
1998-05-09 12:30:00,1,-37.0,-37.24762790882501,12.509132799656811,-46.0,4,6,1,3
1998-05-09 13:30:00,1,-34.0,-38.346635019250854,12.509132799656811,-44.0,4,6,1,3
1998-05-09 14:30:00,1,-34.0,-38.555945062479864,12.509132799656811,-42.0,4,6,1,3
1998-05-09 15:30:00,1,-35.0,-36.44858514960927,12.509132799656811,-37.0,4,6,1,3
1998-05-09 16:30:00,1,-42.0,-35.63528290981306,12.509132799656811,-34.0,4,6,1,3
1998-05-09 17:30:00,1,-49.0,-32.71222417711329,12.509132799656811,-34.0,4,6,1,3
1998-05-09 18:30:00,1,-54.0,-37.07454182587573,12.509132799656811,-35.0,4,6,1,3
1998-05-09 19:30:00,1,-63.0,-45.96158949632177,12.509132799656811,-42.0,4,6,1,3
1998-05-09 20:30:00,1,-62.0,-48.55014048089131,12.509132799656811,-49.0,4,6,1,3
1998-05-09 21:30:00,1,-54.0,-56.06328921635842,12.509132799656811,-54.0,4,6,1,3
1998-05-09 22:30:00,1,-47.0,-51.63515547422312,12.509132799656811,-63.0,4,6,1,3
1998-05-09 23:30:00,1,-37.0,-51.93174675562416,12.509132799656811,-62.0,4,6,1,3
1998-05-10 00:30:00,1,-31.0,-50.70170404422727,12.509132799656811,-54.0,4,6,1,3
1998-05-10 01:30:00,1,-24.0,-44.054867237282366,12.509132799656811,-47.0,4,6,1,3
1998-05-10 02:30:00,1,-23.0,-38.10187390427197,12.509132799656811,-37.0,4,6,1,3
1998-05-10 03:30:00,1,-28.0,-35.85458960361852,12.509132799656811,-31.0,4,6,1,3
1998-05-10 04:30:00,1,-32.0,-29.83958561533338,12.509132799656811,-24.0,4,6,1,3
1998-05-10 05:30:00,1,-32.0,-25.8791894807028,12.509132799656811,-23.0,4,6,1,3
1998-05-10 06:30:00,1,-40.0,-27.048450964182848,12.509132799656811,-28.0,4,6,1,3
1998-05-10 07:30:00,1,-46.0,-28.118912383675163,12.509132799656811,-32.0,4,6,1,3
1998-05-10 08:30:00,1,-49.0,-33.03263822612473,12.509132799656811,-32.0,4,6,1,3
1998-05-10 09:30:00,1,-48.0,-40.74979228240573,12.509132799656811,-40.0,4,6,1,3
1998-05-10 10:30:00,1,-46.0,-45.79156653156363,12.509132799656811,-46.0,4,6,1,3
1998-05-10 11:30:00,1,-40.0,-41.913000325479814,12.509132799656811,-49.0,4,6,1,3
1998-05-10 12:30:00,1,-41.0,-42.568829513091956,12.509132799656811,-48.0,4,6,1,3
1998-05-10 13:30:00,1,-37.0,-40.886375164259874,12.509132799656811,-46.0,4,6,1,3
1998-05-10 14:30:00,1,-36.0,-39.550000848918835,12.509132799656811,-40.0,4,6,1,3
1998-05-10 15:30:00,1,-38.0,-37.51852277930322,12.509132799656811,-41.0,4,6,1,3
1998-05-10 16:30:00,1,-40.0,-34.26807637054787,12.509132799656811,-37.0,4,6,1,3
1998-05-10 17:30:00,1,-39.0,-33.785793359204106,12.509132799656811,-36.0,4,6,1,3
1998-05-10 18:30:00,1,-36.0,-36.7121981475811,12.509132799656811,-38.0,4,6,1,3
1998-05-10 19:30:00,1,-39.0,-37.459035386121776,12.509132799656811,-40.0,4,6,1,3
1998-05-10 20:30:00,1,-35.0,-37.09675881661782,12.509132799656811,-39.0,4,6,1,3
1998-05-10 21:30:00,1,-29.0,-36.3141855783262,12.509132799656811,-36.0,4,6,1,3
1998-05-10 22:30:00,1,-21.0,-35.16930648152453,12.509132799656811,-39.0,4,6,1,3
1998-05-10 23:30:00,1,-22.0,-31.970285595932324,12.509132799656811,-35.0,4,6,1,3
1998-05-11 00:30:00,1,-22.0,-27.030906280811582,12.509132799656811,-29.0,4,6,1,3
1998-05-11 01:30:00,1,-21.0,-26.247925555668132,12.509132799656811,-21.0,4,6,1,3
1998-05-11 02:30:00,1,-27.0,-24.935894669783764,12.509132799656811,-22.0,4,6,1,3
1998-05-11 03:30:00,1,-29.0,-21.911377682523415,12.509132799656811,-22.0,4,6,1,3
1998-05-11 04:30:00,1,-33.0,-22.828030872264577,12.509132799656811,-21.0,4,6,1,3
1998-05-11 05:30:00,1,-30.0,-25.395388559509026,12.509132799656811,-27.0,4,6,1,3
1998-05-11 06:30:00,1,-27.0,-24.242476597335873,12.509132799656811,-29.0,4,6,1,3
1998-05-11 07:30:00,1,-27.0,-28.996521622132,12.509132799656811,-33.0,4,6,1,3
1998-05-11 08:30:00,1,-30.0,-26.555799644680395,12.509132799656811,-30.0,4,6,1,3
1998-05-11 09:30:00,1,-31.0,-26.101290004458875,12.509132799656811,-27.0,4,6,1,3
1998-05-11 10:30:00,1,-34.0,-26.1961909339649,12.509132799656811,-27.0,4,6,1,3
1998-05-11 11:30:00,1,-33.0,-34.27825074567589,12.509132799656811,-30.0,4,6,1,3
1998-05-11 12:30:00,1,-31.0,-31.04758763874332,12.509132799656811,-31.0,4,6,1,3
1998-05-11 13:30:00,1,-26.0,-29.7717811396776,12.509132799656811,-34.0,4,6,1,3
1998-05-11 14:30:00,1,-24.0,-29.777073492463938,12.509132799656811,-33.0,4,6,1,3
1998-05-11 15:30:00,1,-28.0,-29.07328867583341,12.509132799656811,-31.0,4,6,1,3
1998-05-11 16:30:00,1,-32.0,-23.700673207133903,12.509132799656811,-26.0,4,6,1,3
1998-05-11 17:30:00,1,-36.0,-22.741746597737013,12.509132799656811,-24.0,4,6,1,3
1998-05-11 18:30:00,1,-36.0,-28.257688528675267,12.509132799656811,-28.0,4,6,1,3
1998-05-11 19:30:00,1,-33.0,-31.564228769162195,12.509132799656811,-32.0,4,6,1,3
1998-05-11 20:30:00,1,-35.0,-32.771901522295444,12.509132799656811,-36.0,4,6,1,3
1998-05-11 21:30:00,1,-38.0,-33.780766740167266,12.509132799656811,-36.0,4,6,1,3
1998-05-11 22:30:00,1,-34.0,-32.32096677588376,12.509132799656811,-33.0,4,6,1,3
1998-05-11 23:30:00,1,-30.0,-40.25873792463382,12.509132799656811,-35.0,4,6,1,3
1998-05-12 00:30:00,1,-30.0,-38.25538412549506,12.509132799656811,-38.0,4,6,1,3
1998-05-12 01:30:00,1,-35.0,-36.36530939629061,12.509132799656811,-34.0,4,6,1,3
1998-05-12 02:30:00,1,-34.0,-30.322746159422955,12.509132799656811,-30.0,4,6,1,3
1998-05-12 03:30:00,1,-34.0,-33.60860880591608,12.509132799656811,-30.0,4,6,1,3
1998-05-12 04:30:00,1,-39.0,-29.16519658171143,12.509132799656811,-35.0,4,6,1,3
1998-05-12 05:30:00,1,-46.0,-31.85068052721977,12.509132799656811,-34.0,4,6,1,3
1998-05-12 06:30:00,1,-48.0,-34.75401567354608,12.509132799656811,-34.0,4,6,1,3
1998-05-12 07:30:00,1,-45.0,-39.970345290065964,12.509132799656811,-39.0,4,6,1,3
1998-05-12 08:30:00,1,-43.0,-43.39674838872749,12.509132799656811,-46.0,4,6,1,3
1998-05-12 09:30:00,1,-42.0,-39.247560297076674,12.509132799656811,-48.0,4,6,1,3
1998-05-12 10:30:00,1,-36.0,-43.600296175455824,12.509132799656811,-45.0,4,6,1,3
1998-05-12 11:30:00,1,-35.0,-40.19146534301596,12.509132799656811,-43.0,4,6,1,3
1998-05-12 12:30:00,1,-34.0,-36.55639542182246,12.509132799656811,-42.0,4,6,1,3
1998-05-12 13:30:00,1,-34.0,-33.335066550517745,12.509132799656811,-36.0,4,6,1,3
1998-05-12 14:30:00,1,-37.0,-37.866869156275826,12.509132799656811,-35.0,4,6,1,3
1998-05-12 15:30:00,1,-39.0,-32.30946991682263,12.509132799656811,-34.0,4,6,1,3
1998-05-12 16:30:00,1,-38.0,-30.063505469778924,12.509132799656811,-34.0,4,6,1,3
1998-05-12 17:30:00,1,-38.0,-33.04866244041244,12.509132799656811,-37.0,4,6,1,3
1998-05-12 18:30:00,1,-36.0,-38.2863969175636,12.509132799656811,-39.0,4,6,1,3
1998-05-12 19:30:00,1,-40.0,-33.2845147212501,12.509132799656811,-38.0,4,6,1,3
1998-05-12 20:30:00,1,-35.0,-34.30731453922214,12.509132799656811,-38.0,4,6,1,3
1998-05-12 21:30:00,1,-35.0,-34.99826380437932,12.509132799656811,-36.0,4,6,1,3
1998-05-12 22:30:00,1,-30.0,-34.15721321707772,12.509132799656811,-40.0,4,6,1,3
1998-05-12 23:30:00,1,-22.0,-31.66830725233142,12.509132799656811,-35.0,4,6,1,3
1998-05-13 00:30:00,1,-18.0,-32.612773925626115,12.509132799656811,-35.0,4,6,1,3
1998-05-13 01:30:00,1,-21.0,-27.13411391367814,12.509132799656811,-30.0,4,6,1,3
1998-05-13 02:30:00,1,-24.0,-22.22141347080128,12.509132799656811,-22.0,4,6,1,3
1998-05-13 03:30:00,1,-28.0,-22.431641425794215,12.509132799656811,-18.0,4,6,1,3
1998-05-13 04:30:00,1,-29.0,-23.90117038747952,12.509132799656811,-21.0,4,6,1,3
1998-05-13 05:30:00,1,-27.0,-21.693901978137998,12.509132799656811,-24.0,4,6,1,3
1998-05-13 06:30:00,1,-27.0,-23.85568313921292,12.509132799656811,-28.0,4,6,1,3
1998-05-13 07:30:00,1,-25.0,-26.292612048195195,12.509132799656811,-29.0,4,6,1,3
1998-05-13 08:30:00,1,-26.0,-23.712511652783142,12.509132799656811,-27.0,4,6,1,3
1998-05-13 09:30:00,1,-24.0,-24.514768240609747,12.509132799656811,-27.0,4,6,1,3
1998-05-13 10:30:00,1,-23.0,-23.390621494736216,12.509132799656811,-25.0,4,6,1,3
1998-05-13 11:30:00,1,-22.0,-22.718358615469555,12.509132799656811,-26.0,4,6,1,3
1998-05-13 12:30:00,1,-21.0,-21.46399408592147,12.509132799656811,-24.0,4,6,1,3
1998-05-13 13:30:00,1,-18.0,-20.294637057722497,12.509132799656811,-23.0,4,6,1,3
1998-05-13 14:30:00,1,-20.0,-20.568721870631848,12.509132799656811,-22.0,4,6,1,3
1998-05-13 15:30:00,1,-26.0,-18.904455710227335,12.509132799656811,-21.0,4,6,1,3
1998-05-13 16:30:00,1,-30.0,-16.72554702084858,12.509132799656811,-18.0,4,6,1,3
1998-05-13 17:30:00,1,-27.0,-19.716881554714877,12.509132799656811,-20.0,4,6,1,3
1998-05-13 18:30:00,1,-27.0,-23.00838915950464,12.509132799656811,-26.0,4,6,1,3
1998-05-13 19:30:00,1,-30.0,-26.459419478186778,12.509132799656811,-30.0,4,6,1,3
1998-05-13 20:30:00,1,-31.0,-24.62768674297384,12.509132799656811,-27.0,4,6,1,3
1998-05-13 21:30:00,1,-28.0,-25.163120485247706,12.509132799656811,-27.0,4,6,1,3
1998-05-13 22:30:00,1,-23.0,-25.47672213892818,12.509132799656811,-30.0,4,6,1,3
1998-05-13 23:30:00,1,-22.0,-29.986667326256885,12.509132799656811,-31.0,4,6,1,3
1998-05-14 00:30:00,1,-17.0,-25.815446935217956,12.509132799656811,-28.0,4,6,1,3
1998-05-14 01:30:00,1,-17.0,-22.722027418932434,12.509132799656811,-23.0,4,6,1,3
1998-05-14 02:30:00,1,-16.0,-20.97702426488346,12.509132799656811,-22.0,4,6,1,3
1998-05-14 03:30:00,1,-17.0,-18.940999290340592,12.509132799656811,-17.0,4,6,1,3
1998-05-14 04:30:00,1,-21.0,-16.990199067638677,12.509132799656811,-17.0,4,6,1,3
1998-05-14 05:30:00,1,-19.0,-14.33525701522705,12.509132799656811,-16.0,4,6,1,3
2003-11-11 04:30:00,21,-42.0,-36.35988609605468,12.509132799656811,-17.0,4,6,1,3
2003-11-11 05:30:00,21,-46.0,-31.61331536613692,12.509132799656811,-21.0,4,6,1,3
2003-11-11 06:30:00,21,-43.0,-32.19088043728754,12.509132799656811,-19.0,4,6,1,3
2003-11-11 07:30:00,21,-39.0,-42.75968691376067,12.509132799656811,-42.0,4,6,1,3
2003-11-11 08:30:00,21,-37.0,-41.006025019559424,12.509132799656811,-46.0,4,6,1,3
2003-11-11 09:30:00,21,-47.0,-40.31758550942963,12.509132799656811,-43.0,4,6,1,3
2003-11-11 10:30:00,21,-50.0,-40.73931876131251,12.509132799656811,-39.0,4,6,1,3
2003-11-11 11:30:00,21,-38.0,-46.53977381312741,12.509132799656811,-37.0,4,6,1,3
2003-11-11 12:30:00,21,-55.0,-45.579790524636735,12.509132799656811,-47.0,4,6,1,3
2003-11-11 13:30:00,21,-62.0,-50.85428441059657,12.509132799656811,-50.0,4,6,1,3
2003-11-11 14:30:00,21,-59.0,-37.45268279975062,12.509132799656811,-38.0,4,6,1,3
2003-11-11 15:30:00,21,-54.0,-57.760413660574926,12.509132799656811,-55.0,4,6,1,3
2003-11-11 16:30:00,21,-52.0,-52.39839853720863,12.509132799656811,-62.0,4,6,1,3
2003-11-11 17:30:00,21,-51.0,-55.8695973223617,12.509132799656811,-59.0,4,6,1,3
2003-11-11 18:30:00,21,-51.0,-51.13550664149679,12.509132799656811,-54.0,4,6,1,3
2003-11-11 19:30:00,21,-52.0,-50.32577197325887,12.509132799656811,-52.0,4,6,1,3
2003-11-11 20:30:00,21,-49.0,-55.26115945277181,12.509132799656811,-51.0,4,6,1,3
2003-11-11 21:30:00,21,-48.0,-47.646302226575514,12.509132799656811,-51.0,4,6,1,3
2003-11-11 22:30:00,21,-54.0,-48.72852815830362,12.509132799656811,-52.0,4,6,1,3
2003-11-11 23:30:00,21,-46.0,-48.51492428990878,12.509132799656811,-49.0,4,6,1,3
2003-11-12 00:30:00,21,-47.0,-47.73927974989467,12.509132799656811,-48.0,4,6,1,3
2003-11-12 01:30:00,21,-38.0,-47.8702408487337,12.509132799656811,-54.0,4,6,1,3
2003-11-12 02:30:00,21,-39.0,-45.350180640948274,12.509132799656811,-46.0,4,6,1,3
2003-11-12 03:30:00,21,-35.0,-44.40071523359888,12.509132799656811,-47.0,4,6,1,3
2003-11-12 04:30:00,21,-35.0,-42.07487582807563,12.509132799656811,-38.0,4,6,1,3
2003-11-12 05:30:00,21,-32.0,-38.03556871293319,12.509132799656811,-39.0,4,6,1,3
2003-11-12 06:30:00,21,-33.0,-36.6234211795831,12.509132799656811,-35.0,4,6,1,3
2003-11-12 07:30:00,21,-34.0,-37.202782743818304,12.509132799656811,-35.0,4,6,1,3
2003-11-12 08:30:00,21,-39.0,-35.30041914386113,12.509132799656811,-32.0,4,6,1,3
2003-11-12 09:30:00,21,-29.0,-34.918629840391695,12.509132799656811,-33.0,4,6,1,3
2003-11-12 10:30:00,21,-29.0,-39.42346267435989,12.509132799656811,-34.0,4,6,1,3
2003-11-12 11:30:00,21,-30.0,-38.03776567274983,12.509132799656811,-39.0,4,6,1,3
2003-11-12 12:30:00,21,-30.0,-31.026070527285285,12.509132799656811,-29.0,4,6,1,3
2003-11-12 13:30:00,21,-28.0,-28.70463449634144,12.509132799656811,-29.0,4,6,1,3
2003-11-12 14:30:00,21,-26.0,-32.2008819219718,12.509132799656811,-30.0,4,6,1,3
2003-11-12 15:30:00,21,-28.0,-30.570000110051918,12.509132799656811,-30.0,4,6,1,3
2003-11-12 16:30:00,21,-36.0,-26.608817295466284,12.509132799656811,-28.0,4,6,1,3
2003-11-12 17:30:00,21,-29.0,-26.649362948121517,12.509132799656811,-26.0,4,6,1,3
2003-11-12 18:30:00,21,-33.0,-29.192187396088222,12.509132799656811,-28.0,4,6,1,3
2003-11-12 19:30:00,21,-35.0,-37.26367145954393,12.509132799656811,-36.0,4,6,1,3
2003-11-12 20:30:00,21,-31.0,-28.510613598654867,12.509132799656811,-29.0,4,6,1,3
2003-11-12 21:30:00,21,-30.0,-38.58081000686065,12.509132799656811,-33.0,4,6,1,3
2003-11-12 22:30:00,21,-27.0,-31.16249658499513,12.509132799656811,-35.0,4,6,1,3
2003-11-12 23:30:00,21,-27.0,-29.253476205324333,12.509132799656811,-31.0,4,6,1,3
2003-11-13 00:30:00,21,-29.0,-30.082666593491588,12.509132799656811,-30.0,4,6,1,3
2003-11-13 01:30:00,21,-29.0,-29.36233064482287,12.509132799656811,-27.0,4,6,1,3
2003-11-13 02:30:00,21,-25.0,-31.392165668731717,12.509132799656811,-27.0,4,6,1,3
2003-11-13 03:30:00,21,-18.0,-31.31523112741291,12.509132799656811,-29.0,4,6,1,3
2003-11-13 04:30:00,21,-23.0,-27.660188823246205,12.509132799656811,-29.0,4,6,1,3
2003-11-13 05:30:00,21,-31.0,-28.2283503284214,12.509132799656811,-25.0,4,6,1,3
2003-11-13 06:30:00,21,-31.0,-20.99815784675922,12.509132799656811,-18.0,4,6,1,3
2003-11-13 07:30:00,21,-26.0,-34.3337207109141,12.509132799656811,-23.0,4,6,1,3
2003-11-13 08:30:00,21,-33.0,-28.297023948224158,12.509132799656811,-31.0,4,6,1,3
2003-11-13 09:30:00,21,-36.0,-28.91203961673695,12.509132799656811,-31.0,4,6,1,3
2003-11-13 10:30:00,21,-25.0,-25.864825924624917,12.509132799656811,-26.0,4,6,1,3
2003-11-13 11:30:00,21,-14.0,-37.037990283702555,12.509132799656811,-33.0,4,6,1,3
2003-11-13 12:30:00,21,-18.0,-32.24035127474275,12.509132799656811,-36.0,4,6,1,3
2003-11-13 13:30:00,21,-31.0,-24.823327635492845,12.509132799656811,-25.0,4,6,1,3
2003-11-13 14:30:00,21,-32.0,-27.7916526692967,12.509132799656811,-14.0,4,6,1,3
2003-11-13 15:30:00,21,-36.0,-27.538886840515303,12.509132799656811,-18.0,4,6,1,3
2003-11-13 16:30:00,21,-44.0,-38.98494653762357,12.509132799656811,-31.0,4,6,1,3
2003-11-13 17:30:00,21,-52.0,-25.771925747030593,12.509132799656811,-32.0,4,6,1,3
2003-11-13 18:30:00,21,-46.0,-31.98698829146809,12.509132799656811,-36.0,4,6,1,3
2003-11-13 19:30:00,21,-59.0,-40.72947310551507,12.509132799656811,-44.0,4,6,1,3
2003-11-13 20:30:00,21,-59.0,-51.178838446402,12.509132799656811,-52.0,4,6,1,3
2003-11-13 21:30:00,21,-55.0,-41.467784684047686,12.509132799656811,-46.0,4,6,1,3
2003-11-13 22:30:00,21,-47.0,-51.57083112964627,12.509132799656811,-59.0,4,6,1,3
2003-11-13 23:30:00,21,-55.0,-58.72070633196497,12.509132799656811,-59.0,4,6,1,3
2003-11-14 00:30:00,21,-51.0,-48.443968686863926,12.509132799656811,-55.0,4,6,1,3
2003-11-14 01:30:00,21,-38.0,-48.114031161122114,12.509132799656811,-47.0,4,6,1,3
2003-11-14 02:30:00,21,-37.0,-51.69381538189247,12.509132799656811,-55.0,4,6,1,3
2003-11-14 03:30:00,21,-35.0,-48.132188070028604,12.509132799656811,-51.0,4,6,1,3
2003-11-14 04:30:00,21,-44.0,-38.485561021592844,12.509132799656811,-38.0,4,6,1,3
2003-11-14 05:30:00,21,-52.0,-39.1831534883079,12.509132799656811,-37.0,4,6,1,3
2003-11-14 06:30:00,21,-55.0,-43.637101366108986,12.509132799656811,-35.0,4,6,1,3
2003-11-14 07:30:00,21,-42.0,-39.858490860137,12.509132799656811,-44.0,4,6,1,3
2003-11-14 08:30:00,21,-35.0,-54.9661719577241,12.509132799656811,-52.0,4,6,1,3
2003-11-14 09:30:00,21,-39.0,-50.69106673218733,12.509132799656811,-55.0,4,6,1,3
2003-11-14 10:30:00,21,-38.0,-38.96319817097904,12.509132799656811,-42.0,4,6,1,3
2003-11-14 11:30:00,21,-28.0,-38.991926420571936,12.509132799656811,-35.0,4,6,1,3
2003-11-14 12:30:00,21,-35.0,-43.045549888151356,12.509132799656811,-39.0,4,6,1,3
2003-11-14 13:30:00,21,-39.0,-36.093815949522735,12.509132799656811,-38.0,4,6,1,3
2003-11-14 14:30:00,21,-32.0,-36.044961602992,12.509132799656811,-28.0,4,6,1,3
2003-11-14 15:30:00,21,-27.0,-40.44422150358176,12.509132799656811,-35.0,4,6,1,3
2003-11-14 16:30:00,21,-25.0,-33.0711053546045,12.509132799656811,-39.0,4,6,1,3
2003-11-14 17:30:00,21,-25.0,-30.48596895629928,12.509132799656811,-32.0,4,6,1,3
2003-11-14 18:30:00,21,-30.0,-28.72782769250038,12.509132799656811,-27.0,4,6,1,3
2003-11-14 19:30:00,21,-41.0,-31.53155915773414,12.509132799656811,-25.0,4,6,1,3
2003-11-14 20:30:00,21,-37.0,-30.879208270638053,12.509132799656811,-25.0,4,6,1,3
2003-11-14 21:30:00,21,-35.0,-38.54162131670154,12.509132799656811,-30.0,4,6,1,3
2003-11-14 22:30:00,21,-28.0,-41.8822861106579,12.509132799656811,-41.0,4,6,1,3
2003-11-14 23:30:00,21,-28.0,-32.47805999515623,12.509132799656811,-37.0,4,6,1,3
2003-11-15 00:30:00,21,-26.0,-35.35355139143787,12.509132799656811,-35.0,4,6,1,3
2003-11-15 01:30:00,21,-18.0,-29.261045280706046,12.509132799656811,-28.0,4,6,1,3
2003-11-15 02:30:00,21,-19.0,-26.394628215668057,12.509132799656811,-28.0,4,6,1,3
2003-11-15 03:30:00,21,-19.0,-26.88554693406221,12.509132799656811,-26.0,4,6,1,3
2003-11-15 04:30:00,21,-25.0,-21.869383503683103,12.509132799656811,-18.0,4,6,1,3
2003-11-15 05:30:00,21,-26.0,-22.164887395187844,12.509132799656811,-19.0,4,6,1,3
2003-11-15 06:30:00,21,-17.0,-19.43625989061931,12.509132799656811,-19.0,4,6,1,3
2003-11-15 07:30:00,21,-37.0,-28.033044695496468,12.509132799656811,-25.0,4,6,1,3
2003-11-15 08:30:00,21,-34.0,-21.753526432493608,12.509132799656811,-26.0,4,6,1,3
2003-11-15 09:30:00,21,-46.0,-29.540749743935894,12.509132799656811,-17.0,4,6,1,3
2003-11-15 10:30:00,21,-39.0,-47.236488178378096,12.509132799656811,-37.0,4,6,1,3
2003-11-15 11:30:00,21,-37.0,-38.4027351246591,12.509132799656811,-34.0,4,6,1,3
2003-11-15 12:30:00,21,-50.0,-46.547419665515406,12.509132799656811,-46.0,4,6,1,3
2003-11-15 13:30:00,21,-48.0,-34.448405653141116,12.509132799656811,-39.0,4,6,1,3
2003-11-15 14:30:00,21,-46.0,-39.964605782307885,12.509132799656811,-37.0,4,6,1,3
2003-11-15 15:30:00,21,-43.0,-41.748135638106305,12.509132799656811,-50.0,4,6,1,3
2003-11-15 16:30:00,21,-49.0,-46.684786810270694,12.509132799656811,-48.0,4,6,1,3
2003-11-15 17:30:00,21,-43.0,-41.46290280388564,12.509132799656811,-46.0,4,6,1,3
2003-11-15 18:30:00,21,-43.0,-45.309469491190626,12.509132799656811,-43.0,4,6,1,3
2003-11-15 19:30:00,21,-44.0,-47.66527695277849,12.509132799656811,-49.0,4,6,1,3
2003-11-15 20:30:00,21,-40.0,-42.99712350234079,12.509132799656811,-43.0,4,6,1,3
2003-11-15 21:30:00,21,-40.0,-40.33228517817943,12.509132799656811,-43.0,4,6,1,3
2003-11-15 22:30:00,21,-42.0,-43.53208975795422,12.509132799656811,-44.0,4,6,1,3
2003-11-15 23:30:00,21,-34.0,-39.478144395667,12.509132799656811,-40.0,4,6,1,3
2003-11-16 00:30:00,21,-31.0,-42.023737792147095,12.509132799656811,-40.0,4,6,1,3
2003-11-16 01:30:00,21,-31.0,-45.029746402427776,12.509132799656811,-42.0,4,6,1,3
2003-11-16 02:30:00,21,-29.0,-36.71840002353253,12.509132799656811,-34.0,4,6,1,3
2003-11-16 03:30:00,21,-25.0,-32.31922706579339,12.509132799656811,-31.0,4,6,1,3
2003-11-16 04:30:00,21,-32.0,-33.73793540759926,12.509132799656811,-31.0,4,6,1,3
2003-11-16 05:30:00,21,-33.0,-36.25338814193026,12.509132799656811,-29.0,4,6,1,3
2003-11-16 06:30:00,21,-32.0,-28.769566516705,12.509132799656811,-25.0,4,6,1,3
2003-11-16 07:30:00,21,-37.0,-27.680676625191396,12.509132799656811,-32.0,4,6,1,3
2003-11-16 08:30:00,21,-48.0,-31.868564735574346,12.509132799656811,-33.0,4,6,1,3
2003-11-16 09:30:00,21,-49.0,-32.43805547821561,12.509132799656811,-32.0,4,6,1,3
2003-11-16 10:30:00,21,-34.0,-40.43456068131793,12.509132799656811,-37.0,4,6,1,3
2003-11-16 11:30:00,21,-29.0,-46.33129637387758,12.509132799656811,-48.0,4,6,1,3
2003-11-16 12:30:00,21,-31.0,-44.475435753544105,12.509132799656811,-49.0,4,6,1,3
2003-11-16 13:30:00,21,-29.0,-36.55034482500932,12.509132799656811,-34.0,4,6,1,3
2003-11-16 14:30:00,21,-38.0,-34.80258878874642,12.509132799656811,-29.0,4,6,1,3
2003-11-16 15:30:00,21,-32.0,-35.973266381453335,12.509132799656811,-31.0,4,6,1,3
2003-11-16 16:30:00,21,-28.0,-38.79298752909444,12.509132799656811,-29.0,4,6,1,3
2003-11-16 17:30:00,21,-35.0,-42.1663985693055,12.509132799656811,-38.0,4,6,1,3
2003-11-16 18:30:00,21,-40.0,-31.984390740512232,12.509132799656811,-32.0,4,6,1,3
2003-11-16 19:30:00,21,-36.0,-32.115371815590855,12.509132799656811,-28.0,4,6,1,3
2003-11-16 20:30:00,21,-33.0,-39.714413973751725,12.509132799656811,-35.0,4,6,1,3
2003-11-16 21:30:00,21,-36.0,-36.48073879111922,12.509132799656811,-40.0,4,6,1,3
2003-11-16 22:30:00,21,-37.0,-34.48736458099997,12.509132799656811,-36.0,4,6,1,3
2003-11-16 23:30:00,21,-32.0,-42.01417990794354,12.509132799656811,-33.0,4,6,1,3
2003-11-17 00:30:00,21,-27.0,-36.58259912970527,12.509132799656811,-36.0,4,6,1,3
2003-11-17 01:30:00,21,-33.0,-36.47941595173701,12.509132799656811,-37.0,4,6,1,3
2003-11-17 02:30:00,21,-31.0,-34.717724035757115,12.509132799656811,-32.0,4,6,1,3
2003-11-17 03:30:00,21,-35.0,-33.94632242059726,12.509132799656811,-27.0,4,6,1,3
2003-11-17 04:30:00,21,-42.0,-32.877031566091375,12.509132799656811,-33.0,4,6,1,3
2003-11-17 05:30:00,21,-44.0,-34.826545773938165,12.509132799656811,-31.0,4,6,1,3
2003-11-17 06:30:00,21,-48.0,-36.926403151499144,12.509132799656811,-35.0,4,6,1,3
2003-11-17 07:30:00,21,-43.0,-47.164648786683216,12.509132799656811,-42.0,4,6,1,3
2003-11-17 08:30:00,21,-41.0,-44.996581010590674,12.509132799656811,-44.0,4,6,1,3
2003-11-17 09:30:00,21,-39.0,-47.374593519830775,12.509132799656811,-48.0,4,6,1,3
2003-11-17 10:30:00,21,-34.0,-42.221130906564895,12.509132799656811,-43.0,4,6,1,3
2003-11-17 11:30:00,21,-25.0,-40.83722593715318,12.509132799656811,-41.0,4,6,1,3
2003-11-17 12:30:00,21,-25.0,-41.149298875330906,12.509132799656811,-39.0,4,6,1,3
2003-11-17 13:30:00,21,-26.0,-38.23267348703853,12.509132799656811,-34.0,4,6,1,3
2003-11-17 14:30:00,21,-36.0,-30.530184549854518,12.509132799656811,-25.0,4,6,1,3
2003-11-17 15:30:00,21,-42.0,-32.28731704909873,12.509132799656811,-25.0,4,6,1,3
2003-11-17 16:30:00,21,-41.0,-34.04519983030983,12.509132799656811,-26.0,4,6,1,3
2003-11-17 17:30:00,21,-40.0,-43.500225594193864,12.509132799656811,-36.0,4,6,1,3
2003-11-17 18:30:00,21,-32.0,-38.013625275820864,12.509132799656811,-42.0,4,6,1,3
2003-11-17 19:30:00,21,-25.0,-38.388365881395565,12.509132799656811,-41.0,4,6,1,3
2003-11-17 20:30:00,21,-29.0,-40.57309768016145,12.509132799656811,-40.0,4,6,1,3
2003-11-17 21:30:00,21,-29.0,-33.91624374877175,12.509132799656811,-32.0,4,6,1,3
2003-11-17 22:30:00,21,-36.0,-30.55888066684849,12.509132799656811,-25.0,4,6,1,3
2003-11-17 23:30:00,21,-36.0,-34.387145848551825,12.509132799656811,-29.0,4,6,1,3
2003-11-18 00:30:00,21,-27.0,-33.92970076745701,12.509132799656811,-29.0,4,6,1,3
2003-11-18 01:30:00,21,-22.0,-32.69062467255315,12.509132799656811,-36.0,4,6,1,3
2003-11-18 02:30:00,21,-21.0,-35.39666850508479,12.509132799656811,-36.0,4,6,1,3
2003-11-18 03:30:00,21,-29.0,-28.736711076485832,12.509132799656811,-27.0,4,6,1,3
2003-11-18 04:30:00,21,-31.0,-26.108068561035225,12.509132799656811,-22.0,4,6,1,3
2003-11-18 05:30:00,21,-30.0,-24.566616606025978,12.509132799656811,-21.0,4,6,1,3
2003-11-18 06:30:00,21,-30.0,-32.28344976285666,12.509132799656811,-29.0,4,6,1,3
2003-11-18 07:30:00,21,-27.0,-28.42552448619167,12.509132799656811,-31.0,4,6,1,3
2003-11-18 08:30:00,21,-28.0,-27.919247238590152,12.509132799656811,-30.0,4,6,1,3
2003-11-18 09:30:00,21,-26.0,-27.67326480049291,12.509132799656811,-30.0,4,6,1,3
2003-11-18 10:30:00,21,-20.0,-27.75869059434659,12.509132799656811,-27.0,4,6,1,3
2003-11-18 11:30:00,21,-23.0,-28.383881775424534,12.509132799656811,-28.0,4,6,1,3
2003-11-18 12:30:00,21,-27.0,-25.476669816820202,12.509132799656811,-26.0,4,6,1,3
2003-11-18 13:30:00,21,-28.0,-23.758839467088826,12.509132799656811,-20.0,4,6,1,3
2003-11-18 14:30:00,21,-31.0,-27.671190683886316,12.509132799656811,-23.0,4,6,1,3
2003-11-18 15:30:00,21,-27.0,-30.635781085053395,12.509132799656811,-27.0,4,6,1,3
2003-11-18 16:30:00,21,-26.0,-27.293671888121544,12.509132799656811,-28.0,4,6,1,3
2003-11-18 17:30:00,21,-29.0,-28.071503435377394,12.509132799656811,-31.0,4,6,1,3
2003-11-18 18:30:00,21,-22.0,-24.38439064701842,12.509132799656811,-27.0,4,6,1,3
2003-11-18 19:30:00,21,-22.0,-26.976258682618372,12.509132799656811,-26.0,4,6,1,3
2003-11-18 20:30:00,21,-20.0,-30.662868297226957,12.509132799656811,-29.0,4,6,1,3
2003-11-18 21:30:00,21,-16.0,-21.90040823884151,12.509132799656811,-22.0,4,6,1,3
2003-11-18 22:30:00,21,-15.0,-23.724068582742703,12.509132799656811,-22.0,4,6,1,3
2003-11-18 23:30:00,21,-17.0,-23.03162301904098,12.509132799656811,-20.0,4,6,1,3
2003-11-19 00:30:00,21,-15.0,-19.37883182736177,12.509132799656811,-16.0,4,6,1,3
2003-11-19 01:30:00,21,-18.0,-19.92856542923424,12.509132799656811,-15.0,4,6,1,3
2003-11-19 02:30:00,21,-18.0,-20.164701927174754,12.509132799656811,-17.0,4,6,1,3
2003-11-19 03:30:00,21,-18.0,-15.091086262999095,12.509132799656811,-15.0,4,6,1,3
2003-11-19 04:30:00,21,-22.0,-17.99015417175249,12.509132799656811,-18.0,4,6,1,3
2003-11-19 05:30:00,21,-27.0,-16.845181520746873,12.509132799656811,-18.0,4,6,1,3
2003-11-19 06:30:00,21,-26.0,-16.27088155174025,12.509132799656811,-18.0,4,6,1,3
2003-11-19 07:30:00,21,-26.0,-21.824395590316584,12.509132799656811,-22.0,4,6,1,3
2003-11-19 08:30:00,21,-25.0,-24.69525562696407,12.509132799656811,-27.0,4,6,1,3
2003-11-19 09:30:00,21,-21.0,-25.300650852231158,12.509132799656811,-26.0,4,6,1,3
2003-11-19 10:30:00,21,-17.0,-23.055663890221066,12.509132799656811,-26.0,4,6,1,3
2003-11-19 11:30:00,21,-16.0,-22.26811891423413,12.509132799656811,-25.0,4,6,1,3
2003-11-19 12:30:00,21,-17.0,-19.68057114921327,12.509132799656811,-21.0,4,6,1,3
2003-11-19 13:30:00,21,-21.0,-21.48890168419463,12.509132799656811,-17.0,4,6,1,3
2003-11-19 14:30:00,21,-18.0,-18.01676223853503,12.509132799656811,-16.0,4,6,1,3
2003-11-19 15:30:00,21,-17.0,-20.51220261964119,12.509132799656811,-17.0,4,6,1,3
2003-11-19 16:30:00,21,-14.0,-20.44970841140654,12.509132799656811,-21.0,4,6,1,3
2003-11-19 17:30:00,21,-16.0,-16.45240400588289,12.509132799656811,-18.0,4,6,1,3
2003-11-19 18:30:00,21,-11.0,-16.454363810057913,12.509132799656811,-17.0,4,6,1,3
2003-11-19 19:30:00,21,-6.0,-15.283754463578791,12.509132799656811,-14.0,4,6,1,3
2003-11-19 20:30:00,21,-6.0,-15.506607970714942,12.509132799656811,-16.0,4,6,1,3
2003-11-19 21:30:00,21,-3.0,-11.01213662028266,12.509132799656811,-11.0,4,6,1,3
2003-11-19 22:30:00,21,-2.0,-9.663525187578308,12.509132799656811,-6.0,4,6,1,3
2003-11-19 23:30:00,21,-4.0,-7.856078441246979,12.509132799656811,-6.0,4,6,1,3
2003-11-20 00:30:00,21,-4.0,-5.229053645754544,12.509132799656811,-3.0,4,6,1,3
2003-11-20 01:30:00,21,-6.0,-3.971996802519701,12.509132799656811,-2.0,4,6,1,3
2003-11-20 02:30:00,21,-5.0,-4.833325618975287,12.509132799656811,-4.0,4,6,1,3
2003-11-20 03:30:00,21,-7.0,-4.80321765814368,12.509132799656811,-4.0,4,6,1,3
2003-11-20 04:30:00,21,-15.0,-4.913683277336887,12.509132799656811,-6.0,4,6,1,3
2003-11-20 05:30:00,21,-26.0,-6.967599000497827,12.509132799656811,-5.0,4,6,1,3
2003-11-20 06:30:00,21,-32.0,-10.755765115799104,12.509132799656811,-7.0,4,6,1,3
2003-11-20 07:30:00,21,-34.0,-23.66821757606593,12.509132799656811,-15.0,4,6,1,3
2003-11-20 08:30:00,21,-17.0,-32.002945254785494,12.509132799656811,-26.0,4,6,1,3
2003-11-20 09:30:00,21,-38.0,-37.75853566298284,12.509132799656811,-32.0,4,6,1,3
2003-11-20 10:30:00,21,-68.0,-36.0765243459129,12.509132799656811,-34.0,4,6,1,3
2003-11-20 11:30:00,21,-58.0,-22.40045744943761,12.509132799656811,-17.0,4,6,1,3
2003-11-20 12:30:00,21,-49.0,-59.40468595110796,12.509132799656811,-38.0,4,6,1,3
2003-11-20 13:30:00,21,-102.0,-53.63953808524598,12.509132799656811,-68.0,4,6,1,3
2003-11-20 14:30:00,21,-162.0,-57.13361528083226,12.509132799656811,-58.0,4,6,1,3
2003-11-20 15:30:00,21,-171.0,-112.28135822935661,12.509132799656811,-49.0,4,6,1,3
2003-11-20 16:30:00,21,-229.0,-151.58135798601816,12.509132799656811,-102.0,4,6,1,3
2003-11-20 17:30:00,21,-329.0,-261.93243271048516,12.509132799656811,-162.0,4,6,1,3
2003-11-20 18:30:00,21,-396.0,-287.80284876546517,12.509132799656811,-171.0,4,6,1,3
2003-11-20 19:30:00,21,-413.0,-342.30110146350296,12.509132799656811,-229.0,4,6,1,3
2003-11-20 20:30:00,21,-422.0,-384.2934968023934,12.509132799656811,-329.0,4,6,1,3
2003-11-20 21:30:00,21,-422.0,-386.73656616572214,12.509132799656811,-396.0,4,6,1,3
2003-11-20 22:30:00,21,-405.0,-333.8894536036084,12.509132799656811,-413.0,4,6,1,3
2003-11-20 23:30:00,21,-343.0,-308.57412506707186,12.509132799656811,-422.0,4,6,1,3
2003-11-21 00:30:00,21,-309.0,-290.8857401636752,12.509132799656811,-422.0,4,6,1,3
2003-11-21 01:30:00,21,-256.0,-275.5909233597088,12.509132799656811,-405.0,4,6,1,3
2003-11-21 02:30:00,21,-230.0,-252.22448870124435,12.509132799656811,-343.0,4,6,1,3
2003-11-21 03:30:00,21,-194.0,-229.47998646648028,12.509132799656811,-309.0,4,6,1,3
2003-11-21 04:30:00,21,-191.0,-192.78579147821353,12.509132799656811,-256.0,4,6,1,3
2003-11-21 05:30:00,21,-185.0,-170.5140627116677,12.509132799656811,-230.0,4,6,1,3
2003-11-21 06:30:00,21,-156.0,-154.79591910639925,12.509132799656811,-194.0,4,6,1,3
2003-11-21 07:30:00,21,-162.0,-155.8978499989678,12.509132799656811,-191.0,4,6,1,3
2003-11-21 08:30:00,21,-162.0,-159.49249711071613,12.509132799656811,-185.0,4,6,1,3
2003-11-21 09:30:00,21,-141.0,-157.49277344217782,12.509132799656811,-156.0,4,6,1,3
2003-11-21 10:30:00,21,-130.0,-160.84946870632615,12.509132799656811,-162.0,4,6,1,3
2003-11-21 11:30:00,21,-122.0,-141.24134471337416,12.509132799656811,-162.0,4,6,1,3
2003-11-21 12:30:00,21,-118.0,-122.39947116717944,12.509132799656811,-141.0,4,6,1,3
2003-11-21 13:30:00,21,-117.0,-111.8397050410157,12.509132799656811,-130.0,4,6,1,3
2003-11-21 14:30:00,21,-110.0,-106.38090311738182,12.509132799656811,-122.0,4,6,1,3
2003-11-21 15:30:00,21,-104.0,-102.7248435001095,12.509132799656811,-118.0,4,6,1,3
2003-11-21 16:30:00,21,-105.0,-98.19692467343187,12.509132799656811,-117.0,4,6,1,3
2003-11-21 17:30:00,21,-104.0,-96.21643279188793,12.509132799656811,-110.0,4,6,1,3
2003-11-21 18:30:00,21,-92.0,-97.17508755381074,12.509132799656811,-104.0,4,6,1,3
2003-11-21 19:30:00,21,-86.0,-93.23030999495138,12.509132799656811,-105.0,4,6,1,3
2003-11-21 20:30:00,21,-83.0,-91.47710990022493,12.509132799656811,-104.0,4,6,1,3
2003-11-21 21:30:00,21,-76.0,-81.82554182489636,12.509132799656811,-92.0,4,6,1,3
2003-11-21 22:30:00,21,-69.0,-82.23228479284272,12.509132799656811,-86.0,4,6,1,3
2003-11-21 23:30:00,21,-63.0,-71.37980604589131,12.509132799656811,-83.0,4,6,1,3
2003-11-22 00:30:00,21,-60.0,-60.24924439451854,12.509132799656811,-76.0,4,6,1,3
2003-11-22 01:30:00,21,-71.0,-50.26725879497929,12.509132799656811,-69.0,4,6,1,3
2003-11-22 02:30:00,21,-79.0,-45.22119527040409,12.509132799656811,-63.0,4,6,1,3
2003-11-22 03:30:00,21,-74.0,-44.3087978016849,12.509132799656811,-60.0,4,6,1,3
2003-11-22 04:30:00,21,-68.0,-72.36326603674559,12.509132799656811,-71.0,4,6,1,3
2003-11-22 05:30:00,21,-70.0,-61.31971377607077,12.509132799656811,-79.0,4,6,1,3
2003-11-22 06:30:00,21,-74.0,-63.86629446797973,12.509132799656811,-74.0,4,6,1,3
2003-11-22 07:30:00,21,-69.0,-62.37494604982926,12.509132799656811,-68.0,4,6,1,3
2003-11-22 08:30:00,21,-65.0,-64.11177614938047,12.509132799656811,-70.0,4,6,1,3
2003-11-22 09:30:00,21,-59.0,-62.73651001497125,12.509132799656811,-74.0,4,6,1,3
2003-11-22 10:30:00,21,-50.0,-63.123502524591956,12.509132799656811,-69.0,4,6,1,3
2003-11-22 11:30:00,21,-44.0,-56.63577724801692,12.509132799656811,-65.0,4,6,1,3
2003-11-22 12:30:00,21,-42.0,-54.7555436248614,12.509132799656811,-59.0,4,6,1,3
2003-11-22 13:30:00,21,-40.0,-49.92553855800762,12.509132799656811,-50.0,4,6,1,3
2003-11-22 14:30:00,21,-43.0,-53.72335355248284,12.509132799656811,-44.0,4,6,1,3
2003-11-22 15:30:00,21,-54.0,-39.51606825573754,12.509132799656811,-42.0,4,6,1,3
2003-11-22 16:30:00,21,-63.0,-40.939288170829805,12.509132799656811,-40.0,4,6,1,3
2003-11-22 17:30:00,21,-64.0,-46.09425106367018,12.509132799656811,-43.0,4,6,1,3
2003-11-22 18:30:00,21,-72.0,-52.66912449827303,12.509132799656811,-54.0,4,6,1,3
2003-11-22 19:30:00,21,-85.0,-63.44695324638127,12.509132799656811,-63.0,4,6,1,3
2003-11-22 20:30:00,21,-86.0,-69.41844358200004,12.509132799656811,-64.0,4,6,1,3
2003-11-22 21:30:00,21,-83.0,-71.67365155406048,12.509132799656811,-72.0,4,6,1,3
2003-11-22 22:30:00,21,-87.0,-72.91471375637299,12.509132799656811,-85.0,4,6,1,3
2003-11-22 23:30:00,21,-86.0,-81.08656257076842,12.509132799656811,-86.0,4,6,1,3
2003-11-23 00:30:00,21,-79.0,-74.65976525149999,12.509132799656811,-83.0,4,6,1,3
2003-11-23 01:30:00,21,-69.0,-79.79995738576993,12.509132799656811,-87.0,4,6,1,3
2003-11-23 02:30:00,21,-65.0,-74.55688633796402,12.509132799656811,-86.0,4,6,1,3
2003-11-23 03:30:00,21,-73.0,-70.89707772791114,12.509132799656811,-79.0,4,6,1,3
2003-11-23 04:30:00,21,-74.0,-66.93331634335176,12.509132799656811,-69.0,4,6,1,3
2003-11-23 05:30:00,21,-74.0,-66.35792329726318,12.509132799656811,-65.0,4,6,1,3
2003-11-23 06:30:00,21,-66.0,-64.05227908798344,12.509132799656811,-73.0,4,6,1,3
2003-11-23 07:30:00,21,-70.0,-74.86416725351296,12.509132799656811,-74.0,4,6,1,3
2003-11-23 08:30:00,21,-71.0,-64.48405249741299,12.509132799656811,-74.0,4,6,1,3
2003-11-23 09:30:00,21,-66.0,-62.65338155976093,12.509132799656811,-66.0,4,6,1,3
2003-11-23 10:30:00,21,-59.0,-60.82289033717541,12.509132799656811,-70.0,4,6,1,3
2003-11-23 11:30:00,21,-51.0,-62.227743486210684,12.509132799656811,-71.0,4,6,1,3
2003-11-23 12:30:00,21,-46.0,-60.04700807280112,12.509132799656811,-66.0,4,6,1,3
2003-11-23 13:30:00,21,-49.0,-52.847613407589904,12.509132799656811,-59.0,4,6,1,3
2003-11-23 14:30:00,21,-41.0,-48.72517158133293,12.509132799656811,-51.0,4,6,1,3
2003-11-23 15:30:00,21,-38.0,-49.14962330795656,12.509132799656811,-46.0,4,6,1,3
2003-11-23 16:30:00,21,-35.0,-46.94209897526078,12.509132799656811,-49.0,4,6,1,3
2003-11-23 17:30:00,21,-33.0,-40.737017157279915,12.509132799656811,-41.0,4,6,1,3
2003-11-23 18:30:00,21,-35.0,-37.24605369583706,12.509132799656811,-38.0,4,6,1,3
2003-11-23 19:30:00,21,-38.0,-34.511766019750276,12.509132799656811,-35.0,4,6,1,3
2003-11-23 20:30:00,21,-46.0,-33.667232173417624,12.509132799656811,-33.0,4,6,1,3
2003-11-23 21:30:00,21,-47.0,-36.38262346428377,12.509132799656811,-35.0,4,6,1,3
2003-11-23 22:30:00,21,-41.0,-38.085473767012786,12.509132799656811,-38.0,4,6,1,3
2003-11-23 23:30:00,21,-36.0,-45.29031391248397,12.509132799656811,-46.0,4,6,1,3
2003-11-24 00:30:00,21,-32.0,-40.40239907774808,12.509132799656811,-47.0,4,6,1,3
2003-11-24 01:30:00,21,-33.0,-37.85988074254899,12.509132799656811,-41.0,4,6,1,3
2003-11-24 02:30:00,21,-30.0,-34.574840889639795,12.509132799656811,-36.0,4,6,1,3
2003-11-24 03:30:00,21,-29.0,-33.73522262004417,12.509132799656811,-32.0,4,6,1,3
2003-11-24 04:30:00,21,-29.0,-32.8629596204577,12.509132799656811,-33.0,4,6,1,3
2003-11-24 05:30:00,21,-30.0,-27.63371383660788,12.509132799656811,-30.0,4,6,1,3
2003-11-24 06:30:00,21,-30.0,-26.14537593018129,12.509132799656811,-29.0,4,6,1,3
2003-11-24 07:30:00,21,-29.0,-26.451330594036648,12.509132799656811,-29.0,4,6,1,3
2003-11-24 08:30:00,21,-27.0,-25.88450813672277,12.509132799656811,-30.0,4,6,1,3
2003-11-24 09:30:00,21,-29.0,-26.933640619512246,12.509132799656811,-30.0,4,6,1,3
2003-11-24 10:30:00,21,-28.0,-27.688967688791386,12.509132799656811,-29.0,4,6,1,3
2003-11-24 11:30:00,21,-28.0,-25.054313249390066,12.509132799656811,-27.0,4,6,1,3
2003-11-24 12:30:00,21,-26.0,-25.962381632392407,12.509132799656811,-29.0,4,6,1,3
2003-11-24 13:30:00,21,-27.0,-23.08275934881382,12.509132799656811,-28.0,4,6,1,3
2003-11-24 14:30:00,21,-27.0,-25.088583092680416,12.509132799656811,-28.0,4,6,1,3
2003-11-24 15:30:00,21,-26.0,-23.44503250600638,12.509132799656811,-26.0,4,6,1,3
2003-11-24 16:30:00,21,-23.0,-31.414075622538533,12.509132799656811,-27.0,4,6,1,3
2003-11-24 17:30:00,21,-27.0,-26.754282708228033,12.509132799656811,-27.0,4,6,1,3
2003-11-24 18:30:00,21,-28.0,-22.032015401970387,12.509132799656811,-26.0,4,6,1,3
2003-11-24 19:30:00,21,-26.0,-26.74524918254142,12.509132799656811,-23.0,4,6,1,3
2003-11-24 20:30:00,21,-31.0,-24.20616960414566,12.509132799656811,-27.0,4,6,1,3
2003-11-24 21:30:00,21,-32.0,-26.749106231849318,12.509132799656811,-28.0,4,6,1,3
2003-11-24 22:30:00,21,-33.0,-25.12759491136582,12.509132799656811,-26.0,4,6,1,3
2003-11-24 23:30:00,21,-28.0,-30.585891528554697,12.509132799656811,-31.0,4,6,1,3
2003-11-25 00:30:00,21,-27.0,-26.863267952996523,12.509132799656811,-32.0,4,6,1,3
2003-11-25 01:30:00,21,-27.0,-28.298863752781966,12.509132799656811,-33.0,4,6,1,3
2003-11-25 02:30:00,21,-27.0,-29.133439621400576,12.509132799656811,-28.0,4,6,1,3
2003-11-25 03:30:00,21,-25.0,-27.048901958004897,12.509132799656811,-27.0,4,6,1,3
2003-11-25 04:30:00,21,-28.0,-28.681205850696585,12.509132799656811,-27.0,4,6,1,3
2003-11-25 05:30:00,21,-35.0,-25.105215835832688,12.509132799656811,-27.0,4,6,1,3
2003-11-25 06:30:00,21,-33.0,-25.501054762732117,12.509132799656811,-25.0,4,6,1,3
2003-11-25 07:30:00,21,-28.0,-28.941143789301318,12.509132799656811,-28.0,4,6,1,3
2003-11-25 08:30:00,21,-26.0,-28.471362065094315,12.509132799656811,-35.0,4,6,1,3
2003-11-25 09:30:00,21,-31.0,-27.099077437762155,12.509132799656811,-33.0,4,6,1,3
2003-11-25 10:30:00,21,-26.0,-27.04114691165243,12.509132799656811,-28.0,4,6,1,3
2003-11-25 11:30:00,21,-23.0,-28.07472693220387,12.509132799656811,-26.0,4,6,1,3
2003-11-25 12:30:00,21,-22.0,-25.467219420425437,12.509132799656811,-31.0,4,6,1,3
2003-11-25 13:30:00,21,-21.0,-24.507088833826423,12.509132799656811,-26.0,4,6,1,3
2003-11-25 14:30:00,21,-20.0,-24.910204514765148,12.509132799656811,-23.0,4,6,1,3
2003-11-25 15:30:00,21,-23.0,-21.061455085607662,12.509132799656811,-22.0,4,6,1,3
2003-11-25 16:30:00,21,-24.0,-21.747450243345043,12.509132799656811,-21.0,4,6,1,3
2003-11-25 17:30:00,21,-25.0,-23.192159189416202,12.509132799656811,-20.0,4,6,1,3
2003-11-25 18:30:00,21,-23.0,-25.772004230192564,12.509132799656811,-23.0,4,6,1,3
2003-11-25 19:30:00,21,-17.0,-19.51019785381908,12.509132799656811,-24.0,4,6,1,3
2003-11-25 20:30:00,21,-14.0,-22.830603755052678,12.509132799656811,-25.0,4,6,1,3
2003-11-25 21:30:00,21,-12.0,-19.982881464504047,12.509132799656811,-23.0,4,6,1,3
2003-11-25 22:30:00,21,-14.0,-18.579116842802193,12.509132799656811,-17.0,4,6,1,3
2003-11-25 23:30:00,21,-19.0,-16.73326566921289,12.509132799656811,-14.0,4,6,1,3
2003-11-26 00:30:00,21,-19.0,-17.109955273309883,12.509132799656811,-12.0,4,6,1,3
2003-11-26 01:30:00,21,-21.0,-21.071597612496042,12.509132799656811,-14.0,4,6,1,3
2003-11-26 02:30:00,21,-23.0,-19.401884265675868,12.509132799656811,-19.0,4,6,1,3
2003-11-26 03:30:00,21,-23.0,-18.71209234279848,12.509132799656811,-19.0,4,6,1,3
2003-11-26 04:30:00,21,-22.0,-21.08672211401391,12.509132799656811,-21.0,4,6,1,3
2003-11-26 05:30:00,21,-21.0,-20.26860225925349,12.509132799656811,-23.0,4,6,1,3
2003-11-26 06:30:00,21,-23.0,-20.17861619558628,12.509132799656811,-23.0,4,6,1,3
2003-11-26 07:30:00,21,-24.0,-20.763707030645392,12.509132799656811,-22.0,4,6,1,3
2003-11-26 08:30:00,21,-20.0,-18.5699968718937,12.509132799656811,-21.0,4,6,1,3
2003-11-26 09:30:00,21,-19.0,-19.770625459108288,12.509132799656811,-23.0,4,6,1,3
2003-11-26 10:30:00,21,-17.0,-22.078842551176148,12.509132799656811,-24.0,4,6,1,3
2003-11-26 11:30:00,21,-12.0,-17.77137496441607,12.509132799656811,-20.0,4,6,1,3
2003-11-26 12:30:00,21,-12.0,-17.06793607085271,12.509132799656811,-19.0,4,6,1,3
2003-11-26 13:30:00,21,-20.0,-17.67201073161185,12.509132799656811,-17.0,4,6,1,3
2003-11-26 14:30:00,21,-20.0,-14.248785632291597,12.509132799656811,-12.0,4,6,1,3
2003-11-26 15:30:00,21,-16.0,-20.517853407303125,12.509132799656811,-12.0,4,6,1,3
2003-11-26 16:30:00,21,-22.0,-18.294652916081418,12.509132799656811,-20.0,4,6,1,3
2003-11-26 17:30:00,21,-22.0,-17.69150640402038,12.509132799656811,-20.0,4,6,1,3
2003-11-26 18:30:00,21,-19.0,-18.24216019253103,12.509132799656811,-16.0,4,6,1,3
2003-11-26 19:30:00,21,-17.0,-18.055937848167154,12.509132799656811,-22.0,4,6,1,3
2003-11-26 20:30:00,21,-13.0,-19.82661352695922,12.509132799656811,-22.0,4,6,1,3
2003-11-26 21:30:00,21,-12.0,-19.92318535160925,12.509132799656811,-19.0,4,6,1,3
2003-11-26 22:30:00,21,-15.0,-16.557887650446617,12.509132799656811,-17.0,4,6,1,3
2003-11-26 23:30:00,21,-15.0,-15.571680748923342,12.509132799656811,-13.0,4,6,1,3
2003-11-27 00:30:00,21,-14.0,-14.781359857620593,12.509132799656811,-12.0,4,6,1,3
2003-11-27 01:30:00,21,-13.0,-18.070574389156242,12.509132799656811,-15.0,4,6,1,3
2003-11-27 02:30:00,21,-16.0,-14.327530404802829,12.509132799656811,-15.0,4,6,1,3
2003-11-27 03:30:00,21,-17.0,-12.547358263412228,12.509132799656811,-14.0,4,6,1,3
2003-11-27 04:30:00,21,-14.0,-13.285890504748071,12.509132799656811,-13.0,4,6,1,3
2003-11-27 05:30:00,21,-14.0,-14.899918341993889,12.509132799656811,-16.0,4,6,1,3
2003-11-27 06:30:00,21,-13.0,-15.17830039238045,12.509132799656811,-17.0,4,6,1,3
2003-11-27 07:30:00,21,-12.0,-13.15518077951478,12.509132799656811,-14.0,4,6,1,3
2003-11-27 08:30:00,21,-10.0,-15.488998169067983,12.509132799656811,-14.0,4,6,1,3
2003-11-27 09:30:00,21,-9.0,-13.289780539732735,12.509132799656811,-13.0,4,6,1,3
2003-11-27 10:30:00,21,-5.0,-10.720886743644193,12.509132799656811,-12.0,4,6,1,3
2003-11-27 11:30:00,21,-4.0,-10.592774924815867,12.509132799656811,-10.0,4,6,1,3
2003-11-27 12:30:00,21,-5.0,-10.907863208825276,12.509132799656811,-9.0,4,6,1,3
2003-11-27 13:30:00,21,-11.0,-7.4882289985244945,12.509132799656811,-5.0,4,6,1,3
2003-11-27 14:30:00,21,-12.0,-6.295576120465601,12.509132799656811,-4.0,4,6,1,3
2003-11-27 15:30:00,21,-10.0,-7.728476194252899,12.509132799656811,-5.0,4,6,1,3
2003-11-27 16:30:00,21,-10.0,-11.131754058624004,12.509132799656811,-11.0,4,6,1,3
2003-11-27 17:30:00,21,-9.0,-9.031164740269855,12.509132799656811,-12.0,4,6,1,3
2003-11-27 18:30:00,21,-7.0,-8.606261451105606,12.509132799656811,-10.0,4,6,1,3
2003-11-27 19:30:00,21,-7.0,-11.003162241326809,12.509132799656811,-10.0,4,6,1,3
2003-11-27 20:30:00,21,-10.0,-7.299509979660222,12.509132799656811,-9.0,4,6,1,3
2003-11-27 21:30:00,21,-7.0,-8.600908671971734,12.509132799656811,-7.0,4,6,1,3
2003-11-27 22:30:00,21,-4.0,-11.85110797251059,12.509132799656811,-7.0,4,6,1,3
2003-11-27 23:30:00,21,-1.0,-8.498612126246325,12.509132799656811,-10.0,4,6,1,3
2003-11-28 00:30:00,21,-1.0,-6.754625272273028,12.509132799656811,-7.0,4,6,1,3
2003-11-28 01:30:00,21,-6.0,-7.036509491582915,12.509132799656811,-4.0,4,6,1,3
2003-11-28 02:30:00,21,-7.0,-2.5361848896795536,12.509132799656811,-1.0,4,6,1,3
2003-11-28 03:30:00,21,-10.0,-2.2431105638845352,12.509132799656811,-1.0,4,6,1,3
2003-11-28 04:30:00,21,-9.0,-15.329729672374171,12.509132799656811,-6.0,4,6,1,3
2003-11-28 05:30:00,21,-7.0,-5.1081327044621965,12.509132799656811,-7.0,4,6,1,3
2003-11-28 06:30:00,21,-7.0,-9.274144059984565,12.509132799656811,-10.0,4,6,1,3
2003-11-28 07:30:00,21,-9.0,-6.088050716093591,12.509132799656811,-9.0,4,6,1,3
2003-11-28 08:30:00,21,-9.0,-6.453900544341501,12.509132799656811,-7.0,4,6,1,3
2003-11-28 09:30:00,21,-7.0,-8.700129587697575,12.509132799656811,-7.0,4,6,1,3
2003-11-28 10:30:00,21,-3.0,-9.831790811970574,12.509132799656811,-9.0,4,6,1,3
2003-11-28 11:30:00,21,-3.0,-7.561559570296836,12.509132799656811,-9.0,4,6,1,3
2003-11-28 12:30:00,21,-7.0,-8.446032957474056,12.509132799656811,-7.0,4,6,1,3
2003-11-28 13:30:00,21,-10.0,-5.961883914757596,12.509132799656811,-3.0,4,6,1,3
2003-11-28 14:30:00,21,-11.0,-9.725975035764886,12.509132799656811,-3.0,4,6,1,3
2003-11-28 15:30:00,21,-8.0,-19.14822441131028,12.509132799656811,-7.0,4,6,1,3
2003-11-28 16:30:00,21,-6.0,-12.572045198882165,12.509132799656811,-10.0,4,6,1,3
2003-11-28 17:30:00,21,-8.0,-7.780513942951281,12.509132799656811,-11.0,4,6,1,3
2003-11-28 18:30:00,21,-10.0,-7.858059856727472,12.509132799656811,-8.0,4,6,1,3
2003-11-28 19:30:00,21,-6.0,-8.666083819521837,12.509132799656811,-6.0,4,6,1,3
2003-11-28 20:30:00,21,-4.0,-6.986748892018834,12.509132799656811,-8.0,4,6,1,3
2003-11-28 21:30:00,21,-4.0,-6.838863866122253,12.509132799656811,-10.0,4,6,1,3
2003-11-28 22:30:00,21,-2.0,-6.498296990400412,12.509132799656811,-6.0,4,6,1,3
2003-11-28 23:30:00,21,-2.0,-4.729768792909816,12.509132799656811,-4.0,4,6,1,3
2003-11-29 00:30:00,21,-1.0,-5.159981638596992,12.509132799656811,-4.0,4,6,1,3
2003-11-29 01:30:00,21,-6.0,-4.172997867513921,12.509132799656811,-2.0,4,6,1,3
2003-11-29 02:30:00,21,-13.0,-3.1091438203098853,12.509132799656811,-2.0,4,6,1,3
2003-11-29 03:30:00,21,-11.0,-4.321604028550933,12.509132799656811,-1.0,4,6,1,3
2003-11-29 04:30:00,21,-9.0,-17.412422554924596,12.509132799656811,-6.0,4,6,1,3
2003-11-29 05:30:00,21,-7.0,-8.94119346328533,12.509132799656811,-13.0,4,6,1,3
2003-11-29 06:30:00,21,-7.0,-7.057859186513376,12.509132799656811,-11.0,4,6,1,3
2003-11-29 07:30:00,21,-9.0,-6.735300215433998,12.509132799656811,-9.0,4,6,1,3
2003-11-29 08:30:00,21,-12.0,-5.54690362711564,12.509132799656811,-7.0,4,6,1,3
2003-11-29 09:30:00,21,-11.0,-8.80343162784592,12.509132799656811,-7.0,4,6,1,3
2003-11-29 10:30:00,21,-11.0,-11.733583418488482,12.509132799656811,-9.0,4,6,1,3
2003-11-29 11:30:00,21,-9.0,-12.538565874397179,12.509132799656811,-12.0,4,6,1,3
2003-11-29 12:30:00,21,-7.0,-9.33134349837897,12.509132799656811,-11.0,4,6,1,3
2003-11-29 13:30:00,21,-8.0,-9.56140153229666,12.509132799656811,-11.0,4,6,1,3
2003-11-29 14:30:00,21,-7.0,-10.381329912093811,12.509132799656811,-9.0,4,6,1,3
2003-11-29 15:30:00,21,-4.0,-8.245573312553724,12.509132799656811,-7.0,4,6,1,3
2003-11-29 16:30:00,21,-5.0,-5.975357994999804,12.509132799656811,-8.0,4,6,1,3
2003-11-29 17:30:00,21,-4.0,-5.627554744256784,12.509132799656811,-7.0,4,6,1,3
2003-11-29 18:30:00,21,-5.0,-5.110309759129052,12.509132799656811,-4.0,4,6,1,3
2003-11-29 19:30:00,21,-3.0,-4.037688346526831,12.509132799656811,-5.0,4,6,1,3
2003-11-29 20:30:00,21,0.0,-6.358192034473159,12.509132799656811,-4.0,4,6,1,3
2003-11-29 21:30:00,21,1.0,-4.407489631364427,12.509132799656811,-5.0,4,6,1,3
2003-11-29 22:30:00,21,-1.0,-1.0072441743819525,12.509132799656811,-3.0,4,6,1,3
2003-11-29 23:30:00,21,2.0,-3.0562438942669488,12.509132799656811,0.0,4,6,1,3
2003-11-30 00:30:00,21,1.0,-2.3868917166160095,12.509132799656811,1.0,4,6,1,3
2003-11-30 01:30:00,21,0.0,-0.5204552058476182,12.509132799656811,-1.0,4,6,1,3
2003-11-30 02:30:00,21,-4.0,1.0839226147871166,12.509132799656811,2.0,4,6,1,3
2003-11-30 03:30:00,21,1.0,-2.4721858521218927,12.509132799656811,1.0,4,6,1,3
2003-11-30 04:30:00,21,12.0,-1.2044370998648688,12.509132799656811,0.0,4,6,1,3
2003-11-30 05:30:00,21,16.0,-2.7122647071550503,12.509132799656811,-4.0,4,6,1,3
2003-11-30 06:30:00,21,19.0,-0.3870338304963603,12.509132799656811,1.0,4,6,1,3
2003-11-30 07:30:00,21,22.0,0.979373943544271,12.509132799656811,12.0,4,6,1,3
2003-11-30 08:30:00,21,23.0,0.681829489828278,12.509132799656811,16.0,4,6,1,3
2003-11-30 09:30:00,21,19.0,1.440081478687265,12.509132799656811,19.0,4,6,1,3
2003-11-30 10:30:00,21,15.0,4.621515880093678,12.509132799656811,22.0,4,6,1,3
2003-11-30 11:30:00,21,16.0,10.164654217169979,12.509132799656811,23.0,4,6,1,3
2003-11-30 12:30:00,21,14.0,12.78930404393493,12.509132799656811,19.0,4,6,1,3
2003-11-30 13:30:00,21,7.0,11.8757418395946,12.509132799656811,15.0,4,6,1,3
2003-11-30 14:30:00,21,-3.0,11.709762463833673,12.509132799656811,16.0,4,6,1,3
2003-11-30 15:30:00,21,-3.0,12.892492340370278,12.509132799656811,14.0,4,6,1,3
2003-11-30 16:30:00,21,-9.0,0.7246585475220222,12.509132799656811,7.0,4,6,1,3
2003-11-30 17:30:00,21,-23.0,-14.376568731789348,12.509132799656811,-3.0,4,6,1,3
2003-11-30 18:30:00,21,-30.0,-7.385932452799086,12.509132799656811,-3.0,4,6,1,3
2003-11-30 19:30:00,21,-34.0,-9.373635685747345,12.509132799656811,-9.0,4,6,1,3
2003-11-30 20:30:00,21,-39.0,-34.2114564563712,12.509132799656811,-23.0,4,6,1,3
2015-03-08 06:30:00,35,-7.0,-15.4131083637531,12.509132799656811,-30.0,4,6,1,3
2015-03-08 07:30:00,35,-7.0,-13.996141509283113,12.509132799656811,-34.0,4,6,1,3
2015-03-08 08:30:00,35,-9.0,-13.74062080777281,12.509132799656811,-39.0,4,6,1,3
2015-03-08 09:30:00,35,-8.0,-10.411804127681286,12.509132799656811,-7.0,4,6,1,3
2015-03-08 10:30:00,35,-12.0,-11.358852481129386,12.509132799656811,-7.0,4,6,1,3
2015-03-08 11:30:00,35,-18.0,-13.216148547120941,12.509132799656811,-9.0,4,6,1,3
2015-03-08 12:30:00,35,-21.0,-9.432097679356076,12.509132799656811,-8.0,4,6,1,3
2015-03-08 13:30:00,35,-18.0,-19.090224217176335,12.509132799656811,-12.0,4,6,1,3
2015-03-08 14:30:00,35,-21.0,-22.744504882777306,12.509132799656811,-18.0,4,6,1,3
2015-03-08 15:30:00,35,-19.0,-17.311675198570274,12.509132799656811,-21.0,4,6,1,3
2015-03-08 16:30:00,35,-17.0,-19.79494841469662,12.509132799656811,-18.0,4,6,1,3
2015-03-08 17:30:00,35,-20.0,-21.144105817223377,12.509132799656811,-21.0,4,6,1,3
2015-03-08 18:30:00,35,-21.0,-18.909315979083907,12.509132799656811,-19.0,4,6,1,3
2015-03-08 19:30:00,35,-18.0,-17.2877105356779,12.509132799656811,-17.0,4,6,1,3
2015-03-08 20:30:00,35,-15.0,-21.09407678249661,12.509132799656811,-20.0,4,6,1,3
2015-03-08 21:30:00,35,-14.0,-16.967187577061257,12.509132799656811,-21.0,4,6,1,3
2015-03-08 22:30:00,35,-13.0,-17.739185493636526,12.509132799656811,-18.0,4,6,1,3
2015-03-08 23:30:00,35,-15.0,-16.783076316010693,12.509132799656811,-15.0,4,6,1,3
2015-03-09 00:30:00,35,-18.0,-15.632753160745466,12.509132799656811,-14.0,4,6,1,3
2015-03-09 01:30:00,35,-23.0,-15.67680723822824,12.509132799656811,-13.0,4,6,1,3
2015-03-09 02:30:00,35,-21.0,-17.483027827333412,12.509132799656811,-15.0,4,6,1,3
2015-03-09 03:30:00,35,-22.0,-22.03275814841629,12.509132799656811,-18.0,4,6,1,3
2015-03-09 04:30:00,35,-19.0,-21.833099259235492,12.509132799656811,-23.0,4,6,1,3
2015-03-09 05:30:00,35,-16.0,-18.533196230989056,12.509132799656811,-21.0,4,6,1,3
2015-03-09 06:30:00,35,-17.0,-19.4008548850732,12.509132799656811,-22.0,4,6,1,3
2015-03-09 07:30:00,35,-18.0,-16.383182994461308,12.509132799656811,-19.0,4,6,1,3
2015-03-09 08:30:00,35,-17.0,-14.689539107862661,12.509132799656811,-16.0,4,6,1,3
2015-03-09 09:30:00,35,-16.0,-15.126703969288517,12.509132799656811,-17.0,4,6,1,3
2015-03-09 10:30:00,35,-14.0,-16.11091921839712,12.509132799656811,-18.0,4,6,1,3
2015-03-09 11:30:00,35,-11.0,-14.93417226116442,12.509132799656811,-17.0,4,6,1,3
2015-03-09 12:30:00,35,-9.0,-13.794580825220923,12.509132799656811,-16.0,4,6,1,3
2015-03-09 13:30:00,35,-9.0,-13.53821273304876,12.509132799656811,-14.0,4,6,1,3
2015-03-09 14:30:00,35,-10.0,-10.29272583453957,12.509132799656811,-11.0,4,6,1,3
2015-03-09 15:30:00,35,-9.0,-9.969695964488366,12.509132799656811,-9.0,4,6,1,3
2015-03-09 16:30:00,35,-10.0,-9.778401787961734,12.509132799656811,-9.0,4,6,1,3
2015-03-09 17:30:00,35,-10.0,-12.188244337848293,12.509132799656811,-10.0,4,6,1,3
2015-03-09 18:30:00,35,-5.0,-8.13778522036458,12.509132799656811,-9.0,4,6,1,3
2015-03-09 19:30:00,35,-4.0,-10.219131377353065,12.509132799656811,-10.0,4,6,1,3
2015-03-09 20:30:00,35,-4.0,-9.286241841299447,12.509132799656811,-10.0,4,6,1,3
2015-03-09 21:30:00,35,-4.0,-5.618189086928204,12.509132799656811,-5.0,4,6,1,3
2015-03-09 22:30:00,35,-4.0,-5.484799559816587,12.509132799656811,-4.0,4,6,1,3
2015-03-09 23:30:00,35,-3.0,-6.1766843670132126,12.509132799656811,-4.0,4,6,1,3
2015-03-10 00:30:00,35,-1.0,-6.244919220443066,12.509132799656811,-4.0,4,6,1,3
2015-03-10 01:30:00,35,-4.0,-2.7388670867519416,12.509132799656811,-4.0,4,6,1,3
2015-03-10 02:30:00,35,-4.0,-2.97824755538727,12.509132799656811,-3.0,4,6,1,3
2015-03-10 03:30:00,35,-6.0,-1.4004493656068249,12.509132799656811,-1.0,4,6,1,3
2015-03-10 04:30:00,35,-6.0,-3.366755131265162,12.509132799656811,-4.0,4,6,1,3
2015-03-10 05:30:00,35,-4.0,-4.059238230392175,12.509132799656811,-4.0,4,6,1,3
2015-03-10 06:30:00,35,-2.0,-5.880714126285163,12.509132799656811,-6.0,4,6,1,3
2015-03-10 07:30:00,35,-1.0,-3.57946724895006,12.509132799656811,-6.0,4,6,1,3
2015-03-10 08:30:00,35,1.0,-4.655519171936422,12.509132799656811,-4.0,4,6,1,3
2015-03-10 09:30:00,35,-3.0,-2.46732444582819,12.509132799656811,-2.0,4,6,1,3
2015-03-10 10:30:00,35,-7.0,-2.250699544416026,12.509132799656811,-1.0,4,6,1,3
2015-03-10 11:30:00,35,-3.0,-4.51596246070584,12.509132799656811,1.0,4,6,1,3
2015-03-10 12:30:00,35,-5.0,-5.1619789781973076,12.509132799656811,-3.0,4,6,1,3
2015-03-10 13:30:00,35,-6.0,-5.6841513409722815,12.509132799656811,-7.0,4,6,1,3
2015-03-10 14:30:00,35,-6.0,-3.256808183403244,12.509132799656811,-3.0,4,6,1,3
2015-03-10 15:30:00,35,-7.0,-4.631744461044757,12.509132799656811,-5.0,4,6,1,3
2015-03-10 16:30:00,35,-7.0,-2.7800468606071576,12.509132799656811,-6.0,4,6,1,3
2015-03-10 17:30:00,35,-6.0,-4.411916536674461,12.509132799656811,-6.0,4,6,1,3
2015-03-10 18:30:00,35,-6.0,-5.463370244287024,12.509132799656811,-7.0,4,6,1,3
2015-03-10 19:30:00,35,-8.0,-5.861468690045239,12.509132799656811,-7.0,4,6,1,3
2015-03-10 20:30:00,35,-6.0,-3.4078439101499782,12.509132799656811,-6.0,4,6,1,3
2015-03-10 21:30:00,35,-4.0,-4.9582344148454816,12.509132799656811,-6.0,4,6,1,3
2015-03-10 22:30:00,35,-4.0,-5.884301602993247,12.509132799656811,-8.0,4,6,1,3
2015-03-10 23:30:00,35,-5.0,-4.04129174735473,12.509132799656811,-6.0,4,6,1,3
2015-03-11 00:30:00,35,-6.0,-3.6219277770136777,12.509132799656811,-4.0,4,6,1,3
2015-03-11 01:30:00,35,-6.0,-5.712637316456483,12.509132799656811,-4.0,4,6,1,3
2015-03-11 02:30:00,35,-6.0,-3.1079062887124245,12.509132799656811,-5.0,4,6,1,3
2015-03-11 03:30:00,35,-6.0,-3.839241965326636,12.509132799656811,-6.0,4,6,1,3
2015-03-11 04:30:00,35,-5.0,-7.027300800578278,12.509132799656811,-6.0,4,6,1,3
2015-03-11 05:30:00,35,5.0,-7.08290782699066,12.509132799656811,-6.0,4,6,1,3
2015-03-11 06:30:00,35,6.0,-4.152212341399949,12.509132799656811,-6.0,4,6,1,3
2015-03-11 07:30:00,35,8.0,-7.314326235715853,12.509132799656811,-5.0,4,6,1,3
2015-03-11 08:30:00,35,0.0,-0.2746550420504619,12.509132799656811,5.0,4,6,1,3
2015-03-11 09:30:00,35,2.0,0.7444158304704551,12.509132799656811,6.0,4,6,1,3
2015-03-11 10:30:00,35,1.0,0.5736592187634493,12.509132799656811,8.0,4,6,1,3
2015-03-11 11:30:00,35,2.0,-1.7140339577303472,12.509132799656811,0.0,4,6,1,3
2015-03-11 12:30:00,35,-6.0,0.7789529714863583,12.509132799656811,2.0,4,6,1,3
2015-03-11 13:30:00,35,-11.0,2.678306912797506,12.509132799656811,1.0,4,6,1,3
2015-03-11 14:30:00,35,-14.0,-1.7891616801681174,12.509132799656811,2.0,4,6,1,3
2015-03-11 15:30:00,35,-14.0,-7.616570579653086,12.509132799656811,-6.0,4,6,1,3
2015-03-11 16:30:00,35,-12.0,-13.683635207558847,12.509132799656811,-11.0,4,6,1,3
2015-03-11 17:30:00,35,-12.0,-17.05014541670208,12.509132799656811,-14.0,4,6,1,3
2015-03-11 18:30:00,35,-15.0,-9.819349524642426,12.509132799656811,-14.0,4,6,1,3
2015-03-11 19:30:00,35,-20.0,-12.572215814451667,12.509132799656811,-12.0,4,6,1,3
2015-03-11 20:30:00,35,-19.0,-15.617951691372525,12.509132799656811,-12.0,4,6,1,3
2015-03-11 21:30:00,35,-16.0,-12.240229764438691,12.509132799656811,-15.0,4,6,1,3
2015-03-11 22:30:00,35,-15.0,-15.05824731561831,12.509132799656811,-20.0,4,6,1,3
2015-03-11 23:30:00,35,-14.0,-16.79889351674074,12.509132799656811,-19.0,4,6,1,3
2015-03-12 00:30:00,35,-15.0,-12.35597081704093,12.509132799656811,-16.0,4,6,1,3
2015-03-12 01:30:00,35,-12.0,-12.819109055330774,12.509132799656811,-15.0,4,6,1,3
2015-03-12 02:30:00,35,-8.0,-13.678060628184625,12.509132799656811,-14.0,4,6,1,3
2015-03-12 03:30:00,35,-10.0,-13.209899467528615,12.509132799656811,-15.0,4,6,1,3
2015-03-12 04:30:00,35,-11.0,-9.644639181471469,12.509132799656811,-12.0,4,6,1,3
2015-03-12 05:30:00,35,-7.0,-15.108082986032972,12.509132799656811,-8.0,4,6,1,3
2015-03-12 06:30:00,35,-12.0,-12.994157217329345,12.509132799656811,-10.0,4,6,1,3
2015-03-12 07:30:00,35,-22.0,-8.586267581234129,12.509132799656811,-11.0,4,6,1,3
2015-03-12 08:30:00,35,-24.0,-14.482038727107511,12.509132799656811,-7.0,4,6,1,3
2015-03-12 09:30:00,35,-23.0,-16.523599608162186,12.509132799656811,-12.0,4,6,1,3
2015-03-12 10:30:00,35,-19.0,-18.825657478170992,12.509132799656811,-22.0,4,6,1,3
2015-03-12 11:30:00,35,-19.0,-29.972403580287164,12.509132799656811,-24.0,4,6,1,3
2015-03-12 12:30:00,35,-15.0,-20.115337155731915,12.509132799656811,-23.0,4,6,1,3
2015-03-12 13:30:00,35,-17.0,-15.83341185716355,12.509132799656811,-19.0,4,6,1,3
2015-03-12 14:30:00,35,-18.0,-22.432350049126217,12.509132799656811,-19.0,4,6,1,3
2015-03-12 15:30:00,35,-13.0,-16.685649138638894,12.509132799656811,-15.0,4,6,1,3
2015-03-12 16:30:00,35,-9.0,-17.75249123318349,12.509132799656811,-17.0,4,6,1,3
2015-03-12 17:30:00,35,-9.0,-15.291873489812868,12.509132799656811,-18.0,4,6,1,3
2015-03-12 18:30:00,35,-9.0,-15.824335108865997,12.509132799656811,-13.0,4,6,1,3
2015-03-12 19:30:00,35,-8.0,-8.398872539189199,12.509132799656811,-9.0,4,6,1,3
2015-03-12 20:30:00,35,-8.0,-9.212244731368916,12.509132799656811,-9.0,4,6,1,3
2015-03-12 21:30:00,35,-11.0,-8.16075690064245,12.509132799656811,-9.0,4,6,1,3
2015-03-12 22:30:00,35,-13.0,-7.706050483797441,12.509132799656811,-8.0,4,6,1,3
2015-03-12 23:30:00,35,-15.0,-6.759165921296063,12.509132799656811,-8.0,4,6,1,3
2015-03-13 00:30:00,35,-13.0,-8.78737556531857,12.509132799656811,-11.0,4,6,1,3
2015-03-13 01:30:00,35,-12.0,-8.663151506600649,12.509132799656811,-13.0,4,6,1,3
2015-03-13 02:30:00,35,-9.0,-11.102430929412108,12.509132799656811,-15.0,4,6,1,3
2015-03-13 03:30:00,35,-3.0,-12.01119997368654,12.509132799656811,-13.0,4,6,1,3
2015-03-13 04:30:00,35,-2.0,-10.405002253643772,12.509132799656811,-12.0,4,6,1,3
2015-03-13 05:30:00,35,1.0,-7.411916066597243,12.509132799656811,-9.0,4,6,1,3
2015-03-13 06:30:00,35,1.0,-5.164324373559406,12.509132799656811,-3.0,4,6,1,3
2015-03-13 07:30:00,35,0.0,-4.874475819465125,12.509132799656811,-2.0,4,6,1,3
2015-03-13 08:30:00,35,-1.0,-2.075195270128315,12.509132799656811,1.0,4,6,1,3
2015-03-13 09:30:00,35,-2.0,-1.337226060171833,12.509132799656811,1.0,4,6,1,3
2015-03-13 10:30:00,35,-2.0,-2.7052558195598735,12.509132799656811,0.0,4,6,1,3
2015-03-13 11:30:00,35,0.0,-0.6298766577554709,12.509132799656811,-1.0,4,6,1,3
2015-03-13 12:30:00,35,-3.0,-0.7125455883652663,12.509132799656811,-2.0,4,6,1,3
2015-03-13 13:30:00,35,-16.0,-3.867482254390751,12.509132799656811,-2.0,4,6,1,3
2015-03-13 14:30:00,35,-20.0,-0.7644036219971042,12.509132799656811,0.0,4,6,1,3
2015-03-13 15:30:00,35,-11.0,-19.814299632589634,12.509132799656811,-3.0,4,6,1,3
2015-03-13 16:30:00,35,-7.0,-17.570464894392252,12.509132799656811,-16.0,4,6,1,3
2015-03-13 17:30:00,35,-10.0,-12.712068259336053,12.509132799656811,-20.0,4,6,1,3
2015-03-13 18:30:00,35,-15.0,-11.920186804290921,12.509132799656811,-11.0,4,6,1,3
2015-03-13 19:30:00,35,-15.0,-10.086824690389228,12.509132799656811,-7.0,4,6,1,3
2015-03-13 20:30:00,35,-11.0,-8.490320209568484,12.509132799656811,-10.0,4,6,1,3
2015-03-13 21:30:00,35,-10.0,-12.411564194207752,12.509132799656811,-15.0,4,6,1,3
2015-03-13 22:30:00,35,-7.0,-17.209121592053478,12.509132799656811,-15.0,4,6,1,3
2015-03-13 23:30:00,35,-10.0,-6.497614528122398,12.509132799656811,-11.0,4,6,1,3
2015-03-14 00:30:00,35,-12.0,-9.317127809127989,12.509132799656811,-10.0,4,6,1,3
2015-03-14 01:30:00,35,-11.0,-7.4060286920122635,12.509132799656811,-7.0,4,6,1,3
2015-03-14 02:30:00,35,-12.0,-8.661183740365715,12.509132799656811,-10.0,4,6,1,3
2015-03-14 03:30:00,35,-13.0,-7.043593450028673,12.509132799656811,-12.0,4,6,1,3
2015-03-14 04:30:00,35,-14.0,-8.120796459390615,12.509132799656811,-11.0,4,6,1,3
2015-03-14 05:30:00,35,-15.0,-13.886325366691146,12.509132799656811,-12.0,4,6,1,3
2015-03-14 06:30:00,35,-12.0,-13.158391764532823,12.509132799656811,-13.0,4,6,1,3
2015-03-14 07:30:00,35,-9.0,-11.103343153990384,12.509132799656811,-14.0,4,6,1,3
2015-03-14 08:30:00,35,-8.0,-11.829774201699951,12.509132799656811,-15.0,4,6,1,3
2015-03-14 09:30:00,35,-7.0,-15.450332131270109,12.509132799656811,-12.0,4,6,1,3
2015-03-14 10:30:00,35,-5.0,-5.838358242437508,12.509132799656811,-9.0,4,6,1,3
2015-03-14 11:30:00,35,-4.0,-8.368157186930159,12.509132799656811,-8.0,4,6,1,3
2015-03-14 12:30:00,35,-4.0,-5.603002026368188,12.509132799656811,-7.0,4,6,1,3
2015-03-14 13:30:00,35,-4.0,-8.316483418113386,12.509132799656811,-5.0,4,6,1,3
2015-03-14 14:30:00,35,1.0,-3.7321044871758637,12.509132799656811,-4.0,4,6,1,3
2015-03-14 15:30:00,35,3.0,-9.175357645242393,12.509132799656811,-4.0,4,6,1,3
2015-03-14 16:30:00,35,4.0,-2.0615119014541854,12.509132799656811,-4.0,4,6,1,3
2015-03-14 17:30:00,35,2.0,0.42979844543287626,12.509132799656811,1.0,4,6,1,3
2015-03-14 18:30:00,35,3.0,-0.32169489199953816,12.509132799656811,3.0,4,6,1,3
2015-03-14 19:30:00,35,2.0,1.5192698516792014,12.509132799656811,4.0,4,6,1,3
2015-03-14 20:30:00,35,-1.0,2.1576086685430376,12.509132799656811,2.0,4,6,1,3
2015-03-14 21:30:00,35,-3.0,2.610895563849784,12.509132799656811,3.0,4,6,1,3
2015-03-14 22:30:00,35,-5.0,1.2461438982704642,12.509132799656811,2.0,4,6,1,3
2015-03-14 23:30:00,35,-11.0,1.1990267025965444,12.509132799656811,-1.0,4,6,1,3
2015-03-15 00:30:00,35,-11.0,-1.6647078591499316,12.509132799656811,-3.0,4,6,1,3
2015-03-15 01:30:00,35,-11.0,-7.274060961313172,12.509132799656811,-5.0,4,6,1,3
2015-03-15 02:30:00,35,-11.0,-8.73303109412051,12.509132799656811,-11.0,4,6,1,3
2015-03-15 03:30:00,35,-12.0,-10.751554323543772,12.509132799656811,-11.0,4,6,1,3
2015-03-15 04:30:00,35,-11.0,-11.452213320761363,12.509132799656811,-11.0,4,6,1,3
2015-03-15 05:30:00,35,-11.0,-7.716160025009049,12.509132799656811,-11.0,4,6,1,3
2015-03-15 06:30:00,35,-9.0,-8.356077604609354,12.509132799656811,-12.0,4,6,1,3
2015-03-15 07:30:00,35,-9.0,-12.899975148089492,12.509132799656811,-11.0,4,6,1,3
2015-03-15 08:30:00,35,-7.0,-13.350771056081499,12.509132799656811,-11.0,4,6,1,3
2015-03-15 09:30:00,35,-6.0,-11.281627324623859,12.509132799656811,-9.0,4,6,1,3
2015-03-15 10:30:00,35,-7.0,-9.475411285267207,12.509132799656811,-9.0,4,6,1,3
2015-03-15 11:30:00,35,-5.0,-12.341634559454167,12.509132799656811,-7.0,4,6,1,3
2015-03-15 12:30:00,35,-5.0,-9.647987796382246,12.509132799656811,-6.0,4,6,1,3
2015-03-15 13:30:00,35,-3.0,-11.89592754518187,12.509132799656811,-7.0,4,6,1,3
2015-03-15 14:30:00,35,1.0,-9.283143462557277,12.509132799656811,-5.0,4,6,1,3
2015-03-15 15:30:00,35,4.0,-8.952777123017448,12.509132799656811,-5.0,4,6,1,3
2015-03-15 16:30:00,35,-1.0,-2.50872260761237,12.509132799656811,-3.0,4,6,1,3
2015-03-15 17:30:00,35,0.0,-0.4488239651475254,12.509132799656811,1.0,4,6,1,3
2015-03-15 18:30:00,35,2.0,-0.21680953936620284,12.509132799656811,4.0,4,6,1,3
2015-03-15 19:30:00,35,1.0,-3.879598234699717,12.509132799656811,-1.0,4,6,1,3
2015-03-15 20:30:00,35,-2.0,1.7347891642009863,12.509132799656811,0.0,4,6,1,3
2015-03-15 21:30:00,35,-7.0,2.539391716108259,12.509132799656811,2.0,4,6,1,3
2015-03-15 22:30:00,35,-7.0,1.2680554871431546,12.509132799656811,1.0,4,6,1,3
2015-03-15 23:30:00,35,-2.0,-5.633414820350641,12.509132799656811,-2.0,4,6,1,3
2015-03-16 00:30:00,35,4.0,-0.17199224156918547,12.509132799656811,-7.0,4,6,1,3
2015-03-16 01:30:00,35,10.0,-2.3440626589222653,12.509132799656811,-7.0,4,6,1,3
2015-03-16 02:30:00,35,15.0,-0.5258785060835507,12.509132799656811,-2.0,4,6,1,3
2015-03-16 03:30:00,35,10.0,1.7082140830952177,12.509132799656811,4.0,4,6,1,3
2015-03-16 04:30:00,35,7.0,2.042470457619711,12.509132799656811,10.0,4,6,1,3
2015-03-16 05:30:00,35,15.0,7.941524247050335,12.509132799656811,15.0,4,6,1,3
2015-03-16 06:30:00,35,1.0,-9.025800586764682,12.509132799656811,10.0,4,6,1,3
2015-03-16 07:30:00,35,-10.0,8.160403548854195,12.509132799656811,7.0,4,6,1,3
2015-03-16 08:30:00,35,-2.0,3.0237033465734093,12.509132799656811,15.0,4,6,1,3
2015-03-16 09:30:00,35,5.0,-19.68680430468578,12.509132799656811,1.0,4,6,1,3
2015-03-16 10:30:00,35,11.0,-2.2838581116303445,12.509132799656811,-10.0,4,6,1,3
2015-03-16 11:30:00,35,19.0,-6.1837842495787925,12.509132799656811,-2.0,4,6,1,3
2015-03-16 12:30:00,35,17.0,-2.820187016925537,12.509132799656811,5.0,4,6,1,3
2015-03-16 13:30:00,35,11.0,2.3954217488132024,12.509132799656811,11.0,4,6,1,3
2015-03-16 14:30:00,35,7.0,4.292459868127633,12.509132799656811,19.0,4,6,1,3
2015-03-16 15:30:00,35,12.0,6.794286958718846,12.509132799656811,17.0,4,6,1,3
2015-03-16 16:30:00,35,17.0,7.32172565540581,12.509132799656811,11.0,4,6,1,3
2015-03-16 17:30:00,35,17.0,9.11589168580704,12.509132799656811,7.0,4,6,1,3
2015-03-16 18:30:00,35,15.0,9.89935838096429,12.509132799656811,12.0,4,6,1,3
2015-03-16 19:30:00,35,16.0,10.683780523310755,12.509132799656811,17.0,4,6,1,3
2015-03-16 20:30:00,35,11.0,11.77900508656072,12.509132799656811,17.0,4,6,1,3
2015-03-16 21:30:00,35,9.0,11.22481841832423,12.509132799656811,15.0,4,6,1,3
2015-03-16 22:30:00,35,6.0,11.495564853256969,12.509132799656811,16.0,4,6,1,3
2015-03-16 23:30:00,35,3.0,9.363452602281466,12.509132799656811,11.0,4,6,1,3
2015-03-17 00:30:00,35,4.0,9.044624424988552,12.509132799656811,9.0,4,6,1,3
2015-03-17 01:30:00,35,3.0,7.614488323427199,12.509132799656811,6.0,4,6,1,3
2015-03-17 02:30:00,35,3.0,4.3669801991379735,12.509132799656811,3.0,4,6,1,3
2015-03-17 03:30:00,35,2.0,4.770199386855527,12.509132799656811,4.0,4,6,1,3
2015-03-17 04:30:00,35,13.0,3.741610440430609,12.509132799656811,3.0,4,6,1,3
2015-03-17 05:30:00,35,45.0,1.6297513949922298,12.509132799656811,3.0,4,6,1,3
2015-03-17 06:30:00,35,25.0,2.6500961970987724,12.509132799656811,2.0,4,6,1,3
2015-03-17 07:30:00,35,-18.0,5.977152124513022,12.509132799656811,13.0,4,6,1,3
2015-03-17 08:30:00,35,-54.0,-0.4217597860758495,12.509132799656811,45.0,4,6,1,3
2015-03-17 09:30:00,35,-83.0,-45.35402290357348,12.509132799656811,25.0,4,6,1,3
2015-03-17 10:30:00,35,-75.0,-71.25826406392598,12.509132799656811,-18.0,4,6,1,3
2015-03-17 11:30:00,35,-54.0,-119.43543739930786,12.509132799656811,-54.0,4,6,1,3
2015-03-17 12:30:00,35,-55.0,-89.88996652698424,12.509132799656811,-83.0,4,6,1,3
2015-03-17 13:30:00,35,-75.0,-76.79998970408678,12.509132799656811,-75.0,4,6,1,3
2015-03-17 14:30:00,35,-93.0,-66.74787996804473,12.509132799656811,-54.0,4,6,1,3
2015-03-17 15:30:00,35,-118.0,-76.6028809489515,12.509132799656811,-55.0,4,6,1,3
2015-03-17 16:30:00,35,-143.0,-83.32239998850463,12.509132799656811,-75.0,4,6,1,3
2015-03-17 17:30:00,35,-162.0,-125.36691724644108,12.509132799656811,-93.0,4,6,1,3
2015-03-17 18:30:00,35,-154.0,-143.0603978681802,12.509132799656811,-118.0,4,6,1,3
2015-03-17 19:30:00,35,-177.0,-160.09037956373945,12.509132799656811,-143.0,4,6,1,3
2015-03-17 20:30:00,35,-182.0,-172.66013359110278,12.509132799656811,-162.0,4,6,1,3
2015-03-17 21:30:00,35,-198.0,-148.8935485502975,12.509132799656811,-154.0,4,6,1,3
2015-03-17 22:30:00,35,-234.0,-166.19747970374763,12.509132799656811,-177.0,4,6,1,3
2015-03-17 23:30:00,35,-225.0,-167.16663073550626,12.509132799656811,-182.0,4,6,1,3
2015-03-18 00:30:00,35,-200.0,-182.04075959231227,12.509132799656811,-198.0,4,6,1,3
2015-03-18 01:30:00,35,-189.0,-205.23479517985402,12.509132799656811,-234.0,4,6,1,3
2015-03-18 02:30:00,35,-172.0,-196.3582176181898,12.509132799656811,-225.0,4,6,1,3
2015-03-18 03:30:00,35,-155.0,-168.5997560218453,12.509132799656811,-200.0,4,6,1,3
2015-03-18 04:30:00,35,-148.0,-158.1926703565183,12.509132799656811,-189.0,4,6,1,3
2015-03-18 05:30:00,35,-136.0,-140.6890962380072,12.509132799656811,-172.0,4,6,1,3
2015-03-18 06:30:00,35,-133.0,-128.53163132203622,12.509132799656811,-155.0,4,6,1,3
2015-03-18 07:30:00,35,-124.0,-120.89132052774433,12.509132799656811,-148.0,4,6,1,3
2015-03-18 08:30:00,35,-123.0,-115.13887328487615,12.509132799656811,-136.0,4,6,1,3
2015-03-18 09:30:00,35,-117.0,-109.49760369684458,12.509132799656811,-133.0,4,6,1,3
2015-03-18 10:30:00,35,-111.0,-109.15051248174494,12.509132799656811,-124.0,4,6,1,3
2015-03-18 11:30:00,35,-99.0,-106.40545356039615,12.509132799656811,-123.0,4,6,1,3
2015-03-18 12:30:00,35,-97.0,-102.35681434232046,12.509132799656811,-117.0,4,6,1,3
2015-03-18 13:30:00,35,-91.0,-98.0931904071741,12.509132799656811,-111.0,4,6,1,3
2015-03-18 14:30:00,35,-88.0,-90.32985896264788,12.509132799656811,-99.0,4,6,1,3
2015-03-18 15:30:00,35,-91.0,-85.7964895372432,12.509132799656811,-97.0,4,6,1,3
2015-03-18 16:30:00,35,-86.0,-80.89688810471493,12.509132799656811,-91.0,4,6,1,3
2015-03-18 17:30:00,35,-82.0,-87.14468466795796,12.509132799656811,-88.0,4,6,1,3
2015-03-18 18:30:00,35,-88.0,-80.76966803659654,12.509132799656811,-91.0,4,6,1,3
2015-03-18 19:30:00,35,-94.0,-73.8655020031046,12.509132799656811,-86.0,4,6,1,3
2015-03-18 20:30:00,35,-95.0,-75.47245953115022,12.509132799656811,-82.0,4,6,1,3
2015-03-18 21:30:00,35,-94.0,-82.35323075775192,12.509132799656811,-88.0,4,6,1,3
2015-03-18 22:30:00,35,-94.0,-79.89181225864176,12.509132799656811,-94.0,4,6,1,3
2015-03-18 23:30:00,35,-93.0,-82.67138102251535,12.509132799656811,-95.0,4,6,1,3
2015-03-19 00:30:00,35,-99.0,-84.8767715231552,12.509132799656811,-94.0,4,6,1,3
2015-03-19 01:30:00,35,-94.0,-86.02872690070201,12.509132799656811,-94.0,4,6,1,3
2015-03-19 02:30:00,35,-86.0,-84.21046085238993,12.509132799656811,-93.0,4,6,1,3
2015-03-19 03:30:00,35,-81.0,-85.16559410895822,12.509132799656811,-99.0,4,6,1,3
2015-03-19 04:30:00,35,-86.0,-83.5207735737285,12.509132799656811,-94.0,4,6,1,3
2015-03-19 05:30:00,35,-84.0,-79.08263948434607,12.509132799656811,-86.0,4,6,1,3
2015-03-19 06:30:00,35,-81.0,-74.86867150454785,12.509132799656811,-81.0,4,6,1,3
2015-03-19 07:30:00,35,-73.0,-76.04988631482726,12.509132799656811,-86.0,4,6,1,3
2015-03-19 08:30:00,35,-71.0,-71.97606878844148,12.509132799656811,-84.0,4,6,1,3
2015-03-19 09:30:00,35,-76.0,-73.85380459965948,12.509132799656811,-81.0,4,6,1,3
2015-03-19 10:30:00,35,-75.0,-68.20386091607438,12.509132799656811,-73.0,4,6,1,3
2015-03-19 11:30:00,35,-76.0,-71.0097204017712,12.509132799656811,-71.0,4,6,1,3
2015-03-19 12:30:00,35,-77.0,-70.36215014516014,12.509132799656811,-76.0,4,6,1,3
2015-03-19 13:30:00,35,-83.0,-66.56871542107261,12.509132799656811,-75.0,4,6,1,3
2015-03-19 14:30:00,35,-84.0,-74.06764732985161,12.509132799656811,-76.0,4,6,1,3
2015-03-19 15:30:00,35,-80.0,-68.20207513978023,12.509132799656811,-77.0,4,6,1,3
2015-03-19 16:30:00,35,-73.0,-73.86501063026442,12.509132799656811,-83.0,4,6,1,3
2015-03-19 17:30:00,35,-72.0,-71.96351148252606,12.509132799656811,-84.0,4,6,1,3
2015-03-19 18:30:00,35,-71.0,-69.08141186087829,12.509132799656811,-80.0,4,6,1,3
2015-03-19 19:30:00,35,-70.0,-67.64245379693652,12.509132799656811,-73.0,4,6,1,3
2015-03-19 20:30:00,35,-71.0,-68.48957602363816,12.509132799656811,-72.0,4,6,1,3
2015-03-19 21:30:00,35,-69.0,-64.07577853908963,12.509132799656811,-71.0,4,6,1,3
2015-03-19 22:30:00,35,-65.0,-63.333787351441394,12.509132799656811,-70.0,4,6,1,3
2015-03-19 23:30:00,35,-70.0,-70.19856393712077,12.509132799656811,-71.0,4,6,1,3
2015-03-20 00:30:00,35,-75.0,-61.709204097629,12.509132799656811,-69.0,4,6,1,3
2015-03-20 01:30:00,35,-81.0,-58.48016567745702,12.509132799656811,-65.0,4,6,1,3
2015-03-20 02:30:00,35,-74.0,-62.459243790409246,12.509132799656811,-70.0,4,6,1,3
2015-03-20 03:30:00,35,-69.0,-68.97308234861526,12.509132799656811,-75.0,4,6,1,3
2015-03-20 04:30:00,35,-65.0,-67.72107800111196,12.509132799656811,-81.0,4,6,1,3
2015-03-20 05:30:00,35,-64.0,-67.62147490651044,12.509132799656811,-74.0,4,6,1,3
2015-03-20 06:30:00,35,-71.0,-64.54666386167203,12.509132799656811,-69.0,4,6,1,3
2015-03-20 07:30:00,35,-68.0,-60.41705731893306,12.509132799656811,-65.0,4,6,1,3
2015-03-20 08:30:00,35,-63.0,-63.08004332672819,12.509132799656811,-64.0,4,6,1,3
2015-03-20 09:30:00,35,-61.0,-56.94241437415029,12.509132799656811,-71.0,4,6,1,3
2015-03-20 10:30:00,35,-62.0,-62.59277663459925,12.509132799656811,-68.0,4,6,1,3
2015-03-20 11:30:00,35,-65.0,-58.96846516250002,12.509132799656811,-63.0,4,6,1,3
2015-03-20 12:30:00,35,-58.0,-58.39578604140367,12.509132799656811,-61.0,4,6,1,3
2015-03-20 13:30:00,35,-57.0,-55.71766984490503,12.509132799656811,-62.0,4,6,1,3
2015-03-20 14:30:00,35,-55.0,-54.68131220288208,12.509132799656811,-65.0,4,6,1,3
2015-03-20 15:30:00,35,-56.0,-53.55700109734327,12.509132799656811,-58.0,4,6,1,3
2015-03-20 16:30:00,35,-62.0,-50.95015216166311,12.509132799656811,-57.0,4,6,1,3
2015-03-20 17:30:00,35,-66.0,-51.48453149971745,12.509132799656811,-55.0,4,6,1,3
2015-03-20 18:30:00,35,-64.0,-51.49872671510009,12.509132799656811,-56.0,4,6,1,3
2015-03-20 19:30:00,35,-60.0,-58.23114884145617,12.509132799656811,-62.0,4,6,1,3
2015-03-20 20:30:00,35,-59.0,-55.67651736954093,12.509132799656811,-66.0,4,6,1,3
2015-03-20 21:30:00,35,-56.0,-54.45255539704114,12.509132799656811,-64.0,4,6,1,3
2015-03-20 22:30:00,35,-56.0,-56.63463753601265,12.509132799656811,-60.0,4,6,1,3
2015-03-20 23:30:00,35,-65.0,-51.549495083961375,12.509132799656811,-59.0,4,6,1,3
2015-03-21 00:30:00,35,-69.0,-53.38675405747051,12.509132799656811,-56.0,4,6,1,3
2015-03-21 01:30:00,35,-65.0,-56.402268229846754,12.509132799656811,-56.0,4,6,1,3
2015-03-21 02:30:00,35,-64.0,-59.7160889388161,12.509132799656811,-65.0,4,6,1,3
2015-03-21 03:30:00,35,-58.0,-59.97843426310652,12.509132799656811,-69.0,4,6,1,3
2015-03-21 04:30:00,35,-48.0,-56.39711791452203,12.509132799656811,-65.0,4,6,1,3
2015-03-21 05:30:00,35,-46.0,-57.43410569671501,12.509132799656811,-64.0,4,6,1,3
2015-03-21 06:30:00,35,-49.0,-52.8671796011005,12.509132799656811,-58.0,4,6,1,3
2015-03-21 07:30:00,35,-46.0,-48.7344951534877,12.509132799656811,-48.0,4,6,1,3
2015-03-21 08:30:00,35,-45.0,-47.55358631379625,12.509132799656811,-46.0,4,6,1,3
2015-03-21 09:30:00,35,-44.0,-48.25704909353934,12.509132799656811,-49.0,4,6,1,3
2015-03-21 10:30:00,35,-50.0,-46.602062145241526,12.509132799656811,-46.0,4,6,1,3
2015-03-21 11:30:00,35,-48.0,-42.690734337501766,12.509132799656811,-45.0,4,6,1,3
2015-03-21 12:30:00,35,-46.0,-42.454154239080545,12.509132799656811,-44.0,4,6,1,3
2015-03-21 13:30:00,35,-45.0,-43.921375340829044,12.509132799656811,-50.0,4,6,1,3
2015-03-21 14:30:00,35,-46.0,-44.018817304883534,12.509132799656811,-48.0,4,6,1,3
2015-03-21 15:30:00,35,-46.0,-42.44810762329736,12.509132799656811,-46.0,4,6,1,3
2015-03-21 16:30:00,35,-46.0,-41.88875585305345,12.509132799656811,-45.0,4,6,1,3
2015-03-21 17:30:00,35,-44.0,-41.28312176598906,12.509132799656811,-46.0,4,6,1,3
2015-03-21 18:30:00,35,-44.0,-41.86800331261625,12.509132799656811,-46.0,4,6,1,3
2015-03-21 19:30:00,35,-44.0,-42.002441556761745,12.509132799656811,-46.0,4,6,1,3
2015-03-21 20:30:00,35,-47.0,-39.62547890199265,12.509132799656811,-44.0,4,6,1,3
2015-03-21 21:30:00,35,-40.0,-40.32081924319027,12.509132799656811,-44.0,4,6,1,3
2015-03-21 22:30:00,35,-43.0,-40.82105385603856,12.509132799656811,-44.0,4,6,1,3
2015-03-21 23:30:00,35,-41.0,-41.497651508207724,12.509132799656811,-47.0,4,6,1,3
2015-03-22 00:30:00,35,-39.0,-37.23032976495168,12.509132799656811,-40.0,4,6,1,3
2015-03-22 01:30:00,35,-42.0,-39.42861697071457,12.509132799656811,-43.0,4,6,1,3
2015-03-22 02:30:00,35,-36.0,-39.634551100541685,12.509132799656811,-41.0,4,6,1,3
2015-03-22 03:30:00,35,-33.0,-40.104478701060614,12.509132799656811,-39.0,4,6,1,3
2015-03-22 04:30:00,35,-40.0,-40.556912518519844,12.509132799656811,-42.0,4,6,1,3
2015-03-22 05:30:00,35,-43.0,-37.03531503157275,12.509132799656811,-36.0,4,6,1,3
2015-03-22 06:30:00,35,-45.0,-41.099205006687725,12.509132799656811,-33.0,4,6,1,3
2015-03-22 07:30:00,35,-56.0,-40.04886200643263,12.509132799656811,-40.0,4,6,1,3
2015-03-22 08:30:00,35,-50.0,-39.52583144734306,12.509132799656811,-43.0,4,6,1,3
2015-03-22 09:30:00,35,-50.0,-53.40983038196434,12.509132799656811,-45.0,4,6,1,3
2015-03-22 10:30:00,35,-45.0,-50.425354593992054,12.509132799656811,-56.0,4,6,1,3
2015-03-22 11:30:00,35,-33.0,-42.56738610537396,12.509132799656811,-50.0,4,6,1,3
2015-03-22 12:30:00,35,-41.0,-50.21121385527185,12.509132799656811,-50.0,4,6,1,3
2015-03-22 13:30:00,35,-48.0,-44.16887256082419,12.509132799656811,-45.0,4,6,1,3
2015-03-22 14:30:00,35,-55.0,-39.841006745292916,12.509132799656811,-33.0,4,6,1,3
2015-03-22 15:30:00,35,-51.0,-46.552133204982205,12.509132799656811,-41.0,4,6,1,3
2015-03-22 16:30:00,35,-49.0,-44.75154406710776,12.509132799656811,-48.0,4,6,1,3
2015-03-22 17:30:00,35,-52.0,-48.030394271514666,12.509132799656811,-55.0,4,6,1,3
2015-03-22 18:30:00,35,-54.0,-45.98346354976917,12.509132799656811,-51.0,4,6,1,3
2015-03-22 19:30:00,35,-52.0,-45.82657798386275,12.509132799656811,-49.0,4,6,1,3
2015-03-22 20:30:00,35,-47.0,-46.98974849151155,12.509132799656811,-52.0,4,6,1,3
2015-03-22 21:30:00,35,-46.0,-46.999139172456985,12.509132799656811,-54.0,4,6,1,3
2015-03-22 22:30:00,35,-45.0,-45.94020567827741,12.509132799656811,-52.0,4,6,1,3
2015-03-22 23:30:00,35,-44.0,-43.00299040305743,12.509132799656811,-47.0,4,6,1,3
2015-03-23 00:30:00,35,-40.0,-41.27758813435152,12.509132799656811,-46.0,4,6,1,3
2015-03-23 01:30:00,35,-45.0,-40.82285043798543,12.509132799656811,-45.0,4,6,1,3
2015-03-23 02:30:00,35,-46.0,-40.55165642154203,12.509132799656811,-44.0,4,6,1,3
2015-03-23 03:30:00,35,-47.0,-40.15654317953155,12.509132799656811,-40.0,4,6,1,3
2015-03-23 04:30:00,35,-50.0,-49.044050943296696,12.509132799656811,-45.0,4,6,1,3
2015-03-23 05:30:00,35,-47.0,-43.65312899270809,12.509132799656811,-46.0,4,6,1,3
2015-03-23 06:30:00,35,-44.0,-44.14110772048042,12.509132799656811,-47.0,4,6,1,3
2015-03-23 07:30:00,35,-46.0,-48.36916172169681,12.509132799656811,-50.0,4,6,1,3
2015-03-23 08:30:00,35,-47.0,-40.1454508926396,12.509132799656811,-47.0,4,6,1,3
2015-03-23 09:30:00,35,-44.0,-40.299588979158464,12.509132799656811,-44.0,4,6,1,3
2015-03-23 10:30:00,35,-46.0,-42.470658451837124,12.509132799656811,-46.0,4,6,1,3
2015-03-23 11:30:00,35,-42.0,-44.84995740247128,12.509132799656811,-47.0,4,6,1,3
2015-03-23 12:30:00,35,-36.0,-42.75199670132461,12.509132799656811,-44.0,4,6,1,3
2015-03-23 13:30:00,35,-35.0,-42.069823332344086,12.509132799656811,-46.0,4,6,1,3
2015-03-23 14:30:00,35,-32.0,-40.36237892104691,12.509132799656811,-42.0,4,6,1,3
2015-03-23 15:30:00,35,-37.0,-37.54954694574306,12.509132799656811,-36.0,4,6,1,3
2015-03-23 16:30:00,35,-39.0,-37.32448624185611,12.509132799656811,-35.0,4,6,1,3
2015-03-23 17:30:00,35,-35.0,-34.07977024136179,12.509132799656811,-32.0,4,6,1,3
2015-03-23 18:30:00,35,-36.0,-31.90350580895105,12.509132799656811,-37.0,4,6,1,3
2015-03-23 19:30:00,35,-37.0,-33.52248846451487,12.509132799656811,-39.0,4,6,1,3
2015-03-23 20:30:00,35,-40.0,-32.38730886283944,12.509132799656811,-35.0,4,6,1,3
2015-03-23 21:30:00,35,-50.0,-32.536087985410035,12.509132799656811,-36.0,4,6,1,3
2015-03-23 22:30:00,35,-47.0,-34.59129875183333,12.509132799656811,-37.0,4,6,1,3
2015-03-23 23:30:00,35,-47.0,-40.62932062877974,12.509132799656811,-40.0,4,6,1,3
2015-03-24 00:30:00,35,-48.0,-40.269047654780316,12.509132799656811,-50.0,4,6,1,3
2015-03-24 01:30:00,35,-48.0,-43.05775913830499,12.509132799656811,-47.0,4,6,1,3
2015-03-24 02:30:00,35,-45.0,-40.796948150942065,12.509132799656811,-47.0,4,6,1,3
2015-03-24 03:30:00,35,-40.0,-41.95462938700139,12.509132799656811,-48.0,4,6,1,3
2015-03-24 04:30:00,35,-34.0,-42.11883549827662,12.509132799656811,-48.0,4,6,1,3
2015-03-24 05:30:00,35,-33.0,-40.818068083572264,12.509132799656811,-45.0,4,6,1,3
2015-03-24 06:30:00,35,-32.0,-37.15124831104996,12.509132799656811,-40.0,4,6,1,3
2015-03-24 07:30:00,35,-29.0,-35.08279216033742,12.509132799656811,-34.0,4,6,1,3
2015-03-24 08:30:00,35,-30.0,-32.481607235025834,12.509132799656811,-33.0,4,6,1,3
2015-03-24 09:30:00,35,-29.0,-30.042184210776714,12.509132799656811,-32.0,4,6,1,3
2015-03-24 10:30:00,35,-26.0,-28.694315951057188,12.509132799656811,-29.0,4,6,1,3
2015-03-24 11:30:00,35,-31.0,-28.780424491548164,12.509132799656811,-30.0,4,6,1,3
2015-03-24 12:30:00,35,-32.0,-27.644952284171033,12.509132799656811,-29.0,4,6,1,3
2015-03-24 13:30:00,35,-30.0,-26.927898836879912,12.509132799656811,-26.0,4,6,1,3
2015-03-24 14:30:00,35,-28.0,-31.614931166669933,12.509132799656811,-31.0,4,6,1,3
2015-03-24 15:30:00,35,-26.0,-29.431643504292698,12.509132799656811,-32.0,4,6,1,3
2015-03-24 16:30:00,35,-33.0,-29.291276653466262,12.509132799656811,-30.0,4,6,1,3
2015-03-24 17:30:00,35,-34.0,-27.420856695688904,12.509132799656811,-28.0,4,6,1,3
2015-03-24 18:30:00,35,-31.0,-28.134046837767915,12.509132799656811,-26.0,4,6,1,3
2015-03-24 19:30:00,35,-31.0,-31.338421479979026,12.509132799656811,-33.0,4,6,1,3
2015-03-24 20:30:00,35,-28.0,-29.132985215267134,12.509132799656811,-34.0,4,6,1,3
2015-03-24 21:30:00,35,-28.0,-27.758555808046683,12.509132799656811,-31.0,4,6,1,3
2015-03-24 22:30:00,35,-34.0,-26.091194112492825,12.509132799656811,-31.0,4,6,1,3
2015-03-24 23:30:00,35,-34.0,-26.23725753282568,12.509132799656811,-28.0,4,6,1,3
2015-03-25 00:30:00,35,-30.0,-27.228270106223285,12.509132799656811,-28.0,4,6,1,3
2015-03-25 01:30:00,35,-30.0,-30.19157278637954,12.509132799656811,-34.0,4,6,1,3
2015-03-25 02:30:00,35,-36.0,-29.484288360059228,12.509132799656811,-34.0,4,6,1,3
2015-03-25 03:30:00,35,-34.0,-28.022868045494185,12.509132799656811,-30.0,4,6,1,3
2015-03-25 04:30:00,35,-32.0,-30.760842226409192,12.509132799656811,-30.0,4,6,1,3
2015-03-25 05:30:00,35,-34.0,-30.338972695340168,12.509132799656811,-36.0,4,6,1,3
2015-03-25 06:30:00,35,-33.0,-30.32496842721573,12.509132799656811,-34.0,4,6,1,3
2015-03-25 07:30:00,35,-32.0,-31.54027697352735,12.509132799656811,-32.0,4,6,1,3
2015-03-25 08:30:00,35,-31.0,-30.577913402345104,12.509132799656811,-34.0,4,6,1,3
2015-03-25 09:30:00,35,-28.0,-29.759898049621004,12.509132799656811,-33.0,4,6,1,3
2015-03-25 10:30:00,35,-17.0,-27.88086072596698,12.509132799656811,-32.0,4,6,1,3
2015-03-25 11:30:00,35,-13.0,-28.438796102624735,12.509132799656811,-31.0,4,6,1,3
2015-03-25 12:30:00,35,-5.0,-26.464275197294832,12.509132799656811,-28.0,4,6,1,3
2015-03-25 13:30:00,35,-5.0,-20.704124661463595,12.509132799656811,-17.0,4,6,1,3
2015-03-25 14:30:00,35,-4.0,-18.802576603928642,12.509132799656811,-13.0,4,6,1,3
2015-03-25 15:30:00,35,-12.0,-17.314194621813265,12.509132799656811,-5.0,4,6,1,3
2015-03-25 16:30:00,35,-22.0,-15.246605766912364,12.509132799656811,-5.0,4,6,1,3
2015-03-25 17:30:00,35,-17.0,-14.743077136135536,12.509132799656811,-4.0,4,6,1,3
2015-03-25 18:30:00,35,-17.0,-15.395087947302205,12.509132799656811,-12.0,4,6,1,3
2015-03-25 19:30:00,35,-22.0,-18.6115929477385,12.509132799656811,-22.0,4,6,1,3
2015-03-25 20:30:00,35,-28.0,-15.822301371277522,12.509132799656811,-17.0,4,6,1,3
2015-03-25 21:30:00,35,-32.0,-17.1239980721171,12.509132799656811,-17.0,4,6,1,3
2015-03-25 22:30:00,35,-33.0,-20.09127808555775,12.509132799656811,-22.0,4,6,1,3
2015-03-25 23:30:00,35,-31.0,-22.553852789510568,12.509132799656811,-28.0,4,6,1,3
2015-03-26 00:30:00,35,-29.0,-24.42804434663143,12.509132799656811,-32.0,4,6,1,3
2015-03-26 01:30:00,35,-25.0,-26.902639201815006,12.509132799656811,-33.0,4,6,1,3
2015-03-26 02:30:00,35,-25.0,-27.16834167179468,12.509132799656811,-31.0,4,6,1,3
2015-03-26 03:30:00,35,-23.0,-26.00505372376221,12.509132799656811,-29.0,4,6,1,3
2015-03-26 04:30:00,35,-23.0,-22.91199250017264,12.509132799656811,-25.0,4,6,1,3
2015-03-26 05:30:00,35,-26.0,-22.88408889249901,12.509132799656811,-25.0,4,6,1,3
2015-03-26 06:30:00,35,-27.0,-21.21565971219863,12.509132799656811,-23.0,4,6,1,3
2015-03-26 07:30:00,35,-21.0,-22.935432235829513,12.509132799656811,-23.0,4,6,1,3
2015-03-26 08:30:00,35,-18.0,-24.178467891562608,12.509132799656811,-26.0,4,6,1,3
2015-03-26 09:30:00,35,-15.0,-23.960428018360698,12.509132799656811,-27.0,4,6,1,3
2015-03-26 10:30:00,35,-15.0,-18.07548470524653,12.509132799656811,-21.0,4,6,1,3
2015-03-26 11:30:00,35,-10.0,-17.722921280114377,12.509132799656811,-18.0,4,6,1,3
2015-03-26 12:30:00,35,-9.0,-15.785181110539344,12.509132799656811,-15.0,4,6,1,3
2015-03-26 13:30:00,35,-13.0,-14.946723879894183,12.509132799656811,-15.0,4,6,1,3
2015-03-26 14:30:00,35,-11.0,-11.26042322164604,12.509132799656811,-10.0,4,6,1,3
2015-03-26 15:30:00,35,-16.0,-9.812160921980702,12.509132799656811,-9.0,4,6,1,3
2015-03-26 16:30:00,35,-20.0,-13.754984363850696,12.509132799656811,-13.0,4,6,1,3
2015-03-26 17:30:00,35,-20.0,-10.20271588469263,12.509132799656811,-11.0,4,6,1,3
2015-03-26 18:30:00,35,-21.0,-14.673185036807244,12.509132799656811,-16.0,4,6,1,3
2015-03-26 19:30:00,35,-20.0,-16.611909089499747,12.509132799656811,-20.0,4,6,1,3
2015-03-26 20:30:00,35,-27.0,-17.48990249734725,12.509132799656811,-20.0,4,6,1,3
2015-03-26 21:30:00,35,-30.0,-17.8808828615458,12.509132799656811,-21.0,4,6,1,3
2015-03-26 22:30:00,35,-31.0,-19.986809034914003,12.509132799656811,-20.0,4,6,1,3
2015-03-26 23:30:00,35,-29.0,-26.200345991800862,12.509132799656811,-27.0,4,6,1,3
2015-03-27 00:30:00,35,-28.0,-25.7000198152636,12.509132799656811,-30.0,4,6,1,3
2015-03-27 01:30:00,35,-29.0,-29.472166976923894,12.509132799656811,-31.0,4,6,1,3
2015-03-27 02:30:00,35,-27.0,-28.219241447524922,12.509132799656811,-29.0,4,6,1,3
2015-03-27 03:30:00,35,-27.0,-26.6826375339231,12.509132799656811,-28.0,4,6,1,3
2015-03-27 04:30:00,35,-25.0,-26.90121342437253,12.509132799656811,-29.0,4,6,1,3
2015-03-27 05:30:00,35,-30.0,-26.741873837858087,12.509132799656811,-27.0,4,6,1,3
2015-03-27 06:30:00,35,-35.0,-25.01620114347451,12.509132799656811,-27.0,4,6,1,3
2015-03-27 07:30:00,35,-29.0,-26.155560542243485,12.509132799656811,-25.0,4,6,1,3
2015-03-27 08:30:00,35,-23.0,-29.03470254299392,12.509132799656811,-30.0,4,6,1,3
2015-03-27 09:30:00,35,-27.0,-28.078885117991938,12.509132799656811,-35.0,4,6,1,3
2015-03-27 10:30:00,35,-23.0,-26.645695850814334,12.509132799656811,-29.0,4,6,1,3
2015-03-27 11:30:00,35,-22.0,-24.41949480044364,12.509132799656811,-23.0,4,6,1,3
2015-03-27 12:30:00,35,-22.0,-24.060428647239167,12.509132799656811,-27.0,4,6,1,3
2015-03-27 13:30:00,35,-23.0,-24.340481592769724,12.509132799656811,-23.0,4,6,1,3
2015-03-27 14:30:00,35,-29.0,-20.59206208053984,12.509132799656811,-22.0,4,6,1,3
2015-03-27 15:30:00,35,-30.0,-23.802454493839413,12.509132799656811,-22.0,4,6,1,3
2015-03-27 16:30:00,35,-26.0,-27.140505457270997,12.509132799656811,-23.0,4,6,1,3
2015-03-27 17:30:00,35,-23.0,-25.613195826817844,12.509132799656811,-29.0,4,6,1,3
2015-03-27 18:30:00,35,-23.0,-24.744368456082604,12.509132799656811,-30.0,4,6,1,3
2015-03-27 19:30:00,35,-23.0,-22.867887238019016,12.509132799656811,-26.0,4,6,1,3
2015-03-27 20:30:00,35,-21.0,-19.96719961879247,12.509132799656811,-23.0,4,6,1,3
2015-03-27 21:30:00,35,-20.0,-21.849071151415224,12.509132799656811,-23.0,4,6,1,3
2015-03-27 22:30:00,35,-21.0,-19.521723504257565,12.509132799656811,-23.0,4,6,1,3
