time,event_no,DST_true,DST_pred,sigma_nT,DST_persist,fold,L_value,L_idx,H
1998-04-26 04:30:00,1,-22.0,-24.994000429870688,19.1452101604981,,4,42,7,6
1998-04-26 05:30:00,1,-21.0,-24.35883935513767,19.1452101604981,,4,42,7,6
1998-04-26 06:30:00,1,-36.0,-27.994790028001933,19.1452101604981,,4,42,7,6
1998-04-26 07:30:00,1,-38.0,-29.91951009289644,19.1452101604981,,4,42,7,6
1998-04-26 08:30:00,1,-40.0,-34.530651123890756,19.1452101604981,,4,42,7,6
1998-04-26 09:30:00,1,-36.0,-28.82831921339694,19.1452101604981,,4,42,7,6
1998-04-26 10:30:00,1,-27.0,-26.25363357232453,19.1452101604981,-22.0,4,42,7,6
1998-04-26 11:30:00,1,-22.0,-26.427713928937326,19.1452101604981,-21.0,4,42,7,6
1998-04-26 12:30:00,1,-26.0,-32.37096344764365,19.1452101604981,-36.0,4,42,7,6
1998-04-26 13:30:00,1,-29.0,-36.52578922285207,19.1452101604981,-38.0,4,42,7,6
1998-04-26 14:30:00,1,-44.0,-36.308095031715645,19.1452101604981,-40.0,4,42,7,6
1998-04-26 15:30:00,1,-51.0,-31.548331398517355,19.1452101604981,-36.0,4,42,7,6
1998-04-26 16:30:00,1,-60.0,-27.672394321453517,19.1452101604981,-27.0,4,42,7,6
1998-04-26 17:30:00,1,-63.0,-27.52168257823473,19.1452101604981,-22.0,4,42,7,6
1998-04-26 18:30:00,1,-60.0,-27.325741091921103,19.1452101604981,-26.0,4,42,7,6
1998-04-26 19:30:00,1,-57.0,-35.64405922015707,19.1452101604981,-29.0,4,42,7,6
1998-04-26 20:30:00,1,-52.0,-47.157298347809494,19.1452101604981,-44.0,4,42,7,6
1998-04-26 21:30:00,1,-50.0,-52.15520152873907,19.1452101604981,-51.0,4,42,7,6
1998-04-26 22:30:00,1,-47.0,-56.9805178839497,19.1452101604981,-60.0,4,42,7,6
1998-04-26 23:30:00,1,-39.0,-53.278722788362316,19.1452101604981,-63.0,4,42,7,6
1998-04-27 00:30:00,1,-32.0,-47.64372200042747,19.1452101604981,-60.0,4,42,7,6
1998-04-27 01:30:00,1,-33.0,-42.85990243312702,19.1452101604981,-57.0,4,42,7,6
1998-04-27 02:30:00,1,-34.0,-38.379782984019805,19.1452101604981,-52.0,4,42,7,6
1998-04-27 03:30:00,1,-31.0,-41.71024118534488,19.1452101604981,-50.0,4,42,7,6
1998-04-27 04:30:00,1,-36.0,-43.940682198867435,19.1452101604981,-47.0,4,42,7,6
1998-04-27 05:30:00,1,-33.0,-39.55915497385341,19.1452101604981,-39.0,4,42,7,6
1998-04-27 06:30:00,1,-26.0,-37.951557038731096,19.1452101604981,-32.0,4,42,7,6
1998-04-27 07:30:00,1,-28.0,-39.248754023786866,19.1452101604981,-33.0,4,42,7,6
1998-04-27 08:30:00,1,-32.0,-36.85675659911591,19.1452101604981,-34.0,4,42,7,6
1998-04-27 09:30:00,1,-27.0,-35.67529837510068,19.1452101604981,-31.0,4,42,7,6
1998-04-27 10:30:00,1,-21.0,-36.34686724487533,19.1452101604981,-36.0,4,42,7,6
1998-04-27 11:30:00,1,-20.0,-34.22499623304699,19.1452101604981,-33.0,4,42,7,6
1998-04-27 12:30:00,1,-20.0,-31.361578411922412,19.1452101604981,-26.0,4,42,7,6
1998-04-27 13:30:00,1,-21.0,-31.0547354256824,19.1452101604981,-28.0,4,42,7,6
1998-04-27 14:30:00,1,-24.0,-31.63596195464497,19.1452101604981,-32.0,4,42,7,6
1998-04-27 15:30:00,1,-28.0,-29.21468385389325,19.1452101604981,-27.0,4,42,7,6
1998-04-27 16:30:00,1,-30.0,-27.336195226811412,19.1452101604981,-21.0,4,42,7,6
1998-04-27 17:30:00,1,-29.0,-27.008297466397917,19.1452101604981,-20.0,4,42,7,6
1998-04-27 18:30:00,1,-27.0,-26.88091771047492,19.1452101604981,-20.0,4,42,7,6
1998-04-27 19:30:00,1,-25.0,-28.635491526798166,19.1452101604981,-21.0,4,42,7,6
1998-04-27 20:30:00,1,-27.0,-27.068652625321995,19.1452101604981,-24.0,4,42,7,6
1998-04-27 21:30:00,1,-27.0,-26.44022319489411,19.1452101604981,-28.0,4,42,7,6
1998-04-27 22:30:00,1,-24.0,-25.716981586255415,19.1452101604981,-30.0,4,42,7,6
1998-04-27 23:30:00,1,-17.0,-23.648895345617326,19.1452101604981,-29.0,4,42,7,6
1998-04-28 00:30:00,1,-14.0,-24.760528820220156,19.1452101604981,-27.0,4,42,7,6
1998-04-28 01:30:00,1,-18.0,-24.156774915389228,19.1452101604981,-25.0,4,42,7,6
1998-04-28 02:30:00,1,-21.0,-22.99614851144169,19.1452101604981,-27.0,4,42,7,6
1998-04-28 03:30:00,1,-24.0,-21.51768198992363,19.1452101604981,-27.0,4,42,7,6
1998-04-28 04:30:00,1,-25.0,-20.974171621622226,19.1452101604981,-24.0,4,42,7,6
1998-04-28 05:30:00,1,-17.0,-19.747498479361433,19.1452101604981,-17.0,4,42,7,6
1998-04-28 06:30:00,1,-16.0,-20.32795702299478,19.1452101604981,-14.0,4,42,7,6
1998-04-28 07:30:00,1,-19.0,-22.01160759764252,19.1452101604981,-18.0,4,42,7,6
1998-04-28 08:30:00,1,-20.0,-23.428310890238482,19.1452101604981,-21.0,4,42,7,6
1998-04-28 09:30:00,1,-18.0,-25.47979620651928,19.1452101604981,-24.0,4,42,7,6
1998-04-28 10:30:00,1,-16.0,-22.257436155190597,19.1452101604981,-25.0,4,42,7,6
1998-04-28 11:30:00,1,-11.0,-20.529930769547647,19.1452101604981,-17.0,4,42,7,6
1998-04-28 12:30:00,1,-13.0,-20.450920717933077,19.1452101604981,-16.0,4,42,7,6
1998-04-28 13:30:00,1,-16.0,-20.10919108246061,19.1452101604981,-19.0,4,42,7,6
1998-04-28 14:30:00,1,-21.0,-20.027495116976993,19.1452101604981,-20.0,4,42,7,6
1998-04-28 15:30:00,1,-23.0,-19.675153214888592,19.1452101604981,-18.0,4,42,7,6
1998-04-28 16:30:00,1,-24.0,-18.90071587871259,19.1452101604981,-16.0,4,42,7,6
1998-04-28 17:30:00,1,-25.0,-18.173284360711502,19.1452101604981,-11.0,4,42,7,6
1998-04-28 18:30:00,1,-24.0,-17.670111535243457,19.1452101604981,-13.0,4,42,7,6
1998-04-28 19:30:00,1,-22.0,-18.577815545922107,19.1452101604981,-16.0,4,42,7,6
1998-04-28 20:30:00,1,-25.0,-18.988721997688558,19.1452101604981,-21.0,4,42,7,6
1998-04-28 21:30:00,1,-25.0,-18.393228150054913,19.1452101604981,-23.0,4,42,7,6
1998-04-28 22:30:00,1,-25.0,-20.08388651816099,19.1452101604981,-24.0,4,42,7,6
1998-04-28 23:30:00,1,-19.0,-20.326326870940925,19.1452101604981,-25.0,4,42,7,6
1998-04-29 00:30:00,1,-16.0,-18.015901435317968,19.1452101604981,-24.0,4,42,7,6
1998-04-29 01:30:00,1,-19.0,-17.547423408091728,19.1452101604981,-22.0,4,42,7,6
1998-04-29 02:30:00,1,-18.0,-19.58936559100446,19.1452101604981,-25.0,4,42,7,6
1998-04-29 03:30:00,1,-14.0,-22.18190500153975,19.1452101604981,-25.0,4,42,7,6
1998-04-29 04:30:00,1,-16.0,-21.28480976927721,19.1452101604981,-25.0,4,42,7,6
1998-04-29 05:30:00,1,-16.0,-18.42908219337353,19.1452101604981,-19.0,4,42,7,6
1998-04-29 06:30:00,1,-12.0,-17.88333821444769,19.1452101604981,-16.0,4,42,7,6
1998-04-29 07:30:00,1,-12.0,-18.038100339035672,19.1452101604981,-19.0,4,42,7,6
1998-04-29 08:30:00,1,-11.0,-17.282463237209736,19.1452101604981,-18.0,4,42,7,6
1998-04-29 09:30:00,1,-8.0,-15.968373481744234,19.1452101604981,-14.0,4,42,7,6
1998-04-29 10:30:00,1,-10.0,-15.731781677345822,19.1452101604981,-16.0,4,42,7,6
1998-04-29 11:30:00,1,-14.0,-15.972837214793273,19.1452101604981,-16.0,4,42,7,6
1998-04-29 12:30:00,1,-13.0,-14.763944589798932,19.1452101604981,-12.0,4,42,7,6
1998-04-29 13:30:00,1,-9.0,-14.04477777992824,19.1452101604981,-12.0,4,42,7,6
1998-04-29 14:30:00,1,-11.0,-13.115342284309097,19.1452101604981,-11.0,4,42,7,6
1998-04-29 15:30:00,1,-13.0,-13.003550130692805,19.1452101604981,-8.0,4,42,7,6
1998-04-29 16:30:00,1,-13.0,-13.338412663433406,19.1452101604981,-10.0,4,42,7,6
1998-04-29 17:30:00,1,-11.0,-13.4819823175004,19.1452101604981,-14.0,4,42,7,6
1998-04-29 18:30:00,1,-10.0,-12.868454476745995,19.1452101604981,-13.0,4,42,7,6
1998-04-29 19:30:00,1,-12.0,-11.25658756639848,19.1452101604981,-9.0,4,42,7,6
1998-04-29 20:30:00,1,-13.0,-10.33191927721358,19.1452101604981,-11.0,4,42,7,6
1998-04-29 21:30:00,1,-12.0,-10.150353825132385,19.1452101604981,-13.0,4,42,7,6
1998-04-29 22:30:00,1,-5.0,-10.032036412367564,19.1452101604981,-13.0,4,42,7,6
1998-04-29 23:30:00,1,-4.0,-10.240351706211246,19.1452101604981,-11.0,4,42,7,6
1998-04-30 00:30:00,1,-4.0,-11.148790564320738,19.1452101604981,-10.0,4,42,7,6
1998-04-30 01:30:00,1,-4.0,-10.936001072828521,19.1452101604981,-12.0,4,42,7,6
1998-04-30 02:30:00,1,-3.0,-11.580480873407211,19.1452101604981,-13.0,4,42,7,6
1998-04-30 03:30:00,1,-4.0,-11.427974451375924,19.1452101604981,-12.0,4,42,7,6
1998-04-30 04:30:00,1,-2.0,-9.336342861885775,19.1452101604981,-5.0,4,42,7,6
1998-04-30 05:30:00,1,2.0,-8.84233935103735,19.1452101604981,-4.0,4,42,7,6
1998-04-30 06:30:00,1,8.0,-9.13333660818325,19.1452101604981,-4.0,4,42,7,6
1998-04-30 07:30:00,1,9.0,-9.40658590459444,19.1452101604981,-4.0,4,42,7,6
1998-04-30 08:30:00,1,9.0,-8.688419045341664,19.1452101604981,-3.0,4,42,7,6
1998-04-30 09:30:00,1,20.0,-8.339752543140737,19.1452101604981,-4.0,4,42,7,6
1998-04-30 10:30:00,1,34.0,-7.673631950817132,19.1452101604981,-2.0,4,42,7,6
1998-04-30 11:30:00,1,31.0,-6.599457091454692,19.1452101604981,2.0,4,42,7,6
1998-04-30 12:30:00,1,28.0,-5.09584297462936,19.1452101604981,8.0,4,42,7,6
1998-04-30 13:30:00,1,30.0,-4.7036437385508485,19.1452101604981,9.0,4,42,7,6
1998-04-30 14:30:00,1,17.0,-5.249207493818808,19.1452101604981,9.0,4,42,7,6
1998-04-30 15:30:00,1,-3.0,-4.120435330718234,19.1452101604981,20.0,4,42,7,6
1998-04-30 16:30:00,1,-11.0,-4.806008450760103,19.1452101604981,34.0,4,42,7,6
1998-04-30 17:30:00,1,-9.0,-10.607354512184866,19.1452101604981,31.0,4,42,7,6
1998-04-30 18:30:00,1,-9.0,-14.399918381013524,19.1452101604981,28.0,4,42,7,6
1998-04-30 19:30:00,1,-9.0,-18.45178223513347,19.1452101604981,30.0,4,42,7,6
1998-04-30 20:30:00,1,-15.0,-42.16727849849557,19.1452101604981,17.0,4,42,7,6
1998-04-30 21:30:00,1,-18.0,-45.22608906849803,19.1452101604981,-3.0,4,42,7,6
1998-04-30 22:30:00,1,-16.0,-42.147434129663075,19.1452101604981,-11.0,4,42,7,6
1998-04-30 23:30:00,1,-8.0,-30.66001189566029,19.1452101604981,-9.0,4,42,7,6
1998-05-01 00:30:00,1,-1.0,-19.98665992430123,19.1452101604981,-9.0,4,42,7,6
1998-05-01 01:30:00,1,6.0,-19.71968241118426,19.1452101604981,-9.0,4,42,7,6
1998-05-01 02:30:00,1,3.0,-26.038152934663522,19.1452101604981,-15.0,4,42,7,6
1998-05-01 03:30:00,1,1.0,-21.985201924929918,19.1452101604981,-18.0,4,42,7,6
1998-05-01 04:30:00,1,-1.0,-18.876361267499984,19.1452101604981,-16.0,4,42,7,6
1998-05-01 05:30:00,1,-5.0,-9.571354511761225,19.1452101604981,-8.0,4,42,7,6
1998-05-01 06:30:00,1,-4.0,-2.64233855838215,19.1452101604981,-1.0,4,42,7,6
1998-05-01 07:30:00,1,-13.0,0.5888669863486058,19.1452101604981,6.0,4,42,7,6
1998-05-01 08:30:00,1,-10.0,1.1015230644209666,19.1452101604981,3.0,4,42,7,6
1998-05-01 09:30:00,1,-4.0,1.1975136728076592,19.1452101604981,1.0,4,42,7,6
1998-05-01 10:30:00,1,0.0,-2.127170976432236,19.1452101604981,-1.0,4,42,7,6
1998-05-01 11:30:00,1,0.0,-2.100893204380064,19.1452101604981,-5.0,4,42,7,6
1998-05-01 12:30:00,1,0.0,-2.669425592794866,19.1452101604981,-4.0,4,42,7,6
1998-05-01 13:30:00,1,-4.0,-6.796591542110161,19.1452101604981,-13.0,4,42,7,6
1998-05-01 14:30:00,1,-2.0,-2.493871471753927,19.1452101604981,-10.0,4,42,7,6
1998-05-01 15:30:00,1,0.0,0.8888568226560736,19.1452101604981,-4.0,4,42,7,6
1998-05-01 16:30:00,1,-4.0,3.0698444644563807,19.1452101604981,0.0,4,42,7,6
1998-05-01 17:30:00,1,-1.0,2.8257890751551855,19.1452101604981,0.0,4,42,7,6
1998-05-01 18:30:00,1,1.0,-2.5699491100447958,19.1452101604981,0.0,4,42,7,6
1998-05-01 19:30:00,1,-4.0,-3.4089913952710162,19.1452101604981,-4.0,4,42,7,6
1998-05-01 20:30:00,1,-5.0,0.5411484126751063,19.1452101604981,-2.0,4,42,7,6
1998-05-01 21:30:00,1,-2.0,1.307919848358189,19.1452101604981,0.0,4,42,7,6
1998-05-01 22:30:00,1,21.0,-0.13961564253456515,19.1452101604981,-4.0,4,42,7,6
1998-05-01 23:30:00,1,19.0,-0.2551052879705864,19.1452101604981,-1.0,4,42,7,6
1998-05-02 00:30:00,1,12.0,-2.7523633574179414,19.1452101604981,1.0,4,42,7,6
1998-05-02 01:30:00,1,12.0,-1.9229903621202986,19.1452101604981,-4.0,4,42,7,6
1998-05-02 02:30:00,1,17.0,-1.8107586953254362,19.1452101604981,-5.0,4,42,7,6
1998-05-02 03:30:00,1,14.0,-2.224426638623914,19.1452101604981,-2.0,4,42,7,6
1998-05-02 04:30:00,1,9.0,-0.4196041410171887,19.1452101604981,21.0,4,42,7,6
1998-05-02 05:30:00,1,-5.0,-3.409058833801062,19.1452101604981,19.0,4,42,7,6
1998-05-02 06:30:00,1,-5.0,-5.483205240277027,19.1452101604981,12.0,4,42,7,6
1998-05-02 07:30:00,1,-24.0,-6.044482173045566,19.1452101604981,12.0,4,42,7,6
1998-05-02 08:30:00,1,-24.0,-8.329566999637326,19.1452101604981,17.0,4,42,7,6
1998-05-02 09:30:00,1,-2.0,-7.41038448605164,19.1452101604981,14.0,4,42,7,6
1998-05-02 10:30:00,1,-29.0,-33.59010571181327,19.1452101604981,9.0,4,42,7,6
1998-05-02 11:30:00,1,-55.0,-50.88601420695103,19.1452101604981,-5.0,4,42,7,6
1998-05-02 12:30:00,1,-46.0,-54.79809775475257,19.1452101604981,-5.0,4,42,7,6
1998-05-02 13:30:00,1,-52.0,-60.39291680611312,19.1452101604981,-24.0,4,42,7,6
1998-05-02 14:30:00,1,-76.0,-47.919216534795865,19.1452101604981,-24.0,4,42,7,6
1998-05-02 15:30:00,1,-72.0,-31.106909011905366,19.1452101604981,-2.0,4,42,7,6
1998-05-02 16:30:00,1,-78.0,-51.88625201998491,19.1452101604981,-29.0,4,42,7,6
1998-05-02 17:30:00,1,-85.0,-69.8298275129543,19.1452101604981,-55.0,4,42,7,6
1998-05-02 18:30:00,1,-82.0,-69.23979851172089,19.1452101604981,-46.0,4,42,7,6
1998-05-02 19:30:00,1,-77.0,-69.57190536659584,19.1452101604981,-52.0,4,42,7,6
1998-05-02 20:30:00,1,-68.0,-78.8382989129505,19.1452101604981,-76.0,4,42,7,6
1998-05-02 21:30:00,1,-58.0,-74.00316094975204,19.1452101604981,-72.0,4,42,7,6
1998-05-02 22:30:00,1,-46.0,-74.58493221925474,19.1452101604981,-78.0,4,42,7,6
1998-05-02 23:30:00,1,-36.0,-76.2175120601924,19.1452101604981,-85.0,4,42,7,6
1998-05-03 00:30:00,1,-28.0,-73.06457009231261,19.1452101604981,-82.0,4,42,7,6
1998-05-03 01:30:00,1,-43.0,-68.98980155537603,19.1452101604981,-77.0,4,42,7,6
1998-05-03 02:30:00,1,-44.0,-62.98114712712517,19.1452101604981,-68.0,4,42,7,6
1998-05-03 03:30:00,1,-54.0,-55.999182625794234,19.1452101604981,-58.0,4,42,7,6
1998-05-03 04:30:00,1,-62.0,-49.18560632032029,19.1452101604981,-46.0,4,42,7,6
1998-05-03 05:30:00,1,-55.0,-44.114602679654695,19.1452101604981,-36.0,4,42,7,6
1998-05-03 06:30:00,1,-69.0,-39.35825733694808,19.1452101604981,-28.0,4,42,7,6
1998-05-03 07:30:00,1,-67.0,-41.45970297665975,19.1452101604981,-43.0,4,42,7,6
1998-05-03 08:30:00,1,-66.0,-42.24308580129962,19.1452101604981,-44.0,4,42,7,6
1998-05-03 09:30:00,1,-49.0,-46.689024961639944,19.1452101604981,-54.0,4,42,7,6
1998-05-03 10:30:00,1,-49.0,-51.673362533430904,19.1452101604981,-62.0,4,42,7,6
1998-05-03 11:30:00,1,-66.0,-47.90428471405719,19.1452101604981,-55.0,4,42,7,6
1998-05-03 12:30:00,1,-49.0,-53.87793040608156,19.1452101604981,-69.0,4,42,7,6
1998-05-03 13:30:00,1,-48.0,-54.64560296005405,19.1452101604981,-67.0,4,42,7,6
1998-05-03 14:30:00,1,-42.0,-54.35629864255894,19.1452101604981,-66.0,4,42,7,6
1998-05-03 15:30:00,1,-41.0,-47.42805823227539,19.1452101604981,-49.0,4,42,7,6
1998-05-03 16:30:00,1,-59.0,-44.64014707473203,19.1452101604981,-49.0,4,42,7,6
1998-05-03 17:30:00,1,-56.0,-50.03288773354481,19.1452101604981,-66.0,4,42,7,6
1998-05-03 18:30:00,1,-53.0,-46.24759792409485,19.1452101604981,-49.0,4,42,7,6
1998-05-03 19:30:00,1,-53.0,-43.599040931123994,19.1452101604981,-48.0,4,42,7,6
1998-05-03 20:30:00,1,-70.0,-39.53576543126042,19.1452101604981,-42.0,4,42,7,6
1998-05-03 21:30:00,1,-49.0,-37.95187097671579,19.1452101604981,-41.0,4,42,7,6
1998-05-03 22:30:00,1,-57.0,-43.86172563298359,19.1452101604981,-59.0,4,42,7,6
1998-05-03 23:30:00,1,-61.0,-46.56425554192302,19.1452101604981,-56.0,4,42,7,6
1998-05-04 00:30:00,1,-60.0,-51.06359962302628,19.1452101604981,-53.0,4,42,7,6
1998-05-04 01:30:00,1,-58.0,-52.66231485728166,19.1452101604981,-53.0,4,42,7,6
1998-05-04 02:30:00,1,-62.0,-64.59685803368527,19.1452101604981,-70.0,4,42,7,6
1998-05-04 03:30:00,1,-76.0,-57.12334338871964,19.1452101604981,-49.0,4,42,7,6
1998-05-04 04:30:00,1,-162.0,-57.27990309895331,19.1452101604981,-57.0,4,42,7,6
1998-05-04 05:30:00,1,-205.0,-59.83973017148348,19.1452101604981,-61.0,4,42,7,6
1998-05-04 06:30:00,1,-192.0,-57.96872954670324,19.1452101604981,-60.0,4,42,7,6
1998-05-04 07:30:00,1,-185.0,-56.77401877948413,19.1452101604981,-58.0,4,42,7,6
1998-05-04 08:30:00,1,-170.0,-56.96186996765887,19.1452101604981,-62.0,4,42,7,6
1998-05-04 09:30:00,1,-135.0,-94.14483603015412,19.1452101604981,-76.0,4,42,7,6
1998-05-04 10:30:00,1,-125.0,-157.78262354085697,19.1452101604981,-162.0,4,42,7,6
1998-05-04 11:30:00,1,-136.0,-164.36907966720406,19.1452101604981,-205.0,4,42,7,6
1998-05-04 12:30:00,1,-139.0,-134.6440918076319,19.1452101604981,-192.0,4,42,7,6
1998-05-04 13:30:00,1,-111.0,-121.58702499675641,19.1452101604981,-185.0,4,42,7,6
1998-05-04 14:30:00,1,-105.0,-114.88647217943873,19.1452101604981,-170.0,4,42,7,6
1998-05-04 15:30:00,1,-110.0,-105.4862991932064,19.1452101604981,-135.0,4,42,7,6
1998-05-04 16:30:00,1,-116.0,-102.0023642689307,19.1452101604981,-125.0,4,42,7,6
1998-05-04 17:30:00,1,-113.0,-107.29149841639477,19.1452101604981,-136.0,4,42,7,6
1998-05-04 18:30:00,1,-108.0,-108.29364892566872,19.1452101604981,-139.0,4,42,7,6
1998-05-04 19:30:00,1,-106.0,-97.93634646263416,19.1452101604981,-111.0,4,42,7,6
1998-05-04 20:30:00,1,-101.0,-90.44313511596215,19.1452101604981,-105.0,4,42,7,6
1998-05-04 21:30:00,1,-96.0,-92.21784747263689,19.1452101604981,-110.0,4,42,7,6
1998-05-04 22:30:00,1,-85.0,-96.36918664677363,19.1452101604981,-116.0,4,42,7,6
1998-05-04 23:30:00,1,-78.0,-94.38930302703525,19.1452101604981,-113.0,4,42,7,6
1998-05-05 00:30:00,1,-74.0,-89.97996729161035,19.1452101604981,-108.0,4,42,7,6
1998-05-05 01:30:00,1,-72.0,-86.60722687604672,19.1452101604981,-106.0,4,42,7,6
1998-05-05 02:30:00,1,-68.0,-84.60800932738431,19.1452101604981,-101.0,4,42,7,6
1998-05-05 03:30:00,1,-89.0,-82.20208163135085,19.1452101604981,-96.0,4,42,7,6
1998-05-05 04:30:00,1,-119.0,-76.2017546988273,19.1452101604981,-85.0,4,42,7,6
1998-05-05 05:30:00,1,-114.0,-68.53959588159228,19.1452101604981,-78.0,4,42,7,6
1998-05-05 06:30:00,1,-105.0,-64.40460706279171,19.1452101604981,-74.0,4,42,7,6
1998-05-05 07:30:00,1,-104.0,-61.95590008404394,19.1452101604981,-72.0,4,42,7,6
1998-05-05 08:30:00,1,-109.0,-64.48299388937,19.1452101604981,-68.0,4,42,7,6
1998-05-05 09:30:00,1,-107.0,-80.81941968089522,19.1452101604981,-89.0,4,42,7,6
1998-05-05 10:30:00,1,-104.0,-95.56875175726512,19.1452101604981,-119.0,4,42,7,6
1998-05-05 11:30:00,1,-102.0,-94.17945292526639,19.1452101604981,-114.0,4,42,7,6
1998-05-05 12:30:00,1,-97.0,-83.64612659694711,19.1452101604981,-105.0,4,42,7,6
1998-05-05 13:30:00,1,-90.0,-81.92738822021008,19.1452101604981,-104.0,4,42,7,6
1998-05-05 14:30:00,1,-95.0,-84.71638537063382,19.1452101604981,-109.0,4,42,7,6
1998-05-05 15:30:00,1,-104.0,-85.3018355282238,19.1452101604981,-107.0,4,42,7,6
1998-05-05 16:30:00,1,-105.0,-84.57403891197384,19.1452101604981,-104.0,4,42,7,6
1998-05-05 17:30:00,1,-97.0,-82.59851786748945,19.1452101604981,-102.0,4,42,7,6
1998-05-05 18:30:00,1,-94.0,-80.92718645190777,19.1452101604981,-97.0,4,42,7,6
1998-05-05 19:30:00,1,-95.0,-79.76133705008155,19.1452101604981,-90.0,4,42,7,6
1998-05-05 20:30:00,1,-94.0,-83.31064083917023,19.1452101604981,-95.0,4,42,7,6
1998-05-05 21:30:00,1,-82.0,-84.65959747740249,19.1452101604981,-104.0,4,42,7,6
1998-05-05 22:30:00,1,-68.0,-86.018209452764,19.1452101604981,-105.0,4,42,7,6
1998-05-05 23:30:00,1,-57.0,-82.80423794065968,19.1452101604981,-97.0,4,42,7,6
1998-05-06 00:30:00,1,-54.0,-79.32888398796558,19.1452101604981,-94.0,4,42,7,6
1998-05-06 01:30:00,1,-52.0,-77.81739584139082,19.1452101604981,-95.0,4,42,7,6
1998-05-06 02:30:00,1,-52.0,-74.61309827014819,19.1452101604981,-94.0,4,42,7,6
1998-05-06 03:30:00,1,-60.0,-66.59586163942478,19.1452101604981,-82.0,4,42,7,6
1998-05-06 04:30:00,1,-67.0,-59.254805569334536,19.1452101604981,-68.0,4,42,7,6
1998-05-06 05:30:00,1,-67.0,-51.52421641056912,19.1452101604981,-57.0,4,42,7,6
1998-05-06 06:30:00,1,-64.0,-47.74060093703751,19.1452101604981,-54.0,4,42,7,6
1998-05-06 07:30:00,1,-62.0,-46.82443222810489,19.1452101604981,-52.0,4,42,7,6
1998-05-06 08:30:00,1,-62.0,-46.42104633517178,19.1452101604981,-52.0,4,42,7,6
1998-05-06 09:30:00,1,-65.0,-52.31275537592427,19.1452101604981,-60.0,4,42,7,6
1998-05-06 10:30:00,1,-63.0,-62.89806750904234,19.1452101604981,-67.0,4,42,7,6
1998-05-06 11:30:00,1,-61.0,-61.94474714645436,19.1452101604981,-67.0,4,42,7,6
1998-05-06 12:30:00,1,-60.0,-58.19975999783945,19.1452101604981,-64.0,4,42,7,6
1998-05-06 13:30:00,1,-62.0,-56.25761870026098,19.1452101604981,-62.0,4,42,7,6
1998-05-06 14:30:00,1,-66.0,-56.48914215030649,19.1452101604981,-62.0,4,42,7,6
1998-05-06 15:30:00,1,-69.0,-57.855872329405535,19.1452101604981,-65.0,4,42,7,6
1998-05-06 16:30:00,1,-70.0,-57.69146184408796,19.1452101604981,-63.0,4,42,7,6
1998-05-06 17:30:00,1,-72.0,-56.91987436717301,19.1452101604981,-61.0,4,42,7,6
1998-05-06 18:30:00,1,-71.0,-56.33968906585967,19.1452101604981,-60.0,4,42,7,6
1998-05-06 19:30:00,1,-70.0,-56.227396936934426,19.1452101604981,-62.0,4,42,7,6
1998-05-06 20:30:00,1,-69.0,-55.33207603565204,19.1452101604981,-66.0,4,42,7,6
1998-05-06 21:30:00,1,-64.0,-55.635314548734456,19.1452101604981,-69.0,4,42,7,6
1998-05-06 22:30:00,1,-58.0,-57.27811248970728,19.1452101604981,-70.0,4,42,7,6
1998-05-06 23:30:00,1,-53.0,-58.81785970583763,19.1452101604981,-72.0,4,42,7,6
1998-05-07 00:30:00,1,-44.0,-59.22044912647624,19.1452101604981,-71.0,4,42,7,6
1998-05-07 01:30:00,1,-42.0,-58.814957523579125,19.1452101604981,-70.0,4,42,7,6
1998-05-07 02:30:00,1,-46.0,-58.12646826847943,19.1452101604981,-69.0,4,42,7,6
1998-05-07 03:30:00,1,-50.0,-56.03815046882771,19.1452101604981,-64.0,4,42,7,6
1998-05-07 04:30:00,1,-48.0,-53.718721989443694,19.1452101604981,-58.0,4,42,7,6
1998-05-07 05:30:00,1,-46.0,-50.92654825170815,19.1452101604981,-53.0,4,42,7,6
1998-05-07 06:30:00,1,-46.0,-48.15814078214722,19.1452101604981,-44.0,4,42,7,6
1998-05-07 07:30:00,1,-48.0,-46.132405938377644,19.1452101604981,-42.0,4,42,7,6
1998-05-07 08:30:00,1,-52.0,-44.98260690670222,19.1452101604981,-46.0,4,42,7,6
1998-05-07 09:30:00,1,-50.0,-44.88464662814489,19.1452101604981,-50.0,4,42,7,6
1998-05-07 10:30:00,1,-50.0,-43.32865428403991,19.1452101604981,-48.0,4,42,7,6
1998-05-07 11:30:00,1,-46.0,-41.87400519096064,19.1452101604981,-46.0,4,42,7,6
1998-05-07 12:30:00,1,-46.0,-41.47901190681835,19.1452101604981,-46.0,4,42,7,6
1998-05-07 13:30:00,1,-40.0,-42.50384152865327,19.1452101604981,-48.0,4,42,7,6
1998-05-07 14:30:00,1,-38.0,-44.40372909895847,19.1452101604981,-52.0,4,42,7,6
1998-05-07 15:30:00,1,-39.0,-46.269589861289305,19.1452101604981,-50.0,4,42,7,6
1998-05-07 16:30:00,1,-42.0,-46.296180408592896,19.1452101604981,-50.0,4,42,7,6
1998-05-07 17:30:00,1,-40.0,-42.908644793450605,19.1452101604981,-46.0,4,42,7,6
1998-05-07 18:30:00,1,-33.0,-37.71420073720329,19.1452101604981,-46.0,4,42,7,6
1998-05-07 19:30:00,1,-33.0,-34.43404899047138,19.1452101604981,-40.0,4,42,7,6
1998-05-07 20:30:00,1,-28.0,-31.918252083648714,19.1452101604981,-38.0,4,42,7,6
1998-05-07 21:30:00,1,-24.0,-31.66158278239584,19.1452101604981,-39.0,4,42,7,6
1998-05-07 22:30:00,1,-18.0,-32.664647200025236,19.1452101604981,-42.0,4,42,7,6
1998-05-07 23:30:00,1,-13.0,-32.57640490085245,19.1452101604981,-40.0,4,42,7,6
1998-05-08 00:30:00,1,-25.0,-31.232549318846498,19.1452101604981,-33.0,4,42,7,6
1998-05-08 01:30:00,1,-38.0,-30.544966414335946,19.1452101604981,-33.0,4,42,7,6
1998-05-08 02:30:00,1,-39.0,-28.832649232119167,19.1452101604981,-28.0,4,42,7,6
1998-05-08 03:30:00,1,-38.0,-29.066287112628263,19.1452101604981,-24.0,4,42,7,6
1998-05-08 04:30:00,1,-48.0,-30.087315178015185,19.1452101604981,-18.0,4,42,7,6
1998-05-08 05:30:00,1,-47.0,-29.307040920790424,19.1452101604981,-13.0,4,42,7,6
1998-05-08 06:30:00,1,-47.0,-37.14212375639463,19.1452101604981,-25.0,4,42,7,6
1998-05-08 07:30:00,1,-49.0,-38.66680834429268,19.1452101604981,-38.0,4,42,7,6
1998-05-08 08:30:00,1,-48.0,-37.74367718849951,19.1452101604981,-39.0,4,42,7,6
1998-05-08 09:30:00,1,-40.0,-41.15970441985271,19.1452101604981,-38.0,4,42,7,6
1998-05-08 10:30:00,1,-34.0,-45.17237311658359,19.1452101604981,-48.0,4,42,7,6
1998-05-08 11:30:00,1,-34.0,-44.697763996789604,19.1452101604981,-47.0,4,42,7,6
1998-05-08 12:30:00,1,-40.0,-42.831271870289555,19.1452101604981,-47.0,4,42,7,6
1998-05-08 13:30:00,1,-36.0,-45.9188513683894,19.1452101604981,-49.0,4,42,7,6
1998-05-08 14:30:00,1,-41.0,-42.21167339909778,19.1452101604981,-48.0,4,42,7,6
1998-05-08 15:30:00,1,-49.0,-37.680791340598816,19.1452101604981,-40.0,4,42,7,6
1998-05-08 16:30:00,1,-48.0,-35.415023074602786,19.1452101604981,-34.0,4,42,7,6
1998-05-08 17:30:00,1,-42.0,-37.541052892678366,19.1452101604981,-34.0,4,42,7,6
1998-05-08 18:30:00,1,-40.0,-35.44603179034514,19.1452101604981,-40.0,4,42,7,6
1998-05-08 19:30:00,1,-52.0,-38.83713481652183,19.1452101604981,-36.0,4,42,7,6
1998-05-08 20:30:00,1,-56.0,-43.81903355526503,19.1452101604981,-41.0,4,42,7,6
1998-05-08 21:30:00,1,-53.0,-48.365986331747145,19.1452101604981,-49.0,4,42,7,6
1998-05-08 22:30:00,1,-43.0,-44.24072668363891,19.1452101604981,-48.0,4,42,7,6
1998-05-08 23:30:00,1,-34.0,-40.68537668151166,19.1452101604981,-42.0,4,42,7,6
1998-05-09 00:30:00,1,-30.0,-42.719695985062714,19.1452101604981,-40.0,4,42,7,6
1998-05-09 01:30:00,1,-29.0,-50.07806108407574,19.1452101604981,-52.0,4,42,7,6
1998-05-09 02:30:00,1,-31.0,-54.50005898488331,19.1452101604981,-56.0,4,42,7,6
1998-05-09 03:30:00,1,-35.0,-51.59809648296713,19.1452101604981,-53.0,4,42,7,6
1998-05-09 04:30:00,1,-39.0,-45.707466458695365,19.1452101604981,-43.0,4,42,7,6
1998-05-09 05:30:00,1,-47.0,-40.61080362008077,19.1452101604981,-34.0,4,42,7,6
1998-05-09 06:30:00,1,-46.0,-37.88720382143527,19.1452101604981,-30.0,4,42,7,6
1998-05-09 07:30:00,1,-43.0,-34.913210138372605,19.1452101604981,-29.0,4,42,7,6
1998-05-09 08:30:00,1,-43.0,-34.0634615504767,19.1452101604981,-31.0,4,42,7,6
1998-05-09 09:30:00,1,-46.0,-35.52127378676425,19.1452101604981,-35.0,4,42,7,6
1998-05-09 10:30:00,1,-44.0,-39.84535304939996,19.1452101604981,-39.0,4,42,7,6
1998-05-09 11:30:00,1,-42.0,-43.4596582795862,19.1452101604981,-47.0,4,42,7,6
1998-05-09 12:30:00,1,-37.0,-43.628772021007805,19.1452101604981,-46.0,4,42,7,6
1998-05-09 13:30:00,1,-34.0,-41.68633364507714,19.1452101604981,-43.0,4,42,7,6
1998-05-09 14:30:00,1,-34.0,-40.506187856247934,19.1452101604981,-43.0,4,42,7,6
1998-05-09 15:30:00,1,-35.0,-36.74997786070519,19.1452101604981,-46.0,4,42,7,6
1998-05-09 16:30:00,1,-42.0,-34.26325132058187,19.1452101604981,-44.0,4,42,7,6
1998-05-09 17:30:00,1,-49.0,-33.153149238375214,19.1452101604981,-42.0,4,42,7,6
1998-05-09 18:30:00,1,-54.0,-32.610423715035544,19.1452101604981,-37.0,4,42,7,6
1998-05-09 19:30:00,1,-63.0,-33.139100077535176,19.1452101604981,-34.0,4,42,7,6
1998-05-09 20:30:00,1,-62.0,-32.35536363663755,19.1452101604981,-34.0,4,42,7,6
1998-05-09 21:30:00,1,-54.0,-34.739630919802046,19.1452101604981,-35.0,4,42,7,6
1998-05-09 22:30:00,1,-47.0,-42.25397654253531,19.1452101604981,-42.0,4,42,7,6
1998-05-09 23:30:00,1,-37.0,-47.72662023211914,19.1452101604981,-49.0,4,42,7,6
1998-05-10 00:30:00,1,-31.0,-53.61645029589657,19.1452101604981,-54.0,4,42,7,6
1998-05-10 01:30:00,1,-24.0,-51.59827321842518,19.1452101604981,-63.0,4,42,7,6
1998-05-10 02:30:00,1,-23.0,-46.71084481430946,19.1452101604981,-62.0,4,42,7,6
1998-05-10 03:30:00,1,-28.0,-44.91703340083256,19.1452101604981,-54.0,4,42,7,6
1998-05-10 04:30:00,1,-32.0,-41.477503260391906,19.1452101604981,-47.0,4,42,7,6
1998-05-10 05:30:00,1,-32.0,-36.58419084452972,19.1452101604981,-37.0,4,42,7,6
1998-05-10 06:30:00,1,-40.0,-33.83840275210767,19.1452101604981,-31.0,4,42,7,6
1998-05-10 07:30:00,1,-46.0,-31.139709136272877,19.1452101604981,-24.0,4,42,7,6
1998-05-10 08:30:00,1,-49.0,-29.534830252917995,19.1452101604981,-23.0,4,42,7,6
1998-05-10 09:30:00,1,-48.0,-29.59666208310341,19.1452101604981,-28.0,4,42,7,6
1998-05-10 10:30:00,1,-46.0,-30.523127376567366,19.1452101604981,-32.0,4,42,7,6
1998-05-10 11:30:00,1,-40.0,-33.38229170135348,19.1452101604981,-32.0,4,42,7,6
1998-05-10 12:30:00,1,-41.0,-39.52569790518459,19.1452101604981,-40.0,4,42,7,6
1998-05-10 13:30:00,1,-37.0,-45.09497345055718,19.1452101604981,-46.0,4,42,7,6
1998-05-10 14:30:00,1,-36.0,-43.023673996509075,19.1452101604981,-49.0,4,42,7,6
1998-05-10 15:30:00,1,-38.0,-40.56851849900903,19.1452101604981,-48.0,4,42,7,6
1998-05-10 16:30:00,1,-40.0,-38.24060671763861,19.1452101604981,-46.0,4,42,7,6
1998-05-10 17:30:00,1,-39.0,-37.59044580227024,19.1452101604981,-40.0,4,42,7,6
1998-05-10 18:30:00,1,-36.0,-36.72167896753489,19.1452101604981,-41.0,4,42,7,6
1998-05-10 19:30:00,1,-39.0,-34.683707954786875,19.1452101604981,-37.0,4,42,7,6
1998-05-10 20:30:00,1,-35.0,-33.34837215552388,19.1452101604981,-36.0,4,42,7,6
1998-05-10 21:30:00,1,-29.0,-34.97662125103103,19.1452101604981,-38.0,4,42,7,6
1998-05-10 22:30:00,1,-21.0,-36.838786847008684,19.1452101604981,-40.0,4,42,7,6
1998-05-10 23:30:00,1,-22.0,-37.62267851279874,19.1452101604981,-39.0,4,42,7,6
1998-05-11 00:30:00,1,-22.0,-38.05066726049902,19.1452101604981,-36.0,4,42,7,6
1998-05-11 01:30:00,1,-21.0,-37.45438624243709,19.1452101604981,-39.0,4,42,7,6
1998-05-11 02:30:00,1,-27.0,-35.68122046636196,19.1452101604981,-35.0,4,42,7,6
1998-05-11 03:30:00,1,-29.0,-31.989013414715444,19.1452101604981,-29.0,4,42,7,6
1998-05-11 04:30:00,1,-33.0,-30.752089906571072,19.1452101604981,-21.0,4,42,7,6
1998-05-11 05:30:00,1,-30.0,-29.769876203425106,19.1452101604981,-22.0,4,42,7,6
1998-05-11 06:30:00,1,-27.0,-28.237148408085865,19.1452101604981,-22.0,4,42,7,6
1998-05-11 07:30:00,1,-27.0,-28.08771450873811,19.1452101604981,-21.0,4,42,7,6
1998-05-11 08:30:00,1,-30.0,-28.703903845962756,19.1452101604981,-27.0,4,42,7,6
1998-05-11 09:30:00,1,-31.0,-28.14719645497143,19.1452101604981,-29.0,4,42,7,6
1998-05-11 10:30:00,1,-34.0,-28.76939654186969,19.1452101604981,-33.0,4,42,7,6
1998-05-11 11:30:00,1,-33.0,-27.06996070025822,19.1452101604981,-30.0,4,42,7,6
1998-05-11 12:30:00,1,-31.0,-26.332150625029804,19.1452101604981,-27.0,4,42,7,6
1998-05-11 13:30:00,1,-26.0,-26.295545456014473,19.1452101604981,-27.0,4,42,7,6
1998-05-11 14:30:00,1,-24.0,-30.996949907299705,19.1452101604981,-30.0,4,42,7,6
1998-05-11 15:30:00,1,-28.0,-31.961231937853253,19.1452101604981,-31.0,4,42,7,6
1998-05-11 16:30:00,1,-32.0,-30.46365415083362,19.1452101604981,-34.0,4,42,7,6
1998-05-11 17:30:00,1,-36.0,-28.91194589748643,19.1452101604981,-33.0,4,42,7,6
1998-05-11 18:30:00,1,-36.0,-27.929912417998345,19.1452101604981,-31.0,4,42,7,6
1998-05-11 19:30:00,1,-33.0,-24.713252085191776,19.1452101604981,-26.0,4,42,7,6
1998-05-11 20:30:00,1,-35.0,-22.64091954262738,19.1452101604981,-24.0,4,42,7,6
1998-05-11 21:30:00,1,-38.0,-24.86058201867544,19.1452101604981,-28.0,4,42,7,6
1998-05-11 22:30:00,1,-34.0,-28.576594435403,19.1452101604981,-32.0,4,42,7,6
1998-05-11 23:30:00,1,-30.0,-31.977959309454384,19.1452101604981,-36.0,4,42,7,6
1998-05-12 00:30:00,1,-30.0,-33.19139720416879,19.1452101604981,-36.0,4,42,7,6
1998-05-12 01:30:00,1,-35.0,-32.51694737201794,19.1452101604981,-33.0,4,42,7,6
1998-05-12 02:30:00,1,-34.0,-37.72652222173589,19.1452101604981,-35.0,4,42,7,6
1998-05-12 03:30:00,1,-34.0,-39.70235836693826,19.1452101604981,-38.0,4,42,7,6
1998-05-12 04:30:00,1,-39.0,-38.755321414977274,19.1452101604981,-34.0,4,42,7,6
1998-05-12 05:30:00,1,-46.0,-35.02453618128662,19.1452101604981,-30.0,4,42,7,6
1998-05-12 06:30:00,1,-48.0,-34.90553551738011,19.1452101604981,-30.0,4,42,7,6
1998-05-12 07:30:00,1,-45.0,-32.76421844553735,19.1452101604981,-35.0,4,42,7,6
1998-05-12 08:30:00,1,-43.0,-32.56400798399852,19.1452101604981,-34.0,4,42,7,6
1998-05-12 09:30:00,1,-42.0,-34.232110416600136,19.1452101604981,-34.0,4,42,7,6
1998-05-12 10:30:00,1,-36.0,-38.728664591876914,19.1452101604981,-39.0,4,42,7,6
1998-05-12 11:30:00,1,-35.0,-42.53729917868872,19.1452101604981,-46.0,4,42,7,6
1998-05-12 12:30:00,1,-34.0,-38.74111920936969,19.1452101604981,-48.0,4,42,7,6
1998-05-12 13:30:00,1,-34.0,-39.90278625959983,19.1452101604981,-45.0,4,42,7,6
1998-05-12 14:30:00,1,-37.0,-39.14715845964011,19.1452101604981,-43.0,4,42,7,6
1998-05-12 15:30:00,1,-39.0,-35.72952389487361,19.1452101604981,-42.0,4,42,7,6
1998-05-12 16:30:00,1,-38.0,-31.818452942414375,19.1452101604981,-36.0,4,42,7,6
1998-05-12 17:30:00,1,-38.0,-33.46586620778718,19.1452101604981,-35.0,4,42,7,6
1998-05-12 18:30:00,1,-36.0,-33.11291387072854,19.1452101604981,-34.0,4,42,7,6
1998-05-12 19:30:00,1,-40.0,-31.348924967039324,19.1452101604981,-34.0,4,42,7,6
1998-05-12 20:30:00,1,-35.0,-31.42574617326061,19.1452101604981,-37.0,4,42,7,6
1998-05-12 21:30:00,1,-35.0,-34.623117051690954,19.1452101604981,-39.0,4,42,7,6
1998-05-12 22:30:00,1,-30.0,-34.15093397487869,19.1452101604981,-38.0,4,42,7,6
1998-05-12 23:30:00,1,-22.0,-33.96529866564592,19.1452101604981,-38.0,4,42,7,6
1998-05-13 00:30:00,1,-18.0,-34.355391901077105,19.1452101604981,-36.0,4,42,7,6
1998-05-13 01:30:00,1,-21.0,-33.4472447436784,19.1452101604981,-40.0,4,42,7,6
1998-05-13 02:30:00,1,-24.0,-31.59857252203454,19.1452101604981,-35.0,4,42,7,6
1998-05-13 03:30:00,1,-28.0,-31.325962728925504,19.1452101604981,-35.0,4,42,7,6
1998-05-13 04:30:00,1,-29.0,-28.42471879617429,19.1452101604981,-30.0,4,42,7,6
1998-05-13 05:30:00,1,-27.0,-25.027452266239763,19.1452101604981,-22.0,4,42,7,6
1998-05-13 06:30:00,1,-27.0,-24.364226298408365,19.1452101604981,-18.0,4,42,7,6
1998-05-13 07:30:00,1,-25.0,-24.96068579602826,19.1452101604981,-21.0,4,42,7,6
1998-05-13 08:30:00,1,-26.0,-24.75754292116573,19.1452101604981,-24.0,4,42,7,6
1998-05-13 09:30:00,1,-24.0,-24.747494580188967,19.1452101604981,-28.0,4,42,7,6
1998-05-13 10:30:00,1,-23.0,-25.711429534859437,19.1452101604981,-29.0,4,42,7,6
1998-05-13 11:30:00,1,-22.0,-24.527235690127586,19.1452101604981,-27.0,4,42,7,6
1998-05-13 12:30:00,1,-21.0,-23.95554996906652,19.1452101604981,-27.0,4,42,7,6
1998-05-13 13:30:00,1,-18.0,-23.09119963134085,19.1452101604981,-25.0,4,42,7,6
1998-05-13 14:30:00,1,-20.0,-21.946043393639073,19.1452101604981,-26.0,4,42,7,6
1998-05-13 15:30:00,1,-26.0,-20.684734752533583,19.1452101604981,-24.0,4,42,7,6
1998-05-13 16:30:00,1,-30.0,-19.59842793416263,19.1452101604981,-23.0,4,42,7,6
1998-05-13 17:30:00,1,-27.0,-19.329036586763344,19.1452101604981,-22.0,4,42,7,6
1998-05-13 18:30:00,1,-27.0,-18.725053623476917,19.1452101604981,-21.0,4,42,7,6
1998-05-13 19:30:00,1,-30.0,-17.655461095957733,19.1452101604981,-18.0,4,42,7,6
1998-05-13 20:30:00,1,-31.0,-18.437107378448935,19.1452101604981,-20.0,4,42,7,6
1998-05-13 21:30:00,1,-28.0,-20.10831205610347,19.1452101604981,-26.0,4,42,7,6
1998-05-13 22:30:00,1,-23.0,-22.512253803700418,19.1452101604981,-30.0,4,42,7,6
1998-05-13 23:30:00,1,-22.0,-22.148907793881847,19.1452101604981,-27.0,4,42,7,6
1998-05-14 00:30:00,1,-17.0,-22.236361614551413,19.1452101604981,-27.0,4,42,7,6
1998-05-14 01:30:00,1,-17.0,-22.04510245514283,19.1452101604981,-30.0,4,42,7,6
1998-05-14 02:30:00,1,-16.0,-24.650138922935497,19.1452101604981,-31.0,4,42,7,6
1998-05-14 03:30:00,1,-17.0,-23.6783741223801,19.1452101604981,-28.0,4,42,7,6
1998-05-14 04:30:00,1,-21.0,-21.939889046405792,19.1452101604981,-23.0,4,42,7,6
1998-05-14 05:30:00,1,-19.0,-20.685312630972078,19.1452101604981,-22.0,4,42,7,6
2003-11-12 19:30:00,21,-35.0,-31.756025211424674,19.1452101604981,-17.0,4,42,7,6
2003-11-12 20:30:00,21,-31.0,-30.957084434176657,19.1452101604981,-17.0,4,42,7,6
2003-11-12 21:30:00,21,-30.0,-31.775356233515534,19.1452101604981,-16.0,4,42,7,6
2003-11-12 22:30:00,21,-27.0,-36.856948740789875,19.1452101604981,-17.0,4,42,7,6
2003-11-12 23:30:00,21,-27.0,-34.17812427454054,19.1452101604981,-21.0,4,42,7,6
2003-11-13 00:30:00,21,-29.0,-38.199183181924866,19.1452101604981,-19.0,4,42,7,6
2003-11-13 01:30:00,21,-29.0,-34.8488154987038,19.1452101604981,-35.0,4,42,7,6
2003-11-13 02:30:00,21,-25.0,-29.89174983591655,19.1452101604981,-31.0,4,42,7,6
2003-11-13 03:30:00,21,-18.0,-28.16247535159318,19.1452101604981,-30.0,4,42,7,6
2003-11-13 04:30:00,21,-23.0,-28.10413404670425,19.1452101604981,-27.0,4,42,7,6
2003-11-13 05:30:00,21,-31.0,-29.75576004008,19.1452101604981,-27.0,4,42,7,6
2003-11-13 06:30:00,21,-31.0,-31.83112499102989,19.1452101604981,-29.0,4,42,7,6
2003-11-13 07:30:00,21,-26.0,-30.58477665762835,19.1452101604981,-29.0,4,42,7,6
2003-11-13 08:30:00,21,-33.0,-30.275118694125577,19.1452101604981,-25.0,4,42,7,6
2003-11-13 09:30:00,21,-36.0,-26.973624760088367,19.1452101604981,-18.0,4,42,7,6
2003-11-13 10:30:00,21,-25.0,-29.893053841286303,19.1452101604981,-23.0,4,42,7,6
2003-11-13 11:30:00,21,-14.0,-29.794708116647772,19.1452101604981,-31.0,4,42,7,6
2003-11-13 12:30:00,21,-18.0,-29.604866910470058,19.1452101604981,-31.0,4,42,7,6
2003-11-13 13:30:00,21,-31.0,-28.332927399016206,19.1452101604981,-26.0,4,42,7,6
2003-11-13 14:30:00,21,-32.0,-33.3785713908932,19.1452101604981,-33.0,4,42,7,6
2003-11-13 15:30:00,21,-36.0,-33.672702940927955,19.1452101604981,-36.0,4,42,7,6
2003-11-13 16:30:00,21,-44.0,-25.728452531396155,19.1452101604981,-25.0,4,42,7,6
2003-11-13 17:30:00,21,-52.0,-25.81084962504559,19.1452101604981,-14.0,4,42,7,6
2003-11-13 18:30:00,21,-46.0,-26.349314893659635,19.1452101604981,-18.0,4,42,7,6
2003-11-13 19:30:00,21,-59.0,-31.124488957681596,19.1452101604981,-31.0,4,42,7,6
2003-11-13 20:30:00,21,-59.0,-27.267281188237952,19.1452101604981,-32.0,4,42,7,6
2003-11-13 21:30:00,21,-55.0,-26.700163846220825,19.1452101604981,-36.0,4,42,7,6
2003-11-13 22:30:00,21,-47.0,-33.432402744085344,19.1452101604981,-44.0,4,42,7,6
2003-11-13 23:30:00,21,-55.0,-45.78007915182184,19.1452101604981,-52.0,4,42,7,6
2003-11-14 00:30:00,21,-51.0,-42.516459510171416,19.1452101604981,-46.0,4,42,7,6
2003-11-14 01:30:00,21,-38.0,-46.72388603074031,19.1452101604981,-59.0,4,42,7,6
2003-11-14 02:30:00,21,-37.0,-53.74273359433968,19.1452101604981,-59.0,4,42,7,6
2003-11-14 03:30:00,21,-35.0,-48.95986863105936,19.1452101604981,-55.0,4,42,7,6
2003-11-14 04:30:00,21,-44.0,-46.79010950451161,19.1452101604981,-47.0,4,42,7,6
2003-11-14 05:30:00,21,-52.0,-49.902352319509006,19.1452101604981,-55.0,4,42,7,6
2003-11-14 06:30:00,21,-55.0,-49.255499380312685,19.1452101604981,-51.0,4,42,7,6
2003-11-14 07:30:00,21,-42.0,-41.64650014711921,19.1452101604981,-38.0,4,42,7,6
2003-11-14 08:30:00,21,-35.0,-39.6785670999982,19.1452101604981,-37.0,4,42,7,6
2003-11-14 09:30:00,21,-39.0,-41.786022326650205,19.1452101604981,-35.0,4,42,7,6
2003-11-14 10:30:00,21,-38.0,-42.16202817638488,19.1452101604981,-44.0,4,42,7,6
2003-11-14 11:30:00,21,-28.0,-49.27747736470783,19.1452101604981,-52.0,4,42,7,6
2003-11-14 12:30:00,21,-35.0,-51.35276441252818,19.1452101604981,-55.0,4,42,7,6
2003-11-14 13:30:00,21,-39.0,-42.62286704598357,19.1452101604981,-42.0,4,42,7,6
2003-11-14 14:30:00,21,-32.0,-39.64392927568694,19.1452101604981,-35.0,4,42,7,6
2003-11-14 15:30:00,21,-27.0,-40.75775566524953,19.1452101604981,-39.0,4,42,7,6
2003-11-14 16:30:00,21,-25.0,-38.398389623279314,19.1452101604981,-38.0,4,42,7,6
2003-11-14 17:30:00,21,-25.0,-36.96280107146243,19.1452101604981,-28.0,4,42,7,6
2003-11-14 18:30:00,21,-30.0,-39.46621188938481,19.1452101604981,-35.0,4,42,7,6
2003-11-14 19:30:00,21,-41.0,-37.770849683808066,19.1452101604981,-39.0,4,42,7,6
2003-11-14 20:30:00,21,-37.0,-33.99166131722728,19.1452101604981,-32.0,4,42,7,6
2003-11-14 21:30:00,21,-35.0,-32.15493574397598,19.1452101604981,-27.0,4,42,7,6
2003-11-14 22:30:00,21,-28.0,-32.683226369711086,19.1452101604981,-25.0,4,42,7,6
2003-11-14 23:30:00,21,-28.0,-33.84824485326949,19.1452101604981,-25.0,4,42,7,6
2003-11-15 00:30:00,21,-26.0,-38.12838318997669,19.1452101604981,-30.0,4,42,7,6
2003-11-15 01:30:00,21,-18.0,-42.405065011335736,19.1452101604981,-41.0,4,42,7,6
2003-11-15 02:30:00,21,-19.0,-36.950765328632556,19.1452101604981,-37.0,4,42,7,6
2003-11-15 03:30:00,21,-19.0,-36.34544783822786,19.1452101604981,-35.0,4,42,7,6
2003-11-15 04:30:00,21,-25.0,-33.22543796494248,19.1452101604981,-28.0,4,42,7,6
2003-11-15 05:30:00,21,-26.0,-30.065146505362673,19.1452101604981,-28.0,4,42,7,6
2003-11-15 06:30:00,21,-17.0,-29.12050536531821,19.1452101604981,-26.0,4,42,7,6
2003-11-15 07:30:00,21,-37.0,-27.30422471263679,19.1452101604981,-18.0,4,42,7,6
2003-11-15 08:30:00,21,-34.0,-26.886143033820165,19.1452101604981,-19.0,4,42,7,6
2003-11-15 09:30:00,21,-46.0,-26.28323036651489,19.1452101604981,-19.0,4,42,7,6
2003-11-15 10:30:00,21,-39.0,-27.950785805780672,19.1452101604981,-25.0,4,42,7,6
2003-11-15 11:30:00,21,-37.0,-26.834004910962136,19.1452101604981,-26.0,4,42,7,6
2003-11-15 12:30:00,21,-50.0,-31.340563170680333,19.1452101604981,-17.0,4,42,7,6
2003-11-15 13:30:00,21,-48.0,-43.42901793228006,19.1452101604981,-37.0,4,42,7,6
2003-11-15 14:30:00,21,-46.0,-43.36483389267599,19.1452101604981,-34.0,4,42,7,6
2003-11-15 15:30:00,21,-43.0,-46.166804239633905,19.1452101604981,-46.0,4,42,7,6
2003-11-15 16:30:00,21,-49.0,-34.731210986779224,19.1452101604981,-39.0,4,42,7,6
2003-11-15 17:30:00,21,-43.0,-36.36736550583428,19.1452101604981,-37.0,4,42,7,6
2003-11-15 18:30:00,21,-43.0,-38.492822169075296,19.1452101604981,-50.0,4,42,7,6
2003-11-15 19:30:00,21,-44.0,-43.1329406934485,19.1452101604981,-48.0,4,42,7,6
2003-11-15 20:30:00,21,-40.0,-41.28618189475302,19.1452101604981,-46.0,4,42,7,6
2003-11-15 21:30:00,21,-40.0,-43.30397178204329,19.1452101604981,-43.0,4,42,7,6
2003-11-15 22:30:00,21,-42.0,-46.84689856047622,19.1452101604981,-49.0,4,42,7,6
2003-11-15 23:30:00,21,-34.0,-45.03772278948174,19.1452101604981,-43.0,4,42,7,6
2003-11-16 00:30:00,21,-31.0,-42.034331575644,19.1452101604981,-43.0,4,42,7,6
2003-11-16 01:30:00,21,-31.0,-42.914588685960815,19.1452101604981,-44.0,4,42,7,6
2003-11-16 02:30:00,21,-29.0,-41.338458382870975,19.1452101604981,-40.0,4,42,7,6
2003-11-16 03:30:00,21,-25.0,-42.38863733423666,19.1452101604981,-40.0,4,42,7,6
2003-11-16 04:30:00,21,-32.0,-45.1814435988747,19.1452101604981,-42.0,4,42,7,6
2003-11-16 05:30:00,21,-33.0,-41.66208774942591,19.1452101604981,-34.0,4,42,7,6
2003-11-16 06:30:00,21,-32.0,-37.3315045201948,19.1452101604981,-31.0,4,42,7,6
2003-11-16 07:30:00,21,-37.0,-35.67511757007617,19.1452101604981,-31.0,4,42,7,6
2003-11-16 08:30:00,21,-48.0,-36.28094448299769,19.1452101604981,-29.0,4,42,7,6
2003-11-16 09:30:00,21,-49.0,-34.56525188607881,19.1452101604981,-25.0,4,42,7,6
2003-11-16 10:30:00,21,-34.0,-33.22735371335741,19.1452101604981,-32.0,4,42,7,6
2003-11-16 11:30:00,21,-29.0,-33.28044891104378,19.1452101604981,-33.0,4,42,7,6
2003-11-16 12:30:00,21,-31.0,-33.88245784390978,19.1452101604981,-32.0,4,42,7,6
2003-11-16 13:30:00,21,-29.0,-39.67336968225159,19.1452101604981,-37.0,4,42,7,6
2003-11-16 14:30:00,21,-38.0,-46.380837855732125,19.1452101604981,-48.0,4,42,7,6
2003-11-16 15:30:00,21,-32.0,-46.130978101913925,19.1452101604981,-49.0,4,42,7,6
2003-11-16 16:30:00,21,-28.0,-38.77167758397984,19.1452101604981,-34.0,4,42,7,6
2003-11-16 17:30:00,21,-35.0,-34.80895925477614,19.1452101604981,-29.0,4,42,7,6
2003-11-16 18:30:00,21,-40.0,-34.07426174385847,19.1452101604981,-31.0,4,42,7,6
2003-11-16 19:30:00,21,-36.0,-35.49009531196351,19.1452101604981,-29.0,4,42,7,6
2003-11-16 20:30:00,21,-33.0,-39.8620760607513,19.1452101604981,-38.0,4,42,7,6
2003-11-16 21:30:00,21,-36.0,-36.63625237233315,19.1452101604981,-32.0,4,42,7,6
2003-11-16 22:30:00,21,-37.0,-34.99370529106477,19.1452101604981,-28.0,4,42,7,6
2003-11-16 23:30:00,21,-32.0,-37.737942006612464,19.1452101604981,-35.0,4,42,7,6
2003-11-17 00:30:00,21,-27.0,-37.73087084419055,19.1452101604981,-40.0,4,42,7,6
2003-11-17 01:30:00,21,-33.0,-34.24492606277531,19.1452101604981,-36.0,4,42,7,6
2003-11-17 02:30:00,21,-31.0,-37.37425706004375,19.1452101604981,-33.0,4,42,7,6
2003-11-17 03:30:00,21,-35.0,-37.84646048468836,19.1452101604981,-36.0,4,42,7,6
2003-11-17 04:30:00,21,-42.0,-37.1000094117729,19.1452101604981,-37.0,4,42,7,6
2003-11-17 05:30:00,21,-44.0,-35.15880077162395,19.1452101604981,-32.0,4,42,7,6
2003-11-17 06:30:00,21,-48.0,-34.092912930336645,19.1452101604981,-27.0,4,42,7,6
2003-11-17 07:30:00,21,-43.0,-33.56270423072005,19.1452101604981,-33.0,4,42,7,6
2003-11-17 08:30:00,21,-41.0,-33.899912650517116,19.1452101604981,-31.0,4,42,7,6
2003-11-17 09:30:00,21,-39.0,-35.685889421834325,19.1452101604981,-35.0,4,42,7,6
2003-11-17 10:30:00,21,-34.0,-43.034015927638194,19.1452101604981,-42.0,4,42,7,6
2003-11-17 11:30:00,21,-25.0,-46.00776325658787,19.1452101604981,-44.0,4,42,7,6
2003-11-17 12:30:00,21,-25.0,-47.351243421087126,19.1452101604981,-48.0,4,42,7,6
2003-11-17 13:30:00,21,-26.0,-43.48933588373929,19.1452101604981,-43.0,4,42,7,6
2003-11-17 14:30:00,21,-36.0,-40.46195573830445,19.1452101604981,-41.0,4,42,7,6
2003-11-17 15:30:00,21,-42.0,-39.318069786707404,19.1452101604981,-39.0,4,42,7,6
2003-11-17 16:30:00,21,-41.0,-37.3141268900087,19.1452101604981,-34.0,4,42,7,6
2003-11-17 17:30:00,21,-40.0,-32.35015982385792,19.1452101604981,-25.0,4,42,7,6
2003-11-17 18:30:00,21,-32.0,-31.632624328774362,19.1452101604981,-25.0,4,42,7,6
2003-11-17 19:30:00,21,-25.0,-32.285446304588,19.1452101604981,-26.0,4,42,7,6
2003-11-17 20:30:00,21,-29.0,-37.46379449874506,19.1452101604981,-36.0,4,42,7,6
2003-11-17 21:30:00,21,-29.0,-38.68490512501039,19.1452101604981,-42.0,4,42,7,6
2003-11-17 22:30:00,21,-36.0,-37.351240173465925,19.1452101604981,-41.0,4,42,7,6
2003-11-17 23:30:00,21,-36.0,-38.370359612179236,19.1452101604981,-40.0,4,42,7,6
2003-11-18 00:30:00,21,-27.0,-34.85968022378243,19.1452101604981,-32.0,4,42,7,6
2003-11-18 01:30:00,21,-22.0,-31.472011330338304,19.1452101604981,-25.0,4,42,7,6
2003-11-18 02:30:00,21,-21.0,-31.698887335477075,19.1452101604981,-29.0,4,42,7,6
2003-11-18 03:30:00,21,-29.0,-32.30165189963124,19.1452101604981,-29.0,4,42,7,6
2003-11-18 04:30:00,21,-31.0,-32.583270986192694,19.1452101604981,-36.0,4,42,7,6
2003-11-18 05:30:00,21,-30.0,-34.33753391670609,19.1452101604981,-36.0,4,42,7,6
2003-11-18 06:30:00,21,-30.0,-31.942438679902843,19.1452101604981,-27.0,4,42,7,6
2003-11-18 07:30:00,21,-27.0,-29.85084894881065,19.1452101604981,-22.0,4,42,7,6
2003-11-18 08:30:00,21,-28.0,-28.03155623557608,19.1452101604981,-21.0,4,42,7,6
2003-11-18 09:30:00,21,-26.0,-29.13805798686244,19.1452101604981,-29.0,4,42,7,6
2003-11-18 10:30:00,21,-20.0,-29.40130370752802,19.1452101604981,-31.0,4,42,7,6
2003-11-18 11:30:00,21,-23.0,-29.385966674242436,19.1452101604981,-30.0,4,42,7,6
2003-11-18 12:30:00,21,-27.0,-29.09324159544744,19.1452101604981,-30.0,4,42,7,6
2003-11-18 13:30:00,21,-28.0,-28.608859121096614,19.1452101604981,-27.0,4,42,7,6
2003-11-18 14:30:00,21,-31.0,-28.51658228279553,19.1452101604981,-28.0,4,42,7,6
2003-11-18 15:30:00,21,-27.0,-27.325420177536746,19.1452101604981,-26.0,4,42,7,6
2003-11-18 16:30:00,21,-26.0,-26.331440194997775,19.1452101604981,-20.0,4,42,7,6
2003-11-18 17:30:00,21,-29.0,-26.961614306707265,19.1452101604981,-23.0,4,42,7,6
2003-11-18 18:30:00,21,-22.0,-29.161483574187002,19.1452101604981,-27.0,4,42,7,6
2003-11-18 19:30:00,21,-22.0,-29.26320006259453,19.1452101604981,-28.0,4,42,7,6
2003-11-18 20:30:00,21,-20.0,-29.122923269166993,19.1452101604981,-31.0,4,42,7,6
2003-11-18 21:30:00,21,-16.0,-25.97833670261317,19.1452101604981,-27.0,4,42,7,6
2003-11-18 22:30:00,21,-15.0,-26.08194379532852,19.1452101604981,-26.0,4,42,7,6
2003-11-18 23:30:00,21,-17.0,-28.212061274908976,19.1452101604981,-29.0,4,42,7,6
2003-11-19 00:30:00,21,-15.0,-25.349010804828993,19.1452101604981,-22.0,4,42,7,6
2003-11-19 01:30:00,21,-18.0,-24.850558095097487,19.1452101604981,-22.0,4,42,7,6
2003-11-19 02:30:00,21,-18.0,-24.475247559862243,19.1452101604981,-20.0,4,42,7,6
2003-11-19 03:30:00,21,-18.0,-23.064093993195705,19.1452101604981,-16.0,4,42,7,6
2003-11-19 04:30:00,21,-22.0,-22.861667943398224,19.1452101604981,-15.0,4,42,7,6
2003-11-19 05:30:00,21,-27.0,-22.959357305102095,19.1452101604981,-17.0,4,42,7,6
2003-11-19 06:30:00,21,-26.0,-21.834797724662803,19.1452101604981,-15.0,4,42,7,6
2003-11-19 07:30:00,21,-26.0,-21.55658937082672,19.1452101604981,-18.0,4,42,7,6
2003-11-19 08:30:00,21,-25.0,-20.666192644970927,19.1452101604981,-18.0,4,42,7,6
2003-11-19 09:30:00,21,-21.0,-19.654539116626957,19.1452101604981,-18.0,4,42,7,6
2003-11-19 10:30:00,21,-17.0,-20.406208972512978,19.1452101604981,-22.0,4,42,7,6
2003-11-19 11:30:00,21,-16.0,-22.407519441073358,19.1452101604981,-27.0,4,42,7,6
2003-11-19 12:30:00,21,-17.0,-23.432101400720345,19.1452101604981,-26.0,4,42,7,6
2003-11-19 13:30:00,21,-21.0,-21.66634441574233,19.1452101604981,-26.0,4,42,7,6
2003-11-19 14:30:00,21,-18.0,-19.84353559707919,19.1452101604981,-25.0,4,42,7,6
2003-11-19 15:30:00,21,-17.0,-17.7974889656999,19.1452101604981,-21.0,4,42,7,6
2003-11-19 16:30:00,21,-14.0,-18.13909186324521,19.1452101604981,-17.0,4,42,7,6
2003-11-19 17:30:00,21,-16.0,-17.758021147357468,19.1452101604981,-16.0,4,42,7,6
2003-11-19 18:30:00,21,-11.0,-18.15337255334896,19.1452101604981,-17.0,4,42,7,6
2003-11-19 19:30:00,21,-6.0,-18.48474223532652,19.1452101604981,-21.0,4,42,7,6
2003-11-19 20:30:00,21,-6.0,-17.34617171890366,19.1452101604981,-18.0,4,42,7,6
2003-11-19 21:30:00,21,-3.0,-16.80787737208128,19.1452101604981,-17.0,4,42,7,6
2003-11-19 22:30:00,21,-2.0,-16.492537131055546,19.1452101604981,-14.0,4,42,7,6
2003-11-19 23:30:00,21,-4.0,-16.10468186649858,19.1452101604981,-16.0,4,42,7,6
2003-11-20 00:30:00,21,-4.0,-14.606647706667868,19.1452101604981,-11.0,4,42,7,6
2003-11-20 01:30:00,21,-6.0,-13.965407280997908,19.1452101604981,-6.0,4,42,7,6
2003-11-20 02:30:00,21,-5.0,-13.164395675784188,19.1452101604981,-6.0,4,42,7,6
2003-11-20 03:30:00,21,-7.0,-11.93379830871472,19.1452101604981,-3.0,4,42,7,6
2003-11-20 04:30:00,21,-15.0,-11.044432927275313,19.1452101604981,-2.0,4,42,7,6
2003-11-20 05:30:00,21,-26.0,-10.644810801958702,19.1452101604981,-4.0,4,42,7,6
2003-11-20 06:30:00,21,-32.0,-10.688883044076647,19.1452101604981,-4.0,4,42,7,6
2003-11-20 07:30:00,21,-34.0,-9.86277267835327,19.1452101604981,-6.0,4,42,7,6
2003-11-20 08:30:00,21,-17.0,-10.034368855320512,19.1452101604981,-5.0,4,42,7,6
2003-11-20 09:30:00,21,-38.0,-11.308075721354864,19.1452101604981,-7.0,4,42,7,6
2003-11-20 10:30:00,21,-68.0,-18.853387983420035,19.1452101604981,-15.0,4,42,7,6
2003-11-20 11:30:00,21,-58.0,-27.484928579359988,19.1452101604981,-26.0,4,42,7,6
2003-11-20 12:30:00,21,-49.0,-32.91231592832526,19.1452101604981,-32.0,4,42,7,6
2003-11-20 13:30:00,21,-102.0,-33.056528864577565,19.1452101604981,-34.0,4,42,7,6
2003-11-20 14:30:00,21,-162.0,-25.396202660328175,19.1452101604981,-17.0,4,42,7,6
2003-11-20 15:30:00,21,-171.0,-42.54976716761418,19.1452101604981,-38.0,4,42,7,6
2003-11-20 16:30:00,21,-229.0,-44.07736963466998,19.1452101604981,-68.0,4,42,7,6
2003-11-20 17:30:00,21,-329.0,-44.2291819049351,19.1452101604981,-58.0,4,42,7,6
2003-11-20 18:30:00,21,-396.0,-84.57411332690356,19.1452101604981,-49.0,4,42,7,6
2003-11-20 19:30:00,21,-413.0,-133.28134980367176,19.1452101604981,-102.0,4,42,7,6
2003-11-20 20:30:00,21,-422.0,-198.43116496918975,19.1452101604981,-162.0,4,42,7,6
2003-11-20 21:30:00,21,-422.0,-214.52436091204018,19.1452101604981,-171.0,4,42,7,6
2003-11-20 22:30:00,21,-405.0,-217.7800885015754,19.1452101604981,-229.0,4,42,7,6
2003-11-20 23:30:00,21,-343.0,-211.18376309517615,19.1452101604981,-329.0,4,42,7,6
2003-11-21 00:30:00,21,-309.0,-191.88227908047762,19.1452101604981,-396.0,4,42,7,6
2003-11-21 01:30:00,21,-256.0,-170.7279284291814,19.1452101604981,-413.0,4,42,7,6
2003-11-21 02:30:00,21,-230.0,-169.14402525413718,19.1452101604981,-422.0,4,42,7,6
2003-11-21 03:30:00,21,-194.0,-189.75355629946247,19.1452101604981,-422.0,4,42,7,6
2003-11-21 04:30:00,21,-191.0,-210.59376432500792,19.1452101604981,-405.0,4,42,7,6
2003-11-21 05:30:00,21,-185.0,-221.7946251293152,19.1452101604981,-343.0,4,42,7,6
2003-11-21 06:30:00,21,-156.0,-221.67846342404528,19.1452101604981,-309.0,4,42,7,6
2003-11-21 07:30:00,21,-162.0,-203.57087393780563,19.1452101604981,-256.0,4,42,7,6
2003-11-21 08:30:00,21,-162.0,-193.8449914551865,19.1452101604981,-230.0,4,42,7,6
2003-11-21 09:30:00,21,-141.0,-189.55092444587504,19.1452101604981,-194.0,4,42,7,6
2003-11-21 10:30:00,21,-130.0,-200.60138337538177,19.1452101604981,-191.0,4,42,7,6
2003-11-21 11:30:00,21,-122.0,-200.11048668784852,19.1452101604981,-185.0,4,42,7,6
2003-11-21 12:30:00,21,-118.0,-183.43641710558498,19.1452101604981,-156.0,4,42,7,6
2003-11-21 13:30:00,21,-117.0,-176.16294374446642,19.1452101604981,-162.0,4,42,7,6
2003-11-21 14:30:00,21,-110.0,-163.2886679065457,19.1452101604981,-162.0,4,42,7,6
2003-11-21 15:30:00,21,-104.0,-142.11745297180502,19.1452101604981,-141.0,4,42,7,6
2003-11-21 16:30:00,21,-105.0,-122.34474571661409,19.1452101604981,-130.0,4,42,7,6
2003-11-21 17:30:00,21,-104.0,-110.97525603066157,19.1452101604981,-122.0,4,42,7,6
2003-11-21 18:30:00,21,-92.0,-105.93153301949926,19.1452101604981,-118.0,4,42,7,6
2003-11-21 19:30:00,21,-86.0,-100.85726267969292,19.1452101604981,-117.0,4,42,7,6
2003-11-21 20:30:00,21,-83.0,-96.11177610305688,19.1452101604981,-110.0,4,42,7,6
2003-11-21 21:30:00,21,-76.0,-94.20818173906574,19.1452101604981,-104.0,4,42,7,6
2003-11-21 22:30:00,21,-69.0,-91.99210048150974,19.1452101604981,-105.0,4,42,7,6
2003-11-21 23:30:00,21,-63.0,-89.94785724944254,19.1452101604981,-104.0,4,42,7,6
2003-11-22 00:30:00,21,-60.0,-83.38039553390271,19.1452101604981,-92.0,4,42,7,6
2003-11-22 01:30:00,21,-71.0,-86.34124466261457,19.1452101604981,-86.0,4,42,7,6
2003-11-22 02:30:00,21,-79.0,-76.28401575268339,19.1452101604981,-83.0,4,42,7,6
2003-11-22 03:30:00,21,-74.0,-70.74448466862728,19.1452101604981,-76.0,4,42,7,6
2003-11-22 04:30:00,21,-68.0,-64.02340263257716,19.1452101604981,-69.0,4,42,7,6
2003-11-22 05:30:00,21,-70.0,-59.57653386698216,19.1452101604981,-63.0,4,42,7,6
2003-11-22 06:30:00,21,-74.0,-57.211027430577985,19.1452101604981,-60.0,4,42,7,6
2003-11-22 07:30:00,21,-69.0,-62.98780726333379,19.1452101604981,-71.0,4,42,7,6
2003-11-22 08:30:00,21,-65.0,-61.04220102059091,19.1452101604981,-79.0,4,42,7,6
2003-11-22 09:30:00,21,-59.0,-57.40576665068356,19.1452101604981,-74.0,4,42,7,6
2003-11-22 10:30:00,21,-50.0,-54.56797656103869,19.1452101604981,-68.0,4,42,7,6
2003-11-22 11:30:00,21,-44.0,-56.532088866612646,19.1452101604981,-70.0,4,42,7,6
2003-11-22 12:30:00,21,-42.0,-57.41759397357359,19.1452101604981,-74.0,4,42,7,6
2003-11-22 13:30:00,21,-40.0,-58.54631032547689,19.1452101604981,-69.0,4,42,7,6
2003-11-22 14:30:00,21,-43.0,-54.67145517172697,19.1452101604981,-65.0,4,42,7,6
2003-11-22 15:30:00,21,-54.0,-51.73377582901881,19.1452101604981,-59.0,4,42,7,6
2003-11-22 16:30:00,21,-63.0,-48.13432335370843,19.1452101604981,-50.0,4,42,7,6
2003-11-22 17:30:00,21,-64.0,-50.166632291424165,19.1452101604981,-44.0,4,42,7,6
2003-11-22 18:30:00,21,-72.0,-43.17429969746539,19.1452101604981,-42.0,4,42,7,6
2003-11-22 19:30:00,21,-85.0,-41.23731570333547,19.1452101604981,-40.0,4,42,7,6
2003-11-22 20:30:00,21,-86.0,-44.64921058062347,19.1452101604981,-43.0,4,42,7,6
2003-11-22 21:30:00,21,-83.0,-51.79756221384227,19.1452101604981,-54.0,4,42,7,6
2003-11-22 22:30:00,21,-87.0,-62.795449320978776,19.1452101604981,-63.0,4,42,7,6
2003-11-22 23:30:00,21,-86.0,-69.00209397157673,19.1452101604981,-64.0,4,42,7,6
2003-11-23 00:30:00,21,-79.0,-71.61403242409956,19.1452101604981,-72.0,4,42,7,6
2003-11-23 01:30:00,21,-69.0,-71.5104235872843,19.1452101604981,-85.0,4,42,7,6
2003-11-23 02:30:00,21,-65.0,-75.23468617797629,19.1452101604981,-86.0,4,42,7,6
2003-11-23 03:30:00,21,-73.0,-71.92749368815024,19.1452101604981,-83.0,4,42,7,6
2003-11-23 04:30:00,21,-74.0,-73.47935891048976,19.1452101604981,-87.0,4,42,7,6
2003-11-23 05:30:00,21,-74.0,-69.60336892906184,19.1452101604981,-86.0,4,42,7,6
2003-11-23 06:30:00,21,-66.0,-64.47943360007692,19.1452101604981,-79.0,4,42,7,6
2003-11-23 07:30:00,21,-70.0,-61.09163578858074,19.1452101604981,-69.0,4,42,7,6
2003-11-23 08:30:00,21,-71.0,-61.415736062112714,19.1452101604981,-65.0,4,42,7,6
2003-11-23 09:30:00,21,-66.0,-61.500183054528875,19.1452101604981,-73.0,4,42,7,6
2003-11-23 10:30:00,21,-59.0,-67.55630723153205,19.1452101604981,-74.0,4,42,7,6
2003-11-23 11:30:00,21,-51.0,-65.46687088246821,19.1452101604981,-74.0,4,42,7,6
2003-11-23 12:30:00,21,-46.0,-62.40890561955787,19.1452101604981,-66.0,4,42,7,6
2003-11-23 13:30:00,21,-49.0,-59.34301516663392,19.1452101604981,-70.0,4,42,7,6
2003-11-23 14:30:00,21,-41.0,-58.08974682613643,19.1452101604981,-71.0,4,42,7,6
2003-11-23 15:30:00,21,-38.0,-56.69791788652773,19.1452101604981,-66.0,4,42,7,6
2003-11-23 16:30:00,21,-35.0,-51.55085928087016,19.1452101604981,-59.0,4,42,7,6
2003-11-23 17:30:00,21,-33.0,-45.435601977616656,19.1452101604981,-51.0,4,42,7,6
2003-11-23 18:30:00,21,-35.0,-44.49242646286741,19.1452101604981,-46.0,4,42,7,6
2003-11-23 19:30:00,21,-38.0,-45.20172631815249,19.1452101604981,-49.0,4,42,7,6
2003-11-23 20:30:00,21,-46.0,-42.14427672745035,19.1452101604981,-41.0,4,42,7,6
2003-11-23 21:30:00,21,-47.0,-39.15573303618872,19.1452101604981,-38.0,4,42,7,6
2003-11-23 22:30:00,21,-41.0,-36.468003559127716,19.1452101604981,-35.0,4,42,7,6
2003-11-23 23:30:00,21,-36.0,-35.67332143784707,19.1452101604981,-33.0,4,42,7,6
2003-11-24 00:30:00,21,-32.0,-37.482663334358456,19.1452101604981,-35.0,4,42,7,6
2003-11-24 01:30:00,21,-33.0,-41.18242306534507,19.1452101604981,-38.0,4,42,7,6
2003-11-24 02:30:00,21,-30.0,-47.674306536536335,19.1452101604981,-46.0,4,42,7,6
2003-11-24 03:30:00,21,-29.0,-45.84765139619405,19.1452101604981,-47.0,4,42,7,6
2003-11-24 04:30:00,21,-29.0,-41.4832709988107,19.1452101604981,-41.0,4,42,7,6
2003-11-24 05:30:00,21,-30.0,-37.81432776922164,19.1452101604981,-36.0,4,42,7,6
2003-11-24 06:30:00,21,-30.0,-36.12148593336369,19.1452101604981,-32.0,4,42,7,6
2003-11-24 07:30:00,21,-29.0,-35.50248765055515,19.1452101604981,-33.0,4,42,7,6
2003-11-24 08:30:00,21,-27.0,-32.71046281534985,19.1452101604981,-30.0,4,42,7,6
2003-11-24 09:30:00,21,-29.0,-30.821522524185916,19.1452101604981,-29.0,4,42,7,6
2003-11-24 10:30:00,21,-28.0,-30.329992728383555,19.1452101604981,-29.0,4,42,7,6
2003-11-24 11:30:00,21,-28.0,-29.876564539323567,19.1452101604981,-30.0,4,42,7,6
2003-11-24 12:30:00,21,-26.0,-29.684764127574706,19.1452101604981,-30.0,4,42,7,6
2003-11-24 13:30:00,21,-27.0,-30.03790599015744,19.1452101604981,-29.0,4,42,7,6
2003-11-24 14:30:00,21,-27.0,-28.997530624413784,19.1452101604981,-27.0,4,42,7,6
2003-11-24 15:30:00,21,-26.0,-28.62981331884167,19.1452101604981,-29.0,4,42,7,6
2003-11-24 16:30:00,21,-23.0,-26.36674426547654,19.1452101604981,-28.0,4,42,7,6
2003-11-24 17:30:00,21,-27.0,-25.937499765837487,19.1452101604981,-28.0,4,42,7,6
2003-11-24 18:30:00,21,-28.0,-25.16789881872569,19.1452101604981,-26.0,4,42,7,6
2003-11-24 19:30:00,21,-26.0,-29.250574523310082,19.1452101604981,-27.0,4,42,7,6
2003-11-24 20:30:00,21,-31.0,-29.932765252250192,19.1452101604981,-27.0,4,42,7,6
2003-11-24 21:30:00,21,-32.0,-26.50136843107967,19.1452101604981,-26.0,4,42,7,6
2003-11-24 22:30:00,21,-33.0,-27.41298096966776,19.1452101604981,-23.0,4,42,7,6
2003-11-24 23:30:00,21,-28.0,-27.760987620734195,19.1452101604981,-27.0,4,42,7,6
2003-11-25 00:30:00,21,-27.0,-29.557222751726258,19.1452101604981,-28.0,4,42,7,6
2003-11-25 01:30:00,21,-27.0,-29.801437435486353,19.1452101604981,-26.0,4,42,7,6
2003-11-25 02:30:00,21,-27.0,-32.35278542093825,19.1452101604981,-31.0,4,42,7,6
2003-11-25 03:30:00,21,-25.0,-30.968149004037212,19.1452101604981,-32.0,4,42,7,6
2003-11-25 04:30:00,21,-28.0,-29.64381033610472,19.1452101604981,-33.0,4,42,7,6
2003-11-25 05:30:00,21,-35.0,-30.419525516151758,19.1452101604981,-28.0,4,42,7,6
2003-11-25 06:30:00,21,-33.0,-30.426374015151197,19.1452101604981,-27.0,4,42,7,6
2003-11-25 07:30:00,21,-28.0,-31.344741452709957,19.1452101604981,-27.0,4,42,7,6
2003-11-25 08:30:00,21,-26.0,-29.864326771586878,19.1452101604981,-27.0,4,42,7,6
2003-11-25 09:30:00,21,-31.0,-29.564663663330148,19.1452101604981,-25.0,4,42,7,6
2003-11-25 10:30:00,21,-26.0,-31.20992194791635,19.1452101604981,-28.0,4,42,7,6
2003-11-25 11:30:00,21,-23.0,-31.801781091327204,19.1452101604981,-35.0,4,42,7,6
2003-11-25 12:30:00,21,-22.0,-28.985412036837957,19.1452101604981,-33.0,4,42,7,6
2003-11-25 13:30:00,21,-21.0,-27.66807883689725,19.1452101604981,-28.0,4,42,7,6
2003-11-25 14:30:00,21,-20.0,-28.465790023705217,19.1452101604981,-26.0,4,42,7,6
2003-11-25 15:30:00,21,-23.0,-27.413746048163794,19.1452101604981,-31.0,4,42,7,6
2003-11-25 16:30:00,21,-24.0,-26.000214691946518,19.1452101604981,-26.0,4,42,7,6
2003-11-25 17:30:00,21,-25.0,-25.990023334776726,19.1452101604981,-23.0,4,42,7,6
2003-11-25 18:30:00,21,-23.0,-24.867657250663825,19.1452101604981,-22.0,4,42,7,6
2003-11-25 19:30:00,21,-17.0,-24.891279339912142,19.1452101604981,-21.0,4,42,7,6
2003-11-25 20:30:00,21,-14.0,-25.505649580925475,19.1452101604981,-20.0,4,42,7,6
2003-11-25 21:30:00,21,-12.0,-27.30280385257273,19.1452101604981,-23.0,4,42,7,6
2003-11-25 22:30:00,21,-14.0,-25.26852873288619,19.1452101604981,-24.0,4,42,7,6
2003-11-25 23:30:00,21,-19.0,-25.134034793410045,19.1452101604981,-25.0,4,42,7,6
2003-11-26 00:30:00,21,-19.0,-23.206243949931917,19.1452101604981,-23.0,4,42,7,6
2003-11-26 01:30:00,21,-21.0,-22.12321952760093,19.1452101604981,-17.0,4,42,7,6
2003-11-26 02:30:00,21,-23.0,-21.637054001770373,19.1452101604981,-14.0,4,42,7,6
2003-11-26 03:30:00,21,-23.0,-21.858431441243887,19.1452101604981,-12.0,4,42,7,6
2003-11-26 04:30:00,21,-22.0,-22.890567678989235,19.1452101604981,-14.0,4,42,7,6
2003-11-26 05:30:00,21,-21.0,-22.79914196144665,19.1452101604981,-19.0,4,42,7,6
2003-11-26 06:30:00,21,-23.0,-22.488631714452097,19.1452101604981,-19.0,4,42,7,6
2003-11-26 07:30:00,21,-24.0,-23.09129730093609,19.1452101604981,-21.0,4,42,7,6
2003-11-26 08:30:00,21,-20.0,-22.232193215754638,19.1452101604981,-23.0,4,42,7,6
2003-11-26 09:30:00,21,-19.0,-20.780891631778836,19.1452101604981,-23.0,4,42,7,6
2003-11-26 10:30:00,21,-17.0,-20.27852923140461,19.1452101604981,-22.0,4,42,7,6
2003-11-26 11:30:00,21,-12.0,-19.073370142961576,19.1452101604981,-21.0,4,42,7,6
2003-11-26 12:30:00,21,-12.0,-18.497313707513605,19.1452101604981,-23.0,4,42,7,6
2003-11-26 13:30:00,21,-20.0,-19.080276778624846,19.1452101604981,-24.0,4,42,7,6
2003-11-26 14:30:00,21,-20.0,-17.48992973576147,19.1452101604981,-20.0,4,42,7,6
2003-11-26 15:30:00,21,-16.0,-15.89718978781476,19.1452101604981,-19.0,4,42,7,6
2003-11-26 16:30:00,21,-22.0,-15.714422069525515,19.1452101604981,-17.0,4,42,7,6
2003-11-26 17:30:00,21,-22.0,-15.015446123003759,19.1452101604981,-12.0,4,42,7,6
2003-11-26 18:30:00,21,-19.0,-16.399516143457408,19.1452101604981,-12.0,4,42,7,6
2003-11-26 19:30:00,21,-17.0,-17.178866027727235,19.1452101604981,-20.0,4,42,7,6
2003-11-26 20:30:00,21,-13.0,-16.844463937364186,19.1452101604981,-20.0,4,42,7,6
2003-11-26 21:30:00,21,-12.0,-17.188178358539886,19.1452101604981,-16.0,4,42,7,6
2003-11-26 22:30:00,21,-15.0,-16.94914830246035,19.1452101604981,-22.0,4,42,7,6
2003-11-26 23:30:00,21,-15.0,-17.685557284090407,19.1452101604981,-22.0,4,42,7,6
2003-11-27 00:30:00,21,-14.0,-18.300568772505812,19.1452101604981,-19.0,4,42,7,6
2003-11-27 01:30:00,21,-13.0,-16.926222690444742,19.1452101604981,-17.0,4,42,7,6
2003-11-27 02:30:00,21,-16.0,-16.67384678181588,19.1452101604981,-13.0,4,42,7,6
2003-11-27 03:30:00,21,-17.0,-16.936452417812664,19.1452101604981,-12.0,4,42,7,6
2003-11-27 04:30:00,21,-14.0,-18.072275395502814,19.1452101604981,-15.0,4,42,7,6
2003-11-27 05:30:00,21,-14.0,-17.784903540713493,19.1452101604981,-15.0,4,42,7,6
2003-11-27 06:30:00,21,-13.0,-16.822562693365306,19.1452101604981,-14.0,4,42,7,6
2003-11-27 07:30:00,21,-12.0,-16.66140553575578,19.1452101604981,-13.0,4,42,7,6
2003-11-27 08:30:00,21,-10.0,-16.595289033445926,19.1452101604981,-16.0,4,42,7,6
2003-11-27 09:30:00,21,-9.0,-16.357780995225518,19.1452101604981,-17.0,4,42,7,6
2003-11-27 10:30:00,21,-5.0,-15.646998655012712,19.1452101604981,-14.0,4,42,7,6
2003-11-27 11:30:00,21,-4.0,-15.577399766539305,19.1452101604981,-14.0,4,42,7,6
2003-11-27 12:30:00,21,-5.0,-15.144339757652943,19.1452101604981,-13.0,4,42,7,6
2003-11-27 13:30:00,21,-11.0,-14.143605457509942,19.1452101604981,-12.0,4,42,7,6
2003-11-27 14:30:00,21,-12.0,-13.583419168554894,19.1452101604981,-10.0,4,42,7,6
2003-11-27 15:30:00,21,-10.0,-13.512850560528769,19.1452101604981,-9.0,4,42,7,6
2003-11-27 16:30:00,21,-10.0,-13.158926178450852,19.1452101604981,-5.0,4,42,7,6
2003-11-27 17:30:00,21,-9.0,-12.727221916565057,19.1452101604981,-4.0,4,42,7,6
2003-11-27 18:30:00,21,-7.0,-12.87736333911165,19.1452101604981,-5.0,4,42,7,6
2003-11-27 19:30:00,21,-7.0,-13.179429817051204,19.1452101604981,-11.0,4,42,7,6
2003-11-27 20:30:00,21,-10.0,-11.831040592657956,19.1452101604981,-12.0,4,42,7,6
2003-11-27 21:30:00,21,-7.0,-10.576939735134388,19.1452101604981,-10.0,4,42,7,6
2003-11-27 22:30:00,21,-4.0,-10.400818200254445,19.1452101604981,-10.0,4,42,7,6
2003-11-27 23:30:00,21,-1.0,-9.2073492321748,19.1452101604981,-9.0,4,42,7,6
2003-11-28 00:30:00,21,-1.0,-8.71027378000948,19.1452101604981,-7.0,4,42,7,6
2003-11-28 01:30:00,21,-6.0,-9.65739444876639,19.1452101604981,-7.0,4,42,7,6
2003-11-28 02:30:00,21,-7.0,-8.595516656537743,19.1452101604981,-10.0,4,42,7,6
2003-11-28 03:30:00,21,-10.0,-7.299945753969361,19.1452101604981,-7.0,4,42,7,6
2003-11-28 04:30:00,21,-9.0,-7.114101443430112,19.1452101604981,-4.0,4,42,7,6
2003-11-28 05:30:00,21,-7.0,-6.244995526602963,19.1452101604981,-1.0,4,42,7,6
2003-11-28 06:30:00,21,-7.0,-5.763112347430287,19.1452101604981,-1.0,4,42,7,6
2003-11-28 07:30:00,21,-9.0,-8.530933799419781,19.1452101604981,-6.0,4,42,7,6
2003-11-28 08:30:00,21,-9.0,-7.389834338120217,19.1452101604981,-7.0,4,42,7,6
2003-11-28 09:30:00,21,-7.0,-7.981119091292406,19.1452101604981,-10.0,4,42,7,6
2003-11-28 10:30:00,21,-3.0,-5.134987553120883,19.1452101604981,-9.0,4,42,7,6
2003-11-28 11:30:00,21,-3.0,-3.8044486099906862,19.1452101604981,-7.0,4,42,7,6
2003-11-28 12:30:00,21,-7.0,-4.41573470098772,19.1452101604981,-7.0,4,42,7,6
2003-11-28 13:30:00,21,-10.0,-5.891868779552826,19.1452101604981,-9.0,4,42,7,6
2003-11-28 14:30:00,21,-11.0,-5.332473149225898,19.1452101604981,-9.0,4,42,7,6
2003-11-28 15:30:00,21,-8.0,-5.300809596636306,19.1452101604981,-7.0,4,42,7,6
2003-11-28 16:30:00,21,-6.0,-4.8472878075475485,19.1452101604981,-3.0,4,42,7,6
2003-11-28 17:30:00,21,-8.0,-6.431228190056611,19.1452101604981,-3.0,4,42,7,6
2003-11-28 18:30:00,21,-10.0,-12.451568087737762,19.1452101604981,-7.0,4,42,7,6
2003-11-28 19:30:00,21,-6.0,-12.541707822276376,19.1452101604981,-10.0,4,42,7,6
2003-11-28 20:30:00,21,-4.0,-8.068996146874671,19.1452101604981,-11.0,4,42,7,6
2003-11-28 21:30:00,21,-4.0,-5.671958709474438,19.1452101604981,-8.0,4,42,7,6
2003-11-28 22:30:00,21,-2.0,-6.349832209758368,19.1452101604981,-6.0,4,42,7,6
2003-11-28 23:30:00,21,-2.0,-6.387737314576988,19.1452101604981,-8.0,4,42,7,6
2003-11-29 00:30:00,21,-1.0,-5.242545032143635,19.1452101604981,-10.0,4,42,7,6
2003-11-29 01:30:00,21,-6.0,-4.401351690355622,19.1452101604981,-6.0,4,42,7,6
2003-11-29 02:30:00,21,-13.0,-3.511032867629364,19.1452101604981,-4.0,4,42,7,6
2003-11-29 03:30:00,21,-11.0,-3.5328155128340306,19.1452101604981,-4.0,4,42,7,6
2003-11-29 04:30:00,21,-9.0,-3.437617888542011,19.1452101604981,-2.0,4,42,7,6
2003-11-29 05:30:00,21,-7.0,-2.8757665655348106,19.1452101604981,-2.0,4,42,7,6
2003-11-29 06:30:00,21,-7.0,-3.3918550322398247,19.1452101604981,-1.0,4,42,7,6
2003-11-29 07:30:00,21,-9.0,-10.678134737667342,19.1452101604981,-6.0,4,42,7,6
2003-11-29 08:30:00,21,-12.0,-9.330603610432256,19.1452101604981,-13.0,4,42,7,6
2003-11-29 09:30:00,21,-11.0,-5.185708304114684,19.1452101604981,-11.0,4,42,7,6
2003-11-29 10:30:00,21,-11.0,-2.738473345695141,19.1452101604981,-9.0,4,42,7,6
2003-11-29 11:30:00,21,-9.0,-0.6283217405745916,19.1452101604981,-7.0,4,42,7,6
2003-11-29 12:30:00,21,-7.0,-2.3368536446092563,19.1452101604981,-7.0,4,42,7,6
2003-11-29 13:30:00,21,-8.0,-5.443900204593323,19.1452101604981,-9.0,4,42,7,6
2003-11-29 14:30:00,21,-7.0,-8.187955388408202,19.1452101604981,-12.0,4,42,7,6
2003-11-29 15:30:00,21,-4.0,-6.263720183290054,19.1452101604981,-11.0,4,42,7,6
2003-11-29 16:30:00,21,-5.0,-5.038148149442243,19.1452101604981,-11.0,4,42,7,6
2003-11-29 17:30:00,21,-4.0,-5.919293006615771,19.1452101604981,-9.0,4,42,7,6
2003-11-29 18:30:00,21,-5.0,-6.267994390814998,19.1452101604981,-7.0,4,42,7,6
2003-11-29 19:30:00,21,-3.0,-5.145282393552296,19.1452101604981,-8.0,4,42,7,6
2003-11-29 20:30:00,21,0.0,-3.8833633174765687,19.1452101604981,-7.0,4,42,7,6
2003-11-29 21:30:00,21,1.0,-3.662137033329021,19.1452101604981,-4.0,4,42,7,6
2003-11-29 22:30:00,21,-1.0,-3.412451689502312,19.1452101604981,-5.0,4,42,7,6
2003-11-29 23:30:00,21,2.0,-4.616029460689109,19.1452101604981,-4.0,4,42,7,6
2003-11-30 00:30:00,21,1.0,-4.888043934360503,19.1452101604981,-5.0,4,42,7,6
2003-11-30 01:30:00,21,0.0,-2.8579558172031625,19.1452101604981,-3.0,4,42,7,6
2003-11-30 02:30:00,21,-4.0,-2.8591650598108735,19.1452101604981,0.0,4,42,7,6
2003-11-30 03:30:00,21,1.0,-3.2572570281354203,19.1452101604981,1.0,4,42,7,6
2003-11-30 04:30:00,21,12.0,-3.145632308110965,19.1452101604981,-1.0,4,42,7,6
2003-11-30 05:30:00,21,16.0,-2.6150213027806544,19.1452101604981,2.0,4,42,7,6
2003-11-30 06:30:00,21,19.0,-3.5210602794071484,19.1452101604981,1.0,4,42,7,6
2003-11-30 07:30:00,21,22.0,-3.9614803899346747,19.1452101604981,0.0,4,42,7,6
2003-11-30 08:30:00,21,23.0,-4.114656546333308,19.1452101604981,-4.0,4,42,7,6
2003-11-30 09:30:00,21,19.0,-3.5135629752393456,19.1452101604981,1.0,4,42,7,6
2003-11-30 10:30:00,21,15.0,-1.6618265153865543,19.1452101604981,12.0,4,42,7,6
2003-11-30 11:30:00,21,16.0,-2.315919794696544,19.1452101604981,16.0,4,42,7,6
2003-11-30 12:30:00,21,14.0,-2.113157714982112,19.1452101604981,19.0,4,42,7,6
2003-11-30 13:30:00,21,7.0,-3.1237054839799967,19.1452101604981,22.0,4,42,7,6
2003-11-30 14:30:00,21,-3.0,-4.527438486874985,19.1452101604981,23.0,4,42,7,6
2003-11-30 15:30:00,21,-3.0,-9.92241391904549,19.1452101604981,19.0,4,42,7,6
2003-11-30 16:30:00,21,-9.0,-16.728425481821585,19.1452101604981,15.0,4,42,7,6
2003-11-30 17:30:00,21,-23.0,-23.346760266414442,19.1452101604981,16.0,4,42,7,6
2003-11-30 18:30:00,21,-30.0,-21.55892879017933,19.1452101604981,14.0,4,42,7,6
2003-11-30 19:30:00,21,-34.0,-36.27050909718147,19.1452101604981,7.0,4,42,7,6
2003-11-30 20:30:00,21,-39.0,-56.23408032780858,19.1452101604981,-3.0,4,42,7,6
2015-03-09 21:30:00,35,-4.0,-9.503895052516846,19.1452101604981,-3.0,4,42,7,6
2015-03-09 22:30:00,35,-4.0,-9.505369398311633,19.1452101604981,-9.0,4,42,7,6
2015-03-09 23:30:00,35,-3.0,-9.135673702069305,19.1452101604981,-23.0,4,42,7,6
2015-03-10 00:30:00,35,-1.0,-8.369853382206518,19.1452101604981,-30.0,4,42,7,6
2015-03-10 01:30:00,35,-4.0,-8.12859552916893,19.1452101604981,-34.0,4,42,7,6
2015-03-10 02:30:00,35,-4.0,-8.355509904505826,19.1452101604981,-39.0,4,42,7,6
2015-03-10 03:30:00,35,-6.0,-8.693174624443142,19.1452101604981,-4.0,4,42,7,6
2015-03-10 04:30:00,35,-6.0,-7.586933906777389,19.1452101604981,-4.0,4,42,7,6
2015-03-10 05:30:00,35,-4.0,-7.1158385669454205,19.1452101604981,-3.0,4,42,7,6
2015-03-10 06:30:00,35,-2.0,-6.413875558635965,19.1452101604981,-1.0,4,42,7,6
2015-03-10 07:30:00,35,-1.0,-6.213313370280947,19.1452101604981,-4.0,4,42,7,6
2015-03-10 08:30:00,35,1.0,-6.30177876890119,19.1452101604981,-4.0,4,42,7,6
2015-03-10 09:30:00,35,-3.0,-6.576100105393451,19.1452101604981,-6.0,4,42,7,6
2015-03-10 10:30:00,35,-7.0,-4.360144423031329,19.1452101604981,-6.0,4,42,7,6
2015-03-10 11:30:00,35,-3.0,-3.8224105136482933,19.1452101604981,-4.0,4,42,7,6
2015-03-10 12:30:00,35,-5.0,-2.883680128215655,19.1452101604981,-2.0,4,42,7,6
2015-03-10 13:30:00,35,-6.0,-2.502784985052685,19.1452101604981,-1.0,4,42,7,6
2015-03-10 14:30:00,35,-6.0,-3.6638997369764112,19.1452101604981,1.0,4,42,7,6
2015-03-10 15:30:00,35,-7.0,-5.078429881078325,19.1452101604981,-3.0,4,42,7,6
2015-03-10 16:30:00,35,-7.0,-5.338837951182253,19.1452101604981,-7.0,4,42,7,6
2015-03-10 17:30:00,35,-6.0,-3.7422726107553785,19.1452101604981,-3.0,4,42,7,6
2015-03-10 18:30:00,35,-6.0,-3.690470517814301,19.1452101604981,-5.0,4,42,7,6
2015-03-10 19:30:00,35,-8.0,-1.5300469767447353,19.1452101604981,-6.0,4,42,7,6
2015-03-10 20:30:00,35,-6.0,-0.8268584475616976,19.1452101604981,-6.0,4,42,7,6
2015-03-10 21:30:00,35,-4.0,-0.7767120868065582,19.1452101604981,-7.0,4,42,7,6
2015-03-10 22:30:00,35,-4.0,-1.5653754646223135,19.1452101604981,-7.0,4,42,7,6
2015-03-10 23:30:00,35,-5.0,-0.2488637357415584,19.1452101604981,-6.0,4,42,7,6
2015-03-11 00:30:00,35,-6.0,0.18462415899060858,19.1452101604981,-6.0,4,42,7,6
2015-03-11 01:30:00,35,-6.0,-0.1022453950231963,19.1452101604981,-8.0,4,42,7,6
2015-03-11 02:30:00,35,-6.0,1.3690889205759191,19.1452101604981,-6.0,4,42,7,6
2015-03-11 03:30:00,35,-6.0,2.494856580889646,19.1452101604981,-4.0,4,42,7,6
2015-03-11 04:30:00,35,-5.0,1.1779727773603668,19.1452101604981,-4.0,4,42,7,6
2015-03-11 05:30:00,35,5.0,1.1864932868116185,19.1452101604981,-5.0,4,42,7,6
2015-03-11 06:30:00,35,6.0,0.9772826883449142,19.1452101604981,-6.0,4,42,7,6
2015-03-11 07:30:00,35,8.0,-1.4731707157843772,19.1452101604981,-6.0,4,42,7,6
2015-03-11 08:30:00,35,0.0,-3.537222271952512,19.1452101604981,-6.0,4,42,7,6
2015-03-11 09:30:00,35,2.0,-2.093126146092075,19.1452101604981,-6.0,4,42,7,6
2015-03-11 10:30:00,35,1.0,-3.7317522000682963,19.1452101604981,-5.0,4,42,7,6
2015-03-11 11:30:00,35,2.0,-2.4989991255039286,19.1452101604981,5.0,4,42,7,6
2015-03-11 12:30:00,35,-6.0,-1.495818434546866,19.1452101604981,6.0,4,42,7,6
2015-03-11 13:30:00,35,-11.0,-3.097723046180093,19.1452101604981,8.0,4,42,7,6
2015-03-11 14:30:00,35,-14.0,-4.77871910075725,19.1452101604981,0.0,4,42,7,6
2015-03-11 15:30:00,35,-14.0,-5.810737902441659,19.1452101604981,2.0,4,42,7,6
2015-03-11 16:30:00,35,-12.0,-5.22380874812378,19.1452101604981,1.0,4,42,7,6
2015-03-11 17:30:00,35,-12.0,-6.540185599944444,19.1452101604981,2.0,4,42,7,6
2015-03-11 18:30:00,35,-15.0,-10.30702980869372,19.1452101604981,-6.0,4,42,7,6
2015-03-11 19:30:00,35,-20.0,-15.652013523634881,19.1452101604981,-11.0,4,42,7,6
2015-03-11 20:30:00,35,-19.0,-19.279741346766713,19.1452101604981,-14.0,4,42,7,6
2015-03-11 21:30:00,35,-16.0,-11.53322274211126,19.1452101604981,-14.0,4,42,7,6
2015-03-11 22:30:00,35,-15.0,-10.620272478888388,19.1452101604981,-12.0,4,42,7,6
2015-03-11 23:30:00,35,-14.0,-12.26057286878298,19.1452101604981,-12.0,4,42,7,6
2015-03-12 00:30:00,35,-15.0,-11.199908970095152,19.1452101604981,-15.0,4,42,7,6
2015-03-12 01:30:00,35,-12.0,-10.805988888767207,19.1452101604981,-20.0,4,42,7,6
2015-03-12 02:30:00,35,-8.0,-11.113648113767425,19.1452101604981,-19.0,4,42,7,6
2015-03-12 03:30:00,35,-10.0,-7.5288088702779135,19.1452101604981,-16.0,4,42,7,6
2015-03-12 04:30:00,35,-11.0,-5.719065685444427,19.1452101604981,-15.0,4,42,7,6
2015-03-12 05:30:00,35,-7.0,-6.345095234389316,19.1452101604981,-14.0,4,42,7,6
2015-03-12 06:30:00,35,-12.0,-7.008922916691375,19.1452101604981,-15.0,4,42,7,6
2015-03-12 07:30:00,35,-22.0,-5.562308310553725,19.1452101604981,-12.0,4,42,7,6
2015-03-12 08:30:00,35,-24.0,-7.796449141362572,19.1452101604981,-8.0,4,42,7,6
2015-03-12 09:30:00,35,-23.0,-9.335677778451533,19.1452101604981,-10.0,4,42,7,6
2015-03-12 10:30:00,35,-19.0,-7.873687187463535,19.1452101604981,-11.0,4,42,7,6
2015-03-12 11:30:00,35,-19.0,-9.83543681901935,19.1452101604981,-7.0,4,42,7,6
2015-03-12 12:30:00,35,-15.0,-12.59561911338129,19.1452101604981,-12.0,4,42,7,6
2015-03-12 13:30:00,35,-17.0,-15.915786543841417,19.1452101604981,-22.0,4,42,7,6
2015-03-12 14:30:00,35,-18.0,-23.57983712811756,19.1452101604981,-24.0,4,42,7,6
2015-03-12 15:30:00,35,-13.0,-20.30053512139839,19.1452101604981,-23.0,4,42,7,6
2015-03-12 16:30:00,35,-9.0,-14.710372816810796,19.1452101604981,-19.0,4,42,7,6
2015-03-12 17:30:00,35,-9.0,-16.981932729928626,19.1452101604981,-19.0,4,42,7,6
2015-03-12 18:30:00,35,-9.0,-17.008303520642933,19.1452101604981,-15.0,4,42,7,6
2015-03-12 19:30:00,35,-8.0,-18.028824052954597,19.1452101604981,-17.0,4,42,7,6
2015-03-12 20:30:00,35,-8.0,-17.140946970109297,19.1452101604981,-18.0,4,42,7,6
2015-03-12 21:30:00,35,-11.0,-17.22691365491803,19.1452101604981,-13.0,4,42,7,6
2015-03-12 22:30:00,35,-13.0,-14.936594203114815,19.1452101604981,-9.0,4,42,7,6
2015-03-12 23:30:00,35,-15.0,-14.505427124002829,19.1452101604981,-9.0,4,42,7,6
2015-03-13 00:30:00,35,-13.0,-13.716768397120184,19.1452101604981,-9.0,4,42,7,6
2015-03-13 01:30:00,35,-12.0,-13.090138877804545,19.1452101604981,-8.0,4,42,7,6
2015-03-13 02:30:00,35,-9.0,-12.377990325991679,19.1452101604981,-8.0,4,42,7,6
2015-03-13 03:30:00,35,-3.0,-12.045902074849153,19.1452101604981,-11.0,4,42,7,6
2015-03-13 04:30:00,35,-2.0,-11.329825810027781,19.1452101604981,-13.0,4,42,7,6
2015-03-13 05:30:00,35,1.0,-10.934882523416391,19.1452101604981,-15.0,4,42,7,6
2015-03-13 06:30:00,35,1.0,-10.58406496465367,19.1452101604981,-13.0,4,42,7,6
2015-03-13 07:30:00,35,0.0,-9.994438269133976,19.1452101604981,-12.0,4,42,7,6
2015-03-13 08:30:00,35,-1.0,-8.20424760708055,19.1452101604981,-9.0,4,42,7,6
2015-03-13 09:30:00,35,-2.0,-6.6410271315612945,19.1452101604981,-3.0,4,42,7,6
2015-03-13 10:30:00,35,-2.0,-6.449706347289052,19.1452101604981,-2.0,4,42,7,6
2015-03-13 11:30:00,35,0.0,-6.23026834692098,19.1452101604981,1.0,4,42,7,6
2015-03-13 12:30:00,35,-3.0,-6.412233779249341,19.1452101604981,1.0,4,42,7,6
2015-03-13 13:30:00,35,-16.0,-7.242369527576464,19.1452101604981,0.0,4,42,7,6
2015-03-13 14:30:00,35,-20.0,-7.086872555557644,19.1452101604981,-1.0,4,42,7,6
2015-03-13 15:30:00,35,-11.0,-6.315819935949953,19.1452101604981,-2.0,4,42,7,6
2015-03-13 16:30:00,35,-7.0,-7.484245954717224,19.1452101604981,-2.0,4,42,7,6
2015-03-13 17:30:00,35,-10.0,-6.685090071813029,19.1452101604981,0.0,4,42,7,6
2015-03-13 18:30:00,35,-15.0,-18.663115984563326,19.1452101604981,-3.0,4,42,7,6
2015-03-13 19:30:00,35,-15.0,-24.121711530698725,19.1452101604981,-16.0,4,42,7,6
2015-03-13 20:30:00,35,-11.0,-12.975135254878158,19.1452101604981,-20.0,4,42,7,6
2015-03-13 21:30:00,35,-10.0,-7.841786437285506,19.1452101604981,-11.0,4,42,7,6
2015-03-13 22:30:00,35,-7.0,-6.951053681512764,19.1452101604981,-7.0,4,42,7,6
2015-03-13 23:30:00,35,-10.0,-7.00266973712958,19.1452101604981,-10.0,4,42,7,6
2015-03-14 00:30:00,35,-12.0,-8.831639879425666,19.1452101604981,-15.0,4,42,7,6
2015-03-14 01:30:00,35,-11.0,-13.084015924369734,19.1452101604981,-15.0,4,42,7,6
2015-03-14 02:30:00,35,-12.0,-7.397301411222831,19.1452101604981,-11.0,4,42,7,6
2015-03-14 03:30:00,35,-13.0,-6.438427834505596,19.1452101604981,-10.0,4,42,7,6
2015-03-14 04:30:00,35,-14.0,-5.023334927497789,19.1452101604981,-7.0,4,42,7,6
2015-03-14 05:30:00,35,-15.0,-5.191133617583507,19.1452101604981,-10.0,4,42,7,6
2015-03-14 06:30:00,35,-12.0,-4.188473831134381,19.1452101604981,-12.0,4,42,7,6
2015-03-14 07:30:00,35,-9.0,-3.9907580138405905,19.1452101604981,-11.0,4,42,7,6
2015-03-14 08:30:00,35,-8.0,-7.02729177699581,19.1452101604981,-12.0,4,42,7,6
2015-03-14 09:30:00,35,-7.0,-9.627368024630314,19.1452101604981,-13.0,4,42,7,6
2015-03-14 10:30:00,35,-5.0,-8.350110171169089,19.1452101604981,-14.0,4,42,7,6
2015-03-14 11:30:00,35,-4.0,-7.138876964088862,19.1452101604981,-15.0,4,42,7,6
2015-03-14 12:30:00,35,-4.0,-9.35184209646345,19.1452101604981,-12.0,4,42,7,6
2015-03-14 13:30:00,35,-4.0,-6.024415722157229,19.1452101604981,-9.0,4,42,7,6
2015-03-14 14:30:00,35,1.0,-6.030787500513242,19.1452101604981,-8.0,4,42,7,6
2015-03-14 15:30:00,35,3.0,-4.844455389285642,19.1452101604981,-7.0,4,42,7,6
2015-03-14 16:30:00,35,4.0,-6.290225851064449,19.1452101604981,-5.0,4,42,7,6
2015-03-14 17:30:00,35,2.0,-6.259655267754901,19.1452101604981,-4.0,4,42,7,6
2015-03-14 18:30:00,35,3.0,-8.12101683367176,19.1452101604981,-4.0,4,42,7,6
2015-03-14 19:30:00,35,2.0,-6.684655209567563,19.1452101604981,-4.0,4,42,7,6
2015-03-14 20:30:00,35,-1.0,-5.475628870246407,19.1452101604981,1.0,4,42,7,6
2015-03-14 21:30:00,35,-3.0,-5.5268193654839735,19.1452101604981,3.0,4,42,7,6
2015-03-14 22:30:00,35,-5.0,-5.592716111204542,19.1452101604981,4.0,4,42,7,6
2015-03-14 23:30:00,35,-11.0,-5.49430004120277,19.1452101604981,2.0,4,42,7,6
2015-03-15 00:30:00,35,-11.0,-5.067493211878205,19.1452101604981,3.0,4,42,7,6
2015-03-15 01:30:00,35,-11.0,-5.442642127187995,19.1452101604981,2.0,4,42,7,6
2015-03-15 02:30:00,35,-11.0,-5.061114457122532,19.1452101604981,-1.0,4,42,7,6
2015-03-15 03:30:00,35,-12.0,-5.450048738160223,19.1452101604981,-3.0,4,42,7,6
2015-03-15 04:30:00,35,-11.0,-9.248521617500792,19.1452101604981,-5.0,4,42,7,6
2015-03-15 05:30:00,35,-11.0,-11.359024368070887,19.1452101604981,-11.0,4,42,7,6
2015-03-15 06:30:00,35,-9.0,-11.766132170222537,19.1452101604981,-11.0,4,42,7,6
2015-03-15 07:30:00,35,-9.0,-11.292657878106553,19.1452101604981,-11.0,4,42,7,6
2015-03-15 08:30:00,35,-7.0,-5.9022357094473925,19.1452101604981,-11.0,4,42,7,6
2015-03-15 09:30:00,35,-6.0,-4.437354563533653,19.1452101604981,-12.0,4,42,7,6
2015-03-15 10:30:00,35,-7.0,-6.635673907555624,19.1452101604981,-11.0,4,42,7,6
2015-03-15 11:30:00,35,-5.0,-9.78180458390083,19.1452101604981,-11.0,4,42,7,6
2015-03-15 12:30:00,35,-5.0,-10.405794698678484,19.1452101604981,-9.0,4,42,7,6
2015-03-15 13:30:00,35,-3.0,-9.24953086998492,19.1452101604981,-9.0,4,42,7,6
2015-03-15 14:30:00,35,1.0,-9.900873122362366,19.1452101604981,-7.0,4,42,7,6
2015-03-15 15:30:00,35,4.0,-9.983638802460497,19.1452101604981,-6.0,4,42,7,6
2015-03-15 16:30:00,35,-1.0,-11.00051184048333,19.1452101604981,-7.0,4,42,7,6
2015-03-15 17:30:00,35,0.0,-10.959655718608584,19.1452101604981,-5.0,4,42,7,6
2015-03-15 18:30:00,35,2.0,-10.691329434890708,19.1452101604981,-5.0,4,42,7,6
2015-03-15 19:30:00,35,1.0,-8.509427884734961,19.1452101604981,-3.0,4,42,7,6
2015-03-15 20:30:00,35,-2.0,-7.471102417758033,19.1452101604981,1.0,4,42,7,6
2015-03-15 21:30:00,35,-7.0,-7.1441836787634685,19.1452101604981,4.0,4,42,7,6
2015-03-15 22:30:00,35,-7.0,-7.702567731139716,19.1452101604981,-1.0,4,42,7,6
2015-03-15 23:30:00,35,-2.0,-6.131580197332475,19.1452101604981,0.0,4,42,7,6
2015-03-16 00:30:00,35,4.0,-3.803188207118801,19.1452101604981,2.0,4,42,7,6
2015-03-16 01:30:00,35,10.0,-1.3519022859634298,19.1452101604981,1.0,4,42,7,6
2015-03-16 02:30:00,35,15.0,-3.0437489674782405,19.1452101604981,-2.0,4,42,7,6
2015-03-16 03:30:00,35,10.0,-0.9829832955499036,19.1452101604981,-7.0,4,42,7,6
2015-03-16 04:30:00,35,7.0,0.5145404243723632,19.1452101604981,-7.0,4,42,7,6
2015-03-16 05:30:00,35,15.0,3.0589775592528596,19.1452101604981,-2.0,4,42,7,6
2015-03-16 06:30:00,35,1.0,5.118564219638678,19.1452101604981,4.0,4,42,7,6
2015-03-16 07:30:00,35,-10.0,5.275849475436971,19.1452101604981,10.0,4,42,7,6
2015-03-16 08:30:00,35,-2.0,6.826851949685242,19.1452101604981,15.0,4,42,7,6
2015-03-16 09:30:00,35,5.0,0.48361637014672,19.1452101604981,10.0,4,42,7,6
2015-03-16 10:30:00,35,11.0,5.423730544493765,19.1452101604981,7.0,4,42,7,6
2015-03-16 11:30:00,35,19.0,2.5492724982366255,19.1452101604981,15.0,4,42,7,6
2015-03-16 12:30:00,35,17.0,-17.809125600332557,19.1452101604981,1.0,4,42,7,6
2015-03-16 13:30:00,35,11.0,0.7212232406956431,19.1452101604981,-10.0,4,42,7,6
2015-03-16 14:30:00,35,7.0,1.4498988833027369,19.1452101604981,-2.0,4,42,7,6
2015-03-16 15:30:00,35,12.0,4.921415816183888,19.1452101604981,5.0,4,42,7,6
2015-03-16 16:30:00,35,17.0,5.052148894876723,19.1452101604981,11.0,4,42,7,6
2015-03-16 17:30:00,35,17.0,7.952935873450215,19.1452101604981,19.0,4,42,7,6
2015-03-16 18:30:00,35,15.0,7.091359817322619,19.1452101604981,17.0,4,42,7,6
2015-03-16 19:30:00,35,16.0,5.050767567744067,19.1452101604981,11.0,4,42,7,6
2015-03-16 20:30:00,35,11.0,4.475409934995362,19.1452101604981,7.0,4,42,7,6
2015-03-16 21:30:00,35,9.0,6.712569221390375,19.1452101604981,12.0,4,42,7,6
2015-03-16 22:30:00,35,6.0,8.424670716584338,19.1452101604981,17.0,4,42,7,6
2015-03-16 23:30:00,35,3.0,9.231988987090581,19.1452101604981,17.0,4,42,7,6
2015-03-17 00:30:00,35,4.0,6.384710993908286,19.1452101604981,15.0,4,42,7,6
2015-03-17 01:30:00,35,3.0,1.9056368420167757,19.1452101604981,16.0,4,42,7,6
2015-03-17 02:30:00,35,3.0,-7.721859801665808,19.1452101604981,11.0,4,42,7,6
2015-03-17 03:30:00,35,2.0,-13.654152884706306,19.1452101604981,9.0,4,42,7,6
2015-03-17 04:30:00,35,13.0,-13.865088979355548,19.1452101604981,6.0,4,42,7,6
2015-03-17 05:30:00,35,45.0,-19.84038458989948,19.1452101604981,3.0,4,42,7,6
2015-03-17 06:30:00,35,25.0,-19.292105852430552,19.1452101604981,4.0,4,42,7,6
2015-03-17 07:30:00,35,-18.0,-20.976049435864006,19.1452101604981,3.0,4,42,7,6
2015-03-17 08:30:00,35,-54.0,-28.444268993487796,19.1452101604981,3.0,4,42,7,6
2015-03-17 09:30:00,35,-83.0,-28.913381873083086,19.1452101604981,2.0,4,42,7,6
2015-03-17 10:30:00,35,-75.0,-12.311798246018842,19.1452101604981,13.0,4,42,7,6
2015-03-17 11:30:00,35,-54.0,17.446401926867395,19.1452101604981,45.0,4,42,7,6
2015-03-17 12:30:00,35,-55.0,-15.203664734893916,19.1452101604981,25.0,4,42,7,6
2015-03-17 13:30:00,35,-75.0,-75.12938905244333,19.1452101604981,-18.0,4,42,7,6
2015-03-17 14:30:00,35,-93.0,-154.4831399726551,19.1452101604981,-54.0,4,42,7,6
2015-03-17 15:30:00,35,-118.0,-153.6847700974459,19.1452101604981,-83.0,4,42,7,6
2015-03-17 16:30:00,35,-143.0,-106.67859380067665,19.1452101604981,-75.0,4,42,7,6
2015-03-17 17:30:00,35,-162.0,-80.85516210181927,19.1452101604981,-54.0,4,42,7,6
2015-03-17 18:30:00,35,-154.0,-95.82549256661451,19.1452101604981,-55.0,4,42,7,6
2015-03-17 19:30:00,35,-177.0,-108.64090619513837,19.1452101604981,-75.0,4,42,7,6
2015-03-17 20:30:00,35,-182.0,-130.68791508851345,19.1452101604981,-93.0,4,42,7,6
2015-03-17 21:30:00,35,-198.0,-140.10198971380132,19.1452101604981,-118.0,4,42,7,6
2015-03-17 22:30:00,35,-234.0,-142.53709736414547,19.1452101604981,-143.0,4,42,7,6
2015-03-17 23:30:00,35,-225.0,-143.60876537056345,19.1452101604981,-162.0,4,42,7,6
2015-03-18 00:30:00,35,-200.0,-128.6116083236095,19.1452101604981,-154.0,4,42,7,6
2015-03-18 01:30:00,35,-189.0,-127.79618812763158,19.1452101604981,-177.0,4,42,7,6
2015-03-18 02:30:00,35,-172.0,-127.78919312423929,19.1452101604981,-182.0,4,42,7,6
2015-03-18 03:30:00,35,-155.0,-130.67878065589213,19.1452101604981,-198.0,4,42,7,6
2015-03-18 04:30:00,35,-148.0,-136.96241452766984,19.1452101604981,-234.0,4,42,7,6
2015-03-18 05:30:00,35,-136.0,-135.34697802616301,19.1452101604981,-225.0,4,42,7,6
2015-03-18 06:30:00,35,-133.0,-122.70562091821978,19.1452101604981,-200.0,4,42,7,6
2015-03-18 07:30:00,35,-124.0,-117.69584041686929,19.1452101604981,-189.0,4,42,7,6
2015-03-18 08:30:00,35,-123.0,-111.46717127254513,19.1452101604981,-172.0,4,42,7,6
2015-03-18 09:30:00,35,-117.0,-107.70591981085653,19.1452101604981,-155.0,4,42,7,6
2015-03-18 10:30:00,35,-111.0,-104.90758823768786,19.1452101604981,-148.0,4,42,7,6
2015-03-18 11:30:00,35,-99.0,-101.30724975962067,19.1452101604981,-136.0,4,42,7,6
2015-03-18 12:30:00,35,-97.0,-97.01377341881377,19.1452101604981,-133.0,4,42,7,6
2015-03-18 13:30:00,35,-91.0,-96.39650622784167,19.1452101604981,-124.0,4,42,7,6
2015-03-18 14:30:00,35,-88.0,-96.84021919900866,19.1452101604981,-123.0,4,42,7,6
2015-03-18 15:30:00,35,-91.0,-95.58190459609052,19.1452101604981,-117.0,4,42,7,6
2015-03-18 16:30:00,35,-86.0,-93.03853717582454,19.1452101604981,-111.0,4,42,7,6
2015-03-18 17:30:00,35,-82.0,-87.96183439800348,19.1452101604981,-99.0,4,42,7,6
2015-03-18 18:30:00,35,-88.0,-83.8183925082817,19.1452101604981,-97.0,4,42,7,6
2015-03-18 19:30:00,35,-94.0,-79.36011035284317,19.1452101604981,-91.0,4,42,7,6
2015-03-18 20:30:00,35,-95.0,-81.4976140955635,19.1452101604981,-88.0,4,42,7,6
2015-03-18 21:30:00,35,-94.0,-80.64576779149488,19.1452101604981,-91.0,4,42,7,6
2015-03-18 22:30:00,35,-94.0,-74.07125526136548,19.1452101604981,-86.0,4,42,7,6
2015-03-18 23:30:00,35,-93.0,-71.03837713163203,19.1452101604981,-82.0,4,42,7,6
2015-03-19 00:30:00,35,-99.0,-74.31079226915364,19.1452101604981,-88.0,4,42,7,6
2015-03-19 01:30:00,35,-94.0,-75.07181050058388,19.1452101604981,-94.0,4,42,7,6
2015-03-19 02:30:00,35,-86.0,-75.19848331467466,19.1452101604981,-95.0,4,42,7,6
2015-03-19 03:30:00,35,-81.0,-76.57190386104753,19.1452101604981,-94.0,4,42,7,6
2015-03-19 04:30:00,35,-86.0,-79.06270178440985,19.1452101604981,-94.0,4,42,7,6
2015-03-19 05:30:00,35,-84.0,-80.15100152761697,19.1452101604981,-93.0,4,42,7,6
2015-03-19 06:30:00,35,-81.0,-81.19312215600887,19.1452101604981,-99.0,4,42,7,6
2015-03-19 07:30:00,35,-73.0,-79.98273076782093,19.1452101604981,-94.0,4,42,7,6
2015-03-19 08:30:00,35,-71.0,-76.6888097156145,19.1452101604981,-86.0,4,42,7,6
2015-03-19 09:30:00,35,-76.0,-73.20760721453891,19.1452101604981,-81.0,4,42,7,6
2015-03-19 10:30:00,35,-75.0,-73.78240906078138,19.1452101604981,-86.0,4,42,7,6
2015-03-19 11:30:00,35,-76.0,-71.29869218307383,19.1452101604981,-84.0,4,42,7,6
2015-03-19 12:30:00,35,-77.0,-71.34093428301433,19.1452101604981,-81.0,4,42,7,6
2015-03-19 13:30:00,35,-83.0,-68.27695303813064,19.1452101604981,-73.0,4,42,7,6
2015-03-19 14:30:00,35,-84.0,-68.63090067487408,19.1452101604981,-71.0,4,42,7,6
2015-03-19 15:30:00,35,-80.0,-69.46452462303114,19.1452101604981,-76.0,4,42,7,6
2015-03-19 16:30:00,35,-73.0,-66.73640586150596,19.1452101604981,-75.0,4,42,7,6
2015-03-19 17:30:00,35,-72.0,-69.30861371796584,19.1452101604981,-76.0,4,42,7,6
2015-03-19 18:30:00,35,-71.0,-67.65826731256104,19.1452101604981,-77.0,4,42,7,6
2015-03-19 19:30:00,35,-70.0,-69.18372918765452,19.1452101604981,-83.0,4,42,7,6
2015-03-19 20:30:00,35,-71.0,-67.66819240381048,19.1452101604981,-84.0,4,42,7,6
2015-03-19 21:30:00,35,-69.0,-62.53451569543381,19.1452101604981,-80.0,4,42,7,6
2015-03-19 22:30:00,35,-65.0,-58.95531570833602,19.1452101604981,-73.0,4,42,7,6
2015-03-19 23:30:00,35,-70.0,-61.13439646756263,19.1452101604981,-72.0,4,42,7,6
2015-03-20 00:30:00,35,-75.0,-61.790480346242234,19.1452101604981,-71.0,4,42,7,6
2015-03-20 01:30:00,35,-81.0,-62.310482573156435,19.1452101604981,-70.0,4,42,7,6
2015-03-20 02:30:00,35,-74.0,-67.0092691304693,19.1452101604981,-71.0,4,42,7,6
2015-03-20 03:30:00,35,-69.0,-65.03815251963684,19.1452101604981,-69.0,4,42,7,6
2015-03-20 04:30:00,35,-65.0,-60.906314708015984,19.1452101604981,-65.0,4,42,7,6
2015-03-20 05:30:00,35,-64.0,-61.437762881305474,19.1452101604981,-70.0,4,42,7,6
2015-03-20 06:30:00,35,-71.0,-66.4145496631979,19.1452101604981,-75.0,4,42,7,6
2015-03-20 07:30:00,35,-68.0,-67.08192135652718,19.1452101604981,-81.0,4,42,7,6
2015-03-20 08:30:00,35,-63.0,-65.62674205707376,19.1452101604981,-74.0,4,42,7,6
2015-03-20 09:30:00,35,-61.0,-63.36115626753133,19.1452101604981,-69.0,4,42,7,6
2015-03-20 10:30:00,35,-62.0,-60.418408570470284,19.1452101604981,-65.0,4,42,7,6
2015-03-20 11:30:00,35,-65.0,-60.78289057070013,19.1452101604981,-64.0,4,42,7,6
2015-03-20 12:30:00,35,-58.0,-56.76344488306633,19.1452101604981,-71.0,4,42,7,6
2015-03-20 13:30:00,35,-57.0,-57.473061001802655,19.1452101604981,-68.0,4,42,7,6
2015-03-20 14:30:00,35,-55.0,-57.0909403377661,19.1452101604981,-63.0,4,42,7,6
2015-03-20 15:30:00,35,-56.0,-57.097251653991734,19.1452101604981,-61.0,4,42,7,6
2015-03-20 16:30:00,35,-62.0,-55.82402383406736,19.1452101604981,-62.0,4,42,7,6
2015-03-20 17:30:00,35,-66.0,-53.83404420128788,19.1452101604981,-65.0,4,42,7,6
2015-03-20 18:30:00,35,-64.0,-52.15649681360925,19.1452101604981,-58.0,4,42,7,6
2015-03-20 19:30:00,35,-60.0,-50.01501768581606,19.1452101604981,-57.0,4,42,7,6
2015-03-20 20:30:00,35,-59.0,-50.0450359708192,19.1452101604981,-55.0,4,42,7,6
2015-03-20 21:30:00,35,-56.0,-50.79849527321798,19.1452101604981,-56.0,4,42,7,6
2015-03-20 22:30:00,35,-56.0,-55.33249229416508,19.1452101604981,-62.0,4,42,7,6
2015-03-20 23:30:00,35,-65.0,-56.87790899775234,19.1452101604981,-66.0,4,42,7,6
2015-03-21 00:30:00,35,-69.0,-54.98476993138479,19.1452101604981,-64.0,4,42,7,6
2015-03-21 01:30:00,35,-65.0,-55.59300501026391,19.1452101604981,-60.0,4,42,7,6
2015-03-21 02:30:00,35,-64.0,-52.66650418527742,19.1452101604981,-59.0,4,42,7,6
2015-03-21 03:30:00,35,-58.0,-52.54764958973878,19.1452101604981,-56.0,4,42,7,6
2015-03-21 04:30:00,35,-48.0,-54.913303693269086,19.1452101604981,-56.0,4,42,7,6
2015-03-21 05:30:00,35,-46.0,-59.11759374082423,19.1452101604981,-65.0,4,42,7,6
2015-03-21 06:30:00,35,-49.0,-60.91988380535443,19.1452101604981,-69.0,4,42,7,6
2015-03-21 07:30:00,35,-46.0,-57.12147603907735,19.1452101604981,-65.0,4,42,7,6
2015-03-21 08:30:00,35,-45.0,-55.62155243767209,19.1452101604981,-64.0,4,42,7,6
2015-03-21 09:30:00,35,-44.0,-51.96567716737924,19.1452101604981,-58.0,4,42,7,6
2015-03-21 10:30:00,35,-50.0,-48.34085268923919,19.1452101604981,-48.0,4,42,7,6
2015-03-21 11:30:00,35,-48.0,-46.79938579059269,19.1452101604981,-46.0,4,42,7,6
2015-03-21 12:30:00,35,-46.0,-47.694269504163046,19.1452101604981,-49.0,4,42,7,6
2015-03-21 13:30:00,35,-45.0,-47.81444612743723,19.1452101604981,-46.0,4,42,7,6
2015-03-21 14:30:00,35,-46.0,-46.35369966105524,19.1452101604981,-45.0,4,42,7,6
2015-03-21 15:30:00,35,-46.0,-45.5421443904889,19.1452101604981,-44.0,4,42,7,6
2015-03-21 16:30:00,35,-46.0,-45.66028274232912,19.1452101604981,-50.0,4,42,7,6
2015-03-21 17:30:00,35,-44.0,-45.403221018595374,19.1452101604981,-48.0,4,42,7,6
2015-03-21 18:30:00,35,-44.0,-44.367298339934635,19.1452101604981,-46.0,4,42,7,6
2015-03-21 19:30:00,35,-44.0,-43.78566252885868,19.1452101604981,-45.0,4,42,7,6
2015-03-21 20:30:00,35,-47.0,-43.17948432514595,19.1452101604981,-46.0,4,42,7,6
2015-03-21 21:30:00,35,-40.0,-43.24532932923571,19.1452101604981,-46.0,4,42,7,6
2015-03-21 22:30:00,35,-43.0,-43.51029066285098,19.1452101604981,-46.0,4,42,7,6
2015-03-21 23:30:00,35,-41.0,-42.18902742443521,19.1452101604981,-44.0,4,42,7,6
2015-03-22 00:30:00,35,-39.0,-41.82574652768014,19.1452101604981,-44.0,4,42,7,6
2015-03-22 01:30:00,35,-42.0,-42.10257064755037,19.1452101604981,-44.0,4,42,7,6
2015-03-22 02:30:00,35,-36.0,-42.7792046741614,19.1452101604981,-47.0,4,42,7,6
2015-03-22 03:30:00,35,-33.0,-39.67407894955035,19.1452101604981,-40.0,4,42,7,6
2015-03-22 04:30:00,35,-40.0,-38.64337694330174,19.1452101604981,-43.0,4,42,7,6
2015-03-22 05:30:00,35,-43.0,-36.813057303696446,19.1452101604981,-41.0,4,42,7,6
2015-03-22 06:30:00,35,-45.0,-36.54188087003419,19.1452101604981,-39.0,4,42,7,6
2015-03-22 07:30:00,35,-56.0,-38.018654306559796,19.1452101604981,-42.0,4,42,7,6
2015-03-22 08:30:00,35,-50.0,-37.89427498385719,19.1452101604981,-36.0,4,42,7,6
2015-03-22 09:30:00,35,-50.0,-41.40602946450991,19.1452101604981,-33.0,4,42,7,6
2015-03-22 10:30:00,35,-45.0,-43.78799206497844,19.1452101604981,-40.0,4,42,7,6
2015-03-22 11:30:00,35,-33.0,-44.1722928539087,19.1452101604981,-43.0,4,42,7,6
2015-03-22 12:30:00,35,-41.0,-52.48379925458511,19.1452101604981,-45.0,4,42,7,6
2015-03-22 13:30:00,35,-48.0,-55.24795228308679,19.1452101604981,-56.0,4,42,7,6
2015-03-22 14:30:00,35,-55.0,-45.78429057174984,19.1452101604981,-50.0,4,42,7,6
2015-03-22 15:30:00,35,-51.0,-47.41621114291966,19.1452101604981,-50.0,4,42,7,6
2015-03-22 16:30:00,35,-49.0,-44.24991111379113,19.1452101604981,-45.0,4,42,7,6
2015-03-22 17:30:00,35,-52.0,-40.30183050647795,19.1452101604981,-33.0,4,42,7,6
2015-03-22 18:30:00,35,-54.0,-43.40340001136238,19.1452101604981,-41.0,4,42,7,6
2015-03-22 19:30:00,35,-52.0,-45.65778751671744,19.1452101604981,-48.0,4,42,7,6
2015-03-22 20:30:00,35,-47.0,-48.55398634978129,19.1452101604981,-55.0,4,42,7,6
2015-03-22 21:30:00,35,-46.0,-47.83067788397919,19.1452101604981,-51.0,4,42,7,6
2015-03-22 22:30:00,35,-45.0,-46.96432764501769,19.1452101604981,-49.0,4,42,7,6
2015-03-22 23:30:00,35,-44.0,-47.39448663437882,19.1452101604981,-52.0,4,42,7,6
2015-03-23 00:30:00,35,-40.0,-47.213050245691335,19.1452101604981,-54.0,4,42,7,6
2015-03-23 01:30:00,35,-45.0,-45.789043825384766,19.1452101604981,-52.0,4,42,7,6
2015-03-23 02:30:00,35,-46.0,-43.20627021164002,19.1452101604981,-47.0,4,42,7,6
2015-03-23 03:30:00,35,-47.0,-40.15997065169426,19.1452101604981,-46.0,4,42,7,6
2015-03-23 04:30:00,35,-50.0,-37.76730102184774,19.1452101604981,-45.0,4,42,7,6
2015-03-23 05:30:00,35,-47.0,-36.44673164451482,19.1452101604981,-44.0,4,42,7,6
2015-03-23 06:30:00,35,-44.0,-37.26870355182329,19.1452101604981,-40.0,4,42,7,6
2015-03-23 07:30:00,35,-46.0,-43.8686357568467,19.1452101604981,-45.0,4,42,7,6
2015-03-23 08:30:00,35,-47.0,-45.262482620057014,19.1452101604981,-46.0,4,42,7,6
2015-03-23 09:30:00,35,-44.0,-45.245481134085914,19.1452101604981,-47.0,4,42,7,6
2015-03-23 10:30:00,35,-46.0,-47.53107174965301,19.1452101604981,-50.0,4,42,7,6
2015-03-23 11:30:00,35,-42.0,-42.830806776978896,19.1452101604981,-47.0,4,42,7,6
2015-03-23 12:30:00,35,-36.0,-40.4051736587395,19.1452101604981,-44.0,4,42,7,6
2015-03-23 13:30:00,35,-35.0,-40.979999922380784,19.1452101604981,-46.0,4,42,7,6
2015-03-23 14:30:00,35,-32.0,-43.49092999106156,19.1452101604981,-47.0,4,42,7,6
2015-03-23 15:30:00,35,-37.0,-44.39160062814979,19.1452101604981,-44.0,4,42,7,6
2015-03-23 16:30:00,35,-39.0,-43.98470095525466,19.1452101604981,-46.0,4,42,7,6
2015-03-23 17:30:00,35,-35.0,-42.60389414574191,19.1452101604981,-42.0,4,42,7,6
2015-03-23 18:30:00,35,-36.0,-41.16422977776541,19.1452101604981,-36.0,4,42,7,6
2015-03-23 19:30:00,35,-37.0,-40.80632768514809,19.1452101604981,-35.0,4,42,7,6
2015-03-23 20:30:00,35,-40.0,-39.26114004001632,19.1452101604981,-32.0,4,42,7,6
2015-03-23 21:30:00,35,-50.0,-36.776817378271645,19.1452101604981,-37.0,4,42,7,6
2015-03-23 22:30:00,35,-47.0,-35.04193764750489,19.1452101604981,-39.0,4,42,7,6
2015-03-23 23:30:00,35,-47.0,-33.40053178894753,19.1452101604981,-35.0,4,42,7,6
2015-03-24 00:30:00,35,-48.0,-33.141704018708225,19.1452101604981,-36.0,4,42,7,6
2015-03-24 01:30:00,35,-48.0,-34.742945908709174,19.1452101604981,-37.0,4,42,7,6
2015-03-24 02:30:00,35,-45.0,-39.489084597036324,19.1452101604981,-40.0,4,42,7,6
2015-03-24 03:30:00,35,-40.0,-40.6100652844501,19.1452101604981,-50.0,4,42,7,6
2015-03-24 04:30:00,35,-34.0,-41.641419002700275,19.1452101604981,-47.0,4,42,7,6
2015-03-24 05:30:00,35,-33.0,-40.145512644765816,19.1452101604981,-47.0,4,42,7,6
2015-03-24 06:30:00,35,-32.0,-39.94028440777162,19.1452101604981,-48.0,4,42,7,6
2015-03-24 07:30:00,35,-29.0,-39.89104032803916,19.1452101604981,-48.0,4,42,7,6
2015-03-24 08:30:00,35,-30.0,-38.66740657056352,19.1452101604981,-45.0,4,42,7,6
2015-03-24 09:30:00,35,-29.0,-35.92610357641446,19.1452101604981,-40.0,4,42,7,6
2015-03-24 10:30:00,35,-26.0,-34.11117416514216,19.1452101604981,-34.0,4,42,7,6
2015-03-24 11:30:00,35,-31.0,-32.70585446734953,19.1452101604981,-33.0,4,42,7,6
2015-03-24 12:30:00,35,-32.0,-31.199919534904016,19.1452101604981,-32.0,4,42,7,6
2015-03-24 13:30:00,35,-30.0,-30.395302293799418,19.1452101604981,-29.0,4,42,7,6
2015-03-24 14:30:00,35,-28.0,-30.525184251733748,19.1452101604981,-30.0,4,42,7,6
2015-03-24 15:30:00,35,-26.0,-30.616880886129792,19.1452101604981,-29.0,4,42,7,6
2015-03-24 16:30:00,35,-33.0,-31.027497817310355,19.1452101604981,-26.0,4,42,7,6
2015-03-24 17:30:00,35,-34.0,-33.40214595341883,19.1452101604981,-31.0,4,42,7,6
2015-03-24 18:30:00,35,-31.0,-33.640063346423446,19.1452101604981,-32.0,4,42,7,6
2015-03-24 19:30:00,35,-31.0,-33.31161379639935,19.1452101604981,-30.0,4,42,7,6
2015-03-24 20:30:00,35,-28.0,-32.36495429672829,19.1452101604981,-28.0,4,42,7,6
2015-03-24 21:30:00,35,-28.0,-32.5971678289735,19.1452101604981,-26.0,4,42,7,6
2015-03-24 22:30:00,35,-34.0,-33.867689605208966,19.1452101604981,-33.0,4,42,7,6
2015-03-24 23:30:00,35,-34.0,-32.38161815402419,19.1452101604981,-34.0,4,42,7,6
2015-03-25 00:30:00,35,-30.0,-30.41728667322758,19.1452101604981,-31.0,4,42,7,6
2015-03-25 01:30:00,35,-30.0,-27.438419248294196,19.1452101604981,-31.0,4,42,7,6
2015-03-25 02:30:00,35,-36.0,-26.146469097149286,19.1452101604981,-28.0,4,42,7,6
2015-03-25 03:30:00,35,-34.0,-26.431527112718083,19.1452101604981,-28.0,4,42,7,6
2015-03-25 04:30:00,35,-32.0,-28.237369908775065,19.1452101604981,-34.0,4,42,7,6
2015-03-25 05:30:00,35,-34.0,-28.615499490839536,19.1452101604981,-34.0,4,42,7,6
2015-03-25 06:30:00,35,-33.0,-27.77155861031881,19.1452101604981,-30.0,4,42,7,6
2015-03-25 07:30:00,35,-32.0,-29.613503111882338,19.1452101604981,-30.0,4,42,7,6
2015-03-25 08:30:00,35,-31.0,-30.43803448581603,19.1452101604981,-36.0,4,42,7,6
2015-03-25 09:30:00,35,-28.0,-30.126221977551634,19.1452101604981,-34.0,4,42,7,6
2015-03-25 10:30:00,35,-17.0,-31.21915811969938,19.1452101604981,-32.0,4,42,7,6
2015-03-25 11:30:00,35,-13.0,-31.528758527904955,19.1452101604981,-34.0,4,42,7,6
2015-03-25 12:30:00,35,-5.0,-30.700642447279368,19.1452101604981,-33.0,4,42,7,6
2015-03-25 13:30:00,35,-5.0,-28.713921955874326,19.1452101604981,-32.0,4,42,7,6
2015-03-25 14:30:00,35,-4.0,-28.260324007755948,19.1452101604981,-31.0,4,42,7,6
2015-03-25 15:30:00,35,-12.0,-28.06485982345238,19.1452101604981,-28.0,4,42,7,6
2015-03-25 16:30:00,35,-22.0,-26.09485711109894,19.1452101604981,-17.0,4,42,7,6
2015-03-25 17:30:00,35,-17.0,-24.602207569072366,19.1452101604981,-13.0,4,42,7,6
2015-03-25 18:30:00,35,-17.0,-24.712764899948862,19.1452101604981,-5.0,4,42,7,6
2015-03-25 19:30:00,35,-22.0,-25.33092565144406,19.1452101604981,-5.0,4,42,7,6
2015-03-25 20:30:00,35,-28.0,-26.511053417907483,19.1452101604981,-4.0,4,42,7,6
2015-03-25 21:30:00,35,-32.0,-28.435617095176283,19.1452101604981,-12.0,4,42,7,6
2015-03-25 22:30:00,35,-33.0,-29.4950444270244,19.1452101604981,-22.0,4,42,7,6
2015-03-25 23:30:00,35,-31.0,-27.4482664364141,19.1452101604981,-17.0,4,42,7,6
2015-03-26 00:30:00,35,-29.0,-27.031449811402467,19.1452101604981,-17.0,4,42,7,6
2015-03-26 01:30:00,35,-25.0,-27.87280244764938,19.1452101604981,-22.0,4,42,7,6
2015-03-26 02:30:00,35,-25.0,-28.09328690796643,19.1452101604981,-28.0,4,42,7,6
2015-03-26 03:30:00,35,-23.0,-26.513123664506548,19.1452101604981,-32.0,4,42,7,6
2015-03-26 04:30:00,35,-23.0,-25.780429034328733,19.1452101604981,-33.0,4,42,7,6
2015-03-26 05:30:00,35,-26.0,-25.34879976873928,19.1452101604981,-31.0,4,42,7,6
2015-03-26 06:30:00,35,-27.0,-24.165665174022454,19.1452101604981,-29.0,4,42,7,6
2015-03-26 07:30:00,35,-21.0,-21.050116708319557,19.1452101604981,-25.0,4,42,7,6
2015-03-26 08:30:00,35,-18.0,-19.89589463925978,19.1452101604981,-25.0,4,42,7,6
2015-03-26 09:30:00,35,-15.0,-18.7264733208077,19.1452101604981,-23.0,4,42,7,6
2015-03-26 10:30:00,35,-15.0,-19.744697454897995,19.1452101604981,-23.0,4,42,7,6
2015-03-26 11:30:00,35,-10.0,-21.154297609906934,19.1452101604981,-26.0,4,42,7,6
2015-03-26 12:30:00,35,-9.0,-21.906553483364384,19.1452101604981,-27.0,4,42,7,6
2015-03-26 13:30:00,35,-13.0,-18.879337864688196,19.1452101604981,-21.0,4,42,7,6
2015-03-26 14:30:00,35,-11.0,-17.252855397053253,19.1452101604981,-18.0,4,42,7,6
2015-03-26 15:30:00,35,-16.0,-16.585204647737584,19.1452101604981,-15.0,4,42,7,6
2015-03-26 16:30:00,35,-20.0,-16.386386559297534,19.1452101604981,-15.0,4,42,7,6
2015-03-26 17:30:00,35,-20.0,-15.82285857490541,19.1452101604981,-10.0,4,42,7,6
2015-03-26 18:30:00,35,-21.0,-15.430834911551674,19.1452101604981,-9.0,4,42,7,6
2015-03-26 19:30:00,35,-20.0,-15.793534441668427,19.1452101604981,-13.0,4,42,7,6
2015-03-26 20:30:00,35,-27.0,-15.36138834113751,19.1452101604981,-11.0,4,42,7,6
2015-03-26 21:30:00,35,-30.0,-15.404132741853523,19.1452101604981,-16.0,4,42,7,6
2015-03-26 22:30:00,35,-31.0,-15.449511896174418,19.1452101604981,-20.0,4,42,7,6
2015-03-26 23:30:00,35,-29.0,-15.594464040107344,19.1452101604981,-20.0,4,42,7,6
2015-03-27 00:30:00,35,-28.0,-15.394333225797961,19.1452101604981,-21.0,4,42,7,6
2015-03-27 01:30:00,35,-29.0,-16.711996060622596,19.1452101604981,-20.0,4,42,7,6
2015-03-27 02:30:00,35,-27.0,-20.941229062428324,19.1452101604981,-27.0,4,42,7,6
2015-03-27 03:30:00,35,-27.0,-21.276500877282302,19.1452101604981,-30.0,4,42,7,6
2015-03-27 04:30:00,35,-25.0,-23.511606776710764,19.1452101604981,-31.0,4,42,7,6
2015-03-27 05:30:00,35,-30.0,-24.19529045517809,19.1452101604981,-29.0,4,42,7,6
2015-03-27 06:30:00,35,-35.0,-24.132314495448448,19.1452101604981,-28.0,4,42,7,6
2015-03-27 07:30:00,35,-29.0,-24.228809730077202,19.1452101604981,-29.0,4,42,7,6
2015-03-27 08:30:00,35,-23.0,-24.578966856338788,19.1452101604981,-27.0,4,42,7,6
2015-03-27 09:30:00,35,-27.0,-24.271640173055694,19.1452101604981,-27.0,4,42,7,6
2015-03-27 10:30:00,35,-23.0,-25.14396279149268,19.1452101604981,-25.0,4,42,7,6
2015-03-27 11:30:00,35,-22.0,-27.054963766456055,19.1452101604981,-30.0,4,42,7,6
2015-03-27 12:30:00,35,-22.0,-26.28459948494814,19.1452101604981,-35.0,4,42,7,6
2015-03-27 13:30:00,35,-23.0,-25.046582716840398,19.1452101604981,-29.0,4,42,7,6
2015-03-27 14:30:00,35,-29.0,-24.384942717198346,19.1452101604981,-23.0,4,42,7,6
2015-03-27 15:30:00,35,-30.0,-23.949449107563964,19.1452101604981,-27.0,4,42,7,6
2015-03-27 16:30:00,35,-26.0,-23.97068410539533,19.1452101604981,-23.0,4,42,7,6
2015-03-27 17:30:00,35,-23.0,-22.409921648022905,19.1452101604981,-22.0,4,42,7,6
2015-03-27 18:30:00,35,-23.0,-22.99763448456924,19.1452101604981,-22.0,4,42,7,6
2015-03-27 19:30:00,35,-23.0,-24.924063767380417,19.1452101604981,-23.0,4,42,7,6
2015-03-27 20:30:00,35,-21.0,-25.110183645706233,19.1452101604981,-29.0,4,42,7,6
2015-03-27 21:30:00,35,-20.0,-23.395849702621113,19.1452101604981,-30.0,4,42,7,6
2015-03-27 22:30:00,35,-21.0,-21.466243832498144,19.1452101604981,-26.0,4,42,7,6
