time,event_no,DST_true,DST_pred,sigma_nT,DST_persist,DST_p10,DST_p90,DST_p025,DST_p975,fold,L_value,L_idx,H
1998-04-26 04:30:00,1,-22.0,-25.53910520605197,17.326646839979336,,-54.041439257817984,2.9632288457140383,-59.49933301241147,8.421122600307527,2,42,7,6
1998-04-26 05:30:00,1,-21.0,-25.176834799683956,17.326646839979336,,-53.679168851449965,3.3254992520820537,-59.13706260604346,8.783393006675542,2,42,7,6
1998-04-26 06:30:00,1,-36.0,-34.595086240658624,17.326646839979336,,-63.09742029242463,-6.092752188892614,-68.55531404701813,-0.6348584342991259,2,42,7,6
1998-04-26 07:30:00,1,-38.0,-33.75849521647197,17.326646839979336,,-62.260829268237984,-5.256161164705961,-67.71872302283147,0.20173258988752707,2,42,7,6
1998-04-26 08:30:00,1,-40.0,-38.99459491555062,17.326646839979336,,-67.49692896731663,-10.492260863784612,-72.95482272191012,-5.034367109191123,2,42,7,6
1998-04-26 09:30:00,1,-36.0,-29.546989381488032,17.326646839979336,,-58.049323433254045,-1.0446553297220227,-63.50721718784753,4.413238424871466,2,42,7,6
1998-04-26 10:30:00,1,-27.0,-26.67830372366544,17.326646839979336,-22.0,-55.18063777543145,1.8240303281005694,-60.638531530024935,7.281924082694058,2,42,7,6
1998-04-26 11:30:00,1,-22.0,-28.81084811753139,17.326646839979336,-21.0,-57.3131821692974,-0.30851406576537954,-62.77107592389089,5.149379688828109,2,42,7,6
1998-04-26 12:30:00,1,-26.0,-36.12794260654996,17.326646839979336,-36.0,-64.63027665831596,-7.625608554783948,-70.08817041290945,-2.16771480019046,2,42,7,6
1998-04-26 13:30:00,1,-29.0,-39.21524236806253,17.326646839979336,-38.0,-67.71757641982855,-10.712908316296524,-73.17547017442203,-5.255014561703035,2,42,7,6
1998-04-26 14:30:00,1,-44.0,-36.17367549184402,17.326646839979336,-40.0,-64.67600954361004,-7.671341440078013,-70.13390329820352,-2.2134476854845246,2,42,7,6
1998-04-26 15:30:00,1,-51.0,-30.909054830832215,17.326646839979336,-36.0,-59.411388882598224,-2.4067207790662053,-64.86928263719172,3.051172975527283,2,42,7,6
1998-04-26 16:30:00,1,-60.0,-28.287858209779387,17.326646839979336,-27.0,-56.7901922615454,0.21447584198662284,-62.248086016138885,5.672369596580111,2,42,7,6
1998-04-26 17:30:00,1,-63.0,-29.62983451196577,17.326646839979336,-22.0,-58.13216856373178,-1.1275004601997587,-63.590062318325266,4.33039329439373,2,42,7,6
1998-04-26 18:30:00,1,-60.0,-29.208864183899006,17.326646839979336,-26.0,-57.711198235665016,-0.7065301321329969,-63.16909199025851,4.751363622460492,2,42,7,6
1998-04-26 19:30:00,1,-57.0,-43.96175663676185,17.326646839979336,-29.0,-72.46409068852786,-15.459422584995838,-77.92198444312135,-10.00152883040235,2,42,7,6
1998-04-26 20:30:00,1,-52.0,-54.032035470253504,17.326646839979336,-44.0,-82.53436952201952,-25.529701418487495,-87.992263276613,-20.071807663894006,2,42,7,6
1998-04-26 21:30:00,1,-50.0,-55.06124141561439,17.326646839979336,-51.0,-83.5635754673804,-26.55890736384838,-89.02146922197389,-21.101013609254892,2,42,7,6
1998-04-26 22:30:00,1,-47.0,-57.48664553185298,17.326646839979336,-60.0,-85.98897958361898,-28.98431148008697,-91.44687333821247,-23.52641772549348,2,42,7,6
1998-04-26 23:30:00,1,-39.0,-50.461359379992345,17.326646839979336,-63.0,-78.96369343175836,-21.959025328226335,-84.42158718635184,-16.501131573632847,2,42,7,6
1998-04-27 00:30:00,1,-32.0,-44.01588594330987,17.326646839979336,-60.0,-72.51821999507588,-15.513551891543859,-77.97611374966937,-10.05565813695037,2,42,7,6
1998-04-27 01:30:00,1,-33.0,-40.774426375534816,17.326646839979336,-57.0,-69.27676042730083,-12.272092323768806,-74.73465418189431,-6.814198569175318,2,42,7,6
1998-04-27 02:30:00,1,-34.0,-39.45462416841116,17.326646839979336,-52.0,-67.95695822017717,-10.952290116645148,-73.41485197477066,-5.49439636205166,2,42,7,6
1998-04-27 03:30:00,1,-31.0,-40.19960684181378,17.326646839979336,-50.0,-68.70194089357979,-11.697272790047773,-74.15983464817327,-6.239379035454284,2,42,7,6
1998-04-27 04:30:00,1,-36.0,-41.47870872713041,17.326646839979336,-47.0,-69.98104277889642,-12.9763746753644,-75.43893653348991,-7.518480920770912,2,42,7,6
1998-04-27 05:30:00,1,-33.0,-35.61863091142169,17.326646839979336,-39.0,-64.1209649631877,-7.11629685965568,-69.57885871778119,-1.6584031050621917,2,42,7,6
1998-04-27 06:30:00,1,-26.0,-35.14790526926814,17.326646839979336,-32.0,-63.65023932103415,-6.645571217502134,-69.10813307562765,-1.1876774629086455,2,42,7,6
1998-04-27 07:30:00,1,-28.0,-39.20497946855867,17.326646839979336,-33.0,-67.70731352032467,-10.70264541679266,-73.16520727491817,-5.244751662199171,2,42,7,6
1998-04-27 08:30:00,1,-32.0,-35.77239704111504,17.326646839979336,-34.0,-64.27473109288105,-7.270062989349032,-69.73262484747454,-1.8121692347555438,2,42,7,6
1998-04-27 09:30:00,1,-27.0,-35.354095492360194,17.326646839979336,-31.0,-63.8564295441262,-6.851761440594185,-69.3143232987197,-1.3938676860006964,2,42,7,6
1998-04-27 10:30:00,1,-21.0,-35.89763275862536,17.326646839979336,-36.0,-64.39996681039138,-7.395298706859354,-69.85786056498486,-1.9374049522658652,2,42,7,6
1998-04-27 11:30:00,1,-20.0,-32.798329958060805,17.326646839979336,-33.0,-61.30066400982682,-4.295995906294795,-66.7585577644203,1.1618978482986932,2,42,7,6
1998-04-27 12:30:00,1,-20.0,-30.26973500607209,17.326646839979336,-26.0,-58.772069057838095,-1.7674009543060798,-64.22996281243158,3.6904928002874087,2,42,7,6
1998-04-27 13:30:00,1,-21.0,-30.925133335060266,17.326646839979336,-28.0,-59.42746738682628,-2.422799283294257,-64.88536114141976,3.0350944712992316,2,42,7,6
1998-04-27 14:30:00,1,-24.0,-31.742633848380546,17.326646839979336,-32.0,-60.244967900146555,-3.2402997966145364,-65.70286165474005,2.217593957978952,2,42,7,6
1998-04-27 15:30:00,1,-28.0,-29.265209232684875,17.326646839979336,-27.0,-57.76754328445088,-0.762875180918865,-63.22543703904437,4.6950185736746235,2,42,7,6
1998-04-27 16:30:00,1,-30.0,-27.51264795992643,17.326646839979336,-21.0,-56.01498201169244,0.9896860918395802,-61.472875766285924,6.447579846433069,2,42,7,6
1998-04-27 17:30:00,1,-29.0,-27.448296573204825,17.326646839979336,-20.0,-55.950630624970835,1.0540374785611846,-61.40852437956433,6.511931233154673,2,42,7,6
1998-04-27 18:30:00,1,-27.0,-28.42751666150088,17.326646839979336,-20.0,-56.92985071326689,0.07481739026512813,-62.38774446786038,5.532711144858617,2,42,7,6
1998-04-27 19:30:00,1,-25.0,-33.97060165531354,17.326646839979336,-21.0,-62.47293570707954,-5.4682676035475275,-67.93082946167303,-0.010373848954039033,2,42,7,6
1998-04-27 20:30:00,1,-27.0,-29.197392227330738,17.326646839979336,-24.0,-57.69972627909675,-0.6950581755647285,-63.157620033690236,4.76283557902876,2,42,7,6
1998-04-27 21:30:00,1,-27.0,-26.4575878556563,17.326646839979336,-28.0,-54.95992190742231,2.0447461961097098,-60.4178156620158,7.502639950703198,2,42,7,6
1998-04-27 22:30:00,1,-24.0,-25.92369113783831,17.326646839979336,-30.0,-54.42602518960432,2.5786429139276983,-59.88391894419781,8.036536668521187,2,42,7,6
1998-04-27 23:30:00,1,-17.0,-25.002865113724,17.326646839979336,-29.0,-53.50519916549001,3.4994689380420105,-58.9630929200835,8.957362692635499,2,42,7,6
1998-04-28 00:30:00,1,-14.0,-25.86403742361943,17.326646839979336,-27.0,-54.366371475385435,2.6382966281465805,-59.82426522997893,8.096190382740069,2,42,7,6
1998-04-28 01:30:00,1,-18.0,-25.30209667606086,17.326646839979336,-25.0,-53.80443072782687,3.20023737570515,-59.262324482420354,8.658131130298639,2,42,7,6
1998-04-28 02:30:00,1,-21.0,-24.018867439025094,17.326646839979336,-27.0,-52.5212014907911,4.483466612740916,-57.97909524538459,9.941360367334404,2,42,7,6
1998-04-28 03:30:00,1,-24.0,-22.8754145123405,17.326646839979336,-27.0,-51.37774856410651,5.626919539425508,-56.835642318699996,11.084813294018996,2,42,7,6
1998-04-28 04:30:00,1,-25.0,-22.187550155318426,17.326646839979336,-24.0,-50.68988420708443,6.314783896447583,-56.147777961677924,11.772677651041072,2,42,7,6
1998-04-28 05:30:00,1,-17.0,-20.963002442536776,17.326646839979336,-17.0,-49.46533649430279,7.539331609229233,-54.923230248896274,12.997225363822722,2,42,7,6
1998-04-28 06:30:00,1,-16.0,-22.429947986746388,17.326646839979336,-14.0,-50.9322820385124,6.0723860650196215,-56.39017579310588,11.53027981961311,2,42,7,6
1998-04-28 07:30:00,1,-19.0,-25.132227320573232,17.326646839979336,-18.0,-53.63456137233924,3.3701067311927773,-59.092455126932734,8.828000485786266,2,42,7,6
1998-04-28 08:30:00,1,-20.0,-25.76773542477369,17.326646839979336,-21.0,-54.2700694765397,2.7345986269923195,-59.72796323113319,8.192492381585808,2,42,7,6
1998-04-28 09:30:00,1,-18.0,-27.34816158175406,17.326646839979336,-24.0,-55.85049563352007,1.1541724700119502,-61.308389388113554,6.612066224605439,2,42,7,6
1998-04-28 10:30:00,1,-16.0,-21.785400413110082,17.326646839979336,-25.0,-50.287734464876095,6.716933638655927,-55.74562821946958,12.174827393249416,2,42,7,6
1998-04-28 11:30:00,1,-11.0,-20.298443048502143,17.326646839979336,-17.0,-48.80077710026815,8.203891003263866,-54.25867085486164,13.661784757857355,2,42,7,6
1998-04-28 12:30:00,1,-13.0,-20.454076231365562,17.326646839979336,-16.0,-48.956410283131575,8.048257820400448,-54.41430403772506,13.506151574993936,2,42,7,6
1998-04-28 13:30:00,1,-16.0,-19.57010316344963,17.326646839979336,-19.0,-48.07243721521564,8.93223088831638,-53.53033096980913,14.390124642909868,2,42,7,6
1998-04-28 14:30:00,1,-21.0,-19.52987255140086,17.326646839979336,-20.0,-48.03220660316687,8.97246150036515,-53.490100357760355,14.430355254958638,2,42,7,6
1998-04-28 15:30:00,1,-23.0,-19.25893338430711,17.326646839979336,-18.0,-47.76126743607312,9.2434006674589,-53.21916119066661,14.701294422052388,2,42,7,6
1998-04-28 16:30:00,1,-24.0,-18.387440682893335,17.326646839979336,-16.0,-46.88977473465934,10.114893368872675,-52.34766848925283,15.572787123466163,2,42,7,6
1998-04-28 17:30:00,1,-25.0,-17.649491582541536,17.326646839979336,-11.0,-46.15182563430754,10.852842469224473,-51.609719388901034,16.310736223817962,2,42,7,6
1998-04-28 18:30:00,1,-24.0,-16.52562618518845,17.326646839979336,-13.0,-45.027960236954456,11.97670786657756,-50.48585399154795,17.434601621171048,2,42,7,6
1998-04-28 19:30:00,1,-22.0,-18.768957690947023,17.326646839979336,-16.0,-47.27129174271303,9.733376360818987,-52.72918549730652,15.191270115412475,2,42,7,6
1998-04-28 20:30:00,1,-25.0,-18.832316190578652,17.326646839979336,-21.0,-47.334650242344665,9.670017861187358,-52.79254399693815,15.127911615780846,2,42,7,6
1998-04-28 21:30:00,1,-25.0,-17.635227813750376,17.326646839979336,-23.0,-46.13756186551639,10.867106238015634,-51.595455620109874,16.324999992609122,2,42,7,6
1998-04-28 22:30:00,1,-25.0,-19.593754228364208,17.326646839979336,-24.0,-48.09608828013022,8.908579823401801,-53.5539820347237,14.36647357799529,2,42,7,6
1998-04-28 23:30:00,1,-19.0,-20.102180259009494,17.326646839979336,-25.0,-48.6045143107755,8.400153792756516,-54.06240806536899,13.858047547350004,2,42,7,6
1998-04-29 00:30:00,1,-16.0,-18.13465174476923,17.326646839979336,-24.0,-46.63698579653524,10.36768230699678,-52.09487955112873,15.825576061590269,2,42,7,6
1998-04-29 01:30:00,1,-19.0,-18.218713118813174,17.326646839979336,-22.0,-46.72104717057918,10.283620932952836,-52.17894092517267,15.741514687546324,2,42,7,6
1998-04-29 02:30:00,1,-18.0,-21.12864383527994,17.326646839979336,-25.0,-49.63097788704595,7.373690216486068,-55.08887164163944,12.831583971079557,2,42,7,6
1998-04-29 03:30:00,1,-14.0,-24.46555624484694,17.326646839979336,-25.0,-52.96789029661295,4.036777806919069,-58.425784051206435,9.494671561512558,2,42,7,6
1998-04-29 04:30:00,1,-16.0,-23.230630073612332,17.326646839979336,-25.0,-51.732964125378345,5.271703978153678,-57.19085787997183,10.729597732747166,2,42,7,6
1998-04-29 05:30:00,1,-16.0,-19.816930179672717,17.326646839979336,-19.0,-48.31926423143872,8.685403872093293,-53.777157986032215,14.143297626686781,2,42,7,6
1998-04-29 06:30:00,1,-12.0,-19.676150633668968,17.326646839979336,-16.0,-48.17848468543498,8.826183418097042,-53.636378440028466,14.28407717269053,2,42,7,6
1998-04-29 07:30:00,1,-12.0,-19.657451930881237,17.326646839979336,-19.0,-48.15978598264725,8.844882120884773,-53.617679737240735,14.302775875478261,2,42,7,6
1998-04-29 08:30:00,1,-11.0,-17.82392695381874,17.326646839979336,-18.0,-46.326261005584755,10.678407097947268,-51.78415476017824,16.136300852540757,2,42,7,6
1998-04-29 09:30:00,1,-8.0,-15.716665248238158,17.326646839979336,-14.0,-44.21899930000417,12.785668803527852,-49.676893054597656,18.24356255812134,2,42,7,6
1998-04-29 10:30:00,1,-10.0,-15.432125770200287,17.326646839979336,-16.0,-43.9344598219663,13.070208281565723,-49.392353576559785,18.52810203615921,2,42,7,6
1998-04-29 11:30:00,1,-14.0,-16.54756053855081,17.326646839979336,-16.0,-45.049894590316825,11.954773513215198,-50.50778834491031,17.412667267808686,2,42,7,6
1998-04-29 12:30:00,1,-13.0,-14.470138338322858,17.326646839979336,-12.0,-42.97247239008887,14.032195713443151,-48.43036614468235,19.49008946803664,2,42,7,6
1998-04-29 13:30:00,1,-9.0,-13.005480976289338,17.326646839979336,-12.0,-41.50781502805535,15.496853075476672,-46.96570878264883,20.95474683007016,2,42,7,6
1998-04-29 14:30:00,1,-11.0,-11.3076681990748,17.326646839979336,-11.0,-39.81000225084081,17.19466585269121,-45.267896005434295,22.652559607284697,2,42,7,6
1998-04-29 15:30:00,1,-13.0,-11.893279558832866,17.326646839979336,-8.0,-40.39561361059887,16.609054492933144,-45.853507365192364,22.066948247526632,2,42,7,6
1998-04-29 16:30:00,1,-13.0,-13.194103077058305,17.326646839979336,-10.0,-41.696437128824314,15.308230974707705,-47.1543308834178,20.766124729301193,2,42,7,6
1998-04-29 17:30:00,1,-11.0,-13.12241053500843,17.326646839979336,-14.0,-41.62474458677444,15.379923516757579,-47.082638341367925,20.837817271351067,2,42,7,6
1998-04-29 18:30:00,1,-10.0,-12.586536666812663,17.326646839979336,-13.0,-41.088870718578676,15.915797384953347,-46.54676447317216,21.373691139546835,2,42,7,6
1998-04-29 19:30:00,1,-12.0,-11.174164842422957,17.326646839979336,-9.0,-39.67649889418897,17.328169209343052,-45.13439264878245,22.78606296393654,2,42,7,6
1998-04-29 20:30:00,1,-13.0,-9.890099096576588,17.326646839979336,-11.0,-38.3924331483426,18.61223495518942,-43.85032690293609,24.07012870978291,2,42,7,6
1998-04-29 21:30:00,1,-12.0,-10.065463538807702,17.326646839979336,-13.0,-38.56779759057371,18.436870512958308,-44.0256913451672,23.894764267551796,2,42,7,6
1998-04-29 22:30:00,1,-5.0,-10.215763762408454,17.326646839979336,-13.0,-38.71809781417446,18.286570289357556,-44.175991568767955,23.744464043951044,2,42,7,6
1998-04-29 23:30:00,1,-4.0,-10.864570344477041,17.326646839979336,-11.0,-39.36690439624305,17.63776370728897,-44.82479815083654,23.095657461882457,2,42,7,6
1998-04-30 00:30:00,1,-4.0,-12.727576076721842,17.326646839979336,-10.0,-41.22991012848785,15.774757975044167,-46.687803883081344,21.232651729637656,2,42,7,6
1998-04-30 01:30:00,1,-4.0,-12.14963875105585,17.326646839979336,-12.0,-40.65197280282186,16.35269530071016,-46.109866557415344,21.810589055303648,2,42,7,6
1998-04-30 02:30:00,1,-3.0,-13.119358858880119,17.326646839979336,-13.0,-41.62169291064613,15.38297519288589,-47.07958666523962,20.84086894747938,2,42,7,6
1998-04-30 03:30:00,1,-4.0,-13.163556419927641,17.326646839979336,-12.0,-41.66589047169365,15.338777631838369,-47.12378422628714,20.796671386431857,2,42,7,6
1998-04-30 04:30:00,1,-2.0,-10.244532766451563,17.326646839979336,-5.0,-38.74686681821757,18.257801285314446,-44.20476057281106,23.715695039907935,2,42,7,6
1998-04-30 05:30:00,1,2.0,-9.189655486787462,17.326646839979336,-4.0,-37.69198953855347,19.312678564978548,-43.14988329314696,24.770572319572036,2,42,7,6
1998-04-30 06:30:00,1,8.0,-9.312469928108179,17.326646839979336,-4.0,-37.814803979874185,19.18986412365783,-43.27269773446768,24.64775787825132,2,42,7,6
1998-04-30 07:30:00,1,9.0,-9.140957450846866,17.326646839979336,-4.0,-37.643291502612875,19.361376600919144,-43.10118525720637,24.819270355512632,2,42,7,6
1998-04-30 08:30:00,1,9.0,-6.825006631765088,17.326646839979336,-3.0,-35.3273406835311,21.67732742000092,-40.78523443812459,27.13522117459441,2,42,7,6
1998-04-30 09:30:00,1,20.0,-5.875643296425999,17.326646839979336,-4.0,-34.377977348192005,22.62669075534001,-39.8358711027855,28.0845845099335,2,42,7,6
1998-04-30 10:30:00,1,34.0,-4.853895215182764,17.326646839979336,-2.0,-33.35622926694877,23.648438836583246,-38.81412302154226,29.106332591176734,2,42,7,6
1998-04-30 11:30:00,1,31.0,-3.3167588203413594,17.326646839979336,2.0,-31.81909287210737,25.18557523142465,-37.27698662670086,30.64346898601814,2,42,7,6
1998-04-30 12:30:00,1,28.0,-1.9775536332526542,17.326646839979336,8.0,-30.479887685018664,26.524780418513355,-35.93778143961215,31.982674173106844,2,42,7,6
1998-04-30 13:30:00,1,30.0,-1.0255985579010485,17.326646839979336,9.0,-29.527932609667058,27.47673549386496,-34.98582636426055,32.93462924845845,2,42,7,6
1998-04-30 14:30:00,1,17.0,-0.6877731811675041,17.326646839979336,9.0,-29.190107232933514,27.814560870598505,-34.648000987527,33.272454625192,2,42,7,6
1998-04-30 15:30:00,1,-3.0,-0.332771490189522,17.326646839979336,20.0,-28.83510554195553,28.169562561576488,-34.29299929654902,33.627456316169976,2,42,7,6
1998-04-30 16:30:00,1,-11.0,-4.858733743120947,17.326646839979336,34.0,-33.36106779488696,23.643600308645063,-38.81896154948045,29.10149406323855,2,42,7,6
1998-04-30 17:30:00,1,-9.0,-15.731296965921953,17.326646839979336,31.0,-44.23363101768796,12.771037085844057,-49.691524772281454,18.228930840437545,2,42,7,6
1998-04-30 18:30:00,1,-9.0,-20.41161492915517,17.326646839979336,28.0,-48.91394898092118,8.090719122610839,-54.37184273551467,13.548612877204327,2,42,7,6
1998-04-30 19:30:00,1,-9.0,-28.69856563834228,17.326646839979336,30.0,-57.20089969010829,-0.19623158657627116,-62.65879344470178,5.261662168017217,2,42,7,6
1998-04-30 20:30:00,1,-15.0,-63.69694903316724,17.326646839979336,17.0,-92.19928308493326,-35.19461498140123,-97.65717683952674,-29.736721226807745,2,42,7,6
1998-04-30 21:30:00,1,-18.0,-53.94530991625881,17.326646839979336,-3.0,-82.44764396802482,-25.442975864492798,-87.9055377226183,-19.98508210989931,2,42,7,6
1998-04-30 22:30:00,1,-16.0,-43.957490729287834,17.326646839979336,-11.0,-72.45982478105384,-15.455156677521824,-77.91771853564734,-9.997262922928336,2,42,7,6
1998-04-30 23:30:00,1,-8.0,-32.58151176117297,17.326646839979336,-9.0,-61.083845812938975,-4.0791777094069595,-66.54173956753246,1.378716045186529,2,42,7,6
1998-05-01 00:30:00,1,-1.0,-23.909087587226068,17.326646839979336,-9.0,-52.41142163899208,4.593246464539941,-57.869315393585566,10.05114021913343,2,42,7,6
1998-05-01 01:30:00,1,6.0,-22.55510925209796,17.326646839979336,-9.0,-51.05744330386397,5.947224799668049,-56.51533705845746,11.405118554261538,2,42,7,6
1998-05-01 02:30:00,1,3.0,-26.43653600471612,17.326646839979336,-15.0,-54.93887005648213,2.0657980470498885,-60.396763811075616,7.523691801643377,2,42,7,6
1998-05-01 03:30:00,1,1.0,-18.53043712097523,17.326646839979336,-18.0,-47.032771172741235,9.97189693079078,-52.49066492733473,15.429790685384269,2,42,7,6
1998-05-01 04:30:00,1,-1.0,-15.387157816158808,17.326646839979336,-16.0,-43.88949186792482,13.115176235607201,-49.3473856225183,18.57306999020069,2,42,7,6
1998-05-01 05:30:00,1,-5.0,-7.828405561668603,17.326646839979336,-8.0,-36.330739613434616,20.673928490097406,-41.7886333680281,26.131822244690895,2,42,7,6
1998-05-01 06:30:00,1,-4.0,-3.7004168310140813,17.326646839979336,-1.0,-32.202750882780094,24.80191722075193,-37.66064463737358,30.259810975345417,2,42,7,6
1998-05-01 07:30:00,1,-13.0,-1.012345498724354,17.326646839979336,6.0,-29.514679550490364,27.489988553041655,-34.972573305083856,32.94788230763514,2,42,7,6
1998-05-01 08:30:00,1,-10.0,0.2176294602236979,17.326646839979336,3.0,-28.28470459154231,28.719963511989707,-33.7425983461358,34.177857266583196,2,42,7,6
1998-05-01 09:30:00,1,-4.0,1.0747986011512651,17.326646839979336,1.0,-27.427535450614744,29.577132652917275,-32.88542920520823,35.03502640751076,2,42,7,6
1998-05-01 10:30:00,1,0.0,-2.1759516761628888,17.326646839979336,-1.0,-30.6782857279289,26.32638237560312,-36.13617948252239,31.78427613019661,2,42,7,6
1998-05-01 11:30:00,1,0.0,-1.279027957066404,17.326646839979336,-5.0,-29.781362008832414,27.223306094699605,-35.2392557634259,32.681199849293094,2,42,7,6
1998-05-01 12:30:00,1,0.0,-2.5527819351966023,17.326646839979336,-4.0,-31.055115986962612,25.949552116569407,-36.513009741556104,31.407445871162896,2,42,7,6
1998-05-01 13:30:00,1,-4.0,-6.682780586677154,17.326646839979336,-13.0,-35.18511463844317,21.819553465088855,-40.64300839303665,27.277447219682344,2,42,7,6
1998-05-01 14:30:00,1,-2.0,-4.309933370390702,17.326646839979336,-10.0,-32.81226742215671,24.192400681375307,-38.2701611767502,29.650294435968796,2,42,7,6
1998-05-01 15:30:00,1,0.0,-3.0823753757311607,17.326646839979336,-4.0,-31.58470942749717,25.41995867603485,-37.04260318209066,30.877852430628337,2,42,7,6
1998-05-01 16:30:00,1,-4.0,-1.2275841025144985,17.326646839979336,0.0,-29.729918154280508,27.27474994925151,-35.187811908874,32.732643703845,2,42,7,6
1998-05-01 17:30:00,1,-1.0,-0.9080572841479437,17.326646839979336,0.0,-29.410391335913953,27.594276767618066,-34.86828509050744,33.052170522211554,2,42,7,6
1998-05-01 18:30:00,1,1.0,-6.440286168664876,17.326646839979336,0.0,-34.94262022043088,22.062047883101133,-40.400513975024374,27.51994163769462,2,42,7,6
1998-05-01 19:30:00,1,-4.0,-5.60200200465194,17.326646839979336,-4.0,-34.10433605641795,22.90033204711407,-39.562229811011434,28.358225801707558,2,42,7,6
1998-05-01 20:30:00,1,-5.0,-2.144363263729943,17.326646839979336,-2.0,-30.646697315495953,26.357970788036067,-36.10459107008944,31.815864542629555,2,42,7,6
1998-05-01 21:30:00,1,-2.0,-1.8497902793259584,17.326646839979336,0.0,-30.352124331091968,26.65254377244005,-35.810018085685456,32.11043752703354,2,42,7,6
1998-05-01 22:30:00,1,21.0,-3.207563087409394,17.326646839979336,-4.0,-31.709897139175403,25.294770964356616,-37.167790893768895,30.752664718950104,2,42,7,6
1998-05-01 23:30:00,1,19.0,-3.126543040931157,17.326646839979336,-1.0,-31.628877092697167,25.375791010834853,-37.08677084729065,30.83368476542834,2,42,7,6
1998-05-02 00:30:00,1,12.0,-4.7402909945808815,17.326646839979336,1.0,-33.24262504634689,23.762043057185128,-38.70051880094038,29.219936811778616,2,42,7,6
1998-05-02 01:30:00,1,12.0,-4.12361554956188,17.326646839979336,-4.0,-32.62594960132789,24.37871850220413,-38.083843355921374,29.83661225679762,2,42,7,6
1998-05-02 02:30:00,1,17.0,-4.679977272035831,17.326646839979336,-5.0,-33.18231132380184,23.82235677973018,-38.640205078395326,29.280250534323667,2,42,7,6
1998-05-02 03:30:00,1,14.0,-4.788135849026673,17.326646839979336,-2.0,-33.29046990079269,23.714198202739336,-38.74836365538617,29.172091957332825,2,42,7,6
1998-05-02 04:30:00,1,9.0,-5.789970996136475,17.326646839979336,21.0,-34.29230504790249,22.712363055629535,-39.75019880249597,28.170256810223023,2,42,7,6
1998-05-02 05:30:00,1,-5.0,-6.260497140999796,17.326646839979336,19.0,-34.7628311927658,22.241836910766214,-40.220724947359294,27.699730665359702,2,42,7,6
1998-05-02 06:30:00,1,-5.0,-8.274079058514825,17.326646839979336,12.0,-36.776413110280835,20.228254993251184,-42.23430686487433,25.686148747844673,2,42,7,6
1998-05-02 07:30:00,1,-24.0,-12.096566722654021,17.326646839979336,12.0,-40.59890077442003,16.40576732911199,-46.056794529013516,21.863661083705477,2,42,7,6
1998-05-02 08:30:00,1,-24.0,-15.24070035880554,17.326646839979336,17.0,-43.74303441057155,13.26163369296047,-49.20092816516504,18.719527447553958,2,42,7,6
1998-05-02 09:30:00,1,-2.0,-20.017408283666647,17.326646839979336,14.0,-48.51974233543265,8.484925768099362,-53.977636090026145,13.94281952269285,2,42,7,6
1998-05-02 10:30:00,1,-29.0,-41.512400772372985,17.326646839979336,9.0,-70.014734824139,-13.010066720606975,-75.47262857873248,-7.552172966013487,2,42,7,6
1998-05-02 11:30:00,1,-55.0,-45.96829635742388,17.326646839979336,-5.0,-74.4706304091899,-17.46596230565787,-79.92852416378338,-12.008068551064383,2,42,7,6
1998-05-02 12:30:00,1,-46.0,-42.7602563227428,17.326646839979336,-5.0,-71.2625903745088,-14.257922270976788,-76.72048412910229,-8.8000285163833,2,42,7,6
1998-05-02 13:30:00,1,-52.0,-41.50255239029348,17.326646839979336,-24.0,-70.00488644205949,-13.000218338527471,-75.46278019665297,-7.542324583933983,2,42,7,6
1998-05-02 14:30:00,1,-76.0,-31.053461548029173,17.326646839979336,-24.0,-59.55579559979518,-2.551127496263163,-65.01368935438867,2.9067662583303253,2,42,7,6
1998-05-02 15:30:00,1,-72.0,-28.18153707757115,17.326646839979336,-2.0,-56.68387112933716,0.32079697419485953,-62.14176488393065,5.778690728788348,2,42,7,6
1998-05-02 16:30:00,1,-78.0,-49.2988708473152,17.326646839979336,-29.0,-77.80120489908121,-20.79653679554919,-83.2590986536747,-15.338643040955702,2,42,7,6
1998-05-02 17:30:00,1,-85.0,-62.0322401578872,17.326646839979336,-55.0,-90.53457420965321,-33.52990610612119,-95.9924679642467,-28.072012351527704,2,42,7,6
1998-05-02 18:30:00,1,-82.0,-68.11998908178617,17.326646839979336,-46.0,-96.62232313355219,-39.61765503002016,-102.08021688814567,-34.159761275426675,2,42,7,6
1998-05-02 19:30:00,1,-77.0,-71.51781543052934,17.326646839979336,-52.0,-100.02014948229535,-43.015481378763326,-105.47804323688884,-37.55758762416984,2,42,7,6
1998-05-02 20:30:00,1,-68.0,-80.29110373840058,17.326646839979336,-76.0,-108.79343779016659,-51.788769686634566,-114.25133154476008,-46.33087593204108,2,42,7,6
1998-05-02 21:30:00,1,-58.0,-76.3314401277249,17.326646839979336,-72.0,-104.83377417949092,-47.82910607595889,-110.2916679340844,-42.371212321365405,2,42,7,6
1998-05-02 22:30:00,1,-46.0,-76.74536423449766,17.326646839979336,-78.0,-105.24769828626367,-48.243030182731644,-110.70559204085716,-42.78513642813816,2,42,7,6
1998-05-02 23:30:00,1,-36.0,-76.39743176161947,17.326646839979336,-85.0,-104.89976581338549,-47.89509770985346,-110.35765956797897,-42.437203955259974,2,42,7,6
1998-05-03 00:30:00,1,-28.0,-70.81760868783985,17.326646839979336,-82.0,-99.31994273960586,-42.31527463607384,-104.77783649419935,-36.85738088148035,2,42,7,6
1998-05-03 01:30:00,1,-43.0,-65.8658904715568,17.326646839979336,-77.0,-94.36822452332281,-37.36355641979078,-99.8261182779163,-31.905662665197298,2,42,7,6
1998-05-03 02:30:00,1,-44.0,-59.1198073889505,17.326646839979336,-68.0,-87.6221414407165,-30.61747333718449,-93.08003519530999,-25.159579582591,2,42,7,6
1998-05-03 03:30:00,1,-54.0,-52.48171385681249,17.326646839979336,-58.0,-80.9840479085785,-23.97937980504648,-86.44194166317199,-18.521486050452992,2,42,7,6
1998-05-03 04:30:00,1,-62.0,-45.58529375571617,17.326646839979336,-46.0,-74.08762780748218,-17.082959703950163,-79.54552156207566,-11.625065949356674,2,42,7,6
1998-05-03 05:30:00,1,-55.0,-41.86761115936351,17.326646839979336,-36.0,-70.36994521112952,-13.365277107597503,-75.827838965723,-7.907383353004015,2,42,7,6
1998-05-03 06:30:00,1,-69.0,-39.77778908145367,17.326646839979336,-28.0,-68.28012313321967,-11.27545502968766,-73.73801688781316,-5.817561275094171,2,42,7,6
1998-05-03 07:30:00,1,-67.0,-42.021575349046735,17.326646839979336,-43.0,-70.52390940081274,-13.519241297280725,-75.98180315540623,-8.061347542687237,2,42,7,6
1998-05-03 08:30:00,1,-66.0,-41.56133452557293,17.326646839979336,-44.0,-70.06366857733894,-13.059000473806922,-75.52156233193243,-7.601106719213433,2,42,7,6
1998-05-03 09:30:00,1,-49.0,-45.35119547149777,17.326646839979336,-54.0,-73.85352952326377,-16.848861419731758,-79.31142327785727,-11.39096766513827,2,42,7,6
1998-05-03 10:30:00,1,-49.0,-48.99750690616147,17.326646839979336,-62.0,-77.49984095792747,-20.49517285439546,-82.95773471252096,-15.037279099801971,2,42,7,6
1998-05-03 11:30:00,1,-66.0,-44.21204179765559,17.326646839979336,-55.0,-72.7143758494216,-15.709707745889578,-78.17226960401509,-10.251813991296089,2,42,7,6
1998-05-03 12:30:00,1,-49.0,-50.50667458580125,17.326646839979336,-69.0,-79.00900863756726,-22.00434053403524,-84.46690239216075,-16.54644677944175,2,42,7,6
1998-05-03 13:30:00,1,-48.0,-50.95607241534515,17.326646839979336,-67.0,-79.45840646711116,-22.453738363579138,-84.91630022170465,-16.99584460898565,2,42,7,6
1998-05-03 14:30:00,1,-42.0,-50.60228150619199,17.326646839979336,-66.0,-79.104615557958,-22.099947454425983,-84.5625093125515,-16.642053699832495,2,42,7,6
1998-05-03 15:30:00,1,-41.0,-42.97486021469314,17.326646839979336,-49.0,-71.47719426645915,-14.472526162927128,-76.93508802105264,-9.01463240833364,2,42,7,6
1998-05-03 16:30:00,1,-59.0,-39.66878019756874,17.326646839979336,-49.0,-68.17111424933475,-11.166446145802734,-73.62900800392825,-5.7085523912092455,2,42,7,6
1998-05-03 17:30:00,1,-56.0,-45.46470310551533,17.326646839979336,-66.0,-73.96703715728134,-16.962369053749324,-79.42493091187484,-11.504475299155835,2,42,7,6
1998-05-03 18:30:00,1,-53.0,-40.31039280386612,17.326646839979336,-49.0,-68.81272685563214,-11.808058752100113,-74.27062061022562,-6.350164997506624,2,42,7,6
1998-05-03 19:30:00,1,-53.0,-37.7491586291499,17.326646839979336,-48.0,-66.25149268091592,-9.246824577383894,-71.7093864355094,-3.7889308227904053,2,42,7,6
1998-05-03 20:30:00,1,-70.0,-34.829725524733234,17.326646839979336,-42.0,-63.33205957649925,-6.327391472967225,-68.78995333109273,-0.8694977183737365,2,42,7,6
1998-05-03 21:30:00,1,-49.0,-33.982472031542116,17.326646839979336,-41.0,-62.48480608330813,-5.4801379797761065,-67.94269983790161,-0.022244225182618038,2,42,7,6
1998-05-03 22:30:00,1,-57.0,-39.08314066672359,17.326646839979336,-59.0,-67.58547471848959,-10.580806614957577,-73.04336847308309,-5.122912860364089,2,42,7,6
1998-05-03 23:30:00,1,-61.0,-41.8339674074131,17.326646839979336,-56.0,-70.33630145917911,-13.331633355647089,-75.7941952137726,-7.8737396010536,2,42,7,6
1998-05-04 00:30:00,1,-60.0,-47.99172090781697,17.326646839979336,-53.0,-76.49405495958298,-19.48938685605096,-81.95194871417647,-14.031493101457471,2,42,7,6
1998-05-04 01:30:00,1,-58.0,-50.370120702861385,17.326646839979336,-53.0,-78.8724547546274,-21.867786651095376,-84.33034850922088,-16.409892896501887,2,42,7,6
1998-05-04 02:30:00,1,-62.0,-63.523861274709326,17.326646839979336,-70.0,-92.02619532647533,-35.02152722294332,-97.48408908106882,-29.563633468349828,2,42,7,6
1998-05-04 03:30:00,1,-76.0,-56.14814404702145,17.326646839979336,-49.0,-84.65047809878746,-27.645809995255437,-90.10837185338094,-22.18791624066195,2,42,7,6
1998-05-04 04:30:00,1,-162.0,-56.764522833245756,17.326646839979336,-57.0,-85.26685688501176,-28.262188781479747,-90.72475063960525,-22.80429502688626,2,42,7,6
1998-05-04 05:30:00,1,-205.0,-60.02662433389778,17.326646839979336,-61.0,-88.52895838566378,-31.52429028213177,-93.98685214025727,-26.06639652753828,2,42,7,6
1998-05-04 06:30:00,1,-192.0,-56.356324931114685,17.326646839979336,-60.0,-84.8586589828807,-27.853990879348675,-90.31655273747418,-22.396097124755187,2,42,7,6
1998-05-04 07:30:00,1,-185.0,-54.909434901234405,17.326646839979336,-58.0,-83.41176895300042,-26.407100849468396,-88.8696627075939,-20.949207094874907,2,42,7,6
1998-05-04 08:30:00,1,-170.0,-54.5479458113431,17.326646839979336,-62.0,-83.05027986310911,-26.04561175957709,-88.5081736177026,-20.5877180049836,2,42,7,6
1998-05-04 09:30:00,1,-135.0,-110.74030960484926,17.326646839979336,-76.0,-139.24264365661526,-82.23797555308325,-144.70053741120876,-76.78008179848976,2,42,7,6
1998-05-04 10:30:00,1,-125.0,-175.66672225650746,17.326646839979336,-162.0,-204.16905630827347,-147.16438820474144,-209.62695006286697,-141.70649445014794,2,42,7,6
1998-05-04 11:30:00,1,-136.0,-167.77537754844116,17.326646839979336,-205.0,-196.27771160020717,-139.27304349667514,-201.73560535480067,-133.81514974208164,2,42,7,6
1998-05-04 12:30:00,1,-139.0,-145.88061548692573,17.326646839979336,-192.0,-174.38294953869175,-117.37828143515972,-179.84084329328522,-111.92038768056624,2,42,7,6
1998-05-04 13:30:00,1,-111.0,-140.0220596285702,17.326646839979336,-185.0,-168.5243936803362,-111.51972557680418,-173.98228743492967,-106.06183182221069,2,42,7,6
1998-05-04 14:30:00,1,-105.0,-131.87946101916629,17.326646839979336,-170.0,-160.3817950709323,-103.37712696740027,-165.8396888255258,-97.91923321280679,2,42,7,6
1998-05-04 15:30:00,1,-110.0,-116.3996119391192,17.326646839979336,-135.0,-144.9019459908852,-87.89727788735318,-150.3598397454787,-82.4393841327597,2,42,7,6
1998-05-04 16:30:00,1,-116.0,-105.84853026317688,17.326646839979336,-125.0,-134.3508643149429,-77.34619621141087,-139.8087580695364,-71.88830245681739,2,42,7,6
1998-05-04 17:30:00,1,-113.0,-104.22167642990752,17.326646839979336,-136.0,-132.72401048167353,-75.7193423781415,-138.18190423626703,-70.26144862354802,2,42,7,6
1998-05-04 18:30:00,1,-108.0,-101.71786240464785,17.326646839979336,-139.0,-130.22019645641384,-73.21552835288183,-135.67809021100734,-67.75763459828835,2,42,7,6
1998-05-04 19:30:00,1,-106.0,-90.89280138388636,17.326646839979336,-111.0,-119.39513543565238,-62.39046733212035,-124.85302919024586,-56.93257357752687,2,42,7,6
1998-05-04 20:30:00,1,-101.0,-83.885072143406,17.326646839979336,-105.0,-112.38740619517202,-55.38273809163999,-117.8452999497655,-49.92484433704651,2,42,7,6
1998-05-04 21:30:00,1,-96.0,-83.46264841721332,17.326646839979336,-110.0,-111.96498246897933,-54.9603143654473,-117.42287622357281,-49.50242061085382,2,42,7,6
1998-05-04 22:30:00,1,-85.0,-85.21360681260822,17.326646839979336,-116.0,-113.71594086437423,-56.711272760842206,-119.17383461896772,-51.25337900624872,2,42,7,6
1998-05-04 23:30:00,1,-78.0,-83.60344406098113,17.326646839979336,-113.0,-112.10577811274715,-55.10111000921512,-117.56367186734063,-49.643216254621635,2,42,7,6
1998-05-05 00:30:00,1,-74.0,-80.57322855183051,17.326646839979336,-108.0,-109.07556260359652,-52.0708945000645,-114.53345635819001,-46.61300074547101,2,42,7,6
1998-05-05 01:30:00,1,-72.0,-78.73733835329253,17.326646839979336,-106.0,-107.23967240505854,-50.235004301526516,-112.69756615965203,-44.77711054693303,2,42,7,6
1998-05-05 02:30:00,1,-68.0,-76.98690428506966,17.326646839979336,-101.0,-105.48923833683567,-48.48457023330364,-110.94713209142915,-43.02667647871016,2,42,7,6
1998-05-05 03:30:00,1,-89.0,-75.24468467587491,17.326646839979336,-96.0,-103.74701872764092,-46.742350624108894,-109.2049124822344,-41.28445686951541,2,42,7,6
1998-05-05 04:30:00,1,-119.0,-70.92946975056287,17.326646839979336,-85.0,-99.43180380232889,-42.42713569879686,-104.88969755692237,-36.969241944203375,2,42,7,6
1998-05-05 05:30:00,1,-114.0,-66.35614097674608,17.326646839979336,-78.0,-94.85847502851209,-37.85380692498006,-100.31636878310557,-32.39591317038658,2,42,7,6
1998-05-05 06:30:00,1,-105.0,-63.330232769319906,17.326646839979336,-74.0,-91.83256682108592,-34.82789871755389,-97.2904605756794,-29.370004962960408,2,42,7,6
1998-05-05 07:30:00,1,-104.0,-61.52916893347008,17.326646839979336,-72.0,-90.03150298523609,-33.026834881704076,-95.48939673982957,-27.568941127110584,2,42,7,6
1998-05-05 08:30:00,1,-109.0,-62.52244696914548,17.326646839979336,-68.0,-91.02478102091149,-34.020112917379464,-96.48267477550498,-28.56221916278598,2,42,7,6
1998-05-05 09:30:00,1,-107.0,-85.78489346203978,17.326646839979336,-89.0,-114.28722751380579,-57.28255941027376,-119.74512126839927,-51.82466565568028,2,42,7,6
1998-05-05 10:30:00,1,-104.0,-97.40286134962965,17.326646839979336,-119.0,-125.90519540139566,-68.90052729786363,-131.36308915598914,-63.44263354327015,2,42,7,6
1998-05-05 11:30:00,1,-102.0,-92.6014594547114,17.326646839979336,-114.0,-121.10379350647742,-64.09912540294539,-126.5616872610709,-58.641231648351905,2,42,7,6
1998-05-05 12:30:00,1,-97.0,-81.51004942929183,17.326646839979336,-105.0,-110.01238348105784,-53.00771537752581,-115.47027723565132,-47.54982162293233,2,42,7,6
1998-05-05 13:30:00,1,-90.0,-80.53921627606732,17.326646839979336,-104.0,-109.04155032783333,-52.03688222430131,-114.49944408242682,-46.578988469707824,2,42,7,6
1998-05-05 14:30:00,1,-95.0,-83.52919657380801,17.326646839979336,-109.0,-112.03153062557402,-55.026862522041995,-117.4894243801675,-49.56896876744851,2,42,7,6
1998-05-05 15:30:00,1,-104.0,-84.20653989218121,17.326646839979336,-107.0,-112.70887394394722,-55.7042058404152,-118.16676769854071,-50.246312085821714,2,42,7,6
1998-05-05 16:30:00,1,-105.0,-83.37599645299714,17.326646839979336,-104.0,-111.87833050476316,-54.87366240123113,-117.33622425935664,-49.415768646637645,2,42,7,6
1998-05-05 17:30:00,1,-97.0,-82.16344847347665,17.326646839979336,-102.0,-110.66578252524266,-53.661114421710636,-116.12367627983615,-48.20322066711715,2,42,7,6
1998-05-05 18:30:00,1,-94.0,-80.78473017467981,17.326646839979336,-97.0,-109.28706422644582,-52.282396122913795,-114.7449579810393,-46.82450236832031,2,42,7,6
1998-05-05 19:30:00,1,-95.0,-80.7297632094809,17.326646839979336,-90.0,-109.2320972612469,-52.22742915771488,-114.68999101584039,-46.769535403121395,2,42,7,6
1998-05-05 20:30:00,1,-94.0,-85.30530887537583,17.326646839979336,-95.0,-113.80764292714184,-56.802974823609816,-119.26553668173533,-51.34508106901633,2,42,7,6
1998-05-05 21:30:00,1,-82.0,-86.71954804039567,17.326646839979336,-104.0,-115.22188209216168,-58.21721398862965,-120.67977584675516,-52.75932023403617,2,42,7,6
1998-05-05 22:30:00,1,-68.0,-88.82194362187113,17.326646839979336,-105.0,-117.32427767363714,-60.319609570105115,-122.78217142823063,-54.86171581551163,2,42,7,6
1998-05-05 23:30:00,1,-57.0,-85.68987525987725,17.326646839979336,-97.0,-114.19220931164327,-57.18754120811124,-119.65010306623675,-51.72964745351776,2,42,7,6
1998-05-06 00:30:00,1,-54.0,-82.59559524915727,17.326646839979336,-94.0,-111.09792930092328,-54.09326119739126,-116.55582305551677,-48.63536744279777,2,42,7,6
1998-05-06 01:30:00,1,-52.0,-81.9614629288632,17.326646839979336,-95.0,-110.46379698062921,-53.459128877097186,-115.9216907352227,-48.0012351225037,2,42,7,6
1998-05-06 02:30:00,1,-52.0,-80.4724979431098,17.326646839979336,-94.0,-108.97483199487581,-51.97016389134379,-114.4327257494693,-46.5122701367503,2,42,7,6
1998-05-06 03:30:00,1,-60.0,-74.96891158020412,17.326646839979336,-82.0,-103.47124563197013,-46.46657752843811,-108.92913938656362,-41.00868377384462,2,42,7,6
1998-05-06 04:30:00,1,-67.0,-68.31220788298069,17.326646839979336,-68.0,-96.8145419347467,-39.809873831214674,-102.27243568934018,-34.35198007662119,2,42,7,6
1998-05-06 05:30:00,1,-67.0,-62.76548871113556,17.326646839979336,-57.0,-91.26782276290157,-34.26315465936955,-96.72571651749506,-28.805260904776063,2,42,7,6
1998-05-06 06:30:00,1,-64.0,-60.9854830503475,17.326646839979336,-54.0,-89.48781710211351,-32.483148998581484,-94.945710856707,-27.025255243988,2,42,7,6
1998-05-06 07:30:00,1,-62.0,-60.990618237080376,17.326646839979336,-52.0,-89.49295228884638,-32.48828418531437,-94.95084604343987,-27.030390430720878,2,42,7,6
1998-05-06 08:30:00,1,-62.0,-60.91360883353189,17.326646839979336,-52.0,-89.4159428852979,-32.41127478176588,-94.87383663989138,-26.95338102717239,2,42,7,6
1998-05-06 09:30:00,1,-65.0,-63.624801154362736,17.326646839979336,-60.0,-92.12713520612874,-35.12246710259673,-97.58502896072224,-29.664573348003238,2,42,7,6
1998-05-06 10:30:00,1,-63.0,-70.18391330685577,17.326646839979336,-67.0,-98.68624735862178,-41.68157925508976,-104.14414111321527,-36.22368550049627,2,42,7,6
1998-05-06 11:30:00,1,-61.0,-63.90120896187331,17.326646839979336,-67.0,-92.40354301363932,-35.398874910107295,-97.8614367682328,-29.94098115551381,2,42,7,6
1998-05-06 12:30:00,1,-60.0,-58.99400566255768,17.326646839979336,-64.0,-87.4963397143237,-30.491671610791673,-92.95423346891718,-25.033777856198185,2,42,7,6
1998-05-06 13:30:00,1,-62.0,-56.586902404366654,17.326646839979336,-62.0,-85.08923645613267,-28.084568352600645,-90.54713021072615,-22.626674598007156,2,42,7,6
1998-05-06 14:30:00,1,-66.0,-55.325950748019665,17.326646839979336,-62.0,-83.82828479978568,-26.823616696253655,-89.28617855437916,-21.365722941660167,2,42,7,6
1998-05-06 15:30:00,1,-69.0,-55.25700632426168,17.326646839979336,-65.0,-83.7593403760277,-26.75467227249567,-89.21723413062118,-21.296778517902183,2,42,7,6
1998-05-06 16:30:00,1,-70.0,-54.541874654614574,17.326646839979336,-63.0,-83.04420870638059,-26.039540602848565,-88.50210246097407,-20.581646848255076,2,42,7,6
1998-05-06 17:30:00,1,-72.0,-53.68292096155773,17.326646839979336,-61.0,-82.18525501332374,-25.180586909791717,-87.64314876791722,-19.72269315519823,2,42,7,6
1998-05-06 18:30:00,1,-71.0,-53.17951973297752,17.326646839979336,-60.0,-81.68185378474352,-24.67718568121151,-87.13974753933701,-19.21929192661802,2,42,7,6
1998-05-06 19:30:00,1,-70.0,-52.92910521505121,17.326646839979336,-62.0,-81.43143926681722,-24.4267711632852,-86.8893330214107,-18.96887740869171,2,42,7,6
1998-05-06 20:30:00,1,-69.0,-52.03209870745388,17.326646839979336,-66.0,-80.5344327592199,-23.529764655687874,-85.99232651381338,-18.071870901094385,2,42,7,6
1998-05-06 21:30:00,1,-64.0,-52.723002092361085,17.326646839979336,-69.0,-81.2253361441271,-24.220668040595076,-86.68322989872058,-18.762774286001587,2,42,7,6
1998-05-06 22:30:00,1,-58.0,-54.372199622135874,17.326646839979336,-70.0,-82.87453367390188,-25.869865570369864,-88.33242742849538,-20.411971815776376,2,42,7,6
1998-05-06 23:30:00,1,-53.0,-56.162264085776414,17.326646839979336,-72.0,-84.66459813754243,-27.659930034010404,-90.12249189213591,-22.202036279416916,2,42,7,6
1998-05-07 00:30:00,1,-44.0,-56.94683920986714,17.326646839979336,-71.0,-85.44917326163315,-28.444505158101133,-90.90706701622665,-22.986611403507645,2,42,7,6
1998-05-07 01:30:00,1,-42.0,-56.75944973788852,17.326646839979336,-70.0,-85.26178378965453,-28.257115686122507,-90.71967754424801,-22.79922193152902,2,42,7,6
1998-05-07 02:30:00,1,-46.0,-56.21699648355627,17.326646839979336,-69.0,-84.71933053532229,-27.714662431790263,-90.17722428991577,-22.256768677196774,2,42,7,6
1998-05-07 03:30:00,1,-50.0,-54.53615304933406,17.326646839979336,-64.0,-83.03848710110007,-26.03381899756805,-88.49638085569356,-20.575925242974563,2,42,7,6
1998-05-07 04:30:00,1,-48.0,-51.95253320894186,17.326646839979336,-58.0,-80.45486726070787,-23.45019915717585,-85.91276101530136,-17.99230540258236,2,42,7,6
1998-05-07 05:30:00,1,-46.0,-49.12547378181941,17.326646839979336,-53.0,-77.62780783358542,-20.6231397300534,-83.0857015881789,-15.16524597545991,2,42,7,6
1998-05-07 06:30:00,1,-46.0,-45.998537157037546,17.326646839979336,-44.0,-74.50087120880356,-17.496203105271537,-79.95876496339704,-12.038309350678048,2,42,7,6
1998-05-07 07:30:00,1,-48.0,-44.0398256181371,17.326646839979336,-42.0,-72.54215966990311,-15.537491566371092,-78.0000534244966,-10.079597811777603,2,42,7,6
1998-05-07 08:30:00,1,-52.0,-42.559068767290256,17.326646839979336,-46.0,-71.06140281905627,-14.056734715524247,-76.51929657364975,-8.598840960930758,2,42,7,6
1998-05-07 09:30:00,1,-50.0,-42.13947709773059,17.326646839979336,-50.0,-70.6418111494966,-13.637143045964581,-76.09970490409009,-8.179249291371093,2,42,7,6
1998-05-07 10:30:00,1,-50.0,-40.67538718187994,17.326646839979336,-48.0,-69.17772123364595,-12.173053130113932,-74.63561498823944,-6.715159375520443,2,42,7,6
1998-05-07 11:30:00,1,-46.0,-39.695891706834544,17.326646839979336,-46.0,-68.19822575860056,-11.193557655068535,-73.65611951319404,-5.735663900475046,2,42,7,6
1998-05-07 12:30:00,1,-46.0,-39.59667888729596,17.326646839979336,-46.0,-68.09901293906196,-11.094344835529949,-73.55690669365546,-5.63645108093646,2,42,7,6
1998-05-07 13:30:00,1,-40.0,-40.715718404954046,17.326646839979336,-48.0,-69.21805245672006,-12.213384353188037,-74.67594621131354,-6.755490598594548,2,42,7,6
1998-05-07 14:30:00,1,-38.0,-42.64112769447004,17.326646839979336,-52.0,-71.14346174623606,-14.138793642704034,-76.60135550082954,-8.680899888110545,2,42,7,6
1998-05-07 15:30:00,1,-39.0,-44.884668471161305,17.326646839979336,-50.0,-73.38700252292732,-16.382334419395296,-78.8448962775208,-10.924440664801807,2,42,7,6
1998-05-07 16:30:00,1,-42.0,-44.575858164292825,17.326646839979336,-50.0,-73.07819221605884,-16.073524112526815,-78.53608597065232,-10.615630357933327,2,42,7,6
1998-05-07 17:30:00,1,-40.0,-40.72802457065234,17.326646839979336,-46.0,-69.23035862241835,-12.225690518886328,-74.68825237701184,-6.767796764292839,2,42,7,6
1998-05-07 18:30:00,1,-33.0,-38.84783677496165,17.326646839979336,-46.0,-67.35017082672766,-10.34550272319564,-72.80806458132115,-4.8876089686021515,2,42,7,6
1998-05-07 19:30:00,1,-33.0,-37.72909851545941,17.326646839979336,-40.0,-66.23143256722543,-9.226764463693403,-71.68932632181891,-3.7688707090999145,2,42,7,6
1998-05-07 20:30:00,1,-28.0,-37.90820223831196,17.326646839979336,-38.0,-66.41053629007797,-9.405868186545948,-71.86843004467146,-3.94797443195246,2,42,7,6
1998-05-07 21:30:00,1,-24.0,-38.73447660796121,17.326646839979336,-39.0,-67.23681065972723,-10.232142556195203,-72.69470441432071,-4.774248801601715,2,42,7,6
1998-05-07 22:30:00,1,-18.0,-40.12069560242648,17.326646839979336,-42.0,-68.6230296541925,-11.61836155066047,-74.08092340878598,-6.160467796066982,2,42,7,6
1998-05-07 23:30:00,1,-13.0,-40.385748737078316,17.326646839979336,-40.0,-68.88808278884433,-11.883414685312307,-74.34597654343781,-6.425520930718818,2,42,7,6
1998-05-08 00:30:00,1,-25.0,-38.58686241127671,17.326646839979336,-33.0,-67.08919646304273,-10.084528359510703,-72.54709021763621,-4.626634604917214,2,42,7,6
1998-05-08 01:30:00,1,-38.0,-37.480894565489656,17.326646839979336,-33.0,-65.98322861725566,-8.978560513723647,-71.44112237184916,-3.520666759130158,2,42,7,6
1998-05-08 02:30:00,1,-39.0,-35.40590729580474,17.326646839979336,-28.0,-63.90824134757075,-6.9035732440387285,-69.36613510216424,-1.44567948944524,2,42,7,6
1998-05-08 03:30:00,1,-38.0,-32.67390459049451,17.326646839979336,-24.0,-61.176238642260515,-4.171570538728499,-66.634132396854,1.2863232158649893,2,42,7,6
1998-05-08 04:30:00,1,-48.0,-31.624485458954588,17.326646839979336,-18.0,-60.126819510720594,-3.1221514071885785,-65.5847132653141,2.33574234740491,2,42,7,6
1998-05-08 05:30:00,1,-47.0,-31.010134991000943,17.326646839979336,-13.0,-59.51246904276695,-2.507800939234933,-64.97036279736044,2.9500928153585555,2,42,7,6
1998-05-08 06:30:00,1,-47.0,-39.107754722880614,17.326646839979336,-25.0,-67.61008877464663,-10.605420671114604,-73.06798252924011,-5.147526916521116,2,42,7,6
1998-05-08 07:30:00,1,-49.0,-36.39843937259232,17.326646839979336,-38.0,-64.90077342435833,-7.896105320826312,-70.35866717895182,-2.438211566232823,2,42,7,6
1998-05-08 08:30:00,1,-48.0,-35.09646055233602,17.326646839979336,-39.0,-63.598794604102025,-6.59412650057001,-69.05668835869551,-1.1362327459765211,2,42,7,6
1998-05-08 09:30:00,1,-40.0,-38.28806577602935,17.326646839979336,-38.0,-66.79039982779535,-9.78573172426334,-72.24829358238884,-4.327837969669851,2,42,7,6
1998-05-08 10:30:00,1,-34.0,-41.250490151232334,17.326646839979336,-48.0,-69.75282420299834,-12.748156099466325,-75.21071795759184,-7.290262344872836,2,42,7,6
1998-05-08 11:30:00,1,-34.0,-40.2560065080134,17.326646839979336,-47.0,-68.75834055977941,-11.75367245624739,-74.2162343143729,-6.2957787016539015,2,42,7,6
1998-05-08 12:30:00,1,-40.0,-38.31001047795432,17.326646839979336,-47.0,-66.81234452972033,-9.807676426188312,-72.27023828431382,-4.349782671594824,2,42,7,6
1998-05-08 13:30:00,1,-36.0,-41.802921719596796,17.326646839979336,-49.0,-70.30525577136281,-13.300587667830786,-75.7631495259563,-7.842693913237298,2,42,7,6
1998-05-08 14:30:00,1,-41.0,-38.07059648207759,17.326646839979336,-48.0,-66.5729305338436,-9.56826243031158,-72.03082428843709,-4.110368675718092,2,42,7,6
1998-05-08 15:30:00,1,-49.0,-36.618119809420776,17.326646839979336,-40.0,-65.12045386118679,-8.115785757654766,-70.57834761578027,-2.657892003061278,2,42,7,6
1998-05-08 16:30:00,1,-48.0,-35.81628788226534,17.326646839979336,-34.0,-64.31862193403136,-7.313953830499333,-69.77651568862484,-1.8560600759058445,2,42,7,6
1998-05-08 17:30:00,1,-42.0,-36.303715385813874,17.326646839979336,-34.0,-64.80604943757989,-7.801381334047864,-70.26394319217337,-2.3434875794543757,2,42,7,6
1998-05-08 18:30:00,1,-40.0,-36.79195913223792,17.326646839979336,-40.0,-65.29429318400393,-8.289625080471911,-70.75218693859742,-2.8317313258784225,2,42,7,6
1998-05-08 19:30:00,1,-52.0,-38.8312089345353,17.326646839979336,-36.0,-67.33354298630131,-10.328874882769288,-72.7914367408948,-4.870981128175799,2,42,7,6
1998-05-08 20:30:00,1,-56.0,-46.10694524937121,17.326646839979336,-41.0,-74.60927930113722,-17.604611197605198,-80.0671730557307,-12.14671744301171,2,42,7,6
1998-05-08 21:30:00,1,-53.0,-48.32664293781954,17.326646839979336,-49.0,-76.82897698958556,-19.824308886053533,-82.28687074417904,-14.366415131460045,2,42,7,6
1998-05-08 22:30:00,1,-43.0,-42.421481752850276,17.326646839979336,-48.0,-70.92381580461628,-13.919147701084267,-76.38170955920978,-8.461253946490778,2,42,7,6
1998-05-08 23:30:00,1,-34.0,-40.88604654671718,17.326646839979336,-42.0,-69.3883805984832,-12.383712494951173,-74.84627435307668,-6.925818740357684,2,42,7,6
1998-05-09 00:30:00,1,-30.0,-41.252109701280084,17.326646839979336,-40.0,-69.75444375304609,-12.749775649514074,-75.21233750763957,-7.291881894920586,2,42,7,6
1998-05-09 01:30:00,1,-29.0,-49.18864485748385,17.326646839979336,-52.0,-77.69097890924986,-20.68631080571784,-83.14887266384335,-15.228417051124353,2,42,7,6
1998-05-09 02:30:00,1,-31.0,-52.11651653198757,17.326646839979336,-56.0,-80.61885058375358,-23.61418248022156,-86.07674433834707,-18.156288725628073,2,42,7,6
1998-05-09 03:30:00,1,-35.0,-47.54161822617562,17.326646839979336,-53.0,-76.04395227794163,-19.039284174409612,-81.50184603253513,-13.581390419816124,2,42,7,6
1998-05-09 04:30:00,1,-39.0,-41.60806575969835,17.326646839979336,-43.0,-70.11039981146436,-13.105731707932339,-75.56829356605785,-7.6478379533388505,2,42,7,6
1998-05-09 05:30:00,1,-47.0,-37.92710101331006,17.326646839979336,-34.0,-66.42943506507606,-9.424766961544048,-71.88732881966956,-3.9668732069505594,2,42,7,6
1998-05-09 06:30:00,1,-46.0,-36.860337547113396,17.326646839979336,-30.0,-65.3626715988794,-8.358003495347386,-70.82056535347289,-2.900109740753898,2,42,7,6
1998-05-09 07:30:00,1,-43.0,-34.9305909522279,17.326646839979336,-29.0,-63.432925003993915,-6.428256900461893,-68.8908187585874,-0.9703631458684043,2,42,7,6
1998-05-09 08:30:00,1,-43.0,-34.166611767402564,17.326646839979336,-31.0,-62.66894581916857,-5.664277715636555,-68.12683957376206,-0.20638396104306622,2,42,7,6
1998-05-09 09:30:00,1,-46.0,-36.69921200837718,17.326646839979336,-35.0,-65.20154606014319,-8.196877956611171,-70.65943981473669,-2.738984202017683,2,42,7,6
1998-05-09 10:30:00,1,-44.0,-42.39093337095918,17.326646839979336,-39.0,-70.89326742272519,-13.888599319193172,-76.35116117731869,-8.430705564599684,2,42,7,6
1998-05-09 11:30:00,1,-42.0,-44.10121214167225,17.326646839979336,-47.0,-72.60354619343826,-15.59887808990624,-78.06143994803175,-10.140984335312751,2,42,7,6
1998-05-09 12:30:00,1,-37.0,-42.55182132394558,17.326646839979336,-46.0,-71.05415537571159,-14.049487272179572,-76.51204913030509,-8.591593517586084,2,42,7,6
1998-05-09 13:30:00,1,-34.0,-39.90236047873673,17.326646839979336,-43.0,-68.40469453050274,-11.400026426970722,-73.86258828509622,-5.942132672377234,2,42,7,6
1998-05-09 14:30:00,1,-34.0,-38.484872152518854,17.326646839979336,-43.0,-66.98720620428486,-9.982538100752844,-72.44509995887836,-4.524644346159356,2,42,7,6
1998-05-09 15:30:00,1,-35.0,-35.51839300926501,17.326646839979336,-46.0,-64.02072706103102,-7.016058957499002,-69.47862081562451,-1.5581652029055135,2,42,7,6
1998-05-09 16:30:00,1,-42.0,-35.582530525692775,17.326646839979336,-44.0,-64.08486457745879,-7.080196473926765,-69.54275833205227,-1.6223027193332769,2,42,7,6
1998-05-09 17:30:00,1,-49.0,-35.470722930543225,17.326646839979336,-42.0,-63.97305698230923,-6.9683888787772155,-69.43095073690273,-1.510495124183727,2,42,7,6
1998-05-09 18:30:00,1,-54.0,-34.263557389350346,17.326646839979336,-37.0,-62.76589144111635,-5.761223337584337,-68.22378519570984,-0.3033295829908482,2,42,7,6
1998-05-09 19:30:00,1,-63.0,-33.182868458935204,17.326646839979336,-34.0,-61.68520251070122,-4.680534407169194,-67.1430962652947,0.7773593474242944,2,42,7,6
1998-05-09 20:30:00,1,-62.0,-32.2663178284773,17.326646839979336,-34.0,-60.76865188024331,-3.7639837767112887,-66.2265456348368,1.6939099778821998,2,42,7,6
1998-05-09 21:30:00,1,-54.0,-34.519245074844264,17.326646839979336,-35.0,-63.02157912661028,-6.016911023078254,-68.47947288120376,-0.5590172684847659,2,42,7,6
1998-05-09 22:30:00,1,-47.0,-42.24730854515908,17.326646839979336,-42.0,-70.74964259692509,-13.74497449339307,-76.20753635151857,-8.287080738799581,2,42,7,6
1998-05-09 23:30:00,1,-37.0,-46.39949336502539,17.326646839979336,-49.0,-74.9018274167914,-17.897159313259383,-80.35972117138489,-12.439265558665895,2,42,7,6
1998-05-10 00:30:00,1,-31.0,-52.0688119580571,17.326646839979336,-54.0,-80.57114600982311,-23.566477906291087,-86.0290397644166,-18.1085841516976,2,42,7,6
1998-05-10 01:30:00,1,-24.0,-46.75463993587985,17.326646839979336,-63.0,-75.25697398764586,-18.25230588411384,-80.71486774223935,-12.794412129520353,2,42,7,6
1998-05-10 02:30:00,1,-23.0,-43.289942900340804,17.326646839979336,-62.0,-71.79227695210682,-14.787608848574795,-77.2501707067003,-9.329715093981306,2,42,7,6
1998-05-10 03:30:00,1,-28.0,-41.87500463242495,17.326646839979336,-54.0,-70.37733868419096,-13.372670580658937,-75.83523243878444,-7.914776826065449,2,42,7,6
1998-05-10 04:30:00,1,-32.0,-38.65192698643788,17.326646839979336,-47.0,-67.15426103820388,-10.149592934671869,-72.61215479279738,-4.6916991800783805,2,42,7,6
1998-05-10 05:30:00,1,-32.0,-35.14013436113168,17.326646839979336,-37.0,-63.642468412897685,-6.6378003093656694,-69.10036216749117,-1.179906554772181,2,42,7,6
1998-05-10 06:30:00,1,-40.0,-32.92563969999329,17.326646839979336,-31.0,-61.427973751759296,-4.423305648227281,-66.88586750635278,1.0345881063662077,2,42,7,6
1998-05-10 07:30:00,1,-46.0,-30.92611759834807,17.326646839979336,-24.0,-59.428451650114084,-2.4237835465820616,-64.88634540470757,3.034110208011427,2,42,7,6
1998-05-10 08:30:00,1,-49.0,-29.426747420354985,17.326646839979336,-23.0,-57.929081472121,-0.9244133685889757,-63.38697522671448,4.533480386004513,2,42,7,6
1998-05-10 09:30:00,1,-48.0,-29.230534648914933,17.326646839979336,-28.0,-57.73286870068094,-0.7282005971489234,-63.19076245527443,4.729693157444565,2,42,7,6
1998-05-10 10:30:00,1,-46.0,-29.73757138503044,17.326646839979336,-32.0,-58.23990543679645,-1.235237333264429,-63.69779919138993,4.222656421329059,2,42,7,6
1998-05-10 11:30:00,1,-40.0,-33.49137865748813,17.326646839979336,-32.0,-61.99371270925414,-4.989044605722118,-67.45160646384763,0.46884914887137086,2,42,7,6
1998-05-10 12:30:00,1,-41.0,-40.215791993728686,17.326646839979336,-40.0,-68.7181260454947,-11.713457941962677,-74.17601980008818,-6.255564187369188,2,42,7,6
1998-05-10 13:30:00,1,-37.0,-44.55088018368417,17.326646839979336,-46.0,-73.05321423545018,-16.04854613191816,-78.51110799004367,-10.590652377324673,2,42,7,6
1998-05-10 14:30:00,1,-36.0,-39.76033853030018,17.326646839979336,-49.0,-68.26267258206619,-11.258004478534172,-73.72056633665969,-5.8001107239406835,2,42,7,6
1998-05-10 15:30:00,1,-38.0,-37.356147530102376,17.326646839979336,-48.0,-65.85848158186839,-8.853813478336367,-71.31637533646187,-3.395919723742878,2,42,7,6
1998-05-10 16:30:00,1,-40.0,-35.76422138919668,17.326646839979336,-46.0,-64.26655544096269,-7.261887337430668,-69.72444919555618,-1.8039935828371796,2,42,7,6
1998-05-10 17:30:00,1,-39.0,-35.15697865899253,17.326646839979336,-40.0,-63.65931271075854,-6.654644607226519,-69.11720646535203,-1.1967508526330306,2,42,7,6
1998-05-10 18:30:00,1,-36.0,-34.3149569750511,17.326646839979336,-41.0,-62.81729102681712,-5.812622923285094,-68.2751847814106,-0.3547291686916054,2,42,7,6
1998-05-10 19:30:00,1,-39.0,-32.9201290904059,17.326646839979336,-37.0,-61.42246314217191,-4.417795038639891,-66.88035689676539,1.0400987159535973,2,42,7,6
1998-05-10 20:30:00,1,-35.0,-32.37575876485099,17.326646839979336,-36.0,-60.878092816617,-3.873424713084983,-66.3359865712105,1.5844690415085054,2,42,7,6
1998-05-10 21:30:00,1,-29.0,-33.57488005931109,17.326646839979336,-38.0,-62.0772141110771,-5.072546007545082,-67.5351078656706,0.3853477470484066,2,42,7,6
1998-05-10 22:30:00,1,-21.0,-35.23427092325223,17.326646839979336,-40.0,-63.73660497501824,-6.731936871486223,-69.19449872961172,-1.2740431168927344,2,42,7,6
1998-05-10 23:30:00,1,-22.0,-35.9353581561434,17.326646839979336,-39.0,-64.43769220790941,-7.433024104377392,-69.8955859625029,-1.9751303497839032,2,42,7,6
1998-05-11 00:30:00,1,-22.0,-36.696593822038004,17.326646839979336,-36.0,-65.19892787380401,-8.194259770271994,-70.6568216283975,-2.736366015678506,2,42,7,6
1998-05-11 01:30:00,1,-21.0,-35.561810116216044,17.326646839979336,-39.0,-64.06414416798205,-7.059476064450035,-69.52203792257555,-1.6015823098565463,2,42,7,6
1998-05-11 02:30:00,1,-27.0,-33.924988353409574,17.326646839979336,-35.0,-62.42732240517559,-5.422654301643565,-67.88521615976907,0.03523945294992359,2,42,7,6
1998-05-11 03:30:00,1,-29.0,-31.247731664300126,17.326646839979336,-29.0,-59.75006571606613,-2.7453976125341164,-65.20795947065963,2.712496142059372,2,42,7,6
1998-05-11 04:30:00,1,-33.0,-32.00037442998132,17.326646839979336,-21.0,-60.502708481747334,-3.498040378215311,-65.96060223634082,1.9598533763781774,2,42,7,6
1998-05-11 05:30:00,1,-30.0,-32.22102360725367,17.326646839979336,-22.0,-60.72335765901968,-3.7186895554876607,-66.18125141361317,1.7392041991058278,2,42,7,6
1998-05-11 06:30:00,1,-27.0,-29.898081902941815,17.326646839979336,-22.0,-58.400415954707825,-1.3957478511758055,-63.85830970930131,4.062145903417683,2,42,7,6
1998-05-11 07:30:00,1,-27.0,-30.475458968926752,17.326646839979336,-21.0,-58.97779302069276,-1.9731249171607423,-64.43568677528626,3.484768837432746,2,42,7,6
1998-05-11 08:30:00,1,-30.0,-31.314932355259096,17.326646839979336,-27.0,-59.8172664070251,-2.812598303493086,-65.2751601616186,2.6452954511004023,2,42,7,6
1998-05-11 09:30:00,1,-31.0,-28.574542714877303,17.326646839979336,-29.0,-57.07687676664331,-0.0722086631112937,-62.5347705212368,5.385685091482195,2,42,7,6
1998-05-11 10:30:00,1,-34.0,-28.564669611231576,17.326646839979336,-33.0,-57.067003662997585,-0.06233555946556635,-62.52489741759108,5.395558195127922,2,42,7,6
1998-05-11 11:30:00,1,-33.0,-27.641586450628985,17.326646839979336,-30.0,-56.14392050239499,0.8607476011370245,-61.60181425698848,6.318641355730513,2,42,7,6
1998-05-11 12:30:00,1,-31.0,-27.335989947369633,17.326646839979336,-27.0,-55.83832399913564,1.1663441043963765,-61.29621775372913,6.624237858989865,2,42,7,6
1998-05-11 13:30:00,1,-26.0,-27.539848006894523,17.326646839979336,-27.0,-56.04218205866053,0.9624860448714863,-61.50007581325402,6.420379799464975,2,42,7,6
1998-05-11 14:30:00,1,-24.0,-34.43091031936442,17.326646839979336,-30.0,-62.93324437113043,-5.928576267598412,-68.39113812572393,-0.4706825130049239,2,42,7,6
1998-05-11 15:30:00,1,-28.0,-34.83945029898162,17.326646839979336,-31.0,-63.34178435074763,-6.337116247215608,-68.79967810534112,-0.8792224926221195,2,42,7,6
1998-05-11 16:30:00,1,-32.0,-31.111840664287154,17.326646839979336,-34.0,-59.614174716053164,-2.6095066125211446,-65.07206847064666,2.848387142072344,2,42,7,6
1998-05-11 17:30:00,1,-36.0,-29.690558152574024,17.326646839979336,-33.0,-58.19289220434003,-1.1882241008080143,-63.650785958933525,4.269669653785474,2,42,7,6
1998-05-11 18:30:00,1,-36.0,-29.0952956083461,17.326646839979336,-31.0,-57.597629660112105,-0.5929615565800894,-63.0555234147056,4.864932198013399,2,42,7,6
1998-05-11 19:30:00,1,-33.0,-26.82378381677264,17.326646839979336,-26.0,-55.326117868538645,1.67855023499337,-60.78401162313214,7.1364439895868585,2,42,7,6
1998-05-11 20:30:00,1,-35.0,-25.81300751157174,17.326646839979336,-24.0,-54.31534156333775,2.689326540194269,-59.77323531793124,8.147220294787758,2,42,7,6
1998-05-11 21:30:00,1,-38.0,-26.64050272414837,17.326646839979336,-28.0,-55.142836775914375,1.8618313276176401,-60.60073053050787,7.319725082211129,2,42,7,6
1998-05-11 22:30:00,1,-34.0,-30.164666624859258,17.326646839979336,-32.0,-58.667000676625264,-1.6623325730932486,-64.12489443121876,3.79556118150024,2,42,7,6
1998-05-11 23:30:00,1,-30.0,-32.16886570188199,17.326646839979336,-36.0,-60.671199753648,-3.6665316501159815,-66.12909350824148,1.791362104477507,2,42,7,6
1998-05-12 00:30:00,1,-30.0,-32.944339552621315,17.326646839979336,-36.0,-61.44667360438733,-4.442005500855306,-66.90456735898081,1.0158882537381828,2,42,7,6
1998-05-12 01:30:00,1,-35.0,-32.66319124105723,17.326646839979336,-33.0,-61.16552529282323,-4.160857189291217,-66.62341904741672,1.297036565302271,2,42,7,6
1998-05-12 02:30:00,1,-34.0,-39.32650608875515,17.326646839979336,-35.0,-67.82884014052117,-10.824172036989143,-73.28673389511465,-5.366278282395655,2,42,7,6
1998-05-12 03:30:00,1,-34.0,-40.59387960311896,17.326646839979336,-38.0,-69.09621365488496,-12.091545551352947,-74.55410740947846,-6.633651796759459,2,42,7,6
1998-05-12 04:30:00,1,-39.0,-40.27366000597799,17.326646839979336,-34.0,-68.775994057744,-11.771325954211978,-74.23388781233749,-6.3134321996184894,2,42,7,6
1998-05-12 05:30:00,1,-46.0,-36.046990975568946,17.326646839979336,-30.0,-64.54932502733496,-7.544656923802936,-70.00721878192844,-2.0867631692094477,2,42,7,6
1998-05-12 06:30:00,1,-48.0,-36.87985091174623,17.326646839979336,-30.0,-65.38218496351224,-8.377516859980222,-70.84007871810573,-2.9196231053867336,2,42,7,6
1998-05-12 07:30:00,1,-45.0,-31.831629187106703,17.326646839979336,-35.0,-60.33396323887271,-3.3292951353406934,-65.7918569934662,2.128598619252795,2,42,7,6
1998-05-12 08:30:00,1,-43.0,-31.61432776983721,17.326646839979336,-34.0,-60.116661821603216,-3.1119937180712007,-65.5745555761967,2.3459000365222877,2,42,7,6
1998-05-12 09:30:00,1,-42.0,-34.54889456908905,17.326646839979336,-34.0,-63.051228620855056,-6.046560517323041,-68.50912237544856,-0.5886667627295523,2,42,7,6
1998-05-12 10:30:00,1,-36.0,-40.624158922382314,17.326646839979336,-39.0,-69.12649297414832,-12.121824870616305,-74.5843867287418,-6.663931116022816,2,42,7,6
1998-05-12 11:30:00,1,-35.0,-42.7681350284064,17.326646839979336,-46.0,-71.2704690801724,-14.265800976640389,-76.7283628347659,-8.8079072220469,2,42,7,6
1998-05-12 12:30:00,1,-34.0,-35.8645794496636,17.326646839979336,-48.0,-64.36691350142961,-7.362245397897592,-69.82480725602309,-1.9043516433041034,2,42,7,6
1998-05-12 13:30:00,1,-34.0,-37.85087235131814,17.326646839979336,-45.0,-66.35320640308414,-9.348538299552128,-71.81110015767763,-3.89064454495864,2,42,7,6
1998-05-12 14:30:00,1,-37.0,-36.941897156147476,17.326646839979336,-43.0,-65.44423120791349,-8.439563104381467,-70.90212496250697,-2.9816693497879783,2,42,7,6
1998-05-12 15:30:00,1,-39.0,-33.658629826636584,17.326646839979336,-42.0,-62.1609638784026,-5.156295774870575,-67.61885763299608,0.3015979797229136,2,42,7,6
1998-05-12 16:30:00,1,-38.0,-31.629226825388315,17.326646839979336,-36.0,-60.13156087715433,-3.1268927736223056,-65.58945463174781,2.331000980971183,2,42,7,6
1998-05-12 17:30:00,1,-38.0,-32.65678088144331,17.326646839979336,-35.0,-61.159114933209324,-4.154446829677301,-66.61700868780281,1.3034469249161873,2,42,7,6
1998-05-12 18:30:00,1,-36.0,-32.42457724656192,17.326646839979336,-34.0,-60.92691129832792,-3.9222431947959073,-66.38480505292142,1.5356505597975811,2,42,7,6
1998-05-12 19:30:00,1,-40.0,-30.68285020020118,17.326646839979336,-34.0,-59.185184251967186,-2.1805161484351707,-64.64307800656067,3.2773776061583177,2,42,7,6
1998-05-12 20:30:00,1,-35.0,-30.820276237000627,17.326646839979336,-37.0,-59.32261028876664,-2.3179421852346174,-64.78050404336012,3.139951569358871,2,42,7,6
1998-05-12 21:30:00,1,-35.0,-33.96397225112447,17.326646839979336,-39.0,-62.46630630289047,-5.4616381993584575,-67.92420005748397,-0.003744444764969046,2,42,7,6
1998-05-12 22:30:00,1,-30.0,-33.02220271258475,17.326646839979336,-38.0,-61.524536764350756,-4.519868660818741,-66.98243051894426,0.9380250937747476,2,42,7,6
1998-05-12 23:30:00,1,-22.0,-32.795569478985804,17.326646839979336,-38.0,-61.29790353075181,-4.293235427219795,-66.7557972853453,1.1646583273736937,2,42,7,6
1998-05-13 00:30:00,1,-18.0,-33.51941981262799,17.326646839979336,-36.0,-62.021753864394,-5.017085760861978,-67.47964761898749,0.4408079937315108,2,42,7,6
1998-05-13 01:30:00,1,-21.0,-32.134422523470306,17.326646839979336,-40.0,-60.63675657523632,-3.6320884717042965,-66.0946503298298,1.825805282889192,2,42,7,6
1998-05-13 02:30:00,1,-24.0,-30.741988211050224,17.326646839979336,-35.0,-59.24432226281623,-2.239654159284214,-64.70221601740973,3.2182395953092744,2,42,7,6
1998-05-13 03:30:00,1,-28.0,-30.775067966338643,17.326646839979336,-35.0,-59.27740201810465,-2.2727339145726333,-64.73529577269814,3.185159840020855,2,42,7,6
1998-05-13 04:30:00,1,-29.0,-28.329780236894003,17.326646839979336,-30.0,-56.83211428866001,0.17255381487200694,-62.2900080432535,5.630447569465495,2,42,7,6
1998-05-13 05:30:00,1,-27.0,-25.846589747066666,17.326646839979336,-22.0,-54.34892379883267,2.6557443046993434,-59.806817553426164,8.113638059292832,2,42,7,6
1998-05-13 06:30:00,1,-27.0,-25.02608958789117,17.326646839979336,-18.0,-53.52842363965718,3.4762444638748384,-58.98631739425067,8.934138218468327,2,42,7,6
1998-05-13 07:30:00,1,-25.0,-25.926818128505587,17.326646839979336,-21.0,-54.4291521802716,2.575515923260422,-59.887045934865085,8.03340967785391,2,42,7,6
1998-05-13 08:30:00,1,-26.0,-24.97447383221599,17.326646839979336,-24.0,-53.476807883982,3.5278602195500213,-58.93470163857549,8.98575397414351,2,42,7,6
1998-05-13 09:30:00,1,-24.0,-24.57375506624792,17.326646839979336,-28.0,-53.076089118013925,3.92857898551809,-58.53398287260742,9.386472740111579,2,42,7,6
1998-05-13 10:30:00,1,-23.0,-25.44743878833332,17.326646839979336,-29.0,-53.94977284009933,3.054895263432691,-59.40766659469281,8.51278901802618,2,42,7,6
1998-05-13 11:30:00,1,-22.0,-24.511537208183466,17.326646839979336,-27.0,-53.013871259949475,3.990796843582544,-58.47176501454297,9.448690598176032,2,42,7,6
1998-05-13 12:30:00,1,-21.0,-24.233735794242023,17.326646839979336,-27.0,-52.736069846008036,4.268598257523987,-58.19396360060152,9.726492012117475,2,42,7,6
1998-05-13 13:30:00,1,-18.0,-23.529931201286708,17.326646839979336,-25.0,-52.032265253052714,4.972402850479302,-57.490159007646206,10.43029660507279,2,42,7,6
1998-05-13 14:30:00,1,-20.0,-22.567137731366344,17.326646839979336,-26.0,-51.06947178313236,5.935196320399665,-56.52736553772584,11.393090074993154,2,42,7,6
1998-05-13 15:30:00,1,-26.0,-21.504640460103772,17.326646839979336,-24.0,-50.006974511869785,6.997693591662237,-55.46486826646327,12.455587346255726,2,42,7,6
1998-05-13 16:30:00,1,-30.0,-20.52960004126002,17.326646839979336,-23.0,-49.03193409302603,7.972734010505988,-54.48982784761952,13.430627765099477,2,42,7,6
1998-05-13 17:30:00,1,-27.0,-20.091341864440736,17.326646839979336,-22.0,-48.59367591620675,8.410992187325274,-54.051569670800234,13.868885941918762,2,42,7,6
1998-05-13 18:30:00,1,-27.0,-19.375301820964932,17.326646839979336,-21.0,-47.87763587273094,9.127032230801078,-53.33552962732443,14.584925985394566,2,42,7,6
1998-05-13 19:30:00,1,-30.0,-18.27570150324101,17.326646839979336,-18.0,-46.77803555500702,10.226632548525,-52.23592930960051,15.684526303118488,2,42,7,6
1998-05-13 20:30:00,1,-31.0,-18.870406949848675,17.326646839979336,-20.0,-47.372741001614685,9.631927101917334,-52.83063475620817,15.089820856510823,2,42,7,6
1998-05-13 21:30:00,1,-28.0,-20.586352708428514,17.326646839979336,-26.0,-49.08868676019452,7.915981343337496,-54.54658051478801,13.373875097930984,2,42,7,6
1998-05-13 22:30:00,1,-23.0,-22.760215463257094,17.326646839979336,-30.0,-51.2625495150231,5.742118588508916,-56.720443269616595,11.200012343102404,2,42,7,6
1998-05-13 23:30:00,1,-22.0,-22.75736730886002,17.326646839979336,-27.0,-51.259701360626025,5.744966742905991,-56.71759511521952,11.20286049749948,2,42,7,6
1998-05-14 00:30:00,1,-17.0,-23.105743620089946,17.326646839979336,-27.0,-51.60807767185595,5.396590431676064,-57.065971426449444,10.854484186269552,2,42,7,6
1998-05-14 01:30:00,1,-17.0,-22.865730557422395,17.326646839979336,-30.0,-51.36806460918841,5.636603494343614,-56.82595836378189,11.094497248937103,2,42,7,6
1998-05-14 02:30:00,1,-16.0,-25.530939615236136,17.326646839979336,-31.0,-54.03327366700215,2.9713944365298737,-59.491167421595634,8.429288191123362,2,42,7,6
1998-05-14 03:30:00,1,-17.0,-24.678200808943988,17.326646839979336,-28.0,-53.18053486071,3.824133242822022,-58.63842861530348,9.28202699741551,2,42,7,6
1998-05-14 04:30:00,1,-21.0,-22.897869743354008,17.326646839979336,-23.0,-51.40020379512002,5.604464308412002,-56.858097549713506,11.06235806300549,2,42,7,6
1998-05-14 05:30:00,1,-19.0,-21.175556169250957,17.326646839979336,-22.0,-49.677890221016966,7.326777882515053,-55.13578397561045,12.784671637108541,2,42,7,6
2003-11-12 19:30:00,21,-35.0,-30.494200790725337,17.326646839979336,-17.0,-58.99653484249134,-1.9918667389593274,-64.45442859708484,3.466027015634161,2,42,7,6
2003-11-12 20:30:00,21,-31.0,-29.477758360037893,17.326646839979336,-17.0,-57.9800924118039,-0.975424308271883,-63.437986166397394,4.4824694463216055,2,42,7,6
2003-11-12 21:30:00,21,-30.0,-30.339994847121254,17.326646839979336,-16.0,-58.84232889888726,-1.8376607953552444,-64.30022265348074,3.620232959238244,2,42,7,6
2003-11-12 22:30:00,21,-27.0,-35.23383455886237,17.326646839979336,-17.0,-63.73616861062838,-6.73150050709636,-69.19406236522187,-1.2736067525028716,2,42,7,6
2003-11-12 23:30:00,21,-27.0,-32.32268501168873,17.326646839979336,-21.0,-60.82501906345475,-3.820350959922724,-66.28291281804823,1.6375427946707646,2,42,7,6
2003-11-13 00:30:00,21,-29.0,-38.14349348183071,17.326646839979336,-19.0,-66.64582753359672,-9.6411594300647,-72.1037212881902,-4.183265675471212,2,42,7,6
2003-11-13 01:30:00,21,-29.0,-31.86043671079951,17.326646839979336,-35.0,-60.36277076256552,-3.358102659033502,-65.820664517159,2.0997910955599863,2,42,7,6
2003-11-13 02:30:00,21,-25.0,-29.19662930829866,17.326646839979336,-31.0,-57.69896336006467,-0.6942952565326515,-63.15685711465816,4.763598498060837,2,42,7,6
2003-11-13 03:30:00,21,-18.0,-29.201045269930457,17.326646839979336,-30.0,-57.70337932169647,-0.6987112181644477,-63.16127307628996,4.759182536429041,2,42,7,6
2003-11-13 04:30:00,21,-23.0,-28.577379370871483,17.326646839979336,-27.0,-57.0797134226375,-0.07504531910547385,-62.53760717723098,5.382848435488015,2,42,7,6
2003-11-13 05:30:00,21,-31.0,-29.110495347132904,17.326646839979336,-27.0,-57.61282939889891,-0.6081612953668944,-63.0707231534924,4.849732459226594,2,42,7,6
2003-11-13 06:30:00,21,-31.0,-31.25953362503148,17.326646839979336,-29.0,-59.76186767679749,-2.7571995732654706,-65.21976143139098,2.700694181328018,2,42,7,6
2003-11-13 07:30:00,21,-26.0,-28.746934245039935,17.326646839979336,-29.0,-57.249268296805944,-0.24460019327392502,-62.707162051399436,5.2132935613195635,2,42,7,6
2003-11-13 08:30:00,21,-33.0,-29.92348676175794,17.326646839979336,-25.0,-58.42582081352395,-1.4211527099919294,-63.88371456811744,4.036741044601559,2,42,7,6
2003-11-13 09:30:00,21,-36.0,-25.68863331189833,17.326646839979336,-18.0,-54.19096736366434,2.8137007398676808,-59.64886111825783,8.27159449446117,2,42,7,6
2003-11-13 10:30:00,21,-25.0,-32.611363627308705,17.326646839979336,-23.0,-61.11369767907472,-4.109029575542696,-66.5715914336682,1.3488641790507927,2,42,7,6
2003-11-13 11:30:00,21,-14.0,-29.052398516665995,17.326646839979336,-31.0,-57.554732568432,-0.550064464899986,-63.01262632302549,4.9078292896935025,2,42,7,6
2003-11-13 12:30:00,21,-18.0,-27.621432624954902,17.326646839979336,-31.0,-56.12376667672091,0.8809014268111071,-61.581660431314404,6.3387951814045955,2,42,7,6
2003-11-13 13:30:00,21,-31.0,-26.602214767268695,17.326646839979336,-26.0,-55.104548819034704,1.9001192844973147,-60.56244257362819,7.358013039090803,2,42,7,6
2003-11-13 14:30:00,21,-32.0,-33.52853574644308,17.326646839979336,-33.0,-62.030869798209096,-5.026201694677074,-67.48876355280258,0.4316920599164149,2,42,7,6
2003-11-13 15:30:00,21,-36.0,-31.238234845889135,17.326646839979336,-36.0,-59.740568897655145,-2.7359007941231255,-65.19846265224864,2.721992960470363,2,42,7,6
2003-11-13 16:30:00,21,-44.0,-26.006471014879615,17.326646839979336,-25.0,-54.50880506664562,2.4958630368863943,-59.96669882123911,7.953756791479883,2,42,7,6
2003-11-13 17:30:00,21,-52.0,-24.627510099781702,17.326646839979336,-14.0,-53.129844151547715,3.8748239519843075,-58.5877379061412,9.332717706577796,2,42,7,6
2003-11-13 18:30:00,21,-46.0,-26.401332494413012,17.326646839979336,-18.0,-54.903666546179025,2.1010015573529977,-60.36156030077251,7.558895311946486,2,42,7,6
2003-11-13 19:30:00,21,-59.0,-34.234298265883844,17.326646839979336,-31.0,-62.73663231764985,-5.731964214117834,-68.19452607224335,-0.2740704595243457,2,42,7,6
2003-11-13 20:30:00,21,-59.0,-25.625174776161515,17.326646839979336,-32.0,-54.12750882792753,2.8771592756044946,-59.58540258252101,8.335053030197983,2,42,7,6
2003-11-13 21:30:00,21,-55.0,-27.432352312830574,17.326646839979336,-36.0,-55.93468636459659,1.0699817389354358,-61.39258011919007,6.527875493528924,2,42,7,6
2003-11-13 22:30:00,21,-47.0,-31.751021070912177,17.326646839979336,-44.0,-60.25335512267819,-3.2486870191461676,-65.71124887727167,2.209206735447321,2,42,7,6
2003-11-13 23:30:00,21,-55.0,-42.17612250775673,17.326646839979336,-52.0,-70.67845655952274,-13.67378845599072,-76.13635031411623,-8.215894701397232,2,42,7,6
2003-11-14 00:30:00,21,-51.0,-38.83254389911139,17.326646839979336,-46.0,-67.3348779508774,-10.330209847345383,-72.7927717054709,-4.872316092751895,2,42,7,6
2003-11-14 01:30:00,21,-38.0,-43.08098357437158,17.326646839979336,-59.0,-71.58331762613759,-14.57864952260557,-77.04121138073108,-9.120755768012081,2,42,7,6
2003-11-14 02:30:00,21,-37.0,-50.042380575306986,17.326646839979336,-59.0,-78.54471462707299,-21.540046523540976,-84.00260838166648,-16.082152768947488,2,42,7,6
2003-11-14 03:30:00,21,-35.0,-45.61649122245069,17.326646839979336,-55.0,-74.1188252742167,-17.11415717068468,-79.57671902881019,-11.656263416091193,2,42,7,6
2003-11-14 04:30:00,21,-44.0,-43.30892906320091,17.326646839979336,-47.0,-71.81126311496692,-14.806595011434897,-77.2691568695604,-9.348701256841409,2,42,7,6
2003-11-14 05:30:00,21,-52.0,-45.077650766308025,17.326646839979336,-55.0,-73.57998481807404,-16.575316714542016,-79.03787857266752,-11.117422959948527,2,42,7,6
2003-11-14 06:30:00,21,-55.0,-44.00217984705911,17.326646839979336,-51.0,-72.50451389882512,-15.499845795293101,-77.96240765341861,-10.041952040699613,2,42,7,6
2003-11-14 07:30:00,21,-42.0,-37.87617918624959,17.326646839979336,-38.0,-66.3785132380156,-9.373845134483577,-71.83640699260908,-3.915951379890089,2,42,7,6
2003-11-14 08:30:00,21,-35.0,-36.62329064120263,17.326646839979336,-37.0,-65.12562469296864,-8.12095658943662,-70.58351844756213,-2.6630628348431316,2,42,7,6
2003-11-14 09:30:00,21,-39.0,-39.49194051024621,17.326646839979336,-35.0,-67.99427456201222,-10.9896064584802,-73.45216831660571,-5.531712703886711,2,42,7,6
2003-11-14 10:30:00,21,-38.0,-38.156636443799684,17.326646839979336,-44.0,-66.6589704955657,-9.654302392033674,-72.11686425015918,-4.196408637440186,2,42,7,6
2003-11-14 11:30:00,21,-28.0,-47.08218344074475,17.326646839979336,-52.0,-75.58451749251076,-18.57984938897874,-81.04241124710424,-13.121955634385252,2,42,7,6
2003-11-14 12:30:00,21,-35.0,-47.60764665495945,17.326646839979336,-55.0,-76.10998070672547,-19.105312603193443,-81.56787446131895,-13.647418848599955,2,42,7,6
2003-11-14 13:30:00,21,-39.0,-38.17180369959831,17.326646839979336,-42.0,-66.67413775136431,-9.669469647832297,-72.1320315059578,-4.211575893238809,2,42,7,6
2003-11-14 14:30:00,21,-32.0,-36.37967771604875,17.326646839979336,-35.0,-64.88201176781476,-7.877343664282737,-70.33990552240824,-2.4194499096892486,2,42,7,6
2003-11-14 15:30:00,21,-27.0,-37.98913029756703,17.326646839979336,-39.0,-66.49146434933304,-9.48679624580102,-71.94935810392653,-4.028902491207532,2,42,7,6
2003-11-14 16:30:00,21,-25.0,-35.64114880873097,17.326646839979336,-38.0,-64.14348286049697,-7.138814756964958,-69.60137661509046,-1.6809210023714698,2,42,7,6
2003-11-14 17:30:00,21,-25.0,-36.344165186167835,17.326646839979336,-28.0,-64.84649923793384,-7.841831134401826,-70.30439299252734,-2.383937379808337,2,42,7,6
2003-11-14 18:30:00,21,-30.0,-41.01897843274514,17.326646839979336,-35.0,-69.52131248451116,-12.516644380979134,-74.97920623910464,-7.058750626385645,2,42,7,6
2003-11-14 19:30:00,21,-41.0,-35.76062871321216,17.326646839979336,-39.0,-64.26296276497817,-7.258294661446147,-69.72085651957165,-1.8004009068526585,2,42,7,6
2003-11-14 20:30:00,21,-37.0,-32.91796020415984,17.326646839979336,-32.0,-61.42029425592585,-4.4156261523938305,-66.87818801051934,1.042267602199658,2,42,7,6
2003-11-14 21:30:00,21,-35.0,-31.79879894716111,17.326646839979336,-27.0,-60.301132998927116,-3.2964648953951006,-65.7590267535206,2.161428859198388,2,42,7,6
2003-11-14 22:30:00,21,-28.0,-33.568650224622615,17.326646839979336,-25.0,-62.07098427638863,-5.066316172856606,-67.52887803098211,0.3915775817368825,2,42,7,6
2003-11-14 23:30:00,21,-28.0,-37.43209879312445,17.326646839979336,-25.0,-65.93443284489047,-8.929764741358444,-71.39232659948395,-3.471870986764955,2,42,7,6
2003-11-15 00:30:00,21,-26.0,-43.757512805819836,17.326646839979336,-30.0,-72.25984685758584,-15.255178754053826,-77.71774061217934,-9.797284999460338,2,42,7,6
2003-11-15 01:30:00,21,-18.0,-44.35583852457897,17.326646839979336,-41.0,-72.85817257634498,-15.853504472812961,-78.31606633093847,-10.395610718219473,2,42,7,6
2003-11-15 02:30:00,21,-19.0,-35.239555301762664,17.326646839979336,-37.0,-63.74188935352868,-6.737221249996654,-69.19978310812216,-1.279327495403166,2,42,7,6
2003-11-15 03:30:00,21,-19.0,-35.443359893714096,17.326646839979336,-35.0,-63.9456939454801,-6.941025841948086,-69.40358770007359,-1.4831320873545977,2,42,7,6
2003-11-15 04:30:00,21,-25.0,-33.19894523840282,17.326646839979336,-28.0,-61.70127929016883,-4.696611186636812,-67.15917304476233,0.7612825679566768,2,42,7,6
2003-11-15 05:30:00,21,-26.0,-29.351827276612507,17.326646839979336,-28.0,-57.85416132837852,-0.8494932248464977,-63.31205508297201,4.608400529746991,2,42,7,6
2003-11-15 06:30:00,21,-17.0,-28.32955486819726,17.326646839979336,-26.0,-56.83188891996327,0.17277918356874977,-62.28978267455676,5.630672938162238,2,42,7,6
2003-11-15 07:30:00,21,-37.0,-27.033418098991795,17.326646839979336,-18.0,-55.5357521507578,1.4689159527742142,-60.99364590535129,6.926809707367703,2,42,7,6
2003-11-15 08:30:00,21,-34.0,-26.25374819357604,17.326646839979336,-19.0,-54.75608224534205,2.248585858189969,-60.21397599993554,7.706479612783458,2,42,7,6
2003-11-15 09:30:00,21,-46.0,-25.722271314647294,17.326646839979336,-19.0,-54.2246053664133,2.7800627371187154,-59.68249912100679,8.237956491712204,2,42,7,6
2003-11-15 10:30:00,21,-39.0,-29.117547317628365,17.326646839979336,-25.0,-57.61988136939438,-0.615213265862355,-63.07777512398786,4.842680488731133,2,42,7,6
2003-11-15 11:30:00,21,-37.0,-26.241239655986796,17.326646839979336,-26.0,-54.7435737077528,2.261094395779214,-60.201467462346294,7.718988150372702,2,42,7,6
2003-11-15 12:30:00,21,-50.0,-37.175776395790734,17.326646839979336,-17.0,-65.67811044755675,-8.673442344024725,-71.13600420215023,-3.2155485894312363,2,42,7,6
2003-11-15 13:30:00,21,-48.0,-47.69545995786801,17.326646839979336,-37.0,-76.19779400963402,-19.193125906102,-81.65568776422751,-13.735232151508512,2,42,7,6
2003-11-15 14:30:00,21,-46.0,-45.955668811364674,17.326646839979336,-34.0,-74.45800286313069,-17.453334759598665,-79.91589661772417,-11.995441005005176,2,42,7,6
2003-11-15 15:30:00,21,-43.0,-45.760658197947286,17.326646839979336,-46.0,-74.26299224971329,-17.258324146181277,-79.72088600430678,-11.800430391587788,2,42,7,6
2003-11-15 16:30:00,21,-49.0,-32.75965019310249,17.326646839979336,-39.0,-61.2619842448685,-4.257316141336478,-66.71987799946199,1.2005776132570105,2,42,7,6
2003-11-15 17:30:00,21,-43.0,-34.075469676855924,17.326646839979336,-37.0,-62.57780372862193,-5.573135625089915,-68.03569748321542,-0.1152418704964262,2,42,7,6
2003-11-15 18:30:00,21,-43.0,-35.99807102045248,17.326646839979336,-50.0,-64.50040507221848,-7.495736968686469,-69.95829882681198,-2.0378432140929803,2,42,7,6
2003-11-15 19:30:00,21,-44.0,-40.57190328058603,17.326646839979336,-48.0,-69.07423733235204,-12.069569228820018,-74.53213108694553,-6.61167547422653,2,42,7,6
2003-11-15 20:30:00,21,-40.0,-38.31396305394945,17.326646839979336,-46.0,-66.81629710571546,-9.811629002183441,-72.27419086030895,-4.3537352475899525,2,42,7,6
2003-11-15 21:30:00,21,-40.0,-40.55419688996813,17.326646839979336,-43.0,-69.05653094173414,-12.051862838202123,-74.51442469632764,-6.593969083608634,2,42,7,6
2003-11-15 22:30:00,21,-42.0,-44.130410036143346,17.326646839979336,-49.0,-72.63274408790936,-15.628075984377336,-78.09063784250284,-10.170182229783848,2,42,7,6
2003-11-15 23:30:00,21,-34.0,-41.96583741593372,17.326646839979336,-43.0,-70.46817146769973,-13.46350336416771,-75.92606522229322,-8.005609609574222,2,42,7,6
2003-11-16 00:30:00,21,-31.0,-38.59431107667205,17.326646839979336,-43.0,-67.09664512843806,-10.09197702490604,-72.55453888303154,-4.634083270312551,2,42,7,6
2003-11-16 01:30:00,21,-31.0,-39.64739489294461,17.326646839979336,-44.0,-68.14972894471062,-11.145060841178601,-73.6076226993041,-5.687167086585113,2,42,7,6
2003-11-16 02:30:00,21,-29.0,-38.25237415852335,17.326646839979336,-40.0,-66.75470821028937,-9.750040106757343,-72.21260196488285,-4.292146352163854,2,42,7,6
2003-11-16 03:30:00,21,-25.0,-39.971096781402316,17.326646839979336,-40.0,-68.47343083316832,-11.468762729636307,-73.93132458776182,-6.010868975042818,2,42,7,6
2003-11-16 04:30:00,21,-32.0,-44.582674417528935,17.326646839979336,-42.0,-73.08500846929495,-16.080340365762925,-78.54290222388843,-10.622446611169437,2,42,7,6
2003-11-16 05:30:00,21,-33.0,-40.82121740135529,17.326646839979336,-34.0,-69.3235514531213,-12.318883349589282,-74.7814452077148,-6.860989594995793,2,42,7,6
2003-11-16 06:30:00,21,-32.0,-36.20283515412549,17.326646839979336,-31.0,-64.7051692058915,-7.700501102359478,-70.16306296048498,-2.24260734776599,2,42,7,6
2003-11-16 07:30:00,21,-37.0,-35.17496043635976,17.326646839979336,-31.0,-63.67729448812577,-6.672626384593752,-69.13518824271927,-1.2147326300002632,2,42,7,6
2003-11-16 08:30:00,21,-48.0,-39.00586622498837,17.326646839979336,-29.0,-67.50820027675438,-10.503532173222357,-72.96609403134786,-5.045638418628869,2,42,7,6
2003-11-16 09:30:00,21,-49.0,-37.09097366222014,17.326646839979336,-25.0,-65.59330771398615,-8.588639610454127,-71.05120146857963,-3.1307458558606385,2,42,7,6
2003-11-16 10:30:00,21,-34.0,-32.34568296731888,17.326646839979336,-32.0,-60.84801701908489,-3.8433489155528697,-66.30591077367838,1.6145448390406187,2,42,7,6
2003-11-16 11:30:00,21,-29.0,-32.691362040689725,17.326646839979336,-33.0,-61.19369609245574,-4.189027988923716,-66.65158984704922,1.2688657656697728,2,42,7,6
2003-11-16 12:30:00,21,-31.0,-33.38332672818414,17.326646839979336,-32.0,-61.88566077995014,-4.880992676418128,-67.34355453454364,0.5769010781753607,2,42,7,6
2003-11-16 13:30:00,21,-29.0,-41.59082850391856,17.326646839979336,-37.0,-70.09316255568457,-13.088494452152549,-75.55105631027806,-7.630600697559061,2,42,7,6
2003-11-16 14:30:00,21,-38.0,-45.657712996829005,17.326646839979336,-48.0,-74.16004704859502,-17.155378945062996,-79.6179408031885,-11.697485190469507,2,42,7,6
2003-11-16 15:30:00,21,-32.0,-43.23030010960467,17.326646839979336,-49.0,-71.73263416137068,-14.72796605783866,-77.19052791596417,-9.270072303245172,2,42,7,6
2003-11-16 16:30:00,21,-28.0,-36.935691468105084,17.326646839979336,-34.0,-65.43802551987109,-8.433357416339074,-70.89591927446457,-2.975463661745586,2,42,7,6
2003-11-16 17:30:00,21,-35.0,-34.480685180736124,17.326646839979336,-29.0,-62.98301923250213,-5.978351128970115,-68.44091298709563,-0.5204573743766261,2,42,7,6
2003-11-16 18:30:00,21,-40.0,-34.27017385783616,17.326646839979336,-31.0,-62.77250790960217,-5.767839806070153,-68.23040166419565,-0.30994605147666476,2,42,7,6
2003-11-16 19:30:00,21,-36.0,-37.9518521879216,17.326646839979336,-29.0,-66.45418623968762,-9.449518136155593,-71.9120799942811,-3.9916243815621044,2,42,7,6
2003-11-16 20:30:00,21,-33.0,-43.2254385848607,17.326646839979336,-38.0,-71.72777263662671,-14.723104533094688,-77.1856663912202,-9.2652107785012,2,42,7,6
2003-11-16 21:30:00,21,-36.0,-37.858905135580535,17.326646839979336,-32.0,-66.36123918734654,-9.356571083814526,-71.81913294194004,-3.8986773292210373,2,42,7,6
2003-11-16 22:30:00,21,-37.0,-37.040790032625516,17.326646839979336,-28.0,-65.54312408439152,-8.538455980859506,-71.001017838985,-3.080562226266018,2,42,7,6
2003-11-16 23:30:00,21,-32.0,-41.573299763625386,17.326646839979336,-35.0,-70.0756338153914,-13.070965711859376,-75.53352756998488,-7.613071957265888,2,42,7,6
2003-11-17 00:30:00,21,-27.0,-38.51733473103189,17.326646839979336,-40.0,-67.0196687827979,-10.015000679265878,-72.47756253739138,-4.557106924672389,2,42,7,6
2003-11-17 01:30:00,21,-33.0,-36.96998315505863,17.326646839979336,-36.0,-65.47231720682464,-8.467649103292619,-70.93021096141813,-3.00975534869913,2,42,7,6
2003-11-17 02:30:00,21,-31.0,-40.02999735023158,17.326646839979336,-33.0,-68.5323314019976,-11.527663298465573,-73.99022515659108,-6.069769543872084,2,42,7,6
2003-11-17 03:30:00,21,-35.0,-38.88368534566716,17.326646839979336,-36.0,-67.38601939743317,-10.381351293901151,-72.84391315202666,-4.9234575393076625,2,42,7,6
2003-11-17 04:30:00,21,-42.0,-36.44298792238821,17.326646839979336,-37.0,-64.94532197415423,-7.940653870622203,-70.40321572874771,-2.4827601160287145,2,42,7,6
2003-11-17 05:30:00,21,-44.0,-34.73702999995549,17.326646839979336,-32.0,-63.239364051721495,-6.234695948189479,-68.69725780631498,-0.7768021935959908,2,42,7,6
2003-11-17 06:30:00,21,-48.0,-35.30887054901401,17.326646839979336,-27.0,-63.811204600780016,-6.8065364972480005,-69.2690983553735,-1.348642742654512,2,42,7,6
2003-11-17 07:30:00,21,-43.0,-33.5106824637282,17.326646839979336,-33.0,-62.013016515494215,-5.008348411962192,-67.4709102700877,0.4495453426312963,2,42,7,6
2003-11-17 08:30:00,21,-41.0,-34.54910182780123,17.326646839979336,-31.0,-63.05143587956724,-6.046767776035221,-68.50932963416074,-0.5888740214417325,2,42,7,6
2003-11-17 09:30:00,21,-39.0,-36.343007009536244,17.326646839979336,-35.0,-64.84534106130225,-7.840672957770234,-70.30323481589573,-2.382779203176746,2,42,7,6
2003-11-17 10:30:00,21,-34.0,-45.126031446328724,17.326646839979336,-42.0,-73.62836549809474,-16.623697394562715,-79.08625925268822,-11.165803639969226,2,42,7,6
2003-11-17 11:30:00,21,-25.0,-47.19832190934467,17.326646839979336,-44.0,-75.70065596111068,-18.69598785757866,-81.15854971570417,-13.238094102985173,2,42,7,6
2003-11-17 12:30:00,21,-25.0,-47.41351221984266,17.326646839979336,-48.0,-75.91584627160867,-18.91117816807665,-81.37374002620216,-13.45328441348316,2,42,7,6
2003-11-17 13:30:00,21,-26.0,-42.0418188622634,17.326646839979336,-43.0,-70.54415291402941,-13.539484810497388,-76.0020466686229,-8.0815910559039,2,42,7,6
2003-11-17 14:30:00,21,-36.0,-38.948872091359085,17.326646839979336,-41.0,-67.45120614312509,-10.446538039593076,-72.90909989771859,-4.988644284999587,2,42,7,6
2003-11-17 15:30:00,21,-42.0,-37.94649910645387,17.326646839979336,-39.0,-66.44883315821988,-9.444165054687861,-71.90672691281337,-3.986271300094373,2,42,7,6
2003-11-17 16:30:00,21,-41.0,-36.157467343123336,17.326646839979336,-34.0,-64.65980139488934,-7.655133291357327,-70.11769514948284,-2.1972395367638384,2,42,7,6
2003-11-17 17:30:00,21,-40.0,-31.45574093473016,17.326646839979336,-25.0,-59.95807498649617,-2.953406882964149,-65.41596874108966,2.5044868716293394,2,42,7,6
2003-11-17 18:30:00,21,-32.0,-30.596286198767153,17.326646839979336,-25.0,-59.09862025053316,-2.0939521470011435,-64.55651400512664,3.363941607592345,2,42,7,6
2003-11-17 19:30:00,21,-25.0,-33.03591082105601,17.326646839979336,-26.0,-61.53824487282202,-4.533576769289997,-66.9961386274155,0.9243169853034914,2,42,7,6
2003-11-17 20:30:00,21,-29.0,-40.90539203466775,17.326646839979336,-36.0,-69.40772608643375,-12.403057982901739,-74.86561984102724,-6.945164228308251,2,42,7,6
2003-11-17 21:30:00,21,-29.0,-37.756930687126655,17.326646839979336,-42.0,-66.25926473889267,-9.254596635360645,-71.71715849348615,-3.796702880767157,2,42,7,6
2003-11-17 22:30:00,21,-36.0,-35.161766881418046,17.326646839979336,-41.0,-63.66410093318406,-6.659432829652037,-69.12199468777754,-1.2015390750585482,2,42,7,6
2003-11-17 23:30:00,21,-36.0,-36.54098708550124,17.326646839979336,-40.0,-65.04332113726726,-8.038653033735233,-70.50121489186074,-2.580759279141745,2,42,7,6
2003-11-18 00:30:00,21,-27.0,-33.26339436154903,17.326646839979336,-32.0,-61.765728413315045,-4.761060309783023,-67.22362216790853,0.6968334448104656,2,42,7,6
2003-11-18 01:30:00,21,-22.0,-30.143891885428847,17.326646839979336,-25.0,-58.646225937194856,-1.6415578336628371,-64.10411969178834,3.8163359209306513,2,42,7,6
2003-11-18 02:30:00,21,-21.0,-30.477883119717074,17.326646839979336,-29.0,-58.98021717148308,-1.9755490679510643,-64.43811092607658,3.482344686642424,2,42,7,6
2003-11-18 03:30:00,21,-29.0,-31.784926698988524,17.326646839979336,-29.0,-60.287260750754534,-3.282592647222515,-65.74515450534803,2.1753011073709736,2,42,7,6
2003-11-18 04:30:00,21,-31.0,-30.46183537371677,17.326646839979336,-36.0,-58.96416942548278,-1.9595013219507607,-64.42206318007626,3.498392432642728,2,42,7,6
2003-11-18 05:30:00,21,-30.0,-31.718272182167063,17.326646839979336,-36.0,-60.22060623393307,-3.215938130401053,-65.67849998852657,2.2419556241924354,2,42,7,6
2003-11-18 06:30:00,21,-30.0,-30.16780770107008,17.326646839979336,-27.0,-58.67014175283609,-1.6654736493040687,-64.12803550742957,3.7924201052894198,2,42,7,6
2003-11-18 07:30:00,21,-27.0,-28.178054211334278,17.326646839979336,-22.0,-56.68038826310028,0.32427984043173197,-62.138282017693776,5.78217359502522,2,42,7,6
2003-11-18 08:30:00,21,-28.0,-25.78713553013801,17.326646839979336,-21.0,-54.289469581904015,2.7151985216280003,-59.74736333649751,8.173092276221489,2,42,7,6
2003-11-18 09:30:00,21,-26.0,-26.710115205114548,17.326646839979336,-29.0,-55.21244925688056,1.792218846651462,-60.670343011474046,7.25011260124495,2,42,7,6
2003-11-18 10:30:00,21,-20.0,-26.938770720322637,17.326646839979336,-31.0,-55.44110477208865,1.5635633314433726,-60.898998526682135,7.021457086036861,2,42,7,6
2003-11-18 11:30:00,21,-23.0,-27.125411071352662,17.326646839979336,-30.0,-55.62774512311867,1.3769229804133474,-61.08563887771216,6.834816735006836,2,42,7,6
2003-11-18 12:30:00,21,-27.0,-27.29573576359493,17.326646839979336,-30.0,-55.79806981536094,1.2065982881710795,-61.25596356995443,6.664492042764568,2,42,7,6
2003-11-18 13:30:00,21,-28.0,-26.788771179957585,17.326646839979336,-27.0,-55.29110523172359,1.7135628718084241,-60.74899898631708,7.171456626401913,2,42,7,6
2003-11-18 14:30:00,21,-31.0,-26.66406122691964,17.326646839979336,-28.0,-55.16639527868565,1.8382728248463707,-60.62428903327914,7.296166579439859,2,42,7,6
2003-11-18 15:30:00,21,-27.0,-25.52906825016499,17.326646839979336,-26.0,-54.031402301930996,2.97326580160102,-59.48929605652449,8.431159556194508,2,42,7,6
2003-11-18 16:30:00,21,-26.0,-24.45057037635398,17.326646839979336,-20.0,-52.95290442811999,4.05176367541203,-58.41079818271348,9.509657430005518,2,42,7,6
2003-11-18 17:30:00,21,-29.0,-24.943736876517413,17.326646839979336,-23.0,-53.44607092828342,3.5585971752485968,-58.90396468287691,9.016490929842085,2,42,7,6
2003-11-18 18:30:00,21,-22.0,-28.574605381173082,17.326646839979336,-27.0,-57.07693943293909,-0.07227132940707293,-62.534833187532584,5.3856224251864155,2,42,7,6
2003-11-18 19:30:00,21,-22.0,-27.476808013023085,17.326646839979336,-28.0,-55.979142064789094,1.0255260387429246,-61.43703581938259,6.483419793336413,2,42,7,6
2003-11-18 20:30:00,21,-20.0,-26.387144040160816,17.326646839979336,-31.0,-54.889478091926826,2.1151900116051934,-60.34737184652032,7.573083766198682,2,42,7,6
2003-11-18 21:30:00,21,-16.0,-24.35575339624212,17.326646839979336,-27.0,-52.858087448008135,4.146580655523888,-58.31598120260162,9.604474410117376,2,42,7,6
2003-11-18 22:30:00,21,-15.0,-24.260025742620982,17.326646839979336,-26.0,-52.762359794386995,4.242308309145027,-58.22025354898048,9.700202063738516,2,42,7,6
2003-11-18 23:30:00,21,-17.0,-26.207066977503217,17.326646839979336,-29.0,-54.70940102926923,2.2952670742627923,-60.167294783862715,7.753160828856281,2,42,7,6
2003-11-19 00:30:00,21,-15.0,-23.404777984817162,17.326646839979336,-22.0,-51.90711203658317,5.097556066948847,-57.36500579117666,10.555449821542336,2,42,7,6
2003-11-19 01:30:00,21,-18.0,-22.76655223309249,17.326646839979336,-22.0,-51.268886284858496,5.735781818673519,-56.72678003945199,11.193675573267008,2,42,7,6
2003-11-19 02:30:00,21,-18.0,-22.146293885731428,17.326646839979336,-20.0,-50.64862793749744,6.356040166034582,-56.10652169209092,11.81393392062807,2,42,7,6
2003-11-19 03:30:00,21,-18.0,-20.95751080531416,17.326646839979336,-16.0,-49.45984485708017,7.544823246451848,-54.917738611673656,13.002717001045337,2,42,7,6
2003-11-19 04:30:00,21,-22.0,-19.804187649584563,17.326646839979336,-15.0,-48.306521701350576,8.698146402181447,-53.76441545594406,14.156040156774935,2,42,7,6
2003-11-19 05:30:00,21,-27.0,-19.799380167334192,17.326646839979336,-17.0,-48.301714219100205,8.702953884431817,-53.75960797369369,14.160847639025306,2,42,7,6
2003-11-19 06:30:00,21,-26.0,-18.375743357628323,17.326646839979336,-15.0,-46.878077409394336,10.126590694137686,-52.33597116398782,15.584484448731175,2,42,7,6
2003-11-19 07:30:00,21,-26.0,-18.102415972253297,17.326646839979336,-18.0,-46.60475002401931,10.399918079512712,-52.062643778612795,15.8578118341062,2,42,7,6
2003-11-19 08:30:00,21,-25.0,-17.33041780124904,17.326646839979336,-18.0,-45.832751853015054,11.171916250516968,-51.29064560760854,16.629810005110457,2,42,7,6
2003-11-19 09:30:00,21,-21.0,-16.548054969875295,17.326646839979336,-18.0,-45.05038902164131,11.954279081890714,-50.50828277623479,17.412172836484203,2,42,7,6
2003-11-19 10:30:00,21,-17.0,-17.619952185504467,17.326646839979336,-22.0,-46.12228623727047,10.882381866261543,-51.580179991863965,16.34027562085503,2,42,7,6
2003-11-19 11:30:00,21,-16.0,-19.162658406708175,17.326646839979336,-27.0,-47.66499245847419,9.339675645057834,-53.12288621306767,14.797569399651323,2,42,7,6
2003-11-19 12:30:00,21,-17.0,-20.68600936631885,17.326646839979336,-26.0,-49.188343418084855,7.81632468544716,-54.64623717267835,13.274218440040649,2,42,7,6
2003-11-19 13:30:00,21,-21.0,-19.399350730619673,17.326646839979336,-26.0,-47.901684782385686,9.102983321146336,-53.35957853697917,14.560877075739825,2,42,7,6
2003-11-19 14:30:00,21,-18.0,-18.40170560152478,17.326646839979336,-25.0,-46.904039653290795,10.100628450241228,-52.36193340788428,15.558522204834716,2,42,7,6
2003-11-19 15:30:00,21,-17.0,-17.130194961799383,17.326646839979336,-21.0,-45.63252901356539,11.372139089966627,-51.09042276815888,16.830032844560115,2,42,7,6
2003-11-19 16:30:00,21,-14.0,-17.85387454415858,17.326646839979336,-17.0,-46.356208595924585,10.64845950760743,-51.81410235051808,16.10635326220092,2,42,7,6
2003-11-19 17:30:00,21,-16.0,-17.222787000951072,17.326646839979336,-16.0,-45.725121052717085,11.279547050814937,-51.18301480731057,16.737440805408426,2,42,7,6
2003-11-19 18:30:00,21,-11.0,-18.064434447810775,17.326646839979336,-17.0,-46.56676849957678,10.437899603955234,-52.02466225417027,15.895793358548723,2,42,7,6
2003-11-19 19:30:00,21,-6.0,-17.978579322915223,17.326646839979336,-21.0,-46.480913374681236,10.523754728850786,-51.93880712927472,15.981648483444275,2,42,7,6
2003-11-19 20:30:00,21,-6.0,-16.023679504574453,17.326646839979336,-18.0,-44.52601355634046,12.478654547191557,-49.98390731093395,17.936548301785045,2,42,7,6
2003-11-19 21:30:00,21,-3.0,-15.503488308087075,17.326646839979336,-17.0,-44.005822359853084,12.998845743678935,-49.46371611444657,18.456739498272423,2,42,7,6
2003-11-19 22:30:00,21,-2.0,-15.317390106753546,17.326646839979336,-14.0,-43.819724158519556,13.184943945012463,-49.27761791311305,18.642837699605952,2,42,7,6
2003-11-19 23:30:00,21,-4.0,-14.848451891330019,17.326646839979336,-16.0,-43.35078594309603,13.653882160435991,-48.80867969768951,19.11177591502948,2,42,7,6
2003-11-20 00:30:00,21,-4.0,-12.821738797708978,17.326646839979336,-11.0,-41.32407284947499,15.680595254057032,-46.78196660406847,21.13848900865052,2,42,7,6
2003-11-20 01:30:00,21,-6.0,-11.787521848366485,17.326646839979336,-6.0,-40.289855900132494,16.714812203399525,-45.74774965472598,22.172705957993013,2,42,7,6
2003-11-20 02:30:00,21,-5.0,-10.661625833062153,17.326646839979336,-6.0,-39.16395988482816,17.840708218703856,-44.62185363942165,23.298601973297345,2,42,7,6
2003-11-20 03:30:00,21,-7.0,-9.438283152903892,17.326646839979336,-3.0,-37.940617204669906,19.064050898862117,-43.39851095926339,24.521944653455606,2,42,7,6
2003-11-20 04:30:00,21,-15.0,-8.393407184077802,17.326646839979336,-2.0,-36.895741235843815,20.108926867688208,-42.3536349904373,25.566820622281696,2,42,7,6
2003-11-20 05:30:00,21,-26.0,-7.670445102059251,17.326646839979336,-4.0,-36.17277915382526,20.83188894970676,-41.630672908418745,26.289782704300247,2,42,7,6
2003-11-20 06:30:00,21,-32.0,-7.72817168395294,17.326646839979336,-4.0,-36.23050573571895,20.77416236781307,-41.688399490312435,26.232056122406558,2,42,7,6
2003-11-20 07:30:00,21,-34.0,-7.302928549370424,17.326646839979336,-6.0,-35.805262601136434,21.199405502395585,-41.26315635572992,26.657299256989074,2,42,7,6
2003-11-20 08:30:00,21,-17.0,-8.563981391662889,17.326646839979336,-5.0,-37.0663154434289,19.93835266010312,-42.52420919802239,25.39624641469661,2,42,7,6
2003-11-20 09:30:00,21,-38.0,-12.52767634239353,17.326646839979336,-7.0,-41.03001039415954,15.97465770937248,-46.48790414875303,21.432551463965968,2,42,7,6
2003-11-20 10:30:00,21,-68.0,-22.321179994402115,17.326646839979336,-15.0,-50.82351404616813,6.181154057363894,-56.28140780076161,11.639047811957383,2,42,7,6
2003-11-20 11:30:00,21,-58.0,-27.841233795013753,17.326646839979336,-26.0,-56.34356784677976,0.6611002567522561,-61.80146160137325,6.118994011345745,2,42,7,6
2003-11-20 12:30:00,21,-49.0,-31.934421172006413,17.326646839979336,-32.0,-60.43675522377242,-3.4320871202404035,-65.89464897836591,2.025806634353085,2,42,7,6
2003-11-20 13:30:00,21,-102.0,-31.920737497641305,17.326646839979336,-34.0,-60.42307154940731,-3.4184034458752954,-65.8809653040008,2.039490308718193,2,42,7,6
2003-11-20 14:30:00,21,-162.0,-27.032843753767196,17.326646839979336,-17.0,-55.53517780553321,1.4694902979988136,-60.993071560126694,6.927384052592302,2,42,7,6
2003-11-20 15:30:00,21,-171.0,-48.8814282292566,17.326646839979336,-38.0,-77.38376228102261,-20.37909417749059,-82.8416560356161,-14.921200422897101,2,42,7,6
2003-11-20 16:30:00,21,-229.0,-40.387959879955005,17.326646839979336,-68.0,-68.89029393172102,-11.885625828188996,-74.3481876863145,-6.427732073595507,2,42,7,6
2003-11-20 17:30:00,21,-329.0,-45.575637396965014,17.326646839979336,-58.0,-74.07797144873102,-17.073303345199005,-79.5358652033245,-11.615409590605516,2,42,7,6
2003-11-20 18:30:00,21,-396.0,-106.39142965554146,17.326646839979336,-49.0,-134.89376370730747,-77.88909560377544,-140.35165746190097,-72.43120184918196,2,42,7,6
2003-11-20 19:30:00,21,-413.0,-148.01339444821076,17.326646839979336,-102.0,-176.51572849997677,-119.51106039644475,-181.97362225457027,-114.05316664185126,2,42,7,6
2003-11-20 20:30:00,21,-422.0,-210.92019082051462,17.326646839979336,-162.0,-239.42252487228063,-182.4178567687486,-244.88041862687413,-176.9599630141551,2,42,7,6
2003-11-20 21:30:00,21,-422.0,-219.03462294218713,17.326646839979336,-171.0,-247.53695699395314,-190.5322888904211,-252.99485074854664,-185.07439513582761,2,42,7,6
2003-11-20 22:30:00,21,-405.0,-210.35634593743669,17.326646839979336,-229.0,-238.8586799892027,-181.85401188567067,-244.3165737437962,-176.39611813107717,2,42,7,6
2003-11-20 23:30:00,21,-343.0,-201.51203199488344,17.326646839979336,-329.0,-230.01436604664946,-173.00969794311743,-235.47225980124296,-167.55180418852393,2,42,7,6
2003-11-21 00:30:00,21,-309.0,-192.3484304007439,17.326646839979336,-396.0,-220.8507644525099,-163.84609634897788,-226.3086582071034,-158.38820259438438,2,42,7,6
2003-11-21 01:30:00,21,-256.0,-182.2866471622312,17.326646839979336,-413.0,-210.7889812139972,-153.78431311046518,-216.2468749685907,-148.32641935587168,2,42,7,6
2003-11-21 02:30:00,21,-230.0,-187.7907210574196,17.326646839979336,-422.0,-216.29305510918562,-159.2883870056536,-221.75094886377912,-153.8304932510601,2,42,7,6
2003-11-21 03:30:00,21,-194.0,-207.33081257794487,17.326646839979336,-422.0,-235.83314662971088,-178.82847852617886,-241.29104038430438,-173.37058477158536,2,42,7,6
2003-11-21 04:30:00,21,-191.0,-230.10578198042816,17.326646839979336,-405.0,-258.6081160321942,-201.60344792866215,-264.0660097867877,-196.14555417406865,2,42,7,6
2003-11-21 05:30:00,21,-185.0,-242.48108067628954,17.326646839979336,-343.0,-270.98341472805555,-213.97874662452352,-276.44130848264905,-208.52085286993002,2,42,7,6
2003-11-21 06:30:00,21,-156.0,-248.8566231262456,17.326646839979336,-309.0,-277.3589571780116,-220.3542890744796,-282.8168509326051,-214.8963953198861,2,42,7,6
2003-11-21 07:30:00,21,-162.0,-236.64850200975417,17.326646839979336,-256.0,-265.1508360615202,-208.14616795798815,-270.6087298161137,-202.68827420339466,2,42,7,6
2003-11-21 08:30:00,21,-162.0,-228.49876519183312,17.326646839979336,-230.0,-257.0010992435991,-199.9964311400671,-262.4589929981926,-194.5385373854736,2,42,7,6
2003-11-21 09:30:00,21,-141.0,-221.71551697138983,17.326646839979336,-194.0,-250.21785102315584,-193.21318291962382,-255.67574477774934,-187.75528916503032,2,42,7,6
2003-11-21 10:30:00,21,-130.0,-224.7065919170861,17.326646839979336,-191.0,-253.2089259688521,-196.20425786532007,-258.6668197234456,-190.74636411072657,2,42,7,6
2003-11-21 11:30:00,21,-122.0,-217.7789053588379,17.326646839979336,-185.0,-246.28123941060392,-189.2765713070719,-251.73913316519742,-183.8186775524784,2,42,7,6
2003-11-21 12:30:00,21,-118.0,-199.78787867631723,17.326646839979336,-156.0,-228.29021272808325,-171.28554462455122,-233.74810648267675,-165.82765086995772,2,42,7,6
2003-11-21 13:30:00,21,-117.0,-189.20127153479075,17.326646839979336,-162.0,-217.70360558655676,-160.69893748302474,-223.16149934115026,-155.24104372843124,2,42,7,6
2003-11-21 14:30:00,21,-110.0,-172.20735875515118,17.326646839979336,-162.0,-200.7096928069172,-143.70502470338516,-206.1675865615107,-138.24713094879166,2,42,7,6
2003-11-21 15:30:00,21,-104.0,-147.22817311387732,17.326646839979336,-141.0,-175.73050716564333,-118.7258390621113,-181.1884009202368,-113.26794530751782,2,42,7,6
2003-11-21 16:30:00,21,-105.0,-123.729659810189,17.326646839979336,-130.0,-152.231993861955,-95.22732575842299,-157.6898876165485,-89.76943200382951,2,42,7,6
2003-11-21 17:30:00,21,-104.0,-109.48065496834883,17.326646839979336,-122.0,-137.98298902011484,-80.97832091658282,-143.4408827747083,-75.52042716198933,2,42,7,6
2003-11-21 18:30:00,21,-92.0,-101.74217922709003,17.326646839979336,-118.0,-130.24451327885603,-73.23984517532402,-135.70240703344953,-67.78195142073054,2,42,7,6
2003-11-21 19:30:00,21,-86.0,-94.0565547448975,17.326646839979336,-117.0,-122.55888879666351,-65.55422069313148,-128.016782551257,-60.096326938538,2,42,7,6
2003-11-21 20:30:00,21,-83.0,-87.88738103073838,17.326646839979336,-110.0,-116.3897150825044,-59.38504697897237,-121.84760883709788,-53.927153224378884,2,42,7,6
2003-11-21 21:30:00,21,-76.0,-85.53550690133227,17.326646839979336,-104.0,-114.03784095309828,-57.033172849566256,-119.49573470769177,-51.57527909497277,2,42,7,6
2003-11-21 22:30:00,21,-69.0,-83.4202239098922,17.326646839979336,-105.0,-111.92255796165821,-54.91788985812619,-117.3804517162517,-49.4599961035327,2,42,7,6
2003-11-21 23:30:00,21,-63.0,-81.59310929244361,17.326646839979336,-104.0,-110.09544334420963,-53.0907752406776,-115.55333709880311,-47.632881486084116,2,42,7,6
2003-11-22 00:30:00,21,-60.0,-76.48217959031624,17.326646839979336,-92.0,-104.98451364208225,-47.97984553855022,-110.44240739667573,-42.52195178395674,2,42,7,6
2003-11-22 01:30:00,21,-71.0,-81.86476595987801,17.326646839979336,-86.0,-110.36710001164403,-53.362431908112,-115.82499376623751,-47.904538153518516,2,42,7,6
2003-11-22 02:30:00,21,-79.0,-69.58079907821106,17.326646839979336,-83.0,-98.08313312997707,-41.078465026445045,-103.54102688457056,-35.62057127185156,2,42,7,6
2003-11-22 03:30:00,21,-74.0,-65.04486081092799,17.326646839979336,-76.0,-93.547194862694,-36.54252675916197,-99.00508861728748,-31.084633004568488,2,42,7,6
2003-11-22 04:30:00,21,-68.0,-59.386407058791704,17.326646839979336,-69.0,-87.88874111055772,-30.884073007025695,-93.3466348651512,-25.426179252432206,2,42,7,6
2003-11-22 05:30:00,21,-70.0,-55.6339124727545,17.326646839979336,-63.0,-84.13624652452052,-27.131578420988493,-89.594140279114,-21.673684666395005,2,42,7,6
2003-11-22 06:30:00,21,-74.0,-54.05987310366213,17.326646839979336,-60.0,-82.56220715542814,-25.557539051896118,-88.02010091002163,-20.09964529730263,2,42,7,6
2003-11-22 07:30:00,21,-69.0,-63.937001190404644,17.326646839979336,-71.0,-92.43933524217066,-35.43466713863863,-97.89722899676414,-29.976773384045146,2,42,7,6
2003-11-22 08:30:00,21,-65.0,-57.610777690145454,17.326646839979336,-79.0,-86.11311174191147,-29.108443638379445,-91.57100549650495,-23.650549883785956,2,42,7,6
2003-11-22 09:30:00,21,-59.0,-54.06197271203074,17.326646839979336,-74.0,-82.56430676379675,-25.559638660264728,-88.02220051839024,-20.10174490567124,2,42,7,6
2003-11-22 10:30:00,21,-50.0,-52.66544453698995,17.326646839979336,-68.0,-81.16777858875597,-24.163110485223942,-86.62567234334945,-18.705216730630454,2,42,7,6
2003-11-22 11:30:00,21,-44.0,-56.98611545447564,17.326646839979336,-70.0,-85.48844950624165,-28.483781402709628,-90.94634326083514,-23.02588764811614,2,42,7,6
2003-11-22 12:30:00,21,-42.0,-58.843526063871764,17.326646839979336,-74.0,-87.34586011563778,-30.341192012105754,-92.80375387023126,-24.883298257512266,2,42,7,6
2003-11-22 13:30:00,21,-40.0,-57.43568690990324,17.326646839979336,-69.0,-85.93802096166925,-28.93335285813723,-91.39591471626274,-23.47545910354374,2,42,7,6
2003-11-22 14:30:00,21,-43.0,-52.254736533506914,17.326646839979336,-65.0,-80.75707058527293,-23.752402481740905,-86.21496433986641,-18.294508727147416,2,42,7,6
2003-11-22 15:30:00,21,-54.0,-49.658279876122805,17.326646839979336,-59.0,-78.16061392788882,-21.155945824356795,-83.6185076824823,-15.698052069763307,2,42,7,6
2003-11-22 16:30:00,21,-63.0,-46.378159228294145,17.326646839979336,-50.0,-74.88049328006015,-17.875825176528135,-80.33838703465364,-12.417931421934647,2,42,7,6
2003-11-22 17:30:00,21,-64.0,-47.13853021429105,17.326646839979336,-44.0,-75.64086426605706,-18.636196162525042,-81.09875802065055,-13.178302407931554,2,42,7,6
2003-11-22 18:30:00,21,-72.0,-41.26731001498703,17.326646839979336,-42.0,-69.76964406675305,-12.764975963221023,-75.22753782134653,-7.307082208627534,2,42,7,6
2003-11-22 19:30:00,21,-85.0,-39.984945457848966,17.326646839979336,-40.0,-68.48727950961498,-11.482611406082956,-73.94517326420846,-6.024717651489468,2,42,7,6
2003-11-22 20:30:00,21,-86.0,-42.3184313413455,17.326646839979336,-43.0,-70.82076539311151,-13.816097289579492,-76.278659147705,-8.358203534986004,2,42,7,6
2003-11-22 21:30:00,21,-83.0,-50.13739187842777,17.326646839979336,-54.0,-78.63972593019378,-21.63505782666176,-84.09761968478728,-16.177164072068273,2,42,7,6
2003-11-22 22:30:00,21,-87.0,-60.98210022021581,17.326646839979336,-63.0,-89.48443427198183,-32.4797661684498,-94.94232802657531,-27.021872413856315,2,42,7,6
2003-11-22 23:30:00,21,-86.0,-67.30362087369097,17.326646839979336,-64.0,-95.80595492545699,-38.80128682192496,-101.26384868005047,-33.343393067331476,2,42,7,6
2003-11-23 00:30:00,21,-79.0,-68.73827890257164,17.326646839979336,-72.0,-97.24061295433765,-40.23594485080562,-102.69850670893113,-34.77805109621214,2,42,7,6
2003-11-23 01:30:00,21,-69.0,-66.5658327509797,17.326646839979336,-85.0,-95.06816680274571,-38.06349869921368,-100.52606055733919,-32.6056049446202,2,42,7,6
2003-11-23 02:30:00,21,-65.0,-70.79268934908598,17.326646839979336,-86.0,-99.29502340085199,-42.29035529731996,-104.75291715544547,-36.83246154272648,2,42,7,6
2003-11-23 03:30:00,21,-73.0,-67.43170618289872,17.326646839979336,-83.0,-95.93404023466474,-38.92937213113271,-101.39193398925822,-33.471478376539224,2,42,7,6
2003-11-23 04:30:00,21,-74.0,-69.26669950601091,17.326646839979336,-87.0,-97.76903355777692,-40.764365454244896,-103.2269273123704,-35.30647169965141,2,42,7,6
2003-11-23 05:30:00,21,-74.0,-65.73757749397173,17.326646839979336,-86.0,-94.23991154573774,-37.235243442205714,-99.69780530033123,-31.77734968761223,2,42,7,6
2003-11-23 06:30:00,21,-66.0,-62.429831933188,17.326646839979336,-79.0,-90.93216598495401,-33.927497881421985,-96.3900597395475,-28.4696041268285,2,42,7,6
2003-11-23 07:30:00,21,-70.0,-59.14404372257243,17.326646839979336,-69.0,-87.64637777433843,-30.641709670806417,-93.10427152893192,-25.18381591621293,2,42,7,6
2003-11-23 08:30:00,21,-71.0,-57.643580333924106,17.326646839979336,-65.0,-86.14591438569012,-29.141246282158097,-91.6038081402836,-23.683352527564608,2,42,7,6
2003-11-23 09:30:00,21,-66.0,-57.77299715818709,17.326646839979336,-73.0,-86.2753312099531,-29.27066310642108,-91.7332249645466,-23.81276935182759,2,42,7,6
2003-11-23 10:30:00,21,-59.0,-65.54486656113332,17.326646839979336,-74.0,-94.04720061289933,-37.042532509367305,-99.50509436749282,-31.58463875477382,2,42,7,6
2003-11-23 11:30:00,21,-51.0,-61.73105559181864,17.326646839979336,-74.0,-90.23338964358464,-33.22872154005263,-95.69128339817814,-27.77082778545914,2,42,7,6
2003-11-23 12:30:00,21,-46.0,-58.565832734917535,17.326646839979336,-66.0,-87.06816678668355,-30.063498683151526,-92.52606054127703,-24.605604928558037,2,42,7,6
2003-11-23 13:30:00,21,-49.0,-55.87860308571972,17.326646839979336,-70.0,-84.38093713748573,-27.376269033953708,-89.83883089207922,-21.91837527936022,2,42,7,6
2003-11-23 14:30:00,21,-41.0,-56.06350660299246,17.326646839979336,-71.0,-84.56584065475847,-27.561172551226452,-90.02373440935196,-22.103278796632964,2,42,7,6
2003-11-23 15:30:00,21,-38.0,-55.19651782599263,17.326646839979336,-66.0,-83.69885187775864,-26.69418377422662,-89.15674563235213,-21.23629001963313,2,42,7,6
2003-11-23 16:30:00,21,-35.0,-52.57577539185415,17.326646839979336,-59.0,-81.07810944362016,-24.07344134008814,-86.53600319821365,-18.615547585494653,2,42,7,6
2003-11-23 17:30:00,21,-33.0,-49.82922203260053,17.326646839979336,-51.0,-78.33155608436654,-21.326887980834524,-83.78944983896002,-15.868994226241036,2,42,7,6
2003-11-23 18:30:00,21,-35.0,-47.70016510433262,17.326646839979336,-46.0,-76.20249915609863,-19.19783105256661,-81.66039291069211,-13.739937297973121,2,42,7,6
2003-11-23 19:30:00,21,-38.0,-48.50738633292491,17.326646839979336,-49.0,-77.00972038469092,-20.0050522811589,-82.46761413928441,-14.547158526565411,2,42,7,6
2003-11-23 20:30:00,21,-46.0,-45.832376036483524,17.326646839979336,-41.0,-74.33471008824954,-17.330041984717514,-79.79260384284302,-11.872148230124026,2,42,7,6
2003-11-23 21:30:00,21,-47.0,-43.637619533754574,17.326646839979336,-38.0,-72.13995358552059,-15.135285481988564,-77.59784734011407,-9.677391727395076,2,42,7,6
2003-11-23 22:30:00,21,-41.0,-41.6976417677707,17.326646839979336,-35.0,-70.1999758195367,-13.195307716004688,-75.65786957413019,-7.7374139614112,2,42,7,6
2003-11-23 23:30:00,21,-36.0,-40.44877895730729,17.326646839979336,-33.0,-68.9511130090733,-11.94644490554128,-74.40900676366678,-6.488551150947792,2,42,7,6
2003-11-24 00:30:00,21,-32.0,-40.588341397364616,17.326646839979336,-35.0,-69.09067544913063,-12.086007345598606,-74.54856920372411,-6.628113591005118,2,42,7,6
2003-11-24 01:30:00,21,-33.0,-43.06865671154807,17.326646839979336,-38.0,-71.57099076331409,-14.566322659782063,-77.02888451790757,-9.108428905188575,2,42,7,6
2003-11-24 02:30:00,21,-30.0,-47.51001371597863,17.326646839979336,-46.0,-76.01234776774464,-19.00767966421262,-81.47024152233813,-13.549785909619132,2,42,7,6
2003-11-24 03:30:00,21,-29.0,-43.13709923001969,17.326646839979336,-47.0,-71.6394332817857,-14.634765178253684,-77.0973270363792,-9.176871423660195,2,42,7,6
2003-11-24 04:30:00,21,-29.0,-40.383881396448174,17.326646839979336,-41.0,-68.88621544821419,-11.881547344682165,-74.34410920280767,-6.423653590088676,2,42,7,6
2003-11-24 05:30:00,21,-30.0,-38.458159350373435,17.326646839979336,-36.0,-66.96049340213945,-9.955825298607426,-72.41838715673293,-4.497931544013937,2,42,7,6
2003-11-24 06:30:00,21,-30.0,-37.02888429880804,17.326646839979336,-32.0,-65.53121835057405,-8.526550247042028,-70.98911210516754,-3.0686564924485396,2,42,7,6
2003-11-24 07:30:00,21,-29.0,-36.226488087530534,17.326646839979336,-33.0,-64.72882213929654,-7.724154035764524,-70.18671589389004,-2.2662602811710357,2,42,7,6
2003-11-24 08:30:00,21,-27.0,-34.68068696339013,17.326646839979336,-30.0,-63.18302101515614,-6.1783529116241205,-68.64091476974963,-0.720459157030632,2,42,7,6
2003-11-24 09:30:00,21,-29.0,-33.82172205939045,17.326646839979336,-29.0,-62.324056111156466,-5.319388007624443,-67.78194986574995,0.13850574696904516,2,42,7,6
2003-11-24 10:30:00,21,-28.0,-33.18433335546402,17.326646839979336,-29.0,-61.68666740723003,-4.68199930369801,-67.14456116182352,0.7758944508954784,2,42,7,6
2003-11-24 11:30:00,21,-28.0,-33.17722648009474,17.326646839979336,-30.0,-61.679560531860744,-4.674892428328729,-67.13745428645424,0.7830013262647597,2,42,7,6
2003-11-24 12:30:00,21,-26.0,-32.9470523133243,17.326646839979336,-30.0,-61.449386365090305,-4.44471826155829,-66.9072801196838,1.0131754930351988,2,42,7,6
2003-11-24 13:30:00,21,-27.0,-32.52733114300204,17.326646839979336,-29.0,-61.02966519476804,-4.024997091236028,-66.48755894936153,1.432896663357461,2,42,7,6
2003-11-24 14:30:00,21,-27.0,-31.547090858909122,17.326646839979336,-27.0,-60.04942491067513,-3.044756807143113,-65.50731866526863,2.4131369474503757,2,42,7,6
2003-11-24 15:30:00,21,-26.0,-30.737987916683082,17.326646839979336,-29.0,-59.240321968449095,-2.2356538649170723,-64.69821572304258,3.222239889676416,2,42,7,6
2003-11-24 16:30:00,21,-23.0,-30.605620314777184,17.326646839979336,-28.0,-59.1079543665432,-2.1032862630111744,-64.56584812113668,3.354607491582314,2,42,7,6
2003-11-24 17:30:00,21,-27.0,-29.785966438054754,17.326646839979336,-28.0,-58.28830048982076,-1.283632386288744,-63.746194244414255,4.1742613683047445,2,42,7,6
2003-11-24 18:30:00,21,-28.0,-29.252337345564147,17.326646839979336,-26.0,-57.754671397330156,-0.7500032937981373,-63.21256515192364,4.707890460795351,2,42,7,6
2003-11-24 19:30:00,21,-26.0,-30.276224704665985,17.326646839979336,-27.0,-58.77855875643199,-1.7738906528999756,-64.23645251102548,3.684003101693513,2,42,7,6
2003-11-24 20:30:00,21,-31.0,-30.554463057917435,17.326646839979336,-27.0,-59.056797109683444,-2.052129006151425,-64.51469086427693,3.4057647484420634,2,42,7,6
2003-11-24 21:30:00,21,-32.0,-28.731450495701626,17.326646839979336,-26.0,-57.233784547467636,-0.2291164439356166,-62.69167830206112,5.228777310657872,2,42,7,6
2003-11-24 22:30:00,21,-33.0,-29.0148516318529,17.326646839979336,-23.0,-57.517185683618905,-0.5125175800868895,-62.9750794382124,4.945376174506599,2,42,7,6
2003-11-24 23:30:00,21,-28.0,-28.744589145769517,17.326646839979336,-27.0,-57.24692319753552,-0.2422550940035073,-62.704816952129015,5.215638660589981,2,42,7,6
2003-11-25 00:30:00,21,-27.0,-29.650703538299915,17.326646839979336,-28.0,-58.15303759006592,-1.1483694865339054,-63.61093134465941,4.309524268059583,2,42,7,6
2003-11-25 01:30:00,21,-27.0,-29.68912717633375,17.326646839979336,-26.0,-58.191461228099755,-1.186793124567739,-63.64935498269325,4.2711006300257495,2,42,7,6
2003-11-25 02:30:00,21,-27.0,-31.39513946465266,17.326646839979336,-31.0,-59.89747351641867,-2.892805412886652,-65.35536727101216,2.5650883417068364,2,42,7,6
2003-11-25 03:30:00,21,-25.0,-29.79510968057673,17.326646839979336,-32.0,-58.29744373234274,-1.2927756288107197,-63.75533748693623,4.165118125782769,2,42,7,6
2003-11-25 04:30:00,21,-28.0,-29.759091508428515,17.326646839979336,-33.0,-58.261425560194525,-1.2567574566625055,-63.71931931478801,4.201136297930983,2,42,7,6
2003-11-25 05:30:00,21,-35.0,-30.003968682980695,17.326646839979336,-28.0,-58.506302734746704,-1.501634631214685,-63.964196489340196,3.9562591233788034,2,42,7,6
2003-11-25 06:30:00,21,-33.0,-30.06325962258824,17.326646839979336,-27.0,-58.56559367435425,-1.5609255708222314,-64.02348742894773,3.896968183771257,2,42,7,6
2003-11-25 07:30:00,21,-28.0,-31.22343237692235,17.326646839979336,-27.0,-59.72576642868836,-2.7210983251563405,-65.18366018328184,2.736795429437148,2,42,7,6
2003-11-25 08:30:00,21,-26.0,-29.75864307071561,17.326646839979336,-27.0,-58.26097712248162,-1.256309018949601,-63.718870877075105,4.201584735643888,2,42,7,6
2003-11-25 09:30:00,21,-31.0,-29.242759175952674,17.326646839979336,-25.0,-57.745093227718684,-0.7404251241866646,-63.20298698231217,4.717468630406824,2,42,7,6
2003-11-25 10:30:00,21,-26.0,-32.0950413559354,17.326646839979336,-28.0,-60.597375407701406,-3.592707304169391,-66.0552691622949,1.8651864504240976,2,42,7,6
2003-11-25 11:30:00,21,-23.0,-30.495680922637987,17.326646839979336,-35.0,-58.998014974404,-1.993346870871978,-64.45590872899749,3.4645468837215105,2,42,7,6
2003-11-25 12:30:00,21,-22.0,-30.122065904513768,17.326646839979336,-33.0,-58.624399956279774,-1.6197318527477584,-64.08229371087327,3.83816190184573,2,42,7,6
2003-11-25 13:30:00,21,-21.0,-29.079157024962925,17.326646839979336,-28.0,-57.58149107672894,-0.576822973196915,-63.03938483132242,4.8810707813965735,2,42,7,6
2003-11-25 14:30:00,21,-20.0,-28.33917960634046,17.326646839979336,-26.0,-56.841513658106464,0.16315444542555113,-62.299407412699956,5.62104820001904,2,42,7,6
2003-11-25 15:30:00,21,-23.0,-27.86678209640599,17.326646839979336,-31.0,-56.369116148172,0.6355519553600182,-61.82700990276549,6.093445709953507,2,42,7,6
2003-11-25 16:30:00,21,-24.0,-27.13247396533087,17.326646839979336,-26.0,-55.63480801709688,1.3698600864351391,-61.09270177169037,6.827753841028628,2,42,7,6
2003-11-25 17:30:00,21,-25.0,-26.117691041641237,17.326646839979336,-23.0,-54.62002509340725,2.3846430101247726,-60.077918848000735,7.842536764718261,2,42,7,6
2003-11-25 18:30:00,21,-23.0,-25.401576258546612,17.326646839979336,-22.0,-53.903910310312625,3.1007577932193975,-59.36180406490611,8.558651547812886,2,42,7,6
2003-11-25 19:30:00,21,-17.0,-24.892490219575155,17.326646839979336,-21.0,-53.394824271341164,3.6098438321908546,-58.85271802593465,9.067737586784343,2,42,7,6
2003-11-25 20:30:00,21,-14.0,-25.311697842478125,17.326646839979336,-20.0,-53.81403189424414,3.1906362092878844,-59.27192564883762,8.648529963881373,2,42,7,6
2003-11-25 21:30:00,21,-12.0,-28.466171992353047,17.326646839979336,-23.0,-56.96850604411905,0.03616205941296258,-62.426399798712545,5.494055814006451,2,42,7,6
2003-11-25 22:30:00,21,-14.0,-24.16510872640394,17.326646839979336,-24.0,-52.66744277816995,4.33722532536207,-58.12533653276344,9.795119079955558,2,42,7,6
2003-11-25 23:30:00,21,-19.0,-24.012635304656044,17.326646839979336,-25.0,-52.51496935642206,4.489698747109966,-57.97286311101554,9.947592501703454,2,42,7,6
2003-11-26 00:30:00,21,-19.0,-23.384214241079874,17.326646839979336,-23.0,-51.88654829284589,5.118119810686135,-57.34444204743937,10.576013565279624,2,42,7,6
2003-11-26 01:30:00,21,-21.0,-22.609779558502183,17.326646839979336,-17.0,-51.112113610268196,5.892554493263827,-56.57000736486168,11.350448247857315,2,42,7,6
2003-11-26 02:30:00,21,-23.0,-21.466126559607215,17.326646839979336,-14.0,-49.968460611373224,7.036207492158795,-55.426354365966716,12.494101246752283,2,42,7,6
2003-11-26 03:30:00,21,-23.0,-20.702841878316733,17.326646839979336,-12.0,-49.205175930082746,7.799492173449277,-54.66306968467623,13.257385928042765,2,42,7,6
2003-11-26 04:30:00,21,-22.0,-23.58441523356403,17.326646839979336,-14.0,-52.08674928533004,4.917918818201979,-57.54464303992353,10.375812572795468,2,42,7,6
2003-11-26 05:30:00,21,-21.0,-22.536982019934108,17.326646839979336,-19.0,-51.039316071700114,5.965352031831902,-56.497209826293606,11.42324578642539,2,42,7,6
2003-11-26 06:30:00,21,-23.0,-21.797197774480278,17.326646839979336,-19.0,-50.29953182624629,6.705136277285732,-55.75742558083978,12.16303003187922,2,42,7,6
2003-11-26 07:30:00,21,-24.0,-22.53879876759151,17.326646839979336,-21.0,-51.041132819357514,5.963535284174501,-56.49902657395101,11.42142903876799,2,42,7,6
2003-11-26 08:30:00,21,-20.0,-20.668877895845696,17.326646839979336,-23.0,-49.17121194761171,7.833456155920313,-54.629105702205194,13.291349910513802,2,42,7,6
2003-11-26 09:30:00,21,-19.0,-19.566014331380195,17.326646839979336,-23.0,-48.0683483831462,8.936319720385814,-53.52624213773969,14.394213474979303,2,42,7,6
2003-11-26 10:30:00,21,-17.0,-19.409788980767686,17.326646839979336,-22.0,-47.9121230325337,9.092545070998323,-53.370016787127184,14.550438825591812,2,42,7,6
2003-11-26 11:30:00,21,-12.0,-18.35657552000248,17.326646839979336,-21.0,-46.85890957176849,10.14575853176353,-52.31680332636198,15.603652286357018,2,42,7,6
2003-11-26 12:30:00,21,-12.0,-18.053348837579776,17.326646839979336,-23.0,-46.55568288934579,10.448985214186234,-52.013576643939274,15.906878968779722,2,42,7,6
2003-11-26 13:30:00,21,-20.0,-18.490337590719463,17.326646839979336,-24.0,-46.992671642485476,10.011996461046547,-52.45056539707896,15.469890215640035,2,42,7,6
2003-11-26 14:30:00,21,-20.0,-17.44117271761356,17.326646839979336,-20.0,-45.94350676937957,11.061161334152448,-51.40140052397306,16.519055088745937,2,42,7,6
2003-11-26 15:30:00,21,-16.0,-17.087732509748705,17.326646839979336,-19.0,-45.59006656151472,11.414601542017305,-51.0479603161082,16.872495296610794,2,42,7,6
2003-11-26 16:30:00,21,-22.0,-16.557485959929714,17.326646839979336,-17.0,-45.05982001169572,11.944848091836295,-50.51771376628921,17.402741846429784,2,42,7,6
2003-11-26 17:30:00,21,-22.0,-15.82290129226497,17.326646839979336,-12.0,-44.32523534403098,12.67943275950104,-49.78312909862447,18.13732651409453,2,42,7,6
2003-11-26 18:30:00,21,-19.0,-16.788731490389885,17.326646839979336,-12.0,-45.29106554215589,11.713602561376124,-50.74895929674938,17.171496315969613,2,42,7,6
2003-11-26 19:30:00,21,-17.0,-17.169771314723434,17.326646839979336,-20.0,-45.67210536648945,11.332562737042576,-51.12999912108293,16.790456491636064,2,42,7,6
2003-11-26 20:30:00,21,-13.0,-16.5743403188931,17.326646839979336,-20.0,-45.076674370659106,11.92799373287291,-50.5345681252526,17.3858874874664,2,42,7,6
2003-11-26 21:30:00,21,-12.0,-17.38640122526386,17.326646839979336,-16.0,-45.888735277029866,11.11593282650215,-51.34662903162336,16.573826581095638,2,42,7,6
2003-11-26 22:30:00,21,-15.0,-16.611493958327188,17.326646839979336,-22.0,-45.1138280100932,11.890840093438822,-50.571721764686686,17.34873384803231,2,42,7,6
2003-11-26 23:30:00,21,-15.0,-17.53467313059395,17.326646839979336,-22.0,-46.03700718235996,10.967660921172058,-51.49490093695345,16.425554675765547,2,42,7,6
2003-11-27 00:30:00,21,-14.0,-18.406318760766226,17.326646839979336,-19.0,-46.90865281253224,10.096015290999784,-52.366546567125724,15.553909045593272,2,42,7,6
2003-11-27 01:30:00,21,-13.0,-17.1822505313853,17.326646839979336,-17.0,-45.684584583151306,11.32008352038071,-51.1424783377448,16.777977274974198,2,42,7,6
2003-11-27 02:30:00,21,-16.0,-16.538784957461406,17.326646839979336,-13.0,-45.041119009227415,11.963549094304604,-50.4990127638209,17.421442848898092,2,42,7,6
2003-11-27 03:30:00,21,-17.0,-16.307457788340677,17.326646839979336,-12.0,-44.80979184010668,12.194876263425332,-50.267685594700175,17.65277001801882,2,42,7,6
2003-11-27 04:30:00,21,-14.0,-17.867866950641414,17.326646839979336,-15.0,-46.37020100240743,10.634467101124596,-51.82809475700091,16.092360855718084,2,42,7,6
2003-11-27 05:30:00,21,-14.0,-16.776716809204977,17.326646839979336,-15.0,-45.27905086097098,11.725617242561032,-50.736944615564475,17.18351099715452,2,42,7,6
2003-11-27 06:30:00,21,-13.0,-15.439291574884408,17.326646839979336,-14.0,-43.94162562665042,13.063042476881602,-49.399519381243906,18.52093623147509,2,42,7,6
2003-11-27 07:30:00,21,-12.0,-15.098951497437746,17.326646839979336,-13.0,-43.60128554920375,13.403382554328264,-49.059179303797244,18.861276308921752,2,42,7,6
2003-11-27 08:30:00,21,-10.0,-15.190141881276542,17.326646839979336,-16.0,-43.69247593304255,13.312192170489467,-49.150369687636044,18.770085925082956,2,42,7,6
2003-11-27 09:30:00,21,-9.0,-15.360292947635099,17.326646839979336,-17.0,-43.86262699940111,13.14204110413091,-49.3205207539946,18.5999348587244,2,42,7,6
2003-11-27 10:30:00,21,-5.0,-14.926073009912514,17.326646839979336,-14.0,-43.42840706167853,13.576261041853495,-48.88630081627201,19.034154796446984,2,42,7,6
2003-11-27 11:30:00,21,-4.0,-14.839246269972339,17.326646839979336,-14.0,-43.34158032173835,13.66308778179367,-48.79947407633183,19.12098153638716,2,42,7,6
2003-11-27 12:30:00,21,-5.0,-14.460323301611748,17.326646839979336,-13.0,-42.96265735337776,14.042010750154262,-48.42055110797125,19.49990450474775,2,42,7,6
2003-11-27 13:30:00,21,-11.0,-13.528568620465947,17.326646839979336,-12.0,-42.03090267223196,14.973765431300063,-47.488796426825445,20.43165918589355,2,42,7,6
2003-11-27 14:30:00,21,-12.0,-12.890837300065755,17.326646839979336,-10.0,-41.39317135183177,15.611496751700255,-46.85106510642525,21.069390506293743,2,42,7,6
2003-11-27 15:30:00,21,-10.0,-12.46697627351121,17.326646839979336,-9.0,-40.96931032527722,16.0353577782548,-46.427204079870705,21.493251532848287,2,42,7,6
2003-11-27 16:30:00,21,-10.0,-12.046199118613082,17.326646839979336,-5.0,-40.54853317037909,16.456134933152928,-46.00642692497258,21.914028687746416,2,42,7,6
2003-11-27 17:30:00,21,-9.0,-11.372084551772762,17.326646839979336,-4.0,-39.87441860353877,17.130249499993248,-45.332312358132256,22.588143254586736,2,42,7,6
2003-11-27 18:30:00,21,-7.0,-11.568325494299906,17.326646839979336,-5.0,-40.07065954606591,16.934008557466104,-45.528553300659404,22.391902312059592,2,42,7,6
2003-11-27 19:30:00,21,-7.0,-11.971077752819944,17.326646839979336,-11.0,-40.47341180458595,16.531256298946065,-45.93130555917944,21.989150053539554,2,42,7,6
2003-11-27 20:30:00,21,-10.0,-11.01286064725176,17.326646839979336,-12.0,-39.51519469901777,17.48947340451425,-44.973088453611254,22.94736715910774,2,42,7,6
2003-11-27 21:30:00,21,-7.0,-10.654910765771515,17.326646839979336,-10.0,-39.157244817537524,17.847423285994495,-44.615138572131016,23.305317040587983,2,42,7,6
2003-11-27 22:30:00,21,-4.0,-10.34350411952936,17.326646839979336,-10.0,-38.84583817129537,18.15882993223665,-44.303731925888854,23.616723686830138,2,42,7,6
2003-11-27 23:30:00,21,-1.0,-9.578181921245896,17.326646839979336,-9.0,-38.080515973011906,18.924152130520113,-43.5384097276054,24.3820458851136,2,42,7,6
2003-11-28 00:30:00,21,-1.0,-8.897961702468368,17.326646839979336,-7.0,-37.40029575423438,19.60437234929764,-42.85818950882786,25.06226610389113,2,42,7,6
2003-11-28 01:30:00,21,-6.0,-10.305998628966684,17.326646839979336,-7.0,-38.80833268073269,18.196335422799326,-44.26622643532618,23.654229177392814,2,42,7,6
2003-11-28 02:30:00,21,-7.0,-8.837153548598835,17.326646839979336,-10.0,-37.33948760036485,19.665180503167175,-42.79738135495833,25.123074257760663,2,42,7,6
2003-11-28 03:30:00,21,-10.0,-8.035735563947615,17.326646839979336,-7.0,-36.538069615713624,20.466598487818395,-41.99596337030711,25.924492242411883,2,42,7,6
2003-11-28 04:30:00,21,-9.0,-7.637414789903282,17.326646839979336,-4.0,-36.13974884166929,20.864919261862727,-41.59764259626278,26.322813016456216,2,42,7,6
2003-11-28 05:30:00,21,-7.0,-6.45546636016676,17.326646839979336,-1.0,-34.957800411932766,22.04686769159925,-40.41569416652626,27.504761446192738,2,42,7,6
2003-11-28 06:30:00,21,-7.0,-5.812047929694735,17.326646839979336,-1.0,-34.31438198146074,22.690286122071274,-39.77227573605423,28.148179876664763,2,42,7,6
2003-11-28 07:30:00,21,-9.0,-9.519310098423869,17.326646839979336,-6.0,-38.02164415018988,18.98302395334214,-43.47953790478337,24.44091770793563,2,42,7,6
2003-11-28 08:30:00,21,-9.0,-6.8337615157292895,17.326646839979336,-7.0,-35.3360955674953,21.66857253603672,-40.79398932208879,27.12646629063021,2,42,7,6
2003-11-28 09:30:00,21,-7.0,-7.555760031585244,17.326646839979336,-10.0,-36.05809408335125,20.946574020180766,-41.51598783794474,26.404467774774254,2,42,7,6
2003-11-28 10:30:00,21,-3.0,-5.802062716620782,17.326646839979336,-9.0,-34.304396768386795,22.700271335145228,-39.76229052298028,28.158165089738716,2,42,7,6
2003-11-28 11:30:00,21,-3.0,-5.46153751488751,17.326646839979336,-7.0,-33.96387156665352,23.0407965368785,-39.42176532124701,28.498690291471988,2,42,7,6
2003-11-28 12:30:00,21,-7.0,-5.76185280169722,17.326646839979336,-7.0,-34.26418685346323,22.74048125006879,-39.722080608056714,28.198375004662278,2,42,7,6
2003-11-28 13:30:00,21,-10.0,-6.800167781831469,17.326646839979336,-9.0,-35.302501833597475,21.70216626993454,-40.76039558819097,27.16006002452803,2,42,7,6
2003-11-28 14:30:00,21,-11.0,-6.574389741947833,17.326646839979336,-9.0,-35.07672379371384,21.927944309818177,-40.53461754830733,27.385838064411665,2,42,7,6
2003-11-28 15:30:00,21,-8.0,-6.48517823324725,17.326646839979336,-7.0,-34.98751228501326,22.01715581851876,-40.44540603960675,27.475049573112248,2,42,7,6
2003-11-28 16:30:00,21,-6.0,-5.760847841284203,17.326646839979336,-3.0,-34.263181893050216,22.741486210481806,-39.7210756476437,28.199379965075295,2,42,7,6
2003-11-28 17:30:00,21,-8.0,-7.994288420872561,17.326646839979336,-3.0,-36.49662247263857,20.50804563089345,-41.95451622723206,25.965939385486937,2,42,7,6
2003-11-28 18:30:00,21,-10.0,-16.676466833725264,17.326646839979336,-7.0,-45.17880088549127,11.825867218040745,-50.63669464008476,17.283760972634234,2,42,7,6
2003-11-28 19:30:00,21,-6.0,-14.048013570605445,17.326646839979336,-10.0,-42.550347622371454,14.454320481160565,-48.008241376964946,19.912214235754053,2,42,7,6
2003-11-28 20:30:00,21,-4.0,-7.449383707043115,17.326646839979336,-11.0,-35.951717758809124,21.052950344722895,-41.40961151340261,26.510844099316383,2,42,7,6
2003-11-28 21:30:00,21,-4.0,-6.297395515889615,17.326646839979336,-8.0,-34.799729567655625,22.204938535876394,-40.25762332224912,27.662832290469883,2,42,7,6
2003-11-28 22:30:00,21,-2.0,-6.620804195073497,17.326646839979336,-6.0,-35.1231382468395,21.881529856692513,-40.581032001432995,27.339423611286,2,42,7,6
2003-11-28 23:30:00,21,-2.0,-6.75609900289637,17.326646839979336,-8.0,-35.258433054662376,21.74623504886964,-40.71632680925587,27.204128803463128,2,42,7,6
2003-11-29 00:30:00,21,-1.0,-6.288350872172465,17.326646839979336,-10.0,-34.79068492393847,22.213983179593544,-40.24857867853196,27.671876934187033,2,42,7,6
2003-11-29 01:30:00,21,-6.0,-5.772672798821347,17.326646839979336,-6.0,-34.27500685058736,22.729661252944663,-39.732900605180845,28.18755500753815,2,42,7,6
2003-11-29 02:30:00,21,-13.0,-4.920266296372862,17.326646839979336,-4.0,-33.42260034813887,23.582067755393147,-38.88049410273236,29.039961509986636,2,42,7,6
2003-11-29 03:30:00,21,-11.0,-4.600217450514876,17.326646839979336,-4.0,-33.10255150228089,23.902116601251134,-38.560445256874374,29.360010355844622,2,42,7,6
2003-11-29 04:30:00,21,-9.0,-4.268012493116377,17.326646839979336,-2.0,-32.770346544882386,24.234321558649633,-38.22824029947587,29.69221531324312,2,42,7,6
2003-11-29 05:30:00,21,-7.0,-3.5823650281724433,17.326646839979336,-2.0,-32.08469907993845,24.919969023593566,-37.542592834531945,30.377862778187055,2,42,7,6
2003-11-29 06:30:00,21,-7.0,-3.7938643513411563,17.326646839979336,-1.0,-32.29619840310717,24.708469700424853,-37.754092157700654,30.16636345501834,2,42,7,6
2003-11-29 07:30:00,21,-9.0,-13.59389564667319,17.326646839979336,-6.0,-42.0962296984392,14.90843840509282,-47.55412345303269,20.36633215968631,2,42,7,6
2003-11-29 08:30:00,21,-12.0,-8.659657302471,17.326646839979336,-13.0,-37.16199135423701,19.84267674929501,-42.6198851088305,25.300570503888498,2,42,7,6
2003-11-29 09:30:00,21,-11.0,-5.819751859634337,17.326646839979336,-11.0,-34.32208591140035,22.682582192131672,-39.779979665993835,28.14047594672516,2,42,7,6
2003-11-29 10:30:00,21,-11.0,-4.892946091094515,17.326646839979336,-9.0,-33.39528014286053,23.609387960671494,-38.85317389745401,29.067281715264983,2,42,7,6
2003-11-29 11:30:00,21,-9.0,-4.1015202185589885,17.326646839979336,-7.0,-32.603854270325,24.40081383320702,-38.06174802491849,29.85870758780051,2,42,7,6
2003-11-29 12:30:00,21,-7.0,-4.598278819786792,17.326646839979336,-7.0,-33.1006128715528,23.904055231979218,-38.55850662614629,29.361948986572706,2,42,7,6
2003-11-29 13:30:00,21,-8.0,-6.7370668464246855,17.326646839979336,-9.0,-35.239400898190695,21.765267205341324,-40.69729465278418,27.223160959934813,2,42,7,6
2003-11-29 14:30:00,21,-7.0,-8.91563934707903,17.326646839979336,-12.0,-37.417973398845035,19.58669470468698,-42.87586715343853,25.04458845928047,2,42,7,6
2003-11-29 15:30:00,21,-4.0,-6.61674295917101,17.326646839979336,-11.0,-35.11907701093702,21.885591092595,-40.576970765530504,27.34348484718849,2,42,7,6
2003-11-29 16:30:00,21,-5.0,-6.141267901701713,17.326646839979336,-11.0,-34.64360195346772,22.361066150064296,-40.10149570806121,27.818959904657785,2,42,7,6
2003-11-29 17:30:00,21,-4.0,-6.8652602406196515,17.326646839979336,-9.0,-35.36759429238566,21.637073811146358,-40.825488046979146,27.094967565739847,2,42,7,6
2003-11-29 18:30:00,21,-5.0,-7.431448498207608,17.326646839979336,-7.0,-35.933782549973614,21.0708855535584,-41.391676304567106,26.52877930815189,2,42,7,6
2003-11-29 19:30:00,21,-3.0,-5.691592960648055,17.326646839979336,-8.0,-34.193927012414065,22.810741091117954,-39.65182076700755,28.268634845711443,2,42,7,6
2003-11-29 20:30:00,21,0.0,-5.01590081293055,17.326646839979336,-7.0,-33.51823486469656,23.48643323883546,-38.97612861929005,28.944326993428948,2,42,7,6
2003-11-29 21:30:00,21,1.0,-4.389320643657857,17.326646839979336,-4.0,-32.89165469542387,24.113013408108152,-38.34954845001735,29.57090716270164,2,42,7,6
2003-11-29 22:30:00,21,-1.0,-3.732943513123253,17.326646839979336,-5.0,-32.23527756488926,24.769390538642757,-37.69317131948275,30.227284293236245,2,42,7,6
2003-11-29 23:30:00,21,2.0,-4.974368581674074,17.326646839979336,-4.0,-33.476702633440084,23.527965470091935,-38.93459638803357,28.985859224685424,2,42,7,6
2003-11-30 00:30:00,21,1.0,-4.86960893257897,17.326646839979336,-5.0,-33.37194298434498,23.63272511918704,-38.82983673893847,29.090618873780528,2,42,7,6
2003-11-30 01:30:00,21,0.0,-2.9165362104582044,17.326646839979336,-3.0,-31.418870262224214,25.585797841307805,-36.8767640168177,31.043691595901294,2,42,7,6
2003-11-30 02:30:00,21,-4.0,-2.5298909147133806,17.326646839979336,0.0,-31.03222496647939,25.97244313705263,-36.490118721072875,31.430336891646117,2,42,7,6
2003-11-30 03:30:00,21,1.0,-2.4687838023685806,17.326646839979336,1.0,-30.97111785413459,26.03355024939743,-36.429011608728075,31.491444003990917,2,42,7,6
2003-11-30 04:30:00,21,12.0,-2.195204601970154,17.326646839979336,-1.0,-30.697538653736164,26.307129449795855,-36.15543240832965,31.765023204389344,2,42,7,6
2003-11-30 05:30:00,21,16.0,-1.8660467213388081,17.326646839979336,2.0,-30.368380773104818,26.6362873304272,-35.8262745276983,32.09418108502069,2,42,7,6
2003-11-30 06:30:00,21,19.0,-2.490437594700307,17.326646839979336,1.0,-30.992771646466316,26.011896457065703,-36.45066540105981,31.46979021165919,2,42,7,6
2003-11-30 07:30:00,21,22.0,-3.0860433662546427,17.326646839979336,0.0,-31.588377418020652,25.416290685511367,-37.04627117261414,30.874184440104855,2,42,7,6
2003-11-30 08:30:00,21,23.0,-3.856093707808501,17.326646839979336,-4.0,-32.35842775957451,24.64624034395751,-37.816321514167996,30.104134098550997,2,42,7,6
2003-11-30 09:30:00,21,19.0,-3.6535447414531994,17.326646839979336,1.0,-32.15587879321921,24.84878931031281,-37.6137725478127,30.3066830649063,2,42,7,6
2003-11-30 10:30:00,21,15.0,-3.867530019327795,17.326646839979336,12.0,-32.3698640710938,24.634804032438215,-37.82775782568729,30.092697787031703,2,42,7,6
2003-11-30 11:30:00,21,16.0,-4.328103146645265,17.326646839979336,16.0,-32.830437198411275,24.174230905120744,-38.28833095300476,29.632124659714233,2,42,7,6
2003-11-30 12:30:00,21,14.0,-6.032831063360813,17.326646839979336,19.0,-34.53516511512682,22.469502988405196,-39.993058869720315,27.927396742998685,2,42,7,6
2003-11-30 13:30:00,21,7.0,-8.481229685708676,17.326646839979336,22.0,-36.98356373747468,20.021104366057333,-42.441457492068174,25.47899812065082,2,42,7,6
2003-11-30 14:30:00,21,-3.0,-12.725828319481813,17.326646839979336,23.0,-41.22816237124782,15.776505732284196,-46.68605612584131,21.234399486877685,2,42,7,6
2003-11-30 15:30:00,21,-3.0,-21.090216172805093,17.326646839979336,19.0,-49.5925502245711,7.412117878960917,-55.05044397916459,12.870011633554405,2,42,7,6
2003-11-30 16:30:00,21,-9.0,-32.48887947761114,17.326646839979336,15.0,-60.99121352937715,-3.986545425845133,-66.44910728397065,1.4713483287483555,2,42,7,6
2003-11-30 17:30:00,21,-23.0,-42.856044917899276,17.326646839979336,16.0,-71.35837896966528,-14.353710866133266,-76.81627272425877,-8.895817111539777,2,42,7,6
2003-11-30 18:30:00,21,-30.0,-46.98119526779919,17.326646839979336,14.0,-75.48352931956519,-18.478861216033177,-80.94142307415868,-13.020967461439689,2,42,7,6
2003-11-30 19:30:00,21,-34.0,-62.57688270813064,17.326646839979336,7.0,-91.07921675989665,-34.07454865636463,-96.53711051449014,-28.616654901771142,2,42,7,6
2003-11-30 20:30:00,21,-39.0,-75.15784873721242,17.326646839979336,-3.0,-103.66018278897843,-46.655514685446406,-109.11807654357192,-41.19762093085292,2,42,7,6
2004-12-30 21:30:00,25,-23.0,-46.91001440467814,17.326646839979336,-3.0,-75.41234845644415,-18.407680352912127,-80.87024221103763,-12.949786598318639,2,42,7,6
2004-12-30 22:30:00,25,-24.0,-37.90122155791445,17.326646839979336,-9.0,-66.40355560968045,-9.398887506148437,-71.86144936427394,-3.9409937515549487,2,42,7,6
2004-12-30 23:30:00,25,-23.0,-29.99814560429463,17.326646839979336,-23.0,-58.50047965606064,-1.4958115525286217,-63.95837341065413,3.9620822020648667,2,42,7,6
2004-12-31 00:30:00,25,-21.0,-24.43169689784225,17.326646839979336,-30.0,-52.93403094960826,4.070637153923759,-58.39192470420175,9.528530908517247,2,42,7,6
2004-12-31 01:30:00,25,-23.0,-21.188834524914018,17.326646839979336,-34.0,-49.69116857668003,7.313499526851992,-55.14906233127351,12.77139328144548,2,42,7,6
2004-12-31 02:30:00,25,-23.0,-19.222155742647686,17.326646839979336,-39.0,-47.7244897944137,9.280178309118323,-53.182383549007184,14.738072063711812,2,42,7,6
2004-12-31 03:30:00,25,-22.0,-17.783649198318102,17.326646839979336,-23.0,-46.285983250084115,10.718684853447908,-51.7438770046776,16.176578608041396,2,42,7,6
2004-12-31 04:30:00,25,-22.0,-17.348902633742924,17.326646839979336,-24.0,-45.85123668550894,11.153431418023086,-51.30913044010242,16.611325172616574,2,42,7,6
2004-12-31 05:30:00,25,-22.0,-17.85632025445433,17.326646839979336,-23.0,-46.358654306220345,10.646013797311678,-51.81654806081383,16.103907551905166,2,42,7,6
2004-12-31 06:30:00,25,-22.0,-16.317702865320058,17.326646839979336,-21.0,-44.82003691708607,12.184631186445952,-50.277930671679556,17.64252494103944,2,42,7,6
2004-12-31 07:30:00,25,-18.0,-16.48312463856793,17.326646839979336,-23.0,-44.98545869033394,12.01920941319808,-50.44335244492743,17.47710316779157,2,42,7,6
2004-12-31 08:30:00,25,-15.0,-17.89231485487661,17.326646839979336,-23.0,-46.394648906642615,10.6100191968894,-51.85254266123611,16.06791295148289,2,42,7,6
2004-12-31 09:30:00,25,-13.0,-17.873353988502874,17.326646839979336,-22.0,-46.375688040268884,10.628980063263135,-51.83358179486237,16.086873817856624,2,42,7,6
2004-12-31 10:30:00,25,-11.0,-17.71671124586528,17.326646839979336,-22.0,-46.21904529763129,10.78562280590073,-51.67693905222478,16.243516560494218,2,42,7,6
2004-12-31 11:30:00,25,-11.0,-17.32017272426966,17.326646839979336,-22.0,-45.82250677603567,11.182161327496349,-51.28040053062916,16.640055082089837,2,42,7,6
2004-12-31 12:30:00,25,-12.0,-17.654291015909877,17.326646839979336,-22.0,-46.15662506767589,10.848043035856133,-51.614518822269375,16.30593679044962,2,42,7,6
2004-12-31 13:30:00,25,-9.0,-16.080035476843072,17.326646839979336,-18.0,-44.58236952860908,12.422298574922937,-50.04026328320257,17.880192329516426,2,42,7,6
2004-12-31 14:30:00,25,-10.0,-14.744455736187138,17.326646839979336,-15.0,-43.24678978795315,13.757878315578871,-48.70468354254663,19.21577207017236,2,42,7,6
2004-12-31 15:30:00,25,-12.0,-13.890437157652784,17.326646839979336,-13.0,-42.3927712094188,14.611896894113226,-47.85066496401228,20.069790648706714,2,42,7,6
2004-12-31 16:30:00,25,-16.0,-13.098601941974195,17.326646839979336,-11.0,-41.60093599374021,15.403732109791815,-47.05882974833369,20.861625864385303,2,42,7,6
2004-12-31 17:30:00,25,-16.0,-12.393602664958099,17.326646839979336,-11.0,-40.89593671672411,16.10873138680791,-46.35383047131759,21.5666251414014,2,42,7,6
2004-12-31 18:30:00,25,-13.0,-11.608565305070993,17.326646839979336,-12.0,-40.110899356837,16.893768746695017,-45.568793111430494,22.351662501288505,2,42,7,6
2004-12-31 19:30:00,25,-10.0,-10.953685266593308,17.326646839979336,-9.0,-39.45601931835932,17.548648785172702,-44.91391307295281,23.00654253976619,2,42,7,6
2004-12-31 20:30:00,25,-10.0,-10.69314295539715,17.326646839979336,-10.0,-39.19547700716316,17.80919109636886,-44.65337076175665,23.26708485096235,2,42,7,6
2004-12-31 21:30:00,25,-11.0,-11.715709722926505,17.326646839979336,-12.0,-40.21804377469252,16.786624328839505,-45.675937529286,22.244518083432993,2,42,7,6
2004-12-31 22:30:00,25,-12.0,-14.320436031672642,17.326646839979336,-16.0,-42.822770083438655,14.181898020093367,-48.28066383803214,19.639791774686856,2,42,7,6
2004-12-31 23:30:00,25,-11.0,-12.809028463148927,17.326646839979336,-16.0,-41.31136251491493,15.693305588617083,-46.769256269508425,21.15119934321057,2,42,7,6
2005-01-01 00:30:00,25,-5.0,-11.861727941289185,17.326646839979336,-13.0,-40.364061993055195,16.640606110476824,-45.82195574764869,22.098499865070313,2,42,7,6
2005-01-01 01:30:00,25,-4.0,-11.197674476981927,17.326646839979336,-10.0,-39.70000852874794,17.304659574784083,-45.15790228334143,22.76255332937757,2,42,7,6
2005-01-01 02:30:00,25,-5.0,-10.945243139187852,17.326646839979336,-10.0,-39.447577190953865,17.557090912578158,-44.90547094554735,23.014984667171646,2,42,7,6
2005-01-01 03:30:00,25,-6.0,-11.648818913925556,17.326646839979336,-11.0,-40.151152965691566,16.853515137840454,-45.60904672028505,22.311408892433942,2,42,7,6
2005-01-01 04:30:00,25,-5.0,-11.306249296157567,17.326646839979336,-12.0,-39.80858334792357,17.196084755608442,-45.266477102517065,22.65397851020193,2,42,7,6
2005-01-01 05:30:00,25,-13.0,-11.13009836316844,17.326646839979336,-11.0,-39.63243241493445,17.37223568859757,-45.09032616952794,22.83012944319106,2,42,7,6
2005-01-01 06:30:00,25,-22.0,-13.33849772093222,17.326646839979336,-5.0,-41.84083177269823,15.163836330833789,-47.29872552729172,20.621730085427277,2,42,7,6
2005-01-01 07:30:00,25,-20.0,-10.280322695302313,17.326646839979336,-4.0,-38.78265674706832,18.222011356463696,-44.240550501661815,23.679905111057185,2,42,7,6
2005-01-01 08:30:00,25,-17.0,-9.782384357937488,17.326646839979336,-5.0,-38.2847184097035,18.71994969382852,-43.742612164296986,24.17784344842201,2,42,7,6
2005-01-01 09:30:00,25,-13.0,-9.766544158109436,17.326646839979336,-6.0,-38.268878209875446,18.735789893656573,-43.72677196446894,24.19368364825006,2,42,7,6
2005-01-01 10:30:00,25,-11.0,-16.782576395320234,17.326646839979336,-5.0,-45.28491044708625,11.719757656445775,-50.74280420167973,17.177651411039264,2,42,7,6
2005-01-01 11:30:00,25,-3.0,-28.433118108471145,17.326646839979336,-13.0,-56.935452160237155,0.06921594329486425,-62.39334591483065,5.527109697888353,2,42,7,6
2005-01-01 12:30:00,25,-2.0,-21.527334857897493,17.326646839979336,-22.0,-50.0296689096635,6.974999193868516,-55.48756266425699,12.432892948462005,2,42,7,6
2005-01-01 13:30:00,25,2.0,-15.105433147149615,17.326646839979336,-20.0,-43.607767198915624,13.396900904616395,-49.06566095350911,18.854794659209883,2,42,7,6
2005-01-01 14:30:00,25,4.0,-12.388097229652008,17.326646839979336,-17.0,-40.89043128141802,16.114236822114,-46.3483250360115,21.57213057670749,2,42,7,6
2005-01-01 15:30:00,25,0.0,-12.710735515841929,17.326646839979336,-13.0,-41.21306956760794,15.79159853592408,-46.67096332220143,21.24949229051757,2,42,7,6
2005-01-01 16:30:00,25,-5.0,-11.173261067955416,17.326646839979336,-11.0,-39.67559511972142,17.329072983810594,-45.133488874314914,22.786966738404082,2,42,7,6
2005-01-01 17:30:00,25,-7.0,-10.562362420550826,17.326646839979336,-3.0,-39.06469647231684,17.939971631215183,-44.522590226910324,23.39786538580867,2,42,7,6
2005-01-01 18:30:00,25,-22.0,-9.903204976196225,17.326646839979336,-2.0,-38.405539027962234,18.599129075569785,-43.86343278255572,24.057022830163273,2,42,7,6
2005-01-01 19:30:00,25,-45.0,-9.231031339764566,17.326646839979336,2.0,-37.733365391530576,19.271302712001443,-43.19125914612407,24.72919646659493,2,42,7,6
2005-01-01 20:30:00,25,-43.0,-8.187551277049916,17.326646839979336,4.0,-36.689885328815926,20.314782774716093,-42.14777908340942,25.77267652930958,2,42,7,6
2005-01-01 21:30:00,25,-30.0,-7.885754995947341,17.326646839979336,0.0,-36.38808904771335,20.61657905581867,-41.845982802306835,26.074472810412157,2,42,7,6
2005-01-01 22:30:00,25,-17.0,-11.825413685266426,17.326646839979336,-5.0,-40.32774773703244,16.676920366499584,-45.785641491625924,22.134814121093072,2,42,7,6
2005-01-01 23:30:00,25,-26.0,-25.416347106905437,17.326646839979336,-7.0,-53.91868115867145,3.085986944860572,-59.37657491326493,8.54388069945406,2,42,7,6
2005-01-02 00:30:00,25,-29.0,-42.91390488126655,17.326646839979336,-22.0,-71.41623893303256,-14.411570829500537,-76.87413268762604,-8.953677074907048,2,42,7,6
2005-01-02 01:30:00,25,-36.0,-24.683644152874447,17.326646839979336,-45.0,-53.185978204640456,3.818689898891563,-58.64387195923395,9.276583653485051,2,42,7,6
2005-01-02 02:30:00,25,-32.0,-22.128976141131375,17.326646839979336,-43.0,-50.63131019289739,6.373357910634635,-56.08920394749087,11.831251665228123,2,42,7,6
2005-01-02 03:30:00,25,-33.0,-23.582621482712426,17.326646839979336,-30.0,-52.08495553447844,4.9197125690535835,-57.542849289071924,10.377606323647072,2,42,7,6
2005-01-02 04:30:00,25,-34.0,-22.047592745121662,17.326646839979336,-17.0,-50.549926796887675,6.4547413066443475,-56.00782055148116,11.912635061237836,2,42,7,6
2005-01-02 05:30:00,25,-28.0,-24.960383689308543,17.326646839979336,-26.0,-53.462717741074556,3.5419503624574666,-58.92061149566804,8.999844117050955,2,42,7,6
2005-01-02 06:30:00,25,-31.0,-28.87724851964887,17.326646839979336,-29.0,-57.37958257141488,-0.37491446788286,-62.83747632600837,5.0829792867106285,2,42,7,6
2005-01-02 07:30:00,25,-40.0,-38.335516235255845,17.326646839979336,-36.0,-66.83785028702185,-9.833182183489836,-72.29574404161534,-4.375288428896347,2,42,7,6
2005-01-02 08:30:00,25,-42.0,-35.17169057803652,17.326646839979336,-32.0,-63.67402462980253,-6.669356526270509,-69.13191838439602,-1.21146277167702,2,42,7,6
2005-01-02 09:30:00,25,-50.0,-40.375711781191335,17.326646839979336,-33.0,-68.87804583295734,-11.873377729425325,-74.33593958755083,-6.415483974831837,2,42,7,6
2005-01-02 10:30:00,25,-45.0,-31.17863172464299,17.326646839979336,-34.0,-59.680965776408996,-2.6762976728769807,-65.13885953100248,2.7815960817165077,2,42,7,6
2005-01-02 11:30:00,25,-36.0,-31.784258066860183,17.326646839979336,-28.0,-60.28659211862619,-3.281924015094173,-65.74448587321967,2.1759697394993154,2,42,7,6
2005-01-02 12:30:00,25,-35.0,-45.03104543969431,17.326646839979336,-31.0,-73.53337949146032,-16.5287113879283,-78.99127324605381,-11.070817633334812,2,42,7,6
2005-01-02 13:30:00,25,-33.0,-43.11408460170535,17.326646839979336,-40.0,-71.61641865347136,-14.611750549939341,-77.07431240806486,-9.153856795345853,2,42,7,6
2005-01-02 14:30:00,25,-34.0,-41.95858479830774,17.326646839979336,-42.0,-70.46091885007375,-13.45625074654173,-75.91881260466724,-7.998356991948242,2,42,7,6
2005-01-02 15:30:00,25,-32.0,-55.485442794894624,17.326646839979336,-50.0,-83.98777684666064,-26.983108743128614,-89.44567060125412,-21.525214988535126,2,42,7,6
2005-01-02 16:30:00,25,-40.0,-44.78291220490236,17.326646839979336,-45.0,-73.28524625666837,-16.28057815313635,-78.74314001126186,-10.822684398542862,2,42,7,6
2005-01-02 17:30:00,25,-48.0,-39.84941090832574,17.326646839979336,-36.0,-68.35174496009175,-11.347076856559728,-73.80963871468524,-5.889183101966239,2,42,7,6
2005-01-02 18:30:00,25,-45.0,-38.815996834965375,17.326646839979336,-35.0,-67.31833088673139,-10.313662783199366,-72.77622464132487,-4.855769028605877,2,42,7,6
2005-01-02 19:30:00,25,-41.0,-37.889967496081034,17.326646839979336,-33.0,-66.39230154784704,-9.387633444315025,-71.85019530244054,-3.9297396897215364,2,42,7,6
2005-01-02 20:30:00,25,-37.0,-45.694592974274194,17.326646839979336,-34.0,-74.1969270260402,-17.192258922508184,-79.65482078063368,-11.734365167914696,2,42,7,6
2005-01-02 21:30:00,25,-50.0,-41.63272408470652,17.326646839979336,-32.0,-70.13505813647252,-13.130390032940507,-75.59295189106601,-7.672496278347019,2,42,7,6
2005-01-02 22:30:00,25,-39.0,-46.725689257071004,17.326646839979336,-40.0,-75.22802330883701,-18.223355205304994,-80.68591706343051,-12.765461450711506,2,42,7,6
2005-01-02 23:30:00,25,-37.0,-37.8405821431074,17.326646839979336,-48.0,-66.34291619487341,-9.338248091341388,-71.8008099494669,-3.8803543367478994,2,42,7,6
2005-01-03 00:30:00,25,-36.0,-38.632794218940866,17.326646839979336,-45.0,-67.13512827070687,-10.130460167174856,-72.59302202530037,-4.672566412581368,2,42,7,6
2005-01-03 01:30:00,25,-32.0,-38.45233770898773,17.326646839979336,-41.0,-66.95467176075374,-9.950003657221718,-72.41256551534723,-4.492109902628229,2,42,7,6
2005-01-03 02:30:00,25,-29.0,-45.79644582711746,17.326646839979336,-37.0,-74.29877987888347,-17.29411177535145,-79.75667363347696,-11.836218020757961,2,42,7,6
2005-01-03 03:30:00,25,-32.0,-40.09994156012128,17.326646839979336,-50.0,-68.6022756118873,-11.59760750835527,-74.06016936648078,-6.139713753761782,2,42,7,6
2005-01-03 04:30:00,25,-37.0,-39.60125525164814,17.326646839979336,-39.0,-68.10358930341415,-11.098921199882131,-73.56148305800764,-5.641027445288643,2,42,7,6
2005-01-03 05:30:00,25,-43.0,-39.409932176039156,17.326646839979336,-37.0,-67.91226622780516,-10.907598124273147,-73.37015998239866,-5.449704369679658,2,42,7,6
2005-01-03 06:30:00,25,-41.0,-37.26617770173087,17.326646839979336,-36.0,-65.76851175349688,-8.763843649964858,-71.22640550809037,-3.30594989537137,2,42,7,6
2005-01-03 07:30:00,25,-42.0,-35.059363255076114,17.326646839979336,-32.0,-63.56169730684212,-6.557029203310105,-69.01959106143562,-1.0991354487166163,2,42,7,6
2005-01-03 08:30:00,25,-41.0,-32.65725720278323,17.326646839979336,-29.0,-61.15959125454924,-4.154923151017218,-66.61748500914273,1.30297060357627,2,42,7,6
2005-01-03 09:30:00,25,-38.0,-31.68314801084393,17.326646839979336,-32.0,-60.185482062609935,-3.18081395907792,-65.64337581720343,2.2770797955155686,2,42,7,6
2005-01-03 10:30:00,25,-46.0,-34.49711754831327,17.326646839979336,-37.0,-62.99945160007928,-5.99478349654726,-68.45734535467277,-0.5368897419537717,2,42,7,6
2005-01-03 11:30:00,25,-42.0,-34.29544820977943,17.326646839979336,-43.0,-62.797782261545436,-5.79311415801342,-68.25567601613892,-0.33522040341993176,2,42,7,6
2005-01-03 12:30:00,25,-39.0,-35.03719059731375,17.326646839979336,-41.0,-63.539524649079766,-6.534856545547743,-68.99741840367325,-1.076962790954255,2,42,7,6
2005-01-03 13:30:00,25,-40.0,-34.53085185018648,17.326646839979336,-42.0,-63.03318590195249,-6.02851779842047,-68.49107965654598,-0.5706240438269816,2,42,7,6
2005-01-03 14:30:00,25,-45.0,-34.92814121749114,17.326646839979336,-41.0,-63.430475269257144,-6.4258071657251286,-68.88836902385063,-0.9679134111316401,2,42,7,6
2005-01-03 15:30:00,25,-40.0,-37.67980371240857,17.326646839979336,-38.0,-66.18213776417458,-9.177469660642561,-71.64003151876807,-3.719575906049073,2,42,7,6
2005-01-03 16:30:00,25,-36.0,-42.379183727961,17.326646839979336,-46.0,-70.881517779727,-13.87684967619499,-76.3394115343205,-8.418955921601501,2,42,7,6
2005-01-03 17:30:00,25,-37.0,-39.525009916972024,17.326646839979336,-42.0,-68.02734396873804,-11.022675865206015,-73.48523772333152,-5.564782110612526,2,42,7,6
2005-01-03 18:30:00,25,-30.0,-35.428367988559614,17.326646839979336,-39.0,-63.93070204032563,-6.926033936793605,-69.38859579491911,-1.4681401822001163,2,42,7,6
2005-01-03 19:30:00,25,-28.0,-34.8572900710731,17.326646839979336,-40.0,-63.35962412283911,-6.354956019307092,-68.8175178774326,-0.897062264713604,2,42,7,6
2005-01-03 20:30:00,25,-28.0,-36.2229938666208,17.326646839979336,-45.0,-64.72532791838681,-7.720659814854788,-70.1832216729803,-2.262766060261299,2,42,7,6
2005-01-03 21:30:00,25,-23.0,-35.700848804021504,17.326646839979336,-40.0,-64.20318285578752,-7.198514752255495,-69.661076610381,-1.7406209976620062,2,42,7,6
2005-01-03 22:30:00,25,-20.0,-34.795983173978,17.326646839979336,-36.0,-63.298317225744015,-6.293649122211992,-68.7562109803375,-0.8357553676185034,2,42,7,6
2005-01-03 23:30:00,25,-16.0,-35.92233937692569,17.326646839979336,-37.0,-64.4246734286917,-7.420005325159682,-69.88256718328519,-1.9621115705661936,2,42,7,6
2005-01-04 00:30:00,25,-19.0,-33.02820344159554,17.326646839979336,-30.0,-61.53053749336155,-4.525869389829527,-66.98843124795503,0.9320243647639614,2,42,7,6
2005-01-04 01:30:00,25,-22.0,-32.54369581373213,17.326646839979336,-28.0,-61.04602986549814,-4.041361761966119,-66.50392362009163,1.4165319926273696,2,42,7,6
2005-01-04 02:30:00,25,-24.0,-31.44500085150615,17.326646839979336,-28.0,-59.947334903272164,-2.9426667997401417,-65.40522865786565,2.515226954853347,2,42,7,6
2005-01-04 03:30:00,25,-26.0,-30.596246529277167,17.326646839979336,-23.0,-59.09858058104318,-2.0939124775111573,-64.55647433563666,3.363981277082331,2,42,7,6
2005-01-04 04:30:00,25,-24.0,-29.792390308292077,17.326646839979336,-20.0,-58.29472436005808,-1.2900562565260678,-63.752618114651575,4.167837498067421,2,42,7,6
2005-01-04 05:30:00,25,-19.0,-28.843582345812813,17.326646839979336,-16.0,-57.34591639757882,-0.3412482940468031,-62.80381015217231,5.116645460546685,2,42,7,6
2005-01-04 06:30:00,25,-22.0,-28.488599627199605,17.326646839979336,-19.0,-56.99093367896562,0.013734424566404613,-62.4488274335591,5.471628179159893,2,42,7,6
2005-01-04 07:30:00,25,-25.0,-28.538694719091936,17.326646839979336,-22.0,-57.04102877085795,-0.036360667325926244,-62.498922525451434,5.421533087267562,2,42,7,6
2005-01-04 08:30:00,25,-32.0,-35.189632110993614,17.326646839979336,-24.0,-63.69196616275963,-6.687298059227604,-69.14985991735311,-1.2294043046341159,2,42,7,6
2005-01-04 09:30:00,25,-28.0,-38.56845145602143,17.326646839979336,-26.0,-67.07078550778743,-10.066117404255419,-72.52867926238093,-4.60822364966193,2,42,7,6
2005-01-04 10:30:00,25,-25.0,-31.636068087650724,17.326646839979336,-24.0,-60.13840213941673,-3.1337340358847143,-65.59629589401023,2.324159718708774,2,42,7,6
2005-01-04 11:30:00,25,-25.0,-27.03529693802483,17.326646839979336,-19.0,-55.53763098979084,1.4670371137411813,-60.995524744384326,6.92493086833467,2,42,7,6
2005-01-04 12:30:00,25,-22.0,-28.72126118597629,17.326646839979336,-22.0,-57.2235952377423,-0.2189271342102792,-62.68148899233579,5.238966620383209,2,42,7,6
2005-01-04 13:30:00,25,-23.0,-34.348979311916835,17.326646839979336,-25.0,-62.85131336368285,-5.846645260150826,-68.30920711827633,-0.3887515055573374,2,42,7,6
2005-01-04 14:30:00,25,-24.0,-29.661229751230078,17.326646839979336,-32.0,-58.16356380299609,-1.1588956994640682,-63.62145755758958,4.29899805512942,2,42,7,6
2005-01-04 15:30:00,25,-26.0,-30.54449135546688,17.326646839979336,-28.0,-59.04682540723289,-2.042157303700872,-64.50471916182639,3.4157364508926165,2,42,7,6
2005-01-04 16:30:00,25,-26.0,-31.493125692062435,17.326646839979336,-25.0,-59.99545974382845,-2.9907916402964254,-65.45335349842193,2.467102114297063,2,42,7,6
2005-01-04 17:30:00,25,-29.0,-29.65206178714188,17.326646839979336,-25.0,-58.15439583890789,-1.149727735375869,-63.61228959350137,4.308166019217619,2,42,7,6
2005-01-04 18:30:00,25,-31.0,-28.502738063399207,17.326646839979336,-22.0,-57.00507211516522,-0.0004040116331971433,-62.462965869758705,5.457489742960291,2,42,7,6
2005-01-04 19:30:00,25,-31.0,-28.74280919300138,17.326646839979336,-23.0,-57.24514324476739,-0.24047514123537184,-62.703036999360876,5.217418613358117,2,42,7,6
2005-01-04 20:30:00,25,-30.0,-36.83856474631171,17.326646839979336,-24.0,-65.34089879807772,-8.336230694545701,-70.79879255267122,-2.878336939952213,2,42,7,6
2005-01-04 21:30:00,25,-28.0,-37.657744601374795,17.326646839979336,-26.0,-66.1600786531408,-9.155410549608785,-71.6179724077343,-3.6975167950152965,2,42,7,6
2005-01-04 22:30:00,25,-25.0,-29.027185393718142,17.326646839979336,-26.0,-57.529519445484155,-0.5248513419521323,-62.98741320007764,4.933042412641356,2,42,7,6
2005-01-04 23:30:00,25,-24.0,-27.379980537165046,17.326646839979336,-29.0,-55.88231458893105,1.122353514600963,-61.340208343524544,6.580247269194452,2,42,7,6
2005-01-05 00:30:00,25,-26.0,-27.600503232005554,17.326646839979336,-31.0,-56.102837283771564,0.9018308197604554,-61.56073103836505,6.359724574353944,2,42,7,6
2005-01-05 01:30:00,25,-27.0,-27.458387571585412,17.326646839979336,-31.0,-55.96072162335142,1.0439464801805975,-61.41861537794491,6.501840234774086,2,42,7,6
2005-01-05 02:30:00,25,-26.0,-27.234113522800435,17.326646839979336,-30.0,-55.73644757456644,1.2682205289655748,-61.19434132915993,6.726114283559063,2,42,7,6
2005-01-05 03:30:00,25,-23.0,-26.678062257204648,17.326646839979336,-28.0,-55.18039630897066,1.824271794561362,-60.63829006356414,7.2821655491548505,2,42,7,6
2005-01-05 04:30:00,25,-25.0,-25.604511571239186,17.326646839979336,-25.0,-54.1068456230052,2.8978224805268233,-59.564739377598684,8.355716235120312,2,42,7,6
2005-01-05 05:30:00,25,-28.0,-24.85773054762379,17.326646839979336,-24.0,-53.3600645993898,3.644603504142218,-58.817958353983286,9.102497258735706,2,42,7,6
2005-01-05 06:30:00,25,-30.0,-24.80878357126052,17.326646839979336,-26.0,-53.31111762302653,3.6935504805054897,-58.76901137762002,9.151444235098978,2,42,7,6
2005-01-05 07:30:00,25,-29.0,-26.006019127645846,17.326646839979336,-27.0,-54.508353179411856,2.4963149241201634,-59.96624693400534,7.954208678713652,2,42,7,6
2005-01-05 08:30:00,25,-29.0,-25.534534590901238,17.326646839979336,-26.0,-54.036868642667244,2.9677994608647715,-59.494762397260736,8.42569321545826,2,42,7,6
2005-01-05 09:30:00,25,-31.0,-25.07624389655841,17.326646839979336,-23.0,-53.57857794832442,3.4260901552076,-59.03647170291791,8.883983909801088,2,42,7,6
2005-01-05 10:30:00,25,-31.0,-25.128442621260366,17.326646839979336,-25.0,-53.630776673026375,3.373891430505644,-59.08867042761986,8.831785185099132,2,42,7,6
2005-01-05 11:30:00,25,-29.0,-25.444607881540588,17.326646839979336,-28.0,-53.9469419333066,3.057726170225422,-59.40483568790009,8.51561992481891,2,42,7,6
2005-01-05 12:30:00,25,-33.0,-26.294181177515764,17.326646839979336,-30.0,-54.79651522928177,2.2081528742502456,-60.254408983875265,7.666046628843734,2,42,7,6
2005-01-05 13:30:00,25,-31.0,-26.629853478307233,17.326646839979336,-29.0,-55.13218753007324,1.8724805734587768,-60.59008128466673,7.330374328052265,2,42,7,6
2005-01-05 14:30:00,25,-32.0,-28.73366508809919,17.326646839979336,-29.0,-57.2359991398652,-0.23133103633318086,-62.693892894458685,5.226562718260308,2,42,7,6
2005-01-05 15:30:00,25,-32.0,-26.930412531258312,17.326646839979336,-31.0,-55.432746583024326,1.571921520507697,-60.89064033761781,7.0298152751011855,2,42,7,6
2005-01-05 16:30:00,25,-32.0,-31.47833184689782,17.326646839979336,-31.0,-59.98066589866383,-2.9759977951318106,-65.43855965325731,2.481895959461678,2,42,7,6
2005-01-05 17:30:00,25,-31.0,-29.56330159075492,17.326646839979336,-29.0,-58.06563564252093,-1.060967538988912,-63.523529397114416,4.3969262156045765,2,42,7,6
2005-01-05 18:30:00,25,-29.0,-27.35820888620365,17.326646839979336,-33.0,-55.860542937969655,1.144125165562361,-61.31843669256315,6.6020189201558495,2,42,7,6
2005-01-05 19:30:00,25,-27.0,-27.934140890404763,17.326646839979336,-31.0,-56.436474942170776,0.568193161361247,-61.89436869676426,6.0260869159547354,2,42,7,6
2005-01-05 20:30:00,25,-27.0,-27.929742751297454,17.326646839979336,-32.0,-56.43207680306347,0.5725913004685559,-61.88997055765695,6.030485055062044,2,42,7,6
2005-01-05 21:30:00,25,-23.0,-28.849368917069686,17.326646839979336,-32.0,-57.351702968835696,-0.34703486530367655,-62.80959672342918,5.110858889289812,2,42,7,6
2005-01-05 22:30:00,25,-22.0,-27.17355833379459,17.326646839979336,-32.0,-55.6758923855606,1.3287757179714212,-61.133786140154086,6.78666947256491,2,42,7,6
2005-01-05 23:30:00,25,-19.0,-26.87355580354362,17.326646839979336,-31.0,-55.37588985530963,1.628778248222389,-60.83378360990312,7.086672002815877,2,42,7,6
2005-01-06 00:30:00,25,-16.0,-25.81747809061729,17.326646839979336,-29.0,-54.3198121423833,2.6848559611487204,-59.777705896976784,8.142749715742209,2,42,7,6
2005-01-06 01:30:00,25,-13.0,-24.58179589939234,17.326646839979336,-27.0,-53.084129951158346,3.9205381523736698,-58.54202370575184,9.378431906967158,2,42,7,6
2005-01-06 02:30:00,25,-11.0,-23.63292124617628,17.326646839979336,-27.0,-52.135255297942294,4.869412805589729,-57.59314905253578,10.327306560183217,2,42,7,6
2005-01-06 03:30:00,25,-11.0,-22.37860301845938,17.326646839979336,-23.0,-50.880937070225386,6.12373103330663,-56.33883082481888,11.581624787900118,2,42,7,6
2005-01-06 04:30:00,25,-12.0,-21.50222694533613,17.326646839979336,-22.0,-50.00456099710214,7.00010710642988,-55.46245475169563,12.458000861023368,2,42,7,6
2005-01-06 05:30:00,25,-13.0,-20.067138876187204,17.326646839979336,-19.0,-48.569472927953214,8.435195175578805,-54.0273666825467,13.893088930172294,2,42,7,6
2005-01-06 06:30:00,25,-15.0,-18.924257420126487,17.326646839979336,-16.0,-47.42659147189249,9.578076631639522,-52.884485226485985,15.03597038623301,2,42,7,6
2005-01-06 07:30:00,25,-17.0,-18.69737668340523,17.326646839979336,-13.0,-47.19971073517124,9.804957368360778,-52.65760448976473,15.262851122954267,2,42,7,6
2005-01-06 08:30:00,25,-19.0,-17.41302002796562,17.326646839979336,-11.0,-45.91535407973163,11.08931402380039,-51.37324783432511,16.54720777839388,2,42,7,6
2005-01-06 09:30:00,25,-17.0,-16.247936305755086,17.326646839979336,-11.0,-44.750270357521096,12.254397746010923,-50.20816411211459,17.71229150060441,2,42,7,6
2005-01-06 10:30:00,25,-16.0,-15.724527856137708,17.326646839979336,-12.0,-44.22686190790372,12.777806195628301,-49.68475566249721,18.23569995022179,2,42,7,6
2005-01-06 11:30:00,25,-12.0,-15.202385380679061,17.326646839979336,-13.0,-43.704719432445074,13.299948671086948,-49.16261318703856,18.757842425680437,2,42,7,6
2005-01-06 12:30:00,25,-11.0,-14.875608819287255,17.326646839979336,-15.0,-43.377942871053264,13.626725232478755,-48.83583662564675,19.084618987072243,2,42,7,6
2005-01-06 13:30:00,25,-13.0,-14.64025260979215,17.326646839979336,-17.0,-43.142586661558155,13.86208144197386,-48.60048041615165,19.31997519656735,2,42,7,6
2005-01-06 14:30:00,25,-14.0,-14.937325346985489,17.326646839979336,-19.0,-43.4396593987515,13.56500870478052,-48.89755315334499,19.02290245937401,2,42,7,6
2005-01-06 15:30:00,25,-15.0,-15.299490542967014,17.326646839979336,-17.0,-43.80182459473302,13.202843508798995,-49.25971834932651,18.660737263392484,2,42,7,6
2005-01-06 16:30:00,25,-15.0,-14.845779662497236,17.326646839979336,-16.0,-43.34811371426325,13.656554389268774,-48.806007468856734,19.114448143862262,2,42,7,6
2005-01-06 17:30:00,25,-14.0,-14.810895807794605,17.326646839979336,-12.0,-43.313229859560614,13.691438243971405,-48.77112361415411,19.149331998564893,2,42,7,6
2005-01-06 18:30:00,25,-14.0,-14.470032553016225,17.326646839979336,-11.0,-42.97236660478224,14.032301498749785,-48.43026035937572,19.490195253343273,2,42,7,6
2005-01-06 19:30:00,25,-15.0,-14.108715939168345,17.326646839979336,-13.0,-42.611049990934355,14.393618112597665,-48.06894374552785,19.851511867191153,2,42,7,6
2005-01-06 20:30:00,25,-15.0,-14.177147534157214,17.326646839979336,-14.0,-42.67948158592323,14.325186517608795,-48.13737534051671,19.783080272202284,2,42,7,6
2005-01-06 21:30:00,25,-13.0,-13.865821376735322,17.326646839979336,-15.0,-42.36815542850133,14.636512675030687,-47.826049183094824,20.094406429624176,2,42,7,6
2005-01-06 22:30:00,25,-8.0,-13.920089239038223,17.326646839979336,-15.0,-42.42242329080423,14.582244812727787,-47.88031704539772,20.040138567321275,2,42,7,6
2005-01-06 23:30:00,25,-11.0,-14.094418825008791,17.326646839979336,-14.0,-42.5967528767748,14.407915226757218,-48.054646631368286,19.865808981350707,2,42,7,6
2005-01-07 00:30:00,25,-10.0,-14.149969909074766,17.326646839979336,-14.0,-42.652303960840776,14.352364142691243,-48.11019771543427,19.810257897284732,2,42,7,6
2005-01-07 01:30:00,25,-10.0,-15.11119959620142,17.326646839979336,-15.0,-43.61353364796743,13.39113445556459,-49.071427402560914,18.849028210158078,2,42,7,6
2005-01-07 02:30:00,25,-9.0,-14.201078010262137,17.326646839979336,-15.0,-42.70341206202815,14.301256041503873,-48.161305816621635,19.75914979609736,2,42,7,6
2005-01-07 03:30:00,25,-11.0,-14.122612908907154,17.326646839979336,-13.0,-42.624946960673164,14.379721142858855,-48.082840715266656,19.837614897452344,2,42,7,6
2005-01-07 04:30:00,25,-11.0,-13.2897697891441,17.326646839979336,-8.0,-41.79210384091011,15.21256426262191,-47.2499975955036,20.6704580172154,2,42,7,6
2005-01-07 05:30:00,25,-9.0,-12.464359237012324,17.326646839979336,-11.0,-40.96669328877833,16.037974814753685,-46.42458704337182,21.495868569347174,2,42,7,6
2005-01-07 06:30:00,25,-8.0,-11.84396750817768,17.326646839979336,-10.0,-40.34630155994369,16.65836654358833,-45.80419531453718,22.116260298181817,2,42,7,6
2005-01-07 07:30:00,25,-9.0,-11.31662085556879,17.326646839979336,-10.0,-39.8189549073348,17.18571319619722,-45.276848661928284,22.64360695079071,2,42,7,6
2005-01-07 08:30:00,25,-8.0,-10.735413384119482,17.326646839979336,-9.0,-39.237747435885495,17.766920667646527,-44.69564119047898,23.224814422240016,2,42,7,6
2005-01-07 09:30:00,25,-5.0,-10.417974675718646,17.326646839979336,-11.0,-38.92030872748465,18.084359376047363,-44.378202482078144,23.54225313064085,2,42,7,6
2005-01-07 10:30:00,25,-1.0,-10.175018021909988,17.326646839979336,-11.0,-38.677352073676,18.32731602985602,-44.13524582826949,23.78520978444951,2,42,7,6
2005-01-07 11:30:00,25,-5.0,-9.782832795650389,17.326646839979336,-9.0,-38.2851668474164,18.71950125611562,-43.74306060200989,24.17739501070911,2,42,7,6
2005-01-07 12:30:00,25,1.0,-9.486033720445949,17.326646839979336,-8.0,-37.98836777221196,19.01630033132006,-43.44626152680544,24.47419408591355,2,42,7,6
2005-01-07 13:30:00,25,3.0,-9.30272158213386,17.326646839979336,-9.0,-37.80505563389987,19.19961246963215,-43.262949388493354,24.65750622422564,2,42,7,6
2005-01-07 14:30:00,25,2.0,-9.17530777965517,17.326646839979336,-8.0,-37.677641831421184,19.32702627211084,-43.13553558601467,24.784920026704327,2,42,7,6
2005-01-07 15:30:00,25,-13.0,-9.230702485441771,17.326646839979336,-5.0,-37.73303653720778,19.27163156632424,-43.190930291801266,24.729525320917727,2,42,7,6
2005-01-07 16:30:00,25,-31.0,-9.857809281567054,17.326646839979336,-1.0,-38.36014333333306,18.644524770198956,-43.818037087926555,24.102418524792444,2,42,7,6
2005-01-07 17:30:00,25,-22.0,-10.667646396817936,17.326646839979336,-5.0,-39.16998044858394,17.834687654948073,-44.627874203177434,23.29258140954156,2,42,7,6
2005-01-07 18:30:00,25,-34.0,-12.100926917031778,17.326646839979336,1.0,-40.603260968797784,16.40140713473423,-46.061154723391276,21.85930088932772,2,42,7,6
2005-01-07 19:30:00,25,-32.0,-12.99935922658808,17.326646839979336,3.0,-41.50169327835409,15.50297482517793,-46.95958703294758,20.960868579771418,2,42,7,6
2005-01-07 20:30:00,25,-24.0,-31.181344197885903,17.326646839979336,2.0,-59.68367824965191,-2.679010146119893,-65.1415720042454,2.7788836084735955,2,42,7,6
2005-01-07 21:30:00,25,-22.0,-46.35674115322176,17.326646839979336,-13.0,-74.85907520498778,-17.854407101455752,-80.31696895958126,-12.396513346862264,2,42,7,6
2005-01-07 22:30:00,25,-42.0,-19.147266644593024,17.326646839979336,-31.0,-47.64960069635903,9.355067407172985,-53.10749445095252,14.812961161766474,2,42,7,6
2005-01-07 23:30:00,25,-71.0,-16.856271959154398,17.326646839979336,-22.0,-45.35860601092041,11.646062092611611,-50.816499765513896,17.1039558472051,2,42,7,6
2005-01-08 00:30:00,25,-84.0,-20.166605810429772,17.326646839979336,-34.0,-48.668939862195785,8.335728241336238,-54.12683361678927,13.793621995929726,2,42,7,6
2005-01-08 01:30:00,25,-78.0,-19.733956554542637,17.326646839979336,-32.0,-48.23629060630864,8.768377497223373,-53.694184360902135,14.226271251816861,2,42,7,6
2005-01-08 02:30:00,25,-93.0,-17.32676935801048,17.326646839979336,-24.0,-45.82910340977649,11.175564693755529,-51.28699716436998,16.633458448349018,2,42,7,6
2005-01-08 03:30:00,25,-82.0,-25.55285327147329,17.326646839979336,-22.0,-54.055187323239295,2.9494807802927205,-59.51308107783279,8.407374534886209,2,42,7,6
2005-01-08 04:30:00,25,-67.0,-74.827844574128,17.326646839979336,-42.0,-103.330178625894,-46.32551052236198,-108.78807238048749,-40.867616767768496,2,42,7,6
2005-01-08 05:30:00,25,-60.0,-91.1063773186179,17.326646839979336,-71.0,-119.60871137038392,-62.60404326685189,-125.0666051249774,-57.146149512258404,2,42,7,6
2005-01-08 06:30:00,25,-63.0,-78.69289932578423,17.326646839979336,-84.0,-107.19523337755024,-50.19056527401821,-112.65312713214372,-44.73267151942473,2,42,7,6
2005-01-08 07:30:00,25,-66.0,-58.39629338359299,17.326646839979336,-78.0,-86.898627435359,-29.89395933182698,-92.35652118995249,-24.436065577233492,2,42,7,6
2005-01-08 08:30:00,25,-59.0,-59.39812393134163,17.326646839979336,-93.0,-87.90045798310764,-30.89578987957562,-93.35835173770113,-25.43789612498213,2,42,7,6
2005-01-08 09:30:00,25,-59.0,-61.21923638247905,17.326646839979336,-82.0,-89.72157043424507,-32.71690233071304,-95.17946418883855,-27.259008576119555,2,42,7,6
2005-01-08 10:30:00,25,-62.0,-56.06757933729784,17.326646839979336,-67.0,-84.56991338906386,-27.565245285531834,-90.02780714365734,-22.107351530938345,2,42,7,6
2005-01-08 11:30:00,25,-51.0,-52.96671649092052,17.326646839979336,-60.0,-81.46905054268653,-24.46438243915451,-86.92694429728002,-19.00648868456102,2,42,7,6
2005-01-08 12:30:00,25,-42.0,-54.232158273597975,17.326646839979336,-63.0,-82.73449232536399,-25.729824221831965,-88.19238607995747,-20.271930467238477,2,42,7,6
2005-01-08 13:30:00,25,-46.0,-56.898451630804715,17.326646839979336,-66.0,-85.40078568257073,-28.396117579038705,-90.85867943716421,-22.938223824445217,2,42,7,6
2005-01-08 14:30:00,25,-45.0,-58.53009339903952,17.326646839979336,-59.0,-87.03242745080553,-30.027759347273513,-92.49032120539903,-24.569865592680024,2,42,7,6
2005-01-08 15:30:00,25,-47.0,-55.7061500391016,17.326646839979336,-59.0,-84.20848409086761,-27.20381598733559,-89.6663778454611,-21.745922232742103,2,42,7,6
2005-01-08 16:30:00,25,-45.0,-51.66128556265508,17.326646839979336,-62.0,-80.1636196144211,-23.15895151088907,-85.62151336901458,-17.701057756295583,2,42,7,6
2005-01-08 17:30:00,25,-38.0,-46.38258841308927,17.326646839979336,-51.0,-74.88492246485528,-17.880254361323264,-80.34281621944876,-12.422360606729775,2,42,7,6
2005-01-08 18:30:00,25,-43.0,-41.87031328404382,17.326646839979336,-42.0,-70.37264733580983,-13.367979232277808,-75.83054109040332,-7.910085477684319,2,42,7,6
2005-01-08 19:30:00,25,-43.0,-40.230139700860974,17.326646839979336,-46.0,-68.73247375262699,-11.727805649094964,-74.19036750722047,-6.269911894501476,2,42,7,6
2005-01-08 20:30:00,25,-42.0,-38.77719892391731,17.326646839979336,-45.0,-67.27953297568332,-10.274864872151301,-72.73742673027681,-4.816971117557813,2,42,7,6
2005-01-08 21:30:00,25,-36.0,-38.510880964947034,17.326646839979336,-47.0,-67.01321501671305,-10.008546913181025,-72.47110877130653,-4.5506531585875365,2,42,7,6
2005-01-08 22:30:00,25,-35.0,-38.61753986274031,17.326646839979336,-45.0,-67.11987391450631,-10.115205810974299,-72.57776766909981,-4.65731205638081,2,42,7,6
2005-01-08 23:30:00,25,-35.0,-38.240252254731445,17.326646839979336,-38.0,-66.74258630649746,-9.737918202965435,-72.20048006109094,-4.280024448371947,2,42,7,6
2005-01-09 00:30:00,25,-28.0,-38.37637523502283,17.326646839979336,-43.0,-66.87870928678883,-9.874041183256818,-72.33660304138232,-4.416147428663329,2,42,7,6
2005-01-09 01:30:00,25,-26.0,-37.356612927959546,17.326646839979336,-43.0,-65.85894697972556,-8.854278876193536,-71.31684073431904,-3.396385121600048,2,42,7,6
2005-01-09 02:30:00,25,-28.0,-36.39871130982079,17.326646839979336,-42.0,-64.9010453615868,-7.89637725805478,-70.3589391161803,-2.438483503461292,2,42,7,6
2005-01-09 03:30:00,25,-28.0,-34.98156793568976,17.326646839979336,-36.0,-63.483901987455766,-6.479233883923751,-68.94179574204927,-1.0213401293302624,2,42,7,6
2005-01-09 04:30:00,25,-30.0,-33.767665480240744,17.326646839979336,-35.0,-62.26999953200675,-5.265331428474735,-67.72789328660025,0.1925623261187539,2,42,7,6
2005-01-09 05:30:00,25,-30.0,-32.96200656120929,17.326646839979336,-35.0,-61.464340612975306,-4.459672509443283,-66.92223436756879,0.998221245150205,2,42,7,6
2005-01-09 06:30:00,25,-32.0,-31.408080342190758,17.326646839979336,-28.0,-59.91041439395677,-2.905746290424748,-65.36830814855026,2.5521474641687405,2,42,7,6
2005-01-09 07:30:00,25,-31.0,-30.069895638358975,17.326646839979336,-26.0,-58.572229690124985,-1.5675615865929657,-64.03012344471847,3.8903321680005227,2,42,7,6
2005-01-09 08:30:00,25,-26.0,-29.73321780223435,17.326646839979336,-28.0,-58.23555185400036,-1.2308837504683403,-63.69344560859385,4.227010004125148,2,42,7,6
2005-01-09 09:30:00,25,-24.0,-29.424670233872014,17.326646839979336,-28.0,-57.92700428563802,-0.9223361821060045,-63.38489804023151,4.535557572487484,2,42,7,6
2005-01-09 10:30:00,25,-18.0,-29.3705679485708,17.326646839979336,-30.0,-57.87290200033681,-0.8682338968047922,-63.3307957549303,4.589659857788696,2,42,7,6
2005-01-09 11:30:00,25,-25.0,-29.525676804262215,17.326646839979336,-30.0,-58.028010856028224,-1.0233427524962053,-63.485904610621716,4.434551002097283,2,42,7,6
2005-01-09 12:30:00,25,-26.0,-30.219794567698695,17.326646839979336,-32.0,-58.722128619464705,-1.717460515932686,-64.1800223740582,3.7404332386608026,2,42,7,6
2005-01-09 13:30:00,25,-26.0,-30.474647756602515,17.326646839979336,-31.0,-58.97698180836852,-1.9723137048365054,-64.43487556296202,3.485580049756983,2,42,7,6
2005-01-09 14:30:00,25,-23.0,-29.452871216812113,17.326646839979336,-26.0,-57.955205268578126,-0.9505371650461036,-63.41309902317161,4.507356589547385,2,42,7,6
2005-01-09 15:30:00,25,-23.0,-28.315398034553027,17.326646839979336,-24.0,-56.81773208631904,0.18693601721298236,-62.275625840912525,5.644829771806471,2,42,7,6
2005-01-09 16:30:00,25,-23.0,-26.886937644832738,17.326646839979336,-18.0,-55.38927169659875,1.6153964069332716,-60.84716545119224,7.07329016152676,2,42,7,6
2005-01-09 17:30:00,25,-22.0,-27.4437248082138,17.326646839979336,-25.0,-55.946058859979814,1.0586092435522083,-61.4039526145733,6.516502998145697,2,42,7,6
2005-01-09 18:30:00,25,-20.0,-27.613296355066453,17.326646839979336,-26.0,-56.115630406832466,0.8890376966995568,-61.57352416142595,6.346931451293045,2,42,7,6
2005-01-09 19:30:00,25,-16.0,-27.641426622828746,17.326646839979336,-26.0,-56.14376067459476,0.8609074289372636,-61.601654429188244,6.318801183530752,2,42,7,6
2005-01-09 20:30:00,25,-15.0,-27.054278501523772,17.326646839979336,-23.0,-55.55661255328978,1.4480555502422376,-61.014506307883266,6.905949304835726,2,42,7,6
2005-01-09 21:30:00,25,-15.0,-26.400819090723754,17.326646839979336,-23.0,-54.903153142489764,2.1015149610422554,-60.361046897083256,7.559408715635744,2,42,7,6
2005-01-09 22:30:00,25,-13.0,-25.445054594493058,17.326646839979336,-23.0,-53.94738864625907,3.0572794572729514,-59.405282400852556,8.51517321186644,2,42,7,6
2005-01-09 23:30:00,25,-15.0,-24.187829570524315,17.326646839979336,-22.0,-52.69016362229033,4.314504481241695,-58.14805737688381,9.772398235835183,2,42,7,6
2005-01-10 00:30:00,25,-15.0,-23.272119760778097,17.326646839979336,-20.0,-51.77445381254411,5.230214290987913,-57.232347567137595,10.688108045581401,2,42,7,6
2005-01-10 01:30:00,25,-10.0,-23.428667066671665,17.326646839979336,-16.0,-51.93100111843768,5.073666985094345,-57.38889487303116,10.531560739687833,2,42,7,6
2005-01-10 02:30:00,25,-8.0,-23.370933585736232,17.326646839979336,-15.0,-51.87326763750224,5.131400466029778,-57.33116139209573,10.589294220623266,2,42,7,6
2005-01-10 03:30:00,25,-6.0,-23.217040111230816,17.326646839979336,-15.0,-51.71937416299683,5.285293940535194,-57.177267917590314,10.743187695128682,2,42,7,6
2005-01-10 04:30:00,25,-6.0,-22.683326792939006,17.326646839979336,-13.0,-51.18566084470501,5.819007258827003,-56.643554599298504,11.276901013420492,2,42,7,6
2005-01-10 05:30:00,25,-10.0,-21.274639056836833,17.326646839979336,-15.0,-49.776973108602846,7.227694994929177,-55.23486686319633,12.685588749522665,2,42,7,6
2005-01-10 06:30:00,25,-12.0,-12.000077380117382,0.07621253921617818,-15.0,-12.125447007127995,-11.874707753106769,-12.149453956981091,-11.850700803253673,2,42,7,6
2005-01-10 07:30:00,25,-17.0,-17.000036951347123,0.07621253921617818,-10.0,-17.125406578357737,-16.87466732433651,-17.149413528210832,-16.850660374483414,2,42,7,6
2005-01-10 08:30:00,25,-18.0,-18.000021726926363,0.07621253921617818,-8.0,-18.125391353936976,-17.87465209991575,-18.149398303790072,-17.850645150062654,2,42,7,6
2005-01-10 09:30:00,25,-18.0,-18.00002405127927,0.07621253921617818,-6.0,-18.125393678289882,-17.874654424268655,-18.149400628142978,-17.85064747441556,2,42,7,6
2005-01-10 10:30:00,25,-18.0,-18.000002119324286,0.07621253921617818,-6.0,-18.1253717463349,-17.874632492313673,-18.149378696187995,-17.850625542460577,2,42,7,6
2005-01-10 11:30:00,25,-14.0,-14.000040218634517,0.07621253921617818,-10.0,-14.12540984564513,-13.874670591623904,-14.149416795498226,-13.850663641770808,2,42,7,6
2005-01-10 12:30:00,25,-14.0,-14.000075370153848,0.07621253921617818,-12.0,-14.125444997164461,-13.874705743143235,-14.149451947017557,-13.850698793290139,2,42,7,6
2005-01-10 13:30:00,25,-16.0,-16.00003474543152,0.07621253921617818,-17.0,-16.125404372442134,-15.874665118420907,-16.14941132229523,-15.850658168567811,2,42,7,6
2005-01-10 14:30:00,25,-18.0,-18.000006925435272,0.07621253921617818,-18.0,-18.125376552445886,-17.87463729842466,-18.14938350229898,-17.850630348571563,2,42,7,6
2005-01-10 15:30:00,25,-19.0,-18.999992288399685,0.07621253921617818,-18.0,-19.1253619154103,-18.874622661389072,-19.149368865263394,-18.850615711535976,2,42,7,6
2005-01-10 16:30:00,25,-23.0,-22.999952505836678,0.07621253921617818,-18.0,-23.12532213284729,-22.874582878826065,-23.149329082700387,-22.85057592897297,2,42,7,6
2005-01-10 17:30:00,25,-25.0,-24.99991857367138,0.07621253921617818,-14.0,-25.125288200681993,-24.874548946660767,-25.14929515053509,-24.85054199680767,2,42,7,6
2005-01-10 18:30:00,25,-22.0,-21.999943569072514,0.07621253921617818,-14.0,-22.125313196083127,-21.8745739420619,-22.149320145936223,-21.850566992208805,2,42,7,6
2005-01-10 19:30:00,25,-23.0,-22.999930953094353,0.07621253921617818,-16.0,-23.125300580104966,-22.87456132608374,-23.14930752995806,-22.850554376230644,2,42,7,6
2005-01-10 20:30:00,25,-24.0,-23.999931326023976,0.07621253921617818,-18.0,-24.12530095303459,-23.874561699013363,-24.149307902887685,-23.850554749160267,2,42,7,6
2005-01-10 21:30:00,25,-18.0,-17.999999635605416,0.07621253921617818,-19.0,-18.12536926261603,-17.874630008594803,-18.149376212469125,-17.850623058741707,2,42,7,6
2005-01-10 22:30:00,25,-18.0,-17.99999987338047,0.07621253921617818,-23.0,-18.125369500391084,-17.874630246369858,-18.14937645024418,-17.850623296516762,2,42,7,6
2005-01-10 23:30:00,25,-16.0,-16.0000123070919,0.07621253921617818,-25.0,-16.125381934102514,-15.874642680081287,-16.14938888395561,-15.850635730228191,2,42,7,6
2005-01-11 00:30:00,25,-18.0,-17.999990048080655,0.07621253921617818,-22.0,-18.125359675091268,-17.87462042107004,-18.149366624944363,-17.850613471216946,2,42,7,6
2005-01-11 01:30:00,25,-17.0,-17.000017030081946,0.07621253921617818,-23.0,-17.12538665709256,-16.874647403071332,-17.149393606945655,-16.850640453218237,2,42,7,6
2005-01-11 02:30:00,25,-17.0,-17.000071183286693,0.07621253921617818,-24.0,-17.125440810297306,-16.87470155627608,-17.1494477601504,-16.850694606422984,2,42,7,6
2005-01-11 03:30:00,25,-16.0,-16.000075657902666,0.07621253921617818,-18.0,-16.12544528491328,-15.874706030892053,-16.149452234766375,-15.850699081038957,2,42,7,6
2005-01-11 04:30:00,25,-22.0,-21.999955835182842,0.07621253921617818,-18.0,-22.125325462193455,-21.87458620817223,-22.14933241204655,-21.850579258319133,2,42,7,6
2005-01-11 05:30:00,25,-27.0,-26.999939179436957,0.07621253921617818,-16.0,-27.12530880644757,-26.874569552426344,-27.149315756300666,-26.85056260257325,2,42,7,6
2005-01-11 06:30:00,25,-32.0,-31.99989907901288,0.07621253921617818,-18.0,-32.12526870602349,-31.874529452002268,-32.14927565587659,-31.850522502149172,2,42,7,6
2005-01-11 07:30:00,25,-32.0,-31.999849389864405,0.07621253921617818,-17.0,-32.125219016875015,-31.87447976285379,-32.14922596672812,-31.850472813000696,2,42,7,6
2005-01-11 08:30:00,25,-33.0,-32.99983693842766,0.07621253921617818,-17.0,-33.125206565438276,-32.87446731141705,-33.14921351529137,-32.850460361563954,2,42,7,6
2005-01-11 09:30:00,25,-30.0,-29.99987419083921,0.07621253921617818,-16.0,-30.125243817849825,-29.874504563828598,-30.14925076770292,-29.850497613975502,2,42,7,6
2005-01-11 10:30:00,25,-32.0,-31.999996761017396,0.07621253921617818,-22.0,-32.125366388028006,-31.874627134006783,-32.14937333788111,-31.850620184153687,2,42,7,6
2005-01-11 11:30:00,25,-25.0,-25.000100935669074,0.07621253921617818,-27.0,-25.125470562679688,-24.87473130865846,-25.149477512532783,-24.850724358805365,2,42,7,6
2005-01-11 12:30:00,25,-20.0,-20.00009629285651,0.07621253921617818,-32.0,-20.125465919867125,-19.8747266658459,-20.14947286972022,-19.850719715992803,2,42,7,6
2005-01-11 13:30:00,25,-22.0,-22.000097206804956,0.07621253921617818,-32.0,-22.12546683381557,-21.874727579794342,-22.149473783668665,-21.850720629941247,2,42,7,6
2005-01-11 14:30:00,25,-26.0,-26.000093248639722,0.07621253921617818,-33.0,-26.125462875650335,-25.87472362162911,-26.14946982550343,-25.850716671776013,2,42,7,6
2005-01-11 15:30:00,25,-26.0,-26.000056217847813,0.07621253921617818,-30.0,-26.125425844858427,-25.8746865908372,-26.149432794711522,-25.850679640984104,2,42,7,6
2005-01-11 16:30:00,25,-13.0,-13.000119795789612,0.07621253921617818,-32.0,-13.125489422800225,-12.874750168778998,-13.14949637265332,-12.850743218925903,2,42,7,6
2005-01-11 17:30:00,25,-1.0,-1.0002050683358163,0.07621253921617818,-25.0,-1.1255746953464294,-0.8748354413252033,-1.1495816451995255,-0.8508284914721072,2,42,7,6
2005-01-11 18:30:00,25,0.0,-0.0002137465748077716,0.07621253921617818,-20.0,-0.12558337358542088,0.12515588043580533,-0.149590323438517,0.14916283028890145,2,42,7,6
2005-01-11 19:30:00,25,2.0,1.9997500267098829,0.07621253921617818,-22.0,1.8743803996992698,2.125119653720496,1.8503734498461737,2.1491266035735923,2,42,7,6
2005-01-11 20:30:00,25,3.0,2.99973225099788,0.07621253921617818,-26.0,2.874362623987267,3.1251018780084934,2.8503556741341707,3.1491088278615895,2,42,7,6
2005-01-11 21:30:00,25,1.0,0.9997231478186706,0.07621253921617818,-26.0,0.8743535208080575,1.1250927748292836,0.8503465709549614,1.1490997246823798,2,42,7,6
2005-01-11 22:30:00,25,-8.0,-8.00009808631426,0.07621253921617818,-13.0,-8.125467713324873,-7.874728459303647,-8.149474663177969,-7.850721509450551,2,42,7,6
2005-01-11 23:30:00,25,-18.0,-17.999995869162206,0.07621253921617818,-1.0,-18.12536549617282,-17.874626242151592,-18.149372446025914,-17.850619292298497,2,42,7,6
2005-01-12 00:30:00,25,-12.0,-12.000033584986099,0.07621253921617818,0.0,-12.125403211996712,-11.874663957975486,-12.149410161849808,-11.85065700812239,2,42,7,6
2005-01-12 01:30:00,25,-1.0,-1.000122889948809,0.07621253921617818,2.0,-1.125492516959422,-0.874753262938196,-1.1494994668125182,-0.8507463130850998,2,42,7,6
2005-01-12 02:30:00,25,2.0,1.999814892540961,0.07621253921617818,3.0,1.8744452655303478,2.125184519551574,1.8504383156772517,2.1491914694046703,2,42,7,6
2005-01-12 03:30:00,25,-29.0,-28.999891093782814,0.07621253921617818,1.0,-29.125260720793428,-28.8745214667722,-29.149267670646523,-28.850514516919105,2,42,7,6
2005-01-12 04:30:00,25,-41.0,-40.999887820271915,0.07621253921617818,-8.0,-41.12525744728253,-40.8745181932613,-41.149264397135624,-40.85051124340821,2,42,7,6
2005-01-12 05:30:00,25,-35.0,-35.000000541674126,0.07621253921617818,-18.0,-35.12537016868474,-34.87463091466351,-35.149377118537835,-34.85062396481042,2,42,7,6
2005-01-12 06:30:00,25,-39.0,-38.999798515843814,0.07621253921617818,-12.0,-39.12516814285443,-38.8744288888332,-39.14917509270752,-38.850421938980105,2,42,7,6
2005-01-12 07:30:00,25,-49.0,-48.999665970079114,0.07621253921617818,-1.0,-49.12503559708973,-48.8742963430685,-49.14904254694282,-48.850289393215405,2,42,7,6
2005-01-12 08:30:00,25,-47.0,-46.99989833725399,0.07621253921617818,2.0,-47.1252679642646,-46.874528710243375,-47.1492749141177,-46.85052176039028,2,42,7,6
2005-01-12 09:30:00,25,-47.0,-47.00004565686207,0.07621253921617818,-29.0,-47.125415283872684,-46.87467602985146,-47.14942223372578,-46.85066907999836,2,42,7,6
2005-01-12 10:30:00,25,-50.0,-49.999715231552514,0.07621253921617818,-41.0,-50.12508485856313,-49.8743456045419,-50.14909180841622,-49.850338654688805,2,42,7,6
2005-01-12 11:30:00,25,-43.0,-42.99981584410782,0.07621253921617818,-35.0,-43.125185471118435,-42.87444621709721,-43.14919242097153,-42.85043926724411,2,42,7,6
2005-01-12 12:30:00,25,-42.0,-41.99988181204024,0.07621253921617818,-39.0,-42.12525143905086,-41.87451218502963,-42.14925838890395,-41.850505235176534,2,42,7,6
2005-01-12 13:30:00,25,-39.0,-39.000010571489824,0.07621253921617818,-49.0,-39.12538019850044,-38.87464094447921,-39.14938714835353,-38.850633994626115,2,42,7,6
2005-01-12 14:30:00,25,-36.0,-36.0000249940783,0.07621253921617818,-47.0,-36.125394621088915,-35.87465536706769,-36.14940157094201,-35.85064841721459,2,42,7,6
2005-01-12 15:30:00,25,-40.0,-40.00009055275655,0.07621253921617818,-47.0,-40.12546017976716,-39.87472092574593,-40.149467129620255,-39.85071397589284,2,42,7,6
2005-01-12 16:30:00,25,-36.0,-36.000130513438094,0.07621253921617818,-50.0,-36.12550014044871,-35.87476088642748,-36.1495070903018,-35.850753936574385,2,42,7,6
2005-01-12 17:30:00,25,-36.0,-36.00006971033384,0.07621253921617818,-43.0,-36.12543933734445,-35.874700083323226,-36.14944628719755,-35.85069313347013,2,42,7,6
2005-01-12 18:30:00,25,-40.0,-40.00003875244042,0.07621253921617818,-42.0,-40.12540837945103,-39.874669125429804,-40.14941532930413,-39.85066217557671,2,42,7,6
2005-01-12 19:30:00,25,-43.0,-42.99997365091552,0.07621253921617818,-39.0,-43.125343277926135,-42.87460402390491,-43.14935022777923,-42.85059707405181,2,42,7,6
2005-01-12 20:30:00,25,-46.0,-45.999927338486465,0.07621253921617818,-36.0,-46.12529696549708,-45.87455771147585,-46.149303915350174,-45.850550761622756,2,42,7,6
2005-01-12 21:30:00,25,-34.0,-34.00004679448253,0.07621253921617818,-40.0,-34.12541642149314,-33.874677167471916,-34.14942337134624,-33.85067021761882,2,42,7,6
2005-01-12 22:30:00,25,-28.0,-28.000109671853174,0.07621253921617818,-36.0,-28.125479298863787,-27.87474004484256,-28.149486248716883,-27.850733094989465,2,42,7,6
2005-01-12 23:30:00,25,-31.0,-31.00007354197068,0.07621253921617818,-36.0,-31.125443168981292,-30.874703914960065,-31.149450118834388,-30.85069696510697,2,42,7,6
2005-01-13 00:30:00,25,-30.0,-30.0000902718522,0.07621253921617818,-40.0,-30.125459898862815,-29.874720644841588,-30.14946684871591,-29.850713694988492,2,42,7,6
2005-01-13 01:30:00,25,-24.0,-24.00016143353379,0.07621253921617818,-43.0,-24.125531060544404,-23.874791806523177,-24.1495380103975,-23.85078485667008,2,42,7,6
2005-01-13 02:30:00,25,-20.0,-20.00020141283894,0.07621253921617818,-46.0,-20.125571039849554,-19.874831785828327,-20.14957798970265,-19.85082483597523,2,42,7,6
2005-01-13 03:30:00,25,-21.0,-21.000173062605413,0.07621253921617818,-34.0,-21.125542689616026,-20.8748034355948,-21.14954963946912,-20.850796485741704,2,42,7,6
2005-01-13 04:30:00,25,-23.0,-23.000127468970707,0.07621253921617818,-28.0,-23.12549709598132,-22.874757841960093,-23.149504045834416,-22.850750892106998,2,42,7,6
2005-01-13 05:30:00,25,-22.0,-22.0001349869971,0.07621253921617818,-31.0,-22.125504614007713,-21.874765359986487,-22.14951156386081,-21.85075841013339,2,42,7,6
2005-01-13 06:30:00,25,-25.0,-25.000095847727717,0.07621253921617818,-30.0,-25.12546547473833,-24.874726220717104,-25.149472424591426,-24.85071927086401,2,42,7,6
2005-01-13 07:30:00,25,-27.0,-27.000068974138077,0.07621253921617818,-24.0,-27.12543860114869,-26.874699347127464,-27.149445551001786,-26.85069239727437,2,42,7,6
2005-01-13 08:30:00,25,-29.0,-29.000037010739025,0.07621253921617818,-20.0,-29.125406637749638,-28.87466738372841,-29.149413587602734,-28.850660433875316,2,42,7,6
2005-01-13 09:30:00,25,-31.0,-31.00002397988813,0.07621253921617818,-21.0,-31.125393606898744,-30.874654352877517,-31.14940055675184,-30.85064740302442,2,42,7,6
2005-01-13 10:30:00,25,-29.0,-29.000052109944086,0.07621253921617818,-23.0,-29.1254217369547,-28.874682482933473,-29.149428686807795,-28.850675533080377,2,42,7,6
2005-01-13 11:30:00,25,-20.0,-20.000136457883208,0.07621253921617818,-22.0,-20.12550608489382,-19.874766830872595,-20.149513034746917,-19.8507598810195,2,42,7,6
2005-01-13 12:30:00,25,-18.0,-18.00013930460542,0.07621253921617818,-25.0,-18.125508931616032,-17.874769677594806,-18.149515881469128,-17.85076272774171,2,42,7,6
2005-01-13 13:30:00,25,-18.0,-18.000132564859523,0.07621253921617818,-27.0,-18.125502191870137,-17.87476293784891,-18.149509141723232,-17.850755987995814,2,42,7,6
2005-01-13 14:30:00,25,-17.0,-17.000133439966156,0.07621253921617818,-29.0,-17.12550306697677,-16.874763812955543,-17.149510016829865,-16.850756863102447,2,42,7,6
2005-01-13 15:30:00,25,-19.0,-19.00012062823563,0.07621253921617818,-31.0,-19.125490255246245,-18.874751001225018,-19.14949720509934,-18.850744051371922,2,42,7,6
2005-01-13 16:30:00,25,-23.0,-23.00007362615594,0.07621253921617818,-29.0,-23.125443253166555,-22.87470399914533,-23.14945020301965,-22.850697049292233,2,42,7,6
2005-01-13 17:30:00,25,-25.0,-25.000020668153454,0.0660020464623723,-20.0,-25.108594034584055,-24.891447301722852,-25.129384679219704,-24.870656657087203,2,42,7,6
2005-01-13 18:30:00,25,-23.0,-23.00002749304433,0.0660020464623723,-18.0,-23.10860085947493,-22.891454126613727,-23.12939150411058,-22.870663481978077,2,42,7,6
2005-01-13 19:30:00,25,-23.0,-23.00002426806582,0.0660020464623723,-18.0,-23.10859763449642,-22.891450901635217,-23.12938827913207,-22.870660256999567,2,42,7,6
2005-01-13 20:30:00,25,-25.0,-25.00001608140544,0.0660020464623723,-17.0,-25.108589447836042,-24.89144271497484,-25.129380092471692,-24.87065207033919,2,42,7,6
2005-01-13 21:30:00,25,-28.0,-28.0000060833028,0.0660020464623723,-19.0,-28.1085794497334,-27.8914327168722,-28.12937009436905,-27.87064207223655,2,42,7,6
2005-01-13 22:30:00,25,-24.0,-24.00004267351136,0.0660020464623723,-23.0,-24.10861603994196,-23.891469307080758,-24.12940668457761,-23.87067866244511,2,42,7,6
2005-01-13 23:30:00,25,-23.0,-23.000016348411656,0.0660020464623723,-25.0,-23.108589714842257,-22.891442981981054,-23.129380359477906,-22.870652337345405,2,42,7,6
2005-01-14 00:30:00,25,-22.0,-22.000026994459006,0.0660020464623723,-23.0,-22.108600360889607,-21.891453628028405,-22.129391005525257,-21.870662983392755,2,42,7,6
2005-01-14 01:30:00,25,-21.0,-21.000023443401126,0.0660020464623723,-23.0,-21.108596809831727,-20.891450076970525,-21.129387454467377,-20.870659432334875,2,42,7,6
2005-01-14 02:30:00,25,-18.0,-18.000045271390015,0.0660020464623723,-25.0,-18.108618637820616,-17.891471904959413,-18.129409282456265,-17.870681260323764,2,42,7,6
2005-01-14 03:30:00,25,-13.0,-13.000051228369092,0.0660020464623723,-28.0,-13.108624594799695,-12.891477861938489,-13.12941523943534,-12.870687217302843,2,42,7,6
2005-01-14 04:30:00,25,-14.0,-14.000047615462886,0.0660020464623723,-24.0,-14.10862098189349,-13.891474249032283,-14.129411626529135,-13.870683604396637,2,42,7,6
2005-01-14 05:30:00,25,-17.0,-17.00002571186392,0.0660020464623723,-23.0,-17.10859907829452,-16.89145234543332,-17.12938972293017,-16.87066170079767,2,42,7,6
2005-01-14 06:30:00,25,-22.0,-21.999994583045257,0.0660020464623723,-22.0,-22.10856794947586,-21.891421216614656,-22.12935859411151,-21.870630571979007,2,42,7,6
2005-01-14 07:30:00,25,-24.0,-23.99998393919178,0.0660020464623723,-21.0,-24.10855730562238,-23.891410572761178,-24.12934795025803,-23.870619928125528,2,42,7,6
2005-01-14 08:30:00,25,-27.0,-26.99996636217335,0.0660020464623723,-18.0,-27.10853972860395,-26.89139299574275,-27.1293303732396,-26.8706023511071,2,42,7,6
2005-01-14 09:30:00,25,-30.0,-29.99994616929127,0.0660020464623723,-13.0,-30.10851953572187,-29.89137280286067,-30.12931018035752,-29.87058215822502,2,42,7,6
2005-01-14 10:30:00,25,-30.0,-29.999942117001524,0.0660020464623723,-14.0,-30.108515483432125,-29.891368750570923,-30.129306128067775,-29.870578105935273,2,42,7,6
2005-01-14 11:30:00,25,-26.0,-25.999971132834162,0.0660020464623723,-17.0,-26.108544499264763,-25.89139776640356,-26.129335143900413,-25.87060712176791,2,42,7,6
2005-01-14 12:30:00,25,-21.0,-20.999995364853632,0.0660020464623723,-22.0,-21.108568731284233,-20.89142199842303,-21.129359375919883,-20.87063135378738,2,42,7,6
2005-01-14 13:30:00,25,-18.0,-17.999999561172743,0.0660020464623723,-24.0,-18.108572927603344,-17.89142619474214,-18.129363572238994,-17.870635550106492,2,42,7,6
2005-01-14 14:30:00,25,-16.0,-16.00001026166378,0.0660020464623723,-27.0,-16.10858362809438,-15.891436895233175,-16.12937427273003,-15.87064625059753,2,42,7,6
2005-01-14 15:30:00,25,-13.0,-13.00002834866541,0.0660020464623723,-30.0,-13.108601715096013,-12.891454982234807,-13.129392359731659,-12.87066433759916,2,42,7,6
2005-01-14 16:30:00,25,-12.0,-12.000034263005599,0.0660020464623723,-30.0,-12.108607629436202,-11.891460896574996,-12.129398274071848,-11.87067025193935,2,42,7,6
2005-01-14 17:30:00,25,-11.0,-11.000036014728554,0.0660020464623723,-26.0,-11.108609381159157,-10.891462648297951,-11.129400025794803,-10.870672003662305,2,42,7,6
2005-01-14 18:30:00,25,-10.0,-10.000034863918017,0.0660020464623723,-21.0,-10.10860823034862,-9.891461497487414,-10.129398874984266,-9.870670852851768,2,42,7,6
2005-01-14 19:30:00,25,-11.0,-11.000023778414128,0.0660020464623723,-18.0,-11.108597144844731,-10.891450411983525,-11.129387789480377,-10.87065976734788,2,42,7,6
2005-01-14 20:30:00,25,-18.0,-17.99998659389605,0.0660020464623723,-16.0,-18.10855996032665,-17.89141322746545,-18.1293506049623,-17.8706225828298,2,42,7,6
2005-01-14 21:30:00,25,-28.0,-27.999935307924837,0.0660020464623723,-13.0,-28.108508674355438,-27.891361941494235,-28.129299318991087,-27.870571296858586,2,42,7,6
2005-01-14 22:30:00,25,-32.0,-31.999913605748937,0.0660020464623723,-12.0,-32.10848697217954,-31.891340239318335,-32.12927761681519,-31.870549594682686,2,42,7,6
2005-01-14 23:30:00,25,-32.0,-31.99991357852872,0.0660020464623723,-11.0,-32.108486944959324,-31.891340212098118,-32.12927758959497,-31.87054956746247,2,42,7,6
2005-01-15 00:30:00,25,-30.0,-29.999918601570435,0.0660020464623723,-10.0,-30.108491968001037,-29.891345235139834,-30.129282612636686,-29.870554590504184,2,42,7,6
2005-01-15 01:30:00,25,-28.0,-27.99992859342289,0.0660020464623723,-11.0,-28.10850195985349,-27.89135522699229,-28.12929260448914,-27.87056458235664,2,42,7,6
2005-01-15 02:30:00,25,-25.0,-25.000003529231765,0.0660020464623723,-18.0,-25.108576895662367,-24.891430162801164,-25.129367540298016,-24.870639518165515,2,42,7,6
2005-01-15 03:30:00,25,-27.0,-27.000022159215355,0.0660020464623723,-28.0,-27.108595525645956,-26.891448792784754,-27.129386170281606,-26.870658148149104,2,42,7,6
2005-01-15 04:30:00,25,-26.0,-26.000041331557572,0.0660020464623723,-32.0,-26.108614697988173,-25.89146796512697,-26.129405342623823,-25.87067732049132,2,42,7,6
2005-01-15 05:30:00,25,-30.0,-30.00000686476076,0.0660020464623723,-32.0,-30.10858023119136,-29.89143349833016,-30.12937087582701,-29.87064285369451,2,42,7,6
2005-01-15 06:30:00,25,-25.0,-25.00003202541798,0.0660020464623723,-30.0,-25.10860539184858,-24.89145865898738,-25.12939603648423,-24.87066801435173,2,42,7,6
2005-01-15 07:30:00,25,-31.0,-30.99997544726466,0.0660020464623723,-28.0,-31.10854881369526,-30.89140208083406,-31.12933945833091,-30.87061143619841,2,42,7,6
2005-01-15 08:30:00,25,-32.0,-31.999982495414223,0.0660020464623723,-25.0,-32.10855586184483,-31.89140912898362,-32.12934650648047,-31.870618484347972,2,42,7,6
2005-01-15 09:30:00,25,-33.0,-32.999973570031024,0.0660020464623723,-27.0,-33.10854693646163,-32.89140020360042,-33.129337581097275,-32.87060955896477,2,42,7,6
2005-01-15 10:30:00,25,-33.0,-32.999978240707584,0.0660020464623723,-26.0,-33.10855160713819,-32.89140487427698,-33.129342251773835,-32.87061422964133,2,42,7,6
2005-01-15 11:30:00,25,-36.0,-35.99995812496317,0.0660020464623723,-30.0,-36.10853149139378,-35.89138475853257,-36.12932213602942,-35.87059411389692,2,42,7,6
2005-01-15 12:30:00,25,-34.0,-33.99998369344594,0.0660020464623723,-25.0,-34.108557059876546,-33.891410327015336,-34.12934770451219,-33.87061968237969,2,42,7,6
2005-01-15 13:30:00,25,-31.0,-31.000000831038154,0.0660020464623723,-31.0,-31.108574197468755,-30.891427464607553,-31.129364842104405,-30.870636819971903,2,42,7,6
2005-01-15 14:30:00,25,-28.0,-28.000041413489896,0.0660020464623723,-32.0,-28.108614779920497,-27.891468047059295,-28.129405424556147,-27.870677402423645,2,42,7,6
2005-01-15 15:30:00,25,-24.0,-24.000051276886012,0.0660020464623723,-33.0,-24.108624643316613,-23.89147791045541,-24.129415287952263,-23.87068726581976,2,42,7,6
2005-01-15 16:30:00,25,-24.0,-24.00004273711621,0.0660020464623723,-33.0,-24.10861610354681,-23.89146937068561,-24.12940674818246,-23.87067872604996,2,42,7,6
2005-01-15 17:30:00,25,-24.0,-24.000038369979762,0.0660020464623723,-36.0,-24.108611736410364,-23.89146500354916,-24.129402381046013,-23.87067435891351,2,42,7,6
2005-01-15 18:30:00,25,-24.0,-24.00002720672425,0.0660020464623723,-34.0,-24.108600573154852,-23.89145384029365,-24.129391217790502,-23.870663195658,2,42,7,6
2005-01-15 19:30:00,25,-27.0,-27.00000835828747,0.0660020464623723,-31.0,-27.10858172471807,-26.89143499185687,-27.12937236935372,-26.87064434722122,2,42,7,6
2005-01-15 20:30:00,25,-25.0,-25.000012269719342,0.0660020464623723,-28.0,-25.108585636149943,-24.89143890328874,-25.129376280785593,-24.87064825865309,2,42,7,6
2005-01-15 21:30:00,25,-22.0,-22.00001961696741,0.0660020464623723,-24.0,-22.10859298339801,-21.89144625053681,-22.12938362803366,-21.87065560590116,2,42,7,6
2005-01-15 22:30:00,25,-18.0,-18.00003863975048,0.0660020464623723,-24.0,-18.10861200618108,-17.891465273319877,-18.12940265081673,-17.870674628684228,2,42,7,6
2005-01-15 23:30:00,25,-17.0,-17.000042394329885,0.0660020464623723,-24.0,-17.108615760760486,-16.891469027899284,-17.129406405396136,-16.870678383263634,2,42,7,6
2005-01-16 00:30:00,25,-16.0,-16.000046219034964,0.0660020464623723,-24.0,-16.108619585465565,-15.89147285260436,-16.129410230101215,-15.870682207968715,2,42,7,6
2005-01-16 01:30:00,25,-16.0,-16.00003934308273,0.0660020464623723,-27.0,-16.10861270951333,-15.891465976652126,-16.12940335414898,-15.87067533201648,2,42,7,6
2005-01-16 02:30:00,25,-16.0,-16.000029295265787,0.0660020464623723,-25.0,-16.108602661696388,-15.891455928835184,-16.129393306332037,-15.870665284199537,2,42,7,6
2005-01-16 03:30:00,25,-17.0,-17.000033142158777,0.08108500550390291,-22.0,-17.133417976212698,-16.866648308104857,-17.158959752946426,-16.84110653137113,2,42,7,6
2005-01-16 04:30:00,25,-16.0,-16.000017165961385,0.0660020464623723,-18.0,-16.108590532391986,-15.891443799530782,-16.129381177027636,-15.870653154895136,2,42,7,6
2005-01-16 05:30:00,25,-14.0,-14.000022931377895,0.0660020464623723,-17.0,-14.108596297808498,-13.891449564947292,-14.129386942444144,-13.870658920311646,2,42,7,6
2005-01-16 06:30:00,25,-16.0,-16.000011980160643,0.0660020464623723,-16.0,-16.108585346591244,-15.89143861373004,-16.129375991226894,-15.870647969094394,2,42,7,6
2005-01-16 07:30:00,25,-14.0,-14.000021624086493,0.0660020464623723,-16.0,-14.108594990517096,-13.89144825765589,-14.129385635152742,-13.870657613020244,2,42,7,6
2005-01-16 08:30:00,25,-15.0,-15.00001704523233,0.0660020464623723,-16.0,-15.108590411662933,-14.891443678801727,-15.129381056298579,-14.87065303416608,2,42,7,6
2005-01-16 09:30:00,25,-17.0,-17.000010597450924,0.0660020464623723,-17.0,-17.108583963881525,-16.891437231020323,-17.129374608517175,-16.870646586384673,2,42,7,6
2005-01-16 10:30:00,25,-10.0,-10.00003911263467,0.0660020464623723,-16.0,-10.108612479065274,-9.891465746204068,-10.12940312370092,-9.870675101568422,2,42,7,6
2005-01-16 11:30:00,25,-16.0,-16.000008128279262,0.0660020464623723,-14.0,-16.108581494709863,-15.891434761848659,-16.129372139345513,-15.870644117213013,2,42,7,6
2005-01-16 12:30:00,25,-15.0,-15.000018425448616,0.0660020464623723,-16.0,-15.108591791879219,-14.891445059018013,-15.129382436514865,-14.870654414382367,2,42,7,6
2005-01-16 13:30:00,25,1.0,0.999915015422296,0.0660020464623723,-14.0,0.8913416489916935,1.1084883818528983,0.8705510043560463,1.1292790264885457,2,42,7,6
2005-01-16 14:30:00,25,-1.0,-1.000070893582624,0.0660020464623723,-15.0,-1.1086442600132262,-0.8914975271520215,-1.1294349046488736,-0.8707068825163742,2,42,7,6
2005-01-16 15:30:00,25,10.0,9.999875857552077,0.0660020464623723,-17.0,9.891302491121474,10.10844922398268,9.870511846485828,10.129239868618326,2,42,7,6
2005-01-16 16:30:00,25,0.0,-8.489270189215858e-05,0.0660020464623723,-10.0,-0.10865825913249459,0.10848847372871027,-0.12944890376814186,0.12927911836435754,2,42,7,6
2005-01-16 17:30:00,25,-4.0,-4.000056443836055,0.0660020464623723,-16.0,-4.108629810266657,-3.8914830774054523,-4.129420454902305,-3.8706924327698053,2,42,7,6
2005-01-16 18:30:00,25,-6.0,-6.0000450798140115,0.0660020464623723,-15.0,-6.108618446244614,-5.891471713383409,-6.129409090880261,-5.8706810687477615,2,42,7,6
2005-01-16 19:30:00,25,-2.0,-2.000065206200098,0.0660020464623723,1.0,-2.1086385726307006,-1.8914918397694958,-2.1294292172663476,-1.8707011951338484,2,42,7,6
2005-01-16 20:30:00,25,6.0,5.999891729524528,0.0660020464623723,-1.0,5.891318363093926,6.10846509595513,5.870527718458278,6.129255740590778,2,42,7,6
2005-01-16 21:30:00,25,2.0,1.9999075729705496,0.0660020464623723,10.0,1.8913342065399472,2.108480939401152,1.8705435619042998,2.129271584036799,2,42,7,6
2005-01-16 22:30:00,25,-12.0,-12.000045752480244,0.0660020464623723,0.0,-12.108619118910847,-11.89147238604964,-12.129409763546493,-11.870681741413994,2,42,7,6
2005-01-16 23:30:00,25,-18.0,-18.00001111778043,0.0660020464623723,-4.0,-18.108584484211033,-17.89143775134983,-18.129375128846682,-17.87064710671418,2,42,7,6
2005-01-17 00:30:00,25,-36.0,-35.99992256249625,0.0660020464623723,-6.0,-36.10849592892686,-35.89134919606565,-36.1292865735625,-35.87055855143,2,42,7,6
2005-01-17 01:30:00,25,-48.0,-47.99986453776954,0.0660020464623723,-2.0,-48.108437904200144,-47.891291171338935,-48.12922854883579,-47.87050052670329,2,42,7,6
2005-01-17 02:30:00,25,-63.0,-62.99979672932932,0.0660020464623723,6.0,-63.10837009575992,-62.891223362898714,-63.12916074039557,-62.87043271826307,2,42,7,6
2005-01-17 03:30:00,25,-65.0,-64.9998310022135,0.0660020464623723,2.0,-65.1084043686441,-64.89125763578289,-65.12919501327974,-64.87046699114725,2,42,7,6
2005-01-17 04:30:00,25,-59.0,-58.99986653680507,0.0660020464623723,-12.0,-59.10843990323568,-58.89129317037447,-59.12923054787132,-58.87050252573882,2,42,7,6
2005-01-17 05:30:00,25,-52.0,-51.999951294306996,0.0660020464623723,-18.0,-52.1085246607376,-51.89137792787639,-52.12931530537325,-51.870587283240745,2,42,7,6
2005-01-17 06:30:00,25,-48.0,-48.000018206840636,0.0660020464623723,-36.0,-48.10859157327124,-47.89144484041003,-48.12938221790689,-47.870654195774385,2,42,7,6
2005-01-17 07:30:00,25,-43.0,-43.00005896619194,0.0660020464623723,-48.0,-43.10863233262255,-42.89148559976134,-43.129422977258194,-42.87069495512569,2,42,7,6
2005-01-17 08:30:00,25,-34.0,-34.000104679680554,0.0660020464623723,-63.0,-34.10867804611116,-33.89153131324995,-34.129468690746805,-33.8707406686143,2,42,7,6
2005-01-17 09:30:00,25,-34.0,-34.000073939693856,0.0660020464623723,-65.0,-34.10864730612446,-33.89150057326325,-34.129437950760106,-33.870709928627605,2,42,7,6
2005-01-17 10:30:00,25,-37.0,-37.00002501732946,0.0660020464623723,-59.0,-37.10859838376007,-36.89145165089886,-37.129389028395714,-36.87066100626321,2,42,7,6
2005-01-17 11:30:00,25,-41.0,-40.99997172500588,0.0660020464623723,-52.0,-41.10854509143648,-40.89139835857527,-41.12933573607213,-40.87060771393963,2,42,7,6
2005-01-17 12:30:00,25,-31.0,-31.00000756235013,0.0660020464623723,-48.0,-31.108580928780732,-30.89143419591953,-31.129371573416382,-30.87064355128388,2,42,7,6
2005-01-17 13:30:00,25,-30.0,-30.00000164572342,0.0660020464623723,-43.0,-30.10857501215402,-29.891428279292818,-30.12936565678967,-29.870637634657168,2,42,7,6
2005-01-17 14:30:00,25,-4.0,-4.000130098514859,0.0660020464623723,-34.0,-4.108703464945461,-3.8915567320842563,-4.129494109581109,-3.8707660874486094,2,42,7,6
2005-01-17 15:30:00,25,-4.0,-4.000130904261091,0.0660020464623723,-34.0,-4.108704270691693,-3.8915575378304887,-4.129494915327341,-3.870766893194842,2,42,7,6
2005-01-17 16:30:00,25,-36.0,-36.00003811545207,0.0660020464623723,-37.0,-36.108611481882676,-35.891464749021466,-36.12940212651832,-35.87067410438582,2,42,7,6
2005-01-17 17:30:00,25,-52.0,-51.999987289026805,0.0660020464623723,-41.0,-52.10856065545741,-51.8914139225962,-52.129351300093056,-51.870623277960554,2,42,7,6
2005-01-17 18:30:00,25,-45.0,-44.99995897409569,0.0660020464623723,-31.0,-45.108532340526295,-44.891385607665086,-45.12932298516194,-44.87059496302944,2,42,7,6
2005-01-17 19:30:00,25,-31.0,-31.000036721069296,0.0660020464623723,-30.0,-31.108610087499898,-30.891463354638695,-31.129400732135547,-30.870672710003046,2,42,7,6
2005-01-17 20:30:00,25,-33.0,-33.00004295793606,0.0660020464623723,-4.0,-33.108616324366665,-32.891469591505455,-33.12940696900231,-32.87067894686981,2,42,7,6
2005-01-17 21:30:00,25,-28.0,-28.000576824307764,0.20388425958660514,-4.0,-28.33596643132773,-27.665187217287798,-28.40018997309751,-27.600963675518017,2,42,7,6
2005-01-17 22:30:00,25,-24.0,-24.00138300488448,0.1884899185252527,-36.0,-24.31144892085852,-23.69131708891044,-24.370823245193975,-23.631942764574987,2,42,7,6
