time,event_no,DST_true,DST_pred,sigma_nT,DST_persist,fold,L_value,L_idx,H
1998-04-24 16:30:00,1,-32.0,-50.833551249652245,18.220580044811175,,4,6,1,6
1998-04-24 17:30:00,1,-34.0,-40.13355390839794,18.220580044811175,,4,6,1,6
1998-04-24 18:30:00,1,-33.0,-35.91071916954117,18.220580044811175,,4,6,1,6
1998-04-24 19:30:00,1,-34.0,-35.30919544178119,18.220580044811175,,4,6,1,6
1998-04-24 20:30:00,1,-33.0,-28.49908050350837,18.220580044811175,,4,6,1,6
1998-04-24 21:30:00,1,-31.0,-27.260699422573236,18.220580044811175,,4,6,1,6
1998-04-24 22:30:00,1,-28.0,-29.67857581731463,18.220580044811175,-32.0,4,6,1,6
1998-04-24 23:30:00,1,-32.0,-31.291782857861936,18.220580044811175,-34.0,4,6,1,6
1998-04-25 00:30:00,1,-33.0,-29.32744828866487,18.220580044811175,-33.0,4,6,1,6
1998-04-25 01:30:00,1,-26.0,-30.86387811632291,18.220580044811175,-34.0,4,6,1,6
1998-04-25 02:30:00,1,-22.0,-26.046168759580432,18.220580044811175,-33.0,4,6,1,6
1998-04-25 03:30:00,1,-30.0,-27.703859839416697,18.220580044811175,-31.0,4,6,1,6
1998-04-25 04:30:00,1,-35.0,-36.04127327887332,18.220580044811175,-28.0,4,6,1,6
1998-04-25 05:30:00,1,-39.0,-35.63781351352799,18.220580044811175,-32.0,4,6,1,6
1998-04-25 06:30:00,1,-36.0,-28.103319797455327,18.220580044811175,-33.0,4,6,1,6
1998-04-25 07:30:00,1,-30.0,-28.864993074864937,18.220580044811175,-26.0,4,6,1,6
1998-04-25 08:30:00,1,-32.0,-35.09581384123525,18.220580044811175,-22.0,4,6,1,6
1998-04-25 09:30:00,1,-25.0,-34.95531861538119,18.220580044811175,-30.0,4,6,1,6
1998-04-25 10:30:00,1,-20.0,-33.01834667027978,18.220580044811175,-35.0,4,6,1,6
1998-04-25 11:30:00,1,-25.0,-29.82924177825821,18.220580044811175,-39.0,4,6,1,6
1998-04-25 12:30:00,1,-24.0,-25.327880856439954,18.220580044811175,-36.0,4,6,1,6
1998-04-25 13:30:00,1,-17.0,-27.597360126804055,18.220580044811175,-30.0,4,6,1,6
1998-04-25 14:30:00,1,-22.0,-25.86038397768814,18.220580044811175,-32.0,4,6,1,6
1998-04-25 15:30:00,1,-24.0,-25.879260561174075,18.220580044811175,-25.0,4,6,1,6
1998-04-25 16:30:00,1,-30.0,-23.68473779369232,18.220580044811175,-20.0,4,6,1,6
1998-04-25 17:30:00,1,-32.0,-25.730791360497022,18.220580044811175,-25.0,4,6,1,6
1998-04-25 18:30:00,1,-28.0,-20.950007432825444,18.220580044811175,-24.0,4,6,1,6
1998-04-25 19:30:00,1,-35.0,-27.14051432937657,18.220580044811175,-17.0,4,6,1,6
1998-04-25 20:30:00,1,-33.0,-21.977323183393214,18.220580044811175,-22.0,4,6,1,6
1998-04-25 21:30:00,1,-33.0,-27.07811448652631,18.220580044811175,-24.0,4,6,1,6
1998-04-25 22:30:00,1,-27.0,-31.027768226509373,18.220580044811175,-30.0,4,6,1,6
1998-04-25 23:30:00,1,-22.0,-25.25405763229451,18.220580044811175,-32.0,4,6,1,6
1998-04-26 00:30:00,1,-21.0,-29.43490322591422,18.220580044811175,-28.0,4,6,1,6
1998-04-26 01:30:00,1,-30.0,-40.03090586208065,18.220580044811175,-35.0,4,6,1,6
1998-04-26 02:30:00,1,-33.0,-29.233581870569033,18.220580044811175,-33.0,4,6,1,6
1998-04-26 03:30:00,1,-29.0,-26.461905996128756,18.220580044811175,-33.0,4,6,1,6
1998-04-26 04:30:00,1,-22.0,-24.688478041848455,18.220580044811175,-27.0,4,6,1,6
1998-04-26 05:30:00,1,-21.0,-23.634535653808165,18.220580044811175,-22.0,4,6,1,6
1998-04-26 06:30:00,1,-36.0,-36.29571429736677,18.220580044811175,-21.0,4,6,1,6
1998-04-26 07:30:00,1,-38.0,-31.489837419020084,18.220580044811175,-30.0,4,6,1,6
1998-04-26 08:30:00,1,-40.0,-35.92703975080803,18.220580044811175,-33.0,4,6,1,6
1998-04-26 09:30:00,1,-36.0,-25.43358858441495,18.220580044811175,-29.0,4,6,1,6
1998-04-26 10:30:00,1,-27.0,-22.964193019221092,18.220580044811175,-22.0,4,6,1,6
1998-04-26 11:30:00,1,-22.0,-25.127860293129128,18.220580044811175,-21.0,4,6,1,6
1998-04-26 12:30:00,1,-26.0,-34.828663178626826,18.220580044811175,-36.0,4,6,1,6
1998-04-26 13:30:00,1,-29.0,-35.24153716280079,18.220580044811175,-38.0,4,6,1,6
1998-04-26 14:30:00,1,-44.0,-33.700805263195555,18.220580044811175,-40.0,4,6,1,6
1998-04-26 15:30:00,1,-51.0,-29.68436043892166,18.220580044811175,-36.0,4,6,1,6
1998-04-26 16:30:00,1,-60.0,-27.145170515318224,18.220580044811175,-27.0,4,6,1,6
1998-04-26 17:30:00,1,-63.0,-29.470723437574406,18.220580044811175,-22.0,4,6,1,6
1998-04-26 18:30:00,1,-60.0,-27.75856774513867,18.220580044811175,-26.0,4,6,1,6
1998-04-26 19:30:00,1,-57.0,-46.03342580362831,18.220580044811175,-29.0,4,6,1,6
1998-04-26 20:30:00,1,-52.0,-54.20915386998868,18.220580044811175,-44.0,4,6,1,6
1998-04-26 21:30:00,1,-50.0,-51.79751962467017,18.220580044811175,-51.0,4,6,1,6
1998-04-26 22:30:00,1,-47.0,-55.01725397058527,18.220580044811175,-60.0,4,6,1,6
1998-04-26 23:30:00,1,-39.0,-47.50827668905961,18.220580044811175,-63.0,4,6,1,6
1998-04-27 00:30:00,1,-32.0,-43.27117597080891,18.220580044811175,-60.0,4,6,1,6
1998-04-27 01:30:00,1,-33.0,-42.97886982492539,18.220580044811175,-57.0,4,6,1,6
1998-04-27 02:30:00,1,-34.0,-42.02966712032816,18.220580044811175,-52.0,4,6,1,6
1998-04-27 03:30:00,1,-31.0,-44.900630234333796,18.220580044811175,-50.0,4,6,1,6
1998-04-27 04:30:00,1,-36.0,-46.10654136955795,18.220580044811175,-47.0,4,6,1,6
1998-04-27 05:30:00,1,-33.0,-38.078718998258346,18.220580044811175,-39.0,4,6,1,6
1998-04-27 06:30:00,1,-26.0,-37.34861770412162,18.220580044811175,-32.0,4,6,1,6
1998-04-27 07:30:00,1,-28.0,-42.04208931390379,18.220580044811175,-33.0,4,6,1,6
1998-04-27 08:30:00,1,-32.0,-31.826106119343923,18.220580044811175,-34.0,4,6,1,6
1998-04-27 09:30:00,1,-27.0,-30.44667029535028,18.220580044811175,-31.0,4,6,1,6
1998-04-27 10:30:00,1,-21.0,-32.52235546526021,18.220580044811175,-36.0,4,6,1,6
1998-04-27 11:30:00,1,-20.0,-27.396623358680614,18.220580044811175,-33.0,4,6,1,6
1998-04-27 12:30:00,1,-20.0,-25.189398639021018,18.220580044811175,-26.0,4,6,1,6
1998-04-27 13:30:00,1,-21.0,-27.762503168082752,18.220580044811175,-28.0,4,6,1,6
1998-04-27 14:30:00,1,-24.0,-28.871534640062706,18.220580044811175,-32.0,4,6,1,6
1998-04-27 15:30:00,1,-28.0,-24.31233092081286,18.220580044811175,-27.0,4,6,1,6
1998-04-27 16:30:00,1,-30.0,-22.636638429003924,18.220580044811175,-21.0,4,6,1,6
1998-04-27 17:30:00,1,-29.0,-23.015004246571188,18.220580044811175,-20.0,4,6,1,6
1998-04-27 18:30:00,1,-27.0,-22.878512816435677,18.220580044811175,-20.0,4,6,1,6
1998-04-27 19:30:00,1,-25.0,-27.130176935649274,18.220580044811175,-21.0,4,6,1,6
1998-04-27 20:30:00,1,-27.0,-21.23029022631777,18.220580044811175,-24.0,4,6,1,6
1998-04-27 21:30:00,1,-27.0,-21.67975005478274,18.220580044811175,-28.0,4,6,1,6
1998-04-27 22:30:00,1,-24.0,-22.897879404805337,18.220580044811175,-30.0,4,6,1,6
1998-04-27 23:30:00,1,-17.0,-22.961486596898176,18.220580044811175,-29.0,4,6,1,6
1998-04-28 00:30:00,1,-14.0,-25.435089366814644,18.220580044811175,-27.0,4,6,1,6
1998-04-28 01:30:00,1,-18.0,-25.16664645876867,18.220580044811175,-25.0,4,6,1,6
1998-04-28 02:30:00,1,-21.0,-23.24513333089461,18.220580044811175,-27.0,4,6,1,6
1998-04-28 03:30:00,1,-24.0,-22.211625286052012,18.220580044811175,-27.0,4,6,1,6
1998-04-28 04:30:00,1,-25.0,-21.988448573346318,18.220580044811175,-24.0,4,6,1,6
1998-04-28 05:30:00,1,-17.0,-20.069971196658887,18.220580044811175,-17.0,4,6,1,6
1998-04-28 06:30:00,1,-16.0,-22.744024708592242,18.220580044811175,-14.0,4,6,1,6
1998-04-28 07:30:00,1,-19.0,-25.141346253120936,18.220580044811175,-18.0,4,6,1,6
1998-04-28 08:30:00,1,-20.0,-23.608592744080376,18.220580044811175,-21.0,4,6,1,6
1998-04-28 09:30:00,1,-18.0,-24.043905105960505,18.220580044811175,-24.0,4,6,1,6
1998-04-28 10:30:00,1,-16.0,-18.512886096275636,18.220580044811175,-25.0,4,6,1,6
1998-04-28 11:30:00,1,-11.0,-17.753051476726245,18.220580044811175,-17.0,4,6,1,6
1998-04-28 12:30:00,1,-13.0,-19.056938518678663,18.220580044811175,-16.0,4,6,1,6
1998-04-28 13:30:00,1,-16.0,-18.004705450000213,18.220580044811175,-19.0,4,6,1,6
1998-04-28 14:30:00,1,-21.0,-18.363577050018797,18.220580044811175,-20.0,4,6,1,6
1998-04-28 15:30:00,1,-23.0,-18.311953326198708,18.220580044811175,-18.0,4,6,1,6
1998-04-28 16:30:00,1,-24.0,-16.4618202353289,18.220580044811175,-16.0,4,6,1,6
1998-04-28 17:30:00,1,-25.0,-14.885060869090857,18.220580044811175,-11.0,4,6,1,6
1998-04-28 18:30:00,1,-24.0,-14.211084221540514,18.220580044811175,-13.0,4,6,1,6
1998-04-28 19:30:00,1,-22.0,-17.374162607434258,18.220580044811175,-16.0,4,6,1,6
1998-04-28 20:30:00,1,-25.0,-17.27511324814676,18.220580044811175,-21.0,4,6,1,6
1998-04-28 21:30:00,1,-25.0,-17.070576093308826,18.220580044811175,-23.0,4,6,1,6
1998-04-28 22:30:00,1,-25.0,-20.61215020504134,18.220580044811175,-24.0,4,6,1,6
1998-04-28 23:30:00,1,-19.0,-22.020330798083382,18.220580044811175,-25.0,4,6,1,6
1998-04-29 00:30:00,1,-16.0,-19.830136596998933,18.220580044811175,-24.0,4,6,1,6
1998-04-29 01:30:00,1,-19.0,-20.75075093526936,18.220580044811175,-22.0,4,6,1,6
1998-04-29 02:30:00,1,-18.0,-24.506173434176873,18.220580044811175,-25.0,4,6,1,6
1998-04-29 03:30:00,1,-14.0,-27.142442441616726,18.220580044811175,-25.0,4,6,1,6
1998-04-29 04:30:00,1,-16.0,-23.621012658563515,18.220580044811175,-25.0,4,6,1,6
1998-04-29 05:30:00,1,-16.0,-19.541731117899133,18.220580044811175,-19.0,4,6,1,6
1998-04-29 06:30:00,1,-12.0,-19.529455925788632,18.220580044811175,-16.0,4,6,1,6
1998-04-29 07:30:00,1,-12.0,-19.499602093360952,18.220580044811175,-19.0,4,6,1,6
1998-04-29 08:30:00,1,-11.0,-16.101373782404938,18.220580044811175,-18.0,4,6,1,6
1998-04-29 09:30:00,1,-8.0,-14.334585964072271,18.220580044811175,-14.0,4,6,1,6
1998-04-29 10:30:00,1,-10.0,-14.645565854210787,18.220580044811175,-16.0,4,6,1,6
1998-04-29 11:30:00,1,-14.0,-15.862639984414008,18.220580044811175,-16.0,4,6,1,6
1998-04-29 12:30:00,1,-13.0,-13.21769504166657,18.220580044811175,-12.0,4,6,1,6
1998-04-29 13:30:00,1,-9.0,-12.299248120346956,18.220580044811175,-12.0,4,6,1,6
1998-04-29 14:30:00,1,-11.0,-10.609013878953714,18.220580044811175,-11.0,4,6,1,6
1998-04-29 15:30:00,1,-13.0,-11.354340935306038,18.220580044811175,-8.0,4,6,1,6
1998-04-29 16:30:00,1,-13.0,-12.378097882962454,18.220580044811175,-10.0,4,6,1,6
1998-04-29 17:30:00,1,-11.0,-11.90646476373568,18.220580044811175,-14.0,4,6,1,6
1998-04-29 18:30:00,1,-10.0,-11.802861777668237,18.220580044811175,-13.0,4,6,1,6
1998-04-29 19:30:00,1,-12.0,-10.484174309134755,18.220580044811175,-9.0,4,6,1,6
1998-04-29 20:30:00,1,-13.0,-9.345375610241451,18.220580044811175,-11.0,4,6,1,6
1998-04-29 21:30:00,1,-12.0,-10.060755391374318,18.220580044811175,-13.0,4,6,1,6
1998-04-29 22:30:00,1,-5.0,-10.654372377539534,18.220580044811175,-13.0,4,6,1,6
1998-04-29 23:30:00,1,-4.0,-11.653982340344339,18.220580044811175,-11.0,4,6,1,6
1998-04-30 00:30:00,1,-4.0,-13.689181159428227,18.220580044811175,-10.0,4,6,1,6
1998-04-30 01:30:00,1,-4.0,-12.564042201328519,18.220580044811175,-12.0,4,6,1,6
1998-04-30 02:30:00,1,-3.0,-13.580038839082174,18.220580044811175,-13.0,4,6,1,6
1998-04-30 03:30:00,1,-4.0,-12.963282226942589,18.220580044811175,-12.0,4,6,1,6
1998-04-30 04:30:00,1,-2.0,-8.938233970990709,18.220580044811175,-5.0,4,6,1,6
1998-04-30 05:30:00,1,2.0,-7.919607260512301,18.220580044811175,-4.0,4,6,1,6
1998-04-30 06:30:00,1,8.0,-8.077967722563208,18.220580044811175,-4.0,4,6,1,6
1998-04-30 07:30:00,1,9.0,-6.962566187094794,18.220580044811175,-4.0,4,6,1,6
1998-04-30 08:30:00,1,9.0,-3.9431219071765753,18.220580044811175,-3.0,4,6,1,6
1998-04-30 09:30:00,1,20.0,-3.6934108602438975,18.220580044811175,-4.0,4,6,1,6
1998-04-30 10:30:00,1,34.0,-2.9315831743186003,18.220580044811175,-2.0,4,6,1,6
1998-04-30 11:30:00,1,31.0,-1.3453781092870223,18.220580044811175,2.0,4,6,1,6
1998-04-30 12:30:00,1,28.0,0.6928279723274642,18.220580044811175,8.0,4,6,1,6
1998-04-30 13:30:00,1,30.0,2.1760773135566183,18.220580044811175,9.0,4,6,1,6
1998-04-30 14:30:00,1,17.0,3.9881290481370826,18.220580044811175,9.0,4,6,1,6
1998-04-30 15:30:00,1,-3.0,6.3230205518401235,18.220580044811175,20.0,4,6,1,6
1998-04-30 16:30:00,1,-11.0,5.397950587766495,18.220580044811175,34.0,4,6,1,6
1998-04-30 17:30:00,1,-9.0,0.45754358080873203,18.220580044811175,31.0,4,6,1,6
1998-04-30 18:30:00,1,-9.0,6.369951624238837,18.220580044811175,28.0,4,6,1,6
1998-04-30 19:30:00,1,-9.0,6.134484905321507,18.220580044811175,30.0,4,6,1,6
1998-04-30 20:30:00,1,-15.0,-40.46585242961734,18.220580044811175,17.0,4,6,1,6
1998-04-30 21:30:00,1,-18.0,-20.895753636280602,18.220580044811175,-3.0,4,6,1,6
1998-04-30 22:30:00,1,-16.0,-16.89620386702243,18.220580044811175,-11.0,4,6,1,6
1998-04-30 23:30:00,1,-8.0,-14.600296240231781,18.220580044811175,-9.0,4,6,1,6
1998-05-01 00:30:00,1,-1.0,-9.867249044151468,18.220580044811175,-9.0,4,6,1,6
1998-05-01 01:30:00,1,6.0,-14.40183970413704,18.220580044811175,-9.0,4,6,1,6
1998-05-01 02:30:00,1,3.0,-25.630889050847962,18.220580044811175,-15.0,4,6,1,6
1998-05-01 03:30:00,1,1.0,-19.878810035600484,18.220580044811175,-18.0,4,6,1,6
1998-05-01 04:30:00,1,-1.0,-18.50962129629452,18.220580044811175,-16.0,4,6,1,6
1998-05-01 05:30:00,1,-5.0,-11.772661523183224,18.220580044811175,-8.0,4,6,1,6
1998-05-01 06:30:00,1,-4.0,-9.842463913404767,18.220580044811175,-1.0,4,6,1,6
1998-05-01 07:30:00,1,-13.0,-8.338376829608528,18.220580044811175,6.0,4,6,1,6
1998-05-01 08:30:00,1,-10.0,-3.8775524164563393,18.220580044811175,3.0,4,6,1,6
1998-05-01 09:30:00,1,-4.0,0.7846936321102618,18.220580044811175,1.0,4,6,1,6
1998-05-01 10:30:00,1,0.0,-8.441460182589974,18.220580044811175,-1.0,4,6,1,6
1998-05-01 11:30:00,1,0.0,-5.032557741992381,18.220580044811175,-5.0,4,6,1,6
1998-05-01 12:30:00,1,0.0,-8.092626845410361,18.220580044811175,-4.0,4,6,1,6
1998-05-01 13:30:00,1,-4.0,-14.256458673773711,18.220580044811175,-13.0,4,6,1,6
1998-05-01 14:30:00,1,-2.0,-9.428489554891623,18.220580044811175,-10.0,4,6,1,6
1998-05-01 15:30:00,1,0.0,-8.619010603343156,18.220580044811175,-4.0,4,6,1,6
1998-05-01 16:30:00,1,-4.0,-8.251728012518068,18.220580044811175,0.0,4,6,1,6
1998-05-01 17:30:00,1,-1.0,-4.721566456391454,18.220580044811175,0.0,4,6,1,6
1998-05-01 18:30:00,1,1.0,-17.90712154717893,18.220580044811175,0.0,4,6,1,6
1998-05-01 19:30:00,1,-4.0,-9.777528010394658,18.220580044811175,-4.0,4,6,1,6
1998-05-01 20:30:00,1,-5.0,-8.356718965907326,18.220580044811175,-2.0,4,6,1,6
1998-05-01 21:30:00,1,-2.0,-12.422674652826792,18.220580044811175,0.0,4,6,1,6
1998-05-01 22:30:00,1,21.0,-6.441852811258347,18.220580044811175,-4.0,4,6,1,6
1998-05-01 23:30:00,1,19.0,-4.3368715990004105,18.220580044811175,-1.0,4,6,1,6
1998-05-02 00:30:00,1,12.0,-8.853602150747221,18.220580044811175,1.0,4,6,1,6
1998-05-02 01:30:00,1,12.0,-6.224076408189834,18.220580044811175,-4.0,4,6,1,6
1998-05-02 02:30:00,1,17.0,-9.12812111935142,18.220580044811175,-5.0,4,6,1,6
1998-05-02 03:30:00,1,14.0,-8.15565742710514,18.220580044811175,-2.0,4,6,1,6
1998-05-02 04:30:00,1,9.0,-17.11220371750087,18.220580044811175,21.0,4,6,1,6
1998-05-02 05:30:00,1,-5.0,-12.757765062337203,18.220580044811175,19.0,4,6,1,6
1998-05-02 06:30:00,1,-5.0,-6.170093823650401,18.220580044811175,12.0,4,6,1,6
1998-05-02 07:30:00,1,-24.0,-9.80611238830961,18.220580044811175,12.0,4,6,1,6
1998-05-02 08:30:00,1,-24.0,-6.731390999321924,18.220580044811175,17.0,4,6,1,6
1998-05-02 09:30:00,1,-2.0,-12.968471720525141,18.220580044811175,14.0,4,6,1,6
1998-05-02 10:30:00,1,-29.0,-43.45886493447029,18.220580044811175,9.0,4,6,1,6
1998-05-02 11:30:00,1,-55.0,-46.96006150423739,18.220580044811175,-5.0,4,6,1,6
1998-05-02 12:30:00,1,-46.0,-45.21727822747618,18.220580044811175,-5.0,4,6,1,6
1998-05-02 13:30:00,1,-52.0,-44.2940725610532,18.220580044811175,-24.0,4,6,1,6
1998-05-02 14:30:00,1,-76.0,-32.332885123742635,18.220580044811175,-24.0,4,6,1,6
1998-05-02 15:30:00,1,-72.0,-22.09854013571131,18.220580044811175,-2.0,4,6,1,6
1998-05-02 16:30:00,1,-78.0,-59.58557633885742,18.220580044811175,-29.0,4,6,1,6
1998-05-02 17:30:00,1,-85.0,-66.97531492033974,18.220580044811175,-55.0,4,6,1,6
1998-05-02 18:30:00,1,-82.0,-69.67558825173751,18.220580044811175,-46.0,4,6,1,6
1998-05-02 19:30:00,1,-77.0,-73.4407538710075,18.220580044811175,-52.0,4,6,1,6
1998-05-02 20:30:00,1,-68.0,-80.53049550902428,18.220580044811175,-76.0,4,6,1,6
1998-05-02 21:30:00,1,-58.0,-69.55223920840207,18.220580044811175,-72.0,4,6,1,6
1998-05-02 22:30:00,1,-46.0,-71.07033815278044,18.220580044811175,-78.0,4,6,1,6
1998-05-02 23:30:00,1,-36.0,-71.26164517575772,18.220580044811175,-85.0,4,6,1,6
1998-05-03 00:30:00,1,-28.0,-65.94356519534736,18.220580044811175,-82.0,4,6,1,6
1998-05-03 01:30:00,1,-43.0,-63.04616631786461,18.220580044811175,-77.0,4,6,1,6
1998-05-03 02:30:00,1,-44.0,-58.18600615721409,18.220580044811175,-68.0,4,6,1,6
1998-05-03 03:30:00,1,-54.0,-52.472054649878714,18.220580044811175,-58.0,4,6,1,6
1998-05-03 04:30:00,1,-62.0,-46.08270092264523,18.220580044811175,-46.0,4,6,1,6
1998-05-03 05:30:00,1,-55.0,-41.44194329754946,18.220580044811175,-36.0,4,6,1,6
1998-05-03 06:30:00,1,-69.0,-37.37439338543851,18.220580044811175,-28.0,4,6,1,6
1998-05-03 07:30:00,1,-67.0,-45.668875844689694,18.220580044811175,-43.0,4,6,1,6
1998-05-03 08:30:00,1,-66.0,-40.88250871020922,18.220580044811175,-44.0,4,6,1,6
1998-05-03 09:30:00,1,-49.0,-45.89539940470587,18.220580044811175,-54.0,4,6,1,6
1998-05-03 10:30:00,1,-49.0,-49.191060577127715,18.220580044811175,-62.0,4,6,1,6
1998-05-03 11:30:00,1,-66.0,-43.69101329473317,18.220580044811175,-55.0,4,6,1,6
1998-05-03 12:30:00,1,-49.0,-53.45219660469839,18.220580044811175,-69.0,4,6,1,6
1998-05-03 13:30:00,1,-48.0,-52.39421908341791,18.220580044811175,-67.0,4,6,1,6
1998-05-03 14:30:00,1,-42.0,-52.46863373206256,18.220580044811175,-66.0,4,6,1,6
1998-05-03 15:30:00,1,-41.0,-44.48630489557836,18.220580044811175,-49.0,4,6,1,6
1998-05-03 16:30:00,1,-59.0,-42.90605509920343,18.220580044811175,-49.0,4,6,1,6
1998-05-03 17:30:00,1,-56.0,-52.27635581568775,18.220580044811175,-66.0,4,6,1,6
1998-05-03 18:30:00,1,-53.0,-41.8168756622919,18.220580044811175,-49.0,4,6,1,6
1998-05-03 19:30:00,1,-53.0,-39.54454980541722,18.220580044811175,-48.0,4,6,1,6
1998-05-03 20:30:00,1,-70.0,-35.99838332233256,18.220580044811175,-42.0,4,6,1,6
1998-05-03 21:30:00,1,-49.0,-35.73869811203698,18.220580044811175,-41.0,4,6,1,6
1998-05-03 22:30:00,1,-57.0,-45.512809289222375,18.220580044811175,-59.0,4,6,1,6
1998-05-03 23:30:00,1,-61.0,-44.358108222532735,18.220580044811175,-56.0,4,6,1,6
1998-05-04 00:30:00,1,-60.0,-50.92261932341283,18.220580044811175,-53.0,4,6,1,6
1998-05-04 01:30:00,1,-58.0,-52.408303874959486,18.220580044811175,-53.0,4,6,1,6
1998-05-04 02:30:00,1,-62.0,-69.44845389493602,18.220580044811175,-70.0,4,6,1,6
1998-05-04 03:30:00,1,-76.0,-53.39700382205078,18.220580044811175,-49.0,4,6,1,6
1998-05-04 04:30:00,1,-162.0,-57.07782022854512,18.220580044811175,-57.0,4,6,1,6
1998-05-04 05:30:00,1,-205.0,-60.30880987268482,18.220580044811175,-61.0,4,6,1,6
1998-05-04 06:30:00,1,-192.0,-53.23227557560389,18.220580044811175,-60.0,4,6,1,6
1998-05-04 07:30:00,1,-185.0,-52.495146414910955,18.220580044811175,-58.0,4,6,1,6
1998-05-04 08:30:00,1,-170.0,-52.84013264398018,18.220580044811175,-62.0,4,6,1,6
1998-05-04 09:30:00,1,-135.0,-136.093917850691,18.220580044811175,-76.0,4,6,1,6
1998-05-04 10:30:00,1,-125.0,-205.82487646559827,18.220580044811175,-162.0,4,6,1,6
1998-05-04 11:30:00,1,-136.0,-177.48322190002793,18.220580044811175,-205.0,4,6,1,6
1998-05-04 12:30:00,1,-139.0,-144.10758079017026,18.220580044811175,-192.0,4,6,1,6
1998-05-04 13:30:00,1,-111.0,-135.56324484070626,18.220580044811175,-185.0,4,6,1,6
1998-05-04 14:30:00,1,-105.0,-124.4250099223706,18.220580044811175,-170.0,4,6,1,6
1998-05-04 15:30:00,1,-110.0,-103.65375759936683,18.220580044811175,-135.0,4,6,1,6
1998-05-04 16:30:00,1,-116.0,-93.8884479924621,18.220580044811175,-125.0,4,6,1,6
1998-05-04 17:30:00,1,-113.0,-100.30722024545912,18.220580044811175,-136.0,4,6,1,6
1998-05-04 18:30:00,1,-108.0,-99.60613493237622,18.220580044811175,-139.0,4,6,1,6
1998-05-04 19:30:00,1,-106.0,-86.36149436898108,18.220580044811175,-111.0,4,6,1,6
1998-05-04 20:30:00,1,-101.0,-82.08457220733068,18.220580044811175,-105.0,4,6,1,6
1998-05-04 21:30:00,1,-96.0,-85.95575209251457,18.220580044811175,-110.0,4,6,1,6
1998-05-04 22:30:00,1,-85.0,-91.5073205395675,18.220580044811175,-116.0,4,6,1,6
1998-05-04 23:30:00,1,-78.0,-88.46304098886796,18.220580044811175,-113.0,4,6,1,6
1998-05-05 00:30:00,1,-74.0,-85.402712068907,18.220580044811175,-108.0,4,6,1,6
1998-05-05 01:30:00,1,-72.0,-83.3248725690226,18.220580044811175,-106.0,4,6,1,6
1998-05-05 02:30:00,1,-68.0,-81.60090320070407,18.220580044811175,-101.0,4,6,1,6
1998-05-05 03:30:00,1,-89.0,-79.85102055086,18.220580044811175,-96.0,4,6,1,6
1998-05-05 04:30:00,1,-119.0,-73.98919012780054,18.220580044811175,-85.0,4,6,1,6
1998-05-05 05:30:00,1,-114.0,-67.30768181433362,18.220580044811175,-78.0,4,6,1,6
1998-05-05 06:30:00,1,-105.0,-64.29531183748094,18.220580044811175,-74.0,4,6,1,6
1998-05-05 07:30:00,1,-104.0,-62.183356602226695,18.220580044811175,-72.0,4,6,1,6
1998-05-05 08:30:00,1,-109.0,-66.01686992595305,18.220580044811175,-68.0,4,6,1,6
1998-05-05 09:30:00,1,-107.0,-106.17302996399295,18.220580044811175,-89.0,4,6,1,6
1998-05-05 10:30:00,1,-104.0,-108.53982192517293,18.220580044811175,-119.0,4,6,1,6
1998-05-05 11:30:00,1,-102.0,-95.305286857845,18.220580044811175,-114.0,4,6,1,6
1998-05-05 12:30:00,1,-97.0,-84.80084476795528,18.220580044811175,-105.0,4,6,1,6
1998-05-05 13:30:00,1,-90.0,-83.6021059367734,18.220580044811175,-104.0,4,6,1,6
1998-05-05 14:30:00,1,-95.0,-85.79750102690282,18.220580044811175,-109.0,4,6,1,6
1998-05-05 15:30:00,1,-104.0,-84.77295323415498,18.220580044811175,-107.0,4,6,1,6
1998-05-05 16:30:00,1,-105.0,-83.90132798879495,18.220580044811175,-104.0,4,6,1,6
1998-05-05 17:30:00,1,-97.0,-81.99133909205841,18.220580044811175,-102.0,4,6,1,6
1998-05-05 18:30:00,1,-94.0,-79.7635079577187,18.220580044811175,-97.0,4,6,1,6
1998-05-05 19:30:00,1,-95.0,-78.94469384336209,18.220580044811175,-90.0,4,6,1,6
1998-05-05 20:30:00,1,-94.0,-83.65122949614025,18.220580044811175,-95.0,4,6,1,6
1998-05-05 21:30:00,1,-82.0,-80.97496412495266,18.220580044811175,-104.0,4,6,1,6
1998-05-05 22:30:00,1,-68.0,-81.54753597113489,18.220580044811175,-105.0,4,6,1,6
1998-05-05 23:30:00,1,-57.0,-77.20816667546522,18.220580044811175,-97.0,4,6,1,6
1998-05-06 00:30:00,1,-54.0,-74.60602650817701,18.220580044811175,-94.0,4,6,1,6
1998-05-06 01:30:00,1,-52.0,-74.81496459059856,18.220580044811175,-95.0,4,6,1,6
1998-05-06 02:30:00,1,-52.0,-72.61294189953017,18.220580044811175,-94.0,4,6,1,6
1998-05-06 03:30:00,1,-60.0,-66.98090325510672,18.220580044811175,-82.0,4,6,1,6
1998-05-06 04:30:00,1,-67.0,-61.41864130612612,18.220580044811175,-68.0,4,6,1,6
1998-05-06 05:30:00,1,-67.0,-57.443872109429684,18.220580044811175,-57.0,4,6,1,6
1998-05-06 06:30:00,1,-64.0,-55.681217425313946,18.220580044811175,-54.0,4,6,1,6
1998-05-06 07:30:00,1,-62.0,-53.7710621548262,18.220580044811175,-52.0,4,6,1,6
1998-05-06 08:30:00,1,-62.0,-50.4591909371229,18.220580044811175,-52.0,4,6,1,6
1998-05-06 09:30:00,1,-65.0,-52.82489691073497,18.220580044811175,-60.0,4,6,1,6
1998-05-06 10:30:00,1,-63.0,-60.089406197583834,18.220580044811175,-67.0,4,6,1,6
1998-05-06 11:30:00,1,-61.0,-53.803320429822875,18.220580044811175,-67.0,4,6,1,6
1998-05-06 12:30:00,1,-60.0,-51.51984639207026,18.220580044811175,-64.0,4,6,1,6
1998-05-06 13:30:00,1,-62.0,-51.46983854482023,18.220580044811175,-62.0,4,6,1,6
1998-05-06 14:30:00,1,-66.0,-51.624503458410835,18.220580044811175,-62.0,4,6,1,6
1998-05-06 15:30:00,1,-69.0,-53.317495401707845,18.220580044811175,-65.0,4,6,1,6
1998-05-06 16:30:00,1,-70.0,-53.453814760360935,18.220580044811175,-63.0,4,6,1,6
1998-05-06 17:30:00,1,-72.0,-52.96969677251527,18.220580044811175,-61.0,4,6,1,6
1998-05-06 18:30:00,1,-71.0,-52.741883246154025,18.220580044811175,-60.0,4,6,1,6
1998-05-06 19:30:00,1,-70.0,-52.24031196807772,18.220580044811175,-62.0,4,6,1,6
1998-05-06 20:30:00,1,-69.0,-50.085376467243094,18.220580044811175,-66.0,4,6,1,6
1998-05-06 21:30:00,1,-64.0,-51.04525728989374,18.220580044811175,-69.0,4,6,1,6
1998-05-06 22:30:00,1,-58.0,-53.197480670674246,18.220580044811175,-70.0,4,6,1,6
1998-05-06 23:30:00,1,-53.0,-55.21890351524793,18.220580044811175,-72.0,4,6,1,6
1998-05-07 00:30:00,1,-44.0,-56.078613665109714,18.220580044811175,-71.0,4,6,1,6
1998-05-07 01:30:00,1,-42.0,-55.46735650313029,18.220580044811175,-70.0,4,6,1,6
1998-05-07 02:30:00,1,-46.0,-54.308843654263754,18.220580044811175,-69.0,4,6,1,6
1998-05-07 03:30:00,1,-50.0,-52.324492528009685,18.220580044811175,-64.0,4,6,1,6
1998-05-07 04:30:00,1,-48.0,-50.32285106663747,18.220580044811175,-58.0,4,6,1,6
1998-05-07 05:30:00,1,-46.0,-47.36308482337233,18.220580044811175,-53.0,4,6,1,6
1998-05-07 06:30:00,1,-46.0,-43.84723140985057,18.220580044811175,-44.0,4,6,1,6
1998-05-07 07:30:00,1,-48.0,-41.89772760765324,18.220580044811175,-42.0,4,6,1,6
1998-05-07 08:30:00,1,-52.0,-39.46811645060624,18.220580044811175,-46.0,4,6,1,6
1998-05-07 09:30:00,1,-50.0,-38.84010397046893,18.220580044811175,-50.0,4,6,1,6
1998-05-07 10:30:00,1,-50.0,-36.832684724767134,18.220580044811175,-48.0,4,6,1,6
1998-05-07 11:30:00,1,-46.0,-36.54513675421386,18.220580044811175,-46.0,4,6,1,6
1998-05-07 12:30:00,1,-46.0,-37.82561780125802,18.220580044811175,-46.0,4,6,1,6
1998-05-07 13:30:00,1,-40.0,-40.198892071231214,18.220580044811175,-48.0,4,6,1,6
1998-05-07 14:30:00,1,-38.0,-42.29183910540866,18.220580044811175,-52.0,4,6,1,6
1998-05-07 15:30:00,1,-39.0,-44.113249363495214,18.220580044811175,-50.0,4,6,1,6
1998-05-07 16:30:00,1,-42.0,-43.21868391275301,18.220580044811175,-50.0,4,6,1,6
1998-05-07 17:30:00,1,-40.0,-38.98414147581385,18.220580044811175,-46.0,4,6,1,6
1998-05-07 18:30:00,1,-33.0,-36.595932597689696,18.220580044811175,-46.0,4,6,1,6
1998-05-07 19:30:00,1,-33.0,-36.08996751419377,18.220580044811175,-40.0,4,6,1,6
1998-05-07 20:30:00,1,-28.0,-36.14676306862968,18.220580044811175,-38.0,4,6,1,6
1998-05-07 21:30:00,1,-24.0,-35.42057867981062,18.220580044811175,-39.0,4,6,1,6
1998-05-07 22:30:00,1,-18.0,-35.23444006881042,18.220580044811175,-42.0,4,6,1,6
1998-05-07 23:30:00,1,-13.0,-34.50188746826554,18.220580044811175,-40.0,4,6,1,6
1998-05-08 00:30:00,1,-25.0,-32.544493145201976,18.220580044811175,-33.0,4,6,1,6
1998-05-08 01:30:00,1,-38.0,-31.79250859262725,18.220580044811175,-33.0,4,6,1,6
1998-05-08 02:30:00,1,-39.0,-30.03741323094598,18.220580044811175,-28.0,4,6,1,6
1998-05-08 03:30:00,1,-38.0,-28.792842134828497,18.220580044811175,-24.0,4,6,1,6
1998-05-08 04:30:00,1,-48.0,-31.514500333432412,18.220580044811175,-18.0,4,6,1,6
1998-05-08 05:30:00,1,-47.0,-29.06050359903955,18.220580044811175,-13.0,4,6,1,6
1998-05-08 06:30:00,1,-47.0,-42.962734989695846,18.220580044811175,-25.0,4,6,1,6
1998-05-08 07:30:00,1,-49.0,-32.46948794452323,18.220580044811175,-38.0,4,6,1,6
1998-05-08 08:30:00,1,-48.0,-30.200348686268857,18.220580044811175,-39.0,4,6,1,6
1998-05-08 09:30:00,1,-40.0,-34.8429510942859,18.220580044811175,-38.0,4,6,1,6
1998-05-08 10:30:00,1,-34.0,-39.97328869480482,18.220580044811175,-48.0,4,6,1,6
1998-05-08 11:30:00,1,-34.0,-38.806438355864344,18.220580044811175,-47.0,4,6,1,6
1998-05-08 12:30:00,1,-40.0,-38.43473204653081,18.220580044811175,-47.0,4,6,1,6
1998-05-08 13:30:00,1,-36.0,-44.027058643993726,18.220580044811175,-49.0,4,6,1,6
1998-05-08 14:30:00,1,-41.0,-38.12185082348881,18.220580044811175,-48.0,4,6,1,6
1998-05-08 15:30:00,1,-49.0,-37.09161811943006,18.220580044811175,-40.0,4,6,1,6
1998-05-08 16:30:00,1,-48.0,-37.29373943623659,18.220580044811175,-34.0,4,6,1,6
1998-05-08 17:30:00,1,-42.0,-40.84115001893011,18.220580044811175,-34.0,4,6,1,6
1998-05-08 18:30:00,1,-40.0,-36.1924409250496,18.220580044811175,-40.0,4,6,1,6
1998-05-08 19:30:00,1,-52.0,-39.741157427735565,18.220580044811175,-36.0,4,6,1,6
1998-05-08 20:30:00,1,-56.0,-43.32618072832672,18.220580044811175,-41.0,4,6,1,6
1998-05-08 21:30:00,1,-53.0,-43.00471131503771,18.220580044811175,-49.0,4,6,1,6
1998-05-08 22:30:00,1,-43.0,-40.440089568195674,18.220580044811175,-48.0,4,6,1,6
1998-05-08 23:30:00,1,-34.0,-39.90018509411072,18.220580044811175,-42.0,4,6,1,6
1998-05-09 00:30:00,1,-30.0,-40.93519733999174,18.220580044811175,-40.0,4,6,1,6
1998-05-09 01:30:00,1,-29.0,-49.24714448493597,18.220580044811175,-52.0,4,6,1,6
1998-05-09 02:30:00,1,-31.0,-49.25317154500582,18.220580044811175,-56.0,4,6,1,6
1998-05-09 03:30:00,1,-35.0,-45.27858353616174,18.220580044811175,-53.0,4,6,1,6
1998-05-09 04:30:00,1,-39.0,-40.21483831155783,18.220580044811175,-43.0,4,6,1,6
1998-05-09 05:30:00,1,-47.0,-35.30094769097374,18.220580044811175,-34.0,4,6,1,6
1998-05-09 06:30:00,1,-46.0,-34.33763298816844,18.220580044811175,-30.0,4,6,1,6
1998-05-09 07:30:00,1,-43.0,-30.406713815720998,18.220580044811175,-29.0,4,6,1,6
1998-05-09 08:30:00,1,-43.0,-29.33538807710062,18.220580044811175,-31.0,4,6,1,6
1998-05-09 09:30:00,1,-46.0,-32.32983911663984,18.220580044811175,-35.0,4,6,1,6
1998-05-09 10:30:00,1,-44.0,-38.2491871391223,18.220580044811175,-39.0,4,6,1,6
1998-05-09 11:30:00,1,-42.0,-40.068163326437585,18.220580044811175,-47.0,4,6,1,6
1998-05-09 12:30:00,1,-37.0,-39.670350582490656,18.220580044811175,-46.0,4,6,1,6
1998-05-09 13:30:00,1,-34.0,-37.75280820349415,18.220580044811175,-43.0,4,6,1,6
1998-05-09 14:30:00,1,-34.0,-37.19260584687389,18.220580044811175,-43.0,4,6,1,6
1998-05-09 15:30:00,1,-35.0,-34.54969841280576,18.220580044811175,-46.0,4,6,1,6
1998-05-09 16:30:00,1,-42.0,-35.5043370378602,18.220580044811175,-44.0,4,6,1,6
1998-05-09 17:30:00,1,-49.0,-35.822465871343056,18.220580044811175,-42.0,4,6,1,6
1998-05-09 18:30:00,1,-54.0,-35.31085803974714,18.220580044811175,-37.0,4,6,1,6
1998-05-09 19:30:00,1,-63.0,-35.477389903007335,18.220580044811175,-34.0,4,6,1,6
1998-05-09 20:30:00,1,-62.0,-33.5938505867461,18.220580044811175,-34.0,4,6,1,6
1998-05-09 21:30:00,1,-54.0,-36.94001345727027,18.220580044811175,-35.0,4,6,1,6
1998-05-09 22:30:00,1,-47.0,-45.409364700082456,18.220580044811175,-42.0,4,6,1,6
1998-05-09 23:30:00,1,-37.0,-47.01191769549069,18.220580044811175,-49.0,4,6,1,6
1998-05-10 00:30:00,1,-31.0,-52.97487714972789,18.220580044811175,-54.0,4,6,1,6
1998-05-10 01:30:00,1,-24.0,-45.4000648632078,18.220580044811175,-63.0,4,6,1,6
1998-05-10 02:30:00,1,-23.0,-44.117456568217825,18.220580044811175,-62.0,4,6,1,6
1998-05-10 03:30:00,1,-28.0,-43.11351519015011,18.220580044811175,-54.0,4,6,1,6
1998-05-10 04:30:00,1,-32.0,-40.554958108403895,18.220580044811175,-47.0,4,6,1,6
1998-05-10 05:30:00,1,-32.0,-36.93905139535611,18.220580044811175,-37.0,4,6,1,6
1998-05-10 06:30:00,1,-40.0,-34.9383063295459,18.220580044811175,-31.0,4,6,1,6
1998-05-10 07:30:00,1,-46.0,-30.227927414625924,18.220580044811175,-24.0,4,6,1,6
1998-05-10 08:30:00,1,-49.0,-26.771573128997375,18.220580044811175,-23.0,4,6,1,6
1998-05-10 09:30:00,1,-48.0,-26.040126885409443,18.220580044811175,-28.0,4,6,1,6
1998-05-10 10:30:00,1,-46.0,-26.844743393146597,18.220580044811175,-32.0,4,6,1,6
1998-05-10 11:30:00,1,-40.0,-31.841390140861105,18.220580044811175,-32.0,4,6,1,6
1998-05-10 12:30:00,1,-41.0,-39.265156427766165,18.220580044811175,-40.0,4,6,1,6
1998-05-10 13:30:00,1,-37.0,-43.93299593905784,18.220580044811175,-46.0,4,6,1,6
1998-05-10 14:30:00,1,-36.0,-39.16179901391371,18.220580044811175,-49.0,4,6,1,6
1998-05-10 15:30:00,1,-38.0,-37.94526616817507,18.220580044811175,-48.0,4,6,1,6
1998-05-10 16:30:00,1,-40.0,-36.3915954332171,18.220580044811175,-46.0,4,6,1,6
1998-05-10 17:30:00,1,-39.0,-36.256088571034006,18.220580044811175,-40.0,4,6,1,6
1998-05-10 18:30:00,1,-36.0,-35.273396881499586,18.220580044811175,-41.0,4,6,1,6
1998-05-10 19:30:00,1,-39.0,-33.66694108265843,18.220580044811175,-37.0,4,6,1,6
1998-05-10 20:30:00,1,-35.0,-33.02819434400991,18.220580044811175,-36.0,4,6,1,6
1998-05-10 21:30:00,1,-29.0,-35.47336815943548,18.220580044811175,-38.0,4,6,1,6
1998-05-10 22:30:00,1,-21.0,-36.34766820471026,18.220580044811175,-40.0,4,6,1,6
1998-05-10 23:30:00,1,-22.0,-36.31206991968055,18.220580044811175,-39.0,4,6,1,6
1998-05-11 00:30:00,1,-22.0,-36.02592900384863,18.220580044811175,-36.0,4,6,1,6
1998-05-11 01:30:00,1,-21.0,-34.13882775092388,18.220580044811175,-39.0,4,6,1,6
1998-05-11 02:30:00,1,-27.0,-31.1167627995374,18.220580044811175,-35.0,4,6,1,6
1998-05-11 03:30:00,1,-29.0,-26.768278700813987,18.220580044811175,-29.0,4,6,1,6
1998-05-11 04:30:00,1,-33.0,-27.787453533034427,18.220580044811175,-21.0,4,6,1,6
1998-05-11 05:30:00,1,-30.0,-27.098042871192895,18.220580044811175,-22.0,4,6,1,6
1998-05-11 06:30:00,1,-27.0,-22.423406536345425,18.220580044811175,-22.0,4,6,1,6
1998-05-11 07:30:00,1,-27.0,-22.27100818022862,18.220580044811175,-21.0,4,6,1,6
1998-05-11 08:30:00,1,-30.0,-23.784020759959272,18.220580044811175,-27.0,4,6,1,6
1998-05-11 09:30:00,1,-31.0,-22.29730890747615,18.220580044811175,-29.0,4,6,1,6
1998-05-11 10:30:00,1,-34.0,-25.60055717877209,18.220580044811175,-33.0,4,6,1,6
1998-05-11 11:30:00,1,-33.0,-25.028669060334597,18.220580044811175,-30.0,4,6,1,6
1998-05-11 12:30:00,1,-31.0,-25.481691110349644,18.220580044811175,-27.0,4,6,1,6
1998-05-11 13:30:00,1,-26.0,-26.893485204522623,18.220580044811175,-27.0,4,6,1,6
1998-05-11 14:30:00,1,-24.0,-34.277847264395554,18.220580044811175,-30.0,4,6,1,6
1998-05-11 15:30:00,1,-28.0,-32.37048416708538,18.220580044811175,-31.0,4,6,1,6
1998-05-11 16:30:00,1,-32.0,-29.168446831853267,18.220580044811175,-34.0,4,6,1,6
1998-05-11 17:30:00,1,-36.0,-27.941178890749143,18.220580044811175,-33.0,4,6,1,6
1998-05-11 18:30:00,1,-36.0,-27.493735489358027,18.220580044811175,-31.0,4,6,1,6
1998-05-11 19:30:00,1,-33.0,-25.3335842853773,18.220580044811175,-26.0,4,6,1,6
1998-05-11 20:30:00,1,-35.0,-24.69578709143969,18.220580044811175,-24.0,4,6,1,6
1998-05-11 21:30:00,1,-38.0,-26.658142696145585,18.220580044811175,-28.0,4,6,1,6
1998-05-11 22:30:00,1,-34.0,-31.11797955003647,18.220580044811175,-32.0,4,6,1,6
1998-05-11 23:30:00,1,-30.0,-32.522250342119456,18.220580044811175,-36.0,4,6,1,6
1998-05-12 00:30:00,1,-30.0,-33.75538639439819,18.220580044811175,-36.0,4,6,1,6
1998-05-12 01:30:00,1,-35.0,-33.05621920472042,18.220580044811175,-33.0,4,6,1,6
1998-05-12 02:30:00,1,-34.0,-40.57515998416838,18.220580044811175,-35.0,4,6,1,6
1998-05-12 03:30:00,1,-34.0,-39.7208398880276,18.220580044811175,-38.0,4,6,1,6
1998-05-12 04:30:00,1,-39.0,-37.74476528612357,18.220580044811175,-34.0,4,6,1,6
1998-05-12 05:30:00,1,-46.0,-31.725906957899024,18.220580044811175,-30.0,4,6,1,6
1998-05-12 06:30:00,1,-48.0,-33.88928022887682,18.220580044811175,-30.0,4,6,1,6
1998-05-12 07:30:00,1,-45.0,-27.069159932162744,18.220580044811175,-35.0,4,6,1,6
1998-05-12 08:30:00,1,-43.0,-28.474337820859155,18.220580044811175,-34.0,4,6,1,6
1998-05-12 09:30:00,1,-42.0,-33.097465383613624,18.220580044811175,-34.0,4,6,1,6
1998-05-12 10:30:00,1,-36.0,-39.47314241930317,18.220580044811175,-39.0,4,6,1,6
1998-05-12 11:30:00,1,-35.0,-41.40219364556296,18.220580044811175,-46.0,4,6,1,6
1998-05-12 12:30:00,1,-34.0,-35.99628969100087,18.220580044811175,-48.0,4,6,1,6
1998-05-12 13:30:00,1,-34.0,-38.31698216365165,18.220580044811175,-45.0,4,6,1,6
1998-05-12 14:30:00,1,-37.0,-37.211679571859555,18.220580044811175,-43.0,4,6,1,6
1998-05-12 15:30:00,1,-39.0,-34.327387185470286,18.220580044811175,-42.0,4,6,1,6
1998-05-12 16:30:00,1,-38.0,-32.34680183221363,18.220580044811175,-36.0,4,6,1,6
1998-05-12 17:30:00,1,-38.0,-35.51417588010696,18.220580044811175,-35.0,4,6,1,6
1998-05-12 18:30:00,1,-36.0,-32.66188435590171,18.220580044811175,-34.0,4,6,1,6
1998-05-12 19:30:00,1,-40.0,-29.98894576532753,18.220580044811175,-34.0,4,6,1,6
1998-05-12 20:30:00,1,-35.0,-30.951721462760734,18.220580044811175,-37.0,4,6,1,6
1998-05-12 21:30:00,1,-35.0,-35.312649976211475,18.220580044811175,-39.0,4,6,1,6
1998-05-12 22:30:00,1,-30.0,-32.03118541330612,18.220580044811175,-38.0,4,6,1,6
1998-05-12 23:30:00,1,-22.0,-32.66072258850878,18.220580044811175,-38.0,4,6,1,6
1998-05-13 00:30:00,1,-18.0,-34.306281791979785,18.220580044811175,-36.0,4,6,1,6
1998-05-13 01:30:00,1,-21.0,-32.11254474163136,18.220580044811175,-40.0,4,6,1,6
1998-05-13 02:30:00,1,-24.0,-29.42463790848668,18.220580044811175,-35.0,4,6,1,6
1998-05-13 03:30:00,1,-28.0,-30.661152982451807,18.220580044811175,-35.0,4,6,1,6
1998-05-13 04:30:00,1,-29.0,-26.65785780958528,18.220580044811175,-30.0,4,6,1,6
1998-05-13 05:30:00,1,-27.0,-24.023491844368277,18.220580044811175,-22.0,4,6,1,6
1998-05-13 06:30:00,1,-27.0,-23.405148983860904,18.220580044811175,-18.0,4,6,1,6
1998-05-13 07:30:00,1,-25.0,-24.698863866291003,18.220580044811175,-21.0,4,6,1,6
1998-05-13 08:30:00,1,-26.0,-21.595879451428395,18.220580044811175,-24.0,4,6,1,6
1998-05-13 09:30:00,1,-24.0,-21.804908697549244,18.220580044811175,-28.0,4,6,1,6
1998-05-13 10:30:00,1,-23.0,-23.87684021994598,18.220580044811175,-29.0,4,6,1,6
1998-05-13 11:30:00,1,-22.0,-22.252881418169412,18.220580044811175,-27.0,4,6,1,6
1998-05-13 12:30:00,1,-21.0,-23.10432871823605,18.220580044811175,-27.0,4,6,1,6
1998-05-13 13:30:00,1,-18.0,-22.974115048343464,18.220580044811175,-25.0,4,6,1,6
1998-05-13 14:30:00,1,-20.0,-21.641653884392262,18.220580044811175,-26.0,4,6,1,6
1998-05-13 15:30:00,1,-26.0,-20.420218710723862,18.220580044811175,-24.0,4,6,1,6
1998-05-13 16:30:00,1,-30.0,-19.767328226821192,18.220580044811175,-23.0,4,6,1,6
1998-05-13 17:30:00,1,-27.0,-19.75430207373772,18.220580044811175,-22.0,4,6,1,6
1998-05-13 18:30:00,1,-27.0,-18.89434122370287,18.220580044811175,-21.0,4,6,1,6
1998-05-13 19:30:00,1,-30.0,-17.471330575877488,18.220580044811175,-18.0,4,6,1,6
1998-05-13 20:30:00,1,-31.0,-19.84437294819059,18.220580044811175,-20.0,4,6,1,6
1998-05-13 21:30:00,1,-28.0,-22.456555936502735,18.220580044811175,-26.0,4,6,1,6
1998-05-13 22:30:00,1,-23.0,-24.419461942043146,18.220580044811175,-30.0,4,6,1,6
1998-05-13 23:30:00,1,-22.0,-23.512576856887026,18.220580044811175,-27.0,4,6,1,6
1998-05-14 00:30:00,1,-17.0,-24.0556549672538,18.220580044811175,-27.0,4,6,1,6
1998-05-14 01:30:00,1,-17.0,-23.247086513152073,18.220580044811175,-30.0,4,6,1,6
1998-05-14 02:30:00,1,-16.0,-27.39730594687911,18.220580044811175,-31.0,4,6,1,6
1998-05-14 03:30:00,1,-17.0,-24.924638174653573,18.220580044811175,-28.0,4,6,1,6
1998-05-14 04:30:00,1,-21.0,-22.572682535761267,18.220580044811175,-23.0,4,6,1,6
1998-05-14 05:30:00,1,-19.0,-20.717986701741587,18.220580044811175,-22.0,4,6,1,6
2003-11-11 07:30:00,21,-39.0,-37.198833467082196,18.220580044811175,-17.0,4,6,1,6
2003-11-11 08:30:00,21,-37.0,-33.62221261070073,18.220580044811175,-17.0,4,6,1,6
2003-11-11 09:30:00,21,-47.0,-33.07644324822038,18.220580044811175,-16.0,4,6,1,6
2003-11-11 10:30:00,21,-50.0,-42.32773993996542,18.220580044811175,-17.0,4,6,1,6
2003-11-11 11:30:00,21,-38.0,-39.40093393218155,18.220580044811175,-21.0,4,6,1,6
2003-11-11 12:30:00,21,-55.0,-38.357721511548654,18.220580044811175,-19.0,4,6,1,6
2003-11-11 13:30:00,21,-62.0,-40.537785716321714,18.220580044811175,-39.0,4,6,1,6
2003-11-11 14:30:00,21,-59.0,-52.471254688417375,18.220580044811175,-37.0,4,6,1,6
2003-11-11 15:30:00,21,-54.0,-48.832269884892256,18.220580044811175,-47.0,4,6,1,6
2003-11-11 16:30:00,21,-52.0,-50.18471299218338,18.220580044811175,-50.0,4,6,1,6
2003-11-11 17:30:00,21,-51.0,-38.35104775898691,18.220580044811175,-38.0,4,6,1,6
2003-11-11 18:30:00,21,-51.0,-53.37159877814885,18.220580044811175,-55.0,4,6,1,6
2003-11-11 19:30:00,21,-52.0,-48.24115648181901,18.220580044811175,-62.0,4,6,1,6
2003-11-11 20:30:00,21,-49.0,-50.98505734106217,18.220580044811175,-59.0,4,6,1,6
2003-11-11 21:30:00,21,-48.0,-48.4771086474351,18.220580044811175,-54.0,4,6,1,6
2003-11-11 22:30:00,21,-54.0,-48.14515768781928,18.220580044811175,-52.0,4,6,1,6
2003-11-11 23:30:00,21,-46.0,-55.16086414608973,18.220580044811175,-51.0,4,6,1,6
2003-11-12 00:30:00,21,-47.0,-47.56976432514377,18.220580044811175,-51.0,4,6,1,6
2003-11-12 01:30:00,21,-38.0,-47.353782707405195,18.220580044811175,-52.0,4,6,1,6
2003-11-12 02:30:00,21,-39.0,-47.4171152688539,18.220580044811175,-49.0,4,6,1,6
2003-11-12 03:30:00,21,-35.0,-46.79364900844596,18.220580044811175,-48.0,4,6,1,6
2003-11-12 04:30:00,21,-35.0,-46.287977642993724,18.220580044811175,-54.0,4,6,1,6
2003-11-12 05:30:00,21,-32.0,-44.09361953994382,18.220580044811175,-46.0,4,6,1,6
2003-11-12 06:30:00,21,-33.0,-43.133180339634976,18.220580044811175,-47.0,4,6,1,6
2003-11-12 07:30:00,21,-34.0,-40.60603143138947,18.220580044811175,-38.0,4,6,1,6
2003-11-12 08:30:00,21,-39.0,-38.36524023764828,18.220580044811175,-39.0,4,6,1,6
2003-11-12 09:30:00,21,-29.0,-36.61399867891156,18.220580044811175,-35.0,4,6,1,6
2003-11-12 10:30:00,21,-29.0,-36.29125154939956,18.220580044811175,-35.0,4,6,1,6
2003-11-12 11:30:00,21,-30.0,-35.86928469843701,18.220580044811175,-32.0,4,6,1,6
2003-11-12 12:30:00,21,-30.0,-36.337426247980666,18.220580044811175,-33.0,4,6,1,6
2003-11-12 13:30:00,21,-28.0,-42.564232250499856,18.220580044811175,-34.0,4,6,1,6
2003-11-12 14:30:00,21,-26.0,-39.28929144738225,18.220580044811175,-39.0,4,6,1,6
2003-11-12 15:30:00,21,-28.0,-33.14775306068751,18.220580044811175,-29.0,4,6,1,6
2003-11-12 16:30:00,21,-36.0,-31.105147262257287,18.220580044811175,-29.0,4,6,1,6
2003-11-12 17:30:00,21,-29.0,-31.818851625528985,18.220580044811175,-30.0,4,6,1,6
2003-11-12 18:30:00,21,-33.0,-31.100976950344236,18.220580044811175,-30.0,4,6,1,6
2003-11-12 19:30:00,21,-35.0,-27.966597039432845,18.220580044811175,-28.0,4,6,1,6
2003-11-12 20:30:00,21,-31.0,-27.268848317744254,18.220580044811175,-26.0,4,6,1,6
2003-11-12 21:30:00,21,-30.0,-29.953562284764292,18.220580044811175,-28.0,4,6,1,6
2003-11-12 22:30:00,21,-27.0,-37.154680038646475,18.220580044811175,-36.0,4,6,1,6
2003-11-12 23:30:00,21,-27.0,-30.967281396911574,18.220580044811175,-29.0,4,6,1,6
2003-11-13 00:30:00,21,-29.0,-40.3036875924401,18.220580044811175,-33.0,4,6,1,6
2003-11-13 01:30:00,21,-29.0,-32.208473026207415,18.220580044811175,-35.0,4,6,1,6
2003-11-13 02:30:00,21,-25.0,-31.547456722945114,18.220580044811175,-31.0,4,6,1,6
2003-11-13 03:30:00,21,-18.0,-32.34420238479411,18.220580044811175,-30.0,4,6,1,6
2003-11-13 04:30:00,21,-23.0,-30.504677614770447,18.220580044811175,-27.0,4,6,1,6
2003-11-13 05:30:00,21,-31.0,-33.56662810903269,18.220580044811175,-27.0,4,6,1,6
2003-11-13 06:30:00,21,-31.0,-34.633081860141985,18.220580044811175,-29.0,4,6,1,6
2003-11-13 07:30:00,21,-26.0,-29.637429366522944,18.220580044811175,-29.0,4,6,1,6
2003-11-13 08:30:00,21,-33.0,-30.311112011143052,18.220580044811175,-25.0,4,6,1,6
2003-11-13 09:30:00,21,-36.0,-24.680762174249104,18.220580044811175,-18.0,4,6,1,6
2003-11-13 10:30:00,21,-25.0,-36.465386180294665,18.220580044811175,-23.0,4,6,1,6
2003-11-13 11:30:00,21,-14.0,-29.24059919632251,18.220580044811175,-31.0,4,6,1,6
2003-11-13 12:30:00,21,-18.0,-27.771039508975786,18.220580044811175,-31.0,4,6,1,6
2003-11-13 13:30:00,21,-31.0,-26.469592235525834,18.220580044811175,-26.0,4,6,1,6
2003-11-13 14:30:00,21,-32.0,-37.575479994258004,18.220580044811175,-33.0,4,6,1,6
2003-11-13 15:30:00,21,-36.0,-32.76919955629324,18.220580044811175,-36.0,4,6,1,6
2003-11-13 16:30:00,21,-44.0,-30.59873675862433,18.220580044811175,-25.0,4,6,1,6
2003-11-13 17:30:00,21,-52.0,-30.092365284450135,18.220580044811175,-14.0,4,6,1,6
2003-11-13 18:30:00,21,-46.0,-32.42458412488766,18.220580044811175,-18.0,4,6,1,6
2003-11-13 19:30:00,21,-59.0,-40.96508307971417,18.220580044811175,-31.0,4,6,1,6
2003-11-13 20:30:00,21,-59.0,-27.467160131466358,18.220580044811175,-32.0,4,6,1,6
2003-11-13 21:30:00,21,-55.0,-30.31042942294456,18.220580044811175,-36.0,4,6,1,6
2003-11-13 22:30:00,21,-47.0,-34.501680498179475,18.220580044811175,-44.0,4,6,1,6
2003-11-13 23:30:00,21,-55.0,-46.68022541287162,18.220580044811175,-52.0,4,6,1,6
2003-11-14 00:30:00,21,-51.0,-41.852679065645034,18.220580044811175,-46.0,4,6,1,6
2003-11-14 01:30:00,21,-38.0,-47.44928921742871,18.220580044811175,-59.0,4,6,1,6
2003-11-14 02:30:00,21,-37.0,-53.8692158307681,18.220580044811175,-59.0,4,6,1,6
2003-11-14 03:30:00,21,-35.0,-46.978585967934784,18.220580044811175,-55.0,4,6,1,6
2003-11-14 04:30:00,21,-44.0,-45.174822153166765,18.220580044811175,-47.0,4,6,1,6
2003-11-14 05:30:00,21,-52.0,-48.326804777309675,18.220580044811175,-55.0,4,6,1,6
2003-11-14 06:30:00,21,-55.0,-45.66907640482815,18.220580044811175,-51.0,4,6,1,6
2003-11-14 07:30:00,21,-42.0,-38.77515838131577,18.220580044811175,-38.0,4,6,1,6
2003-11-14 08:30:00,21,-35.0,-37.537884654440546,18.220580044811175,-37.0,4,6,1,6
2003-11-14 09:30:00,21,-39.0,-44.768845130174554,18.220580044811175,-35.0,4,6,1,6
2003-11-14 10:30:00,21,-38.0,-39.17822671252725,18.220580044811175,-44.0,4,6,1,6
2003-11-14 11:30:00,21,-28.0,-51.76278397614507,18.220580044811175,-52.0,4,6,1,6
2003-11-14 12:30:00,21,-35.0,-47.070547349601846,18.220580044811175,-55.0,4,6,1,6
2003-11-14 13:30:00,21,-39.0,-38.206283792913204,18.220580044811175,-42.0,4,6,1,6
2003-11-14 14:30:00,21,-32.0,-36.848159762723,18.220580044811175,-35.0,4,6,1,6
2003-11-14 15:30:00,21,-27.0,-42.31753074519026,18.220580044811175,-39.0,4,6,1,6
2003-11-14 16:30:00,21,-25.0,-35.662533405252375,18.220580044811175,-38.0,4,6,1,6
2003-11-14 17:30:00,21,-25.0,-35.67720306890226,18.220580044811175,-28.0,4,6,1,6
2003-11-14 18:30:00,21,-30.0,-43.03058129380605,18.220580044811175,-35.0,4,6,1,6
2003-11-14 19:30:00,21,-41.0,-32.964741275546196,18.220580044811175,-39.0,4,6,1,6
2003-11-14 20:30:00,21,-37.0,-31.29003222994885,18.220580044811175,-32.0,4,6,1,6
2003-11-14 21:30:00,21,-35.0,-30.233430283424813,18.220580044811175,-27.0,4,6,1,6
2003-11-14 22:30:00,21,-28.0,-33.308917589929884,18.220580044811175,-25.0,4,6,1,6
2003-11-14 23:30:00,21,-28.0,-35.95341283924188,18.220580044811175,-25.0,4,6,1,6
2003-11-15 00:30:00,21,-26.0,-42.31758943182168,18.220580044811175,-30.0,4,6,1,6
2003-11-15 01:30:00,21,-18.0,-40.63694390227525,18.220580044811175,-41.0,4,6,1,6
2003-11-15 02:30:00,21,-19.0,-31.58330456860165,18.220580044811175,-37.0,4,6,1,6
2003-11-15 03:30:00,21,-19.0,-32.48487379518031,18.220580044811175,-35.0,4,6,1,6
2003-11-15 04:30:00,21,-25.0,-30.228074985864165,18.220580044811175,-28.0,4,6,1,6
2003-11-15 05:30:00,21,-26.0,-27.852906220264934,18.220580044811175,-28.0,4,6,1,6
2003-11-15 06:30:00,21,-17.0,-27.379511932322345,18.220580044811175,-26.0,4,6,1,6
2003-11-15 07:30:00,21,-37.0,-25.13584509364141,18.220580044811175,-18.0,4,6,1,6
2003-11-15 08:30:00,21,-34.0,-23.00503777514541,18.220580044811175,-19.0,4,6,1,6
2003-11-15 09:30:00,21,-46.0,-21.847027466171255,18.220580044811175,-19.0,4,6,1,6
2003-11-15 10:30:00,21,-39.0,-27.01508105596593,18.220580044811175,-25.0,4,6,1,6
2003-11-15 11:30:00,21,-37.0,-23.280002306329934,18.220580044811175,-26.0,4,6,1,6
2003-11-15 12:30:00,21,-50.0,-35.31715289318368,18.220580044811175,-17.0,4,6,1,6
2003-11-15 13:30:00,21,-48.0,-49.996732304684244,18.220580044811175,-37.0,4,6,1,6
2003-11-15 14:30:00,21,-46.0,-43.13855216061612,18.220580044811175,-34.0,4,6,1,6
2003-11-15 15:30:00,21,-43.0,-43.679294201188384,18.220580044811175,-46.0,4,6,1,6
2003-11-15 16:30:00,21,-49.0,-33.8227359987905,18.220580044811175,-39.0,4,6,1,6
2003-11-15 17:30:00,21,-43.0,-35.388719245998374,18.220580044811175,-37.0,4,6,1,6
2003-11-15 18:30:00,21,-43.0,-37.54908753353806,18.220580044811175,-50.0,4,6,1,6
2003-11-15 19:30:00,21,-44.0,-42.32396861168007,18.220580044811175,-48.0,4,6,1,6
2003-11-15 20:30:00,21,-40.0,-39.84258445025539,18.220580044811175,-46.0,4,6,1,6
2003-11-15 21:30:00,21,-40.0,-43.21671249775568,18.220580044811175,-43.0,4,6,1,6
2003-11-15 22:30:00,21,-42.0,-47.03154296085711,18.220580044811175,-49.0,4,6,1,6
2003-11-15 23:30:00,21,-34.0,-42.782594380336356,18.220580044811175,-43.0,4,6,1,6
2003-11-16 00:30:00,21,-31.0,-39.80868522867135,18.220580044811175,-43.0,4,6,1,6
2003-11-16 01:30:00,21,-31.0,-41.282741280599396,18.220580044811175,-44.0,4,6,1,6
2003-11-16 02:30:00,21,-29.0,-38.48288015431516,18.220580044811175,-40.0,4,6,1,6
2003-11-16 03:30:00,21,-25.0,-41.18106184858715,18.220580044811175,-40.0,4,6,1,6
2003-11-16 04:30:00,21,-32.0,-46.70910151462432,18.220580044811175,-42.0,4,6,1,6
2003-11-16 05:30:00,21,-33.0,-38.59957766624055,18.220580044811175,-34.0,4,6,1,6
2003-11-16 06:30:00,21,-32.0,-34.30017624566257,18.220580044811175,-31.0,4,6,1,6
2003-11-16 07:30:00,21,-37.0,-33.60189094013764,18.220580044811175,-31.0,4,6,1,6
2003-11-16 08:30:00,21,-48.0,-38.59476308337136,18.220580044811175,-29.0,4,6,1,6
2003-11-16 09:30:00,21,-49.0,-32.633452392296526,18.220580044811175,-25.0,4,6,1,6
2003-11-16 10:30:00,21,-34.0,-29.428829159561918,18.220580044811175,-32.0,4,6,1,6
2003-11-16 11:30:00,21,-29.0,-31.221597777534893,18.220580044811175,-33.0,4,6,1,6
2003-11-16 12:30:00,21,-31.0,-31.961677365889642,18.220580044811175,-32.0,4,6,1,6
2003-11-16 13:30:00,21,-29.0,-41.723827723283826,18.220580044811175,-37.0,4,6,1,6
2003-11-16 14:30:00,21,-38.0,-45.07604286633844,18.220580044811175,-48.0,4,6,1,6
2003-11-16 15:30:00,21,-32.0,-42.31433602730298,18.220580044811175,-49.0,4,6,1,6
2003-11-16 16:30:00,21,-28.0,-38.251251427138286,18.220580044811175,-34.0,4,6,1,6
2003-11-16 17:30:00,21,-35.0,-36.82156218367963,18.220580044811175,-29.0,4,6,1,6
2003-11-16 18:30:00,21,-40.0,-37.8711215919896,18.220580044811175,-31.0,4,6,1,6
2003-11-16 19:30:00,21,-36.0,-42.41839084345507,18.220580044811175,-29.0,4,6,1,6
2003-11-16 20:30:00,21,-33.0,-44.93279164789996,18.220580044811175,-38.0,4,6,1,6
2003-11-16 21:30:00,21,-36.0,-35.803859930089416,18.220580044811175,-32.0,4,6,1,6
2003-11-16 22:30:00,21,-37.0,-36.110555981020596,18.220580044811175,-28.0,4,6,1,6
2003-11-16 23:30:00,21,-32.0,-41.61763112997135,18.220580044811175,-35.0,4,6,1,6
2003-11-17 00:30:00,21,-27.0,-37.21767102110937,18.220580044811175,-40.0,4,6,1,6
2003-11-17 01:30:00,21,-33.0,-36.64161615184083,18.220580044811175,-36.0,4,6,1,6
2003-11-17 02:30:00,21,-31.0,-42.240775468566135,18.220580044811175,-33.0,4,6,1,6
2003-11-17 03:30:00,21,-35.0,-39.44330681961536,18.220580044811175,-36.0,4,6,1,6
2003-11-17 04:30:00,21,-42.0,-37.28380772097117,18.220580044811175,-37.0,4,6,1,6
2003-11-17 05:30:00,21,-44.0,-35.91493207199498,18.220580044811175,-32.0,4,6,1,6
2003-11-17 06:30:00,21,-48.0,-37.123154206996354,18.220580044811175,-27.0,4,6,1,6
2003-11-17 07:30:00,21,-43.0,-35.827822593336506,18.220580044811175,-33.0,4,6,1,6
2003-11-17 08:30:00,21,-41.0,-37.08263877993575,18.220580044811175,-31.0,4,6,1,6
2003-11-17 09:30:00,21,-39.0,-38.58896906050784,18.220580044811175,-35.0,4,6,1,6
2003-11-17 10:30:00,21,-34.0,-47.50107703590754,18.220580044811175,-42.0,4,6,1,6
2003-11-17 11:30:00,21,-25.0,-47.07344749478577,18.220580044811175,-44.0,4,6,1,6
2003-11-17 12:30:00,21,-25.0,-47.35368812506717,18.220580044811175,-48.0,4,6,1,6
2003-11-17 13:30:00,21,-26.0,-42.51279541226332,18.220580044811175,-43.0,4,6,1,6
2003-11-17 14:30:00,21,-36.0,-40.58301430663604,18.220580044811175,-41.0,4,6,1,6
2003-11-17 15:30:00,21,-42.0,-40.47653795472134,18.220580044811175,-39.0,4,6,1,6
2003-11-17 16:30:00,21,-41.0,-38.62377251203429,18.220580044811175,-34.0,4,6,1,6
2003-11-17 17:30:00,21,-40.0,-33.17807118698685,18.220580044811175,-25.0,4,6,1,6
2003-11-17 18:30:00,21,-32.0,-33.43320611791957,18.220580044811175,-25.0,4,6,1,6
2003-11-17 19:30:00,21,-25.0,-37.44178842923719,18.220580044811175,-26.0,4,6,1,6
2003-11-17 20:30:00,21,-29.0,-45.89697425761124,18.220580044811175,-36.0,4,6,1,6
2003-11-17 21:30:00,21,-29.0,-38.37438509623413,18.220580044811175,-42.0,4,6,1,6
2003-11-17 22:30:00,21,-36.0,-37.20628524484014,18.220580044811175,-41.0,4,6,1,6
2003-11-17 23:30:00,21,-36.0,-39.0799083721535,18.220580044811175,-40.0,4,6,1,6
2003-11-18 00:30:00,21,-27.0,-34.996516060867165,18.220580044811175,-32.0,4,6,1,6
2003-11-18 01:30:00,21,-22.0,-32.80023858803343,18.220580044811175,-25.0,4,6,1,6
2003-11-18 02:30:00,21,-21.0,-35.65369052642045,18.220580044811175,-29.0,4,6,1,6
2003-11-18 03:30:00,21,-29.0,-36.46915352016816,18.220580044811175,-29.0,4,6,1,6
2003-11-18 04:30:00,21,-31.0,-32.42333632175351,18.220580044811175,-36.0,4,6,1,6
2003-11-18 05:30:00,21,-30.0,-34.12882509890495,18.220580044811175,-36.0,4,6,1,6
2003-11-18 06:30:00,21,-30.0,-31.296673790329283,18.220580044811175,-27.0,4,6,1,6
2003-11-18 07:30:00,21,-27.0,-29.69680741762803,18.220580044811175,-22.0,4,6,1,6
2003-11-18 08:30:00,21,-28.0,-28.452244583220796,18.220580044811175,-21.0,4,6,1,6
2003-11-18 09:30:00,21,-26.0,-32.25208061199359,18.220580044811175,-29.0,4,6,1,6
2003-11-18 10:30:00,21,-20.0,-28.721897689374952,18.220580044811175,-31.0,4,6,1,6
2003-11-18 11:30:00,21,-23.0,-28.240373593660884,18.220580044811175,-30.0,4,6,1,6
2003-11-18 12:30:00,21,-27.0,-29.553803195837343,18.220580044811175,-30.0,4,6,1,6
2003-11-18 13:30:00,21,-28.0,-29.761525382419507,18.220580044811175,-27.0,4,6,1,6
2003-11-18 14:30:00,21,-31.0,-29.86841595939289,18.220580044811175,-28.0,4,6,1,6
2003-11-18 15:30:00,21,-27.0,-28.18433669213508,18.220580044811175,-26.0,4,6,1,6
2003-11-18 16:30:00,21,-26.0,-27.3811996003056,18.220580044811175,-20.0,4,6,1,6
2003-11-18 17:30:00,21,-29.0,-29.467154378746883,18.220580044811175,-23.0,4,6,1,6
2003-11-18 18:30:00,21,-22.0,-33.263110252568296,18.220580044811175,-27.0,4,6,1,6
2003-11-18 19:30:00,21,-22.0,-29.265992274988903,18.220580044811175,-28.0,4,6,1,6
2003-11-18 20:30:00,21,-20.0,-27.952888867924,18.220580044811175,-31.0,4,6,1,6
2003-11-18 21:30:00,21,-16.0,-27.13571626992788,18.220580044811175,-27.0,4,6,1,6
2003-11-18 22:30:00,21,-15.0,-27.52288565198175,18.220580044811175,-26.0,4,6,1,6
2003-11-18 23:30:00,21,-17.0,-32.22871977160515,18.220580044811175,-29.0,4,6,1,6
2003-11-19 00:30:00,21,-15.0,-25.430933441672884,18.220580044811175,-22.0,4,6,1,6
2003-11-19 01:30:00,21,-18.0,-25.836252946483906,18.220580044811175,-22.0,4,6,1,6
2003-11-19 02:30:00,21,-18.0,-25.096268082910456,18.220580044811175,-20.0,4,6,1,6
2003-11-19 03:30:00,21,-18.0,-23.87621289974018,18.220580044811175,-16.0,4,6,1,6
2003-11-19 04:30:00,21,-22.0,-20.741446540209736,18.220580044811175,-15.0,4,6,1,6
2003-11-19 05:30:00,21,-27.0,-20.419234142771444,18.220580044811175,-17.0,4,6,1,6
2003-11-19 06:30:00,21,-26.0,-17.18284988672577,18.220580044811175,-15.0,4,6,1,6
2003-11-19 07:30:00,21,-26.0,-17.57210748726669,18.220580044811175,-18.0,4,6,1,6
2003-11-19 08:30:00,21,-25.0,-17.260941851090855,18.220580044811175,-18.0,4,6,1,6
2003-11-19 09:30:00,21,-21.0,-16.63792343235572,18.220580044811175,-18.0,4,6,1,6
2003-11-19 10:30:00,21,-17.0,-20.44242846696539,18.220580044811175,-22.0,4,6,1,6
2003-11-19 11:30:00,21,-16.0,-23.583739240559204,18.220580044811175,-27.0,4,6,1,6
2003-11-19 12:30:00,21,-17.0,-25.312527180158774,18.220580044811175,-26.0,4,6,1,6
2003-11-19 13:30:00,21,-21.0,-23.919764077987416,18.220580044811175,-26.0,4,6,1,6
2003-11-19 14:30:00,21,-18.0,-22.74758693014232,18.220580044811175,-25.0,4,6,1,6
2003-11-19 15:30:00,21,-17.0,-21.18732933302349,18.220580044811175,-21.0,4,6,1,6
2003-11-19 16:30:00,21,-14.0,-22.2920282501943,18.220580044811175,-17.0,4,6,1,6
2003-11-19 17:30:00,21,-16.0,-19.75795204034837,18.220580044811175,-16.0,4,6,1,6
2003-11-19 18:30:00,21,-11.0,-20.687714655843376,18.220580044811175,-17.0,4,6,1,6
2003-11-19 19:30:00,21,-6.0,-19.583939910674204,18.220580044811175,-21.0,4,6,1,6
2003-11-19 20:30:00,21,-6.0,-16.642534036447728,18.220580044811175,-18.0,4,6,1,6
2003-11-19 21:30:00,21,-3.0,-16.185871136191963,18.220580044811175,-17.0,4,6,1,6
2003-11-19 22:30:00,21,-2.0,-16.20685018249296,18.220580044811175,-14.0,4,6,1,6
2003-11-19 23:30:00,21,-4.0,-15.73717138506989,18.220580044811175,-16.0,4,6,1,6
2003-11-20 00:30:00,21,-4.0,-14.27748330192436,18.220580044811175,-11.0,4,6,1,6
2003-11-20 01:30:00,21,-6.0,-13.41097120054869,18.220580044811175,-6.0,4,6,1,6
2003-11-20 02:30:00,21,-5.0,-10.573341523418328,18.220580044811175,-6.0,4,6,1,6
2003-11-20 03:30:00,21,-7.0,-8.62406563046924,18.220580044811175,-3.0,4,6,1,6
2003-11-20 04:30:00,21,-15.0,-6.294710042406081,18.220580044811175,-2.0,4,6,1,6
2003-11-20 05:30:00,21,-26.0,-5.283522289790405,18.220580044811175,-4.0,4,6,1,6
2003-11-20 06:30:00,21,-32.0,-6.628811325779104,18.220580044811175,-4.0,4,6,1,6
2003-11-20 07:30:00,21,-34.0,-6.712907559289214,18.220580044811175,-6.0,4,6,1,6
2003-11-20 08:30:00,21,-17.0,-9.45654974153561,18.220580044811175,-5.0,4,6,1,6
2003-11-20 09:30:00,21,-38.0,-14.350190910299641,18.220580044811175,-7.0,4,6,1,6
2003-11-20 10:30:00,21,-68.0,-25.95516060834416,18.220580044811175,-15.0,4,6,1,6
2003-11-20 11:30:00,21,-58.0,-31.601302704378877,18.220580044811175,-26.0,4,6,1,6
2003-11-20 12:30:00,21,-49.0,-36.36408023456298,18.220580044811175,-32.0,4,6,1,6
2003-11-20 13:30:00,21,-102.0,-35.90017010509956,18.220580044811175,-34.0,4,6,1,6
2003-11-20 14:30:00,21,-162.0,-28.86905014437027,18.220580044811175,-17.0,4,6,1,6
2003-11-20 15:30:00,21,-171.0,-62.02655731852626,18.220580044811175,-38.0,4,6,1,6
2003-11-20 16:30:00,21,-229.0,-46.935404002669706,18.220580044811175,-68.0,4,6,1,6
2003-11-20 17:30:00,21,-329.0,-49.88852099361728,18.220580044811175,-58.0,4,6,1,6
2003-11-20 18:30:00,21,-396.0,-122.16537177334573,18.220580044811175,-49.0,4,6,1,6
2003-11-20 19:30:00,21,-413.0,-163.11158377861366,18.220580044811175,-102.0,4,6,1,6
2003-11-20 20:30:00,21,-422.0,-253.0454118423252,18.220580044811175,-162.0,4,6,1,6
2003-11-20 21:30:00,21,-422.0,-276.07704529850315,18.220580044811175,-171.0,4,6,1,6
2003-11-20 22:30:00,21,-405.0,-289.2208998341391,18.220580044811175,-229.0,4,6,1,6
2003-11-20 23:30:00,21,-343.0,-277.26791670243557,18.220580044811175,-329.0,4,6,1,6
2003-11-21 00:30:00,21,-309.0,-245.10899190526135,18.220580044811175,-396.0,4,6,1,6
2003-11-21 01:30:00,21,-256.0,-211.46316893979358,18.220580044811175,-413.0,4,6,1,6
2003-11-21 02:30:00,21,-230.0,-203.35424905091764,18.220580044811175,-422.0,4,6,1,6
2003-11-21 03:30:00,21,-194.0,-203.34963616773314,18.220580044811175,-422.0,4,6,1,6
2003-11-21 04:30:00,21,-191.0,-200.17174254115722,18.220580044811175,-405.0,4,6,1,6
2003-11-21 05:30:00,21,-185.0,-188.86246629019826,18.220580044811175,-343.0,4,6,1,6
2003-11-21 06:30:00,21,-156.0,-179.89991687020375,18.220580044811175,-309.0,4,6,1,6
2003-11-21 07:30:00,21,-162.0,-154.82149427012243,18.220580044811175,-256.0,4,6,1,6
2003-11-21 08:30:00,21,-162.0,-144.13447408146322,18.220580044811175,-230.0,4,6,1,6
2003-11-21 09:30:00,21,-141.0,-133.09139583245502,18.220580044811175,-194.0,4,6,1,6
2003-11-21 10:30:00,21,-130.0,-145.8612421753502,18.220580044811175,-191.0,4,6,1,6
2003-11-21 11:30:00,21,-122.0,-155.83189801492412,18.220580044811175,-185.0,4,6,1,6
2003-11-21 12:30:00,21,-118.0,-156.9166639892434,18.220580044811175,-156.0,4,6,1,6
2003-11-21 13:30:00,21,-117.0,-147.74660775690631,18.220580044811175,-162.0,4,6,1,6
2003-11-21 14:30:00,21,-110.0,-122.57997516138403,18.220580044811175,-162.0,4,6,1,6
2003-11-21 15:30:00,21,-104.0,-105.13487143093991,18.220580044811175,-141.0,4,6,1,6
2003-11-21 16:30:00,21,-105.0,-94.97835559942177,18.220580044811175,-130.0,4,6,1,6
2003-11-21 17:30:00,21,-104.0,-90.93301202491364,18.220580044811175,-122.0,4,6,1,6
2003-11-21 18:30:00,21,-92.0,-91.39751386376281,18.220580044811175,-118.0,4,6,1,6
2003-11-21 19:30:00,21,-86.0,-89.0597347498845,18.220580044811175,-117.0,4,6,1,6
2003-11-21 20:30:00,21,-83.0,-87.00310904282681,18.220580044811175,-110.0,4,6,1,6
2003-11-21 21:30:00,21,-76.0,-87.34153604373154,18.220580044811175,-104.0,4,6,1,6
2003-11-21 22:30:00,21,-69.0,-84.88090928686393,18.220580044811175,-105.0,4,6,1,6
2003-11-21 23:30:00,21,-63.0,-82.84600788934901,18.220580044811175,-104.0,4,6,1,6
2003-11-22 00:30:00,21,-60.0,-74.88681981838542,18.220580044811175,-92.0,4,6,1,6
2003-11-22 01:30:00,21,-71.0,-67.16751534757014,18.220580044811175,-86.0,4,6,1,6
2003-11-22 02:30:00,21,-79.0,-59.36233011383101,18.220580044811175,-83.0,4,6,1,6
2003-11-22 03:30:00,21,-74.0,-50.1447399891336,18.220580044811175,-76.0,4,6,1,6
2003-11-22 04:30:00,21,-68.0,-41.7499387160822,18.220580044811175,-69.0,4,6,1,6
2003-11-22 05:30:00,21,-70.0,-32.095730024625645,18.220580044811175,-63.0,4,6,1,6
2003-11-22 06:30:00,21,-74.0,-27.312454194211067,18.220580044811175,-60.0,4,6,1,6
2003-11-22 07:30:00,21,-69.0,-69.89885270950377,18.220580044811175,-71.0,4,6,1,6
2003-11-22 08:30:00,21,-65.0,-57.43886722233821,18.220580044811175,-79.0,4,6,1,6
2003-11-22 09:30:00,21,-59.0,-56.59887805972711,18.220580044811175,-74.0,4,6,1,6
2003-11-22 10:30:00,21,-50.0,-54.82600392492005,18.220580044811175,-68.0,4,6,1,6
2003-11-22 11:30:00,21,-44.0,-57.286204491493436,18.220580044811175,-70.0,4,6,1,6
2003-11-22 12:30:00,21,-42.0,-58.133803543903454,18.220580044811175,-74.0,4,6,1,6
2003-11-22 13:30:00,21,-40.0,-58.71353174048059,18.220580044811175,-69.0,4,6,1,6
2003-11-22 14:30:00,21,-43.0,-54.445315712113164,18.220580044811175,-65.0,4,6,1,6
2003-11-22 15:30:00,21,-54.0,-51.765615748554524,18.220580044811175,-59.0,4,6,1,6
2003-11-22 16:30:00,21,-63.0,-48.20370073641611,18.220580044811175,-50.0,4,6,1,6
2003-11-22 17:30:00,21,-64.0,-51.8830813146465,18.220580044811175,-44.0,4,6,1,6
2003-11-22 18:30:00,21,-72.0,-41.43894629093503,18.220580044811175,-42.0,4,6,1,6
2003-11-22 19:30:00,21,-85.0,-40.14132333467064,18.220580044811175,-40.0,4,6,1,6
2003-11-22 20:30:00,21,-86.0,-43.77156781852554,18.220580044811175,-43.0,4,6,1,6
2003-11-22 21:30:00,21,-83.0,-50.326194495309224,18.220580044811175,-54.0,4,6,1,6
2003-11-22 22:30:00,21,-87.0,-60.02719381009026,18.220580044811175,-63.0,4,6,1,6
2003-11-22 23:30:00,21,-86.0,-67.8306628871901,18.220580044811175,-64.0,4,6,1,6
2003-11-23 00:30:00,21,-79.0,-68.43121743087192,18.220580044811175,-72.0,4,6,1,6
2003-11-23 01:30:00,21,-69.0,-63.6892145408818,18.220580044811175,-85.0,4,6,1,6
2003-11-23 02:30:00,21,-65.0,-70.3084124658784,18.220580044811175,-86.0,4,6,1,6
2003-11-23 03:30:00,21,-73.0,-65.41863549841837,18.220580044811175,-83.0,4,6,1,6
2003-11-23 04:30:00,21,-74.0,-69.59920902537299,18.220580044811175,-87.0,4,6,1,6
2003-11-23 05:30:00,21,-74.0,-66.03355744110958,18.220580044811175,-86.0,4,6,1,6
2003-11-23 06:30:00,21,-66.0,-62.88786739131073,18.220580044811175,-79.0,4,6,1,6
2003-11-23 07:30:00,21,-70.0,-59.70120837504726,18.220580044811175,-69.0,4,6,1,6
2003-11-23 08:30:00,21,-71.0,-60.583157909352835,18.220580044811175,-65.0,4,6,1,6
2003-11-23 09:30:00,21,-66.0,-59.41462616993343,18.220580044811175,-73.0,4,6,1,6
2003-11-23 10:30:00,21,-59.0,-70.15690067673727,18.220580044811175,-74.0,4,6,1,6
2003-11-23 11:30:00,21,-51.0,-60.25662549211405,18.220580044811175,-74.0,4,6,1,6
2003-11-23 12:30:00,21,-46.0,-56.8317261013821,18.220580044811175,-66.0,4,6,1,6
2003-11-23 13:30:00,21,-49.0,-55.000133427857065,18.220580044811175,-70.0,4,6,1,6
2003-11-23 14:30:00,21,-41.0,-55.74774413487681,18.220580044811175,-71.0,4,6,1,6
2003-11-23 15:30:00,21,-38.0,-53.928691028190244,18.220580044811175,-66.0,4,6,1,6
2003-11-23 16:30:00,21,-35.0,-49.45668880595785,18.220580044811175,-59.0,4,6,1,6
2003-11-23 17:30:00,21,-33.0,-47.07269539426656,18.220580044811175,-51.0,4,6,1,6
2003-11-23 18:30:00,21,-35.0,-46.46772966708495,18.220580044811175,-46.0,4,6,1,6
2003-11-23 19:30:00,21,-38.0,-46.19662933720444,18.220580044811175,-49.0,4,6,1,6
2003-11-23 20:30:00,21,-46.0,-41.08158231059359,18.220580044811175,-41.0,4,6,1,6
2003-11-23 21:30:00,21,-47.0,-38.103985587291966,18.220580044811175,-38.0,4,6,1,6
2003-11-23 22:30:00,21,-41.0,-35.388933480691726,18.220580044811175,-35.0,4,6,1,6
2003-11-23 23:30:00,21,-36.0,-33.42980948668267,18.220580044811175,-33.0,4,6,1,6
2003-11-24 00:30:00,21,-32.0,-35.86377328304131,18.220580044811175,-35.0,4,6,1,6
2003-11-24 01:30:00,21,-33.0,-38.570294176706604,18.220580044811175,-38.0,4,6,1,6
2003-11-24 02:30:00,21,-30.0,-43.79908558115871,18.220580044811175,-46.0,4,6,1,6
2003-11-24 03:30:00,21,-29.0,-40.14834464883596,18.220580044811175,-47.0,4,6,1,6
2003-11-24 04:30:00,21,-29.0,-36.703655613192296,18.220580044811175,-41.0,4,6,1,6
2003-11-24 05:30:00,21,-30.0,-34.174673032601376,18.220580044811175,-36.0,4,6,1,6
2003-11-24 06:30:00,21,-30.0,-33.619311041084,18.220580044811175,-32.0,4,6,1,6
2003-11-24 07:30:00,21,-29.0,-33.00705163038001,18.220580044811175,-33.0,4,6,1,6
2003-11-24 08:30:00,21,-27.0,-28.891037689094755,18.220580044811175,-30.0,4,6,1,6
2003-11-24 09:30:00,21,-29.0,-27.066460347117275,18.220580044811175,-29.0,4,6,1,6
2003-11-24 10:30:00,21,-28.0,-26.449789200945784,18.220580044811175,-29.0,4,6,1,6
2003-11-24 11:30:00,21,-28.0,-26.5581207341412,18.220580044811175,-30.0,4,6,1,6
2003-11-24 12:30:00,21,-26.0,-27.353206077116724,18.220580044811175,-30.0,4,6,1,6
2003-11-24 13:30:00,21,-27.0,-28.861202374293494,18.220580044811175,-29.0,4,6,1,6
2003-11-24 14:30:00,21,-27.0,-27.299750532713862,18.220580044811175,-27.0,4,6,1,6
2003-11-24 15:30:00,21,-26.0,-26.83968836602051,18.220580044811175,-29.0,4,6,1,6
2003-11-24 16:30:00,21,-23.0,-25.675368389508677,18.220580044811175,-28.0,4,6,1,6
2003-11-24 17:30:00,21,-27.0,-25.617794524990018,18.220580044811175,-28.0,4,6,1,6
2003-11-24 18:30:00,21,-28.0,-25.21851005707254,18.220580044811175,-26.0,4,6,1,6
2003-11-24 19:30:00,21,-26.0,-32.1572887399066,18.220580044811175,-27.0,4,6,1,6
2003-11-24 20:30:00,21,-31.0,-30.777668879195,18.220580044811175,-27.0,4,6,1,6
2003-11-24 21:30:00,21,-32.0,-26.603639338973913,18.220580044811175,-26.0,4,6,1,6
2003-11-24 22:30:00,21,-33.0,-28.061656847329807,18.220580044811175,-23.0,4,6,1,6
2003-11-24 23:30:00,21,-28.0,-26.349089778700986,18.220580044811175,-27.0,4,6,1,6
2003-11-25 00:30:00,21,-27.0,-27.092034043862903,18.220580044811175,-28.0,4,6,1,6
2003-11-25 01:30:00,21,-27.0,-27.232843214706428,18.220580044811175,-26.0,4,6,1,6
2003-11-25 02:30:00,21,-27.0,-30.485161888286463,18.220580044811175,-31.0,4,6,1,6
2003-11-25 03:30:00,21,-25.0,-27.50772797765406,18.220580044811175,-32.0,4,6,1,6
2003-11-25 04:30:00,21,-28.0,-28.29542535746115,18.220580044811175,-33.0,4,6,1,6
2003-11-25 05:30:00,21,-35.0,-30.070011945382216,18.220580044811175,-28.0,4,6,1,6
2003-11-25 06:30:00,21,-33.0,-30.052535294453627,18.220580044811175,-27.0,4,6,1,6
2003-11-25 07:30:00,21,-28.0,-31.69973257784099,18.220580044811175,-27.0,4,6,1,6
2003-11-25 08:30:00,21,-26.0,-28.611686189768072,18.220580044811175,-27.0,4,6,1,6
2003-11-25 09:30:00,21,-31.0,-27.492579989469423,18.220580044811175,-25.0,4,6,1,6
2003-11-25 10:30:00,21,-26.0,-28.73928972899513,18.220580044811175,-28.0,4,6,1,6
2003-11-25 11:30:00,21,-23.0,-28.088327927105738,18.220580044811175,-35.0,4,6,1,6
2003-11-25 12:30:00,21,-22.0,-27.59296603649788,18.220580044811175,-33.0,4,6,1,6
2003-11-25 13:30:00,21,-21.0,-27.6207755229688,18.220580044811175,-28.0,4,6,1,6
2003-11-25 14:30:00,21,-20.0,-29.01786006937345,18.220580044811175,-26.0,4,6,1,6
2003-11-25 15:30:00,21,-23.0,-27.346467940192348,18.220580044811175,-31.0,4,6,1,6
2003-11-25 16:30:00,21,-24.0,-26.920662242829657,18.220580044811175,-26.0,4,6,1,6
2003-11-25 17:30:00,21,-25.0,-27.06306734818402,18.220580044811175,-23.0,4,6,1,6
2003-11-25 18:30:00,21,-23.0,-24.202983482143388,18.220580044811175,-22.0,4,6,1,6
2003-11-25 19:30:00,21,-17.0,-23.73295370447802,18.220580044811175,-21.0,4,6,1,6
2003-11-25 20:30:00,21,-14.0,-25.089452456841677,18.220580044811175,-20.0,4,6,1,6
2003-11-25 21:30:00,21,-12.0,-27.40829459128327,18.220580044811175,-23.0,4,6,1,6
2003-11-25 22:30:00,21,-14.0,-21.282128184831212,18.220580044811175,-24.0,4,6,1,6
2003-11-25 23:30:00,21,-19.0,-22.649906165890535,18.220580044811175,-25.0,4,6,1,6
2003-11-26 00:30:00,21,-19.0,-22.02385655415374,18.220580044811175,-23.0,4,6,1,6
2003-11-26 01:30:00,21,-21.0,-20.80202937657836,18.220580044811175,-17.0,4,6,1,6
2003-11-26 02:30:00,21,-23.0,-18.751029609313612,18.220580044811175,-14.0,4,6,1,6
2003-11-26 03:30:00,21,-23.0,-18.668355529512553,18.220580044811175,-12.0,4,6,1,6
2003-11-26 04:30:00,21,-22.0,-22.616151666679137,18.220580044811175,-14.0,4,6,1,6
2003-11-26 05:30:00,21,-21.0,-19.588835401326516,18.220580044811175,-19.0,4,6,1,6
2003-11-26 06:30:00,21,-23.0,-18.657295093695197,18.220580044811175,-19.0,4,6,1,6
2003-11-26 07:30:00,21,-24.0,-20.45332024993904,18.220580044811175,-21.0,4,6,1,6
2003-11-26 08:30:00,21,-20.0,-19.897950993814383,18.220580044811175,-23.0,4,6,1,6
2003-11-26 09:30:00,21,-19.0,-19.605566219240217,18.220580044811175,-23.0,4,6,1,6
2003-11-26 10:30:00,21,-17.0,-20.54589812612261,18.220580044811175,-22.0,4,6,1,6
2003-11-26 11:30:00,21,-12.0,-19.479438962168672,18.220580044811175,-21.0,4,6,1,6
2003-11-26 12:30:00,21,-12.0,-19.43904660610212,18.220580044811175,-23.0,4,6,1,6
2003-11-26 13:30:00,21,-20.0,-21.195354017654218,18.220580044811175,-24.0,4,6,1,6
2003-11-26 14:30:00,21,-20.0,-19.38527027943235,18.220580044811175,-20.0,4,6,1,6
2003-11-26 15:30:00,21,-16.0,-19.69737490171096,18.220580044811175,-19.0,4,6,1,6
2003-11-26 16:30:00,21,-22.0,-19.22958205331712,18.220580044811175,-17.0,4,6,1,6
2003-11-26 17:30:00,21,-22.0,-17.507556750886113,18.220580044811175,-12.0,4,6,1,6
2003-11-26 18:30:00,21,-19.0,-21.97466576155867,18.220580044811175,-12.0,4,6,1,6
2003-11-26 19:30:00,21,-17.0,-19.89834983499881,18.220580044811175,-20.0,4,6,1,6
2003-11-26 20:30:00,21,-13.0,-18.22497290115205,18.220580044811175,-20.0,4,6,1,6
2003-11-26 21:30:00,21,-12.0,-19.034400573119665,18.220580044811175,-16.0,4,6,1,6
2003-11-26 22:30:00,21,-15.0,-17.802874717485196,18.220580044811175,-22.0,4,6,1,6
2003-11-26 23:30:00,21,-15.0,-18.958620748078033,18.220580044811175,-22.0,4,6,1,6
2003-11-27 00:30:00,21,-14.0,-21.189665402818008,18.220580044811175,-19.0,4,6,1,6
2003-11-27 01:30:00,21,-13.0,-18.871219830468362,18.220580044811175,-17.0,4,6,1,6
2003-11-27 02:30:00,21,-16.0,-17.470537451693595,18.220580044811175,-13.0,4,6,1,6
2003-11-27 03:30:00,21,-17.0,-16.900204813875376,18.220580044811175,-12.0,4,6,1,6
2003-11-27 04:30:00,21,-14.0,-18.657231279105687,18.220580044811175,-15.0,4,6,1,6
2003-11-27 05:30:00,21,-14.0,-15.21477148079643,18.220580044811175,-15.0,4,6,1,6
2003-11-27 06:30:00,21,-13.0,-14.062191109661722,18.220580044811175,-14.0,4,6,1,6
2003-11-27 07:30:00,21,-12.0,-13.675570419123005,18.220580044811175,-13.0,4,6,1,6
2003-11-27 08:30:00,21,-10.0,-14.563607409449219,18.220580044811175,-16.0,4,6,1,6
2003-11-27 09:30:00,21,-9.0,-15.081722619855665,18.220580044811175,-17.0,4,6,1,6
2003-11-27 10:30:00,21,-5.0,-15.127004768843324,18.220580044811175,-14.0,4,6,1,6
2003-11-27 11:30:00,21,-4.0,-16.409708785717562,18.220580044811175,-14.0,4,6,1,6
2003-11-27 12:30:00,21,-5.0,-14.984017925132814,18.220580044811175,-13.0,4,6,1,6
2003-11-27 13:30:00,21,-11.0,-12.965559040332561,18.220580044811175,-12.0,4,6,1,6
2003-11-27 14:30:00,21,-12.0,-12.22176353412845,18.220580044811175,-10.0,4,6,1,6
2003-11-27 15:30:00,21,-10.0,-12.148545409037094,18.220580044811175,-9.0,4,6,1,6
2003-11-27 16:30:00,21,-10.0,-10.489124498006646,18.220580044811175,-5.0,4,6,1,6
2003-11-27 17:30:00,21,-9.0,-9.127086411364385,18.220580044811175,-4.0,4,6,1,6
2003-11-27 18:30:00,21,-7.0,-9.751117886707966,18.220580044811175,-5.0,4,6,1,6
2003-11-27 19:30:00,21,-7.0,-10.899269981149267,18.220580044811175,-11.0,4,6,1,6
2003-11-27 20:30:00,21,-10.0,-9.292983832254777,18.220580044811175,-12.0,4,6,1,6
2003-11-27 21:30:00,21,-7.0,-10.96975091616919,18.220580044811175,-10.0,4,6,1,6
2003-11-27 22:30:00,21,-4.0,-10.880595097348028,18.220580044811175,-10.0,4,6,1,6
2003-11-27 23:30:00,21,-1.0,-9.205361842674307,18.220580044811175,-9.0,4,6,1,6
2003-11-28 00:30:00,21,-1.0,-9.848152528240977,18.220580044811175,-7.0,4,6,1,6
2003-11-28 01:30:00,21,-6.0,-14.068414171685063,18.220580044811175,-7.0,4,6,1,6
2003-11-28 02:30:00,21,-7.0,-10.700715444077776,18.220580044811175,-10.0,4,6,1,6
2003-11-28 03:30:00,21,-10.0,-8.739818458560652,18.220580044811175,-7.0,4,6,1,6
2003-11-28 04:30:00,21,-9.0,-8.752857146652776,18.220580044811175,-4.0,4,6,1,6
2003-11-28 05:30:00,21,-7.0,-6.103325530284398,18.220580044811175,-1.0,4,6,1,6
2003-11-28 06:30:00,21,-7.0,-4.8773925676018735,18.220580044811175,-1.0,4,6,1,6
2003-11-28 07:30:00,21,-9.0,-15.489283612123181,18.220580044811175,-6.0,4,6,1,6
2003-11-28 08:30:00,21,-9.0,-8.183760916506294,18.220580044811175,-7.0,4,6,1,6
2003-11-28 09:30:00,21,-7.0,-9.835198166570702,18.220580044811175,-10.0,4,6,1,6
2003-11-28 10:30:00,21,-3.0,-8.264324556668598,18.220580044811175,-9.0,4,6,1,6
2003-11-28 11:30:00,21,-3.0,-9.225135249052087,18.220580044811175,-7.0,4,6,1,6
2003-11-28 12:30:00,21,-7.0,-8.62426163242273,18.220580044811175,-7.0,4,6,1,6
2003-11-28 13:30:00,21,-10.0,-11.931320546349337,18.220580044811175,-9.0,4,6,1,6
2003-11-28 14:30:00,21,-11.0,-9.500704879290698,18.220580044811175,-9.0,4,6,1,6
2003-11-28 15:30:00,21,-8.0,-10.303553950807707,18.220580044811175,-7.0,4,6,1,6
2003-11-28 16:30:00,21,-6.0,-9.043443717258285,18.220580044811175,-3.0,4,6,1,6
2003-11-28 17:30:00,21,-8.0,-12.461765647085862,18.220580044811175,-3.0,4,6,1,6
2003-11-28 18:30:00,21,-10.0,-23.12706722393351,18.220580044811175,-7.0,4,6,1,6
2003-11-28 19:30:00,21,-6.0,-16.08256101350851,18.220580044811175,-10.0,4,6,1,6
2003-11-28 20:30:00,21,-4.0,-9.13526607428392,18.220580044811175,-11.0,4,6,1,6
2003-11-28 21:30:00,21,-4.0,-11.051836990109773,18.220580044811175,-8.0,4,6,1,6
2003-11-28 22:30:00,21,-2.0,-8.72958761240691,18.220580044811175,-6.0,4,6,1,6
2003-11-28 23:30:00,21,-2.0,-7.481160006922554,18.220580044811175,-8.0,4,6,1,6
2003-11-29 00:30:00,21,-1.0,-8.265491452019614,18.220580044811175,-10.0,4,6,1,6
2003-11-29 01:30:00,21,-6.0,-9.027588070857846,18.220580044811175,-6.0,4,6,1,6
2003-11-29 02:30:00,21,-13.0,-7.724302709320792,18.220580044811175,-4.0,4,6,1,6
2003-11-29 03:30:00,21,-11.0,-5.599992513719155,18.220580044811175,-4.0,4,6,1,6
2003-11-29 04:30:00,21,-9.0,-6.295651307601336,18.220580044811175,-2.0,4,6,1,6
2003-11-29 05:30:00,21,-7.0,-5.304469428796651,18.220580044811175,-2.0,4,6,1,6
2003-11-29 06:30:00,21,-7.0,-7.1971486181289315,18.220580044811175,-1.0,4,6,1,6
2003-11-29 07:30:00,21,-9.0,-21.981148640125014,18.220580044811175,-6.0,4,6,1,6
2003-11-29 08:30:00,21,-12.0,-11.423014549987375,18.220580044811175,-13.0,4,6,1,6
2003-11-29 09:30:00,21,-11.0,-8.056316343979887,18.220580044811175,-11.0,4,6,1,6
2003-11-29 10:30:00,21,-11.0,-8.14289450920339,18.220580044811175,-9.0,4,6,1,6
2003-11-29 11:30:00,21,-9.0,-8.95385031268049,18.220580044811175,-7.0,4,6,1,6
2003-11-29 12:30:00,21,-7.0,-7.856829658083075,18.220580044811175,-7.0,4,6,1,6
2003-11-29 13:30:00,21,-8.0,-14.68918198659377,18.220580044811175,-9.0,4,6,1,6
2003-11-29 14:30:00,21,-7.0,-15.736507029611255,18.220580044811175,-12.0,4,6,1,6
2003-11-29 15:30:00,21,-4.0,-11.695281775218909,18.220580044811175,-11.0,4,6,1,6
2003-11-29 16:30:00,21,-5.0,-10.598220096956808,18.220580044811175,-11.0,4,6,1,6
2003-11-29 17:30:00,21,-4.0,-10.855762105659199,18.220580044811175,-9.0,4,6,1,6
2003-11-29 18:30:00,21,-5.0,-10.272519548474115,18.220580044811175,-7.0,4,6,1,6
2003-11-29 19:30:00,21,-3.0,-7.606578466232058,18.220580044811175,-8.0,4,6,1,6
2003-11-29 20:30:00,21,0.0,-8.487073939533829,18.220580044811175,-7.0,4,6,1,6
2003-11-29 21:30:00,21,1.0,-6.815200067179244,18.220580044811175,-4.0,4,6,1,6
2003-11-29 22:30:00,21,-1.0,-4.228521263292013,18.220580044811175,-5.0,4,6,1,6
2003-11-29 23:30:00,21,2.0,-7.680311666224444,18.220580044811175,-4.0,4,6,1,6
2003-11-30 00:30:00,21,1.0,-7.086042859609243,18.220580044811175,-5.0,4,6,1,6
2003-11-30 01:30:00,21,0.0,-4.987805482006891,18.220580044811175,-3.0,4,6,1,6
2003-11-30 02:30:00,21,-4.0,-4.080181970886457,18.220580044811175,0.0,4,6,1,6
2003-11-30 03:30:00,21,1.0,-5.158217785105023,18.220580044811175,1.0,4,6,1,6
2003-11-30 04:30:00,21,12.0,-2.217304194854762,18.220580044811175,-1.0,4,6,1,6
2003-11-30 05:30:00,21,16.0,-1.4986014968824755,18.220580044811175,2.0,4,6,1,6
2003-11-30 06:30:00,21,19.0,-4.711937290653079,18.220580044811175,1.0,4,6,1,6
2003-11-30 07:30:00,21,22.0,-3.9839062671501075,18.220580044811175,0.0,4,6,1,6
2003-11-30 08:30:00,21,23.0,-3.5608155387071427,18.220580044811175,-4.0,4,6,1,6
2003-11-30 09:30:00,21,19.0,-2.996705962912273,18.220580044811175,1.0,4,6,1,6
2003-11-30 10:30:00,21,15.0,-11.429327636163777,18.220580044811175,12.0,4,6,1,6
2003-11-30 11:30:00,21,16.0,-9.525455823650159,18.220580044811175,16.0,4,6,1,6
2003-11-30 12:30:00,21,14.0,-8.913708656787012,18.220580044811175,19.0,4,6,1,6
2003-11-30 13:30:00,21,7.0,-2.187165475866774,18.220580044811175,22.0,4,6,1,6
2003-11-30 14:30:00,21,-3.0,4.611093908198875,18.220580044811175,23.0,4,6,1,6
2003-11-30 15:30:00,21,-3.0,4.9031117488833615,18.220580044811175,19.0,4,6,1,6
2003-11-30 16:30:00,21,-9.0,2.277237112482865,18.220580044811175,15.0,4,6,1,6
2003-11-30 17:30:00,21,-23.0,-3.93584932306506,18.220580044811175,16.0,4,6,1,6
2003-11-30 18:30:00,21,-30.0,-0.7421684228631484,18.220580044811175,14.0,4,6,1,6
2003-11-30 19:30:00,21,-34.0,-13.466695011744719,18.220580044811175,7.0,4,6,1,6
2003-11-30 20:30:00,21,-39.0,-32.003371938423356,18.220580044811175,-3.0,4,6,1,6
2015-03-08 09:30:00,35,-8.0,-15.98652461448282,18.220580044811175,-3.0,4,6,1,6
2015-03-08 10:30:00,35,-12.0,-14.871397709658538,18.220580044811175,-9.0,4,6,1,6
2015-03-08 11:30:00,35,-18.0,-15.633824796906723,18.220580044811175,-23.0,4,6,1,6
2015-03-08 12:30:00,35,-21.0,-15.240181082883321,18.220580044811175,-30.0,4,6,1,6
2015-03-08 13:30:00,35,-18.0,-13.65533891515625,18.220580044811175,-34.0,4,6,1,6
2015-03-08 14:30:00,35,-21.0,-14.847609681872914,18.220580044811175,-39.0,4,6,1,6
2015-03-08 15:30:00,35,-19.0,-11.74995264568804,18.220580044811175,-8.0,4,6,1,6
2015-03-08 16:30:00,35,-17.0,-19.109141131989297,18.220580044811175,-12.0,4,6,1,6
2015-03-08 17:30:00,35,-20.0,-23.935587817093104,18.220580044811175,-18.0,4,6,1,6
2015-03-08 18:30:00,35,-21.0,-17.80917982683791,18.220580044811175,-21.0,4,6,1,6
2015-03-08 19:30:00,35,-18.0,-19.574779098440974,18.220580044811175,-18.0,4,6,1,6
2015-03-08 20:30:00,35,-15.0,-21.40891523917643,18.220580044811175,-21.0,4,6,1,6
2015-03-08 21:30:00,35,-14.0,-20.157531650742328,18.220580044811175,-19.0,4,6,1,6
2015-03-08 22:30:00,35,-13.0,-18.28456091365208,18.220580044811175,-17.0,4,6,1,6
2015-03-08 23:30:00,35,-15.0,-20.381029715488047,18.220580044811175,-20.0,4,6,1,6
2015-03-09 00:30:00,35,-18.0,-18.840069194418167,18.220580044811175,-21.0,4,6,1,6
2015-03-09 01:30:00,35,-23.0,-20.64314814189521,18.220580044811175,-18.0,4,6,1,6
2015-03-09 02:30:00,35,-21.0,-19.732185760287976,18.220580044811175,-15.0,4,6,1,6
2015-03-09 03:30:00,35,-22.0,-17.67748930501669,18.220580044811175,-14.0,4,6,1,6
2015-03-09 04:30:00,35,-19.0,-17.510173149055973,18.220580044811175,-13.0,4,6,1,6
2015-03-09 05:30:00,35,-16.0,-19.958171454478297,18.220580044811175,-15.0,4,6,1,6
2015-03-09 06:30:00,35,-17.0,-23.372907802057853,18.220580044811175,-18.0,4,6,1,6
2015-03-09 07:30:00,35,-18.0,-22.771297468783544,18.220580044811175,-23.0,4,6,1,6
2015-03-09 08:30:00,35,-17.0,-19.31225841221066,18.220580044811175,-21.0,4,6,1,6
2015-03-09 09:30:00,35,-16.0,-18.423143411140245,18.220580044811175,-22.0,4,6,1,6
2015-03-09 10:30:00,35,-14.0,-16.93287560461137,18.220580044811175,-19.0,4,6,1,6
2015-03-09 11:30:00,35,-11.0,-15.872232684672662,18.220580044811175,-16.0,4,6,1,6
2015-03-09 12:30:00,35,-9.0,-16.004205813961704,18.220580044811175,-17.0,4,6,1,6
2015-03-09 13:30:00,35,-9.0,-16.20473632421548,18.220580044811175,-18.0,4,6,1,6
2015-03-09 14:30:00,35,-10.0,-16.03054756487392,18.220580044811175,-17.0,4,6,1,6
2015-03-09 15:30:00,35,-9.0,-15.517428125189017,18.220580044811175,-16.0,4,6,1,6
2015-03-09 16:30:00,35,-10.0,-15.015410144986152,18.220580044811175,-14.0,4,6,1,6
2015-03-09 17:30:00,35,-10.0,-12.881305549441162,18.220580044811175,-11.0,4,6,1,6
2015-03-09 18:30:00,35,-5.0,-11.35345208923788,18.220580044811175,-9.0,4,6,1,6
2015-03-09 19:30:00,35,-4.0,-10.945560628560411,18.220580044811175,-9.0,4,6,1,6
2015-03-09 20:30:00,35,-4.0,-13.325890399086159,18.220580044811175,-10.0,4,6,1,6
2015-03-09 21:30:00,35,-4.0,-10.223446129141891,18.220580044811175,-9.0,4,6,1,6
2015-03-09 22:30:00,35,-4.0,-11.264945811774222,18.220580044811175,-10.0,4,6,1,6
2015-03-09 23:30:00,35,-3.0,-10.339173887215996,18.220580044811175,-10.0,4,6,1,6
2015-03-10 00:30:00,35,-1.0,-8.658764813514619,18.220580044811175,-5.0,4,6,1,6
2015-03-10 01:30:00,35,-4.0,-9.214384769812344,18.220580044811175,-4.0,4,6,1,6
2015-03-10 02:30:00,35,-4.0,-7.930259738775295,18.220580044811175,-4.0,4,6,1,6
2015-03-10 03:30:00,35,-6.0,-7.146858163411075,18.220580044811175,-4.0,4,6,1,6
2015-03-10 04:30:00,35,-6.0,-4.583715547590156,18.220580044811175,-4.0,4,6,1,6
2015-03-10 05:30:00,35,-4.0,-3.859057580961217,18.220580044811175,-3.0,4,6,1,6
2015-03-10 06:30:00,35,-2.0,-3.0922204497594805,18.220580044811175,-1.0,4,6,1,6
2015-03-10 07:30:00,35,-1.0,-3.698769006670151,18.220580044811175,-4.0,4,6,1,6
2015-03-10 08:30:00,35,1.0,-5.702888981117038,18.220580044811175,-4.0,4,6,1,6
2015-03-10 09:30:00,35,-3.0,-8.022141352205473,18.220580044811175,-6.0,4,6,1,6
2015-03-10 10:30:00,35,-7.0,-5.449545060767328,18.220580044811175,-6.0,4,6,1,6
2015-03-10 11:30:00,35,-3.0,-5.9718082194918445,18.220580044811175,-4.0,4,6,1,6
2015-03-10 12:30:00,35,-5.0,-4.566987008768937,18.220580044811175,-2.0,4,6,1,6
2015-03-10 13:30:00,35,-6.0,-3.6462131340247375,18.220580044811175,-1.0,4,6,1,6
2015-03-10 14:30:00,35,-6.0,-7.564497302636006,18.220580044811175,1.0,4,6,1,6
2015-03-10 15:30:00,35,-7.0,-8.170786043003677,18.220580044811175,-3.0,4,6,1,6
2015-03-10 16:30:00,35,-7.0,-6.4077894950155745,18.220580044811175,-7.0,4,6,1,6
2015-03-10 17:30:00,35,-6.0,-5.105404375009094,18.220580044811175,-3.0,4,6,1,6
2015-03-10 18:30:00,35,-6.0,-5.290737896589857,18.220580044811175,-5.0,4,6,1,6
2015-03-10 19:30:00,35,-8.0,-4.464238682382412,18.220580044811175,-6.0,4,6,1,6
2015-03-10 20:30:00,35,-6.0,-5.196296862301885,18.220580044811175,-6.0,4,6,1,6
2015-03-10 21:30:00,35,-4.0,-4.731608137869149,18.220580044811175,-7.0,4,6,1,6
2015-03-10 22:30:00,35,-4.0,-6.235330566868196,18.220580044811175,-7.0,4,6,1,6
2015-03-10 23:30:00,35,-5.0,-4.80486272844022,18.220580044811175,-6.0,4,6,1,6
2015-03-11 00:30:00,35,-6.0,-5.607584170778214,18.220580044811175,-6.0,4,6,1,6
2015-03-11 01:30:00,35,-6.0,-6.206440790560595,18.220580044811175,-8.0,4,6,1,6
2015-03-11 02:30:00,35,-6.0,-6.161747786979653,18.220580044811175,-6.0,4,6,1,6
2015-03-11 03:30:00,35,-6.0,-6.907186518863615,18.220580044811175,-4.0,4,6,1,6
2015-03-11 04:30:00,35,-5.0,-5.4194017835943775,18.220580044811175,-4.0,4,6,1,6
2015-03-11 05:30:00,35,5.0,-3.6625109243667744,18.220580044811175,-5.0,4,6,1,6
2015-03-11 06:30:00,35,6.0,-3.8154220762921334,18.220580044811175,-6.0,4,6,1,6
2015-03-11 07:30:00,35,8.0,-8.436810833925765,18.220580044811175,-6.0,4,6,1,6
2015-03-11 08:30:00,35,0.0,-10.466575156985236,18.220580044811175,-6.0,4,6,1,6
2015-03-11 09:30:00,35,2.0,-6.533709354671217,18.220580044811175,-6.0,4,6,1,6
2015-03-11 10:30:00,35,1.0,-8.967344819269108,18.220580044811175,-5.0,4,6,1,6
2015-03-11 11:30:00,35,2.0,-5.656810289306762,18.220580044811175,5.0,4,6,1,6
2015-03-11 12:30:00,35,-6.0,-6.212494060193997,18.220580044811175,6.0,4,6,1,6
2015-03-11 13:30:00,35,-11.0,-3.5242588952885647,18.220580044811175,8.0,4,6,1,6
2015-03-11 14:30:00,35,-14.0,-2.667507007469009,18.220580044811175,0.0,4,6,1,6
2015-03-11 15:30:00,35,-14.0,-2.097100299145115,18.220580044811175,2.0,4,6,1,6
2015-03-11 16:30:00,35,-12.0,0.2764696830776714,18.220580044811175,1.0,4,6,1,6
2015-03-11 17:30:00,35,-12.0,-6.161841229771433,18.220580044811175,2.0,4,6,1,6
2015-03-11 18:30:00,35,-15.0,-11.753143375163479,18.220580044811175,-6.0,4,6,1,6
2015-03-11 19:30:00,35,-20.0,-16.6000802412308,18.220580044811175,-11.0,4,6,1,6
2015-03-11 20:30:00,35,-19.0,-20.020775845878852,18.220580044811175,-14.0,4,6,1,6
2015-03-11 21:30:00,35,-16.0,-11.396763962774457,18.220580044811175,-14.0,4,6,1,6
2015-03-11 22:30:00,35,-15.0,-11.892425554043758,18.220580044811175,-12.0,4,6,1,6
2015-03-11 23:30:00,35,-14.0,-16.892124291478833,18.220580044811175,-12.0,4,6,1,6
2015-03-12 00:30:00,35,-15.0,-12.37284685388288,18.220580044811175,-15.0,4,6,1,6
2015-03-12 01:30:00,35,-12.0,-12.79599911782287,18.220580044811175,-20.0,4,6,1,6
2015-03-12 02:30:00,35,-8.0,-14.883222781003756,18.220580044811175,-19.0,4,6,1,6
2015-03-12 03:30:00,35,-10.0,-14.378684124515296,18.220580044811175,-16.0,4,6,1,6
2015-03-12 04:30:00,35,-11.0,-14.567702938640192,18.220580044811175,-15.0,4,6,1,6
2015-03-12 05:30:00,35,-7.0,-13.667190196065015,18.220580044811175,-14.0,4,6,1,6
2015-03-12 06:30:00,35,-12.0,-13.273405178307701,18.220580044811175,-15.0,4,6,1,6
2015-03-12 07:30:00,35,-22.0,-11.322973785470008,18.220580044811175,-12.0,4,6,1,6
2015-03-12 08:30:00,35,-24.0,-16.880364174269367,18.220580044811175,-8.0,4,6,1,6
2015-03-12 09:30:00,35,-23.0,-17.154075204588533,18.220580044811175,-10.0,4,6,1,6
2015-03-12 10:30:00,35,-19.0,-11.010220761380143,18.220580044811175,-11.0,4,6,1,6
2015-03-12 11:30:00,35,-19.0,-15.667014081182476,18.220580044811175,-7.0,4,6,1,6
2015-03-12 12:30:00,35,-15.0,-19.4015988375229,18.220580044811175,-12.0,4,6,1,6
2015-03-12 13:30:00,35,-17.0,-17.736101865934227,18.220580044811175,-22.0,4,6,1,6
2015-03-12 14:30:00,35,-18.0,-28.598158636338457,18.220580044811175,-24.0,4,6,1,6
2015-03-12 15:30:00,35,-13.0,-20.961571548081423,18.220580044811175,-23.0,4,6,1,6
2015-03-12 16:30:00,35,-9.0,-18.626471507416234,18.220580044811175,-19.0,4,6,1,6
2015-03-12 17:30:00,35,-9.0,-20.347988572223656,18.220580044811175,-19.0,4,6,1,6
2015-03-12 18:30:00,35,-9.0,-18.771067390419358,18.220580044811175,-15.0,4,6,1,6
2015-03-12 19:30:00,35,-8.0,-19.027418573299663,18.220580044811175,-17.0,4,6,1,6
2015-03-12 20:30:00,35,-8.0,-16.13535846995707,18.220580044811175,-18.0,4,6,1,6
2015-03-12 21:30:00,35,-11.0,-16.94318507945576,18.220580044811175,-13.0,4,6,1,6
2015-03-12 22:30:00,35,-13.0,-12.394334137807466,18.220580044811175,-9.0,4,6,1,6
2015-03-12 23:30:00,35,-15.0,-10.986486292267855,18.220580044811175,-9.0,4,6,1,6
2015-03-13 00:30:00,35,-13.0,-10.336313626150517,18.220580044811175,-9.0,4,6,1,6
2015-03-13 01:30:00,35,-12.0,-8.557748597414761,18.220580044811175,-8.0,4,6,1,6
2015-03-13 02:30:00,35,-9.0,-7.040292357116442,18.220580044811175,-8.0,4,6,1,6
2015-03-13 03:30:00,35,-3.0,-8.528042905998444,18.220580044811175,-11.0,4,6,1,6
2015-03-13 04:30:00,35,-2.0,-9.554277227183288,18.220580044811175,-13.0,4,6,1,6
2015-03-13 05:30:00,35,1.0,-11.613150119428674,18.220580044811175,-15.0,4,6,1,6
2015-03-13 06:30:00,35,1.0,-12.447366340781713,18.220580044811175,-13.0,4,6,1,6
2015-03-13 07:30:00,35,0.0,-11.914979453250133,18.220580044811175,-12.0,4,6,1,6
2015-03-13 08:30:00,35,-1.0,-10.990422284985058,18.220580044811175,-9.0,4,6,1,6
2015-03-13 09:30:00,35,-2.0,-11.085633652532103,18.220580044811175,-3.0,4,6,1,6
2015-03-13 10:30:00,35,-2.0,-7.840850940688583,18.220580044811175,-2.0,4,6,1,6
2015-03-13 11:30:00,35,0.0,-3.952183578886814,18.220580044811175,1.0,4,6,1,6
2015-03-13 12:30:00,35,-3.0,-1.7901110999433776,18.220580044811175,1.0,4,6,1,6
2015-03-13 13:30:00,35,-16.0,-4.571378819982627,18.220580044811175,0.0,4,6,1,6
2015-03-13 14:30:00,35,-20.0,-3.257946938713687,18.220580044811175,-1.0,4,6,1,6
2015-03-13 15:30:00,35,-11.0,-2.7356997336365474,18.220580044811175,-2.0,4,6,1,6
2015-03-13 16:30:00,35,-7.0,-5.5648944894893475,18.220580044811175,-2.0,4,6,1,6
2015-03-13 17:30:00,35,-10.0,-3.713911297123584,18.220580044811175,0.0,4,6,1,6
2015-03-13 18:30:00,35,-15.0,-25.862891549191964,18.220580044811175,-3.0,4,6,1,6
2015-03-13 19:30:00,35,-15.0,-22.08670252935744,18.220580044811175,-16.0,4,6,1,6
2015-03-13 20:30:00,35,-11.0,-13.267443072373599,18.220580044811175,-20.0,4,6,1,6
2015-03-13 21:30:00,35,-10.0,-16.037106793038426,18.220580044811175,-11.0,4,6,1,6
2015-03-13 22:30:00,35,-7.0,-12.396879884110366,18.220580044811175,-7.0,4,6,1,6
2015-03-13 23:30:00,35,-10.0,-8.759639725880564,18.220580044811175,-10.0,4,6,1,6
2015-03-14 00:30:00,35,-12.0,-10.939195123256912,18.220580044811175,-15.0,4,6,1,6
2015-03-14 01:30:00,35,-11.0,-17.48933768558137,18.220580044811175,-15.0,4,6,1,6
2015-03-14 02:30:00,35,-12.0,-11.077137195757508,18.220580044811175,-11.0,4,6,1,6
2015-03-14 03:30:00,35,-13.0,-11.288812468250491,18.220580044811175,-10.0,4,6,1,6
2015-03-14 04:30:00,35,-14.0,-9.762841538437716,18.220580044811175,-7.0,4,6,1,6
2015-03-14 05:30:00,35,-15.0,-7.926043417682752,18.220580044811175,-10.0,4,6,1,6
2015-03-14 06:30:00,35,-12.0,-7.076928768771907,18.220580044811175,-12.0,4,6,1,6
2015-03-14 07:30:00,35,-9.0,-7.810871758174368,18.220580044811175,-11.0,4,6,1,6
2015-03-14 08:30:00,35,-8.0,-13.99324514342873,18.220580044811175,-12.0,4,6,1,6
2015-03-14 09:30:00,35,-7.0,-16.725417792757174,18.220580044811175,-13.0,4,6,1,6
2015-03-14 10:30:00,35,-5.0,-13.697898688173616,18.220580044811175,-14.0,4,6,1,6
2015-03-14 11:30:00,35,-4.0,-12.4463156791473,18.220580044811175,-15.0,4,6,1,6
2015-03-14 12:30:00,35,-4.0,-16.269635761745874,18.220580044811175,-12.0,4,6,1,6
2015-03-14 13:30:00,35,-4.0,-9.583467843698571,18.220580044811175,-9.0,4,6,1,6
2015-03-14 14:30:00,35,1.0,-8.788816667840955,18.220580044811175,-8.0,4,6,1,6
2015-03-14 15:30:00,35,3.0,-7.998564140474475,18.220580044811175,-7.0,4,6,1,6
2015-03-14 16:30:00,35,4.0,-8.217115434987022,18.220580044811175,-5.0,4,6,1,6
2015-03-14 17:30:00,35,2.0,-5.226244137521345,18.220580044811175,-4.0,4,6,1,6
2015-03-14 18:30:00,35,3.0,-11.530799670760125,18.220580044811175,-4.0,4,6,1,6
2015-03-14 19:30:00,35,2.0,-4.915767926821452,18.220580044811175,-4.0,4,6,1,6
2015-03-14 20:30:00,35,-1.0,-4.387389962966509,18.220580044811175,1.0,4,6,1,6
2015-03-14 21:30:00,35,-3.0,-1.4420275841904946,18.220580044811175,3.0,4,6,1,6
2015-03-14 22:30:00,35,-5.0,-0.2701296251744978,18.220580044811175,4.0,4,6,1,6
2015-03-14 23:30:00,35,-11.0,1.3407716859969625,18.220580044811175,2.0,4,6,1,6
2015-03-15 00:30:00,35,-11.0,1.2107790880751708,18.220580044811175,3.0,4,6,1,6
2015-03-15 01:30:00,35,-11.0,-0.43254231365921214,18.220580044811175,2.0,4,6,1,6
2015-03-15 02:30:00,35,-11.0,0.22286086970536445,18.220580044811175,-1.0,4,6,1,6
2015-03-15 03:30:00,35,-12.0,-2.4527914256044347,18.220580044811175,-3.0,4,6,1,6
2015-03-15 04:30:00,35,-11.0,-10.857368865859328,18.220580044811175,-5.0,4,6,1,6
2015-03-15 05:30:00,35,-11.0,-11.421127461411903,18.220580044811175,-11.0,4,6,1,6
2015-03-15 06:30:00,35,-9.0,-12.943549844229494,18.220580044811175,-11.0,4,6,1,6
2015-03-15 07:30:00,35,-9.0,-13.783433029040157,18.220580044811175,-11.0,4,6,1,6
2015-03-15 08:30:00,35,-7.0,-8.963983157857488,18.220580044811175,-11.0,4,6,1,6
2015-03-15 09:30:00,35,-6.0,-8.625544761490353,18.220580044811175,-12.0,4,6,1,6
2015-03-15 10:30:00,35,-7.0,-11.90487851536789,18.220580044811175,-11.0,4,6,1,6
2015-03-15 11:30:00,35,-5.0,-16.43377486278605,18.220580044811175,-11.0,4,6,1,6
2015-03-15 12:30:00,35,-5.0,-15.458708446924803,18.220580044811175,-9.0,4,6,1,6
2015-03-15 13:30:00,35,-3.0,-11.919742756538465,18.220580044811175,-9.0,4,6,1,6
2015-03-15 14:30:00,35,1.0,-13.596081371066177,18.220580044811175,-7.0,4,6,1,6
2015-03-15 15:30:00,35,4.0,-11.829875860862778,18.220580044811175,-6.0,4,6,1,6
2015-03-15 16:30:00,35,-1.0,-13.280800833413267,18.220580044811175,-7.0,4,6,1,6
2015-03-15 17:30:00,35,0.0,-11.957826391920289,18.220580044811175,-5.0,4,6,1,6
2015-03-15 18:30:00,35,2.0,-10.907964718969833,18.220580044811175,-5.0,4,6,1,6
2015-03-15 19:30:00,35,1.0,-4.132261513203041,18.220580044811175,-3.0,4,6,1,6
2015-03-15 20:30:00,35,-2.0,-2.379721441524442,18.220580044811175,1.0,4,6,1,6
2015-03-15 21:30:00,35,-7.0,-1.6340046603576148,18.220580044811175,4.0,4,6,1,6
2015-03-15 22:30:00,35,-7.0,-5.409325915729443,18.220580044811175,-1.0,4,6,1,6
2015-03-15 23:30:00,35,-2.0,0.3263179938539338,18.220580044811175,0.0,4,6,1,6
2015-03-16 00:30:00,35,4.0,-1.2487856116956095,18.220580044811175,2.0,4,6,1,6
2015-03-16 01:30:00,35,10.0,-5.077663261312651,18.220580044811175,1.0,4,6,1,6
2015-03-16 02:30:00,35,15.0,-5.322255466529729,18.220580044811175,-2.0,4,6,1,6
2015-03-16 03:30:00,35,10.0,-0.09723766945545265,18.220580044811175,-7.0,4,6,1,6
2015-03-16 04:30:00,35,7.0,-2.0294613924508127,18.220580044811175,-7.0,4,6,1,6
2015-03-16 05:30:00,35,15.0,-3.3107307206073457,18.220580044811175,-2.0,4,6,1,6
2015-03-16 06:30:00,35,1.0,-2.0140797972867226,18.220580044811175,4.0,4,6,1,6
2015-03-16 07:30:00,35,-10.0,-1.1730445312261786,18.220580044811175,10.0,4,6,1,6
2015-03-16 08:30:00,35,-2.0,3.749537693426305,18.220580044811175,15.0,4,6,1,6
2015-03-16 09:30:00,35,5.0,-13.746019446848173,18.220580044811175,10.0,4,6,1,6
2015-03-16 10:30:00,35,11.0,4.300366997325916,18.220580044811175,7.0,4,6,1,6
2015-03-16 11:30:00,35,19.0,-1.7002829488398916,18.220580044811175,15.0,4,6,1,6
2015-03-16 12:30:00,35,17.0,-33.780277218058764,18.220580044811175,1.0,4,6,1,6
2015-03-16 13:30:00,35,11.0,-7.796686686563568,18.220580044811175,-10.0,4,6,1,6
2015-03-16 14:30:00,35,7.0,-9.834231831358139,18.220580044811175,-2.0,4,6,1,6
2015-03-16 15:30:00,35,12.0,-12.414832295594667,18.220580044811175,5.0,4,6,1,6
2015-03-16 16:30:00,35,17.0,-2.746956171407394,18.220580044811175,11.0,4,6,1,6
2015-03-16 17:30:00,35,17.0,-7.0729563105749875,18.220580044811175,19.0,4,6,1,6
2015-03-16 18:30:00,35,15.0,1.4364798957051832,18.220580044811175,17.0,4,6,1,6
2015-03-16 19:30:00,35,16.0,6.279015834188883,18.220580044811175,11.0,4,6,1,6
2015-03-16 20:30:00,35,11.0,5.951719920968472,18.220580044811175,7.0,4,6,1,6
2015-03-16 21:30:00,35,9.0,-0.337239782412869,18.220580044811175,12.0,4,6,1,6
2015-03-16 22:30:00,35,6.0,-0.6830236938509557,18.220580044811175,17.0,4,6,1,6
2015-03-16 23:30:00,35,3.0,4.131176287798375,18.220580044811175,17.0,4,6,1,6
2015-03-17 00:30:00,35,4.0,6.048882191680498,18.220580044811175,15.0,4,6,1,6
2015-03-17 01:30:00,35,3.0,5.3050958018463135,18.220580044811175,16.0,4,6,1,6
2015-03-17 02:30:00,35,3.0,2.7411213172692968,18.220580044811175,11.0,4,6,1,6
2015-03-17 03:30:00,35,2.0,1.0085916775866508,18.220580044811175,9.0,4,6,1,6
2015-03-17 04:30:00,35,13.0,0.030892909908171617,18.220580044811175,6.0,4,6,1,6
2015-03-17 05:30:00,35,45.0,-0.8310917742510995,18.220580044811175,3.0,4,6,1,6
2015-03-17 06:30:00,35,25.0,-0.9871822601894849,18.220580044811175,4.0,4,6,1,6
2015-03-17 07:30:00,35,-18.0,-0.6579559556364316,18.220580044811175,3.0,4,6,1,6
2015-03-17 08:30:00,35,-54.0,-1.2289666234681782,18.220580044811175,3.0,4,6,1,6
2015-03-17 09:30:00,35,-83.0,-0.7377036806900179,18.220580044811175,2.0,4,6,1,6
2015-03-17 10:30:00,35,-75.0,-6.679534808068624,18.220580044811175,13.0,4,6,1,6
2015-03-17 11:30:00,35,-54.0,-34.50852190648197,18.220580044811175,45.0,4,6,1,6
2015-03-17 12:30:00,35,-55.0,-71.19488599876165,18.220580044811175,25.0,4,6,1,6
2015-03-17 13:30:00,35,-75.0,-116.34776030263086,18.220580044811175,-18.0,4,6,1,6
2015-03-17 14:30:00,35,-93.0,-149.727503778957,18.220580044811175,-54.0,4,6,1,6
2015-03-17 15:30:00,35,-118.0,-115.6737779573493,18.220580044811175,-83.0,4,6,1,6
2015-03-17 16:30:00,35,-143.0,-80.92516595421102,18.220580044811175,-75.0,4,6,1,6
2015-03-17 17:30:00,35,-162.0,-58.3363510510042,18.220580044811175,-54.0,4,6,1,6
2015-03-17 18:30:00,35,-154.0,-74.27092242411172,18.220580044811175,-55.0,4,6,1,6
2015-03-17 19:30:00,35,-177.0,-96.59947408219207,18.220580044811175,-75.0,4,6,1,6
2015-03-17 20:30:00,35,-182.0,-133.8818580363299,18.220580044811175,-93.0,4,6,1,6
2015-03-17 21:30:00,35,-198.0,-139.26066215684278,18.220580044811175,-118.0,4,6,1,6
2015-03-17 22:30:00,35,-234.0,-140.28464929283993,18.220580044811175,-143.0,4,6,1,6
2015-03-17 23:30:00,35,-225.0,-145.1789821661724,18.220580044811175,-162.0,4,6,1,6
2015-03-18 00:30:00,35,-200.0,-126.35474487637512,18.220580044811175,-154.0,4,6,1,6
2015-03-18 01:30:00,35,-189.0,-133.69547385311472,18.220580044811175,-177.0,4,6,1,6
2015-03-18 02:30:00,35,-172.0,-136.05316767710474,18.220580044811175,-182.0,4,6,1,6
2015-03-18 03:30:00,35,-155.0,-143.86209518070007,18.220580044811175,-198.0,4,6,1,6
2015-03-18 04:30:00,35,-148.0,-155.7309159852115,18.220580044811175,-234.0,4,6,1,6
2015-03-18 05:30:00,35,-136.0,-150.38830385332,18.220580044811175,-225.0,4,6,1,6
2015-03-18 06:30:00,35,-133.0,-130.5774109623882,18.220580044811175,-200.0,4,6,1,6
2015-03-18 07:30:00,35,-124.0,-124.27083387411747,18.220580044811175,-189.0,4,6,1,6
2015-03-18 08:30:00,35,-123.0,-114.43456244367903,18.220580044811175,-172.0,4,6,1,6
2015-03-18 09:30:00,35,-117.0,-107.02593018551715,18.220580044811175,-155.0,4,6,1,6
2015-03-18 10:30:00,35,-111.0,-103.60663508319956,18.220580044811175,-148.0,4,6,1,6
2015-03-18 11:30:00,35,-99.0,-99.09487979034196,18.220580044811175,-136.0,4,6,1,6
2015-03-18 12:30:00,35,-97.0,-94.80467963588877,18.220580044811175,-133.0,4,6,1,6
2015-03-18 13:30:00,35,-91.0,-94.63707061654407,18.220580044811175,-124.0,4,6,1,6
2015-03-18 14:30:00,35,-88.0,-94.81380968037348,18.220580044811175,-123.0,4,6,1,6
2015-03-18 15:30:00,35,-91.0,-92.39483105953026,18.220580044811175,-117.0,4,6,1,6
2015-03-18 16:30:00,35,-86.0,-89.17733592197918,18.220580044811175,-111.0,4,6,1,6
2015-03-18 17:30:00,35,-82.0,-82.53472943809528,18.220580044811175,-99.0,4,6,1,6
2015-03-18 18:30:00,35,-88.0,-78.67403793651565,18.220580044811175,-97.0,4,6,1,6
2015-03-18 19:30:00,35,-94.0,-74.67518784864959,18.220580044811175,-91.0,4,6,1,6
2015-03-18 20:30:00,35,-95.0,-79.42359498851542,18.220580044811175,-88.0,4,6,1,6
2015-03-18 21:30:00,35,-94.0,-76.14462816852756,18.220580044811175,-91.0,4,6,1,6
2015-03-18 22:30:00,35,-94.0,-70.18845699124934,18.220580044811175,-86.0,4,6,1,6
2015-03-18 23:30:00,35,-93.0,-69.70545803781256,18.220580044811175,-82.0,4,6,1,6
2015-03-19 00:30:00,35,-99.0,-75.17522985567018,18.220580044811175,-88.0,4,6,1,6
2015-03-19 01:30:00,35,-94.0,-74.60537468772702,18.220580044811175,-94.0,4,6,1,6
2015-03-19 02:30:00,35,-86.0,-76.52222821102072,18.220580044811175,-95.0,4,6,1,6
2015-03-19 03:30:00,35,-81.0,-78.16621510775997,18.220580044811175,-94.0,4,6,1,6
2015-03-19 04:30:00,35,-86.0,-78.7402683640558,18.220580044811175,-94.0,4,6,1,6
2015-03-19 05:30:00,35,-84.0,-78.0643168828694,18.220580044811175,-93.0,4,6,1,6
2015-03-19 06:30:00,35,-81.0,-78.80449319021139,18.220580044811175,-99.0,4,6,1,6
2015-03-19 07:30:00,35,-73.0,-76.6886840095693,18.220580044811175,-94.0,4,6,1,6
2015-03-19 08:30:00,35,-71.0,-72.63117919757478,18.220580044811175,-86.0,4,6,1,6
2015-03-19 09:30:00,35,-76.0,-68.95438766840445,18.220580044811175,-81.0,4,6,1,6
2015-03-19 10:30:00,35,-75.0,-69.94460321199657,18.220580044811175,-86.0,4,6,1,6
2015-03-19 11:30:00,35,-76.0,-67.15797506643858,18.220580044811175,-84.0,4,6,1,6
2015-03-19 12:30:00,35,-77.0,-67.40037478468756,18.220580044811175,-81.0,4,6,1,6
2015-03-19 13:30:00,35,-83.0,-63.81713544373704,18.220580044811175,-73.0,4,6,1,6
2015-03-19 14:30:00,35,-84.0,-65.52016906851175,18.220580044811175,-71.0,4,6,1,6
2015-03-19 15:30:00,35,-80.0,-66.15872520024601,18.220580044811175,-76.0,4,6,1,6
2015-03-19 16:30:00,35,-73.0,-62.03202258229919,18.220580044811175,-75.0,4,6,1,6
2015-03-19 17:30:00,35,-72.0,-67.32970012680661,18.220580044811175,-76.0,4,6,1,6
2015-03-19 18:30:00,35,-71.0,-62.517425978304956,18.220580044811175,-77.0,4,6,1,6
2015-03-19 19:30:00,35,-70.0,-65.09085641759168,18.220580044811175,-83.0,4,6,1,6
2015-03-19 20:30:00,35,-71.0,-63.945261464915696,18.220580044811175,-84.0,4,6,1,6
2015-03-19 21:30:00,35,-69.0,-62.24842697169326,18.220580044811175,-80.0,4,6,1,6
2015-03-19 22:30:00,35,-65.0,-61.30185149095519,18.220580044811175,-73.0,4,6,1,6
2015-03-19 23:30:00,35,-70.0,-62.386991236441574,18.220580044811175,-72.0,4,6,1,6
2015-03-20 00:30:00,35,-75.0,-60.901911783949004,18.220580044811175,-71.0,4,6,1,6
2015-03-20 01:30:00,35,-81.0,-60.60330280780526,18.220580044811175,-70.0,4,6,1,6
2015-03-20 02:30:00,35,-74.0,-64.18450691916894,18.220580044811175,-71.0,4,6,1,6
2015-03-20 03:30:00,35,-69.0,-59.03262292076416,18.220580044811175,-69.0,4,6,1,6
2015-03-20 04:30:00,35,-65.0,-55.29281220536147,18.220580044811175,-65.0,4,6,1,6
2015-03-20 05:30:00,35,-64.0,-57.64499062554393,18.220580044811175,-70.0,4,6,1,6
2015-03-20 06:30:00,35,-71.0,-62.11238110413807,18.220580044811175,-75.0,4,6,1,6
2015-03-20 07:30:00,35,-68.0,-61.76171765569505,18.220580044811175,-81.0,4,6,1,6
2015-03-20 08:30:00,35,-63.0,-60.97807221743521,18.220580044811175,-74.0,4,6,1,6
2015-03-20 09:30:00,35,-61.0,-58.899847550921294,18.220580044811175,-69.0,4,6,1,6
2015-03-20 10:30:00,35,-62.0,-56.20402984532673,18.220580044811175,-65.0,4,6,1,6
2015-03-20 11:30:00,35,-65.0,-58.313491753405174,18.220580044811175,-64.0,4,6,1,6
2015-03-20 12:30:00,35,-58.0,-54.44982147795098,18.220580044811175,-71.0,4,6,1,6
2015-03-20 13:30:00,35,-57.0,-55.65294300397661,18.220580044811175,-68.0,4,6,1,6
2015-03-20 14:30:00,35,-55.0,-54.2375354086727,18.220580044811175,-63.0,4,6,1,6
2015-03-20 15:30:00,35,-56.0,-54.211676825366766,18.220580044811175,-61.0,4,6,1,6
2015-03-20 16:30:00,35,-62.0,-52.7458101225013,18.220580044811175,-62.0,4,6,1,6
2015-03-20 17:30:00,35,-66.0,-51.97201264285815,18.220580044811175,-65.0,4,6,1,6
2015-03-20 18:30:00,35,-64.0,-49.35995500463253,18.220580044811175,-58.0,4,6,1,6
2015-03-20 19:30:00,35,-60.0,-47.7947745677516,18.220580044811175,-57.0,4,6,1,6
2015-03-20 20:30:00,35,-59.0,-48.66333899190772,18.220580044811175,-55.0,4,6,1,6
2015-03-20 21:30:00,35,-56.0,-49.51628935346653,18.220580044811175,-56.0,4,6,1,6
2015-03-20 22:30:00,35,-56.0,-53.49816817916199,18.220580044811175,-62.0,4,6,1,6
2015-03-20 23:30:00,35,-65.0,-51.799266549057975,18.220580044811175,-66.0,4,6,1,6
2015-03-21 00:30:00,35,-69.0,-50.65959153910517,18.220580044811175,-64.0,4,6,1,6
2015-03-21 01:30:00,35,-65.0,-51.82719568788422,18.220580044811175,-60.0,4,6,1,6
2015-03-21 02:30:00,35,-64.0,-49.19094662250359,18.220580044811175,-59.0,4,6,1,6
2015-03-21 03:30:00,35,-58.0,-50.24414944503333,18.220580044811175,-56.0,4,6,1,6
2015-03-21 04:30:00,35,-48.0,-53.248728344234735,18.220580044811175,-56.0,4,6,1,6
2015-03-21 05:30:00,35,-46.0,-56.32460067492606,18.220580044811175,-65.0,4,6,1,6
2015-03-21 06:30:00,35,-49.0,-55.50061985791172,18.220580044811175,-69.0,4,6,1,6
2015-03-21 07:30:00,35,-46.0,-52.65800124733727,18.220580044811175,-65.0,4,6,1,6
2015-03-21 08:30:00,35,-45.0,-51.54668954332861,18.220580044811175,-64.0,4,6,1,6
2015-03-21 09:30:00,35,-44.0,-49.0218402393979,18.220580044811175,-58.0,4,6,1,6
2015-03-21 10:30:00,35,-50.0,-46.9258181396885,18.220580044811175,-48.0,4,6,1,6
2015-03-21 11:30:00,35,-48.0,-46.681266958136106,18.220580044811175,-46.0,4,6,1,6
2015-03-21 12:30:00,35,-46.0,-47.92886839259557,18.220580044811175,-49.0,4,6,1,6
2015-03-21 13:30:00,35,-45.0,-46.581002842555456,18.220580044811175,-46.0,4,6,1,6
2015-03-21 14:30:00,35,-46.0,-43.366739458144494,18.220580044811175,-45.0,4,6,1,6
2015-03-21 15:30:00,35,-46.0,-41.97433588281224,18.220580044811175,-44.0,4,6,1,6
2015-03-21 16:30:00,35,-46.0,-42.344683853026226,18.220580044811175,-50.0,4,6,1,6
2015-03-21 17:30:00,35,-44.0,-42.11770219542108,18.220580044811175,-48.0,4,6,1,6
2015-03-21 18:30:00,35,-44.0,-40.6020851827561,18.220580044811175,-46.0,4,6,1,6
2015-03-21 19:30:00,35,-44.0,-40.676783578414806,18.220580044811175,-45.0,4,6,1,6
2015-03-21 20:30:00,35,-47.0,-40.22138785357929,18.220580044811175,-46.0,4,6,1,6
2015-03-21 21:30:00,35,-40.0,-40.64462900212609,18.220580044811175,-46.0,4,6,1,6
2015-03-21 22:30:00,35,-43.0,-40.54020269389936,18.220580044811175,-46.0,4,6,1,6
2015-03-21 23:30:00,35,-41.0,-39.40627726450667,18.220580044811175,-44.0,4,6,1,6
2015-03-22 00:30:00,35,-39.0,-39.66685502439569,18.220580044811175,-44.0,4,6,1,6
2015-03-22 01:30:00,35,-42.0,-39.90192233235547,18.220580044811175,-44.0,4,6,1,6
2015-03-22 02:30:00,35,-36.0,-40.17075439544282,18.220580044811175,-47.0,4,6,1,6
2015-03-22 03:30:00,35,-33.0,-38.05549048767717,18.220580044811175,-40.0,4,6,1,6
2015-03-22 04:30:00,35,-40.0,-39.971068288953795,18.220580044811175,-43.0,4,6,1,6
2015-03-22 05:30:00,35,-43.0,-40.9220697672928,18.220580044811175,-41.0,4,6,1,6
2015-03-22 06:30:00,35,-45.0,-41.22915354883256,18.220580044811175,-39.0,4,6,1,6
2015-03-22 07:30:00,35,-56.0,-40.22177643884754,18.220580044811175,-42.0,4,6,1,6
2015-03-22 08:30:00,35,-50.0,-37.4772374337093,18.220580044811175,-36.0,4,6,1,6
2015-03-22 09:30:00,35,-50.0,-42.396029527563456,18.220580044811175,-33.0,4,6,1,6
2015-03-22 10:30:00,35,-45.0,-42.990244775505325,18.220580044811175,-40.0,4,6,1,6
2015-03-22 11:30:00,35,-33.0,-41.49419491134846,18.220580044811175,-43.0,4,6,1,6
2015-03-22 12:30:00,35,-41.0,-51.60978963734411,18.220580044811175,-45.0,4,6,1,6
2015-03-22 13:30:00,35,-48.0,-47.88362042999515,18.220580044811175,-56.0,4,6,1,6
2015-03-22 14:30:00,35,-55.0,-42.549587941753835,18.220580044811175,-50.0,4,6,1,6
2015-03-22 15:30:00,35,-51.0,-47.144288526417924,18.220580044811175,-50.0,4,6,1,6
2015-03-22 16:30:00,35,-49.0,-43.99008948483582,18.220580044811175,-45.0,4,6,1,6
2015-03-22 17:30:00,35,-52.0,-39.79890906146786,18.220580044811175,-33.0,4,6,1,6
2015-03-22 18:30:00,35,-54.0,-45.51756119704829,18.220580044811175,-41.0,4,6,1,6
2015-03-22 19:30:00,35,-52.0,-44.00652174163432,18.220580044811175,-48.0,4,6,1,6
2015-03-22 20:30:00,35,-47.0,-44.20171689638667,18.220580044811175,-55.0,4,6,1,6
2015-03-22 21:30:00,35,-46.0,-43.3306910523495,18.220580044811175,-51.0,4,6,1,6
2015-03-22 22:30:00,35,-45.0,-42.8035802639148,18.220580044811175,-49.0,4,6,1,6
2015-03-22 23:30:00,35,-44.0,-43.49557541663144,18.220580044811175,-52.0,4,6,1,6
2015-03-23 00:30:00,35,-40.0,-43.97442528220391,18.220580044811175,-54.0,4,6,1,6
2015-03-23 01:30:00,35,-45.0,-43.2355583134931,18.220580044811175,-52.0,4,6,1,6
2015-03-23 02:30:00,35,-46.0,-41.350816633504095,18.220580044811175,-47.0,4,6,1,6
2015-03-23 03:30:00,35,-47.0,-39.726676643875166,18.220580044811175,-46.0,4,6,1,6
2015-03-23 04:30:00,35,-50.0,-39.2792400797615,18.220580044811175,-45.0,4,6,1,6
2015-03-23 05:30:00,35,-47.0,-39.331362355062126,18.220580044811175,-44.0,4,6,1,6
2015-03-23 06:30:00,35,-44.0,-39.13569428861967,18.220580044811175,-40.0,4,6,1,6
2015-03-23 07:30:00,35,-46.0,-47.554829432106246,18.220580044811175,-45.0,4,6,1,6
2015-03-23 08:30:00,35,-47.0,-44.86807567731441,18.220580044811175,-46.0,4,6,1,6
2015-03-23 09:30:00,35,-44.0,-43.86636894942575,18.220580044811175,-47.0,4,6,1,6
2015-03-23 10:30:00,35,-46.0,-45.116029543943114,18.220580044811175,-50.0,4,6,1,6
2015-03-23 11:30:00,35,-42.0,-38.83492587234879,18.220580044811175,-47.0,4,6,1,6
2015-03-23 12:30:00,35,-36.0,-37.78763843435727,18.220580044811175,-44.0,4,6,1,6
2015-03-23 13:30:00,35,-35.0,-40.20223777899545,18.220580044811175,-46.0,4,6,1,6
2015-03-23 14:30:00,35,-32.0,-42.885791687941925,18.220580044811175,-47.0,4,6,1,6
2015-03-23 15:30:00,35,-37.0,-42.84016197735069,18.220580044811175,-44.0,4,6,1,6
2015-03-23 16:30:00,35,-39.0,-42.47318706401074,18.220580044811175,-46.0,4,6,1,6
2015-03-23 17:30:00,35,-35.0,-39.891284098420485,18.220580044811175,-42.0,4,6,1,6
2015-03-23 18:30:00,35,-36.0,-37.33610406196014,18.220580044811175,-36.0,4,6,1,6
2015-03-23 19:30:00,35,-37.0,-37.46828344911885,18.220580044811175,-35.0,4,6,1,6
2015-03-23 20:30:00,35,-40.0,-35.01731947460374,18.220580044811175,-32.0,4,6,1,6
2015-03-23 21:30:00,35,-50.0,-32.1324296810975,18.220580044811175,-37.0,4,6,1,6
2015-03-23 22:30:00,35,-47.0,-32.10806817666598,18.220580044811175,-39.0,4,6,1,6
2015-03-23 23:30:00,35,-47.0,-31.0873899980668,18.220580044811175,-35.0,4,6,1,6
2015-03-24 00:30:00,35,-48.0,-31.12437468354224,18.220580044811175,-36.0,4,6,1,6
2015-03-24 01:30:00,35,-48.0,-34.18847564400497,18.220580044811175,-37.0,4,6,1,6
2015-03-24 02:30:00,35,-45.0,-40.128650440921945,18.220580044811175,-40.0,4,6,1,6
2015-03-24 03:30:00,35,-40.0,-39.64898750910636,18.220580044811175,-50.0,4,6,1,6
2015-03-24 04:30:00,35,-34.0,-40.32150610724105,18.220580044811175,-47.0,4,6,1,6
2015-03-24 05:30:00,35,-33.0,-38.96067195120265,18.220580044811175,-47.0,4,6,1,6
2015-03-24 06:30:00,35,-32.0,-39.16852176696383,18.220580044811175,-48.0,4,6,1,6
2015-03-24 07:30:00,35,-29.0,-39.61360345877,18.220580044811175,-48.0,4,6,1,6
2015-03-24 08:30:00,35,-30.0,-39.12061524298262,18.220580044811175,-45.0,4,6,1,6
2015-03-24 09:30:00,35,-29.0,-36.475166620796564,18.220580044811175,-40.0,4,6,1,6
2015-03-24 10:30:00,35,-26.0,-35.1639246625167,18.220580044811175,-34.0,4,6,1,6
2015-03-24 11:30:00,35,-31.0,-33.404914674610254,18.220580044811175,-33.0,4,6,1,6
2015-03-24 12:30:00,35,-32.0,-31.488591325205302,18.220580044811175,-32.0,4,6,1,6
2015-03-24 13:30:00,35,-30.0,-30.309469070349763,18.220580044811175,-29.0,4,6,1,6
2015-03-24 14:30:00,35,-28.0,-29.65217680420379,18.220580044811175,-30.0,4,6,1,6
2015-03-24 15:30:00,35,-26.0,-28.53724390712708,18.220580044811175,-29.0,4,6,1,6
2015-03-24 16:30:00,35,-33.0,-28.618964756497352,18.220580044811175,-26.0,4,6,1,6
2015-03-24 17:30:00,35,-34.0,-32.56854198663356,18.220580044811175,-31.0,4,6,1,6
2015-03-24 18:30:00,35,-31.0,-30.71045131972339,18.220580044811175,-32.0,4,6,1,6
2015-03-24 19:30:00,35,-31.0,-30.07954852298849,18.220580044811175,-30.0,4,6,1,6
2015-03-24 20:30:00,35,-28.0,-28.620359276210053,18.220580044811175,-28.0,4,6,1,6
2015-03-24 21:30:00,35,-28.0,-29.885354459609058,18.220580044811175,-26.0,4,6,1,6
2015-03-24 22:30:00,35,-34.0,-30.96098255506319,18.220580044811175,-33.0,4,6,1,6
2015-03-24 23:30:00,35,-34.0,-27.730271102649628,18.220580044811175,-34.0,4,6,1,6
2015-03-25 00:30:00,35,-30.0,-26.602462187706728,18.220580044811175,-31.0,4,6,1,6
2015-03-25 01:30:00,35,-30.0,-26.393304172860617,18.220580044811175,-31.0,4,6,1,6
2015-03-25 02:30:00,35,-36.0,-26.64550284923789,18.220580044811175,-28.0,4,6,1,6
2015-03-25 03:30:00,35,-34.0,-27.619825711176734,18.220580044811175,-28.0,4,6,1,6
2015-03-25 04:30:00,35,-32.0,-30.3703245431566,18.220580044811175,-34.0,4,6,1,6
2015-03-25 05:30:00,35,-34.0,-30.33081647497324,18.220580044811175,-34.0,4,6,1,6
2015-03-25 06:30:00,35,-33.0,-29.99766671271164,18.220580044811175,-30.0,4,6,1,6
2015-03-25 07:30:00,35,-32.0,-32.032064288344664,18.220580044811175,-30.0,4,6,1,6
2015-03-25 08:30:00,35,-31.0,-31.23793317290289,18.220580044811175,-36.0,4,6,1,6
2015-03-25 09:30:00,35,-28.0,-30.4485269010638,18.220580044811175,-34.0,4,6,1,6
2015-03-25 10:30:00,35,-17.0,-31.673046114190804,18.220580044811175,-32.0,4,6,1,6
2015-03-25 11:30:00,35,-13.0,-31.429573370712447,18.220580044811175,-34.0,4,6,1,6
2015-03-25 12:30:00,35,-5.0,-29.928107100827752,18.220580044811175,-33.0,4,6,1,6
2015-03-25 13:30:00,35,-5.0,-28.38773914380331,18.220580044811175,-32.0,4,6,1,6
2015-03-25 14:30:00,35,-4.0,-27.753272843528805,18.220580044811175,-31.0,4,6,1,6
2015-03-25 15:30:00,35,-12.0,-26.94856175345363,18.220580044811175,-28.0,4,6,1,6
2015-03-25 16:30:00,35,-22.0,-24.448914654193914,18.220580044811175,-17.0,4,6,1,6
2015-03-25 17:30:00,35,-17.0,-23.15230133589925,18.220580044811175,-13.0,4,6,1,6
2015-03-25 18:30:00,35,-17.0,-22.295355725218684,18.220580044811175,-5.0,4,6,1,6
2015-03-25 19:30:00,35,-22.0,-18.24908911825515,18.220580044811175,-5.0,4,6,1,6
2015-03-25 20:30:00,35,-28.0,-16.942476281693715,18.220580044811175,-4.0,4,6,1,6
2015-03-25 21:30:00,35,-32.0,-17.014016994717977,18.220580044811175,-12.0,4,6,1,6
2015-03-25 22:30:00,35,-33.0,-18.138104151637034,18.220580044811175,-22.0,4,6,1,6
2015-03-25 23:30:00,35,-31.0,-17.169943385997627,18.220580044811175,-17.0,4,6,1,6
2015-03-26 00:30:00,35,-29.0,-18.000179172330057,18.220580044811175,-17.0,4,6,1,6
2015-03-26 01:30:00,35,-25.0,-20.42225052167197,18.220580044811175,-22.0,4,6,1,6
2015-03-26 02:30:00,35,-25.0,-22.233772367250268,18.220580044811175,-28.0,4,6,1,6
2015-03-26 03:30:00,35,-23.0,-23.205006489102264,18.220580044811175,-32.0,4,6,1,6
2015-03-26 04:30:00,35,-23.0,-24.717494877561954,18.220580044811175,-33.0,4,6,1,6
2015-03-26 05:30:00,35,-26.0,-26.190601117697938,18.220580044811175,-31.0,4,6,1,6
2015-03-26 06:30:00,35,-27.0,-26.717468613010134,18.220580044811175,-29.0,4,6,1,6
2015-03-26 07:30:00,35,-21.0,-25.297421355185065,18.220580044811175,-25.0,4,6,1,6
2015-03-26 08:30:00,35,-18.0,-24.93748313988469,18.220580044811175,-25.0,4,6,1,6
2015-03-26 09:30:00,35,-15.0,-23.22916600896253,18.220580044811175,-23.0,4,6,1,6
2015-03-26 10:30:00,35,-15.0,-23.264223009527655,18.220580044811175,-23.0,4,6,1,6
2015-03-26 11:30:00,35,-10.0,-24.34918327648104,18.220580044811175,-26.0,4,6,1,6
2015-03-26 12:30:00,35,-9.0,-24.16337171525208,18.220580044811175,-27.0,4,6,1,6
2015-03-26 13:30:00,35,-13.0,-20.661581441893304,18.220580044811175,-21.0,4,6,1,6
2015-03-26 14:30:00,35,-11.0,-19.622559132789405,18.220580044811175,-18.0,4,6,1,6
2015-03-26 15:30:00,35,-16.0,-17.48758392391612,18.220580044811175,-15.0,4,6,1,6
2015-03-26 16:30:00,35,-20.0,-16.182494660679204,18.220580044811175,-15.0,4,6,1,6
2015-03-26 17:30:00,35,-20.0,-13.863497547948803,18.220580044811175,-10.0,4,6,1,6
2015-03-26 18:30:00,35,-21.0,-12.04244453760888,18.220580044811175,-9.0,4,6,1,6
2015-03-26 19:30:00,35,-20.0,-13.459581964106977,18.220580044811175,-13.0,4,6,1,6
2015-03-26 20:30:00,35,-27.0,-11.720921565646528,18.220580044811175,-11.0,4,6,1,6
2015-03-26 21:30:00,35,-30.0,-14.461829976460223,18.220580044811175,-16.0,4,6,1,6
2015-03-26 22:30:00,35,-31.0,-16.031402224554842,18.220580044811175,-20.0,4,6,1,6
2015-03-26 23:30:00,35,-29.0,-17.38416440479351,18.220580044811175,-20.0,4,6,1,6
2015-03-27 00:30:00,35,-28.0,-17.688250040172598,18.220580044811175,-21.0,4,6,1,6
2015-03-27 01:30:00,35,-29.0,-20.86986428522615,18.220580044811175,-20.0,4,6,1,6
2015-03-27 02:30:00,35,-27.0,-25.383995531996725,18.220580044811175,-27.0,4,6,1,6
2015-03-27 03:30:00,35,-27.0,-24.6443901373216,18.220580044811175,-30.0,4,6,1,6
2015-03-27 04:30:00,35,-25.0,-27.341622019801527,18.220580044811175,-31.0,4,6,1,6
2015-03-27 05:30:00,35,-30.0,-27.800893911176587,18.220580044811175,-29.0,4,6,1,6
2015-03-27 06:30:00,35,-35.0,-26.828254159036035,18.220580044811175,-28.0,4,6,1,6
2015-03-27 07:30:00,35,-29.0,-26.47888751421553,18.220580044811175,-29.0,4,6,1,6
2015-03-27 08:30:00,35,-23.0,-26.495780147695484,18.220580044811175,-27.0,4,6,1,6
2015-03-27 09:30:00,35,-27.0,-24.683709610602037,18.220580044811175,-27.0,4,6,1,6
2015-03-27 10:30:00,35,-23.0,-26.305573926387233,18.220580044811175,-25.0,4,6,1,6
2015-03-27 11:30:00,35,-22.0,-28.437958376881088,18.220580044811175,-30.0,4,6,1,6
2015-03-27 12:30:00,35,-22.0,-25.027960832345673,18.220580044811175,-35.0,4,6,1,6
2015-03-27 13:30:00,35,-23.0,-24.03587700269106,18.220580044811175,-29.0,4,6,1,6
2015-03-27 14:30:00,35,-29.0,-24.144738994661765,18.220580044811175,-23.0,4,6,1,6
2015-03-27 15:30:00,35,-30.0,-23.47883489268428,18.220580044811175,-27.0,4,6,1,6
2015-03-27 16:30:00,35,-26.0,-24.460346582085908,18.220580044811175,-23.0,4,6,1,6
2015-03-27 17:30:00,35,-23.0,-21.133219119305046,18.220580044811175,-22.0,4,6,1,6
2015-03-27 18:30:00,35,-23.0,-23.45093082387534,18.220580044811175,-22.0,4,6,1,6
2015-03-27 19:30:00,35,-23.0,-27.59229712285428,18.220580044811175,-23.0,4,6,1,6
2015-03-27 20:30:00,35,-21.0,-24.22377792195331,18.220580044811175,-29.0,4,6,1,6
2015-03-27 21:30:00,35,-20.0,-21.518479191631734,18.220580044811175,-30.0,4,6,1,6
2015-03-27 22:30:00,35,-21.0,-20.693648273121447,18.220580044811175,-26.0,4,6,1,6
