time,event_no,DST_true,DST_pred,sigma_nT,DST_persist,DST_p10,DST_p90,DST_p025,DST_p975,fold,L_value,L_idx,H
2000-05-16 07:30:00,8,2.0,-23.06448912302747,15.883988525245165,,-49.19365024705577,3.064672001000826,-54.197106632507996,8.06812838645305,1,48,8,4
2000-05-16 08:30:00,8,-3.0,-23.71858123663666,15.883988525245165,,-49.84774236066495,2.4105798873916378,-54.85119874611718,7.4140362728438625,1,48,8,4
2000-05-16 09:30:00,8,-10.0,-11.103231143778174,15.883988525245165,,-37.232392267806475,15.025929980250122,-42.2358486532587,20.029386365702347,1,48,8,4
2000-05-16 10:30:00,8,-9.0,-5.047710573589306,15.883988525245165,,-31.176871697617603,21.08145055043899,-36.180328083069824,26.084906935891215,1,48,8,4
2000-05-16 11:30:00,8,-14.0,-4.249911904397827,15.883988525245165,2.0,-30.379073028426124,21.87924921963047,-35.382529413878345,26.882705605082695,1,48,8,4
2000-05-16 12:30:00,8,-10.0,-8.102108837787739,15.883988525245165,-3.0,-34.23126996181604,18.027052286240558,-39.234726347268264,23.030508671692782,1,48,8,4
2000-05-16 13:30:00,8,-1.0,-10.96656856680426,15.883988525245165,-10.0,-37.095729690832556,15.162592557224038,-42.09918607628478,20.166048942676262,1,48,8,4
2000-05-16 14:30:00,8,5.0,-10.737056959800505,15.883988525245165,-9.0,-36.8662180838288,15.392104164227792,-41.86967446928102,20.395560549680017,1,48,8,4
2000-05-16 15:30:00,8,-2.0,-11.283765967517912,15.883988525245165,-14.0,-37.41292709154621,14.845395156510385,-42.41638347699843,19.84885154196261,1,48,8,4
2000-05-16 16:30:00,8,-6.0,-6.798453888814549,15.883988525245165,-10.0,-32.92761501284285,19.330707235213747,-37.931071398295074,24.334163620665972,1,48,8,4
2000-05-16 17:30:00,8,-14.0,-0.6963937519601586,15.883988525245165,-1.0,-26.825554875988455,25.432767372068138,-31.82901126144068,30.436223757520363,1,48,8,4
2000-05-16 18:30:00,8,-12.0,2.415490421661211,15.883988525245165,5.0,-23.713670702367086,28.544651545689508,-28.71712708781931,33.54810793114173,1,48,8,4
2000-05-16 19:30:00,8,-3.0,1.6457972271171428,15.883988525245165,-2.0,-24.483363896911154,27.77495835114544,-29.48682028236338,32.77841473659767,1,48,8,4
2000-05-16 20:30:00,8,-4.0,-4.567571859706764,15.883988525245165,-6.0,-30.69673298373506,21.561589264321533,-35.700189369187285,26.565045649773758,1,48,8,4
2000-05-16 21:30:00,8,-9.0,-13.009601774383949,15.883988525245165,-14.0,-39.138762898412246,13.119559349644348,-44.14221928386447,18.123015735096573,1,48,8,4
2000-05-16 22:30:00,8,-13.0,-11.21102984440785,15.883988525245165,-12.0,-37.34019096843615,14.918131279620447,-42.34364735388837,19.92158766507267,1,48,8,4
2000-05-16 23:30:00,8,-12.0,-9.78150838967451,15.883988525245165,-3.0,-35.91066951370281,16.347652734353787,-40.91412589915503,21.35110911980601,1,48,8,4
2000-05-17 00:30:00,8,-5.0,-10.710125481587824,15.883988525245165,-4.0,-36.839286605616124,15.419035642440473,-41.84274299106835,20.422492027892698,1,48,8,4
2000-05-17 01:30:00,8,-30.0,-12.231897228169288,15.883988525245165,-9.0,-38.36105835219759,13.897263895859009,-43.36451473764981,18.900720281311234,1,48,8,4
2000-05-17 02:30:00,8,-63.0,-13.509848699200525,15.883988525245165,-13.0,-39.63900982322882,12.619312424827772,-44.64246620868104,17.622768810279997,1,48,8,4
2000-05-17 03:30:00,8,-82.0,-9.674461046763064,15.883988525245165,-12.0,-35.80362217079136,16.454700077265233,-40.80707855624358,21.458156462717458,1,48,8,4
2000-05-17 04:30:00,8,-87.0,-16.26689479841796,15.883988525245165,-5.0,-42.39605592244626,9.862266325610335,-47.39951230789848,14.86572271106256,1,48,8,4
2000-05-17 05:30:00,8,-91.0,-41.10537510225458,15.883988525245165,-30.0,-67.23453622628287,-14.97621397822628,-72.2379926117351,-9.972757592774055,1,48,8,4
2000-05-17 06:30:00,8,-73.0,-72.4741295685165,15.883988525245165,-63.0,-98.6032906925448,-46.3449684444882,-103.60674707799703,-41.34151205903598,1,48,8,4
2000-05-17 07:30:00,8,-69.0,-90.87864626844544,15.883988525245165,-82.0,-117.00780739247374,-64.74948514441714,-122.01126377792596,-59.74602875896491,1,48,8,4
2000-05-17 08:30:00,8,-66.0,-85.21415103876458,15.883988525245165,-87.0,-111.34331216279288,-59.08498991473628,-116.34676854824511,-54.08153352928406,1,48,8,4
2000-05-17 09:30:00,8,-60.0,-71.70086742481087,15.883988525245165,-91.0,-97.83002854883917,-45.571706300782566,-102.83348493429139,-40.56824991533034,1,48,8,4
2000-05-17 10:30:00,8,-51.0,-63.467520072392475,15.883988525245165,-73.0,-89.59668119642077,-37.338358948364174,-94.600137581873,-32.33490256291195,1,48,8,4
2000-05-17 11:30:00,8,-45.0,-58.50080371164993,15.883988525245165,-69.0,-84.62996483567822,-32.371642587621636,-89.63342122113045,-27.368186202169408,1,48,8,4
2000-05-17 12:30:00,8,-47.0,-57.34174051157082,15.883988525245165,-66.0,-83.47090163559912,-31.212579387542522,-88.47435802105134,-26.209123002090298,1,48,8,4
2000-05-17 13:30:00,8,-46.0,-55.72918596868463,15.883988525245165,-60.0,-81.85834709271293,-29.600024844656335,-86.86180347816516,-24.59656845920411,1,48,8,4
2000-05-17 14:30:00,8,-47.0,-51.8859161041844,15.883988525245165,-51.0,-78.0150772282127,-25.756754980156106,-83.01853361366493,-20.75329859470388,1,48,8,4
2000-05-17 15:30:00,8,-50.0,-47.49537136568522,15.883988525245165,-45.0,-73.62453248971352,-21.366210241656926,-78.62798887516574,-16.3627538562047,1,48,8,4
2000-05-17 16:30:00,8,-49.0,-43.35848557985752,15.883988525245165,-47.0,-69.48764670388582,-17.229324455829225,-74.49110308933804,-12.225868070377,1,48,8,4
2000-05-17 17:30:00,8,-48.0,-41.792786408677806,15.883988525245165,-46.0,-67.9219475327061,-15.663625284649509,-72.92540391815832,-10.660168899197284,1,48,8,4
2000-05-17 18:30:00,8,-45.0,-41.44153958936771,15.883988525245165,-47.0,-67.57070071339601,-15.31237846533941,-72.57415709884823,-10.308922079887186,1,48,8,4
2000-05-17 19:30:00,8,-43.0,-41.8246134520233,15.883988525245165,-50.0,-67.9537745760516,-15.695452327995003,-72.95723096150383,-10.691995942542778,1,48,8,4
2000-05-17 20:30:00,8,-43.0,-41.07894961650527,15.883988525245165,-49.0,-67.20811074053357,-14.949788492476973,-72.2115671259858,-9.946332107024748,1,48,8,4
2000-05-17 21:30:00,8,-38.0,-39.77187540291593,15.883988525245165,-48.0,-65.90103652694422,-13.642714278887635,-70.90449291239645,-8.63925789343541,1,48,8,4
2000-05-17 22:30:00,8,-28.0,-38.60928199555759,15.883988525245165,-45.0,-64.73844311958588,-12.48012087152929,-69.7418995050381,-7.476664486077066,1,48,8,4
2000-05-17 23:30:00,8,-23.0,-39.24760616305193,15.883988525245165,-43.0,-65.37676728708023,-13.11844503902363,-70.38022367253245,-8.114988653571405,1,48,8,4
2000-05-18 00:30:00,8,-24.0,-37.989213179124164,15.883988525245165,-43.0,-64.11837430315246,-11.860052055095867,-69.12183068860469,-6.856595669643642,1,48,8,4
2000-05-18 01:30:00,8,-27.0,-34.85627558068925,15.883988525245165,-38.0,-60.98543670471754,-8.727114456660953,-65.98889309016977,-3.723658071208728,1,48,8,4
2000-05-18 02:30:00,8,-33.0,-32.28490450185146,15.883988525245165,-28.0,-58.41406562587976,-6.1557433778231605,-63.41752201133198,-1.1522869923709358,1,48,8,4
2000-05-18 03:30:00,8,-35.0,-30.59605193067225,15.883988525245165,-23.0,-56.725213054700546,-4.466890806643953,-61.72866944015277,0.5365655788082719,1,48,8,4
2000-05-18 04:30:00,8,-33.0,-28.688276613332324,15.883988525245165,-24.0,-54.81743773736062,-2.559115489304027,-59.820894122812845,2.444340896148198,1,48,8,4
2000-05-18 05:30:00,8,-26.0,-27.74741473860479,15.883988525245165,-27.0,-53.87657586263309,-1.618253614576492,-58.880032248085314,3.3852027708757326,1,48,8,4
2000-05-18 06:30:00,8,-26.0,-29.97455348008044,15.883988525245165,-33.0,-56.10371460410874,-3.8453923560521446,-61.10717098956096,1.1580640294000801,1,48,8,4
2000-05-18 07:30:00,8,-32.0,-34.126991196679,15.883988525245165,-35.0,-60.2561523207073,-7.997830072650704,-65.25960870615953,-2.994373687198479,1,48,8,4
2000-05-18 08:30:00,8,-30.0,-36.66738183035029,15.883988525245165,-33.0,-62.79654295437858,-10.53822070632199,-67.7999993398308,-5.534764320869765,1,48,8,4
2000-05-18 09:30:00,8,-28.0,-34.33987321755959,15.883988525245165,-26.0,-60.469034341587886,-8.210712093531296,-65.47249072704011,-3.207255708079071,1,48,8,4
2000-05-18 10:30:00,8,-25.0,-30.675533837296264,15.883988525245165,-26.0,-56.80469496132456,-4.546372713267967,-61.80815134677678,0.4570836721842575,1,48,8,4
2000-05-18 11:30:00,8,-21.0,-31.161772930152765,15.883988525245165,-32.0,-57.290934054181065,-5.032611806124468,-62.29439043963329,-0.029155420672243082,1,48,8,4
2000-05-18 12:30:00,8,-20.0,-30.89365004790632,15.883988525245165,-30.0,-57.02281117193462,-4.764488923878023,-62.026267557386845,0.23896746157420168,1,48,8,4
2000-05-18 13:30:00,8,-19.0,-31.004381685129054,15.883988525245165,-28.0,-57.13354280915735,-4.8752205611007575,-62.13699919460957,0.1282358243514672,1,48,8,4
2000-05-18 14:30:00,8,-13.0,-29.484347746770098,15.883988525245165,-25.0,-55.6135088707984,-3.355186622741801,-60.61696525625062,1.6482697627104237,1,48,8,4
2000-05-18 15:30:00,8,-10.0,-28.070876584294155,15.883988525245165,-21.0,-54.200037708322455,-1.9417154602658577,-59.20349409377468,3.061740925186367,1,48,8,4
2000-05-18 16:30:00,8,-9.0,-26.568154103862597,15.883988525245165,-20.0,-52.6973152278909,-0.43899297983429975,-57.70077161334312,4.564463405617925,1,48,8,4
2000-05-18 17:30:00,8,-10.0,-24.99175395518033,15.883988525245165,-19.0,-51.12091507920863,1.137407168847968,-56.124371464660854,6.140863554300193,1,48,8,4
2000-05-18 18:30:00,8,-10.0,-23.175058455243104,15.883988525245165,-13.0,-49.304219579271404,2.9541026687851932,-54.30767596472363,7.957559054237418,1,48,8,4
2000-05-18 19:30:00,8,-8.0,-21.761385952378603,15.883988525245165,-10.0,-47.890547076406904,4.3677751716496935,-52.89400346185913,9.371231557101918,1,48,8,4
2000-05-18 20:30:00,8,-8.0,-20.969893992034493,15.883988525245165,-9.0,-47.099055116062786,5.159267131993804,-52.10251150151501,10.162723517446029,1,48,8,4
2000-05-18 21:30:00,8,-7.0,-20.53515841626865,15.883988525245165,-10.0,-46.664319540296944,5.594002707759646,-51.66777592574917,10.59745909321187,1,48,8,4
2000-05-18 22:30:00,8,-9.0,-20.325322989510955,15.883988525245165,-10.0,-46.45448411353925,5.803838134517342,-51.457940498991476,10.807294519969567,1,48,8,4
2000-05-18 23:30:00,8,-9.0,-18.874286876114773,15.883988525245165,-8.0,-45.00344800014307,7.2548742479135235,-50.00690438559529,12.258330633365748,1,48,8,4
2000-05-19 00:30:00,8,-9.0,-18.938133498221067,15.883988525245165,-8.0,-45.067294622249364,7.19102762580723,-50.07075100770159,12.194484011259455,1,48,8,4
2000-05-19 01:30:00,8,-9.0,-17.79016456445014,15.883988525245165,-7.0,-43.91932568847844,8.338996559578156,-48.92278207393066,13.34245294503038,1,48,8,4
2000-05-19 02:30:00,8,-11.0,-17.687479792290148,15.883988525245165,-9.0,-43.81664091631845,8.441681331738149,-48.82009730177067,13.445137717190374,1,48,8,4
2000-05-19 03:30:00,8,-12.0,-16.517679220819005,15.883988525245165,-9.0,-42.646840344847305,9.611481903209292,-47.65029673029953,14.614938288661516,1,48,8,4
2000-05-19 04:30:00,8,-8.0,-17.054836593543456,15.883988525245165,-9.0,-43.183997717571756,9.07432453048484,-48.18745410302398,14.077780915937065,1,48,8,4
2000-05-19 05:30:00,8,0.0,-16.313734908170776,15.883988525245165,-9.0,-42.44289603219907,9.81542621585752,-47.4463524176513,14.818882601309745,1,48,8,4
2000-05-19 06:30:00,8,-3.0,-17.548664105854936,15.883988525245165,-11.0,-43.67782522988323,8.58049701817336,-48.68128161533546,13.583953403625586,1,48,8,4
2000-05-19 07:30:00,8,-7.0,-14.81080345637384,15.883988525245165,-12.0,-40.93996458040213,11.318357667654457,-45.94342096585436,16.32181405310668,1,48,8,4
2000-05-19 08:30:00,8,-10.0,-13.499010364115108,15.883988525245165,-8.0,-39.62817148814341,12.630150759913189,-44.63162787359563,17.633607145365414,1,48,8,4
2000-05-19 09:30:00,8,-11.0,-11.628742471870119,15.883988525245165,0.0,-37.75790359589841,14.500418652158178,-42.76135998135064,19.503875037610403,1,48,8,4
2000-05-19 10:30:00,8,-9.0,-11.481748726270588,15.883988525245165,-3.0,-37.61090985029888,14.647412397757709,-42.614366235751106,19.650868783209933,1,48,8,4
2000-05-19 11:30:00,8,-3.0,-12.438335109244882,15.883988525245165,-7.0,-38.567496233273175,13.690826014783415,-43.5709526187254,18.69428240023564,1,48,8,4
2000-05-19 12:30:00,8,-3.0,-14.922685316603499,15.883988525245165,-10.0,-41.05184644063179,11.206475807424798,-46.05530282608402,16.209932192877023,1,48,8,4
2000-05-19 13:30:00,8,-5.0,-17.25074372659953,15.883988525245165,-11.0,-43.379904850627824,8.878417397428766,-48.38336123608005,13.88187378288099,1,48,8,4
2000-05-19 14:30:00,8,-6.0,-12.695264228985295,15.883988525245165,-9.0,-38.824425353013595,13.433896895043002,-43.82788173846582,18.437353280495227,1,48,8,4
2000-05-19 15:30:00,8,-6.0,-10.568351324137097,15.883988525245165,-3.0,-36.6975124481654,15.5608097998912,-41.70096883361762,20.564266185343424,1,48,8,4
2000-05-19 16:30:00,8,-8.0,-10.4204629932543,15.883988525245165,-3.0,-36.5496241172826,15.708698130773996,-41.55308050273482,20.71215451622622,1,48,8,4
2000-05-19 17:30:00,8,-8.0,-13.162319926599217,15.883988525245165,-5.0,-39.29148105062751,12.96684119742908,-44.294937436079735,17.970297582881305,1,48,8,4
2000-05-19 18:30:00,8,-8.0,-12.075382371484107,15.883988525245165,-6.0,-38.204543495512404,14.05377875254419,-43.20799988096463,19.057235137996415,1,48,8,4
2000-05-19 19:30:00,8,-7.0,-11.214124499009795,15.883988525245165,-6.0,-37.34328562303809,14.915036625018502,-42.34674200849032,19.918493010470726,1,48,8,4
2000-05-19 20:30:00,8,-5.0,-11.216251780549523,15.883988525245165,-8.0,-37.34541290457782,14.912909343478773,-42.348869290030045,19.916365728930998,1,48,8,4
2000-05-19 21:30:00,8,-4.0,-11.127112579253431,15.883988525245165,-8.0,-37.25627370328173,15.002048544774865,-42.25973008873395,20.00550493022709,1,48,8,4
2000-05-19 22:30:00,8,-4.0,-10.78479400282945,15.883988525245165,-8.0,-36.91395512685774,15.344367121198847,-41.91741151230997,20.34782350665107,1,48,8,4
2000-05-19 23:30:00,8,-5.0,-10.476826562085634,15.883988525245165,-7.0,-36.605987686113934,15.652334561942663,-41.60944407156616,20.655790947394888,1,48,8,4
2000-05-20 00:30:00,8,-4.0,-9.932021776585358,15.883988525245165,-5.0,-36.06118290061366,16.19713934744294,-41.06463928606588,21.200595732895163,1,48,8,4
2000-05-20 01:30:00,8,-4.0,-10.549745828639516,15.883988525245165,-4.0,-36.678906952667816,15.579415295388781,-41.68236333812004,20.582871680841006,1,48,8,4
2000-05-20 02:30:00,8,-6.0,-9.78692520922435,15.883988525245165,-4.0,-35.91608633325265,16.342235914803947,-40.919542718704875,21.34569230025617,1,48,8,4
2000-05-20 03:30:00,8,-9.0,-9.157033858120663,15.883988525245165,-5.0,-35.286194982148956,16.972127265907634,-40.28965136760118,21.97558365135986,1,48,8,4
2000-05-20 04:30:00,8,-6.0,-8.424495302742894,15.883988525245165,-4.0,-34.55365642677119,17.704665821285403,-39.557112812223416,22.708122206737627,1,48,8,4
2000-05-20 05:30:00,8,-3.0,-7.824219185701676,15.883988525245165,-4.0,-33.95338030972997,18.30494193832662,-38.9568366951822,23.308398323778846,1,48,8,4
2000-05-20 06:30:00,8,-4.0,-7.728120533540512,15.883988525245165,-6.0,-33.857281657568805,18.401040590487785,-38.86073804302103,23.40449697594001,1,48,8,4
2000-05-20 07:30:00,8,-6.0,-8.982789307278203,15.883988525245165,-9.0,-35.1119504313065,17.146371816750094,-40.11540681675872,22.14982820220232,1,48,8,4
2000-05-20 08:30:00,8,-7.0,-8.93265965951528,15.883988525245165,-6.0,-35.06182078354358,17.196501464513016,-40.065277168995806,22.19995784996524,1,48,8,4
2000-05-20 09:30:00,8,-6.0,-7.37675044460477,15.883988525245165,-3.0,-33.50591156863307,18.752410679423527,-38.50936795408529,23.75586706487575,1,48,8,4
2000-05-20 10:30:00,8,-8.0,-6.746469326684753,15.883988525245165,-4.0,-32.87563045071305,19.382691797343544,-37.87908683616527,24.38614818279577,1,48,8,4
2000-05-20 11:30:00,8,-8.0,-6.474329909135996,15.883988525245165,-6.0,-32.60349103316429,19.6548312148923,-37.606947418616514,24.658287600344526,1,48,8,4
2000-05-20 12:30:00,8,-8.0,-7.151549752509339,15.883988525245165,-7.0,-33.28071087653764,18.977611371518957,-38.284167261989865,23.981067756971182,1,48,8,4
2000-05-20 13:30:00,8,-6.0,-7.5632256903042325,15.883988525245165,-6.0,-33.69238681433253,18.565935433724064,-38.695843199784754,23.56939181917629,1,48,8,4
2000-05-20 14:30:00,8,-5.0,-8.465986684739079,15.883988525245165,-8.0,-34.59514780876738,17.663174439289218,-39.598604194219604,22.666630824741443,1,48,8,4
2000-05-20 15:30:00,8,-2.0,-8.47122505683084,15.883988525245165,-8.0,-34.60038618085913,17.657936067197458,-39.60384256631136,22.661392452649682,1,48,8,4
2000-05-20 16:30:00,8,-3.0,-8.060173685139222,15.883988525245165,-8.0,-34.18933480916752,18.068987438889074,-39.192791194619744,23.0724438243413,1,48,8,4
2000-05-20 17:30:00,8,0.0,-7.253783710038398,15.883988525245165,-6.0,-33.38294483406669,18.8753774139899,-38.386401219518916,23.878833799442123,1,48,8,4
2000-05-20 18:30:00,8,-1.0,-6.527040001062453,15.883988525245165,-5.0,-32.656201125090746,19.602121122965844,-37.65965751054297,24.60557750841807,1,48,8,4
2000-05-20 19:30:00,8,-3.0,-4.4108902955278495,15.883988525245165,-2.0,-30.540051419556146,21.718270828500447,-35.543507805008375,26.721727213952672,1,48,8,4
2000-05-20 20:30:00,8,-3.0,-3.7935137464183732,15.883988525245165,-3.0,-29.92267487044667,22.335647377609924,-34.926131255898895,27.33910376306215,1,48,8,4
2000-05-20 21:30:00,8,-5.0,-2.6956674164317604,15.883988525245165,0.0,-28.824828540460057,23.433493707596536,-33.828284925912286,28.43695009304876,1,48,8,4
2000-05-20 22:30:00,8,-6.0,-4.848373022950952,15.883988525245165,-1.0,-30.97753414697925,21.280788101077345,-35.98099053243148,26.28424448652957,1,48,8,4
2000-05-20 23:30:00,8,-8.0,-4.987125313578687,15.883988525245165,-3.0,-31.116286437606984,21.14203581044961,-36.11974282305921,26.145492195901834,1,48,8,4
2000-05-21 00:30:00,8,-8.0,-4.606698812883408,15.883988525245165,-3.0,-30.735859936911705,21.52246231114489,-35.73931632236393,26.525918696597113,1,48,8,4
2000-05-21 01:30:00,8,-8.0,-4.78922943056218,15.883988525245165,-5.0,-30.918390554590477,21.339931693466117,-35.9218469400427,26.34338807891834,1,48,8,4
2000-05-21 02:30:00,8,-7.0,-5.610543248341276,15.883988525245165,-6.0,-31.739704372369573,20.51861787568702,-36.7431607578218,25.522074261139245,1,48,8,4
2000-05-21 03:30:00,8,-1.0,-6.637181998575844,15.883988525245165,-8.0,-32.76634312260414,19.491979125452453,-37.769799508056366,24.495435510904677,1,48,8,4
2000-05-21 04:30:00,8,2.0,-7.134707599656721,15.883988525245165,-8.0,-33.26386872368502,18.994453524371576,-38.267325109137246,23.9979099098238,1,48,8,4
2000-05-21 05:30:00,8,-2.0,-7.432475359375612,15.883988525245165,-8.0,-33.56163648340391,18.696685764652685,-38.565092868856134,23.70014215010491,1,48,8,4
2000-05-21 06:30:00,8,-4.0,-4.061706187953572,15.883988525245165,-7.0,-30.19086731198187,22.067454936074725,-35.19432369743409,27.07091132152695,1,48,8,4
2000-05-21 07:30:00,8,-4.0,-1.8282859785539074,15.883988525245165,-1.0,-27.957447102582204,24.30087514547439,-32.96090348803443,29.304331530926614,1,48,8,4
2000-05-21 08:30:00,8,-4.0,-1.931325297637187,15.883988525245165,2.0,-28.060486421665484,24.19783582639111,-33.06394280711771,29.201292211843334,1,48,8,4
2000-05-21 09:30:00,8,-8.0,-3.0272979293139706,15.883988525245165,-2.0,-29.156459053342267,23.101863194714326,-34.15991543879449,28.10531958016655,1,48,8,4
2000-05-21 10:30:00,8,-6.0,-2.1804567330581293,15.883988525245165,-4.0,-28.309617857086426,23.948704390970168,-33.31307424253865,28.952160776422392,1,48,8,4
2000-05-21 11:30:00,8,-2.0,-1.2286790394804825,15.883988525245165,-4.0,-27.35784016350878,24.900482084547814,-32.36129654896101,29.90393847000004,1,48,8,4
2000-05-21 12:30:00,8,1.0,-2.9651042941877748,15.883988525245165,-4.0,-29.09426541821607,23.164056829840522,-34.09772180366829,28.167513215292747,1,48,8,4
2000-05-21 13:30:00,8,1.0,-2.7854030079166954,15.883988525245165,-8.0,-28.914564131944992,23.3437581161116,-33.91802051739722,28.347214501563826,1,48,8,4
2000-05-21 14:30:00,8,1.0,-3.063283268031281,15.883988525245165,-6.0,-29.192444392059578,23.065877855997016,-34.1959007775118,28.06933424144924,1,48,8,4
2000-05-21 15:30:00,8,1.0,-0.8981919991257001,15.883988525245165,-2.0,-27.027353123153997,25.230969124902597,-32.030809508606225,30.23442551035482,1,48,8,4
2000-05-21 16:30:00,8,-2.0,2.211773864321323,15.883988525245165,1.0,-23.917387259706974,28.34093498834962,-28.9208436451592,33.34439137380184,1,48,8,4
2000-05-21 17:30:00,8,-2.0,2.398657660780067,15.883988525245165,1.0,-23.73050346324823,28.527818784808364,-28.733959848700454,33.531275170260585,1,48,8,4
2000-05-21 18:30:00,8,0.0,1.9379791117995921,15.883988525245165,1.0,-24.191182012228705,28.06714023582789,-29.19463839768093,33.07059662128012,1,48,8,4
2000-05-21 19:30:00,8,1.0,1.7754651333329434,15.883988525245165,1.0,-24.353695990695353,27.90462625736124,-29.357152376147578,32.90808264281347,1,48,8,4
2000-05-21 20:30:00,8,3.0,2.065846107484525,15.883988525245165,-2.0,-24.063315016543772,28.19500723151282,-29.066771401995997,33.19846361696504,1,48,8,4
2000-05-21 21:30:00,8,4.0,0.8943902010404088,15.883988525245165,-2.0,-25.234770922987888,27.023551325068706,-30.238227308440113,32.027007710520934,1,48,8,4
2000-05-21 22:30:00,8,3.0,0.7945676321882829,15.883988525245165,0.0,-25.334593491840014,26.92372875621658,-30.33804987729224,31.927185141668804,1,48,8,4
2000-05-21 23:30:00,8,5.0,0.7830342912135109,15.883988525245165,1.0,-25.346126832814786,26.912195415241808,-30.34958321826701,31.915651800694032,1,48,8,4
2000-05-22 00:30:00,8,9.0,0.9952411907693559,15.883988525245165,3.0,-25.13391993325894,27.124402314797653,-30.137376318711166,32.127858700249874,1,48,8,4
2000-05-22 01:30:00,8,8.0,0.9923108956682754,15.883988525245165,4.0,-25.13685022836002,27.121472019696572,-30.140306613812246,32.12492840514879,1,48,8,4
2000-05-22 02:30:00,8,8.0,0.3846198171453139,15.883988525245165,3.0,-25.744541306882983,26.51378094117361,-30.747997692335208,31.517237326625835,1,48,8,4
2000-05-22 03:30:00,8,9.0,3.2999652476287196,15.883988525245165,5.0,-22.829195876399577,29.429126371657016,-27.832652261851802,34.432582757109245,1,48,8,4
2000-05-22 04:30:00,8,8.0,5.978839620243299,15.883988525245165,9.0,-20.150321503784998,32.10800074427159,-25.153777889237222,37.11145712972382,1,48,8,4
2000-05-22 05:30:00,8,8.0,6.608524347974473,15.883988525245165,8.0,-19.520636776053824,32.73768547200277,-24.52409316150605,37.74114185745499,1,48,8,4
2000-05-22 06:30:00,8,8.0,5.812601725085692,15.883988525245165,8.0,-20.316559398942605,31.94176284911399,-25.32001578439483,36.94521923456621,1,48,8,4
2000-05-22 07:30:00,8,6.0,1.879293378020364,15.883988525245165,9.0,-24.249867746007933,28.00845450204866,-29.253324131460158,33.01191088750089,1,48,8,4
2000-05-22 08:30:00,8,4.0,0.30948639331553807,15.883988525245165,8.0,-25.81967473071276,26.438647517343835,-30.823131116164983,31.44210390279606,1,48,8,4
2000-05-22 09:30:00,8,4.0,0.3059174441539625,15.883988525245165,8.0,-25.823243679874334,26.43507856818226,-30.82670006532656,31.438534953634484,1,48,8,4
2000-05-22 10:30:00,8,-1.0,1.1838366740299406,15.883988525245165,8.0,-24.945324449998356,27.312997798058237,-29.94878083545058,32.31645418351046,1,48,8,4
2000-05-22 11:30:00,8,-5.0,0.6810703528644382,15.883988525245165,6.0,-25.44809077116386,26.810231476892735,-30.451547156616083,31.81368786234496,1,48,8,4
2000-05-22 12:30:00,8,-6.0,-0.6594058202875885,15.883988525245165,4.0,-26.788566944315885,25.46975530374071,-31.79202332976811,30.473211689192933,1,48,8,4
2000-05-22 13:30:00,8,-6.0,-6.46885438976442,15.883988525245165,4.0,-32.59801551379272,19.660306734263877,-37.60147189924494,24.6637631197161,1,48,8,4
2000-05-22 14:30:00,8,-5.0,-10.653123258695999,15.883988525245165,-1.0,-36.7822843827243,15.476037865332298,-41.785740768176524,20.479494250784523,1,48,8,4
2000-05-22 15:30:00,8,-4.0,-12.869565131656618,15.883988525245165,-5.0,-38.998726255684915,13.259595992371679,-44.00218264113714,18.263052377823904,1,48,8,4
2000-05-22 16:30:00,8,-8.0,-12.086732569015066,15.883988525245165,-6.0,-38.21589369304336,14.042428555013231,-43.21935007849559,19.045884940465456,1,48,8,4
2000-05-22 17:30:00,8,-9.0,-7.459470233395766,15.883988525245165,-6.0,-33.58863135742406,18.66969089063253,-38.59208774287629,23.673147276084755,1,48,8,4
2000-05-22 18:30:00,8,-9.0,-5.748128586512891,15.883988525245165,-5.0,-31.877289710541188,20.381032537515406,-36.880746095993416,25.38448892296763,1,48,8,4
2000-05-22 19:30:00,8,-2.0,-5.579815065658686,15.883988525245165,-4.0,-31.708976189686982,20.54934605836961,-36.7124325751392,25.552802443821836,1,48,8,4
2000-05-22 20:30:00,8,1.0,-6.48231543288502,15.883988525245165,-8.0,-32.61147655691332,19.646845691143277,-37.61493294236554,24.6503020765955,1,48,8,4
2000-05-22 21:30:00,8,6.0,-7.54008152458999,15.883988525245165,-9.0,-33.66924264861829,18.589079599438307,-38.67269903407051,23.59253598489053,1,48,8,4
2000-05-22 22:30:00,8,10.0,-4.0702622739698775,15.883988525245165,-9.0,-30.199423397998174,22.05889885005842,-35.2028797834504,27.062355235510644,1,48,8,4
2000-05-22 23:30:00,8,11.0,-2.7086236410854276,15.883988525245165,-2.0,-28.837784765113724,23.42053748294287,-33.84124115056595,28.423993868395094,1,48,8,4
2000-05-23 00:30:00,8,8.0,-0.4813269970893046,15.883988525245165,1.0,-26.6104881211176,25.647834126938992,-31.613944506569826,30.651290512391217,1,48,8,4
2000-05-23 01:30:00,8,8.0,1.711350840039536,15.883988525245165,6.0,-24.41781028398876,27.840511964067833,-29.421266669440985,32.843968349520054,1,48,8,4
2000-05-23 02:30:00,8,6.0,1.9676013898406737,15.883988525245165,10.0,-24.161559734187623,28.09676251386897,-29.165016119639848,33.10021889932119,1,48,8,4
2000-05-23 03:30:00,8,5.0,2.1833819345438386,15.883988525245165,11.0,-23.94577918948446,28.312543058572135,-28.949235574936683,33.31599944402436,1,48,8,4
2000-05-23 04:30:00,8,10.0,1.759371990205679,15.883988525245165,8.0,-24.369789133822618,27.888533114233976,-29.373245519274843,32.891989499686204,1,48,8,4
2000-05-23 05:30:00,8,6.0,1.9876767288745327,15.883988525245165,8.0,-24.141484395153764,28.11683785290283,-29.14494078060599,33.12029423835506,1,48,8,4
2000-05-23 06:30:00,8,8.0,0.5016743056663913,15.883988525245165,6.0,-25.627486818361906,26.630835429694688,-30.63094320381413,31.634291815146913,1,48,8,4
2000-05-23 07:30:00,8,5.0,0.007438242595625866,15.883988525245165,5.0,-26.12172288143267,26.136599366623923,-31.125179266884896,31.140055752076147,1,48,8,4
2000-05-23 08:30:00,8,-1.0,-2.5058181049788857,15.883988525245165,10.0,-28.634979229007183,23.62334301904941,-33.63843561445941,28.626799404501636,1,48,8,4
2000-05-23 09:30:00,8,-1.0,0.6819719821263064,15.883988525245165,6.0,-25.44718914190199,26.811133106154603,-30.450645527354215,31.814589491606828,1,48,8,4
2000-05-23 10:30:00,8,12.0,2.585952355990976,15.883988525245165,8.0,-23.54320876803732,28.715113480019273,-28.546665153489545,33.718569865471494,1,48,8,4
2000-05-23 11:30:00,8,14.0,1.781823498023435,15.883988525245165,5.0,-24.34733762600486,27.910984622051732,-29.350794011457086,32.91444100750395,1,48,8,4
2000-05-23 12:30:00,8,17.0,-5.478372381726633,15.883988525245165,-1.0,-31.60753350575493,20.650788742301664,-36.610989891207154,25.65424512775389,1,48,8,4
2000-05-23 13:30:00,8,15.0,-6.379567264917551,15.883988525245165,-1.0,-32.50872838894585,19.749593859110746,-37.51218477439807,24.75305024456297,1,48,8,4
2000-05-23 14:30:00,8,15.0,0.8988326035494225,15.883988525245165,12.0,-25.230328520478874,27.02799372757772,-30.2337849059311,32.03145011302995,1,48,8,4
2000-05-23 15:30:00,8,17.0,3.183194866244847,15.883988525245165,14.0,-22.94596625778345,29.312355990273144,-27.949422643235675,34.31581237572537,1,48,8,4
2000-05-23 16:30:00,8,13.0,4.501729046031791,15.883988525245165,17.0,-21.627432077996506,30.630890170060088,-26.63088846344873,35.63434655551231,1,48,8,4
2000-05-23 17:30:00,8,22.0,4.085819677093269,15.883988525245165,15.0,-22.043341446935028,30.214980801121566,-27.046797832387252,35.218437186573794,1,48,8,4
2000-05-23 18:30:00,8,29.0,4.360966873507799,15.883988525245165,15.0,-21.768194250520498,30.490127997536096,-26.771650635972723,35.49358438298832,1,48,8,4
2000-05-23 19:30:00,8,36.0,5.7085480730828095,15.883988525245165,17.0,-20.420613050945487,31.837709197111106,-25.424069436397712,36.841165582563335,1,48,8,4
2000-05-23 20:30:00,8,20.0,5.716850575869209,15.883988525245165,13.0,-20.412310548159088,31.846011699897506,-25.415766933611312,36.84946808534973,1,48,8,4
2000-05-23 21:30:00,8,28.0,8.851444536523971,15.883988525245165,22.0,-17.277716587504326,34.98060566055227,-22.28117297295655,39.984062046004496,1,48,8,4
2000-05-23 22:30:00,8,20.0,10.413841255732791,15.883988525245165,29.0,-15.715319868295506,36.54300237976109,-20.71877625374773,41.546458765213316,1,48,8,4
2000-05-23 23:30:00,8,15.0,5.9823240416615775,15.883988525245165,36.0,-20.14683708236672,32.11148516568987,-25.150293467818944,37.114941551142095,1,48,8,4
2000-05-24 00:30:00,8,5.0,8.138016295110717,15.883988525245165,20.0,-17.99114482891758,34.26717741913902,-22.994601214369805,39.27063380459124,1,48,8,4
2000-05-24 01:30:00,8,17.0,3.6610466350725375,15.883988525245165,28.0,-22.46811448895576,29.790207759100834,-27.471570874407984,34.79366414455306,1,48,8,4
2000-05-24 02:30:00,8,-13.0,-6.66404303700244,15.883988525245165,20.0,-32.79320416103074,19.465118087025857,-37.79666054648296,24.468574472478082,1,48,8,4
2000-05-24 03:30:00,8,-105.0,-19.285387555656648,15.883988525245165,15.0,-45.41454867968494,6.843773568371649,-50.418005065137166,11.847229953823874,1,48,8,4
2000-05-24 04:30:00,8,-128.0,-2.951542287373787,15.883988525245165,5.0,-29.080703411402084,23.17761883665451,-34.08415979685431,28.181075222106735,1,48,8,4
2000-05-24 05:30:00,8,-129.0,6.207421422070752,15.883988525245165,17.0,-19.921739701957545,32.33658254609905,-24.92519608740977,37.34003893155128,1,48,8,4
2000-05-24 06:30:00,8,-121.0,-55.16338543094567,15.883988525245165,-13.0,-81.29254655497397,-29.03422430691737,-86.29600294042619,-24.030767921465145,1,48,8,4
2000-05-24 07:30:00,8,-129.0,-160.78599209712758,15.883988525245165,-105.0,-186.91515322115586,-134.6568309730993,-191.9186096066081,-129.65337458764705,1,48,8,4
2000-05-24 08:30:00,8,-147.0,-149.56067961090966,15.883988525245165,-128.0,-175.68984073493795,-123.43151848688136,-180.69329712039018,-118.42806210142913,1,48,8,4
2000-05-24 09:30:00,8,-141.0,-133.09493819117787,15.883988525245165,-129.0,-159.22409931520616,-106.96577706714957,-164.2275557006584,-101.96232068169735,1,48,8,4
2000-05-24 10:30:00,8,-110.0,-156.5690438634389,15.883988525245165,-121.0,-182.6982049874672,-130.43988273941062,-187.70166137291943,-125.43642635395838,1,48,8,4
2000-05-24 11:30:00,8,-102.0,-186.60698238621197,15.883988525245165,-129.0,-212.73614351024025,-160.47782126218368,-217.7395998956925,-155.47436487673144,1,48,8,4
2000-05-24 12:30:00,8,-109.0,-184.29830430936042,15.883988525245165,-147.0,-210.4274654333887,-158.16914318533213,-215.43092181884094,-153.1656867998799,1,48,8,4
2000-05-24 13:30:00,8,-102.0,-159.82193440084268,15.883988525245165,-141.0,-185.95109552487096,-133.6927732768144,-190.9545519103232,-128.68931689136215,1,48,8,4
2000-05-24 14:30:00,8,-95.0,-121.21480806155407,15.883988525245165,-110.0,-147.34396918558235,-95.08564693752577,-152.3474255710346,-90.08219055207354,1,48,8,4
2000-05-24 15:30:00,8,-95.0,-101.11644930559834,15.883988525245165,-102.0,-127.24561042962664,-74.98728818157004,-132.24906681507886,-69.98383179611781,1,48,8,4
2000-05-24 16:30:00,8,-93.0,-95.38620557958691,15.883988525245165,-109.0,-121.51536670361521,-69.25704445555861,-126.51882308906744,-64.25358807010639,1,48,8,4
2000-05-24 17:30:00,8,-94.0,-88.32497391960896,15.883988525245165,-102.0,-114.45413504363727,-62.195812795580665,-119.45759142908949,-57.19235641012844,1,48,8,4
2000-05-24 18:30:00,8,-97.0,-80.37792438174216,15.883988525245165,-95.0,-106.50708550577046,-54.24876325771386,-111.51054189122269,-49.24530687226164,1,48,8,4
2000-05-24 19:30:00,8,-87.0,-78.04189218796145,15.883988525245165,-95.0,-104.17105331198975,-51.91273106393315,-109.17450969744198,-46.90927467848093,1,48,8,4
2000-05-24 20:30:00,8,-71.0,-77.17487234098547,15.883988525245165,-93.0,-103.30403346501377,-51.04571121695717,-108.307489850466,-46.04225483150495,1,48,8,4
2000-05-24 21:30:00,8,-67.0,-77.98780852020636,15.883988525245165,-94.0,-104.11696964423466,-51.85864739617806,-109.12042602968688,-46.85519101072583,1,48,8,4
2000-05-24 22:30:00,8,-68.0,-78.79632577684691,15.883988525245165,-97.0,-104.92548690087521,-52.66716465281861,-109.92894328632744,-47.66370826736639,1,48,8,4
2000-05-24 23:30:00,8,-69.0,-73.42356631320331,15.883988525245165,-87.0,-99.55272743723161,-47.29440518917501,-104.55618382268383,-42.290948803722785,1,48,8,4
2000-05-25 00:30:00,8,-67.0,-65.95504241811773,15.883988525245165,-71.0,-92.08420354214603,-39.82588129408943,-97.08765992759825,-34.8224249086372,1,48,8,4
2000-05-25 01:30:00,8,-72.0,-61.38979761815941,15.883988525245165,-67.0,-87.5189587421877,-35.26063649413112,-92.52241512763993,-30.25718010867889,1,48,8,4
2000-05-25 02:30:00,8,-70.0,-59.339084125903724,15.883988525245165,-68.0,-85.46824524993202,-33.209923001875424,-90.47170163538425,-28.206466616423203,1,48,8,4
2000-05-25 03:30:00,8,-59.0,-59.144461344947246,15.883988525245165,-69.0,-85.27362246897555,-33.015300220918945,-90.27707885442777,-28.011843835466724,1,48,8,4
2000-05-25 04:30:00,8,-59.0,-59.38745747500029,15.883988525245165,-67.0,-85.51661859902859,-33.25829635097199,-90.52007498448081,-28.254839965519768,1,48,8,4
2000-05-25 05:30:00,8,-56.0,-62.641615928553584,15.883988525245165,-72.0,-88.77077705258188,-36.51245480452529,-93.7742334380341,-31.508998419073063,1,48,8,4
2000-05-25 06:30:00,8,-58.0,-61.891432206761834,15.883988525245165,-70.0,-88.02059333079013,-35.762271082733534,-93.02404971624236,-30.758814697281313,1,48,8,4
2000-05-25 07:30:00,8,-61.0,-56.11013607178981,15.883988525245165,-59.0,-82.23929719581811,-29.980974947761514,-87.24275358127034,-24.97751856230929,1,48,8,4
2000-05-25 08:30:00,8,-65.0,-54.5199931208426,15.883988525245165,-59.0,-80.6491542448709,-28.390831996814303,-85.65261063032312,-23.387375611362078,1,48,8,4
2000-05-25 09:30:00,8,-67.0,-52.3150892848425,15.883988525245165,-56.0,-78.4442504088708,-26.185928160814203,-83.44770679432303,-21.18247177536198,1,48,8,4
2000-05-25 10:30:00,8,-62.0,-53.03568829647907,15.883988525245165,-58.0,-79.16484942050737,-26.906527172450776,-84.16830580595959,-21.90307078699855,1,48,8,4
2000-05-25 11:30:00,8,-63.0,-55.835226022655085,15.883988525245165,-61.0,-81.96438714668338,-29.70606489862679,-86.9678435321356,-24.702608513174564,1,48,8,4
2000-05-25 12:30:00,8,-63.0,-59.48053895632421,15.883988525245165,-65.0,-85.60970008035251,-33.35137783229591,-90.61315646580474,-28.34792144684369,1,48,8,4
2000-05-25 13:30:00,8,-57.0,-61.847801803261575,15.883988525245165,-67.0,-87.97696292728988,-35.718640679233275,-92.9804193127421,-30.715184293781054,1,48,8,4
2000-05-25 14:30:00,8,-53.0,-58.268674092596726,15.883988525245165,-62.0,-84.39783521662503,-32.139512968568425,-89.40129160207725,-27.136056583116204,1,48,8,4
2000-05-25 15:30:00,8,-54.0,-58.1495017145074,15.883988525245165,-63.0,-84.2786628385357,-32.02034059047911,-89.28211922398792,-27.01688420502688,1,48,8,4
2000-05-25 16:30:00,8,-57.0,-58.06225029947835,15.883988525245165,-63.0,-84.19141142350665,-31.933089175450053,-89.19486780895888,-26.92963278999783,1,48,8,4
2000-05-25 17:30:00,8,-61.0,-54.068077281250936,15.883988525245165,-57.0,-80.19723840527924,-27.93891615722264,-85.20069479073146,-22.935459771770415,1,48,8,4
2000-05-25 18:30:00,8,-63.0,-51.582250186377436,15.883988525245165,-53.0,-77.71141131040574,-25.45308906234914,-82.71486769585796,-20.449632676896915,1,48,8,4
2000-05-25 19:30:00,8,-58.0,-52.61285000058278,15.883988525245165,-54.0,-78.74201112461108,-26.483688876554485,-83.7454675100633,-21.48023249110226,1,48,8,4
2000-05-25 20:30:00,8,-53.0,-55.349071751040995,15.883988525245165,-57.0,-81.4782328750693,-29.2199106270127,-86.48168926052152,-24.216454241560474,1,48,8,4
2000-05-25 21:30:00,8,-47.0,-58.28771631476803,15.883988525245165,-61.0,-84.41687743879633,-32.15855519073973,-89.42033382424856,-27.155098805287512,1,48,8,4
2000-05-25 22:30:00,8,-42.0,-58.33157212558376,15.883988525245165,-63.0,-84.46073324961206,-32.20241100155546,-89.46418963506429,-27.19895461610324,1,48,8,4
2000-05-25 23:30:00,8,-39.0,-55.021007839327496,15.883988525245165,-58.0,-81.1501689633558,-28.8918467152992,-86.15362534880802,-23.888390329846974,1,48,8,4
2000-05-26 00:30:00,8,-39.0,-51.841731574366946,15.883988525245165,-53.0,-77.97089269839525,-25.71257045033865,-82.97434908384747,-20.709114064886425,1,48,8,4
2000-05-26 01:30:00,8,-42.0,-48.720619788768616,15.883988525245165,-47.0,-74.84978091279692,-22.59145866474032,-79.85323729824914,-17.588002279288094,1,48,8,4
2000-05-26 02:30:00,8,-44.0,-45.80158566148729,15.883988525245165,-42.0,-71.93074678551558,-19.67242453745899,-76.9342031709678,-14.668968152006766,1,48,8,4
2000-05-26 03:30:00,8,-46.0,-43.88457334019891,15.883988525245165,-39.0,-70.01373446422721,-17.755412216170615,-75.01719084967944,-12.75195583071839,1,48,8,4
2000-05-26 04:30:00,8,-39.0,-43.39158523533827,15.883988525245165,-39.0,-69.52074635936657,-17.262424111309972,-74.5242027448188,-12.258967725857747,1,48,8,4
2000-05-26 05:30:00,8,-37.0,-44.38691232666218,15.883988525245165,-42.0,-70.51607345069047,-18.25775120263388,-75.5195298361427,-13.254294817181655,1,48,8,4
2000-05-26 06:30:00,8,-36.0,-45.356990863662595,15.883988525245165,-44.0,-71.48615198769089,-19.2278297396343,-76.48960837314311,-14.224373354182074,1,48,8,4
2000-05-26 07:30:00,8,-37.0,-46.359255099919324,15.883988525245165,-46.0,-72.48841622394762,-20.230093975891027,-77.49187260939985,-15.226637590438802,1,48,8,4
2000-05-26 08:30:00,8,-39.0,-41.27781932956438,15.883988525245165,-39.0,-67.40698045359268,-15.148658205536083,-72.4104368390449,-10.145201820083859,1,48,8,4
2000-05-26 09:30:00,8,-27.0,-38.14434594850657,15.883988525245165,-37.0,-64.27350707253487,-12.015184824478272,-69.2769634579871,-7.011728439026047,1,48,8,4
2000-05-26 10:30:00,8,-29.0,-37.99102113363365,15.883988525245165,-36.0,-64.12018225766195,-11.861860009605355,-69.12363864311418,-6.85840362415313,1,48,8,4
2000-05-26 11:30:00,8,-30.0,-39.42313741398685,15.883988525245165,-37.0,-65.55229853801515,-13.293976289958554,-70.55575492346738,-8.29051990450633,1,48,8,4
2000-05-26 12:30:00,8,-32.0,-40.110991904064186,15.883988525245165,-39.0,-66.24015302809248,-13.981830780035889,-71.2436094135447,-8.978374394583664,1,48,8,4
2000-05-26 13:30:00,8,-36.0,-34.081340858938006,15.883988525245165,-27.0,-60.210501982966306,-7.952179734909709,-65.21395836841853,-2.9487233494574845,1,48,8,4
2000-05-26 14:30:00,8,-43.0,-33.98859323285022,15.883988525245165,-29.0,-60.11775435687852,-7.859432108821924,-65.12121074233075,-2.855975723369699,1,48,8,4
2000-05-26 15:30:00,8,-48.0,-34.775663702496814,15.883988525245165,-30.0,-60.904824826525115,-8.646502578468517,-65.90828121197734,-3.6430461930162927,1,48,8,4
2000-05-26 16:30:00,8,-49.0,-35.78964295567659,15.883988525245165,-32.0,-61.918804079704884,-9.660481831648294,-66.92226046515711,-4.657025446196069,1,48,8,4
2000-05-26 17:30:00,8,-36.0,-37.466124686174396,15.883988525245165,-36.0,-63.5952858102027,-11.3369635621461,-68.59874219565492,-6.333507176693875,1,48,8,4
2000-05-26 18:30:00,8,-35.0,-40.6748095618249,15.883988525245165,-43.0,-66.8039706858532,-14.545648437796604,-71.80742707130543,-9.54219205234438,1,48,8,4
2000-05-26 19:30:00,8,-28.0,-42.75926664660578,15.883988525245165,-48.0,-68.88842777063408,-16.630105522577484,-73.8918841560863,-11.62664913712526,1,48,8,4
2000-05-26 20:30:00,8,-19.0,-44.5383343868135,15.883988525245165,-49.0,-70.6674955108418,-18.409173262785206,-75.67095189629403,-13.405716877332981,1,48,8,4
2000-05-26 21:30:00,8,-16.0,-32.971555645583194,15.883988525245165,-36.0,-59.100716769611495,-6.842394521554898,-64.10417315506372,-1.8389381361026729,1,48,8,4
2000-05-26 22:30:00,8,-13.0,-30.387169202021333,15.883988525245165,-35.0,-56.516330326049626,-4.258008077993036,-61.51978671150185,0.7454483074591884,1,48,8,4
2000-05-26 23:30:00,8,-13.0,-28.470412224957514,15.883988525245165,-28.0,-54.599573348985814,-2.3412511009292167,-59.60302973443804,2.662205284523008,1,48,8,4
2000-05-27 00:30:00,8,-21.0,-25.361239983100372,15.883988525245165,-19.0,-51.49040110712867,0.7679211409279247,-56.493857492580894,5.7713775263801494,1,48,8,4
2000-05-27 01:30:00,8,-21.0,-22.383770770278634,15.883988525245165,-16.0,-48.51293189430693,3.745390353749663,-53.516388279759155,8.748846739201888,1,48,8,4
2000-05-27 02:30:00,8,-19.0,-19.939047638577854,15.883988525245165,-13.0,-46.06820876260615,6.190113485450443,-51.07166514805837,11.193569870902667,1,48,8,4
2000-05-27 03:30:00,8,-22.0,-18.180802486134695,15.883988525245165,-13.0,-44.309963610162995,7.948358637893602,-49.31341999561522,12.951815023345826,1,48,8,4
2000-05-27 04:30:00,8,-20.0,-21.21711885724543,15.883988525245165,-21.0,-47.346279981273725,4.912042266782866,-52.34973636672595,9.91549865223509,1,48,8,4
2000-05-27 05:30:00,8,-15.0,-20.715399740899706,15.883988525245165,-21.0,-46.844560864928,5.413761383128591,-51.848017250380224,10.417217768580816,1,48,8,4
2000-05-27 06:30:00,8,-14.0,-18.101682170412577,15.883988525245165,-19.0,-44.230843294440874,8.02747895361572,-49.2342996798931,13.030935339067945,1,48,8,4
2000-05-27 07:30:00,8,-15.0,-21.522346190310593,15.883988525245165,-22.0,-47.651507314338886,4.606814933717704,-52.65496369979111,9.610271319169929,1,48,8,4
2000-05-27 08:30:00,8,-21.0,-21.570078537353798,15.883988525245165,-20.0,-47.699239661382094,4.559082586674499,-52.70269604683432,9.562538972126724,1,48,8,4
2000-05-27 09:30:00,8,-26.0,-18.660901284138454,15.883988525245165,-15.0,-44.79006240816675,7.468259839889843,-49.79351879361897,12.471716225342067,1,48,8,4
2000-05-27 10:30:00,8,-28.0,-17.85144248235725,15.883988525245165,-14.0,-43.98060360638554,8.277718641671047,-48.98405999183777,13.281175027123272,1,48,8,4
2000-05-27 11:30:00,8,-27.0,-19.03386116750886,15.883988525245165,-15.0,-45.16302229153716,7.095299956519437,-50.166478676989385,12.098756341971661,1,48,8,4
2000-05-27 12:30:00,8,-17.0,-23.928386139487053,15.883988525245165,-21.0,-50.057547263515346,2.200774984541244,-55.06100364896757,7.204231369993469,1,48,8,4
2000-05-27 13:30:00,8,-14.0,-27.239806856142458,15.883988525245165,-26.0,-53.36896798017075,-1.1106457321141612,-58.372424365622976,3.8928106533380635,1,48,8,4
2000-05-27 14:30:00,8,-18.0,-27.307938565235514,15.883988525245165,-28.0,-53.43709968926381,-1.1787774412072167,-58.440556074716035,3.824678944245008,1,48,8,4
2000-05-27 15:30:00,8,-21.0,-23.115421784351746,15.883988525245165,-27.0,-49.24458290838004,3.013739339676551,-54.248039293832264,8.017195725128776,1,48,8,4
2000-05-27 16:30:00,8,-25.0,-21.717476137726877,15.883988525245165,-17.0,-47.84663726175518,4.41168498630142,-52.8500936472074,9.415141371753645,1,48,8,4
2000-05-27 17:30:00,8,-28.0,-19.337714924745384,15.883988525245165,-14.0,-45.466876048773685,6.7914461992829125,-50.47033243422591,11.794902584735137,1,48,8,4
2000-05-27 18:30:00,8,-23.0,-18.91867568131187,15.883988525245165,-18.0,-45.04783680534017,7.2104854427164256,-50.05129319079239,12.21394182816865,1,48,8,4
2000-05-27 19:30:00,8,-21.0,-24.52403788457187,15.883988525245165,-21.0,-50.65319900860017,1.6051232394564252,-55.65665539405239,6.60857962490865,1,48,8,4
2000-05-27 20:30:00,8,-25.0,-27.96969217957774,15.883988525245165,-25.0,-54.098853303606035,-1.8405310555494445,-59.10230968905826,3.16292532990278,1,48,8,4
2000-05-27 21:30:00,8,-29.0,-24.539796438715236,15.883988525245165,-28.0,-50.66895756274353,1.5893646853130612,-55.672413948195754,6.592821070765286,1,48,8,4
2000-05-27 22:30:00,8,-24.0,-23.582667669388098,15.883988525245165,-23.0,-49.711828793416394,2.546493454640199,-54.71528517886862,7.549949840092424,1,48,8,4
2000-05-27 23:30:00,8,-21.0,-23.373149221667774,15.883988525245165,-21.0,-49.502310345696074,2.756011902360523,-54.5057667311483,7.759468287812748,1,48,8,4
2000-05-28 00:30:00,8,-22.0,-29.847431972131563,15.883988525245165,-25.0,-55.97659309615986,-3.7182708481032662,-60.980049481612085,1.2851855373489585,1,48,8,4
2000-05-28 01:30:00,8,-27.0,-22.106940062976697,15.883988525245165,-29.0,-48.23610118700499,4.022221061051599,-53.239557572457215,9.025677446503824,1,48,8,4
2000-05-28 02:30:00,8,-27.0,-20.44042394796464,15.883988525245165,-24.0,-46.56958507199293,5.688737176063658,-51.57304145744516,10.692193561515882,1,48,8,4
2000-05-28 03:30:00,8,-27.0,-20.461861122862793,15.883988525245165,-21.0,-46.591022246891086,5.667300001165504,-51.59447863234331,10.670756386617729,1,48,8,4
2000-05-28 04:30:00,8,-19.0,-19.498519564403068,15.883988525245165,-22.0,-45.62768068843137,6.630641559625229,-50.63113707388359,11.634097945077453,1,48,8,4
2000-05-28 05:30:00,8,-15.0,-20.561963102866383,15.883988525245165,-27.0,-46.69112422689468,5.567198021161914,-51.694580612346904,10.570654406614139,1,48,8,4
2000-05-28 06:30:00,8,-17.0,-21.059904298685154,15.883988525245165,-27.0,-47.189065422713455,5.0692568253431425,-52.19252180816568,10.072713210795367,1,48,8,4
2000-05-28 07:30:00,8,-17.0,-23.530201768720065,15.883988525245165,-27.0,-49.65936289274836,2.5989593553082315,-54.66281927820059,7.602415740760456,1,48,8,4
2000-05-28 08:30:00,8,-20.0,-21.275597967652146,15.883988525245165,-19.0,-47.40475909168045,4.8535631563761505,-52.40821547713267,9.857019541828375,1,48,8,4
2000-05-28 09:30:00,8,-18.0,-19.271898336621614,15.883988525245165,-15.0,-45.40105946064991,6.8572627874066825,-50.404515846102136,11.860719172858907,1,48,8,4
2000-05-28 10:30:00,8,-14.0,-19.087571504397705,15.883988525245165,-17.0,-45.216732628426,7.041589619630592,-50.220189013878226,12.045046005082817,1,48,8,4
2000-05-28 11:30:00,8,-19.0,-19.001778192940588,15.883988525245165,-17.0,-45.130939316968885,7.127382931087709,-50.13439570242111,12.130839316539934,1,48,8,4
2000-05-28 12:30:00,8,-14.0,-18.11480275456711,15.883988525245165,-20.0,-44.24396387859541,8.014358369461188,-49.24742026404763,13.017814754913413,1,48,8,4
2000-05-28 13:30:00,8,-17.0,-18.4975115043315,15.883988525245165,-18.0,-44.6266726283598,7.631649619696798,-49.630129013812024,12.635106005149023,1,48,8,4
2000-05-28 14:30:00,8,-16.0,-20.008898078451352,15.883988525245165,-14.0,-46.13805920247965,6.1202630455769444,-51.14151558793188,11.12371943102917,1,48,8,4
2000-05-28 15:30:00,8,-14.0,-22.533596195278733,15.883988525245165,-19.0,-48.66275731930703,3.595564928749564,-53.66621370475926,8.599021314201789,1,48,8,4
2000-05-28 16:30:00,8,-13.0,-20.30911244674022,15.883988525245165,-14.0,-46.438273570768516,5.820048677288078,-51.44172995622074,10.823505062740303,1,48,8,4
2000-05-28 17:30:00,8,-17.0,-17.895619968196097,15.883988525245165,-17.0,-44.024781092224394,8.2335411558322,-49.02823747767662,13.236997541284424,1,48,8,4
2000-05-28 18:30:00,8,-24.0,-16.162650958992646,15.883988525245165,-16.0,-42.29181208302094,9.96651016503565,-47.29526846847317,14.969966550487875,1,48,8,4
2000-05-28 19:30:00,8,-29.0,-17.377216014520002,15.883988525245165,-14.0,-43.5063771385483,8.751945109508295,-48.50983352400053,13.75540149496052,1,48,8,4
2000-05-28 20:30:00,8,-30.0,-17.736665546919546,15.883988525245165,-13.0,-43.86582667094784,8.39249557710875,-48.869283056400064,13.395951962560975,1,48,8,4
2000-05-28 21:30:00,8,-38.0,-23.02617222739079,15.883988525245165,-17.0,-49.15533335141909,3.1029888966375054,-54.15878973687131,8.10644528208973,1,48,8,4
2000-05-28 22:30:00,8,-28.0,-29.634615768426087,15.883988525245165,-24.0,-55.76377689245439,-3.5054546443977905,-60.76723327790661,1.4980017410544342,1,48,8,4
2000-05-28 23:30:00,8,-24.0,-33.93692748412723,15.883988525245165,-29.0,-60.066088608155525,-7.807766360098935,-65.06954499360775,-2.80430997464671,1,48,8,4
2000-05-29 00:30:00,8,-24.0,-30.642122485762098,15.883988525245165,-30.0,-56.771283609790395,-4.512961361733801,-61.77473999524262,0.4904950237184238,1,48,8,4
2000-05-29 01:30:00,8,-21.0,-31.249749581479367,15.883988525245165,-38.0,-57.378910705507664,-5.1205884574510705,-62.38236709095989,-0.11713207199884579,1,48,8,4
2000-05-29 02:30:00,8,-22.0,-26.13784625565034,15.883988525245165,-28.0,-52.26700737967864,-0.00868513162204465,-57.27046376513086,4.99477125383018,1,48,8,4
2000-05-29 03:30:00,8,-23.0,-22.283394075109314,15.883988525245165,-24.0,-48.412555199137614,3.845767048918983,-53.41601158458984,8.849223434371208,1,48,8,4
2000-05-29 04:30:00,8,-24.0,-20.747200956323642,15.883988525245165,-24.0,-46.87636208035194,5.381960167704655,-51.87981846580416,10.38541655315688,1,48,8,4
2000-05-29 05:30:00,8,-22.0,-19.2940399093806,15.883988525245165,-21.0,-45.4232010334089,6.835121214647696,-50.426657418861126,11.83857760009992,1,48,8,4
2000-05-29 06:30:00,8,-24.0,-21.078197511131098,15.883988525245165,-22.0,-47.207358635159395,5.050963612897199,-52.21081502061162,10.054419998349424,1,48,8,4
2000-05-29 07:30:00,8,-27.0,-23.73216672337934,15.883988525245165,-23.0,-49.86132784740764,2.396994400648957,-54.86478423285986,7.400450786101182,1,48,8,4
2000-05-29 08:30:00,8,-28.0,-25.169874455252046,15.883988525245165,-24.0,-51.29903557928034,0.9592866687762509,-56.30249196473257,5.962743054228476,1,48,8,4
2000-05-29 09:30:00,8,-21.0,-24.574880148170674,15.883988525245165,-22.0,-50.70404127219897,1.5542809758576226,-55.707497657651196,6.557737361309847,1,48,8,4
2000-05-29 10:30:00,8,-18.0,-25.865676901192497,15.883988525245165,-24.0,-51.994838025220794,0.26348422283579964,-56.99829441067302,5.266940608288024,1,48,8,4
2000-05-29 11:30:00,8,-12.0,-23.832113735853547,15.883988525245165,-27.0,-49.96127485988184,2.29704738817475,-54.964731245334065,7.300503773626975,1,48,8,4
2000-05-29 12:30:00,8,-5.0,-20.32838007622699,15.883988525245165,-28.0,-46.457541200255285,5.800781047801308,-51.46099758570751,10.804237433253533,1,48,8,4
2000-05-29 13:30:00,8,-4.0,-17.180726579232303,15.883988525245165,-21.0,-43.3098877032606,8.948434544795994,-48.313344088712824,13.951890930248219,1,48,8,4
2000-05-29 14:30:00,8,-2.0,-15.547070624428308,15.883988525245165,-18.0,-41.6762317484566,10.582090499599989,-46.679688133908826,15.585546885052214,1,48,8,4
2000-05-29 15:30:00,8,-2.0,-13.03514324081791,15.883988525245165,-12.0,-39.1643043648462,13.094017883210388,-44.16776075029843,18.097474268662612,1,48,8,4
2000-05-29 16:30:00,8,-1.0,-11.135454997918615,15.883988525245165,-5.0,-37.264616121946915,14.993706126109682,-42.26807250739914,19.997162511561907,1,48,8,4
2000-05-29 17:30:00,8,-14.0,-10.217227774452649,15.883988525245165,-4.0,-36.346388898480946,15.911933349575648,-41.34984528393317,20.915389735027873,1,48,8,4
2000-05-29 18:30:00,8,-27.0,-12.273506009808951,15.883988525245165,-2.0,-38.40266713383725,13.855655114219346,-43.40612351928947,18.85911149967157,1,48,8,4
2000-05-29 19:30:00,8,-35.0,-10.975657647201928,15.883988525245165,-2.0,-37.10481877123023,15.15350347682637,-42.10827515668245,20.156959862278594,1,48,8,4
2000-05-29 20:30:00,8,-45.0,-19.24377642602412,15.883988525245165,-1.0,-45.37293755005241,6.885384698004177,-50.37639393550464,11.888841083456402,1,48,8,4
2000-05-29 21:30:00,8,-53.0,-30.21595268148315,15.883988525245165,-14.0,-56.345113805511446,-4.086791557454852,-61.34857019096367,0.9166648279973728,1,48,8,4
2000-05-29 22:30:00,8,-45.0,-12.329071261064666,15.883988525245165,-27.0,-38.45823238509296,13.800089862963631,-43.46168877054519,18.803546248415856,1,48,8,4
2000-05-29 23:30:00,8,-41.0,-38.57784824101772,15.883988525245165,-35.0,-64.70700936504602,-12.448687116989422,-69.71046575049824,-7.4452307315371975,1,48,8,4
2000-05-30 00:30:00,8,-33.0,-50.78624538373822,15.883988525245165,-45.0,-76.91540650776652,-24.657084259709922,-81.91886289321874,-19.653627874257698,1,48,8,4
2000-05-30 01:30:00,8,-32.0,-53.75113111577432,15.883988525245165,-53.0,-79.88029223980261,-27.621969991746024,-84.88374862525484,-22.6185136062938,1,48,8,4
2000-05-30 02:30:00,8,-38.0,-47.61495933851245,15.883988525245165,-45.0,-73.74412046254075,-21.485798214484152,-78.74757684799297,-16.482341829031927,1,48,8,4
2000-05-30 03:30:00,8,-40.0,-37.7732905808524,15.883988525245165,-41.0,-63.90245170488069,-11.6441294568241,-68.90590809033291,-6.640673071371875,1,48,8,4
2000-05-30 04:30:00,8,-37.0,-35.9420633530461,15.883988525245165,-33.0,-62.071224477074395,-9.812902229017805,-67.07468086252662,-4.80944584356558,1,48,8,4
2000-05-30 05:30:00,8,-36.0,-36.17295924859596,15.883988525245165,-32.0,-62.30212037262426,-10.043798124567662,-67.30557675807648,-5.040341739115437,1,48,8,4
2000-05-30 06:30:00,8,-40.0,-38.37553050042981,15.883988525245165,-38.0,-64.5046916244581,-12.246369376401514,-69.50814800991033,-7.242912990949289,1,48,8,4
2000-05-30 07:30:00,8,-40.0,-41.76875352766247,15.883988525245165,-40.0,-67.89791465169077,-15.639592403634172,-72.901371037143,-10.636136018181947,1,48,8,4
2000-05-30 08:30:00,8,-30.0,-40.497838991261,15.883988525245165,-37.0,-66.62700011528929,-14.368677867232702,-71.63045650074152,-9.365221481780477,1,48,8,4
2000-05-30 09:30:00,8,-24.0,-39.34303857223639,15.883988525245165,-36.0,-65.47219969626468,-13.213877448208091,-70.4756560817169,-8.210421062755866,1,48,8,4
2000-05-30 10:30:00,8,-29.0,-44.07791763903798,15.883988525245165,-40.0,-70.20707876306628,-17.94875651500968,-75.2105351485185,-12.945300129557456,1,48,8,4
2000-05-30 11:30:00,8,-28.0,-41.108108752952845,15.883988525245165,-40.0,-67.23726987698114,-14.978947628924548,-72.24072626243337,-9.975491243472323,1,48,8,4
2000-05-30 12:30:00,8,-25.0,-35.646016965599635,15.883988525245165,-30.0,-61.77517808962793,-9.516855841571338,-66.77863447508015,-4.513399456119114,1,48,8,4
2000-05-30 13:30:00,8,-23.0,-32.92578651407796,15.883988525245165,-24.0,-59.054947638106256,-6.796625390049666,-64.05840402355848,-1.7931690045974413,1,48,8,4
2000-05-30 14:30:00,8,-26.0,-32.32622800235748,15.883988525245165,-29.0,-58.45538912638578,-6.197066878329185,-63.45884551183801,-1.1936104928769602,1,48,8,4
2000-05-30 15:30:00,8,-20.0,-32.89606092435063,15.883988525245165,-28.0,-59.02522204837892,-6.7668998003223315,-64.02867843383115,-1.7634434148701068,1,48,8,4
2000-05-30 16:30:00,8,-23.0,-32.91995688803176,15.883988525245165,-25.0,-59.04911801206006,-6.790795764003466,-64.05257439751229,-1.7873393785512413,1,48,8,4
2000-05-30 17:30:00,8,-23.0,-32.12963642937996,15.883988525245165,-23.0,-58.25879755340826,-6.00047530535166,-63.26225393886048,-0.9970189198994355,1,48,8,4
2000-05-30 18:30:00,8,-24.0,-31.01997353177869,15.883988525245165,-26.0,-57.14913465580699,-4.890812407750392,-62.152591041259214,0.11264397770183265,1,48,8,4
2000-05-30 19:30:00,8,-24.0,-30.143038991412336,15.883988525245165,-20.0,-56.27220011544063,-4.013877867384039,-61.27565650089286,0.9895785180681855,1,48,8,4
2000-05-30 20:30:00,8,-27.0,-30.53477636075801,15.883988525245165,-23.0,-56.6639374847863,-4.405615236729712,-61.66739387023853,0.5978411487225124,1,48,8,4
2000-05-30 21:30:00,8,-30.0,-28.862727787547293,15.883988525245165,-23.0,-54.991888911575586,-2.733566663518996,-59.99534529702781,2.269889721933229,1,48,8,4
2000-05-30 22:30:00,8,-24.0,-28.030775801074903,15.883988525245165,-24.0,-54.159936925103196,-1.9016146770466058,-59.16339331055542,3.101841708405619,1,48,8,4
2000-05-30 23:30:00,8,-24.0,-29.77398382018384,15.883988525245165,-24.0,-55.90314494421214,-3.6448226961555434,-60.90660132966436,1.3586336892966813,1,48,8,4
2000-05-31 00:30:00,8,-20.0,-33.532180913538774,15.883988525245165,-27.0,-59.66134203756707,-7.403019789510477,-64.66479842301929,-2.3995634040582523,1,48,8,4
2000-05-31 01:30:00,8,-19.0,-35.20440382522004,15.883988525245165,-30.0,-61.33356494924834,-9.075242701191744,-66.33702133470057,-4.071786315739519,1,48,8,4
2000-05-31 02:30:00,8,-21.0,-31.170903687423866,15.883988525245165,-24.0,-57.30006481145216,-5.0417425633955695,-62.303521196904384,-0.03828617794334477,1,48,8,4
2000-05-31 03:30:00,8,-26.0,-26.150545962083022,15.883988525245165,-24.0,-52.279707086111316,-0.021384838054725464,-57.28316347156354,4.982071547397499,1,48,8,4
2000-05-31 04:30:00,8,-26.0,-24.66929528944444,15.883988525245165,-20.0,-50.798456413472735,1.459865834583855,-55.80191279892496,6.46332222003608,1,48,8,4
2000-05-31 05:30:00,8,-24.0,-24.157606595374993,15.883988525245165,-19.0,-50.28676771940329,1.9715545286533036,-55.29022410485551,6.975010914105528,1,48,8,4
2000-05-31 06:30:00,8,-22.0,-25.330458970578213,15.883988525245165,-21.0,-51.45962009460651,0.7987021534500833,-56.46307648005873,5.802158538902308,1,48,8,4
2000-05-31 07:30:00,8,-23.0,-29.92971738224171,15.883988525245165,-26.0,-56.058878506270005,-3.800556258213412,-61.06233489172223,1.202900127238813,1,48,8,4
2000-05-31 08:30:00,8,-24.0,-30.076890162297538,15.883988525245165,-26.0,-56.20605128632583,-3.947729038269241,-61.209507671778056,1.0557273471829838,1,48,8,4
2000-05-31 09:30:00,8,-22.0,-25.67273880511985,15.883988525245165,-24.0,-51.80189992914815,0.456422318908448,-56.805356314600374,5.459878704360673,1,48,8,4
2000-05-31 10:30:00,8,-20.0,-22.985993373408633,15.883988525245165,-22.0,-49.11515449743693,3.1431677506196642,-54.11861088288916,8.146624136071889,1,48,8,4
2000-05-31 11:30:00,8,-20.0,-22.815538483057477,15.883988525245165,-23.0,-48.944699607085774,3.31362264097082,-53.948155992538,8.317079026423045,1,48,8,4
2000-05-31 12:30:00,8,-19.0,-22.366369795123084,15.883988525245165,-24.0,-48.49553091915138,3.7627913289052124,-53.4989873046036,8.766247714357437,1,48,8,4
2000-05-31 13:30:00,8,-16.0,-21.52598323126538,15.883988525245165,-22.0,-47.65514435529367,4.603177892762918,-52.6586007407459,9.606634278215143,1,48,8,4
2000-05-31 14:30:00,8,-16.0,-20.299875442791773,15.883988525245165,-20.0,-46.42903656682007,5.829285681236524,-51.4324929522723,10.832742066688748,1,48,8,4
2000-05-31 15:30:00,8,-15.0,-20.072669564785826,15.883988525245165,-20.0,-46.20183068881413,6.05649155924247,-51.20528707426635,11.059947944694695,1,48,8,4
2000-05-31 16:30:00,8,-16.0,-19.31716059516615,15.883988525245165,-19.0,-45.446321719194444,6.812000528862146,-50.44977810464667,11.815456914314371,1,48,8,4
2000-05-31 17:30:00,8,-18.0,-18.728309811427714,15.883988525245165,-16.0,-44.85747093545601,7.400851312600583,-49.86092732090823,12.404307698052808,1,48,8,4
2000-05-31 18:30:00,8,-18.0,-18.157322557440118,15.883988525245165,-16.0,-44.28648368146841,7.971838566588179,-49.289940066920636,12.975294952040404,1,48,8,4
2000-05-31 19:30:00,8,-16.0,-17.532096668168045,15.883988525245165,-15.0,-43.66125779219634,8.597064455860252,-48.66471417764856,13.600520841312477,1,48,8,4
2000-05-31 20:30:00,8,-13.0,-16.9551854281708,15.883988525245165,-16.0,-43.084346552199094,9.173975695857497,-48.08780293765132,14.177432081309721,1,48,8,4
2000-05-31 21:30:00,8,-13.0,-17.30288795224445,15.883988525245165,-18.0,-43.43204907627275,8.826273171783846,-48.43550546172497,13.829729557236071,1,48,8,4
2000-05-31 22:30:00,8,-10.0,-18.00489555634066,15.883988525245165,-18.0,-44.13405668036896,8.124265567687637,-49.13751306582118,13.127721953139861,1,48,8,4
2000-05-31 23:30:00,8,-10.0,-17.548624189976156,15.883988525245165,-16.0,-43.67778531400445,8.580536934052141,-48.68124169945668,13.583993319504366,1,48,8,4
2000-06-01 00:30:00,8,-14.0,-16.819422132465885,15.883988525245165,-13.0,-42.94858325649418,9.309738991562412,-47.952039641946406,14.313195377014637,1,48,8,4
2000-06-01 01:30:00,8,-11.0,-15.425599561319782,15.883988525245165,-13.0,-41.55476068534808,10.703561562708515,-46.5582170708003,15.70701794816074,1,48,8,4
2000-06-01 02:30:00,8,-10.0,-15.06955696657382,15.883988525245165,-10.0,-41.198718090602114,11.059604157454476,-46.20217447605434,16.0630605429067,1,48,8,4
2000-06-01 03:30:00,8,-14.0,-15.256109696037974,15.883988525245165,-10.0,-41.38527082006627,10.873051427990323,-46.38872720551849,15.876507813442547,1,48,8,4
2000-06-01 04:30:00,8,-12.0,-14.745209927572667,15.883988525245165,-14.0,-40.87437105160096,11.38395119645563,-45.877827437053185,16.387407581907855,1,48,8,4
2000-06-01 05:30:00,8,-16.0,-15.741993948472079,15.883988525245165,-11.0,-41.87115507250037,10.387167175556218,-46.8746114579526,15.390623561008443,1,48,8,4
2000-06-01 06:30:00,8,-17.0,-16.604362421573644,15.883988525245165,-10.0,-42.73352354560194,9.524798702454653,-47.736979931054165,14.528255087906878,1,48,8,4
2000-06-01 07:30:00,8,-18.0,-18.875984474959388,15.883988525245165,-14.0,-45.00514559898768,7.253176649068909,-50.008601984439906,12.256633034521133,1,48,8,4
2000-06-01 08:30:00,8,-23.0,-16.265896901448443,15.883988525245165,-12.0,-42.39505802547674,9.863264222579854,-47.39851441092897,14.866720608032079,1,48,8,4
2000-06-01 09:30:00,8,-18.0,-15.177245311538627,15.883988525245165,-16.0,-41.30640643556693,10.95191581248967,-46.30986282101915,15.955372197941895,1,48,8,4
2000-06-01 10:30:00,8,-16.0,-14.136823843160343,15.883988525245165,-17.0,-40.26598496718864,11.992337280867954,-45.26944135264087,16.99579366632018,1,48,8,4
2000-06-01 11:30:00,8,-18.0,-14.186018989761223,15.883988525245165,-18.0,-40.31518011378952,11.943142134267074,-45.31863649924175,16.9465985197193,1,48,8,4
2000-06-01 12:30:00,8,-19.0,-15.605695310392928,15.883988525245165,-23.0,-41.734856434421225,10.523465813635369,-46.73831281987345,15.526922199087593,1,48,8,4
2000-06-01 13:30:00,8,-18.0,-15.079672119855442,15.883988525245165,-18.0,-41.20883324388374,11.049489004172855,-46.21228962933596,16.05294538962508,1,48,8,4
2000-06-01 14:30:00,8,-14.0,-14.323782775390917,15.883988525245165,-16.0,-40.45294389941921,11.80537834863738,-45.456400284871435,16.808834734089604,1,48,8,4
2000-06-01 15:30:00,8,-12.0,-15.781167861506113,15.883988525245165,-18.0,-41.910328985534406,10.347993262522184,-46.91378537098663,15.351449647974409,1,48,8,4
2000-06-01 16:30:00,8,-15.0,-16.769933486756326,15.883988525245165,-19.0,-42.89909461078462,9.359227637271971,-47.90255099623685,14.362684022724196,1,48,8,4
2000-06-01 17:30:00,8,-14.0,-17.87868624362157,15.883988525245165,-18.0,-44.007847367649866,8.250474880406728,-49.01130375310209,13.253931265858952,1,48,8,4
2000-06-01 18:30:00,8,-12.0,-14.948111731386856,15.883988525245165,-14.0,-41.07727285541515,11.181049392641441,-46.08072924086738,16.184505778093666,1,48,8,4
2000-06-01 19:30:00,8,-10.0,-13.38516323385371,15.883988525245165,-12.0,-39.514324357882,12.743997890174587,-44.51778074333423,17.74745427562681,1,48,8,4
2000-06-01 20:30:00,8,-8.0,-12.967929596936813,15.883988525245165,-15.0,-39.09709072096511,13.161231527091484,-44.10054710641734,18.16468791254371,1,48,8,4
2000-06-01 21:30:00,8,-4.0,-12.112814073809002,15.883988525245165,-14.0,-38.2419751978373,14.016347050219295,-43.24543158328952,19.01980343567152,1,48,8,4
2000-06-01 22:30:00,8,-5.0,-10.938859902951787,15.883988525245165,-12.0,-37.068021026980084,15.19030122107651,-42.07147741243231,20.193757606528735,1,48,8,4
2000-06-01 23:30:00,8,-5.0,-10.528163078183457,15.883988525245165,-10.0,-36.657324202211754,15.60099804584484,-41.66078058766398,20.604454431297064,1,48,8,4
2000-06-02 00:30:00,8,-6.0,-9.665543369844862,15.883988525245165,-8.0,-35.794704493873155,16.463617754183435,-40.79816087932538,21.46707413963566,1,48,8,4
2000-06-02 01:30:00,8,-10.0,-9.005137503409703,15.883988525245165,-4.0,-35.134298627438,17.124023620618594,-40.137755012890224,22.12748000607082,1,48,8,4
2000-06-02 02:30:00,8,-10.0,-8.920778815595824,15.883988525245165,-5.0,-35.049939939624124,17.208382308432473,-40.05339632507635,22.211838693884697,1,48,8,4
2000-06-02 03:30:00,8,-5.0,-7.428915802185514,15.883988525245165,-5.0,-33.558076926213815,18.700245321842782,-38.56153331166604,23.703701707295007,1,48,8,4
2000-06-02 04:30:00,8,-2.0,-8.897010083778305,15.883988525245165,-6.0,-35.0261712078066,17.232151040249992,-40.02962759325882,22.235607425702216,1,48,8,4
2000-06-02 05:30:00,8,-2.0,-10.915593641608332,15.883988525245165,-10.0,-37.044754765636625,15.213567482419965,-42.04821115108885,20.21702386787219,1,48,8,4
2000-06-02 06:30:00,8,-7.0,-9.434928206192463,15.883988525245165,-10.0,-35.56408933022076,16.694232917835834,-40.567545715672985,21.69768930328806,1,48,8,4
2000-06-02 07:30:00,8,-10.0,-8.356417597485837,15.883988525245165,-5.0,-34.48557872151413,17.77274352654246,-39.489035106966355,22.776199911994684,1,48,8,4
2000-06-02 08:30:00,8,-13.0,-6.818494007955369,15.883988525245165,-2.0,-32.947655131983666,19.310667116072928,-37.95111151743589,24.314123501525152,1,48,8,4
2000-06-02 09:30:00,8,-10.0,-6.145432459953835,15.883988525245165,-2.0,-32.27459358398213,19.983728664074462,-37.278049969434356,24.987185049526687,1,48,8,4
2000-06-02 10:30:00,8,-8.0,-9.613159648927258,15.883988525245165,-7.0,-35.74232077295555,16.51600147510104,-40.745777158407776,21.519457860553263,1,48,8,4
2000-06-02 11:30:00,8,-7.0,-7.385907616795656,15.883988525245165,-10.0,-33.51506874082395,18.74325350723264,-38.518525126276174,23.746709892684866,1,48,8,4
2000-06-02 12:30:00,8,-8.0,-8.232413050071166,15.883988525245165,-13.0,-34.36157417409946,17.89674807395713,-39.365030559551684,22.900204459409355,1,48,8,4
2000-06-02 13:30:00,8,-4.0,-6.413420626109392,15.883988525245165,-10.0,-32.542581750137686,19.715740497918905,-37.54603813558991,24.71919688337113,1,48,8,4
2000-06-02 14:30:00,8,-1.0,-6.017039513866148,15.883988525245165,-8.0,-32.146200637894445,20.11212161016215,-37.14965702334667,25.115577995614373,1,48,8,4
2000-06-02 15:30:00,8,2.0,-8.766370108514547,15.883988525245165,-7.0,-34.895531232542844,17.36279101551375,-39.89898761799507,22.366247400965975,1,48,8,4
2000-06-02 16:30:00,8,2.0,-9.07966749307203,15.883988525245165,-8.0,-35.20882861710032,17.049493630956267,-40.21228500255255,22.05295001640849,1,48,8,4
2000-06-02 17:30:00,8,-1.0,-8.51054689341565,15.883988525245165,-4.0,-34.63970801744395,17.618614230612646,-39.643164402896176,22.62207061606487,1,48,8,4
2000-06-02 18:30:00,8,-2.0,-5.953838589798952,15.883988525245165,-1.0,-32.08299971382725,20.175322534229345,-37.086456099279474,25.17877891968157,1,48,8,4
2000-06-02 19:30:00,8,-2.0,-4.664384301700245,15.883988525245165,2.0,-30.793545425728542,21.46477682232805,-35.79700181118076,26.468233207780276,1,48,8,4
2000-06-02 20:30:00,8,2.0,-4.370819449217684,15.883988525245165,2.0,-30.49998057324598,21.758341674810612,-35.5034369586982,26.761798060262837,1,48,8,4
2000-06-02 21:30:00,8,2.0,-3.8573134086672773,15.883988525245165,-1.0,-29.986474532695574,22.27184771536102,-34.9899309181478,27.275304100813244,1,48,8,4
2000-06-02 22:30:00,8,2.0,-3.964494587172286,15.883988525245165,-2.0,-30.093655711200583,22.16466653685601,-35.09711209665281,27.168122922308235,1,48,8,4
2000-06-02 23:30:00,8,2.0,-4.457411078250416,15.883988525245165,-2.0,-30.586572202278713,21.67175004577788,-35.59002858773094,26.675206431230105,1,48,8,4
2000-06-03 00:30:00,8,2.0,-3.051881414657192,15.883988525245165,2.0,-29.18104253868549,23.077279709371105,-34.18449892413771,28.08073609482333,1,48,8,4
2000-06-03 01:30:00,8,-4.0,-2.6318677541828563,15.883988525245165,2.0,-28.761028878211153,23.49729336984544,-33.764485263663374,28.500749755297665,1,48,8,4
2000-06-03 02:30:00,8,-11.0,-1.1237941980018107,15.883988525245165,2.0,-27.252955322030108,25.005366926026486,-32.25641170748233,30.00882331147871,1,48,8,4
2000-06-03 03:30:00,8,-13.0,0.7068419225996081,15.883988525245165,2.0,-25.42231920142869,26.836003046627905,-30.425775586880913,31.83945943208013,1,48,8,4
2000-06-03 04:30:00,8,-8.0,-2.2312719947389326,15.883988525245165,2.0,-28.36043311876723,23.897889129289364,-33.36388950421946,28.90134551474159,1,48,8,4
2001-10-29 09:30:00,14,-66.0,-74.2818727586407,15.883988525245165,-4.0,-100.411033882669,-48.1527116346124,-105.41449026812123,-43.14925524916018,1,48,8,4
2001-10-29 10:30:00,14,-60.0,-71.62919494247066,15.883988525245165,-11.0,-97.75835606649896,-45.50003381844236,-102.76181245195119,-40.49657743299014,1,48,8,4
2001-10-29 11:30:00,14,-60.0,-64.10892598052797,15.883988525245165,-13.0,-90.23808710455627,-37.97976485649967,-95.2415434900085,-32.976308471047446,1,48,8,4
2001-10-29 12:30:00,14,-61.0,-60.57681917506689,15.883988525245165,-8.0,-86.70598029909519,-34.44765805103859,-91.70943668454741,-29.444201665586366,1,48,8,4
2001-10-29 13:30:00,14,-60.0,-58.17106802901337,15.883988525245165,-66.0,-84.30022915304167,-32.04190690498507,-89.3036855384939,-27.038450519532848,1,48,8,4
2001-10-29 14:30:00,14,-66.0,-56.87875153760679,15.883988525245165,-60.0,-83.00791266163509,-30.749590413578492,-88.01136904708731,-25.746134028126267,1,48,8,4
2001-10-29 15:30:00,14,-67.0,-57.36419201938857,15.883988525245165,-60.0,-83.49335314341687,-31.23503089536027,-88.4968095288691,-26.231574509908047,1,48,8,4
2001-10-29 16:30:00,14,-67.0,-60.572097361406406,15.883988525245165,-61.0,-86.7012584854347,-34.442936237378106,-91.70471487088693,-29.439479851925885,1,48,8,4
2001-10-29 17:30:00,14,-69.0,-61.487948416088486,15.883988525245165,-60.0,-87.61710954011679,-35.358787292060185,-92.62056592556901,-30.355330906607964,1,48,8,4
2001-10-29 18:30:00,14,-69.0,-60.09980798768647,15.883988525245165,-66.0,-86.22896911171476,-33.970646863658175,-91.23242549716699,-28.967190478205946,1,48,8,4
2001-10-29 19:30:00,14,-67.0,-58.924071690241334,15.883988525245165,-67.0,-85.05323281426963,-32.794910566213034,-90.05668919972186,-27.791454180760812,1,48,8,4
2001-10-29 20:30:00,14,-68.0,-63.087203927362054,15.883988525245165,-67.0,-89.21636505139035,-36.958042803333754,-94.21982143684258,-31.954586417881533,1,48,8,4
2001-10-29 21:30:00,14,-64.0,-63.56301529038619,15.883988525245165,-69.0,-89.69217641441449,-37.43385416635789,-94.69563279986671,-32.430397780905665,1,48,8,4
2001-10-29 22:30:00,14,-54.0,-62.36564458664187,15.883988525245165,-69.0,-88.49480571067016,-36.23648346261358,-93.49826209612239,-31.23302707716135,1,48,8,4
2001-10-29 23:30:00,14,-48.0,-56.979102404854544,15.883988525245165,-67.0,-83.10826352888284,-30.849941280826247,-88.11171991433507,-25.846484895374022,1,48,8,4
2001-10-30 00:30:00,14,-48.0,-57.85561753499459,15.883988525245165,-68.0,-83.9847786590229,-31.726456410966296,-88.98823504447512,-26.72300002551407,1,48,8,4
2001-10-30 01:30:00,14,-48.0,-56.25941911043706,15.883988525245165,-64.0,-82.38858023446535,-30.13025798640876,-87.39203661991758,-25.126801600956536,1,48,8,4
2001-10-30 02:30:00,14,-52.0,-51.98918552656889,15.883988525245165,-54.0,-78.11834665059719,-25.860024402540592,-83.12180303604941,-20.856568017088367,1,48,8,4
2001-10-30 03:30:00,14,-54.0,-49.40847838783347,15.883988525245165,-48.0,-75.53763951186177,-23.279317263805172,-80.541095897314,-18.275860878352947,1,48,8,4
2001-10-30 04:30:00,14,-52.0,-47.9476934080433,15.883988525245165,-48.0,-74.0768545320716,-21.818532284015003,-79.08031091752382,-16.815075898562778,1,48,8,4
2001-10-30 05:30:00,14,-49.0,-47.9337017185342,15.883988525245165,-48.0,-74.0628628425625,-21.804540594505905,-79.06631922801472,-16.80108420905368,1,48,8,4
2001-10-30 06:30:00,14,-49.0,-49.91347295423209,15.883988525245165,-52.0,-76.04263407826039,-23.784311830203794,-81.04609046371262,-18.78085544475157,1,48,8,4
2001-10-30 07:30:00,14,-54.0,-51.62788107980248,15.883988525245165,-54.0,-77.75704220383078,-25.49871995577418,-82.760498589283,-20.495263570321956,1,48,8,4
2001-10-30 08:30:00,14,-53.0,-50.332688297130815,15.883988525245165,-52.0,-76.46184942115912,-24.20352717310252,-81.46530580661134,-19.200070787650294,1,48,8,4
2001-10-30 09:30:00,14,-53.0,-48.58388442401574,15.883988525245165,-49.0,-74.71304554804404,-22.454723299987446,-79.71650193349626,-17.45126691453522,1,48,8,4
2001-10-30 10:30:00,14,-51.0,-48.27475237880867,15.883988525245165,-49.0,-74.40391350283697,-22.145591254780374,-79.4073698882892,-17.14213486932815,1,48,8,4
2001-10-30 11:30:00,14,-51.0,-51.3627386810047,15.883988525245165,-54.0,-77.491899805033,-25.233577556976403,-82.49535619048523,-20.23012117152418,1,48,8,4
2001-10-30 12:30:00,14,-49.0,-51.896496160054184,15.883988525245165,-53.0,-78.02565728408248,-25.767335036025887,-83.02911366953471,-20.763878650573663,1,48,8,4
2001-10-30 13:30:00,14,-47.0,-51.219405456288655,15.883988525245165,-53.0,-77.34856658031696,-25.090244332260358,-82.35202296576918,-20.086787946808133,1,48,8,4
2001-10-30 14:30:00,14,-50.0,-48.182596006675325,15.883988525245165,-51.0,-74.31175713070363,-22.05343488264703,-79.31521351615585,-17.049978497194804,1,48,8,4
2001-10-30 15:30:00,14,-49.0,-45.24269291877026,15.883988525245165,-51.0,-71.37185404279856,-19.113531794741963,-76.37531042825078,-14.110075409289738,1,48,8,4
2001-10-30 16:30:00,14,-43.0,-43.68224268565022,15.883988525245165,-49.0,-69.81140380967852,-17.553081561621926,-74.81486019513075,-12.549625176169702,1,48,8,4
2001-10-30 17:30:00,14,-37.0,-42.91796924564708,15.883988525245165,-47.0,-69.04713036967537,-16.788808121618782,-74.0505867551276,-11.785351736166557,1,48,8,4
2001-10-30 18:30:00,14,-36.0,-45.25011727222349,15.883988525245165,-50.0,-71.37927839625179,-19.120956148195194,-76.38273478170402,-14.11749976274297,1,48,8,4
2001-10-30 19:30:00,14,-37.0,-45.392288240469156,15.883988525245165,-49.0,-71.52144936449746,-19.26312711644086,-76.52490574994968,-14.259670730988635,1,48,8,4
2001-10-30 20:30:00,14,-40.0,-41.2886782095874,15.883988525245165,-43.0,-67.4178393336157,-15.159517085559106,-72.42129571906793,-10.156060700106881,1,48,8,4
2001-10-30 21:30:00,14,-41.0,-37.091286408508424,15.883988525245165,-37.0,-63.220447532536724,-10.962125284480127,-68.22390391798895,-5.958668899027902,1,48,8,4
2001-10-30 22:30:00,14,-39.0,-35.07439267179664,15.883988525245165,-36.0,-61.20355379582493,-8.94523154776834,-66.20701018127716,-3.941775162316116,1,48,8,4
2001-10-30 23:30:00,14,-39.0,-35.330053215014544,15.883988525245165,-37.0,-61.459214339042845,-9.200892090986247,-66.46267072449507,-4.197435705534023,1,48,8,4
2001-10-31 00:30:00,14,-36.0,-36.49425991359854,15.883988525245165,-40.0,-62.62342103762684,-10.365098789570244,-67.62687742307907,-5.361642404118019,1,48,8,4
2001-10-31 01:30:00,14,-31.0,-37.43288444462059,15.883988525245165,-41.0,-63.562045568648884,-11.303723320592294,-68.56550195410111,-6.300266935140069,1,48,8,4
2001-10-31 02:30:00,14,-27.0,-36.252895491840206,15.883988525245165,-39.0,-62.38205661586851,-10.12373436781191,-67.38551300132073,-5.120277982359685,1,48,8,4
2001-10-31 03:30:00,14,-24.0,-35.918618203995905,15.883988525245165,-39.0,-62.047779328024205,-9.789457079967608,-67.05123571347643,-4.7860006945153835,1,48,8,4
2001-10-31 04:30:00,14,-23.0,-33.9668940366228,15.883988525245165,-36.0,-60.09605516065109,-7.8377329125945,-65.09951154610332,-2.8342765271422756,1,48,8,4
2001-10-31 05:30:00,14,-24.0,-30.916496018526146,15.883988525245165,-31.0,-57.04565714255445,-4.7873348944978495,-62.04911352800667,0.21612149095437516,1,48,8,4
2001-10-31 06:30:00,14,-26.0,-28.913124519499117,15.883988525245165,-27.0,-55.042285643527414,-2.7839633954708205,-60.04574202897964,2.219492989981404,1,48,8,4
2001-10-31 07:30:00,14,-28.0,-27.72107730258808,15.883988525245165,-24.0,-53.85023842661637,-1.5919161785597815,-58.853694812068596,3.411540206892443,1,48,8,4
2001-10-31 08:30:00,14,-25.0,-26.986215408265984,15.883988525245165,-23.0,-53.11537653229428,-0.8570542842376874,-58.1188329177465,4.146402101214537,1,48,8,4
2001-10-31 09:30:00,14,-23.0,-27.156774784299827,15.883988525245165,-24.0,-53.28593590832813,-1.0276136602715304,-58.28939229378035,3.9758427251806943,1,48,8,4
2001-10-31 10:30:00,14,-22.0,-28.206335814922475,15.883988525245165,-26.0,-54.33549693895077,-2.0771746908941786,-59.33895332440299,2.926281694558046,1,48,8,4
2001-10-31 11:30:00,14,-22.0,-29.092944379410103,15.883988525245165,-28.0,-55.2221055034384,-2.9637832553818058,-60.225561888890624,2.039673130070419,1,48,8,4
2001-10-31 12:30:00,14,-19.0,-27.414711192981237,15.883988525245165,-25.0,-53.54387231700953,-1.28555006895294,-58.547328702461755,3.7179063164992847,1,48,8,4
2001-10-31 13:30:00,14,-15.0,-26.07572482130488,15.883988525245165,-23.0,-52.204885945333174,0.05343630272341571,-57.2083423307854,5.05689268817564,1,48,8,4
2001-10-31 14:30:00,14,-2.0,-25.4628341125725,15.883988525245165,-22.0,-51.591995236600795,0.6663270114557953,-56.59545162205302,5.66978339690802,1,48,8,4
2001-10-31 15:30:00,14,-5.0,-25.119294579856405,15.883988525245165,-22.0,-51.2484557038847,1.0098665441718921,-56.251912089336926,6.013322929624117,1,48,8,4
2001-10-31 16:30:00,14,-8.0,-23.665633997430387,15.883988525245165,-19.0,-49.794795121458684,2.46352712659791,-54.79825150691091,7.466983512050135,1,48,8,4
2001-10-31 17:30:00,14,-9.0,-21.678485368136663,15.883988525245165,-15.0,-47.80764649216496,4.450675755891634,-52.81110287761719,9.454132141343859,1,48,8,4
2001-10-31 18:30:00,14,-11.0,-18.75867875120128,15.883988525245165,-2.0,-44.887839875229574,7.370482372827016,-49.8912962606818,12.373938758279241,1,48,8,4
2001-10-31 19:30:00,14,-15.0,-20.204868607314904,15.883988525245165,-5.0,-46.3340297313432,5.924292516713393,-51.337486116795425,10.927748902165618,1,48,8,4
2001-10-31 20:30:00,14,-29.0,-22.8141296873358,15.883988525245165,-8.0,-48.94329081136409,3.3150314366924967,-53.94674719681632,8.318487822144721,1,48,8,4
2001-10-31 21:30:00,14,-45.0,-24.042561988750172,15.883988525245165,-9.0,-50.171723112778466,2.0865991352781244,-55.17517949823069,7.090055520730349,1,48,8,4
2001-10-31 22:30:00,14,-60.0,-22.531814068690814,15.883988525245165,-11.0,-48.66097519271911,3.597347055337483,-53.66443157817133,8.600803440789708,1,48,8,4
2001-10-31 23:30:00,14,-81.0,-29.789123091207884,15.883988525245165,-15.0,-55.918284215236184,-3.659961967179587,-60.92174060068841,1.3434944182726376,1,48,8,4
2001-11-01 00:30:00,14,-81.0,-44.83187634636559,15.883988525245165,-29.0,-70.96103747039389,-18.702715222337293,-75.96449385584611,-13.699258836885068,1,48,8,4
2001-11-01 01:30:00,14,-91.0,-63.71364372894764,15.883988525245165,-45.0,-89.84280485297593,-37.584482604919344,-94.84626123842816,-32.58102621946712,1,48,8,4
2001-11-01 02:30:00,14,-97.0,-78.83660794251531,15.883988525245165,-60.0,-104.96576906654361,-52.707446818487014,-109.96922545199584,-47.70399043303479,1,48,8,4
2001-11-01 03:30:00,14,-96.0,-91.96618490973513,15.883988525245165,-81.0,-118.09534603376343,-65.83702378570683,-123.09880241921566,-60.83356740025461,1,48,8,4
2001-11-01 04:30:00,14,-93.0,-85.70791515526858,15.883988525245165,-81.0,-111.83707627929688,-59.57875403124028,-116.8405326647491,-54.575297645788055,1,48,8,4
2001-11-01 05:30:00,14,-97.0,-89.15549186943633,15.883988525245165,-91.0,-115.28465299346463,-63.02633074540803,-120.28810937891686,-58.02287435995581,1,48,8,4
2001-11-01 06:30:00,14,-98.0,-94.24672933602483,15.883988525245165,-97.0,-120.37589046005313,-68.11756821199653,-125.37934684550535,-63.1141118265443,1,48,8,4
2001-11-01 07:30:00,14,-92.0,-91.38061896802107,15.883988525245165,-96.0,-117.50978009204937,-65.25145784399277,-122.5132364775016,-60.24800145854054,1,48,8,4
2001-11-01 08:30:00,14,-94.0,-87.06278217671752,15.883988525245165,-93.0,-113.19194330074582,-60.93362105268922,-118.19539968619804,-55.930164667236994,1,48,8,4
2001-11-01 09:30:00,14,-98.0,-89.59433643272371,15.883988525245165,-97.0,-115.72349755675201,-63.46517530869541,-120.72695394220423,-58.46171892324318,1,48,8,4
2001-11-01 10:30:00,14,-106.0,-90.4535515514016,15.883988525245165,-98.0,-116.5827126754299,-64.3243904273733,-121.58616906088213,-59.32093404192108,1,48,8,4
2001-11-01 11:30:00,14,-104.0,-86.55059570815975,15.883988525245165,-92.0,-112.67975683218805,-60.42143458413145,-117.68321321764027,-55.41797819867922,1,48,8,4
2001-11-01 12:30:00,14,-86.0,-86.51117290788156,15.883988525245165,-94.0,-112.64033403190986,-60.38201178385326,-117.64379041736208,-55.37855539840103,1,48,8,4
2001-11-01 13:30:00,14,-77.0,-88.59135371064893,15.883988525245165,-98.0,-114.72051483467723,-62.46219258662063,-119.72397122012946,-57.458736201168406,1,48,8,4
2001-11-01 14:30:00,14,-78.0,-93.73689555632225,15.883988525245165,-106.0,-119.86605668035055,-67.60773443229395,-124.86951306580278,-62.60427804684173,1,48,8,4
2001-11-01 15:30:00,14,-79.0,-92.79392283600507,15.883988525245165,-104.0,-118.92308396003337,-66.66476171197677,-123.92654034548559,-61.66130532652454,1,48,8,4
2001-11-01 16:30:00,14,-78.0,-80.54220874683237,15.883988525245165,-86.0,-106.67136987086067,-54.41304762280407,-111.6748262563129,-49.40959123735185,1,48,8,4
2001-11-01 17:30:00,14,-75.0,-72.59674880013819,15.883988525245165,-77.0,-98.72590992416649,-46.467587676109886,-103.72936630961871,-41.46413129065766,1,48,8,4
2001-11-01 18:30:00,14,-71.0,-70.38352837339447,15.883988525245165,-78.0,-96.51268949742277,-44.25436724936617,-101.516145882875,-39.250910863913944,1,48,8,4
2001-11-01 19:30:00,14,-65.0,-70.701303380354,15.883988525245165,-79.0,-96.8304645043823,-44.572142256325705,-101.83392088983453,-39.56868587087348,1,48,8,4
2001-11-01 20:30:00,14,-62.0,-67.35356801898135,15.883988525245165,-78.0,-93.48272914300965,-41.22440689495305,-98.48618552846187,-36.220950509500824,1,48,8,4
2001-11-01 21:30:00,14,-61.0,-64.29775156708976,15.883988525245165,-75.0,-90.42691269111806,-38.16859044306146,-95.43036907657029,-33.16513405760924,1,48,8,4
2001-11-01 22:30:00,14,-58.0,-56.3556351622417,15.883988525245165,-71.0,-82.48479628627,-30.2264740382134,-87.48825267172222,-25.223017652761175,1,48,8,4
2001-11-01 23:30:00,14,-58.0,-48.91324677578606,15.883988525245165,-65.0,-75.04240789981435,-22.78408565175776,-80.04586428526657,-17.780629266305535,1,48,8,4
2001-11-02 00:30:00,14,-55.0,-45.99987835529873,15.883988525245165,-62.0,-72.12903947932703,-19.870717231270437,-77.13249586477926,-14.867260845818212,1,48,8,4
2001-11-02 01:30:00,14,-50.0,-45.96912434469457,15.883988525245165,-61.0,-72.09828546872286,-19.839963220666274,-77.10174185417509,-14.836506835214049,1,48,8,4
2001-11-02 02:30:00,14,-52.0,-45.440065199376875,15.883988525245165,-58.0,-71.56922632340518,-19.310904075348578,-76.5726827088574,-14.307447689896353,1,48,8,4
2001-11-02 03:30:00,14,-50.0,-45.2789529726533,15.883988525245165,-58.0,-71.4081140966816,-19.149791848625004,-76.41157048213383,-14.146335463172779,1,48,8,4
2001-11-02 04:30:00,14,-49.0,-43.87334171630786,15.883988525245165,-55.0,-70.00250284033616,-17.744180592279566,-75.00595922578839,-12.740724206827341,1,48,8,4
2001-11-02 05:30:00,14,-49.0,-42.25342621577593,15.883988525245165,-50.0,-68.38258733980423,-16.124265091747635,-73.38604372525646,-11.12080870629541,1,48,8,4
2001-11-02 06:30:00,14,-43.0,-42.25274177585449,15.883988525245165,-52.0,-68.38190289988279,-16.12358065182619,-73.38535928533501,-11.120124266373967,1,48,8,4
2001-11-02 07:30:00,14,-44.0,-40.856811294109825,15.883988525245165,-50.0,-66.98597241813812,-14.727650170081528,-71.98942880359034,-9.724193784629303,1,48,8,4
2001-11-02 08:30:00,14,-40.0,-40.41166823995012,15.883988525245165,-49.0,-66.54082936397842,-14.28250711592182,-71.54428574943064,-9.279050730469596,1,48,8,4
2001-11-02 09:30:00,14,-37.0,-42.1758332694154,15.883988525245165,-49.0,-68.30499439344369,-16.046672145387102,-73.30845077889592,-11.043215759934878,1,48,8,4
2001-11-02 10:30:00,14,-36.0,-40.66092822798066,15.883988525245165,-43.0,-66.79008935200896,-14.531767103952365,-71.79354573746119,-9.52831071850014,1,48,8,4
2001-11-02 11:30:00,14,-34.0,-39.81997638483964,15.883988525245165,-44.0,-65.94913750886793,-13.690815260811345,-70.95259389432016,-8.68735887535912,1,48,8,4
2001-11-02 12:30:00,14,-34.0,-36.89919535086344,15.883988525245165,-40.0,-63.02835647489174,-10.77003422683514,-68.03181286034396,-5.766577841382915,1,48,8,4
2001-11-02 13:30:00,14,-39.0,-33.465721122118325,15.883988525245165,-37.0,-59.594882246146625,-7.336559998090028,-64.59833863159885,-2.333103612637803,1,48,8,4
2001-11-02 14:30:00,14,-37.0,-31.35200467094425,15.883988525245165,-36.0,-57.48116579497255,-5.2228435469159535,-62.48462218042477,-0.21938716146372883,1,48,8,4
2001-11-02 15:30:00,14,-33.0,-30.062397763309026,15.883988525245165,-34.0,-56.19155888733732,-3.9332366392807288,-61.19501527278955,1.070219746171496,1,48,8,4
2001-11-02 16:30:00,14,-30.0,-34.991237623827466,15.883988525245165,-34.0,-61.12039874785576,-8.86207649979917,-66.12385513330798,-3.8586201143469445,1,48,8,4
2001-11-02 17:30:00,14,-32.0,-46.285417768153486,15.883988525245165,-39.0,-72.41457889218178,-20.15625664412519,-77.418035277634,-15.152800258672965,1,48,8,4
2001-11-02 18:30:00,14,-33.0,-37.70582628873249,15.883988525245165,-37.0,-63.83498741276078,-11.576665164704192,-68.838443798213,-6.573208779251967,1,48,8,4
2001-11-02 19:30:00,14,-31.0,-32.22019352487009,15.883988525245165,-33.0,-58.349354648898384,-6.091032400841794,-63.35281103435061,-1.087576015389569,1,48,8,4
2001-11-02 20:30:00,14,-31.0,-29.77767192998354,15.883988525245165,-30.0,-55.90683305401184,-3.648510805955244,-60.910289439464066,1.354945579496981,1,48,8,4
2001-11-02 21:30:00,14,-28.0,-29.829121736737314,15.883988525245165,-32.0,-55.95828286076561,-3.6999606127090168,-60.96173924621783,1.303495772743208,1,48,8,4
2001-11-02 22:30:00,14,-27.0,-32.31764139243387,15.883988525245165,-33.0,-58.44680251646217,-6.1884802684055735,-63.450258901914395,-1.1850238829533488,1,48,8,4
2001-11-02 23:30:00,14,-26.0,-32.627321253727295,15.883988525245165,-31.0,-58.75648237775559,-6.498160129698999,-63.75993876320781,-1.4947037442467739,1,48,8,4
2001-11-03 00:30:00,14,-27.0,-31.43344773861248,15.883988525245165,-31.0,-57.56260886264077,-5.304286614584182,-62.566065248093,-0.30083022913195734,1,48,8,4
2001-11-03 01:30:00,14,-23.0,-30.562213244435842,15.883988525245165,-28.0,-56.69137436846414,-4.433052120407545,-61.694830753916364,0.5704042650446794,1,48,8,4
2001-11-03 02:30:00,14,-19.0,-31.01729388491642,15.883988525245165,-27.0,-57.14645500894471,-4.888132760888123,-62.14991139439694,0.11532362456410183,1,48,8,4
2001-11-03 03:30:00,14,-16.0,-31.515606357107675,15.883988525245165,-26.0,-57.64476748113597,-5.386445233079378,-62.6482238665882,-0.38298884762715346,1,48,8,4
2001-11-03 04:30:00,14,-18.0,-31.448781306046474,15.883988525245165,-27.0,-57.57794243007477,-5.319620182018177,-62.581398815526995,-0.3161637965659523,1,48,8,4
2001-11-03 05:30:00,14,-20.0,-27.80831462965991,15.883988525245165,-23.0,-53.937475753688204,-1.6791535056316143,-58.94093213914043,3.3243028798206105,1,48,8,4
2001-11-03 06:30:00,14,-19.0,-27.00973760083221,15.883988525245165,-19.0,-53.13889872486051,-0.8805764768039133,-58.142355110312735,4.122879908648311,1,48,8,4
2001-11-03 07:30:00,14,-19.0,-24.711021470727573,15.883988525245165,-16.0,-50.84018259475587,1.4181396533007238,-55.8436389802081,6.4215960387529485,1,48,8,4
2001-11-03 08:30:00,14,-18.0,-23.943086922842728,15.883988525245165,-18.0,-50.072248046871024,2.186074201185569,-55.07570443232325,7.189530586637794,1,48,8,4
2001-11-03 09:30:00,14,-18.0,-23.16247321346281,15.883988525245165,-20.0,-49.291634337491104,2.9666879105654864,-54.29509072294333,7.970144296017711,1,48,8,4
2001-11-03 10:30:00,14,-16.0,-22.737340928533058,15.883988525245165,-19.0,-48.86650205256136,3.3918201954952387,-53.86995843801358,8.395276580947463,1,48,8,4
2001-11-03 11:30:00,14,-16.0,-22.69484460558874,15.883988525245165,-19.0,-48.82400572961704,3.434316518439555,-53.82746211506927,8.43777290389178,1,48,8,4
2001-11-03 12:30:00,14,-16.0,-23.14982927186078,15.883988525245165,-18.0,-49.27899039588908,2.9793318521675154,-54.28244678134131,7.98278823761974,1,48,8,4
2001-11-03 13:30:00,14,-19.0,-23.184628874179015,15.883988525245165,-18.0,-49.31378999820731,2.9445322498492814,-54.31724638365954,7.947988635301506,1,48,8,4
2001-11-03 14:30:00,14,-18.0,-19.05068688441139,15.883988525245165,-16.0,-45.17984800843969,7.078474239616906,-50.183304393891916,12.08193062506913,1,48,8,4
2001-11-03 15:30:00,14,-20.0,-18.017112163240448,15.883988525245165,-16.0,-44.14627328726874,8.112048960787849,-49.149729672720966,13.115505346240074,1,48,8,4
2001-11-03 16:30:00,14,-22.0,-18.308040219730607,15.883988525245165,-16.0,-44.4372013437589,7.82112090429769,-49.440657729211125,12.824577289749914,1,48,8,4
2001-11-03 17:30:00,14,-21.0,-19.853965768960187,15.883988525245165,-19.0,-45.98312689298848,6.27519535506811,-50.986583278440705,11.278651740520335,1,48,8,4
2001-11-03 18:30:00,14,-20.0,-19.332063305908598,15.883988525245165,-18.0,-45.46122442993689,6.797097818119699,-50.464680815389116,11.800554203571924,1,48,8,4
2001-11-03 19:30:00,14,-17.0,-20.790009562319597,15.883988525245165,-20.0,-46.9191706863479,5.3391515617087,-51.92262707180012,10.342607947160925,1,48,8,4
2001-11-03 20:30:00,14,-15.0,-21.076941334945936,15.883988525245165,-22.0,-47.20610245897423,5.052219789082361,-52.209558844426454,10.055676174534586,1,48,8,4
2001-11-03 21:30:00,14,-14.0,-19.80281474429905,15.883988525245165,-21.0,-45.93197586832734,6.326346379729248,-50.93543225377957,11.329802765181473,1,48,8,4
2001-11-03 22:30:00,14,-15.0,-18.60457058720729,15.883988525245165,-20.0,-44.73373171123559,7.524590536821005,-49.73718809668782,12.52804692227323,1,48,8,4
2001-11-03 23:30:00,14,-14.0,-17.128927508539196,15.883988525245165,-17.0,-43.25808863256749,9.000233615489101,-48.26154501801972,14.003690000941326,1,48,8,4
2001-11-04 00:30:00,14,-10.0,-15.687595649672481,15.883988525245165,-15.0,-41.816756773700774,10.441565474355816,-46.820213159153,15.44502185980804,1,48,8,4
2001-11-04 01:30:00,14,-6.0,-15.303078945398607,15.883988525245165,-14.0,-41.4322400694269,10.82608217862969,-46.43569645487913,15.829538564081915,1,48,8,4
2001-11-04 02:30:00,14,-3.0,-16.18133863424066,15.883988525245165,-15.0,-42.31049975826896,9.947822489787637,-47.313956143721185,14.951278875239861,1,48,8,4
2001-11-04 03:30:00,14,-7.0,-16.679223478230565,15.883988525245165,-14.0,-42.80838460225886,9.449937645797732,-47.811840987711086,14.453394031249957,1,48,8,4
2001-11-04 04:30:00,14,-7.0,-14.24569792452423,15.883988525245165,-10.0,-40.37485904855252,11.883463199504067,-45.37831543400475,16.886919584956292,1,48,8,4
2001-11-04 05:30:00,14,-7.0,-11.667028843599496,15.883988525245165,-6.0,-37.7961899676278,14.4621322804288,-42.79964635308002,19.465588665881025,1,48,8,4
2001-11-04 06:30:00,14,-9.0,-10.152070972325198,15.883988525245165,-3.0,-36.28123209635349,15.977090151703099,-41.284688481805716,20.980546537155323,1,48,8,4
2001-11-04 07:30:00,14,-15.0,-9.609764451238025,15.883988525245165,-7.0,-35.73892557526632,16.519396672790272,-40.74238196071855,21.522853058242497,1,48,8,4
2001-11-04 08:30:00,14,-15.0,-8.971100998774045,15.883988525245165,-7.0,-35.10026212280234,17.158060125254252,-40.103718508254566,22.161516510706477,1,48,8,4
2001-11-04 09:30:00,14,-18.0,-10.129138125969202,15.883988525245165,-7.0,-36.2582992499975,16.000022998059094,-41.261755635449724,21.00347938351132,1,48,8,4
2001-11-04 10:30:00,14,-24.0,-14.469952375493268,15.883988525245165,-9.0,-40.599113499521565,11.659208748535029,-45.60256988497379,16.662665133987254,1,48,8,4
2001-11-04 11:30:00,14,-23.0,-20.389780089763306,15.883988525245165,-15.0,-46.51894121379161,5.739381034264991,-51.52239759924383,10.742837419717215,1,48,8,4
2001-11-04 12:30:00,14,-25.0,-19.385508319603197,15.883988525245165,-15.0,-45.51466944363149,6.7436528044251,-50.518125829083715,11.747109189877325,1,48,8,4
2001-11-04 13:30:00,14,-28.0,-23.141745132411238,15.883988525245165,-18.0,-49.27090625643953,2.987415991617059,-54.274362641891756,7.990872377069284,1,48,8,4
2001-11-04 14:30:00,14,-41.0,-23.736313278786803,15.883988525245165,-24.0,-49.865474402815096,2.3928478452414943,-54.86893078826732,7.396304230693719,1,48,8,4
2001-11-04 15:30:00,14,-38.0,-23.911609730434776,15.883988525245165,-23.0,-50.04077085446308,2.2175513935935207,-55.0442272399153,7.221007779045745,1,48,8,4
2001-11-04 16:30:00,14,-31.0,-27.480395119507882,15.883988525245165,-25.0,-53.609556243536176,-1.3512339954795856,-58.6130126289884,3.652222389972639,1,48,8,4
2001-11-04 17:30:00,14,-29.0,-31.76726129786507,15.883988525245165,-28.0,-57.89642242189336,-5.638100173836772,-62.89987880734559,-0.6346437883845475,1,48,8,4
2001-11-04 18:30:00,14,-31.0,-38.124595219486906,15.883988525245165,-41.0,-64.2537563435152,-11.99543409545861,-69.25721272896743,-6.991977710006385,1,48,8,4
2001-11-04 19:30:00,14,-28.0,-28.330703714233692,15.883988525245165,-38.0,-54.45986483826199,-2.2015425902053956,-59.46332122371422,2.801913795246829,1,48,8,4
2001-11-04 20:30:00,14,-28.0,-27.398025181654432,15.883988525245165,-31.0,-53.52718630568273,-1.2688640576261356,-58.53064269113496,3.734592327826089,1,48,8,4
2001-11-04 21:30:00,14,-29.0,-24.936823835995803,15.883988525245165,-29.0,-51.065984960024096,1.192337288032494,-56.06944134547632,6.195793673484719,1,48,8,4
2001-11-04 22:30:00,14,-29.0,-21.363527952620473,15.883988525245165,-31.0,-47.49268907664877,4.765633171407824,-52.496145462101,9.769089556860049,1,48,8,4
2001-11-04 23:30:00,14,-28.0,-19.351586866618142,15.883988525245165,-28.0,-45.480747990646435,6.777574257410155,-50.48420437609866,11.78103064286238,1,48,8,4
2001-11-05 00:30:00,14,-27.0,-18.585589412850595,15.883988525245165,-28.0,-44.714750536878896,7.543571711177702,-49.71820692233112,12.547028096629926,1,48,8,4
2001-11-05 01:30:00,14,-24.0,-18.2490609868427,15.883988525245165,-29.0,-44.37822211087099,7.880100137185597,-49.38167849632322,12.883556522637821,1,48,8,4
2001-11-05 02:30:00,14,-19.0,-18.54551621854756,15.883988525245165,-29.0,-44.67467734257586,7.583644905480735,-49.67813372802809,12.58710129093296,1,48,8,4
2001-11-05 03:30:00,14,-11.0,-17.819939462027737,15.883988525245165,-28.0,-43.94910058605603,8.30922166200056,-48.95255697150826,13.312678047452785,1,48,8,4
2001-11-05 04:30:00,14,-8.0,-17.60230869894344,15.883988525245165,-27.0,-43.73146982297173,8.526852425084858,-48.73492620842396,13.530308810537083,1,48,8,4
2001-11-05 05:30:00,14,-6.0,-17.038947725795836,15.883988525245165,-24.0,-43.16810884982414,9.09021339823246,-48.17156523527636,14.093669783684685,1,48,8,4
2001-11-05 06:30:00,14,-4.0,-14.50818474338665,15.883988525245165,-19.0,-40.63734586741495,11.620976380641647,-45.640802252867175,16.62443276609387,1,48,8,4
2001-11-05 07:30:00,14,-3.0,-11.888172204016502,15.883988525245165,-11.0,-38.0173333280448,14.240988920011795,-43.020789713497024,19.24444530546402,1,48,8,4
2001-11-05 08:30:00,14,5.0,-10.631667299854893,15.883988525245165,-8.0,-36.76082842388319,15.497493824173404,-41.764284809335415,20.50095020962563,1,48,8,4
2001-11-05 09:30:00,14,0.0,-9.896193753390303,15.883988525245165,-6.0,-36.0253548774186,16.232967370637994,-41.028811262870825,21.23642375609022,1,48,8,4
2001-11-05 10:30:00,14,0.0,-9.184348059171064,15.883988525245165,-4.0,-35.31350918319936,16.944813064857232,-40.31696556865158,21.948269450309457,1,48,8,4
2001-11-05 11:30:00,14,11.0,-8.997638014184655,15.883988525245165,-3.0,-35.12679913821295,17.13152310984364,-40.13025552366518,22.134979495295866,1,48,8,4
2001-11-05 12:30:00,14,10.0,-7.9353684721560676,15.883988525245165,5.0,-34.064529596184364,18.19379265187223,-39.06798598163659,23.197249037324454,1,48,8,4
2001-11-05 13:30:00,14,14.0,-7.802054133013996,15.883988525245165,0.0,-33.9312152570423,18.3271069910143,-38.93467164249452,23.330563376466525,1,48,8,4
2001-11-05 14:30:00,14,22.0,-7.938820021674172,15.883988525245165,0.0,-34.06798114570247,18.190341102354125,-39.07143753115469,23.19379748780635,1,48,8,4
2001-11-05 15:30:00,14,13.0,-6.435409579331864,15.883988525245165,11.0,-32.56457070336016,19.693751544696433,-37.568027088812386,24.697207930148657,1,48,8,4
2001-11-05 16:30:00,14,9.0,-6.933951861325216,15.883988525245165,10.0,-33.06311298535351,19.19520926270308,-38.06656937080574,24.198665648155306,1,48,8,4
2001-11-05 17:30:00,14,9.0,-6.635787290811386,15.883988525245165,14.0,-32.76494841483968,19.49337383321691,-37.768404800291904,24.496830218669135,1,48,8,4
2001-11-05 18:30:00,14,22.0,-7.388922439640041,15.883988525245165,22.0,-33.51808356366834,18.740238684388256,-38.521539949120566,23.74369506984048,1,48,8,4
2001-11-05 19:30:00,14,5.0,-11.641473289208317,15.883988525245165,13.0,-37.770634413236614,14.48768783481998,-42.77409079868884,19.491144220272204,1,48,8,4
2001-11-05 20:30:00,14,-37.0,-12.10809930412713,15.883988525245165,9.0,-38.23726042815542,14.021061819901167,-43.24071681360765,19.02451820535339,1,48,8,4
2001-11-05 21:30:00,14,-50.0,-9.693970519515386,15.883988525245165,9.0,-35.82313164354368,16.43519060451291,-40.82658802899591,21.438646989965136,1,48,8,4
2001-11-05 22:30:00,14,-50.0,-15.25098167961108,15.883988525245165,22.0,-41.38014280363937,10.878179444417217,-46.3835991890916,15.881635829869442,1,48,8,4
2001-11-05 23:30:00,14,-55.0,-43.43599106348367,15.883988525245165,5.0,-69.56515218751197,-17.306829939455373,-74.5686085729642,-12.303373554003148,1,48,8,4
2001-11-06 00:30:00,14,-73.0,-78.66571162950471,15.883988525245165,-37.0,-104.79487275353301,-52.53655050547641,-109.79832913898524,-47.53309412002419,1,48,8,4
2001-11-06 01:30:00,14,-64.0,-86.58853457694445,15.883988525245165,-50.0,-112.71769570097275,-60.459373452916154,-117.72115208642498,-55.45591706746393,1,48,8,4
2001-11-06 02:30:00,14,-101.0,-72.52203097104632,15.883988525245165,-50.0,-98.65119209507462,-46.39286984701802,-103.65464848052684,-41.389413461565795,1,48,8,4
2001-11-06 03:30:00,14,-269.0,-72.3583758680451,15.883988525245165,-55.0,-98.4875369920734,-46.2292147440168,-103.49099337752563,-41.225758358564576,1,48,8,4
2001-11-06 04:30:00,14,-281.0,-91.87216657925632,15.883988525245165,-73.0,-118.00132770328462,-65.74300545522802,-123.00478408873684,-60.73954906977579,1,48,8,4
2001-11-06 05:30:00,14,-288.0,-75.96043407707307,15.883988525245165,-64.0,-102.08959520110137,-49.831272953044774,-107.0930515865536,-44.82781656759255,1,48,8,4
2001-11-06 06:30:00,14,-292.0,-190.16588213830642,15.883988525245165,-101.0,-216.2950432623347,-164.03672101427813,-221.29849964778694,-159.0332646288259,1,48,8,4
2001-11-06 07:30:00,14,-276.0,-280.8421171346326,15.883988525245165,-269.0,-306.9712782586609,-254.7129560106043,-311.9747346441131,-249.70949962515206,1,48,8,4
2001-11-06 08:30:00,14,-276.0,-250.79366899577582,15.883988525245165,-281.0,-276.92283011980413,-224.66450787174753,-281.9262865052563,-219.6610514862953,1,48,8,4
2001-11-06 09:30:00,14,-259.0,-197.31585853677842,15.883988525245165,-288.0,-223.4450196608067,-171.18669741275014,-228.44847604625895,-166.1832410272979,1,48,8,4
2001-11-06 10:30:00,14,-235.0,-206.92782755450602,15.883988525245165,-292.0,-233.0569886785343,-180.79866643047774,-238.06044506398655,-175.7952100450255,1,48,8,4
2001-11-06 11:30:00,14,-213.0,-182.9217887936551,15.883988525245165,-276.0,-209.0509499176834,-156.79262766962682,-214.05440630313564,-151.78917128417459,1,48,8,4
2001-11-06 12:30:00,14,-200.0,-168.13351922366425,15.883988525245165,-276.0,-194.26268034769254,-142.00435809963597,-199.26613673314478,-137.00090171418373,1,48,8,4
2001-11-06 13:30:00,14,-183.0,-157.47656189142725,15.883988525245165,-259.0,-183.60572301545554,-131.34740076739897,-188.60917940090778,-126.34394438194673,1,48,8,4
2001-11-06 14:30:00,14,-207.0,-148.4519198100658,15.883988525245165,-235.0,-174.58108093409408,-122.32275868603749,-179.5845373195463,-117.31930230058526,1,48,8,4
2001-11-06 15:30:00,14,-218.0,-140.42973919636208,15.883988525245165,-213.0,-166.55890032039036,-114.30057807233378,-171.5623567058426,-109.29712168688155,1,48,8,4
2001-11-06 16:30:00,14,-210.0,-138.8000349135574,15.883988525245165,-200.0,-164.92919603758568,-112.6708737895291,-169.93265242303792,-107.66741740407687,1,48,8,4
2001-11-06 17:30:00,14,-187.0,-164.39538308788687,15.883988525245165,-183.0,-190.52454421191516,-138.26622196385858,-195.5280005973674,-133.26276557840634,1,48,8,4
2001-11-06 18:30:00,14,-177.0,-200.36629573700608,15.883988525245165,-207.0,-226.49545686103437,-174.2371346129778,-231.4989132464866,-169.23367822752556,1,48,8,4
2001-11-06 19:30:00,14,-151.0,-199.67006889135448,15.883988525245165,-218.0,-225.79923001538276,-173.5409077673262,-230.802686400835,-168.53745138187395,1,48,8,4
2001-11-06 20:30:00,14,-164.0,-196.64562866817744,15.883988525245165,-210.0,-222.77478979220572,-170.51646754414915,-227.77824617765796,-165.5130111586969,1,48,8,4
2001-11-06 21:30:00,14,-176.0,-141.91759653393711,15.883988525245165,-187.0,-168.0467576579654,-115.78843540990881,-173.05021404341764,-110.78497902445659,1,48,8,4
2001-11-06 22:30:00,14,-173.0,-140.0755679519331,15.883988525245165,-177.0,-166.20472907596138,-113.9464068279048,-171.20818546141362,-108.94295044245257,1,48,8,4
2001-11-06 23:30:00,14,-173.0,-143.83261951826682,15.883988525245165,-151.0,-169.9617806422951,-117.70345839423852,-174.96523702774735,-112.7000020087863,1,48,8,4
2001-11-07 00:30:00,14,-165.0,-158.06744838498352,15.883988525245165,-164.0,-184.1966095090118,-131.93828726095524,-189.20006589446405,-126.934830875503,1,48,8,4
2001-11-07 01:30:00,14,-156.0,-124.404725430199,15.883988525245165,-176.0,-150.53388655422728,-98.2755643061707,-155.53734293967952,-93.27210792071847,1,48,8,4
2001-11-07 02:30:00,14,-152.0,-103.05928661345965,15.883988525245165,-173.0,-129.18844773748793,-76.93012548943135,-134.19190412294017,-71.92666910397912,1,48,8,4
2001-11-07 03:30:00,14,-148.0,-97.98676734602648,15.883988525245165,-173.0,-124.11592847005478,-71.85760622199818,-129.119384855507,-66.85414983654596,1,48,8,4
2001-11-07 04:30:00,14,-138.0,-94.24787515654512,15.883988525245165,-165.0,-120.37703628057342,-68.11871403251682,-125.38049266602565,-63.115257647064595,1,48,8,4
2001-11-07 05:30:00,14,-123.0,-92.83082389194146,15.883988525245165,-156.0,-118.95998501596976,-66.70166276791316,-123.96344140142199,-61.69820638246094,1,48,8,4
2001-11-07 06:30:00,14,-121.0,-91.87262678585873,15.883988525245165,-152.0,-118.00178790988703,-65.74346566183043,-123.00524429533925,-60.7400092763782,1,48,8,4
2001-11-07 07:30:00,14,-121.0,-92.9560376556839,15.883988525245165,-148.0,-119.0851987797122,-66.8268765316556,-124.08865516516443,-61.823420146203375,1,48,8,4
2001-11-07 08:30:00,14,-115.0,-90.8190166415327,15.883988525245165,-138.0,-116.948177765561,-64.6898555175044,-121.95163415101322,-59.68639913205217,1,48,8,4
2001-11-07 09:30:00,14,-110.0,-87.24506155915927,15.883988525245165,-123.0,-113.37422268318757,-61.11590043513097,-118.3776790686398,-56.11244404967874,1,48,8,4
2001-11-07 10:30:00,14,-108.0,-87.34537720651397,15.883988525245165,-121.0,-113.47453833054227,-61.21621608248567,-118.4779947159945,-56.21275969703345,1,48,8,4
2001-11-07 11:30:00,14,-109.0,-87.1979796061409,15.883988525245165,-121.0,-113.3271407301692,-61.068818482112604,-118.33059711562143,-56.06536209666038,1,48,8,4
2001-11-07 12:30:00,14,-106.0,-87.92399778532018,15.883988525245165,-115.0,-114.05315890934848,-61.79483666129188,-119.05661529480071,-56.79138027583966,1,48,8,4
2001-11-07 13:30:00,14,-99.0,-88.98948877356567,15.883988525245165,-110.0,-115.11864989759397,-62.86032764953737,-120.1221062830462,-57.85687126408514,1,48,8,4
2001-11-07 14:30:00,14,-99.0,-90.95268317960517,15.883988525245165,-108.0,-117.08184430363347,-64.82352205557687,-122.0853006890857,-59.82006567012465,1,48,8,4
2001-11-07 15:30:00,14,-100.0,-91.52858008668282,15.883988525245165,-109.0,-117.65774121071112,-65.39941896265452,-122.66119759616335,-60.3959625772023,1,48,8,4
2001-11-07 16:30:00,14,-95.0,-89.49215647903065,15.883988525245165,-106.0,-115.62131760305896,-63.362995355002354,-120.62477398851118,-58.35953896955013,1,48,8,4
2001-11-07 17:30:00,14,-91.0,-87.42050358636514,15.883988525245165,-99.0,-113.54966471039344,-61.29134246233684,-118.55312109584567,-56.28788607688462,1,48,8,4
2001-11-07 18:30:00,14,-88.0,-88.69734680476199,15.883988525245165,-99.0,-114.82650792879029,-62.56818568073369,-119.82996431424252,-57.56472929528147,1,48,8,4
2001-11-07 19:30:00,14,-86.0,-88.1649675975269,15.883988525245165,-100.0,-114.2941287215552,-62.035806473498596,-119.29758510700742,-57.03235008804637,1,48,8,4
2001-11-07 20:30:00,14,-81.0,-85.99783592281776,15.883988525245165,-95.0,-112.12699704684606,-59.868674798789456,-117.13045343229828,-54.86521841333723,1,48,8,4
2001-11-07 21:30:00,14,-78.0,-82.5390217147768,15.883988525245165,-91.0,-108.6681828388051,-56.409860590748494,-113.67163922425732,-51.40640420529627,1,48,8,4
2001-11-07 22:30:00,14,-75.0,-80.07416924020615,15.883988525245165,-88.0,-106.20333036423445,-53.945008116177846,-111.20678674968667,-48.94155173072562,1,48,8,4
2001-11-07 23:30:00,14,-73.0,-77.45882920664621,15.883988525245165,-86.0,-103.58799033067451,-51.329668082617914,-108.59144671612674,-46.32621169716569,1,48,8,4
2001-11-08 00:30:00,14,-71.0,-76.23633732719158,15.883988525245165,-81.0,-102.36549845121988,-50.10717620316328,-107.3689548366721,-45.10371981771105,1,48,8,4
2001-11-08 01:30:00,14,-70.0,-71.02937903203187,15.883988525245165,-78.0,-97.15854015606017,-44.90021790800357,-102.1619965415124,-39.896761522551344,1,48,8,4
2001-11-08 02:30:00,14,-69.0,-68.8419606989306,15.883988525245165,-75.0,-94.9711218229589,-42.712799574902306,-99.97457820841113,-37.70934318945008,1,48,8,4
2001-11-08 03:30:00,14,-64.0,-66.75761925279855,15.883988525245165,-73.0,-92.88678037682685,-40.62845812877025,-97.89023676227907,-35.62500174331802,1,48,8,4
2001-11-08 04:30:00,14,-65.0,-68.83169527410533,15.883988525245165,-71.0,-94.96085639813363,-42.70253415007703,-99.96431278358585,-37.6990777646248,1,48,8,4
2001-11-08 05:30:00,14,-66.0,-64.31492009095125,15.883988525245165,-70.0,-90.44408121497955,-38.18575896692295,-95.44753760043177,-33.18230258147072,1,48,8,4
2001-11-08 06:30:00,14,-64.0,-62.74133048973371,15.883988525245165,-69.0,-88.87049161376201,-36.61216936570541,-93.87394799921424,-31.60871298025319,1,48,8,4
2001-11-08 07:30:00,14,-65.0,-59.99696355201135,15.883988525245165,-64.0,-86.12612467603965,-33.86780242798305,-91.12958106149188,-28.86434604253083,1,48,8,4
2001-11-08 08:30:00,14,-64.0,-60.1962705787424,15.883988525245165,-65.0,-86.3254317027707,-34.0671094547141,-91.32888808822293,-29.06365306926188,1,48,8,4
2001-11-08 09:30:00,14,-57.0,-61.47883820375499,15.883988525245165,-66.0,-87.60799932778329,-35.34967707972669,-92.61145571323551,-30.346220694274468,1,48,8,4
2001-11-08 10:30:00,14,-57.0,-60.57596920164815,15.883988525245165,-64.0,-86.70513032567645,-34.44680807761985,-91.70858671112867,-29.443351692167628,1,48,8,4
2001-11-08 11:30:00,14,-53.0,-61.81101814696865,15.883988525245165,-65.0,-87.94017927099695,-35.68185702294035,-92.94363565644917,-30.678400637488128,1,48,8,4
2001-11-08 12:30:00,14,-52.0,-60.30070460559014,15.883988525245165,-64.0,-86.42986572961844,-34.17154348156184,-91.43332211507067,-29.16808709610962,1,48,8,4
2001-11-08 13:30:00,14,-51.0,-55.04623937070268,15.883988525245165,-57.0,-81.17540049473098,-28.917078246674382,-86.1788568801832,-23.913621861222158,1,48,8,4
2001-11-08 14:30:00,14,-49.0,-53.28682256981766,15.883988525245165,-57.0,-79.41598369384596,-27.157661445789362,-84.41944007929818,-22.154205060337137,1,48,8,4
2001-11-08 15:30:00,14,-48.0,-51.571865013915826,15.883988525245165,-53.0,-77.70102613794413,-25.44270388988753,-82.70448252339635,-20.439247504435304,1,48,8,4
2001-11-08 16:30:00,14,-47.0,-50.2501234758692,15.883988525245165,-52.0,-76.3792845998975,-24.120962351840905,-81.38274098534973,-19.11750596638868,1,48,8,4
2001-11-08 17:30:00,14,-46.0,-49.39889388094034,15.883988525245165,-51.0,-75.52805500496864,-23.269732756912045,-80.53151139042086,-18.26627637145982,1,48,8,4
2001-11-08 18:30:00,14,-44.0,-47.75994789820146,15.883988525245165,-49.0,-73.88910902222976,-21.630786774173163,-78.89256540768199,-16.62733038872094,1,48,8,4
2001-11-08 19:30:00,14,-44.0,-47.56216002285695,15.883988525245165,-48.0,-73.69132114688524,-21.432998898828654,-78.69477753233747,-16.42954251337643,1,48,8,4
2001-11-08 20:30:00,14,-45.0,-45.93613034889295,15.883988525245165,-47.0,-72.06529147292125,-19.806969224864655,-77.06874785837347,-14.80351283941243,1,48,8,4
2001-11-08 21:30:00,14,-47.0,-46.52921691176789,15.883988525245165,-46.0,-72.65837803579619,-20.400055787739593,-77.66183442124841,-15.396599402287368,1,48,8,4
2001-11-08 22:30:00,14,-47.0,-45.099824596642364,15.883988525245165,-44.0,-71.22898572067066,-18.970663472614067,-76.23244210612289,-13.967207087161842,1,48,8,4
2001-11-08 23:30:00,14,-46.0,-44.6407520747846,15.883988525245165,-44.0,-70.7699131988129,-18.511590950756304,-75.77336958426513,-13.50813456530408,1,48,8,4
2001-11-09 00:30:00,14,-43.0,-45.473331562351355,15.883988525245165,-45.0,-71.60249268637965,-19.344170438323058,-76.60594907183187,-14.340714052870833,1,48,8,4
2001-11-09 01:30:00,14,-42.0,-47.54482479150174,15.883988525245165,-47.0,-73.67398591553004,-21.415663667473442,-78.67744230098226,-16.412207282021217,1,48,8,4
2001-11-09 02:30:00,14,-39.0,-45.8624174607492,15.883988525245165,-47.0,-71.9915785847775,-19.733256336720903,-76.99503497022972,-14.729799951268678,1,48,8,4
2001-11-09 03:30:00,14,-39.0,-44.62569733150386,15.883988525245165,-46.0,-70.75485845553216,-18.49653620747556,-75.75831484098438,-13.493079822023336,1,48,8,4
2001-11-09 04:30:00,14,-39.0,-43.41792091036032,15.883988525245165,-43.0,-69.54708203438862,-17.288759786332026,-74.55053841984085,-12.285303400879801,1,48,8,4
2001-11-09 05:30:00,14,-36.0,-40.28307747546318,15.883988525245165,-42.0,-66.41223859949147,-14.153916351434884,-71.4156949849437,-9.150459965982659,1,48,8,4
2001-11-09 06:30:00,14,-35.0,-41.0059329082473,15.883988525245165,-39.0,-67.1350940322756,-14.876771784219006,-72.13855041772783,-9.873315398766781,1,48,8,4
2001-11-09 07:30:00,14,-36.0,-39.52382815320246,15.883988525245165,-39.0,-65.65298927723076,-13.394667029174162,-70.65644566268298,-8.391210643721937,1,48,8,4
2001-11-09 08:30:00,14,-35.0,-38.78411442511474,15.883988525245165,-39.0,-64.91327554914304,-12.65495330108644,-69.91673193459526,-7.651496915634215,1,48,8,4
2001-11-09 09:30:00,14,-34.0,-37.33797886633622,15.883988525245165,-36.0,-63.467139990364515,-11.208817742307925,-68.47059637581674,-6.2053613568557004,1,48,8,4
2001-11-09 10:30:00,14,-35.0,-36.993623699597094,15.883988525245165,-35.0,-63.122784823625395,-10.864462575568798,-68.12624120907762,-5.861006190116573,1,48,8,4
2001-11-09 11:30:00,14,-33.0,-36.745452593259756,15.883988525245165,-36.0,-62.87461371728806,-10.61629146923146,-67.87807010274028,-5.612835083779235,1,48,8,4
2001-11-09 12:30:00,14,-33.0,-36.11936704509836,15.883988525245165,-35.0,-62.24852816912666,-9.99020592107006,-67.25198455457888,-4.986749535617836,1,48,8,4
2001-11-09 13:30:00,14,-33.0,-35.40263503096822,15.883988525245165,-34.0,-61.53179615499651,-9.273473906939923,-66.53525254044874,-4.2700175214876985,1,48,8,4
2001-11-09 14:30:00,14,-35.0,-36.252033925206675,15.883988525245165,-35.0,-62.381195049234975,-10.122872801178378,-67.3846514346872,-5.119416415726153,1,48,8,4
2001-11-09 15:30:00,14,-35.0,-34.838762782373294,15.883988525245165,-33.0,-60.967923906401595,-8.709601658344997,-65.97138029185382,-3.7061452728927726,1,48,8,4
2001-11-09 16:30:00,14,-35.0,-33.54905241630226,15.883988525245165,-33.0,-59.67821354033056,-7.419891292273963,-64.68166992578278,-2.4164349068217383,1,48,8,4
2001-11-09 17:30:00,14,-34.0,-33.21273560315172,15.883988525245165,-33.0,-59.341896727180014,-7.083574479123424,-64.34535311263224,-2.0801180936711994,1,48,8,4
2001-11-09 18:30:00,14,-35.0,-33.87193694924485,15.883988525245165,-35.0,-60.00109807327314,-7.742775825216551,-65.00455445872537,-2.7393194397643263,1,48,8,4
2001-11-09 19:30:00,14,-33.0,-33.294501226340394,15.883988525245165,-35.0,-59.42366235036869,-7.165340102312097,-64.42711873582091,-2.1618837168598724,1,48,8,4
2001-11-09 20:30:00,14,-38.0,-34.71172550866861,15.883988525245165,-35.0,-60.84088663269691,-8.58256438464031,-65.84434301814913,-3.5791079991880856,1,48,8,4
2001-11-09 21:30:00,14,-44.0,-35.052089381028765,15.883988525245165,-34.0,-61.181250505057065,-8.922928257000468,-66.18470689050929,-3.919471871548243,1,48,8,4
2001-11-09 22:30:00,14,-40.0,-35.0375907451842,15.883988525245165,-35.0,-61.16675186921249,-8.9084296211559,-66.17020825466471,-3.9049732357036753,1,48,8,4
2001-11-09 23:30:00,14,-37.0,-36.248604681620826,15.883988525245165,-33.0,-62.37776580564912,-10.119443557592529,-67.38122219110134,-5.115987172140304,1,48,8,4
2001-11-10 00:30:00,14,-37.0,-35.920553243619445,15.883988525245165,-38.0,-62.04971436764774,-9.791392119591148,-67.05317075309996,-4.787935734138923,1,48,8,4
2001-11-10 01:30:00,14,-39.0,-38.93879755386263,15.883988525245165,-44.0,-65.06795867789093,-12.809636429834331,-70.07141506334315,-7.806180044382106,1,48,8,4
2001-11-10 02:30:00,14,-36.0,-37.242040464688394,15.883988525245165,-40.0,-63.37120158871669,-11.112879340660097,-68.37465797416891,-6.109422955207872,1,48,8,4
2001-11-10 03:30:00,14,-33.0,-34.59115688194451,15.883988525245165,-37.0,-60.7203180059728,-8.46199575791621,-65.72377439142502,-3.458539372463985,1,48,8,4
2001-11-10 04:30:00,14,-31.0,-33.736182825387075,15.883988525245165,-37.0,-59.865343949415376,-7.607021701358779,-64.8688003348676,-2.603565315906554,1,48,8,4
2001-11-10 05:30:00,14,-30.0,-34.084796077194966,15.883988525245165,-39.0,-60.213957201223266,-7.955634953166669,-65.21741358667549,-2.9521785677144443,1,48,8,4
2001-11-10 06:30:00,14,-28.0,-33.75837774160907,15.883988525245165,-36.0,-59.88753886563737,-7.62921661758077,-64.89099525108959,-2.6257602321285454,1,48,8,4
2001-11-10 07:30:00,14,-30.0,-32.119017631627834,15.883988525245165,-33.0,-58.24817875565613,-5.989856507599537,-63.25163514110835,-0.9864001221473124,1,48,8,4
2001-11-10 08:30:00,14,-27.0,-30.882672007245173,15.883988525245165,-31.0,-57.01183313127347,-4.753510883216876,-62.015289516725694,0.24994550223534873,1,48,8,4
2001-11-10 09:30:00,14,-27.0,-29.600487105070304,15.883988525245165,-30.0,-55.7296482290986,-3.471325981042007,-60.733104614550825,1.5321304044102177,1,48,8,4
2001-11-10 10:30:00,14,-28.0,-28.510706717588498,15.883988525245165,-28.0,-54.63986784161679,-2.381545593560201,-59.643324227069016,2.6219107918920237,1,48,8,4
2001-11-10 11:30:00,14,-29.0,-28.21277518536696,15.883988525245165,-30.0,-54.34193630939526,-2.0836140613386647,-59.34539269484748,2.91984232411356,1,48,8,4
2001-11-10 12:30:00,14,-32.0,-27.180186621201187,15.883988525245165,-27.0,-53.30934774522949,-1.0510254971728905,-58.31280413068171,3.952430888279334,1,48,8,4
2001-11-10 13:30:00,14,-30.0,-26.766256023253398,15.883988525245165,-27.0,-52.89541714728169,-0.6370948992251009,-57.898873532733916,4.366361486227124,1,48,8,4
2001-11-10 14:30:00,14,-32.0,-26.492602737302057,15.883988525245165,-28.0,-52.62176386133035,-0.36344161327376057,-57.625220246782575,4.640014772178464,1,48,8,4
2001-11-10 15:30:00,14,-32.0,-27.00471289609157,15.883988525245165,-29.0,-53.13387402011986,-0.8755517720632717,-58.13733040557209,4.127904613388953,1,48,8,4
2001-11-10 16:30:00,14,-31.0,-27.06286563548943,15.883988525245165,-32.0,-53.19202675951773,-0.9337045114611335,-58.195483144969955,4.069751873991091,1,48,8,4
2001-11-10 17:30:00,14,-30.0,-26.763960273225287,15.883988525245165,-30.0,-52.89312139725358,-0.63479914919699,-57.896577782705805,4.368657236255235,1,48,8,4
2001-11-10 18:30:00,14,-32.0,-28.114215836678603,15.883988525245165,-32.0,-54.2433769607069,-1.9850547126503066,-59.24683334615912,3.018401672801918,1,48,8,4
2001-11-10 19:30:00,14,-30.0,-26.62548739374902,15.883988525245165,-32.0,-52.75464851777731,-0.496326269720722,-57.75810490322954,4.507130115731503,1,48,8,4
2001-11-10 20:30:00,14,-27.0,-26.44862365686068,15.883988525245165,-31.0,-52.577784780888976,-0.31946253283238235,-57.5812411663412,4.683993852619842,1,48,8,4
2001-11-10 21:30:00,14,-35.0,-26.927290179214072,15.883988525245165,-30.0,-53.05645130324237,-0.7981290551857754,-58.059907688694594,4.205327330266449,1,48,8,4
2001-11-10 22:30:00,14,-38.0,-27.89207223129921,15.883988525245165,-32.0,-54.02123335532751,-1.762911107270913,-59.024689740779735,3.2405452781813118,1,48,8,4
2001-11-10 23:30:00,14,-40.0,-26.733368274129123,15.883988525245165,-30.0,-52.86252939815742,-0.6042071501008266,-57.865985783609645,4.399249235351398,1,48,8,4
2001-11-11 00:30:00,14,-42.0,-30.455624347132158,15.883988525245165,-27.0,-56.58478547116046,-4.326463223103861,-61.58824185661268,0.6769931623483636,1,48,8,4
2001-11-11 01:30:00,14,-43.0,-37.56931486379954,15.883988525245165,-35.0,-63.698475987827834,-11.440153739771244,-68.70193237328006,-6.436697354319019,1,48,8,4
2001-11-11 02:30:00,14,-42.0,-39.60712437424291,15.883988525245165,-38.0,-65.7362854982712,-13.47796325021461,-70.73974188372343,-8.474506864762386,1,48,8,4
2001-11-11 03:30:00,14,-39.0,-40.07086353192872,15.883988525245165,-40.0,-66.20002465595702,-13.941702407900426,-71.20348104140925,-8.938246022448201,1,48,8,4
2001-11-11 04:30:00,14,-35.0,-37.675803971406275,15.883988525245165,-42.0,-63.80496509543457,-11.546642847377978,-68.80842148088679,-6.543186461925753,1,48,8,4
2001-11-11 05:30:00,14,-32.0,-37.663184683729376,15.883988525245165,-43.0,-63.79234580775767,-11.53402355970108,-68.7958021932099,-6.530567174248855,1,48,8,4
2001-11-11 06:30:00,14,-33.0,-36.525186501678604,15.883988525245165,-42.0,-62.654347625706905,-10.396025377650307,-67.65780401115913,-5.392568992198083,1,48,8,4
2001-11-11 07:30:00,14,-32.0,-34.58267908681544,15.883988525245165,-39.0,-60.71184021084373,-8.453517962787142,-65.71529659629596,-3.4500615773349175,1,48,8,4
2001-11-11 08:30:00,14,-29.0,-32.21779299566018,15.883988525245165,-35.0,-58.346954119688476,-6.088631871631886,-63.3504105051407,-1.0851754861796614,1,48,8,4
2001-11-11 09:30:00,14,-28.0,-30.21568823878623,15.883988525245165,-32.0,-56.34484936281453,-4.086527114757931,-61.34830574826675,0.9169292706942933,1,48,8,4
2001-11-11 10:30:00,14,-33.0,-29.457626413919236,15.883988525245165,-33.0,-55.58678753794753,-3.3284652898909393,-60.590243923399754,1.6749910955612854,1,48,8,4
2001-11-11 11:30:00,14,-35.0,-28.742326235190806,15.883988525245165,-32.0,-54.8714873592191,-2.613165111162509,-59.87494374467133,2.3902912742897158,1,48,8,4
2001-11-11 12:30:00,14,-29.0,-27.387018378080633,15.883988525245165,-29.0,-53.516179502108926,-1.257857254052336,-58.51963588756115,3.7455991313998886,1,48,8,4
2001-11-11 13:30:00,14,-29.0,-30.406078175597294,15.883988525245165,-28.0,-56.53523929962559,-4.276917051568997,-61.53869568507781,0.7265393338832276,1,48,8,4
2001-11-11 14:30:00,14,-31.0,-30.672889703826144,15.883988525245165,-33.0,-56.802050827854444,-4.543728579797847,-61.80550721330667,0.4597278056543779,1,48,8,4
2001-11-11 15:30:00,14,-34.0,-29.445603516431177,15.883988525245165,-35.0,-55.57476464045948,-3.3164423924028803,-60.5782210259117,1.6870139930493444,1,48,8,4
2001-11-11 16:30:00,14,-35.0,-27.870239419602555,15.883988525245165,-29.0,-53.999400543630856,-1.7410782955742583,-59.00285692908308,3.2623780898779664,1,48,8,4
2001-11-11 17:30:00,14,-34.0,-26.948681568251267,15.883988525245165,-29.0,-53.07784269227956,-0.8195204442229702,-58.081299077731785,4.1839359412292545,1,48,8,4
2001-11-11 18:30:00,14,-33.0,-28.737738257123887,15.883988525245165,-31.0,-54.86689938115218,-2.60857713309559,-59.870355766604405,2.3948792523566347,1,48,8,4
2001-11-11 19:30:00,14,-30.0,-30.754135540093337,15.883988525245165,-34.0,-56.88329666412163,-4.62497441606504,-61.886753049573855,0.3784819693871846,1,48,8,4
2001-11-11 20:30:00,14,-29.0,-32.22830202474566,15.883988525245165,-35.0,-58.35746314877396,-6.099140900717362,-63.360919534226184,-1.0956845152651375,1,48,8,4
2001-11-11 21:30:00,14,-27.0,-34.62930523571802,15.883988525245165,-34.0,-60.75846635974632,-8.500144111689725,-65.76192274519855,-3.4966877262375,1,48,8,4
2001-11-11 22:30:00,14,-25.0,-31.927849335180543,15.883988525245165,-33.0,-58.05701045920884,-5.798688211152246,-63.060466844661065,-0.7952318257000215,1,48,8,4
2001-11-11 23:30:00,14,-24.0,-29.885558973844926,15.883988525245165,-30.0,-56.01472009787322,-3.7563978498166293,-61.01817648332545,1.2470585356355954,1,48,8,4
2001-11-12 00:30:00,14,-23.0,-30.549293707170758,15.883988525245165,-29.0,-56.678454831199055,-4.420132583142461,-61.68191121665128,0.5833238023097636,1,48,8,4
2001-11-12 01:30:00,14,-25.0,-28.977035124411106,15.883988525245165,-27.0,-55.1061962484394,-2.8478740003828094,-60.10965263389163,2.1555823850694154,1,48,8,4
2001-11-12 02:30:00,14,-28.0,-27.826351910883087,15.883988525245165,-25.0,-53.955513034911384,-1.6971907868547902,-58.95896942036361,3.3062655985974345,1,48,8,4
2001-11-12 03:30:00,14,-27.0,-27.514276656614157,15.883988525245165,-24.0,-53.64343778064246,-1.3851155325858606,-58.64689416609468,3.618340852866364,1,48,8,4
2001-11-12 04:30:00,14,-26.0,-27.191738746118922,15.883988525245165,-23.0,-53.320899870147215,-1.0625776220906253,-58.32435625559944,3.9408787633615994,1,48,8,4
2001-11-12 05:30:00,14,-25.0,-27.30084762676975,15.883988525245165,-25.0,-53.43000875079805,-1.171686502741455,-58.43346513625028,3.83176988271077,1,48,8,4
2001-11-12 06:30:00,14,-25.0,-27.824913765250542,15.883988525245165,-28.0,-53.95407488927884,-1.6957526412222457,-58.95753127473107,3.307703744229979,1,48,8,4
2001-11-12 07:30:00,14,-23.0,-26.736381335978855,15.883988525245165,-27.0,-52.86554246000715,-0.6072202119505583,-57.86899884545937,4.396236173501666,1,48,8,4
2001-11-12 08:30:00,14,-18.0,-26.618541443842943,15.883988525245165,-26.0,-52.747702567871244,-0.48938031981464647,-57.75115895332347,4.514076065637578,1,48,8,4
2001-11-12 09:30:00,14,-13.0,-25.33688366606727,15.883988525245165,-25.0,-51.466044790095566,0.7922774579610277,-56.46950117554779,5.795733843413252,1,48,8,4
2001-11-12 10:30:00,14,-10.0,-24.69728688643768,15.883988525245165,-25.0,-50.82644801046598,1.4318742375906162,-55.829904395918206,6.435330623042841,1,48,8,4
2001-11-12 11:30:00,14,-13.0,-23.433800225478738,15.883988525245165,-23.0,-49.562961349507034,2.695360898549559,-54.56641773495926,7.698817284001784,1,48,8,4
2001-11-12 12:30:00,14,-14.0,-21.88091052939835,15.883988525245165,-18.0,-48.01007165342665,4.248250594629948,-53.013528038878874,9.251706980082172,1,48,8,4
2001-11-12 13:30:00,14,-14.0,-20.171818259684414,15.883988525245165,-13.0,-46.300979383712715,5.957342864343882,-51.30443576916494,10.960799249796107,1,48,8,4
2001-11-12 14:30:00,14,-16.0,-19.447863966237385,15.883988525245165,-10.0,-45.57702509026568,6.681297157790912,-50.5804814757179,11.684753543243136,1,48,8,4
2001-11-12 15:30:00,14,-22.0,-19.15530875068869,15.883988525245165,-13.0,-45.28446987471699,6.973852373339607,-50.287926260169215,11.977308758791832,1,48,8,4
2001-11-12 16:30:00,14,-25.0,-19.844400046010016,15.883988525245165,-14.0,-45.97356117003831,6.284761078018281,-50.977017555490534,11.288217463470506,1,48,8,4
2001-11-12 17:30:00,14,-24.0,-19.511259773712744,15.883988525245165,-14.0,-45.64042089774104,6.617901350315552,-50.64387728319326,11.621357735767777,1,48,8,4
2001-11-12 18:30:00,14,-24.0,-18.678647414245816,15.883988525245165,-16.0,-44.80780853827412,7.450513709782481,-49.81126492372634,12.453970095234705,1,48,8,4
2001-11-12 19:30:00,14,-22.0,-19.38084755375732,15.883988525245165,-22.0,-45.51000867778562,6.748313570270977,-50.513465063237845,11.751769955723201,1,48,8,4
2001-11-12 20:30:00,14,-21.0,-19.995340767623105,15.883988525245165,-25.0,-46.124501891651406,6.133820356405192,-51.12795827710363,11.137276741857416,1,48,8,4
2001-11-12 21:30:00,14,-20.0,-19.783720866284618,15.883988525245165,-24.0,-45.91288199031291,6.345440257743679,-50.916338375765136,11.348896643195904,1,48,8,4
2001-11-12 22:30:00,14,-19.0,-20.75392091191603,15.883988525245165,-24.0,-46.88308203594433,5.375240212112267,-51.88653842139655,10.378696597564492,1,48,8,4
2001-11-12 23:30:00,14,-18.0,-20.17656590126646,15.883988525245165,-22.0,-46.30572702529476,5.952595222761836,-51.30918341074698,10.95605160821406,1,48,8,4
2001-11-13 00:30:00,14,-15.0,-20.009874843485047,15.883988525245165,-21.0,-46.139035967513344,6.11928628054325,-51.14249235296557,11.122742665995474,1,48,8,4
2001-11-13 01:30:00,14,-12.0,-19.905332808965312,15.883988525245165,-20.0,-46.03449393299361,6.223828315062985,-51.03795031844584,11.22728470051521,1,48,8,4
2001-11-13 02:30:00,14,-13.0,-19.24988590347045,15.883988525245165,-19.0,-45.37904702749874,6.879275220557847,-50.38250341295097,11.882731606010072,1,48,8,4
2001-11-13 03:30:00,14,-16.0,-18.611978504710436,15.883988525245165,-18.0,-44.741139628738736,7.517182619317861,-49.74459601419096,12.520639004770086,1,48,8,4
2001-11-13 04:30:00,14,-19.0,-17.79255482119125,15.883988525245165,-15.0,-43.921715945219546,8.336606302837048,-48.92517233067177,13.340062688289272,1,48,8,4
2001-11-13 05:30:00,14,-17.0,-16.32073192692176,15.883988525245165,-12.0,-42.44989305095005,9.808429197106538,-47.45334943640228,14.811885582558762,1,48,8,4
2001-11-13 06:30:00,14,-16.0,-15.447285623462093,15.883988525245165,-13.0,-41.576446747490394,10.681875500566203,-46.57990313294262,15.685331886018428,1,48,8,4
2001-11-13 07:30:00,14,-17.0,-15.145704723323203,15.883988525245165,-16.0,-41.2748658473515,10.983456400705094,-46.278322232803724,15.986912786157319,1,48,8,4
2001-11-13 08:30:00,14,-13.0,-15.185141611558613,15.883988525245165,-19.0,-41.31430273558691,10.944019512469684,-46.31775912103913,15.947475897921908,1,48,8,4
2001-11-13 09:30:00,14,-12.0,-13.35727847053603,15.883988525245165,-17.0,-39.48643959456433,12.771882653492266,-44.489895980016556,17.77533903894449,1,48,8,4
2001-11-13 10:30:00,14,-12.0,-12.466132996826392,15.883988525245165,-16.0,-38.59529412085469,13.663028127201905,-43.598750506306914,18.66648451265413,1,48,8,4
2001-11-13 11:30:00,14,-13.0,-12.135932411601683,15.883988525245165,-17.0,-38.26509353562998,13.993228712426614,-43.268549921082204,18.99668509787884,1,48,8,4
2001-11-13 12:30:00,14,-13.0,-10.954272128146908,15.883988525245165,-13.0,-37.083433252175205,15.174888995881389,-42.08688963762743,20.178345381333614,1,48,8,4
2001-11-13 13:30:00,14,-12.0,-10.194684694912986,15.883988525245165,-12.0,-36.32384581894128,15.93447642911531,-41.327302204393504,20.937932814567535,1,48,8,4
2001-11-13 14:30:00,14,-10.0,-9.714682164616875,15.883988525245165,-12.0,-35.843843288645175,16.414478959411422,-40.8472996740974,21.417935344863647,1,48,8,4
2001-11-13 15:30:00,14,-11.0,-9.763262137085952,15.883988525245165,-13.0,-35.892423261114246,16.365898986942344,-40.89587964656647,21.36935537239457,1,48,8,4
2001-11-13 16:30:00,14,-12.0,-9.57695829486596,15.883988525245165,-13.0,-35.70611941889426,16.552202829162336,-40.709575804346485,21.55565921461456,1,48,8,4
2001-11-13 17:30:00,14,-13.0,-9.277058557621604,15.883988525245165,-12.0,-35.4062196816499,16.852102566406693,-40.409676067102126,21.855558951858917,1,48,8,4
2001-11-13 18:30:00,14,-12.0,-9.47169777452817,15.883988525245165,-10.0,-35.60085889855647,16.657463349500127,-40.60431528400869,21.66091973495235,1,48,8,4
2001-11-13 19:30:00,14,-17.0,-11.033744642799444,15.883988525245165,-11.0,-37.16290576682774,15.095416481228852,-42.166362152279966,20.098872866681077,1,48,8,4
2001-11-13 20:30:00,14,-25.0,-12.216290119566004,15.883988525245165,-12.0,-38.3454512435943,13.912871004462293,-43.34890762904652,18.916327389914517,1,48,8,4
2001-11-13 21:30:00,14,-24.0,-12.57457035151656,15.883988525245165,-13.0,-38.703731475544856,13.554590772511737,-43.70718786099708,18.558047157963962,1,48,8,4
2001-11-13 22:30:00,14,-16.0,-10.36142271255179,15.883988525245165,-12.0,-36.490583836580086,15.767738411476508,-41.49404022203231,20.771194796928732,1,48,8,4
2001-11-13 23:30:00,14,-12.0,-16.252039047532904,15.883988525245165,-17.0,-42.381200171561204,9.877122076495393,-47.38465655701343,14.880578461947618,1,48,8,4
2001-11-14 00:30:00,14,-11.0,-23.730464428548984,15.883988525245165,-25.0,-49.859625552577285,2.3986966954793125,-54.86308193802951,7.402153080931537,1,48,8,4
2001-11-14 01:30:00,14,-12.0,-19.353812763858386,15.883988525245165,-24.0,-45.482973887886686,6.775348360169911,-50.48643027333891,11.778804745622136,1,48,8,4
2001-11-14 02:30:00,14,-11.0,-14.162494449202125,15.883988525245165,-16.0,-40.29165557323042,11.966666674826172,-45.29511195868265,16.970123060278397,1,48,8,4
2001-11-14 03:30:00,14,-12.0,-11.520373208973165,15.883988525245165,-12.0,-37.64953433300146,14.608787915055132,-42.65299071845369,19.612244300507356,1,48,8,4
2001-11-14 04:30:00,14,-8.0,-10.638629098712837,15.883988525245165,-11.0,-36.767790222741134,15.49053202531546,-41.77124660819336,20.493988410767685,1,48,8,4
2001-11-14 05:30:00,14,-7.0,-10.347238487627394,15.883988525245165,-12.0,-36.476399611655694,15.781922636400903,-41.47985599710792,20.785379021853128,1,48,8,4
2001-11-14 06:30:00,14,-7.0,-9.686325454732433,15.883988525245165,-11.0,-35.815486578760726,16.442835669295864,-40.81894296421295,21.44629205474809,1,48,8,4
2001-11-14 07:30:00,14,-7.0,-9.894052383893357,15.883988525245165,-12.0,-36.02321350792165,16.23510874013494,-41.02666989337388,21.238565125587165,1,48,8,4
2001-11-14 08:30:00,14,-8.0,-8.921642876971784,15.883988525245165,-8.0,-35.05080400100008,17.207518247056512,-40.054260386452306,22.210974632508737,1,48,8,4
2001-11-14 09:30:00,14,-10.0,-8.850508084998694,15.883988525245165,-7.0,-34.979669209026994,17.278653039029603,-39.98312559447922,22.282109424481828,1,48,8,4
2001-11-14 10:30:00,14,-10.0,-8.873621726805638,15.883988525245165,-7.0,-35.00278285083394,17.25553939722266,-40.00623923628616,22.258995782674884,1,48,8,4
2001-11-14 11:30:00,14,-8.0,-6.9917899696785675,15.883988525245165,-7.0,-33.120951093706864,19.13737115434973,-38.12440747915909,24.140827539801954,1,48,8,4
2001-11-14 12:30:00,14,-9.0,-6.435151300116225,15.883988525245165,-8.0,-32.56431242414452,19.694009823912072,-37.56776880959674,24.697466209364297,1,48,8,4
2001-11-14 13:30:00,14,-9.0,-5.820026476168557,15.883988525245165,-10.0,-31.949187600196854,20.30913464785974,-36.952643985649075,25.312591033311964,1,48,8,4
2001-11-14 14:30:00,14,-7.0,-5.721016312849265,15.883988525245165,-10.0,-31.850177436877562,20.40814481117903,-36.85363382232978,25.411601196631256,1,48,8,4
2001-11-14 15:30:00,14,-6.0,-5.217925968667775,15.883988525245165,-8.0,-31.34708709269607,20.911235155360522,-36.350543478148296,25.914691540812747,1,48,8,4
2001-11-14 16:30:00,14,-4.0,-5.746330023974888,15.883988525245165,-9.0,-31.875491148003185,20.38283110005341,-36.87894753345541,25.386287485505633,1,48,8,4
2001-11-14 17:30:00,14,-4.0,-6.438513625905287,15.883988525245165,-9.0,-32.56767474993359,19.69064749812301,-37.57113113538581,24.694103883575234,1,48,8,4
2001-11-14 18:30:00,14,-7.0,-6.212796375378577,15.883988525245165,-7.0,-32.341957499406874,19.91636474864972,-37.3454138848591,24.919821134101944,1,48,8,4
2001-11-14 19:30:00,14,-9.0,-4.706709221165088,15.883988525245165,-6.0,-30.835870345193385,21.42245190286321,-35.83932673064561,26.425908288315433,1,48,8,4
2001-11-14 20:30:00,14,-10.0,-3.845298729154262,15.883988525245165,-4.0,-29.97445985318256,22.283862394874035,-34.97791623863478,27.28731878032626,1,48,8,4
2001-11-14 21:30:00,14,-8.0,-3.948208908629727,15.883988525245165,-4.0,-30.077370032658024,22.18095221539857,-35.08082641811025,27.184408600850794,1,48,8,4
2001-11-14 22:30:00,14,-3.0,-5.234847953277956,15.883988525245165,-7.0,-31.364009077306253,20.89431317075034,-36.367465462758474,25.897769556202565,1,48,8,4
2001-11-14 23:30:00,14,-1.0,-5.873828384779312,15.883988525245165,-9.0,-32.00298950880761,20.255332739248985,-37.00644589425983,25.25878912470121,1,48,8,4
2001-11-15 00:30:00,14,0.0,-6.396113570668621,15.883988525245165,-10.0,-32.52527469469692,19.733047553359675,-37.52873108014914,24.7365039388119,1,48,8,4
2001-11-15 01:30:00,14,-1.0,-5.193589022575843,15.883988525245165,-8.0,-31.32275014660414,20.935572101452454,-36.32620653205636,25.93902848690468,1,48,8,4
2001-11-15 02:30:00,14,0.0,-3.2344425562432697,15.883988525245165,-3.0,-29.363603680271567,22.894718567785027,-34.36706006572379,27.898174953237252,1,48,8,4
2001-11-15 03:30:00,14,0.0,-0.8350004670299853,15.883988525245165,-1.0,-26.964161591058282,25.29416065699831,-31.967617976510507,30.297617042450536,1,48,8,4
2001-11-15 04:30:00,14,0.0,0.7501529990696199,15.883988525245165,0.0,-25.379008124958677,26.879314123097917,-30.3824645104109,31.88277050855014,1,48,8,4
2001-11-15 05:30:00,14,-3.0,1.2859227080082292,15.883988525245165,-1.0,-24.843238416020068,27.415083832036526,-29.846694801472292,32.418540217488754,1,48,8,4
2001-11-15 06:30:00,14,-7.0,1.96557507199433,15.883988525245165,0.0,-24.163586052033967,28.094736196022627,-29.16704243748619,33.09819258147485,1,48,8,4
2001-11-15 07:30:00,14,-7.0,2.3077269409245815,15.883988525245165,0.0,-23.821434183103715,28.43688806495288,-28.82489056855594,33.44034445040511,1,48,8,4
2001-11-15 08:30:00,14,-6.0,2.330216016628242,15.883988525245165,0.0,-23.798945107400055,28.45937714065654,-28.80240149285228,33.46283352610877,1,48,8,4
2001-11-15 09:30:00,14,-6.0,0.24489780546249307,15.883988525245165,-3.0,-25.884263318565804,26.37405892949079,-30.88771970401803,31.377515314943015,1,48,8,4
2001-11-15 10:30:00,14,-3.0,-3.6297365477879566,15.883988525245165,-7.0,-29.758897671816253,22.49942457624034,-34.76235405726848,27.502880961692565,1,48,8,4
2001-11-15 11:30:00,14,2.0,-3.737551684367716,15.883988525245165,-7.0,-29.866712808396013,22.39160943966058,-34.87016919384824,27.395065825112805,1,48,8,4
2001-11-15 12:30:00,14,-1.0,-3.4697208337344136,15.883988525245165,-6.0,-29.59888195776271,22.659440290293883,-34.60233834321494,27.662896675746108,1,48,8,4
2001-11-15 13:30:00,14,-1.0,-3.249455622650583,15.883988525245165,-6.0,-29.37861674667888,22.879705501377714,-34.382073132131104,27.88316188682994,1,48,8,4
2001-11-15 14:30:00,14,-1.0,-1.4717714372411805,15.883988525245165,-3.0,-27.600932561269477,24.657389686787116,-32.6043889467217,29.66084607223934,1,48,8,4
2001-11-15 15:30:00,14,13.0,0.03499193891870789,15.883988525245165,2.0,-26.09416918510959,26.164153062947005,-31.097625570561814,31.16760944839923,1,48,8,4
2001-11-15 16:30:00,14,19.0,0.16690687431058393,15.883988525245165,-1.0,-25.962254249717713,26.29606799833888,-30.965710635169938,31.299524383791105,1,48,8,4
2001-11-15 17:30:00,14,-1.0,0.609649105761271,15.883988525245165,-1.0,-25.519512018267026,26.738810229789568,-30.52296840371925,31.742266615241792,1,48,8,4
2001-11-15 18:30:00,14,-10.0,0.7172975348472974,15.883988525245165,-1.0,-25.411863589181,26.846458658875594,-30.415319974633224,31.84991504432782,1,48,8,4
2001-11-15 19:30:00,14,-20.0,4.0775641341642554,15.883988525245165,13.0,-22.05159698986404,30.206725258192552,-27.055053375316266,35.21018164364477,1,48,8,4
2001-11-15 20:30:00,14,-24.0,5.88150122784706,15.883988525245165,19.0,-20.247659896181236,32.010662351875354,-25.25111628163346,37.01411873732758,1,48,8,4
2001-11-15 21:30:00,14,-20.0,-19.188671381370817,15.883988525245165,-1.0,-45.31783250539911,6.94048974265748,-50.321288890851335,11.943946128109705,1,48,8,4
2001-11-15 22:30:00,14,-22.0,-31.456529682515683,15.883988525245165,-10.0,-57.58569080654398,-5.327368558487386,-62.589147191996204,-0.3239121730351613,1,48,8,4
2001-11-15 23:30:00,14,-16.0,-12.877064620881669,15.883988525245165,-20.0,-39.00622574490997,13.252096503146628,-44.009682130362194,18.255552888598853,1,48,8,4
2001-11-16 00:30:00,14,-12.0,-6.007464398944499,15.883988525245165,-24.0,-32.13662552297279,20.121696725083797,-37.14008190842502,25.125153110536022,1,48,8,4
2001-11-16 01:30:00,14,-16.0,-3.4731301193808655,15.883988525245165,-20.0,-29.602291243409162,22.65603100464743,-34.60574762886139,27.659487390099656,1,48,8,4
2001-11-16 02:30:00,14,-23.0,-5.542897573772201,15.883988525245165,-22.0,-31.672058697800498,20.586263550256096,-36.67551508325272,25.58971993570832,1,48,8,4
2001-11-16 03:30:00,14,-27.0,-5.466707553151167,15.883988525245165,-16.0,-31.595868677179464,20.66245357087713,-36.59932506263169,25.665909956329354,1,48,8,4
2001-11-16 04:30:00,14,-27.0,-6.644580524107507,15.883988525245165,-12.0,-32.773741648135804,19.48458059992079,-37.77719803358803,24.488036985373014,1,48,8,4
2001-11-16 05:30:00,14,-29.0,-11.786262269503428,15.883988525245165,-16.0,-37.915423393531725,14.342898854524869,-42.91887977898395,19.346355239977093,1,48,8,4
2001-11-16 06:30:00,14,-31.0,-17.715258895928702,15.883988525245165,-23.0,-43.844420019957,8.413902228099595,-48.847876405409224,13.41735861355182,1,48,8,4
2005-05-07 11:30:00,28,5.0,3.707947792639956,15.883988525245165,-27.0,-22.42121333138834,29.837108916668253,-27.424669716840565,34.84056530212048,1,48,8,4
2005-05-07 12:30:00,28,3.0,2.8118081380969784,15.883988525245165,-27.0,-23.31735298593132,28.940969262125275,-28.320809371383543,33.9444256475775,1,48,8,4
2005-05-07 13:30:00,28,8.0,1.8460317110316282,15.883988525245165,-29.0,-24.28312941299667,27.975192835059925,-29.286585798448893,32.97864922051215,1,48,8,4
2005-05-07 14:30:00,28,7.0,-1.2718116684924254,15.883988525245165,-31.0,-27.400972792520722,24.85734945553587,-32.40442917797294,29.860805840988096,1,48,8,4
2005-05-07 15:30:00,28,5.0,-0.5305691035475704,15.883988525245165,5.0,-26.659730227575867,25.598592020480726,-31.663186613028092,30.60204840593295,1,48,8,4
2005-05-07 16:30:00,28,5.0,-0.5143209928909229,15.883988525245165,3.0,-26.64348211691922,25.614840131137374,-31.646938502371444,30.6182965165896,1,48,8,4
2005-05-07 17:30:00,28,8.0,-1.14784234097079,15.883988525245165,8.0,-27.277003464999087,24.981318783057507,-32.28045985045131,29.98477516850973,1,48,8,4
2005-05-07 18:30:00,28,15.0,0.4374707886439353,15.883988525245165,7.0,-25.69169033538436,26.566631912672232,-30.695146720836586,31.570088298124457,1,48,8,4
2005-05-07 19:30:00,28,25.0,2.0020534892142265,15.883988525245165,5.0,-24.12710763481407,28.131214613242523,-29.130564020266295,33.134670998694745,1,48,8,4
2005-05-07 20:30:00,28,13.0,0.9739214155146811,15.883988525245165,5.0,-25.155239708513616,27.103082539542978,-30.15869609396584,32.106538924995206,1,48,8,4
2005-05-07 21:30:00,28,6.0,-0.12499559922039793,15.883988525245165,8.0,-26.254156723248695,26.0041655248079,-31.25761310870092,31.007621910260124,1,48,8,4
2005-05-07 22:30:00,28,-2.0,1.5341196422671217,15.883988525245165,15.0,-24.595041481761175,27.66328076629542,-29.5984978672134,32.66673715174764,1,48,8,4
2005-05-07 23:30:00,28,-19.0,3.8675009520982186,15.883988525245165,25.0,-22.261660171930078,29.996662076126515,-27.265116557382303,35.00011846157874,1,48,8,4
2005-05-08 00:30:00,28,-31.0,1.8792675500988025,15.883988525245165,13.0,-24.249893573929494,28.0084286741271,-29.25334995938172,33.01188505957933,1,48,8,4
2005-05-08 01:30:00,28,-68.0,2.8282088682901403,15.883988525245165,6.0,-23.300952255738157,28.957369992318437,-28.30440864119038,33.96082637777066,1,48,8,4
2005-05-08 02:30:00,28,-82.0,-10.49520665026775,15.883988525245165,-2.0,-36.62436777429605,15.633954473760546,-41.62782415974827,20.63741085921277,1,48,8,4
2005-05-08 03:30:00,28,-82.0,-25.743801983310426,15.883988525245165,-19.0,-51.87296310733872,0.3853591407178705,-56.876419492790944,5.388815526170095,1,48,8,4
2005-05-08 04:30:00,28,-81.0,-47.79925799482192,15.883988525245165,-31.0,-73.92841911885021,-21.670096870793625,-78.93187550430244,-16.6666404853414,1,48,8,4
2005-05-08 05:30:00,28,-76.0,-80.95444115893733,15.883988525245165,-68.0,-107.08360228296563,-54.82528003490903,-112.08705866841785,-49.8218236494568,1,48,8,4
2005-05-08 06:30:00,28,-80.0,-97.58133002528572,15.883988525245165,-82.0,-123.71049114931402,-71.45216890125742,-128.71394753476625,-66.4487125158052,1,48,8,4
2005-05-08 07:30:00,28,-81.0,-92.07579391286717,15.883988525245165,-82.0,-118.20495503689547,-65.94663278883887,-123.2084114223477,-60.943176403386644,1,48,8,4
2005-05-08 08:30:00,28,-65.0,-91.70165533707629,15.883988525245165,-81.0,-117.83081646110459,-65.57249421304799,-122.83427284655681,-60.569037827595764,1,48,8,4
2005-05-08 09:30:00,28,-56.0,-87.47641399257267,15.883988525245165,-76.0,-113.60557511660097,-61.34725286854437,-118.6090315020532,-56.34379648309215,1,48,8,4
2005-05-08 10:30:00,28,-40.0,-83.97764633786502,15.883988525245165,-80.0,-110.10680746189333,-57.848485213836724,-115.11026384734555,-52.8450288283845,1,48,8,4
2005-05-08 11:30:00,28,-33.0,-77.69022859991702,15.883988525245165,-81.0,-103.81938972394532,-51.56106747588872,-108.82284610939755,-46.557611090436495,1,48,8,4
2005-05-08 12:30:00,28,-48.0,-64.64161277482899,15.883988525245165,-65.0,-90.77077389885729,-38.512451650800685,-95.77423028430951,-33.50899526534846,1,48,8,4
2005-05-08 13:30:00,28,-62.0,-59.145665865289274,15.883988525245165,-56.0,-85.27482698931757,-33.016504741260974,-90.2782833747698,-28.013048355808753,1,48,8,4
2005-05-08 14:30:00,28,-85.0,-50.21110687835743,15.883988525245165,-40.0,-76.34026800238573,-24.08194575432913,-81.34372438783795,-19.078489368876905,1,48,8,4
2005-05-08 15:30:00,28,-83.0,-48.0564665257138,15.883988525245165,-33.0,-74.1856276497421,-21.927305401685505,-79.18908403519433,-16.92384901623328,1,48,8,4
2005-05-08 16:30:00,28,-98.0,-51.18389206413811,15.883988525245165,-48.0,-77.3130531881664,-25.05473094010981,-82.31650957361863,-20.051274554657585,1,48,8,4
2005-05-08 17:30:00,28,-105.0,-69.62233021705211,15.883988525245165,-62.0,-95.75149134108041,-43.49316909302381,-100.75494772653263,-38.489712707571584,1,48,8,4
2005-05-08 18:30:00,28,-110.0,-80.39569399177822,15.883988525245165,-85.0,-106.52485511580652,-54.266532867749916,-111.52831150125874,-49.26307648229769,1,48,8,4
2005-05-08 19:30:00,28,-106.0,-67.52816476875424,15.883988525245165,-83.0,-93.65732589278254,-41.39900364472594,-98.66078227823476,-36.39554725927371,1,48,8,4
2005-05-08 20:30:00,28,-104.0,-76.78734550985297,15.883988525245165,-98.0,-102.91650663388127,-50.65818438582467,-107.9199630193335,-45.654728000372444,1,48,8,4
2005-05-08 21:30:00,28,-94.0,-76.0916915744615,15.883988525245165,-105.0,-102.22085269848981,-49.962530450433206,-107.22430908394203,-44.95907406498098,1,48,8,4
2005-05-08 22:30:00,28,-81.0,-87.00797532715865,15.883988525245165,-110.0,-113.13713645118695,-60.87881420313035,-118.14059283663917,-55.87535781767812,1,48,8,4
2005-05-08 23:30:00,28,-70.0,-90.16832207360562,15.883988525245165,-106.0,-116.29748319763392,-64.03916094957732,-121.30093958308615,-59.0357045641251,1,48,8,4
2005-05-09 00:30:00,28,-64.0,-87.45124350901209,15.883988525245165,-104.0,-113.58040463304039,-61.32208238498379,-118.58386101849261,-56.31862599953156,1,48,8,4
2005-05-09 01:30:00,28,-61.0,-82.0065720677556,15.883988525245165,-94.0,-108.1357331917839,-55.8774109437273,-113.13918957723612,-50.873954558275074,1,48,8,4
2005-05-09 02:30:00,28,-64.0,-75.88872637483985,15.883988525245165,-81.0,-102.01788749886815,-49.75956525081155,-107.02134388432037,-44.75610886535932,1,48,8,4
2005-05-09 03:30:00,28,-60.0,-68.98496990063066,15.883988525245165,-70.0,-95.11413102465896,-42.85580877660236,-100.11758741011118,-37.852352391150134,1,48,8,4
2005-05-09 04:30:00,28,-56.0,-64.43131714146887,15.883988525245165,-64.0,-90.56047826549717,-38.302156017440566,-95.56393465094939,-33.29869963198834,1,48,8,4
2005-05-09 05:30:00,28,-51.0,-61.72909197976753,15.883988525245165,-61.0,-87.85825310379583,-35.59993085573923,-92.86170948924806,-30.59647447028701,1,48,8,4
2005-05-09 06:30:00,28,-53.0,-58.79715797966141,15.883988525245165,-64.0,-84.9263191036897,-32.667996855633106,-89.92977548914193,-27.664540470180885,1,48,8,4
2005-05-09 07:30:00,28,-53.0,-55.47255739203152,15.883988525245165,-60.0,-81.60171851605982,-29.34339626800322,-86.60517490151204,-24.339939882550997,1,48,8,4
2005-05-09 08:30:00,28,-51.0,-51.716541290553195,15.883988525245165,-56.0,-77.8457024145815,-25.5873801665249,-82.84915880003372,-20.583923781072674,1,48,8,4
2005-05-09 09:30:00,28,-47.0,-49.26518038301047,15.883988525245165,-51.0,-75.39434150703876,-23.13601925898217,-80.39779789249098,-18.132562873529945,1,48,8,4
2005-05-09 10:30:00,28,-43.0,-48.706583487394994,15.883988525245165,-53.0,-74.8357446114233,-22.577422363366697,-79.83920099687552,-17.573965977914472,1,48,8,4
2005-05-09 11:30:00,28,-41.0,-47.89815310649061,15.883988525245165,-53.0,-74.02731423051891,-21.768991982462314,-79.03077061597114,-16.76553559701009,1,48,8,4
2005-05-09 12:30:00,28,-39.0,-47.838948466287235,15.883988525245165,-51.0,-73.96810959031554,-21.709787342258938,-78.97156597576776,-16.706330956806713,1,48,8,4
2005-05-09 13:30:00,28,-37.0,-46.723921872474804,15.883988525245165,-47.0,-72.8530829965031,-20.594760748446507,-77.85653938195533,-15.591304362994283,1,48,8,4
2005-05-09 14:30:00,28,-39.0,-44.954002499484695,15.883988525245165,-43.0,-71.08316362351299,-18.824841375456398,-76.08662000896521,-13.821384990004173,1,48,8,4
2005-05-09 15:30:00,28,-41.0,-44.1572410561433,15.883988525245165,-41.0,-70.28640218017159,-18.028079932115002,-75.28985856562382,-13.024623546662777,1,48,8,4
2005-05-09 16:30:00,28,-43.0,-41.77256549408604,15.883988525245165,-39.0,-67.90172661811434,-15.643404370057741,-72.90518300356656,-10.639947984605516,1,48,8,4
2005-05-09 17:30:00,28,-44.0,-38.9255214151805,15.883988525245165,-37.0,-65.0546825392088,-12.796360291152201,-70.05813892466102,-7.792903905699976,1,48,8,4
2005-05-09 18:30:00,28,-44.0,-38.178272977974686,15.883988525245165,-39.0,-64.30743410200299,-12.049111853946389,-69.31089048745521,-7.045655468494164,1,48,8,4
2005-05-09 19:30:00,28,-42.0,-39.33311771536471,15.883988525245165,-41.0,-65.46227883939301,-13.20395659133641,-70.46573522484523,-8.200500205884186,1,48,8,4
2005-05-09 20:30:00,28,-43.0,-42.5462103606294,15.883988525245165,-43.0,-68.6753714846577,-16.417049236601105,-73.67882787010993,-11.41359285114888,1,48,8,4
2005-05-09 21:30:00,28,-44.0,-43.22188228970356,15.883988525245165,-44.0,-69.35104341373186,-17.09272116567526,-74.35449979918408,-12.089264780223036,1,48,8,4
2005-05-09 22:30:00,28,-52.0,-46.21271451694359,15.883988525245165,-44.0,-72.34187564097189,-20.083553392915295,-77.34533202642412,-15.08009700746307,1,48,8,4
2005-05-09 23:30:00,28,-49.0,-41.75161141872078,15.883988525245165,-42.0,-67.88077254274907,-15.62245029469248,-72.8842289282013,-10.618993909240256,1,48,8,4
2005-05-10 00:30:00,28,-49.0,-41.36884866512038,15.883988525245165,-43.0,-67.49800978914868,-15.239687541092085,-72.5014661746009,-10.23623115563986,1,48,8,4
2005-05-10 01:30:00,28,-52.0,-43.105944271791905,15.883988525245165,-44.0,-69.2351053958202,-16.97678314776361,-74.23856178127242,-11.973326762311384,1,48,8,4
2005-05-10 02:30:00,28,-52.0,-50.06795914507806,15.883988525245165,-52.0,-76.19712026910636,-23.938798021049767,-81.20057665455859,-18.935341635597542,1,48,8,4
2005-05-10 03:30:00,28,-55.0,-49.1439276832388,15.883988525245165,-49.0,-75.2730888072671,-23.014766559210504,-80.27654519271933,-18.01131017375828,1,48,8,4
2005-05-10 04:30:00,28,-55.0,-48.94768948318813,15.883988525245165,-49.0,-75.07685060721643,-22.81852835915983,-80.08030699266865,-17.815071973707607,1,48,8,4
2005-05-10 05:30:00,28,-54.0,-49.276387352976386,15.883988525245165,-52.0,-75.40554847700469,-23.14722622894809,-80.40900486245691,-18.143769843495864,1,48,8,4
2005-05-10 06:30:00,28,-52.0,-49.243966267434914,15.883988525245165,-52.0,-75.37312739146321,-23.114805143406617,-80.37658377691544,-18.111348757954392,1,48,8,4
2005-05-10 07:30:00,28,-51.0,-50.56992480067508,15.883988525245165,-55.0,-76.69908592470338,-24.440763676646785,-81.70254231015561,-19.43730729119456,1,48,8,4
2005-05-10 08:30:00,28,-44.0,-51.23534128389366,15.883988525245165,-55.0,-77.36450240792196,-25.106180159865364,-82.36795879337419,-20.10272377441314,1,48,8,4
2005-05-10 09:30:00,28,-39.0,-49.49717147048437,15.883988525245165,-54.0,-75.62633259451266,-23.36801034645607,-80.62978897996489,-18.364553961003846,1,48,8,4
2005-05-10 10:30:00,28,-39.0,-46.86297001020409,15.883988525245165,-52.0,-72.99213113423238,-20.73380888617579,-77.9955875196846,-15.730352500723566,1,48,8,4
2005-05-10 11:30:00,28,-38.0,-45.88819137847723,15.883988525245165,-51.0,-72.01735250250553,-19.759030254448934,-77.02080888795776,-14.75557386899671,1,48,8,4
2005-05-10 12:30:00,28,-39.0,-42.56644066719265,15.883988525245165,-44.0,-68.69560179122095,-16.437279543164355,-73.69905817667318,-11.43382315771213,1,48,8,4
2005-05-10 13:30:00,28,-33.0,-38.97055650541492,15.883988525245165,-39.0,-65.09971762944322,-12.841395381386622,-70.10317401489544,-7.8379389959343975,1,48,8,4
2005-05-10 14:30:00,28,-31.0,-38.31554544609644,15.883988525245165,-39.0,-64.44470657012474,-12.186384322068147,-69.44816295557696,-7.182927936615922,1,48,8,4
2005-05-10 15:30:00,28,-32.0,-37.50831606354479,15.883988525245165,-38.0,-63.63747718757308,-11.379154939516493,-68.64093357302531,-6.375698554064268,1,48,8,4
2005-05-10 16:30:00,28,-32.0,-36.82150144080951,15.883988525245165,-39.0,-62.95066256483781,-10.692340316781216,-67.95411895029004,-5.688883931328991,1,48,8,4
2005-05-10 17:30:00,28,-32.0,-35.11937772043302,15.883988525245165,-33.0,-61.24853884446132,-8.990216596404725,-66.25199522991355,-3.9867602109525,1,48,8,4
2005-05-10 18:30:00,28,-31.0,-33.45764417339694,15.883988525245165,-31.0,-59.586805297425244,-7.328483049368646,-64.59026168287747,-2.3250266639164217,1,48,8,4
2005-05-10 19:30:00,28,-29.0,-33.44001955192058,15.883988525245165,-32.0,-59.56918067594887,-7.310858427892281,-64.5726370614011,-2.3074020424400565,1,48,8,4
2005-05-10 20:30:00,28,-34.0,-31.936608522580055,15.883988525245165,-32.0,-58.06576964660835,-5.8074473985517585,-63.06922603206058,-0.8039910130995338,1,48,8,4
2005-05-10 21:30:00,28,-38.0,-31.065553062859713,15.883988525245165,-32.0,-57.19471418688801,-4.936391938831417,-62.19817057234023,0.06706444662080813,1,48,8,4
2005-05-10 22:30:00,28,-34.0,-30.179755729908482,15.883988525245165,-31.0,-56.30891685393678,-4.050594605880185,-61.312373239389004,0.9528617795720393,1,48,8,4
2005-05-10 23:30:00,28,-31.0,-28.937317064029575,15.883988525245165,-29.0,-55.06647818805787,-2.808155940001278,-60.069934573510096,2.195300445450947,1,48,8,4
2005-05-11 00:30:00,28,-27.0,-29.331600244643962,15.883988525245165,-34.0,-55.46076136867226,-3.202439120615665,-60.46421775412448,1.8010172648365597,1,48,8,4
2005-05-11 01:30:00,28,-24.0,-32.47011960912779,15.883988525245165,-38.0,-58.59928073315609,-6.340958485099495,-63.60273711860832,-1.3375020996472706,1,48,8,4
2005-05-11 02:30:00,28,-17.0,-31.32688643022501,15.883988525245165,-34.0,-57.4560475542533,-5.197725306196713,-62.45950393970553,-0.19426892074448787,1,48,8,4
2005-05-11 03:30:00,28,-16.0,-31.09057415537398,15.883988525245165,-31.0,-57.21973527940227,-4.961413031345682,-62.2231916648545,0.04204335410654281,1,48,8,4
2005-05-11 04:30:00,28,-17.0,-29.68361661861702,15.883988525245165,-27.0,-55.812777742645316,-3.554455494588723,-60.81623412809754,1.449000890863502,1,48,8,4
2005-05-11 05:30:00,28,-18.0,-27.45176193346306,15.883988525245165,-24.0,-53.58092305749136,-1.322600809434764,-58.584379442943586,3.6808555760174606,1,48,8,4
2005-05-11 06:30:00,28,-17.0,-25.313052125440493,15.883988525245165,-17.0,-51.44221324946879,0.8161089985878043,-56.44566963492102,5.819565384040029,1,48,8,4
2005-05-11 07:30:00,28,-22.0,-24.018154602872162,15.883988525245165,-16.0,-50.14731572690046,2.111006521156135,-55.15077211235268,7.11446290660836,1,48,8,4
2005-05-11 08:30:00,28,-28.0,-22.820304908582475,15.883988525245165,-17.0,-48.94946603261077,3.3088562154458216,-53.952922418063,8.312312600898046,1,48,8,4
2005-05-11 09:30:00,28,-31.0,-23.326642526902425,15.883988525245165,-18.0,-49.45580365093072,2.8025185971258715,-54.45926003638294,7.805974982578096,1,48,8,4
2005-05-11 10:30:00,28,-34.0,-25.67411061995383,15.883988525245165,-17.0,-51.80327174398212,0.45505050407446745,-56.80672812943435,5.458506889526692,1,48,8,4
2005-05-11 11:30:00,28,-32.0,-27.076354854524464,15.883988525245165,-22.0,-53.20551597855276,-0.9471937304961671,-58.208972364004985,4.056262654956058,1,48,8,4
2005-05-11 12:30:00,28,-26.0,-30.81479358788291,15.883988525245165,-28.0,-56.9439547119112,-4.685632463854613,-61.94741109736343,0.3178239215976113,1,48,8,4
2005-05-11 13:30:00,28,-23.0,-31.236660695228576,15.883988525245165,-31.0,-57.36582181925687,-5.107499571200279,-62.3692782047091,-0.10404318574805416,1,48,8,4
2005-05-11 14:30:00,28,-21.0,-32.342711352549735,15.883988525245165,-34.0,-58.47187247657803,-6.213550228521438,-63.47532886203025,-1.2100938430692132,1,48,8,4
2005-05-11 15:30:00,28,-26.0,-30.279632596095713,15.883988525245165,-32.0,-56.40879372012401,-4.150471472067416,-61.412250105576234,0.8529849133848089,1,48,8,4
2005-05-11 16:30:00,28,-28.0,-28.11660844141258,15.883988525245165,-26.0,-54.24576956544088,-1.9874473173842837,-59.249225950893106,3.016009068067941,1,48,8,4
2005-05-11 17:30:00,28,-25.0,-26.288717124475564,15.883988525245165,-23.0,-52.41787824850386,-0.15955600044726737,-57.421334633956086,4.843900385004957,1,48,8,4
2005-05-11 18:30:00,28,-26.0,-25.457776535931693,15.883988525245165,-21.0,-51.586937659959986,0.6713845880966041,-56.59039404541221,5.674840973548829,1,48,8,4
2005-05-11 19:30:00,28,-23.0,-25.5326405275797,15.883988525245165,-26.0,-51.661801651608,0.5965205964485953,-56.66525803706023,5.59997698190082,1,48,8,4
2005-05-11 20:30:00,28,-19.0,-26.29869374617789,15.883988525245165,-28.0,-52.42785487020619,-0.16953262214959253,-57.431311255658414,4.833923763302632,1,48,8,4
2005-05-11 21:30:00,28,-23.0,-27.910319657884198,15.883988525245165,-25.0,-54.039480781912495,-1.7811585338559013,-59.04293716736472,3.2222978515963234,1,48,8,4
2005-05-11 22:30:00,28,-22.0,-28.712288949410052,15.883988525245165,-26.0,-54.84145007343835,-2.583127825381755,-59.84490645889058,2.4203285600704696,1,48,8,4
2005-05-11 23:30:00,28,-23.0,-26.08309047493637,15.883988525245165,-23.0,-52.21225159896467,0.04607064909192715,-57.215707984416895,5.049527034544152,1,48,8,4
2005-05-12 00:30:00,28,-22.0,-25.373411391137424,15.883988525245165,-19.0,-51.502572515165724,0.7557497328908731,-56.50602890061795,5.759206118343098,1,48,8,4
2005-05-12 01:30:00,28,-23.0,-27.385668869178915,15.883988525245165,-23.0,-53.514829993207215,-1.2565077451506177,-58.51828637865944,3.746948640301607,1,48,8,4
2005-05-12 02:30:00,28,-20.0,-27.306208094490724,15.883988525245165,-22.0,-53.43536921851902,-1.1770469704624276,-58.438825603971246,3.826409414989797,1,48,8,4
2005-05-12 03:30:00,28,-24.0,-26.988187722276326,15.883988525245165,-23.0,-53.11734884630462,-0.859026598248029,-58.12080523175685,4.144429787204196,1,48,8,4
2005-05-12 04:30:00,28,-32.0,-24.68467112075008,15.883988525245165,-22.0,-50.81383224477838,1.444490003278215,-55.81728863023061,6.44794638873044,1,48,8,4
2005-05-12 05:30:00,28,-27.0,-21.981085297180897,15.883988525245165,-23.0,-48.1102464212092,4.1480758268474,-53.11370280666142,9.151532212299625,1,48,8,4
2005-05-12 06:30:00,28,-22.0,-20.718355863922355,15.883988525245165,-20.0,-46.847516987950655,5.410805260105942,-51.85097337340288,10.414261645558167,1,48,8,4
2005-05-12 07:30:00,28,-23.0,-26.79947483937227,15.883988525245165,-24.0,-52.928635963400566,-0.6703137153439727,-57.93209234885279,4.333142670108252,1,48,8,4
2005-05-12 08:30:00,28,-31.0,-30.42911315964311,15.883988525245165,-32.0,-56.55827428367141,-4.299952035614812,-61.561730669123634,0.703504349837413,1,48,8,4
2005-05-12 09:30:00,28,-30.0,-22.82998803117612,15.883988525245165,-27.0,-48.959149155204415,3.2991730928521754,-53.96260554065664,8.3026294783044,1,48,8,4
2005-05-12 10:30:00,28,-27.0,-22.69198475027374,15.883988525245165,-22.0,-48.82114587430203,3.437176373754557,-53.82460225975426,8.440632759206782,1,48,8,4
2005-05-12 11:30:00,28,-23.0,-22.72169155605812,15.883988525245165,-23.0,-48.85085268008642,3.4074695679701783,-53.854309065538644,8.410925953422403,1,48,8,4
2005-05-12 12:30:00,28,-20.0,-29.347025383799863,15.883988525245165,-31.0,-55.47618650782816,-3.2178642597715665,-60.479642893280385,1.7855921256806582,1,48,8,4
2005-05-12 13:30:00,28,-17.0,-28.715771609833673,15.883988525245165,-30.0,-54.84493273386197,-2.5866104858053767,-59.84838911931419,2.416845899646848,1,48,8,4
2005-05-12 14:30:00,28,-15.0,-26.079436998031493,15.883988525245165,-27.0,-52.20859812205979,0.049724125996803537,-57.212054507512015,5.053180511449028,1,48,8,4
2005-05-12 15:30:00,28,-20.0,-23.493101133389764,15.883988525245165,-23.0,-49.62226225741806,2.6360599906385325,-54.62571864287028,7.639516376090757,1,48,8,4
2005-05-12 16:30:00,28,-23.0,-22.38470761943355,15.883988525245165,-20.0,-48.51386874346184,3.7444535045947482,-53.51732512891407,8.747909890046973,1,48,8,4
2005-05-12 17:30:00,28,-23.0,-21.47926286914891,15.883988525245165,-17.0,-47.60842399317721,4.6498982548793855,-52.61188037862944,9.65335464033161,1,48,8,4
2005-05-12 18:30:00,28,-20.0,-21.274543718853764,15.883988525245165,-15.0,-47.403704842882064,4.854617405174533,-52.40716122833429,9.858073790626758,1,48,8,4
2005-05-12 19:30:00,28,-23.0,-22.182071138813605,15.883988525245165,-20.0,-48.3112322628419,3.947089985214692,-53.31468864829412,8.950546370666917,1,48,8,4
2005-05-12 20:30:00,28,-21.0,-24.927452409455576,15.883988525245165,-23.0,-51.05661353348387,1.201708714572721,-56.060069918936094,6.205165100024946,1,48,8,4
2005-05-12 21:30:00,28,-24.0,-25.342218892864892,15.883988525245165,-23.0,-51.47138001689319,0.7869422311634047,-56.47483640234542,5.790398616615629,1,48,8,4
2005-05-12 22:30:00,28,-20.0,-25.039090665425032,15.883988525245165,-20.0,-51.16825178945333,1.0900704586032646,-56.171708174905554,6.093526844055489,1,48,8,4
2005-05-12 23:30:00,28,-12.0,-23.958506192016458,15.883988525245165,-23.0,-50.08766731604476,2.170654932011839,-55.09112370149698,7.174111317464064,1,48,8,4
2005-05-13 00:30:00,28,-21.0,-25.521153559464096,15.883988525245165,-21.0,-51.6503146834924,0.6080075645642005,-56.65377106894462,5.611463950016425,1,48,8,4
2005-05-13 01:30:00,28,-23.0,-26.59593790348689,15.883988525245165,-24.0,-52.725099027515185,-0.46677677945859486,-57.72855541296741,4.53667960599363,1,48,8,4
2005-05-13 02:30:00,28,-32.0,-22.303023295497983,15.883988525245165,-20.0,-48.43218441952628,3.826137828530314,-53.435640804978505,8.829594213982539,1,48,8,4
2005-05-13 03:30:00,28,-32.0,-21.188809107218383,15.883988525245165,-12.0,-47.317970231246676,4.940352016809914,-52.3214266166989,9.943808402262139,1,48,8,4
2005-05-13 04:30:00,28,-38.0,-25.99865665135067,15.883988525245165,-21.0,-52.12781777537897,0.13050447267762522,-57.1312741608312,5.13396085812985,1,48,8,4
2005-05-13 05:30:00,28,-37.0,-31.08026000969667,15.883988525245165,-23.0,-57.209421133724966,-4.951098885668372,-62.21287751917719,0.05235749978385229,1,48,8,4
2005-05-13 06:30:00,28,-42.0,-36.31075972161423,15.883988525245165,-32.0,-62.43992084564253,-10.181598597585936,-67.44337723109476,-5.178142212133711,1,48,8,4
2005-05-13 07:30:00,28,-41.0,-33.048074091706845,15.883988525245165,-32.0,-59.17723521573514,-6.918912967678548,-64.18069160118736,-1.915456582226323,1,48,8,4
2005-05-13 08:30:00,28,-38.0,-37.06693889644858,15.883988525245165,-38.0,-63.19610002047688,-10.937777772420286,-68.1995564059291,-5.934321386968062,1,48,8,4
2005-05-13 09:30:00,28,-38.0,-35.689908583306625,15.883988525245165,-37.0,-61.81906970733492,-9.560747459278328,-66.82252609278714,-4.557291073826104,1,48,8,4
2005-05-13 10:30:00,28,-38.0,-38.55271180335374,15.883988525245165,-42.0,-64.68187292738203,-12.42355067932544,-69.68532931283426,-7.420094293873216,1,48,8,4
2005-05-13 11:30:00,28,-33.0,-37.84066623624149,15.883988525245165,-41.0,-63.96982736026979,-11.711505112213192,-68.97328374572201,-6.708048726760968,1,48,8,4
2005-05-13 12:30:00,28,-30.0,-35.381478808091856,15.883988525245165,-38.0,-61.51063993212016,-9.25231768406356,-66.51409631757238,-4.2488612986113345,1,48,8,4
2005-05-13 13:30:00,28,-21.0,-33.13170314073654,15.883988525245165,-38.0,-59.260864264764834,-7.002542016708244,-64.26432065021706,-1.999085631256019,1,48,8,4
2005-05-13 14:30:00,28,-23.0,-29.80016687566938,15.883988525245165,-38.0,-55.929327999697676,-3.671005751641083,-60.9327843851499,1.332450633811142,1,48,8,4
2005-05-13 15:30:00,28,-24.0,-29.123214116484935,15.883988525245165,-33.0,-55.25237524051323,-2.9940529924566377,-60.255831625965456,2.009403392995587,1,48,8,4
2005-05-13 16:30:00,28,-27.0,-28.322277354823427,15.883988525245165,-30.0,-54.45143847885173,-2.1931162307951304,-59.45489486430395,2.8103401546570943,1,48,8,4
2005-05-13 17:30:00,28,-26.0,-27.038749987725446,15.883988525245165,-21.0,-53.16791111175374,-0.9095888636971488,-58.171367497205964,4.093867521755076,1,48,8,4
2005-05-13 18:30:00,28,-25.0,-28.210119605431604,15.883988525245165,-23.0,-54.3392807294599,-2.0809584814033073,-59.342737114912126,2.9224979040489174,1,48,8,4
2005-05-13 19:30:00,28,-26.0,-26.618616579614766,15.883988525245165,-24.0,-52.74777770364307,-0.4894554555864694,-57.75123408909529,4.514000929865755,1,48,8,4
2005-05-13 20:30:00,28,-24.0,-27.09263701107772,15.883988525245165,-27.0,-53.22179813510601,-0.9634758870494231,-58.22525452055824,4.039980498402802,1,48,8,4
2005-05-13 21:30:00,28,-27.0,-26.259396563518212,15.883988525245165,-26.0,-52.38855768754651,-0.13023543948991545,-57.392014072998734,4.873220945962309,1,48,8,4
2005-05-13 22:30:00,28,-23.0,-25.311483666203692,15.883988525245165,-25.0,-51.440644790231985,0.8176774578246047,-56.44410117568421,5.821133843276829,1,48,8,4
2005-05-13 23:30:00,28,-22.0,-25.539831255742413,15.883988525245165,-26.0,-51.668992379770714,0.5893298682858834,-56.67244876522294,5.592786253738108,1,48,8,4
2005-05-14 00:30:00,28,-20.0,-24.78893022212905,15.883988525245165,-24.0,-50.91809134615735,1.3402309018992469,-55.92154773160957,6.343687287351472,1,48,8,4
2005-05-14 01:30:00,28,-18.0,-24.15790009448368,15.883988525245165,-27.0,-50.28706121851198,1.9712610295446176,-55.290517603964204,6.974717414996842,1,48,8,4
2005-05-14 02:30:00,28,-16.0,-23.284925737590772,15.883988525245165,-23.0,-49.41408686161907,2.844235386437525,-54.41754324707129,7.84769177188975,1,48,8,4
2005-05-14 03:30:00,28,-17.0,-22.831136199689283,15.883988525245165,-22.0,-48.96029732371758,3.298024924339014,-53.96375370916981,8.301481309791239,1,48,8,4
2005-05-14 04:30:00,28,-17.0,-22.029545522013635,15.883988525245165,-20.0,-48.158706646041935,4.099615602014662,-53.16216303149416,9.103071987466887,1,48,8,4
2005-05-14 05:30:00,28,-17.0,-21.411434051136016,15.883988525245165,-18.0,-47.54059517516431,4.717727072892281,-52.54405156061654,9.721183458344505,1,48,8,4
2005-05-14 06:30:00,28,-18.0,-20.64878953118606,15.883988525245165,-16.0,-46.777950655214354,5.480371592842236,-51.78140704066658,10.48382797829446,1,48,8,4
2005-05-14 07:30:00,28,-18.0,-20.101535789122938,15.883988525245165,-17.0,-46.230696913151235,6.027625334905359,-51.23415329860346,11.031081720357584,1,48,8,4
2005-05-14 08:30:00,28,-16.0,-19.705131196951,15.883988525245165,-17.0,-45.8342923209793,6.424029927077296,-50.837748706431526,11.42748631252952,1,48,8,4
2005-05-14 09:30:00,28,-16.0,-19.85805597253878,15.883988525245165,-17.0,-45.98721709656708,6.271105151489518,-50.990673482019304,11.274561536941743,1,48,8,4
2005-05-14 10:30:00,28,-20.0,-20.054200252874672,15.883988525245165,-18.0,-46.183361376902965,6.074960871153625,-51.18681776235519,11.07841725660585,1,48,8,4
2005-05-14 11:30:00,28,-19.0,-20.36863641397384,15.883988525245165,-18.0,-46.49779753800213,5.760524710054458,-51.50125392345436,10.763981095506683,1,48,8,4
2005-05-14 12:30:00,28,-19.0,-20.379192989914923,15.883988525245165,-16.0,-46.50835411394322,5.749968134113374,-51.511810499395445,10.753424519565598,1,48,8,4
2005-05-14 13:30:00,28,-19.0,-20.16408866715816,15.883988525245165,-16.0,-46.293249791186454,5.965072456870136,-51.29670617663868,10.96852884232236,1,48,8,4
2005-05-14 14:30:00,28,-20.0,-19.761400846067552,15.883988525245165,-20.0,-45.890561970095845,6.367760277960745,-50.89401835554807,11.37121666341297,1,48,8,4
2005-05-14 15:30:00,28,-21.0,-20.87983437753357,15.883988525245165,-19.0,-47.00899550156187,5.249326746494727,-52.012451887014095,10.252783131946952,1,48,8,4
2005-05-14 16:30:00,28,-21.0,-19.330663902158403,15.883988525245165,-19.0,-45.4598250261867,6.798497221869894,-50.463281411638924,11.801953607322119,1,48,8,4
2005-05-14 17:30:00,28,-20.0,-18.92634657401639,15.883988525245165,-19.0,-45.055507698044686,7.202814550011908,-50.05896408349691,12.206270935464133,1,48,8,4
2005-05-14 18:30:00,28,-23.0,-16.551102899315733,15.883988525245165,-20.0,-42.68026402334403,9.578058224712564,-47.683720408796255,14.581514610164788,1,48,8,4
2005-05-14 19:30:00,28,-28.0,-16.3378722748688,15.883988525245165,-21.0,-42.4670333988971,9.791288849159496,-47.470489784349326,14.794745234611721,1,48,8,4
2005-05-14 20:30:00,28,-26.0,-17.51677601469483,15.883988525245165,-21.0,-43.64593713872313,8.612385109333466,-48.64939352417535,13.615841494785691,1,48,8,4
2005-05-14 21:30:00,28,-19.0,-17.319582181546295,15.883988525245165,-20.0,-43.448743305574595,8.809578942482002,-48.45219969102682,13.813035327934227,1,48,8,4
2005-05-14 22:30:00,28,-14.0,-19.93940922947975,15.883988525245165,-23.0,-46.06857035350805,6.189751894548547,-51.072026738960275,11.193208280000771,1,48,8,4
2005-05-14 23:30:00,28,-11.0,-24.906886339912,15.883988525245165,-28.0,-51.03604746394029,1.2222747841162978,-56.03950384939252,6.2257311695685225,1,48,8,4
2005-05-15 00:30:00,28,-14.0,-24.82734925545555,15.883988525245165,-26.0,-50.956510379483845,1.3018118685727451,-55.95996676493607,6.30526825402497,1,48,8,4
2005-05-15 01:30:00,28,-12.0,-20.6494399252109,15.883988525245165,-19.0,-46.7786010492392,5.479721198817398,-51.782057434691424,10.483177584269622,1,48,8,4
2005-05-15 02:30:00,28,11.0,-15.04638462494514,15.883988525245165,-14.0,-41.175545748973434,11.082776499083156,-46.17900213442566,16.08623288453538,1,48,8,4
2005-05-15 03:30:00,28,52.0,-13.83396563490047,15.883988525245165,-11.0,-39.963126758928766,12.295195489127828,-44.96658314438099,17.298651874580052,1,48,8,4
2005-05-15 04:30:00,28,42.0,-13.478448990557268,15.883988525245165,-14.0,-39.60761011458557,12.650712133471028,-44.61106650003779,17.654168518923253,1,48,8,4
2005-05-15 05:30:00,28,37.0,-14.672210829261228,15.883988525245165,-12.0,-40.801371953289525,11.456950294767068,-45.80482833874175,16.460406680219293,1,48,8,4
2005-05-15 06:30:00,28,-58.0,-10.246169134561587,15.883988525245165,11.0,-36.375330258589884,15.88299198946671,-41.37878664404211,20.886448374918935,1,48,8,4
2005-05-15 07:30:00,28,-229.0,-11.365527775218169,15.883988525245165,52.0,-37.49468889924647,14.763633348810128,-42.498145284698694,19.767089734262353,1,48,8,4
2005-05-15 08:30:00,28,-247.0,-15.972153601507802,15.883988525245165,42.0,-42.1013147255361,10.157007522520495,-47.104771110988324,15.16046390797272,1,48,8,4
2005-05-15 09:30:00,28,-222.0,-21.763332438467387,15.883988525245165,37.0,-47.89249356249569,4.36582868556091,-52.89594994794791,9.369285071013135,1,48,8,4
2005-05-15 10:30:00,28,-184.0,-149.30827037744294,15.883988525245165,-58.0,-175.43743150147122,-123.17910925341464,-180.44088788692346,-118.17565286796241,1,48,8,4
2005-05-15 11:30:00,28,-175.0,-304.80892563062065,15.883988525245165,-229.0,-330.93808675464896,-278.67976450659233,-335.94154314010115,-273.67630812114015,1,48,8,4
2005-05-15 12:30:00,28,-162.0,-256.56834144286313,15.883988525245165,-247.0,-282.69750256689144,-230.43918031883484,-287.7009589523436,-225.4357239333826,1,48,8,4
2005-05-15 13:30:00,28,-157.0,-183.38512292257093,15.883988525245165,-222.0,-209.51428404659922,-157.25596179854264,-214.51774043205145,-152.2525054130904,1,48,8,4
2005-05-15 14:30:00,28,-146.0,-143.71465635650526,15.883988525245165,-184.0,-169.84381748053354,-117.58549523247696,-174.84727386598578,-112.58203884702473,1,48,8,4
2005-05-15 15:30:00,28,-135.0,-140.79791387026452,15.883988525245165,-175.0,-166.9270749942928,-114.66875274623622,-171.93053137974505,-109.665296360784,1,48,8,4
2005-05-15 16:30:00,28,-118.0,-128.7696535664924,15.883988525245165,-162.0,-154.89881469052068,-102.6404924424641,-159.90227107597292,-97.63703605701187,1,48,8,4
2005-05-15 17:30:00,28,-100.0,-124.52196541015675,15.883988525245165,-157.0,-150.65112653418504,-98.39280428612845,-155.65458291963728,-93.38934790067623,1,48,8,4
2005-05-15 18:30:00,28,-105.0,-121.5036017925259,15.883988525245165,-146.0,-147.63276291655419,-95.3744406684976,-152.63621930200642,-90.37098428304537,1,48,8,4
2005-05-15 19:30:00,28,-115.0,-114.61524815154036,15.883988525245165,-135.0,-140.74440927556864,-88.48608702751206,-145.74786566102088,-83.48263064205983,1,48,8,4
2005-05-15 20:30:00,28,-120.0,-106.2655225325473,15.883988525245165,-118.0,-132.39468365657558,-80.136361408519,-137.39814004202782,-75.13290502306677,1,48,8,4
2005-05-15 21:30:00,28,-108.0,-98.47924945842377,15.883988525245165,-100.0,-124.60841058245207,-72.35008833439547,-129.6118669679043,-67.34663194894324,1,48,8,4
2005-05-15 22:30:00,28,-94.0,-98.47960165735418,15.883988525245165,-105.0,-124.60876278138248,-72.35044053332588,-129.6122191668347,-67.34698414787366,1,48,8,4
2005-05-15 23:30:00,28,-102.0,-100.11085091946697,15.883988525245165,-115.0,-126.24001204349527,-73.98168979543867,-131.2434684289475,-68.97823340998644,1,48,8,4
2005-05-16 00:30:00,28,-99.0,-101.80989143170677,15.883988525245165,-120.0,-127.93905255573507,-75.68073030767847,-132.9425089411873,-70.67727392222625,1,48,8,4
2005-05-16 01:30:00,28,-101.0,-97.15545107862349,15.883988525245165,-108.0,-123.28461220265179,-71.02628995459519,-128.288068588104,-66.02283356914296,1,48,8,4
2005-05-16 02:30:00,28,-99.0,-89.47544346578584,15.883988525245165,-94.0,-115.60460458981414,-63.346282341757544,-120.60806097526637,-58.34282595630532,1,48,8,4
2005-05-16 03:30:00,28,-99.0,-89.05669772146102,15.883988525245165,-102.0,-115.18585884548932,-62.92753659743272,-120.18931523094155,-57.924080211980495,1,48,8,4
2005-05-16 04:30:00,28,-97.0,-87.44368297197244,15.883988525245165,-99.0,-113.57284409600074,-61.314521847944135,-118.57630048145296,-56.31106546249191,1,48,8,4
2005-05-16 05:30:00,28,-91.0,-88.61297402899089,15.883988525245165,-101.0,-114.74213515301919,-62.48381290496259,-119.74559153847142,-57.480356519510366,1,48,8,4
2005-05-16 06:30:00,28,-97.0,-85.56855708248054,15.883988525245165,-99.0,-111.69771820650884,-59.43939595845224,-116.70117459196106,-54.43593957300001,1,48,8,4
2005-05-16 07:30:00,28,-87.0,-84.77329659358094,15.883988525245165,-99.0,-110.90245771760924,-58.64413546955264,-115.90591410306146,-53.64067908410041,1,48,8,4
2005-05-16 08:30:00,28,-87.0,-82.8562825112979,15.883988525245165,-97.0,-108.9854436353262,-56.727121387269605,-113.98890002077843,-51.72366500181738,1,48,8,4
2005-05-16 09:30:00,28,-88.0,-85.20132160572587,15.883988525245165,-91.0,-111.33048272975417,-59.072160481697566,-116.33393911520639,-54.06870409624534,1,48,8,4
2005-05-16 10:30:00,28,-86.0,-86.94615267490582,15.883988525245165,-97.0,-113.07531379893412,-60.81699155087752,-118.07877018438634,-55.81353516542529,1,48,8,4
2005-05-16 11:30:00,28,-88.0,-75.56258077330068,15.883988525245165,-87.0,-101.69174189732898,-49.43341964927238,-106.6951982827812,-44.429963263820156,1,48,8,4
2005-05-16 12:30:00,28,-85.0,-73.42420966324954,15.883988525245165,-87.0,-99.55337078727784,-47.29504853922124,-104.55682717273007,-42.29159215376902,1,48,8,4
2005-05-16 13:30:00,28,-83.0,-74.34466278395574,15.883988525245165,-88.0,-100.47382390798404,-48.21550165992744,-105.47728029343627,-43.212045274475216,1,48,8,4
2005-05-16 14:30:00,28,-81.0,-73.64632039672875,15.883988525245165,-86.0,-99.77548152075705,-47.517159272700454,-104.77893790620928,-42.51370288724823,1,48,8,4
2005-05-16 15:30:00,28,-82.0,-76.49819488396498,15.883988525245165,-88.0,-102.62735600799328,-50.369033759936684,-107.63081239344551,-45.36557737448446,1,48,8,4
2005-05-16 16:30:00,28,-78.0,-77.09879267602932,15.883988525245165,-85.0,-103.22795380005762,-50.96963155200102,-108.23141018550984,-45.966175166548794,1,48,8,4
2005-05-16 17:30:00,28,-74.0,-77.33087768321799,15.883988525245165,-83.0,-103.46003880724629,-51.20171655918969,-108.46349519269852,-46.19826017373747,1,48,8,4
2005-05-16 18:30:00,28,-70.0,-77.61936147913104,15.883988525245165,-81.0,-103.74852260315934,-51.49020035510274,-108.75197898861157,-46.48674396965052,1,48,8,4
2005-05-16 19:30:00,28,-71.0,-79.54736886402887,15.883988525245165,-82.0,-105.67652998805717,-53.41820774000057,-110.6799863735094,-48.41475135454834,1,48,8,4
2005-05-16 20:30:00,28,-74.0,-75.02407800066203,15.883988525245165,-78.0,-101.15323912469033,-48.89491687663373,-106.15669551014255,-43.891460491181505,1,48,8,4
2005-05-16 21:30:00,28,-77.0,-70.57123161936465,15.883988525245165,-74.0,-96.70039274339295,-44.44207049533635,-101.70384912884518,-39.43861410988413,1,48,8,4
2005-05-16 22:30:00,28,-76.0,-67.28410969391706,15.883988525245165,-70.0,-93.41327081794536,-41.15494856988876,-98.41672720339758,-36.151492184436535,1,48,8,4
2005-05-16 23:30:00,28,-71.0,-67.41686286276332,15.883988525245165,-71.0,-93.54602398679162,-41.287701738735024,-98.54948037224385,-36.2842453532828,1,48,8,4
2005-05-17 00:30:00,28,-66.0,-70.05197299628409,15.883988525245165,-74.0,-96.1811341203124,-43.92281187225579,-101.18459050576462,-38.91935548680357,1,48,8,4
2005-05-17 01:30:00,28,-65.0,-72.16315434890691,15.883988525245165,-77.0,-98.29231547293521,-46.033993224878614,-103.29577185838744,-41.03053683942639,1,48,8,4
2005-05-17 02:30:00,28,-67.0,-71.83519609687254,15.883988525245165,-76.0,-97.96435722090084,-45.706034972844236,-102.96781360635306,-40.70257858739201,1,48,8,4
2005-05-17 03:30:00,28,-68.0,-68.24508682355724,15.883988525245165,-71.0,-94.37424794758554,-42.115925699528944,-99.37770433303777,-37.11246931407672,1,48,8,4
2005-05-17 04:30:00,28,-74.0,-65.28724272213664,15.883988525245165,-66.0,-91.41640384616494,-39.15808159810834,-96.41986023161716,-34.154625212656114,1,48,8,4
2005-05-17 05:30:00,28,-80.0,-65.49475598394645,15.883988525245165,-65.0,-91.62391710797475,-39.36559485991815,-96.62737349342697,-34.36213847446592,1,48,8,4
2005-05-17 06:30:00,28,-76.0,-66.00414834098956,15.883988525245165,-67.0,-92.13330946501786,-39.87498721696126,-97.13676585047008,-34.871530831509034,1,48,8,4
2005-05-17 07:30:00,28,-72.0,-65.90595762718172,15.883988525245165,-68.0,-92.03511875121002,-39.77679650315342,-97.03857513666225,-34.773340117701196,1,48,8,4
2005-05-17 08:30:00,28,-69.0,-69.34779349878363,15.883988525245165,-74.0,-95.47695462281193,-43.21863237475533,-100.48041100826416,-38.215175989303106,1,48,8,4
2005-05-17 09:30:00,28,-65.0,-75.05590269601467,15.883988525245165,-80.0,-101.18506382004297,-48.92674157198637,-106.1885202054952,-43.923285186534144,1,48,8,4
2005-05-17 10:30:00,28,-64.0,-72.80603479656443,15.883988525245165,-76.0,-98.93519592059273,-46.67687367253613,-103.93865230604496,-41.67341728708391,1,48,8,4
2005-05-17 11:30:00,28,-63.0,-68.50335899521897,15.883988525245165,-72.0,-94.63252011924727,-42.374197871190674,-99.6359765046995,-37.37074148573845,1,48,8,4
2005-05-17 12:30:00,28,-65.0,-64.54192638956329,15.883988525245165,-69.0,-90.67108751359159,-38.412765265534986,-95.67454389904381,-33.40930888008276,1,48,8,4
2005-05-17 13:30:00,28,-66.0,-60.65016577632301,15.883988525245165,-65.0,-86.77932690035131,-34.52100465229471,-91.78278328580353,-29.517548266842486,1,48,8,4
2005-05-17 14:30:00,28,-64.0,-59.517484624125125,15.883988525245165,-64.0,-85.64664574815342,-33.38832350009683,-90.65010213360564,-28.384867114644603,1,48,8,4
2005-05-17 15:30:00,28,-59.0,-60.63426986459678,15.883988525245165,-63.0,-86.76343098862507,-34.50510874056849,-91.7668873740773,-29.50165235511626,1,48,8,4
2005-05-17 16:30:00,28,-63.0,-62.72506359513411,15.883988525245165,-65.0,-88.8542247191624,-36.595902471105816,-93.85768110461463,-31.592446085653588,1,48,8,4
2005-05-17 17:30:00,28,-69.0,-62.782166781719326,15.883988525245165,-66.0,-88.91132790574763,-36.653005657691025,-93.91478429119985,-31.649549272238804,1,48,8,4
2005-05-17 18:30:00,28,-72.0,-60.873807401153115,15.883988525245165,-64.0,-87.00296852518142,-34.744646277124815,-92.00642491063364,-29.741189891672594,1,48,8,4
2005-05-17 19:30:00,28,-70.0,-56.8797353466191,15.883988525245165,-59.0,-83.0088964706474,-30.750574222590803,-88.01235285609962,-25.74711783713858,1,48,8,4
2005-05-17 20:30:00,28,-64.0,-63.20075990650764,15.883988525245165,-63.0,-89.32992103053594,-37.07159878247934,-94.33337741598817,-32.06814239702712,1,48,8,4
2005-05-17 21:30:00,28,-63.0,-64.93393319109073,15.883988525245165,-69.0,-91.06309431511903,-38.80477206706243,-96.06655070057126,-33.801315681610205,1,48,8,4
2005-05-17 22:30:00,28,-61.0,-62.799192078015764,15.883988525245165,-72.0,-88.92835320204406,-36.670030953987464,-93.93180958749629,-31.666574568535243,1,48,8,4
2005-05-17 23:30:00,28,-58.0,-62.340434187202504,15.883988525245165,-70.0,-88.4695953112308,-36.211273063174204,-93.47305169668303,-31.207816677721983,1,48,8,4
2005-05-18 00:30:00,28,-59.0,-59.930649189399254,15.883988525245165,-64.0,-86.05981031342755,-33.80148806537096,-91.06326669887977,-28.798031679918733,1,48,8,4
2005-05-18 01:30:00,28,-63.0,-59.25226004557692,15.883988525245165,-63.0,-85.38142116960522,-33.12309892154862,-90.38487755505744,-28.119642536096396,1,48,8,4
2005-05-18 02:30:00,28,-64.0,-56.89248025191451,15.883988525245165,-61.0,-83.0216413759428,-30.763319127886216,-88.02509776139503,-25.75986274243399,1,48,8,4
2005-05-18 03:30:00,28,-64.0,-54.216916549245866,15.883988525245165,-58.0,-80.34607767327417,-28.08775542521757,-85.34953405872639,-23.084299039765344,1,48,8,4
2005-05-18 04:30:00,28,-62.0,-55.11477728256216,15.883988525245165,-59.0,-81.24393840659046,-28.985616158533862,-86.24739479204268,-23.982159773081637,1,48,8,4
2005-05-18 05:30:00,28,-59.0,-58.437865762784114,15.883988525245165,-63.0,-84.56702688681241,-32.30870463875581,-89.57048327226464,-27.305248253303592,1,48,8,4
2005-05-18 06:30:00,28,-55.0,-58.85574979372585,15.883988525245165,-64.0,-84.98491091775415,-32.72658866969755,-89.98836730320637,-27.723132284245327,1,48,8,4
2005-05-18 07:30:00,28,-53.0,-59.03760888544396,15.883988525245165,-64.0,-85.16677000947226,-32.90844776141566,-90.17022639492448,-27.904991375963437,1,48,8,4
2005-05-18 08:30:00,28,-53.0,-58.1631318131146,15.883988525245165,-62.0,-84.2922929371429,-32.0339706890863,-89.29574932259513,-27.03051430363408,1,48,8,4
2005-05-18 09:30:00,28,-49.0,-56.54558308939509,15.883988525245165,-59.0,-82.67474421342338,-30.41642196536679,-87.6782005988756,-25.412965579914566,1,48,8,4
2005-05-18 10:30:00,28,-49.0,-54.03197219489729,15.883988525245165,-55.0,-80.1611333189256,-27.902811070868996,-85.16458970437782,-22.89935468541677,1,48,8,4
2005-05-18 11:30:00,28,-49.0,-53.59961513590821,15.883988525245165,-53.0,-79.72877625993651,-27.470454011879912,-84.73223264538873,-22.466997626427688,1,48,8,4
2005-05-18 12:30:00,28,-50.0,-51.965421490737114,15.883988525245165,-53.0,-78.09458261476541,-25.836260366708817,-83.09803900021764,-20.832803981256593,1,48,8,4
2005-05-18 13:30:00,28,-49.0,-49.61295569486307,15.883988525245165,-49.0,-75.74211681889136,-23.48379457083477,-80.74557320434359,-18.480338185382546,1,48,8,4
2005-05-18 14:30:00,28,-48.0,-49.94620162683946,15.883988525245165,-49.0,-76.07536275086775,-23.817040502811164,-81.07881913631998,-18.81358411735894,1,48,8,4
2005-05-18 15:30:00,28,-46.0,-51.582238446413086,15.883988525245165,-49.0,-77.71139957044139,-25.45307732238479,-82.71485595589361,-20.449620936932565,1,48,8,4
2005-05-18 16:30:00,28,-49.0,-52.888532539371546,15.883988525245165,-50.0,-79.01769366339984,-26.75937141534325,-84.02115004885206,-21.755915029891025,1,48,8,4
2005-05-18 17:30:00,28,-48.0,-50.85821606117284,15.883988525245165,-49.0,-76.98737718520114,-24.729054937144543,-81.99083357065336,-19.72559855169232,1,48,8,4
2005-05-18 18:30:00,28,-49.0,-48.725111499127884,15.883988525245165,-48.0,-74.85427262315618,-22.595950375099587,-79.8577290086084,-17.592493989647362,1,48,8,4
2005-05-18 19:30:00,28,-49.0,-45.284203084709404,15.883988525245165,-46.0,-71.4133642087377,-19.155041960681107,-76.41682059418993,-14.151585575228882,1,48,8,4
2005-05-18 20:30:00,28,-49.0,-43.83738690149786,15.883988525245165,-49.0,-69.96654802552615,-17.70822577746956,-74.97000441097838,-12.704769392017337,1,48,8,4
2005-05-18 21:30:00,28,-45.0,-42.76641217590576,15.883988525245165,-48.0,-68.89557329993406,-16.63725105187746,-73.89902968538628,-11.633794666425235,1,48,8,4
2005-05-18 22:30:00,28,-41.0,-43.088837969741476,15.883988525245165,-49.0,-69.21799909376978,-16.95967684571318,-74.221455479222,-11.956220460260955,1,48,8,4
2005-05-18 23:30:00,28,-39.0,-42.99828116775044,15.883988525245165,-49.0,-69.12744229177873,-16.869120043722145,-74.13089867723096,-11.86566365826992,1,48,8,4
2005-05-19 00:30:00,28,-39.0,-42.91898240457025,15.883988525245165,-49.0,-69.04814352859854,-16.789821280541954,-74.05159991405077,-11.78636489508973,1,48,8,4
2005-05-19 01:30:00,28,-40.0,-41.642019438537055,15.883988525245165,-45.0,-67.77118056256535,-15.512858314508758,-72.77463694801757,-10.509401929056533,1,48,8,4
2005-05-19 02:30:00,28,-36.0,-40.64886365361917,15.883988525245165,-41.0,-66.77802477764747,-14.519702529590877,-71.7814811630997,-9.516246144138652,1,48,8,4
2005-05-19 03:30:00,28,-32.0,-38.79178120883173,15.883988525245165,-39.0,-64.92094233286002,-12.662620084803432,-69.92439871831225,-7.6591636993512076,1,48,8,4
2005-05-19 04:30:00,28,-26.0,-40.05001394224615,15.883988525245165,-39.0,-66.17917506627445,-13.920852818217856,-71.18263145172668,-8.917396432765631,1,48,8,4
2005-05-19 05:30:00,28,-29.0,-39.825712531419725,15.883988525245165,-40.0,-65.95487365544803,-13.696551407391429,-70.95833004090025,-8.693095021939204,1,48,8,4
2005-05-19 06:30:00,28,-31.0,-38.067954293997865,15.883988525245165,-36.0,-64.19711541802616,-11.938793169969568,-69.20057180347838,-6.935336784517343,1,48,8,4
2005-05-19 07:30:00,28,-30.0,-36.882918770793246,15.883988525245165,-32.0,-63.01207989482154,-10.75375764676495,-68.01553628027376,-5.750301261312725,1,48,8,4
2005-05-19 08:30:00,28,-32.0,-37.42332605914814,15.883988525245165,-26.0,-63.55248718317644,-11.294164935119841,-68.55594356862866,-6.290708549667617,1,48,8,4
2005-05-19 09:30:00,28,-34.0,-37.55281903989517,15.883988525245165,-29.0,-63.68198016392347,-11.423657915866873,-68.6854365493757,-6.420201530414648,1,48,8,4
2005-05-19 10:30:00,28,-39.0,-39.75219980966809,15.883988525245165,-31.0,-65.88136093369639,-13.623038685639795,-70.88481731914861,-8.61958230018757,1,48,8,4
2005-05-19 11:30:00,28,-43.0,-38.0186344102758,15.883988525245165,-30.0,-64.1477955343041,-11.889473286247505,-69.15125191975632,-6.88601690079528,1,48,8,4
2005-05-19 12:30:00,28,-37.0,-37.73077606096334,15.883988525245165,-32.0,-63.85993718499164,-11.601614936935047,-68.86339357044386,-6.598158551482822,1,48,8,4
2005-05-19 13:30:00,28,-28.0,-37.743659791337166,15.883988525245165,-34.0,-63.872820915365466,-11.614498667308869,-68.87627730081769,-6.611042281856644,1,48,8,4
2005-05-19 14:30:00,28,-25.0,-38.00635499456675,15.883988525245165,-39.0,-64.13551611859505,-11.877193870538452,-69.13897250404727,-6.873737485086227,1,48,8,4
2005-05-19 15:30:00,28,-26.0,-40.52402204674654,15.883988525245165,-43.0,-66.65318317077484,-14.394860922718241,-71.65663955622706,-9.391404537266016,1,48,8,4
2005-05-19 16:30:00,28,-30.0,-37.0348691293402,15.883988525245165,-37.0,-63.164030253368495,-10.905708005311904,-68.16748663882072,-5.90225161985968,1,48,8,4
2005-05-19 17:30:00,28,-31.0,-32.18253406723686,15.883988525245165,-28.0,-58.31169519126516,-6.0533729432085615,-63.31515157671738,-1.0499165577563367,1,48,8,4
2005-05-19 18:30:00,28,-31.0,-31.10700628997177,15.883988525245165,-25.0,-57.236167414000064,-4.977845165943474,-62.23962379945229,0.025611219508750338,1,48,8,4
2005-05-19 19:30:00,28,-29.0,-30.99861296014791,15.883988525245165,-26.0,-57.12777408417621,-4.869451836119612,-62.131230469628434,0.1340045493326123,1,48,8,4
2005-05-19 20:30:00,28,-21.0,-31.36828829499305,15.883988525245165,-30.0,-57.49744941902135,-5.239127170964753,-62.500905804473575,-0.23567078551252862,1,48,8,4
2005-05-19 21:30:00,28,-16.0,-30.12718710455241,15.883988525245165,-31.0,-56.256348228580705,-3.998025980524112,-61.25980461403293,1.0054304049281129,1,48,8,4
2005-05-19 22:30:00,28,-10.0,-29.11550917788381,15.883988525245165,-31.0,-55.24467030191211,-2.9863480538555116,-60.24812668736433,2.017108331596713,1,48,8,4
2005-05-19 23:30:00,28,-11.0,-27.78155925091244,15.883988525245165,-29.0,-53.91072037494074,-1.652398126884144,-58.91417676039296,3.351058258568081,1,48,8,4
2005-05-20 00:30:00,28,-12.0,-25.812598174385535,15.883988525245165,-21.0,-51.94175929841383,0.316562949642762,-56.94521568386605,5.320019335094987,1,48,8,4
2005-05-20 01:30:00,28,-12.0,-24.421398898272834,15.883988525245165,-16.0,-50.55056002230113,1.707762225755463,-55.55401640775335,6.711218611207688,1,48,8,4
2005-05-20 02:30:00,28,-10.0,-21.88077904179766,15.883988525245165,-10.0,-48.00994016582595,4.248382082230638,-53.01339655127818,9.251838467682862,1,48,8,4
2005-05-20 03:30:00,28,-3.0,-20.99522883509594,15.883988525245165,-11.0,-47.12438995912424,5.133932288932357,-52.12784634457646,10.137388674384582,1,48,8,4
2005-05-20 04:30:00,28,8.0,-21.93300075120727,15.883988525245165,-12.0,-48.06216187523557,4.196160372821026,-53.06561826068779,9.199616758273251,1,48,8,4
2005-05-20 05:30:00,28,-18.0,-22.371967410123872,15.883988525245165,-12.0,-48.50112853415217,3.7571937139044245,-53.5045849196044,8.76065009935665,1,48,8,4
2005-05-20 06:30:00,28,-54.0,-21.533034253852364,15.883988525245165,-10.0,-47.662195377880664,4.596126870175933,-52.66565176333289,9.599583255628158,1,48,8,4
2005-05-20 07:30:00,28,-74.0,-17.65434256892349,15.883988525245165,-3.0,-43.78350369295178,8.474818555104807,-48.78696007840401,13.478274940557032,1,48,8,4
2005-05-20 08:30:00,28,-83.0,-18.838787571921443,15.883988525245165,8.0,-44.967948695949744,7.290373552106853,-49.97140508140197,12.293829937559078,1,48,8,4
2005-05-20 09:30:00,28,-81.0,-35.91410492145214,15.883988525245165,-18.0,-62.043266045480436,-9.784943797423846,-67.04672243093266,-4.7814874119716215,1,48,8,4
2005-05-20 10:30:00,28,-72.0,-75.64311223273734,15.883988525245165,-54.0,-101.77227335676564,-49.51395110870904,-106.77572974221786,-44.51049472325681,1,48,8,4
2005-05-20 11:30:00,28,-63.0,-82.7398925047589,15.883988525245165,-74.0,-108.8690536287872,-56.6107313807306,-113.87251001423942,-51.607274995278374,1,48,8,4
2005-05-20 12:30:00,28,-65.0,-90.41816729885886,15.883988525245165,-83.0,-116.54732842288716,-64.28900617483056,-121.55078480833939,-59.28554978937834,1,48,8,4
2005-05-20 13:30:00,28,-63.0,-71.76601248697396,15.883988525245165,-81.0,-97.89517361100226,-45.63685136294566,-102.89862999645449,-40.63339497749344,1,48,8,4
2005-05-20 14:30:00,28,-49.0,-59.6280046484905,15.883988525245165,-72.0,-85.7571657725188,-33.4988435244622,-90.76062215797103,-28.49538713900998,1,48,8,4
2005-05-20 15:30:00,28,-39.0,-54.32125665637883,15.883988525245165,-63.0,-80.45041778040712,-28.192095532350532,-85.45387416585935,-23.188639146898307,1,48,8,4
2005-05-20 16:30:00,28,-36.0,-52.36504283314021,15.883988525245165,-65.0,-78.49420395716851,-26.23588170911191,-83.49766034262073,-21.232425323659687,1,48,8,4
2005-05-20 17:30:00,28,-36.0,-50.24660618255075,15.883988525245165,-63.0,-76.37576730657905,-24.117445058522453,-81.37922369203127,-19.113988673070228,1,48,8,4
2005-05-20 18:30:00,28,-34.0,-45.273115862379825,15.883988525245165,-49.0,-71.40227698640813,-19.14395473835153,-76.40573337186035,-14.140498352899304,1,48,8,4
2005-05-20 19:30:00,28,-38.0,-41.678244272527046,15.883988525245165,-39.0,-67.80740539655534,-15.549083148498749,-72.81086178200756,-10.545626763046524,1,48,8,4
2005-05-20 20:30:00,28,-41.0,-39.260975634450624,15.883988525245165,-36.0,-65.39013675847892,-13.131814510422327,-70.39359314393114,-8.128358124970102,1,48,8,4
2005-05-20 21:30:00,28,-39.0,-36.36158584276206,15.883988525245165,-36.0,-62.490746966790354,-10.232424718733764,-67.49420335224258,-5.228968333281539,1,48,8,4
2005-05-20 22:30:00,28,-43.0,-33.19165855165993,15.883988525245165,-34.0,-59.32081967568823,-7.06249742763163,-64.32427606114045,-2.0590410421794054,1,48,8,4
2005-05-20 23:30:00,28,-49.0,-33.36742254738803,15.883988525245165,-38.0,-59.49658367141633,-7.238261423359734,-64.50004005686856,-2.2348050379075097,1,48,8,4
2005-05-21 00:30:00,28,-47.0,-34.469863018922844,15.883988525245165,-41.0,-60.59902414295114,-8.340701894894547,-65.60248052840336,-3.3372455094423223,1,48,8,4
2005-05-21 01:30:00,28,-41.0,-35.36604310296804,15.883988525245165,-39.0,-61.495204226996336,-9.236881978939746,-66.49866061244856,-4.233425593487521,1,48,8,4
2005-05-21 02:30:00,28,-36.0,-41.78923154747345,15.883988525245165,-43.0,-67.91839267150175,-15.660070423445152,-72.92184905695397,-10.656614037992927,1,48,8,4
2005-05-21 03:30:00,28,-44.0,-47.45624910849432,15.883988525245165,-49.0,-73.58541023252262,-21.327087984466022,-78.58886661797484,-16.323631599013797,1,48,8,4
2005-05-21 04:30:00,28,-51.0,-42.81594602047805,15.883988525245165,-47.0,-68.94510714450635,-16.686784896449755,-73.94856352995858,-11.68332851099753,1,48,8,4
2005-05-21 05:30:00,28,-61.0,-38.6838621735675,15.883988525245165,-41.0,-64.81302329759579,-12.5547010495392,-69.81647968304802,-7.551244664086976,1,48,8,4
2005-05-21 06:30:00,28,-63.0,-38.59527680508949,15.883988525245165,-36.0,-64.72443792911778,-12.466115681061193,-69.72789431457001,-7.462659295608969,1,48,8,4
2005-05-21 07:30:00,28,-59.0,-45.498720409248804,15.883988525245165,-44.0,-71.6278815332771,-19.369559285220507,-76.63133791872933,-14.366102899768283,1,48,8,4
2005-05-21 08:30:00,28,-57.0,-51.55839927480949,15.883988525245165,-51.0,-77.68756039883779,-25.42923815078119,-82.69101678429001,-20.425781765328967,1,48,8,4
2005-05-21 09:30:00,28,-58.0,-58.901970033361124,15.883988525245165,-61.0,-85.03113115738942,-32.772808909332824,-90.03458754284165,-27.769352523880602,1,48,8,4
2005-05-21 10:30:00,28,-56.0,-58.3731902991949,15.883988525245165,-63.0,-84.5023514232232,-32.2440291751666,-89.50580780867543,-27.24057278971438,1,48,8,4
2005-05-21 11:30:00,28,-56.0,-51.66638346687584,15.883988525245165,-59.0,-77.79554459090414,-25.537222342847546,-82.79900097635637,-20.53376595739532,1,48,8,4
2005-05-21 12:30:00,28,-55.0,-50.09341138778298,15.883988525245165,-57.0,-76.22257251181128,-23.964250263754682,-81.2260288972635,-18.960793878302457,1,48,8,4
2005-05-21 13:30:00,28,-49.0,-50.46662720237616,15.883988525245165,-58.0,-76.59578832640446,-24.337466078347862,-81.59924471185668,-19.334009692895638,1,48,8,4
2005-05-21 14:30:00,28,-48.0,-50.44415221462971,15.883988525245165,-56.0,-76.57331333865801,-24.314991090601414,-81.57676972411024,-19.31153470514919,1,48,8,4
2005-05-21 15:30:00,28,-50.0,-50.14816423350587,15.883988525245165,-56.0,-76.27732535753417,-24.01900310947757,-81.28078174298639,-19.015546724025345,1,48,8,4
2005-05-21 16:30:00,28,-48.0,-49.057077774990425,15.883988525245165,-55.0,-75.18623889901872,-22.92791665096213,-80.18969528447094,-17.924460265509904,1,48,8,4
2005-05-21 17:30:00,28,-52.0,-46.89689615917489,15.883988525245165,-49.0,-73.02605728320319,-20.76773503514659,-78.02951366865541,-15.764278649694365,1,48,8,4
2005-05-21 18:30:00,28,-56.0,-46.16641444555076,15.883988525245165,-48.0,-72.29557556957906,-20.03725332152246,-77.29903195503128,-15.033796936070235,1,48,8,4
2005-05-21 19:30:00,28,-56.0,-47.49746342733191,15.883988525245165,-50.0,-73.62662455136021,-21.36830230330361,-78.63008093681243,-16.364845917851387,1,48,8,4
2005-05-21 20:30:00,28,-48.0,-47.388253582987694,15.883988525245165,-48.0,-73.51741470701599,-21.259092458959397,-78.52087109246821,-16.255636073507173,1,48,8,4
2005-05-21 21:30:00,28,-44.0,-47.08150240255026,15.883988525245165,-52.0,-73.21066352657856,-20.95234127852196,-78.21411991203078,-15.948884893069735,1,48,8,4
2005-05-21 22:30:00,28,-38.0,-49.97370366731942,15.883988525245165,-56.0,-76.10286479134771,-23.844542543291123,-81.10632117679994,-18.841086157838898,1,48,8,4
2005-05-21 23:30:00,28,-34.0,-50.14861035215107,15.883988525245165,-56.0,-76.27777147617937,-24.01944922812277,-81.28122786163159,-19.015992842670546,1,48,8,4
2005-05-22 00:30:00,28,-36.0,-45.25296773556701,15.883988525245165,-48.0,-71.38212885959531,-19.123806611538715,-76.38558524504754,-14.12035022608649,1,48,8,4
2005-05-22 01:30:00,28,-38.0,-40.47802486643386,15.883988525245165,-44.0,-66.60718599046216,-14.348863742405566,-71.61064237591438,-9.345407356953341,1,48,8,4
2005-05-22 02:30:00,28,-33.0,-36.728252664993654,15.883988525245165,-38.0,-62.85741378902195,-10.599091540965357,-67.86087017447417,-5.595635155513133,1,48,8,4
2005-05-22 03:30:00,28,-35.0,-35.7265046936691,15.883988525245165,-34.0,-61.8556658176974,-9.597343569640802,-66.85912220314962,-4.593887184188578,1,48,8,4
2005-05-22 04:30:00,28,-35.0,-35.795373379024056,15.883988525245165,-36.0,-61.92453450305236,-9.66621225499576,-66.92799088850458,-4.662755869543535,1,48,8,4
2005-05-22 05:30:00,28,-38.0,-39.39865958832275,15.883988525245165,-38.0,-65.52782071235104,-13.269498464294454,-70.53127709780327,-8.26604207884223,1,48,8,4
2005-05-22 06:30:00,28,-38.0,-35.88441073612944,15.883988525245165,-33.0,-62.01357186015774,-9.755249612101142,-67.01702824560996,-4.751793226648918,1,48,8,4
2005-05-22 07:30:00,28,-37.0,-37.50880826155005,15.883988525245165,-35.0,-63.637969385578344,-11.379647137521754,-68.64142577103057,-6.37619075206953,1,48,8,4
2005-05-22 08:30:00,28,-39.0,-36.03690274728147,15.883988525245165,-35.0,-62.16606387130976,-9.90774162325317,-67.16952025676198,-4.904285237800945,1,48,8,4
2005-05-22 09:30:00,28,-41.0,-35.19352102501966,15.883988525245165,-38.0,-61.322682149047964,-9.064359900991366,-66.32613853450019,-4.060903515539142,1,48,8,4
2005-05-22 10:30:00,28,-40.0,-37.166621759724976,15.883988525245165,-38.0,-63.295782883753276,-11.037460635696679,-68.2992392692055,-6.034004250244454,1,48,8,4
2005-05-22 11:30:00,28,-38.0,-36.80574582165724,15.883988525245165,-37.0,-62.93490694568554,-10.676584697628943,-67.93836333113777,-5.673128312176718,1,48,8,4
2005-05-22 12:30:00,28,-34.0,-33.793088633821704,15.883988525245165,-39.0,-59.92224975785,-7.663927509793407,-64.92570614330222,-2.660471124341182,1,48,8,4
2005-05-22 13:30:00,28,-30.0,-34.200042024208344,15.883988525245165,-41.0,-60.329203148236644,-8.070880900180047,-65.33265953368887,-3.067424514727822,1,48,8,4
2005-05-22 14:30:00,28,-28.0,-35.543849925867356,15.883988525245165,-40.0,-61.67301104989565,-9.414688801839059,-66.67646743534787,-4.411232416386834,1,48,8,4
2005-05-22 15:30:00,28,-28.0,-32.5889854273981,15.883988525245165,-38.0,-58.7181465514264,-6.459824303369803,-63.721602936878625,-1.4563679179175786,1,48,8,4
2005-05-22 16:30:00,28,-29.0,-30.766971723611555,15.883988525245165,-34.0,-56.89613284763985,-4.637810599583258,-61.89958923309207,0.365645785868967,1,48,8,4
2005-05-22 17:30:00,28,-28.0,-29.77240655597378,15.883988525245165,-30.0,-55.901567680002074,-3.643245431945484,-60.9050240654543,1.3602109535067406,1,48,8,4
2005-05-22 18:30:00,28,-28.0,-27.69362456995838,15.883988525245165,-28.0,-53.822785693986674,-1.564463445930084,-58.8262420794389,3.438992939522141,1,48,8,4
2005-05-22 19:30:00,28,-29.0,-27.116302431208982,15.883988525245165,-28.0,-53.24546355523728,-0.9871413071806856,-58.248919940689504,4.016315078271539,1,48,8,4
2005-05-22 20:30:00,28,-31.0,-28.170395088069686,15.883988525245165,-29.0,-54.29955621209798,-2.041233964041389,-59.30301259755021,2.9622224214108357,1,48,8,4
2005-05-22 21:30:00,28,-29.0,-27.719308089960943,15.883988525245165,-28.0,-53.84846921398924,-1.5901469659326466,-58.851925599441465,3.413309419519578,1,48,8,4
2005-05-22 22:30:00,28,-27.0,-27.321241118837428,15.883988525245165,-28.0,-53.45040224286572,-1.1920799948091307,-58.453858628317946,3.811376390643094,1,48,8,4
2005-05-22 23:30:00,28,-25.0,-27.736590491476587,15.883988525245165,-29.0,-53.865751615504884,-1.6074293674482902,-58.86920800095711,3.3960270180039345,1,48,8,4
2005-05-23 00:30:00,28,-22.0,-26.496897803258513,15.883988525245165,-31.0,-52.626058927286806,-0.3677366792302159,-57.62951531273903,4.635719706222009,1,48,8,4
2005-05-23 01:30:00,28,-18.0,-27.454405186435853,15.883988525245165,-29.0,-53.58356631046415,-1.325244062407556,-58.587022695916374,3.6782123230446686,1,48,8,4
2005-05-23 02:30:00,28,-18.0,-26.217753148983725,15.883988525245165,-27.0,-52.34691427301202,-0.08859202495542817,-57.35037065846424,4.9148643604967965,1,48,8,4
2005-05-23 03:30:00,28,-18.0,-27.792007819181528,15.883988525245165,-25.0,-53.92116894320982,-1.662846695153231,-58.924625328662046,3.3406096902989937,1,48,8,4
2005-05-23 04:30:00,28,-18.0,-24.894291706160224,15.883988525245165,-22.0,-51.02345283018852,1.2348694178680724,-56.02690921564074,6.238325803320297,1,48,8,4
2005-05-23 05:30:00,28,-19.0,-23.361625272664476,15.883988525245165,-18.0,-49.49078639669277,2.767535851363821,-54.494242782144994,7.770992236816046,1,48,8,4
2005-05-23 06:30:00,28,-18.0,-22.118466359972864,15.883988525245165,-18.0,-48.24762748400116,4.010694764055433,-53.25108386945338,9.014151149507658,1,48,8,4
2005-05-23 07:30:00,28,-18.0,-21.37755486202261,15.883988525245165,-18.0,-47.50671598605091,4.751606262005687,-52.51017237150313,9.755062647457912,1,48,8,4
2005-05-23 08:30:00,28,-17.0,-22.84843386315858,15.883988525245165,-18.0,-48.977594987186876,3.2807272608697176,-53.9810513726391,8.284183646321942,1,48,8,4
2005-05-23 09:30:00,28,-16.0,-22.331154598066956,15.883988525245165,-19.0,-48.46031572209525,3.798006525961341,-53.46377210754748,8.801462911413566,1,48,8,4
2005-05-23 10:30:00,28,-16.0,-22.20089499764805,15.883988525245165,-18.0,-48.33005612167635,3.9282661263802474,-53.333512507128574,8.931722511832472,1,48,8,4
2005-05-23 11:30:00,28,-13.0,-22.763464697198643,15.883988525245165,-18.0,-48.89262582122694,3.365696426829654,-53.89608220667917,8.369152812281879,1,48,8,4
2005-05-23 12:30:00,28,-11.0,-21.319500738325267,15.883988525245165,-17.0,-47.44866186235356,4.80966038570303,-52.452118247805785,9.813116771155254,1,48,8,4
2005-05-23 13:30:00,28,-13.0,-21.74962016010975,15.883988525245165,-16.0,-47.87878128413804,4.379540963918547,-52.88223766959027,9.382997349370772,1,48,8,4
2005-05-23 14:30:00,28,-22.0,-20.24983501875789,15.883988525245165,-16.0,-46.378996142786185,5.879326105270408,-51.38245252823841,10.882782490722633,1,48,8,4
2005-05-23 15:30:00,28,-27.0,-19.77303045474998,15.883988525245165,-13.0,-45.90219157877827,6.356130669278318,-50.905647964230496,11.359587054730543,1,48,8,4
2005-05-23 16:30:00,28,-27.0,-22.290292478159785,15.883988525245165,-11.0,-48.419453602188085,3.838868645868512,-53.42290998764031,8.842325031320737,1,48,8,4
2005-05-23 17:30:00,28,-23.0,-23.076377010925533,15.883988525245165,-13.0,-49.20553813495383,3.0527841131027635,-54.20899452040605,8.056240498554988,1,48,8,4
2005-05-23 18:30:00,28,-21.0,-28.65756838858912,15.883988525245165,-22.0,-54.78672951261741,-2.5284072645608227,-59.79018589806964,2.475049120891402,1,48,8,4
2005-05-23 19:30:00,28,-22.0,-29.351794157317734,15.883988525245165,-27.0,-55.48095528134603,-3.222633033289437,-60.48441166679825,1.7808233521627876,1,48,8,4
2005-05-23 20:30:00,28,-25.0,-25.981262720173728,15.883988525245165,-27.0,-52.110423844202025,0.14789840385456898,-57.11388022965425,5.151354789306794,1,48,8,4
2005-05-23 21:30:00,28,-24.0,-22.016340410115802,15.883988525245165,-23.0,-48.1455015341441,4.112820713912495,-53.14895791959633,9.11627709936472,1,48,8,4
2005-05-23 22:30:00,28,-24.0,-20.751596398975266,15.883988525245165,-21.0,-46.88075752300357,5.3775647250530305,-51.88421390845579,10.381021110505255,1,48,8,4
2005-05-23 23:30:00,28,-21.0,-20.682159205846794,15.883988525245165,-22.0,-46.81132032987509,5.447001918181503,-51.81477671532731,10.450458303633727,1,48,8,4
2005-05-24 00:30:00,28,-16.0,-20.791913784536725,15.883988525245165,-25.0,-46.92107490856502,5.337247339491572,-51.92453129401724,10.340703724943797,1,48,8,4
2005-05-24 01:30:00,28,-11.0,-22.656673285509967,15.883988525245165,-24.0,-48.78583440953827,3.4724878385183295,-53.78929079499049,8.475944223970554,1,48,8,4
2005-05-24 02:30:00,28,-9.0,-22.356407261377974,15.883988525245165,-24.0,-48.48556838540627,3.7727538626503225,-53.48902477085849,8.776210248102547,1,48,8,4
2005-05-24 03:30:00,28,-11.0,-20.455000287698233,15.883988525245165,-21.0,-46.58416141172653,5.6741608363300635,-51.58761779717875,10.677617221782288,1,48,8,4
2005-05-24 04:30:00,28,-11.0,-18.6165782227417,15.883988525245165,-16.0,-44.745739346769994,7.512582901286596,-49.74919573222222,12.51603928673882,1,48,8,4
2005-05-24 05:30:00,28,-11.0,-16.36566546646457,15.883988525245165,-11.0,-42.49482659049286,9.763495657563727,-47.49828297594509,14.766952043015952,1,48,8,4
2005-05-24 06:30:00,28,-10.0,-15.191229957069119,15.883988525245165,-9.0,-41.32039108109741,10.937931166959178,-46.32384746654964,15.941387552411403,1,48,8,4
2005-05-24 07:30:00,28,-9.0,-14.567379991618548,15.883988525245165,-11.0,-40.696541115646845,11.561781132409749,-45.69999750109907,16.565237517861974,1,48,8,4
2005-05-24 08:30:00,28,-9.0,-13.807365223682382,15.883988525245165,-11.0,-39.93652634771068,12.321795900345915,-44.93998273316291,17.32525228579814,1,48,8,4
2005-05-24 09:30:00,28,-7.0,-13.123939635155061,15.883988525245165,-11.0,-39.253100759183354,13.005221488873236,-44.25655714463558,18.00867787432546,1,48,8,4
2005-05-24 10:30:00,28,-7.0,-12.428858610023752,15.883988525245165,-10.0,-38.55801973405205,13.700302514004544,-43.56147611950428,18.70375889945677,1,48,8,4
2005-05-24 11:30:00,28,-7.0,-12.044299641878226,15.883988525245165,-9.0,-38.173460765906526,14.084861482150071,-43.17691715135875,19.088317867602296,1,48,8,4
2005-05-24 12:30:00,28,-6.0,-11.917409411226991,15.883988525245165,-9.0,-38.046570535255285,14.211751712801306,-43.05002692070751,19.21520809825353,1,48,8,4
2005-05-24 13:30:00,28,-4.0,-11.544491791728237,15.883988525245165,-7.0,-37.673652915756534,14.58466933230006,-42.67710930120876,19.588125717752284,1,48,8,4
2005-05-24 14:30:00,28,-5.0,-11.381588046445259,15.883988525245165,-7.0,-37.51074917047356,14.747573077583038,-42.514205555925784,19.751029463035263,1,48,8,4
2005-05-24 15:30:00,28,-7.0,-11.399287216695232,15.883988525245165,-7.0,-37.52844834072353,14.729873907333065,-42.53190472617575,19.73333029278529,1,48,8,4
2005-05-24 16:30:00,28,-7.0,-11.200989826898049,15.883988525245165,-6.0,-37.330150950926345,14.928171297130248,-42.33360733637857,19.931627682582473,1,48,8,4
2005-05-24 17:30:00,28,-10.0,-11.048553433827113,15.883988525245165,-4.0,-37.17771455785541,15.080607690201184,-42.181170943307635,20.08406407565341,1,48,8,4
2005-05-24 18:30:00,28,-11.0,-10.982422214658836,15.883988525245165,-5.0,-37.11158333868713,15.14673890936946,-42.11503972413936,20.150195294821685,1,48,8,4
2005-05-24 19:30:00,28,-7.0,-10.881183806106428,15.883988525245165,-7.0,-37.01034493013472,15.247977317921869,-42.013801315586946,20.251433703374094,1,48,8,4
2005-05-24 20:30:00,28,-6.0,-10.549952452012025,15.883988525245165,-7.0,-36.67911357604032,15.579208672016271,-41.68256996149255,20.582665057468496,1,48,8,4
2005-05-24 21:30:00,28,-6.0,-11.661426532612971,15.883988525245165,-10.0,-37.790587656641264,14.467734591415326,-42.79404404209349,19.47119097686755,1,48,8,4
2005-05-24 22:30:00,28,-6.0,-8.73986126901837,15.883988525245165,-11.0,-34.86902239304666,17.389299855009927,-39.87247877849889,22.392756240462152,1,48,8,4
2005-05-24 23:30:00,28,-5.0,-7.287209736527998,15.883988525245165,-7.0,-33.4163708605563,18.8419513875003,-38.41982724600852,23.845407772952523,1,48,8,4
2005-05-25 00:30:00,28,-6.0,-7.251064734295568,15.883988525245165,-6.0,-33.38022585832387,18.87809638973273,-38.38368224377609,23.881552775184954,1,48,8,4
2005-05-25 01:30:00,28,-4.0,-8.1735535648196,15.883988525245165,-6.0,-34.3027146888479,17.955607559208698,-39.306171074300124,22.959063944660922,1,48,8,4
2005-05-25 02:30:00,28,-3.0,-9.21406660491979,15.883988525245165,-6.0,-35.34322772894809,16.915094519108507,-40.34668411440031,21.918550904560732,1,48,8,4
2005-05-25 03:30:00,28,-2.0,-9.417076416405976,15.883988525245165,-5.0,-35.54623754043428,16.71208470762232,-40.5496939258865,21.715541093074545,1,48,8,4
2005-05-25 04:30:00,28,-1.0,-11.701577210680696,15.883988525245165,-6.0,-37.830738334709,14.4275839133476,-42.83419472016122,19.431040298799825,1,48,8,4
2005-05-25 05:30:00,28,-2.0,-7.041968925291748,15.883988525245165,-4.0,-33.17113004932004,19.08719219873655,-38.174586434772266,24.090648584188774,1,48,8,4
2005-05-25 06:30:00,28,-4.0,-6.113598372629728,15.883988525245165,-3.0,-32.242759496658024,20.01556275139857,-37.24621588211025,25.019019136850794,1,48,8,4
2005-05-25 07:30:00,28,-6.0,-4.7218443832016135,15.883988525245165,-2.0,-30.85100550722991,21.407316740826683,-35.85446189268214,26.410773126278908,1,48,8,4
2005-05-25 08:30:00,28,-4.0,-4.406743740120387,15.883988525245165,-1.0,-30.535904864148684,21.72241738390791,-35.53936124960091,26.725873769360135,1,48,8,4
