time,event_no,DST_true,DST_pred,sigma_nT,DST_persist,DST_p10,DST_p90,DST_p025,DST_p975,fold,L_value,L_idx,H
2000-05-15 09:30:00,8,9.0,7.402848947144314,19.518596998745053,,-24.705243115791298,39.510941010079925,-30.85360117039599,45.65929906468462,1,24,4,6
2000-05-15 10:30:00,8,3.0,10.596208739268953,19.518596998745053,,-21.51188332366666,42.704300802204564,-27.66024137827135,48.852658856809256,1,24,4,6
2000-05-15 11:30:00,8,1.0,11.660433887466425,19.518596998745053,,-20.447658175469186,43.76852595040204,-26.59601623007388,49.91688400500673,1,24,4,6
2000-05-15 12:30:00,8,1.0,10.472767241157776,19.518596998745053,,-21.635324821777836,42.58085930409339,-27.783682876382528,48.72921735869808,1,24,4,6
2000-05-15 13:30:00,8,1.0,5.6842488390390855,19.518596998745053,,-26.423843223896526,37.7923409019747,-32.57220127850122,43.94069895657939,1,24,4,6
2000-05-15 14:30:00,8,-2.0,0.3104815137227419,19.518596998745053,,-31.79761054921287,32.41857357665835,-37.94596860381756,38.566931631263046,1,24,4,6
2000-05-15 15:30:00,8,-3.0,-3.5589442806995137,19.518596998745053,9.0,-35.667036343635125,28.549147782236098,-41.81539439823982,34.69750583684079,1,24,4,6
2000-05-15 16:30:00,8,-4.0,-3.0879397796562245,19.518596998745053,3.0,-35.196031842591836,29.020152283279387,-41.34438989719653,35.16851033788408,1,24,4,6
2000-05-15 17:30:00,8,-2.0,-3.113970417714995,19.518596998745053,1.0,-35.22206248065061,28.994121645220616,-41.3704205352553,35.14247969982531,1,24,4,6
2000-05-15 18:30:00,8,-5.0,-0.7463591546843631,19.518596998745053,1.0,-32.854451217619975,31.36173290825125,-39.00280927222467,37.51009096285594,1,24,4,6
2000-05-15 19:30:00,8,-4.0,2.6837733236678716,19.518596998745053,1.0,-29.42431873926774,34.79186538660348,-35.57267679387243,40.940223441208175,1,24,4,6
2000-05-15 20:30:00,8,4.0,3.0902133342209623,19.518596998745053,-2.0,-29.01787872871465,35.198305397156574,-35.16623678331934,41.346663451761266,1,24,4,6
2000-05-15 21:30:00,8,7.0,-1.5531771513665191,19.518596998745053,-3.0,-33.66126921430213,30.554914911569092,-39.80962726890682,36.703272966173785,1,24,4,6
2000-05-15 22:30:00,8,2.0,-2.768855806798534,19.518596998745053,-4.0,-34.876947869734146,29.339236256137077,-41.02530592433884,35.48759431074177,1,24,4,6
2000-05-15 23:30:00,8,1.0,-2.9342898867608014,19.518596998745053,-2.0,-35.04238194969641,29.17380217617481,-41.190740004301105,35.3221602307795,1,24,4,6
2000-05-16 00:30:00,8,3.0,-3.987253356480231,19.518596998745053,-5.0,-36.09534541941584,28.12083870645538,-42.243703474020535,34.26919676106007,1,24,4,6
2000-05-16 01:30:00,8,2.0,0.23370280697314882,19.518596998745053,-4.0,-31.874389255962463,32.34179486990876,-38.022747310567155,38.49015292451345,1,24,4,6
2000-05-16 02:30:00,8,-6.0,7.977913576830204,19.518596998745053,4.0,-24.130178486105407,40.086005639765816,-30.2785365407101,46.23436369437051,1,24,4,6
2000-05-16 03:30:00,8,-22.0,5.978583013476033,19.518596998745053,7.0,-26.12950904945958,38.086675076411645,-32.27786710406427,44.23503313101634,1,24,4,6
2000-05-16 04:30:00,8,-31.0,5.637320169413286,19.518596998745053,2.0,-26.470771893522326,37.7454122323489,-32.61912994812702,43.89377028695359,1,24,4,6
2000-05-16 05:30:00,8,-8.0,5.609562478629599,19.518596998745053,1.0,-26.498529584306013,37.71765454156521,-32.646887638910705,43.8660125961699,1,24,4,6
2000-05-16 06:30:00,8,-5.0,2.7523537319401186,19.518596998745053,3.0,-29.355738330995493,34.86044579487573,-35.504096385600185,41.00880384948042,1,24,4,6
2000-05-16 07:30:00,8,2.0,-3.988252133959705,19.518596998745053,2.0,-36.096344196895316,28.119839928975907,-42.24470225150001,34.2681979835806,1,24,4,6
2000-05-16 08:30:00,8,-3.0,-14.350119958421399,19.518596998745053,-6.0,-46.458212021357014,17.757972104514213,-52.6065700759617,23.906330159118905,1,24,4,6
2000-05-16 09:30:00,8,-10.0,-26.12572031331878,19.518596998745053,-22.0,-58.23381237625439,5.982371749616831,-64.38217043085908,12.130729804221524,1,24,4,6
2000-05-16 10:30:00,8,-9.0,-24.10139372515136,19.518596998745053,-31.0,-56.20948578808697,8.00669833778425,-62.357843842691665,14.155056392388943,1,24,4,6
2000-05-16 11:30:00,8,-14.0,-8.464534662512836,19.518596998745053,-8.0,-40.572626725448444,23.643557400422775,-46.72098478005314,29.791915455027468,1,24,4,6
2000-05-16 12:30:00,8,-10.0,-2.1329096785780024,19.518596998745053,-5.0,-34.241001741513614,29.97518238435761,-40.389359796118306,36.1235404389623,1,24,4,6
2000-05-16 13:30:00,8,-1.0,-3.3556098321701135,19.518596998745053,2.0,-35.46370189510573,28.752482230765498,-41.612059949710414,34.900840285370194,1,24,4,6
2000-05-16 14:30:00,8,5.0,-7.5713016059921046,19.518596998745053,-3.0,-39.679393668927716,24.536790456943507,-45.82775172353241,30.6851485115482,1,24,4,6
2000-05-16 15:30:00,8,-2.0,-11.178400345018673,19.518596998745053,-10.0,-43.286492407954285,20.92969171791694,-49.43485046255898,27.07804977252163,1,24,4,6
2000-05-16 16:30:00,8,-6.0,-11.50848705404491,19.518596998745053,-9.0,-43.61657911698052,20.599605008890702,-49.76493717158522,26.747963063495394,1,24,4,6
2000-05-16 17:30:00,8,-14.0,-12.21523309604763,19.518596998745053,-14.0,-44.32332515898324,19.89285896688798,-50.47168321358794,26.041217021492674,1,24,4,6
2000-05-16 18:30:00,8,-12.0,-7.915084513602601,19.518596998745053,-10.0,-40.02317657653821,24.19300754933301,-46.171534631142904,30.341365603937703,1,24,4,6
2000-05-16 19:30:00,8,-3.0,-5.289048825697929,19.518596998745053,-1.0,-37.397140888633544,26.819043237237683,-43.54549894323823,32.96740129184238,1,24,4,6
2000-05-16 20:30:00,8,-4.0,-3.7767378828322116,19.518596998745053,5.0,-35.88482994576782,28.3313541801034,-42.03318800037252,34.47971223470809,1,24,4,6
2000-05-16 21:30:00,8,-9.0,-5.424443285774096,19.518596998745053,-2.0,-37.53253534870971,26.683648777161515,-43.6808934033144,32.83200683176621,1,24,4,6
2000-05-16 22:30:00,8,-13.0,-8.84114544380629,19.518596998745053,-6.0,-40.9492375067419,23.26694661912932,-47.097595561346594,29.415304673734013,1,24,4,6
2000-05-16 23:30:00,8,-12.0,-16.55224743381428,19.518596998745053,-14.0,-48.66033949674989,15.555844629121331,-54.808697551354584,21.704202683726024,1,24,4,6
2000-05-17 00:30:00,8,-5.0,-15.610385242769247,19.518596998745053,-12.0,-47.71847730570486,16.497706820166364,-53.86683536030955,22.646064874771056,1,24,4,6
2000-05-17 01:30:00,8,-30.0,-14.588924879381533,19.518596998745053,-3.0,-46.69701694231715,17.519167183554078,-52.845374996921834,23.66752523815877,1,24,4,6
2000-05-17 02:30:00,8,-63.0,-14.936200040192823,19.518596998745053,-4.0,-47.044292103128434,17.17189202274279,-53.19265015773313,23.32025007734748,1,24,4,6
2000-05-17 03:30:00,8,-82.0,-15.501334694706635,19.518596998745053,-9.0,-47.60942675764225,16.606757368228976,-53.75778481224694,22.75511542283367,1,24,4,6
2000-05-17 04:30:00,8,-87.0,-15.46629887543827,19.518596998745053,-13.0,-47.57439093837388,16.641793187497342,-53.72274899297857,22.790151242102034,1,24,4,6
2000-05-17 05:30:00,8,-91.0,-10.529222727180027,19.518596998745053,-12.0,-42.63731479011564,21.578869335755584,-48.78567284472033,27.727227390360277,1,24,4,6
2000-05-17 06:30:00,8,-73.0,-18.955558055781353,19.518596998745053,-5.0,-51.063650118716964,13.152534007154259,-57.21200817332166,19.30089206175895,1,24,4,6
2000-05-17 07:30:00,8,-69.0,-39.76481865035444,19.518596998745053,-30.0,-71.87291071329005,-7.656726587418831,-78.02126876789475,-1.5083685328141385,1,24,4,6
2000-05-17 08:30:00,8,-66.0,-65.20976504081514,19.518596998745053,-63.0,-97.31785710375075,-33.10167297787953,-103.46621515835545,-26.95331492327484,1,24,4,6
2000-05-17 09:30:00,8,-60.0,-83.23409878480581,19.518596998745053,-82.0,-115.34219084774142,-51.1260067218702,-121.49054890234612,-44.977648667265505,1,24,4,6
2000-05-17 10:30:00,8,-51.0,-79.29365806200508,19.518596998745053,-87.0,-111.40175012494069,-47.18556599906947,-117.55010817954539,-41.037207944464775,1,24,4,6
2000-05-17 11:30:00,8,-45.0,-64.92222116604765,19.518596998745053,-91.0,-97.03031322898326,-32.81412910311204,-103.17867128358796,-26.665771048507345,1,24,4,6
2000-05-17 12:30:00,8,-47.0,-53.31488244865281,19.518596998745053,-73.0,-85.42297451158842,-21.2067903857172,-91.57133256619312,-15.058432331112506,1,24,4,6
2000-05-17 13:30:00,8,-46.0,-48.6659697871169,19.518596998745053,-69.0,-80.7740618500525,-16.55787772418129,-86.9224199046572,-10.409519669576596,1,24,4,6
2000-05-17 14:30:00,8,-47.0,-49.010245147512414,19.518596998745053,-66.0,-81.11833721044803,-16.902153084576803,-87.26669526505272,-10.75379502997211,1,24,4,6
2000-05-17 15:30:00,8,-50.0,-49.218422048427826,19.518596998745053,-60.0,-81.32651411136344,-17.110329985492214,-87.47487216596812,-10.961971930887522,1,24,4,6
2000-05-17 16:30:00,8,-49.0,-46.828309392297726,19.518596998745053,-51.0,-78.93640145523334,-14.720217329362114,-85.08475950983802,-8.571859274757422,1,24,4,6
2000-05-17 17:30:00,8,-48.0,-43.24602981123908,19.518596998745053,-45.0,-75.3541218741747,-11.137937748303472,-81.5024799287794,-4.989579693698779,1,24,4,6
2000-05-17 18:30:00,8,-45.0,-38.51765827445109,19.518596998745053,-47.0,-70.6257503373867,-6.409566211515475,-76.77410839199139,-0.2612081569107829,1,24,4,6
2000-05-17 19:30:00,8,-43.0,-38.658143725290685,19.518596998745053,-46.0,-70.7662357882263,-6.550051662355074,-76.91459384283098,-0.40169360775038143,1,24,4,6
2000-05-17 20:30:00,8,-43.0,-40.6141783253029,19.518596998745053,-47.0,-72.72227038823851,-8.50608626236729,-78.87062844284321,-2.357728207762598,1,24,4,6
2000-05-17 21:30:00,8,-38.0,-42.28424409026498,19.518596998745053,-50.0,-74.39233615320059,-10.176152027329366,-80.54069420780527,-4.027793972724673,1,24,4,6
2000-05-17 22:30:00,8,-28.0,-42.35057146924615,19.518596998745053,-49.0,-74.45866353218176,-10.242479406310537,-80.60702158678646,-4.094121351705844,1,24,4,6
2000-05-17 23:30:00,8,-23.0,-41.52394785386514,19.518596998745053,-48.0,-73.63203991680075,-9.415855790929527,-79.78039797140545,-3.2674977363248345,1,24,4,6
2000-05-18 00:30:00,8,-24.0,-40.81801678654185,19.518596998745053,-45.0,-72.92610884947746,-8.709924723606235,-79.07446690408216,-2.561566669001543,1,24,4,6
2000-05-18 01:30:00,8,-27.0,-42.392962868493555,19.518596998745053,-43.0,-74.50105493142917,-10.284870805557944,-80.64941298603387,-4.136512750953251,1,24,4,6
2000-05-18 02:30:00,8,-33.0,-41.17942395509221,19.518596998745053,-43.0,-73.28751601802782,-9.0713318921566,-79.43587407263252,-2.9229738375519076,1,24,4,6
2000-05-18 03:30:00,8,-35.0,-37.2936304635266,19.518596998745053,-38.0,-69.40172252646221,-5.1855384005909855,-75.55008058106691,0.9628196540137068,1,24,4,6
2000-05-18 04:30:00,8,-33.0,-33.45504279077742,19.518596998745053,-28.0,-65.56313485371302,-1.3469507278418078,-71.71149290831772,4.8014073267628845,1,24,4,6
2000-05-18 05:30:00,8,-26.0,-32.19436828510118,19.518596998745053,-23.0,-64.30246034803679,-0.08627622216556574,-70.45081840264149,6.062081832439127,1,24,4,6
2000-05-18 06:30:00,8,-26.0,-29.806186136367742,19.518596998745053,-24.0,-61.914278199303354,2.301905926567869,-68.06263625390804,8.450263981172562,1,24,4,6
2000-05-18 07:30:00,8,-32.0,-29.240465682678323,19.518596998745053,-27.0,-61.34855774561393,2.8676263802572883,-67.49691580021863,9.01598443486198,1,24,4,6
2000-05-18 08:30:00,8,-30.0,-32.065986075245476,19.518596998745053,-33.0,-64.17407813818109,0.042105987690135294,-70.32243619278577,6.190464042294828,1,24,4,6
2000-05-18 09:30:00,8,-28.0,-35.663974293250156,19.518596998745053,-35.0,-67.77206635618577,-3.5558822303145448,-73.92042441079046,2.5924758242901476,1,24,4,6
2000-05-18 10:30:00,8,-25.0,-38.16678075215785,19.518596998745053,-33.0,-70.27487281509346,-6.058688689222237,-76.42323086969816,0.08966936538245562,1,24,4,6
2000-05-18 11:30:00,8,-21.0,-37.350952661298166,19.518596998745053,-26.0,-69.45904472423378,-5.2428605983625545,-75.60740277883846,0.9054974562421378,1,24,4,6
2000-05-18 12:30:00,8,-20.0,-34.09829623629207,19.518596998745053,-26.0,-66.20638829922768,-1.9902041733564602,-72.35474635383238,4.158153881248232,1,24,4,6
2000-05-18 13:30:00,8,-19.0,-33.33983455991529,19.518596998745053,-32.0,-65.4479266228509,-1.2317424969796775,-71.5962846774556,4.916615557625015,1,24,4,6
2000-05-18 14:30:00,8,-13.0,-32.54741994020058,19.518596998745053,-30.0,-64.65551200313618,-0.43932787726496514,-70.80387005774088,5.709030177339727,1,24,4,6
2000-05-18 15:30:00,8,-10.0,-32.500678252354064,19.518596998745053,-28.0,-64.60877031528968,-0.39258618941845214,-70.75712836989436,5.75577186518624,1,24,4,6
2000-05-18 16:30:00,8,-9.0,-30.323149429368684,19.518596998745053,-25.0,-62.431241492304295,1.7849426335669278,-68.57959954690898,7.93330068817162,1,24,4,6
2000-05-18 17:30:00,8,-10.0,-27.964574848342004,19.518596998745053,-21.0,-60.072666911277615,4.143517214593608,-66.22102496588231,10.2918752691983,1,24,4,6
2000-05-18 18:30:00,8,-10.0,-25.68176256770053,19.518596998745053,-20.0,-57.78985463063614,6.4263294952350805,-63.938212685240835,12.574687549839773,1,24,4,6
2000-05-18 19:30:00,8,-8.0,-23.58187106485927,19.518596998745053,-19.0,-55.68996312779488,8.52622099807634,-61.838321182399575,14.674579052681032,1,24,4,6
2000-05-18 20:30:00,8,-8.0,-21.926537267719418,19.518596998745053,-13.0,-54.03462933065503,10.181554795216194,-60.18298738525972,16.329912849820886,1,24,4,6
2000-05-18 21:30:00,8,-7.0,-20.819978519897198,19.518596998745053,-10.0,-52.92807058283281,11.288113543038413,-59.0764286374375,17.436471597643106,1,24,4,6
2000-05-18 22:30:00,8,-9.0,-20.388866162417727,19.518596998745053,-9.0,-52.49695822535334,11.719225900517884,-58.64531627995803,17.867583955122576,1,24,4,6
2000-05-18 23:30:00,8,-9.0,-19.919695065405048,19.518596998745053,-10.0,-52.02778712834066,12.188396997530564,-58.17614518294535,18.336755052135256,1,24,4,6
2000-05-19 00:30:00,8,-9.0,-19.50050677007924,19.518596998745053,-10.0,-51.60859883301485,12.60758529285637,-57.756956887619545,18.755943347461063,1,24,4,6
2000-05-19 01:30:00,8,-9.0,-18.53743327351239,19.518596998745053,-8.0,-50.645525336448,13.57065878942322,-56.793883391052695,19.719016844027912,1,24,4,6
2000-05-19 02:30:00,8,-11.0,-18.31974602268538,19.518596998745053,-8.0,-50.42783808562099,13.788346040250232,-56.57619614022568,19.936704094854925,1,24,4,6
2000-05-19 03:30:00,8,-12.0,-17.307979812009307,19.518596998745053,-7.0,-49.41607187494492,14.800112250926304,-55.56442992954961,20.948470305530996,1,24,4,6
2000-05-19 04:30:00,8,-8.0,-16.912022341020872,19.518596998745053,-9.0,-49.020114403956484,15.19606972191474,-55.168472458561176,21.34442777651943,1,24,4,6
2000-05-19 05:30:00,8,0.0,-15.988349691225274,19.518596998745053,-9.0,-48.096441754160885,16.119742371710338,-54.24479980876558,22.26810042631503,1,24,4,6
2000-05-19 06:30:00,8,-3.0,-16.045041873109906,19.518596998745053,-9.0,-48.15313393604552,16.063050189825706,-54.301491990650206,22.211408244430398,1,24,4,6
2000-05-19 07:30:00,8,-7.0,-15.307463200398264,19.518596998745053,-9.0,-47.41555526333387,16.800628862537348,-53.56391331793857,22.94898691714204,1,24,4,6
2000-05-19 08:30:00,8,-10.0,-15.953063021594584,19.518596998745053,-11.0,-48.0611550845302,16.155029041341027,-54.209513139134884,22.30338709594572,1,24,4,6
2000-05-19 09:30:00,8,-11.0,-13.93307949707344,19.518596998745053,-12.0,-46.04117156000905,18.175012565862172,-52.18952961461375,24.323370620466864,1,24,4,6
2000-05-19 10:30:00,8,-9.0,-12.983734566879534,19.518596998745053,-8.0,-45.091826629815145,19.124357496056078,-51.24018468441984,25.27271555066077,1,24,4,6
2000-05-19 11:30:00,8,-3.0,-10.92676853179901,19.518596998745053,0.0,-43.034860594734624,21.181323531136602,-49.18321864933931,27.329681585741294,1,24,4,6
2000-05-19 12:30:00,8,-3.0,-11.186274965609147,19.518596998745053,-3.0,-43.294367028544755,20.921817097326464,-49.442725083149455,27.070175151931156,1,24,4,6
2000-05-19 13:30:00,8,-5.0,-12.030727452594224,19.518596998745053,-7.0,-44.13881951552983,20.077364610341387,-50.28717757013453,26.22572266494608,1,24,4,6
2000-05-19 14:30:00,8,-6.0,-13.608939213225916,19.518596998745053,-10.0,-45.71703127616153,18.499152849709695,-51.86538933076622,24.647510904314387,1,24,4,6
2000-05-19 15:30:00,8,-6.0,-16.120380213262937,19.518596998745053,-11.0,-48.228472276198545,15.987711849672674,-54.376830330803244,22.136069904277367,1,24,4,6
2000-05-19 16:30:00,8,-8.0,-13.76658884000905,19.518596998745053,-9.0,-45.87468090294466,18.341503222926562,-52.02303895754935,24.489861277531254,1,24,4,6
2000-05-19 17:30:00,8,-8.0,-12.526030915001545,19.518596998745053,-3.0,-44.63412297793715,19.582061147934066,-50.78248103254185,25.73041920253876,1,24,4,6
2000-05-19 18:30:00,8,-8.0,-12.580075874168589,19.518596998745053,-3.0,-44.6881679371042,19.528016188767022,-50.836525991708896,25.676374243371715,1,24,4,6
2000-05-19 19:30:00,8,-7.0,-14.621357403645533,19.518596998745053,-5.0,-46.729449466581144,17.48673465929008,-52.87780752118584,23.63509271389477,1,24,4,6
2000-05-19 20:30:00,8,-5.0,-14.064878820620486,19.518596998745053,-6.0,-46.1729708835561,18.043213242315126,-52.32132893816079,24.191571296919818,1,24,4,6
2000-05-19 21:30:00,8,-4.0,-13.774121286833406,19.518596998745053,-6.0,-45.88221334976902,18.333970776102205,-52.03057140437371,24.482328830706898,1,24,4,6
2000-05-19 22:30:00,8,-4.0,-13.65679961276891,19.518596998745053,-8.0,-45.76489167570452,18.4512924501667,-51.91324973030922,24.599650504771393,1,24,4,6
2000-05-19 23:30:00,8,-5.0,-13.405840587156948,19.518596998745053,-8.0,-45.513932650092556,18.702251475778663,-51.662290704697256,24.850609530383355,1,24,4,6
2000-05-20 00:30:00,8,-4.0,-13.034286116853327,19.518596998745053,-8.0,-45.142378179788935,19.073805946082285,-51.290736234393634,25.222164000686977,1,24,4,6
2000-05-20 01:30:00,8,-4.0,-12.81315169653119,19.518596998745053,-7.0,-44.921243759466805,19.294940366404422,-51.06960181407149,25.443298421009114,1,24,4,6
2000-05-20 02:30:00,8,-6.0,-12.427464062496043,19.518596998745053,-5.0,-44.535556125431654,19.68062800043957,-50.683914180036346,25.82898605504426,1,24,4,6
2000-05-20 03:30:00,8,-9.0,-13.20408753630338,19.518596998745053,-4.0,-45.31217959923899,18.90400452663223,-51.46053765384369,25.052362581236924,1,24,4,6
2000-05-20 04:30:00,8,-6.0,-12.580822645293289,19.518596998745053,-4.0,-44.6889147082289,19.527269417642323,-50.83727276283359,25.675627472247015,1,24,4,6
2000-05-20 05:30:00,8,-3.0,-11.704506382331132,19.518596998745053,-5.0,-43.812598445266744,20.40358568060448,-49.960956499871436,26.55194373520917,1,24,4,6
2000-05-20 06:30:00,8,-4.0,-10.958040439640104,19.518596998745053,-4.0,-43.06613250257571,21.150051623295507,-49.21449055718041,27.2984096779002,1,24,4,6
2000-05-20 07:30:00,8,-6.0,-10.233374202629523,19.518596998745053,-4.0,-42.34146626556513,21.874717860306088,-48.48982432016983,28.02307591491078,1,24,4,6
2000-05-20 08:30:00,8,-7.0,-10.034964281950302,19.518596998745053,-6.0,-42.14305634488591,22.07312778098531,-48.291414399490606,28.221485835590002,1,24,4,6
2000-05-20 09:30:00,8,-6.0,-10.435878648577603,19.518596998745053,-9.0,-42.54397071151321,21.67221341435801,-48.69232876611791,27.8205714689627,1,24,4,6
2000-05-20 10:30:00,8,-8.0,-10.177574446918683,19.518596998745053,-6.0,-42.285666509854295,21.930517616016928,-48.43402456445899,28.07887567062162,1,24,4,6
2000-05-20 11:30:00,8,-8.0,-8.898764731638302,19.518596998745053,-3.0,-41.00685679457391,23.20932733129731,-47.155214849178606,29.357685385902002,1,24,4,6
2000-05-20 12:30:00,8,-8.0,-8.092404507967576,19.518596998745053,-4.0,-40.200496570903184,24.015687554968036,-46.34885462550788,30.164045609572728,1,24,4,6
2000-05-20 13:30:00,8,-6.0,-7.39402322735544,19.518596998745053,-6.0,-39.50211529029105,24.71406883558017,-45.650473344895744,30.862426890184864,1,24,4,6
2000-05-20 14:30:00,8,-5.0,-7.524907004879637,19.518596998745053,-7.0,-39.63299906781525,24.583185058055975,-45.78135712241994,30.731543112660667,1,24,4,6
2000-05-20 15:30:00,8,-2.0,-7.834393928391741,19.518596998745053,-6.0,-39.94248599132735,24.27369813454387,-46.090844045932045,30.422056189148563,1,24,4,6
2000-05-20 16:30:00,8,-3.0,-8.323200713212675,19.518596998745053,-8.0,-40.43129277614828,23.784891349722937,-46.57965083075298,29.93324940432763,1,24,4,6
2000-05-20 17:30:00,8,0.0,-8.063782134828969,19.518596998745053,-8.0,-40.17187419776458,24.044309928106642,-46.32023225236927,30.192667982711335,1,24,4,6
2000-05-20 18:30:00,8,-1.0,-7.364654083092137,19.518596998745053,-8.0,-39.472746146027745,24.743437979843474,-45.621104200632445,30.891796034448166,1,24,4,6
2000-05-20 19:30:00,8,-3.0,-6.726839871067405,19.518596998745053,-6.0,-38.834931934003016,25.381252191868207,-44.98328998860771,31.5296102464729,1,24,4,6
2000-05-20 20:30:00,8,-3.0,-5.977571802670077,19.518596998745053,-5.0,-38.08566386560569,26.130520260265534,-44.23402192021038,32.27887831487023,1,24,4,6
2000-05-20 21:30:00,8,-5.0,-4.391878458881962,19.518596998745053,-2.0,-36.49997052181757,27.71621360405365,-42.648328576422266,33.86457165865834,1,24,4,6
2000-05-20 22:30:00,8,-6.0,-3.9552184936200945,19.518596998745053,-3.0,-36.063310556555706,28.152873569315517,-42.2116686111604,34.30123162392021,1,24,4,6
2000-05-20 23:30:00,8,-8.0,-3.4349201623919754,19.518596998745053,0.0,-35.54301222532759,28.673171900543636,-41.69137027993228,34.82152995514833,1,24,4,6
2000-05-21 00:30:00,8,-8.0,-5.728894706160524,19.518596998745053,-1.0,-37.836986769096136,26.379197356775087,-43.98534482370083,32.52755541137978,1,24,4,6
2000-05-21 01:30:00,8,-8.0,-5.869056479113251,19.518596998745053,-3.0,-37.977148542048866,26.23903558382236,-44.12550659665355,32.387393638427056,1,24,4,6
2000-05-21 02:30:00,8,-7.0,-5.674526069106612,19.518596998745053,-3.0,-37.782618132042224,26.433565993829,-43.930976186646916,32.58192404843369,1,24,4,6
2000-05-21 03:30:00,8,-1.0,-5.669985330750862,19.518596998745053,-5.0,-37.77807739368647,26.43810673218475,-43.926435448291166,32.58646478678944,1,24,4,6
2000-05-21 04:30:00,8,2.0,-6.2325929857622135,19.518596998745053,-6.0,-38.34068504869782,25.875499077173398,-44.48904310330252,32.02385713177809,1,24,4,6
2000-05-21 05:30:00,8,-2.0,-6.89421370636596,19.518596998745053,-8.0,-39.00230576930157,25.21387835656965,-45.150663823906264,31.362236411174344,1,24,4,6
2000-05-21 06:30:00,8,-4.0,-7.314953343563818,19.518596998745053,-8.0,-39.423045406499426,24.793138719371793,-45.571403461104126,30.941496773976485,1,24,4,6
2000-05-21 07:30:00,8,-4.0,-7.389547224577061,19.518596998745053,-8.0,-39.49763928751267,24.71854483835855,-45.64599734211737,30.866902892963243,1,24,4,6
2000-05-21 08:30:00,8,-4.0,-3.3014631456671957,19.518596998745053,-7.0,-35.40955520860281,28.806628917268416,-41.557913263207496,34.95498697187311,1,24,4,6
2000-05-21 09:30:00,8,-8.0,-1.6692757854156426,19.518596998745053,-1.0,-33.777367848351254,30.43881627751997,-39.925725902955946,36.58717433212466,1,24,4,6
2000-05-21 10:30:00,8,-6.0,-2.463165162502392,19.518596998745053,2.0,-34.571257225438,29.64492690043322,-40.719615280042696,35.79328495503791,1,24,4,6
2000-05-21 11:30:00,8,-2.0,-3.5601534488054476,19.518596998745053,-2.0,-35.66824551174106,28.547938614130164,-41.81660356634575,34.69629666873486,1,24,4,6
2000-05-21 12:30:00,8,1.0,-2.577839613849303,19.518596998745053,-4.0,-34.68593167678492,29.53025244908631,-40.8342897313896,35.678610503691004,1,24,4,6
2000-05-21 13:30:00,8,1.0,-1.630411319142624,19.518596998745053,-4.0,-33.738503382078235,30.477680743792988,-39.88686143668293,36.62603879839768,1,24,4,6
2000-05-21 14:30:00,8,1.0,-3.211383589752309,19.518596998745053,-4.0,-35.31947565268792,28.896708473183303,-41.46783370729261,35.045066527787995,1,24,4,6
2000-05-21 15:30:00,8,1.0,-2.76419484522766,19.518596998745053,-8.0,-34.872286908163275,29.34389721770795,-41.02064496276796,35.49225527231265,1,24,4,6
2000-05-21 16:30:00,8,-2.0,-3.0678625027308897,19.518596998745053,-6.0,-35.1759545656665,29.040229560204722,-41.32431262027119,35.188587614809414,1,24,4,6
2000-05-21 17:30:00,8,-2.0,-1.5895146181370698,19.518596998745053,-2.0,-33.697606681072685,30.51857744479854,-39.84596473567737,36.66693549940324,1,24,4,6
2000-05-21 18:30:00,8,0.0,-0.5366482517837028,19.518596998745053,1.0,-32.644740314719314,31.57144381115191,-38.79309836932401,37.7198018657566,1,24,4,6
2000-05-21 19:30:00,8,1.0,-0.8503614837043187,19.518596998745053,1.0,-32.95845354663993,31.257730579231293,-39.10681160124462,37.406088633835985,1,24,4,6
2000-05-21 20:30:00,8,3.0,-1.4019640905622133,19.518596998745053,1.0,-33.51005615349783,30.706127972373398,-39.65841420810251,36.854486026978094,1,24,4,6
2000-05-21 21:30:00,8,4.0,-1.686809878944171,19.518596998745053,1.0,-33.794901941879786,30.42128218399144,-39.94325999648447,36.569640238596136,1,24,4,6
2000-05-21 22:30:00,8,3.0,-1.2693162685545971,19.518596998745053,-2.0,-33.37740833149021,30.838775794381014,-39.5257663860949,36.98713384898571,1,24,4,6
2000-05-21 23:30:00,8,5.0,-1.6674493173397522,19.518596998745053,-2.0,-33.775541380275364,30.44064274559586,-39.923899434880056,36.58900080020055,1,24,4,6
2000-05-22 00:30:00,8,9.0,-1.9541030779183473,19.518596998745053,0.0,-34.06219514085396,30.153988985017264,-40.21055319545865,36.30234703962196,1,24,4,6
2000-05-22 01:30:00,8,8.0,-2.1470913939925573,19.518596998745053,1.0,-34.255183456928165,29.961000668943054,-40.403541511532865,36.10935872354774,1,24,4,6
2000-05-22 02:30:00,8,8.0,-2.1367521974920862,19.518596998745053,3.0,-34.2448442604277,29.971339865443525,-40.39320231503239,36.11969792004822,1,24,4,6
2000-05-22 03:30:00,8,9.0,-2.278247985735682,19.518596998745053,4.0,-34.38634004867129,29.82984407719993,-40.534698103275986,35.97820213180462,1,24,4,6
2000-05-22 04:30:00,8,8.0,-2.73240967673739,19.518596998745053,3.0,-34.840501739673,29.37568238619822,-40.988859794277694,35.524040440802914,1,24,4,6
2000-05-22 05:30:00,8,8.0,-0.22865024655118305,19.518596998745053,5.0,-32.336742309486795,31.87944181638443,-38.48510036409149,38.02779987098912,1,24,4,6
2000-05-22 06:30:00,8,8.0,1.6032093781383736,19.518596998745053,9.0,-30.504882684797238,33.711301441073985,-36.65324073940193,39.85965949567868,1,24,4,6
2000-05-22 07:30:00,8,6.0,2.173652349996793,19.518596998745053,8.0,-29.93443971293882,34.281744412932404,-36.08279776754351,40.4301024675371,1,24,4,6
2000-05-22 08:30:00,8,4.0,1.5930505164605862,19.518596998745053,8.0,-30.515041546475025,33.7011425793962,-36.66339960107972,39.84950063400089,1,24,4,6
2000-05-22 09:30:00,8,4.0,-1.832122754267882,19.518596998745053,9.0,-33.9402148172035,30.27596930866773,-40.08857287180818,36.424327363272425,1,24,4,6
2000-05-22 10:30:00,8,-1.0,-3.6057966548234077,19.518596998745053,8.0,-35.71388871775902,28.502295408112204,-41.86224677236371,34.650653462716896,1,24,4,6
2000-05-22 11:30:00,8,-5.0,-3.9465855419803866,19.518596998745053,8.0,-36.054677604915994,28.161506520955225,-42.203035659520694,34.309864575559914,1,24,4,6
2000-05-22 12:30:00,8,-6.0,-2.913937483631628,19.518596998745053,8.0,-35.02202954656724,29.194154579303984,-41.17038760117193,35.342512633908676,1,24,4,6
2000-05-22 13:30:00,8,-6.0,-2.5359834391076816,19.518596998745053,6.0,-34.64407550204329,29.57210862382793,-40.792433556647985,35.72046667843262,1,24,4,6
2000-05-22 14:30:00,8,-5.0,-3.2516121271199765,19.518596998745053,4.0,-35.35970419005559,28.856479935815635,-41.50806224466028,35.00483799042033,1,24,4,6
2000-05-22 15:30:00,8,-4.0,-8.246902899323572,19.518596998745053,4.0,-40.354994962259184,23.86118916361204,-46.503353016863876,30.00954721821673,1,24,4,6
2000-05-22 16:30:00,8,-8.0,-12.357669862148047,19.518596998745053,-1.0,-44.465761925083655,19.750422200787565,-50.614119979688354,25.898780255392257,1,24,4,6
2000-05-22 17:30:00,8,-9.0,-14.346464710284717,19.518596998745053,-5.0,-46.45455677322033,17.761627352650894,-52.60291482782502,23.909985407255586,1,24,4,6
2000-05-22 18:30:00,8,-9.0,-12.619668615687054,19.518596998745053,-6.0,-44.727760678622666,19.488423447248557,-50.87611873322736,25.63678150185325,1,24,4,6
2000-05-22 19:30:00,8,-2.0,-6.004927208080094,19.518596998745053,-6.0,-38.1130192710157,26.103164854855518,-44.2613773256204,32.251522909460206,1,24,4,6
2000-05-22 20:30:00,8,1.0,-3.036907336821944,19.518596998745053,-5.0,-35.14499939975755,29.071184726113668,-41.29335745436225,35.219542780718356,1,24,4,6
2000-05-22 21:30:00,8,6.0,-2.341376733599141,19.518596998745053,-4.0,-34.44946879653475,29.76671532933647,-40.597826851139445,35.91507338394116,1,24,4,6
2000-05-22 22:30:00,8,10.0,-3.0475309074658767,19.518596998745053,-8.0,-35.15562297040149,29.060561155469735,-41.30398102500618,35.20891921007443,1,24,4,6
2000-05-22 23:30:00,8,11.0,-4.111152627602831,19.518596998745053,-9.0,-36.219244690538446,27.99693943533278,-42.36760274514313,34.14529748993748,1,24,4,6
2000-05-23 00:30:00,8,8.0,-0.8450023026917748,19.518596998745053,-9.0,-32.953094365627386,31.263089760243837,-39.10145242023208,37.41144781484853,1,24,4,6
2000-05-23 01:30:00,8,8.0,-1.2356029046525698,19.518596998745053,-2.0,-33.34369496758818,30.87248915828304,-39.49205302219288,37.02084721288773,1,24,4,6
2000-05-23 02:30:00,8,6.0,-0.7356962802970273,19.518596998745053,1.0,-32.84378834323264,31.372395782638584,-38.99214639783733,37.52075383724328,1,24,4,6
2000-05-23 03:30:00,8,5.0,-1.08429736445202,19.518596998745053,6.0,-33.19238942738763,31.02379469848359,-39.340747481992324,37.172152753088284,1,24,4,6
2000-05-23 04:30:00,8,10.0,-2.9522748173460336,19.518596998745053,10.0,-35.06036688028165,29.155817245589578,-41.208724934886334,35.304175300194274,1,24,4,6
2000-05-23 05:30:00,8,6.0,-4.119905802457659,19.518596998745053,11.0,-36.22799786539327,27.988186260477953,-42.37635591999796,34.136544315082645,1,24,4,6
2000-05-23 06:30:00,8,8.0,-5.279985844865674,19.518596998745053,8.0,-37.38807790780129,26.828106218069937,-43.536435962405974,32.97646427267463,1,24,4,6
2000-05-23 07:30:00,8,5.0,-5.440502332932478,19.518596998745053,8.0,-37.54859439586809,26.667589730003133,-43.69695245047278,32.81594778460783,1,24,4,6
2000-05-23 08:30:00,8,-1.0,-6.996269344094902,19.518596998745053,6.0,-39.10436140703051,25.11182271884071,-45.25271946163521,31.260180773445402,1,24,4,6
2000-05-23 09:30:00,8,-1.0,-7.6737803369588775,19.518596998745053,5.0,-39.78187239989449,24.434311725976734,-45.93023045449918,30.582669780581426,1,24,4,6
2000-05-23 10:30:00,8,12.0,-10.516698704943206,19.518596998745053,10.0,-42.62479076787882,21.591393357992406,-48.773148822483506,27.739751412597098,1,24,4,6
2000-05-23 11:30:00,8,14.0,-6.873905230950008,19.518596998745053,6.0,-38.98199729388562,25.234186831985603,-45.13035534849031,31.382544886590296,1,24,4,6
2000-05-23 12:30:00,8,17.0,-3.9425881200775876,19.518596998745053,8.0,-36.0506801830132,28.165503942858024,-42.19903823761789,34.313861997462716,1,24,4,6
2000-05-23 13:30:00,8,15.0,-4.255889818684903,19.518596998745053,5.0,-36.36398188162052,27.85220224425071,-42.5123399362252,34.000560298855405,1,24,4,6
2000-05-23 14:30:00,8,15.0,-11.332057173868815,19.518596998745053,-1.0,-43.44014923680443,20.776034889066796,-49.588507291409115,26.92439294367149,1,24,4,6
2000-05-23 15:30:00,8,17.0,-11.922054914063775,19.518596998745053,-1.0,-44.03014697699939,20.186037148871836,-50.178505031604075,26.33439520347653,1,24,4,6
2000-05-23 16:30:00,8,13.0,-3.3363833656902564,19.518596998745053,12.0,-35.444475428625864,28.771708697245355,-41.592833483230564,34.920066751850044,1,24,4,6
2000-05-23 17:30:00,8,22.0,0.023023182396791242,19.518596998745053,14.0,-32.08506888053882,32.1311152453324,-38.23342693514351,38.279473299937095,1,24,4,6
2000-05-23 18:30:00,8,29.0,1.30757124421433,19.518596998745053,17.0,-30.80052081872128,33.41566330714994,-36.948878873325974,39.564021361754634,1,24,4,6
2000-05-23 19:30:00,8,36.0,1.0768605824107595,19.518596998745053,15.0,-31.031231480524852,33.18495264534637,-37.179589535129544,39.33331069995106,1,24,4,6
2000-05-23 20:30:00,8,20.0,1.512667425242249,19.518596998745053,15.0,-30.595424637693363,33.62075948817786,-36.743782692298055,39.76911754278255,1,24,4,6
2000-05-23 21:30:00,8,28.0,3.0252650542363355,19.518596998745053,17.0,-29.082827008699276,35.13335711717195,-35.23118506330397,41.28171517177664,1,24,4,6
2000-05-23 22:30:00,8,20.0,3.3383193704586844,19.518596998745053,13.0,-28.769772692476927,35.446411433394296,-34.91813074708162,41.59476948799899,1,24,4,6
2000-05-23 23:30:00,8,15.0,7.457846444092702,19.518596998745053,22.0,-24.65024561884291,39.565938507028314,-30.7986036734476,45.714296561633006,1,24,4,6
2000-05-24 00:30:00,8,5.0,11.912033332897401,19.518596998745053,29.0,-20.19605873003821,44.02012539583301,-26.344416784642902,50.168483450437705,1,24,4,6
2000-05-24 01:30:00,8,17.0,3.603450863545575,19.518596998745053,36.0,-28.504641199390036,35.71154292648119,-34.65299925399473,41.85990098108588,1,24,4,6
2000-05-24 02:30:00,8,-13.0,6.413282415537452,19.518596998745053,20.0,-25.69480964739816,38.521374478473064,-31.84316770200285,44.669732533077756,1,24,4,6
2000-05-24 03:30:00,8,-105.0,2.159311107623715,19.518596998745053,28.0,-29.948780955311896,34.26740317055933,-36.09713900991659,40.41576122516402,1,24,4,6
2000-05-24 04:30:00,8,-128.0,-9.93181969933055,19.518596998745053,20.0,-42.03991176226616,22.17627236360506,-48.18826981687086,28.324630418209754,1,24,4,6
2000-05-24 05:30:00,8,-129.0,-21.983956568857046,19.518596998745053,15.0,-54.09204863179266,10.124135494078566,-60.24040668639735,16.272493548683258,1,24,4,6
2000-05-24 06:30:00,8,-121.0,-10.237325384834197,19.518596998745053,5.0,-42.345417447769805,21.870766678101415,-48.493775502374504,28.019124732706107,1,24,4,6
2000-05-24 07:30:00,8,-129.0,4.520663827513289,19.518596998745053,17.0,-27.587428235422323,36.6287558904489,-33.735786290027015,42.77711394505359,1,24,4,6
2000-05-24 08:30:00,8,-147.0,-54.73866055350588,19.518596998745053,-13.0,-86.84675261644149,-22.63056849057027,-92.99511067104618,-16.482210435965577,1,24,4,6
2000-05-24 09:30:00,8,-141.0,-151.9930940191466,19.518596998745053,-105.0,-184.10118608208222,-119.885001956211,-190.24954413668692,-113.7366439016063,1,24,4,6
2000-05-24 10:30:00,8,-110.0,-159.45106718570815,19.518596998745053,-128.0,-191.55915924864377,-127.34297512277254,-197.70751730324847,-121.19461706816784,1,24,4,6
2000-05-24 11:30:00,8,-102.0,-127.103207808971,19.518596998745053,-129.0,-159.21129987190662,-94.9951157460354,-165.35965792651132,-88.8467576914307,1,24,4,6
2000-05-24 12:30:00,8,-109.0,-131.27198478507665,19.518596998745053,-121.0,-163.38007684801227,-99.16389272214104,-169.52843490261697,-93.01553466753634,1,24,4,6
2000-05-24 13:30:00,8,-102.0,-155.99280941097214,19.518596998745053,-129.0,-188.10090147390775,-123.88471734803653,-194.24925952851245,-117.73635929343183,1,24,4,6
2000-05-24 14:30:00,8,-95.0,-163.66220897323478,19.518596998745053,-147.0,-195.7703010361704,-131.55411691029917,-201.9186590907751,-125.40575885569447,1,24,4,6
2000-05-24 15:30:00,8,-95.0,-147.33552644211437,19.518596998745053,-141.0,-179.44361850504998,-115.22743437917876,-185.59197655965468,-109.07907632457406,1,24,4,6
2000-05-24 16:30:00,8,-93.0,-110.89248519280535,19.518596998745053,-110.0,-143.00057725574095,-78.78439312986974,-149.14893531034565,-72.63603507526506,1,24,4,6
2000-05-24 17:30:00,8,-94.0,-89.34104969952712,19.518596998745053,-102.0,-121.44914176246273,-57.23295763659151,-127.59749981706742,-51.084599581986815,1,24,4,6
2000-05-24 18:30:00,8,-97.0,-85.84782084110012,19.518596998745053,-109.0,-117.95591290403573,-53.739728778164505,-124.10427095864043,-47.59137072355981,1,24,4,6
2000-05-24 19:30:00,8,-87.0,-81.8867572129362,19.518596998745053,-102.0,-113.99484927587181,-49.77866515000059,-120.14320733047651,-43.6303070953959,1,24,4,6
2000-05-24 20:30:00,8,-71.0,-75.80074363352531,19.518596998745053,-95.0,-107.90883569646093,-43.6926515705897,-114.05719375106563,-37.54429351598501,1,24,4,6
2000-05-24 21:30:00,8,-67.0,-76.53307872446973,19.518596998745053,-95.0,-108.64117078740534,-44.42498666153412,-114.78952884201004,-38.27662860692943,1,24,4,6
2000-05-24 22:30:00,8,-68.0,-78.5949623514457,19.518596998745053,-93.0,-110.70305441438131,-46.48687028851009,-116.85141246898601,-40.3385122339054,1,24,4,6
2000-05-24 23:30:00,8,-69.0,-82.59565802487148,19.518596998745053,-94.0,-114.7037500878071,-50.48756596193587,-120.8521081424118,-44.33920790733118,1,24,4,6
2000-05-25 00:30:00,8,-67.0,-84.58838093536377,19.518596998745053,-97.0,-116.69647299829938,-52.48028887242816,-122.84483105290408,-46.33193081782347,1,24,4,6
2000-05-25 01:30:00,8,-72.0,-78.32030779253023,19.518596998745053,-87.0,-110.42839985546584,-46.21221572959462,-116.57675791007054,-40.063857674989926,1,24,4,6
2000-05-25 02:30:00,8,-70.0,-68.91936331867262,19.518596998745053,-71.0,-101.02745538160823,-36.81127125573701,-107.17581343621293,-30.66291320113232,1,24,4,6
2000-05-25 03:30:00,8,-59.0,-63.58355647353098,19.518596998745053,-67.0,-95.6916485364666,-31.47546441059537,-101.84000659107129,-25.32710635599068,1,24,4,6
2000-05-25 04:30:00,8,-59.0,-61.238158761479006,19.518596998745053,-68.0,-93.34625082441462,-29.130066698543395,-99.49460887901931,-22.981708643938703,1,24,4,6
2000-05-25 05:30:00,8,-56.0,-61.04754947787326,19.518596998745053,-69.0,-93.15564154080887,-28.93945741493765,-99.30399959541356,-22.791099360332957,1,24,4,6
2000-05-25 06:30:00,8,-58.0,-61.747169982395114,19.518596998745053,-67.0,-93.85526204533073,-29.639077919459503,-100.00362009993542,-23.49071986485481,1,24,4,6
2000-05-25 07:30:00,8,-61.0,-64.8725759141571,19.518596998745053,-72.0,-96.98066797709271,-32.764483851221485,-103.1290260316974,-26.616125796616792,1,24,4,6
2000-05-25 08:30:00,8,-65.0,-65.07878184793998,19.518596998745053,-70.0,-97.18687391087559,-32.97068978500437,-103.33523196548029,-26.822331730399675,1,24,4,6
2000-05-25 09:30:00,8,-67.0,-60.02570763697602,19.518596998745053,-59.0,-92.13379969991163,-27.91761557404041,-98.28215775451633,-21.76925751943572,1,24,4,6
2000-05-25 10:30:00,8,-62.0,-57.76694924729853,19.518596998745053,-59.0,-89.87504131023414,-25.658857184362915,-96.02339936483884,-19.510499129758223,1,24,4,6
2000-05-25 11:30:00,8,-63.0,-55.176645286119,19.518596998745053,-56.0,-87.28473734905461,-23.068553223183386,-93.43309540365931,-16.920195168578694,1,24,4,6
2000-05-25 12:30:00,8,-63.0,-54.82274744454393,19.518596998745053,-58.0,-86.93083950747953,-22.714655381608317,-93.07919756208423,-16.566297327003625,1,24,4,6
2000-05-25 13:30:00,8,-57.0,-56.28474497188119,19.518596998745053,-61.0,-88.39283703481681,-24.176652908945577,-94.54119508942149,-18.028294854340885,1,24,4,6
2000-05-25 14:30:00,8,-53.0,-58.875883559611864,19.518596998745053,-65.0,-90.98397562254748,-26.767791496676253,-97.13233367715216,-20.61943344207156,1,24,4,6
2000-05-25 15:30:00,8,-54.0,-61.00188315200624,19.518596998745053,-67.0,-93.10997521494185,-28.893791089070632,-99.25833326954654,-22.74543303446594,1,24,4,6
2000-05-25 16:30:00,8,-57.0,-58.192530180889946,19.518596998745053,-62.0,-90.30062224382556,-26.084438117954335,-96.44898029843026,-19.936080063349642,1,24,4,6
2000-05-25 17:30:00,8,-61.0,-57.260666168571724,19.518596998745053,-63.0,-89.36875823150734,-25.152574105636113,-95.51711628611203,-19.00421605103142,1,24,4,6
2000-05-25 18:30:00,8,-63.0,-56.41214921212158,19.518596998745053,-63.0,-88.52024127505719,-24.304057149185965,-94.66859932966187,-18.155699094581273,1,24,4,6
2000-05-25 19:30:00,8,-58.0,-53.221223940103144,19.518596998745053,-57.0,-85.32931600303876,-21.113131877167532,-91.47767405764344,-14.96477382256284,1,24,4,6
2000-05-25 20:30:00,8,-53.0,-50.609589606179114,19.518596998745053,-53.0,-82.71768166911473,-18.501497543243502,-88.86603972371941,-12.35313948863881,1,24,4,6
2000-05-25 21:30:00,8,-47.0,-50.65287227560786,19.518596998745053,-54.0,-82.76096433854347,-18.54478021267225,-88.90932239314816,-12.396422158067558,1,24,4,6
2000-05-25 22:30:00,8,-42.0,-52.20378989842955,19.518596998745053,-57.0,-84.31188196136516,-20.095697835493937,-90.46024001596984,-13.947339780889244,1,24,4,6
2000-05-25 23:30:00,8,-39.0,-54.44469167268411,19.518596998745053,-61.0,-86.55278373561973,-22.336599609748497,-92.70114179022441,-16.188241555143804,1,24,4,6
2000-05-26 00:30:00,8,-39.0,-54.64600775839041,19.518596998745053,-63.0,-86.75409982132602,-22.5379156954548,-92.90245787593071,-16.389557640850107,1,24,4,6
2000-05-26 01:30:00,8,-42.0,-52.05917755453241,19.518596998745053,-58.0,-84.16726961746802,-19.9510854915968,-90.31562767207271,-13.802727436992107,1,24,4,6
2000-05-26 02:30:00,8,-44.0,-49.1955276178943,19.518596998745053,-53.0,-81.30361968082991,-17.087435554958688,-87.45197773543461,-10.939077500353996,1,24,4,6
2000-05-26 03:30:00,8,-46.0,-45.94193830697856,19.518596998745053,-47.0,-78.05003036991417,-13.833846244042945,-84.19838842451887,-7.685488189438253,1,24,4,6
2000-05-26 04:30:00,8,-39.0,-43.023331333127906,19.518596998745053,-42.0,-75.13142339606352,-10.915239270192295,-81.27978145066821,-4.766881215587603,1,24,4,6
2000-05-26 05:30:00,8,-37.0,-40.92711588628749,19.518596998745053,-39.0,-73.03520794922309,-8.819023823351877,-79.18356600382779,-2.6706657687471846,1,24,4,6
2000-05-26 06:30:00,8,-36.0,-40.093231482308596,19.518596998745053,-39.0,-72.20132354524421,-7.9851394193729845,-78.3496815998489,-1.8367813647682922,1,24,4,6
2000-05-26 07:30:00,8,-37.0,-40.51324284426101,19.518596998745053,-42.0,-72.62133490719663,-8.405150781325396,-78.76969296180131,-2.256792726720704,1,24,4,6
2000-05-26 08:30:00,8,-39.0,-41.25243412644471,19.518596998745053,-44.0,-73.36052618938032,-9.1443420635091,-79.50888424398502,-2.995984008904408,1,24,4,6
2000-05-26 09:30:00,8,-27.0,-42.228391158901296,19.518596998745053,-46.0,-74.33648322183691,-10.120299095965684,-80.4848412764416,-3.971941041360992,1,24,4,6
2000-05-26 10:30:00,8,-29.0,-38.94182138329879,19.518596998745053,-39.0,-71.0499134462344,-6.833729320363176,-77.1982715008391,-0.6853712657584836,1,24,4,6
2000-05-26 11:30:00,8,-30.0,-36.124056399600384,19.518596998745053,-37.0,-68.232148462536,-4.015964336664773,-74.38050651714069,2.1323937179399195,1,24,4,6
2000-05-26 12:30:00,8,-32.0,-35.76692149015854,19.518596998745053,-36.0,-67.87501355309415,-3.6588294272229263,-74.02337160769883,2.489528627381766,1,24,4,6
2000-05-26 13:30:00,8,-36.0,-36.56499425943398,19.518596998745053,-37.0,-68.67308632236958,-4.456902196498369,-74.82144437697428,1.6914558581063233,1,24,4,6
2000-05-26 14:30:00,8,-43.0,-37.0784080776077,19.518596998745053,-39.0,-69.1865001405433,-4.970316014672086,-75.334858195148,1.1780420399326061,1,24,4,6
2000-05-26 15:30:00,8,-48.0,-33.41320482291693,19.518596998745053,-27.0,-65.52129688585254,-1.30511275998132,-71.66965494045724,4.843245294623372,1,24,4,6
2000-05-26 16:30:00,8,-49.0,-32.82632306037929,19.518596998745053,-29.0,-64.93441512331489,-0.7182309974436762,-71.08277317791959,5.430127057161016,1,24,4,6
2000-05-26 17:30:00,8,-36.0,-33.12745663792628,19.518596998745053,-30.0,-65.2355487008619,-1.019364574990668,-71.38390675546658,5.128993479614024,1,24,4,6
2000-05-26 18:30:00,8,-35.0,-33.705826394534625,19.518596998745053,-32.0,-65.81391845747024,-1.597734331599014,-71.96227651207494,4.550623723005678,1,24,4,6
2000-05-26 19:30:00,8,-28.0,-34.969571505164396,19.518596998745053,-36.0,-67.07766356810001,-2.8614794422287844,-73.2260216227047,3.286878612375908,1,24,4,6
2000-05-26 20:30:00,8,-19.0,-37.44430858882323,19.518596998745053,-43.0,-69.55240065175884,-5.336216525887622,-75.70075870636353,0.8121415287170706,1,24,4,6
2000-05-26 21:30:00,8,-16.0,-39.09010544822506,19.518596998745053,-48.0,-71.19819751116067,-6.982013385289449,-77.34655556576536,-0.8336553306847563,1,24,4,6
2000-05-26 22:30:00,8,-13.0,-40.99728116021293,19.518596998745053,-49.0,-73.10537322314855,-8.889189097277317,-79.25373127775323,-2.7408310426726246,1,24,4,6
2000-05-26 23:30:00,8,-13.0,-32.36281545939243,19.518596998745053,-36.0,-64.47090752232805,-0.25472339645681785,-70.61926557693273,5.8936346581478745,1,24,4,6
2000-05-27 00:30:00,8,-21.0,-28.19841593770855,19.518596998745053,-35.0,-60.30650800064416,3.9096761252270618,-66.45486605524886,10.058034179831754,1,24,4,6
2000-05-27 01:30:00,8,-21.0,-24.042091312307647,19.518596998745053,-28.0,-56.15018337524326,8.066000750627964,-62.29854142984795,14.214358805232656,1,24,4,6
2000-05-27 02:30:00,8,-19.0,-20.299292931197296,19.518596998745053,-19.0,-52.40738499413291,11.808799131738315,-58.5557430487376,17.957157186343007,1,24,4,6
2000-05-27 03:30:00,8,-22.0,-18.458646607871778,19.518596998745053,-16.0,-50.56673867080739,13.649445455063834,-56.71509672541208,19.797803509668526,1,24,4,6
2000-05-27 04:30:00,8,-20.0,-17.24451582633445,19.518596998745053,-13.0,-49.35260788927006,14.863576236601162,-55.50096594387475,21.011934291205854,1,24,4,6
2000-05-27 05:30:00,8,-15.0,-16.71720177690851,19.518596998745053,-13.0,-48.82529383984412,15.390890286027101,-54.973651894448814,21.539248340631794,1,24,4,6
2000-05-27 06:30:00,8,-14.0,-18.47912270219343,19.518596998745053,-21.0,-50.58721476512904,13.628969360742182,-56.73557281973373,19.777327415346875,1,24,4,6
2000-05-27 07:30:00,8,-15.0,-18.53176544251487,19.518596998745053,-21.0,-50.63985750545048,13.57632662042074,-56.78821556005518,19.724684675025433,1,24,4,6
2000-05-27 08:30:00,8,-21.0,-17.432005086309296,19.518596998745053,-19.0,-49.54009714924491,14.676086976626316,-55.6884552038496,20.824445031231008,1,24,4,6
2000-05-27 09:30:00,8,-26.0,-19.339298998525486,19.518596998745053,-22.0,-51.4473910614611,12.768793064410126,-57.59574911606579,18.917151119014818,1,24,4,6
2000-05-27 10:30:00,8,-28.0,-20.333133454269166,19.518596998745053,-20.0,-52.44122551720478,11.774958608666445,-58.58958357180947,17.923316663271137,1,24,4,6
2000-05-27 11:30:00,8,-27.0,-18.978742640420602,19.518596998745053,-15.0,-51.08683470335622,13.12934942251501,-57.2351927579609,19.2777074771197,1,24,4,6
2000-05-27 12:30:00,8,-17.0,-18.33433002347361,19.518596998745053,-14.0,-50.44242208640922,13.773762039462003,-56.59078014101391,19.922120094066695,1,24,4,6
2000-05-27 13:30:00,8,-14.0,-18.95208545445226,19.518596998745053,-15.0,-51.06017751738787,13.156006608483352,-57.20853557199256,19.304364663088045,1,24,4,6
2000-05-27 14:30:00,8,-18.0,-22.037741429722146,19.518596998745053,-21.0,-54.14583349265776,10.070350633213465,-60.29419154726245,16.218708687818157,1,24,4,6
2000-05-27 15:30:00,8,-21.0,-24.942931955162187,19.518596998745053,-26.0,-57.0510240180978,7.165160107773424,-63.19938207270249,13.313518162378116,1,24,4,6
2000-05-27 16:30:00,8,-25.0,-25.66094661159767,19.518596998745053,-28.0,-57.76903867453328,6.447145451337942,-63.91739672913798,12.595503505942634,1,24,4,6
2000-05-27 17:30:00,8,-28.0,-22.413649367604116,19.518596998745053,-27.0,-54.52174143053973,9.694442695331496,-60.67009948514442,15.842800749936188,1,24,4,6
2000-05-27 18:30:00,8,-23.0,-21.772902402725883,19.518596998745053,-17.0,-53.880994465661495,10.335189660209728,-60.02935252026619,16.48354771481442,1,24,4,6
2000-05-27 19:30:00,8,-21.0,-18.94657946239817,19.518596998745053,-14.0,-51.05467152533378,13.161512600537442,-57.20302957993847,19.309870655142134,1,24,4,6
2000-05-27 20:30:00,8,-25.0,-18.22192362931967,19.518596998745053,-18.0,-50.33001569225528,13.886168433615943,-56.47837374685997,20.034526488220635,1,24,4,6
2000-05-27 21:30:00,8,-29.0,-22.84219888981508,19.518596998745053,-21.0,-54.95029095275069,9.265893173120531,-61.098649007355384,15.414251227725224,1,24,4,6
2000-05-27 22:30:00,8,-24.0,-25.59903859176468,19.518596998745053,-25.0,-57.70713065470029,6.509053471170933,-63.85548870930498,12.657411525775625,1,24,4,6
2000-05-27 23:30:00,8,-21.0,-23.734072499210974,19.518596998745053,-28.0,-55.842164562146586,8.374019563724637,-61.99052261675128,14.52237761832933,1,24,4,6
2000-05-28 00:30:00,8,-22.0,-23.463417674183198,19.518596998745053,-23.0,-55.57150973711881,8.644674388752414,-61.7198677917235,14.793032443357106,1,24,4,6
2000-05-28 01:30:00,8,-27.0,-23.423540558521267,19.518596998745053,-21.0,-55.53163262145688,8.684551504414344,-61.67999067606157,14.832909559019036,1,24,4,6
2000-05-28 02:30:00,8,-27.0,-28.52023036474045,19.518596998745053,-25.0,-60.62832242767606,3.5878616981951623,-66.77668048228075,9.736219752799855,1,24,4,6
2000-05-28 03:30:00,8,-27.0,-21.973220866945162,19.518596998745053,-29.0,-54.081312929880774,10.13487119599045,-60.229670984485466,16.28322925059514,1,24,4,6
2000-05-28 04:30:00,8,-19.0,-19.3453933907382,19.518596998745053,-24.0,-51.45348545367381,12.762698672197413,-57.601843508278506,18.911056726802105,1,24,4,6
2000-05-28 05:30:00,8,-15.0,-19.916985419094996,19.518596998745053,-21.0,-52.02507748203061,12.191106643840616,-58.173435536635296,18.33946469844531,1,24,4,6
2000-05-28 06:30:00,8,-17.0,-18.598663881767866,19.518596998745053,-22.0,-50.706755944703474,13.509428181167745,-56.85511399930817,19.657786235772438,1,24,4,6
2000-05-28 07:30:00,8,-17.0,-19.702084110079937,19.518596998745053,-27.0,-51.81017617301555,12.406007952855674,-57.95853422762024,18.554366007460366,1,24,4,6
2000-05-28 08:30:00,8,-20.0,-20.39158736865231,19.518596998745053,-27.0,-52.49967943158792,11.716504694283302,-58.648037486192614,17.864862748887994,1,24,4,6
2000-05-28 09:30:00,8,-18.0,-22.889488229086243,19.518596998745053,-27.0,-54.99758029202185,9.218603833849368,-61.14593834662655,15.36696188845406,1,24,4,6
2000-05-28 10:30:00,8,-14.0,-22.142607285104557,19.518596998745053,-19.0,-54.25069934804017,9.965484777831055,-60.39905740264486,16.113842832435747,1,24,4,6
2000-05-28 11:30:00,8,-19.0,-20.390997812501233,19.518596998745053,-15.0,-52.499089875436844,11.717094250434378,-58.64744793004154,17.86545230503907,1,24,4,6
2000-05-28 12:30:00,8,-14.0,-20.201572265167457,19.518596998745053,-17.0,-52.30966432810307,11.906519797768155,-58.45802238270776,18.054877852372847,1,24,4,6
2000-05-28 13:30:00,8,-17.0,-20.012710842150796,19.518596998745053,-17.0,-52.12080290508641,12.095381220784816,-58.2691609596911,18.24373927538951,1,24,4,6
2000-05-28 14:30:00,8,-16.0,-18.70304537631243,19.518596998745053,-20.0,-50.81113743924804,13.40504668662318,-56.959495493852735,19.553404741227872,1,24,4,6
2000-05-28 15:30:00,8,-14.0,-19.121801330460784,19.518596998745053,-18.0,-51.229893393396395,12.986290732474828,-57.37825144800109,19.13464878707952,1,24,4,6
2000-05-28 16:30:00,8,-13.0,-21.17416651557799,19.518596998745053,-14.0,-53.282258578513606,10.933925547357621,-59.43061663311829,17.082283601962313,1,24,4,6
2000-05-28 17:30:00,8,-17.0,-22.948788329945053,19.518596998745053,-19.0,-55.056880392880664,9.159303732990558,-61.20523844748536,15.30766178759525,1,24,4,6
2000-05-28 18:30:00,8,-24.0,-21.625371177884688,19.518596998745053,-14.0,-53.7334632408203,10.482720885050924,-59.88182129542499,16.631078939655616,1,24,4,6
2000-05-28 19:30:00,8,-29.0,-18.785426022489712,19.518596998745053,-17.0,-50.89351808542533,13.322666040445899,-57.04187614003001,19.47102409505059,1,24,4,6
2000-05-28 20:30:00,8,-30.0,-16.6977129001418,19.518596998745053,-16.0,-48.80580496307741,15.410379162793813,-54.954163017682106,21.558737217398505,1,24,4,6
2000-05-28 21:30:00,8,-38.0,-17.955369109523016,19.518596998745053,-14.0,-50.06346117245863,14.152722953412596,-56.211819227063316,20.301081008017288,1,24,4,6
2000-05-28 22:30:00,8,-28.0,-18.028780410256743,19.518596998745053,-13.0,-50.136872473192355,14.079311652678868,-56.28523052779705,20.22766970728356,1,24,4,6
2000-05-28 23:30:00,8,-24.0,-21.654703330389488,19.518596998745053,-17.0,-53.7627953933251,10.453388732546124,-59.91115344792979,16.601746787150816,1,24,4,6
2000-05-29 00:30:00,8,-24.0,-26.881489683272306,19.518596998745053,-24.0,-58.98958174620792,5.226602379663305,-65.1379398008126,11.374960434267997,1,24,4,6
2000-05-29 01:30:00,8,-21.0,-30.999959890806085,19.518596998745053,-29.0,-63.10805195374169,1.108132172129526,-69.25641000834639,7.256490226734218,1,24,4,6
2000-05-29 02:30:00,8,-22.0,-29.525110617371553,19.518596998745053,-30.0,-61.633202680307164,2.5829814455640587,-67.78156073491186,8.731339500168751,1,24,4,6
2000-05-29 03:30:00,8,-23.0,-29.322737665565015,19.518596998745053,-38.0,-61.430829728500626,2.7853543973705968,-67.57918778310531,8.933712451975289,1,24,4,6
2000-05-29 04:30:00,8,-24.0,-25.001269114307572,19.518596998745053,-28.0,-57.10936117724319,7.106822948628039,-63.25771923184787,13.255181003232732,1,24,4,6
2000-05-29 05:30:00,8,-22.0,-20.802822435900833,19.518596998745053,-24.0,-52.91091449883645,11.305269627034779,-59.05927255344113,17.45362768163947,1,24,4,6
2000-05-29 06:30:00,8,-24.0,-18.715956656021035,19.518596998745053,-24.0,-50.82404871895665,13.392135406914576,-56.97240677356134,19.54049346151927,1,24,4,6
2000-05-29 07:30:00,8,-27.0,-16.991771948374915,19.518596998745053,-21.0,-49.09986401131053,15.116320114560697,-55.248222065915215,21.26467816916539,1,24,4,6
2000-05-29 08:30:00,8,-28.0,-19.21959366802271,19.518596998745053,-22.0,-51.32768573095832,12.8884983949129,-57.476043785563014,19.036856449517593,1,24,4,6
2000-05-29 09:30:00,8,-21.0,-21.599585610225972,19.518596998745053,-23.0,-53.707677673161584,10.50850645270964,-59.856035727766276,16.65686450731433,1,24,4,6
2000-05-29 10:30:00,8,-18.0,-23.22196206252812,19.518596998745053,-24.0,-55.33005412546373,8.88613000040749,-61.478412180068425,15.034488055012183,1,24,4,6
2000-05-29 11:30:00,8,-12.0,-23.518882192082643,19.518596998745053,-22.0,-55.626974255018254,8.589209870852969,-61.77533230962295,14.737567925457661,1,24,4,6
2000-05-29 12:30:00,8,-5.0,-24.831414519204678,19.518596998745053,-24.0,-56.93950658214029,7.2766775437309335,-63.08786463674498,13.425035598335626,1,24,4,6
2000-05-29 13:30:00,8,-4.0,-23.399562963059196,19.518596998745053,-27.0,-55.50765502599481,8.708529099876415,-61.6560130805995,14.856887154481107,1,24,4,6
2000-05-29 14:30:00,8,-2.0,-19.924658896998633,19.518596998745053,-28.0,-52.03275095993425,12.183433165936979,-58.18110901453893,18.33179122054167,1,24,4,6
2000-05-29 15:30:00,8,-2.0,-16.364689970284704,19.518596998745053,-21.0,-48.47278203322031,15.743402092650907,-54.62114008782501,21.8917601472556,1,24,4,6
2000-05-29 16:30:00,8,-1.0,-15.293970456485752,19.518596998745053,-18.0,-47.402062519421364,16.81412160644986,-53.550420574026056,22.96247966105455,1,24,4,6
2000-05-29 17:30:00,8,-14.0,-13.441278691798995,19.518596998745053,-12.0,-45.54937075473461,18.666813371136616,-51.697728809339296,24.81517142574131,1,24,4,6
2000-05-29 18:30:00,8,-27.0,-13.142704337044098,19.518596998745053,-5.0,-45.250796399979706,18.965387725891514,-51.399154454584405,25.113745780496206,1,24,4,6
2000-05-29 19:30:00,8,-35.0,-13.093583905727233,19.518596998745053,-4.0,-45.20167596866284,19.01450815720838,-51.35003402326754,25.16286621181307,1,24,4,6
2000-05-29 20:30:00,8,-45.0,-14.771853749128919,19.518596998745053,-2.0,-46.879945812064534,17.336238313806692,-53.02830386666922,23.484596368411385,1,24,4,6
2000-05-29 21:30:00,8,-53.0,-14.395878763684667,19.518596998745053,-2.0,-46.503970826620275,17.712213299250944,-52.652328881224975,23.860571353855637,1,24,4,6
2000-05-29 22:30:00,8,-45.0,-18.45022173487363,19.518596998745053,-1.0,-50.55831379780924,13.657870328061982,-56.70667185241393,19.806228382666674,1,24,4,6
2000-05-29 23:30:00,8,-41.0,-25.67795935252985,19.518596998745053,-14.0,-57.786051415465465,6.430132710405761,-63.93440947007015,12.578490765010454,1,24,4,6
2000-05-30 00:30:00,8,-33.0,-13.956499904173121,19.518596998745053,-27.0,-46.06459196710873,18.15159215876249,-52.212950021713425,24.299950213367183,1,24,4,6
2000-05-30 01:30:00,8,-32.0,-31.443051798076965,19.518596998745053,-35.0,-63.55114386101258,0.6650402648586464,-69.69950191561728,6.813398319463339,1,24,4,6
2000-05-30 02:30:00,8,-38.0,-45.95770142006894,19.518596998745053,-45.0,-78.06579348300455,-13.849609357133332,-84.21415153760924,-7.7012513025286395,1,24,4,6
2000-05-30 03:30:00,8,-40.0,-53.08247247794319,19.518596998745053,-53.0,-85.1905645408788,-20.97438041500758,-91.3389225954835,-14.826022360402888,1,24,4,6
2000-05-30 04:30:00,8,-37.0,-49.81553954614139,19.518596998745053,-45.0,-81.923631609077,-17.707447483205776,-88.07198966368169,-11.559089428601084,1,24,4,6
2000-05-30 05:30:00,8,-36.0,-39.81274494146726,19.518596998745053,-41.0,-71.92083700440287,-7.704652878531647,-78.06919505900757,-1.5562948239269545,1,24,4,6
2000-05-30 06:30:00,8,-40.0,-36.68495578676418,19.518596998745053,-33.0,-68.79304784969979,-4.576863723828566,-74.94140590430447,1.571494330776126,1,24,4,6
2000-05-30 07:30:00,8,-40.0,-36.452400594502635,19.518596998745053,-32.0,-68.56049265743825,-4.344308531567023,-74.70885071204293,1.8040495230376692,1,24,4,6
2000-05-30 08:30:00,8,-30.0,-38.43561431107577,19.518596998745053,-38.0,-70.54370637401138,-6.327522248140156,-76.69206442861608,-0.1791641935354633,1,24,4,6
2000-05-30 09:30:00,8,-24.0,-41.1051398800564,19.518596998745053,-40.0,-73.21323194299201,-8.997047817120787,-79.3615899975967,-2.848689762516095,1,24,4,6
2000-05-30 10:30:00,8,-29.0,-40.8720270659353,19.518596998745053,-37.0,-72.98011912887091,-8.763935002999688,-79.12847718347561,-2.6155769483949953,1,24,4,6
2000-05-30 11:30:00,8,-28.0,-40.0418395258214,19.518596998745053,-36.0,-72.14993158875701,-7.9337474628857905,-78.2982896433617,-1.7853894082810982,1,24,4,6
2000-05-30 12:30:00,8,-25.0,-43.6665486538784,19.518596998745053,-40.0,-75.77464071681402,-11.55845659094279,-81.9229987714187,-5.410098536338097,1,24,4,6
2000-05-30 13:30:00,8,-23.0,-41.895903453549984,19.518596998745053,-40.0,-74.00399551648559,-9.787811390614372,-80.15235357109029,-3.63945333600968,1,24,4,6
2000-05-30 14:30:00,8,-26.0,-37.734713255914,19.518596998745053,-30.0,-69.84280531884961,-5.626621192978391,-75.9911633734543,0.5217368616263016,1,24,4,6
2000-05-30 15:30:00,8,-20.0,-34.61619718367153,19.518596998745053,-24.0,-66.72428924660714,-2.5081051207359195,-72.87264730121183,3.640252933868773,1,24,4,6
2000-05-30 16:30:00,8,-23.0,-33.47964202118114,19.518596998745053,-29.0,-65.58773408411676,-1.3715499582455308,-71.73609213872145,4.7768080963591615,1,24,4,6
2000-05-30 17:30:00,8,-23.0,-33.95054537288478,19.518596998745053,-28.0,-66.0586374358204,-1.8424533099491711,-72.20699549042509,4.305904744655521,1,24,4,6
2000-05-30 18:30:00,8,-24.0,-34.23830267275891,19.518596998745053,-25.0,-66.34639473569453,-2.130210609823301,-72.49475279029922,4.018147444781391,1,24,4,6
2000-05-30 19:30:00,8,-24.0,-33.759103485714704,19.518596998745053,-23.0,-65.86719554865032,-1.6510114227790922,-72.015553603255,4.4973466318256,1,24,4,6
2000-05-30 20:30:00,8,-27.0,-32.53020663457778,19.518596998745053,-26.0,-64.63829869751339,-0.4221145716421688,-70.78665675211809,5.7262434829625235,1,24,4,6
2000-05-30 21:30:00,8,-30.0,-31.72343892356734,19.518596998745053,-20.0,-63.831530986502955,0.3846531393682717,-69.97988904110764,6.533011193972964,1,24,4,6
2000-05-30 22:30:00,8,-24.0,-31.76417378562946,19.518596998745053,-23.0,-63.87226584856507,0.34391827730615177,-70.02062390316976,6.492276331910844,1,24,4,6
2000-05-30 23:30:00,8,-24.0,-30.19699452797198,19.518596998745053,-23.0,-62.30508659090759,1.9110975349636306,-68.45344464551229,8.059455589568323,1,24,4,6
2000-05-31 00:30:00,8,-20.0,-28.6832125847097,19.518596998745053,-24.0,-60.79130464764531,3.424879478225911,-66.93966270225,9.573237532830603,1,24,4,6
2000-05-31 01:30:00,8,-19.0,-29.958651136998746,19.518596998745053,-24.0,-62.06674319993436,2.149440925936865,-68.21510125453905,8.297798980541558,1,24,4,6
2000-05-31 02:30:00,8,-21.0,-32.84405107164182,19.518596998745053,-27.0,-64.95214313457743,-0.7359590087062102,-71.10050118918213,5.412399045898482,1,24,4,6
2000-05-31 03:30:00,8,-26.0,-34.61775589499547,19.518596998745053,-30.0,-66.72584795793108,-2.509663832059857,-72.87420601253578,3.638694222544835,1,24,4,6
2000-05-31 04:30:00,8,-26.0,-31.80812375170175,19.518596998745053,-24.0,-63.91621581463736,0.2999683112338616,-70.06457386924205,6.448326365838554,1,24,4,6
2000-05-31 05:30:00,8,-24.0,-26.297263813395645,19.518596998745053,-24.0,-58.40535587633126,5.810828249539966,-64.55371393093594,11.959186304144659,1,24,4,6
2000-05-31 06:30:00,8,-22.0,-23.941093407673286,19.518596998745053,-20.0,-56.0491854706089,8.166998655262326,-62.19754352521359,14.315356709867018,1,24,4,6
2000-05-31 07:30:00,8,-23.0,-23.03080830647697,19.518596998745053,-19.0,-55.13890036941258,9.077283756458641,-61.287258424017274,15.225641811063333,1,24,4,6
2000-05-31 08:30:00,8,-24.0,-23.897728662780377,19.518596998745053,-21.0,-56.00582072571599,8.210363400155234,-62.15417878032068,14.358721454759927,1,24,4,6
2000-05-31 09:30:00,8,-22.0,-27.219199006534243,19.518596998745053,-26.0,-59.32729106946985,4.888893056401368,-65.47564912407455,11.03725111100606,1,24,4,6
2000-05-31 10:30:00,8,-20.0,-28.313592089780105,19.518596998745053,-26.0,-60.42168415271571,3.7944999731555065,-66.57004220732041,9.942858027760199,1,24,4,6
2000-05-31 11:30:00,8,-20.0,-25.040628345350513,19.518596998745053,-24.0,-57.148720408286124,7.067463717585099,-63.297078462890816,13.215821772189791,1,24,4,6
2000-05-31 12:30:00,8,-19.0,-22.54208590910511,19.518596998745053,-22.0,-54.65017797204072,9.5660061538305,-60.798536026645415,15.714364208435192,1,24,4,6
2000-05-31 13:30:00,8,-16.0,-22.102548678627493,19.518596998745053,-23.0,-54.210640741563104,10.005543384308119,-60.358998796167796,16.15390143891281,1,24,4,6
2000-05-31 14:30:00,8,-16.0,-21.618946171830387,19.518596998745053,-24.0,-53.727038234766,10.489145891105224,-59.87539628937069,16.637503945709916,1,24,4,6
2000-05-31 15:30:00,8,-15.0,-20.913524897178917,19.518596998745053,-22.0,-53.02161696011453,11.194567165756695,-59.16997501471922,17.342925220361387,1,24,4,6
2000-05-31 16:30:00,8,-16.0,-19.710189929161032,19.518596998745053,-20.0,-51.818281992096644,12.39790213377458,-57.966640046701336,18.54626018837927,1,24,4,6
2000-05-31 17:30:00,8,-18.0,-19.82586778195723,19.518596998745053,-20.0,-51.93395984489284,12.282224280978383,-58.08231789949753,18.430582335583075,1,24,4,6
2000-05-31 18:30:00,8,-18.0,-19.356201920174627,19.518596998745053,-19.0,-51.46429398311024,12.751890142760985,-57.61265203771493,18.900248197365677,1,24,4,6
2000-05-31 19:30:00,8,-16.0,-19.35395120286845,19.518596998745053,-16.0,-51.46204326580406,12.75414086006716,-57.610401320408755,18.902498914671853,1,24,4,6
2000-05-31 20:30:00,8,-13.0,-19.23753235890982,19.518596998745053,-16.0,-51.34562442184543,12.87055970402579,-57.49398247645013,19.018917758630483,1,24,4,6
2000-05-31 21:30:00,8,-13.0,-19.134825897429792,19.518596998745053,-15.0,-51.2429179603654,12.97326616550582,-57.391276014970096,19.12162422011051,1,24,4,6
2000-05-31 22:30:00,8,-10.0,-18.930641794447368,19.518596998745053,-16.0,-51.03873385738298,13.177450268488244,-57.18709191198767,19.325808323092936,1,24,4,6
2000-05-31 23:30:00,8,-10.0,-19.249933845946614,19.518596998745053,-18.0,-51.358025908882226,12.858158216988997,-57.50638396348692,19.00651627159369,1,24,4,6
2000-06-01 00:30:00,8,-14.0,-19.604050170095313,19.518596998745053,-18.0,-51.712142233030924,12.504041892840299,-57.86050028763562,18.65239994744499,1,24,4,6
2000-06-01 01:30:00,8,-11.0,-19.45503465094434,19.518596998745053,-16.0,-51.56312671387995,12.65305741199127,-57.711484768484645,18.801415466595962,1,24,4,6
2000-06-01 02:30:00,8,-10.0,-19.04327707510702,19.518596998745053,-13.0,-51.15136913804263,13.06481498782859,-57.299727192647325,19.213173042433283,1,24,4,6
2000-06-01 03:30:00,8,-14.0,-17.900266417261392,19.518596998745053,-13.0,-50.008358480197,14.20782564567422,-56.156716534801696,20.356183700278912,1,24,4,6
2000-06-01 04:30:00,8,-12.0,-17.81518190473632,19.518596998745053,-10.0,-49.92327396767193,14.292910158199291,-56.071632022276624,20.441268212803983,1,24,4,6
2000-06-01 05:30:00,8,-16.0,-18.09859310648399,19.518596998745053,-10.0,-50.2066851694196,14.009498956451623,-56.35504322402429,20.157857011056315,1,24,4,6
2000-06-01 06:30:00,8,-17.0,-17.389858757461944,19.518596998745053,-14.0,-49.497950820397556,14.718233305473667,-55.64630887500225,20.86659136007836,1,24,4,6
2000-06-01 07:30:00,8,-18.0,-17.916987848095392,19.518596998745053,-11.0,-50.025079911031,14.19110421484022,-56.1734379656357,20.339462269444912,1,24,4,6
2000-06-01 08:30:00,8,-23.0,-18.65216552448196,19.518596998745053,-10.0,-50.76025758741757,13.455926538453653,-56.90861564202226,19.604284593058345,1,24,4,6
2000-06-01 09:30:00,8,-18.0,-20.158916143648295,19.518596998745053,-14.0,-52.26700820658391,11.949175919287317,-58.415366261188595,18.09753397389201,1,24,4,6
2000-06-01 10:30:00,8,-16.0,-18.2320050395031,19.518596998745053,-12.0,-50.34009710243871,13.876087023432511,-56.488455157043404,20.024445078037203,1,24,4,6
2000-06-01 11:30:00,8,-18.0,-16.89722101365146,19.518596998745053,-16.0,-49.00531307658707,15.210871049284151,-55.153671131191764,21.359229103888843,1,24,4,6
2000-06-01 12:30:00,8,-19.0,-15.513248352928223,19.518596998745053,-17.0,-47.621340415863834,16.59484371000739,-53.769698470468526,22.74320176461208,1,24,4,6
2000-06-01 13:30:00,8,-18.0,-15.02435602466576,19.518596998745053,-18.0,-47.132448087601375,17.08373603826985,-53.28080614220606,23.232094092874544,1,24,4,6
2000-06-01 14:30:00,8,-14.0,-15.498798447264548,19.518596998745053,-23.0,-47.60689051020016,16.609293615671064,-53.75524856480485,22.757651670275756,1,24,4,6
2000-06-01 15:30:00,8,-12.0,-15.000674363271681,19.518596998745053,-18.0,-47.108766426207296,17.10741769966393,-53.25712448081198,23.255775754268623,1,24,4,6
2000-06-01 16:30:00,8,-15.0,-14.150725132172141,19.518596998745053,-16.0,-46.25881719510775,17.95736693076347,-52.407175249712445,24.105724985368163,1,24,4,6
2000-06-01 17:30:00,8,-14.0,-15.577029080535223,19.518596998745053,-18.0,-47.68512114347084,16.53106298240039,-53.83347919807552,22.67942103700508,1,24,4,6
2000-06-01 18:30:00,8,-12.0,-16.51996865654654,19.518596998745053,-19.0,-48.62806071948215,15.588123406389073,-54.77641877408684,21.736481460993765,1,24,4,6
2000-06-01 19:30:00,8,-10.0,-17.65848250374963,19.518596998745053,-18.0,-49.76657456668524,14.44960955918598,-55.914932621289935,20.597967613790672,1,24,4,6
2000-06-01 20:30:00,8,-8.0,-14.671076639053101,19.518596998745053,-14.0,-46.77916870198871,17.43701542388251,-52.92752675659341,23.585373478487202,1,24,4,6
2000-06-01 21:30:00,8,-4.0,-13.642636393233605,19.518596998745053,-12.0,-45.75072845616921,18.465455669702006,-51.89908651077391,24.6138137243067,1,24,4,6
2000-06-01 22:30:00,8,-5.0,-13.016613304230429,19.518596998745053,-15.0,-45.124705367166044,19.091478758705183,-51.27306342177073,25.239836813309875,1,24,4,6
2000-06-01 23:30:00,8,-5.0,-12.382662418983934,19.518596998745053,-14.0,-44.490754481919545,19.725429643951678,-50.63911253652424,25.87378769855637,1,24,4,6
2000-06-02 00:30:00,8,-6.0,-11.825769990660678,19.518596998745053,-12.0,-43.933862053596286,20.282322072274933,-50.082220108200985,26.430680126879626,1,24,4,6
2000-06-02 01:30:00,8,-10.0,-11.999256714051196,19.518596998745053,-10.0,-44.10734877698681,20.108835348884416,-50.255706831591496,26.257193403489108,1,24,4,6
2000-06-02 02:30:00,8,-10.0,-11.924380770879399,19.518596998745053,-8.0,-44.03247283381501,20.183711292056213,-50.180830888419706,26.332069346660905,1,24,4,6
2000-06-02 03:30:00,8,-5.0,-12.137111126067545,19.518596998745053,-4.0,-44.245203189003156,19.970980936868067,-50.39356124360785,26.11933899147276,1,24,4,6
2000-06-02 04:30:00,8,-2.0,-12.367731620459775,19.518596998745053,-5.0,-44.47582368339539,19.740360442475836,-50.624181738000075,25.88871849708053,1,24,4,6
2000-06-02 05:30:00,8,-2.0,-11.531893589235153,19.518596998745053,-5.0,-43.639985652170765,20.576198473700458,-49.78834370677546,26.72455652830515,1,24,4,6
2000-06-02 06:30:00,8,-7.0,-12.128524414125966,19.518596998745053,-6.0,-44.236616477061574,19.979567648809645,-50.38497453166627,26.127925703414338,1,24,4,6
2000-06-02 07:30:00,8,-10.0,-13.284803553348208,19.518596998745053,-10.0,-45.39289561628382,18.823288509587403,-51.54125367088851,24.971646564192095,1,24,4,6
2000-06-02 08:30:00,8,-13.0,-12.23697037813561,19.518596998745053,-10.0,-44.34506244107122,19.871121684800002,-50.49342049567591,26.019479739404694,1,24,4,6
2000-06-02 09:30:00,8,-10.0,-11.604709553855539,19.518596998745053,-5.0,-43.712801616791154,20.503382509080073,-49.86115967139584,26.651740563684765,1,24,4,6
2000-06-02 10:30:00,8,-8.0,-10.564785679007006,19.518596998745053,-2.0,-42.672877741942614,21.543306383928606,-48.82123579654731,27.691664438533298,1,24,4,6
2000-06-02 11:30:00,8,-7.0,-10.099170414780044,19.518596998745053,-2.0,-42.20726247771566,22.008921648155567,-48.355620532320344,28.15727970276026,1,24,4,6
2000-06-02 12:30:00,8,-8.0,-11.756530666690168,19.518596998745053,-7.0,-43.86462272962578,20.351561396245444,-50.01298078423047,26.499919450850136,1,24,4,6
2000-06-02 13:30:00,8,-4.0,-9.23743352863631,19.518596998745053,-10.0,-41.34552559157192,22.870658534299302,-47.49388364617661,29.019016588903995,1,24,4,6
2000-06-02 14:30:00,8,-1.0,-8.989246572926866,19.518596998745053,-13.0,-41.09733863586248,23.118845490008745,-47.24569669046717,29.267203544613437,1,24,4,6
2000-06-02 15:30:00,8,2.0,-7.17101609925929,19.518596998745053,-10.0,-39.2791081621949,24.93707596367632,-45.427466216799594,31.085434018281013,1,24,4,6
2000-06-02 16:30:00,8,2.0,-6.811440022754628,19.518596998745053,-8.0,-38.919532085690236,25.296652040180984,-45.067890140294935,31.445010094785676,1,24,4,6
2000-06-02 17:30:00,8,-1.0,-8.99323937085985,19.518596998745053,-7.0,-41.101331433795465,23.11485269207576,-47.24968948840015,29.263210746680453,1,24,4,6
2000-06-02 18:30:00,8,-2.0,-9.207937225203164,19.518596998745053,-8.0,-41.31602928813878,22.900154837732448,-47.464387342743464,29.04851289233714,1,24,4,6
2000-06-02 19:30:00,8,-2.0,-9.088421477462695,19.518596998745053,-4.0,-41.19651354039831,23.019670585472916,-47.344871595003,29.16802864007761,1,24,4,6
2000-06-02 20:30:00,8,2.0,-6.955694008991305,19.518596998745053,-1.0,-39.06378607192691,25.152398053944307,-45.21214412653161,31.300756108549,1,24,4,6
2000-06-02 21:30:00,8,2.0,-6.543050942934915,19.518596998745053,2.0,-38.65114300587052,25.565041120000696,-44.79950106047522,31.71339917460539,1,24,4,6
2000-06-02 22:30:00,8,2.0,-6.586867680876985,19.518596998745053,2.0,-38.694959743812596,25.521224382058627,-44.84331779841729,31.66958243666332,1,24,4,6
2000-06-02 23:30:00,8,2.0,-6.075784921484935,19.518596998745053,-1.0,-38.18387698442055,26.032307141450676,-44.332235039025235,32.18066519605537,1,24,4,6
2000-06-03 00:30:00,8,2.0,-5.861535592213421,19.518596998745053,-2.0,-37.96962765514903,26.24655647072219,-44.117985709753725,32.39491452532688,1,24,4,6
2000-06-03 01:30:00,8,-4.0,-6.000543684697959,19.518596998745053,-2.0,-38.10863574763357,26.107548378237652,-44.25699380223826,32.255906432842345,1,24,4,6
2000-06-03 02:30:00,8,-11.0,-5.2490838546095695,19.518596998745053,2.0,-37.35717591754518,26.859008208326042,-43.50553397214988,33.00736626293073,1,24,4,6
2000-06-03 03:30:00,8,-13.0,-5.158930315177685,19.518596998745053,2.0,-37.267022378113296,26.949161747757927,-43.41538043271799,33.09751980236262,1,24,4,6
2000-06-03 04:30:00,8,-8.0,-4.021662627839024,19.518596998745053,2.0,-36.12975469077463,28.086429435096587,-42.27811274537933,34.234787489701276,1,24,4,6
2001-10-28 11:30:00,14,-157.0,-96.12299385554958,19.518596998745053,2.0,-128.23108591848518,-64.01490179261397,-134.37944397308988,-57.86654373800928,1,24,4,6
2001-10-28 12:30:00,14,-146.0,-112.00605734684049,19.518596998745053,2.0,-144.1141494097761,-79.89796528390488,-150.2625074643808,-73.74960722930018,1,24,4,6
2001-10-28 13:30:00,14,-130.0,-111.86290386541916,19.518596998745053,-4.0,-143.97099592835477,-79.75481180248354,-150.11935398295947,-73.60645374787885,1,24,4,6
2001-10-28 14:30:00,14,-128.0,-120.98309707616366,19.518596998745053,-11.0,-153.09118913909927,-88.87500501322805,-159.23954719370397,-82.72664695862335,1,24,4,6
2001-10-28 15:30:00,14,-118.0,-121.72835153876385,19.518596998745053,-13.0,-153.83644360169944,-89.62025947582823,-159.98480165630414,-83.47190142122355,1,24,4,6
2001-10-28 16:30:00,14,-112.0,-121.94983969277664,19.518596998745053,-8.0,-154.05793175571225,-89.84174762984102,-160.20628981031695,-83.69338957523632,1,24,4,6
2001-10-28 17:30:00,14,-107.0,-123.36294336331784,19.518596998745053,-157.0,-155.47103542625345,-91.25485130038223,-161.61939348085815,-85.10649324577753,1,24,4,6
2001-10-28 18:30:00,14,-105.0,-112.76618249635727,19.518596998745053,-146.0,-144.87427455929287,-80.65809043342166,-151.02263261389757,-74.50973237881698,1,24,4,6
2001-10-28 19:30:00,14,-104.0,-102.42695825206678,19.518596998745053,-130.0,-134.5350503150024,-70.31886618913117,-140.6834083696071,-64.17050813452647,1,24,4,6
2001-10-28 20:30:00,14,-104.0,-94.91034852431449,19.518596998745053,-128.0,-127.0184405872501,-62.802256461378875,-133.1667986418548,-56.65389840677418,1,24,4,6
2001-10-28 21:30:00,14,-109.0,-91.66366511231352,19.518596998745053,-118.0,-123.77175717524914,-59.55557304937791,-129.92011522985382,-53.40721499477322,1,24,4,6
2001-10-28 22:30:00,14,-106.0,-89.86234680823472,19.518596998745053,-112.0,-121.97043887117033,-57.75425474529911,-128.11879692577503,-51.605896690694415,1,24,4,6
2001-10-28 23:30:00,14,-96.0,-89.45306999220173,19.518596998745053,-107.0,-121.56116205513734,-57.34497792926612,-127.70952010974204,-51.19661987466143,1,24,4,6
2001-10-29 00:30:00,14,-83.0,-88.95954444618727,19.518596998745053,-105.0,-121.06763650912288,-56.851452383251655,-127.21599456372758,-50.70309432864696,1,24,4,6
2001-10-29 01:30:00,14,-79.0,-83.97153411445325,19.518596998745053,-104.0,-116.07962617738886,-51.86344205151764,-122.22798423199356,-45.715083996912945,1,24,4,6
2001-10-29 02:30:00,14,-73.0,-82.22771487499134,19.518596998745053,-104.0,-114.33580693792695,-50.119622812055724,-120.48416499253165,-43.97126475745103,1,24,4,6
2001-10-29 03:30:00,14,-66.0,-84.08980139034438,19.518596998745053,-109.0,-116.19789345327999,-51.981709327408765,-122.34625150788469,-45.83335127280407,1,24,4,6
2001-10-29 04:30:00,14,-67.0,-82.77099896015676,19.518596998745053,-106.0,-114.87909102309237,-50.66290689722115,-121.02744907769707,-44.514548842616456,1,24,4,6
2001-10-29 05:30:00,14,-75.0,-76.97449675466854,19.518596998745053,-96.0,-109.08258881760415,-44.866404691732924,-115.23094687220885,-38.71804663712823,1,24,4,6
2001-10-29 06:30:00,14,-82.0,-72.17773612635926,19.518596998745053,-83.0,-104.28582818929488,-40.06964406342365,-110.43418624389957,-33.92128600881896,1,24,4,6
2001-10-29 07:30:00,14,-73.0,-69.93601706544038,19.518596998745053,-79.0,-102.044109128376,-37.82792500250477,-108.19246718298069,-31.679566947900078,1,24,4,6
2001-10-29 08:30:00,14,-70.0,-63.17532467467559,19.518596998745053,-73.0,-95.2834167376112,-31.067232611739982,-101.43177479221589,-24.91887455713529,1,24,4,6
2001-10-29 09:30:00,14,-66.0,-58.22375122506311,19.518596998745053,-66.0,-90.33184328799872,-26.1156591621275,-96.48020134260341,-19.967301107522808,1,24,4,6
2001-10-29 10:30:00,14,-60.0,-59.161799797005386,19.518596998745053,-67.0,-91.269891859941,-27.053707734069775,-97.4182499145457,-20.905349679465083,1,24,4,6
2001-10-29 11:30:00,14,-60.0,-66.71414125148281,19.518596998745053,-75.0,-98.82223331441843,-34.6060491885472,-104.97059136902311,-28.45769113394251,1,24,4,6
2001-10-29 12:30:00,14,-61.0,-66.57530886985114,19.518596998745053,-82.0,-98.68340093278675,-34.46721680691553,-104.83175898739145,-28.318858752310838,1,24,4,6
2001-10-29 13:30:00,14,-60.0,-61.734074899886465,19.518596998745053,-73.0,-93.84216696282208,-29.625982836950854,-99.99052501742676,-23.47762478234616,1,24,4,6
2001-10-29 14:30:00,14,-66.0,-58.31625142917477,19.518596998745053,-70.0,-90.42434349211038,-26.20815936623916,-96.57270154671508,-20.059801311634466,1,24,4,6
2001-10-29 15:30:00,14,-67.0,-55.702920098329606,19.518596998745053,-66.0,-87.81101216126521,-23.594828035393995,-93.95937021586991,-17.446469980789303,1,24,4,6
2001-10-29 16:30:00,14,-67.0,-53.957762219607,19.518596998745053,-60.0,-86.0658542825426,-21.849670156671387,-92.2142123371473,-15.701312102066694,1,24,4,6
2001-10-29 17:30:00,14,-69.0,-53.5218548054321,19.518596998745053,-60.0,-85.62994686836771,-21.413762742496488,-91.77830492297241,-15.265404687891795,1,24,4,6
2001-10-29 18:30:00,14,-69.0,-54.95436643326829,19.518596998745053,-61.0,-87.0624584962039,-22.84627437033268,-93.2108165508086,-16.697916315727987,1,24,4,6
2001-10-29 19:30:00,14,-67.0,-55.39144024382837,19.518596998745053,-60.0,-87.49953230676398,-23.28334818089276,-93.64789036136867,-17.134990126288066,1,24,4,6
2001-10-29 20:30:00,14,-68.0,-54.786705911841366,19.518596998745053,-66.0,-86.89479797477698,-22.678613848905755,-93.04315602938166,-16.530255794301063,1,24,4,6
2001-10-29 21:30:00,14,-64.0,-54.04410098394368,19.518596998745053,-67.0,-86.15219304687929,-21.936008921008067,-92.30055110148399,-15.787650866403375,1,24,4,6
2001-10-29 22:30:00,14,-54.0,-56.67387515144165,19.518596998745053,-67.0,-88.78196721437726,-24.565783088506038,-94.93032526898196,-18.417425033901345,1,24,4,6
2001-10-29 23:30:00,14,-48.0,-57.466862854414984,19.518596998745053,-69.0,-89.5749549173506,-25.358770791479373,-95.7233129719553,-19.21041273687468,1,24,4,6
2001-10-30 00:30:00,14,-48.0,-56.85194885288604,19.518596998745053,-69.0,-88.96004091582165,-24.743856789950428,-95.10839897042635,-18.595498735345735,1,24,4,6
2001-10-30 01:30:00,14,-48.0,-53.09326482348527,19.518596998745053,-67.0,-85.20135688642088,-20.98517276054966,-91.34971494102558,-14.836814705944967,1,24,4,6
2001-10-30 02:30:00,14,-52.0,-53.08794725820104,19.518596998745053,-68.0,-85.19603932113665,-20.97985519526543,-91.34439737574135,-14.831497140660737,1,24,4,6
2001-10-30 03:30:00,14,-54.0,-51.76210021000428,19.518596998745053,-64.0,-83.87019227293989,-19.654008147068666,-90.01855032754457,-13.505650092463974,1,24,4,6
2001-10-30 04:30:00,14,-52.0,-48.01196012082433,19.518596998745053,-54.0,-80.12005218375994,-15.903868057888715,-86.26841023836462,-9.755510003284023,1,24,4,6
2001-10-30 05:30:00,14,-49.0,-45.25861498406043,19.518596998745053,-48.0,-77.36670704699604,-13.150522921124818,-83.51506510160073,-7.0021648665201255,1,24,4,6
2001-10-30 06:30:00,14,-49.0,-43.53289858641395,19.518596998745053,-48.0,-75.64099064934956,-11.424806523478338,-81.78934870395426,-5.276448468873646,1,24,4,6
2001-10-30 07:30:00,14,-54.0,-43.23830662565996,19.518596998745053,-48.0,-75.34639868859557,-11.130214562724348,-81.49475674320027,-4.981856508119655,1,24,4,6
2001-10-30 08:30:00,14,-53.0,-44.69552643618859,19.518596998745053,-52.0,-76.8036184991242,-12.587434373252975,-82.95197655372888,-6.439076318648283,1,24,4,6
2001-10-30 09:30:00,14,-53.0,-46.141946965220406,19.518596998745053,-54.0,-78.25003902815601,-14.033854902284794,-84.39839708276071,-7.885496847680102,1,24,4,6
2001-10-30 10:30:00,14,-51.0,-45.572714317460374,19.518596998745053,-52.0,-77.68080638039598,-13.464622254524762,-83.82916443500068,-7.31626419992007,1,24,4,6
2001-10-30 11:30:00,14,-51.0,-44.386968930608774,19.518596998745053,-49.0,-76.49506099354439,-12.278876867673162,-82.64341904814907,-6.13051881306847,1,24,4,6
2001-10-30 12:30:00,14,-49.0,-44.025066997288484,19.518596998745053,-49.0,-76.1331590602241,-11.916974934352872,-82.28151711482879,-5.76861687974818,1,24,4,6
2001-10-30 13:30:00,14,-47.0,-46.07397576497094,19.518596998745053,-54.0,-78.18206782790655,-13.965883702035327,-84.33042588251124,-7.817525647430635,1,24,4,6
2001-10-30 14:30:00,14,-50.0,-46.74359132938029,19.518596998745053,-53.0,-78.85168339231589,-14.635499266444675,-85.00004144692059,-8.487141211839983,1,24,4,6
2001-10-30 15:30:00,14,-49.0,-46.64921957348706,19.518596998745053,-53.0,-78.75731163642267,-14.541127510551448,-84.90566969102736,-8.392769455946755,1,24,4,6
2001-10-30 16:30:00,14,-43.0,-44.514244855686854,19.518596998745053,-51.0,-76.62233691862247,-12.406152792751243,-82.77069497322717,-6.257794738146551,1,24,4,6
2001-10-30 17:30:00,14,-37.0,-42.01183100071605,19.518596998745053,-51.0,-74.11992306365167,-9.903738937780439,-80.26828111825635,-3.7553808831757465,1,24,4,6
2001-10-30 18:30:00,14,-36.0,-40.31563402635178,19.518596998745053,-49.0,-72.42372608928738,-8.207541963416169,-78.57208414389208,-2.0591839088114767,1,24,4,6
2001-10-30 19:30:00,14,-37.0,-39.21749668355035,19.518596998745053,-47.0,-71.32558874648596,-7.10940462061474,-77.47394680109065,-0.9610465660100473,1,24,4,6
2001-10-30 20:30:00,14,-40.0,-40.796930328204965,19.518596998745053,-50.0,-72.90502239114058,-8.688838265269354,-79.05338044574526,-2.5404802106646613,1,24,4,6
2001-10-30 21:30:00,14,-41.0,-41.00873820141554,19.518596998745053,-49.0,-73.11683026435115,-8.900646138479928,-79.26518831895584,-2.7522880838752357,1,24,4,6
2001-10-30 22:30:00,14,-39.0,-37.95076102044442,19.518596998745053,-43.0,-70.05885308338003,-5.842668957508806,-76.20721113798473,0.3056890970958861,1,24,4,6
2001-10-30 23:30:00,14,-39.0,-34.19201659043798,19.518596998745053,-37.0,-66.3001086533736,-2.0839245275023686,-72.44846670797828,4.064433527102324,1,24,4,6
2001-10-31 00:30:00,14,-36.0,-31.926037004904117,19.518596998745053,-36.0,-64.03412906783973,0.18205505803149435,-70.18248712244443,6.330413112636187,1,24,4,6
2001-10-31 01:30:00,14,-31.0,-31.63146729700485,19.518596998745053,-37.0,-63.73955935994046,0.47662476593076164,-69.88791741454516,6.624982820535454,1,24,4,6
2001-10-31 02:30:00,14,-27.0,-32.400848767091674,19.518596998745053,-40.0,-64.50894083002729,-0.29275670415606214,-70.65729888463198,5.85560135044863,1,24,4,6
2001-10-31 03:30:00,14,-24.0,-33.33569133846434,19.518596998745053,-41.0,-65.44378340139995,-1.227599275528732,-71.59214145600464,4.92075877907596,1,24,4,6
2001-10-31 04:30:00,14,-23.0,-32.89367219218993,19.518596998745053,-39.0,-65.00176425512555,-0.7855801292543205,-71.15012230973024,5.362777925350372,1,24,4,6
2001-10-31 05:30:00,14,-24.0,-32.90001627877251,19.518596998745053,-39.0,-65.00810834170812,-0.7919242158369002,-71.15646639631282,5.356433838767792,1,24,4,6
2001-10-31 06:30:00,14,-26.0,-31.363513737341844,19.518596998745053,-36.0,-63.47160580027746,0.7445783255937677,-69.61996385488214,6.89293638019846,1,24,4,6
2001-10-31 07:30:00,14,-28.0,-28.596360559723852,19.518596998745053,-31.0,-60.70445262265946,3.5117315032117595,-66.85281067726416,9.660089557816452,1,24,4,6
2001-10-31 08:30:00,14,-25.0,-26.14271340237926,19.518596998745053,-27.0,-58.25080546531487,5.96537866055635,-64.39916351991957,12.113736715161043,1,24,4,6
2001-10-31 09:30:00,14,-23.0,-24.250772225932607,19.518596998745053,-24.0,-56.35886428886822,7.857319837003004,-62.50722234347291,14.005677891607696,1,24,4,6
2001-10-31 10:30:00,14,-22.0,-23.218357678059373,19.518596998745053,-23.0,-55.32644974099499,8.889734384876238,-61.47480779559967,15.03809243948093,1,24,4,6
2001-10-31 11:30:00,14,-22.0,-23.111703502352025,19.518596998745053,-24.0,-55.21979556528764,8.996388560583586,-61.368153619892325,15.144746615188279,1,24,4,6
2001-10-31 12:30:00,14,-19.0,-23.658766526846627,19.518596998745053,-26.0,-55.76685858978224,8.449325536088985,-61.91521664438693,14.597683590693677,1,24,4,6
2001-10-31 13:30:00,14,-15.0,-24.329577387452467,19.518596998745053,-28.0,-56.43766945038808,7.7785146754831445,-62.58602750499277,13.926872730087837,1,24,4,6
2001-10-31 14:30:00,14,-2.0,-23.415516814904343,19.518596998745053,-25.0,-55.523608877839955,8.692575248031268,-61.67196693244465,14.84093330263596,1,24,4,6
2001-10-31 15:30:00,14,-5.0,-22.419836239213076,19.518596998745053,-23.0,-54.52792830214869,9.688255823722535,-60.67628635675338,15.836613878327228,1,24,4,6
2001-10-31 16:30:00,14,-8.0,-21.80519851988042,19.518596998745053,-22.0,-53.91329058281603,10.302893543055191,-60.061648637420724,16.451251597659883,1,24,4,6
2001-10-31 17:30:00,14,-9.0,-21.253284951052642,19.518596998745053,-22.0,-53.36137701398825,10.85480711188297,-59.509735068592946,17.003165166487662,1,24,4,6
2001-10-31 18:30:00,14,-11.0,-19.970856979394078,19.518596998745053,-19.0,-52.07894904232969,12.137235083541533,-58.22730709693438,18.285593138146226,1,24,4,6
2001-10-31 19:30:00,14,-15.0,-18.348809984941063,19.518596998745053,-15.0,-50.456902047876675,13.759282077994548,-56.60526010248137,19.90764013259924,1,24,4,6
2001-10-31 20:30:00,14,-29.0,-16.68367915176124,19.518596998745053,-2.0,-48.79177121469685,15.424412911174372,-54.94012926930154,21.572770965779064,1,24,4,6
2001-10-31 21:30:00,14,-45.0,-17.461118756240463,19.518596998745053,-5.0,-49.56921081917608,14.646973306695148,-55.71756887378076,20.79533136129984,1,24,4,6
2001-10-31 22:30:00,14,-60.0,-18.254564232225228,19.518596998745053,-8.0,-50.36265629516084,13.853527830710384,-56.51101434976553,20.001885885315076,1,24,4,6
2001-10-31 23:30:00,14,-81.0,-18.526932238068486,19.518596998745053,-9.0,-50.635024301004094,13.581159824867125,-56.78338235560879,19.729517879471818,1,24,4,6
2001-11-01 00:30:00,14,-81.0,-17.69355878275386,19.518596998745053,-11.0,-49.80165084568947,14.41453328018175,-55.950008900294165,20.562891334786443,1,24,4,6
2001-11-01 01:30:00,14,-91.0,-21.43451335590153,19.518596998745053,-15.0,-53.54260541883714,10.673578707034082,-59.69096347344183,16.821936761638774,1,24,4,6
2001-11-01 02:30:00,14,-97.0,-33.01355077706162,19.518596998745053,-29.0,-65.12164283999724,-0.9054587141260058,-71.27000089460192,5.2428993404786866,1,24,4,6
2001-11-01 03:30:00,14,-96.0,-52.633934690225786,19.518596998745053,-45.0,-84.7420267531614,-20.525842627290174,-90.89038480776608,-14.377484572685482,1,24,4,6
2001-11-01 04:30:00,14,-93.0,-70.95148707593617,19.518596998745053,-60.0,-103.05957913887178,-38.84339501300056,-109.20793719347648,-32.69503695839587,1,24,4,6
2001-11-01 05:30:00,14,-97.0,-85.90630943525684,19.518596998745053,-81.0,-118.01440149819246,-53.79821737232123,-124.16275955279716,-47.64985931771654,1,24,4,6
2001-11-01 06:30:00,14,-98.0,-83.00740404078428,19.518596998745053,-81.0,-115.11549610371989,-50.89931197784867,-121.26385415832459,-44.750953923243976,1,24,4,6
2001-11-01 07:30:00,14,-92.0,-82.9657097049861,19.518596998745053,-91.0,-115.07380176792171,-50.857617642050485,-121.22215982252641,-44.70925958744579,1,24,4,6
2001-11-01 08:30:00,14,-94.0,-85.13572024205466,19.518596998745053,-97.0,-117.24381230499027,-53.02762817911905,-123.39217035959496,-46.879270124514356,1,24,4,6
2001-11-01 09:30:00,14,-98.0,-82.59435868935421,19.518596998745053,-96.0,-114.70245075228982,-50.4862666264186,-120.85080880689452,-44.337908571813905,1,24,4,6
2001-11-01 10:30:00,14,-106.0,-78.25555834324754,19.518596998745053,-93.0,-110.36365040618315,-46.14746628031193,-116.51200846078785,-39.99910822570724,1,24,4,6
2001-11-01 11:30:00,14,-104.0,-80.23433536078569,19.518596998745053,-97.0,-112.3424274237213,-48.12624329785008,-118.49078547832599,-41.97788524324539,1,24,4,6
2001-11-01 12:30:00,14,-86.0,-81.85175376145652,19.518596998745053,-98.0,-113.95984582439213,-49.74366169852091,-120.10820387899682,-43.59530364391622,1,24,4,6
2001-11-01 13:30:00,14,-77.0,-78.97138586196176,19.518596998745053,-92.0,-111.07947792489738,-46.86329379902615,-117.22783597950206,-40.71493574442146,1,24,4,6
2001-11-01 14:30:00,14,-78.0,-79.08020174355639,19.518596998745053,-94.0,-111.188293806492,-46.972109680620775,-117.3366518610967,-40.82375162601608,1,24,4,6
2001-11-01 15:30:00,14,-79.0,-81.41702661557622,19.518596998745053,-98.0,-113.52511867851183,-49.30893455264061,-119.67347673311653,-43.160576498035915,1,24,4,6
2001-11-01 16:30:00,14,-78.0,-86.5467477501501,19.518596998745053,-106.0,-118.65483981308572,-54.43865568721449,-124.80319786769041,-48.2902976326098,1,24,4,6
2001-11-01 17:30:00,14,-75.0,-86.64212637546999,19.518596998745053,-104.0,-118.7502184384056,-54.534034312534374,-124.8985764930103,-48.38567625792968,1,24,4,6
2001-11-01 18:30:00,14,-71.0,-75.04650017360987,19.518596998745053,-86.0,-107.15459223654548,-42.93840811067426,-113.30295029115018,-36.79005005606957,1,24,4,6
2001-11-01 19:30:00,14,-65.0,-66.80950600489325,19.518596998745053,-77.0,-98.91759806782886,-34.70141394195764,-105.06595612243356,-28.553055887352947,1,24,4,6
2001-11-01 20:30:00,14,-62.0,-64.20647919077496,19.518596998745053,-78.0,-96.31457125371057,-32.098387127839345,-102.46292930831527,-25.950029073234653,1,24,4,6
2001-11-01 21:30:00,14,-61.0,-64.11627941164495,19.518596998745053,-79.0,-96.22437147458056,-32.00818734870934,-102.37272952918525,-25.85982929410465,1,24,4,6
2001-11-01 22:30:00,14,-58.0,-61.41155762944309,19.518596998745053,-78.0,-93.51964969237869,-29.303465566507477,-99.66800774698339,-23.155107511902784,1,24,4,6
2001-11-01 23:30:00,14,-58.0,-59.07155840214706,19.518596998745053,-75.0,-91.17965046508267,-26.96346633921145,-97.32800851968736,-20.815108284606758,1,24,4,6
2001-11-02 00:30:00,14,-55.0,-51.834254946941485,19.518596998745053,-71.0,-83.9423470098771,-19.726162884005873,-90.0907050644818,-13.577804829401181,1,24,4,6
2001-11-02 01:30:00,14,-50.0,-43.84403857913398,19.518596998745053,-65.0,-75.95213064206959,-11.735946516198368,-82.10048869667429,-5.5875884615936755,1,24,4,6
2001-11-02 02:30:00,14,-52.0,-40.944336705861225,19.518596998745053,-62.0,-73.05242876879683,-8.836244642925614,-79.20078682340153,-2.6878865883209215,1,24,4,6
2001-11-02 03:30:00,14,-50.0,-40.53385996966193,19.518596998745053,-61.0,-72.64195203259754,-8.425767906726321,-78.79031008720224,-2.277409852121629,1,24,4,6
2001-11-02 04:30:00,14,-49.0,-39.94358594727069,19.518596998745053,-58.0,-72.0516780102063,-7.835493884335079,-78.200036064811,-1.6871358297303871,1,24,4,6
2001-11-02 05:30:00,14,-49.0,-40.483126928873006,19.518596998745053,-58.0,-72.59121899180862,-8.375034865937394,-78.7395770464133,-2.226676811332702,1,24,4,6
2001-11-02 06:30:00,14,-43.0,-39.79177292638323,19.518596998745053,-55.0,-71.89986498931884,-7.68368086344762,-78.04822304392354,-1.5353228088429276,1,24,4,6
2001-11-02 07:30:00,14,-44.0,-38.292194373394,19.518596998745053,-50.0,-70.40028643632961,-6.184102310458385,-76.5486444909343,-0.03574425585369312,1,24,4,6
2001-11-02 08:30:00,14,-40.0,-38.137365946192645,19.518596998745053,-52.0,-70.24545800912826,-6.029273883257034,-76.39381606373294,0.1190841713476587,1,24,4,6
2001-11-02 09:30:00,14,-37.0,-36.702122419191674,19.518596998745053,-50.0,-68.8102144821273,-4.594030356256063,-74.95857253673198,1.5543276983486294,1,24,4,6
2001-11-02 10:30:00,14,-36.0,-35.84124963740663,19.518596998745053,-49.0,-67.94934170034225,-3.733157574471015,-74.09769975494693,2.4152004801336773,1,24,4,6
2001-11-02 11:30:00,14,-34.0,-37.000688970997516,19.518596998745053,-49.0,-69.10878103393313,-4.892596908061904,-75.25713908853783,1.2557611465427883,1,24,4,6
2001-11-02 12:30:00,14,-34.0,-35.67249337963323,19.518596998745053,-43.0,-67.78058544256885,-3.5644013166976194,-73.92894349717353,2.583956737907073,1,24,4,6
2001-11-02 13:30:00,14,-39.0,-34.85634825784329,19.518596998745053,-44.0,-66.96444032077889,-2.7482561949076754,-73.11279837538359,3.400101859697017,1,24,4,6
2001-11-02 14:30:00,14,-37.0,-32.387047373194186,19.518596998745053,-40.0,-64.49513943612979,-0.27895531025857423,-70.64349749073449,5.869402744346118,1,24,4,6
2001-11-02 15:30:00,14,-33.0,-29.223547733127294,19.518596998745053,-37.0,-61.3316397960629,2.8845443298083175,-67.4799978506676,9.03290238441301,1,24,4,6
2001-11-02 16:30:00,14,-30.0,-26.321673750035174,19.518596998745053,-36.0,-58.429765812970786,5.786418312900437,-64.57812386757547,11.93477636750513,1,24,4,6
2001-11-02 17:30:00,14,-32.0,-24.731349500479965,19.518596998745053,-34.0,-56.839441563415576,7.376742562455647,-62.98779961802027,13.525100617060339,1,24,4,6
2001-11-02 18:30:00,14,-33.0,-30.033083179068555,19.518596998745053,-34.0,-62.14117524200417,2.0750088838670564,-68.28953329660885,8.223366938471749,1,24,4,6
2001-11-02 19:30:00,14,-31.0,-39.33989894444619,19.518596998745053,-39.0,-71.4479910073818,-7.231806881510579,-77.5963490619865,-1.0834488269058866,1,24,4,6
2001-11-02 20:30:00,14,-31.0,-34.358668508449576,19.518596998745053,-37.0,-66.46676057138518,-2.250576445513964,-72.61511862598988,3.8977816090907282,1,24,4,6
2001-11-02 21:30:00,14,-28.0,-28.81470325827177,19.518596998745053,-33.0,-60.92279532120738,3.2933888046638415,-67.07115337581207,9.441746859268534,1,24,4,6
2001-11-02 22:30:00,14,-27.0,-25.637315813871524,19.518596998745053,-30.0,-57.745407876807135,6.470776249064087,-63.89376593141183,12.61913430366878,1,24,4,6
2001-11-02 23:30:00,14,-26.0,-25.051214924235943,19.518596998745053,-32.0,-57.159306987171554,7.056877138699669,-63.30766504177625,13.205235193304361,1,24,4,6
2001-11-03 00:30:00,14,-27.0,-26.947126934758977,19.518596998745053,-33.0,-59.05521899769459,5.160965128176635,-65.20357705229928,11.309323182781327,1,24,4,6
2001-11-03 01:30:00,14,-23.0,-27.153245013115427,19.518596998745053,-31.0,-59.261337076051035,4.954847049820184,-65.40969513065573,11.103205104424877,1,24,4,6
2001-11-03 02:30:00,14,-19.0,-26.196212733108446,19.518596998745053,-31.0,-58.30430479604406,5.9118793298271655,-64.45266285064875,12.060237384431858,1,24,4,6
2001-11-03 03:30:00,14,-16.0,-25.506845881645535,19.518596998745053,-28.0,-57.61493794458114,6.601246181290076,-63.76329599918584,12.749604235894768,1,24,4,6
2001-11-03 04:30:00,14,-18.0,-25.742017518325596,19.518596998745053,-27.0,-57.85010958126121,6.366074544610015,-63.9984676358659,12.514432599214707,1,24,4,6
2001-11-03 05:30:00,14,-20.0,-25.968929588928297,19.518596998745053,-26.0,-58.07702165186391,6.139162474007314,-64.2253797064686,12.287520528612006,1,24,4,6
2001-11-03 06:30:00,14,-19.0,-25.791192281287756,19.518596998745053,-27.0,-57.89928434422337,6.316899781647855,-64.04764239882806,12.465257836252547,1,24,4,6
2001-11-03 07:30:00,14,-19.0,-22.836576142523228,19.518596998745053,-23.0,-54.94466820545884,9.271515920412384,-61.09302626006353,15.419873975017076,1,24,4,6
2001-11-03 08:30:00,14,-18.0,-21.905731715548637,19.518596998745053,-19.0,-54.01382377848425,10.202360347386975,-60.16218183308894,16.350718401991667,1,24,4,6
2001-11-03 09:30:00,14,-18.0,-19.25869858072597,19.518596998745053,-16.0,-51.36679064366158,12.849393482209642,-57.51514869826627,18.997751536814334,1,24,4,6
2001-11-03 10:30:00,14,-16.0,-18.200801335216735,19.518596998745053,-18.0,-50.30889339815235,13.907290727718877,-56.457251452757035,20.05564878232357,1,24,4,6
2001-11-03 11:30:00,14,-16.0,-17.179671585670604,19.518596998745053,-20.0,-49.287763648606216,14.928420477265007,-55.43612170321091,21.0767785318697,1,24,4,6
2001-11-03 12:30:00,14,-16.0,-16.71997500280348,19.518596998745053,-19.0,-48.82806706573909,15.388117060132132,-54.976425120343784,21.536475114736824,1,24,4,6
2001-11-03 13:30:00,14,-19.0,-16.577406453563412,19.518596998745053,-19.0,-48.685498516499024,15.530685609372199,-54.833856571103716,21.67904366397689,1,24,4,6
2001-11-03 14:30:00,14,-18.0,-16.801478250708865,19.518596998745053,-18.0,-48.90957031364448,15.306613812226747,-55.057928368249165,21.45497186683144,1,24,4,6
2001-11-03 15:30:00,14,-20.0,-17.207283621405203,19.518596998745053,-18.0,-49.315375684340815,14.900808441530408,-55.46373373894551,21.0491664961351,1,24,4,6
2001-11-03 16:30:00,14,-22.0,-14.850313268905307,19.518596998745053,-16.0,-46.95840533184092,17.257778794030305,-53.10676338644561,23.406136848634997,1,24,4,6
2001-11-03 17:30:00,14,-21.0,-14.024939281366091,19.518596998745053,-16.0,-46.1330313443017,18.08315278156952,-52.2813893989064,24.231510836174213,1,24,4,6
2001-11-03 18:30:00,14,-20.0,-14.266301257632467,19.518596998745053,-16.0,-46.374393320568075,17.841790805303145,-52.522751375172774,23.990148859907837,1,24,4,6
2001-11-03 19:30:00,14,-17.0,-15.418919368755763,19.518596998745053,-19.0,-47.52701143169138,16.68917269417985,-53.67536948629606,22.83753074878454,1,24,4,6
2001-11-03 20:30:00,14,-15.0,-15.470855797688365,19.518596998745053,-18.0,-47.57894786062398,16.637236265247246,-53.72730591522867,22.78559431985194,1,24,4,6
2001-11-03 21:30:00,14,-14.0,-16.70319924032418,19.518596998745053,-20.0,-48.81129130325979,15.40489282261143,-54.959649357864485,21.553250877216122,1,24,4,6
2001-11-03 22:30:00,14,-15.0,-17.43399801729843,19.518596998745053,-22.0,-49.54209008023404,14.674094045637183,-55.69044813483873,20.822452100241875,1,24,4,6
2001-11-03 23:30:00,14,-14.0,-16.99348166121304,19.518596998745053,-21.0,-49.10157372414865,15.114610401722572,-55.24993177875334,21.262968456327265,1,24,4,6
2001-11-04 00:30:00,14,-10.0,-16.108593714211192,19.518596998745053,-20.0,-48.21668577714681,15.99949834872442,-54.36504383175149,22.14785640332911,1,24,4,6
2001-11-04 01:30:00,14,-6.0,-14.96790660119628,19.518596998745053,-17.0,-47.07599866413189,17.140185461739332,-53.22435671873659,23.288543516344024,1,24,4,6
2001-11-04 02:30:00,14,-3.0,-13.822654473984102,19.518596998745053,-15.0,-45.93074653691971,18.28543758895151,-52.079104591524406,24.433795643556202,1,24,4,6
2001-11-04 03:30:00,14,-7.0,-13.73300725924667,19.518596998745053,-14.0,-45.84109932218228,18.375084803688942,-51.98945737678697,24.523442858293635,1,24,4,6
2001-11-04 04:30:00,14,-7.0,-14.733904828878753,19.518596998745053,-15.0,-46.84199689181436,17.37418723405686,-52.99035494641906,23.52254528866155,1,24,4,6
2001-11-04 05:30:00,14,-7.0,-15.439946871477542,19.518596998745053,-14.0,-47.54803893441316,16.66814519145807,-53.69639698901784,22.816503246062762,1,24,4,6
2001-11-04 06:30:00,14,-9.0,-14.078017830842349,19.518596998745053,-10.0,-46.18610989377796,18.030074232093263,-52.33446794838265,24.178432286697955,1,24,4,6
2001-11-04 07:30:00,14,-15.0,-12.093206532699043,19.518596998745053,-6.0,-44.201298595634654,20.01488553023657,-50.349656650239346,26.16324358484126,1,24,4,6
2001-11-04 08:30:00,14,-15.0,-10.98275787027216,19.518596998745053,-3.0,-43.09084993320777,21.125334192663452,-49.23920798781246,27.273692247268144,1,24,4,6
2001-11-04 09:30:00,14,-18.0,-10.381311180821758,19.518596998745053,-7.0,-42.489403243757366,21.726780882113854,-48.637761298362065,27.875138936718546,1,24,4,6
2001-11-04 10:30:00,14,-24.0,-9.747954475696154,19.518596998745053,-7.0,-41.856046538631766,22.360137587239457,-48.00440459323646,28.50849564184415,1,24,4,6
2001-11-04 11:30:00,14,-23.0,-10.27366978755947,19.518596998745053,-7.0,-42.38176185049508,21.83442227537614,-48.530119905099774,27.982780329980834,1,24,4,6
2001-11-04 12:30:00,14,-25.0,-12.055063405716755,19.518596998745053,-9.0,-44.16315546865236,20.053028657218857,-50.31151352325706,26.20138671182355,1,24,4,6
2001-11-04 13:30:00,14,-28.0,-16.00717156034655,19.518596998745053,-15.0,-48.11526362328216,16.100920502589062,-54.26362167788685,22.249278557193755,1,24,4,6
2001-11-04 14:30:00,14,-41.0,-16.966014124535075,19.518596998745053,-15.0,-49.07410618747069,15.142077938400536,-55.222464242075375,21.29043599300523,1,24,4,6
2001-11-04 15:30:00,14,-38.0,-20.734430454398442,19.518596998745053,-18.0,-52.842522517334054,11.37366160853717,-58.990880571938746,17.52201966314186,1,24,4,6
2001-11-04 16:30:00,14,-31.0,-21.578109582432397,19.518596998745053,-24.0,-53.68620164536801,10.529982480503215,-59.8345596999727,16.678340535107907,1,24,4,6
2001-11-04 17:30:00,14,-29.0,-22.299897398234776,19.518596998745053,-23.0,-54.40798946117039,9.808194664700835,-60.55634751577508,15.956552719305527,1,24,4,6
2001-11-04 18:30:00,14,-31.0,-25.184024585186993,19.518596998745053,-25.0,-57.2921166481226,6.924067477748618,-63.4404747027273,13.07242553235331,1,24,4,6
2001-11-04 19:30:00,14,-28.0,-28.684825194181766,19.518596998745053,-28.0,-60.79291725711738,3.4232668687538457,-66.94127531172207,9.571624923358538,1,24,4,6
2001-11-04 20:30:00,14,-28.0,-33.87572867432621,19.518596998745053,-41.0,-65.98382073726182,-1.7676366113906,-72.13217879186652,4.380721443214092,1,24,4,6
2001-11-04 21:30:00,14,-29.0,-26.1435873326738,19.518596998745053,-38.0,-58.251679395609415,5.964504730261812,-64.4000374502141,12.112862784866504,1,24,4,6
2001-11-04 22:30:00,14,-29.0,-25.148661620054398,19.518596998745053,-31.0,-57.25675368299001,6.959430442881214,-63.4051117375947,13.107788497485906,1,24,4,6
2001-11-04 23:30:00,14,-28.0,-23.150871994640205,19.518596998745053,-29.0,-55.25896405757582,8.957220068295406,-61.40732211218051,15.105578122900098,1,24,4,6
2001-11-05 00:30:00,14,-27.0,-18.522169549161738,19.518596998745053,-31.0,-50.63026161209735,13.585922513773873,-56.77861966670204,19.734280568378566,1,24,4,6
2001-11-05 01:30:00,14,-24.0,-15.36044002253865,19.518596998745053,-28.0,-47.468532085474266,16.74765204039696,-53.61689014007895,22.896010095001653,1,24,4,6
2001-11-05 02:30:00,14,-19.0,-15.14290767470035,19.518596998745053,-28.0,-47.250999737635965,16.96518438823526,-53.39935779224065,23.113542442839954,1,24,4,6
2001-11-05 03:30:00,14,-11.0,-15.542351618927313,19.518596998745053,-29.0,-47.650443681862924,16.5657404440083,-53.79880173646762,22.71409849861299,1,24,4,6
2001-11-05 04:30:00,14,-8.0,-16.606628786785173,19.518596998745053,-29.0,-48.714720849720784,15.501463276150439,-54.86307890432548,21.64982133075513,1,24,4,6
2001-11-05 05:30:00,14,-6.0,-16.354519548682383,19.518596998745053,-28.0,-48.462611611617994,15.753572514253229,-54.61096966622269,21.90193056885792,1,24,4,6
2001-11-05 06:30:00,14,-4.0,-16.516190873209826,19.518596998745053,-27.0,-48.624282936145434,15.591901189725785,-54.77264099075013,21.740259244330478,1,24,4,6
2001-11-05 07:30:00,14,-3.0,-16.478526327103122,19.518596998745053,-24.0,-48.58661839003874,15.62956573583249,-54.73497644464342,21.777923790437182,1,24,4,6
2001-11-05 08:30:00,14,5.0,-14.809895148775333,19.518596998745053,-19.0,-46.917987211710944,17.29819691416028,-53.066345266315636,23.44655496876497,1,24,4,6
2001-11-05 09:30:00,14,0.0,-12.77316591757867,19.518596998745053,-11.0,-44.88125798051428,19.334926145356942,-51.02961603511898,25.483284199961634,1,24,4,6
2001-11-05 10:30:00,14,0.0,-12.75033275464516,19.518596998745053,-8.0,-44.85842481758077,19.35775930829045,-51.00678287218547,25.506117362895143,1,24,4,6
2001-11-05 11:30:00,14,11.0,-12.913850199120194,19.518596998745053,-6.0,-45.0219422620558,19.194241863815417,-51.1703003166605,25.34259991842011,1,24,4,6
2001-11-05 12:30:00,14,10.0,-13.050187949038087,19.518596998745053,-4.0,-45.1582800119737,19.057904113897525,-51.30663806657839,25.206262168502217,1,24,4,6
2001-11-05 13:30:00,14,14.0,-13.672951139323537,19.518596998745053,-3.0,-45.78104320225915,18.435140923612074,-51.92940125686384,24.583498978216767,1,24,4,6
2001-11-05 14:30:00,14,22.0,-13.581569935906469,19.518596998745053,5.0,-45.689661998842084,18.526522127029143,-51.83802005344677,24.674880181633835,1,24,4,6
2001-11-05 15:30:00,14,13.0,-13.319633605959925,19.518596998745053,0.0,-45.42772566889553,18.788458456975686,-51.57608372350023,24.93681651158038,1,24,4,6
2001-11-05 16:30:00,14,9.0,-13.068399454144128,19.518596998745053,0.0,-45.17649151707974,19.039692608791484,-51.32484957168443,25.188050663396176,1,24,4,6
2001-11-05 17:30:00,14,9.0,-11.151835638446574,19.518596998745053,11.0,-43.25992770138218,20.956256424489037,-49.40828575598688,27.10461447909373,1,24,4,6
2001-11-05 18:30:00,14,22.0,-10.85584377083189,19.518596998745053,10.0,-42.9639358337675,21.252248292103722,-49.11229388837219,27.400606346708415,1,24,4,6
2001-11-05 19:30:00,14,5.0,-9.396847199902858,19.518596998745053,14.0,-41.50493926283847,22.711244863032753,-47.65329731744316,28.859602917637446,1,24,4,6
2001-11-05 20:30:00,14,-37.0,-8.813158866516886,19.518596998745053,22.0,-40.9212509294525,23.294933196418725,-47.06960898405719,29.443291251023417,1,24,4,6
2001-11-05 21:30:00,14,-50.0,-9.45003903663952,19.518596998745053,13.0,-41.558131099575135,22.65805302629609,-47.70648915417982,28.806411080900784,1,24,4,6
2001-11-05 22:30:00,14,-50.0,-8.51894953926487,19.518596998745053,9.0,-40.62704160220048,23.58914252367074,-46.77539965680518,29.737500578275434,1,24,4,6
2001-11-05 23:30:00,14,-55.0,-5.877925253213387,19.518596998745053,9.0,-37.986017316149,26.230166809722224,-44.13437537075369,32.37852486432692,1,24,4,6
2001-11-06 00:30:00,14,-73.0,-8.108176868997589,19.518596998745053,22.0,-40.2162689319332,23.999915193938023,-46.36462698653789,30.148273248542715,1,24,4,6
2001-11-06 01:30:00,14,-64.0,-27.29614880016689,19.518596998745053,5.0,-59.4042408631025,4.811943262768722,-65.5525989177072,10.960301317373414,1,24,4,6
2001-11-06 02:30:00,14,-101.0,-65.14377867960764,19.518596998745053,-37.0,-97.25187074254325,-33.035686616672024,-103.40022879714795,-26.88732856206733,1,24,4,6
2001-11-06 03:30:00,14,-269.0,-92.2266195650608,19.518596998745053,-50.0,-124.33471162799641,-60.11852750212519,-130.4830696826011,-53.9701694475205,1,24,4,6
2001-11-06 04:30:00,14,-281.0,-93.00138420300357,19.518596998745053,-50.0,-125.10947626593918,-60.893292140067956,-131.25783432054388,-54.744934085463264,1,24,4,6
2001-11-06 05:30:00,14,-288.0,-93.67462495974581,19.518596998745053,-55.0,-125.78271702268142,-61.5665328968102,-131.93107507728612,-55.41817484220551,1,24,4,6
2001-11-06 06:30:00,14,-292.0,-108.20004005045534,19.518596998745053,-73.0,-140.30813211339097,-76.09194798751973,-146.45649016799564,-69.94358993291505,1,24,4,6
2001-11-06 07:30:00,14,-276.0,-92.270852460286,19.518596998745053,-64.0,-124.3789445232216,-60.16276039735038,-130.5273025778263,-54.01440234274569,1,24,4,6
2001-11-06 08:30:00,14,-276.0,-183.51883005912265,19.518596998745053,-101.0,-215.62692212205826,-151.41073799618704,-221.77528017666296,-145.26237994158234,1,24,4,6
2001-11-06 09:30:00,14,-259.0,-235.6186238451955,19.518596998745053,-269.0,-267.7267159081311,-203.51053178225987,-273.87507396273577,-197.36217372765518,1,24,4,6
2001-11-06 10:30:00,14,-235.0,-225.95522978074217,19.518596998745053,-281.0,-258.0633218436778,-193.84713771780656,-264.21167989828245,-187.69877966320186,1,24,4,6
2001-11-06 11:30:00,14,-213.0,-188.2672031553303,19.518596998745053,-288.0,-220.3752952182659,-156.15911109239468,-226.5236532728706,-150.01075303778998,1,24,4,6
2001-11-06 12:30:00,14,-200.0,-179.49921310122463,19.518596998745053,-292.0,-211.60730516416024,-147.39112103828901,-217.75566321876494,-141.24276298368432,1,24,4,6
2001-11-06 13:30:00,14,-183.0,-170.74994087691945,19.518596998745053,-276.0,-202.85803293985506,-138.64184881398384,-209.00639099445976,-132.49349075937914,1,24,4,6
2001-11-06 14:30:00,14,-207.0,-159.7906052890309,19.518596998745053,-276.0,-191.89869735196652,-127.6825132260953,-198.04705540657122,-121.5341551714906,1,24,4,6
2001-11-06 15:30:00,14,-218.0,-154.63825444619525,19.518596998745053,-259.0,-186.74634650913086,-122.53016238325964,-192.89470456373556,-116.38180432865494,1,24,4,6
2001-11-06 16:30:00,14,-210.0,-153.8381597016203,19.518596998745053,-235.0,-185.9462517645559,-121.73006763868469,-192.0946098191606,-115.58170958407999,1,24,4,6
2001-11-06 17:30:00,14,-187.0,-155.38058655987402,19.518596998745053,-213.0,-187.48867862280963,-123.2724944969384,-193.63703667741433,-117.12413644233371,1,24,4,6
2001-11-06 18:30:00,14,-177.0,-160.53274319597756,19.518596998745053,-200.0,-192.64083525891317,-128.42465113304195,-198.78919331351787,-122.27629307843725,1,24,4,6
2001-11-06 19:30:00,14,-151.0,-183.64045896106737,19.518596998745053,-183.0,-215.74855102400298,-151.53236689813176,-221.89690907860768,-145.38400884352706,1,24,4,6
2001-11-06 20:30:00,14,-164.0,-207.50965932279883,19.518596998745053,-207.0,-239.61775138573444,-175.4015672598632,-245.76610944033914,-169.2532092052585,1,24,4,6
2001-11-06 21:30:00,14,-176.0,-213.2542759630224,19.518596998745053,-218.0,-245.362368025958,-181.14618390008678,-251.5107260805627,-174.99782584548208,1,24,4,6
2001-11-06 22:30:00,14,-173.0,-212.91278654443883,19.518596998745053,-210.0,-245.02087860737444,-180.80469448150322,-251.16923666197914,-174.65633642689852,1,24,4,6
2001-11-06 23:30:00,14,-173.0,-187.1011119521662,19.518596998745053,-187.0,-219.20920401510182,-154.9930198892306,-225.35756206970652,-148.8446618346259,1,24,4,6
2001-11-07 00:30:00,14,-165.0,-178.0154921637088,19.518596998745053,-177.0,-210.12358422664443,-145.9074001007732,-216.27194228124912,-139.7590420461685,1,24,4,6
2001-11-07 01:30:00,14,-156.0,-184.2430454590765,19.518596998745053,-151.0,-216.35113752201212,-152.1349533961409,-222.49949557661682,-145.9865953415362,1,24,4,6
2001-11-07 02:30:00,14,-152.0,-191.81148526445574,19.518596998745053,-164.0,-223.91957732739135,-159.70339320152013,-230.06793538199605,-153.55503514691543,1,24,4,6
2001-11-07 03:30:00,14,-148.0,-137.9431894880625,19.518596998745053,-176.0,-170.0512815509981,-105.83509742512689,-176.1996396056028,-99.68673937052219,1,24,4,6
2001-11-07 04:30:00,14,-138.0,-104.37169822781605,19.518596998745053,-173.0,-136.47979029075168,-72.26360616488044,-142.62814834535635,-66.11524811027576,1,24,4,6
2001-11-07 05:30:00,14,-123.0,-94.72420137157768,19.518596998745053,-173.0,-126.83229343451329,-62.616109308642066,-132.98065148911797,-56.467751254037374,1,24,4,6
2001-11-07 06:30:00,14,-121.0,-90.66549337288583,19.518596998745053,-165.0,-122.77358543582145,-58.55740130995022,-128.92194349042614,-52.40904325534553,1,24,4,6
2001-11-07 07:30:00,14,-121.0,-89.59937239706528,19.518596998745053,-156.0,-121.70746446000089,-57.49128033412967,-127.85582251460559,-51.34292227952498,1,24,4,6
2001-11-07 08:30:00,14,-115.0,-89.17074889133733,19.518596998745053,-152.0,-121.27884095427294,-57.062656828401714,-127.42719900887764,-50.91429877379702,1,24,4,6
2001-11-07 09:30:00,14,-110.0,-89.64121932386729,19.518596998745053,-148.0,-121.7493113868029,-57.53312726093168,-127.8976694414076,-51.384769206326986,1,24,4,6
2001-11-07 10:30:00,14,-108.0,-85.67036212764077,19.518596998745053,-138.0,-117.77845419057638,-53.56227006470516,-123.92681224518108,-47.41391201010047,1,24,4,6
2001-11-07 11:30:00,14,-109.0,-80.1925624175007,19.518596998745053,-123.0,-112.30065448043631,-48.084470354565084,-118.44901253504099,-41.93611229996039,1,24,4,6
2001-11-07 12:30:00,14,-106.0,-79.42330955157428,19.518596998745053,-121.0,-111.53140161450989,-47.315217488638666,-117.67975966911459,-41.166859434033974,1,24,4,6
2001-11-07 13:30:00,14,-99.0,-79.05735008474363,19.518596998745053,-121.0,-111.16544214767924,-46.94925802180802,-117.31380020228394,-40.80089996720333,1,24,4,6
2001-11-07 14:30:00,14,-99.0,-79.87698110177587,19.518596998745053,-115.0,-111.98507316471148,-47.76888903884026,-118.13343121931618,-41.620530984235565,1,24,4,6
2001-11-07 15:30:00,14,-100.0,-81.57756159952228,19.518596998745053,-110.0,-113.6856536624579,-49.46946953658667,-119.8340117170626,-43.32111148198198,1,24,4,6
2001-11-07 16:30:00,14,-95.0,-84.52719194283661,19.518596998745053,-108.0,-116.63528400577222,-52.419099879901,-122.7836420603769,-46.270741825296305,1,24,4,6
2001-11-07 17:30:00,14,-91.0,-87.91842065117243,19.518596998745053,-109.0,-120.02651271410804,-55.810328588236814,-126.17487076871274,-49.66197053363212,1,24,4,6
2001-11-07 18:30:00,14,-88.0,-88.58603403665302,19.518596998745053,-106.0,-120.69412609958863,-56.47794197371741,-126.84248415419333,-50.329583919112714,1,24,4,6
2001-11-07 19:30:00,14,-86.0,-88.0546797936035,19.518596998745053,-99.0,-120.16277185653911,-55.946587730667886,-126.31112991114381,-49.798229676063194,1,24,4,6
2001-11-07 20:30:00,14,-81.0,-90.1601674559102,19.518596998745053,-99.0,-122.26825951884581,-58.05207539297459,-128.4166175734505,-51.903717338369894,1,24,4,6
2001-11-07 21:30:00,14,-78.0,-90.12211218435434,19.518596998745053,-100.0,-122.23020424728995,-58.014020121418724,-128.37856230189465,-51.86566206681403,1,24,4,6
2001-11-07 22:30:00,14,-75.0,-87.81011803022696,19.518596998745053,-95.0,-119.91821009316257,-55.70202596729135,-126.06656814776727,-49.553667912686656,1,24,4,6
2001-11-07 23:30:00,14,-73.0,-83.32182474008619,19.518596998745053,-91.0,-115.4299168030218,-51.213732677150574,-121.5782748576265,-45.06537462254588,1,24,4,6
2001-11-08 00:30:00,14,-71.0,-79.45460457926444,19.518596998745053,-88.0,-111.56269664220005,-47.34651251632883,-117.71105469680475,-41.19815446172414,1,24,4,6
2001-11-08 01:30:00,14,-70.0,-76.34074932409378,19.518596998745053,-86.0,-108.44884138702939,-44.23265726115817,-114.59719944163407,-38.084299206553474,1,24,4,6
2001-11-08 02:30:00,14,-69.0,-74.76309706380938,19.518596998745053,-81.0,-106.871189126745,-42.65500500087377,-113.01954718134968,-36.50664694626908,1,24,4,6
2001-11-08 03:30:00,14,-64.0,-70.25897361301594,19.518596998745053,-78.0,-102.36706567595155,-38.15088155008033,-108.51542373055625,-32.002523495475636,1,24,4,6
2001-11-08 04:30:00,14,-65.0,-67.65222450319868,19.518596998745053,-75.0,-99.76031656613429,-35.54413244026307,-105.90867462073899,-29.395774385658378,1,24,4,6
2001-11-08 05:30:00,14,-66.0,-65.23440617594528,19.518596998745053,-73.0,-97.34249823888089,-33.12631411300967,-103.49085629348559,-26.977956058404978,1,24,4,6
2001-11-08 06:30:00,14,-64.0,-66.591134406534,19.518596998745053,-71.0,-98.69922646946961,-34.483042343598385,-104.8475845240743,-28.334684288993692,1,24,4,6
2001-11-08 07:30:00,14,-65.0,-63.21063793213271,19.518596998745053,-70.0,-95.31872999506832,-31.1025458691971,-101.46708804967301,-24.95418781459241,1,24,4,6
2001-11-08 08:30:00,14,-64.0,-61.44589522926979,19.518596998745053,-69.0,-93.55398729220539,-29.337803166334176,-99.70234534681009,-23.189445111729484,1,24,4,6
2001-11-08 09:30:00,14,-57.0,-58.85818069118518,19.518596998745053,-64.0,-90.9662727541208,-26.75008862824957,-97.11463080872548,-20.60173057364488,1,24,4,6
2001-11-08 10:30:00,14,-57.0,-58.570849519029075,19.518596998745053,-65.0,-90.6789415819647,-26.462757456093463,-96.82729963656938,-20.31439940148877,1,24,4,6
2001-11-08 11:30:00,14,-53.0,-59.13996309956644,19.518596998745053,-66.0,-91.24805516250206,-27.031871036630825,-97.39641321710674,-20.883512982026133,1,24,4,6
2001-11-08 12:30:00,14,-52.0,-58.40551716640268,19.518596998745053,-64.0,-90.5136092293383,-26.29742510346707,-96.66196728394299,-20.149067048862378,1,24,4,6
2001-11-08 13:30:00,14,-51.0,-58.926312574385626,19.518596998745053,-65.0,-91.03440463732124,-26.818220511450015,-97.18276269192593,-20.669862456845323,1,24,4,6
2001-11-08 14:30:00,14,-49.0,-57.781586423739604,19.518596998745053,-64.0,-89.88967848667522,-25.673494360803993,-96.03803654127991,-19.5251363061993,1,24,4,6
2001-11-08 15:30:00,14,-48.0,-53.27977148987499,19.518596998745053,-57.0,-85.3878635528106,-21.171679426939377,-91.53622160741529,-15.023321372334685,1,24,4,6
2001-11-08 16:30:00,14,-47.0,-50.88185241670915,19.518596998745053,-57.0,-82.98994447964476,-18.77376035377354,-89.13830253424945,-12.625402299168847,1,24,4,6
2001-11-08 17:30:00,14,-46.0,-48.62756193786286,19.518596998745053,-53.0,-80.73565400079846,-16.519469874927246,-86.88401205540316,-10.371111820322554,1,24,4,6
2001-11-08 18:30:00,14,-44.0,-46.85322912160907,19.518596998745053,-52.0,-78.96132118454469,-14.745137058673457,-85.10967923914937,-8.596779004068765,1,24,4,6
2001-11-08 19:30:00,14,-44.0,-45.76698000519525,19.518596998745053,-51.0,-77.87507206813086,-13.65888794225964,-84.02343012273556,-7.510529887654947,1,24,4,6
2001-11-08 20:30:00,14,-45.0,-44.191055953628236,19.518596998745053,-49.0,-76.29914801656385,-12.082963890692625,-82.44750607116853,-5.934605836087933,1,24,4,6
2001-11-08 21:30:00,14,-47.0,-43.788274659189184,19.518596998745053,-48.0,-75.8963667221248,-11.680182596253573,-82.04472477672948,-5.531824541648881,1,24,4,6
2001-11-08 22:30:00,14,-47.0,-42.42348569322505,19.518596998745053,-47.0,-74.53157775616066,-10.315393630289435,-80.67993581076536,-4.167035575684743,1,24,4,6
2001-11-08 23:30:00,14,-46.0,-42.69492196915111,19.518596998745053,-46.0,-74.80301403208672,-10.586829906215499,-80.9513720866914,-4.438471851610807,1,24,4,6
2001-11-09 00:30:00,14,-43.0,-41.43684151053961,19.518596998745053,-44.0,-73.54493357347522,-9.328749447603997,-79.69329162807992,-3.1803913929993044,1,24,4,6
2001-11-09 01:30:00,14,-42.0,-40.83852871662955,19.518596998745053,-44.0,-72.94662077956517,-8.730436653693936,-79.09497883416985,-2.582078599089243,1,24,4,6
2001-11-09 02:30:00,14,-39.0,-41.36158177787338,19.518596998745053,-45.0,-73.469673840809,-9.253489714937771,-79.61803189541368,-3.105131660333079,1,24,4,6
2001-11-09 03:30:00,14,-39.0,-43.034454292511576,19.518596998745053,-47.0,-75.1425463554472,-10.926362229575965,-81.29090441005188,-4.778004174971272,1,24,4,6
2001-11-09 04:30:00,14,-39.0,-42.15726063127752,19.518596998745053,-47.0,-74.26535269421314,-10.049168568341912,-80.41371074881783,-3.9008105137372198,1,24,4,6
2001-11-09 05:30:00,14,-36.0,-41.2692422567127,19.518596998745053,-46.0,-73.37733431964831,-9.16115019377709,-79.525692374253,-3.0127921391723973,1,24,4,6
2001-11-09 06:30:00,14,-35.0,-40.46806319121674,19.518596998745053,-43.0,-72.57615525415235,-8.359971128281131,-78.72451330875705,-2.211613073676439,1,24,4,6
2001-11-09 07:30:00,14,-36.0,-37.64518019543132,19.518596998745053,-42.0,-69.75327225836693,-5.537088132495711,-75.90163031297163,0.6112699221089812,1,24,4,6
2001-11-09 08:30:00,14,-35.0,-38.34159513288074,19.518596998745053,-39.0,-70.44968719581635,-6.2335030699451295,-76.59804525042105,-0.08514501534043717,1,24,4,6
2001-11-09 09:30:00,14,-34.0,-37.08913164159882,19.518596998745053,-39.0,-69.19722370453442,-4.981039578663207,-75.34558175913912,1.1673184759414852,1,24,4,6
2001-11-09 10:30:00,14,-35.0,-36.39062117883005,19.518596998745053,-39.0,-68.49871324176567,-4.282529115894441,-74.64707129637036,1.8658289387102514,1,24,4,6
2001-11-09 11:30:00,14,-33.0,-35.04186640618655,19.518596998745053,-36.0,-67.14995846912217,-2.9337743432509384,-73.29831652372685,3.214583711353754,1,24,4,6
2001-11-09 12:30:00,14,-33.0,-34.69322139431834,19.518596998745053,-35.0,-66.80131345725395,-2.5851293313827313,-72.94967151185864,3.563228723221961,1,24,4,6
2001-11-09 13:30:00,14,-33.0,-34.36508079858689,19.518596998745053,-36.0,-66.4731728615225,-2.2569887356512766,-72.6215309161272,3.8913693189534158,1,24,4,6
2001-11-09 14:30:00,14,-35.0,-33.8399250593204,19.518596998745053,-35.0,-65.948017122256,-1.7318329963847887,-72.0963751768607,4.416525058219904,1,24,4,6
2001-11-09 15:30:00,14,-35.0,-33.291852636665666,19.518596998745053,-34.0,-65.39994469960128,-1.183760573730055,-71.54830275420596,4.964597480874637,1,24,4,6
2001-11-09 16:30:00,14,-35.0,-34.043433412464466,19.518596998745053,-35.0,-66.15152547540008,-1.935341349528855,-72.29988353000476,4.213016705075837,1,24,4,6
2001-11-09 17:30:00,14,-34.0,-33.23962648712451,19.518596998745053,-33.0,-65.34771855006012,-1.1315344241888994,-71.49607660466481,5.016823630415793,1,24,4,6
2001-11-09 18:30:00,14,-35.0,-32.028199860933086,19.518596998745053,-33.0,-64.1362919238687,0.07989220200252589,-70.2846499784734,6.228250256607218,1,24,4,6
2001-11-09 19:30:00,14,-33.0,-31.708166240275176,19.518596998745053,-33.0,-63.81625830321079,0.3999258226604354,-69.96461635781549,6.548283877265128,1,24,4,6
2001-11-09 20:30:00,14,-38.0,-32.25006631347615,19.518596998745053,-35.0,-64.35815837641175,-0.14197425054053525,-70.50651643101645,6.006383804064157,1,24,4,6
2001-11-09 21:30:00,14,-44.0,-31.892838635639944,19.518596998745053,-35.0,-64.00093069857556,0.21525342729566788,-70.14928875318024,6.36361148190036,1,24,4,6
2001-11-09 22:30:00,14,-40.0,-33.15072517651744,19.518596998745053,-35.0,-65.25881723945305,-1.0426331135818288,-71.40717529405774,5.105724941022864,1,24,4,6
2001-11-09 23:30:00,14,-37.0,-33.74012122264056,19.518596998745053,-34.0,-65.84821328557618,-1.632029159704949,-71.99657134018086,4.516328894899743,1,24,4,6
2001-11-10 00:30:00,14,-37.0,-33.93689642549205,19.518596998745053,-35.0,-66.04498848842766,-1.8288043625564399,-72.19334654303236,4.3195536920482525,1,24,4,6
2001-11-10 01:30:00,14,-39.0,-35.317907722548576,19.518596998745053,-33.0,-67.42599978548418,-3.209815659612964,-73.57435784008888,2.938542394991728,1,24,4,6
2001-11-10 02:30:00,14,-36.0,-35.03465185728679,19.518596998745053,-38.0,-67.1427439202224,-2.926559794351178,-73.29110197482709,3.2217982602535145,1,24,4,6
2001-11-10 03:30:00,14,-33.0,-36.96005323528825,19.518596998745053,-44.0,-69.06814529822387,-4.851961172352638,-75.21650335282855,1.2963968822520542,1,24,4,6
2001-11-10 04:30:00,14,-31.0,-36.06171069212484,19.518596998745053,-40.0,-68.16980275506046,-3.9536186291892292,-74.31816080966514,2.194739425415463,1,24,4,6
2001-11-10 05:30:00,14,-30.0,-33.573905547280944,19.518596998745053,-37.0,-65.68199761021656,-1.4658134843453325,-71.83035566482124,4.68254457025936,1,24,4,6
2001-11-10 06:30:00,14,-28.0,-32.36238774218479,19.518596998745053,-37.0,-64.47047980512039,-0.25429567924917507,-70.61883785972509,5.894062375355517,1,24,4,6
2001-11-10 07:30:00,14,-30.0,-32.38270373155168,19.518596998745053,-39.0,-64.4907957944873,-0.27461166861606756,-70.63915384909198,5.873746385988625,1,24,4,6
2001-11-10 08:30:00,14,-27.0,-32.36625453694038,19.518596998745053,-36.0,-64.47434659987599,-0.2581624740047701,-70.62270465448069,5.890195580599922,1,24,4,6
2001-11-10 09:30:00,14,-27.0,-31.111772104839137,19.518596998745053,-33.0,-63.219864167774745,0.9963199580964748,-69.36822222237944,7.144678012701167,1,24,4,6
2001-11-10 10:30:00,14,-28.0,-29.102426311869475,19.518596998745053,-31.0,-61.21051837480509,3.005665751066136,-67.35887642940978,9.154023805670828,1,24,4,6
2001-11-10 11:30:00,14,-29.0,-27.531167845843143,19.518596998745053,-30.0,-59.639259908778754,4.576924217092468,-65.78761796338344,10.72528227169716,1,24,4,6
2001-11-10 12:30:00,14,-32.0,-26.744465273837278,19.518596998745053,-28.0,-58.85255733677289,5.363626789098333,-65.00091539137759,11.511984843703026,1,24,4,6
2001-11-10 13:30:00,14,-30.0,-27.049560582020078,19.518596998745053,-30.0,-59.15765264495569,5.0585314809155335,-65.30601069956037,11.206889535520226,1,24,4,6
2001-11-10 14:30:00,14,-32.0,-26.485483660600842,19.518596998745053,-27.0,-58.59357572353645,5.6226084023347696,-64.74193377814115,11.770966456939462,1,24,4,6
2001-11-10 15:30:00,14,-32.0,-26.649583725272237,19.518596998745053,-27.0,-58.75767578820785,5.458508337663375,-64.90603384281255,11.606866392268067,1,24,4,6
2001-11-10 16:30:00,14,-31.0,-26.59676296211302,19.518596998745053,-28.0,-58.70485502504863,5.511329100822593,-64.85321307965333,11.659687155427285,1,24,4,6
2001-11-10 17:30:00,14,-30.0,-26.92859290775852,19.518596998745053,-29.0,-59.03668497069413,5.179499155177091,-65.18504302529882,11.327857209781783,1,24,4,6
2001-11-10 18:30:00,14,-32.0,-26.850408514185972,19.518596998745053,-32.0,-58.95850057712158,5.25768354874964,-65.10685863172628,11.406041603354332,1,24,4,6
2001-11-10 19:30:00,14,-30.0,-26.856280955847687,19.518596998745053,-30.0,-58.9643730187833,5.251811107087924,-65.11273107338799,11.400169161692617,1,24,4,6
2001-11-10 20:30:00,14,-27.0,-27.8122404748582,19.518596998745053,-32.0,-59.92033253779381,4.2958515880774115,-66.0686905923985,10.444209642682104,1,24,4,6
2001-11-10 21:30:00,14,-35.0,-25.959377623288383,19.518596998745053,-32.0,-58.067469686223994,6.148714439647229,-64.21582774082869,12.297072494251921,1,24,4,6
2001-11-10 22:30:00,14,-38.0,-25.60003968122906,19.518596998745053,-31.0,-57.708131744164675,6.508052381706552,-63.85648979876936,12.656410436311244,1,24,4,6
2001-11-10 23:30:00,14,-40.0,-26.13082170801428,19.518596998745053,-30.0,-58.23891377094989,5.97727035492133,-64.38727182555459,12.125628409526023,1,24,4,6
2001-11-11 00:30:00,14,-42.0,-26.91499150055542,19.518596998745053,-32.0,-59.02308356349103,5.193100562380192,-65.17144161809573,11.341458616984884,1,24,4,6
2001-11-11 01:30:00,14,-43.0,-26.010018184681066,19.518596998745053,-30.0,-58.11811024761668,6.098073878254546,-64.26646830222137,12.246431932859238,1,24,4,6
2001-11-11 02:30:00,14,-42.0,-30.0718829097642,19.518596998745053,-27.0,-62.17997497269981,2.036209153171413,-68.3283330273045,8.184567207776105,1,24,4,6
2001-11-11 03:30:00,14,-39.0,-35.770673119166,19.518596998745053,-35.0,-67.8787651821016,-3.662581056230387,-74.0271232367063,2.4857769983743054,1,24,4,6
2001-11-11 04:30:00,14,-35.0,-38.161708257273666,19.518596998745053,-38.0,-70.26980032020927,-6.053616194338055,-76.41815837481397,0.09474186026663745,1,24,4,6
2001-11-11 05:30:00,14,-32.0,-38.87065588690331,19.518596998745053,-40.0,-70.97874794983892,-6.762563823967696,-77.12710600444362,-0.6142057693630036,1,24,4,6
2001-11-11 06:30:00,14,-33.0,-37.00234464118846,19.518596998745053,-42.0,-69.11043670412407,-4.894252578252846,-75.25879475872875,1.254105476351846,1,24,4,6
2001-11-11 07:30:00,14,-32.0,-36.507755004120924,19.518596998745053,-43.0,-68.61584706705654,-4.399662941185312,-74.76420512166123,1.7486951134193802,1,24,4,6
2001-11-11 08:30:00,14,-29.0,-35.26029869414958,19.518596998745053,-42.0,-67.3683907570852,-3.1522066312139714,-73.5167488116899,2.996151423390721,1,24,4,6
2001-11-11 09:30:00,14,-28.0,-33.680708701515684,19.518596998745053,-39.0,-65.7888007644513,-1.5726166385800724,-71.93715881905598,4.57574141602462,1,24,4,6
2001-11-11 10:30:00,14,-33.0,-31.392441292488066,19.518596998745053,-35.0,-63.50053335542368,0.7156507704475459,-69.64889141002837,6.864008825052238,1,24,4,6
2001-11-11 11:30:00,14,-35.0,-28.39913206333169,19.518596998745053,-32.0,-60.5072241262673,3.7089599996039198,-66.65558218087199,9.857318054208612,1,24,4,6
2001-11-11 12:30:00,14,-29.0,-26.80700677753456,19.518596998745053,-33.0,-58.91509884047017,5.301085285401051,-65.06345689507486,11.449443340005743,1,24,4,6
2001-11-11 13:30:00,14,-29.0,-25.996043391915613,19.518596998745053,-32.0,-58.104135454851225,6.112048671019998,-64.25249350945592,12.26040672562469,1,24,4,6
2001-11-11 14:30:00,14,-31.0,-24.640518549470563,19.518596998745053,-29.0,-56.748610612406175,7.467573513465048,-62.89696866701087,13.61593156806974,1,24,4,6
2001-11-11 15:30:00,14,-34.0,-29.321625600825136,19.518596998745053,-28.0,-61.42971766376075,2.786466462110475,-67.57807571836544,8.934824516715167,1,24,4,6
2001-11-11 16:30:00,14,-35.0,-30.248408448315786,19.518596998745053,-33.0,-62.3565005112514,1.8596836146198257,-68.5048585658561,8.008041669224518,1,24,4,6
2001-11-11 17:30:00,14,-34.0,-29.22627009535433,19.518596998745053,-35.0,-61.33436215828994,2.8818219675812813,-67.48272021289463,9.030180022185974,1,24,4,6
2001-11-11 18:30:00,14,-33.0,-27.750006465153437,19.518596998745053,-29.0,-59.858098528089045,4.358085597782175,-66.00645658269374,10.506443652386867,1,24,4,6
2001-11-11 19:30:00,14,-30.0,-26.371310909978575,19.518596998745053,-29.0,-58.47940297291419,5.736781152957036,-64.62776102751889,11.885139207561728,1,24,4,6
2001-11-11 20:30:00,14,-29.0,-28.37485622181672,19.518596998745053,-31.0,-60.48294828475233,3.7332358411188906,-66.63130633935702,9.881593895723583,1,24,4,6
2001-11-11 21:30:00,14,-27.0,-29.81505780044901,19.518596998745053,-34.0,-61.92314986338462,2.2930342624866,-68.07150791798932,8.441392317091292,1,24,4,6
2001-11-11 22:30:00,14,-25.0,-31.188143035250896,19.518596998745053,-35.0,-63.29623509818651,0.9199490276847158,-69.4445931527912,7.068307082289408,1,24,4,6
2001-11-11 23:30:00,14,-24.0,-33.85221268110056,19.518596998745053,-34.0,-65.96030474403616,-1.7441206181649491,-72.10866279864086,4.404237436439743,1,24,4,6
2001-11-12 00:30:00,14,-23.0,-32.150278443942064,19.518596998745053,-33.0,-64.25837050687767,-0.04218638100645222,-70.40672856148237,6.10617167359824,1,24,4,6
2001-11-12 01:30:00,14,-25.0,-29.93860564986587,19.518596998745053,-30.0,-62.04669771280148,2.169486413069741,-68.19505576740617,8.317844467674433,1,24,4,6
2001-11-12 02:30:00,14,-28.0,-30.657929756752594,19.518596998745053,-29.0,-62.766021819688206,1.4501623061830173,-68.9143798742929,7.59852036078771,1,24,4,6
2001-11-12 03:30:00,14,-27.0,-28.788317730529904,19.518596998745053,-27.0,-60.896409793465516,3.319774332405707,-67.04476784807021,9.4681323870104,1,24,4,6
2001-11-12 04:30:00,14,-26.0,-26.77506786204803,19.518596998745053,-25.0,-58.883159924983644,5.333024200887582,-65.03151797958833,11.481382255492274,1,24,4,6
2001-11-12 05:30:00,14,-25.0,-26.577575799376568,19.518596998745053,-24.0,-58.68566786231218,5.5305162635590435,-64.83402591691687,11.678874318163736,1,24,4,6
2001-11-12 06:30:00,14,-25.0,-26.550198430109944,19.518596998745053,-23.0,-58.658290493045556,5.557893632825667,-64.80664854765024,11.70625168743036,1,24,4,6
2001-11-12 07:30:00,14,-23.0,-26.632179102898455,19.518596998745053,-25.0,-58.740271165834066,5.4759129600371566,-64.88862922043876,11.624271014641849,1,24,4,6
2001-11-12 08:30:00,14,-18.0,-27.09557139363812,19.518596998745053,-28.0,-59.203663456573736,5.012520669297491,-65.35202151117842,11.160878723902183,1,24,4,6
2001-11-12 09:30:00,14,-13.0,-25.87623864606187,19.518596998745053,-27.0,-57.98433070899748,6.23185341687374,-64.13268876360218,12.380211471478432,1,24,4,6
2001-11-12 10:30:00,14,-10.0,-25.8747173599936,19.518596998745053,-26.0,-57.98280942292921,6.233374702942012,-64.13116747753391,12.381732757546704,1,24,4,6
2001-11-12 11:30:00,14,-13.0,-24.437490438941236,19.518596998745053,-25.0,-56.54558250187685,7.670601623994376,-62.693940556481536,13.818959678599068,1,24,4,6
2001-11-12 12:30:00,14,-14.0,-23.575657605423892,19.518596998745053,-25.0,-55.6837496683595,8.53243445751172,-61.832107722964196,14.680792512116412,1,24,4,6
2001-11-12 13:30:00,14,-14.0,-22.035686075140546,19.518596998745053,-23.0,-54.14377813807616,10.072405987795065,-60.29213619268085,16.220764042399757,1,24,4,6
2001-11-12 14:30:00,14,-16.0,-20.645910332302776,19.518596998745053,-18.0,-52.75400239523839,11.462181730632835,-58.90236044984308,17.610539785237528,1,24,4,6
2001-11-12 15:30:00,14,-22.0,-19.40805974162042,19.518596998745053,-13.0,-51.51615180455603,12.700032321315192,-57.664509859160724,18.848390375919884,1,24,4,6
2001-11-12 16:30:00,14,-25.0,-19.525231136666015,19.518596998745053,-10.0,-51.63332319960163,12.582860926269596,-57.78168125420632,18.73121898087429,1,24,4,6
2001-11-12 17:30:00,14,-24.0,-19.339776423408615,19.518596998745053,-13.0,-51.44786848634423,12.768315639526996,-57.59622654094892,18.91667369413169,1,24,4,6
2001-11-12 18:30:00,14,-24.0,-19.662972261421963,19.518596998745053,-14.0,-51.771064324357575,12.445119801513648,-57.91942237896227,18.59347785611834,1,24,4,6
2001-11-12 19:30:00,14,-22.0,-19.273113806616053,19.518596998745053,-14.0,-51.381205869551664,12.834978256319559,-57.529563924156356,18.98333631092425,1,24,4,6
2001-11-12 20:30:00,14,-21.0,-18.528546003533005,19.518596998745053,-16.0,-50.63663806646862,13.579546059402606,-56.784996121073306,19.7279041140073,1,24,4,6
2001-11-12 21:30:00,14,-20.0,-18.346688738789638,19.518596998745053,-22.0,-50.45478080172525,13.761403324145974,-56.60313885632994,19.909761378750666,1,24,4,6
2001-11-12 22:30:00,14,-19.0,-18.368594795775763,19.518596998745053,-25.0,-50.476686858711375,13.739497267159848,-56.62504491331607,19.88785532176454,1,24,4,6
2001-11-12 23:30:00,14,-18.0,-18.56361303459761,19.518596998745053,-24.0,-50.67170509753322,13.544479028338003,-56.82006315213791,19.692837082942695,1,24,4,6
2001-11-13 00:30:00,14,-15.0,-19.75261600818203,19.518596998745053,-24.0,-51.86070807111764,12.35547605475358,-58.009066125722335,18.503834109358273,1,24,4,6
2001-11-13 01:30:00,14,-12.0,-19.7654001287208,19.518596998745053,-22.0,-51.87349219165641,12.342691934214812,-58.0218502462611,18.491049988819505,1,24,4,6
2001-11-13 02:30:00,14,-13.0,-19.81323509642982,19.518596998745053,-21.0,-51.92132715936543,12.29485696650579,-58.069685213970125,18.443215021110483,1,24,4,6
2001-11-13 03:30:00,14,-16.0,-19.77863161833891,19.518596998745053,-20.0,-51.88672368127452,12.329460444596702,-58.03508173587922,18.477818499201394,1,24,4,6
2001-11-13 04:30:00,14,-19.0,-19.089197719313724,19.518596998745053,-19.0,-51.197289782249335,13.018894343621888,-57.34564783685403,19.16725239822658,1,24,4,6
2001-11-13 05:30:00,14,-17.0,-18.25025006839028,19.518596998745053,-18.0,-50.35834213132589,13.857841994545332,-56.50670018593058,20.006200049150024,1,24,4,6
2001-11-13 06:30:00,14,-16.0,-17.687338387363763,19.518596998745053,-15.0,-49.79543045029938,14.420753675571849,-55.94378850490406,20.56911173017654,1,24,4,6
2001-11-13 07:30:00,14,-17.0,-16.624672672985515,19.518596998745053,-12.0,-48.73276473592112,15.483419389950097,-54.88112279052582,21.63177744455479,1,24,4,6
2001-11-13 08:30:00,14,-13.0,-16.03556504697944,19.518596998745053,-13.0,-48.143657109915054,16.072527015956172,-54.29201516451974,22.220885070560865,1,24,4,6
2001-11-13 09:30:00,14,-12.0,-15.715549344204558,19.518596998745053,-16.0,-47.82364140714017,16.392542718731054,-53.97199946174486,22.540900773335746,1,24,4,6
2001-11-13 10:30:00,14,-12.0,-15.420768956680714,19.518596998745053,-19.0,-47.52886101961633,16.687323106254897,-53.677219074221014,22.83568116085959,1,24,4,6
2001-11-13 11:30:00,14,-13.0,-13.781769332903078,19.518596998745053,-17.0,-45.88986139583869,18.326322730032533,-52.03821945044338,24.474680784637226,1,24,4,6
2001-11-13 12:30:00,14,-13.0,-13.066457386822929,19.518596998745053,-16.0,-45.174549449758544,19.041634676112682,-51.32290750436323,25.189992730717375,1,24,4,6
2001-11-13 13:30:00,14,-12.0,-12.772927783133333,19.518596998745053,-17.0,-44.881019846068945,19.335164279802278,-51.02937790067364,25.48352233440697,1,24,4,6
2001-11-13 14:30:00,14,-10.0,-12.035057800323514,19.518596998745053,-13.0,-44.143149863259126,20.073034262612097,-50.29150791786382,26.22139231721679,1,24,4,6
2001-11-13 15:30:00,14,-11.0,-11.660953210668367,19.518596998745053,-12.0,-43.76904527360398,20.447138852267244,-49.91740332820867,26.595496906871936,1,24,4,6
2001-11-13 16:30:00,14,-12.0,-11.347242290732659,19.518596998745053,-12.0,-43.45533435366827,20.760849772202953,-49.60369240827296,26.909207826807645,1,24,4,6
2001-11-13 17:30:00,14,-13.0,-11.148834682038345,19.518596998745053,-13.0,-43.25692674497395,20.959257380897267,-49.40528479957865,27.10761543550196,1,24,4,6
2001-11-13 18:30:00,14,-12.0,-10.897232924622461,19.518596998745053,-13.0,-43.00532498755807,21.21085913831315,-49.15368304216277,27.359217192917843,1,24,4,6
2001-11-13 19:30:00,14,-17.0,-10.687972858778501,19.518596998745053,-12.0,-42.79606492171411,21.42011920415711,-48.944422976318805,27.568477258761803,1,24,4,6
2001-11-13 20:30:00,14,-25.0,-10.920026783812567,19.518596998745053,-10.0,-43.02811884674818,21.188065279123045,-49.17647690135287,27.336423333727737,1,24,4,6
2001-11-13 21:30:00,14,-24.0,-11.964359613877196,19.518596998745053,-11.0,-44.072451676812804,20.143732449058415,-50.2208097314175,26.292090503663108,1,24,4,6
2001-11-13 22:30:00,14,-16.0,-12.891396201711299,19.518596998745053,-12.0,-44.999488264646914,19.216695861224313,-51.1478463192516,25.365053915829005,1,24,4,6
2001-11-13 23:30:00,14,-12.0,-13.189244593205654,19.518596998745053,-13.0,-45.29733665614127,18.918847469729958,-51.445694710745954,25.06720552433465,1,24,4,6
2001-11-14 00:30:00,14,-11.0,-11.18722056743578,19.518596998745053,-12.0,-43.29531263037139,20.92087149549983,-49.443670684976084,27.069229550104524,1,24,4,6
2001-11-14 01:30:00,14,-12.0,-15.990264014727597,19.518596998745053,-17.0,-48.09835607766321,16.117828048208015,-54.2467141322679,22.266186102812707,1,24,4,6
2001-11-14 02:30:00,14,-11.0,-21.964604099199803,19.518596998745053,-25.0,-54.072696162135415,10.143487963735808,-60.22105421674011,16.2918460183405,1,24,4,6
2001-11-14 03:30:00,14,-12.0,-19.322476996348065,19.518596998745053,-24.0,-51.43056905928368,12.785615066587546,-57.57892711388837,18.93397312119224,1,24,4,6
2001-11-14 04:30:00,14,-8.0,-14.24965959027773,19.518596998745053,-16.0,-46.35775165321334,17.85843247265788,-52.506109707818034,24.006790527262574,1,24,4,6
2001-11-14 05:30:00,14,-7.0,-11.25180124182032,19.518596998745053,-12.0,-43.35989330475593,20.85629082111529,-49.50825135936063,27.004648875719983,1,24,4,6
2001-11-14 06:30:00,14,-7.0,-10.616077064150783,19.518596998745053,-11.0,-42.7241691270864,21.49201499878483,-48.87252718169108,27.64037305338952,1,24,4,6
2001-11-14 07:30:00,14,-7.0,-10.951159972559292,19.518596998745053,-12.0,-43.05925203549491,21.15693209037632,-49.20761009009959,27.30529014498101,1,24,4,6
2001-11-14 08:30:00,14,-8.0,-10.799466018894499,19.518596998745053,-11.0,-42.90755808183011,21.308626044041112,-49.0559161364348,27.456984098645805,1,24,4,6
2001-11-14 09:30:00,14,-10.0,-11.055173861503771,19.518596998745053,-12.0,-43.163265924439386,21.05291820143184,-49.31162397904407,27.201276256036532,1,24,4,6
2001-11-14 10:30:00,14,-10.0,-10.743710190896877,19.518596998745053,-8.0,-42.85180225383249,21.364381872038734,-49.00016030843718,27.512739926643427,1,24,4,6
2001-11-14 11:30:00,14,-8.0,-10.855085439782659,19.518596998745053,-7.0,-42.96317750271827,21.253006623152952,-49.111535557322966,27.401364677757645,1,24,4,6
2001-11-14 12:30:00,14,-9.0,-10.759145002130584,19.518596998745053,-7.0,-42.86723706506619,21.348947060805028,-49.01559511967089,27.49730511540972,1,24,4,6
2001-11-14 13:30:00,14,-9.0,-9.416700214292295,19.518596998745053,-7.0,-41.5247922772279,22.691391848643317,-47.6731503318326,28.83974990324801,1,24,4,6
2001-11-14 14:30:00,14,-7.0,-8.73170301430208,19.518596998745053,-8.0,-40.839795077237696,23.37638904863353,-46.98815313184238,29.524747103238223,1,24,4,6
2001-11-14 15:30:00,14,-6.0,-7.870920977924602,19.518596998745053,-10.0,-39.97901304086021,24.23717108501101,-46.12737109546491,30.385529139615702,1,24,4,6
2001-11-14 16:30:00,14,-4.0,-7.42263635255442,19.518596998745053,-10.0,-39.53072841549003,24.68545571038119,-45.679086470094724,30.833813764985884,1,24,4,6
2001-11-14 17:30:00,14,-4.0,-6.965489889038825,19.518596998745053,-8.0,-39.07358195197443,25.142602173896787,-45.22194000657913,31.29096022850148,1,24,4,6
2001-11-14 18:30:00,14,-7.0,-6.95295661886238,19.518596998745053,-9.0,-39.06104868179799,25.15513544407323,-45.209406736402684,31.303493498677923,1,24,4,6
2001-11-14 19:30:00,14,-9.0,-7.136696995311837,19.518596998745053,-9.0,-39.24478905824745,24.971395067623774,-45.39314711285214,31.119753122228467,1,24,4,6
2001-11-14 20:30:00,14,-10.0,-7.130734386238782,19.518596998745053,-7.0,-39.2388264491744,24.97735767669683,-45.38718450377908,31.125715731301522,1,24,4,6
2001-11-14 21:30:00,14,-8.0,-6.067706846222716,19.518596998745053,-6.0,-38.17579890915833,26.040385216712895,-44.324156963763016,32.18874327131759,1,24,4,6
2001-11-14 22:30:00,14,-3.0,-5.666702312184075,19.518596998745053,-4.0,-37.77479437511968,26.441389750751537,-43.92315242972438,32.589747805356225,1,24,4,6
2001-11-14 23:30:00,14,-1.0,-5.702219024312932,19.518596998745053,-4.0,-37.81031108724854,26.40587303862268,-43.958669141853235,32.55423109322737,1,24,4,6
2001-11-15 00:30:00,14,0.0,-6.105493927529448,19.518596998745053,-7.0,-38.21358599046506,26.002598135406163,-44.36194404506975,32.15095619001086,1,24,4,6
2001-11-15 01:30:00,14,-1.0,-6.379755449010876,19.518596998745053,-9.0,-38.487847511946484,25.728336613924736,-44.63620556655118,31.876694668529428,1,24,4,6
2001-11-15 02:30:00,14,0.0,-6.80097135509941,19.518596998745053,-10.0,-38.90906341803502,25.3071207078362,-45.05742147263972,31.455478762440894,1,24,4,6
2001-11-15 03:30:00,14,0.0,-5.708424391801138,19.518596998745053,-8.0,-37.81651645473675,26.399667671134473,-43.96487450934144,32.548025725739166,1,24,4,6
2001-11-15 04:30:00,14,0.0,-4.258345146655277,19.518596998745053,-3.0,-36.366437209590885,27.849746916280335,-42.514795264195584,33.998104970885024,1,24,4,6
2001-11-15 05:30:00,14,-3.0,-2.7844015933077415,19.518596998745053,-1.0,-34.89249365624335,29.32369046962787,-41.040851710848045,35.47204852423256,1,24,4,6
2001-11-15 06:30:00,14,-7.0,-1.6634495834520493,19.518596998745053,0.0,-33.77154164638766,30.444642479483562,-39.91989970099235,36.593000534088254,1,24,4,6
2001-11-15 07:30:00,14,-7.0,-1.331578022078233,19.518596998745053,-1.0,-33.439670085013844,30.77651404085738,-39.58802813961854,36.92487209546207,1,24,4,6
2001-11-15 08:30:00,14,-6.0,-0.9496149957269537,19.518596998745053,0.0,-33.057707058662565,31.158477067208658,-39.20606511326726,37.30683512181335,1,24,4,6
2001-11-15 09:30:00,14,-6.0,-0.7729053653772127,19.518596998745053,0.0,-32.880997428312824,31.3351866975584,-39.029355482917516,37.48354475216309,1,24,4,6
2001-11-15 10:30:00,14,-3.0,-0.8430093717026423,19.518596998745053,0.0,-32.951101434638254,31.26508269123297,-39.099459489242946,37.41344074583766,1,24,4,6
2001-11-15 11:30:00,14,2.0,-1.7370770547745025,19.518596998745053,-3.0,-33.845169117710114,30.37101500816111,-39.993527172314806,36.5193730627658,1,24,4,6
2001-11-15 12:30:00,14,-1.0,-1.0000294645968495,0.08682342910932771,-7.0,-1.1428540054816936,-0.8572049237120054,-1.1702033856511318,-0.8298555435425672,1,24,4,6
2001-11-15 13:30:00,14,-1.0,-1.000034860203563,0.08682342910932771,-7.0,-1.142859401088407,-0.8572103193187188,-1.1702087812578452,-0.8298609391492806,1,24,4,6
2001-11-15 14:30:00,14,-1.0,-1.0000351385337538,0.08682342910932771,-6.0,-1.142859679418598,-0.8572105976489097,-1.1702090595880361,-0.8298612174794715,1,24,4,6
2001-11-15 15:30:00,14,13.0,12.999827254701167,0.08682342910932771,-6.0,12.857002713816323,13.14265179558601,12.829653333646885,13.170001175755448,1,24,4,6
2001-11-15 16:30:00,14,19.0,18.999789614721834,0.08682342910932771,-3.0,18.85696507383699,19.14261415560668,18.829615693667552,19.169963535776116,1,24,4,6
2001-11-15 17:30:00,14,-1.0,-1.0000016868302453,0.08682342910932771,2.0,-1.1428262277150893,-0.8571771459454012,-1.1701756078845276,-0.829827765775963,1,24,4,6
2001-11-15 18:30:00,14,-10.0,-9.999907372236624,0.08682342910932771,-1.0,-10.142731913121468,-9.85708283135178,-10.170081293290906,-9.829733451182342,1,24,4,6
2001-11-15 19:30:00,14,-20.0,-19.999803467246736,0.08682342910932771,-1.0,-20.14262800813158,-19.85697892636189,-20.169977388301017,-19.829629546192454,1,24,4,6
2001-11-15 20:30:00,14,-24.0,-23.999765658780717,0.08682342910932771,-1.0,-24.142590199665563,-23.85694111789587,-24.169939579835,-23.829591737726435,1,24,4,6
2001-11-15 21:30:00,14,-20.0,-19.99989761256286,0.07519135657900078,13.0,-20.123587394135317,-19.876207830990406,-20.147272671457703,-19.85252255366802,1,24,4,6
2001-11-15 22:30:00,14,-22.0,-21.999890513787754,0.07519135657900078,19.0,-22.12358029536021,-21.8762007322153,-22.147265572682596,-21.852515454892913,1,24,4,6
2001-11-15 23:30:00,14,-16.0,-15.99999429500716,0.07519135657900078,-1.0,-16.123684076579615,-15.876304513434702,-16.147369353902,-15.852619236112318,1,24,4,6
2001-11-16 00:30:00,14,-12.0,-12.000071614688505,0.07519135657900078,-10.0,-12.123761396260962,-11.876381833116048,-12.147446673583346,-11.852696555793663,1,24,4,6
2001-11-16 01:30:00,14,-16.0,-15.999994054418533,0.07519135657900078,-20.0,-16.123683835990988,-15.876304272846076,-16.147369113313374,-15.852618995523692,1,24,4,6
2001-11-16 02:30:00,14,-23.0,-22.999916688309664,0.07519135657900078,-24.0,-23.12360646988212,-22.87622690673721,-23.147291747204505,-22.852541629414823,1,24,4,6
2001-11-16 03:30:00,14,-27.0,-26.999874441442692,0.07519135657900078,-20.0,-27.123564223015148,-26.876184659870237,-27.147249500337534,-26.85249938254785,1,24,4,6
2001-11-16 04:30:00,14,-27.0,-26.99988746018491,0.07519135657900078,-22.0,-27.123577241757367,-26.876197678612456,-27.147262519079753,-26.85251240129007,1,24,4,6
2001-11-16 05:30:00,14,-29.0,-28.99987751256813,0.07519135657900078,-16.0,-29.123567294140585,-28.876187730995674,-29.14725257146297,-28.85250245367329,1,24,4,6
2001-11-16 06:30:00,14,-31.0,-30.999879293858385,0.07519135657900078,-12.0,-31.12356907543084,-30.87618951228593,-31.147254352753226,-30.852504234963543,1,24,4,6
2005-05-06 13:30:00,28,17.0,6.341536899928634,19.518596998745053,-16.0,-25.766555163006977,38.449628962864246,-31.91491321761167,44.59798701746894,1,24,4,6
2005-05-06 14:30:00,28,17.0,7.049887459456251,19.518596998745053,-23.0,-25.05820460347936,39.15797952239186,-31.206562658084053,45.306337576996555,1,24,4,6
2005-05-06 15:30:00,28,20.0,7.065363886418275,19.518596998745053,-27.0,-25.042728176517336,39.17345594935389,-31.19108623112203,45.32181400395858,1,24,4,6
2005-05-06 16:30:00,28,19.0,6.273134514494167,19.518596998745053,-27.0,-25.834957548441444,38.38122657742978,-31.983315603046137,44.52958463203447,1,24,4,6
2005-05-06 17:30:00,28,19.0,5.257276090534141,19.518596998745053,-29.0,-26.85081597240147,37.36536815346975,-32.99917402700616,43.513726208074445,1,24,4,6
2005-05-06 18:30:00,28,17.0,5.129390957433273,19.518596998745053,-31.0,-26.97870110550234,37.237483020368884,-33.12705916010703,43.38584107497358,1,24,4,6
2005-05-06 19:30:00,28,20.0,9.554289621446387,19.518596998745053,17.0,-22.553802441489225,41.662381684382,-28.702160496093917,47.81073973898669,1,24,4,6
2005-05-06 20:30:00,28,21.0,11.841721247930423,19.518596998745053,17.0,-20.26637081500519,43.949813310866034,-26.41472886960988,50.098171365470726,1,24,4,6
2005-05-06 21:30:00,28,17.0,11.61862395242293,19.518596998745053,20.0,-20.489468110512682,43.72671601535854,-26.637826165117374,49.87507406996323,1,24,4,6
2005-05-06 22:30:00,28,17.0,12.087901400741295,19.518596998745053,19.0,-20.020190662194317,44.195993463676906,-26.16854871679901,50.3443515182816,1,24,4,6
2005-05-06 23:30:00,28,13.0,7.382031835048998,19.518596998745053,19.0,-24.726060227886613,39.49012389798461,-30.874418282491305,45.6384819525893,1,24,4,6
2005-05-07 00:30:00,28,10.0,6.659004795336905,19.518596998745053,17.0,-25.449087267598706,38.76709685827252,-31.5974453222034,44.91545491287721,1,24,4,6
2005-05-07 01:30:00,28,13.0,5.110525160598783,19.518596998745053,20.0,-26.99756690233683,37.218617223534395,-33.14592495694152,43.36697527813909,1,24,4,6
2005-05-07 02:30:00,28,12.0,3.322741216160793,19.518596998745053,21.0,-28.78535084677482,35.430833279096404,-34.93370890137951,41.5791913337011,1,24,4,6
2005-05-07 03:30:00,28,11.0,4.435848661229791,19.518596998745053,17.0,-27.67224340170582,36.5439407241654,-33.82060145631051,42.692298778770095,1,24,4,6
2005-05-07 04:30:00,28,9.0,-1.1309023561909513,19.518596998745053,17.0,-33.23899441912656,30.97718970674466,-39.387352473731255,37.12554776134935,1,24,4,6
2005-05-07 05:30:00,28,10.0,-4.773642654531308,19.518596998745053,13.0,-36.88173471746692,27.334449408404303,-43.03009277207161,33.482807463008996,1,24,4,6
2005-05-07 06:30:00,28,11.0,-4.2555638288131306,19.518596998745053,10.0,-36.36365589174874,27.85252823412248,-42.512013946353434,34.00088628872717,1,24,4,6
2005-05-07 07:30:00,28,11.0,-1.6971906911729526,19.518596998745053,13.0,-33.80528275410856,30.41090137176266,-39.95364080871326,36.55925942636735,1,24,4,6
2005-05-07 08:30:00,28,10.0,0.13130268349318897,19.518596998745053,12.0,-31.976789379442423,32.2393947464288,-38.125147434047115,38.38775280103349,1,24,4,6
2005-05-07 09:30:00,28,10.0,-1.1505449799539207,19.518596998745053,11.0,-33.25863704288953,30.95754708298169,-39.406995097494224,37.10590513758638,1,24,4,6
2005-05-07 10:30:00,28,7.0,-9.523141687388271,19.518596998745053,9.0,-41.63123375032389,22.58495037554734,-47.77959180492857,28.733308430152032,1,24,4,6
2005-05-07 11:30:00,28,5.0,-5.7667303391502855,19.518596998745053,10.0,-37.8748224020859,26.341361723785326,-44.02318045669059,32.48971977839002,1,24,4,6
2005-05-07 12:30:00,28,3.0,-4.935467726055013,19.518596998745053,11.0,-37.04355978899062,27.1726243368806,-43.19191784359532,33.32098239148529,1,24,4,6
2005-05-07 13:30:00,28,8.0,-10.389611206634974,19.518596998745053,11.0,-42.497703269570586,21.718480856300637,-48.64606132417528,27.86683891090533,1,24,4,6
2005-05-07 14:30:00,28,7.0,-12.079355431126071,19.518596998745053,10.0,-44.187447494061686,20.02873663180954,-50.33580554866637,26.177094686414232,1,24,4,6
2005-05-07 15:30:00,28,5.0,-13.659849120860173,19.518596998745053,10.0,-45.767941183795784,18.44824294207544,-51.91629923840048,24.59660099668013,1,24,4,6
2005-05-07 16:30:00,28,5.0,-18.2498847747751,19.518596998745053,7.0,-50.35797683771071,13.85820728816051,-56.50633489231541,20.006565342765203,1,24,4,6
2005-05-07 17:30:00,28,8.0,-15.45843119080251,19.518596998745053,5.0,-47.566523253738126,16.6496608721331,-53.71488130834281,22.798018926737793,1,24,4,6
2005-05-07 18:30:00,28,15.0,-13.712053740041892,19.518596998745053,3.0,-45.82014580297751,18.39603832289372,-51.96850385758219,24.544396377498412,1,24,4,6
2005-05-07 19:30:00,28,25.0,-12.056360429249128,19.518596998745053,8.0,-44.164452492184736,20.051731633686483,-50.312810546789436,26.200089688291175,1,24,4,6
2005-05-07 20:30:00,28,13.0,-5.663141855428545,19.518596998745053,7.0,-37.77123391836416,26.444950207507066,-43.919591972968846,32.59330826211176,1,24,4,6
2005-05-07 21:30:00,28,6.0,-0.15039880541635142,19.518596998745053,5.0,-32.25849086835196,31.95769325751926,-38.406848922956655,38.10605131212395,1,24,4,6
2005-05-07 22:30:00,28,-2.0,0.2960269840892522,19.518596998745053,5.0,-31.81206507884636,32.404119047024864,-37.96042313345105,38.552477101629556,1,24,4,6
2005-05-07 23:30:00,28,-19.0,-1.5260714403263727,19.518596998745053,8.0,-33.63416350326199,30.58202062260924,-39.78252155786667,36.730378677213935,1,24,4,6
2005-05-08 00:30:00,28,-31.0,0.9655824368910402,19.518596998745053,15.0,-31.14250962604457,33.07367449982665,-37.290867680649264,39.222032554431344,1,24,4,6
2005-05-08 01:30:00,28,-68.0,3.3539322045301745,19.518596998745053,25.0,-28.754159858405437,35.462024267465786,-34.90251791301013,41.61038232207048,1,24,4,6
2005-05-08 02:30:00,28,-82.0,0.6779622666216625,19.518596998745053,13.0,-31.43012979631395,32.786054329557274,-37.57848785091864,38.934412384161966,1,24,4,6
2005-05-08 03:30:00,28,-82.0,2.7097530980587052,19.518596998745053,6.0,-29.398338964876906,34.81784516099432,-35.5466970194816,40.96620321559901,1,24,4,6
2005-05-08 04:30:00,28,-81.0,-16.456804072917038,19.518596998745053,-2.0,-48.56489613585265,15.651287990018574,-54.71325419045734,21.799646044623266,1,24,4,6
2005-05-08 05:30:00,28,-76.0,-35.70459601255093,19.518596998745053,-19.0,-67.81268807548653,-3.596503949615318,-73.96104613009123,2.551854104989374,1,24,4,6
2005-05-08 06:30:00,28,-80.0,-58.853628392904895,19.518596998745053,-31.0,-90.9617204558405,-26.745536329969283,-97.11007851044519,-20.59717827536459,1,24,4,6
2005-05-08 07:30:00,28,-81.0,-86.45152171583405,19.518596998745053,-68.0,-118.55961377876966,-54.343429652898436,-124.70797183337436,-48.195071598293744,1,24,4,6
2005-05-08 08:30:00,28,-65.0,-94.50591762864488,19.518596998745053,-82.0,-126.61400969158049,-62.39782556570927,-132.7623677461852,-56.24946751110458,1,24,4,6
2005-05-08 09:30:00,28,-56.0,-82.19015436820541,19.518596998745053,-82.0,-114.29824643114102,-50.0820623052698,-120.44660448574572,-43.93370425066511,1,24,4,6
2005-05-08 10:30:00,28,-40.0,-74.55527736456197,19.518596998745053,-81.0,-106.66336942749759,-42.44718530162636,-112.81172748210227,-36.29882724702167,1,24,4,6
2005-05-08 11:30:00,28,-33.0,-68.45863327855244,19.518596998745053,-76.0,-100.56672534148805,-36.35054121561683,-106.71508339609275,-30.202183161012137,1,24,4,6
2005-05-08 12:30:00,28,-48.0,-66.21159665234931,19.518596998745053,-80.0,-98.31968871528493,-34.1035045894137,-104.46804676988961,-27.95514653480901,1,24,4,6
2005-05-08 13:30:00,28,-62.0,-63.5878243976678,19.518596998745053,-81.0,-95.69591646060341,-31.47973233473219,-101.8442745152081,-25.3313742801275,1,24,4,6
2005-05-08 14:30:00,28,-85.0,-53.72173168053429,19.518596998745053,-65.0,-85.8298237434699,-21.61363961759868,-91.97818179807459,-15.465281562993987,1,24,4,6
2005-05-08 15:30:00,28,-83.0,-52.20208596555369,19.518596998745053,-56.0,-84.3101780284893,-20.09399390261808,-90.458536083094,-13.945635848013389,1,24,4,6
2005-05-08 16:30:00,28,-98.0,-43.26733128417224,19.518596998745053,-40.0,-75.37542334710785,-11.159239221236632,-81.52378140171254,-5.01088116663194,1,24,4,6
2005-05-08 17:30:00,28,-105.0,-46.996217296109606,19.518596998745053,-33.0,-79.10430935904522,-14.888125233173994,-85.2526674136499,-8.739767178569302,1,24,4,6
2005-05-08 18:30:00,28,-110.0,-53.46993340440139,19.518596998745053,-48.0,-85.578025467337,-21.361841341465777,-91.7263835219417,-15.213483286861084,1,24,4,6
2005-05-08 19:30:00,28,-106.0,-70.60381772169836,19.518596998745053,-62.0,-102.71190978463397,-38.49572565876275,-108.86026783923867,-32.34736760415806,1,24,4,6
2005-05-08 20:30:00,28,-104.0,-82.46601115927211,19.518596998745053,-85.0,-114.57410322220773,-50.3579190963365,-120.72246127681242,-44.20956104173181,1,24,4,6
2005-05-08 21:30:00,28,-94.0,-73.25987684559479,19.518596998745053,-83.0,-105.3679689085304,-41.15178478265918,-111.5163269631351,-35.003426728054485,1,24,4,6
2005-05-08 22:30:00,28,-81.0,-80.20435354052225,19.518596998745053,-98.0,-112.31244560345786,-48.09626147758664,-118.46080365806256,-41.947903422981945,1,24,4,6
2005-05-08 23:30:00,28,-70.0,-80.00740941827355,19.518596998745053,-105.0,-112.11550148120917,-47.89931735533794,-118.26385953581385,-41.75095930073325,1,24,4,6
2005-05-09 00:30:00,28,-64.0,-90.69667280133069,19.518596998745053,-110.0,-122.8047648642663,-58.58858073839508,-128.953122918871,-52.44022268379039,1,24,4,6
2005-05-09 01:30:00,28,-61.0,-95.22605468722423,19.518596998745053,-106.0,-127.33414675015985,-63.11796262428862,-133.48250480476455,-56.96960456968393,1,24,4,6
2005-05-09 02:30:00,28,-64.0,-92.7261793916804,19.518596998745053,-104.0,-124.83427145461602,-60.61808732874479,-130.98262950922071,-54.4697292741401,1,24,4,6
2005-05-09 03:30:00,28,-60.0,-86.24286970202041,19.518596998745053,-94.0,-118.35096176495603,-54.1347776390848,-124.49931981956072,-47.98641958448011,1,24,4,6
2005-05-09 04:30:00,28,-56.0,-78.9081808185964,19.518596998745053,-81.0,-111.01627288153202,-46.800088755660795,-117.16463093613672,-40.6517307010561,1,24,4,6
2005-05-09 05:30:00,28,-51.0,-70.69811433808215,19.518596998745053,-70.0,-102.80620640101776,-38.59002227514654,-108.95456445562246,-32.441664220541846,1,24,4,6
2005-05-09 06:30:00,28,-53.0,-65.5709109550711,19.518596998745053,-64.0,-97.67900301800671,-33.46281889213549,-103.82736107261141,-27.314460837530795,1,24,4,6
2005-05-09 07:30:00,28,-53.0,-62.721493597515476,19.518596998745053,-61.0,-94.82958566045109,-30.613401534579864,-100.97794371505577,-24.465043479975172,1,24,4,6
2005-05-09 08:30:00,28,-51.0,-59.57790390446633,19.518596998745053,-64.0,-91.68599596740194,-27.46981184153072,-97.83435402200664,-21.32145378692603,1,24,4,6
2005-05-09 09:30:00,28,-47.0,-56.093966913377294,19.518596998745053,-60.0,-88.20205897631291,-23.985874850441682,-94.3504170309176,-17.83751679583699,1,24,4,6
2005-05-09 10:30:00,28,-43.0,-52.21862128160275,19.518596998745053,-56.0,-84.32671334453836,-20.11052921866714,-90.47507139914305,-13.962171164062447,1,24,4,6
2005-05-09 11:30:00,28,-41.0,-49.522167157425415,19.518596998745053,-51.0,-81.63025922036103,-17.414075094489803,-87.77861727496571,-11.26571703988511,1,24,4,6
2005-05-09 12:30:00,28,-39.0,-49.473564610727536,19.518596998745053,-53.0,-81.58165667366315,-17.365472547791924,-87.73001472826783,-11.217114493187232,1,24,4,6
2005-05-09 13:30:00,28,-37.0,-49.150386112600984,19.518596998745053,-53.0,-81.2584781755366,-17.042294049665372,-87.4068362301413,-10.89393599506068,1,24,4,6
2005-05-09 14:30:00,28,-39.0,-49.728819304295186,19.518596998745053,-51.0,-81.8369113672308,-17.620727241359575,-87.98526942183548,-11.472369186754882,1,24,4,6
2005-05-09 15:30:00,28,-41.0,-49.05660391285883,19.518596998745053,-47.0,-81.16469597579444,-16.94851184992322,-87.31305403039914,-10.80015379531853,1,24,4,6
2005-05-09 16:30:00,28,-43.0,-47.40996317896625,19.518596998745053,-43.0,-79.51805524190186,-15.30187111603064,-85.66641329650656,-9.153513061425947,1,24,4,6
2005-05-09 17:30:00,28,-44.0,-46.48648704788768,19.518596998745053,-41.0,-78.59457911082329,-14.378394984952067,-84.74293716542797,-8.230036930347374,1,24,4,6
2005-05-09 18:30:00,28,-44.0,-43.77130237799286,19.518596998745053,-39.0,-75.87939444092848,-11.663210315057249,-82.02775249553316,-5.514852260452557,1,24,4,6
2005-05-09 19:30:00,28,-42.0,-40.30956390998058,19.518596998745053,-37.0,-72.4176559729162,-8.20147184704497,-78.56601402752088,-2.0531137924402785,1,24,4,6
2005-05-09 20:30:00,28,-43.0,-38.5999525101925,19.518596998745053,-39.0,-70.70804457312812,-6.49186044725689,-76.8564026277328,-0.34350239265219784,1,24,4,6
2005-05-09 21:30:00,28,-44.0,-39.11142426104502,19.518596998745053,-41.0,-71.21951632398063,-7.003332198109412,-77.36787437858533,-0.8549741435047196,1,24,4,6
2005-05-09 22:30:00,28,-52.0,-41.570449962275745,19.518596998745053,-43.0,-73.67854202521136,-9.462357899340134,-79.82690007981606,-3.3139998447354415,1,24,4,6
2005-05-09 23:30:00,28,-49.0,-42.35809582412333,19.518596998745053,-44.0,-74.46618788705894,-10.25000376118772,-80.61454594166364,-4.101645706583028,1,24,4,6
2005-05-10 00:30:00,28,-49.0,-45.10224388493042,19.518596998745053,-44.0,-77.21033594786603,-12.994151821994805,-83.35869400247071,-6.845793767390113,1,24,4,6
2005-05-10 01:30:00,28,-52.0,-41.436295882101746,19.518596998745053,-42.0,-73.54438794503736,-9.328203819166134,-79.69274599964206,-3.179845764561442,1,24,4,6
2005-05-10 02:30:00,28,-52.0,-40.345604286690694,19.518596998745053,-43.0,-72.45369634962631,-8.237512223755083,-78.602054404231,-2.0891541691503903,1,24,4,6
2005-05-10 03:30:00,28,-55.0,-41.225857859948086,19.518596998745053,-44.0,-73.3339499228837,-9.117765797012474,-79.48230797748839,-2.969407742407782,1,24,4,6
2005-05-10 04:30:00,28,-55.0,-46.57702206482908,19.518596998745053,-52.0,-78.68511412776469,-14.468930001893469,-84.83347218236938,-8.320571947288776,1,24,4,6
2005-05-10 05:30:00,28,-54.0,-46.494903828938654,19.518596998745053,-49.0,-78.60299589187426,-14.386811766003042,-84.75135394647896,-8.23845371139835,1,24,4,6
2005-05-10 06:30:00,28,-52.0,-46.41219834888206,19.518596998745053,-49.0,-78.52029041181767,-14.304106285946446,-84.66864846642235,-8.155748231341754,1,24,4,6
2005-05-10 07:30:00,28,-51.0,-46.485536822091234,19.518596998745053,-52.0,-78.59362888502685,-14.377444759155622,-84.74198693963154,-8.22908670455093,1,24,4,6
2005-05-10 08:30:00,28,-44.0,-46.21224055430814,19.518596998745053,-52.0,-78.32033261724375,-14.104148491372527,-84.46869067184844,-7.955790436767835,1,24,4,6
2005-05-10 09:30:00,28,-39.0,-47.06487168789886,19.518596998745053,-55.0,-79.17296375083447,-14.956779624963247,-85.32132180543917,-8.808421570358554,1,24,4,6
2005-05-10 10:30:00,28,-39.0,-47.70791214180402,19.518596998745053,-55.0,-79.81600420473964,-15.599820078868412,-85.96436225934433,-9.45146202426372,1,24,4,6
2005-05-10 11:30:00,28,-38.0,-46.46932749591395,19.518596998745053,-54.0,-78.57741955884956,-14.36123543297834,-84.72577761345426,-8.212877378373648,1,24,4,6
2005-05-10 12:30:00,28,-39.0,-44.168347637879656,19.518596998745053,-52.0,-76.27643970081527,-12.060255574944044,-82.42479775541996,-5.911897520339352,1,24,4,6
2005-05-10 13:30:00,28,-33.0,-43.16931237208951,19.518596998745053,-51.0,-75.27740443502512,-11.061220309153896,-81.42576248962982,-4.9128622545492036,1,24,4,6
2005-05-10 14:30:00,28,-31.0,-40.367672182620254,19.518596998745053,-44.0,-72.47576424555587,-8.259580119684642,-78.62412230016056,-2.11122206507995,1,24,4,6
2005-05-10 15:30:00,28,-32.0,-36.46376717929579,19.518596998745053,-39.0,-68.5718592422314,-4.355675116360182,-74.7202172968361,1.7926829382445106,1,24,4,6
2005-05-10 16:30:00,28,-32.0,-36.10313481468712,19.518596998745053,-39.0,-68.21122687762272,-3.9950427517515053,-74.35958493222742,2.153315302853187,1,24,4,6
2005-05-10 17:30:00,28,-32.0,-35.46456068212353,19.518596998745053,-38.0,-67.57265274505914,-3.356468619187922,-73.72101079966384,2.7918894354167705,1,24,4,6
2005-05-10 18:30:00,28,-31.0,-35.05120783670095,19.518596998745053,-39.0,-67.15929989963655,-2.943115773765335,-73.30765795424125,3.2052422808393572,1,24,4,6
2005-05-10 19:30:00,28,-29.0,-34.078360785190824,19.518596998745053,-33.0,-66.18645284812644,-1.9702687222552129,-72.33481090273114,4.178089332349479,1,24,4,6
2005-05-10 20:30:00,28,-34.0,-32.93885993718138,19.518596998745053,-31.0,-65.04695200011699,-0.8307678742457654,-71.19531005472169,5.317590180358927,1,24,4,6
2005-05-10 21:30:00,28,-38.0,-33.359760979825495,19.518596998745053,-32.0,-65.4678530427611,-1.2516689168898836,-71.6162110973658,4.896689137714809,1,24,4,6
2005-05-10 22:30:00,28,-34.0,-32.24235410982533,19.518596998745053,-32.0,-64.35044617276094,-0.13426204688971666,-70.49880422736564,6.014096007714976,1,24,4,6
2005-05-10 23:30:00,28,-31.0,-31.58516430829429,19.518596998745053,-32.0,-63.6932563712299,0.5229277546413229,-69.84161442583459,6.671285809246015,1,24,4,6
2005-05-11 00:30:00,28,-27.0,-30.785601320247753,19.518596998745053,-31.0,-62.89369338318336,1.322490742687858,-69.04205143778806,7.47084879729255,1,24,4,6
2005-05-11 01:30:00,28,-24.0,-29.303566686722903,19.518596998745053,-29.0,-61.411658749658514,2.804525376212709,-67.5600168042632,8.952883430817401,1,24,4,6
2005-05-11 02:30:00,28,-17.0,-29.549392816845014,19.518596998745053,-34.0,-61.657484879780625,2.5586992460905975,-67.80584293438531,8.70705730069529,1,24,4,6
2005-05-11 03:30:00,28,-16.0,-31.79404405262118,19.518596998745053,-38.0,-63.90213611555679,0.31404801031442986,-70.05049417016149,6.462406064919122,1,24,4,6
2005-05-11 04:30:00,28,-17.0,-31.227046516269205,19.518596998745053,-34.0,-63.335138579204816,0.8810455466664067,-69.48349663380951,7.029403601271099,1,24,4,6
2005-05-11 05:30:00,28,-18.0,-31.345857686609513,19.518596998745053,-31.0,-63.453949749545124,0.7622343763260986,-69.60230780414982,6.910592430930791,1,24,4,6
2005-05-11 06:30:00,28,-17.0,-30.318586727156323,19.518596998745053,-27.0,-62.426678790091934,1.789505335779289,-68.57503684469663,7.937863390383981,1,24,4,6
2005-05-11 07:30:00,28,-22.0,-27.73951583364161,19.518596998745053,-24.0,-59.84760789657722,4.368576229294,-65.99596595118192,10.516934283898692,1,24,4,6
2005-05-11 08:30:00,28,-28.0,-24.80370653609647,19.518596998745053,-17.0,-56.91179859903208,7.304385526839141,-63.060156653636774,13.452743581443833,1,24,4,6
2005-05-11 09:30:00,28,-31.0,-23.691994373918355,19.518596998745053,-16.0,-55.80008643685397,8.416097689017256,-61.94844449145866,14.564455743621949,1,24,4,6
2005-05-11 10:30:00,28,-34.0,-22.58284967097856,19.518596998745053,-17.0,-54.69094173391417,9.52524239195705,-60.839299788518865,15.673600446561743,1,24,4,6
2005-05-11 11:30:00,28,-32.0,-23.10472939988251,19.518596998745053,-18.0,-55.21282146281812,9.003362663053103,-61.36117951742281,15.151720717657795,1,24,4,6
2005-05-11 12:30:00,28,-26.0,-24.914095723419763,19.518596998745053,-17.0,-57.022187786355374,7.193996339515849,-63.17054584096007,13.342354394120541,1,24,4,6
2005-05-11 13:30:00,28,-23.0,-26.233861095320805,19.518596998745053,-22.0,-58.341953158256416,5.874230967614807,-64.49031121286112,12.022589022219499,1,24,4,6
2005-05-11 14:30:00,28,-21.0,-29.049390534113982,19.518596998745053,-28.0,-61.157482597049594,3.0587015288216293,-67.30584065165428,9.207059583426322,1,24,4,6
2005-05-11 15:30:00,28,-26.0,-29.984882917744354,19.518596998745053,-31.0,-62.09297498067997,2.1232091451912574,-68.24133303528465,8.27156719979595,1,24,4,6
2005-05-11 16:30:00,28,-28.0,-31.502837415766077,19.518596998745053,-34.0,-63.61092947870169,0.6052546471695344,-69.75928753330638,6.753612701774227,1,24,4,6
2005-05-11 17:30:00,28,-25.0,-30.23790018791905,19.518596998745053,-32.0,-62.345992250854664,1.8701918750165625,-68.49435030545935,8.018549929621255,1,24,4,6
2005-05-11 18:30:00,28,-26.0,-28.479415739199062,19.518596998745053,-26.0,-60.587507802134674,3.628676323736549,-66.73586585673937,9.777034378341241,1,24,4,6
2005-05-11 19:30:00,28,-23.0,-26.764913624340053,19.518596998745053,-23.0,-58.873005687275665,5.343178438595558,-65.02136374188035,11.49153649320025,1,24,4,6
2005-05-11 20:30:00,28,-19.0,-25.303425889674607,19.518596998745053,-21.0,-57.41151795261022,6.804666173261005,-63.55987600721491,12.953024227865697,1,24,4,6
2005-05-11 21:30:00,28,-23.0,-24.683680995684185,19.518596998745053,-26.0,-56.791773058619796,7.424411067251427,-62.94013111322449,13.572769121856119,1,24,4,6
2005-05-11 22:30:00,28,-22.0,-25.364750133318786,19.518596998745053,-28.0,-57.4728421962544,6.743341929616825,-63.62120025085909,12.891699984221518,1,24,4,6
2005-05-11 23:30:00,28,-23.0,-27.50229693432712,19.518596998745053,-25.0,-59.61038899726273,4.6057951286084915,-65.75874705186743,10.754153183213184,1,24,4,6
2005-05-12 00:30:00,28,-22.0,-28.463174045233096,19.518596998745053,-26.0,-60.57126610816871,3.6449180177025156,-66.7196241627734,9.793276072307208,1,24,4,6
2005-05-12 01:30:00,28,-23.0,-26.70607592046248,19.518596998745053,-23.0,-58.81416798339809,5.40201614247313,-64.96252603800278,11.550374197077822,1,24,4,6
2005-05-12 02:30:00,28,-20.0,-26.364659329403473,19.518596998745053,-19.0,-58.472751392339084,5.7434327335321385,-64.62110944694378,11.89179078813683,1,24,4,6
2005-05-12 03:30:00,28,-24.0,-27.84318176885771,19.518596998745053,-23.0,-59.95127383179332,4.2649102940779,-66.09963188639802,10.413268348682593,1,24,4,6
2005-05-12 04:30:00,28,-32.0,-27.811831253529803,19.518596998745053,-22.0,-59.919923316465415,4.296260809405808,-66.0682813710701,10.4446188640105,1,24,4,6
2005-05-12 05:30:00,28,-27.0,-27.562838571080555,19.518596998745053,-23.0,-59.670930634016166,4.545253491855057,-65.81928868862086,10.69361154645975,1,24,4,6
2005-05-12 06:30:00,28,-22.0,-25.72919293805097,19.518596998745053,-22.0,-57.83728500098658,6.37889912488464,-63.985643055591275,12.527257179489332,1,24,4,6
2005-05-12 07:30:00,28,-23.0,-21.8214251859445,19.518596998745053,-23.0,-53.92951724888011,10.286666876991113,-60.0778753034848,16.435024931595805,1,24,4,6
2005-05-12 08:30:00,28,-31.0,-19.89325751800279,19.518596998745053,-20.0,-52.0013495809384,12.21483454493282,-58.149707635543095,18.363192599537513,1,24,4,6
2005-05-12 09:30:00,28,-30.0,-25.85170501822986,19.518596998745053,-24.0,-57.959797081165476,6.25638704470575,-64.10815513577016,12.404745099310443,1,24,4,6
2005-05-12 10:30:00,28,-27.0,-28.676981785387525,19.518596998745053,-32.0,-60.78507384832314,3.431110277548086,-66.93343190292782,9.579468332152778,1,24,4,6
2005-05-12 11:30:00,28,-23.0,-23.268157832938655,19.518596998745053,-27.0,-55.37624989587427,8.839934229996956,-61.52460795047896,14.988292284601648,1,24,4,6
2005-05-12 12:30:00,28,-20.0,-23.882058029086238,19.518596998745053,-22.0,-55.99015009202185,8.226034033849373,-62.13850814662654,14.374392088454066,1,24,4,6
2005-05-12 13:30:00,28,-17.0,-24.002278932223092,19.518596998745053,-23.0,-56.1103709951587,8.10581313071252,-62.258729049763396,14.254171185317212,1,24,4,6
2005-05-12 14:30:00,28,-15.0,-28.74790423436974,19.518596998745053,-31.0,-60.85599629730535,3.36018782856587,-67.00435435191005,9.508545883170562,1,24,4,6
2005-05-12 15:30:00,28,-20.0,-28.948238882483363,19.518596998745053,-30.0,-61.05633094541898,3.1598531804522487,-67.20468900002366,9.308211235056941,1,24,4,6
2005-05-12 16:30:00,28,-23.0,-27.349611139137576,19.518596998745053,-27.0,-59.45770320207319,4.758480923798036,-65.60606125667788,10.906838978402728,1,24,4,6
2005-05-12 17:30:00,28,-23.0,-24.247580530769614,19.518596998745053,-23.0,-56.35567259370522,7.860511532165997,-62.50403064830992,14.00886958677069,1,24,4,6
2005-05-12 18:30:00,28,-20.0,-21.917869636306122,19.518596998745053,-20.0,-54.02596169924173,10.19022242662949,-60.174319753846426,16.33858048123418,1,24,4,6
2005-05-12 19:30:00,28,-23.0,-21.214764970530645,19.518596998745053,-17.0,-53.322857033466256,10.893327092404967,-59.47121508807095,17.04168514700966,1,24,4,6
2005-05-12 20:30:00,28,-21.0,-22.32633841361439,19.518596998745053,-15.0,-54.434430476550006,9.781753649321221,-60.58278853115469,15.930111703925913,1,24,4,6
2005-05-12 21:30:00,28,-24.0,-23.23451614056872,19.518596998745053,-20.0,-55.34260820350433,8.873575922366893,-61.490966258109026,15.021933976971585,1,24,4,6
2005-05-12 22:30:00,28,-20.0,-25.49406407309168,19.518596998745053,-23.0,-57.60215613602729,6.614027989843933,-63.75051419063198,12.762386044448625,1,24,4,6
2005-05-12 23:30:00,28,-12.0,-26.431306918294148,19.518596998745053,-23.0,-58.53939898122976,5.676785144641464,-64.68775703583445,11.825143199246156,1,24,4,6
2005-05-13 00:30:00,28,-21.0,-27.205423044470724,19.518596998745053,-20.0,-59.31351510740633,4.902669018464888,-65.46187316201103,11.05102707306958,1,24,4,6
2005-05-13 01:30:00,28,-23.0,-26.197681999516327,19.518596998745053,-23.0,-58.30577406245194,5.910410063419285,-64.45413211705663,12.058768118023977,1,24,4,6
2005-05-13 02:30:00,28,-32.0,-27.55984455062704,19.518596998745053,-21.0,-59.66793661356265,4.548247512308571,-65.81629466816734,10.696605566913263,1,24,4,6
2005-05-13 03:30:00,28,-32.0,-28.256103429095294,19.518596998745053,-24.0,-60.3641954920309,3.8519886338403175,-66.5125535466356,10.00034668844501,1,24,4,6
2005-05-13 04:30:00,28,-38.0,-24.25418471565414,19.518596998745053,-20.0,-56.36227677858975,7.853907347281471,-62.510634833194445,14.002265401886163,1,24,4,6
2005-05-13 05:30:00,28,-37.0,-23.04723033526562,19.518596998745053,-12.0,-55.155322398201236,9.060861727669991,-61.30368045280592,15.209219782274683,1,24,4,6
2005-05-13 06:30:00,28,-42.0,-27.038923139466707,19.518596998745053,-21.0,-59.147015202402315,5.069168923468904,-65.29537325700701,11.217526978073597,1,24,4,6
2005-05-13 07:30:00,28,-41.0,-30.630472046010482,19.518596998745053,-23.0,-62.73856410894609,1.4776200169251297,-68.88692216355079,7.625978071529822,1,24,4,6
2005-05-13 08:30:00,28,-38.0,-34.46520563992105,19.518596998745053,-32.0,-66.57329770285666,-2.3571135769854408,-72.72165575746135,3.7912444776192515,1,24,4,6
2005-05-13 09:30:00,28,-38.0,-33.2746289271108,19.518596998745053,-32.0,-65.38272099004641,-1.1665368641751854,-71.53107904465111,4.981821190429507,1,24,4,6
2005-05-13 10:30:00,28,-38.0,-35.62090606042146,19.518596998745053,-38.0,-67.72899812335707,-3.51281399748585,-73.87735617796176,2.6355440571188424,1,24,4,6
2005-05-13 11:30:00,28,-33.0,-34.770745716200175,19.518596998745053,-37.0,-66.87883777913578,-2.662653653264563,-73.02719583374048,3.4857044013401293,1,24,4,6
2005-05-13 12:30:00,28,-30.0,-36.725286773963,19.518596998745053,-42.0,-68.83337883689862,-4.617194711027388,-74.9817368915033,1.5311633435773047,1,24,4,6
2005-05-13 13:30:00,28,-21.0,-36.20653487163901,19.518596998745053,-41.0,-68.31462693457462,-4.098442808703396,-74.46298498917932,2.049915245901296,1,24,4,6
2005-05-13 14:30:00,28,-23.0,-34.11189171903385,19.518596998745053,-38.0,-66.21998378196946,-2.003799656098238,-72.36834183657416,4.1445583985064545,1,24,4,6
2005-05-13 15:30:00,28,-24.0,-31.858539472562306,19.518596998745053,-38.0,-63.96663153549792,0.24955259037330535,-70.11498959010261,6.397910644977998,1,24,4,6
2005-05-13 16:30:00,28,-27.0,-27.615809613258676,19.518596998745053,-38.0,-59.72390167619429,4.492282449676935,-65.87225973079899,10.640640504281627,1,24,4,6
2005-05-13 17:30:00,28,-26.0,-27.18604861095687,19.518596998745053,-33.0,-59.294140673892485,4.922043451978741,-65.44249872849717,11.070401506583433,1,24,4,6
2005-05-13 18:30:00,28,-25.0,-27.047487887551682,19.518596998745053,-30.0,-59.155579950487294,5.060604175383929,-65.303938005092,11.208962229988622,1,24,4,6
2005-05-13 19:30:00,28,-26.0,-26.79671613271712,19.518596998745053,-21.0,-58.904808195652734,5.311375930218492,-65.05316625025742,11.459733984823185,1,24,4,6
2005-05-13 20:30:00,28,-24.0,-30.003338337257997,19.518596998745053,-23.0,-62.11143040019361,2.1047537256776145,-68.2597884547983,8.253111780282307,1,24,4,6
2005-05-13 21:30:00,28,-27.0,-28.979946599479273,19.518596998745053,-24.0,-61.08803866241489,3.128145463456338,-67.23639671701957,9.27650351806103,1,24,4,6
2005-05-13 22:30:00,28,-23.0,-29.748770881203704,19.518596998745053,-27.0,-61.856862944139316,2.3593211817319073,-68.00522099874401,8.5076792363366,1,24,4,6
2005-05-13 23:30:00,28,-22.0,-29.18053672192503,19.518596998745053,-26.0,-61.28862878486064,2.9275553410105815,-67.43698683946533,9.075913395615274,1,24,4,6
2005-05-14 00:30:00,28,-20.0,-28.005768639408004,19.518596998745053,-25.0,-60.113860702343615,4.102323423527608,-66.2622187569483,10.2506814781323,1,24,4,6
2005-05-14 01:30:00,28,-18.0,-28.430943819648384,19.518596998745053,-26.0,-60.539035882583995,3.6771482432872276,-66.68739393718869,9.82550629789192,1,24,4,6
2005-05-14 02:30:00,28,-16.0,-27.605043855543013,19.518596998745053,-24.0,-59.71313591847863,4.503048207392599,-65.86149397308331,10.651406261997291,1,24,4,6
2005-05-14 03:30:00,28,-17.0,-26.43400269269476,19.518596998745053,-27.0,-58.54209475563037,5.67408937024085,-64.69045281023506,11.822447424845542,1,24,4,6
2005-05-14 04:30:00,28,-17.0,-25.05162414556434,19.518596998745053,-23.0,-57.15971620849995,7.056467917371272,-63.30807426310464,13.204825971975964,1,24,4,6
2005-05-14 05:30:00,28,-17.0,-24.560281113301322,19.518596998745053,-22.0,-56.66837317623693,7.54781094963429,-62.816731230841626,13.696169004238982,1,24,4,6
2005-05-14 06:30:00,28,-18.0,-23.784251819614873,19.518596998745053,-20.0,-55.892343882550485,8.323840243320738,-62.04070193715518,14.47219829792543,1,24,4,6
2005-05-14 07:30:00,28,-18.0,-23.47765718922041,19.518596998745053,-18.0,-55.58574925215602,8.630434873715203,-61.73410730676071,14.778792928319895,1,24,4,6
2005-05-14 08:30:00,28,-16.0,-22.93827804656152,19.518596998745053,-16.0,-55.04637010949713,9.16981401637409,-61.194728164101825,15.318172070978783,1,24,4,6
2005-05-14 09:30:00,28,-16.0,-22.444737472645173,19.518596998745053,-17.0,-54.552829535580784,9.663354590290439,-60.70118759018548,15.811712644895131,1,24,4,6
2005-05-14 10:30:00,28,-20.0,-21.915139182131917,19.518596998745053,-17.0,-54.02323124506753,10.192952880803695,-60.17158929967222,16.341310935408387,1,24,4,6
2005-05-14 11:30:00,28,-19.0,-22.13142652609823,19.518596998745053,-17.0,-54.23951858903384,9.97666553683738,-60.387876643638535,16.125023591442073,1,24,4,6
2005-05-14 12:30:00,28,-19.0,-22.10236025185764,19.518596998745053,-18.0,-54.21045231479325,10.005731811077972,-60.35881036939794,16.154089865682664,1,24,4,6
2005-05-14 13:30:00,28,-19.0,-22.22760278621074,19.518596998745053,-18.0,-54.33569484914635,9.880489276724873,-60.48405290375104,16.028847331329565,1,24,4,6
2005-05-14 14:30:00,28,-20.0,-22.217357225098965,19.518596998745053,-16.0,-54.32544928803458,9.890734837836646,-60.47380734263927,16.03909289244134,1,24,4,6
2005-05-14 15:30:00,28,-21.0,-21.76032751682113,19.518596998745053,-16.0,-53.86841957975674,10.347764546114483,-60.01677763436143,16.496122600719175,1,24,4,6
2005-05-14 16:30:00,28,-21.0,-20.48923405116515,19.518596998745053,-20.0,-52.59732611410076,11.618858011770463,-58.74568416870545,17.767216066375155,1,24,4,6
2005-05-14 17:30:00,28,-20.0,-21.17181985089821,19.518596998745053,-19.0,-53.27991191383382,10.936272212037402,-59.428269968438514,17.084630266642094,1,24,4,6
2005-05-14 18:30:00,28,-23.0,-19.23632550278879,19.518596998745053,-19.0,-51.3444175657244,12.87176656014682,-57.4927756203291,19.020124614751513,1,24,4,6
2005-05-14 19:30:00,28,-28.0,-18.546377187121976,19.518596998745053,-19.0,-50.65446925005759,13.561714875813635,-56.80282730466228,19.710072930418328,1,24,4,6
2005-05-14 20:30:00,28,-26.0,-15.63272248494038,19.518596998745053,-20.0,-47.74081454787599,16.47536957799523,-53.889172602480684,22.623727632599923,1,24,4,6
2005-05-14 21:30:00,28,-19.0,-15.362643344154247,19.518596998745053,-21.0,-47.47073540708986,16.745448718781365,-53.61909346169455,22.893806773386057,1,24,4,6
2005-05-14 22:30:00,28,-14.0,-16.38256392559444,19.518596998745053,-21.0,-48.49065598853005,15.725528137341172,-54.63901404313474,21.873886191945864,1,24,4,6
2005-05-14 23:30:00,28,-11.0,-16.150921533873678,19.518596998745053,-20.0,-48.25901359680929,15.957170529061933,-54.40737165141398,22.105528583666626,1,24,4,6
2005-05-15 00:30:00,28,-14.0,-18.826340063382062,19.518596998745053,-23.0,-50.934432126317674,13.28175199955355,-57.082790180922366,19.43011005415824,1,24,4,6
2005-05-15 01:30:00,28,-12.0,-23.470486568033863,19.518596998745053,-28.0,-55.578578630969474,8.637605494901749,-61.72693668557417,14.785963549506441,1,24,4,6
2005-05-15 02:30:00,28,11.0,-23.99149814660554,19.518596998745053,-26.0,-56.09959020954115,8.116593916330071,-62.24794826414585,14.264951970934764,1,24,4,6
2005-05-15 03:30:00,28,52.0,-20.107168141485545,19.518596998745053,-19.0,-52.215260204421156,12.000923921450067,-58.36361825902585,18.14928197605476,1,24,4,6
2005-05-15 04:30:00,28,42.0,-14.108464360071938,19.518596998745053,-14.0,-46.216556423007546,17.999627702863673,-52.364914477612245,24.147985757468366,1,24,4,6
2005-05-15 05:30:00,28,37.0,-13.616337564925718,19.518596998745053,-11.0,-45.724429627861326,18.491754498009893,-51.872787682466026,24.640112552614585,1,24,4,6
2005-05-15 06:30:00,28,-58.0,-13.743679381573635,19.518596998745053,-14.0,-45.85177144450925,18.364412681361976,-52.00012949911394,24.51277073596667,1,24,4,6
2005-05-15 07:30:00,28,-229.0,-15.613259040007637,19.518596998745053,-12.0,-47.721351102943245,16.494833022927974,-53.869709157547945,22.643191077532666,1,24,4,6
2005-05-15 08:30:00,28,-247.0,-13.30461495200933,19.518596998745053,11.0,-45.41270701494494,18.80347711092628,-51.561065069549635,24.951835165530973,1,24,4,6
2005-05-15 09:30:00,28,-222.0,-15.618286451186144,19.518596998745053,52.0,-47.726378514121755,16.489805611749468,-53.87473656872645,22.63816366635416,1,24,4,6
2005-05-15 10:30:00,28,-184.0,-20.796029824246453,19.518596998745053,42.0,-52.904121887182065,11.312062238689158,-59.05247994178676,17.46042029329385,1,24,4,6
2005-05-15 11:30:00,28,-175.0,-22.31865684376358,19.518596998745053,37.0,-54.42674890669919,9.78943521917203,-60.57510696130389,15.937793273776723,1,24,4,6
2005-05-15 12:30:00,28,-162.0,-82.46822604081223,19.518596998745053,-58.0,-114.57631810374784,-50.360133977876615,-120.72467615835254,-44.21177592327192,1,24,4,6
2005-05-15 13:30:00,28,-157.0,-221.3120612457057,19.518596998745053,-229.0,-253.42015330864132,-189.2039691827701,-259.568511363246,-183.0556111281654,1,24,4,6
2005-05-15 14:30:00,28,-146.0,-239.9118503448314,19.518596998745053,-247.0,-272.019942407767,-207.8037582818958,-278.1683004623717,-201.6554002272911,1,24,4,6
2005-05-15 15:30:00,28,-135.0,-176.12472316360962,19.518596998745053,-222.0,-208.23281522654523,-144.016631100674,-214.38117328114993,-137.8682730460693,1,24,4,6
2005-05-15 16:30:00,28,-118.0,-137.42672905177866,19.518596998745053,-184.0,-169.53482111471428,-105.31863698884305,-175.68317916931898,-99.17027893423835,1,24,4,6
2005-05-15 17:30:00,28,-100.0,-141.0213292004024,19.518596998745053,-175.0,-173.129421263338,-108.91323713746678,-179.2777793179427,-102.76487908286208,1,24,4,6
2005-05-15 18:30:00,28,-105.0,-137.73167986090482,19.518596998745053,-162.0,-169.83977192384043,-105.62358779796921,-175.98812997844513,-99.47522974336451,1,24,4,6
2005-05-15 19:30:00,28,-115.0,-136.97235928213541,19.518596998745053,-157.0,-169.08045134507103,-104.8642672191998,-175.22880939967573,-98.7159091645951,1,24,4,6
2005-05-15 20:30:00,28,-120.0,-137.00201742451196,19.518596998745053,-146.0,-169.11010948744757,-104.89392536157635,-175.25846754205227,-98.74556730697165,1,24,4,6
2005-05-15 21:30:00,28,-108.0,-130.23272907386598,19.518596998745053,-135.0,-162.3408211368016,-98.12463701093037,-168.4891791914063,-91.97627895632567,1,24,4,6
2005-05-15 22:30:00,28,-94.0,-120.23539190956292,19.518596998745053,-118.0,-152.34348397249852,-88.12729984662731,-158.49184202710322,-81.97894179202262,1,24,4,6
2005-05-15 23:30:00,28,-102.0,-110.13023764114469,19.518596998745053,-100.0,-142.2383297040803,-78.02214557820908,-148.38668775868499,-71.87378752360439,1,24,4,6
2005-05-16 00:30:00,28,-99.0,-108.50004783585209,19.518596998745053,-105.0,-140.6081398987877,-76.39195577291648,-146.7564979533924,-70.24359771831178,1,24,4,6
2005-05-16 01:30:00,28,-101.0,-108.72116144831007,19.518596998745053,-115.0,-140.82925351124567,-76.61306938537446,-146.97761156585037,-70.46471133076977,1,24,4,6
2005-05-16 02:30:00,28,-99.0,-109.18966206969995,19.518596998745053,-120.0,-141.29775413263556,-77.08157000676434,-147.44611218724026,-70.93321195215964,1,24,4,6
2005-05-16 03:30:00,28,-99.0,-101.85157919243365,19.518596998745053,-108.0,-133.95967125536924,-69.74348712949804,-140.10802930997394,-63.59512907489334,1,24,4,6
2005-05-16 04:30:00,28,-97.0,-90.39490790740524,19.518596998745053,-94.0,-122.50299997034085,-58.28681584446963,-128.65135802494555,-52.13845778986494,1,24,4,6
2005-05-16 05:30:00,28,-91.0,-87.69108317534699,19.518596998745053,-102.0,-119.7991752382826,-55.58299111241138,-125.9475332928873,-49.434633057806685,1,24,4,6
2005-05-16 06:30:00,28,-97.0,-84.69919899588717,19.518596998745053,-99.0,-116.80729105882278,-52.59110693295156,-122.95564911342748,-46.44274887834687,1,24,4,6
2005-05-16 07:30:00,28,-87.0,-84.6341582365063,19.518596998745053,-101.0,-116.7422502994419,-52.52606617357068,-122.8906083540466,-46.37770811896599,1,24,4,6
2005-05-16 08:30:00,28,-87.0,-81.48114720496443,19.518596998745053,-99.0,-113.58923926790004,-49.37305514202882,-119.73759732250474,-43.224697087424126,1,24,4,6
2005-05-16 09:30:00,28,-88.0,-80.55318582316787,19.518596998745053,-99.0,-112.66127788610348,-48.445093760232254,-118.80963594070818,-42.29673570562756,1,24,4,6
2005-05-16 10:30:00,28,-86.0,-79.12702868584631,19.518596998745053,-97.0,-111.23512074878192,-47.0189366229107,-117.38347880338662,-40.87057856830601,1,24,4,6
2005-05-16 11:30:00,28,-88.0,-81.32240169733578,19.518596998745053,-91.0,-113.43049376027139,-49.214309634400166,-119.57885181487609,-43.065951579795474,1,24,4,6
2005-05-16 12:30:00,28,-85.0,-83.0515814483717,19.518596998745053,-97.0,-115.15967351130732,-50.943489385436095,-121.30803156591202,-44.7951313308314,1,24,4,6
2005-05-16 13:30:00,28,-83.0,-73.00987035776419,19.518596998745053,-87.0,-105.1179624206998,-40.901778294828574,-111.2663204753045,-34.75342024022388,1,24,4,6
2005-05-16 14:30:00,28,-81.0,-70.38699746521118,19.518596998745053,-87.0,-102.49508952814679,-38.27890540227557,-108.64344758275149,-32.13054734767088,1,24,4,6
2005-05-16 15:30:00,28,-82.0,-71.1039069928615,19.518596998745053,-88.0,-103.21199905579711,-38.995814929925885,-109.3603571104018,-32.84745687532119,1,24,4,6
2005-05-16 16:30:00,28,-78.0,-71.06874170243839,19.518596998745053,-86.0,-103.176833765374,-38.960649639502776,-109.3251918199787,-32.812291584898084,1,24,4,6
2005-05-16 17:30:00,28,-74.0,-74.33498219476078,19.518596998745053,-88.0,-106.4430742576964,-42.22689013182517,-112.5914323123011,-36.07853207722048,1,24,4,6
2005-05-16 18:30:00,28,-70.0,-75.76176356800698,19.518596998745053,-85.0,-107.8698556309426,-43.65367150507137,-114.0182136855473,-37.50531345046668,1,24,4,6
2005-05-16 19:30:00,28,-71.0,-76.29407034883785,19.518596998745053,-83.0,-108.40216241177346,-44.18597828590224,-114.55052046637815,-38.037620231297545,1,24,4,6
2005-05-16 20:30:00,28,-74.0,-76.09472638625653,19.518596998745053,-81.0,-108.20281844919214,-43.986634323320914,-114.35117650379684,-37.83827626871622,1,24,4,6
2005-05-16 21:30:00,28,-77.0,-77.26961238000376,19.518596998745053,-82.0,-109.37770444293938,-45.16152031706815,-115.52606249754407,-39.01316226246346,1,24,4,6
2005-05-16 22:30:00,28,-76.0,-73.28694094090662,19.518596998745053,-78.0,-105.39503300384223,-41.17884887797101,-111.54339105844693,-35.030490823366314,1,24,4,6
2005-05-16 23:30:00,28,-71.0,-68.49918318182208,19.518596998745053,-74.0,-100.60727524475769,-36.391091118886465,-106.75563329936239,-30.242733064281772,1,24,4,6
2005-05-17 00:30:00,28,-66.0,-65.07880959175884,19.518596998745053,-70.0,-97.18690165469445,-32.97071752882323,-103.33525970929915,-26.822359474218537,1,24,4,6
2005-05-17 01:30:00,28,-65.0,-64.14960898605256,19.518596998745053,-71.0,-96.25770104898817,-32.041516923116944,-102.40605910359287,-25.893158868512252,1,24,4,6
2005-05-17 02:30:00,28,-67.0,-65.43687131814995,19.518596998745053,-74.0,-97.54496338108557,-33.32877925521434,-103.69332143569025,-27.18042120060965,1,24,4,6
2005-05-17 03:30:00,28,-68.0,-67.46396419625762,19.518596998745053,-77.0,-99.57205625919323,-35.35587213332201,-105.72041431379793,-29.207514078717317,1,24,4,6
2005-05-17 04:30:00,28,-74.0,-67.640091206411,19.518596998745053,-76.0,-99.74818326934661,-35.53199914347539,-105.89654132395131,-29.383641088870696,1,24,4,6
2005-05-17 05:30:00,28,-80.0,-64.78349513572167,19.518596998745053,-71.0,-96.89158719865728,-32.675403072786054,-103.03994525326198,-26.52704501818136,1,24,4,6
2005-05-17 06:30:00,28,-76.0,-62.76399019207611,19.518596998745053,-66.0,-94.87208225501172,-30.655898129140496,-101.02044030961642,-24.507540074535804,1,24,4,6
2005-05-17 07:30:00,28,-72.0,-62.152715254789506,19.518596998745053,-65.0,-94.26080731772512,-30.044623191853894,-100.40916537232981,-23.896265137249202,1,24,4,6
2005-05-17 08:30:00,28,-69.0,-62.0210800821708,19.518596998745053,-67.0,-94.12917214510641,-29.912988019235186,-100.2775301997111,-23.764629964630494,1,24,4,6
2005-05-17 09:30:00,28,-65.0,-61.7420096320845,19.518596998745053,-68.0,-93.85010169502011,-29.633917569148892,-99.9984597496248,-23.4855595145442,1,24,4,6
2005-05-17 10:30:00,28,-64.0,-64.14248344857168,19.518596998745053,-74.0,-96.2505755115073,-32.03439138563607,-102.39893356611199,-25.886033331031378,1,24,4,6
2005-05-17 11:30:00,28,-63.0,-69.29580532506793,19.518596998745053,-80.0,-101.40389738800354,-37.18771326213232,-107.55225544260824,-31.039355207527628,1,24,4,6
2005-05-17 12:30:00,28,-65.0,-68.80766207991508,19.518596998745053,-76.0,-100.91575414285069,-36.699570016979465,-107.06411219745539,-30.551211962374772,1,24,4,6
2005-05-17 13:30:00,28,-66.0,-64.9133824477513,19.518596998745053,-72.0,-97.02147451068691,-32.80529038481569,-103.16983256529161,-26.656932330211,1,24,4,6
2005-05-17 14:30:00,28,-64.0,-60.97173949279937,19.518596998745053,-69.0,-93.07983155573498,-28.86364742986376,-99.22818961033968,-22.71528937525907,1,24,4,6
2005-05-17 15:30:00,28,-59.0,-57.240914881518165,19.518596998745053,-65.0,-89.34900694445378,-25.132822818582554,-95.49736499905848,-18.98446476397786,1,24,4,6
2005-05-17 16:30:00,28,-63.0,-55.71657005721573,19.518596998745053,-64.0,-87.82466212015134,-23.608477994280122,-93.97302017475604,-17.46011993967543,1,24,4,6
2005-05-17 17:30:00,28,-69.0,-56.353073373798665,19.518596998745053,-63.0,-88.46116543673428,-24.244981310863054,-94.60952349133896,-18.09662325625836,1,24,4,6
2005-05-17 18:30:00,28,-72.0,-58.004866366054685,19.518596998745053,-65.0,-90.1129584289903,-25.896774303119074,-96.26131648359498,-19.74841624851438,1,24,4,6
2005-05-17 19:30:00,28,-70.0,-58.14672282394365,19.518596998745053,-66.0,-90.25481488687926,-26.038630761008037,-96.40317294148394,-19.890272706403344,1,24,4,6
2005-05-17 20:30:00,28,-64.0,-57.13638773192451,19.518596998745053,-64.0,-89.24447979486013,-25.028295668988896,-95.39283784946481,-18.879937614384204,1,24,4,6
2005-05-17 21:30:00,28,-63.0,-53.98969073116145,19.518596998745053,-59.0,-86.09778279409707,-21.88159866822584,-92.24614084870176,-15.733240613621149,1,24,4,6
2005-05-17 22:30:00,28,-61.0,-58.090335824066635,19.518596998745053,-63.0,-90.19842788700225,-25.982243761131024,-96.34678594160694,-19.83388570652633,1,24,4,6
2005-05-17 23:30:00,28,-58.0,-59.64132165044306,19.518596998745053,-69.0,-91.74941371337867,-27.53322958750745,-97.89777176798336,-21.384871532902757,1,24,4,6
2005-05-18 00:30:00,28,-59.0,-57.831513737788725,19.518596998745053,-72.0,-89.93960580072434,-25.723421674853114,-96.08796385532904,-19.57506362024842,1,24,4,6
2005-05-18 01:30:00,28,-63.0,-57.45781374549217,19.518596998745053,-70.0,-89.56590580842777,-25.349721682556556,-95.71426386303247,-19.201363627951864,1,24,4,6
2005-05-18 02:30:00,28,-64.0,-55.95360630972264,19.518596998745053,-64.0,-88.06169837265824,-23.845514246787026,-94.21005642726294,-17.697156192182334,1,24,4,6
2005-05-18 03:30:00,28,-64.0,-55.32882706859899,19.518596998745053,-63.0,-87.43691913153461,-23.22073500566338,-93.5852771861393,-17.072376951058686,1,24,4,6
2005-05-18 04:30:00,28,-62.0,-53.46925252484651,19.518596998745053,-61.0,-85.57734458778212,-21.3611604619109,-91.7257026423868,-15.212802407306206,1,24,4,6
2005-05-18 05:30:00,28,-59.0,-50.924512006205674,19.518596998745053,-58.0,-83.03260406914129,-18.816419943270063,-89.18096212374599,-12.66806188866537,1,24,4,6
2005-05-18 06:30:00,28,-55.0,-51.25131454067267,19.518596998745053,-59.0,-83.35940660360828,-19.143222477737055,-89.50776465821298,-12.994864423132363,1,24,4,6
2005-05-18 07:30:00,28,-53.0,-53.575837341006675,19.518596998745053,-63.0,-85.68392940394229,-21.467745278071064,-91.83228745854697,-15.319387223466371,1,24,4,6
2005-05-18 08:30:00,28,-53.0,-54.37201211517319,19.518596998745053,-64.0,-86.4801041781088,-22.26392005223758,-92.6284622327135,-16.115561997632888,1,24,4,6
2005-05-18 09:30:00,28,-49.0,-55.11568518009754,19.518596998745053,-64.0,-87.22377724303315,-23.00759311716193,-93.37213529763784,-16.85923506255724,1,24,4,6
2005-05-18 10:30:00,28,-49.0,-54.976727951280935,19.518596998745053,-62.0,-87.08482001421655,-22.868635888345324,-93.23317806882125,-16.72027783374063,1,24,4,6
2005-05-18 11:30:00,28,-49.0,-53.943691479467944,19.518596998745053,-59.0,-86.05178354240356,-21.835599416532332,-92.20014159700824,-15.68724136192764,1,24,4,6
2005-05-18 12:30:00,28,-50.0,-51.40423500233019,19.518596998745053,-55.0,-83.5123270652658,-19.296142939394578,-89.6606851198705,-13.147784884789885,1,24,4,6
2005-05-18 13:30:00,28,-49.0,-50.653395940189114,19.518596998745053,-53.0,-82.76148800312473,-18.545303877253502,-88.90984605772942,-12.39694582264881,1,24,4,6
2005-05-18 14:30:00,28,-48.0,-49.18192389870629,19.518596998745053,-53.0,-81.2900159616419,-17.073831835770676,-87.4383740162466,-10.925473781165984,1,24,4,6
2005-05-18 15:30:00,28,-46.0,-47.27413753370508,19.518596998745053,-49.0,-79.38222959664068,-15.166045470769468,-85.53058765124538,-9.017687416164776,1,24,4,6
2005-05-18 16:30:00,28,-49.0,-47.19026450127085,19.518596998745053,-49.0,-79.29835656420647,-15.082172438335242,-85.44671461881116,-8.93381438373055,1,24,4,6
2005-05-18 17:30:00,28,-48.0,-48.17234944972129,19.518596998745053,-49.0,-80.28044151265689,-16.064257386785677,-86.42879956726159,-9.915899332180985,1,24,4,6
2005-05-18 18:30:00,28,-49.0,-49.23432272462013,19.518596998745053,-50.0,-81.34241478755574,-17.126230661684517,-87.49077284216042,-10.977872607079824,1,24,4,6
2005-05-18 19:30:00,28,-49.0,-47.87819329812211,19.518596998745053,-49.0,-79.98628536105772,-15.770101235186502,-86.13464341566242,-9.62174318058181,1,24,4,6
2005-05-18 20:30:00,28,-49.0,-46.08869270489128,19.518596998745053,-48.0,-78.1967847678269,-13.980600641955668,-84.34514282243158,-7.832242587350976,1,24,4,6
2005-05-18 21:30:00,28,-45.0,-42.8227030629312,19.518596998745053,-46.0,-74.93079512586681,-10.714610999995585,-81.07915318047151,-4.566252945390893,1,24,4,6
2005-05-18 22:30:00,28,-41.0,-40.766301152167784,19.518596998745053,-49.0,-72.8743932151034,-8.658209089232173,-79.0227512697081,-2.5098510346274807,1,24,4,6
2005-05-18 23:30:00,28,-39.0,-39.39168625035234,19.518596998745053,-48.0,-71.49977831328795,-7.283594187416732,-77.64813636789265,-1.1352361328120395,1,24,4,6
2005-05-19 00:30:00,28,-39.0,-39.39645876519494,19.518596998745053,-49.0,-71.50455082813056,-7.2883667022593315,-77.65290888273525,-1.1400086476546392,1,24,4,6
2005-05-19 01:30:00,28,-40.0,-39.298601114059416,19.518596998745053,-49.0,-71.40669317699502,-7.190509051123804,-77.55505123159972,-1.042150996519112,1,24,4,6
2005-05-19 02:30:00,28,-36.0,-39.33645639892088,19.518596998745053,-49.0,-71.4445484618565,-7.228364335985269,-77.59290651646118,-1.0800062813805766,1,24,4,6
2005-05-19 03:30:00,28,-32.0,-38.04057354210264,19.518596998745053,-45.0,-70.14866560503825,-5.932481479167031,-76.29702365964295,0.2158765754376617,1,24,4,6
2005-05-19 04:30:00,28,-26.0,-36.87060196127162,19.518596998745053,-41.0,-68.97869402420723,-4.762509898336006,-75.12705207881191,1.3858481562686862,1,24,4,6
2005-05-19 05:30:00,28,-29.0,-34.390754090478595,19.518596998745053,-39.0,-66.4988461534142,-2.282662027542983,-72.6472042080189,3.865696027061709,1,24,4,6
2005-05-19 06:30:00,28,-31.0,-35.798922540239424,19.518596998745053,-39.0,-67.90701460317504,-3.6908304773038125,-74.05537265777973,2.45752757730088,1,24,4,6
2005-05-19 07:30:00,28,-30.0,-36.06680168288827,19.518596998745053,-40.0,-68.17489374582388,-3.958709619952657,-74.32325180042858,2.1896484346520353,1,24,4,6
2005-05-19 08:30:00,28,-32.0,-34.35905251469259,19.518596998745053,-36.0,-66.4671445776282,-2.2509604517569812,-72.6155026322329,3.897397602847711,1,24,4,6
2005-05-19 09:30:00,28,-34.0,-33.58240613778477,19.518596998745053,-32.0,-65.69049820072038,-1.4743140748491612,-71.83885625532508,4.674043979755531,1,24,4,6
2005-05-19 10:30:00,28,-39.0,-35.29184673968791,19.518596998745053,-26.0,-67.39993880262352,-3.183754676752301,-73.54829685722822,2.9646033778523915,1,24,4,6
2005-05-19 11:30:00,28,-43.0,-35.79040634383748,19.518596998745053,-29.0,-67.89849840677309,-3.6823142809018705,-74.04685646137779,2.466043773702822,1,24,4,6
2005-05-19 12:30:00,28,-37.0,-37.51471315318646,19.518596998745053,-31.0,-69.62280521612207,-5.406621090250852,-75.77116327072676,0.7417369643538407,1,24,4,6
2005-05-19 13:30:00,28,-28.0,-36.99432205356399,19.518596998745053,-30.0,-69.1024141164996,-4.8862299906283795,-75.2507721711043,1.2621280639763128,1,24,4,6
2005-05-19 14:30:00,28,-25.0,-36.77427368815153,19.518596998745053,-32.0,-68.88236575108715,-4.66618162521592,-75.03072380569184,1.4821764293887725,1,24,4,6
2005-05-19 15:30:00,28,-26.0,-36.6864215851947,19.518596998745053,-34.0,-68.7945136481303,-4.578329522259089,-74.942871702735,1.570028532345603,1,24,4,6
2005-05-19 16:30:00,28,-30.0,-36.52879796824176,19.518596998745053,-39.0,-68.63689003117737,-4.42070590530615,-74.78524808578206,1.7276521492985424,1,24,4,6
2005-05-19 17:30:00,28,-31.0,-38.153275003330236,19.518596998745053,-43.0,-70.26136706626585,-6.045182940394625,-76.40972512087055,0.10317511421006742,1,24,4,6
2005-05-19 18:30:00,28,-31.0,-35.88927852284966,19.518596998745053,-37.0,-67.99737058578526,-3.7811864599140463,-74.14572864038996,2.367171594690646,1,24,4,6
2005-05-19 19:30:00,28,-29.0,-30.72977671069917,19.518596998745053,-28.0,-62.83786877363478,1.3783153522364415,-68.98622682823947,7.526673406841134,1,24,4,6
2005-05-19 20:30:00,28,-21.0,-28.586001711351678,19.518596998745053,-25.0,-60.69409377428729,3.522090351583934,-66.84245182889198,9.670448406188626,1,24,4,6
2005-05-19 21:30:00,28,-16.0,-28.280208183727208,19.518596998745053,-26.0,-60.38830024666282,3.827883879208404,-66.53665830126751,9.976241933813096,1,24,4,6
2005-05-19 22:30:00,28,-10.0,-28.57683700318355,19.518596998745053,-30.0,-60.68492906611916,3.5312550597520627,-66.83328712072385,9.679613114356755,1,24,4,6
2005-05-19 23:30:00,28,-11.0,-27.497168951805197,19.518596998745053,-31.0,-59.605261014740805,4.610923111130415,-65.7536190693455,10.759281165735107,1,24,4,6
2005-05-20 00:30:00,28,-12.0,-26.676705620206725,19.518596998745053,-31.0,-58.78479768314234,5.431386442728886,-64.93315573774703,11.579744497333579,1,24,4,6
2005-05-20 01:30:00,28,-12.0,-25.394892636533207,19.518596998745053,-29.0,-57.50298469946882,6.713199426402404,-63.65134275407351,12.861557481007097,1,24,4,6
2005-05-20 02:30:00,28,-10.0,-23.573456595793203,19.518596998745053,-21.0,-55.681548658728815,8.534635467142408,-61.82990671333351,14.6829935217471,1,24,4,6
2005-05-20 03:30:00,28,-3.0,-22.75098183732635,19.518596998745053,-16.0,-54.85907390026196,9.357110225609262,-61.007431954866654,15.505468280213954,1,24,4,6
2005-05-20 04:30:00,28,8.0,-20.821128732388026,19.518596998745053,-10.0,-52.92922079532364,11.286963330547586,-59.07757884992833,17.435321385152278,1,24,4,6
2005-05-20 05:30:00,28,-18.0,-20.255779063277934,19.518596998745053,-11.0,-52.363871126213546,11.852312999657677,-58.51222918081824,18.00067105426237,1,24,4,6
2005-05-20 06:30:00,28,-54.0,-20.82965302073714,19.518596998745053,-12.0,-52.93774508367275,11.278439042198471,-59.086103138277444,17.426797096803163,1,24,4,6
2005-05-20 07:30:00,28,-74.0,-20.883115359707826,19.518596998745053,-12.0,-52.99120742264344,11.224976703227785,-59.13956547724813,17.373334757832477,1,24,4,6
2005-05-20 08:30:00,28,-83.0,-20.39936488587673,19.518596998745053,-10.0,-52.50745694881234,11.708727177058883,-58.65581500341703,17.857085231663575,1,24,4,6
2005-05-20 09:30:00,28,-81.0,-18.368919629655082,19.518596998745053,-3.0,-50.47701169259069,13.73917243328053,-56.625369747195386,19.887530487885222,1,24,4,6
2005-05-20 10:30:00,28,-72.0,-19.414951768625762,19.518596998745053,8.0,-51.523043831561374,12.693140294309849,-57.671401886166066,18.84149834891454,1,24,4,6
2005-05-20 11:30:00,28,-63.0,-28.561512011232885,19.518596998745053,-18.0,-60.6696040741685,3.546580051702726,-66.81796212877319,9.694938106307418,1,24,4,6
2005-05-20 12:30:00,28,-65.0,-60.47826481045284,19.518596998745053,-54.0,-92.58635687338845,-28.37017274751723,-98.73471492799314,-22.221814692912538,1,24,4,6
2005-05-20 13:30:00,28,-63.0,-75.20628145047651,19.518596998745053,-74.0,-107.31437351341212,-43.0981893875409,-113.4627315680168,-36.949831332936206,1,24,4,6
2005-05-20 14:30:00,28,-49.0,-86.29930062961064,19.518596998745053,-83.0,-118.40739269254625,-54.19120856667503,-124.55575074715094,-48.04285051207034,1,24,4,6
2005-05-20 15:30:00,28,-39.0,-72.30014185523248,19.518596998745053,-81.0,-104.4082339181681,-40.19204979229687,-110.5565919727728,-34.04369173769218,1,24,4,6
2005-05-20 16:30:00,28,-36.0,-56.55112956078723,19.518596998745053,-72.0,-88.65922162372284,-24.44303749785162,-94.80757967832753,-18.294679443246928,1,24,4,6
2005-05-20 17:30:00,28,-36.0,-48.05915929268414,19.518596998745053,-63.0,-80.16725135561975,-15.951067229748531,-86.31560941022445,-9.802709175143839,1,24,4,6
2005-05-20 18:30:00,28,-34.0,-45.404554407293716,19.518596998745053,-65.0,-77.51264647022933,-13.296462344358105,-83.66100452483403,-7.148104289753412,1,24,4,6
2005-05-20 19:30:00,28,-38.0,-43.03584726341755,19.518596998745053,-63.0,-75.14393932635316,-10.92775520048194,-81.29229738095785,-4.7793971458772475,1,24,4,6
2005-05-20 20:30:00,28,-41.0,-37.8926255819821,19.518596998745053,-49.0,-70.00071764491771,-5.784533519046491,-76.1490756995224,0.3638245355582015,1,24,4,6
2005-05-20 21:30:00,28,-39.0,-33.19949447512668,19.518596998745053,-39.0,-65.30758653806228,-1.0914024121910657,-71.45594459266698,5.056955642413627,1,24,4,6
2005-05-20 22:30:00,28,-43.0,-30.60542197855005,19.518596998745053,-36.0,-62.713514041485666,1.50267008438556,-68.86187209609035,7.651028138990252,1,24,4,6
2005-05-20 23:30:00,28,-49.0,-28.524855490545278,19.518596998745053,-36.0,-60.63294755348089,3.5832365723903337,-66.78130560808557,9.731594626995026,1,24,4,6
2005-05-21 00:30:00,28,-47.0,-27.27686453406438,19.518596998745053,-34.0,-59.38495659699999,4.831227528871231,-65.53331465160468,10.979585583475924,1,24,4,6
2005-05-21 01:30:00,28,-41.0,-29.686835695548066,19.518596998745053,-38.0,-61.79492775848368,2.421256367387546,-67.94328581308837,8.569614421992238,1,24,4,6
2005-05-21 02:30:00,28,-36.0,-32.807964021736424,19.518596998745053,-41.0,-64.91605608467204,-0.6998719588008129,-71.06441413927672,5.448486095803879,1,24,4,6
2005-05-21 03:30:00,28,-44.0,-35.3629438880296,19.518596998745053,-39.0,-67.47103595096522,-3.2548518250939864,-73.6193940055699,2.893506229510706,1,24,4,6
2005-05-21 04:30:00,28,-51.0,-42.3100123180369,19.518596998745053,-43.0,-74.41810438097251,-10.201920255101285,-80.5664624355772,-4.053562200496593,1,24,4,6
2005-05-21 05:30:00,28,-61.0,-47.88032957217543,19.518596998745053,-49.0,-79.98842163511104,-15.772237509239815,-86.13677968971572,-9.623879454635123,1,24,4,6
2005-05-21 06:30:00,28,-63.0,-44.89894874014442,19.518596998745053,-47.0,-77.00704080308003,-12.790856677208808,-83.15539885768473,-6.642498622604116,1,24,4,6
2005-05-21 07:30:00,28,-59.0,-40.1770952668032,19.518596998745053,-41.0,-72.28518732973882,-8.069003203867588,-78.4335453843435,-1.9206451492628958,1,24,4,6
2005-05-21 08:30:00,28,-57.0,-39.69303036302486,19.518596998745053,-36.0,-71.80112242596047,-7.584938300089249,-77.94948048056517,-1.4365802454845564,1,24,4,6
2005-05-21 09:30:00,28,-58.0,-44.61939161723537,19.518596998745053,-44.0,-76.72748368017099,-12.511299554299761,-82.87584173477568,-6.362941499695069,1,24,4,6
2005-05-21 10:30:00,28,-56.0,-49.66765458760954,19.518596998745053,-51.0,-81.77574665054516,-17.55956252467393,-87.92410470514984,-11.411204470069237,1,24,4,6
2005-05-21 11:30:00,28,-56.0,-55.953298815730115,19.518596998745053,-61.0,-88.06139087866572,-23.845206752794503,-94.20974893327042,-17.69684869818981,1,24,4,6
2005-05-21 12:30:00,28,-55.0,-56.19750222144619,19.518596998745053,-63.0,-88.30559428438181,-24.08941015851058,-94.4539523389865,-17.94105210390589,1,24,4,6
2005-05-21 13:30:00,28,-49.0,-49.947440597024304,19.518596998745053,-59.0,-82.05553265995991,-17.839348534088693,-88.20389071456461,-11.690990479484,1,24,4,6
2005-05-21 14:30:00,28,-48.0,-47.542475749856855,19.518596998745053,-57.0,-79.65056781279247,-15.434383686921244,-85.79892586739716,-9.286025632316552,1,24,4,6
2005-05-21 15:30:00,28,-50.0,-47.46699753461699,19.518596998745053,-58.0,-79.5750895975526,-15.358905471681382,-85.72344765215729,-9.21054741707669,1,24,4,6
2005-05-21 16:30:00,28,-48.0,-47.428990814744175,19.518596998745053,-56.0,-79.53708287767978,-15.320898751808564,-85.68544093228448,-9.172540697203871,1,24,4,6
2005-05-21 17:30:00,28,-52.0,-47.27553744056578,19.518596998745053,-56.0,-79.3836295035014,-15.167445377630166,-85.53198755810608,-9.019087323025474,1,24,4,6
2005-05-21 18:30:00,28,-56.0,-46.48247228609809,19.518596998745053,-55.0,-78.5905643490337,-14.374380223162476,-84.73892240363838,-8.226022168557783,1,24,4,6
2005-05-21 19:30:00,28,-56.0,-44.826407901727876,19.518596998745053,-49.0,-76.93449996466349,-12.718315838792265,-83.08285801926817,-6.569957784187572,1,24,4,6
2005-05-21 20:30:00,28,-48.0,-44.18722961860849,19.518596998745053,-48.0,-76.2953216815441,-12.07913755567288,-82.4436797361488,-5.930779501068187,1,24,4,6
2005-05-21 21:30:00,28,-44.0,-45.05138252897919,19.518596998745053,-50.0,-77.1594745919148,-12.943290466043578,-83.3078326465195,-6.794932411438886,1,24,4,6
2005-05-21 22:30:00,28,-38.0,-45.06103159798516,19.518596998745053,-48.0,-77.16912366092077,-12.952939535049552,-83.31748171552547,-6.80458148044486,1,24,4,6
2005-05-21 23:30:00,28,-34.0,-44.734549273427675,19.518596998745053,-52.0,-76.84264133636329,-12.626457210492063,-82.99099939096797,-6.478099155887371,1,24,4,6
2005-05-22 00:30:00,28,-36.0,-46.69731001552822,19.518596998745053,-56.0,-78.80540207846383,-14.589217952592605,-84.95376013306853,-8.440859897987913,1,24,4,6
2005-05-22 01:30:00,28,-38.0,-47.0388456738099,19.518596998745053,-56.0,-79.14693773674551,-14.93075361087429,-85.29529579135021,-8.782395556269599,1,24,4,6
2005-05-22 02:30:00,28,-33.0,-43.404326793795946,19.518596998745053,-48.0,-75.51241885673156,-11.296234730860334,-81.66077691133626,-5.147876676255642,1,24,4,6
2005-05-22 03:30:00,28,-35.0,-39.25309893912073,19.518596998745053,-44.0,-71.36119100205634,-7.145006876185121,-77.50954905666103,-0.996648821580429,1,24,4,6
2005-05-22 04:30:00,28,-35.0,-35.18915357212109,19.518596998745053,-38.0,-67.2972456350567,-3.0810615091854814,-73.4456036896614,3.067296545419211,1,24,4,6
2005-05-22 05:30:00,28,-38.0,-33.818096815076274,19.518596998745053,-34.0,-65.92618887801189,-1.7100047521406623,-72.07454693261658,4.43835330246403,1,24,4,6
2005-05-22 06:30:00,28,-38.0,-33.687266357703976,19.518596998745053,-36.0,-65.79535842063959,-1.5791742947683645,-71.94371647524429,4.569183759836328,1,24,4,6
2005-05-22 07:30:00,28,-37.0,-36.354352927107634,19.518596998745053,-38.0,-68.46244499004325,-4.246260864172022,-74.61080304464794,1.90209719043267,1,24,4,6
2005-05-22 08:30:00,28,-39.0,-34.65502827066246,19.518596998745053,-33.0,-66.76312033359807,-2.5469362077268514,-72.91147838820277,3.601421846877841,1,24,4,6
2005-05-22 09:30:00,28,-41.0,-35.76057408009766,19.518596998745053,-35.0,-67.86866614303327,-3.6524820171620505,-74.01702419763797,2.495876037442642,1,24,4,6
2005-05-22 10:30:00,28,-40.0,-34.944229838607676,19.518596998745053,-35.0,-67.05232190154328,-2.8361377756720643,-73.20067995614798,3.312220278932628,1,24,4,6
2005-05-22 11:30:00,28,-38.0,-34.13251997086214,19.518596998745053,-38.0,-66.24061203379776,-2.0244279079265297,-72.38897008840244,4.123930146678163,1,24,4,6
2005-05-22 12:30:00,28,-34.0,-35.22515045461515,19.518596998745053,-38.0,-67.33324251755076,-3.117058391679535,-73.48160057215546,3.031299662925157,1,24,4,6
2005-05-22 13:30:00,28,-30.0,-35.164996364331614,19.518596998745053,-37.0,-67.27308842726723,-3.0569043013960027,-73.42144648187193,3.0914537532086896,1,24,4,6
2005-05-22 14:30:00,28,-28.0,-32.66211982338146,19.518596998745053,-39.0,-64.77021188631707,-0.5540277604458481,-70.91856994092177,5.594330294158844,1,24,4,6
2005-05-22 15:30:00,28,-28.0,-32.27714254670874,19.518596998745053,-41.0,-64.38523460964436,-0.16905048377312681,-70.53359266424904,5.9793075708315655,1,24,4,6
2005-05-22 16:30:00,28,-29.0,-33.19507670546812,19.518596998745053,-40.0,-65.30316876840374,-1.0869846425325065,-71.45152682300842,5.061373412072186,1,24,4,6
2005-05-22 17:30:00,28,-28.0,-30.876065821649522,19.518596998745053,-38.0,-62.98415788458513,1.2320262412860892,-69.13251593918983,7.3803842958907815,1,24,4,6
2005-05-22 18:30:00,28,-28.0,-29.029952521015208,19.518596998745053,-34.0,-61.138044583950816,3.078139541920404,-67.28640263855551,9.226497596525096,1,24,4,6
2005-05-22 19:30:00,28,-29.0,-27.913151680058576,19.518596998745053,-30.0,-60.02124374299419,4.194940382877036,-66.16960179759889,10.343298437481728,1,24,4,6
2005-05-22 20:30:00,28,-31.0,-24.941389861229762,19.518596998745053,-28.0,-57.04948192416538,7.166702201705849,-63.19783997877006,13.315060256310542,1,24,4,6
2005-05-22 21:30:00,28,-29.0,-23.86762430731691,19.518596998745053,-28.0,-55.97571637025252,8.240467755618702,-62.12407442485721,14.388825810223395,1,24,4,6
2005-05-22 22:30:00,28,-27.0,-25.060869773204185,19.518596998745053,-29.0,-57.1689618361398,7.047222289731426,-63.317319890744486,13.195580344336118,1,24,4,6
2005-05-22 23:30:00,28,-25.0,-24.66859182619395,19.518596998745053,-28.0,-56.77668388912956,7.439500236741662,-62.92504194373426,13.587858291346354,1,24,4,6
2005-05-23 00:30:00,28,-22.0,-24.346056059871323,19.518596998745053,-28.0,-56.454148122806934,7.7620360030642885,-62.60250617741163,13.91039405766898,1,24,4,6
2005-05-23 01:30:00,28,-18.0,-25.07341460330516,19.518596998745053,-29.0,-57.18150666624077,7.034677459630451,-63.329864720845464,13.183035514235144,1,24,4,6
2005-05-23 02:30:00,28,-18.0,-23.71132025574918,19.518596998745053,-31.0,-55.81941231868479,8.396771807186433,-61.96777037328948,14.545129861791125,1,24,4,6
2005-05-23 03:30:00,28,-18.0,-24.914896826189754,19.518596998745053,-29.0,-57.022988889125365,7.193195236745858,-63.17134694373006,13.34155329135055,1,24,4,6
2005-05-23 04:30:00,28,-18.0,-23.850092525773285,19.518596998745053,-27.0,-55.958184588708896,8.257999537162327,-62.10654264331359,14.40635759176702,1,24,4,6
2005-05-23 05:30:00,28,-19.0,-25.51067684063509,19.518596998745053,-25.0,-57.6187689035707,6.597415222300523,-63.767126958175396,12.745773276905215,1,24,4,6
2005-05-23 06:30:00,28,-18.0,-23.2274484027105,19.518596998745053,-22.0,-55.33554046564611,8.880643660225111,-61.483898520250804,15.029001714829803,1,24,4,6
2005-05-23 07:30:00,28,-18.0,-21.7755045417378,19.518596998745053,-18.0,-53.883596604673414,10.332587521197812,-60.0319546592781,16.480945575802505,1,24,4,6
2005-05-23 08:30:00,28,-17.0,-20.414074889842347,19.518596998745053,-18.0,-52.52216695277796,11.694017173093265,-58.67052500738265,17.842375227697957,1,24,4,6
2005-05-23 09:30:00,28,-16.0,-19.94734871686796,19.518596998745053,-18.0,-52.055440779803575,12.160743346067651,-58.20379883440826,18.309101400672343,1,24,4,6
2005-05-23 10:30:00,28,-16.0,-21.156260192479564,19.518596998745053,-18.0,-53.264352255415176,10.951831870456047,-59.41271031001987,17.10018992506074,1,24,4,6
2005-05-23 11:30:00,28,-13.0,-20.896831210163786,19.518596998745053,-19.0,-53.004923273099394,11.211260852771826,-59.15328132770409,17.359618907376518,1,24,4,6
2005-05-23 12:30:00,28,-11.0,-21.014075432733925,19.518596998745053,-18.0,-53.12216749566954,11.094016630201686,-59.27052555027423,17.24237468480638,1,24,4,6
2005-05-23 13:30:00,28,-13.0,-21.48174605154249,19.518596998745053,-18.0,-53.5898381144781,10.626346011393121,-59.7381961690828,16.774704065997813,1,24,4,6
2005-05-23 14:30:00,28,-22.0,-20.552566253700352,19.518596998745053,-17.0,-52.66065831663596,11.55552580923526,-58.80901637124066,17.703883863839952,1,24,4,6
2005-05-23 15:30:00,28,-27.0,-20.669871743870505,19.518596998745053,-16.0,-52.77796380680611,11.438220319065106,-58.92632186141081,17.5865783736698,1,24,4,6
2005-05-23 16:30:00,28,-27.0,-19.417901861366058,19.518596998745053,-16.0,-51.52599392430167,12.690190201569553,-57.67435197890636,18.838548256174246,1,24,4,6
2005-05-23 17:30:00,28,-23.0,-19.10112756142965,19.518596998745053,-13.0,-51.20921962436526,13.006964501505962,-57.35757767896995,19.155322556110654,1,24,4,6
2005-05-23 18:30:00,28,-21.0,-20.446668097057326,19.518596998745053,-11.0,-52.55476015999294,11.661423965878285,-58.70311821459763,17.809782020482977,1,24,4,6
2005-05-23 19:30:00,28,-22.0,-21.22277368624568,19.518596998745053,-13.0,-53.33086574918129,10.88531837668993,-59.479223803785985,17.033676431294623,1,24,4,6
2005-05-23 20:30:00,28,-25.0,-24.98869191641791,19.518596998745053,-22.0,-57.09678397935352,7.119400146517702,-63.24514203395822,13.267758201122394,1,24,4,6
2005-05-23 21:30:00,28,-24.0,-26.259590019349318,19.518596998745053,-27.0,-58.36768208228493,5.8485020435862936,-64.51604013688961,11.996860098190986,1,24,4,6
2005-05-23 22:30:00,28,-24.0,-24.397697710728387,19.518596998745053,-27.0,-56.505789773664,7.710394352207224,-62.65414782826869,13.858752406811917,1,24,4,6
2005-05-23 23:30:00,28,-21.0,-20.92645814074413,19.518596998745053,-23.0,-53.03455020367974,11.18163392219148,-59.182908258284435,17.329991976796173,1,24,4,6
2005-05-24 00:30:00,28,-16.0,-18.410352711158875,19.518596998745053,-21.0,-50.51844477409449,13.697739351776736,-56.666802828699176,19.84609740638143,1,24,4,6
2005-05-24 01:30:00,28,-11.0,-18.355136731636847,19.518596998745053,-22.0,-50.46322879457246,13.752955331298764,-56.61158684917715,19.901313385903457,1,24,4,6
2005-05-24 02:30:00,28,-9.0,-18.472564757007028,19.518596998745053,-25.0,-50.58065681994264,13.635527305928584,-56.72901487454733,19.783885360533276,1,24,4,6
2005-05-24 03:30:00,28,-11.0,-21.13621990731273,19.518596998745053,-24.0,-53.24431197024834,10.971872155622883,-59.39267002485303,17.120230210227575,1,24,4,6
2005-05-24 04:30:00,28,-11.0,-21.523546738646367,19.518596998745053,-24.0,-53.63163880158198,10.584545324289245,-59.77999685618667,16.732903378893937,1,24,4,6
2005-05-24 05:30:00,28,-11.0,-19.91951241859746,19.518596998745053,-21.0,-52.027604481533075,12.188579644338152,-58.17596253613776,18.336937698942844,1,24,4,6
2005-05-24 06:30:00,28,-10.0,-17.660710101206746,19.518596998745053,-16.0,-49.76880216414236,14.447381961728865,-55.91716021874705,20.595740016333558,1,24,4,6
2005-05-24 07:30:00,28,-9.0,-15.423386123594518,19.518596998745053,-11.0,-47.53147818653013,16.684705939341093,-53.67983624113482,22.833063993945785,1,24,4,6
2005-05-24 08:30:00,28,-9.0,-14.888645978649897,19.518596998745053,-9.0,-46.99673804158551,17.219446084285714,-53.1450960961902,23.367804138890406,1,24,4,6
2005-05-24 09:30:00,28,-7.0,-15.141162126096177,19.518596998745053,-11.0,-47.24925418903179,16.966929936839435,-53.39761224363648,23.115287991444127,1,24,4,6
2005-05-24 10:30:00,28,-7.0,-15.256890842560313,19.518596998745053,-11.0,-47.36498290549592,16.851201220375298,-53.51334096010062,22.99955927497999,1,24,4,6
2005-05-24 11:30:00,28,-7.0,-15.215515560679176,19.518596998745053,-11.0,-47.32360762361479,16.892576502256436,-53.471965678219476,23.040934556861128,1,24,4,6
2005-05-24 12:30:00,28,-6.0,-15.063955702138944,19.518596998745053,-10.0,-47.17204776507455,17.044136360796667,-53.32040581967925,23.19249441540136,1,24,4,6
2005-05-24 13:30:00,28,-4.0,-15.171014475204874,19.518596998745053,-9.0,-47.27910653814048,16.937077587730737,-53.42746459274518,23.08543564233543,1,24,4,6
2005-05-24 14:30:00,28,-5.0,-15.295440878886087,19.518596998745053,-9.0,-47.403532941821695,16.812651184049525,-53.551890996426394,22.961009238654217,1,24,4,6
2005-05-24 15:30:00,28,-7.0,-15.087260509993317,19.518596998745053,-7.0,-47.195352572928925,17.020831552942294,-53.343710627533625,23.169189607546986,1,24,4,6
2005-05-24 16:30:00,28,-7.0,-14.823059590831164,19.518596998745053,-7.0,-46.931151653766776,17.285032472104447,-53.07950970837147,23.43339052670914,1,24,4,6
2005-05-24 17:30:00,28,-10.0,-14.75664320043111,19.518596998745053,-7.0,-46.864735263366725,17.3514488625045,-53.01309331797141,23.499806917109193,1,24,4,6
2005-05-24 18:30:00,28,-11.0,-14.579850338624745,19.518596998745053,-6.0,-46.687942401560356,17.528241724310867,-52.83630045616505,23.67659977891556,1,24,4,6
2005-05-24 19:30:00,28,-7.0,-14.500916861942589,19.518596998745053,-4.0,-46.6090089248782,17.607175200993023,-52.757366979482896,23.755533255597715,1,24,4,6
2005-05-24 20:30:00,28,-6.0,-14.176637859000696,19.518596998745053,-5.0,-46.284729921936304,17.931454203934916,-52.433087976541,24.079812258539608,1,24,4,6
2005-05-24 21:30:00,28,-6.0,-13.550603210072989,19.518596998745053,-7.0,-45.658695273008604,18.557488852862623,-51.80705332761329,24.705846907467315,1,24,4,6
2005-05-24 22:30:00,28,-6.0,-12.67473778416754,19.518596998745053,-7.0,-44.78282984710315,19.43335427876807,-50.931187901707844,25.581712333372764,1,24,4,6
2005-05-24 23:30:00,28,-5.0,-12.121419684509249,19.518596998745053,-10.0,-44.22951174744486,19.986672378426363,-50.37786980204955,26.135030433031055,1,24,4,6
2005-05-25 00:30:00,28,-6.0,-9.657821744128427,19.518596998745053,-11.0,-41.76591380706404,22.450270318807185,-47.91427186166873,28.598628373411877,1,24,4,6
2005-05-25 01:30:00,28,-4.0,-8.310702122809822,19.518596998745053,-7.0,-40.41879418574543,23.79738994012579,-46.567152240350126,29.945747994730482,1,24,4,6
2005-05-25 02:30:00,28,-3.0,-8.144468096070018,19.518596998745053,-6.0,-40.252560159005625,23.963623966865594,-46.400918213610325,30.111982021470286,1,24,4,6
2005-05-25 03:30:00,28,-2.0,-8.751898202457632,19.518596998745053,-6.0,-40.85999026539324,23.35619386047798,-47.008348319997936,29.504551915082672,1,24,4,6
2005-05-25 04:30:00,28,-1.0,-9.412732848193276,19.518596998745053,-6.0,-41.520824911128884,22.695359214742336,-47.66918296573358,28.843717269347028,1,24,4,6
2005-05-25 05:30:00,28,-2.0,-9.667046563904115,19.518596998745053,-5.0,-41.77513862683973,22.441045499031496,-47.92349668144442,28.58940355363619,1,24,4,6
2005-05-25 06:30:00,28,-4.0,-11.82718954939308,19.518596998745053,-6.0,-43.935281612328694,20.280902513542532,-50.08363966693338,26.429260568147225,1,24,4,6
2005-05-25 07:30:00,28,-6.0,-7.641659930657212,19.518596998745053,-4.0,-39.749751993592824,24.4664321322784,-45.898110048197516,30.61479018688309,1,24,4,6
2005-05-25 08:30:00,28,-4.0,-6.874885512550232,19.518596998745053,-3.0,-38.98297757548585,25.23320655038538,-45.13133563009053,31.38156460499007,1,24,4,6
