time,event_no,DST_true,DST_pred,sigma_nT,DST_persist,DST_p10,DST_p90,DST_p025,DST_p975,fold,L_value,L_idx,H,DST_p005,DST_p995
2001-11-15 00:30:00,15,0.0,-6.647300648410237e-05,0.0860190161287684,,-0.1415677545383081,0.1414348085253399,-0.1686637446188701,0.1685307986059019,3,12,2,6,-0.22165145855419152,0.22151851254122332
2001-11-15 01:30:00,15,-1.0,-1.0000545359100317,0.0860190161287684,,-1.1415558174418554,-0.8585532543782074,-1.1686518075224177,-0.8314572642976454,3,12,2,6,-1.2216395214577391,-0.7784695503623242
2001-11-15 02:30:00,15,0.0,-6.904378867034211e-05,0.0860190161287684,,-0.1415703253204943,0.1414322377431537,-0.1686663154010564,0.1685282278237157,3,12,2,6,-0.22165402933637776,0.22151594175903708
2001-11-15 03:30:00,15,0.0,-5.974863031354971e-05,0.0860190161287684,,-0.1415610301621375,0.1414415329015104,-0.1686570202426996,0.1685375229820725,3,12,2,6,-0.22164473417802097,0.22152523691739387
2001-11-15 04:30:00,15,0.0,-4.683361768798022e-05,0.0860190161287684,,-0.141548115149512,0.141454447914136,-0.168644105230074,0.1685504379946981,3,12,2,6,-0.2216318191653954,0.22153815193001944
2001-11-15 05:30:00,15,-3.0,-3.0000015600980845,0.0860190161287684,,-3.1415028416299084,-2.8585002785662605,-3.1685988317104705,-2.8314042884856985,3,12,2,6,-3.221586545645792,-2.778416574550377
2001-11-15 06:30:00,15,-7.0,-6.999950330917855,0.0860190161287684,0.0,-7.141451612449679,-6.858449049386031,-7.168547602530241,-6.831353059305469,3,12,2,6,-7.2215353164655625,-6.778365345370148
2001-11-15 07:30:00,15,-7.0,-6.999939310632268,0.0860190161287684,-1.0,-7.141440592164092,-6.858438029100443,-7.168536582244654,-6.831342039019882,3,12,2,6,-7.221524296179975,-6.77835432508456
2001-11-15 08:30:00,15,-6.0,-5.999939278351704,0.0860190161287684,0.0,-6.141440559883528,-5.858437996819879,-6.16853654996409,-5.831342006739318,3,12,2,6,-6.221524263899411,-5.778354292803996
2001-11-15 09:30:00,15,-6.0,-5.999966610409043,0.0744947119273833,0.0,-6.122510411529588,-5.877422809288498,-6.145976245786715,-5.853956975031371,3,12,2,6,-6.1918649883339825,-5.8080682324841035
2001-11-15 10:30:00,15,-3.0,-2.9999814444934145,0.0744947119273833,0.0,-3.1225252456139603,-2.877437643372869,-3.145991079871086,-2.853971809115743,3,12,2,6,-3.191879822418354,-2.808083066568475
2001-11-15 11:30:00,15,2.0,1.9999851543751603,0.0744947119273833,-3.0,1.8774413532546144,2.122528955495706,1.853975518997489,2.145994789752832,3,12,2,6,1.8080867764502209,2.1918835323001
2001-11-15 12:30:00,15,-1.0,-1.0000203296519177,0.0744947119273833,-7.0,-1.1225641307724632,-0.8774765285313718,-1.1460299650295889,-0.854010694274246,3,12,2,6,-1.1919187075768571,-0.8081219517269783
2001-11-15 13:30:00,15,-1.0,-1.0000214427914855,0.0744947119273833,-7.0,-1.1225652439120313,-0.8774776416709399,-1.146031078169157,-0.8540118074138141,3,12,2,6,-1.191919820716425,-0.8081230648665462
2001-11-15 14:30:00,15,-1.0,-1.0000254371591666,0.0744947119273833,-6.0,-1.1225692382797123,-0.877481636038621,-1.146035072536838,-0.8540158017814952,3,12,2,6,-1.191923815084106,-0.8081270592342272
2001-11-15 15:30:00,15,13.0,12.999904970076493,0.0744947119273833,-6.0,12.877361168955948,13.12244877119704,12.85389533469882,13.145914605454164,3,12,2,6,12.808006592151553,13.191803348001432
2001-11-15 16:30:00,15,19.0,18.999881229841755,0.0744947119273833,-3.0,18.87733742872121,19.1224250309623,18.853871594464085,19.145890865219425,3,12,2,6,18.807982851916815,19.191779607766694
2001-11-15 17:30:00,15,-1.0,-1.0000147846216052,0.0744947119273833,2.0,-1.122558585742151,-0.8774709835010596,-1.1460244199992766,-0.8540051492439338,3,12,2,6,-1.1919131625465447,-0.8081164066966658
2001-11-15 18:30:00,15,-10.0,-9.999966830191322,0.0744947119273833,-1.0,-10.122510631311869,-9.877423029070776,-10.145976465568994,-9.85395719481365,3,12,2,6,-10.191865208116262,-9.808068452266383
2001-11-15 19:30:00,15,-20.0,-19.99991249842869,0.0744947119273833,-1.0,-20.12245629954924,-19.877368697308142,-20.14592213380636,-19.853902863051022,3,12,2,6,-20.191810876353628,-19.80801412050375
2001-11-15 20:30:00,15,-24.0,-23.99988776565509,0.0744947119273833,-1.0,-24.122431566775635,-23.877343964534543,-24.14589740103276,-23.85387813027742,3,12,2,6,-24.19178614358003,-23.80798938773015
2001-11-15 21:30:00,15,-20.0,-19.999899171953818,0.0744947119273833,13.0,-20.122442973074364,-19.87735537083327,-20.145908807331487,-19.853889536576148,3,12,2,6,-20.191797549878757,-19.808000794028878
2001-11-15 22:30:00,15,-22.0,-21.999882745747023,0.0744947119273833,19.0,-22.12242654686757,-21.87733894462648,-22.145892381124693,-21.85387311036936,3,12,2,6,-22.191781123671962,-21.807984367822083
2001-11-15 23:30:00,15,-16.0,-16.000163974743213,0.0744947119273833,-1.0,-16.12270777586376,-15.877620173622669,-16.146173610120883,-15.85415433936554,3,12,2,6,-16.192062352668152,-15.808265596818273
2001-11-16 00:30:00,15,-12.0,-12.00015029911635,0.0744947119273833,-10.0,-12.122694100236895,-11.877606497995805,-12.14615993449402,-11.854140663738676,3,12,2,6,-12.192048677041289,-11.80825192119141
2001-11-16 01:30:00,15,-16.0,-15.999971307366543,0.0744947119273833,-20.0,-16.12251510848709,-15.877427506245995,-16.145980942744213,-15.853961671988872,3,12,2,6,-16.191869685291483,-15.808072929441604
2001-11-16 02:30:00,15,-23.0,-22.99994465222552,0.0744947119273833,-24.0,-23.12248845334606,-22.87740085110497,-23.145954287603185,-22.85393501684785,3,12,2,6,-23.19184303015046,-22.80804627430058
2001-11-16 03:30:00,15,-27.0,-26.99993652562133,0.0744947119273833,-20.0,-27.122480326741872,-26.87739272450078,-27.145946160999,-26.853926890243656,3,12,2,6,-27.19183490354627,-26.80803814769639
2001-11-16 04:30:00,15,-27.0,-26.99993943243229,0.0744947119273833,-22.0,-27.122483233552835,-26.877395631311742,-27.14594906780996,-26.85392979705462,3,12,2,6,-27.191837810357228,-26.80804105450735
2001-11-16 05:30:00,15,-29.0,-28.9999198339862,0.0744947119273833,-16.0,-29.122463635106744,-28.87737603286565,-29.145929469363868,-28.853910198608528,3,12,2,6,-29.19181821191114,-28.80802145606126
2001-11-16 06:30:00,15,-31.0,-30.999904639482416,0.0744947119273833,-12.0,-31.12244844060296,-30.87736083836187,-31.14591427486009,-30.853895004104743,3,12,2,6,-31.191803017407356,-30.808006261557477
2001-11-16 07:30:00,15,-32.0,-31.99983193635674,0.0860190161287684,-16.0,-32.141333217888565,-31.858330654824915,-32.168429207969126,-31.83123466474435,3,12,2,6,-32.22141692190444,-31.77824695080903
2001-11-16 08:30:00,15,-33.0,-32.999861455994456,0.0860190161287684,-23.0,-33.14136273752628,-32.85836017446263,-33.16845872760684,-32.83126418438207,3,12,2,6,-33.22144644154216,-32.77827647044675
2001-11-16 09:30:00,15,-33.0,-32.99990116098951,0.0860190161287684,-27.0,-33.14140244252133,-32.858399879457686,-33.16849843260189,-32.831303889377125,3,12,2,6,-33.22148614653722,-32.7783161754418
2001-11-16 10:30:00,15,-32.0,-31.99995902940957,0.0860190161287684,-27.0,-32.1414603109414,-31.85845774787775,-32.16855630102196,-31.831361757797183,3,12,2,6,-32.221544014957274,-31.778374043861863
2001-11-16 11:30:00,15,-29.0,-29.00002220319648,0.0860190161287684,-29.0,-29.141523484728303,-28.858520921664656,-29.168619474808867,-28.83142493158409,3,12,2,6,-29.221607188744187,-28.778437217648772
2001-11-16 12:30:00,15,-32.0,-31.9999922583712,0.0860190161287684,-31.0,-32.141493539903024,-31.858490976839377,-32.168589529983585,-31.831394986758813,3,12,2,6,-32.22157724391891,-31.778407272823493
2001-11-16 13:30:00,15,-33.0,-32.99999421828959,0.0860190161287684,-32.0,-33.14149549982141,-32.85849293675776,-33.16859148990197,-32.8313969466772,3,12,2,6,-33.221579203837294,-32.77840923274188
2001-11-16 14:30:00,15,-23.0,-23.0000783714911,0.0860190161287684,-33.0,-23.141579653022923,-22.85857708995928,-23.168675643103487,-22.83148109987871,3,12,2,6,-23.221663357038807,-22.778493385943392
2001-11-16 15:30:00,15,-26.0,-26.00002873005522,0.0860190161287684,-33.0,-26.141530011587044,-25.8585274485234,-26.168626001667608,-25.831431458442832,3,12,2,6,-26.221613715602928,-25.778443744507513
2001-11-16 16:30:00,15,-27.0,-27.000008770332947,0.0860190161287684,-32.0,-27.14151005186477,-26.858507488801123,-27.16860604194533,-26.83141149872056,3,12,2,6,-27.221593755880654,-26.77842378478524
2001-11-16 17:30:00,15,-21.0,-21.000059590414963,0.0860190161287684,-29.0,-21.141560871946787,-20.85855830888314,-21.16865686202735,-20.831462318802576,3,12,2,6,-21.22164457596267,-20.778474604867256
2001-11-16 18:30:00,15,-17.0,-17.000132690862667,0.0860190161287684,-32.0,-17.14163397239449,-16.858631409330844,-17.168729962475055,-16.83153541925028,3,12,2,6,-17.221717676410375,-16.77854770531496
2001-11-16 19:30:00,15,-21.0,-21.00007096916535,0.0860190161287684,-33.0,-21.141572250697173,-20.858569687633526,-21.168668240777738,-20.83147369755296,3,12,2,6,-21.221655954713057,-20.778485983617642
2001-11-16 20:30:00,15,-23.0,-23.000013687668066,0.0860190161287684,-23.0,-23.14151496919989,-22.85851240613624,-23.168610959280453,-22.83141641605568,3,12,2,6,-23.221598673215773,-22.778428702120358
2001-11-16 21:30:00,15,-23.0,-22.999996646421344,0.0860190161287684,-26.0,-23.141497927953168,-22.85849536488952,-23.16859391803373,-22.83139937480896,3,12,2,6,-23.221581631969052,-22.778411660873637
2001-11-16 22:30:00,15,-20.0,-20.0000148883363,0.0860190161287684,-27.0,-20.14151616986812,-19.858513606804475,-20.168612159948687,-19.83141761672391,3,12,2,6,-20.221599873884006,-19.77842990278859
2001-11-16 23:30:00,15,-20.0,-20.00000649667916,0.0860190161287684,-21.0,-20.14150777821098,-19.85850521514733,-20.168603768291543,-19.831409225066768,3,12,2,6,-20.221591482226867,-19.77842151113145
2001-11-17 00:30:00,15,-23.0,-22.999961842853462,0.0860190161287684,-17.0,-23.14146312438529,-22.858460561321643,-23.16855911446585,-22.83136457124108,3,12,2,6,-23.22154682840117,-22.778376857305755
2001-11-17 01:30:00,15,-26.0,-25.99993717440165,0.0860190161287684,-21.0,-26.141438455933475,-25.858435892869828,-26.16853444601404,-25.831339902789264,3,12,2,6,-26.22152215994936,-25.778352188853944
2001-11-17 02:30:00,15,-28.0,-27.999959121678188,0.0860190161287684,-23.0,-28.14146040321001,-27.858457840146365,-28.168556393290576,-27.8313618500658,3,12,2,6,-28.221544107225895,-27.77837413613048
2001-11-17 03:30:00,15,-34.0,-33.99988472703419,0.0860190161287684,-23.0,-34.141386008566016,-33.85838344550237,-34.16848199864658,-33.83128745542181,3,12,2,6,-34.2214697125819,-33.778299741486485
2001-11-17 04:30:00,15,-39.0,-38.99985003335665,0.0860190161287684,-20.0,-39.14135131488848,-38.85834875182483,-39.16844730496904,-38.83125276174427,3,12,2,6,-39.22143501890436,-38.778265047808944
2001-11-17 05:30:00,15,-34.0,-33.99991951353281,0.0860190161287684,-20.0,-34.14142079506463,-33.858418232000986,-34.168516785145194,-33.831322241920425,3,12,2,6,-34.22150449908052,-33.7783345279851
2001-11-17 06:30:00,15,-35.0,-34.999871391375294,0.0860190161287684,-23.0,-35.14137267290712,-34.85837010984347,-35.16846866298768,-34.83127411976291,3,12,2,6,-35.221456376923,-34.778286405827586
2001-11-17 07:30:00,15,-36.0,-35.99991346081519,0.0860190161287684,-26.0,-36.14141474234702,-35.85841217928337,-36.16851073242758,-35.83131618920281,3,12,2,6,-36.2214984463629,-35.778328475267486
2001-11-17 08:30:00,15,-37.0,-36.99994944716737,0.0860190161287684,-28.0,-37.14145072869919,-36.85844816563554,-37.16854671877975,-36.83135217555498,3,12,2,6,-37.221534432715075,-36.77836446161966
2001-11-17 09:30:00,15,-38.0,-37.99998118629424,0.0860190161287684,-34.0,-38.14148246782607,-37.85847990476242,-38.16857845790663,-37.83138391468186,3,12,2,6,-38.22156617184195,-37.778396200746535
2001-11-17 10:30:00,15,-36.0,-35.999956247933355,0.0860190161287684,-39.0,-36.14145752946518,-35.85845496640153,-36.16855351954574,-35.83135897632097,3,12,2,6,-36.22154123348106,-35.77837126238565
2001-11-17 11:30:00,15,-34.0,-33.999948757126774,0.0860190161287684,-34.0,-34.1414500386586,-33.85844747559495,-34.16854602873916,-33.83135148551439,3,12,2,6,-34.22153374267448,-33.778363771579066
2001-11-17 12:30:00,15,-38.0,-37.99990636115281,0.0860190161287684,-35.0,-38.14140764268464,-37.85840507962099,-38.1685036327652,-37.831309089540426,3,12,2,6,-38.22149134670052,-37.7783213756051
2001-11-17 13:30:00,15,-33.0,-32.99996603180721,0.0860190161287684,-36.0,-33.141467313339035,-32.85846475027539,-33.1685633034196,-32.83136876019483,3,12,2,6,-33.22155101735492,-32.778381046259504
2001-11-17 14:30:00,15,-37.0,-36.99995684684042,0.0860190161287684,-37.0,-37.14145812837224,-36.8584555653086,-37.1685541184528,-36.83135957522804,3,12,2,6,-37.22154183238813,-36.77837186129271
2001-11-17 15:30:00,15,-36.0,-35.99999895891008,0.0860190161287684,-38.0,-36.1415002404419,-35.85849767737825,-36.16859623052246,-35.83140168729769,3,12,2,6,-36.22158394445779,-35.778413973362376
2001-11-17 16:30:00,15,-31.0,-31.000043771904824,0.0860190161287684,-36.0,-31.141545053436648,-30.858542490373,-31.16864104351721,-30.83144650029244,3,12,2,6,-31.22162875745253,-30.778458786357117
2001-11-17 17:30:00,15,-26.0,-26.000140942239515,0.0860190161287684,-34.0,-26.14164222377134,-25.85863966070769,-26.168738213851903,-25.831543670627127,3,12,2,6,-26.221725927787222,-25.778555956691807
2001-11-17 18:30:00,15,-33.0,-33.00010671122579,0.0860190161287684,-38.0,-33.14160799275761,-32.85860542969397,-33.168703982838174,-32.831509439613406,3,12,2,6,-33.2216916967735,-32.77852172567808
2001-11-17 19:30:00,15,-32.0,-32.00006388402605,0.0860190161287684,-33.0,-32.14156516555787,-31.858562602494224,-32.16866115563843,-31.83146661241366,3,12,2,6,-32.221648869573755,-31.77847889847834
2001-11-17 20:30:00,15,-29.0,-29.00000126853833,0.0860190161287684,-37.0,-29.14150255007016,-28.85849998700651,-29.16859854015072,-28.831403996925943,3,12,2,6,-29.221586254086038,-28.778416282990623
2001-11-17 21:30:00,15,-24.0,-24.00005246489728,0.0860190161287684,-36.0,-24.141553746429096,-23.85855118336545,-24.16864973650966,-23.831455193284885,3,12,2,6,-24.221637450444987,-23.778467479349572
2001-11-17 22:30:00,15,-29.0,-29.00000280070791,0.0860190161287684,-31.0,-29.14150408223973,-28.858501519176087,-29.1686000723203,-28.831405529095523,3,12,2,6,-29.22158778625562,-28.778417815160203
2001-11-17 23:30:00,15,-28.0,-28.00006014718621,0.0860190161287684,-26.0,-28.14156142871804,-27.85855886565439,-28.168657418798603,-27.831462875573827,3,12,2,6,-28.22164513273392,-27.778475161638504
2001-11-18 00:30:00,15,-23.0,-23.000023923971348,0.0860190161287684,-33.0,-23.14152520550317,-22.858522642439524,-23.168621195583736,-22.83142665235896,3,12,2,6,-23.221608909519055,-22.77843893842364
2001-11-18 01:30:00,15,-23.0,-23.00004343358625,0.0860190161287684,-32.0,-23.14154471511808,-22.858542152054422,-23.16864070519864,-22.83144616197386,3,12,2,6,-23.221628419133957,-22.778458448038542
2001-11-18 02:30:00,15,-23.0,-22.99999881452369,0.0860190161287684,-29.0,-23.14150009605552,-22.858497532991866,-23.16859608613608,-22.8314015429113,3,12,2,6,-23.221583800071397,-22.77841382897598
2001-11-18 03:30:00,15,-28.0,-27.999949168712867,0.0860190161287684,-24.0,-28.14145045024469,-27.858447887181043,-28.16854644032525,-27.83135189710048,3,12,2,6,-28.221534154260574,-27.77836418316516
2001-11-18 04:30:00,15,-33.0,-32.99991867581987,0.0860190161287684,-29.0,-33.141419957351694,-32.85841739428805,-33.168515947432255,-32.831321404207486,3,12,2,6,-33.22150366136758,-32.77833369027216
2001-11-18 05:30:00,15,-38.0,-37.99985672444491,0.0860190161287684,-28.0,-38.141358005976734,-37.85835544291309,-38.168453996057295,-37.831259452832526,3,12,2,6,-38.22144170999262,-37.7782717388972
2001-11-18 06:30:00,15,-38.0,-37.99985660934255,0.0860190161287684,-23.0,-38.14135789087437,-37.85835532781073,-38.168453880954935,-37.83125933773017,3,12,2,6,-38.22144159489026,-37.77827162379484
2001-11-18 07:30:00,15,-37.0,-36.999861220875154,0.0860190161287684,-23.0,-37.14136250240698,-36.85835993934333,-37.16845849248754,-36.83126394926277,3,12,2,6,-37.22144620642286,-36.778276235327446
2001-11-18 08:30:00,15,-33.0,-32.999924138253355,0.0860190161287684,-23.0,-33.14142541978518,-32.85842285672153,-33.16852140986574,-32.83132686664097,3,12,2,6,-33.22150912380106,-32.77833915270565
2001-11-18 09:30:00,15,-29.0,-28.99995026112063,0.0860190161287684,-28.0,-29.14145154265245,-28.858448979588808,-29.16854753273302,-28.831352989508243,3,12,2,6,-29.22153524666834,-28.778365275572924
2001-11-18 10:30:00,15,-30.0,-29.99997459461113,0.0860190161287684,-33.0,-30.14147587614296,-29.858473313079312,-30.168571866223523,-29.831377322998748,3,12,2,6,-30.221559580158836,-29.77838960906342
2001-11-18 11:30:00,15,-28.0,-28.000007306838683,0.0860190161287684,-38.0,-28.141508588370503,-27.85850602530686,-28.16860457845107,-27.83141003522629,3,12,2,6,-28.22159229238639,-27.778422321290975
2001-11-18 12:30:00,15,-33.0,-32.99998398211531,0.0860190161287684,-38.0,-33.141485263647134,-32.85848270058349,-33.168581253727695,-32.831386710502926,3,12,2,6,-33.22156896766302,-32.7783989965676
2001-11-18 13:30:00,15,-31.0,-30.99999349615485,0.0860190161287684,-37.0,-31.14149477768668,-30.858492214623027,-31.16859076776724,-30.831396224542463,3,12,2,6,-31.221578481702558,-30.778408510607143
2001-11-18 14:30:00,15,-26.0,-26.00005714728101,0.0860190161287684,-33.0,-26.14155842881284,-25.85855586574919,-26.1686544188934,-25.831459875668624,3,12,2,6,-26.221642132828716,-25.7784721617333
2001-11-18 15:30:00,15,-26.0,-26.00005715447199,0.0860190161287684,-29.0,-26.14155843600381,-25.858555872940165,-26.168654426084377,-25.8314598828596,3,12,2,6,-26.221642140019696,-25.77847216892428
2001-11-18 16:30:00,15,-29.0,-28.99997267918844,0.0860190161287684,-30.0,-29.141473960720266,-28.85847139765661,-29.168569950800823,-28.83137540757605,3,12,2,6,-29.221557664736146,-28.77838769364073
2001-11-18 17:30:00,15,-27.0,-26.99999093803715,0.0860190161287684,-28.0,-27.14149221956897,-26.858489656505327,-27.16858820964954,-26.831393666424763,3,12,2,6,-27.221575923584858,-26.778405952489443
2001-11-18 18:30:00,15,-26.0,-26.00003934543864,0.0860190161287684,-33.0,-26.141540626970457,-25.85853806390681,-26.16863661705102,-25.83144207382625,3,12,2,6,-26.221624330986348,-25.778454359890933
2001-11-18 19:30:00,15,-27.0,-27.00000702257805,0.0860190161287684,-31.0,-27.14150830410987,-26.858505741046223,-27.16860429419044,-26.83140975096566,3,12,2,6,-27.221592008125757,-26.778422037030342
2001-11-18 20:30:00,15,-30.0,-29.99997060283513,0.0860190161287684,-26.0,-30.14147188436696,-29.85846932130331,-30.16856787444752,-29.831373331222743,3,12,2,6,-30.221555588382838,-29.778385617287423
2001-11-18 21:30:00,15,-27.0,-27.000028291642533,0.0860190161287684,-26.0,-27.14152957317436,-26.85852701011071,-27.16862556325492,-26.831431020030145,3,12,2,6,-27.22161327719024,-26.778443306094825
2001-11-18 22:30:00,15,-24.0,-24.00013210847283,0.0860190161287684,-29.0,-24.141633390004653,-23.85863082694101,-24.168729380085217,-23.83153483686044,3,12,2,6,-24.221717094020537,-23.778547122925122
2001-11-18 23:30:00,15,-29.0,-28.999998709306738,0.0860190161287684,-27.0,-29.14149999083856,-28.85849742777492,-29.168595980919125,-28.83140143769435,3,12,2,6,-29.221583694854445,-28.77841372375903
2001-11-19 00:30:00,15,-35.0,-34.99991819461303,0.0860190161287684,-26.0,-35.141419476144854,-34.85841691308121,-35.168515466225415,-34.831320923000646,3,12,2,6,-35.22150318016074,-34.77833320906532
2001-11-19 01:30:00,15,-28.0,-27.99995933483838,0.0860190161287684,-27.0,-28.141460616370203,-27.85845805330656,-28.168556606450768,-27.831362063225992,3,12,2,6,-28.221544320386087,-27.778374349290672
2001-11-19 02:30:00,15,-33.0,-32.999891360089514,0.0860190161287684,-30.0,-33.14139264162134,-32.85839007855769,-33.1684886317019,-32.83129408847713,3,12,2,6,-33.22147634563722,-32.778306374541806
2001-11-19 03:30:00,15,-36.0,-35.99985361034797,0.0860190161287684,-27.0,-36.14135489187979,-35.858352328816146,-36.168450881960354,-35.831256338735585,3,12,2,6,-36.22143859589568,-35.77826862480026
2001-11-19 04:30:00,15,-37.0,-36.9999128419054,0.0860190161287684,-24.0,-37.14141412343722,-36.858411560373575,-37.16851011351778,-36.831315570293015,3,12,2,6,-37.221497827453106,-36.77832785635769
2001-11-19 05:30:00,15,-39.0,-38.99994629594638,0.0860190161287684,-29.0,-39.1414475774782,-38.85844501441456,-39.16854356755877,-38.831349024334,3,12,2,6,-39.22153128149409,-38.77836131039867
2001-11-19 06:30:00,15,-39.0,-38.99991889407043,0.0860190161287684,-35.0,-39.141420175602256,-38.85841761253861,-39.16851616568282,-38.83132162245805,3,12,2,6,-39.22150387961814,-38.778333908522725
2001-11-19 07:30:00,15,-35.0,-35.00000054861947,0.0860190161287684,-28.0,-35.14150183015129,-34.858499267087645,-35.16859782023185,-34.831403277007084,3,12,2,6,-35.221585534167176,-34.77841556307176
2001-11-19 08:30:00,15,-29.0,-29.000012543783267,0.0860190161287684,-33.0,-29.14151382531509,-28.858511262251444,-29.16860981539565,-28.83141527217088,3,12,2,6,-29.221597529330975,-28.77842755823556
2001-11-19 09:30:00,15,-31.0,-30.9999588685574,0.0860190161287684,-36.0,-31.14146015008922,-30.858457587025573,-31.168556140169784,-30.83136159694501,3,12,2,6,-31.221543854105107,-30.778373883009692
2001-11-19 10:30:00,15,-28.0,-28.00003118217088,0.0860190161287684,-37.0,-28.1415324637027,-27.85852990063905,-28.168628453783263,-27.831433910558488,3,12,2,6,-28.221616167718587,-27.77844619662317
2001-11-19 11:30:00,15,-25.0,-25.000044663869915,0.0860190161287684,-39.0,-25.14154594540173,-24.85854338233809,-25.168641935482302,-24.831447392257527,3,12,2,6,-25.221629649417622,-24.778459678322207
2001-11-19 12:30:00,15,-30.0,-30.0000198376541,0.0860190161287684,-39.0,-30.141521119185924,-29.85851855612228,-30.16861710926649,-29.83142256604172,3,12,2,6,-30.221604823201808,-29.778434852106393
2001-11-19 13:30:00,15,-33.0,-32.99996158972992,0.0860190161287684,-35.0,-33.141462871261744,-32.8584603081981,-33.168558861342305,-32.83136431811754,3,12,2,6,-33.22154657527763,-32.77837660418221
2001-11-19 14:30:00,15,-36.0,-35.99995906634495,0.0860190161287684,-29.0,-36.14146034787677,-35.858457784813126,-36.16855633795733,-35.831361794732565,3,12,2,6,-36.22154405189266,-35.77837408079724
2001-11-19 15:30:00,15,-48.0,-47.999818836175926,0.0860190161287684,-31.0,-48.14132011770775,-47.8583175546441,-48.16841610778831,-47.83122156456354,3,12,2,6,-48.221403821723634,-47.77823385062822
2001-11-19 16:30:00,15,-47.0,-46.99980507673767,0.0860190161287684,-28.0,-47.141306358269496,-46.85830379520585,-47.16840234835006,-46.83120780512529,3,12,2,6,-47.22139006228538,-46.778220091189965
2001-11-19 17:30:00,15,-46.0,-45.99983526427872,0.0860190161287684,-25.0,-46.14133654581054,-45.85833398274689,-46.1684325358911,-45.83123799266633,3,12,2,6,-46.22142024982643,-45.778250278731015
2001-11-19 18:30:00,15,-36.0,-35.99993123603468,0.0860190161287684,-30.0,-36.14143251756651,-35.85842995450286,-36.16852850764707,-35.8313339644223,3,12,2,6,-36.22151622158239,-35.778346250486976
2001-11-19 19:30:00,15,-32.0,-31.9999540061001,0.0860190161287684,-33.0,-32.14145528763193,-31.85845272456828,-32.16855127771249,-31.83135673448772,3,12,2,6,-32.221538991647805,-31.778369020552393
2001-11-19 20:30:00,15,-40.0,-39.99999424157055,0.0860190161287684,-36.0,-40.14149552310237,-39.85849296003872,-40.16859151318293,-39.83139696995816,3,12,2,6,-40.221579227118255,-39.77840925602284
2001-11-19 21:30:00,15,-47.0,-47.00000773073999,0.0860190161287684,-48.0,-47.14150901227181,-46.85850644920816,-47.16860500235237,-46.8314104591276,3,12,2,6,-47.221592716287695,-46.77842274519228
2001-11-19 22:30:00,15,-39.0,-39.00002511040231,0.0860190161287684,-47.0,-39.14152639193413,-38.85852382887048,-39.16862238201469,-38.83142783878992,3,12,2,6,-39.22161009595002,-38.778440124854605
2001-11-19 23:30:00,15,-36.0,-36.00000025544825,0.0860190161287684,-46.0,-36.14150153698007,-35.858498973916426,-36.16859752706063,-35.831402983835865,3,12,2,6,-36.22158524099596,-35.77841526990054
2001-11-20 00:30:00,15,-34.0,-33.99999628655374,0.0860190161287684,-36.0,-34.14149756808556,-33.858495005021915,-34.16859355816612,-33.831399014941354,3,12,2,6,-34.221581272101446,-33.77841130100603
2001-11-20 01:30:00,15,-39.0,-38.99998070882935,0.0860190161287684,-32.0,-39.14148199036117,-38.85847942729752,-39.16857798044173,-38.83138343721696,3,12,2,6,-39.221565694377055,-38.77839572328164
2001-11-20 02:30:00,15,-35.0,-35.000055476690804,0.0860190161287684,-40.0,-35.14155675822263,-34.85855419515898,-35.16865274830319,-34.83145820507842,3,12,2,6,-35.22164046223851,-34.778470491143096
2001-11-20 03:30:00,15,-26.0,-26.000109185953587,0.0860190161287684,-47.0,-26.14161046748541,-25.858607904421763,-26.16870645756597,-25.8315119143412,3,12,2,6,-26.221694171501294,-25.77852420040588
2001-11-20 04:30:00,15,-30.0,-30.00006259408071,0.0860190161287684,-39.0,-30.141563875612533,-29.858561312548886,-30.168659865693098,-29.83146532246832,3,12,2,6,-30.221647579628417,-29.778477608533002
2001-11-20 05:30:00,15,-38.0,-37.99996782010194,0.0860190161287684,-36.0,-38.14146910163377,-37.85846653857012,-38.16856509171433,-37.83137054848956,3,12,2,6,-38.22155280564965,-37.778382834554236
2001-11-20 06:30:00,15,-40.0,-39.9999876829894,0.0860190161287684,-34.0,-40.14148896452122,-39.858486401457576,-40.16858495460178,-39.831390411377015,3,12,2,6,-40.22157266853711,-39.77840269744169
2001-11-20 07:30:00,15,-39.0,-38.999995105873694,0.0860190161287684,-39.0,-39.14149638740552,-38.85849382434187,-39.16859237748608,-38.83139783426131,3,12,2,6,-39.2215800914214,-38.77841012032599
2001-11-20 08:30:00,15,-34.0,-33.999993833590686,0.0860190161287684,-35.0,-34.14149511512251,-33.85849255205886,-34.16859110520307,-33.8313965619783,3,12,2,6,-34.221578819138394,-33.77840884804298
2001-11-20 09:30:00,15,-33.0,-32.99997855323184,0.0860190161287684,-26.0,-33.141479834763665,-32.85847727170002,-33.168575824844226,-32.83138128161946,3,12,2,6,-33.22156353877955,-32.778393567684134
2001-11-20 10:30:00,15,-35.0,-34.99997359661488,0.0860190161287684,-30.0,-35.1414748781467,-34.858472315083056,-35.16857086822726,-34.831376325002495,3,12,2,6,-35.22155858216259,-34.77838861106717
2001-11-20 11:30:00,15,-34.0,-34.00004362712224,0.0860190161287684,-38.0,-34.14154490865406,-33.858542345590415,-34.16864089873462,-33.831446355509854,3,12,2,6,-34.221628612669946,-33.77845864157453
2001-11-20 12:30:00,15,-33.0,-33.000053439190886,0.0860190161287684,-40.0,-33.14155472072271,-32.85855215765906,-33.16865071080327,-32.8314561675785,3,12,2,6,-33.22163842473859,-32.77846845364318
2001-11-20 13:30:00,15,-31.0,-31.000007506797715,0.0860190161287684,-39.0,-31.14150878832954,-30.85850622526589,-31.168604778410103,-30.831410235185327,3,12,2,6,-31.221592492345422,-30.778422521250008
2001-11-20 14:30:00,15,-32.0,-31.99997299126817,0.0860190161287684,-34.0,-32.14147427279999,-31.858471709736342,-32.16857026288055,-31.83137571965577,3,12,2,6,-32.22155797681587,-31.778388005720462
2001-11-20 15:30:00,15,-31.0,-30.999970728089945,0.0860190161287684,-33.0,-31.14147200962177,-30.85846944655812,-31.168567999702333,-30.83137345647756,3,12,2,6,-31.221555713637652,-30.778385742542238
2001-11-20 16:30:00,15,-31.0,-30.99996278298866,0.0860190161287684,-35.0,-31.141464064520484,-30.85846150145684,-31.16856005460105,-30.83136551137628,3,12,2,6,-31.221547768536368,-30.778377797440953
2001-11-20 17:30:00,15,-30.0,-29.999963343801056,0.0860190161287684,-34.0,-30.14146462533288,-29.85846206226924,-30.168560615413444,-29.83136607218867,3,12,2,6,-30.221548329348764,-29.77837835825335
2001-11-20 18:30:00,15,-28.0,-27.999976270981087,0.0860190161287684,-33.0,-28.14147755251291,-27.858474989449263,-28.168573542593474,-27.8313789993687,3,12,2,6,-28.221561256528794,-27.77839128543338
2001-11-20 19:30:00,15,-27.0,-26.999977387340167,0.0860190161287684,-31.0,-27.14147866887199,-26.858476105808343,-27.168574658952554,-26.83138011572778,3,12,2,6,-27.221562372887874,-26.77839240179246
2001-11-20 20:30:00,15,-28.0,-27.999967631072806,0.0860190161287684,-32.0,-28.14146891260463,-27.858466349540983,-28.1685649026852,-27.83137035946042,3,12,2,6,-28.221552616620514,-27.7783826455251
2001-11-20 21:30:00,15,-28.0,-27.999968439434028,0.0860190161287684,-31.0,-28.14146972096585,-27.858467157902204,-28.168565711046416,-27.83137116782164,3,12,2,6,-28.221553424981735,-27.77838345388632
2001-11-20 22:30:00,15,-26.0,-25.99999316998711,0.0860190161287684,-31.0,-26.14149445151893,-25.858491888455287,-26.1685904415995,-25.831395898374723,3,12,2,6,-26.221578155534818,-25.778408184439403
2001-11-20 23:30:00,15,-24.0,-24.000016179583845,0.0860190161287684,-30.0,-24.14151746111567,-23.85851489805202,-24.16861345119624,-23.831418907971457,3,12,2,6,-24.221601165131553,-23.778431194036138
2001-11-21 00:30:00,15,-24.0,-24.00001500693586,0.0860190161287684,-28.0,-24.141516288467685,-23.85851372540404,-24.16861227854825,-23.83141773532348,3,12,2,6,-24.22159999248357,-23.778430021388154
2001-11-21 01:30:00,15,-25.0,-24.99999736956072,0.0860190161287684,-27.0,-25.14149865109254,-24.858496088028893,-25.168594641173105,-24.83140009794833,3,12,2,6,-25.221582355108428,-24.778412384013013
2001-11-21 02:30:00,15,-26.0,-25.99998237474032,0.0860190161287684,-28.0,-26.141483656272143,-25.858481093208496,-26.168579646352708,-25.83138510312793,3,12,2,6,-26.221567360288027,-25.778397389192612
2001-11-21 03:30:00,15,-26.0,-25.999981116750305,0.0860190161287684,-28.0,-26.14148239828213,-25.85847983521848,-26.168578388362693,-25.83138384513792,3,12,2,6,-26.221566102298013,-25.778396131202598
2001-11-21 04:30:00,15,-25.0,-24.999990119221145,0.0860190161287684,-26.0,-25.141491400752965,-24.85848883768932,-25.16858739083353,-24.83139284760876,3,12,2,6,-25.221575104768853,-24.778405133673438
2001-11-21 05:30:00,15,-26.0,-25.99997315976081,0.0860190161287684,-24.0,-26.14147444129264,-25.858471878228983,-26.1685704313732,-25.831375888148425,3,12,2,6,-26.221558145308517,-25.778388174213102
2001-11-21 06:30:00,15,-29.0,-28.99994004583924,0.0860190161287684,-24.0,-29.141441327371066,-28.85843876430742,-29.16853731745163,-28.83134277422685,3,12,2,6,-29.221525031386946,-28.77835506029153
2001-11-21 07:30:00,15,-26.0,-25.999968253115547,0.0860190161287684,-25.0,-26.14146953464737,-25.858466971583724,-26.16856552472793,-25.83137098150316,3,12,2,6,-26.221553238663255,-25.77838326756784
2001-11-21 08:30:00,15,-21.0,-21.00001744907249,0.0860190161287684,-26.0,-21.141518730604314,-20.858516167540667,-21.16861472068488,-20.831420177460103,3,12,2,6,-21.2216024346202,-20.778432463524783
2001-11-21 09:30:00,15,-20.0,-20.000019802623395,0.0860190161287684,-26.0,-20.14152108415522,-19.85851852109157,-20.168617074235783,-19.831422531011007,3,12,2,6,-20.221604788171103,-19.778434817075688
2001-11-21 10:30:00,15,-21.0,-21.00001152849549,0.0860190161287684,-25.0,-21.141512810027315,-20.858510246963668,-21.16860880010788,-20.831414256883104,3,12,2,6,-21.2215965140432,-20.778426542947784
2001-11-21 11:30:00,15,-20.0,-20.000031880384604,0.0860190161287684,-26.0,-20.141533161916428,-19.85853059885278,-20.168629151996992,-19.831434608772216,3,12,2,6,-20.22161686593231,-19.778446894836897
2001-11-21 12:30:00,15,-20.0,-20.000065987645392,0.0860190161287684,-29.0,-20.141567269177216,-19.85856470611357,-20.16866325925778,-19.831468716033005,3,12,2,6,-20.2216509731931,-19.778481002097685
2001-11-21 13:30:00,15,-21.0,-21.0000295638104,0.0860190161287684,-26.0,-21.141530845342224,-20.858528282278577,-21.16862683542279,-20.831432292198013,3,12,2,6,-21.221614549358108,-20.778444578262693
2001-11-21 14:30:00,15,-19.0,-19.00003434510441,0.0860190161287684,-21.0,-19.14153562663624,-18.858533063572587,-19.1686316167168,-18.831437073492022,3,12,2,6,-19.221619330652118,-18.778449359556703
2001-11-21 15:30:00,15,-14.0,-14.000074474945231,0.0860190161287684,-20.0,-14.141575756477057,-13.85857319341341,-14.16867174655762,-13.831477203332849,3,12,2,6,-14.221659460492939,-13.778489489397524
2001-11-21 16:30:00,15,-16.0,-16.000048259514667,0.0860190161287684,-21.0,-16.14154954104649,-15.858546977982844,-16.168645531127055,-15.83145098790228,3,12,2,6,-16.221633245062375,-15.77846327396696
2001-11-21 17:30:00,15,-19.0,-19.000026614218733,0.0860190161287684,-20.0,-19.14152789575056,-18.85852533268691,-19.16862388583112,-18.831429342606345,3,12,2,6,-19.22161159976644,-18.778441628671025
2001-11-21 18:30:00,15,-16.0,-16.00006365695353,0.0860190161287684,-20.0,-16.141564938485352,-15.858562375421704,-16.168660928565917,-15.831466385341145,3,12,2,6,-16.221648642501236,-15.778478671405821
2001-11-21 19:30:00,15,-11.0,-11.000079327966091,0.0860190161287684,-21.0,-11.141580609497916,-10.858578046434268,-11.168676599578475,-10.831482056353703,3,12,2,6,-11.221664313513799,-10.778494342418384
2001-11-21 20:30:00,15,-10.0,-10.000074909686813,0.0860190161287684,-19.0,-10.141576191218636,-9.85857362815499,-10.1686721812992,-9.831477638074428,3,12,2,6,-10.22165989523452,-9.778489924139105
2001-11-21 21:30:00,15,-12.0,-12.000062110077875,0.0860190161287684,-14.0,-12.1415633916097,-11.858560828546054,-12.168659381690263,-11.831464838465491,3,12,2,6,-12.221647095625583,-11.778477124530168
2001-11-21 22:30:00,15,-12.0,-12.000099863312148,0.0860190161287684,-16.0,-12.141601144843971,-11.858598581780324,-12.168697134924534,-11.831502591699762,3,12,2,6,-12.221684848859855,-11.77851487776444
2001-11-21 23:30:00,15,-12.0,-12.000044324645955,0.0860190161287684,-19.0,-12.14154560617778,-11.858543043114132,-12.16864159625834,-11.83144705303357,3,12,2,6,-12.221629310193663,-11.778459339098248
2001-11-22 00:30:00,15,-12.0,-12.00002673809519,0.0860190161287684,-16.0,-12.141528019627014,-11.858525456563369,-12.168624009707576,-11.831429466482804,3,12,2,6,-12.221611723642898,-11.778441752547483
2001-11-22 01:30:00,15,-13.0,-13.000006056571095,0.0860190161287684,-11.0,-13.14150733810292,-12.858504775039272,-13.16860332818348,-12.83140878495871,3,12,2,6,-13.221591042118803,-12.778421071023388
2001-11-22 02:30:00,15,-15.0,-14.999979461427344,0.0860190161287684,-10.0,-15.141480742959168,-14.85847817989552,-15.16857673303973,-14.831382189814958,3,12,2,6,-15.221564446975052,-14.778394475879637
2001-11-22 03:30:00,15,-18.0,-17.999938986978602,0.0860190161287684,-12.0,-18.141440268510426,-17.85843770544678,-18.16853625859099,-17.831341715366214,3,12,2,6,-18.22152397252631,-17.778354001430895
2001-11-22 04:30:00,15,-21.0,-20.999908997324468,0.0860190161287684,-12.0,-21.14141027885629,-20.858407715792644,-21.168506268936856,-20.83131172571208,3,12,2,6,-21.221493982872175,-20.77832401177676
2001-11-22 05:30:00,15,-16.0,-15.99995429035134,0.0860190161287684,-12.0,-16.141455571883164,-15.858453008819517,-16.168551561963728,-15.831357018738954,3,12,2,6,-16.221539275899048,-15.778369304803633
2001-11-22 06:30:00,15,-19.0,-18.999914594463704,0.0860190161287684,-12.0,-19.141415875995527,-18.85841331293188,-19.16851186607609,-18.83131732285132,3,12,2,6,-19.22149958001141,-18.778329608915996
2001-11-22 07:30:00,15,-19.0,-18.99993255603931,0.0860190161287684,-13.0,-19.14143383757113,-18.85843127450749,-19.1685298276517,-18.831335284426924,3,12,2,6,-19.22151754158702,-18.778347570491604
2001-11-22 08:30:00,15,-18.0,-17.999974760237105,0.0860190161287684,-15.0,-18.14147604176893,-17.85847347870528,-18.168572031849493,-17.831377488624717,3,12,2,6,-18.221559745784813,-17.778389774689398
2001-11-22 09:30:00,15,-21.0,-21.00001475441796,0.0860190161287684,-18.0,-21.141516035949785,-20.858513472886138,-21.16861202603035,-20.831417482805573,3,12,2,6,-21.22159973996567,-20.778429768870254
2001-11-22 10:30:00,15,-18.0,-18.0000407219813,0.0860190161287684,-21.0,-18.141542003513123,-17.858539440449476,-18.168637993593688,-17.831443450368912,3,12,2,6,-18.221625707529007,-17.778455736433592
2001-11-22 11:30:00,15,-16.0,-16.000027057973615,0.0860190161287684,-16.0,-16.141528339505438,-15.858525776441793,-16.168624329586002,-15.831429786361229,3,12,2,6,-16.221612043521322,-15.778442072425907
2001-11-22 12:30:00,15,-15.0,-15.000035012427777,0.0860190161287684,-19.0,-15.1415362939596,-14.858533730895951,-15.168632284040164,-14.83143774081539,3,12,2,6,-15.221619997975484,-14.77845002688007
2001-11-22 13:30:00,15,-14.0,-14.00005376334748,0.0860190161287684,-19.0,-14.141555044879304,-13.858552481815655,-14.168651034959868,-13.831456491735096,3,12,2,6,-14.221638748895188,-13.778468777799773
2001-11-22 14:30:00,15,-16.0,-16.000129382835766,0.0860190161287684,-18.0,-16.14163066436759,-15.858628101303944,-16.168726654448154,-15.83153211122338,3,12,2,6,-16.221714368383473,-15.778544397288059
2001-11-22 15:30:00,15,-15.0,-15.0000498307151,0.0860190161287684,-21.0,-15.141551112246924,-14.858548549183276,-15.168647102327483,-14.831452559102711,3,12,2,6,-15.221634816262807,-14.778464845167392
2001-11-22 16:30:00,15,-15.0,-15.000043021773704,0.0860190161287684,-18.0,-15.141544303305526,-14.85854174024188,-15.168640293386089,-14.831445750161317,3,12,2,6,-15.221628007321412,-14.778458036225997
2001-11-22 17:30:00,15,-11.0,-11.0000599176511,0.0860190161287684,-16.0,-11.141561199182924,-10.858558636119277,-11.168657189263486,-10.831462646038714,3,12,2,6,-11.221644903198808,-10.778474932103393
2001-11-22 18:30:00,15,-9.0,-9.000077824131456,0.0860190161287684,-15.0,-9.14157910566328,-8.858576542599632,-9.168675095743842,-8.83148055251907,3,12,2,6,-9.221662809679163,-8.778492838583748
2001-11-22 19:30:00,15,-6.0,-6.000094942154917,0.0860190161287684,-14.0,-6.141596223686741,-5.858593660623092,-6.168692213767303,-5.8314976705425305,3,12,2,6,-6.221679927702624,-5.778509956607209
2001-11-22 20:30:00,15,-17.0,-16.999982240284183,0.0860190161287684,-16.0,-17.141483521816006,-16.85848095875236,-17.16857951189657,-16.831384968671795,3,12,2,6,-17.22156722583189,-16.778397254736475
2001-11-22 21:30:00,15,-23.0,-22.99994300861845,0.0860190161287684,-15.0,-23.141444290150275,-22.85844172708663,-23.16854028023084,-22.831345737006064,3,12,2,6,-23.22152799416616,-22.778358023070744
2001-11-22 22:30:00,15,-29.0,-28.999862755377528,0.0860190161287684,-15.0,-29.14136403690935,-28.858361473845704,-29.16846002698992,-28.83126548376514,3,12,2,6,-29.221447740925235,-28.77827776982982
2001-11-22 23:30:00,15,-28.0,-27.999863784683136,0.0860190161287684,-11.0,-28.14136506621496,-27.858362503151312,-28.168461056295524,-27.831266513070748,3,12,2,6,-28.221448770230843,-27.77827879913543
2001-11-23 00:30:00,15,-33.0,-32.9998081936309,0.0860190161287684,-9.0,-33.14130947516272,-32.858306912099074,-33.16840546524328,-32.83121092201851,3,12,2,6,-33.221393179178605,-32.77822320808319
2001-11-23 01:30:00,15,-39.0,-38.999792317046825,0.0860190161287684,-6.0,-39.14129359857865,-38.858291035515,-39.16838958865921,-38.83119504543444,3,12,2,6,-39.22137730259453,-38.77820733149912
2001-11-23 02:30:00,15,-42.0,-41.99977702908994,0.0860190161287684,-17.0,-42.141278310621765,-41.85827574755812,-42.168374300702325,-41.83117975747756,3,12,2,6,-42.22136201463765,-41.778192043542234
2001-11-23 03:30:00,15,-37.0,-36.99989237060541,0.0860190161287684,-23.0,-37.14139365213723,-36.85839108907359,-37.16848964221779,-36.831295098993024,3,12,2,6,-37.221477356153116,-36.7783073850577
2001-11-23 04:30:00,15,-31.0,-30.99999228871924,0.0860190161287684,-29.0,-31.141493570251058,-30.85849100718741,-31.168589560331625,-30.831395017106846,3,12,2,6,-31.22157727426695,-30.778407303171534
2001-11-23 05:30:00,15,-34.0,-33.99990648768891,0.0860190161287684,-28.0,-34.141407769220734,-33.85840520615709,-34.168503759301295,-33.83130921607653,3,12,2,6,-34.22149147323662,-33.7783215021412
2001-11-23 06:30:00,15,-33.0,-32.99999436573249,0.0860190161287684,-33.0,-33.141495647264314,-32.85849308420067,-33.168591637344875,-32.831397094120106,3,12,2,6,-33.2215793512802,-32.77840938018478
2001-11-23 07:30:00,15,-26.0,-26.000085147790514,0.0860190161287684,-39.0,-26.14158642932233,-25.85858386625869,-26.168682419402906,-25.831487876178127,3,12,2,6,-26.221670133338222,-25.778500162242807
2001-11-23 08:30:00,15,-24.0,-24.000064620734403,0.0860190161287684,-42.0,-24.141565902266223,-23.85856333920258,-24.16866189234679,-23.83146734912201,3,12,2,6,-24.22164960628211,-23.778479635186695
2001-11-23 09:30:00,15,-30.0,-30.00002949126972,0.0860190161287684,-37.0,-30.14153077280154,-29.85852820973789,-30.168626762882106,-29.83143221965733,3,12,2,6,-30.22161447681743,-29.778444505722014
2001-11-23 10:30:00,15,-34.0,-33.999967886790394,0.0860190161287684,-31.0,-34.14146916832222,-33.85846660525857,-34.16856515840278,-33.83137061517801,3,12,2,6,-34.2215528723381,-33.778382901242686
2001-11-23 11:30:00,15,-30.0,-29.99998159790185,0.0860190161287684,-34.0,-30.14148287943368,-29.858480316370027,-30.16857886951424,-29.831384326289463,3,12,2,6,-30.221566583449558,-29.778396612354143
2001-11-23 12:30:00,15,-26.0,-26.00001399267828,0.0860190161287684,-33.0,-26.141515274210096,-25.85851271114645,-26.16861126429066,-25.831416721065885,3,12,2,6,-26.221598978225988,-25.778429007130573
2001-11-23 13:30:00,15,-31.0,-30.99995499346208,0.0860190161287684,-26.0,-31.141456274993903,-30.858453711930256,-31.168552265074467,-30.83135772184969,3,12,2,6,-31.221539979009787,-30.778370007914372
2001-11-23 14:30:00,15,-29.0,-29.000015231285246,0.0860190161287684,-24.0,-29.14151651281707,-28.858513949753423,-29.16861250289764,-28.83141795967286,3,12,2,6,-29.221600216832954,-28.77843024573754
2001-11-23 15:30:00,15,-31.0,-31.0000549449358,0.0860190161287684,-30.0,-31.141556226467618,-30.85855366340397,-31.168652216548185,-30.831457673323406,3,12,2,6,-31.22163993048351,-30.778469959388094
2001-11-23 16:30:00,15,-37.0,-36.99997964430847,0.0860190161287684,-34.0,-37.14148092584029,-36.85847836277664,-37.16857691592085,-36.83138237269608,3,12,2,6,-37.221564629856175,-36.77839465876076
2001-11-23 17:30:00,15,-33.0,-33.00003544617711,0.0860190161287684,-30.0,-33.14153672770893,-32.858534164645285,-33.16863271778949,-32.831438174564724,3,12,2,6,-33.221620431724816,-32.7784504606294
2001-11-23 18:30:00,15,-27.0,-27.000002684163697,0.0860190161287684,-26.0,-27.14150396569552,-26.85850140263188,-27.168599955776084,-26.83140541255131,3,12,2,6,-27.221587669711404,-26.77841769861599
2001-11-23 19:30:00,15,-25.0,-25.000044203033653,0.0860190161287684,-31.0,-25.14154548456548,-24.85854292150183,-25.16864147464604,-24.831446931421265,3,12,2,6,-25.22162918858136,-24.778459217485945
2001-11-23 20:30:00,15,-24.0,-24.000081049485768,0.0860190161287684,-29.0,-24.14158233101759,-23.858579767953945,-24.16867832109816,-23.83148377787338,3,12,2,6,-24.221666035033476,-23.77849606393806
2001-11-23 21:30:00,15,-25.0,-25.00000621760737,0.0860190161287684,-31.0,-25.141507499139195,-24.858504936075548,-25.16860348921976,-24.831408945994983,3,12,2,6,-25.22159120315508,-24.778421232059664
2001-11-23 22:30:00,15,-31.0,-30.999960112795407,0.0860190161287684,-37.0,-31.14146139432723,-30.858458831263583,-31.168557384407794,-30.83136284118302,3,12,2,6,-31.221545098343114,-30.7783751272477
2001-11-23 23:30:00,15,-35.0,-34.99995552174168,0.0860190161287684,-33.0,-35.141456803273506,-34.85845424020986,-35.16855279335407,-34.8313582501293,3,12,2,6,-35.22154050728939,-34.778370536193975
2001-11-24 00:30:00,15,-29.0,-28.999957546479777,0.0860190161287684,-27.0,-29.1414588280116,-28.85845626494796,-29.168554818092165,-28.83136027486739,3,12,2,6,-29.221542532027485,-28.77837256093207
2001-11-24 01:30:00,15,-31.0,-30.99993325754723,0.0860190161287684,-25.0,-31.141434539079054,-30.858431976015407,-31.16853052915961,-30.83133598593484,3,12,2,6,-31.221518243094938,-30.778348271999523
2001-11-24 02:30:00,15,-34.0,-33.999908012565264,0.0860190161287684,-24.0,-34.14140929409709,-33.85840673103344,-34.16850528417765,-33.83131074095288,3,12,2,6,-34.22149299811297,-33.77832302701756
2001-11-24 03:30:00,15,-34.0,-33.99991782769351,0.0860190161287684,-25.0,-34.14141910922533,-33.858416546161685,-34.16851509930589,-33.831320556081124,3,12,2,6,-34.221502813241216,-33.7783328421458
2001-11-24 04:30:00,15,-39.0,-38.99990058200089,0.0860190161287684,-31.0,-39.14140186353272,-38.85839930046907,-39.16849785361328,-38.831303310388506,3,12,2,6,-39.2214855675486,-38.77831559645318
2001-11-24 05:30:00,15,-24.0,-24.00005130672184,0.0860190161287684,-35.0,-24.14155258825366,-23.858550025190013,-24.168648578334224,-23.83145403510945,3,12,2,6,-24.221636292269547,-23.778466321174133
2001-11-24 06:30:00,15,2.0,1.9997265686638808,0.0860190161287684,-29.0,1.8582252871320573,2.141227850195705,1.8311292970514952,2.1683238402762672,3,12,2,6,1.7781415831161733,2.221311554211588
2001-11-24 07:30:00,15,-91.0,-90.99937748290336,0.0860190161287684,-31.0,-91.1408787644352,-90.85787620137152,-91.16797475451574,-90.83078021129096,3,12,2,6,-91.22096246845106,-90.77779249735565
2001-11-24 08:30:00,15,-92.0,-91.99943583591534,0.0860190161287684,-34.0,-92.14093711744717,-91.8579345543835,-92.16803310752772,-91.83083856430297,3,12,2,6,-92.22102082146304,-91.77785085036763
2001-11-24 09:30:00,15,-72.0,-71.99961829226481,0.0860190161287684,-34.0,-72.14111957379664,-71.85811701073298,-72.1682155638772,-71.83102102065243,3,12,2,6,-72.22120327781252,-71.7780333067171
2001-11-24 10:30:00,15,-96.0,-95.9993918455227,0.0860190161287684,-39.0,-96.14089312705453,-95.85789056399086,-96.16798911713508,-95.83079457391032,3,12,2,6,-96.2209768310704,-95.77780685997499
2001-11-24 11:30:00,15,-132.0,-131.99900128147314,0.0860190161287684,-24.0,-132.14050256300496,-131.85749999994133,-132.16759855308553,-131.83040400986076,3,12,2,6,-132.22058626702085,-131.77741629592543
2001-11-24 12:30:00,15,-196.0,-195.99880089960308,0.0860190161287684,2.0,-196.1403021811349,-195.85729961807127,-196.16739817121547,-195.8302036279907,3,12,2,6,-196.2203858851508,-195.77721591405538
2001-11-24 13:30:00,15,-179.0,-178.99885180250146,0.0860190161287684,-91.0,-179.14035308403328,-178.85735052096965,-179.16744907411385,-178.83025453088908,3,12,2,6,-179.22043678804917,-178.77726681695376
2001-11-24 14:30:00,15,-202.0,-201.99862540374647,0.0860190161287684,-92.0,-202.1401266852783,-201.85712412221463,-202.1672226753589,-201.8300281321341,3,12,2,6,-202.22021038929418,-201.77704041819877
2001-11-24 15:30:00,15,-211.0,-210.99851637335848,0.0860190161287684,-72.0,-211.1400176548903,-210.85701509182667,-211.16711364497087,-210.8299191017461,3,12,2,6,-211.2201013589062,-210.77693138781078
2001-11-24 16:30:00,15,-221.0,-220.99861273742496,0.0860190161287684,-96.0,-221.1401140189568,-220.85711145589315,-221.1672100090373,-220.83001546581252,3,12,2,6,-221.22019772297267,-220.77702775187726
2001-11-24 17:30:00,15,-216.0,-215.9997997355199,0.0860190161287684,-132.0,-216.1413010170517,-215.85829845398808,-216.16839700713228,-215.83120246390752,3,12,2,6,-216.2213847210676,-215.7782147499722
2001-11-24 18:30:00,15,-205.0,-204.9998652124465,0.0860190161287684,-196.0,-205.14136649397832,-204.8583639309147,-205.1684624840589,-204.83126794083407,3,12,2,6,-205.22145019799422,-204.7782802268988
2001-11-24 19:30:00,15,-187.0,-186.99995902821448,0.0860190161287684,-179.0,-187.1414603097463,-186.85845774668263,-187.1685562998269,-186.8313617566021,3,12,2,6,-187.22154401376218,-186.77837404266677
2001-11-24 20:30:00,15,-177.0,-177.00000090104447,0.0860190161287684,-202.0,-177.1415021825763,-176.85849961951266,-177.16859817265686,-176.8314036294321,3,12,2,6,-177.22158588659218,-176.77841591549677
2001-11-24 21:30:00,15,-172.0,-171.9998738768911,0.0860190161287684,-211.0,-172.1413751584229,-171.85837259535927,-172.16847114850347,-171.8312766052787,3,12,2,6,-172.2214588624388,-171.77828889134338
2001-11-24 22:30:00,15,-153.0,-153.00001407695976,0.0860190161287684,-221.0,-153.14151535849155,-152.85851279542794,-153.16861134857214,-152.83141680534737,3,12,2,6,-153.22159906250747,-152.77842909141205
2001-11-24 23:30:00,15,-150.0,-149.99996341114493,0.0860190161287684,-216.0,-150.14146469267675,-149.85846212961312,-150.16856068275732,-149.83136613953255,3,12,2,6,-150.22154839669264,-149.77837842559723
2001-11-25 00:30:00,15,-145.0,-144.99996575257686,0.0860190161287684,-205.0,-145.14146703410867,-144.85846447104504,-145.16856302418924,-144.83136848096447,3,12,2,6,-145.22155073812456,-144.77838076702915
2001-11-25 01:30:00,15,-145.0,-144.999933821004,0.0860190161287684,-187.0,-145.1414351025358,-144.85843253947218,-145.16853109261638,-144.8313365493916,3,12,2,6,-145.2215188065517,-144.77834883545628
2001-11-25 02:30:00,15,-144.0,-143.9999365777975,0.0860190161287684,-177.0,-144.14143785932933,-143.8584352962657,-144.1685338494099,-143.83133930618513,3,12,2,6,-144.22152156334522,-143.7783515922498
2001-11-25 03:30:00,15,-134.0,-134.0000514223655,0.0860190161287684,-172.0,-134.1415527038973,-133.85855014083367,-134.16864869397787,-133.8314541507531,3,12,2,6,-134.2216364079132,-133.77846643681778
2001-11-25 04:30:00,15,-124.0,-124.0000855537117,0.0860190161287684,-153.0,-124.14158683524352,-123.85858427217988,-124.16868282532408,-123.83148828209931,3,12,2,6,-124.2216705392594,-123.77850056816399
2001-11-25 05:30:00,15,-118.0,-118.00008046437507,0.0860190161287684,-150.0,-118.14158174590692,-117.85857918284326,-118.16867773598749,-117.8314831927627,3,12,2,6,-118.22166544992278,-117.77849547882737
2001-11-25 06:30:00,15,-111.0,-111.0001146066829,0.0860190161287684,-145.0,-111.14161588821472,-110.85861332515108,-111.16871187829528,-110.83151733507052,3,12,2,6,-111.2216995922306,-110.77852962113519
2001-11-25 07:30:00,15,-114.0,-114.0000635158869,0.0860190161287684,-145.0,-114.14156479741872,-113.85856223435506,-114.16866078749928,-113.83146624427452,3,12,2,6,-114.2216485014346,-113.77847853033919
2001-11-25 08:30:00,15,-113.0,-113.00003743575326,0.0860190161287684,-144.0,-113.14153871728509,-112.85853615422144,-113.16863470736564,-112.83144016414089,3,12,2,6,-113.22162242130096,-112.77845245020555
2001-11-25 09:30:00,15,-106.0,-106.00003686452078,0.0860190161287684,-134.0,-106.1415381460526,-105.85853558298896,-106.16863413613316,-105.8314395929084,3,12,2,6,-106.22162185006849,-105.77845187897307
2001-11-25 10:30:00,15,-103.0,-102.99999001370983,0.0860190161287684,-124.0,-103.14149129524166,-102.858488732178,-103.16858728532222,-102.83139274209744,3,12,2,6,-103.22157499925754,-102.77840502816213
2001-11-25 11:30:00,15,-107.0,-106.99990888896156,0.0860190161287684,-118.0,-107.1414101704934,-106.85840760742973,-107.16850616057394,-106.83131161734916,3,12,2,6,-107.22149387450926,-106.77832390341385
2001-11-25 12:30:00,15,-104.0,-103.99990521659046,0.0860190161287684,-111.0,-104.1414064981223,-103.85840393505865,-104.16850248820283,-103.83130794497808,3,12,2,6,-104.22149020213817,-103.77832023104276
2001-11-25 13:30:00,15,-98.0,-97.99996044916789,0.0860190161287684,-114.0,-98.1414617306997,-97.85845916763604,-98.16855772078026,-97.83136317755547,3,12,2,6,-98.2215454347156,-97.77837546362018
2001-11-25 14:30:00,15,-96.0,-95.99996210918512,0.0860190161287684,-113.0,-96.14146339071696,-95.8584608276533,-96.16855938079752,-95.83136483757276,3,12,2,6,-96.22154709473283,-95.77837712363741
2001-11-25 15:30:00,15,-92.0,-91.99997823302743,0.0860190161287684,-106.0,-92.14147951455926,-91.8584769514956,-92.16857550463982,-91.83138096141504,3,12,2,6,-92.22156321857514,-91.77839324747973
2001-11-25 16:30:00,15,-89.0,-88.99999191492866,0.0860190161287684,-103.0,-89.14149319646049,-88.85849063339683,-89.16858918654104,-88.83139464331627,3,12,2,6,-89.22157690047636,-88.77840692938095
2001-11-25 17:30:00,15,-90.0,-89.99997741518592,0.0860190161287684,-107.0,-90.14147869671775,-89.8584761336541,-90.16857468679832,-89.83138014357354,3,12,2,6,-90.22156240073363,-89.77839242963822
2001-11-25 18:30:00,15,-88.0,-87.9999805294844,0.0860190161287684,-104.0,-88.14148181101623,-87.85847924795257,-88.16857780109679,-87.83138325787202,3,12,2,6,-88.22156551503211,-87.7783955439367
2001-11-25 19:30:00,15,-86.0,-85.99997764974245,0.0860190161287684,-98.0,-86.14147893127428,-85.85847636821062,-86.16857492135483,-85.83138037813006,3,12,2,6,-86.22156263529016,-85.77839266419474
2001-11-25 20:30:00,15,-85.0,-84.99997230612752,0.0860190161287684,-96.0,-85.14147358765935,-84.85847102459569,-85.1685695777399,-84.83137503451513,3,12,2,6,-85.22155729167523,-84.77838732057981
2001-11-25 21:30:00,15,-84.0,-83.99995235088421,0.0860190161287684,-92.0,-84.14145363241605,-83.85845106935238,-84.1685496224966,-83.83135507927183,3,12,2,6,-84.22153733643192,-83.7783673653365
2001-11-25 22:30:00,15,-83.0,-82.99994327176367,0.0860190161287684,-89.0,-83.1414445532955,-82.85844199023184,-83.16854054337605,-82.83134600015129,3,12,2,6,-83.22152825731138,-82.77835828621596
2001-11-25 23:30:00,15,-81.0,-80.99995326099396,0.0860190161287684,-90.0,-81.14145454252579,-80.85845197946213,-81.16855053260635,-80.83135598938158,3,12,2,6,-81.22153824654167,-80.77836827544625
2001-11-26 00:30:00,15,-83.0,-82.99991057056988,0.0860190161287684,-88.0,-83.14141185210171,-82.85840928903805,-83.16850784218227,-82.8313132989575,3,12,2,6,-83.22149555611759,-82.77832558502217
2001-11-26 01:30:00,15,-86.0,-85.9998565595618,0.0860190161287684,-86.0,-86.14135784109364,-85.85835527802998,-86.16845383117419,-85.83125928794942,3,12,2,6,-86.22144154510951,-85.7782715740141
2001-11-26 02:30:00,15,-85.0,-84.9998589629891,0.0860190161287684,-85.0,-85.14136024452092,-84.85835768145726,-85.16845623460148,-84.83126169137671,3,12,2,6,-85.2214439485368,-84.77827397744139
2001-11-26 03:30:00,15,-82.0,-81.99988209494126,0.0860190161287684,-84.0,-82.14138337647309,-81.85838081340943,-82.16847936655364,-81.83128482332887,3,12,2,6,-82.22146708048896,-81.77829710939355
2001-11-26 04:30:00,15,-78.0,-77.99992987273345,0.0860190161287684,-83.0,-78.14143115426528,-77.85842859120162,-78.16852714434583,-77.83133260112106,3,12,2,6,-78.22151485828115,-77.77834488718574
2001-11-26 05:30:00,15,-75.0,-74.99995173240276,0.0860190161287684,-81.0,-75.1414530139346,-74.85845045087093,-75.16854900401515,-74.83135446079038,3,12,2,6,-75.22153671795047,-74.77836674685506
2001-11-26 06:30:00,15,-75.0,-74.99995304058348,0.0860190161287684,-83.0,-75.14145432211531,-74.85845175905165,-75.16855031219586,-74.8313557689711,3,12,2,6,-75.22153802613119,-74.77836805503577
2001-11-26 07:30:00,15,-73.0,-72.99999585931846,0.0860190161287684,-86.0,-73.14149714085029,-72.85849457778663,-73.16859313093084,-72.83139858770608,3,12,2,6,-73.22158084486617,-72.77841087377075
2001-11-26 08:30:00,15,-67.0,-67.00004859160576,0.0860190161287684,-85.0,-67.14154987313759,-66.85854731007393,-67.16864586321815,-66.83145131999338,3,12,2,6,-67.22163357715347,-66.77846360605805
2001-11-26 09:30:00,15,-63.0,-63.00007769180124,0.0860190161287684,-82.0,-63.14157897333306,-62.85857641026941,-63.16867496341362,-62.83148042018885,3,12,2,6,-63.221662677348945,-62.77849270625353
2001-11-26 10:30:00,15,-60.0,-60.00008533488152,0.0860190161287684,-78.0,-60.14158661641334,-59.858584053349695,-60.1686826064939,-59.831488063269134,3,12,2,6,-60.221670320429226,-59.77850034933381
2001-11-26 11:30:00,15,-57.0,-57.000091478861535,0.0860190161287684,-75.0,-57.14159276039336,-56.85859019732971,-57.16868875047392,-56.83149420724915,3,12,2,6,-57.22167646440924,-56.77850649331383
2001-11-26 12:30:00,15,-56.0,-56.00008686454754,0.0860190161287684,-75.0,-56.14158814607936,-55.85858558301572,-56.168684136159925,-55.83148959293516,3,12,2,6,-56.22167185009525,-55.77850187899983
2001-11-26 13:30:00,15,-54.0,-54.00008672224508,0.0860190161287684,-73.0,-54.1415880037769,-53.858585440713256,-54.16868399385746,-53.831489450632695,3,12,2,6,-54.22167170779279,-53.77850173669737
2001-11-26 14:30:00,15,-50.0,-50.00009772451424,0.0860190161287684,-67.0,-50.14159900604606,-49.85859644298241,-50.16869499612662,-49.83150045290185,3,12,2,6,-50.22168271006195,-49.77851273896653
2001-11-26 15:30:00,15,-50.0,-50.00006996305149,0.0860190161287684,-63.0,-50.14157124458332,-49.85856868151967,-50.16866723466388,-49.83147269143911,3,12,2,6,-50.221654948599195,-49.77848497750378
2001-11-26 16:30:00,15,-50.0,-50.00004440888294,0.0860190161287684,-60.0,-50.141545690414766,-49.85854312735112,-50.16864168049533,-49.83144713727056,3,12,2,6,-50.22162939443065,-49.778459423335235
2001-11-26 17:30:00,15,-48.0,-48.000038457464726,0.0860190161287684,-57.0,-48.14153973899655,-47.8585371759329,-48.16863572907711,-47.83144118585234,3,12,2,6,-48.22162344301243,-47.77845347191702
2001-11-26 18:30:00,15,-45.0,-45.00005099555734,0.0860190161287684,-56.0,-45.14155227708916,-44.85854971402552,-45.16864826716972,-44.83145372394495,3,12,2,6,-45.221635981105045,-44.77846601000963
2001-11-26 19:30:00,15,-45.0,-45.00003629429243,0.0860190161287684,-54.0,-45.14153757582425,-44.858535012760605,-45.16863356590481,-44.83143902268005,3,12,2,6,-45.221621279840136,-44.77845130874472
2001-11-26 20:30:00,15,-45.0,-45.00001319283509,0.0860190161287684,-50.0,-45.14151447436691,-44.85851191130326,-45.16861046444747,-44.8314159212227,3,12,2,6,-45.2215981783828,-44.778428207287384
2001-11-26 21:30:00,15,-43.0,-43.00001735976444,0.0860190161287684,-50.0,-43.141518641296265,-42.85851607823262,-43.168614631376826,-42.83142008815206,3,12,2,6,-43.22160234531215,-42.778432374216735
2001-11-26 22:30:00,15,-43.0,-43.00000935944653,0.0860190161287684,-50.0,-43.14151064097835,-42.85850807791471,-43.168606631058914,-42.83141208783415,3,12,2,6,-43.22159434499424,-42.77842437389882
2001-11-26 23:30:00,15,-43.0,-42.99999821652106,0.0860190161287684,-48.0,-43.14149949805289,-42.85849693498924,-43.16859548813345,-42.83140094490868,3,12,2,6,-43.221583202068764,-42.77841323097335
2001-11-27 00:30:00,15,-50.0,-49.999914898452765,0.0860190161287684,-45.0,-50.14141617998459,-49.85841361692094,-50.16851217006515,-49.83131762684038,3,12,2,6,-50.22149988400047,-49.77832991290506
2001-11-27 01:30:00,15,-55.0,-54.99985573923296,0.0860190161287684,-45.0,-55.14135702076478,-54.85835445770113,-55.16845301084534,-54.83125846762057,3,12,2,6,-55.22144072478067,-54.778270753685256
2001-11-27 02:30:00,15,-53.0,-52.99986305596396,0.0860190161287684,-45.0,-53.14136433749578,-52.85836177443213,-53.16846032757634,-52.83126578435157,3,12,2,6,-53.221448041511664,-52.77827807041625
2001-11-27 03:30:00,15,-48.0,-47.99989643185015,0.0860190161287684,-43.0,-48.14139771338198,-47.85839515031833,-48.16849370346254,-47.83129916023777,3,12,2,6,-48.22148141739786,-47.778311446302446
2001-11-27 04:30:00,15,-42.0,-41.99995400222751,0.0860190161287684,-43.0,-42.141455283759335,-41.85845272069569,-42.168551273839896,-41.83135673061513,3,12,2,6,-42.22153898777522,-41.778369016679804
2001-11-27 05:30:00,15,-37.0,-36.99999948298468,0.0860190161287684,-43.0,-37.1415007645165,-36.85849820145285,-37.16859675459706,-36.83140221137229,3,12,2,6,-37.221584468532384,-36.77841449743697
2001-11-27 06:30:00,15,-36.0,-36.00001787367598,0.0860190161287684,-50.0,-36.1415191552078,-35.85851659214416,-36.16861514528836,-35.831420602063595,3,12,2,6,-36.22160285922369,-35.77843288812827
2001-11-27 07:30:00,15,-33.0,-33.00007116945799,0.0860190161287684,-55.0,-33.14157245098981,-32.858569887926166,-33.16866844107037,-32.831473897845605,3,12,2,6,-33.2216561550057,-32.77848618391028
2001-11-27 08:30:00,15,-29.0,-29.00012027041397,0.0860190161287684,-53.0,-29.14162155194579,-28.858618988882142,-29.16871754202636,-28.83152299880157,3,12,2,6,-29.221705255961677,-28.778535284866262
2001-11-27 09:30:00,15,-31.0,-31.000089217276564,0.0860190161287684,-48.0,-31.141590498808387,-30.85858793574474,-31.16868648888895,-30.831491945664176,3,12,2,6,-31.22167420282427,-30.778504231728856
2001-11-27 10:30:00,15,-30.0,-30.00007494327556,0.0860190161287684,-42.0,-30.14157622480738,-29.858573661743733,-30.168672214887945,-29.83147767166317,3,12,2,6,-30.221659928823268,-29.778489957727853
2001-11-27 11:30:00,15,-30.0,-30.00004964552321,0.0860190161287684,-37.0,-30.141550927055032,-29.858548363991385,-30.1686469171356,-29.83145237391082,3,12,2,6,-30.221634631070916,-29.7784646599755
2001-11-27 12:30:00,15,-30.0,-30.000034114996303,0.0860190161287684,-36.0,-30.141535396528127,-29.85853283346448,-30.16863138660869,-29.83143684338392,3,12,2,6,-30.22161910054401,-29.778449129448596
2001-11-27 13:30:00,15,-29.0,-29.000030278922587,0.0860190161287684,-33.0,-29.14153156045441,-28.858528997390763,-29.16862755053497,-28.8314330073102,3,12,2,6,-29.221615264470294,-28.77844529337488
2001-11-27 14:30:00,15,-28.0,-28.000024623683743,0.0860190161287684,-29.0,-28.14152590521557,-27.858523342151923,-28.16862189529613,-27.83142735207136,3,12,2,6,-28.22160960923145,-27.778439638136035
2001-11-27 15:30:00,15,-26.0,-26.000035638011063,0.0860190161287684,-31.0,-26.141536919542887,-25.85853435647924,-26.16863290962345,-25.831438366398675,3,12,2,6,-26.22162062355877,-25.778450652463356
2001-11-27 16:30:00,15,-27.0,-27.00001654311008,0.0860190161287684,-30.0,-27.1415178246419,-26.85851526157825,-27.168613814722463,-26.83141927149769,3,12,2,6,-27.221601528657786,-26.77843155756237
2001-11-27 17:30:00,15,-27.0,-27.000010081836376,0.0860190161287684,-30.0,-27.1415113633682,-26.858508800304552,-27.168607353448763,-26.831412810223988,3,12,2,6,-27.221595067384083,-26.778425096288668
2001-11-27 18:30:00,15,-25.0,-25.000022957486188,0.0860190161287684,-30.0,-25.14152423901801,-24.858521675954364,-25.16862022909857,-24.8314256858738,3,12,2,6,-25.221607943033895,-24.77843797193848
2001-11-27 19:30:00,15,-25.0,-25.00001994018932,0.0860190161287684,-29.0,-25.141521221721145,-24.85851865865749,-25.168617211801703,-24.83142266857693,3,12,2,6,-25.221604925737026,-24.77843495464161
2001-11-27 20:30:00,15,-25.0,-25.00001645863328,0.0860190161287684,-28.0,-25.1415177401651,-24.85851517710145,-25.168613730245664,-24.831419187020888,3,12,2,6,-25.221601444180987,-24.778431473085572
2001-11-27 21:30:00,15,-26.0,-26.00000051920113,0.0860190161287684,-26.0,-26.14150180073296,-25.858499237669307,-26.16859779081352,-25.831403247588742,3,12,2,6,-26.221585504748838,-25.778415533653423
2001-11-27 22:30:00,15,-26.0,-26.00000798573814,0.0860190161287684,-27.0,-26.141509267269964,-25.85850670420632,-26.168605257350528,-25.831410714125752,3,12,2,6,-26.221592971285848,-25.778423000190433
2001-11-27 23:30:00,15,-28.0,-27.99997862772471,0.0860190161287684,-27.0,-28.14147990925653,-27.858477346192885,-28.168575899337096,-27.83138135611232,3,12,2,6,-28.221563613272416,-27.778393642177
2001-11-28 00:30:00,15,-30.0,-29.99995173239887,0.0860190161287684,-25.0,-30.141453013930693,-29.858450450867046,-30.168549004011258,-29.83135446078648,3,12,2,6,-30.221536717946577,-29.778366746851162
2001-11-28 01:30:00,15,-31.0,-30.999937477209865,0.0860190161287684,-25.0,-31.14143875874169,-30.85843619567804,-31.168534748822253,-30.83134020559748,3,12,2,6,-31.221522462757573,-30.778352491662158
2001-11-28 02:30:00,15,-33.0,-32.99991119575592,0.0860190161287684,-25.0,-33.141412477287744,-32.8584099142241,-33.168508467368305,-32.83131392414354,3,12,2,6,-33.22149618130363,-32.77832621020821
2001-11-28 03:30:00,15,-33.0,-32.99991642874092,0.0860190161287684,-26.0,-33.14141771027274,-32.858415147209094,-33.1685137003533,-32.83131915712853,3,12,2,6,-33.221501414288625,-32.77833144319321
2001-11-28 04:30:00,15,-32.0,-31.999921275718297,0.0860190161287684,-26.0,-32.141422557250124,-31.85841999418648,-32.168518547330684,-31.83132400410591,3,12,2,6,-32.221506261266,-31.77833629017059
2001-11-28 05:30:00,15,-28.0,-27.99996014222928,0.0860190161287684,-28.0,-28.1414614237611,-27.858458860697453,-28.168557413841665,-27.83136287061689,3,12,2,6,-28.221545127776988,-27.778375156681573
2001-11-28 06:30:00,15,-25.0,-24.999999966906778,0.0860190161287684,-30.0,-25.1415012484386,-24.85849868537496,-25.168597238519165,-24.83140269529439,3,12,2,6,-25.221584952454485,-24.77841498135907
2001-11-28 07:30:00,15,-20.0,-20.0000508448437,0.0860190161287684,-31.0,-20.14155212637552,-19.858549563311875,-20.168648116456087,-19.83145357323131,3,12,2,6,-20.221635830391406,-19.77846585929599
2001-11-28 08:30:00,15,-17.0,-17.000088872095752,0.0860190161287684,-33.0,-17.141590153627575,-16.85858759056393,-17.16868614370814,-16.831491600483364,3,12,2,6,-17.22167385764346,-16.778503886548044
2001-11-28 09:30:00,15,-16.0,-16.000103692422176,0.0860190161287684,-33.0,-16.141604973954,-15.858602410890352,-16.168700964034564,-15.83150642080979,3,12,2,6,-16.221688677969883,-15.778518706874468
2001-11-28 10:30:00,15,-17.0,-17.000097154204855,0.0860190161287684,-32.0,-17.14159843573668,-16.858595872673032,-17.168694425817243,-16.831499882592468,3,12,2,6,-17.221682139752563,-16.778512168657148
2001-11-28 11:30:00,15,-16.0,-16.000095325923507,0.0860190161287684,-28.0,-16.14159660745533,-15.858594044391683,-16.168692597535895,-15.83149805431112,3,12,2,6,-16.221680311471214,-15.7785103403758
2001-11-28 12:30:00,15,-16.0,-16.000080174808836,0.0860190161287684,-25.0,-16.14158145634066,-15.858578893277013,-16.168677446421224,-15.83148290319645,3,12,2,6,-16.221665160356544,-15.778495189261129
2001-11-28 13:30:00,15,-16.0,-16.000062586045676,0.0860190161287684,-20.0,-16.1415638675775,-15.858561304513852,-16.168659857658064,-15.83146531443329,3,12,2,6,-16.221647571593383,-15.778477600497968
2001-11-28 14:30:00,15,-15.0,-15.000061987535249,0.0860190161287684,-17.0,-15.14156326906707,-14.858560706003423,-15.168659259147631,-14.83146471592286,3,12,2,6,-15.221646973082956,-14.778477001987541
2001-11-28 15:30:00,15,-13.0,-13.000069777284764,0.0860190161287684,-16.0,-13.141571058816588,-12.85856849575294,-13.16866704889715,-12.831472505672378,3,12,2,6,-13.221654762832472,-12.778484791737057
2001-11-28 16:30:00,15,-13.0,-13.000058010830791,0.0860190161287684,-17.0,-13.141559292362617,-12.858556729298968,-13.168655282443178,-12.831460739218404,3,12,2,6,-13.221642996378499,-12.778473025283084
2001-11-28 17:30:00,15,-14.0,-14.000044489352394,0.0860190161287684,-16.0,-14.141545770884218,-13.85854320782057,-14.16864176096478,-13.831447217740008,3,12,2,6,-14.221629474900102,-13.778459503804687
2001-11-28 18:30:00,15,-13.0,-13.000050049292977,0.0860190161287684,-16.0,-13.1415513308248,-12.858548767761151,-13.168647320905364,-12.83145277768059,3,12,2,6,-13.221635034840684,-12.77846506374527
2001-11-28 19:30:00,15,-13.0,-13.000039374366615,0.0860190161287684,-16.0,-13.14154065589844,-12.858538092834792,-13.168636645979,-12.83144210275423,3,12,2,6,-13.221624359914323,-12.778454388818908
2001-11-28 20:30:00,15,-13.0,-13.000026335341651,0.0860190161287684,-15.0,-13.141527616873477,-12.858525053809828,-13.168623606954036,-12.831429063729264,3,12,2,6,-13.221611320889359,-12.778441349793944
2001-11-28 21:30:00,15,-12.0,-12.000033441494756,0.0860190161287684,-13.0,-12.14153472302658,-11.858532159962934,-12.168630713107143,-11.831436169882371,3,12,2,6,-12.221618427042463,-11.778448455947048
2001-11-28 22:30:00,15,-14.0,-14.00001229617303,0.0860190161287684,-13.0,-14.141513577704853,-13.858511014641206,-14.168609567785415,-13.831415024560645,3,12,2,6,-14.221597281720737,-13.778427310625322
2001-11-28 23:30:00,15,-15.0,-15.000004996694436,0.0860190161287684,-14.0,-15.14150627822626,-14.858503715162612,-15.168602268306822,-14.83140772508205,3,12,2,6,-15.221589982242143,-14.778420011146729
2001-11-29 00:30:00,15,-15.0,-15.000000946346152,0.0860190161287684,-13.0,-15.141502227877975,-14.858499664814328,-15.168598217958538,-14.831403674733766,3,12,2,6,-15.221585931893859,-14.778415960798444
2001-11-29 01:30:00,15,-15.0,-14.999988897402387,0.0860190161287684,-13.0,-15.141490178934212,-14.858487615870564,-15.168586169014777,-14.831391625790005,3,12,2,6,-15.221573882950095,-14.77840391185468
2001-11-29 02:30:00,15,-17.0,-16.999963844300307,0.0860190161287684,-13.0,-17.14146512583213,-16.858462562768484,-17.168561115912695,-16.83136657268792,3,12,2,6,-17.221548829848015,-16.7783788587526
2001-11-29 03:30:00,15,-19.0,-18.99995418856023,0.0860190161287684,-12.0,-19.14145547009205,-18.858452907028408,-19.16855146017262,-18.831356916947843,3,12,2,6,-19.22153917410794,-18.778369203012524
2001-11-29 04:30:00,15,-20.0,-19.99995087378538,0.0860190161287684,-14.0,-20.141452155317204,-19.85844959225356,-20.168548145397768,-19.831353602172992,3,12,2,6,-20.221535859333088,-19.778365888237673
2001-11-29 05:30:00,15,-18.0,-17.999976303196927,0.0860190161287684,-15.0,-18.14147758472875,-17.858475021665104,-18.168573574809315,-17.83137903158454,3,12,2,6,-18.221561288744635,-17.77839131764922
2001-11-29 06:30:00,15,-18.0,-17.999964706529425,0.0860190161287684,-15.0,-18.14146598806125,-17.858463424997602,-18.168561978141813,-17.831367434917038,3,12,2,6,-18.221549692077133,-17.778379720981718
2001-11-29 07:30:00,15,-19.0,-18.99996141006589,0.0860190161287684,-15.0,-19.14146269159772,-18.858460128534063,-19.16855868167828,-18.8313641384535,3,12,2,6,-19.221546395613597,-18.778376424518182
2001-11-29 08:30:00,15,-17.0,-16.999998369318718,0.0860190161287684,-17.0,-17.14149965085054,-16.858497087786894,-17.168595640931105,-16.83140109770633,3,12,2,6,-17.221583354866425,-16.77841338377101
2001-11-29 09:30:00,15,-17.0,-17.000004195304705,0.0860190161287684,-19.0,-17.141505476836528,-16.85850291377288,-17.168601466917092,-16.831406923692317,3,12,2,6,-17.221589180852412,-16.778419209756997
2001-11-29 10:30:00,15,-17.0,-17.000002064544127,0.0860190161287684,-20.0,-17.14150334607595,-16.858500783012303,-17.168599336156515,-16.83140479293174,3,12,2,6,-17.221587050091834,-16.77841707899642
2001-11-29 11:30:00,15,-16.0,-16.000006506357522,0.0860190161287684,-18.0,-16.141507787889346,-15.8585052248257,-16.16860377796991,-15.831409234745136,3,12,2,6,-16.22159149190523,-15.778421520809815
2001-11-29 12:30:00,15,-17.0,-17.00000692233821,0.0860190161287684,-18.0,-17.141508203870032,-16.858505640806385,-17.168604193950596,-16.83140965072582,3,12,2,6,-17.221591907885916,-16.7784219367905
2001-11-29 13:30:00,15,-16.0,-16.00002498881433,0.0860190161287684,-19.0,-16.141526270346155,-15.858523707282508,-16.16862226042672,-15.831427717201946,3,12,2,6,-16.22160997436204,-15.778440003266624
2001-11-29 14:30:00,15,-12.0,-12.000047058453896,0.0860190161287684,-17.0,-12.141548339985718,-11.858545776922073,-12.16864433006628,-11.831449786841508,3,12,2,6,-12.221632044001604,-11.778462072906189
2001-11-29 15:30:00,15,-12.0,-12.000040122917198,0.0860190161287684,-17.0,-12.141541404449022,-11.858538841385377,-12.168637394529584,-11.831442851304812,3,12,2,6,-12.221625108464906,-11.778455137369491
2001-11-29 16:30:00,15,-14.0,-14.000010840807434,0.0860190161287684,-17.0,-14.141512122339256,-13.85850955927561,-14.16860811241982,-13.831413569195048,3,12,2,6,-14.221595826355141,-13.778425855259727
2001-11-29 17:30:00,15,-14.0,-14.000011371456392,0.0860190161287684,-16.0,-14.141512652988215,-13.858510089924568,-14.168608643068778,-13.831414099844006,3,12,2,6,-14.221596357004099,-13.778426385908684
2001-11-29 18:30:00,15,-14.0,-14.00001019424088,0.0860190161287684,-17.0,-14.141511475772704,-13.858508912709055,-14.168607465853263,-13.831412922628491,3,12,2,6,-14.221595179788588,-13.778425208693173
2001-11-29 19:30:00,15,-14.0,-14.00000817003226,0.0860190161287684,-16.0,-14.141509451564083,-13.858506888500436,-14.168605441644646,-13.831410898419874,3,12,2,6,-14.221593155579967,-13.778423184484552
2001-11-29 20:30:00,15,-14.0,-13.999996379403845,0.0860190161287684,-12.0,-14.141497660935666,-13.85849509787202,-14.168593651016227,-13.831399107791457,3,12,2,6,-14.221581364951552,-13.778411393856137
2001-11-29 21:30:00,15,-14.0,-13.999992450071826,0.0860190161287684,-12.0,-14.14149373160365,-13.858491168540002,-14.168589721684212,-13.83139517845944,3,12,2,6,-14.221577435619533,-13.778407464524118
2001-11-29 22:30:00,15,-15.0,-14.999981300410736,0.0860190161287684,-14.0,-15.141482581942558,-14.858480018878913,-15.16857857202312,-14.831384028798348,3,12,2,6,-15.221566285958444,-14.778396314863029
2001-11-29 23:30:00,15,-17.0,-16.999951654402608,0.0860190161287684,-14.0,-17.14145293593443,-16.858450372870784,-17.168548926014996,-16.83135438279022,3,12,2,6,-17.221536639950315,-16.7783666688549
2001-11-30 00:30:00,15,-19.0,-18.999939126694983,0.0860190161287684,-14.0,-19.141440408226806,-18.85843784516316,-19.16853639830737,-18.831341855082595,3,12,2,6,-19.22152411224269,-18.778354141147275
2001-11-30 01:30:00,15,-22.0,-21.999906133405368,0.0860190161287684,-14.0,-22.14140741493719,-21.858404851873544,-22.16850340501776,-21.83130886179298,3,12,2,6,-22.221491118953075,-21.77832114785766
2001-11-30 02:30:00,15,-22.0,-21.999908451430656,0.0860190161287684,-14.0,-22.14140973296248,-21.858407169898832,-22.168505723043044,-21.831311179818268,3,12,2,6,-22.221493436978363,-21.77832346588295
2001-11-30 03:30:00,15,-20.0,-19.99993054808781,0.0860190161287684,-14.0,-20.14143182961964,-19.85842926655599,-20.1685278197002,-19.831333276475423,3,12,2,6,-20.221515533635518,-19.778345562540103
2001-11-30 04:30:00,15,-16.0,-15.999974484846266,0.0860190161287684,-15.0,-16.14147576637809,-15.858473203314444,-16.168571756458654,-15.83137721323388,3,12,2,6,-16.221559470393974,-15.778389499298559
2001-11-30 05:30:00,15,-13.0,-13.00001765495417,0.0860190161287684,-17.0,-13.141518936485994,-12.858516373422349,-13.168614926566557,-12.831420383341785,3,12,2,6,-13.221602640501878,-12.778432669406463
2001-11-30 06:30:00,15,-13.0,-13.00002771828002,0.0860190161287684,-19.0,-13.141528999811843,-12.858526436748196,-13.168624989892406,-12.831430446667634,3,12,2,6,-13.221612703827727,-12.778442732732312
2001-11-30 07:30:00,15,-12.0,-12.000064190163284,0.0860190161287684,-22.0,-12.141565471695106,-11.85856290863146,-12.168661461775669,-11.831466918550896,3,12,2,6,-12.221649175710992,-11.778479204615577
2001-11-30 08:30:00,15,-13.0,-13.000054722891164,0.0860190161287684,-22.0,-13.141556004422988,-12.85855344135934,-13.16865199450355,-12.831457451278778,3,12,2,6,-13.221639708438872,-12.778469737343457
2001-11-30 09:30:00,15,-16.0,-16.000010098250755,0.0860190161287684,-20.0,-16.141511379782578,-15.858508816718931,-16.168607369863143,-15.831412826638369,3,12,2,6,-16.221595083798462,-15.778425112703047
2001-11-30 10:30:00,15,-17.0,-16.999982667806833,0.0860190161287684,-16.0,-17.141483949338657,-16.85848138627501,-17.16857993941922,-16.831385396194445,3,12,2,6,-17.22156765335454,-16.778397682259126
2001-11-30 11:30:00,15,-16.0,-15.999977422219562,0.0860190161287684,-13.0,-16.141478703751385,-15.858476140687738,-16.16857469383195,-15.831380150607176,3,12,2,6,-16.22156240776727,-15.778392436671854
2001-11-30 12:30:00,15,-13.0,-13.000001797984249,0.0860190161287684,-13.0,-13.14150307951607,-12.858500516452423,-13.168599069596633,-12.83140452637186,3,12,2,6,-13.221586783531956,-12.778416812436541
2001-11-30 13:30:00,15,-9.0,-9.000033653035647,0.0860190161287684,-12.0,-9.14153493456747,-8.858532371503824,-9.168630924648031,-8.831436381423261,3,12,2,6,-9.221618638583355,-8.77844866748794
2001-11-30 14:30:00,15,0.0,-0.0001158748433454,0.0860190161287684,-13.0,-0.1416171563751694,0.1413854066884786,-0.1687131464557315,0.1684813967690406,3,12,2,6,-0.22170086039105283,0.221469110704362
2001-11-30 15:30:00,15,-5.0,-5.000080014846223,0.0860190161287684,-16.0,-5.141581296378047,-4.858578733314398,-5.168677286458609,-4.8314827432338365,3,12,2,6,-5.221665000393931,-4.778495029298516
2001-11-30 16:30:00,15,-5.0,-5.000080467580883,0.0860190161287684,-17.0,-5.141581749112707,-4.858579186049059,-5.168677739193269,-4.831483195968497,3,12,2,6,-5.22166545312859,-4.7784954820331755
2001-11-30 17:30:00,15,-7.0,-7.000064859138718,0.0860190161287684,-16.0,-7.141566140670542,-6.858563577606893,-7.168662130751104,-6.831467587526332,3,12,2,6,-7.221649844686425,-6.77847987359101
2001-11-30 18:30:00,15,-5.0,-5.000071918870905,0.0860190161287684,-13.0,-5.141573200402729,-4.8585706373390805,-5.168669190483291,-4.831474647258519,3,12,2,6,-5.221656904418612,-4.778486933323197
2001-11-30 19:30:00,15,-1.0,-1.0000978693111264,0.0860190161287684,-9.0,-1.1415991508429504,-0.8585965877793024,-1.1686951409235125,-0.8315005976987404,3,12,2,6,-1.2216828548588339,-0.778512883763419
2001-11-30 20:30:00,15,0.0,-9.340984030359324e-05,0.0860190161287684,0.0,-0.1415946913721276,0.1414078716915204,-0.1686906814526896,0.1685038617720824,3,12,2,6,-0.221678395388011,0.22149157570740383
2001-11-30 21:30:00,15,3.0,2.99988565786952,0.0860190161287684,-5.0,2.858384376337696,3.141386939401344,2.8312883862571336,3.1684829294819057,3,12,2,6,2.7783006723218127,3.2214706434172276
2001-11-30 22:30:00,15,2.0,1.9999052074252148,0.0860190161287684,-5.0,1.8584039258933909,2.141406488957039,1.8313079358128288,2.168502479037601,3,12,2,6,1.7783202218775074,2.2214901929729223
2001-11-30 23:30:00,15,1.0,0.9999081754835188,0.0860190161287684,-7.0,0.8584068939516948,1.1414094570153428,0.8313109038711328,1.1685054470959049,3,12,2,6,0.7783231899358114,1.2214931610312263
2001-12-01 00:30:00,15,1.0,0.9999267913718342,0.0860190161287684,-5.0,0.8584255098400101,1.141428072903658,0.8313295197594481,1.1685240629842202,3,12,2,6,0.7783418058241267,1.2215117769195416
2001-12-01 01:30:00,15,-3.0,-3.0000309732863784,0.0860190161287684,-1.0,-3.1415322548182023,-2.8585296917545544,-3.1686282448987644,-2.8314337016739923,3,12,2,6,-3.221615958834086,-2.778445987738671
2001-12-01 02:30:00,15,-3.0,-3.0000267536827607,0.0860190161287684,0.0,-3.1415280352145847,-2.8585254721509368,-3.1686240252951468,-2.8314294820703747,3,12,2,6,-3.221611739230468,-2.7784417681350533
2001-12-01 03:30:00,15,-5.0,-5.000002529519154,0.0860190161287684,3.0,-5.1415038110509785,-4.85850124798733,-5.16859980113154,-4.831405257906768,3,12,2,6,-5.221587515066862,-4.778417543971447
2001-12-01 04:30:00,15,-4.0,-4.000001776197109,0.0860190161287684,2.0,-4.141503057728934,-3.858500494665285,-4.168599047809495,-3.8314045045847234,3,12,2,6,-4.221586761744817,-3.778416790649402
2001-12-01 05:30:00,15,4.0,3.999928446002677,0.0860190161287684,1.0,3.858427164470853,4.141429727534502,3.831331174390291,4.168525717615063,3,12,2,6,3.7783434604549697,4.221513431550385
2001-12-01 06:30:00,15,8.0,7.999900635374651,0.0860190161287684,1.0,7.858399353842826,8.141401916906474,7.831303363762265,8.168497906987037,3,12,2,6,7.7783156498269435,8.221485620922358
2001-12-01 07:30:00,15,7.0,6.999857581394132,0.0860190161287684,-3.0,6.858356299862307,7.141358862925956,6.8312603097817455,7.1684548530065175,3,12,2,6,6.778272595846425,7.22144256694184
2001-12-01 08:30:00,15,9.0,8.99990004291336,0.0860190161287684,-3.0,8.858398761381537,9.141401324445184,8.831302771300974,9.168497314525746,3,12,2,6,8.778315057365653,9.221485028461068
2001-12-01 09:30:00,15,6.0,5.999928255072923,0.0860190161287684,-5.0,5.858426973541099,6.141429536604748,5.831330983460537,6.168525526685309,3,12,2,6,5.778343269525216,6.221513240620631
2001-12-01 10:30:00,15,8.0,7.999911497726309,0.0860190161287684,-4.0,7.858410216194485,8.141412779258133,7.831314226113923,8.168508769338695,3,12,2,6,7.778326512178602,8.221496483274016
2001-12-01 11:30:00,15,13.0,12.999875530414124,0.0860190161287684,4.0,12.8583742488823,13.141376811945946,12.831278258801737,13.168472802026509,3,12,2,6,12.778290544866417,13.221460515961832
2001-12-01 12:30:00,15,7.0,6.999928850826088,0.0860190161287684,8.0,6.858427569294263,7.141430132357912,6.8313315792137015,7.1685261224384735,3,12,2,6,6.778343865278381,7.221513836373796
2001-12-01 13:30:00,15,-2.0,-1.9999751318218275,0.0860190161287684,7.0,-2.1414764133536512,-1.858473850290004,-2.1685724034342133,-1.8313778602094413,3,12,2,6,-2.2215601173695347,-1.77839014627412
2001-12-01 14:30:00,15,-2.0,-1.999961290069568,0.0860190161287684,9.0,-2.141462571601392,-1.858460008537744,-2.1685585616819534,-1.831364018457181,3,12,2,6,-2.2215462756172752,-1.7783763045218606
2001-12-01 15:30:00,15,-3.0,-2.999950323598334,0.0860190161287684,6.0,-3.141451605130158,-2.85844904206651,-3.16854759521072,-2.831353051985948,3,12,2,6,-3.2215353091460415,-2.7783653380506266
2001-12-01 16:30:00,15,-9.0,-8.999891153182439,0.0860190161287684,8.0,-9.141392434714264,-8.858389871650616,-9.168488424794823,-8.831293881570053,3,12,2,6,-9.221476138730146,-8.778306167634732
2001-12-01 17:30:00,15,-1.0,-0.9999536905275264,0.0860190161287684,13.0,-1.1414549720593503,-0.8584524089957023,-1.1685509621399124,-0.8313564189151403,3,12,2,6,-1.2215386760752338,-0.7783687049798189
2001-12-01 18:30:00,15,-1.0,-0.999970624866826,0.0860190161287684,7.0,-1.14147190639865,-0.858469343335002,-1.168567896479212,-0.8313733532544401,3,12,2,6,-1.2215556104145333,-0.7783856393191185
2001-12-01 19:30:00,15,-4.0,-3.999911862994036,0.0860190161287684,-2.0,-4.141413144525861,-3.858410581462212,-4.168509134606422,-3.83131459138165,3,12,2,6,-4.221496848541743,-3.7783268774463283
2001-12-01 20:30:00,15,-6.0,-5.999903660700852,0.0860190161287684,-2.0,-6.141404942232676,-5.858402379169028,-6.168500932313238,-5.831306389088466,3,12,2,6,-6.2214886462485595,-5.778318675153145
2001-12-01 21:30:00,15,-4.0,-3.999920908332541,0.0860190161287684,-3.0,-4.1414221898643655,-3.858419626800717,-4.168518179944927,-3.831323636720155,3,12,2,6,-4.2215058938802485,-3.7783359227848337
2001-12-01 22:30:00,15,-7.0,-6.999908655272876,0.0860190161287684,-9.0,-7.1414099368047,-6.858407373741051,-7.168505926885262,-6.8313113836604895,3,12,2,6,-7.221493640820584,-6.778323669725169
2001-12-01 23:30:00,15,-2.0,-1.9999597804123823,0.0860190161287684,-1.0,-2.1414610619442063,-1.8584584988805584,-2.1685570520247683,-1.8313625087999963,3,12,2,6,-2.2215447659600898,-1.7783747948646749
2001-12-02 00:30:00,15,-1.0,-0.9999854314333874,0.0860190161287684,-1.0,-1.141486712965211,-0.8584841499015633,-1.1685827030457734,-0.8313881598210013,3,12,2,6,-1.2215704169810948,-0.7784004458856799
2001-12-02 01:30:00,15,-2.0,-1.9999968795027487,0.0860190161287684,-4.0,-2.141498161034573,-1.8584955979709248,-2.168594151115135,-1.8313996078903632,3,12,2,6,-2.221581865050456,-1.7784118939550413
2001-12-02 02:30:00,15,-3.0,-3.000007227021964,0.0860190161287684,-6.0,-3.141508508553788,-2.85850594549014,-3.16860449863435,-2.831409955409578,3,12,2,6,-3.2215922125696714,-2.7784222414742565
2001-12-02 03:30:00,15,-2.0,-2.000022742560265,0.0860190161287684,-4.0,-2.141524024092089,-1.8585214610284413,-2.168620014172652,-1.8314254709478792,3,12,2,6,-2.2216077281079722,-1.7784377570125574
2001-12-02 04:30:00,15,0.0,-5.703889249986105e-05,0.0860190161287684,-7.0,-0.1415583204243239,0.1414442426393241,-0.1686543105048859,0.1685402327198862,3,12,2,6,-0.22164202444020728,0.22152794665520756
2001-12-02 05:30:00,15,3.0,2.9998988139018223,0.0860190161287684,-2.0,2.8583975323699984,3.1414000954336463,2.8313015422894363,3.1684960855142084,3,12,2,6,2.778313828354115,3.22148379944953
2001-12-02 06:30:00,15,0.0,-6.658328329933738e-05,0.0860190161287684,-1.0,-0.1415678648151233,0.1414346982485247,-0.1686638548956854,0.1685306883290867,3,12,2,6,-0.22165156883100676,0.22151840226440808
2001-12-02 07:30:00,15,3.0,2.999903908253728,0.0860190161287684,-2.0,2.858402626721904,3.141405189785552,2.831306636641342,3.168501179866114,3,12,2,6,2.7783189227060205,3.2214888938014354
2001-12-02 08:30:00,15,6.0,5.9998787718494455,0.0860190161287684,-3.0,5.858377490317621,6.14138005338127,5.83128150023706,6.168476043461832,3,12,2,6,5.778293786301738,6.221463757397153
2001-12-02 09:30:00,15,10.0,9.999848180412336,0.0860190161287684,-2.0,9.858346898880512,10.14134946194416,9.83125090879995,10.168445452024722,3,12,2,6,9.778263194864628,10.221433165960043
2001-12-02 10:30:00,15,12.0,11.999834640527013,0.0860190161287684,0.0,11.85833335899519,12.141335922058836,11.831237368914628,12.1684319121394,3,12,2,6,11.778249654979305,12.22141962607472
2001-12-02 11:30:00,15,13.0,12.999829254320105,0.0860190161287684,3.0,12.85832797278828,13.141330535851928,12.83123198270772,13.16842652593249,3,12,2,6,12.778244268772397,13.221414239867812
2001-12-02 12:30:00,15,16.0,15.999803647158068,0.0860190161287684,0.0,15.858302365626244,16.14130492868989,15.831206375545682,16.168400918770455,3,12,2,6,15.77821866161036,16.221388632705775
2001-12-02 13:30:00,15,15.0,14.99982027510174,0.0860190161287684,3.0,14.858318993569917,15.141321556633564,14.831223003489354,15.168417546714126,3,12,2,6,14.778235289554033,15.221405260649448
2001-12-02 14:30:00,15,16.0,15.999825361502012,0.0860190161287684,6.0,15.858324079970188,16.141326643033835,15.831228089889626,16.1684226331144,3,12,2,6,15.778240375954304,16.22141034704972
2001-12-02 15:30:00,15,13.0,12.999870822112037,0.0860190161287684,10.0,12.858369540580211,13.14137210364386,12.83127355049965,13.168468093724425,3,12,2,6,12.77828583656433,13.221455807659744
2001-12-02 16:30:00,15,9.0,8.999928639416517,0.0860190161287684,12.0,8.858427357884693,9.14142992094834,8.83133136780413,9.168525911028905,3,12,2,6,8.77834365386881,9.221513624964224
2001-12-02 17:30:00,15,6.0,5.999966802952073,0.0860190161287684,13.0,5.858465521420249,6.141468084483898,5.831369531339687,6.168564074564459,3,12,2,6,5.778381817404366,6.221551788499781
2001-12-02 18:30:00,15,5.0,4.999989596504108,0.0860190161287684,16.0,4.858488314972283,5.141490878035932,4.831392324891722,5.168586868116494,3,12,2,6,4.7784046109564,5.221574582051815
2001-12-02 19:30:00,15,5.0,5.000003175299369,0.0860190161287684,15.0,4.858501893767545,5.141504456831194,4.831405903686983,5.168600446911755,3,12,2,6,4.778418189751662,5.221588160847077
2001-12-02 20:30:00,15,0.0,6.563545871784982e-05,0.0860190161287684,16.0,-0.1414356460731061,0.1415669169905418,-0.1685316361536682,0.1686629070711039,3,12,2,6,-0.22151935008898957,0.22165062100642527
2001-12-02 21:30:00,15,0.0,6.561499265700377e-05,0.0860190161287684,13.0,-0.141435666539167,0.141566896524481,-0.168531656619729,0.168662886605043,3,12,2,6,-0.22151937055505042,0.22165060054036442
2001-12-02 22:30:00,15,-1.0,-0.999916708622905,0.0860190161287684,9.0,-1.141417990154729,-0.858415427091081,-1.168513980235291,-0.831319437010519,3,12,2,6,-1.2215016941706125,-0.7783317230751976
2001-12-02 23:30:00,15,-2.0,-1.999917029319473,0.0860190161287684,6.0,-2.141418310851297,-1.858415747787649,-2.168514300931859,-1.831319757707087,3,12,2,6,-2.2215020148671805,-1.7783320437717656
2001-12-03 00:30:00,15,2.0,2.000033331528442,0.0860190161287684,5.0,1.8585320499966185,2.141534613060266,1.831436059916056,2.168630603140828,3,12,2,6,1.7784483459807348,2.2216183170761497
2001-12-03 01:30:00,15,3.0,3.0000050241060308,0.0860190161287684,5.0,2.858503742574207,3.1415063056378547,2.8314077524936447,3.168602295718417,3,12,2,6,2.7784200385583233,3.221590009653738
2001-12-03 02:30:00,15,5.0,4.999956857038022,0.0860190161287684,0.0,4.8584555755061976,5.141458138569846,4.831359585425636,5.168554128650408,3,12,2,6,4.7783718714903145,5.221541842585729
2001-12-03 03:30:00,15,8.0,7.999909226103746,0.0860190161287684,0.0,7.858407944571922,8.14141050763557,7.83131195449136,8.168506497716132,3,12,2,6,7.778324240556039,8.221494211651454
2001-12-03 04:30:00,15,10.0,9.999881049213151,0.0860190161287684,-1.0,9.858379767681328,10.141382330744976,9.831283777600763,10.168478320825535,3,12,2,6,9.778296063665444,10.221466034760859
2001-12-03 05:30:00,15,6.0,5.99995235642178,0.0860190161287684,-2.0,5.858451074889955,6.141453637953604,5.831355084809394,6.168549628034166,3,12,2,6,5.778367370874072,6.221537341969487
2001-12-03 06:30:00,15,6.0,5.999934787673141,0.0860190161287684,2.0,5.858433506141316,6.141436069204965,5.831337516060755,6.168532059285527,3,12,2,6,5.778349802125433,6.221519773220848
2001-12-03 07:30:00,15,5.0,4.999937890429671,0.0860190161287684,3.0,4.858436608897846,5.141439171961495,4.8313406188172845,5.1685351620420565,3,12,2,6,4.778352904881964,5.221522875977379
2001-12-03 08:30:00,15,2.0,1.999978916133408,0.0860190161287684,5.0,1.858477634601584,2.141480197665232,1.8313816445210216,2.168576187745794,3,12,2,6,1.7783939305857006,2.2215639016811153
2001-12-03 09:30:00,15,-2.0,-1.99995704354112,0.0860190161287684,8.0,-2.141458325072944,-1.858455762009296,-2.1685543151535054,-1.831359771928733,3,12,2,6,-2.2215420290888273,-1.7783720579934126
2001-12-03 10:30:00,15,-3.0,-2.99992907193932,0.0860190161287684,10.0,-3.141430353471144,-2.858427790407496,-3.168526343551706,-2.831331800326934,3,12,2,6,-3.2215140574870276,-2.7783440863916127
2001-12-03 11:30:00,15,-1.0,-0.999940318286825,0.0860190161287684,6.0,-1.141441599818649,-0.8584390367550009,-1.168537589899211,-0.8313430466744389,3,12,2,6,-1.2215253038345324,-0.7783553327391175
2001-12-03 12:30:00,15,5.0,4.99998456643803,0.0860190161287684,6.0,4.858483284906206,5.141485847969855,4.831387294825644,5.168581838050416,3,12,2,6,4.778399580890323,5.221569551985738
2001-12-03 13:30:00,15,5.0,4.999967952018125,0.0860190161287684,5.0,4.8584666704863,5.141469233549949,4.831370680405739,5.168565223630511,3,12,2,6,4.778382966470417,5.221552937565832
2001-12-03 14:30:00,15,6.0,5.9999402228579015,0.0860190161287684,2.0,5.858438941326077,6.141441504389726,5.831342951245516,6.168537494470288,3,12,2,6,5.778355237310194,6.221525208405609
2001-12-03 15:30:00,15,6.0,5.999918596633812,0.0860190161287684,-2.0,5.858417315101987,6.141419878165636,5.831321325021426,6.168515868246198,3,12,2,6,5.778333611086104,6.221503582181519
2001-12-03 16:30:00,15,5.0,4.999903417511028,0.0860190161287684,-3.0,4.858402135979204,5.141404699042853,4.831306145898642,5.168500689123414,3,12,2,6,4.778318431963321,5.221488403058736
2001-12-03 17:30:00,15,1.0,0.9999199313339132,0.0860190161287684,-1.0,0.8584186498020893,1.1414212128657373,0.8313226597215273,1.1685172029462991,3,12,2,6,0.7783349457862058,1.2215049168816206
2001-12-03 18:30:00,15,1.0,0.9999244087231104,0.0860190161287684,5.0,0.8584231271912864,1.1414256902549345,0.8313271371107245,1.1685216803354963,3,12,2,6,0.778339423175403,1.2215093942708177
2001-12-03 19:30:00,15,-20.0,-19.999857266987377,0.0860190161287684,5.0,-20.1413585485192,-19.85835598545556,-20.168454538599764,-19.83125999537499,3,12,2,6,-20.221442252535084,-19.77827228143967
2001-12-03 20:30:00,15,-29.0,-28.999759366214537,0.0860190161287684,6.0,-29.14126064774636,-28.85825808468272,-29.168356637826925,-28.83116209460215,3,12,2,6,-29.221344351762244,-28.77817438066683
2001-12-03 21:30:00,15,-32.0,-31.99971981220314,0.0860190161287684,6.0,-32.14122109373496,-31.85821853067132,-32.16831708381552,-31.83112254059075,3,12,2,6,-32.22130479775085,-31.77813482665543
2001-12-03 22:30:00,15,-25.0,-24.999879435577675,0.0860190161287684,5.0,-25.1413807171095,-24.85837815404585,-25.168476707190063,-24.831282163965287,3,12,2,6,-25.221464421125383,-24.778294450029968
2001-12-03 23:30:00,15,-24.0,-23.999817593838973,0.0860190161287684,1.0,-24.1413188753708,-23.85831631230715,-24.16841486545136,-23.831220322226585,3,12,2,6,-24.22140257938668,-23.778232608291265
2001-12-04 00:30:00,15,-27.0,-27.00004147808056,0.0860190161287684,1.0,-27.14154275961238,-26.85854019654873,-27.168638749692946,-26.83144420646817,3,12,2,6,-27.22162646362827,-26.778456492532854
2001-12-04 01:30:00,15,-30.0,-30.000096706391453,0.0860190161287684,-20.0,-30.14159798792328,-29.85859542485963,-30.16869397800384,-29.831499434779065,3,12,2,6,-30.22168169193916,-29.778511720843746
2001-12-04 02:30:00,15,-28.0,-28.000083231188665,0.0860190161287684,-29.0,-28.141584512720488,-27.85858194965684,-28.168680502801053,-27.83148595957628,3,12,2,6,-28.221668216736372,-27.778498245640957
2001-12-04 03:30:00,15,-25.0,-24.999970825837984,0.0860190161287684,-32.0,-25.141472107369808,-24.85846954430616,-25.16856809745037,-24.8313735542256,3,12,2,6,-25.22155581138569,-24.778385840290277
2001-12-04 04:30:00,15,-23.0,-22.999978825946503,0.0860190161287684,-25.0,-23.14148010747833,-22.858477544414683,-23.16857609755889,-22.83138155433412,3,12,2,6,-23.22156381149421,-22.778393840398795
2001-12-04 05:30:00,15,-22.0,-22.00005184314941,0.0860190161287684,-24.0,-22.14155312468124,-21.858550561617594,-22.16864911476181,-21.83145457153703,3,12,2,6,-22.221636828697118,-21.778466857601703
2001-12-04 06:30:00,15,-22.0,-22.000039802282554,0.0860190161287684,-27.0,-22.14154108381437,-21.85853852075073,-22.168637073894946,-21.831442530670166,3,12,2,6,-22.22162478783026,-21.778454816734847
2001-12-04 07:30:00,15,-25.0,-25.00003813076325,0.0860190161287684,-30.0,-25.14153941229508,-24.858536849231434,-25.16863540237565,-24.83144085915087,3,12,2,6,-25.22162311631096,-24.778453145215543
2005-05-06 01:30:00,28,11.0,3.038988639444625,19.497630832997327,-28.0,-29.03461408083598,35.11259135972523,-35.176367793230135,41.254345072119385,3,12,2,6,-47.18690838635649,53.26488566524574
2005-05-06 02:30:00,28,6.0,4.4333417106331865,19.497630832997327,-25.0,-27.640261009647418,36.50694443091379,-33.78201472204157,42.648698143307946,3,12,2,6,-45.79255531516793,54.659238736434304
2005-05-06 03:30:00,28,5.0,4.937816619727293,19.497630832997327,-23.0,-27.13578610055331,37.0114193400079,-33.27753981294747,43.15317305240205,3,12,2,6,-45.288080406073824,55.16371364552841
2005-05-06 04:30:00,28,5.0,5.431861074557197,19.497630832997327,-22.0,-26.641741645723407,37.5054637948378,-32.78349535811756,43.64721750723196,3,12,2,6,-44.79403595124392,55.657758100358315
2005-05-06 05:30:00,28,6.0,5.672361578563319,19.497630832997327,-22.0,-26.40124114171729,37.74596429884392,-32.54299485411144,43.88771801123808,3,12,2,6,-44.5535354472378,55.898258604364436
2005-05-06 06:30:00,28,8.0,6.306828683535485,19.497630832997327,-25.0,-25.76677403674512,38.38043140381609,-31.908527749139274,44.522185116210245,3,12,2,6,-43.91906834226563,56.5327257093366
2005-05-06 07:30:00,28,8.0,7.183574944352543,19.497630832997327,11.0,-24.89002777592806,39.25717766463315,-31.031781488322217,45.3989313770273,3,12,2,6,-43.042322081448575,57.40947197015366
2005-05-06 08:30:00,28,9.0,6.6879574345361945,19.497630832997327,6.0,-25.38564528574441,38.7615601548168,-31.527398998138565,44.90331386721096,3,12,2,6,-43.53793959126492,56.91385446033731
2005-05-06 09:30:00,28,9.0,6.4687003448302605,19.497630832997327,5.0,-25.604902375450344,38.54230306511087,-31.7466560878445,44.68405677750502,3,12,2,6,-43.75719668097086,56.69459737063138
2005-05-06 10:30:00,28,9.0,6.640617563956383,19.497630832997327,5.0,-25.43298515632422,38.71422028423699,-31.574738868718377,44.85597399663114,3,12,2,6,-43.585279461844735,56.8665145897575
2005-05-06 11:30:00,28,9.0,6.696716816709937,19.497630832997327,6.0,-25.376885903570667,38.77031953699054,-31.518639615964823,44.9120732493847,3,12,2,6,-43.52918020909118,56.922613842511055
2005-05-06 12:30:00,28,8.0,5.908869678576494,19.497630832997327,8.0,-26.16473304170411,37.9824723988571,-32.306486754098266,44.12422611125125,3,12,2,6,-44.317027347224624,56.13476670437761
2005-05-06 13:30:00,28,17.0,6.141017212791383,19.497630832997327,8.0,-25.93258550748922,38.21461993307199,-32.07433921988338,44.35637364546614,3,12,2,6,-44.084879813009735,56.3669142385925
2005-05-06 14:30:00,28,17.0,6.003630702212618,19.497630832997327,9.0,-26.069972018067983,38.07723342249322,-32.21172573046214,44.21898713488738,3,12,2,6,-44.2222663235885,56.229527728013736
2005-05-06 15:30:00,28,20.0,5.9393506072651405,19.497630832997327,9.0,-26.134252113015464,38.01295332754575,-32.27600582540962,44.1547070399399,3,12,2,6,-44.28654641853598,56.16524763306626
2005-05-06 16:30:00,28,19.0,5.813716586524286,19.497630832997327,9.0,-26.25988613375632,37.88731930680489,-32.40163984615047,44.029073019199046,3,12,2,6,-44.41218043927683,56.039613612325404
2005-05-06 17:30:00,28,19.0,5.40141361512358,19.497630832997327,9.0,-26.672189105157024,37.475016335404185,-32.81394281755118,43.61677004779834,3,12,2,6,-44.82448341067754,55.6273106409247
2005-05-06 18:30:00,28,17.0,5.297066040582237,19.497630832997327,8.0,-26.776536679698367,37.37066876086284,-32.91829039209252,43.512422473257,3,12,2,6,-44.92883098521888,55.522963066383355
2005-05-06 19:30:00,28,20.0,6.030951176961942,19.497630832997327,17.0,-26.042651543318662,38.10455389724255,-32.18440525571282,44.2463076096367,3,12,2,6,-44.194945848839176,56.25684820276306
2005-05-06 20:30:00,28,21.0,5.200468989241571,19.497630832997327,17.0,-26.87313373103904,37.274071709522175,-33.01488744343319,43.41582542191633,3,12,2,6,-45.025428036559546,55.42636601504269
2005-05-06 21:30:00,28,17.0,6.932885442850655,19.497630832997327,20.0,-25.14071727742995,39.00648816313126,-31.282470989824105,45.14824187552541,3,12,2,6,-43.29301158295046,57.15878246865177
2005-05-06 22:30:00,28,17.0,8.403376287911847,19.497630832997327,19.0,-23.67022643236876,40.47697900819245,-29.81198014476292,46.61873272058661,3,12,2,6,-41.82252073788927,58.629273313712964
2005-05-06 23:30:00,28,13.0,7.81481465687532,19.497630832997327,19.0,-24.258788063405284,39.888417377155925,-30.40054177579944,46.03017108955008,3,12,2,6,-42.4110823689258,58.04071168267644
2005-05-07 00:30:00,28,10.0,10.356249943085828,19.497630832997327,17.0,-21.717352777194776,42.42985266336643,-27.85910648958893,48.57160637576059,3,12,2,6,-39.86964708271529,60.582146968886946
2005-05-07 01:30:00,28,13.0,9.96498478913297,19.497630832997327,20.0,-22.108617931147634,42.03858750941357,-28.25037164354179,48.18034122180773,3,12,2,6,-40.26091223666815,60.19088181493409
2005-05-07 02:30:00,28,12.0,8.530196076545216,19.497630832997327,21.0,-23.543406643735388,40.60379879682582,-29.685160356129543,46.745552509219976,3,12,2,6,-41.6957009492559,58.756093102346334
2005-05-07 03:30:00,28,11.0,9.685650386646977,19.497630832997327,17.0,-22.387952333633628,41.75925310692758,-28.529706046027783,47.901006819321736,3,12,2,6,-40.54024663915414,59.911547412448094
2005-05-07 04:30:00,28,9.0,3.1252723789137,19.497630832997327,17.0,-28.948330341366905,35.198875099194304,-35.09008405376106,41.34062881158846,3,12,2,6,-47.10062464688742,53.35116940471482
2005-05-07 05:30:00,28,10.0,2.8057222758472804,19.497630832997327,13.0,-29.267880444433324,34.879324996127885,-35.40963415682748,41.02107870852204,3,12,2,6,-47.42017474995384,53.0316193016484
2005-05-07 06:30:00,28,11.0,5.9153866206631776,19.497630832997327,10.0,-26.158216099617427,37.98898934094378,-32.29996981201158,44.13074305333794,3,12,2,6,-44.31051040513794,56.141283646464295
2005-05-07 07:30:00,28,11.0,5.912972052978823,19.497630832997327,13.0,-26.16063066730178,37.98657477325943,-32.30238437969594,44.12832848565358,3,12,2,6,-44.312924972822294,56.13886907877994
2005-05-07 08:30:00,28,10.0,6.117034100900831,19.497630832997327,12.0,-25.956568619379773,38.19063682118144,-32.09832233177393,44.33239053357559,3,12,2,6,-44.108862924900286,56.34293112670195
2005-05-07 09:30:00,28,10.0,6.3320166886071405,19.497630832997327,11.0,-25.741586031673464,38.40561940888775,-31.88333974406762,44.5473731212819,3,12,2,6,-43.89388033719398,56.55791371440826
2005-05-07 10:30:00,28,7.0,3.072192531096128,19.497630832997327,9.0,-29.00141018918448,35.14579525137673,-35.14316390157863,41.28754896377089,3,12,2,6,-47.15370449470499,53.298089556897246
2005-05-07 11:30:00,28,5.0,7.884880151620962,19.497630832997327,10.0,-24.18872256865964,39.958482871901566,-30.3304762810538,46.10023658429572,3,12,2,6,-42.341016874180156,58.11077717742208
2005-05-07 12:30:00,28,3.0,7.929862830382184,19.497630832997327,11.0,-24.14373988989842,40.00346555066279,-30.285493602292576,46.145219263056944,3,12,2,6,-42.29603419541893,58.1557598561833
2005-05-07 13:30:00,28,8.0,6.54703752689062,19.497630832997327,11.0,-25.526565193389985,38.62064024717122,-31.66831890578414,44.76239395956538,3,12,2,6,-43.6788594989105,56.77293455269174
2005-05-07 14:30:00,28,7.0,6.421575633747068,19.497630832997327,10.0,-25.652027086533536,38.49517835402767,-31.79378079892769,44.63693206642183,3,12,2,6,-43.80432139205405,56.647472659548185
2005-05-07 15:30:00,28,5.0,5.499024306759466,19.497630832997327,10.0,-26.57457841352113,37.57262702704007,-32.716332125915294,43.71438073943423,3,12,2,6,-44.72687271904165,55.724921332560584
2005-05-07 16:30:00,28,5.0,0.8215500858974707,19.497630832997327,7.0,-31.252052634383134,32.895152806178075,-37.39380634677729,39.03690651857223,3,12,2,6,-49.40434693990365,51.04744711169859
2005-05-07 17:30:00,28,8.0,3.905933189859845,19.497630832997327,5.0,-28.16766953042076,35.97953591014045,-34.30942324281492,42.12128962253461,3,12,2,6,-46.31996383594127,54.13183021566096
2005-05-07 18:30:00,28,15.0,3.84376643930144,19.497630832997327,3.0,-28.229836280979164,35.917369159582044,-34.37158999337332,42.0591228719762,3,12,2,6,-46.38213058649968,54.06966346510256
2005-05-07 19:30:00,28,25.0,1.5165104786765014,19.497630832997327,8.0,-30.557092241604103,33.590113198957106,-36.69884595399826,39.73186691135126,3,12,2,6,-48.709386547124616,51.74240750447762
2005-05-07 20:30:00,28,13.0,3.9468947766952382,19.497630832997327,7.0,-28.12670794358537,36.02049749697584,-34.26846165597952,42.16225120937,3,12,2,6,-46.27900224910588,54.172791802496356
2005-05-07 21:30:00,28,6.0,4.926157365671251,19.497630832997327,5.0,-27.14744535460936,36.999760085951856,-33.28919906700351,43.14151379834601,3,12,2,6,-45.299739660129866,55.15205439147237
2005-05-07 22:30:00,28,-2.0,4.44854870572248,19.497630832997327,5.0,-27.625054014558124,36.52215142600309,-33.76680772695228,42.66390513839724,3,12,2,6,-45.77734832007864,54.6744457315236
2005-05-07 23:30:00,28,-19.0,0.8293866728967956,19.497630832997327,8.0,-31.24421604738381,32.9029893931774,-37.38596975977797,39.04474310557156,3,12,2,6,-49.39651035290432,51.05528369869791
2005-05-08 00:30:00,28,-31.0,0.4353626960649777,19.497630832997327,15.0,-31.638240024215627,32.50896541634558,-37.77999373660978,38.65071912873974,3,12,2,6,-49.79053432973614,50.661259721866095
2005-05-08 01:30:00,28,-68.0,-3.4812095276243333,19.497630832997327,25.0,-35.554812247904934,28.59239319265627,-41.6965659602991,34.73414690505042,3,12,2,6,-53.70710655342545,46.74468749817679
2005-05-08 02:30:00,28,-82.0,-4.031467986939326,19.497630832997327,13.0,-36.10507070721993,28.04213473334128,-42.246824419614086,34.183888445735434,3,12,2,6,-54.25736501274044,46.19442903886179
2005-05-08 03:30:00,28,-82.0,3.703427462296759,19.497630832997327,6.0,-28.37017525798385,35.77703018257736,-34.511928970378,41.91878389497152,3,12,2,6,-46.52246956350436,53.929324488097876
2005-05-08 04:30:00,28,-81.0,-27.97674647066933,19.497630832997327,-2.0,-60.05034919094993,4.096856249611275,-66.1921029033441,10.23860996200543,3,12,2,6,-78.20264349647044,22.249150555131788
2005-05-08 05:30:00,28,-76.0,-39.87448540459993,19.497630832997327,-19.0,-71.94808812488054,-7.800882684319326,-78.08984183727469,-1.6591289719251705,3,12,2,6,-90.10038243040105,10.351411621201187
2005-05-08 06:30:00,28,-80.0,-62.38307728968236,19.497630832997327,-31.0,-94.45668000996297,-30.30947456940176,-100.59843372235711,-24.1677208570076,3,12,2,6,-112.60897431548348,-12.157180263881244
2005-05-08 07:30:00,28,-81.0,-74.81505516190626,19.497630832997327,-68.0,-106.88865788218686,-42.74145244162565,-113.030411594581,-36.5996987292315,3,12,2,6,-125.04095218770738,-24.58915813610514
2005-05-08 08:30:00,28,-65.0,-76.01647471247051,19.497630832997327,-82.0,-108.09007743275112,-43.94287199218991,-114.23183114514526,-37.80111827979575,3,12,2,6,-126.24237173827163,-25.790577686669394
2005-05-08 09:30:00,28,-56.0,-66.91369798211406,19.497630832997327,-82.0,-98.98730070239466,-34.840095261833454,-105.1290544147888,-28.6983415494393,3,12,2,6,-117.13959500791518,-16.68780095631294
2005-05-08 10:30:00,28,-40.0,-67.38491879567411,19.497630832997327,-81.0,-99.45852151595471,-35.311316075393506,-105.60027522834886,-29.16956236299935,3,12,2,6,-117.61081582147523,-17.159021769872993
2005-05-08 11:30:00,28,-33.0,-64.93920796951241,19.497630832997327,-76.0,-97.012810689793,-32.865605249231805,-103.15456440218716,-26.72385153683765,3,12,2,6,-115.16510499531353,-14.713310943711292
2005-05-08 12:30:00,28,-48.0,-62.933928632943605,19.497630832997327,-80.0,-95.0075313532242,-30.860325912663,-101.14928506561836,-24.718572200268845,3,12,2,6,-113.15982565874472,-12.708031607142487
2005-05-08 13:30:00,28,-62.0,-61.41539028162481,19.497630832997327,-81.0,-93.4889930019054,-29.341787561344205,-99.63074671429956,-23.20003384895005,3,12,2,6,-111.64128730742593,-11.189493255823692
2005-05-08 14:30:00,28,-85.0,-55.1392881728167,19.497630832997327,-65.0,-87.2128908930973,-23.06568545253609,-93.35464460549146,-16.92393174014194,3,12,2,6,-105.36518519861781,-4.913391147015581
2005-05-08 15:30:00,28,-83.0,-53.682691849915386,19.497630832997327,-56.0,-85.75629457019599,-21.609089129634786,-91.89804828259014,-15.467335417240626,3,12,2,6,-103.9085888757165,-3.4567948241142687
2005-05-08 16:30:00,28,-98.0,-48.279029226000205,19.497630832997327,-40.0,-80.35263194628081,-16.2054265057196,-86.49438565867496,-10.063672793325445,3,12,2,6,-98.50492625180132,1.9468677998009127
2005-05-08 17:30:00,28,-105.0,-58.36157417014974,19.497630832997327,-33.0,-90.43517689043034,-26.287971449869133,-96.57693060282448,-20.146217737474977,3,12,2,6,-108.58747119595085,-8.13567714434862
2005-05-08 18:30:00,28,-110.0,-72.11219287736068,19.497630832997327,-48.0,-104.18579559764127,-40.03859015708008,-110.32754931003544,-33.896836444685924,3,12,2,6,-122.3380899031618,-21.886295851559566
2005-05-08 19:30:00,28,-106.0,-104.5923812179944,19.497630832997327,-62.0,-136.665983938275,-72.51877849771378,-142.80773765066914,-66.37702478531963,3,12,2,6,-154.81827824379553,-54.36648419219328
2005-05-08 20:30:00,28,-104.0,-102.49917575779897,19.497630832997327,-85.0,-134.57277847807956,-70.42557303751835,-140.7145321904737,-64.2838193251242,3,12,2,6,-152.72507278360007,-52.27327873199785
2005-05-08 21:30:00,28,-94.0,-72.64039987893261,19.497630832997327,-83.0,-104.71400259921322,-40.56679715865201,-110.85575631160737,-34.42504344625785,3,12,2,6,-122.86629690473373,-22.414502853131495
2005-05-08 22:30:00,28,-81.0,-78.22644005950153,19.497630832997327,-98.0,-110.30004277978212,-46.15283733922092,-116.44179649217628,-40.01108362682677,3,12,2,6,-128.45233708530264,-28.00054303370041
2005-05-08 23:30:00,28,-70.0,-77.89842701623449,19.497630832997327,-105.0,-109.9720297365151,-45.82482429595389,-116.11378344890926,-39.68307058355973,3,12,2,6,-128.1243240420356,-27.672529990433375
2005-05-09 00:30:00,28,-64.0,-86.36694701979326,19.497630832997327,-110.0,-118.44054974007386,-54.293344299512654,-124.582303452468,-48.1515905871185,3,12,2,6,-136.59284404559438,-36.14104999399214
2005-05-09 01:30:00,28,-61.0,-89.56116665612201,19.497630832997327,-106.0,-121.63476937640262,-57.48756393584141,-127.77652308879678,-51.34581022344725,3,12,2,6,-139.78706368192314,-39.335269630320894
2005-05-09 02:30:00,28,-64.0,-88.35392584584349,19.497630832997327,-104.0,-120.4275285661241,-56.28032312556289,-126.56928227851824,-50.13856941316873,3,12,2,6,-138.5798228716446,-38.128028820042374
2005-05-09 03:30:00,28,-60.0,-84.21847425689788,19.497630832997327,-94.0,-116.29207697717848,-52.14487153661727,-122.43383068957264,-46.00311782422312,3,12,2,6,-134.444371282699,-33.99257723109676
2005-05-09 04:30:00,28,-56.0,-77.74439194193904,19.497630832997327,-81.0,-109.81799466221965,-45.67078922165844,-115.9597483746138,-39.52903550926428,3,12,2,6,-127.97028896774016,-27.518494916137925
2005-05-09 05:30:00,28,-51.0,-70.22145489415114,19.497630832997327,-70.0,-102.29505761443174,-38.14785217387053,-108.4368113268259,-32.00609846147638,3,12,2,6,-120.44735191995225,-19.99555786835002
2005-05-09 06:30:00,28,-53.0,-64.80868265621493,19.497630832997327,-64.0,-96.88228537649552,-32.73507993593432,-103.02403908888968,-26.593326223540167,3,12,2,6,-115.03457968201604,-14.58278563041381
2005-05-09 07:30:00,28,-53.0,-62.54621600134615,19.497630832997327,-61.0,-94.61981872162676,-30.47261328106555,-100.7615724340209,-24.3308595686714,3,12,2,6,-112.77211302714727,-12.320318975545035
2005-05-09 08:30:00,28,-51.0,-58.44705703815915,19.497630832997327,-64.0,-90.52065975843976,-26.373454317878547,-96.66241347083393,-20.23170060548439,3,12,2,6,-108.67295406396028,-8.221160012358034
2005-05-09 09:30:00,28,-47.0,-55.21566979411884,19.497630832997327,-60.0,-87.28927251439944,-23.14206707383824,-93.4310262267936,-17.00031336144408,3,12,2,6,-105.44156681991996,-4.989772768317721
2005-05-09 10:30:00,28,-43.0,-52.36145117101079,19.497630832997327,-56.0,-84.4350538912914,-20.287848450730188,-90.57680760368557,-14.146094738336032,3,12,2,6,-102.58734819681192,-2.1355541452096745
2005-05-09 11:30:00,28,-41.0,-50.49712043002046,19.497630832997327,-51.0,-82.57072315030106,-18.42351770973985,-88.71247686269521,-12.2817639973457,3,12,2,6,-100.72301745582158,-0.27122340421934155
2005-05-09 12:30:00,28,-39.0,-49.80439052402311,19.497630832997327,-53.0,-81.87799324430371,-17.7307878037425,-88.01974695669787,-11.589034091348346,3,12,2,6,-100.03028754982424,0.42150650177800486
2005-05-09 13:30:00,28,-37.0,-49.07379971860285,19.497630832997327,-53.0,-81.14740243888346,-17.000196998322245,-87.28915615127761,-10.85844328592809,3,12,2,6,-99.29969674440397,1.152097307198268
2005-05-09 14:30:00,28,-39.0,-48.87159880032665,19.497630832997327,-51.0,-80.94520152060726,-16.797996080046047,-87.08695523300142,-10.656242367651892,3,12,2,6,-99.09749582612777,1.3542982254744658
2005-05-09 15:30:00,28,-41.0,-47.68121095528662,19.497630832997327,-47.0,-79.75481367556722,-15.60760823500602,-85.89656738796138,-9.465854522611863,3,12,2,6,-97.90710798108773,2.5446860705144942
2005-05-09 16:30:00,28,-43.0,-45.709174956277046,19.497630832997327,-43.0,-77.78277767655766,-13.635572235996442,-83.9245313889518,-7.493818523602286,3,12,2,6,-95.93507198207817,4.5167220695240715
2005-05-09 17:30:00,28,-44.0,-44.31586301798605,19.497630832997327,-41.0,-76.38946573826665,-12.242260297705442,-82.53121945066081,-6.100506585311287,3,12,2,6,-94.54176004378716,5.910034007815071
2005-05-09 18:30:00,28,-44.0,-41.54975220874624,19.497630832997327,-39.0,-73.62335492902685,-9.476149488465635,-79.765108641421,-3.334395776071481,3,12,2,6,-91.77564923454736,8.676144817054876
2005-05-09 19:30:00,28,-42.0,-38.96387632617296,19.497630832997327,-37.0,-71.03747904645357,-6.890273605892354,-77.17923275884772,-0.748519893498198,3,12,2,6,-89.18977335197408,11.26202069962816
2005-05-09 20:30:00,28,-43.0,-37.8645042353646,19.497630832997327,-39.0,-69.9381069556452,-5.790901515083995,-76.07986066803936,0.3508521973101608,3,12,2,6,-88.09040126116571,12.361392790436518
2005-05-09 21:30:00,28,-44.0,-37.69604690047727,19.497630832997327,-41.0,-69.76964962075787,-5.622444180196666,-75.91140333315204,0.5193095321974894,3,12,2,6,-87.92194392627839,12.529850125323847
2005-05-09 22:30:00,28,-52.0,-38.77051846320808,19.497630832997327,-43.0,-70.84412118348868,-6.696915742927473,-76.98587489588283,-0.5551620305333174,3,12,2,6,-88.9964154890092,11.45537856259304
2005-05-09 23:30:00,28,-49.0,-38.64765163265994,19.497630832997327,-44.0,-70.72125435294055,-6.574048912379332,-76.8630080653347,-0.4322951999851767,3,12,2,6,-88.87354865846106,11.57824539314118
2005-05-10 00:30:00,28,-49.0,-42.60249535181156,19.497630832997327,-44.0,-74.67609807209216,-10.528892631530953,-80.81785178448632,-4.387138919136795,3,12,2,6,-92.82839237761269,7.623401673989555
2005-05-10 01:30:00,28,-52.0,-38.03929323610541,19.497630832997327,-42.0,-70.11289595638601,-5.965690515824804,-76.25464966878016,0.176063196569352,3,12,2,6,-88.26519026190653,12.18660378969571
2005-05-10 02:30:00,28,-52.0,-37.69057168895341,19.497630832997327,-43.0,-69.76417440923402,-5.616968968672808,-75.90592812162816,0.524784743721348,3,12,2,6,-87.91646871475453,12.535325336847706
2005-05-10 03:30:00,28,-55.0,-39.52033108015814,19.497630832997327,-44.0,-71.59393380043875,-7.4467283598775325,-77.7356875128329,-1.3049746474833768,3,12,2,6,-89.74622810595926,10.70556594564298
2005-05-10 04:30:00,28,-55.0,-45.88321627776708,19.497630832997327,-52.0,-77.95681899804768,-13.809613557486472,-84.09857271044183,-7.667859845092316,3,12,2,6,-96.1091133035682,4.342680748034034
2005-05-10 05:30:00,28,-54.0,-45.32917101131147,19.497630832997327,-49.0,-77.40277373159208,-13.255568291030867,-83.54452744398623,-7.113814578636713,3,12,2,6,-95.55506803711259,4.896726014489644
2005-05-10 06:30:00,28,-52.0,-45.93744005690838,19.497630832997327,-49.0,-78.01104277718898,-13.863837336627777,-84.15279648958314,-7.722083624233619,3,12,2,6,-96.16333708270949,4.2884569688927385
2005-05-10 07:30:00,28,-51.0,-45.39306262383449,19.497630832997327,-52.0,-77.46666534411509,-13.319459903553884,-83.60841905650925,-7.177706191159729,3,12,2,6,-95.6189596496356,4.832834401966629
2005-05-10 08:30:00,28,-44.0,-45.28088204828544,19.497630832997327,-52.0,-77.35448476856604,-13.20727932800483,-83.49623848096019,-7.0655256156106745,3,12,2,6,-95.50677907408655,4.945014977515676
2005-05-10 09:30:00,28,-39.0,-45.74342356681772,19.497630832997327,-55.0,-77.81702628709832,-13.669820846537114,-83.95877999949248,-7.528067134142958,3,12,2,6,-95.96932059261883,4.482473458983399
2005-05-10 10:30:00,28,-39.0,-46.403137248057845,19.497630832997327,-55.0,-78.47673996833845,-14.32953452777724,-84.6184936807326,-8.187780815383086,3,12,2,6,-96.62903427385896,3.822759777743272
2005-05-10 11:30:00,28,-38.0,-44.34231568276565,19.497630832997327,-54.0,-76.41591840304625,-12.26871296248504,-82.5576721154404,-6.126959250090884,3,12,2,6,-94.56821270856676,5.883581343035466
2005-05-10 12:30:00,28,-39.0,-41.90897174633777,19.497630832997327,-52.0,-73.98257446661837,-9.835369026057164,-80.12432817901254,-3.6936153136630097,3,12,2,6,-92.13486877213889,8.316925279463348
2005-05-10 13:30:00,28,-33.0,-41.133407824800585,19.497630832997327,-51.0,-73.20701054508119,-9.05980510451998,-79.34876425747535,-2.9180513921258253,3,12,2,6,-91.3593048506017,9.092489201000532
2005-05-10 14:30:00,28,-31.0,-39.001877975766575,19.497630832997327,-44.0,-71.07548069604718,-6.928275255485971,-77.21723440844133,-0.7865215430918155,3,12,2,6,-89.2277750015677,11.224019050034542
2005-05-10 15:30:00,28,-32.0,-36.67800360523027,19.497630832997327,-39.0,-68.75160632551088,-4.604400884949669,-74.89336003790504,1.5373528274444863,3,12,2,6,-86.90390063103139,13.547893420570844
2005-05-10 16:30:00,28,-32.0,-36.0754437571098,19.497630832997327,-39.0,-68.14904647739041,-4.001841036829198,-74.29080018978456,2.1399126755649576,3,12,2,6,-86.30134078291093,14.150453268691315
2005-05-10 17:30:00,28,-32.0,-34.66801914883596,19.497630832997327,-38.0,-66.74162186911656,-2.5944164285553555,-72.88337558151072,3.5473372838388,3,12,2,6,-84.89391617463707,15.557877876965158
2005-05-10 18:30:00,28,-31.0,-33.74425067652925,19.497630832997327,-39.0,-65.81785339680985,-1.6706479562486436,-71.959607109204,4.471105756145512,3,12,2,6,-83.97014770233037,16.48164634927187
2005-05-10 19:30:00,28,-29.0,-32.77393155062965,19.497630832997327,-33.0,-64.84753427091024,-0.7003288303490436,-70.98928798330441,5.441424882045112,3,12,2,6,-82.99982857643076,17.45196547517147
2005-05-10 20:30:00,28,-34.0,-31.45269625071247,19.497630832997327,-31.0,-63.52629897099308,0.6209064695681334,-69.66805268338723,6.762660181962289,3,12,2,6,-81.6785932765136,18.773200775088647
2005-05-10 21:30:00,28,-38.0,-31.810421625132985,19.497630832997327,-32.0,-63.88402434541359,0.263181095147619,-70.02577805780774,6.404934807541775,3,12,2,6,-82.0363186509341,18.415475400668132
2005-05-10 22:30:00,28,-34.0,-29.9181297122256,19.497630832997327,-32.0,-61.9917324325062,2.155473008055008,-68.13348614490036,8.297226720449164,3,12,2,6,-80.14402673802672,20.307767313575518
2005-05-10 23:30:00,28,-31.0,-29.232707758297668,19.497630832997327,-32.0,-61.30631047857827,2.8408949619829365,-67.44806419097243,8.982648674377092,3,12,2,6,-79.45860478409878,20.99318926750345
2005-05-11 00:30:00,28,-27.0,-28.442948091305325,19.497630832997327,-31.0,-60.51655081158593,3.630654628975279,-66.65830452398009,9.772408341369434,3,12,2,6,-78.66884511710644,21.782948934495792
2005-05-11 01:30:00,28,-24.0,-27.258920600051663,19.497630832997327,-29.0,-59.33252332033227,4.814682120228941,-65.47427703272642,10.956435832623097,3,12,2,6,-77.48481762585278,22.966976425749454
2005-05-11 02:30:00,28,-17.0,-27.463712994931665,19.497630832997327,-34.0,-59.53731571521227,4.609889725348939,-65.67906942760642,10.751643437743096,3,12,2,6,-77.68961002073279,22.762184030869452
2005-05-11 03:30:00,28,-16.0,-29.4473305515124,19.497630832997327,-38.0,-61.520933271793,2.6262721687682102,-67.66268698418716,8.768025881162366,3,12,2,6,-79.67322757731353,20.778566474288716
2005-05-11 04:30:00,28,-17.0,-29.079774778757155,19.497630832997327,-34.0,-61.15337749903776,2.993827941523449,-67.29513121143191,9.135581653917605,3,12,2,6,-79.30567180455827,21.146122247043962
2005-05-11 05:30:00,28,-18.0,-29.52926089716641,19.497630832997327,-31.0,-61.60286361744701,2.5443418231141983,-67.74461732984116,8.686095535508354,3,12,2,6,-79.75515792296753,20.696636128634708
2005-05-11 06:30:00,28,-17.0,-28.757837600608728,19.497630832997327,-27.0,-60.83144032088933,3.3157651196718767,-66.97319403328349,9.457518832066032,3,12,2,6,-78.98373462640984,21.46805942519239
2005-05-11 07:30:00,28,-22.0,-26.69021221390101,19.497630832997327,-24.0,-58.76381493418161,5.383390506379595,-64.90556864657577,11.52514421877375,3,12,2,6,-76.91610923970212,23.535684811900108
2005-05-11 08:30:00,28,-28.0,-24.73426177792528,19.497630832997327,-17.0,-56.80786449820589,7.339340942355324,-62.94961821060004,13.48109465474948,3,12,2,6,-74.9601588037264,25.491635247875838
2005-05-11 09:30:00,28,-31.0,-23.804617359532244,19.497630832997327,-16.0,-55.87822007981285,8.26898536074836,-62.01997379220701,14.410739073142516,3,12,2,6,-74.03051438533336,26.421279666268873
2005-05-11 10:30:00,28,-34.0,-21.86031422430719,19.497630832997327,-17.0,-53.93391694458779,10.213288495973416,-60.07567065698195,16.35504220836757,3,12,2,6,-72.0862112501083,28.36558280149393
2005-05-11 11:30:00,28,-32.0,-21.75798675837305,19.497630832997327,-18.0,-53.831589478653655,10.315615961907554,-59.97334319104781,16.45736967430171,3,12,2,6,-71.98388378417417,28.467910267428067
2005-05-11 12:30:00,28,-26.0,-25.45256936674928,19.497630832997327,-17.0,-57.526172087029884,6.621033353531324,-63.66792579942404,12.76278706592548,3,12,2,6,-75.6784663925504,24.773327659051837
2005-05-11 13:30:00,28,-23.0,-24.847532494923907,19.497630832997327,-22.0,-56.92113521520452,7.226070225356697,-63.06288892759866,13.367823937750853,3,12,2,6,-75.07342952072503,25.37836453087721
2005-05-11 14:30:00,28,-21.0,-27.4318251622012,19.497630832997327,-28.0,-59.5054278824818,4.641777558079411,-65.64718159487595,10.783531270473569,3,12,2,6,-77.65772218800231,22.794071863599918
2005-05-11 15:30:00,28,-26.0,-26.083718234151263,19.497630832997327,-31.0,-58.15732095443187,5.989884486129341,-64.29907466682602,12.131638198523495,3,12,2,6,-76.30961525995238,24.142178791649854
2005-05-11 16:30:00,28,-28.0,-27.35616312988221,19.497630832997327,-34.0,-59.42976585016281,4.717439590398396,-65.57151956255697,10.859193302792551,3,12,2,6,-77.58206015568332,22.86973389591891
2005-05-11 17:30:00,28,-25.0,-27.086757142834955,19.497630832997327,-32.0,-59.16035986311556,4.986845577445649,-65.30211357550971,11.128599289839803,3,12,2,6,-77.31265416863607,23.139139882966163
2005-05-11 18:30:00,28,-26.0,-26.4967981704009,19.497630832997327,-26.0,-58.57040089068151,5.576804549879704,-64.71215460307566,11.71855826227386,3,12,2,6,-76.72269519620201,23.729098855400217
2005-05-11 19:30:00,28,-23.0,-25.0292490337908,19.497630832997327,-23.0,-57.1028517540714,7.044353686489806,-63.24460546646556,13.186107398883962,3,12,2,6,-75.25514605959192,25.196647992010316
2005-05-11 20:30:00,28,-19.0,-24.23892517078508,19.497630832997327,-21.0,-56.312527891065685,7.834677549495524,-62.45428160345984,13.97643126188968,3,12,2,6,-74.4648221965862,25.986971855016037
2005-05-11 21:30:00,28,-23.0,-23.32486547193097,19.497630832997327,-26.0,-55.39846819221157,8.748737248349634,-61.54022190460573,14.89049096074379,3,12,2,6,-73.55076249773208,26.901031553870148
2005-05-11 22:30:00,28,-22.0,-23.373851312659973,19.497630832997327,-28.0,-55.44745403294058,8.699751407620631,-61.58920774533473,14.841505120014787,3,12,2,6,-73.5997483384611,26.852045713141145
2005-05-11 23:30:00,28,-23.0,-26.83071016986709,19.497630832997327,-25.0,-58.90431289014769,5.242892550413515,-65.04606660254186,11.38464626280767,3,12,2,6,-77.0566071956682,23.39518685593403
2005-05-12 00:30:00,28,-22.0,-28.28023491731264,19.497630832997327,-26.0,-60.35383763759325,3.793367802967964,-66.4955913499874,9.93512151536212,3,12,2,6,-78.50613194311376,21.945662108488477
2005-05-12 01:30:00,28,-23.0,-25.58499166960868,19.497630832997327,-23.0,-57.65859438988928,6.488611050671928,-63.80034810228344,12.630364763066083,3,12,2,6,-75.8108886954098,24.640905356192437
2005-05-12 02:30:00,28,-20.0,-27.239324351231204,19.497630832997327,-19.0,-59.31292707151181,4.8342783690494,-65.45468078390596,10.976032081443556,3,12,2,6,-77.46522137703232,22.986572674569913
2005-05-12 03:30:00,28,-24.0,-29.528124137825905,19.497630832997327,-23.0,-61.6017268581065,2.5454785824547024,-67.74348057050067,8.687232294848858,3,12,2,6,-79.75402116362702,20.697772887975212
2005-05-12 04:30:00,28,-32.0,-28.866880433498658,19.497630832997327,-22.0,-60.94048315377926,3.2067222867819467,-67.08223686617342,9.348475999176102,3,12,2,6,-79.09277745929978,21.35901659230246
2005-05-12 05:30:00,28,-27.0,-27.604551620100736,19.497630832997327,-23.0,-59.67815434038134,4.469051100179868,-65.8199080527755,10.610804812574024,3,12,2,6,-77.83044864590185,22.62134540570038
2005-05-12 06:30:00,28,-22.0,-24.254664087963256,19.497630832997327,-22.0,-56.32826680824386,7.818938632317348,-62.470020520638016,13.960692344711504,3,12,2,6,-74.48056111376437,25.97123293783786
2005-05-12 07:30:00,28,-23.0,-20.996642488901752,19.497630832997327,-23.0,-53.07024520918236,11.076960231378852,-59.21199892157651,17.218713943773007,3,12,2,6,-71.22253951470287,29.229254536899365
2005-05-12 08:30:00,28,-31.0,-20.94349092125197,19.497630832997327,-20.0,-53.017093641532576,11.130111799028631,-59.15884735392673,17.27186551142279,3,12,2,6,-71.16938794705308,29.282406104549146
2005-05-12 09:30:00,28,-30.0,-30.10911663707072,19.497630832997327,-24.0,-62.18271935735132,1.964486083209892,-68.32447306974547,8.106239795604047,3,12,2,6,-80.33501366287183,20.116780388730398
2005-05-12 10:30:00,28,-27.0,-26.81413810730476,19.497630832997327,-32.0,-58.88774082758536,5.259464612975844,-65.02949453997952,11.40121832537,3,12,2,6,-77.04003513310587,23.411758918496357
2005-05-12 11:30:00,28,-23.0,-21.566115886595966,19.497630832997327,-27.0,-53.63971860687657,10.507486833684638,-59.781472319270726,16.649240546078794,3,12,2,6,-71.79201291239708,28.65978113920515
2005-05-12 12:30:00,28,-20.0,-22.496314938358083,19.497630832997327,-22.0,-54.56991765863869,9.577287781922522,-60.71167137103284,15.719041494316675,3,12,2,6,-72.7222119641592,27.729582087443035
2005-05-12 13:30:00,28,-17.0,-22.62861531750272,19.497630832997327,-23.0,-54.702218037783325,9.444987402777883,-60.84397175017748,15.58674111517204,3,12,2,6,-72.85451234330384,27.597281708298397
2005-05-12 14:30:00,28,-15.0,-28.38369914258728,19.497630832997327,-31.0,-60.45730186286788,3.689903577693325,-66.59905557526204,9.83165729008748,3,12,2,6,-78.60959616838839,21.84219788321384
2005-05-12 15:30:00,28,-20.0,-27.314094666969726,19.497630832997327,-30.0,-59.38769738725033,4.759508053310878,-65.52945109964449,10.901261765705032,3,12,2,6,-77.53999169277084,22.91180235883139
2005-05-12 16:30:00,28,-23.0,-26.58774130830246,19.497630832997327,-27.0,-58.66134402858306,5.485861411978146,-64.80309774097722,11.6276151243723,3,12,2,6,-76.81363833410357,23.63815571749866
2005-05-12 17:30:00,28,-23.0,-24.902577466143995,19.497630832997327,-23.0,-56.9761801864246,7.171025254136609,-63.11793389881876,13.312778966530765,3,12,2,6,-75.12847449194511,25.323319559657122
2005-05-12 18:30:00,28,-20.0,-23.85400363599108,19.497630832997327,-20.0,-55.92760635627168,8.21959908428953,-62.06936006866583,14.361352796683686,3,12,2,6,-74.0799006617922,26.371893389810037
2005-05-12 19:30:00,28,-23.0,-22.06808777354599,19.497630832997327,-17.0,-54.141690493826594,10.005514946734614,-60.28344420622075,16.14726865912877,3,12,2,6,-72.2939847993471,28.157809252255127
2005-05-12 20:30:00,28,-21.0,-22.74660400413013,19.497630832997327,-15.0,-54.82020672441074,9.32699871615047,-60.961960436804894,15.468752428544626,3,12,2,6,-72.97250102993125,27.479293021670987
2005-05-12 21:30:00,28,-24.0,-23.86425000935261,19.497630832997327,-20.0,-55.937852729633214,8.209352710927995,-62.07960644202737,14.35110642332215,3,12,2,6,-74.09014703515373,26.361647016448508
2005-05-12 22:30:00,28,-20.0,-25.81404210240269,19.497630832997327,-23.0,-57.8876448226833,6.259560617877909,-64.02939853507746,12.401314330272063,3,12,2,6,-76.03993912820381,24.411854923398426
2005-05-12 23:30:00,28,-12.0,-25.20148182017864,19.497630832997327,-23.0,-57.27508454045925,6.872120900101965,-63.4168382528534,13.01387461249612,3,12,2,6,-75.42737884597976,25.02441520562248
2005-05-13 00:30:00,28,-21.0,-26.67521918297781,19.497630832997327,-20.0,-58.74882190325841,5.398383537302799,-64.89057561565257,11.540137249696954,3,12,2,6,-76.90111620877893,23.55067784282331
2005-05-13 01:30:00,28,-23.0,-24.06460892327158,19.497630832997327,-23.0,-56.13821164355218,8.008993797009023,-62.279965355946345,14.150747509403178,3,12,2,6,-74.2905059490727,26.161288102529536
2005-05-13 02:30:00,28,-32.0,-27.558371220141627,19.497630832997327,-21.0,-59.63197394042223,4.515231500138977,-65.77372765281639,10.656985212533131,3,12,2,6,-77.78426824594274,22.66752580565949
2005-05-13 03:30:00,28,-32.0,-27.33612580409367,19.497630832997327,-24.0,-59.40972852437427,4.737476916186935,-65.55148223676844,10.879230628581093,3,12,2,6,-77.56202282989479,22.88977122170745
2005-05-13 04:30:00,28,-38.0,-21.73572253179444,19.497630832997327,-20.0,-53.80932525207504,10.337880188486167,-59.9510789644692,16.479633900880323,3,12,2,6,-71.96161955759555,28.490174494006677
2005-05-13 05:30:00,28,-37.0,-20.881587143411668,19.497630832997327,-12.0,-52.95518986369227,11.192015576868936,-59.09694357608643,17.333769289263092,3,12,2,6,-71.10748416921278,29.34430988238945
2005-05-13 06:30:00,28,-42.0,-29.009818059090367,19.497630832997327,-21.0,-61.08342077937097,3.063784661190237,-67.22517449176513,9.205538373584393,3,12,2,6,-79.23571508489148,21.21607896671075
2005-05-13 07:30:00,28,-41.0,-33.229376989430165,19.497630832997327,-23.0,-65.30297970971077,-1.1557742691495605,-71.44473342210492,4.985979443244595,3,12,2,6,-83.45527401523128,16.996520036370953
2005-05-13 08:30:00,28,-38.0,-35.29110341993872,19.497630832997327,-32.0,-67.36470614021933,-3.217500699658117,-73.50645985261349,2.924253012736038,3,12,2,6,-85.51700044573984,14.934793605862396
2005-05-13 09:30:00,28,-38.0,-29.51644456315073,19.497630832997327,-32.0,-61.59004728343133,2.557158157129873,-67.7318009958255,8.698911869524029,3,12,2,6,-79.74234158895185,20.709452462650386
2005-05-13 10:30:00,28,-38.0,-33.72310288867201,19.497630832997327,-38.0,-65.7967056089526,-1.6495001683914057,-71.93845932134677,4.49225354400275,3,12,2,6,-83.94899991447312,16.502794137129108
2005-05-13 11:30:00,28,-33.0,-32.02531665487747,19.497630832997327,-37.0,-64.09891937515808,0.0482860654031327,-70.24067308755224,6.190039777797288,3,12,2,6,-82.25121368067859,18.200580370923646
2005-05-13 12:30:00,28,-30.0,-35.11497445366615,19.497630832997327,-42.0,-67.18857717394675,-3.041371733385546,-73.3303308863409,3.10038197900861,3,12,2,6,-85.34087147946727,15.110922572134967
2005-05-13 13:30:00,28,-21.0,-34.58964819868793,19.497630832997327,-41.0,-66.66325091896854,-2.516045478407328,-72.80500463136269,3.625708233986828,3,12,2,6,-84.81554522448906,15.636248827113185
2005-05-13 14:30:00,28,-23.0,-33.2134145454416,19.497630832997327,-38.0,-65.2870172657222,-1.1398118251609972,-71.42877097811636,5.001941887233159,3,12,2,6,-83.43931157124271,17.012482480359516
2005-05-13 15:30:00,28,-24.0,-31.344239428618213,19.497630832997327,-38.0,-63.41784214889881,0.7293632916623913,-69.55959586129298,6.871117004056547,3,12,2,6,-81.57013645441933,18.881657597182905
2005-05-13 16:30:00,28,-27.0,-29.71425503236523,19.497630832997327,-38.0,-61.78785775264584,2.359347687915374,-67.92961146503998,8.50110140030953,3,12,2,6,-79.94015205816635,20.511641993435887
2005-05-13 17:30:00,28,-26.0,-30.5168725711094,19.497630832997327,-33.0,-62.59047529139,1.5567301491712089,-68.73222900378416,7.698483861565364,3,12,2,6,-80.74276959691052,19.70902445469172
2005-05-13 18:30:00,28,-25.0,-30.53755985787733,19.497630832997327,-30.0,-62.61116257815793,1.5360428624032745,-68.7529162905521,7.67779657479743,3,12,2,6,-80.76345688367844,19.688337167923788
2005-05-13 19:30:00,28,-26.0,-29.703344652890497,19.497630832997327,-21.0,-61.7769473731711,2.3702580673901075,-67.91870108556526,8.512011779784263,3,12,2,6,-79.92924167869161,20.52255237291062
2005-05-13 20:30:00,28,-24.0,-36.50852306740344,19.497630832997327,-23.0,-68.58212578768405,-4.434920347122834,-74.7238795000782,1.706833365271322,3,12,2,6,-86.73442009320456,13.71737395839768
2005-05-13 21:30:00,28,-27.0,-30.68465753256977,19.497630832997327,-24.0,-62.75826025285038,1.388945187710835,-68.90001396524453,7.530698900104991,3,12,2,6,-80.91055455837089,19.54123949323135
2005-05-13 22:30:00,28,-23.0,-30.50786695084508,19.497630832997327,-27.0,-62.58146967112568,1.5657357694355305,-68.72322338351984,7.707489481829686,3,12,2,6,-80.7337639766462,19.718030074956037
2005-05-13 23:30:00,28,-22.0,-28.625718911705683,19.497630832997327,-26.0,-60.69932163198629,3.4478838085749217,-66.84107534438044,9.589637520969076,3,12,2,6,-78.8516159375068,21.600178114095435
2005-05-14 00:30:00,28,-20.0,-27.160375159935995,19.497630832997327,-25.0,-59.2339778802166,4.913227560344609,-65.37573159261075,11.054981272738765,3,12,2,6,-77.38627218573711,23.065521865865122
2005-05-14 01:30:00,28,-18.0,-26.63177728527853,19.497630832997327,-26.0,-58.705380005559135,5.441825435002073,-64.84713371795328,11.583579147396229,3,12,2,6,-76.85767431107965,23.594119740522586
2005-05-14 02:30:00,28,-16.0,-25.154352327773303,19.497630832997327,-24.0,-57.22795504805391,6.919250392507301,-63.36970876044806,13.061004104901455,3,12,2,6,-75.38024935357441,25.071544698027814
2005-05-14 03:30:00,28,-17.0,-23.825853601849204,19.497630832997327,-27.0,-55.89945632212981,8.2477491184314,-62.04121003452397,14.389502830825556,3,12,2,6,-74.05175062765032,26.400043423951914
2005-05-14 04:30:00,28,-17.0,-23.0751083282478,19.497630832997327,-23.0,-55.1487110485284,8.998494392032807,-61.29046476092256,15.140248104426965,3,12,2,6,-73.30100535404893,27.150788697553317
2005-05-14 05:30:00,28,-17.0,-22.065741339702235,19.497630832997327,-22.0,-54.13934405998284,10.007861380578367,-60.281097772377,16.149615092972525,3,12,2,6,-72.29163836550336,28.160155686098882
2005-05-14 06:30:00,28,-18.0,-20.83654947944575,19.497630832997327,-20.0,-52.91015219972636,11.237053240834854,-59.05190591212051,17.37880695322901,3,12,2,6,-71.06244650524687,29.389347546355367
2005-05-14 07:30:00,28,-18.0,-20.189122600793496,19.497630832997327,-18.0,-52.2627253210741,11.884480119487108,-58.404479033468256,18.026233831881264,3,12,2,6,-70.41501962659461,30.03677442500762
2005-05-14 08:30:00,28,-16.0,-19.62111826432902,19.497630832997327,-16.0,-51.69472098460962,12.452484455951584,-57.83647469700378,18.59423816834574,3,12,2,6,-69.84701529013014,30.604778761472097
2005-05-14 09:30:00,28,-16.0,-19.12579002450258,19.497630832997327,-17.0,-51.19939274478318,12.947812695778024,-57.34114645717735,19.08956640817218,3,12,2,6,-69.3516870503037,31.100107001298536
2005-05-14 10:30:00,28,-20.0,-19.38459342968833,19.497630832997327,-17.0,-51.45819614996893,12.689009290592274,-57.59994986236309,18.83076300298643,3,12,2,6,-69.61049045548944,30.841303596112787
2005-05-14 11:30:00,28,-19.0,-19.13856093595785,19.497630832997327,-17.0,-51.21216365623846,12.935041784322747,-57.353917368632615,19.076795496716905,3,12,2,6,-69.36445796175897,31.087336089843266
2005-05-14 12:30:00,28,-19.0,-19.29993892574093,19.497630832997327,-18.0,-51.373541646021536,12.773663794539672,-57.51529535841569,18.915417506933828,3,12,2,6,-69.52583595154205,30.92595810006019
2005-05-14 13:30:00,28,-19.0,-19.80907442859806,19.497630832997327,-18.0,-51.88267714887866,12.264528291682543,-58.02443086127282,18.4062820040767,3,12,2,6,-70.03497145439917,30.41682259720306
2005-05-14 14:30:00,28,-20.0,-20.208826429362265,19.497630832997327,-16.0,-52.28242914964287,11.86477629091834,-58.42418286203703,18.006530003312495,3,12,2,6,-70.43472345516338,30.017070596438852
2005-05-14 15:30:00,28,-21.0,-19.741093590308616,19.497630832997327,-16.0,-51.81469631058922,12.332509129971989,-57.956450022983375,18.474262842366144,3,12,2,6,-69.96699061610974,30.484803435492502
2005-05-14 16:30:00,28,-21.0,-18.535629041207805,19.497630832997327,-20.0,-50.60923176148841,13.5379736790728,-56.750985473882565,19.679727391466955,3,12,2,6,-68.76152606700893,31.690267984593312
2005-05-14 17:30:00,28,-20.0,-19.50865559077328,19.497630832997327,-19.0,-51.58225831105389,12.564947129507324,-57.72401202344804,18.70670084190148,3,12,2,6,-69.7345526165744,30.717241435027837
2005-05-14 18:30:00,28,-23.0,-17.351321842608527,19.497630832997327,-19.0,-49.42492456288913,14.722280877672077,-55.56667827528329,20.86403459006624,3,12,2,6,-67.57721886840964,32.87457518319259
2005-05-14 19:30:00,28,-28.0,-16.803865238071815,19.497630832997327,-19.0,-48.87746795835242,15.26973748220879,-55.019221670746575,21.411491194602945,3,12,2,6,-67.02976226387293,33.4220317877293
2005-05-14 20:30:00,28,-26.0,-15.439175489484724,19.497630832997327,-20.0,-47.51277820976533,16.63442723079588,-53.654531922159485,22.776180943190035,3,12,2,6,-65.66507251528584,34.78672153631639
2005-05-14 21:30:00,28,-19.0,-14.52929108019569,19.497630832997327,-21.0,-46.602893800476295,17.544311640084914,-52.74464751287045,23.68606535247907,3,12,2,6,-64.75518810599681,35.69660594560543
2005-05-14 22:30:00,28,-14.0,-15.553396494260117,19.497630832997327,-21.0,-47.62699921454072,16.520206226020488,-53.76875292693488,22.661959938414643,3,12,2,6,-65.77929352006123,34.672500531541004
2005-05-14 23:30:00,28,-11.0,-15.64717734685606,19.497630832997327,-20.0,-47.720780067136666,16.426425373424543,-53.86253377953082,22.5681790858187,3,12,2,6,-65.87307437265717,34.578719678945056
2005-05-15 00:30:00,28,-14.0,-18.41782443548305,19.497630832997327,-23.0,-50.49142715576366,13.655778284797549,-56.633180868157815,19.797531997191705,3,12,2,6,-68.64372146128417,31.80807259031807
2005-05-15 01:30:00,28,-12.0,-23.93685080016682,19.497630832997327,-28.0,-56.01045352044743,8.136751920113785,-62.152207232841576,14.27850563250794,3,12,2,6,-74.16274782596794,26.289046225634298
2005-05-15 02:30:00,28,11.0,-24.69740495615329,19.497630832997327,-26.0,-56.7710076764339,7.3761977641273155,-62.912761388828045,13.517951476521471,3,12,2,6,-74.92330198195441,25.52849206964783
2005-05-15 03:30:00,28,52.0,-22.06030617175136,19.497630832997327,-19.0,-54.13390889203197,10.013296548529244,-60.27566260442612,16.1550502609234,3,12,2,6,-72.28620319755248,28.165590854049757
2005-05-15 04:30:00,28,42.0,-18.29692511899851,19.497630832997327,-14.0,-50.37052783927911,13.776677601282096,-56.51228155167327,19.91843131367625,3,12,2,6,-68.52282214479962,31.92897190680261
2005-05-15 05:30:00,28,37.0,-17.831481337922853,19.497630832997327,-11.0,-49.90508405820346,14.242121382357752,-56.04683777059761,20.383875094751907,3,12,2,6,-68.05737836372397,32.394415687878265
2005-05-15 06:30:00,28,-58.0,-17.313397590667165,19.497630832997327,-14.0,-49.38700031094777,14.76020512961344,-55.528754023341925,20.901958842007595,3,12,2,6,-67.53929461646828,32.91249943513395
2005-05-15 07:30:00,28,-229.0,-20.56387067738872,19.497630832997327,-12.0,-52.63747339766932,11.50973204289189,-58.779227110063474,17.651485755286046,3,12,2,6,-70.78976770318984,29.662026348412397
2005-05-15 08:30:00,28,-247.0,-15.296491273966822,19.497630832997327,11.0,-47.37009399424743,16.777111446313782,-53.51184770664158,22.918865158707938,3,12,2,6,-65.52238829976794,34.929405751834295
2005-05-15 09:30:00,28,-222.0,-27.66229564767294,19.497630832997327,52.0,-59.735898367953546,4.411307072607663,-65.8776520803477,10.55306078500182,3,12,2,6,-77.88819267347407,22.563601378128176
2005-05-15 10:30:00,28,-184.0,-35.39826958388586,19.497630832997327,42.0,-67.47187230416647,-3.324666863605259,-73.61362601656063,2.8170868487888967,3,12,2,6,-85.62416660968698,14.827627441915254
2005-05-15 11:30:00,28,-175.0,-44.8489027409183,19.497630832997327,37.0,-76.92250546119891,-12.775300020637694,-83.06425917359306,-6.633546308243538,3,12,2,6,-95.07479976671942,5.376994284882819
2005-05-15 12:30:00,28,-162.0,-266.34080393442395,19.497630832997327,-58.0,-298.4144066547045,-234.2672012141433,-304.5561603670987,-228.1254475017492,3,12,2,6,-316.56670096022503,-216.11490690862283
2005-05-15 13:30:00,28,-157.0,-313.1553028366982,19.497630832997327,-229.0,-345.2289055569788,-281.08170011641755,-351.37065926937294,-274.93994640402343,3,12,2,6,-363.38119986249933,-262.92940581089704
2005-05-15 14:30:00,28,-146.0,-241.2941156201529,19.497630832997327,-247.0,-273.3677183404335,-209.22051289987232,-279.5094720528277,-203.07875918747817,3,12,2,6,-291.520012645954,-191.06821859435178
2005-05-15 15:30:00,28,-135.0,-181.9586536591725,19.497630832997327,-222.0,-214.0322563794532,-149.88505093889194,-220.1740100918473,-143.7432972264978,3,12,2,6,-232.18455068497363,-131.7327566333714
2005-05-15 16:30:00,28,-118.0,-155.86607981312594,19.497630832997327,-184.0,-187.9396825334065,-123.79247709284532,-194.0814362458007,-117.65072338045118,3,12,2,6,-206.09197683892705,-105.64018278732482
2005-05-15 17:30:00,28,-100.0,-146.02741935373223,19.497630832997327,-175.0,-178.10102207401283,-113.95381663345162,-184.24277578640692,-107.81206292105747,3,12,2,6,-196.25331637953335,-95.80152232793111
2005-05-15 18:30:00,28,-105.0,-133.51087423669009,19.497630832997327,-162.0,-165.5844769569707,-101.43727151640948,-171.72623066936484,-95.29551780401532,3,12,2,6,-183.7367712624912,-83.28497721088897
2005-05-15 19:30:00,28,-115.0,-127.06919016060095,19.497630832997327,-157.0,-159.14279288088156,-94.99558744032036,-165.2845465932757,-88.8538337279262,3,12,2,6,-177.29508718640207,-76.84329313479984
2005-05-15 20:30:00,28,-120.0,-123.94392675227968,19.497630832997327,-146.0,-156.01752947256028,-91.87032403199908,-162.15928318495443,-85.72857031960493,3,12,2,6,-174.1698237780808,-73.71802972647856
2005-05-15 21:30:00,28,-108.0,-119.26690436636062,19.497630832997327,-135.0,-151.34050708664122,-87.19330164608002,-157.48226079903537,-81.05154793368587,3,12,2,6,-169.49280139216174,-69.0410073405595
2005-05-15 22:30:00,28,-94.0,-113.02691558373058,19.497630832997327,-118.0,-145.1005183040112,-80.95331286344998,-151.24227201640534,-74.81155915105583,3,12,2,6,-163.2528126095317,-62.80101855792947
2005-05-15 23:30:00,28,-102.0,-106.95920740070989,19.497630832997327,-100.0,-139.0328101209905,-74.88560468042928,-145.17456383338464,-68.74385096803513,3,12,2,6,-157.185104426511,-56.73331037490877
2005-05-16 00:30:00,28,-99.0,-109.0518534462141,19.497630832997327,-105.0,-141.1254561664947,-76.97825072593349,-147.26720987888885,-70.83649701353934,3,12,2,6,-159.2777504720152,-58.82595642041298
2005-05-16 01:30:00,28,-101.0,-106.47258355785247,19.497630832997327,-115.0,-138.5461862781331,-74.39898083757188,-144.68793999052724,-68.25722712517774,3,12,2,6,-156.69848058365358,-56.246686532051356
2005-05-16 02:30:00,28,-99.0,-103.45528240361588,19.497630832997327,-120.0,-135.5288851238965,-71.38167968333528,-141.67063883629064,-65.23992597094113,3,12,2,6,-153.681179429417,-53.229385377814765
2005-05-16 03:30:00,28,-99.0,-97.31341591409152,19.497630832997327,-108.0,-129.3870186343721,-65.2398131938109,-135.52877234676626,-59.09805948141675,3,12,2,6,-147.53931293989262,-47.087518888290404
2005-05-16 04:30:00,28,-97.0,-89.50813223086485,19.497630832997327,-94.0,-121.58173495114544,-57.43452951058424,-127.7234886635396,-51.292775798190085,3,12,2,6,-139.73402925666596,-39.28223520506373
2005-05-16 05:30:00,28,-91.0,-88.44633445898319,19.497630832997327,-102.0,-120.5199371792638,-56.37273173870258,-126.66169089165794,-50.23097802630843,3,12,2,6,-138.6722314847843,-38.22043743318207
2005-05-16 06:30:00,28,-97.0,-87.8931307052255,19.497630832997327,-99.0,-119.9667334255061,-55.8195279849449,-126.10848713790024,-49.67777427255074,3,12,2,6,-138.11902773102662,-37.667233679424385
2005-05-16 07:30:00,28,-87.0,-91.23845924669558,19.497630832997327,-101.0,-123.3120619669762,-59.16485652641498,-129.45381567937034,-53.02310281402082,3,12,2,6,-141.4643562724967,-41.012562220894466
2005-05-16 08:30:00,28,-87.0,-86.23126265989892,19.497630832997327,-99.0,-118.30486538017952,-54.15765993961831,-124.44661909257368,-48.01590622722416,3,12,2,6,-136.45715968570005,-36.0053656340978
2005-05-16 09:30:00,28,-88.0,-85.68782714728803,19.497630832997327,-99.0,-117.76142986756864,-53.61422442700743,-123.9031835799628,-47.47247071461327,3,12,2,6,-135.91372417308915,-35.461930121486915
2005-05-16 10:30:00,28,-86.0,-83.35792233419352,19.497630832997327,-97.0,-115.43152505447412,-51.28431961391291,-121.57327876686828,-45.14256590151876,3,12,2,6,-133.58381935999464,-33.1320253083924
2005-05-16 11:30:00,28,-88.0,-91.24958060201006,19.497630832997327,-91.0,-123.32318332229066,-59.17597788172945,-129.46493703468482,-53.034224169335296,3,12,2,6,-141.4754776278112,-41.02368357620894
2005-05-16 12:30:00,28,-85.0,-91.05682638096629,19.497630832997327,-97.0,-123.13042910124688,-58.98322366068567,-129.27218281364102,-52.84146994829151,3,12,2,6,-141.2827234067674,-40.83092935516517
2005-05-16 13:30:00,28,-83.0,-74.19379406870476,19.497630832997327,-87.0,-106.26739678898537,-42.12019134842416,-112.40915050137951,-35.97843763603,3,12,2,6,-124.41969109450588,-23.967897042903644
2005-05-16 14:30:00,28,-81.0,-70.97515143884792,19.497630832997327,-87.0,-103.04875415912852,-38.90154871856731,-109.19050787152268,-32.75979500617316,3,12,2,6,-121.20104846464903,-20.7492544130468
2005-05-16 15:30:00,28,-82.0,-70.48421006209158,19.497630832997327,-88.0,-102.55781278237218,-38.41060734181097,-108.69956649476634,-32.26885362941682,3,12,2,6,-120.7101070878927,-20.25831303629046
2005-05-16 16:30:00,28,-78.0,-69.43220443796747,19.497630832997327,-86.0,-101.50580715824807,-37.35860171768687,-107.64756087064222,-31.21684800529271,3,12,2,6,-119.65810146376859,-19.206307412166353
2005-05-16 17:30:00,28,-74.0,-71.0714496575544,19.497630832997327,-88.0,-103.145052377835,-38.99784693727379,-109.28680609022916,-32.85609322487964,3,12,2,6,-121.29734668335551,-20.84555263175328
2005-05-16 18:30:00,28,-70.0,-71.29238738199508,19.497630832997327,-85.0,-103.36599010227567,-39.21878466171448,-109.50774381466984,-33.077030949320324,3,12,2,6,-121.5182844077962,-21.066490356193967
2005-05-16 19:30:00,28,-71.0,-70.87631911940343,19.497630832997327,-83.0,-102.94992183968404,-38.80271639912283,-109.0916755520782,-32.66096268672867,3,12,2,6,-121.10221614520455,-20.650422093602316
2005-05-16 20:30:00,28,-74.0,-70.24711385945429,19.497630832997327,-81.0,-102.32071657973488,-38.17351113917368,-108.46247029212904,-32.03175742677953,3,12,2,6,-120.4730108852554,-20.02121683365317
2005-05-16 21:30:00,28,-77.0,-72.06697591381423,19.497630832997327,-82.0,-104.14057863409484,-39.99337319353363,-110.282332346489,-33.85161948113947,3,12,2,6,-122.29287293961535,-21.841078888013115
2005-05-16 22:30:00,28,-76.0,-67.18794744849646,19.497630832997327,-78.0,-99.26155016877706,-35.114344728215855,-105.4033038811712,-28.9725910158217,3,12,2,6,-117.41384447429758,-16.96205042269534
2005-05-16 23:30:00,28,-71.0,-63.59234298989023,19.497630832997327,-74.0,-95.66594571017085,-31.518740269609623,-101.80769942256498,-25.376986557215467,3,12,2,6,-113.81824001569134,-13.36644596408911
2005-05-17 00:30:00,28,-66.0,-60.83174384975565,19.497630832997327,-70.0,-92.90534657003626,-28.75814112947505,-99.04710028243042,-22.61638741708089,3,12,2,6,-111.05764087555676,-10.60584682395453
2005-05-17 01:30:00,28,-65.0,-59.78613563466456,19.497630832997327,-71.0,-91.85973835494516,-27.71253291438395,-98.00149206733931,-21.5707792019898,3,12,2,6,-110.01203266046568,-9.560238608863443
2005-05-17 02:30:00,28,-67.0,-61.1827646151952,19.497630832997327,-74.0,-93.2563673354758,-29.109161894914592,-99.39812104786996,-22.96740818252044,3,12,2,6,-111.40866164099631,-10.95686758939408
2005-05-17 03:30:00,28,-68.0,-62.81655195555104,19.497630832997327,-77.0,-94.89015467583164,-30.74294923527044,-101.0319083882258,-24.60119552287628,3,12,2,6,-113.04244898135215,-12.590654929749924
2005-05-17 04:30:00,28,-74.0,-62.27537561765473,19.497630832997327,-76.0,-94.34897833793534,-30.201772897374127,-100.49073205032948,-24.06001918497997,3,12,2,6,-112.50127264345585,-12.049478591853614
2005-05-17 05:30:00,28,-80.0,-59.9664512461423,19.497630832997327,-71.0,-92.0400539664229,-27.89284852586169,-98.18180767881704,-21.75109481346754,3,12,2,6,-110.19234827194342,-9.740554220341181
2005-05-17 06:30:00,28,-76.0,-58.77448915078529,19.497630832997327,-66.0,-90.84809187106588,-26.70088643050469,-96.98984558346004,-20.559132718110533,3,12,2,6,-109.0003861765864,-8.548592124984175
2005-05-17 07:30:00,28,-72.0,-59.492782395642855,19.497630832997327,-65.0,-91.56638511592344,-27.41917967536225,-97.70813882831762,-21.277425962968096,3,12,2,6,-109.71867942144397,-9.266885369841738
2005-05-17 08:30:00,28,-69.0,-59.28051081759404,19.497630832997327,-67.0,-91.35411353787464,-27.20690809731343,-97.4958672502688,-21.065154384919275,3,12,2,6,-109.50640784339515,-9.054613791792924
2005-05-17 09:30:00,28,-65.0,-58.11567077211724,19.497630832997327,-68.0,-90.18927349239785,-26.04206805183664,-96.331027204792,-19.90031433944248,3,12,2,6,-108.34156779791836,-7.8897737463161235
2005-05-17 10:30:00,28,-64.0,-60.05716248991972,19.497630832997327,-74.0,-92.13076521020032,-27.983559769639115,-98.27251892259449,-21.84180605724496,3,12,2,6,-110.28305951572084,-9.831265464118601
2005-05-17 11:30:00,28,-63.0,-64.79001398389103,19.497630832997327,-80.0,-96.86361670417163,-32.716411263610425,-103.0053704165658,-26.57465755121627,3,12,2,6,-115.01591100969215,-14.564116958089912
2005-05-17 12:30:00,28,-65.0,-63.37523510448947,19.497630832997327,-76.0,-95.44883782477008,-31.301632384208865,-101.59059153716424,-25.15987867181471,3,12,2,6,-113.60113213029058,-13.149338078688352
2005-05-17 13:30:00,28,-66.0,-60.28682134595697,19.497630832997327,-72.0,-92.36042406623758,-28.21321862567637,-98.50217777863172,-22.071464913282213,3,12,2,6,-110.5127183717581,-10.060924320155856
2005-05-17 14:30:00,28,-64.0,-57.41715307566066,19.497630832997327,-69.0,-89.49075579594127,-25.34355035538006,-95.63250950833545,-19.201796642985904,3,12,2,6,-107.64305010146177,-7.19125604985954
2005-05-17 15:30:00,28,-59.0,-54.01576114135312,19.497630832997327,-65.0,-86.08936386163373,-21.94215842107252,-92.23111757402788,-15.800404708678364,3,12,2,6,-104.24165816715424,-3.7898641155519996
2005-05-17 16:30:00,28,-63.0,-52.14433491829628,19.497630832997327,-64.0,-84.21793763857688,-20.07073219801568,-90.35969135097103,-13.92897848562152,3,12,2,6,-102.3702319440974,-1.918437892495163
2005-05-17 17:30:00,28,-69.0,-52.84589473096904,19.497630832997327,-63.0,-84.91949745124964,-20.77229201068844,-91.0612511636438,-14.630538298294285,3,12,2,6,-103.07179175677015,-2.6199977051679255
2005-05-17 18:30:00,28,-72.0,-55.44757109024315,19.497630832997327,-65.0,-87.52117381052375,-23.373968369962547,-93.66292752291793,-17.23221465756839,3,12,2,6,-105.67346811604426,-5.221674064442034
2005-05-17 19:30:00,28,-70.0,-54.96837144534989,19.497630832997327,-66.0,-87.04197416563049,-22.894768725069284,-93.18372787802464,-16.753015012675128,3,12,2,6,-105.194268471151,-4.7424744195487705
2005-05-17 20:30:00,28,-64.0,-53.50502867689882,19.497630832997327,-64.0,-85.57863139717942,-21.431425956618213,-91.72038510957358,-15.289672244224056,3,12,2,6,-103.73092570269993,-3.2791316510976998
2005-05-17 21:30:00,28,-63.0,-50.25631631205799,19.497630832997327,-59.0,-82.3299190323386,-18.182713591777382,-88.47167274473276,-12.04095987938323,3,12,2,6,-100.48221333785911,-0.030419286256872624
2005-05-17 22:30:00,28,-61.0,-59.189801964477695,19.497630832997327,-63.0,-91.2634046847583,-27.11619924419709,-97.40515839715246,-20.97444553180293,3,12,2,6,-109.41569899027881,-8.963904938676578
2005-05-17 23:30:00,28,-58.0,-57.23792521497141,19.497630832997327,-69.0,-89.31152793525202,-25.164322494690808,-95.45328164764618,-19.02256878229665,3,12,2,6,-107.46382224077253,-7.0120281891702945
2005-05-18 00:30:00,28,-59.0,-53.00999090239282,19.497630832997327,-72.0,-85.08359362267342,-20.936388182112218,-91.22534733506758,-14.794634469718062,3,12,2,6,-103.23588792819393,-2.7840938765917045
2005-05-18 01:30:00,28,-63.0,-53.32265709689776,19.497630832997327,-70.0,-85.39625981717836,-21.24905437661716,-91.53801352957252,-15.107300664222995,3,12,2,6,-103.54855412269887,-3.0967600710966394
2005-05-18 02:30:00,28,-64.0,-52.19830409203324,19.497630832997327,-64.0,-84.27190681231384,-20.12470137175264,-90.413660524708,-13.98294765935848,3,12,2,6,-102.42420111783436,-1.9724070662321225
2005-05-18 03:30:00,28,-64.0,-51.494651255590526,19.497630832997327,-63.0,-83.56825397587113,-19.42104853530992,-89.71000768826528,-13.279294822915766,3,12,2,6,-101.72054828139164,-1.2687542297894083
2005-05-18 04:30:00,28,-62.0,-49.63022608348778,19.497630832997327,-61.0,-81.70382880376839,-17.55662336320718,-87.84558251616255,-11.414869650813024,3,12,2,6,-99.85612310928889,0.5956709423133404
2005-05-18 05:30:00,28,-59.0,-47.32778398947648,19.497630832997327,-58.0,-79.40138670975708,-15.254181269195875,-85.54314042215124,-9.11242755680172,3,12,2,6,-97.55368101527759,2.898113036324638
2005-05-18 06:30:00,28,-55.0,-47.65428374428391,19.497630832997327,-59.0,-79.7278864645645,-15.580681024003304,-85.86964017695867,-9.438927311609149,3,12,2,6,-97.88018077008502,2.571613281517209
2005-05-18 07:30:00,28,-53.0,-50.70187696498435,19.497630832997327,-63.0,-82.77547968526495,-18.628274244703743,-88.91723339765912,-12.48652053230959,3,12,2,6,-100.92777399078547,-0.4759799391832331
2005-05-18 08:30:00,28,-53.0,-50.58164942426149,19.497630832997327,-64.0,-82.65525214454209,-18.508046703980888,-88.79700585693625,-12.366292991586732,3,12,2,6,-100.8075464500626,-0.35575239846037476
2005-05-18 09:30:00,28,-49.0,-51.531989795568855,19.497630832997327,-64.0,-83.60559251584945,-19.45838707528825,-89.74734622824361,-13.316633362894096,3,12,2,6,-101.75788682136996,-1.3060927697677371
2005-05-18 10:30:00,28,-49.0,-51.87453327684135,19.497630832997327,-62.0,-83.94813599712195,-19.800930556560743,-90.08988970951611,-13.659176844166588,3,12,2,6,-102.10043030264247,-1.6486362510402301
2005-05-18 11:30:00,28,-49.0,-51.07600107903936,19.497630832997327,-59.0,-83.14960379931996,-19.00239835875876,-89.29135751171412,-12.860644646364598,3,12,2,6,-101.30189810484048,-0.8501040532382405
2005-05-18 12:30:00,28,-50.0,-48.42769128953269,19.497630832997327,-55.0,-80.5012940098133,-16.354088569252085,-86.64304772220746,-10.212334856857929,3,12,2,6,-98.6535883153338,1.7982057362684287
2005-05-18 13:30:00,28,-49.0,-48.71121532555021,19.497630832997327,-53.0,-80.7848180458308,-16.637612605269602,-86.92657175822497,-10.495858892875448,3,12,2,6,-98.93711235135132,1.514681700250911
2005-05-18 14:30:00,28,-48.0,-46.3176531847179,19.497630832997327,-53.0,-78.3912559049985,-14.244050464437294,-84.53300961739265,-8.102296752043138,3,12,2,6,-96.54355021051902,3.9082438410832196
2005-05-18 15:30:00,28,-46.0,-44.49975386309939,19.497630832997327,-49.0,-76.57335658337999,-12.426151142818789,-82.71511029577415,-6.284397430424633,3,12,2,6,-94.7256508889005,5.7261431627017245
2005-05-18 16:30:00,28,-49.0,-45.238263733326015,19.497630832997327,-49.0,-77.31186645360663,-13.16466101304541,-83.45362016600077,-7.022907300651255,3,12,2,6,-95.46416075912714,4.987633292475103
2005-05-18 17:30:00,28,-48.0,-47.80844074229412,19.497630832997327,-49.0,-79.88204346257473,-15.734838022013513,-86.02379717496888,-9.593084309619355,3,12,2,6,-98.03433776809524,2.4174562835070006
2005-05-18 18:30:00,28,-49.0,-49.415033117607,19.497630832997327,-50.0,-81.4886358378876,-17.34143039732639,-87.63038955028176,-11.199676684932236,3,12,2,6,-99.64093014340813,0.8108639081941149
2005-05-18 19:30:00,28,-49.0,-45.33930860959416,19.497630832997327,-49.0,-77.41291132987476,-13.265705889313551,-83.55466504226891,-7.123952176919396,3,12,2,6,-95.56520563539527,4.886588416206955
2005-05-18 20:30:00,28,-49.0,-42.35257564317538,19.497630832997327,-48.0,-74.42617836345599,-10.278972922894772,-80.56793207585014,-4.137219210500618,3,12,2,6,-92.5784726689765,7.87332138262574
2005-05-18 21:30:00,28,-45.0,-38.497455960048725,19.497630832997327,-46.0,-70.57105868032933,-6.423853239768121,-76.71281239272349,-0.2820995273739655,3,12,2,6,-88.72335298584984,11.728441065752392
2005-05-18 22:30:00,28,-41.0,-37.249494720870615,19.497630832997327,-49.0,-69.32309744115122,-5.175892000590011,-75.46485115354537,0.9658617118041448,3,12,2,6,-87.47539174667173,12.976402304930502
2005-05-18 23:30:00,28,-39.0,-36.53102725658732,19.497630832997327,-48.0,-68.60462997686793,-4.457424536306718,-74.74638368926207,1.684329176087438,3,12,2,6,-86.75692428238844,13.694869769213796
2005-05-19 00:30:00,28,-39.0,-36.797282651172175,19.497630832997327,-49.0,-68.87088537145277,-4.723679930891571,-75.01263908384693,1.418073781502585,3,12,2,6,-87.02317967697329,13.428614374628943
2005-05-19 01:30:00,28,-40.0,-37.443749679403375,19.497630832997327,-49.0,-69.51735239968397,-5.370146959122771,-75.65910611207813,0.7716067532713851,3,12,2,6,-87.66964670520449,12.782147346397743
2005-05-19 02:30:00,28,-36.0,-38.48634446621117,19.497630832997327,-49.0,-70.55994718649177,-6.412741745930568,-76.70170089888593,-0.2709880335364119,3,12,2,6,-88.71224149201228,11.739552559589946
2005-05-19 03:30:00,28,-32.0,-38.849854642764576,19.497630832997327,-45.0,-70.92345736304517,-6.776251922483972,-77.06521107543934,-0.6344982100898164,3,12,2,6,-89.07575166856569,11.376042383036541
2005-05-19 04:30:00,28,-26.0,-38.78623138194708,19.497630832997327,-41.0,-70.85983410222768,-6.712628661666471,-77.00158781462184,-0.5708749492723157,3,12,2,6,-89.01212840774821,11.439665643854035
2005-05-19 05:30:00,28,-29.0,-37.47389442137855,19.497630832997327,-39.0,-69.54749714165915,-5.400291701097942,-75.68925085405331,0.741462011296214,3,12,2,6,-87.69979144717968,12.752002604422565
2005-05-19 06:30:00,28,-31.0,-37.572110249098685,19.497630832997327,-39.0,-69.64571296937929,-5.498507528818081,-75.78746668177345,0.6432461835760748,3,12,2,6,-87.7980072748998,12.653786776702432
2005-05-19 07:30:00,28,-30.0,-37.66469875948417,19.497630832997327,-40.0,-69.73830147976477,-5.591096039203563,-75.88005519215892,0.5506576731905923,3,12,2,6,-87.89059578528529,12.56119826631695
2005-05-19 08:30:00,28,-32.0,-36.431269153642056,19.497630832997327,-36.0,-68.50487187392267,-4.357666433361452,-74.64662558631682,1.784087279032704,3,12,2,6,-86.65716617944318,13.794627872159062
2005-05-19 09:30:00,28,-34.0,-35.04540307868116,19.497630832997327,-32.0,-67.11900579896177,-2.971800358400557,-73.26075951135593,3.1699533539935985,3,12,2,6,-85.27130010448228,15.180493947119956
2005-05-19 10:30:00,28,-39.0,-36.219554599623386,19.497630832997327,-26.0,-68.293157319904,-4.145951879342782,-74.43491103229815,1.9958018330513736,3,12,2,6,-86.44545162542451,14.006342426177731
2005-05-19 11:30:00,28,-43.0,-36.54779206619871,19.497630832997327,-29.0,-68.62139478647931,-4.474189345918106,-74.76314849887348,1.66756436647605,3,12,2,6,-86.77368909199983,13.678104959602408
2005-05-19 12:30:00,28,-37.0,-39.62854106649655,19.497630832997327,-31.0,-71.70214378677716,-7.554938346215941,-77.8438974991713,-1.4131846338217855,3,12,2,6,-89.85443809229767,10.597355959304565
2005-05-19 13:30:00,28,-28.0,-37.81072990050514,19.497630832997327,-30.0,-69.88433262078574,-5.737127180224533,-76.0260863331799,0.4046265321696225,3,12,2,6,-88.03662692630625,12.41516712529598
2005-05-19 14:30:00,28,-25.0,-36.879104371163656,19.497630832997327,-32.0,-68.95270709144427,-4.805501650883052,-75.09446080383842,1.3362520615111038,3,12,2,6,-87.10500139696478,13.346792654637461
2005-05-19 15:30:00,28,-26.0,-36.06051497520295,19.497630832997327,-34.0,-68.13411769548355,-3.986912254922345,-74.2758714078777,2.154841457471811,3,12,2,6,-86.28641200100407,14.165382050598168
2005-05-19 16:30:00,28,-30.0,-33.90158187477995,19.497630832997327,-39.0,-65.97518459506055,-1.8279791544993456,-72.11693830745472,4.31377455789481,3,12,2,6,-84.12747890058107,16.324315151021167
2005-05-19 17:30:00,28,-31.0,-35.46463074929793,19.497630832997327,-43.0,-67.53823346957853,-3.391028029017328,-73.67998718197269,2.750725683376828,3,12,2,6,-85.69052777509904,14.761266276503186
2005-05-19 18:30:00,28,-31.0,-32.072405804877185,19.497630832997327,-37.0,-64.14600852515778,0.001196915403419,-70.28776223755195,6.142950627797575,3,12,2,6,-82.2983028306783,18.153491220923932
2005-05-19 19:30:00,28,-29.0,-28.40669013013228,19.497630832997327,-28.0,-60.48029285041288,3.666912590148328,-66.62204656280704,9.808666302542484,3,12,2,6,-78.6325871559334,21.819206895668838
2005-05-19 20:30:00,28,-21.0,-26.45337420265968,19.497630832997327,-25.0,-58.52697692294028,5.62022851762093,-64.66873063533444,11.761982230015086,3,12,2,6,-76.6792712284608,23.772522823141436
2005-05-19 21:30:00,28,-16.0,-25.657065319656155,19.497630832997327,-26.0,-57.73066803993676,6.416537400624449,-63.87242175233092,12.558291113018605,3,12,2,6,-75.88296234545727,24.568831706144962
2005-05-19 22:30:00,28,-10.0,-25.73820913781695,19.497630832997327,-30.0,-57.81181185809756,6.335393582463656,-63.953565570491705,12.477147294857811,3,12,2,6,-75.96410616361807,24.48768788798417
2005-05-19 23:30:00,28,-11.0,-24.2985076167229,19.497630832997327,-31.0,-56.37211033700351,7.775095103557703,-62.51386404939766,13.91684881595186,3,12,2,6,-74.52440464252402,25.927389409078216
2005-05-20 00:30:00,28,-12.0,-24.251123518913225,19.497630832997327,-31.0,-56.32472623919383,7.822479201367379,-62.46647995158799,13.964232913761537,3,12,2,6,-74.47702054471435,25.974773506887892
2005-05-20 01:30:00,28,-12.0,-24.348406689982024,19.497630832997327,-29.0,-56.42200941026263,7.72519603029858,-62.56376312265678,13.866949742692736,3,12,2,6,-74.57430371578315,25.877490335819093
2005-05-20 02:30:00,28,-10.0,-23.664662083629874,19.497630832997327,-21.0,-55.73826480391048,8.40894063665073,-61.88001851630463,14.550694349044884,3,12,2,6,-73.890559109431,26.561234942171243
2005-05-20 03:30:00,28,-3.0,-22.72406246086697,19.497630832997327,-16.0,-54.79766518114758,9.34954025941363,-60.939418893541735,15.491293971807783,3,12,2,6,-72.94995948666809,27.501834564934146
2005-05-20 04:30:00,28,8.0,-20.802807689052685,19.497630832997327,-10.0,-52.87641040933329,11.27079503122792,-59.018164121727445,17.412548743622075,3,12,2,6,-71.0287047148538,29.423089336748433
2005-05-20 05:30:00,28,-18.0,-19.448898626577083,19.497630832997327,-11.0,-51.52250134685769,12.62470409370352,-57.66425505925184,18.76645780609768,3,12,2,6,-69.67479565237821,30.776998399224034
2005-05-20 06:30:00,28,-54.0,-19.97196929283234,19.497630832997327,-12.0,-52.04557201311295,12.101633427448265,-58.1873257255071,18.24338713984242,3,12,2,6,-70.19786631863346,30.253927732968776
2005-05-20 07:30:00,28,-74.0,-20.202463684914825,19.497630832997327,-12.0,-52.27606640519543,11.87113903536578,-58.41782011758959,18.012892747759935,3,12,2,6,-70.42836071071594,30.023433340886292
2005-05-20 08:30:00,28,-83.0,-19.0287638494992,19.497630832997327,-10.0,-51.10236656977981,13.044838870781405,-57.24412028217396,19.18659258317556,3,12,2,6,-69.25466087530032,31.197133176301918
2005-05-20 09:30:00,28,-81.0,-14.894836306988015,19.497630832997327,-3.0,-46.968439027268616,17.17876641329259,-53.11019273966278,23.320520125686745,3,12,2,6,-65.12073333278913,35.331060718813106
2005-05-20 10:30:00,28,-72.0,-19.21451582425836,19.497630832997327,8.0,-51.28811854453896,12.859086896022248,-57.42987225693312,19.000840608416404,3,12,2,6,-69.44041285005947,31.011381201542758
2005-05-20 11:30:00,28,-63.0,-42.9796113782002,19.497630832997327,-18.0,-75.0532140984808,-10.906008657919593,-81.19496781087496,-4.764254945525437,3,12,2,6,-93.2055084040013,7.246285647600921
2005-05-20 12:30:00,28,-65.0,-79.12054251971307,19.497630832997327,-54.0,-111.19414523999367,-47.04693979943247,-117.33589895238782,-40.90518608703831,3,12,2,6,-129.3464395455142,-28.894645493911952
2005-05-20 13:30:00,28,-63.0,-71.96639841178599,19.497630832997327,-74.0,-104.0400011320666,-39.89279569150538,-110.18175484446076,-33.75104197911123,3,12,2,6,-122.1922954375871,-21.74050138598487
2005-05-20 14:30:00,28,-49.0,-82.66807795611203,19.497630832997327,-83.0,-114.74168067639263,-50.59447523583143,-120.88343438878678,-44.45272152343727,3,12,2,6,-132.89397498191315,-32.44218093031091
2005-05-20 15:30:00,28,-39.0,-64.12259878800225,19.497630832997327,-81.0,-96.19620150828284,-32.048996067721646,-102.337955220677,-25.90724235532749,3,12,2,6,-114.34849581380337,-13.896701762201133
2005-05-20 16:30:00,28,-36.0,-59.10769949122638,19.497630832997327,-72.0,-91.181302211507,-27.034096770945773,-97.32305592390114,-20.892343058551617,3,12,2,6,-109.3335965170275,-8.88180246542526
2005-05-20 17:30:00,28,-36.0,-54.47208215977185,19.497630832997327,-63.0,-86.54568488005245,-22.398479439491247,-92.6874385924466,-16.25672572709709,3,12,2,6,-104.69797918557296,-4.246185133970734
2005-05-20 18:30:00,28,-34.0,-51.24253572475823,19.497630832997327,-65.0,-83.31613844503883,-19.168933004477623,-89.45789215743298,-13.027179292083469,3,12,2,6,-101.46843275055934,-1.0166386989571095
2005-05-20 19:30:00,28,-38.0,-49.30921767716646,19.497630832997327,-63.0,-81.38282039744706,-17.235614956885854,-87.52457410984121,-11.093861244491698,3,12,2,6,-99.53511470296758,0.9166793486346592
2005-05-20 20:30:00,28,-41.0,-45.69167531721815,19.497630832997327,-49.0,-77.76527803749875,-13.618072596937544,-83.90703174989291,-7.476318884543389,3,12,2,6,-95.91757234301926,4.534221708582969
2005-05-20 21:30:00,28,-39.0,-42.02760949744668,19.497630832997327,-39.0,-74.10121221772728,-9.954006777166072,-80.24296593012144,-3.812253064771916,3,12,2,6,-92.25350652324781,8.198287528354435
2005-05-20 22:30:00,28,-43.0,-39.1373358205242,19.497630832997327,-36.0,-71.2109385408048,-7.063733100243596,-77.35269225319897,-0.92197938784944,3,12,2,6,-89.36323284632532,11.088561205276918
2005-05-20 23:30:00,28,-49.0,-36.8265891676084,19.497630832997327,-36.0,-68.90019188788901,-4.7529864473278,-75.04194560028316,1.388767265066356,3,12,2,6,-87.05248619340952,13.39930785819272
2005-05-21 00:30:00,28,-47.0,-35.48444066345184,19.497630832997327,-34.0,-67.55804338373244,-3.410837943171238,-73.6997970961266,2.730915769222918,3,12,2,6,-85.71033768925295,14.741456362349275
2005-05-21 01:30:00,28,-41.0,-35.57313777527474,19.497630832997327,-38.0,-67.64674049555535,-3.499535054994133,-73.7884942079495,2.642218657400022,3,12,2,6,-85.79903480107586,14.65275925052638
2005-05-21 02:30:00,28,-36.0,-35.655427018922424,19.497630832997327,-41.0,-67.72902973920303,-3.58182429864182,-73.87078345159719,2.559929413752336,3,12,2,6,-85.88132404472354,14.570470006878693
2005-05-21 03:30:00,28,-44.0,-35.70805473296445,19.497630832997327,-39.0,-67.78165745324506,-3.6344520126838447,-73.92341116563921,2.507301699710311,3,12,2,6,-85.93395175876557,14.517842292836669
2005-05-21 04:30:00,28,-51.0,-42.004661541801,19.497630832997327,-43.0,-74.0782642620816,-9.931058821520397,-80.22001797447575,-3.7893051091262393,3,12,2,6,-92.23055856760212,8.221235484000118
2005-05-21 05:30:00,28,-61.0,-47.066430944255714,19.497630832997327,-49.0,-79.14003366453632,-14.99282822397511,-85.28178737693048,-8.851074511580954,3,12,2,6,-97.29232797005683,3.1594660815454034
2005-05-21 06:30:00,28,-63.0,-44.33482693695253,19.497630832997327,-47.0,-76.40842965723314,-12.261224216671929,-82.55018336962729,-6.119470504277771,3,12,2,6,-94.56072396275366,5.891070088848586
2005-05-21 07:30:00,28,-59.0,-41.44672786510915,19.497630832997327,-41.0,-73.52033058538976,-9.373125144828547,-79.6620842977839,-3.2313714324343934,3,12,2,6,-91.67262489091027,8.779169160691964
2005-05-21 08:30:00,28,-57.0,-41.31513990296445,19.497630832997327,-36.0,-73.38874262324505,-9.241537182683842,-79.53049633563921,-3.0997834702896867,3,12,2,6,-91.54103692876556,8.91075712283667
2005-05-21 09:30:00,28,-58.0,-51.06116463641648,19.497630832997327,-44.0,-83.13476735669708,-18.98756191613588,-89.27652106909125,-12.84580820374172,3,12,2,6,-101.2870616622176,-0.8352676106153609
2005-05-21 10:30:00,28,-56.0,-55.81336853177874,19.497630832997327,-51.0,-87.88697125205934,-23.73976581149814,-94.0287249644535,-17.598012099103983,3,12,2,6,-106.03926555757985,-5.587471505977625
2005-05-21 11:30:00,28,-56.0,-59.97741481782592,19.497630832997327,-61.0,-92.05101753810652,-27.90381209754532,-98.19277125050068,-21.76205838515116,3,12,2,6,-110.20331184362703,-9.7515177920248
2005-05-21 12:30:00,28,-55.0,-55.97772169926793,19.497630832997327,-63.0,-88.05132441954854,-23.904118978987327,-94.19307813194268,-17.76236526659317,3,12,2,6,-106.20361872506905,-5.751824673466814
2005-05-21 13:30:00,28,-49.0,-46.81289297008461,19.497630832997327,-59.0,-78.88649569036522,-14.739290249804007,-85.02824940275937,-8.597536537409852,3,12,2,6,-97.03878999588574,3.413004055716506
2005-05-21 14:30:00,28,-48.0,-44.82699711350072,19.497630832997327,-57.0,-76.90059983378133,-12.75339439322012,-83.04235354617549,-6.611640680825964,3,12,2,6,-95.05289413930183,5.398899912300401
2005-05-21 15:30:00,28,-50.0,-44.52534588989249,19.497630832997327,-58.0,-76.5989486101731,-12.451743169611888,-82.74070232256724,-6.309989457217732,3,12,2,6,-94.75124291569361,5.700551135908626
2005-05-21 16:30:00,28,-48.0,-44.33368539628988,19.497630832997327,-56.0,-76.40728811657048,-12.260082676009276,-82.54904182896465,-6.11832896361512,3,12,2,6,-94.559582422091,5.8922116295112374
2005-05-21 17:30:00,28,-52.0,-43.66752171147313,19.497630832997327,-56.0,-75.74112443175373,-11.593918991192524,-81.8828781441479,-5.452165278798368,3,12,2,6,-93.89341873727425,6.558375314327989
2005-05-21 18:30:00,28,-56.0,-42.4133271223782,19.497630832997327,-55.0,-74.48692984265881,-10.339724402097596,-80.62868355505296,-4.197970689703439,3,12,2,6,-92.63922414817932,7.812569903422919
2005-05-21 19:30:00,28,-56.0,-41.23081411491467,19.497630832997327,-49.0,-73.30441683519527,-9.157211394634068,-79.44617054758943,-3.015457682239912,3,12,2,6,-91.45671114071578,8.995082910886445
2005-05-21 20:30:00,28,-48.0,-42.28154312602546,19.497630832997327,-48.0,-74.35514584630607,-10.207940405744855,-80.49689955870022,-4.066186693350701,3,12,2,6,-92.50744015182659,7.944353899775656
2005-05-21 21:30:00,28,-44.0,-44.86868665663303,19.497630832997327,-50.0,-76.94228937691364,-12.795083936352428,-83.08404308930778,-6.653330223958271,3,12,2,6,-95.09458368243415,5.357210369168087
2005-05-21 22:30:00,28,-38.0,-45.92869143270947,19.497630832997327,-48.0,-78.00229415299007,-13.855088712428866,-84.14404786538424,-7.713335000034711,3,12,2,6,-96.15458845851059,4.297205593091647
2005-05-21 23:30:00,28,-34.0,-43.39060187667149,19.497630832997327,-52.0,-75.4642045969521,-11.316999156390883,-81.60595830934625,-5.1752454439967295,3,12,2,6,-93.61649890247261,6.835295149129628
2005-05-22 00:30:00,28,-36.0,-45.83693427471234,19.497630832997327,-56.0,-77.91053699499295,-13.763331554431735,-84.0522907073871,-7.621577842037581,3,12,2,6,-96.06283130051347,4.388962751088776
2005-05-22 01:30:00,28,-38.0,-45.008153042345846,19.497630832997327,-56.0,-77.08175576262644,-12.934550322065242,-83.2235094750206,-6.792796609671086,3,12,2,6,-95.23405006814696,5.2177439834552715
2005-05-22 02:30:00,28,-33.0,-40.03333556913029,19.497630832997327,-48.0,-72.10693828941089,-7.959732848849683,-78.24869200180504,-1.8179791364555271,3,12,2,6,-90.2592325949314,10.19256145667083
2005-05-22 03:30:00,28,-35.0,-35.2706363728222,19.497630832997327,-44.0,-67.3442390931028,-3.197033652541592,-73.48599280549695,2.944720059852564,3,12,2,6,-85.49653339862331,14.955260652978914
2005-05-22 04:30:00,28,-35.0,-32.639132930663074,19.497630832997327,-38.0,-64.71273565094367,-0.5655302103824695,-70.85448936333783,5.576223502011686,3,12,2,6,-82.86502995646418,17.586764095138044
2005-05-22 05:30:00,28,-38.0,-33.23750822540681,19.497630832997327,-34.0,-65.31111094568742,-1.163905505126209,-71.45286465808158,4.977848207267947,3,12,2,6,-83.46340525120793,16.988388800394304
2005-05-22 06:30:00,28,-38.0,-33.344047438487394,19.497630832997327,-36.0,-65.417650158768,-1.2704447182067895,-71.55940387116215,4.871308994187366,3,12,2,6,-83.56994446428851,16.881849587313724
2005-05-22 07:30:00,28,-37.0,-39.12720360122893,19.497630832997327,-38.0,-71.20080632150953,-7.053600880948324,-77.34256003390368,-0.9118471685541678,3,12,2,6,-89.35310062703005,11.09869342457219
2005-05-22 08:30:00,28,-39.0,-34.62291663818842,19.497630832997327,-33.0,-66.69651935846903,-2.549313917907817,-72.83827307086318,3.5924397944863387,3,12,2,6,-84.84881366398955,15.602980387612696
2005-05-22 09:30:00,28,-41.0,-37.766342795183874,19.497630832997327,-35.0,-69.83994551546448,-5.69274007490327,-75.98169922785863,0.4490136374908857,3,12,2,6,-87.99223982098499,12.459554230617243
2005-05-22 10:30:00,28,-40.0,-35.05697641835487,19.497630832997327,-35.0,-67.13057913863548,-2.983373698074267,-73.27233285102963,3.158380014319889,3,12,2,6,-85.282873444156,15.168920607446246
2005-05-22 11:30:00,28,-38.0,-32.211010954938224,19.497630832997327,-38.0,-64.28461367521882,-0.1374082346576202,-70.42636738761298,6.004345477736536,3,12,2,6,-82.43690798073933,18.014886070862893
2005-05-22 12:30:00,28,-34.0,-34.98664615789533,19.497630832997327,-38.0,-67.06024887817594,-2.913043437614725,-73.20200259057009,3.2287102747794307,3,12,2,6,-85.21254318369645,15.239250867905788
2005-05-22 13:30:00,28,-30.0,-34.227195291994335,19.497630832997327,-37.0,-66.30079801227494,-2.1535925717137303,-72.4425517246691,3.988161140680426,3,12,2,6,-84.45309231779545,15.998701733806783
2005-05-22 14:30:00,28,-28.0,-28.98346221608425,19.497630832997327,-39.0,-61.05706493636485,3.090140504196356,-67.19881864875902,9.231894216590511,3,12,2,6,-79.20935924188537,21.24243480971687
2005-05-22 15:30:00,28,-28.0,-28.968093851372487,19.497630832997327,-41.0,-61.04169657165309,3.1055088689081174,-67.18345028404724,9.247262581302271,3,12,2,6,-79.1939908771736,21.25780317442863
2005-05-22 16:30:00,28,-29.0,-30.32250166551457,19.497630832997327,-40.0,-62.39610438579518,1.751101054766032,-68.53785809818933,7.892854767160188,3,12,2,6,-80.54839869131568,19.90339536028655
2005-05-22 17:30:00,28,-28.0,-28.08389470465842,19.497630832997327,-38.0,-60.157497424939024,3.9897080156221847,-66.29925113733319,10.13146172801634,3,12,2,6,-78.30979173045954,22.142002321142698
2005-05-22 18:30:00,28,-28.0,-27.34234510887669,19.497630832997327,-34.0,-59.41594782915729,4.731257611403915,-65.55770154155145,10.873011323798073,3,12,2,6,-77.5682421346778,22.88355191692443
2005-05-22 19:30:00,28,-29.0,-26.93427002158468,19.497630832997327,-30.0,-59.00787274186528,5.139332698695931,-65.14962645425943,11.281086411090088,3,12,2,6,-77.1601670473858,23.291627004216437
2005-05-22 20:30:00,28,-31.0,-24.85606715495673,19.497630832997327,-28.0,-56.92966987523734,7.217535565323875,-63.071423587631486,13.35928927771803,3,12,2,6,-75.08196418075785,25.369829870844388
2005-05-22 21:30:00,28,-29.0,-24.26966190020861,19.497630832997327,-28.0,-56.343264620489215,7.803940820071993,-62.48501833288337,13.945694532466147,3,12,2,6,-74.49555892600972,25.956235125592507
2005-05-22 22:30:00,28,-27.0,-25.126941007903184,19.497630832997327,-29.0,-57.20054372818379,6.94666171237742,-63.34229744057794,13.088415424771576,3,12,2,6,-75.3528380337043,25.098956017897933
2005-05-22 23:30:00,28,-25.0,-24.674729535870007,19.497630832997327,-28.0,-56.74833225615061,7.398873184410597,-62.89008596854477,13.540626896804753,3,12,2,6,-74.90062656167112,25.55116748993111
2005-05-23 00:30:00,28,-22.0,-24.42969514313777,19.497630832997327,-28.0,-56.503297863418375,7.6439075771428335,-62.64505157581253,13.78566128953699,3,12,2,6,-74.65559216893888,25.796201882663347
2005-05-23 01:30:00,28,-18.0,-25.037419118009893,19.497630832997327,-29.0,-57.1110218382905,7.036183602270711,-63.25277555068465,13.177937314664868,3,12,2,6,-75.26331614381101,25.188477907791224
2005-05-23 02:30:00,28,-18.0,-23.902690644085872,19.497630832997327,-31.0,-55.97629336436648,8.170912076194732,-62.11804707676063,14.312665788588887,3,12,2,6,-74.128587669887,26.323206381715245
2005-05-23 03:30:00,28,-18.0,-25.1585347893216,19.497630832997327,-29.0,-57.23213750960221,6.915067930959005,-63.37389122199636,13.05682164335316,3,12,2,6,-75.38443181512272,25.067362236479518
2005-05-23 04:30:00,28,-18.0,-24.17218389026231,19.497630832997327,-27.0,-56.24578661054292,7.901418830018294,-62.38754032293707,14.04317254241245,3,12,2,6,-74.39808091606344,26.053713135538807
2005-05-23 05:30:00,28,-19.0,-25.70552521494896,19.497630832997327,-25.0,-57.77912793522957,6.3680775053316445,-63.92088164762372,12.5098312177258,3,12,2,6,-75.93142224075008,24.520371810852158
2005-05-23 06:30:00,28,-18.0,-23.36755311606152,19.497630832997327,-22.0,-55.441155836342126,8.706049604219082,-61.58290954873628,14.847803316613238,3,12,2,6,-73.59345014186263,26.8583439097396
2005-05-23 07:30:00,28,-18.0,-22.39333721261192,19.497630832997327,-18.0,-54.46693993289253,9.680265507668684,-60.60869364528668,15.822019220062838,3,12,2,6,-72.61923423841304,27.832559813189196
2005-05-23 08:30:00,28,-17.0,-21.04567972884384,19.497630832997327,-18.0,-53.11928244912444,11.027922991436768,-59.2610361615186,17.169676703830923,3,12,2,6,-71.27157675464495,29.180217296957277
2005-05-23 09:30:00,28,-16.0,-20.09356190102824,19.497630832997327,-18.0,-52.16716462130884,11.980040819252366,-58.308918333703,18.12179453164652,3,12,2,6,-70.31945892682936,30.132335124772876
2005-05-23 10:30:00,28,-16.0,-20.42837039839704,19.497630832997327,-18.0,-52.50197311867764,11.645232321883569,-58.6437268310718,17.786986034277724,3,12,2,6,-70.65426742419815,29.79752662740408
2005-05-23 11:30:00,28,-13.0,-19.396512070470862,19.497630832997327,-19.0,-51.47011479075147,12.677090649809742,-57.61186850314562,18.818844362203897,3,12,2,6,-69.62240909627198,30.829384955330255
2005-05-23 12:30:00,28,-11.0,-19.085230068727554,19.497630832997327,-18.0,-51.15883278900816,12.98837265155305,-57.30058650140232,19.130126363947205,3,12,2,6,-69.31112709452867,31.140666957073563
2005-05-23 13:30:00,28,-13.0,-19.311443982157723,19.497630832997327,-18.0,-51.38504670243833,12.76215873812288,-57.52680041483248,18.90391245051704,3,12,2,6,-69.53734100795884,30.914453043643395
2005-05-23 14:30:00,28,-22.0,-18.080938453641288,19.497630832997327,-17.0,-50.15454117392189,13.992664266639316,-56.29629488631605,20.134417979033472,3,12,2,6,-68.30683547944241,32.14495857215983
2005-05-23 15:30:00,28,-27.0,-18.21333924055101,19.497630832997327,-16.0,-50.28694196083162,13.86026347972959,-56.428695673225775,20.002017192123745,3,12,2,6,-68.43923626635213,32.01255778525011
2005-05-23 16:30:00,28,-27.0,-16.749929533589885,19.497630832997327,-16.0,-48.82353225387049,15.32367318669072,-54.965285966264645,21.465426899084875,3,12,2,6,-66.97582655939101,33.47596749221123
2005-05-23 17:30:00,28,-23.0,-16.41254270825319,19.497630832997327,-13.0,-48.4861454285338,15.661060012027413,-54.62789914092795,21.80281372442157,3,12,2,6,-66.63843973405432,33.813354317547926
2005-05-23 18:30:00,28,-21.0,-20.05002796287763,19.497630832997327,-11.0,-52.12363068315823,12.023574757402976,-58.26538439555239,18.16532846979713,3,12,2,6,-70.27592498867875,30.17586906292349
2005-05-23 19:30:00,28,-22.0,-20.256444811957152,19.497630832997327,-13.0,-52.33004753223776,11.817157908323452,-58.47180124463191,17.958911620717608,3,12,2,6,-70.48234183775827,29.969452213843965
2005-05-23 20:30:00,28,-25.0,-24.924655221158872,19.497630832997327,-22.0,-56.99825794143948,7.148947499121732,-63.14001165383363,13.290701211515888,3,12,2,6,-75.15055224695999,25.301241804642245
2005-05-23 21:30:00,28,-24.0,-22.56380330046636,19.497630832997327,-27.0,-54.637406020746965,9.509799419814245,-60.77915973314112,15.6515531322084,3,12,2,6,-72.78970032626748,27.662093725334756
2005-05-23 22:30:00,28,-24.0,-21.062827940724908,19.497630832997327,-27.0,-53.13643066100551,11.010774779555696,-59.27818437339967,17.15252849194985,3,12,2,6,-71.28872496652602,29.16306908507621
2005-05-23 23:30:00,28,-21.0,-19.535037731051204,19.497630832997327,-23.0,-51.60864045133181,12.5385649892294,-57.75039416372597,18.680318701623555,3,12,2,6,-69.76093475685232,30.690859294749913
2005-05-24 00:30:00,28,-16.0,-18.63977819088004,19.497630832997327,-21.0,-50.71338091116064,13.433824529400567,-56.8551346235548,19.575578241794723,3,12,2,6,-68.86567521668115,31.586118834921077
2005-05-24 01:30:00,28,-11.0,-18.53529673931857,19.497630832997327,-22.0,-50.60889945959917,13.538305980962033,-56.750653171993335,19.68005969335619,3,12,2,6,-68.76119376511969,31.690600286482546
2005-05-24 02:30:00,28,-9.0,-18.57995548350432,19.497630832997327,-25.0,-50.653558203784925,13.493647236776283,-56.79531191617908,19.63540094917044,3,12,2,6,-68.80585250930544,31.645941542296796
2005-05-24 03:30:00,28,-11.0,-20.561408296482888,19.497630832997327,-24.0,-52.63501101676349,11.512194423797716,-58.77676472915765,17.65394813619187,3,12,2,6,-70.787305322284,29.66448872931823
2005-05-24 04:30:00,28,-11.0,-20.6930679784598,19.497630832997327,-24.0,-52.7666706987404,11.38053474182081,-58.90842441113456,17.522288454214966,3,12,2,6,-70.91896500426091,29.532829047341316
2005-05-24 05:30:00,28,-11.0,-19.80077166268937,19.497630832997327,-21.0,-51.87437438296998,12.272831057591226,-58.01612809536414,18.41458476998538,3,12,2,6,-70.02666868849049,30.425125363111746
2005-05-24 06:30:00,28,-10.0,-18.909952775462457,19.497630832997327,-16.0,-50.98355549574306,13.163649944818149,-57.12530920813722,19.305403657212302,3,12,2,6,-69.13584980126357,31.31594425033866
2005-05-24 07:30:00,28,-9.0,-18.33745758217119,19.497630832997327,-11.0,-50.411060302451794,13.736145138109414,-56.55281401484595,19.87789885050357,3,12,2,6,-68.56335460797231,31.888439443629927
2005-05-24 08:30:00,28,-9.0,-17.70858581944183,19.497630832997327,-9.0,-49.78218853972243,14.365016900838777,-55.92394225211659,20.50677061323293,3,12,2,6,-67.93448284524294,32.51731120635929
2005-05-24 09:30:00,28,-7.0,-15.90368810807221,19.497630832997327,-11.0,-47.977290828352814,16.169914612208395,-54.11904454074697,22.31166832460255,3,12,2,6,-66.12958513387332,34.32220891772891
2005-05-24 10:30:00,28,-7.0,-14.24030796961657,19.497630832997327,-11.0,-46.31391068989717,17.833294750664034,-52.45566440229133,23.97504846305819,3,12,2,6,-64.46620499541768,35.98558905618455
2005-05-24 11:30:00,28,-7.0,-13.085169226776522,19.497630832997327,-11.0,-45.158771947057126,18.988433493504083,-51.30052565945128,25.13018720589824,3,12,2,6,-63.31106625257764,37.140727799024596
2005-05-24 12:30:00,28,-6.0,-12.321553829285286,19.497630832997327,-10.0,-44.39515654956589,19.75204889099532,-50.536910261960045,25.893802603389474,3,12,2,6,-62.5474508550864,37.90434319651583
2005-05-24 13:30:00,28,-4.0,-12.094307150271312,19.497630832997327,-9.0,-44.16790987055192,19.97929557000929,-50.30966358294607,26.121049282403447,3,12,2,6,-62.32020417607243,38.131589875529805
2005-05-24 14:30:00,28,-5.0,-11.950262648602518,19.497630832997327,-9.0,-44.02386536888312,20.123340071678086,-50.16561908127728,26.26509378407224,3,12,2,6,-62.176159674403635,38.2756343771986
2005-05-24 15:30:00,28,-7.0,-11.64927363811168,19.497630832997327,-7.0,-43.72287635839229,20.424329082168924,-49.86463007078644,26.56608279456308,3,12,2,6,-61.8751706639128,38.57662338768944
2005-05-24 16:30:00,28,-7.0,-11.361440435508968,19.497630832997327,-7.0,-43.43504315578957,20.71216228477164,-49.57679686818373,26.853915997165792,3,12,2,6,-61.587337461310085,38.86445659029215
2005-05-24 17:30:00,28,-10.0,-11.126529297092972,19.497630832997327,-7.0,-43.200132017373576,20.947073423187632,-49.34188572976773,27.088827135581788,3,12,2,6,-61.35242632289409,39.099367728708145
2005-05-24 18:30:00,28,-11.0,-10.615783684002755,19.497630832997327,-6.0,-42.68938640428336,21.457819036277847,-48.83114011667752,27.599572748672003,3,12,2,6,-60.841680709803875,39.61011334179836
2005-05-24 19:30:00,28,-7.0,-9.984563096768568,19.497630832997327,-4.0,-42.05816581704917,22.08903962351204,-48.19991952944333,28.230793335906192,3,12,2,6,-60.210460122569685,40.24133392903255
2005-05-24 20:30:00,28,-6.0,-9.086033132248687,19.497630832997327,-5.0,-41.15963585252929,22.98756958803192,-47.30138956492345,29.12932330042608,3,12,2,6,-59.311930158049805,41.13986389355243
2005-05-24 21:30:00,28,-6.0,-8.187885673500588,19.497630832997327,-7.0,-40.26148839378119,23.885717046780016,-46.40324210617535,30.02747075917417,3,12,2,6,-58.413782699301706,42.03801135230053
2005-05-24 22:30:00,28,-6.0,-7.50641817182106,19.497630832997327,-7.0,-39.58002089210167,24.567184548459544,-45.72177460449582,30.7089382608537,3,12,2,6,-57.73231519762218,42.71947885398006
2005-05-24 23:30:00,28,-5.0,-8.185796235722243,19.497630832997327,-10.0,-40.25939895600285,23.88780648455836,-46.401152668397,30.02956019695252,3,12,2,6,-58.41169326152336,42.040100790078874
2005-05-25 00:30:00,28,-6.0,-6.260137866210346,19.497630832997327,-11.0,-38.33374058649095,25.81346485407025,-44.47549429888511,31.955218566464413,3,12,2,6,-56.48603489201146,43.965759159590775
2005-05-25 01:30:00,28,-4.0,-6.097658977002872,19.497630832997327,-7.0,-38.17126169728348,25.97594374327773,-44.31301540967763,32.11769745567189,3,12,2,6,-56.32355600280399,44.128238048798245
2005-05-25 02:30:00,28,-3.0,-6.224631767944949,19.497630832997327,-6.0,-38.29823448822555,25.84897095233565,-44.43998820061971,31.99072466472981,3,12,2,6,-56.45052879374607,44.00126525785617
2005-05-25 03:30:00,28,-2.0,-7.285205521356904,19.497630832997327,-6.0,-39.358808241637504,24.7883971989237,-45.50056195403167,30.930150911317856,3,12,2,6,-57.51110254715802,42.94069150444422
2005-05-25 04:30:00,28,-1.0,-8.50917378716753,19.497630832997327,-6.0,-40.58277650744813,23.564428933113074,-46.72453021984229,29.70618264550723,3,12,2,6,-58.735070812968644,41.71672323863359
2005-05-25 05:30:00,28,-2.0,-9.29287073767717,19.497630832997327,-5.0,-41.366473457957774,22.780731982603434,-47.50822717035193,28.92248569499759,3,12,2,6,-59.51876776347829,40.93302628812395
2005-05-25 06:30:00,28,-4.0,-13.49861971549257,19.497630832997327,-6.0,-45.57222243577317,18.574983004788034,-51.71397614816733,24.71673671718219,3,12,2,6,-63.724516741293684,36.72727731030855
2005-05-25 07:30:00,28,-6.0,-7.5991184456117296,19.497630832997327,-4.0,-39.672721165892334,24.474484274668875,-45.81447487828649,30.61623798706303,3,12,2,6,-57.82501547141285,42.62677858018939
2005-05-25 08:30:00,28,-4.0,-7.325660288044691,19.497630832997327,-3.0,-39.39926300832529,24.74794243223592,-45.541016720719455,30.88969614463007,3,12,2,6,-57.551557313845805,42.90023673775643
2013-09-22 21:30:00,34,-1.0,-5.485365253488524,19.497630832997327,-2.0,-37.55896797376913,26.58823746679208,-43.70072168616328,32.72999117918624,3,12,2,6,-55.71126227928964,44.74053177231259
2013-09-22 22:30:00,34,-3.0,-3.880691383687221,19.497630832997327,-1.0,-35.954294103967825,28.192911336593383,-42.09604781636198,34.33466504898754,3,12,2,6,-54.10658840948834,46.345205642113896
2013-09-22 23:30:00,34,-4.0,-3.446105060419302,19.497630832997327,-2.0,-35.5197077806999,28.6274976598613,-41.66146149309407,34.769251372255454,3,12,2,6,-53.67200208622042,46.77979196538182
2013-09-23 00:30:00,34,-4.0,-3.400656202748724,19.497630832997327,-4.0,-35.474258923029325,28.67294651753188,-41.61601263542349,34.81470022992603,3,12,2,6,-53.62655322854984,46.8252408230524
2013-09-23 01:30:00,34,-5.0,-2.6295245668420257,19.497630832997327,-6.0,-34.703127287122626,29.44407815343858,-40.84488099951679,35.58583186583273,3,12,2,6,-52.85542159264314,47.596372458959095
2013-09-23 02:30:00,34,-4.0,-1.6740012423270585,19.497630832997327,-4.0,-33.74760396260766,30.399601477953546,-39.88935767500182,36.5413551903477,3,12,2,6,-51.899898268128176,48.55189578347406
2013-09-23 03:30:00,34,-4.0,-0.3798670740057019,19.497630832997327,-1.0,-32.453469794286306,31.693735646274902,-38.59522350668046,37.83548935866906,3,12,2,6,-50.60576409980682,49.846029951795416
2013-09-23 04:30:00,34,-2.0,-0.2123175926610798,19.497630832997327,-3.0,-32.285920312941684,31.861285127619524,-38.42767402533584,38.00303884001368,3,12,2,6,-50.4382146184622,50.01357943314004
2013-09-23 05:30:00,34,-4.0,-0.7172562900034691,19.497630832997327,-4.0,-32.79085901028407,31.35634643027713,-38.93261272267823,37.49810014267129,3,12,2,6,-50.94315331580459,49.50864073579765
2013-09-23 06:30:00,34,-2.0,-3.1942393536691966,19.497630832997327,-4.0,-35.2678420739498,28.879363366611408,-41.40959578634396,35.02111707900556,3,12,2,6,-53.420136379470314,47.03165767213192
2013-09-23 07:30:00,34,-1.0,-2.715373205995704,19.497630832997327,-5.0,-34.78897592627631,29.3582295142849,-40.93072963867046,35.499983226679056,3,12,2,6,-52.94127023179682,47.510523819805414
2013-09-23 08:30:00,34,-1.0,-3.8704282756981705,19.497630832997327,-4.0,-35.94403099597878,28.20317444458244,-42.08578470837293,34.34492815697659,3,12,2,6,-54.09632530149929,46.35546875010294
2013-09-23 09:30:00,34,-2.0,-4.981576464122547,19.497630832997327,-4.0,-37.05517918440315,27.092026256158057,-43.19693289679731,33.23377996855221,3,12,2,6,-55.207473489923665,45.24432056167857
2013-09-23 10:30:00,34,0.0,-6.281735098349426,19.497630832997327,-2.0,-38.355337818630034,25.79186762193118,-44.49709153102418,31.93362133432533,3,12,2,6,-56.50763212415055,43.94416192745169
2013-09-23 11:30:00,34,1.0,-4.166248676947845,19.497630832997327,-4.0,-36.23985139722845,27.90735404333276,-42.381605109622605,34.049107755726915,3,12,2,6,-54.39214570274896,46.05964834885327
2013-09-23 12:30:00,34,2.0,-2.9242333106924683,19.497630832997327,-2.0,-34.99783603097308,29.149369409588136,-41.139589743367225,35.291123121982295,3,12,2,6,-53.15013033649359,47.301663715108646
2013-09-23 13:30:00,34,1.0,-2.9483933315024657,19.497630832997327,-1.0,-35.02199605178307,29.12520938877814,-41.163749764177226,35.266963101172294,3,12,2,6,-53.17429035730358,47.27750369429865
2013-09-23 14:30:00,34,1.0,-3.020409605684179,19.497630832997327,-1.0,-35.09401232596478,29.053193114596425,-41.23576603835894,35.19494682699058,3,12,2,6,-53.2463066314853,47.20548742011694
2013-09-23 15:30:00,34,1.0,-2.07915852777872,19.497630832997327,-2.0,-34.15276124805932,29.994444192501884,-40.29451496045348,36.13619790489604,3,12,2,6,-52.305055553579834,48.1467384980224
2013-09-23 16:30:00,34,5.0,-1.3244363894813451,19.497630832997327,0.0,-33.39803910976195,30.74916633079926,-39.5397928221561,36.89092004319342,3,12,2,6,-51.55033341528246,48.901460636319776
2013-09-23 17:30:00,34,8.0,-0.3609904141684055,19.497630832997327,1.0,-32.43459313444901,31.7126123061122,-38.576346846843165,37.854366018506354,3,12,2,6,-50.58688743996952,49.86490661163271
2013-09-23 18:30:00,34,8.0,0.2813084964809391,19.497630832997327,2.0,-31.792294223799665,32.35491121676154,-37.93404793619382,38.4966649291557,3,12,2,6,-49.94458852932018,50.50720552228206
2013-09-23 19:30:00,34,7.0,1.296098699672008,19.497630832997327,1.0,-30.7775040206086,33.36970141995261,-36.91925773300275,39.51145513234677,3,12,2,6,-48.92979832612911,51.521995725473126
2013-09-23 20:30:00,34,4.0,1.65525249408401,19.497630832997327,1.0,-30.4183502261966,33.728855214364614,-36.56010393859075,39.87060892675877,3,12,2,6,-48.57064453171711,51.88114951988513
2013-09-23 21:30:00,34,1.0,0.4288266286897055,19.497630832997327,1.0,-31.6447760915909,32.50242934897031,-37.786529803985054,38.64418306136447,3,12,2,6,-49.79707039711141,50.65472365449082
2013-09-23 22:30:00,34,-2.0,-2.6660706026744485,19.497630832997327,5.0,-34.739673322955056,29.40753211760616,-40.881427035349205,35.549285830000315,3,12,2,6,-52.89196762847557,47.559826423126665
2013-09-23 23:30:00,34,-7.0,0.306142683713702,19.497630832997327,8.0,-31.767460036566906,32.379745403994306,-37.90921374896106,38.52149911638846,3,12,2,6,-49.919754342087415,50.53203970951482
2013-09-24 00:30:00,34,-7.0,-3.7182913862951743,19.497630832997327,8.0,-35.79189410657578,28.35531133398543,-41.93364781896993,34.49706504637959,3,12,2,6,-53.944188412096295,46.50760563950594
2013-09-24 01:30:00,34,-8.0,-3.385363143860779,19.497630832997327,7.0,-35.45896586414138,28.688239576419825,-41.60071957653554,34.82999328881398,3,12,2,6,-53.6112601696619,46.84053388194034
2013-09-24 02:30:00,34,-8.0,-3.3052377473173493,19.497630832997327,4.0,-35.37884046759795,28.76836497296325,-41.52059417999211,34.91011868535741,3,12,2,6,-53.53113477311847,46.92065927848377
2013-09-24 03:30:00,34,-4.0,-5.596337349864868,19.497630832997327,1.0,-37.66994007014547,26.477265370415736,-43.81169378253963,32.61901908280989,3,12,2,6,-55.822234375665985,44.62955967593625
2013-09-24 04:30:00,34,-2.0,-7.03048775594597,19.497630832997327,-2.0,-39.104090476226574,25.043114964334634,-45.24584418862073,31.18486867672879,3,12,2,6,-57.25638478174709,43.19540926985515
2013-09-24 05:30:00,34,1.0,-8.259356876957515,19.497630832997327,-7.0,-40.33295959723812,23.81424584332309,-46.47471330963228,29.955999555717245,3,12,2,6,-58.48525390275863,41.966540148843606
2013-09-24 06:30:00,34,2.0,-4.900525881743626,19.497630832997327,-7.0,-36.97412860202423,27.17307683853698,-43.11588231441839,33.314830550931134,3,12,2,6,-55.12642290754474,45.32537114405749
2013-09-24 07:30:00,34,4.0,-3.30906280503514,19.497630832997327,-8.0,-35.382665525315744,28.764539915245464,-41.5244192377099,34.90629362763962,3,12,2,6,-53.53495983083626,46.91683422076598
2013-09-24 08:30:00,34,8.0,-2.2347570944163166,19.497630832997327,-8.0,-34.30835981469692,29.838845625864288,-40.45011352709108,35.98059933825844,3,12,2,6,-52.460654120217434,47.9911399313848
2013-09-24 09:30:00,34,15.0,-1.3134489111869918,19.497630832997327,-4.0,-33.3870516314676,30.76015380909361,-39.52880534386175,36.90190752148777,3,12,2,6,-51.53934593698811,48.91244811461412
2013-09-24 10:30:00,34,10.0,-0.0413446846590375,19.497630832997327,-2.0,-32.11494740493964,32.03225803562157,-38.2567011173338,38.17401174801572,3,12,2,6,-50.267241710460155,50.18455234114208
2013-09-24 11:30:00,34,-11.0,0.3412734481905417,19.497630832997327,1.0,-31.732329272090062,32.414876168471146,-37.87408298448422,38.5566298808653,3,12,2,6,-49.884623577610576,50.56717047399166
2013-09-24 12:30:00,34,-22.0,0.7946455861749584,19.497630832997327,2.0,-31.27895713410565,32.86824830645556,-37.4207108464998,39.01000201884972,3,12,2,6,-49.43125143962616,51.020542611976076
2013-09-24 13:30:00,34,-11.0,0.8868438211401681,19.497630832997327,4.0,-31.18675889914044,32.96044654142077,-37.32851261153459,39.10220025381493,3,12,2,6,-49.33905320466095,51.112740846941286
2013-09-24 14:30:00,34,-19.0,0.4022209616013938,19.497630832997327,8.0,-31.67138175867921,32.475823681882,-37.813135471073366,38.61757739427616,3,12,2,6,-49.823676064199724,50.62811798740251
2013-09-24 15:30:00,34,-18.0,1.0223608347593611,19.497630832997327,15.0,-31.051241885521243,33.095963555039965,-37.1929955979154,39.23771726743412,3,12,2,6,-49.203536191041756,51.24825786056048
2013-09-24 16:30:00,34,-17.0,-12.565429946727352,19.497630832997327,10.0,-44.63903266700795,19.50817277355325,-50.78078637940212,25.649926485947407,3,12,2,6,-62.791326972528466,37.66046707907377
2013-09-24 17:30:00,34,-11.0,-24.71024997810185,19.497630832997327,-11.0,-56.78385269838245,7.363352742178758,-62.92560641077661,13.505106454572914,3,12,2,6,-74.93614700390296,25.515647047699268
2013-09-24 18:30:00,34,-8.0,-26.620052288042963,19.497630832997327,-22.0,-58.69365500832357,5.453550432237641,-64.83540872071772,11.595304144631797,3,12,2,6,-76.84594931384407,23.605844737758154
2013-09-24 19:30:00,34,-9.0,-18.97945526952526,19.497630832997327,-11.0,-51.053057989805865,13.094147450755344,-57.19481170220002,19.2359011631495,3,12,2,6,-69.20535229532638,31.246441756275857
2013-09-24 20:30:00,34,-13.0,-18.793853906413737,19.497630832997327,-19.0,-50.86745662669434,13.279748813866869,-57.0092103390885,19.421502526261023,3,12,2,6,-69.01975093221486,31.43204311938738
2013-09-24 21:30:00,34,-19.0,-17.408904500558265,19.497630832997327,-18.0,-49.48250722083887,14.66469821972234,-55.62426093323303,20.80645193211649,3,12,2,6,-67.63480152635938,32.81699252524285
2013-09-24 22:30:00,34,-23.0,-16.010735934296207,19.497630832997327,-17.0,-48.08433865457681,16.062866785984397,-54.22609236697097,22.20462049837856,3,12,2,6,-66.23663296009732,34.21516109150491
2013-09-24 23:30:00,34,-22.0,-13.465585560777296,19.497630832997327,-11.0,-45.5391882810579,18.60801715950331,-51.68094199345205,24.749770871897464,3,12,2,6,-63.69148258657842,36.76031146502382
2013-09-25 00:30:00,34,-19.0,-11.123911523217355,19.497630832997327,-8.0,-43.19751424349796,20.94969119706325,-49.33926795589211,27.091444909457405,3,12,2,6,-61.349808549018476,39.10198550258376
2013-09-25 01:30:00,34,-13.0,-9.51586921196332,19.497630832997327,-9.0,-41.58947193224392,22.557733508317284,-47.73122564463808,28.69948722071144,3,12,2,6,-59.74176623776444,40.7100278138378
2013-09-25 02:30:00,34,-11.0,-10.201455822672695,19.497630832997327,-13.0,-42.2750585429533,21.87214689760791,-48.41681225534745,28.013900610002064,3,12,2,6,-60.42735284847382,40.02444120312842
2013-09-25 03:30:00,34,-8.0,-12.52245542326797,19.497630832997327,-19.0,-44.596058143548575,19.55114729701264,-50.73781185594273,25.69290100940679,3,12,2,6,-62.74835244906909,37.70344160253315
2013-09-25 04:30:00,34,-9.0,-17.192487516207787,19.497630832997327,-23.0,-49.2660902364884,14.881115204072817,-55.407843948882544,21.02286891646697,3,12,2,6,-67.41838454200891,33.03340950959333
2013-09-25 05:30:00,34,-10.0,-17.568273139708957,19.497630832997327,-22.0,-49.64187585998956,14.505329580571647,-55.78362957238372,20.647083292965803,3,12,2,6,-67.79417016551008,32.65762388609216
2013-09-25 06:30:00,34,-9.0,-17.75862952769591,19.497630832997327,-19.0,-49.83223224797651,14.314973192584697,-55.97398596037067,20.45672690497885,3,12,2,6,-67.98452655349703,32.46726749810521
2013-09-25 07:30:00,34,-11.0,-17.769491496283898,19.497630832997327,-13.0,-49.8430942165645,14.304111223996706,-55.98484792895866,20.445864936390866,3,12,2,6,-67.99538852208502,32.45640552951722
2013-09-25 08:30:00,34,-10.0,-16.50808547806039,19.497630832997327,-11.0,-48.581688198341,15.565517242220212,-54.72344191073515,21.70727095461437,3,12,2,6,-66.73398250386151,33.71781154774072
2013-09-25 09:30:00,34,-10.0,-14.7963900793069,19.497630832997327,-8.0,-46.86999279958751,17.277212640973705,-53.011746511981656,23.41896635336786,3,12,2,6,-65.02228710510802,35.429506946494215
2013-09-25 10:30:00,34,-9.0,-13.730102645928994,19.497630832997327,-9.0,-45.8037053662096,18.34350007435161,-51.94545907860376,24.48525378674577,3,12,2,6,-63.95599967173011,36.49579437987212
2013-09-25 11:30:00,34,-8.0,-13.678340052362987,19.497630832997327,-10.0,-45.75194277264359,18.395262667917617,-51.89369648503775,24.537016380311773,3,12,2,6,-63.9042370781641,36.547556973438134
2013-09-25 12:30:00,34,-8.0,-16.828840474307917,19.497630832997327,-9.0,-48.90244319458852,15.244762245972687,-55.04419690698268,21.386515958366843,3,12,2,6,-67.05473750010904,33.3970565514932
2013-09-25 13:30:00,34,-6.0,-15.200332908933165,19.497630832997327,-11.0,-47.27393562921377,16.87326981134744,-53.41568934160792,23.0150235237416,3,12,2,6,-65.42622993473428,35.025564116867955
2013-09-25 14:30:00,34,-4.0,-12.440352950016656,19.497630832997327,-10.0,-44.513955670297264,19.633249770263948,-50.65570938269141,25.775003482658104,3,12,2,6,-62.66624997581778,37.78554407578446
2013-09-25 15:30:00,34,-3.0,-11.720606183226336,19.497630832997327,-10.0,-43.79420890350694,20.352996537054267,-49.9359626159011,26.494750249448423,3,12,2,6,-61.946503209027455,38.50529084257478
2013-09-25 16:30:00,34,0.0,-10.53736282880482,19.497630832997327,-9.0,-42.61096554908542,21.536239891475784,-48.752719261479584,27.67799360386994,3,12,2,6,-60.763259854605934,39.6885341969963
2013-09-25 17:30:00,34,2.0,-9.699132508544842,19.497630832997327,-8.0,-41.77273522882545,22.37447021173576,-47.9144889412196,28.51622392412992,3,12,2,6,-59.92502953434596,40.526764517256275
2013-09-25 18:30:00,34,2.0,-8.740353103647607,19.497630832997327,-8.0,-40.81395582392821,23.333249616633,-46.95570953632237,29.47500332902716,3,12,2,6,-58.966250129448724,41.48554392215351
2013-09-25 19:30:00,34,-1.0,-7.37631122421147,19.497630832997327,-6.0,-39.44991394449208,24.69729149606913,-45.59166765688623,30.83904520846329,3,12,2,6,-57.60220825001259,42.84958580158965
2013-09-25 20:30:00,34,-5.0,-6.750591548107675,19.497630832997327,-4.0,-38.82419426838828,25.32301117217293,-44.96594798078243,31.464764884567085,3,12,2,6,-56.976488573908796,43.47530547769344
2013-09-25 21:30:00,34,-5.0,-5.726241091283203,19.497630832997327,-3.0,-37.79984381156381,26.3473616289974,-43.94159752395797,32.48911534139155,3,12,2,6,-55.95213811708432,44.49965593451792
2013-09-25 22:30:00,34,-8.0,-5.174268527978423,19.497630832997327,0.0,-37.24787124825903,26.89933419230218,-43.38962496065318,33.04108790469634,3,12,2,6,-55.400165553779544,45.05162849782269
2013-09-25 23:30:00,34,-11.0,-4.563758237624999,19.497630832997327,2.0,-36.6373609579056,27.509844482655605,-42.77911467029976,33.65159819504976,3,12,2,6,-54.78965526342611,45.66213878817612
2013-09-26 00:30:00,34,-12.0,-4.064100510594233,19.497630832997327,2.0,-36.137703230874834,28.00950220968637,-42.279456943269,34.15125592208052,3,12,2,6,-54.28999753639535,46.16179651520689
2013-09-26 01:30:00,34,-8.0,-3.345546683679647,19.497630832997327,-1.0,-35.41914940396025,28.72805603660096,-41.56090311635441,34.86980974899511,3,12,2,6,-53.57144370948076,46.880350342121474
2013-09-26 02:30:00,34,-4.0,-3.3837566196193087,19.497630832997327,-5.0,-35.45735933989991,28.68984610066129,-41.59911305229407,34.83159981305545,3,12,2,6,-53.60965364542042,46.84214040618181
2013-09-26 03:30:00,34,-3.0,-2.7347542953195365,19.497630832997327,-5.0,-34.80835701560014,29.338848424961068,-40.9501107279943,35.48060213735522,3,12,2,6,-52.96065132112065,47.491142730481585
2013-09-26 04:30:00,34,-3.0,-3.708394049450391,19.497630832997327,-8.0,-35.781996769730995,28.365208670830214,-41.92375048212515,34.50696238322437,3,12,2,6,-53.93429107525151,46.51750297635073
2013-09-26 05:30:00,34,-3.0,-5.287951634012252,19.497630832997327,-11.0,-37.361554354292856,26.785651086268352,-43.50330806668701,32.92740479866251,3,12,2,6,-55.51384865981337,44.937945391788865
2013-09-26 06:30:00,34,-2.0,-6.807474937693378,19.497630832997327,-12.0,-38.88107765797398,25.266127782587223,-45.02283137036814,31.407881494981385,3,12,2,6,-57.033371963494496,43.41842208810774
2013-09-26 07:30:00,34,-1.0,-7.012426311534775,19.497630832997327,-8.0,-39.08602903181538,25.06117640874583,-45.227782744209534,31.202930121139985,3,12,2,6,-57.23832333733589,43.21347071426634
2013-09-26 08:30:00,34,-2.0,-6.160626599020937,19.497630832997327,-4.0,-38.23422931930154,25.912976121259668,-44.3759830316957,32.05472983365382,3,12,2,6,-56.386523624822054,44.06527042678018
2013-09-26 09:30:00,34,-2.0,-5.314870477701206,19.497630832997327,-3.0,-37.38847319798181,26.7587322425794,-43.530226910375966,32.900485954973554,3,12,2,6,-55.54076750350232,44.91102654809991
2013-09-26 10:30:00,34,-2.0,-5.082483877378952,19.497630832997327,-3.0,-37.15608659765955,26.991118842901653,-43.29784031005372,33.132872555295805,3,12,2,6,-55.308380903180066,45.14341314842217
2013-09-26 11:30:00,34,0.0,-4.779058783254094,19.497630832997327,-3.0,-36.8526615035347,27.29454393702651,-42.99441521592885,33.436297649420666,3,12,2,6,-55.00495580905521,45.446838242547024
2013-09-26 12:30:00,34,2.0,-4.418836363342184,19.497630832997327,-2.0,-36.492439083622784,27.65476635693842,-42.63419279601695,33.79652006933257,3,12,2,6,-54.6447333891433,45.80706066245894
2013-09-26 13:30:00,34,3.0,-3.576702093548988,19.497630832997327,-1.0,-35.65030481382959,28.496900626731616,-41.79205852622375,34.63865433912577,3,12,2,6,-53.802599119350106,46.64919493225213
2013-09-26 14:30:00,34,3.0,-2.9199970592700133,19.497630832997327,-2.0,-34.99359977955062,29.15360566101059,-41.13535349194477,35.29535937340475,3,12,2,6,-53.145894085071134,47.3058999665311
2013-09-26 15:30:00,34,1.0,-2.315996539020052,19.497630832997327,-2.0,-34.38959925930065,29.757606181260552,-40.531352971694815,35.899359893654704,3,12,2,6,-52.541893564821166,47.90990048678107
2013-09-26 16:30:00,34,-1.0,-1.7802637363883704,19.497630832997327,-2.0,-33.853866456668975,30.29333898389224,-39.99562016906313,36.43509269628639,3,12,2,6,-52.00616076218949,48.44563328941275
2013-09-26 17:30:00,34,-3.0,-0.8984205861623522,19.497630832997327,0.0,-32.97202330644296,31.17518213411825,-39.11377701883711,37.31693584651241,3,12,2,6,-51.12431761196347,49.327476439638765
2013-09-26 18:30:00,34,-1.0,-0.3346142505431615,19.497630832997327,2.0,-32.408216970823766,31.738988469737443,-38.54997068321792,37.8807421821316,3,12,2,6,-50.56051127634428,49.891282775257956
2013-09-26 19:30:00,34,-2.0,0.1475271028011988,19.497630832997327,3.0,-31.926075617479405,32.2211298230818,-38.06782932987356,38.36288353547596,3,12,2,6,-50.07836992299992,50.373424128602316
2013-09-26 20:30:00,34,-3.0,0.93116667744507,19.497630832997327,3.0,-31.14243604283553,33.004769397725674,-37.28418975522969,39.14652311011983,3,12,2,6,-49.29473034835605,51.15706370324619
2013-09-26 21:30:00,34,-3.0,1.1948565938652962,19.497630832997327,1.0,-30.878746126415308,33.2684593141459,-37.02049983880946,39.410213026540056,3,12,2,6,-49.03104043193582,51.420753619666414
2013-09-26 22:30:00,34,-1.0,0.768733210797997,19.497630832997327,-1.0,-31.304869509482607,32.8423359310786,-37.44662322187676,38.98408964347276,3,12,2,6,-49.45716381500312,50.994630236599114
2013-09-26 23:30:00,34,2.0,0.1833989722108526,19.497630832997327,-3.0,-31.89020374806975,32.25700169249146,-38.03195746046391,38.39875540488561,3,12,2,6,-50.042498053590265,50.40929599801197
2013-09-27 00:30:00,34,5.0,0.0306381202676462,19.497630832997327,-1.0,-32.04296460001296,32.10424084054825,-38.18471831240712,38.245994552942406,3,12,2,6,-50.19525890553347,50.256535146068764
2013-09-27 01:30:00,34,6.0,-0.9702647327467702,19.497630832997327,-2.0,-33.043867453027374,31.10333798753384,-39.18562116542153,37.24509169992799,3,12,2,6,-51.19616175854789,49.25563229305435
2013-09-27 02:30:00,34,6.0,-1.2453891810821176,19.497630832997327,-3.0,-33.31899190136272,30.828213539198487,-39.46074561375688,36.96996725159264,3,12,2,6,-51.471286206883235,48.980507844719
2013-09-27 03:30:00,34,5.0,-1.855576732190606,19.497630832997327,-3.0,-33.92917945247121,30.21802598809,-40.070933164865366,36.35977970048416,3,12,2,6,-52.08147375799172,48.37032029361051
2013-09-27 04:30:00,34,5.0,-1.5503586422605338,19.497630832997327,-1.0,-33.62396136254114,30.52324407802007,-39.765715074935294,36.66499779041423,3,12,2,6,-51.77625566806165,48.675538383540584
2013-09-27 05:30:00,34,7.0,-0.7546844797720595,19.497630832997327,2.0,-32.828287200052664,31.318918240508545,-38.97004091244682,37.4606719529027,3,12,2,6,-50.98058150557318,49.47121254602906
2013-09-27 06:30:00,34,6.0,0.0403155162936599,19.497630832997327,5.0,-32.033287203986944,32.113918236574264,-38.1750409163811,38.25567194896842,3,12,2,6,-50.18558150950746,50.26621254209478
2013-09-27 07:30:00,34,5.0,0.4974888053851316,19.497630832997327,6.0,-31.57611391489548,32.571091525665736,-37.71786762728963,38.71284523805989,3,12,2,6,-49.728408220415986,50.72338583118625
2013-09-27 08:30:00,34,4.0,1.5540199509215924,19.497630832997327,6.0,-30.51958276935901,33.6276226712022,-36.66133648175317,39.76937638359635,3,12,2,6,-48.671877074879525,51.77991697672271
2013-09-27 09:30:00,34,4.0,2.567213192515481,19.497630832997327,5.0,-29.506389527765123,34.640815912796086,-35.64814324015928,40.78256962519024,3,12,2,6,-47.658683833285636,52.7931102183166
2013-09-27 10:30:00,34,4.0,3.506190751739929,19.497630832997327,5.0,-28.567411968540675,35.57979347202053,-34.70916568093483,41.72154718441469,3,12,2,6,-46.71970627406119,53.73208777754105
2013-09-27 11:30:00,34,4.0,3.82964958566172,19.497630832997327,7.0,-28.243953134618884,35.903252305942324,-34.38570684701304,42.04500601833648,3,12,2,6,-46.3962474401394,54.05554661146284
2013-09-27 12:30:00,34,4.0,4.014112994102199,19.497630832997327,6.0,-28.05948972617841,36.0877157143828,-34.20124343857256,42.22946942677696,3,12,2,6,-46.21178403169892,54.240010019903316
2013-09-27 13:30:00,34,2.0,4.292981217678836,19.497630832997327,5.0,-27.780621502601768,36.36658393795944,-33.922375214995924,42.5083376503536,3,12,2,6,-45.93291580812228,54.51887824347995
2013-09-27 14:30:00,34,2.0,4.32670866410546,19.497630832997327,4.0,-27.746894056175144,36.40031138438607,-33.8886477685693,42.54206509678022,3,12,2,6,-45.89918836169566,54.55260568990658
2013-09-27 15:30:00,34,3.0,4.374782467634873,19.497630832997327,4.0,-27.69882025264573,36.44838518791548,-33.84057396503989,42.59013890030963,3,12,2,6,-45.851114558166245,54.60067949343599
2013-09-27 16:30:00,34,4.0,4.301267248960002,19.497630832997327,4.0,-27.7723354713206,36.374869969240606,-33.91408918371476,42.51662368163476,3,12,2,6,-45.924629776841115,54.52716427476112
2013-09-27 17:30:00,34,1.0,4.336010726342913,19.497630832997327,4.0,-27.73759199393769,36.40961344662352,-33.87934570633185,42.55136715901767,3,12,2,6,-45.889886299458205,54.56190775214403
2013-09-27 18:30:00,34,2.0,4.048722594464991,19.497630832997327,4.0,-28.024880125815613,36.1223253147456,-34.16663383820977,42.26407902713975,3,12,2,6,-46.17717443133613,54.27461962026611
2013-09-27 19:30:00,34,3.0,3.1130561008275066,19.497630832997327,2.0,-28.960546619453098,35.18665882110811,-35.10230033184725,41.32841253350227,3,12,2,6,-47.11284092497361,53.338953126628624
2013-09-27 20:30:00,34,2.0,1.7621007001083626,19.497630832997327,2.0,-30.31150202017224,33.83570342038897,-36.4532557325664,39.97745713278312,3,12,2,6,-48.463796325692755,51.98799772590948
2013-09-27 21:30:00,34,2.0,0.8226402273470441,19.497630832997327,3.0,-31.25096249293356,32.89624294762765,-37.39271620532772,39.03799666002181,3,12,2,6,-49.40325679845407,51.04853725314816
2013-09-27 22:30:00,34,3.0,-0.2883764747182837,19.497630832997327,4.0,-32.36197919499889,31.78522624556232,-38.50373290739304,37.92697995795648,3,12,2,6,-50.5142735005194,49.937520551082834
2013-09-27 23:30:00,34,3.0,-0.7401970736659251,19.497630832997327,1.0,-32.81379979394653,31.33340564661468,-38.955553506340685,37.47515935900884,3,12,2,6,-50.96609409946704,49.48569995213519
2013-09-28 00:30:00,34,5.0,-0.8669977370106992,19.497630832997327,2.0,-32.9406004572913,31.206604983269905,-39.08235416968546,37.34835869566406,3,12,2,6,-51.09289476281182,49.35889928879042
2013-09-28 01:30:00,34,7.0,0.7168439121950811,19.497630832997327,3.0,-31.356758808085523,32.790446632475685,-37.49851252047968,38.93220034486984,3,12,2,6,-49.509053113606036,50.9427409379962
2013-09-28 02:30:00,34,6.0,-0.765423329314757,19.497630832997327,2.0,-32.83902604959536,31.308179390965847,-38.98077976198952,37.44993310336,3,12,2,6,-50.991320355115874,49.46047369648636
2013-09-28 03:30:00,34,3.0,-0.3991023330040448,19.497630832997327,2.0,-32.47270505328465,31.67450038727656,-38.614458765678805,37.81625409967072,3,12,2,6,-50.62499935880516,49.82679469279707
2013-09-28 04:30:00,34,1.0,1.2462295096763043,19.497630832997327,3.0,-30.8273732106043,33.31983222995691,-36.969126922998456,39.46158594235106,3,12,2,6,-48.97966751612481,51.47212653547742
2013-09-28 05:30:00,34,1.0,2.465246716403464,19.497630832997327,3.0,-29.60835600387714,34.53884943668407,-35.7501097162713,40.68060314907822,3,12,2,6,-47.760650309397654,52.69114374220458
2013-09-28 06:30:00,34,1.0,3.0305663404822667,19.497630832997327,5.0,-29.043036379798338,35.10416906076287,-35.18479009219249,41.24592277315703,3,12,2,6,-47.19533068531885,53.256463366283384
2013-09-28 07:30:00,34,1.0,2.519770523509507,19.497630832997327,7.0,-29.553832196771097,34.59337324379011,-35.69558590916525,40.73512695618427,3,12,2,6,-47.70612650229161,52.745667549310625
2013-09-28 08:30:00,34,0.0,4.699015875744514,19.497630832997327,6.0,-27.37458684453609,36.77261859602512,-33.516340556930245,42.91437230841928,3,12,2,6,-45.5268811500566,54.92491290154563
2013-09-28 09:30:00,34,0.0,5.23980970786905,19.497630832997327,3.0,-26.833793012411554,37.31341242814965,-32.97554672480571,43.45516614054381,3,12,2,6,-44.98608731793207,55.46570673367017
2013-09-28 10:30:00,34,0.0,5.418325151558364,19.497630832997327,1.0,-26.65527756872224,37.49192787183897,-32.7970312811164,43.63368158423312,3,12,2,6,-44.807571874242754,55.64422217735948
2013-09-28 11:30:00,34,1.0,5.1661438775465385,19.497630832997327,1.0,-26.907458842734066,37.23974659782714,-33.04921255512822,43.3815003102213,3,12,2,6,-45.05975314825458,55.392040903347656
2013-09-28 12:30:00,34,0.0,4.782316070193716,19.497630832997327,1.0,-27.29128665008689,36.85591879047432,-33.433040362481044,42.99767250286848,3,12,2,6,-45.4435809556074,55.00821309599483
2013-09-28 13:30:00,34,0.0,4.947147369897628,19.497630832997327,1.0,-27.126455350382976,37.02075009017823,-33.26820906277713,43.16250380257239,3,12,2,6,-45.27874965590349,55.173044395698746
2013-09-28 14:30:00,34,1.0,4.245524204706413,19.497630832997327,0.0,-27.82807851557419,36.31912692498702,-33.96983222796835,42.46088063738117,3,12,2,6,-45.980372821094704,54.47142123050753
2013-09-28 15:30:00,34,3.0,2.7534958940329872,19.497630832997327,0.0,-29.320106826247617,34.82709861431359,-35.46186053864177,40.96885232670775,3,12,2,6,-47.47240113176813,52.979392919834105
2013-09-28 16:30:00,34,4.0,2.5841749328328163,19.497630832997327,0.0,-29.489427787447788,34.65777765311342,-35.631181499841944,40.799531365507576,3,12,2,6,-47.6417220929683,52.810071958633934
2013-09-28 17:30:00,34,3.0,2.474175835513435,19.497630832997327,1.0,-29.59942688476717,34.54777855579404,-35.741180597161325,40.6895322681882,3,12,2,6,-47.75172119028768,52.70007286131455
2013-09-28 18:30:00,34,3.0,1.6470788238733078,19.497630832997327,0.0,-30.426523896407296,33.72068154415391,-36.56827760880145,39.86243525654807,3,12,2,6,-48.57881820192781,51.872975849674425
2013-09-28 19:30:00,34,2.0,0.603992756214879,19.497630832997327,0.0,-31.469609964065725,32.67759547649548,-37.61136367645988,38.81934918888964,3,12,2,6,-49.62190426958624,50.829889782016
2013-09-28 20:30:00,34,3.0,0.2864723243999592,19.497630832997327,1.0,-31.787130395880645,32.36007504468056,-37.9288841082748,38.50182875707472,3,12,2,6,-49.93942470140116,50.51236935020108
2013-09-28 21:30:00,34,6.0,0.6106292313552473,19.497630832997327,3.0,-31.46297348892536,32.68423195163585,-37.60472720131951,38.82598566403001,3,12,2,6,-49.61526779444587,50.836526257156365
2013-09-28 22:30:00,34,7.0,1.0782975225599074,19.497630832997327,4.0,-30.995305197720697,33.15190024284051,-37.13705891011485,39.29365395523467,3,12,2,6,-49.14759950324121,51.304194548361025
2013-09-28 23:30:00,34,6.0,0.6883472321975432,19.497630832997327,3.0,-31.38525548808306,32.76194995247815,-37.52700920047722,38.9037036648723,3,12,2,6,-49.537549793603574,50.91424425799866
2013-09-29 00:30:00,34,7.0,0.1974990912230652,19.497630832997327,3.0,-31.87610362905754,32.27110181150367,-38.017857341451695,38.41285552389783,3,12,2,6,-50.02839793457805,50.42339611702418
2013-09-29 01:30:00,34,8.0,0.8624495155449523,19.497630832997327,2.0,-31.21115320473565,32.93605223582556,-37.35290691712981,39.07780594821971,3,12,2,6,-49.363447510256165,51.08834654134607
2013-09-29 02:30:00,34,8.0,1.743441590428759,19.497630832997327,3.0,-30.330161129851845,33.81704431070936,-36.471914842246,39.95879802310352,3,12,2,6,-48.48245543537236,51.96933861622988
2013-09-29 03:30:00,34,6.0,2.1471525259308777,19.497630832997327,6.0,-29.926450194349727,34.22075524621148,-36.06820390674388,40.36250895860564,3,12,2,6,-48.07874449987024,52.373049551731995
2013-09-29 04:30:00,34,3.0,3.585646763182752,19.497630832997327,7.0,-28.487955957097853,35.65924948346336,-34.62970966949201,41.80100319585751,3,12,2,6,-46.640250262618366,53.81154378898387
2013-09-29 05:30:00,34,3.0,3.195383296219738,19.497630832997327,6.0,-28.878219424060863,35.26898601650034,-35.01997313645502,41.4107397288945,3,12,2,6,-47.03051372958138,53.421280322020856
2013-09-29 06:30:00,34,4.0,4.761022452010984,19.497630832997327,7.0,-27.31258026826962,36.83462517229159,-33.454333980663776,42.976378884685744,3,12,2,6,-45.464874573790134,54.9869194778121
2013-09-29 07:30:00,34,5.0,5.68740361803853,19.497630832997327,8.0,-26.38619910224208,37.761006338319135,-32.52795281463623,43.90276005071329,3,12,2,6,-44.53849340776259,55.91330064383965
2013-09-29 08:30:00,34,6.0,6.059390481093722,19.497630832997327,8.0,-26.01421223918688,38.132993201374326,-32.15596595158104,44.27474691376848,3,12,2,6,-44.166506544707396,56.28528750689484
2013-09-29 09:30:00,34,8.0,5.887229414538091,19.497630832997327,6.0,-26.18637330574252,37.960832134818695,-32.32812701813667,44.10258584721285,3,12,2,6,-44.33866761126303,56.11312644033921
2013-09-29 10:30:00,34,9.0,4.242351797461723,19.497630832997327,3.0,-27.83125092281888,36.31595451774233,-33.97300463521304,42.45770823013648,3,12,2,6,-45.983545228339395,54.46824882326284
2013-09-29 11:30:00,34,7.0,5.184279432451021,19.497630832997327,3.0,-26.889323287829583,37.257882152731625,-33.03107700022374,43.39963586512578,3,12,2,6,-45.0416175933501,55.41017645825214
2013-09-29 12:30:00,34,7.0,5.011812361277961,19.497630832997327,4.0,-27.061790359002643,37.085415081558565,-33.2035440713968,43.22716879395272,3,12,2,6,-45.214084664523156,55.23770938707908
2013-09-29 13:30:00,34,5.0,5.32266045803641,19.497630832997327,5.0,-26.750942262244195,37.39626317831701,-32.89269597463835,43.53801689071117,3,12,2,6,-44.90323656776471,55.54855748383753
2013-09-29 14:30:00,34,6.0,6.106763820928563,19.497630832997327,6.0,-25.96683889935204,38.18036654120917,-32.1085926117462,44.32212025360332,3,12,2,6,-44.119133204872554,56.33266084672968
2013-09-29 15:30:00,34,8.0,5.972341730081091,19.497630832997327,8.0,-26.10126099019952,38.045944450361695,-32.24301470259367,44.18769816275585,3,12,2,6,-44.25355529572003,56.19823875588221
2013-09-29 16:30:00,34,9.0,5.123575766469671,19.497630832997327,9.0,-26.950026953810934,37.19717848675028,-33.09178066620509,43.33893219914443,3,12,2,6,-45.10232125933145,55.34947279227079
2013-09-29 17:30:00,34,8.0,3.665043008098728,19.497630832997327,7.0,-28.40855971218188,35.73864572837933,-34.55031342457603,41.88039944077349,3,12,2,6,-46.56085401770239,53.890940033899845
2013-09-29 18:30:00,34,8.0,5.916476762112751,19.497630832997327,7.0,-26.157125958167853,37.99007948239336,-32.29887967056201,44.13183319478751,3,12,2,6,-44.30942026368837,56.14237378791387
2013-09-29 19:30:00,34,10.0,5.616181043333256,19.497630832997327,5.0,-26.457421676947348,37.68978376361386,-32.599175389341504,43.831537476008016,3,12,2,6,-44.60971598246786,55.842078069134374
2013-09-29 20:30:00,34,14.0,6.030167040129797,19.497630832997327,6.0,-26.043435680150807,38.1037697604104,-32.18518939254496,44.24552347280456,3,12,2,6,-44.19572998567132,56.256064065930914
2013-09-29 21:30:00,34,11.0,6.817784674800173,19.497630832997327,8.0,-25.25581804548043,38.89138739508078,-31.397571757874587,45.03314110747493,3,12,2,6,-43.408112351000945,57.04368170060129
2013-09-29 22:30:00,34,10.0,7.442827793820129,19.497630832997327,9.0,-24.630774926460475,39.51643051410073,-30.77252863885463,45.65818422649489,3,12,2,6,-42.78306923198099,57.66872481962125
2013-09-29 23:30:00,34,11.0,7.233903141274382,19.497630832997327,8.0,-24.839699579006226,39.307505861554986,-30.981453291400378,45.44925957394914,3,12,2,6,-42.991993884526735,57.4598001670755
2013-09-30 00:30:00,34,9.0,7.21111535992064,19.497630832997327,8.0,-24.862487360359964,39.284718080201245,-31.00424107275412,45.4264717925954,3,12,2,6,-43.01478166588048,57.43701238572176
2013-09-30 01:30:00,34,6.0,8.183277685507996,19.497630832997327,10.0,-23.89032503477261,40.2568804057886,-30.032078747166764,46.39863411818276,3,12,2,6,-42.04261934029312,58.40917471130911
2013-09-30 02:30:00,34,8.0,9.83099301727875,19.497630832997327,14.0,-22.24260970300185,41.90459573755936,-28.38436341539601,48.04634944995351,3,12,2,6,-40.39490400852237,60.05689004307987
2013-09-30 03:30:00,34,8.0,9.670541408661704,19.497630832997327,11.0,-22.4030613116189,41.74414412894231,-28.54481502401305,47.88589784133647,3,12,2,6,-40.55535561713941,59.89643843446282
2013-09-30 04:30:00,34,8.0,9.834445131869051,19.497630832997327,10.0,-22.23915758841155,41.90804785214966,-28.380911300805707,48.04980156454381,3,12,2,6,-40.391451893932064,60.06034215767017
2013-09-30 05:30:00,34,6.0,10.37235343607773,19.497630832997327,11.0,-21.70124928420288,42.445956156358335,-27.84300299659703,48.58770986875249,3,12,2,6,-39.85354358972339,60.59825046187885
2013-09-30 06:30:00,34,4.0,10.378057553399389,19.497630832997327,9.0,-21.695545166881217,42.45166027367999,-27.837298879275373,48.59341398607415,3,12,2,6,-39.84783947240173,60.603954579200504
2013-09-30 07:30:00,34,6.0,5.737712689671781,19.497630832997327,6.0,-26.335890030608823,37.81131540995239,-32.47764374300298,43.95306912234654,3,12,2,6,-44.488184336129336,55.9636097154729
2013-09-30 08:30:00,34,7.0,0.3380675716908143,19.497630832997327,8.0,-31.73553514858979,32.41167029197142,-37.877288860983946,38.55342400436557,3,12,2,6,-49.8878294541103,50.56396459749193
2013-09-30 09:30:00,34,5.0,7.551521590193317,19.497630832997327,8.0,-24.522081130087287,39.62512431047392,-30.66383484248144,45.76687802286808,3,12,2,6,-42.6743754356078,57.777418615994435
2013-09-30 10:30:00,34,3.0,3.9521590123793473,19.497630832997327,8.0,-28.121443707901257,36.02576173265995,-34.26319742029541,42.16751544505411,3,12,2,6,-46.27373801342177,54.178056038180465
2013-09-30 11:30:00,34,2.0,-0.3230840921850912,19.497630832997327,6.0,-32.396686812465695,31.75051862809552,-38.53844052485985,37.89227234048967,3,12,2,6,-50.54898111798621,49.902812933616026
2013-09-30 12:30:00,34,2.0,6.058032585603904,19.497630832997327,4.0,-26.0155701346767,38.13163530588451,-32.157323847070856,44.27338901827866,3,12,2,6,-44.167864440197214,56.28392961140502
2013-09-30 13:30:00,34,3.0,6.798176472674349,19.497630832997327,6.0,-25.27542624760625,38.87177919295495,-31.41717996000041,45.01353290534911,3,12,2,6,-43.42772055312677,57.02407349847547
2013-09-30 14:30:00,34,2.0,5.582013715269092,19.497630832997327,7.0,-26.491589005011512,37.655616435549696,-32.63334271740567,43.79737014794385,3,12,2,6,-44.643883310532026,55.80791074107021
2013-09-30 15:30:00,34,2.0,4.655027711989916,19.497630832997327,5.0,-27.418575008290688,36.72863043227052,-33.56032872068484,42.87038414466468,3,12,2,6,-45.5708693138112,54.880924737791034
2013-09-30 16:30:00,34,2.0,7.410965063030929,19.497630832997327,3.0,-24.662637657249675,39.48456778331153,-30.80439136964383,45.62632149570569,3,12,2,6,-42.81493196277019,57.636862088832046
2013-09-30 17:30:00,34,5.0,6.9992167249993,19.497630832997327,2.0,-25.074385995281304,39.072819445279904,-31.21613970767546,45.21457315767406,3,12,2,6,-43.22668030080182,57.22511375080042
2013-09-30 18:30:00,34,8.0,6.370898400308484,19.497630832997327,2.0,-25.70270431997212,38.44450112058909,-31.84445803236628,44.58625483298324,3,12,2,6,-43.854998625492634,56.5967954261096
2013-09-30 19:30:00,34,8.0,6.177503482096967,19.497630832997327,3.0,-25.89609923818364,38.25110620237757,-32.03785295057779,44.392859914771726,3,12,2,6,-44.04839354370415,56.403400507898084
2013-09-30 20:30:00,34,7.0,5.455672058850446,19.497630832997327,2.0,-26.61793066143016,37.52927477913105,-32.759684373824314,43.671028491525206,3,12,2,6,-44.77022496695067,55.681569084651564
2013-09-30 21:30:00,34,8.0,5.659872765114727,19.497630832997327,2.0,-26.41372995516588,37.73347548539533,-32.55548366756003,43.87522919778949,3,12,2,6,-44.56602426068639,55.885769790915845
2013-09-30 22:30:00,34,8.0,3.852769668904692,19.497630832997327,2.0,-28.220833051375912,35.926372389185296,-34.36258676377007,42.06812610157945,3,12,2,6,-46.373127356896426,54.07866669470581
2013-09-30 23:30:00,34,8.0,3.2366724036222223,19.497630832997327,5.0,-28.836930316658385,35.31027512390283,-34.97868402905254,41.45202883629698,3,12,2,6,-46.989224622178895,53.46256942942334
2013-10-01 00:30:00,34,10.0,4.176068328534548,19.497630832997327,8.0,-27.897534391746056,36.24967104881515,-34.03928810414021,42.39142476120931,3,12,2,6,-46.04982869726657,54.401965354335665
2013-10-01 01:30:00,34,12.0,2.572384192417722,19.497630832997327,8.0,-29.50121852786288,34.645986912698326,-35.64297224025704,40.78774062509248,3,12,2,6,-47.653512833383395,52.79828121821884
2013-10-01 02:30:00,34,13.0,3.3307927300906144,19.497630832997327,7.0,-28.74280999018999,35.40439545037122,-34.884563702584146,41.546149162765374,3,12,2,6,-46.8951042957105,53.55668975589173
2013-10-01 03:30:00,34,13.0,3.565560428842197,19.497630832997327,8.0,-28.508042291438407,35.6391631491228,-34.64979600383256,41.78091686151696,3,12,2,6,-46.66033659695892,53.791457454643314
2013-10-01 04:30:00,34,16.0,4.52343616385361,19.497630832997327,8.0,-27.550166556427,36.59703888413421,-33.69192026882115,42.73879259652837,3,12,2,6,-45.70246086194751,54.74933318965473
2013-10-01 05:30:00,34,16.0,5.519956935120078,19.497630832997327,8.0,-26.553645785160526,37.59355965540068,-32.69539949755468,43.73531336779484,3,12,2,6,-44.70594009068104,55.745853960921195
2013-10-01 06:30:00,34,16.0,6.690075560247422,19.497630832997327,10.0,-25.383527160033186,38.763678280528026,-31.52528087242733,44.90543199292218,3,12,2,6,-43.535821465553695,56.91597258604854
2013-10-01 07:30:00,34,18.0,8.225922297739224,19.497630832997327,12.0,-23.84768042254138,40.29952501801983,-29.989434134935536,46.441278730413984,3,12,2,6,-41.99997472806189,58.45181932354034
2013-10-01 08:30:00,34,16.0,9.519365565010304,19.497630832997327,13.0,-22.5542371552703,41.59296828529091,-28.695990867664456,47.73472199768506,3,12,2,6,-40.70653146079081,59.74526259081142
2013-10-01 09:30:00,34,16.0,11.07606364838621,19.497630832997327,13.0,-20.9975390718944,43.149666368666814,-27.13929278428855,49.29142008106097,3,12,2,6,-39.14983337741491,61.30196067418733
2013-10-01 10:30:00,34,17.0,12.809823653518675,19.497630832997327,16.0,-19.263779066761927,44.88342637379928,-25.405532779156083,51.02518008619344,3,12,2,6,-37.41607337228244,63.035720679319795
2013-10-01 11:30:00,34,14.0,12.858908706682229,19.497630832997327,16.0,-19.21469401359837,44.93251142696283,-25.35644772599253,51.07426513935699,3,12,2,6,-37.36698831911889,63.084805732483346
2013-10-01 12:30:00,34,13.0,13.52524810508789,19.497630832997327,16.0,-18.548354615192714,45.598850825368494,-24.69010832758687,51.74060453776265,3,12,2,6,-36.70064892071323,63.75114513088901
2013-10-01 13:30:00,34,10.0,13.906123446014796,19.497630832997327,18.0,-18.16747927426581,45.9797261662954,-24.309232986659964,52.12147987868956,3,12,2,6,-36.31977357978632,64.1320204718159
2013-10-01 14:30:00,34,9.0,12.65935066422292,19.497630832997327,16.0,-19.414252056057684,44.73295338450352,-25.55600576845184,50.87470709689768,3,12,2,6,-37.5665463615782,62.88524769002404
2013-10-01 15:30:00,34,3.0,12.385050993957968,19.497630832997327,16.0,-19.68855172632264,44.45865371423857,-25.830305438716792,50.60040742663273,3,12,2,6,-37.84084603184315,62.610948019759086
2013-10-01 16:30:00,34,8.0,11.995468865400936,19.497630832997327,17.0,-20.078133854879667,44.06907158568154,-26.219887567273823,50.2108252980757,3,12,2,6,-38.23042816040018,62.221365891202055
2013-10-01 17:30:00,34,15.0,11.383402254688583,19.497630832997327,14.0,-20.69020046559202,43.45700497496919,-26.831954177986177,49.59875868736334,3,12,2,6,-38.842494771112534,61.6092992804897
2013-10-01 18:30:00,34,15.0,-1.0680905838792754,19.497630832997327,13.0,-33.14169330415988,31.00551213640133,-39.28344701655404,37.147265848795485,3,12,2,6,-51.29398760968039,49.15780644192184
2013-10-01 19:30:00,34,9.0,0.308437718344372,19.497630832997327,10.0,-31.765165001936232,32.382040438624976,-37.90691871433039,38.52379415101913,3,12,2,6,-49.917459307456745,50.53433474414549
2013-10-01 20:30:00,34,5.0,0.7661010929559424,19.497630832997327,9.0,-31.307501627324665,32.83970381323655,-37.44925533971882,38.9814575256307,3,12,2,6,-49.459795932845175,50.99199811875706
2013-10-01 21:30:00,34,-2.0,3.20493637786992,19.497630832997327,3.0,-28.868666342410684,35.278539098150524,-35.01042005480484,41.42029281054468,3,12,2,6,-47.0209606479312,53.43083340367104
2013-10-01 22:30:00,34,-7.0,2.863958779600651,19.497630832997327,8.0,-29.20964394067996,34.937561499881255,-35.35139765307411,41.07931521227541,3,12,2,6,-47.36193824620047,53.08985580540177
2013-10-01 23:30:00,34,-8.0,3.926861036898309,19.497630832997327,15.0,-28.14674168338229,36.00046375717891,-34.28849539577645,42.14221746957307,3,12,2,6,-46.29903598890281,54.15275806269943
2013-10-02 00:30:00,34,-5.0,2.065896346699624,19.497630832997327,15.0,-30.00770637358098,34.13949906698023,-36.149460085975136,40.281252779374384,3,12,2,6,-48.16000067910149,52.29179337250074
2013-10-02 01:30:00,34,-3.0,0.2041260037191392,19.497630832997327,9.0,-31.869476716561465,32.27772872399974,-38.01123042895562,38.4194824363939,3,12,2,6,-50.02177102208198,50.43002302952026
2013-10-02 02:30:00,34,26.0,-4.7426824843579,19.497630832997327,5.0,-36.8162852046385,27.330920235922704,-42.95803891703266,33.47267394831686,3,12,2,6,-54.96857951015902,45.48321454144322
2013-10-02 03:30:00,34,-10.0,-10.471602914652768,19.497630832997327,-2.0,-42.54520563493337,21.60199980562784,-48.68695934732753,27.743753518022,3,12,2,6,-60.69749994045389,39.75429411114835
2013-10-02 04:30:00,34,-19.0,-10.944337016672431,19.497630832997327,-7.0,-43.01793973695304,21.129265703608173,-49.15969344934719,27.27101941600233,3,12,2,6,-61.17023404247355,39.28156000912868
2013-10-02 05:30:00,34,-39.0,-10.51763270296424,19.497630832997327,-8.0,-42.59123542324484,21.55597001731637,-48.732989135639,27.69772372971052,3,12,2,6,-60.74352972876536,39.708264322836875
2013-10-02 06:30:00,34,-68.0,-7.457842329466189,19.497630832997327,-5.0,-39.53144504974679,24.61576039081441,-45.67319876214095,30.75751410320857,3,12,2,6,-57.683739355267306,42.76805469633493
2013-10-02 07:30:00,34,-72.0,-9.865587067117747,19.497630832997327,-3.0,-41.93918978739835,22.208015653162857,-48.08094349979251,28.34976936555701,3,12,2,6,-60.09148409291886,40.360309958683374
2013-10-02 08:30:00,34,-68.0,-5.351619719724884,19.497630832997327,26.0,-37.42522244000549,26.72198300055572,-43.56697615239965,32.86373671294987,3,12,2,6,-55.577516745526,44.87427730607624
2013-10-02 09:30:00,34,-62.0,-13.523592561067598,19.497630832997327,-10.0,-45.597195281348206,18.55001015921301,-51.73894899374236,24.69176387160716,3,12,2,6,-63.74948958686872,36.702304464733515
2013-10-02 10:30:00,34,-64.0,-62.78220771856742,19.497630832997327,-19.0,-94.85581043884802,-30.708604998286816,-100.9975641512422,-24.56685128589266,3,12,2,6,-113.00810474436854,-12.556310692766303
2013-10-02 11:30:00,34,-60.0,-74.73883610555713,19.497630832997327,-39.0,-106.81243882583772,-42.66523338527652,-112.9541925382319,-36.52347967288237,3,12,2,6,-124.96473313135824,-24.51293907975601
2013-10-02 12:30:00,34,-64.0,-75.3826004914446,19.497630832997327,-68.0,-107.4562032117252,-43.308997771164,-113.59795692411936,-37.167244058769846,3,12,2,6,-125.60849751724572,-25.15670346564349
2013-10-02 13:30:00,34,-61.0,-60.16565547076272,19.497630832997327,-72.0,-92.23925819104332,-28.09205275048211,-98.38101190343748,-21.950299038087955,3,12,2,6,-110.39155249656383,-9.939758444961605
2013-10-02 14:30:00,34,-58.0,-55.41111589953152,19.497630832997327,-68.0,-87.48471861981213,-23.33751317925092,-93.62647233220628,-17.195759466856764,3,12,2,6,-105.63701292533264,-5.185218873730399
2013-10-02 15:30:00,34,-55.0,-55.75691785184736,19.497630832997327,-62.0,-87.83052057212797,-23.68331513156676,-93.97227428452211,-17.541561419172602,3,12,2,6,-105.98281487764848,-5.531020826046245
2013-10-02 16:30:00,34,-49.0,-57.717008912802605,19.497630832997327,-64.0,-89.79061163308322,-25.643406192522,-95.93236534547736,-19.501652480127845,3,12,2,6,-107.94290593860373,-7.4911118870014874
2013-10-02 17:30:00,34,-43.0,-56.82249047756426,19.497630832997327,-60.0,-88.89609319784486,-24.74888775728365,-95.037846910239,-18.6071340448895,3,12,2,6,-107.04838750336538,-6.596593451763141
2013-10-02 18:30:00,34,-42.0,-56.276649959913314,19.497630832997327,-64.0,-88.35025268019392,-24.20304723963271,-94.49200639258808,-18.06129352723856,3,12,2,6,-106.50254698571443,-6.050752934112197
2013-10-02 19:30:00,34,-47.0,-55.79348779429052,19.497630832997327,-61.0,-87.86709051457112,-23.71988507400992,-94.00884422696528,-17.57813136161576,3,12,2,6,-106.01938482009163,-5.567590768489403
2013-10-02 20:30:00,34,-50.0,-54.95303774522369,19.497630832997327,-58.0,-87.0266404655043,-22.879435024943085,-93.16839417789843,-16.73768131254893,3,12,2,6,-105.17893477102481,-4.727140719422572
2013-10-02 21:30:00,34,-54.0,-54.23401056741653,19.497630832997327,-55.0,-86.30761328769714,-22.16040784713593,-92.44936700009129,-16.018654134741773,3,12,2,6,-104.45990759321765,-4.008113541615415
2013-10-02 22:30:00,34,-53.0,-51.99005121524918,19.497630832997327,-49.0,-84.06365393552979,-19.916448494968577,-90.20540764792396,-13.77469478257442,3,12,2,6,-102.2159482410503,-1.764154189448064
2013-10-02 23:30:00,34,-46.0,-49.05704835646,19.497630832997327,-43.0,-81.1306510767406,-16.983445636179397,-87.27240478913475,-10.84169192378524,3,12,2,6,-99.28294538226112,1.1688486693411164
2013-10-03 00:30:00,34,-46.0,-47.09317407435576,19.497630832997327,-42.0,-79.16677679463636,-15.019571354075154,-85.30853050703053,-8.877817641680998,3,12,2,6,-97.31907110015688,3.132722951445359
2013-10-03 01:30:00,34,-53.0,-49.41301300899979,19.497630832997327,-47.0,-81.4866157292804,-17.339410288719186,-87.62836944167455,-11.19765657632503,3,12,2,6,-99.63891003480092,0.8128840168013269
2013-10-03 02:30:00,34,-53.0,-56.507379832111546,19.497630832997327,-50.0,-88.58098255239216,-24.433777111830945,-94.7227362647863,-18.292023399436783,3,12,2,6,-106.73327685791267,-6.281482806310429
2013-10-03 03:30:00,34,-50.0,-57.02185726713768,19.497630832997327,-54.0,-89.09545998741828,-24.948254546857072,-95.23721369981244,-18.80650083446292,3,12,2,6,-107.2477542929388,-6.795960241336566
2013-10-03 04:30:00,34,-49.0,-47.66753398328444,19.497630832997327,-53.0,-79.74113670356505,-15.59393126300384,-85.8828904159592,-9.452177550609685,3,12,2,6,-97.89343100908556,2.5583630425166746
2013-10-03 05:30:00,34,-48.0,-44.825273446866646,19.497630832997327,-46.0,-76.89887616714725,-12.751670726586042,-83.0406298795414,-6.609917014191886,3,12,2,6,-95.05117047266776,5.400623578934471
2013-10-03 06:30:00,34,-46.0,-42.12530864354228,19.497630832997327,-46.0,-74.19891136382289,-10.05170592326168,-80.34066507621705,-3.909952210867523,3,12,2,6,-92.3512056693434,8.100588382258834
2013-10-03 07:30:00,34,-45.0,-39.42617310077783,19.497630832997327,-53.0,-71.49977582105844,-7.352570380497227,-77.6415295334526,-1.210816668103071,3,12,2,6,-89.65207012657895,10.799723925023287
2013-10-03 08:30:00,34,-42.0,-39.72485631866317,19.497630832997327,-53.0,-71.79845903894378,-7.65125359838256,-77.94021275133792,-1.5094998859884043,3,12,2,6,-89.95075334446429,10.501040707137946
2013-10-03 09:30:00,34,-39.0,-39.04920678953892,19.497630832997327,-50.0,-71.12280950981952,-6.975604069258317,-77.26456322221368,-0.8338503568641613,3,12,2,6,-89.27510381534003,11.176690236262196
2013-10-03 10:30:00,34,-36.0,-38.864758920395424,19.497630832997327,-49.0,-70.93836164067602,-6.79115620011482,-77.08011535307018,-0.6494024877206641,3,12,2,6,-89.09065594619653,11.361138105405693
2013-10-03 11:30:00,34,-34.0,-38.83918362822984,19.497630832997327,-48.0,-70.91278634851045,-6.765580907949236,-77.0545400609046,-0.62382719555508,3,12,2,6,-89.06508065403096,11.386713397571278
2013-10-03 12:30:00,34,-34.0,-38.496756990517326,19.497630832997327,-46.0,-70.57035971079793,-6.423154270236722,-76.71211342319208,-0.2814005578425664,3,12,2,6,-88.72265401631844,11.729140035283791
2013-10-03 13:30:00,34,-32.0,-38.43070063439215,19.497630832997327,-45.0,-70.50430335467274,-6.357097914111542,-76.6460570670669,-0.2153442017173858,3,12,2,6,-88.65659766019327,11.795196391408965
2013-10-03 14:30:00,34,-31.0,-37.953853101162686,19.497630832997327,-42.0,-70.02745582144328,-5.880250380882082,-76.16920953383745,0.261503331512074,3,12,2,6,-88.1797501269638,12.272043924638432
2013-10-03 15:30:00,34,-26.0,-35.99410808839785,19.497630832997327,-39.0,-68.06771080867846,-3.9205053681172473,-74.20946452107262,2.2212483442769084,3,12,2,6,-86.22000511419897,14.231788937403266
2013-10-03 16:30:00,34,-20.0,-34.023403388773644,19.497630832997327,-36.0,-66.09700610905425,-1.94980066849304,-72.23875982144841,4.1919530439011154,3,12,2,6,-84.24930041457476,16.202493637027473
2013-10-03 17:30:00,34,-17.0,-31.85829670496065,19.497630832997327,-34.0,-63.931899425241255,0.2153060153199497,-70.07365313763542,6.357059727714105,3,12,2,6,-82.08419373076177,18.367600320840467
2013-10-03 18:30:00,34,-15.0,-30.010097846062468,19.497630832997327,-34.0,-62.08370056634307,2.063504874218136,-68.22545427873723,8.205258586612292,3,12,2,6,-80.23599487186358,20.21579917973865
2013-10-03 19:30:00,34,-15.0,-28.46798907072096,19.497630832997327,-32.0,-60.54159179100156,3.6056136495596505,-66.68334550339571,9.747367361953806,3,12,2,6,-78.69388609652208,21.757907955080157
2013-10-03 20:30:00,34,-25.0,-27.351746383548697,19.497630832997327,-31.0,-59.425349103829305,4.721856336731907,-65.56710281622345,10.863610049126065,3,12,2,6,-77.57764340934982,22.87415064225242
2013-10-03 21:30:00,34,-25.0,-26.1070188123053,19.497630832997327,-26.0,-58.1806215325859,5.966583907975306,-64.32237524498007,12.10833762036946,3,12,2,6,-76.33291583810642,24.11887821349582
2013-10-03 22:30:00,34,-27.0,-24.412543345265085,19.497630832997327,-20.0,-56.48614606554569,7.661059375015519,-62.627899777939845,13.802813087409676,3,12,2,6,-74.6384403710662,25.813353680536032
2013-10-03 23:30:00,34,-27.0,-22.11418808635913,19.497630832997327,-17.0,-54.18779080663974,9.959414633921469,-60.329544519033895,16.101168346315625,3,12,2,6,-72.34008511216024,28.11170893944199
2013-10-04 00:30:00,34,-26.0,-20.709361529007047,19.497630832997327,-15.0,-52.78296424928765,11.364241191273557,-58.92471796168181,17.505994903667712,3,12,2,6,-70.93525855480817,29.51653549679407
2013-10-04 01:30:00,34,-25.0,-20.33716787376899,19.497630832997327,-15.0,-52.4107705940496,11.736434846511614,-58.55252430644375,17.87818855890577,3,12,2,6,-70.56306489957011,29.888729152032127
2013-10-04 02:30:00,34,-21.0,-20.27978722667997,19.497630832997327,-25.0,-52.353389946960576,11.79381549360063,-58.49514365935474,17.935569205994785,3,12,2,6,-70.50568425248109,29.946109799121146
2013-10-04 03:30:00,34,-19.0,-20.29196166819738,19.497630832997327,-25.0,-52.36556438847799,11.781641052083224,-58.50731810087214,17.92339476447738,3,12,2,6,-70.5178586939985,29.933935357603737
2013-10-04 04:30:00,34,-21.0,-20.66635831761478,19.497630832997327,-27.0,-52.73996103789538,11.407244402665825,-58.88171475028954,17.54899811505998,3,12,2,6,-70.8922553434159,29.559538708186338
2013-10-04 05:30:00,34,-20.0,-21.384016841957298,19.497630832997327,-27.0,-53.4576195622379,10.689585878323308,-59.59937327463206,16.831339590717462,3,12,2,6,-71.60991386775842,28.84188018384382
2013-10-04 06:30:00,34,-20.0,-21.29065555037977,19.497630832997327,-26.0,-53.36425827066037,10.782947169900831,-59.506011983054535,16.92470088229499,3,12,2,6,-71.51655257618089,28.935241475421346
2013-10-04 07:30:00,34,-20.0,-21.02456421491109,19.497630832997327,-25.0,-53.0981669351917,11.049038505369513,-59.23992064758585,17.19079221776367,3,12,2,6,-71.25046124071221,29.201332810890026
2013-10-04 08:30:00,34,-20.0,-20.22812145488745,19.497630832997327,-21.0,-52.30172417516805,11.845481265393154,-58.44347788756221,17.98723497778731,3,12,2,6,-70.45401848068857,29.997775570913667
2013-10-04 09:30:00,34,-16.0,-19.38859898231718,19.497630832997327,-19.0,-51.46220170259778,12.685003737963424,-57.60395541499194,18.82675745035758,3,12,2,6,-69.6144960081183,30.837298043483937
2013-10-04 10:30:00,34,-18.0,-19.20440691390856,19.497630832997327,-21.0,-51.27800963418916,12.869195806372048,-57.41976334658332,19.010949518766203,3,12,2,6,-69.43030393970967,31.021490111892557
2013-10-04 11:30:00,34,-20.0,-19.39511951039548,19.497630832997327,-20.0,-51.46872223067608,12.678483209885126,-57.61047594307024,18.82023692227928,3,12,2,6,-69.6210165361966,30.830777515405636
2013-10-04 12:30:00,34,-21.0,-20.06913293084746,19.497630832997327,-20.0,-52.14273565112806,12.004469789433143,-58.28448936352222,18.1462235018273,3,12,2,6,-70.29502995664858,30.156764094953658
2013-10-04 13:30:00,34,-21.0,-20.114167008821767,19.497630832997327,-20.0,-52.18776972910237,11.959435711458838,-58.32952344149653,18.101189423853,3,12,2,6,-70.34006403462288,30.11173001697935
2013-10-04 14:30:00,34,-21.0,-20.39548924599048,19.497630832997327,-20.0,-52.46909196627108,11.678113474290129,-58.61084567866524,17.819867186684284,3,12,2,6,-70.6213862717916,29.83040777981064
2013-10-04 15:30:00,34,-20.0,-18.802930051179736,19.497630832997327,-16.0,-50.87653277146034,13.270672669100868,-57.018286483854496,19.412426381495024,3,12,2,6,-69.02882707698086,31.42296697462138
2013-10-04 16:30:00,34,-18.0,-17.925656649595943,19.497630832997327,-18.0,-49.99925936987655,14.14794607068466,-56.1410130822707,20.289699783078817,3,12,2,6,-68.15155367539705,32.300240376205174
2013-10-04 17:30:00,34,-18.0,-17.801418774922084,19.497630832997327,-20.0,-49.87502149520269,14.27218394535852,-56.01677520759685,20.41393765775268,3,12,2,6,-68.0273158007232,32.424478250879034
2013-10-04 18:30:00,34,-17.0,-17.64987476946535,19.497630832997327,-21.0,-49.72347748974595,14.423727950815255,-55.86523120214011,20.56548166320941,3,12,2,6,-67.87577179526647,32.57602225633577
2013-10-04 19:30:00,34,-16.0,-17.55368173984612,19.497630832997327,-21.0,-49.62728446012672,14.519920980434485,-55.76903817252088,20.66167469282864,3,12,2,6,-67.77957876564724,32.672215285955
2013-10-04 20:30:00,34,-16.0,-18.014023850190675,19.497630832997327,-21.0,-50.08762657047128,14.05957887008993,-56.22938028286544,20.201332582484085,3,12,2,6,-68.2399208759918,32.21187317561044
2013-10-04 21:30:00,34,-15.0,-18.286440874860155,19.497630832997327,-20.0,-50.36004359514076,13.78716184542045,-56.50179730753492,19.928915557814605,3,12,2,6,-68.51233790066127,31.939456150940963
2013-10-04 22:30:00,34,-14.0,-17.623437643982726,19.497630832997327,-18.0,-49.69704036426333,14.450165076297878,-55.838794076657486,20.59191878869204,3,12,2,6,-67.84933466978384,32.60245938181839
2013-10-04 23:30:00,34,-15.0,-16.871026079613006,19.497630832997327,-18.0,-48.94462879989361,15.202576640667598,-55.08638251228777,21.34433035306176,3,12,2,6,-67.09692310541412,33.354870946188115
2013-10-05 00:30:00,34,-17.0,-16.294999879916006,19.497630832997327,-17.0,-48.36860260019661,15.7786028403646,-54.510356312590766,21.920356552758754,3,12,2,6,-66.52089690571712,33.93089714588511
2013-10-05 01:30:00,34,-17.0,-15.3069826900884,19.497630832997327,-16.0,-47.38058541036901,16.766620030192204,-53.52233912276316,22.90837374258636,3,12,2,6,-65.53287971588952,34.918914335712714
2013-10-05 02:30:00,34,-15.0,-14.777991551684329,19.497630832997327,-16.0,-46.85159427196493,17.295611168596277,-52.99334798435909,23.43736488099044,3,12,2,6,-65.00388857748544,35.44790547411679
2013-10-05 03:30:00,34,-14.0,-14.25492447142068,19.497630832997327,-15.0,-46.32852719170128,17.818678248859925,-52.47028090409544,23.96043196125408,3,12,2,6,-64.4808214972218,35.97097255438044
2013-10-05 04:30:00,34,-14.0,-13.958936723895851,19.497630832997327,-14.0,-46.03253944417646,18.11466599638475,-52.17429315657061,24.256419708778907,3,12,2,6,-64.18483374969696,36.266960301905264
2013-10-05 05:30:00,34,-14.0,-13.855483256596042,19.497630832997327,-15.0,-45.92908597687665,18.21811946368456,-52.0708396892708,24.35987317607872,3,12,2,6,-64.08138028239716,36.37041376920507
2013-10-05 06:30:00,34,-14.0,-14.094451346853972,19.497630832997327,-17.0,-46.16805406713458,17.97915137342663,-52.30980777952873,24.120905085820787,3,12,2,6,-64.32034837265509,36.131445678947145
2013-10-05 07:30:00,34,-13.0,-13.905175537672296,19.497630832997327,-17.0,-45.9787782579529,18.16842718260831,-52.12053197034706,24.310180895002464,3,12,2,6,-64.13107256347341,36.320721488128825
2013-10-05 08:30:00,34,-15.0,-13.57366017593241,19.497630832997327,-15.0,-45.64726289621301,18.4999425443482,-51.78901660860717,24.64169625674235,3,12,2,6,-63.79955720173353,36.65223684986871
2013-10-05 09:30:00,34,-15.0,-13.265480056932123,19.497630832997327,-14.0,-45.33908277721272,18.80812266334848,-51.48083648960689,24.94987637574264,3,12,2,6,-63.49137708273324,36.960416968869
2013-10-05 10:30:00,34,-14.0,-13.174833361003696,19.497630832997327,-14.0,-45.2484360812843,18.89876935927691,-51.39018979367846,25.040523071671064,3,12,2,6,-63.40073038680481,37.051063664797425
2013-10-05 11:30:00,34,-14.0,-12.909591905546687,19.497630832997327,-14.0,-44.983194625827295,19.16401081473392,-51.12494833822144,25.30576452712808,3,12,2,6,-63.13548893134781,37.31630512025443
2013-10-05 12:30:00,34,-13.0,-12.804663400364454,19.497630832997327,-14.0,-44.87826612064506,19.26893931991615,-51.020019833039214,25.410693032310306,3,12,2,6,-63.03056042616557,37.42123362543666
2013-10-05 13:30:00,34,-12.0,-12.135311769006034,19.497630832997327,-13.0,-44.20891448928664,19.93829095127457,-50.35066820168079,26.08004466366873,3,12,2,6,-62.361208794807155,38.09058525679508
2013-10-05 14:30:00,34,-12.0,-12.01203972140592,19.497630832997327,-15.0,-44.08564244168653,20.061562998874685,-50.22739615408068,26.20331671126884,3,12,2,6,-62.23793674720704,38.2138573043952
2013-10-05 15:30:00,34,-12.0,-12.124460558392872,19.497630832997327,-15.0,-44.19806327867347,19.94914216188773,-50.33981699106764,26.090895874281888,3,12,2,6,-62.350357584193986,38.10143646740825
2013-10-05 16:30:00,34,-12.0,-11.782627103459244,19.497630832997327,-14.0,-43.85622982373985,20.29097561682136,-49.997983536134,26.432729329215515,3,12,2,6,-62.008524129260365,38.44326992234187
2013-10-05 17:30:00,34,-12.0,-11.646266186481064,19.497630832997327,-14.0,-43.71986890676167,20.42733653379954,-49.861622619155824,26.569090246193696,3,12,2,6,-61.87216321228218,38.57963083932005
2013-10-05 18:30:00,34,-13.0,-11.434986732777798,19.497630832997327,-13.0,-43.508589453058406,20.638615987502806,-49.65034316545256,26.78036969989696,3,12,2,6,-61.66088375857892,38.790910293023316
2013-10-05 19:30:00,34,-12.0,-11.16975244930401,19.497630832997327,-12.0,-43.24335516958462,20.903850270976594,-49.385108881978766,27.04560398337075,3,12,2,6,-61.39564947510513,39.056144576497104
2013-10-05 20:30:00,34,-11.0,-11.316084813620256,19.497630832997327,-12.0,-43.38968753390086,20.757517906660347,-49.53144124629502,26.899271619054502,3,12,2,6,-61.541981839421375,38.90981221218086
2013-10-05 21:30:00,34,-8.0,-12.036008489330026,19.497630832997327,-12.0,-44.10961120961064,20.03759423095057,-50.25136492200478,26.17934794334473,3,12,2,6,-62.26190551513115,38.18988853647109
2013-10-05 22:30:00,34,-7.0,-12.68149654185158,19.497630832997327,-12.0,-44.75509926213218,19.392106178429025,-50.89685297452634,25.53385989082318,3,12,2,6,-62.9073935676527,37.54440048394954
2013-10-05 23:30:00,34,-7.0,-12.911968222653863,19.497630832997327,-12.0,-44.98557094293447,19.16163449762674,-51.12732465532862,25.30338821002089,3,12,2,6,-63.13786524845498,37.313928803147256
2013-10-06 00:30:00,34,-9.0,-13.123862076253054,19.497630832997327,-13.0,-45.19746479653366,18.94974064402755,-51.33921850892781,25.091494356421705,3,12,2,6,-63.34975910205417,37.10203494954806
2013-10-06 01:30:00,34,-9.0,-12.54248199108168,19.497630832997327,-12.0,-44.61608471136229,19.531120729198925,-50.75783842375644,25.67287444159308,3,12,2,6,-62.7683790168828,37.68341503471944
2013-10-06 02:30:00,34,-8.0,-11.420183759409944,19.497630832997327,-11.0,-43.49378647969055,20.65341896087066,-49.635540192084704,26.79517267326481,3,12,2,6,-61.64608078521106,38.80571326639117
2013-10-06 03:30:00,34,-7.0,-10.296745182406092,19.497630832997327,-8.0,-42.370347902686696,21.77685753787452,-48.51210161508085,27.91861125026867,3,12,2,6,-60.52264220820721,39.929151843395026
2013-10-06 04:30:00,34,-6.0,-9.18368924644497,19.497630832997327,-7.0,-41.257291966725575,22.88991347383564,-47.39904567911973,29.03166718622979,3,12,2,6,-59.40958627224609,41.04220777935615
2013-10-06 05:30:00,34,-5.0,-8.111774196899763,19.497630832997327,-7.0,-40.18537691718036,23.96182852338084,-46.327130629574526,30.103582235775,3,12,2,6,-58.33767122270088,42.11412282890136
2013-10-06 06:30:00,34,-3.0,-7.789391160461104,19.497630832997327,-9.0,-39.86299388074171,24.2842115598195,-46.00474759313586,30.425965272213656,3,12,2,6,-58.015288186262225,42.43650586534001
2013-10-06 07:30:00,34,-3.0,-7.503195560693822,19.497630832997327,-9.0,-39.57679828097443,24.570407159586782,-45.71855199336858,30.71216087198093,3,12,2,6,-57.72909258649494,42.72270146510729
2013-10-06 08:30:00,34,-4.0,-7.125389828585444,19.497630832997327,-8.0,-39.198992548866045,24.94821289169516,-45.34074626126021,31.08996660408932,3,12,2,6,-57.35128685438656,43.10050719721568
2013-10-06 09:30:00,34,-4.0,-6.514112136027386,19.497630832997327,-7.0,-38.58771485630799,25.55949058425322,-44.72946856870215,31.70124429664737,3,12,2,6,-56.7400091618285,43.71178488977373
2013-10-06 10:30:00,34,-3.0,-6.1045560342002645,19.497630832997327,-6.0,-38.17815875448087,25.96904668608034,-44.319912466875024,32.110800398474495,3,12,2,6,-56.33045306000138,44.12134099160085
2013-10-06 11:30:00,34,-2.0,-5.370615912615865,19.497630832997327,-5.0,-37.44421863289647,26.70298680766474,-43.58597234529063,32.84474052005889,3,12,2,6,-55.59651293841698,44.85528111318526
2013-10-06 12:30:00,34,-3.0,-4.407521364480743,19.497630832997327,-3.0,-36.48112408476135,27.66608135579986,-42.6228777971555,33.80783506819402,3,12,2,6,-54.63341839028186,45.818375661320374
2013-10-06 13:30:00,34,-4.0,-4.892574543012767,19.497630832997327,-3.0,-36.966177263293375,27.18102817726784,-43.10793097568752,33.322781889662,3,12,2,6,-55.11847156881389,45.33332248278835
2013-10-06 14:30:00,34,-5.0,-7.654596126486144,19.497630832997327,-4.0,-39.728198846766745,24.41900659379446,-45.86995255916091,30.560760306188616,3,12,2,6,-57.88049315228726,42.57130089931498
2013-10-06 15:30:00,34,-6.0,-5.002532999093894,19.497630832997327,-4.0,-37.0761357193745,27.07106972118671,-43.217889431768654,33.212823433580866,3,12,2,6,-55.22843002489501,45.22336402670722
2013-10-06 16:30:00,34,-4.0,-4.480247665001322,19.497630832997327,-3.0,-36.553850385281926,27.59335505527928,-42.69560409767608,33.73510876767344,3,12,2,6,-54.70614469080244,45.745649360799796
2013-10-06 17:30:00,34,-2.0,-4.915653985017489,19.497630832997327,-2.0,-36.98925670529809,27.157948735263115,-43.13101041769225,33.29970244765727,3,12,2,6,-55.1415510108186,45.31024304078363
2013-10-06 18:30:00,34,-3.0,-6.134742911576858,19.497630832997327,-3.0,-38.20834563185746,25.938859808703747,-44.35009934425162,32.0806135210979,3,12,2,6,-56.360639937377975,44.09115411422426
2013-10-06 19:30:00,34,-5.0,-4.750191550790138,19.497630832997327,-4.0,-36.82379427107074,27.323411169490463,-42.9655479834649,33.46516488188462,3,12,2,6,-54.97608857659125,45.47570547501098
2013-10-06 20:30:00,34,-7.0,-5.279151610600255,19.497630832997327,-5.0,-37.352754330880856,26.79445110968035,-43.49450804327502,32.9362048220745,3,12,2,6,-55.50504863640137,44.946745415200866
2013-10-06 21:30:00,34,-9.0,-4.136073752876619,19.497630832997327,-6.0,-36.20967647315722,27.937528967403985,-42.35143018555138,34.07928267979814,3,12,2,6,-54.36197077867774,46.0898232729245
2013-10-06 22:30:00,34,-10.0,-4.525440721937024,19.497630832997327,-4.0,-36.59904344221763,27.54816199834358,-42.74079715461178,33.689915710737736,3,12,2,6,-54.75133774773814,45.700456303864094
2013-10-06 23:30:00,34,-8.0,-3.0478830827422136,19.497630832997327,-2.0,-35.12148580302282,29.02571963753839,-41.26323951541697,35.16747334993255,3,12,2,6,-53.273780108543335,47.1780139430589
2013-10-07 00:30:00,34,-6.0,-3.51474093984292,19.497630832997327,-3.0,-35.58834366012353,28.558861780437685,-41.73009737251768,34.700615492831844,3,12,2,6,-53.74063796564404,46.711156085958194
2013-10-07 01:30:00,34,-3.0,-4.242130650085603,19.497630832997327,-5.0,-36.3157333703662,27.831472070195,-42.457487082760366,33.973225782589154,3,12,2,6,-54.46802767588672,45.98376637571552
2013-10-07 02:30:00,34,0.0,-8.48589831095477,19.497630832997327,-7.0,-40.55950103123537,23.58770440932584,-46.70125474362953,29.72945812171999,3,12,2,6,-58.711795336755884,41.73999871484635
2013-10-07 03:30:00,34,-5.0,-6.966869874115883,19.497630832997327,-9.0,-39.04047259439649,25.10673284616472,-45.18222630679064,31.24848655855888,3,12,2,6,-57.192766899917004,43.25902715168523
2013-10-07 04:30:00,34,-9.0,-5.588070443872294,19.497630832997327,-10.0,-37.6616731641529,26.48553227640831,-43.80342687654705,32.62728598880247,3,12,2,6,-55.813967469673415,44.63782658192882
2013-10-07 05:30:00,34,-11.0,-5.023515831337054,19.497630832997327,-8.0,-37.097118551617655,27.05008688894355,-43.23887226401182,33.1918406013377,3,12,2,6,-55.24941285713817,45.20238119446407
2013-10-07 06:30:00,34,-13.0,-4.622618703918583,19.497630832997327,-6.0,-36.69622142419919,27.45098401636202,-42.83797513659334,33.59273772875618,3,12,2,6,-54.8485157297197,45.603278321882534
2013-10-07 07:30:00,34,-14.0,-4.160532606320821,19.497630832997327,-3.0,-36.23413532660143,27.913070113959783,-42.37588903899558,34.05482382635394,3,12,2,6,-54.38642963212194,46.0653644194803
2013-10-07 08:30:00,34,-15.0,-10.457108336563412,19.497630832997327,0.0,-42.53071105684401,21.6164943837172,-48.672464769238175,27.75824809611135,3,12,2,6,-60.683005362364526,39.76878868923771
2013-10-07 09:30:00,34,-17.0,-13.42992167888104,19.497630832997327,-5.0,-45.50352439916165,18.643681041399564,-51.6452781115558,24.78543475379372,3,12,2,6,-63.65581870468216,36.79597534692007
2013-10-07 10:30:00,34,-14.0,-13.552039037182595,19.497630832997327,-9.0,-45.6256417574632,18.52156368309801,-51.76739546985736,24.663317395492165,3,12,2,6,-63.77793606298371,36.67385798861852
2013-10-07 11:30:00,34,-11.0,-12.062069085693556,19.497630832997327,-11.0,-44.13567180597416,20.01153363458705,-50.27742551836832,26.153287346981205,3,12,2,6,-62.287966111494676,38.16382794010756
2013-10-07 12:30:00,34,-10.0,-13.077978118267076,19.497630832997327,-13.0,-45.15158083854768,18.995624602013528,-51.29333455094184,25.137378314407684,3,12,2,6,-63.30387514406819,37.14791890753404
2013-10-07 13:30:00,34,-10.0,-15.762170535158234,19.497630832997327,-14.0,-47.83577325543884,16.31143218512237,-53.97752696783299,22.453185897516526,3,12,2,6,-65.98806756095935,34.463726490642884
2013-10-07 14:30:00,34,-12.0,-17.60181650523291,19.497630832997327,-15.0,-49.67541922551352,14.471786215047691,-55.81717293790767,20.61353992744185,3,12,2,6,-67.82771353103402,32.62408052056821
2013-10-07 15:30:00,34,-11.0,-16.052310725696987,19.497630832997327,-17.0,-48.12591344597759,16.021291994583617,-54.26766715837175,22.163045706977773,3,12,2,6,-66.2782077514981,34.173586300104134
2013-10-07 16:30:00,34,-11.0,-11.749569042133237,19.497630832997327,-14.0,-43.82317176241384,20.32403367814737,-49.964925474808,26.465787390541525,3,12,2,6,-61.975466067934356,38.47632798366788
2013-10-07 17:30:00,34,-12.0,-10.63227685474966,19.497630832997327,-11.0,-42.705879575030266,21.441325865530946,-48.847633287424415,27.5830795779251,3,12,2,6,-60.85817388055078,39.593620171051455
2013-10-07 18:30:00,34,-14.0,-8.944046989764281,19.497630832997327,-10.0,-41.017649710044886,23.129555730516323,-47.15940342243904,29.27130944291048,3,12,2,6,-59.1699440155654,41.281850036036836
2013-10-07 19:30:00,34,-15.0,-11.338518777135103,19.497630832997327,-10.0,-43.41212149741571,20.7350839431455,-49.55387520980986,26.876837655539656,3,12,2,6,-61.564415802936225,38.88737824866601
2013-10-07 20:30:00,34,-12.0,-11.268269201486795,19.497630832997327,-12.0,-43.3418719217674,20.80533351879381,-49.48362563416156,26.947087231187965,3,12,2,6,-61.49416622728791,38.95762782431432
2013-10-07 21:30:00,34,-10.0,-13.19193615032437,19.497630832997327,-11.0,-45.26553887060497,18.881666569956234,-51.40729258299913,25.02342028235039,3,12,2,6,-63.417833176125484,37.03396087547675
2013-10-07 22:30:00,34,-10.0,-12.357420917372796,19.497630832997327,-11.0,-44.4310236376534,19.71618180290781,-50.57277735004756,25.857935515301964,3,12,2,6,-62.58331794317391,37.868476108428325
2013-10-07 23:30:00,34,-12.0,-13.200100257890778,19.497630832997327,-12.0,-45.273702978171386,18.873502462389823,-51.415456690565534,25.015256174783985,3,12,2,6,-63.4259972836919,37.025796767910336
2013-10-08 00:30:00,34,-12.0,-13.999032891422598,19.497630832997327,-14.0,-46.072635611703205,18.074569828858007,-52.21438932409736,24.21632354125216,3,12,2,6,-64.22492991722372,36.226864134378516
2013-10-08 01:30:00,34,-11.0,-12.1635980708291,19.497630832997327,-15.0,-44.2372007911097,19.910004649451505,-50.37895450350386,26.05175836184566,3,12,2,6,-62.38949509663021,38.06229895497202
2013-10-08 02:30:00,34,-11.0,-10.258437229362414,19.497630832997327,-12.0,-42.33203994964302,21.81516549091819,-48.47379366203717,27.956919203312346,3,12,2,6,-60.48433425516353,39.9674597964387
2013-10-08 03:30:00,34,-12.0,-8.56976031075627,19.497630832997327,-10.0,-40.64336303103687,23.50384240952433,-46.78511674343103,29.64559612191849,3,12,2,6,-58.79565733655738,41.65613671504485
2013-10-08 04:30:00,34,-9.0,-10.703033250545571,19.497630832997327,-10.0,-42.77663597082618,21.37056946973503,-48.91838968322033,27.512323182129187,3,12,2,6,-60.92893027634669,39.522863775255544
2013-10-08 05:30:00,34,-6.0,-8.91224402550192,19.497630832997327,-12.0,-40.98584674578253,23.161358694778684,-47.12760045817668,29.30311240717284,3,12,2,6,-59.13814105130304,41.3136530002992
2013-10-08 06:30:00,34,-3.0,-7.801834551349295,19.497630832997327,-12.0,-39.8754372716299,24.27176816893131,-46.017190984024055,30.413521881325465,3,12,2,6,-58.02773157715041,42.42406247445182
2013-10-08 07:30:00,34,-4.0,-6.897722393222512,19.497630832997327,-11.0,-38.97132511350311,25.17588032705809,-45.11307882589728,31.317634039452248,3,12,2,6,-57.123619419023626,43.32817463257861
2013-10-08 08:30:00,34,-6.0,-11.66917589154956,19.497630832997327,-11.0,-43.74277861183016,20.404426828731044,-49.88453232422432,26.5461805411252,3,12,2,6,-61.895072917350674,38.55672113425156
2013-10-08 09:30:00,34,-7.0,-14.834423106327112,19.497630832997327,-12.0,-46.90802582660771,17.239179613953493,-53.04977953900188,23.380933326347648,3,12,2,6,-65.06032013212823,35.39147391947401
2013-10-08 10:30:00,34,-7.0,-9.996411213049424,19.497630832997327,-9.0,-42.07001393333003,22.07719150723118,-48.21176764572418,28.218945219625336,3,12,2,6,-60.222308238850545,40.22948581275169
2013-10-08 11:30:00,34,-8.0,-9.200263699668373,19.497630832997327,-6.0,-41.27386641994897,22.87333902061223,-47.415620132343136,29.015092733006387,3,12,2,6,-59.42616072546949,41.02563332613275
2013-10-08 12:30:00,34,-10.0,-8.701081714191258,19.497630832997327,-3.0,-40.774684434471865,23.372521006089347,-46.916438146866014,29.514274718483502,3,12,2,6,-58.92697873999238,41.524815311609856
2013-10-08 13:30:00,34,-9.0,-9.682433740945612,19.497630832997327,-4.0,-41.756036461226216,22.391168979334992,-47.89779017362037,28.532922691729148,3,12,2,6,-59.90833076674673,40.543463284855505
2013-10-08 14:30:00,34,-2.0,-12.776341238625283,19.497630832997327,-6.0,-44.84994395890589,19.29726148165532,-50.991697671300045,25.439015194049475,3,12,2,6,-63.0022382644264,37.44955578717583
2013-10-08 15:30:00,34,4.0,-14.326871416431256,19.497630832997327,-7.0,-46.40047413671186,17.746731303849348,-52.54222784910601,23.888485016243504,3,12,2,6,-64.55276844223238,35.89902560936986
2013-10-08 16:30:00,34,7.0,-13.03313409784812,19.497630832997327,-7.0,-45.10673681812872,19.040468622432485,-51.24849053052288,25.18222233482664,3,12,2,6,-63.25903112364924,37.192762927953
2013-10-08 17:30:00,34,10.0,-13.0982843934264,19.497630832997327,-8.0,-45.171887113707,18.975318326854204,-51.31364082610117,25.11707203924836,3,12,2,6,-63.324181419227514,37.12761263237472
2013-10-08 18:30:00,34,11.0,-7.1625837335688125,19.497630832997327,-10.0,-39.23618645384941,24.91101898671179,-45.377940166243576,31.052772699105947,3,12,2,6,-57.388480759369926,43.06331329223231
2013-10-08 19:30:00,34,5.0,-5.9811907508182784,19.497630832997327,-9.0,-38.05479347109888,26.09241196946233,-44.19654718349304,32.23416568185648,3,12,2,6,-56.207087776619396,44.24470627498284
2013-10-08 20:30:00,34,17.0,-4.095910646839812,19.497630832997327,-2.0,-36.169513367120416,27.977692073440792,-42.31126707951457,34.11944578583495,3,12,2,6,-54.32180767264093,46.129986378961306
2013-10-08 21:30:00,34,10.0,-3.034806166669515,19.497630832997327,4.0,-35.10840888695012,29.03879655361109,-41.25016259934428,35.18055026600524,3,12,2,6,-53.26070319247063,47.191090859131606
2013-10-08 22:30:00,34,-33.0,-2.000591842255289,19.497630832997327,7.0,-34.074194562535894,30.073010878025315,-40.21594827493005,36.21476459041947,3,12,2,6,-52.22648886805641,48.22530518354583
2013-10-08 23:30:00,34,-19.0,-1.3467771172143197,19.497630832997327,10.0,-33.42037983749492,30.726825603066285,-39.56213354988908,36.86857931546044,3,12,2,6,-51.57267414301544,48.879119908586794
2013-10-09 00:30:00,34,-66.0,-5.855193349594238,19.497630832997327,11.0,-37.92879606987484,26.218409370686366,-44.070549782269,32.36016308308052,3,12,2,6,-56.081090375395355,44.37070367620688
2013-10-09 01:30:00,34,-69.0,-10.209440630658584,19.497630832997327,5.0,-42.28304335093919,21.86416208962202,-48.424797063333344,28.005915802016176,3,12,2,6,-60.4353376564597,40.016456395142534
2013-10-09 02:30:00,34,-61.0,-4.511364509535554,19.497630832997327,17.0,-36.58496722981616,27.56223821074505,-42.72672094221032,33.703991923139206,3,12,2,6,-54.73726153533667,45.714532516265564
2013-10-09 03:30:00,34,-63.0,-16.204813386244247,19.497630832997327,10.0,-48.27841610652485,15.868789334036355,-54.42016981891901,22.01054304643052,3,12,2,6,-66.43071041204536,34.02108363955687
2013-10-09 04:30:00,34,-56.0,-8.207775973633101,19.497630832997327,-33.0,-40.28137869391371,23.865826746647503,-46.42313240630786,30.00758045904166,3,12,2,6,-58.43367299943422,42.01812105216801
2013-10-09 05:30:00,34,-53.0,-27.314882389793485,19.497630832997327,-19.0,-59.388485110074086,4.758720330487119,-65.53023882246825,10.900474042881276,3,12,2,6,-77.5407794155946,22.911014636007632
2013-10-09 06:30:00,34,-53.0,-59.23907109854392,19.497630832997327,-66.0,-91.31267381882452,-27.16546837826332,-97.45442753121868,-21.02371466586916,3,12,2,6,-109.46496812434503,-9.0131740727428
2013-10-09 07:30:00,34,-48.0,-62.751918042764665,19.497630832997327,-69.0,-94.82552076304526,-30.67831532248406,-100.96727447543942,-24.536561610089905,3,12,2,6,-112.97781506856577,-12.526021016963547
2013-10-09 08:30:00,34,-45.0,-62.940785048902754,19.497630832997327,-61.0,-95.01438776918336,-30.86718232862215,-101.15614148157752,-24.725428616228,3,12,2,6,-113.16668207470387,-12.714888023101636
2013-10-09 09:30:00,34,-34.0,-65.32721704308298,19.497630832997327,-63.0,-97.4008197633636,-33.25361432280238,-103.54257347575772,-27.111860610408225,3,12,2,6,-115.5531140688841,-15.101320017281864
2013-10-09 10:30:00,34,-33.0,-61.37370671514519,19.497630832997327,-56.0,-93.4473094354258,-29.300103994864585,-99.58906314781996,-23.15835028247043,3,12,2,6,-111.5996037409463,-11.147809689344072
2013-10-09 11:30:00,34,-43.0,-56.98705163256685,19.497630832997327,-53.0,-89.06065435284745,-24.91344891228625,-95.2024080652416,-18.771695199892093,3,12,2,6,-107.21294865836796,-6.761154606765736
2013-10-09 12:30:00,34,-44.0,-54.30179537149793,19.497630832997327,-53.0,-86.37539809177854,-22.228192651217327,-92.5171518041727,-16.08643893882317,3,12,2,6,-104.52769239729905,-4.075898345696814
2013-10-09 13:30:00,34,-40.0,-48.85427965617882,19.497630832997327,-48.0,-80.92788237645942,-16.780676935898214,-87.06963608885357,-10.638923223504058,3,12,2,6,-99.08017668197994,1.3716173696222995
2013-10-09 14:30:00,34,-30.0,-44.35293858524628,19.497630832997327,-45.0,-76.42654130552688,-12.279335864965674,-82.56829501792103,-6.137582152571518,3,12,2,6,-94.5788356110474,5.872958440554839
2013-10-09 15:30:00,34,-19.0,-40.571934774389234,19.497630832997327,-34.0,-72.64553749466984,-8.49833205410863,-78.78729120706399,-2.3565783417144743,3,12,2,6,-90.79783180019035,9.653962251411883
2013-10-09 16:30:00,34,-20.0,-40.86347230632552,19.497630832997327,-33.0,-72.93707502660612,-8.789869586044915,-79.07882873900027,-2.6481158736507595,3,12,2,6,-91.08936933212664,9.362424719475598
2013-10-09 17:30:00,34,-27.0,-45.38397093977152,19.497630832997327,-43.0,-77.45757366005212,-13.310368219490911,-83.59932737244628,-7.168614507096756,3,12,2,6,-95.60986796557265,4.841926086029595
2013-10-09 18:30:00,34,-30.0,-40.73418296480311,19.497630832997327,-44.0,-72.80778568508372,-8.660580244522507,-78.94953939747788,-2.518826532128351,3,12,2,6,-90.96007999060423,9.491714060998007
2013-10-09 19:30:00,34,-28.0,-36.06560110663708,19.497630832997327,-40.0,-68.13920382691768,-3.991998386356471,-74.28095753931183,2.1497553260376847,3,12,2,6,-86.29149813243819,14.160295919164035
2013-10-09 20:30:00,34,-23.0,-32.637687776044075,19.497630832997327,-30.0,-64.71129049632468,-0.5640850557634707,-70.85304420871884,5.577668656630685,3,12,2,6,-82.86358480184519,17.588209249757043
2013-10-09 21:30:00,34,-8.0,-30.729725677464376,19.497630832997327,-19.0,-62.80332839774498,1.343877042816228,-68.94508211013914,7.485630755210384,3,12,2,6,-80.95562270326549,19.49617134833674
2013-10-09 22:30:00,34,-11.0,-28.875466492744565,19.497630832997327,-20.0,-60.94906921302517,3.19813622753604,-67.09082292541933,9.339889939930195,3,12,2,6,-79.10136351854568,21.350430533056553
2013-10-09 23:30:00,34,-13.0,-27.036678769995312,19.497630832997327,-27.0,-59.11028149027592,5.036923950285292,-65.25203520267007,11.178677662679448,3,12,2,6,-77.26257579579644,23.189218255805805
2013-10-10 00:30:00,34,-26.0,-25.634098238721894,19.497630832997327,-30.0,-57.707700959002494,6.439504481558711,-63.84945467139666,12.581258193952866,3,12,2,6,-75.85999526452301,24.591798787079224
2013-10-10 01:30:00,34,-37.0,-24.655270750061284,19.497630832997327,-28.0,-56.72887347034189,7.41833197021932,-62.87062718273605,13.560085682613476,3,12,2,6,-74.8811677758624,25.570626275739833
2013-10-10 02:30:00,34,-33.0,-23.28881191227972,19.497630832997327,-23.0,-55.36241463256032,8.784790808000889,-61.50416834495448,14.926544520395044,3,12,2,6,-73.51470893808084,26.9370851135214
2013-10-10 03:30:00,34,-32.0,-21.291442077873,19.497630832997327,-8.0,-53.3650447981536,10.78216064240761,-59.50679851054775,16.923914354801767,3,12,2,6,-71.51733910367412,28.934454947928117
2013-10-10 04:30:00,34,-39.0,-19.27836799087366,19.497630832997327,-11.0,-51.351970711154266,12.795234729406944,-57.49372442354842,18.9369884418011,3,12,2,6,-69.50426501667478,30.947529034927456
2013-10-10 05:30:00,34,-41.0,-23.503994120185663,19.497630832997327,-13.0,-55.57759684046627,8.569608600094938,-61.719350552860426,14.711362312489094,3,12,2,6,-73.72989114598678,26.721902905615455
2013-10-10 06:30:00,34,-38.0,-32.50026809504291,19.497630832997327,-26.0,-64.57387081532352,-0.4266653747623081,-70.71562452771767,5.715088337631848,3,12,2,6,-82.72616512084403,17.725628930758205
2013-10-10 07:30:00,34,-32.0,-25.40824890110545,19.497630832997327,-37.0,-57.481851621386056,6.665353819175152,-63.62360533378021,12.807107531569308,3,12,2,6,-75.63414592690657,24.81764812469567
2013-10-10 08:30:00,34,-29.0,-25.532128176618265,19.497630832997327,-33.0,-57.60573089689887,6.541474543662339,-63.74748460929303,12.683228256056497,3,12,2,6,-75.75802520241939,24.693768849182852
2013-10-10 09:30:00,34,-27.0,-30.12258592039212,19.497630832997327,-32.0,-62.19618864067272,1.9510167998884853,-68.33794235306688,8.092770512282641,3,12,2,6,-80.34848294619323,20.103311105409
2013-10-10 10:30:00,34,-27.0,-38.09726706597331,19.497630832997327,-39.0,-70.17086978625392,-6.023664345692708,-76.31262349864807,0.1180893667014473,3,12,2,6,-88.32316409177443,12.128629959827805
2013-10-10 11:30:00,34,-29.0,-36.62820135374463,19.497630832997327,-41.0,-68.70180407402523,-4.554598633464025,-74.84355778641938,1.587155078930131,3,12,2,6,-86.85409837954575,13.597695672056489
2013-10-10 12:30:00,34,-30.0,-33.4603148491418,19.497630832997327,-38.0,-65.53391756942241,-1.3867121288611983,-71.67567128181656,4.755041583532957,3,12,2,6,-83.68621187494293,16.765582176659315
2013-10-10 13:30:00,34,-28.0,-31.39576086424842,19.497630832997327,-32.0,-63.46936358452902,0.6778418560321846,-69.61111729692318,6.81959556842634,3,12,2,6,-81.62165789004953,18.830136161552698
2013-10-10 14:30:00,34,-27.0,-29.33939459469955,19.497630832997327,-29.0,-61.41299731498015,2.7342081255810555,-67.55475102737431,8.875961837975211,3,12,2,6,-79.56529162050066,20.88650243110157
2013-10-10 15:30:00,34,-26.0,-27.567924301791813,19.497630832997327,-27.0,-59.64152702207242,4.505678418488792,-65.78328073446657,10.647432130882947,3,12,2,6,-77.79382132759292,22.657972724009305
2013-10-10 16:30:00,34,-23.0,-26.478249031130687,19.497630832997327,-27.0,-58.55185175141129,5.595353689149917,-64.69360546380545,11.737107401544073,3,12,2,6,-76.7041460569318,23.74764799467043
2013-10-10 17:30:00,34,-23.0,-28.06717920243167,19.497630832997327,-29.0,-60.14078192271228,4.006423517848933,-66.28253563510643,10.148177230243087,3,12,2,6,-78.29307622823279,22.158717823369447
2013-10-10 18:30:00,34,-23.0,-28.012569331526983,19.497630832997327,-30.0,-60.08617205180759,4.061033388753621,-66.22792576420174,10.202787101147775,3,12,2,6,-78.2384663573281,22.213327694274135
2013-10-10 19:30:00,34,-23.0,-26.61742017020091,19.497630832997327,-28.0,-58.69102289048151,5.456182550079696,-64.83277660287567,11.597936262473851,3,12,2,6,-76.84331719600203,23.60847685560021
2013-10-10 20:30:00,34,-22.0,-27.18298842303136,19.497630832997327,-27.0,-59.256591143311965,4.890614297249243,-65.39834485570611,11.0323680096434,3,12,2,6,-77.40888544883248,23.042908602769756
2013-10-10 21:30:00,34,-23.0,-25.79637392173811,19.497630832997327,-26.0,-57.86997664201871,6.277228798542495,-64.01173035441286,12.418982510936653,3,12,2,6,-76.02227094753923,24.42952310406301
2013-10-10 22:30:00,34,-19.0,-24.15772158609745,19.497630832997327,-23.0,-56.231324306378056,7.915881134183152,-62.37307801877221,14.057634846577308,3,12,2,6,-74.38361861189857,26.06817543970367
2013-10-10 23:30:00,34,-19.0,-23.01186936619788,19.497630832997327,-23.0,-55.08547208647848,9.061733354082726,-61.22722579887264,15.203487066476882,3,12,2,6,-73.237766391999,27.214027659603236
2013-10-11 00:30:00,34,-23.0,-22.803128794554794,19.497630832997327,-23.0,-54.8767315148354,9.27047392572581,-61.018485227229554,15.412227638119964,3,12,2,6,-73.02902582035591,27.422768231246323
2013-10-11 01:30:00,34,-26.0,-22.625059209155708,19.497630832997327,-23.0,-54.69866192943631,9.448543511124896,-60.84041564183047,15.590297223519052,3,12,2,6,-72.85095623495683,27.60083781664541
2013-10-11 02:30:00,34,-25.0,-21.618455824811253,19.497630832997327,-22.0,-53.692058545091854,10.455146895469351,-59.83381225748602,16.596900607863507,3,12,2,6,-71.84435285061237,28.607441200989864
2013-10-11 03:30:00,34,-24.0,-20.10417404553404,19.497630832997327,-23.0,-52.17777676581464,11.969428674746569,-58.3195304782088,18.11118238714072,3,12,2,6,-70.33007107133515,30.121722980267077
2013-10-11 04:30:00,34,-26.0,-18.7580800541081,19.497630832997327,-19.0,-50.8316827743887,13.315522666172503,-56.97343648678286,19.45727637856666,3,12,2,6,-68.98397707990921,31.46781697169302
2013-10-11 05:30:00,34,-24.0,-18.64495158144335,19.497630832997327,-19.0,-50.71855430172396,13.428651138837251,-56.86030801411811,19.57040485123141,3,12,2,6,-68.87084860724447,31.580945444357766
2013-10-11 06:30:00,34,-22.0,-20.08926349241787,19.497630832997327,-23.0,-52.16286621269848,11.984339227862732,-58.30461992509263,18.12609294025689,3,12,2,6,-70.31516051821899,30.136633533383247
2013-10-11 07:30:00,34,-25.0,-23.90753292809049,19.497630832997327,-26.0,-55.98113564837109,8.166069792190115,-62.12288936076525,14.30782350458427,3,12,2,6,-74.1334299538916,26.318364097710628
2013-10-11 08:30:00,34,-25.0,-24.4847998808847,19.497630832997327,-25.0,-56.558402601165305,7.588802839395903,-62.70015631355946,13.73055655179006,3,12,2,6,-74.71069690668583,25.741097144916417
2013-10-11 09:30:00,34,-24.0,-23.97872801019341,19.497630832997327,-24.0,-56.05233073047402,8.09487471008719,-62.194084442868174,14.236628422481346,3,12,2,6,-74.20462503599452,26.247169015607707
2013-10-11 10:30:00,34,-24.0,-22.741790408058403,19.497630832997327,-26.0,-54.81539312833901,9.3318123122222,-60.95714684073316,15.473566024616357,3,12,2,6,-72.96768743385952,27.484106617742714
2013-10-11 11:30:00,34,-21.0,-24.27812603573976,19.497630832997327,-24.0,-56.35172875602037,7.795476684540844,-62.49348246841452,13.937230396935,3,12,2,6,-74.50402306154088,25.947770990061358
2013-10-11 12:30:00,34,-19.0,-24.23917499486728,19.497630832997327,-22.0,-56.31277771514788,7.834427725413327,-62.45453142754204,13.976181437807483,3,12,2,6,-74.4650720206684,25.986722030933837
2013-10-11 13:30:00,34,-14.0,-22.361929902757247,19.497630832997327,-25.0,-54.43553262303785,9.711672817523358,-60.57728633543201,15.853426529917511,3,12,2,6,-72.58782692855837,27.86396712304387
2013-10-11 14:30:00,34,-12.0,-21.997878839135936,19.497630832997327,-25.0,-54.07148155941654,10.075723881144668,-60.213235271810696,16.217477593538824,3,12,2,6,-72.22377586493705,28.22801818666518
2013-10-11 15:30:00,34,-12.0,-22.79849210740251,19.497630832997327,-24.0,-54.87209482768312,9.275110612878096,-61.01384854007727,15.41686432527225,3,12,2,6,-73.02438913320363,27.427404918398608
2013-10-11 16:30:00,34,-10.0,-21.224705578672367,19.497630832997327,-24.0,-53.298308298952975,10.848897141608235,-59.44006201134712,16.990650854002393,3,12,2,6,-71.45060260447349,29.00119144712875
2013-10-11 17:30:00,34,-9.0,-21.637499830923705,19.497630832997327,-21.0,-53.71110255120431,10.4361028893569,-59.85285626359847,16.577856601751055,3,12,2,6,-71.86339685672482,28.588397194877412
2013-10-11 18:30:00,34,-6.0,-19.18046802924787,19.497630832997327,-19.0,-51.25407074952847,12.893134691032737,-57.39582446192263,19.03488840342689,3,12,2,6,-69.40636505504898,31.045428996553248
2013-10-11 19:30:00,34,-9.0,-17.352358194183942,19.497630832997327,-14.0,-49.42596091446455,14.721244526096662,-55.5677146268587,20.862998238490817,3,12,2,6,-67.57825521998507,32.873538831617175
2013-10-11 20:30:00,34,-11.0,-17.9338709610449,19.497630832997327,-12.0,-50.00747368132551,14.139731759235705,-56.149227393719656,20.28148547162986,3,12,2,6,-68.15976798684602,32.292026064756215
2013-10-11 21:30:00,34,-10.0,-18.11395826439012,19.497630832997327,-12.0,-50.187560984670725,13.959644455890489,-56.32931469706487,20.101398168284643,3,12,2,6,-68.33985529019124,32.111938761411
2013-10-11 22:30:00,34,-11.0,-16.155789294938067,19.497630832997327,-10.0,-48.22939201521867,15.917813425342535,-54.37114572761283,22.059567137736693,3,12,2,6,-66.38168632073919,34.07010773086305
2013-10-11 23:30:00,34,-12.0,-14.481578266488397,19.497630832997327,-9.0,-46.555180986769,17.59202445379221,-52.69693469916315,23.733778166186365,3,12,2,6,-64.70747529228952,35.74431875931272
2013-10-12 00:30:00,34,-13.0,-12.796774218821511,19.497630832997327,-6.0,-44.87037693910212,19.276828501459093,-51.01213065149627,25.41858221385325,3,12,2,6,-63.02267124462263,37.429122806979606
2013-10-12 01:30:00,34,-14.0,-12.79924377171056,19.497630832997327,-9.0,-44.87284649199117,19.274358948570043,-51.01460020438532,25.4161126609642,3,12,2,6,-63.025140797511675,37.42665325409056
2013-10-12 02:30:00,34,-15.0,-12.080264407124872,19.497630832997327,-11.0,-44.15386712740548,19.99333831315573,-50.29562083979963,26.135092025549888,3,12,2,6,-62.30616143292599,38.145632618676245
2013-10-12 03:30:00,34,-15.0,-9.65124517657917,19.497630832997327,-10.0,-41.72484789685977,22.42235754370144,-47.866601609253934,28.56411125609559,3,12,2,6,-59.877142202380284,40.57465184922195
2013-10-12 04:30:00,34,-15.0,-9.741413740292876,19.497630832997327,-11.0,-41.81501646057348,22.332188979987727,-47.95677017296764,28.473942692381883,3,12,2,6,-59.967310766093995,40.48448328550824
