time,event_no,DST_true,DST_pred,sigma_nT,DST_persist,fold,L_value,L_idx,H,DST_p005,DST_p995
2003-10-21 13:30:00,19,-42.0,-43.13687393081238,9.812758798169178,,5,36,6,2,-68.41454059489618,-17.859207266728575
2003-10-21 14:30:00,19,-41.0,-44.22008891802561,9.812758798169178,,5,36,6,2,-69.49775558210942,-18.942422253941807
2003-10-21 15:30:00,19,-42.0,-47.74655281851837,9.812758798169178,-42.0,5,36,6,2,-73.02421948260218,-22.468886154434564
2003-10-21 16:30:00,19,-54.0,-41.01174484613327,9.812758798169178,-41.0,5,36,6,2,-66.28941151021706,-15.734078182049466
2003-10-21 17:30:00,19,-53.0,-44.20948524689023,9.812758798169178,-42.0,5,36,6,2,-69.48715191097403,-18.93181858280643
2003-10-21 18:30:00,19,-57.0,-57.81196915497601,9.812758798169178,-54.0,5,36,6,2,-83.08963581905982,-32.53430249089221
2003-10-21 19:30:00,19,-50.0,-48.98021304511254,9.812758798169178,-53.0,5,36,6,2,-74.25787970919635,-23.70254638102874
2003-10-21 20:30:00,19,-51.0,-52.50762593323942,9.812758798169178,-57.0,5,36,6,2,-77.78529259732322,-27.229959269155614
2003-10-21 21:30:00,19,-60.0,-47.38318750003875,9.812758798169178,-50.0,5,36,6,2,-72.66085416412255,-22.105520835954948
2003-10-21 22:30:00,19,-54.0,-53.79634467734823,9.812758798169178,-51.0,5,36,6,2,-79.07401134143203,-28.518678013264427
2003-10-21 23:30:00,19,-46.0,-61.12907841231667,9.812758798169178,-60.0,5,36,6,2,-86.40674507640048,-35.85141174823287
2003-10-22 00:30:00,19,-46.0,-50.41145120452528,9.812758798169178,-54.0,5,36,6,2,-75.68911786860909,-25.133784540441475
2003-10-22 01:30:00,19,-47.0,-41.769253489528026,9.812758798169178,-46.0,5,36,6,2,-67.04692015361184,-16.491586825444223
2003-10-22 02:30:00,19,-49.0,-46.06618763182799,9.812758798169178,-46.0,5,36,6,2,-71.3438542959118,-20.788520967744184
2003-10-22 03:30:00,19,-56.0,-45.39678511164004,9.812758798169178,-47.0,5,36,6,2,-70.67445177572384,-20.11911844755624
2003-10-22 04:30:00,19,-51.0,-49.74219841110367,9.812758798169178,-49.0,5,36,6,2,-75.01986507518748,-24.46453174701987
2003-10-22 05:30:00,19,-51.0,-55.99580502273116,9.812758798169178,-56.0,5,36,6,2,-81.27347168681496,-30.71813835864736
2003-10-22 06:30:00,19,-61.0,-50.105241655460006,9.812758798169178,-51.0,5,36,6,2,-75.38290831954382,-24.827574991376203
2003-10-22 07:30:00,19,-50.0,-53.314112463961976,9.812758798169178,-51.0,5,36,6,2,-78.59177912804577,-28.036445799878173
2003-10-22 08:30:00,19,-51.0,-61.77412071077293,9.812758798169178,-61.0,5,36,6,2,-87.05178737485673,-36.496454046689124
2003-10-22 09:30:00,19,-48.0,-47.89255365043236,9.812758798169178,-50.0,5,36,6,2,-73.17022031451617,-22.61488698634856
2003-10-22 10:30:00,19,-36.0,-48.60345095114423,9.812758798169178,-51.0,5,36,6,2,-73.88111761522804,-23.32578428706043
2003-10-22 11:30:00,19,-22.0,-22.00023386424869,0.0435022277393107,-48.0,5,36,6,2,-22.112295602905153,-21.888172125592224
2003-10-22 12:30:00,19,-24.0,-24.00012493467874,0.0435022277393107,-36.0,5,36,6,2,-24.112186673335206,-23.888063196022276
2003-10-22 13:30:00,19,-24.0,-24.000016306801992,0.0435022277393107,-22.0,5,36,6,2,-24.112078045458457,-23.887954568145528
2003-10-22 14:30:00,19,-15.0,-15.000119631667236,0.0435022277393107,-24.0,5,36,6,2,-15.1121813703237,-14.888057893010771
2003-10-22 15:30:00,19,-20.0,-20.0000426906335,0.0435022277393107,-24.0,5,36,6,2,-20.112104429289964,-19.887980951977035
2003-10-22 16:30:00,19,-33.0,-32.99987319180371,0.0435022277393107,-15.0,5,36,6,2,-33.11193493046017,-32.88781145314724
2003-10-22 17:30:00,19,-33.0,-32.99996094589619,0.0435022277393107,-20.0,5,36,6,2,-33.112022684552656,-32.88789920723973
2003-10-22 18:30:00,19,-34.0,-34.00002855867864,0.0435022277393107,-33.0,5,36,6,2,-34.11209029733511,-33.88796682002218
2003-10-22 19:30:00,19,-32.0,-31.999928191650888,0.0435022277393107,-33.0,5,36,6,2,-32.11198993030735,-31.887866452994423
2003-10-22 20:30:00,19,-30.0,-29.999952245970345,0.0435022277393107,-34.0,5,36,6,2,-30.11201398462681,-29.88789050731388
2003-10-22 21:30:00,19,-28.0,-27.99997750614061,0.0435022277393107,-32.0,5,36,6,2,-28.112039244797074,-27.887915767484145
2003-10-22 22:30:00,19,-24.0,-24.000035032890565,0.0435022277393107,-30.0,5,36,6,2,-24.11209677154703,-23.8879732942341
2003-10-22 23:30:00,19,-24.0,-24.000033278451017,0.0435022277393107,-28.0,5,36,6,2,-24.11209501710748,-23.887971539794552
2003-10-23 00:30:00,19,-16.0,-16.000089497897488,0.0435022277393107,-24.0,5,36,6,2,-16.112151236553952,-15.888027759241023
2003-10-23 01:30:00,19,-13.0,-13.00010842812706,0.0435022277393107,-24.0,5,36,6,2,-13.112170166783525,-12.888046689470595
2003-10-23 02:30:00,19,-20.0,-19.999993603665946,0.0435022277393107,-16.0,5,36,6,2,-20.11205534232241,-19.88793186500948
2003-10-23 03:30:00,19,-18.0,-17.999977402072755,0.0435022277393107,-13.0,5,36,6,2,-18.11203914072922,-17.88791566341629
2003-10-23 04:30:00,19,-17.0,-16.999996399549666,0.0435022277393107,-20.0,5,36,6,2,-17.11205813820613,-16.8879346608932
2003-10-23 05:30:00,19,-18.0,-17.99998761486047,0.0435022277393107,-18.0,5,36,6,2,-18.112049353516934,-17.887925876204005
2003-10-23 06:30:00,19,-19.0,-18.999979216474003,0.0435022277393107,-17.0,5,36,6,2,-19.112040955130468,-18.88791747781754
2003-10-23 07:30:00,19,-21.0,-20.99996682658533,0.0435022277393107,-18.0,5,36,6,2,-21.112028565241793,-20.887905087928864
2003-10-23 08:30:00,19,-18.0,-18.000003467282834,0.0435022277393107,-19.0,5,36,6,2,-18.1120652059393,-17.88794172862637
2003-10-23 09:30:00,19,-19.0,-19.00000039004781,0.0435022277393107,-21.0,5,36,6,2,-19.112062128704274,-18.887938651391345
2003-10-23 10:30:00,19,-18.0,-17.999994129596423,0.0435022277393107,-18.0,5,36,6,2,-18.112055868252888,-17.88793239093996
2003-10-23 11:30:00,19,-17.0,-17.000002913778985,0.0435022277393107,-19.0,5,36,6,2,-17.11206465243545,-16.88794117512252
2003-10-23 12:30:00,19,-19.0,-18.999974349444457,0.0435022277393107,-18.0,5,36,6,2,-19.112036088100922,-18.887912610787993
2003-10-23 13:30:00,19,-15.0,-15.00000643616239,0.0435022277393107,-17.0,5,36,6,2,-15.112068174818855,-14.887944697505926
2003-10-23 14:30:00,19,-14.0,-14.000026393813243,0.0435022277393107,-19.0,5,36,6,2,-14.112088132469708,-13.887964655156779
2003-10-23 15:30:00,19,-14.0,-14.000006973518914,0.0435022277393107,-15.0,5,36,6,2,-14.112068712175379,-13.88794523486245
2003-10-23 16:30:00,19,-12.0,-12.000017472333944,0.0435022277393107,-14.0,5,36,6,2,-12.112079210990409,-11.88795573367748
2003-10-23 17:30:00,19,-11.0,-11.000026295397486,0.0435022277393107,-14.0,5,36,6,2,-11.11208803405395,-10.887964556741021
2003-10-23 18:30:00,19,-12.0,-12.000001578859193,0.0435022277393107,-12.0,5,36,6,2,-12.112063317515657,-11.887939840202728
2003-10-23 19:30:00,19,-11.0,-10.999997735878187,0.0435022277393107,-11.0,5,36,6,2,-11.112059474534652,-10.887935997221723
2003-10-23 20:30:00,19,-11.0,-10.999991954529968,0.0435022277393107,-12.0,5,36,6,2,-11.112053693186432,-10.887930215873503
2003-10-23 21:30:00,19,-9.0,-9.000001447404387,0.0435022277393107,-11.0,5,36,6,2,-9.112063186060851,-8.887939708747922
2003-10-23 22:30:00,19,-10.0,-9.999994653627478,0.0435022277393107,-11.0,5,36,6,2,-10.112056392283943,-9.887932914971014
2003-10-23 23:30:00,19,-10.0,-9.999982686535802,0.0435022277393107,-9.0,5,36,6,2,-10.112044425192266,-9.887920947879337
2003-10-24 00:30:00,19,-10.0,-9.99998847741448,0.0435022277393107,-10.0,5,36,6,2,-10.112050216070944,-9.887926738758015
2003-10-24 01:30:00,19,-8.0,-8.0000122932912,0.0435022277393107,-10.0,5,36,6,2,-8.112074031947664,-7.887950554634735
2003-10-24 02:30:00,19,-8.0,-8.000012368719005,0.0435022277393107,-10.0,5,36,6,2,-8.11207410737547,-7.887950630062541
2003-10-24 03:30:00,19,-7.0,-7.000012523491833,0.0435022277393107,-8.0,5,36,6,2,-7.1120742621482975,-6.887950784835368
2003-10-24 04:30:00,19,-7.0,-7.0000104451116165,0.0435022277393107,-8.0,5,36,6,2,-7.112072183768081,-6.887948706455152
2003-10-24 05:30:00,19,-9.0,-9.000006592650145,0.0435022277393107,-7.0,5,36,6,2,-9.11206833130661,-8.88794485399368
2003-10-24 06:30:00,19,-12.0,-11.99998068345852,0.0435022277393107,-7.0,5,36,6,2,-12.112042422114985,-11.887918944802056
2003-10-24 07:30:00,19,-13.0,-12.99998514342322,0.0435022277393107,-9.0,5,36,6,2,-13.112046882079685,-12.887923404766756
2003-10-24 08:30:00,19,-15.0,-14.999968697497524,0.0435022277393107,-12.0,5,36,6,2,-15.112030436153988,-14.887906958841059
2003-10-24 09:30:00,19,-15.0,-14.999979303188493,0.0435022277393107,-13.0,5,36,6,2,-15.112041041844957,-14.887917564532028
2003-10-24 10:30:00,19,-20.0,-19.99994485372552,0.0435022277393107,-15.0,5,36,6,2,-20.112006592381984,-19.887883115069055
2003-10-24 11:30:00,19,-24.0,-24.000007524142507,0.0435022277393107,-15.0,5,36,6,2,-24.112069262798972,-23.887945785486043
2003-10-24 12:30:00,19,-37.0,-36.999903597019966,0.0435022277393107,-20.0,5,36,6,2,-37.11196533567643,-36.8878418583635
2003-10-24 13:30:00,19,-43.0,-42.99994118857583,0.0435022277393107,-24.0,5,36,6,2,-43.1120029272323,-42.88787944991937
2003-10-24 14:30:00,19,-44.0,-44.00005832263656,0.0435022277393107,-37.0,5,36,6,2,-44.11212006129303,-43.8879965839801
2003-10-24 15:30:00,19,-30.0,-30.000220216861088,0.0435022277393107,-43.0,5,36,6,2,-30.112281955517552,-29.888158478204623
2003-10-24 16:30:00,19,-26.0,-26.000214611936617,0.0435022277393107,-44.0,5,36,6,2,-26.11227635059308,-25.888152873280152
2003-10-24 17:30:00,19,-9.0,-9.000260466845425,0.0435022277393107,-30.0,5,36,6,2,-9.11232220550189,-8.88819872818896
2003-10-24 18:30:00,19,5.0,4.99972489671115,0.0435022277393107,-26.0,5,36,6,2,4.887663158054686,5.111786635367615
2003-10-24 19:30:00,19,-26.0,-25.99990654936964,0.0435022277393107,-9.0,5,36,6,2,-26.111968288026105,-25.887844810713176
2003-10-24 20:30:00,19,-34.0,-33.99981720965798,0.0435022277393107,5.0,5,36,6,2,-34.11187894831444,-33.88775547100151
2003-10-24 21:30:00,19,-22.0,-22.000057589653053,0.0435022277393107,-26.0,5,36,6,2,-22.112119328309518,-21.88799585099659
2003-10-24 22:30:00,19,-18.0,-18.00013835689733,0.0435022277393107,-34.0,5,36,6,2,-18.112200095553796,-17.888076618240866
2003-10-24 23:30:00,19,-36.0,-35.999906770276255,0.0435022277393107,-22.0,5,36,6,2,-36.11196850893272,-35.88784503161979
2003-10-25 00:30:00,19,-29.0,-28.999937915606253,0.0435022277393107,-18.0,5,36,6,2,-29.111999654262718,-28.88787617694979
2003-10-25 01:30:00,19,-19.0,-19.000134264449457,0.0435022277393107,-36.0,5,36,6,2,-19.11219600310592,-18.888072525792992
2003-10-25 02:30:00,19,0.0,-0.0003195539358813,0.0435022277393107,-29.0,5,36,6,2,-0.11238129259234567,0.11174218472058306
2003-10-25 03:30:00,19,-3.0,-3.000249446029088,0.0435022277393107,-19.0,5,36,6,2,-3.1123111846855522,-2.888187707372624
2003-10-25 04:30:00,19,-11.0,-11.000096238701566,0.0435022277393107,0.0,5,36,6,2,-11.11215797735803,-10.888034500045102
2003-10-25 05:30:00,19,-10.0,-10.000044705184294,0.0435022277393107,-3.0,5,36,6,2,-10.112106443840759,-9.88798296652783
2003-10-25 06:30:00,19,-13.0,-12.999976922696298,0.0435022277393107,-11.0,5,36,6,2,-13.112038661352763,-12.887915184039834
2003-10-25 07:30:00,19,-19.0,-18.999909341515423,0.0435022277393107,-10.0,5,36,6,2,-19.111971080171887,-18.887847602858958
2003-10-25 08:30:00,19,-20.0,-19.999899802284475,0.0435022277393107,-13.0,5,36,6,2,-20.11196154094094,-19.88783806362801
2003-10-25 09:30:00,19,-18.0,-17.999956557588533,0.0435022277393107,-19.0,5,36,6,2,-18.112018296244997,-17.887894818932068
2003-10-25 10:30:00,19,-21.0,-20.999956968036493,0.0435022277393107,-20.0,5,36,6,2,-21.112018706692957,-20.887895229380028
2003-10-25 11:30:00,19,-20.0,-19.99997883683437,0.0435022277393107,-18.0,5,36,6,2,-20.112040575490834,-19.887917098177905
2003-10-25 12:30:00,19,-26.0,-25.99995159860305,0.0435022277393107,-21.0,5,36,6,2,-26.112013337259516,-25.887889859946586
2003-10-25 13:30:00,19,-27.0,-26.99993334321744,0.0435022277393107,-20.0,5,36,6,2,-27.111995081873904,-26.887871604560974
2003-10-25 14:30:00,19,-41.0,-40.9999101565204,0.0435022277393107,-26.0,5,36,6,2,-41.111971895176865,-40.887848417863935
2003-10-25 15:30:00,19,-49.0,-48.99990962622842,0.0435022277393107,-27.0,5,36,6,2,-49.11197136488489,-48.88784788757196
2003-10-25 16:30:00,19,-43.0,-43.00009129320485,0.0435022277393107,-41.0,5,36,6,2,-43.11215303186131,-42.88802955454838
2003-10-25 17:30:00,19,-30.0,-30.0001317446571,0.0435022277393107,-49.0,5,36,6,2,-30.112193483313565,-29.888070006000635
2003-10-25 18:30:00,19,-33.0,-33.00006911853173,0.0435022277393107,-43.0,5,36,6,2,-33.11213085718819,-32.88800737987526
2003-10-25 19:30:00,19,-38.0,-37.99992600316481,0.0435022277393107,-30.0,5,36,6,2,-38.111987741821274,-37.887864264508345
2003-10-25 20:30:00,19,-41.0,-40.99992018815642,0.0435022277393107,-33.0,5,36,6,2,-41.11198192681289,-40.88785844949996
2003-10-25 21:30:00,19,-39.0,-38.999983284351,0.0435022277393107,-38.0,5,36,6,2,-39.11204502300747,-38.88792154569454
2003-10-25 22:30:00,19,-33.0,-33.00005446822677,0.0435022277393107,-41.0,5,36,6,2,-33.112116206883236,-32.88799272957031
2003-10-25 23:30:00,19,-32.0,-32.00003383896457,0.0435022277393107,-39.0,5,36,6,2,-32.112095577621034,-31.887972100308104
2003-10-26 00:30:00,19,-31.0,-31.000002511454262,0.0435022277393107,-33.0,5,36,6,2,-31.112064250110727,-30.887940772797798
2003-10-26 01:30:00,19,-33.0,-32.9999622681176,0.0435022277393107,-32.0,5,36,6,2,-33.112024006774064,-32.887900529461135
2003-10-26 02:30:00,19,-32.0,-31.99999061783565,0.0435022277393107,-31.0,5,36,6,2,-32.112052356492114,-31.887928879179185
2003-10-26 03:30:00,19,-29.0,-29.000027222377422,0.0435022277393107,-33.0,5,36,6,2,-29.112088961033887,-28.887965483720958
2003-10-26 04:30:00,19,-27.0,-26.99999295623536,0.0435022277393107,-32.0,5,36,6,2,-27.112054694891825,-26.887931217578895
2003-10-26 05:30:00,19,-25.0,-24.99998362132208,0.0435022277393107,-29.0,5,36,6,2,-25.112045359978545,-24.887921882665616
2003-10-26 06:30:00,19,-24.0,-24.000004605457328,0.0435022277393107,-27.0,5,36,6,2,-24.112066344113792,-23.887942866800863
2003-10-26 07:30:00,19,-24.0,-24.00000814231649,0.0435022277393107,-25.0,5,36,6,2,-24.112069880972953,-23.887946403660024
2003-10-26 08:30:00,19,-19.0,-19.00003485297105,0.0435022277393107,-24.0,5,36,6,2,-19.112096591627516,-18.887973114314587
2003-10-26 09:30:00,19,-11.0,-11.000092201439198,0.0435022277393107,-24.0,5,36,6,2,-11.112153940095663,-10.888030462782734
2003-10-26 10:30:00,19,-4.0,-4.000129890678892,0.0435022277393107,-19.0,5,36,6,2,-4.112191629335356,-3.8880681520224276
2003-10-26 11:30:00,19,-4.0,-4.000077122383068,0.0435022277393107,-11.0,5,36,6,2,-4.112138861039533,-3.888015383726604
2003-10-26 12:30:00,19,-4.0,-4.000051220884533,0.0435022277393107,-4.0,5,36,6,2,-4.1121129595409975,-3.8879894822280687
2003-10-26 13:30:00,19,-4.0,-4.000078929000857,0.0435022277393107,-4.0,5,36,6,2,-4.112140667657322,-3.8880171903443927
2003-10-26 14:30:00,19,-6.0,-6.000066163023213,0.0435022277393107,-4.0,5,36,6,2,-6.112127901679678,-5.888004424366748
2003-10-26 15:30:00,19,-6.0,-6.000042304169234,0.0435022277393107,-4.0,5,36,6,2,-6.112104042825699,-5.88798056551277
2003-10-26 16:30:00,19,-5.0,-5.000067579160341,0.0435022277393107,-6.0,5,36,6,2,-5.112129317816805,-4.888005840503876
2003-10-26 17:30:00,19,-5.0,-5.00004189639488,0.0435022277393107,-6.0,5,36,6,2,-5.112103635051344,-4.887980157738415
2003-10-26 18:30:00,19,-7.0,-6.99999237512835,0.0435022277393107,-5.0,5,36,6,2,-7.112054113784815,-6.887930636471886
2003-10-26 19:30:00,19,-8.0,-7.999983577535481,0.0435022277393107,-5.0,5,36,6,2,-8.112045316191946,-7.887921838879016
2003-10-26 20:30:00,19,-15.0,-14.99993896905524,0.0435022277393107,-7.0,5,36,6,2,-15.112000707711704,-14.887877230398775
2003-10-26 21:30:00,19,-18.0,-17.999957580971707,0.0435022277393107,-8.0,5,36,6,2,-18.11201931962817,-17.887895842315242
2003-10-26 22:30:00,19,-29.0,-29.000025570265954,0.0435022277393107,-15.0,5,36,6,2,-29.11208730892242,-28.88796383160949
2003-10-26 23:30:00,19,-33.0,-33.000016668004584,0.0435022277393107,-18.0,5,36,6,2,-33.11207840666105,-32.88795492934812
2003-10-27 00:30:00,19,-43.0,-43.00001996273248,0.0435022277393107,-29.0,5,36,6,2,-43.112081701388945,-42.887958224076016
2003-10-27 01:30:00,19,-49.0,-48.999948874453175,0.0435022277393107,-33.0,5,36,6,2,-49.11201061310964,-48.88788713579671
2003-10-27 02:30:00,19,-47.0,-47.00005422925459,0.0435022277393107,-43.0,5,36,6,2,-47.11211596791105,-46.88799249059812
2003-10-27 03:30:00,19,-49.0,-49.00005187888307,0.0435022277393107,-49.0,5,36,6,2,-49.112113617539535,-48.887990140226606
2003-10-27 04:30:00,19,-52.0,-51.99998703122107,0.0435022277393107,-47.0,5,36,6,2,-52.11204876987753,-51.8879252925646
2003-10-27 05:30:00,19,-52.0,-52.0000114556313,0.0435022277393107,-49.0,5,36,6,2,-52.11207319428777,-51.88794971697484
2003-10-27 06:30:00,19,-50.0,-50.00004570656553,0.0435022277393107,-52.0,5,36,6,2,-50.112107445221994,-49.887983967909065
2003-10-27 07:30:00,19,-46.0,-46.00007714685917,0.0435022277393107,-52.0,5,36,6,2,-46.112138885515634,-45.888015408202705
2003-10-27 08:30:00,19,-48.0,-48.0000211860644,0.0435022277393107,-50.0,5,36,6,2,-48.112082924720866,-47.88795944740794
2003-10-27 09:30:00,19,-51.0,-50.99995205257632,0.0435022277393107,-46.0,5,36,6,2,-51.11201379123278,-50.887890313919854
2003-10-27 10:30:00,19,-49.0,-49.00001931978744,0.0435022277393107,-48.0,5,36,6,2,-49.112081058443906,-48.887957581130976
2003-10-27 11:30:00,19,-41.0,-41.00005576613546,0.0435022277393107,-51.0,5,36,6,2,-41.112117504791925,-40.887994027478996
2003-10-27 12:30:00,19,-36.0,-36.00000578963653,0.0435022277393107,-49.0,5,36,6,2,-36.112067528293,-35.88794405098007
2003-10-27 13:30:00,19,-35.0,-34.999978199870135,0.0435022277393107,-41.0,5,36,6,2,-35.1120399385266,-34.88791646121367
2003-10-27 14:30:00,19,-34.0,-33.999979304930065,0.0435022277393107,-36.0,5,36,6,2,-34.11204104358653,-33.8879175662736
2003-10-27 15:30:00,19,-34.0,-33.999989925116495,0.0435022277393107,-35.0,5,36,6,2,-34.11205166377296,-33.88792818646003
2003-10-27 16:30:00,19,-30.0,-30.000037985664544,0.0435022277393107,-34.0,5,36,6,2,-30.11209972432101,-29.88797624700808
2003-10-27 17:30:00,19,-30.0,-30.00000725837875,0.0435022277393107,-34.0,5,36,6,2,-30.112068997035216,-29.887945519722287
2003-10-27 18:30:00,19,-30.0,-30.00001058060064,0.0435022277393107,-30.0,5,36,6,2,-30.112072319257106,-29.887948841944176
2003-10-27 19:30:00,19,-27.0,-27.000022695140103,0.0435022277393107,-30.0,5,36,6,2,-27.112084433796568,-26.88796095648364
2003-10-27 20:30:00,19,-27.0,-26.9999586505405,0.0435022277393107,-30.0,5,36,6,2,-27.112020389196964,-26.887896911884035
2003-10-27 21:30:00,19,-27.0,-26.99997302651486,0.0435022277393107,-27.0,5,36,6,2,-27.112034765171323,-26.887911287858394
2003-10-27 22:30:00,19,-25.0,-25.00002686150304,0.0435022277393107,-27.0,5,36,6,2,-25.112088600159506,-24.887965122846577
2003-10-27 23:30:00,19,-24.0,-24.000010967735754,0.0435022277393107,-27.0,5,36,6,2,-24.11207270639222,-23.88794922907929
2003-10-28 00:30:00,19,-24.0,-23.99999535997156,0.0435022277393107,-25.0,5,36,6,2,-24.112057098628025,-23.887933621315096
2003-10-28 01:30:00,19,-24.0,-23.999996945258857,0.0435022277393107,-24.0,5,36,6,2,-24.112058683915322,-23.887935206602393
2003-10-28 02:30:00,19,-14.0,-14.000092748210747,0.0435022277393107,-24.0,5,36,6,2,-14.112154486867212,-13.888031009554282
2003-10-28 03:30:00,19,-18.0,-18.000057593164485,0.0435022277393107,-24.0,5,36,6,2,-18.11211933182095,-17.88799585450802
2003-10-28 04:30:00,19,-4.0,-4.000178149347239,0.0435022277393107,-14.0,5,36,6,2,-4.112239888003703,-3.8881164106907744
2003-10-28 05:30:00,19,-1.0,-1.0002313260689135,0.0435022277393107,-18.0,5,36,6,2,-1.112293064725378,-0.8881695874124491
2003-10-28 06:30:00,19,-1.0,-1.000090836190484,0.0435022277393107,-4.0,5,36,6,2,-1.1121525748469483,-0.8880290975340195
2003-10-28 07:30:00,19,-5.0,-5.00009249833715,0.0435022277393107,-1.0,5,36,6,2,-5.112154236993614,-4.888030759680685
2003-10-28 08:30:00,19,-14.0,-13.999990200422456,0.0435022277393107,-1.0,5,36,6,2,-14.11205193907892,-13.887928461765991
2003-10-28 09:30:00,19,-32.0,-31.999946095797632,0.0435022277393107,-5.0,5,36,6,2,-32.1120078344541,-31.887884357141168
2003-10-28 10:30:00,19,-32.0,-31.999989519994724,0.0435022277393107,-14.0,5,36,6,2,-32.112051258651185,-31.88792778133826
2003-10-28 11:30:00,19,-24.0,-24.00004867505612,0.0435022277393107,-32.0,5,36,6,2,-24.112110413712585,-23.887986936399656
2003-10-28 12:30:00,19,-20.0,-20.000110407675383,0.0435022277393107,-32.0,5,36,6,2,-20.112172146331847,-19.888048669018918
2003-10-28 13:30:00,19,-16.0,-16.000104878184608,0.0435022277393107,-24.0,5,36,6,2,-16.112166616841073,-15.888043139528143
2003-10-28 14:30:00,19,-8.0,-8.000168491300261,0.0435022277393107,-20.0,5,36,6,2,-8.112230229956726,-7.888106752643797
2003-10-28 15:30:00,19,-4.0,-4.000200921248226,0.0435022277393107,-16.0,5,36,6,2,-4.11226265990469,-3.8881391825917615
2003-10-28 16:30:00,19,-4.0,-4.000110174495479,0.0435022277393107,-8.0,5,36,6,2,-4.112171913151943,-3.8880484358390146
2003-10-28 17:30:00,19,-9.0,-8.99999962242206,0.0435022277393107,-4.0,5,36,6,2,-9.112061361078524,-8.887937883765595
2003-10-28 18:30:00,19,-16.0,-16.000003685640227,0.0435022277393107,-4.0,5,36,6,2,-16.11206542429669,-15.887941946983762
2003-10-28 19:30:00,19,-18.0,-17.999928097082076,0.0435022277393107,-9.0,5,36,6,2,-18.11198983573854,-17.88786635842561
2003-10-28 20:30:00,19,-19.0,-18.99998068408385,0.0435022277393107,-16.0,5,36,6,2,-19.112042422740316,-18.887918945427387
2003-10-28 21:30:00,19,-22.0,-21.99995522607448,0.0435022277393107,-18.0,5,36,6,2,-22.112016964730945,-21.887893487418015
2003-10-28 22:30:00,19,-14.0,-14.000030827691823,0.0435022277393107,-19.0,5,36,6,2,-14.112092566348288,-13.887969089035359
2003-10-28 23:30:00,19,-20.0,-19.99997875061896,0.0435022277393107,-22.0,5,36,6,2,-20.112040489275426,-19.887917011962497
2003-10-29 00:30:00,19,-34.0,-33.99981201198688,0.0435022277393107,-14.0,5,36,6,2,-34.11187375064335,-33.88775027333042
2003-10-29 01:30:00,19,-42.0,-41.99980564319975,0.0435022277393107,-20.0,5,36,6,2,-42.111867381856214,-41.887743904543285
2003-10-29 02:30:00,19,-32.0,-32.00009306850644,0.0435022277393107,-34.0,5,36,6,2,-32.1121548071629,-31.888031329849973
2003-10-29 03:30:00,19,-25.0,-25.000112452865,0.0435022277393107,-42.0,5,36,6,2,-25.112174191521465,-24.888050714208536
2003-10-29 04:30:00,19,-28.0,-27.99997526531807,0.0435022277393107,-32.0,5,36,6,2,-28.112037003974535,-27.887913526661606
2003-10-29 05:30:00,19,-30.0,-29.999949384448268,0.0435022277393107,-25.0,5,36,6,2,-30.112011123104732,-29.887887645791803
2003-10-29 06:30:00,19,-10.0,-10.000225198509844,0.0435022277393107,-28.0,5,36,6,2,-10.112286937166308,-9.888163459853379
2003-10-29 07:30:00,19,-105.0,-104.99922416037236,0.0435022277393107,-30.0,5,36,6,2,-105.11128589902883,-104.8871624217159
2003-10-29 08:30:00,19,-130.0,-129.99899226734095,0.0435022277393107,-10.0,5,36,6,2,-130.1110540059974,-129.8869305286845
2003-10-29 09:30:00,19,-151.0,-150.99975786951836,0.0435022277393107,-105.0,5,36,6,2,-151.1118196081748,-150.8876961308619
2003-10-29 10:30:00,19,-151.0,-150.99980404724204,0.0435022277393107,-130.0,5,36,6,2,-151.1118657858985,-150.8877423085856
2003-10-29 11:30:00,19,-147.0,-147.00005991712453,0.0435022277393107,-151.0,5,36,6,2,-147.11212165578098,-146.88799817846808
2003-10-29 12:30:00,19,-111.0,-111.00025729310278,0.0435022277393107,-151.0,5,36,6,2,-111.11231903175924,-110.88819555444631
2003-10-29 13:30:00,19,-79.0,-79.00062669188543,0.0435022277393107,-147.0,5,36,6,2,-79.1126884305419,-78.88856495322896
2003-10-29 14:30:00,19,-99.0,-99.00007571307444,0.0435022277393107,-111.0,5,36,6,2,-99.1121374517309,-98.88801397441797
2003-10-29 15:30:00,19,-107.0,-106.99985342037522,0.0435022277393107,-79.0,5,36,6,2,-107.11191515903168,-106.88779168171875
2003-10-29 16:30:00,19,-124.0,-124.00017432229215,0.0435022277393107,-99.0,5,36,6,2,-124.11223606094862,-123.88811258363569
2003-10-29 17:30:00,19,-126.0,-126.0000528748073,0.0435022277393107,-107.0,5,36,6,2,-126.11211461346376,-125.88799113615083
2003-10-29 18:30:00,19,-169.0,-168.9999302949117,0.0435022277393107,-124.0,5,36,6,2,-169.11199203356816,-168.88786855625526
2003-10-29 19:30:00,19,-213.0,-212.99950537382395,0.0435022277393107,-126.0,5,36,6,2,-213.1115671124804,-212.8874436351675
2003-10-29 20:30:00,19,-253.0,-253.0001099427632,0.0435022277393107,-169.0,5,36,6,2,-253.11217168141965,-252.88804820410675
2003-10-29 21:30:00,19,-268.0,-268.0003355332045,0.0435022277393107,-213.0,5,36,6,2,-268.11239727186097,-267.88827379454807
2003-10-29 22:30:00,19,-281.0,-281.0004139084121,0.0435022277393107,-253.0,5,36,6,2,-281.11247564706855,-280.88835216975565
2003-10-29 23:30:00,19,-350.0,-349.99971187286627,0.0435022277393107,-268.0,5,36,6,2,-350.1117736115227,-349.8876501342098
2003-10-30 00:30:00,19,-353.0,-352.9998018082055,0.0435022277393107,-281.0,5,36,6,2,-353.11186354686197,-352.88774006954907
2003-10-30 01:30:00,19,-341.0,-341.0003043496151,0.0435022277393107,-350.0,5,36,6,2,-341.11236608827153,-340.8882426109586
2003-10-30 02:30:00,19,-335.0,-334.99996004472337,0.0435022277393107,-353.0,5,36,6,2,-335.1120217833798,-334.8878983060669
2003-10-30 03:30:00,19,-303.0,-303.00012284440953,0.0435022277393107,-341.0,5,36,6,2,-303.112184583066,-302.8880611057531
2003-10-30 04:30:00,19,-273.0,-273.00015820160786,0.0435022277393107,-335.0,5,36,6,2,-273.1122199402643,-272.8880964629514
2003-10-30 05:30:00,19,-244.0,-243.9999848970528,0.0435022277393107,-303.0,5,36,6,2,-244.11204663570925,-243.88792315839635
2003-10-30 06:30:00,19,-220.0,-220.0000893139897,0.0435022277393107,-273.0,5,36,6,2,-220.11215105264614,-219.88802757533324
2003-10-30 07:30:00,19,-203.0,-203.0000303037964,0.0435022277393107,-244.0,5,36,6,2,-203.11209204245284,-202.88796856513994
2003-10-30 08:30:00,19,-192.0,-191.99999762749928,0.0435022277393107,-220.0,5,36,6,2,-192.11205936615573,-191.88793588884283
2003-10-30 09:30:00,19,-178.0,-177.99999481267665,0.0435022277393107,-203.0,5,36,6,2,-178.1120565513331,-177.8879330740202
2003-10-30 10:30:00,19,-164.0,-164.00005031634842,0.0435022277393107,-192.0,5,36,6,2,-164.11211205500487,-163.88798857769197
2003-10-30 11:30:00,19,-155.0,-155.0000716572884,0.0435022277393107,-178.0,5,36,6,2,-155.11213339594485,-154.88800991863195
2003-10-30 12:30:00,19,-156.0,-155.9999715322887,0.0435022277393107,-164.0,5,36,6,2,-156.11203327094515,-155.88790979363225
2003-10-30 13:30:00,19,-148.0,-148.00001014696227,0.0435022277393107,-155.0,5,36,6,2,-148.11207188561872,-147.88794840830582
2003-10-30 14:30:00,19,-138.0,-138.00015643036036,0.0435022277393107,-156.0,5,36,6,2,-138.1122181690168,-137.8880946917039
2003-10-30 15:30:00,19,-129.0,-129.0001281440428,0.0435022277393107,-148.0,5,36,6,2,-129.11218988269925,-128.88806640538635
2003-10-30 16:30:00,19,-111.0,-111.00031654405473,0.0435022277393107,-138.0,5,36,6,2,-111.11237828271119,-110.88825480539826
2003-10-30 17:30:00,19,-97.0,-97.0003892411855,0.0435022277393107,-129.0,5,36,6,2,-97.11245097984197,-96.88832750252904
2003-10-30 18:30:00,19,-111.0,-111.00020870216474,0.0435022277393107,-111.0,5,36,6,2,-111.1122704408212,-110.88814696350828
2003-10-30 19:30:00,19,-142.0,-141.99990100133357,0.0435022277393107,-97.0,5,36,6,2,-142.11196273999002,-141.88783926267712
2003-10-30 20:30:00,19,-240.0,-239.99928624998304,0.0435022277393107,-111.0,5,36,6,2,-240.1113479886395,-239.8872245113266
2003-10-30 21:30:00,19,-316.0,-315.9994259977289,0.0435022277393107,-142.0,5,36,6,2,-316.11148773638536,-315.88736425907246
2003-10-30 22:30:00,19,-383.0,-382.99947957112977,0.0435022277393107,-240.0,5,36,6,2,-383.1115413097862,-382.8874178324733
2003-10-30 23:30:00,19,-371.0,-370.99992257312977,0.0435022277393107,-316.0,5,36,6,2,-371.1119843117862,-370.8878608344733
2003-10-31 00:30:00,19,-307.0,-307.0002176637373,0.0435022277393107,-383.0,5,36,6,2,-307.11227940239377,-306.88815592508087
2003-10-31 01:30:00,19,-246.0,-246.00070767164016,0.0435022277393107,-371.0,5,36,6,2,-246.1127694102966,-245.8886459329837
2003-10-31 02:30:00,19,-244.0,-244.0002105862076,0.0435022277393107,-307.0,5,36,6,2,-244.11227232486405,-243.88814884755115
2003-10-31 03:30:00,19,-241.0,-240.99967914600305,0.0435022277393107,-246.0,5,36,6,2,-241.1117408846595,-240.8876174073466
2003-10-31 04:30:00,19,-196.0,-195.9999542681768,0.0435022277393107,-244.0,5,36,6,2,-196.11201600683324,-195.88789252952034
2003-10-31 05:30:00,19,-131.0,-131.00045765788343,0.0435022277393107,-241.0,5,36,6,2,-131.11251939653988,-130.88839591922698
2003-10-31 06:30:00,19,-106.0,-106.00046957001632,0.0435022277393107,-196.0,5,36,6,2,-106.11253130867279,-105.88840783135986
2003-10-31 07:30:00,19,-113.0,-113.00004664394024,0.0435022277393107,-131.0,5,36,6,2,-113.1121083825967,-112.88798490528377
2003-10-31 08:30:00,19,-113.0,-112.99987392343922,0.0435022277393107,-106.0,5,36,6,2,-113.11193566209569,-112.88781218478276
2003-10-31 09:30:00,19,-109.0,-108.99990182246265,0.0435022277393107,-113.0,5,36,6,2,-109.11196356111911,-108.88784008380618
2003-10-31 10:30:00,19,-113.0,-112.99984304159742,0.0435022277393107,-113.0,5,36,6,2,-113.11190478025388,-112.88778130294095
2003-10-31 11:30:00,19,-55.0,-55.00038435025193,0.0435022277393107,-109.0,5,36,6,2,-55.11244608890839,-54.88832261159546
2003-10-31 12:30:00,19,-77.0,-77.00018350465339,0.0435022277393107,-113.0,5,36,6,2,-77.11224524330986,-76.88812176599693
2003-10-31 13:30:00,19,-80.0,-79.99988411421592,0.0435022277393107,-55.0,5,36,6,2,-80.11194585287238,-79.88782237555945
2003-10-31 14:30:00,19,-88.0,-87.99990188745194,0.0435022277393107,-77.0,5,36,6,2,-88.1119636261084,-87.88784014879548
2003-10-31 15:30:00,19,-80.0,-79.9999559362229,0.0435022277393107,-80.0,5,36,6,2,-80.11201767487937,-79.88789419756644
2003-10-31 16:30:00,19,-76.0,-76.00006507167186,0.0435022277393107,-88.0,5,36,6,2,-76.11212681032832,-75.88800333301539
2003-10-31 17:30:00,19,-68.0,-68.000087932957,0.0435022277393107,-80.0,5,36,6,2,-68.11214967161347,-67.88802619430054
2003-10-31 18:30:00,19,-70.0,-70.00002638387821,0.0435022277393107,-76.0,5,36,6,2,-70.11208812253467,-69.88796464522174
2003-10-31 19:30:00,19,-66.0,-66.00002269380923,0.0435022277393107,-68.0,5,36,6,2,-66.11208443246569,-65.88796095515276
2003-10-31 20:30:00,19,-63.0,-63.00004719146303,0.0435022277393107,-70.0,5,36,6,2,-63.1121089301195,-62.88798545280657
2003-10-31 21:30:00,19,-52.0,-52.00011970510688,0.0435022277393107,-66.0,5,36,6,2,-52.11218144376335,-51.88805796645042
2003-10-31 22:30:00,19,-55.0,-55.00007518329284,0.0435022277393107,-63.0,5,36,6,2,-55.11213692194931,-54.88801344463638
2003-10-31 23:30:00,19,-66.0,-65.9999173341858,0.0435022277393107,-52.0,5,36,6,2,-66.11197907284226,-65.88785559552933
2003-11-01 00:30:00,19,-69.0,-68.9999086230881,0.0435022277393107,-55.0,5,36,6,2,-69.11197036174457,-68.88784688443164
2003-11-01 01:30:00,19,-69.0,-68.99998362753408,0.0435022277393107,-66.0,5,36,6,2,-69.11204536619054,-68.88792188887761
2003-11-01 02:30:00,19,-61.0,-61.00004620050997,0.0435022277393107,-69.0,5,36,6,2,-61.112107939166435,-60.887984461853506
2003-11-01 03:30:00,19,-62.0,-62.000051522218335,0.0435022277393107,-69.0,5,36,6,2,-62.1121132608748,-61.88798978356187
2003-11-01 04:30:00,19,-61.0,-61.00001996424602,0.0435022277393107,-61.0,5,36,6,2,-61.112081702902486,-60.88795822558956
2003-11-01 05:30:00,19,-62.0,-61.999992012002366,0.0435022277393107,-62.0,5,36,6,2,-62.11205375065883,-61.8879302733459
2003-11-01 06:30:00,19,-56.0,-56.000041414898135,0.0435022277393107,-61.0,5,36,6,2,-56.1121031535546,-55.88797967624167
2003-11-01 07:30:00,19,-48.0,-48.00012174301017,0.0435022277393107,-62.0,5,36,6,2,-48.112183481666634,-47.888060004353704
2003-11-01 08:30:00,19,-47.0,-47.00009041691496,0.0435022277393107,-56.0,5,36,6,2,-47.11215215557142,-46.88802867825849
2003-11-01 09:30:00,19,-44.0,-44.00003718367363,0.0435022277393107,-48.0,5,36,6,2,-44.1120989223301,-43.88797544501717
2003-11-01 10:30:00,19,-41.0,-41.00007504735032,0.0435022277393107,-47.0,5,36,6,2,-41.112136786006786,-40.88801330869386
2003-11-01 11:30:00,19,-38.0,-38.00006959350222,0.0435022277393107,-44.0,5,36,6,2,-38.11213133215868,-37.88800785484575
2003-11-01 12:30:00,19,-43.0,-42.99999391369545,0.0435022277393107,-41.0,5,36,6,2,-43.11205565235191,-42.88793217503898
2003-11-01 13:30:00,19,-46.0,-45.99992651834407,0.0435022277393107,-38.0,5,36,6,2,-46.11198825700053,-45.887864779687604
2003-11-01 14:30:00,19,-46.0,-45.99996335485968,0.0435022277393107,-43.0,5,36,6,2,-46.112025093516145,-45.887901616203216
2003-11-01 15:30:00,19,-39.0,-39.00005355945476,0.0435022277393107,-46.0,5,36,6,2,-39.11211529811123,-38.8879918207983
2003-11-01 16:30:00,19,-35.0,-35.00008849749605,0.0435022277393107,-46.0,5,36,6,2,-35.112150236152516,-34.88802675883959
2003-11-01 17:30:00,19,-31.0,-31.00006828426593,0.0435022277393107,-39.0,5,36,6,2,-31.112130022922393,-30.888006545609464
2003-11-01 18:30:00,19,-28.0,-28.000055807825884,0.0435022277393107,-35.0,5,36,6,2,-28.11211754648235,-27.88799406916942
2003-11-01 19:30:00,19,-32.0,-31.99999088256518,0.0435022277393107,-31.0,5,36,6,2,-32.11205262122164,-31.887929143908714
2003-11-01 20:30:00,19,-36.0,-35.99996554139992,0.0435022277393107,-28.0,5,36,6,2,-36.11202728005639,-35.88790380274346
2003-11-01 21:30:00,19,-33.0,-33.00003037379022,0.0435022277393107,-32.0,5,36,6,2,-33.11209211244668,-32.88796863513375
2003-11-01 22:30:00,19,-31.0,-31.000079437596,0.0435022277393107,-36.0,5,36,6,2,-31.112141176252464,-30.888017698939535
2003-11-01 23:30:00,19,-37.0,-36.99994052383981,0.0435022277393107,-33.0,5,36,6,2,-37.112002262496276,-36.88787878518335
2003-11-02 00:30:00,19,-41.0,-40.99992490688513,0.0435022277393107,-31.0,5,36,6,2,-41.11198664554159,-40.88786316822866
2003-11-02 01:30:00,19,-40.0,-39.99998606418879,0.0435022277393107,-37.0,5,36,6,2,-40.112047802845254,-39.887924325532325
2003-11-02 02:30:00,19,-31.0,-31.000057042055488,0.0435022277393107,-41.0,5,36,6,2,-31.112118780711953,-30.887995303399023
2003-11-02 03:30:00,19,-23.0,-23.000112760880462,0.0435022277393107,-40.0,5,36,6,2,-23.112174499536927,-22.888051022223998
2003-11-02 04:30:00,19,-27.0,-27.000012484428087,0.0435022277393107,-31.0,5,36,6,2,-27.11207422308455,-26.887950745771622
2003-11-02 05:30:00,19,-30.0,-29.99998140647679,0.0435022277393107,-23.0,5,36,6,2,-30.112043145133253,-29.887919667820324
2003-11-02 06:30:00,19,-26.0,-26.00004767215196,0.0435022277393107,-27.0,5,36,6,2,-26.112109410808426,-25.887985933495496
2003-11-02 07:30:00,19,-23.0,-23.0000492476578,0.0435022277393107,-30.0,5,36,6,2,-23.112110986314264,-22.887987509001334
2003-11-02 08:30:00,19,-23.0,-23.000024473932253,0.0435022277393107,-26.0,5,36,6,2,-23.112086212588718,-22.88796273527579
2003-11-02 09:30:00,19,-22.0,-21.99999269292492,0.0435022277393107,-23.0,5,36,6,2,-22.112054431581385,-21.887930954268455
2003-11-02 10:30:00,19,-27.0,-26.99996508215145,0.0435022277393107,-23.0,5,36,6,2,-27.112026820807916,-26.887903343494987
2003-11-02 11:30:00,19,-31.0,-30.999942433241227,0.0435022277393107,-22.0,5,36,6,2,-31.11200417189769,-30.887880694584762
2003-11-02 12:30:00,19,-25.0,-25.000028635522018,0.0435022277393107,-27.0,5,36,6,2,-25.112090374178482,-24.887966896865553
2003-11-02 13:30:00,19,-25.0,-25.000056262290464,0.0435022277393107,-31.0,5,36,6,2,-25.11211800094693,-24.887994523634
2003-11-02 14:30:00,19,-28.0,-27.99995751484421,0.0435022277393107,-25.0,5,36,6,2,-28.112019253500673,-27.887895776187744
2003-11-02 15:30:00,19,-29.0,-28.99998922541232,0.0435022277393107,-25.0,5,36,6,2,-29.112050964068786,-28.887927486755856
2003-11-02 16:30:00,19,-28.0,-28.00002045390376,0.0435022277393107,-28.0,5,36,6,2,-28.112082192560223,-27.887958715247294
2003-11-02 17:30:00,19,-23.0,-23.00004545853103,0.0435022277393107,-29.0,5,36,6,2,-23.112107197187495,-22.887983719874565
2003-11-02 18:30:00,19,-23.0,-23.00004909538803,0.0435022277393107,-28.0,5,36,6,2,-23.112110834044493,-22.887987356731564
2003-11-02 19:30:00,19,-21.0,-21.000068499431457,0.0435022277393107,-23.0,5,36,6,2,-21.11213023808792,-20.888006760774992
2003-11-02 20:30:00,19,-23.0,-23.00005614265106,0.0435022277393107,-23.0,5,36,6,2,-23.112117881307526,-22.887994403994597
2003-11-02 21:30:00,19,-22.0,-21.999984802116813,0.0435022277393107,-21.0,5,36,6,2,-22.112046540773278,-21.88792306346035
2003-11-02 22:30:00,19,-26.0,-25.999983571519543,0.0435022277393107,-23.0,5,36,6,2,-26.112045310176008,-25.88792183286308
2003-11-02 23:30:00,19,-32.0,-31.999916998905533,0.0435022277393107,-22.0,5,36,6,2,-32.111978737562,-31.88785526024907
2003-11-03 00:30:00,19,-36.0,-35.99992412708873,0.0435022277393107,-26.0,5,36,6,2,-36.1119858657452,-35.88786238843227
2003-11-03 01:30:00,19,-38.0,-37.9999561985074,0.0435022277393107,-32.0,5,36,6,2,-38.11201793716386,-37.88789445985093
2003-11-03 02:30:00,19,-32.0,-32.00000489787218,0.0435022277393107,-36.0,5,36,6,2,-32.112066636528645,-31.887943159215716
2003-11-03 03:30:00,19,-26.0,-26.00005702646112,0.0435022277393107,-38.0,5,36,6,2,-26.112118765117586,-25.887995287804657
2003-11-03 04:30:00,19,-26.0,-26.00002954370794,0.0435022277393107,-32.0,5,36,6,2,-26.112091282364403,-25.887967805051474
2003-11-03 05:30:00,19,-28.0,-27.999948151637465,0.0435022277393107,-26.0,5,36,6,2,-28.11200989029393,-27.887886412981
2003-11-03 06:30:00,19,-21.0,-21.00007658620619,0.0435022277393107,-26.0,5,36,6,2,-21.112138324862656,-20.888014847549726
2003-11-03 07:30:00,19,-18.0,-17.99999212624168,0.0435022277393107,-28.0,5,36,6,2,-18.112053864898144,-17.887930387585214
2003-11-03 08:30:00,19,-17.0,-17.000010437456986,0.0435022277393107,-21.0,5,36,6,2,-17.11207217611345,-16.88794869880052
2003-11-03 09:30:00,19,-14.0,-14.000009147563276,0.0435022277393107,-18.0,5,36,6,2,-14.11207088621974,-13.887947408906811
2003-11-03 10:30:00,19,-7.0,-7.000099216080525,0.0435022277393107,-17.0,5,36,6,2,-7.112160954736989,-6.88803747742406
2003-11-03 11:30:00,19,-5.0,-5.000088228850345,0.0435022277393107,-14.0,5,36,6,2,-5.112149967506809,-4.88802649019388
2003-11-03 12:30:00,19,-7.0,-7.000018024322131,0.0435022277393107,-7.0,5,36,6,2,-7.1120797629785955,-6.887956285665666
2003-11-03 13:30:00,19,-9.0,-9.000011812582475,0.0435022277393107,-5.0,5,36,6,2,-9.11207355123894,-8.88795007392601
2003-11-03 14:30:00,19,-6.0,-6.000050706165357,0.0435022277393107,-7.0,5,36,6,2,-6.112112444821822,-5.887988967508893
2003-11-03 15:30:00,19,-4.0,-4.000045819487983,0.0435022277393107,-9.0,5,36,6,2,-4.112107558144448,-3.887984080831519
2003-11-03 16:30:00,19,-2.0,-2.000081872596453,0.0435022277393107,-6.0,5,36,6,2,-2.1121436112529173,-1.8880201339399887
2003-11-03 17:30:00,19,-3.0,-3.0000314186892965,0.0435022277393107,-4.0,5,36,6,2,-3.1120931573457606,-2.8879696800328323
2003-11-03 18:30:00,19,-2.0,-2.0000690328639266,0.0435022277393107,-2.0,5,36,6,2,-2.1121307715203907,-1.8880072942074622
2003-11-03 19:30:00,19,-4.0,-4.00005624447482,0.0435022277393107,-3.0,5,36,6,2,-4.112117983131284,-3.8879945058183556
2003-11-03 20:30:00,19,-5.0,-5.000022996559707,0.0435022277393107,-2.0,5,36,6,2,-5.112084735216172,-4.8879612579032425
2003-11-03 21:30:00,19,-6.0,-6.000043953159729,0.0435022277393107,-4.0,5,36,6,2,-6.112105691816193,-5.887982214503264
2003-11-03 22:30:00,19,-6.0,-6.000031410210113,0.0435022277393107,-5.0,5,36,6,2,-6.1120931488665775,-5.887969671553648
2003-11-03 23:30:00,19,-11.0,-11.000007077730968,0.0435022277393107,-6.0,5,36,6,2,-11.112068816387433,-10.887945339074504
2003-11-04 00:30:00,19,-20.0,-19.999897393961287,0.0435022277393107,-6.0,5,36,6,2,-20.111959132617752,-19.887835655304823
2003-11-04 01:30:00,19,-15.0,-14.999930818071425,0.0435022277393107,-11.0,5,36,6,2,-15.11199255672789,-14.88786907941496
2003-11-04 02:30:00,19,-12.0,-12.000007470866391,0.0435022277393107,-20.0,5,36,6,2,-12.112069209522856,-11.887945732209927
2003-11-04 03:30:00,19,-12.0,-11.999953768377727,0.0435022277393107,-15.0,5,36,6,2,-12.112015507034192,-11.887892029721263
2003-11-04 04:30:00,19,-14.0,-13.99990505805822,0.0435022277393107,-12.0,5,36,6,2,-14.111966796714684,-13.887843319401755
2003-11-04 05:30:00,19,-15.0,-14.999888441460772,0.0435022277393107,-12.0,5,36,6,2,-15.111950180117237,-14.887826702804308
2003-11-04 06:30:00,19,14.0,13.999802064920615,0.0435022277393107,-14.0,5,36,6,2,13.88774032626415,14.11186380357708
2003-11-04 07:30:00,19,10.0,9.999853755849683,0.0435022277393107,-15.0,5,36,6,2,9.887792017193219,10.111915494506148
2003-11-04 08:30:00,19,6.0,5.999996175210995,0.0435022277393107,14.0,5,36,6,2,5.887934436554531,6.11205791386746
2003-11-04 09:30:00,19,-15.0,-14.99986106076011,0.0435022277393107,10.0,5,36,6,2,-15.111922799416575,-14.887799322103646
2003-11-04 10:30:00,19,-69.0,-68.9993730208167,0.0435022277393107,6.0,5,36,6,2,-69.11143475947317,-68.88731128216024
2003-11-04 11:30:00,19,-63.0,-63.00015025027857,0.0435022277393107,-15.0,5,36,6,2,-63.11221198893504,-62.88808851162211
2003-11-04 12:30:00,19,-55.0,-54.999939909613246,0.0435022277393107,-69.0,5,36,6,2,-55.11200164826971,-54.88787817095678
2003-11-04 13:30:00,19,-58.0,-57.99995834357622,0.0435022277393107,-63.0,5,36,6,2,-58.11202008223268,-57.88789660491975
2003-11-04 14:30:00,19,-61.0,-60.999926443047215,0.0435022277393107,-55.0,5,36,6,2,-61.11198818170368,-60.88786470439075
2003-11-04 15:30:00,19,-59.0,-58.99998549750109,0.0435022277393107,-58.0,5,36,6,2,-59.11204723615756,-58.88792375884463
2003-11-04 16:30:00,19,-55.0,-55.00006998820827,0.0435022277393107,-61.0,5,36,6,2,-55.11213172686473,-54.8880082495518
2003-11-04 17:30:00,19,-50.0,-50.0000769175215,0.0435022277393107,-59.0,5,36,6,2,-50.11213865617796,-49.88801517886503
2003-11-04 18:30:00,19,-45.0,-45.000082003333006,0.0435022277393107,-55.0,5,36,6,2,-45.11214374198947,-44.88802026467654
2003-11-04 19:30:00,19,-41.0,-41.00005513192401,0.0435022277393107,-50.0,5,36,6,2,-41.11211687058047,-40.88799339326754
2003-11-04 20:30:00,19,-39.0,-39.00004009576882,0.0435022277393107,-45.0,5,36,6,2,-39.11210183442528,-38.88797835711235
2003-11-04 21:30:00,19,-36.0,-36.00003392686072,0.0435022277393107,-41.0,5,36,6,2,-36.11209566551719,-35.88797218820426
2003-11-04 22:30:00,19,-39.0,-38.99998012996896,0.0435022277393107,-39.0,5,36,6,2,-39.112041868625425,-38.887918391312496
2003-11-04 23:30:00,19,-42.0,-41.99990583858456,0.0435022277393107,-36.0,5,36,6,2,-42.111967577241025,-41.887844099928095
2003-11-05 00:30:00,19,-41.0,-40.999962251843925,0.0435022277393107,-39.0,5,36,6,2,-41.11202399050039,-40.88790051318746
2003-11-05 01:30:00,19,-36.0,-36.00000313554104,0.0435022277393107,-42.0,5,36,6,2,-36.11206487419751,-35.88794139688458
2003-11-05 02:30:00,19,-31.0,-31.00005163955129,0.0435022277393107,-41.0,5,36,6,2,-31.112113378207756,-30.887989900894826
2003-11-05 03:30:00,19,-31.0,-31.00001255876636,0.0435022277393107,-36.0,5,36,6,2,-31.112074297422826,-30.887950820109896
2003-11-05 04:30:00,19,-31.0,-30.99998010852026,0.0435022277393107,-31.0,5,36,6,2,-31.112041847176723,-30.887918369863794
2003-11-05 05:30:00,19,-30.0,-29.999999247155777,0.0435022277393107,-31.0,5,36,6,2,-30.112060985812242,-29.887937508499313
2003-11-05 06:30:00,19,-27.0,-27.00002598470269,0.0435022277393107,-31.0,5,36,6,2,-27.112087723359156,-26.887964246046227
2003-11-05 07:30:00,19,-24.0,-24.000048319784227,0.0435022277393107,-30.0,5,36,6,2,-24.11211005844069,-23.887986581127763
2003-11-05 08:30:00,19,-25.0,-25.000030931371647,0.0435022277393107,-27.0,5,36,6,2,-25.11209267002811,-24.887969192715182
2003-11-05 09:30:00,19,-28.0,-27.999956639462344,0.0435022277393107,-24.0,5,36,6,2,-28.112018378118808,-27.88789490080588
2003-11-05 10:30:00,19,-29.0,-28.999954723872595,0.0435022277393107,-25.0,5,36,6,2,-29.11201646252906,-28.88789298521613
2003-11-05 11:30:00,19,-28.0,-27.9999801420797,0.0435022277393107,-28.0,5,36,6,2,-28.112041880736165,-27.887918403423235
2003-11-05 12:30:00,19,-27.0,-27.00000005935721,0.0435022277393107,-29.0,5,36,6,2,-27.112061798013674,-26.887938320700744
2003-11-05 13:30:00,19,-25.0,-25.000010380750908,0.0435022277393107,-28.0,5,36,6,2,-25.112072119407372,-24.887948642094443
2003-11-05 14:30:00,19,-22.0,-22.000034168018026,0.0435022277393107,-27.0,5,36,6,2,-22.11209590667449,-21.88797242936156
2003-11-05 15:30:00,19,-19.0,-19.000047667597546,0.0435022277393107,-25.0,5,36,6,2,-19.11210940625401,-18.88798592894108
2003-11-05 16:30:00,19,-17.0,-17.000056823026537,0.0435022277393107,-22.0,5,36,6,2,-17.112118561683,-16.887995084370072
2003-11-05 17:30:00,19,-16.0,-16.000025412240035,0.0435022277393107,-19.0,5,36,6,2,-16.1120871508965,-15.88796367358357
2003-11-05 18:30:00,19,-17.0,-17.000024188707634,0.0435022277393107,-17.0,5,36,6,2,-17.1120859273641,-16.88796245005117
2003-11-05 19:30:00,19,-12.0,-12.00006325074672,0.0435022277393107,-16.0,5,36,6,2,-12.112124989403185,-11.888001512090256
2003-11-05 20:30:00,19,-17.0,-16.999994631021824,0.0435022277393107,-17.0,5,36,6,2,-17.11205636967829,-16.88793289236536
2003-11-05 21:30:00,19,-18.0,-17.999969925105837,0.0435022277393107,-12.0,5,36,6,2,-18.112031663762302,-17.887908186449373
2003-11-05 22:30:00,19,-17.0,-17.000031991581395,0.0435022277393107,-17.0,5,36,6,2,-17.11209373023786,-16.88797025292493
2003-11-05 23:30:00,19,-22.0,-22.00001558940665,0.0435022277393107,-18.0,5,36,6,2,-22.112077328063116,-21.887953850750186
2003-11-06 00:30:00,19,-24.0,-23.999967111384123,0.0435022277393107,-17.0,5,36,6,2,-24.112028850040588,-23.88790537272766
2003-11-06 01:30:00,19,-24.0,-24.00000902406132,0.0435022277393107,-22.0,5,36,6,2,-24.112070762717785,-23.887947285404856
2003-11-06 02:30:00,19,-21.0,-21.00004170949442,0.0435022277393107,-24.0,5,36,6,2,-21.112103448150883,-20.887979970837954
2003-11-06 03:30:00,19,-21.0,-21.00003601353001,0.0435022277393107,-24.0,5,36,6,2,-21.112097752186475,-20.887974274873546
2003-11-06 04:30:00,19,-25.0,-24.999966233245235,0.0435022277393107,-21.0,5,36,6,2,-25.1120279719017,-24.88790449458877
2003-11-06 05:30:00,19,-25.0,-24.99997081755573,0.0435022277393107,-21.0,5,36,6,2,-25.112032556212196,-24.887909078899266
2003-11-06 06:30:00,19,-20.0,-20.000060420736364,0.0435022277393107,-25.0,5,36,6,2,-20.11212215939283,-19.8879986820799
2003-11-06 07:30:00,19,-17.0,-17.000043291295984,0.0435022277393107,-25.0,5,36,6,2,-17.11210502995245,-16.88798155263952
2003-11-06 08:30:00,19,-16.0,-16.000018725156835,0.0435022277393107,-20.0,5,36,6,2,-16.1120804638133,-15.88795698650037
2003-11-06 09:30:00,19,-14.0,-14.000021403488883,0.0435022277393107,-17.0,5,36,6,2,-14.112083142145348,-13.887959664832419
2003-11-06 10:30:00,19,-15.0,-15.000007578514987,0.0435022277393107,-16.0,5,36,6,2,-15.112069317171452,-14.887945839858522
2003-11-06 11:30:00,19,-13.0,-13.000016125605605,0.0435022277393107,-14.0,5,36,6,2,-13.11207786426207,-12.88795438694914
2003-11-06 12:30:00,19,-12.0,-12.000008772713088,0.0435022277393107,-15.0,5,36,6,2,-12.112070511369552,-11.887947034056623
2003-11-06 13:30:00,19,-11.0,-11.00003984406861,0.0435022277393107,-13.0,5,36,6,2,-11.112101582725074,-10.887978105412145
2003-11-06 14:30:00,19,-7.0,-7.000039989551237,0.0435022277393107,-12.0,5,36,6,2,-7.112101728207701,-6.887978250894772
2003-11-06 15:30:00,19,-5.0,-5.000077558296301,0.0435022277393107,-11.0,5,36,6,2,-5.1121392969527655,-4.888015819639836
2003-11-06 16:30:00,19,-10.0,-9.999992362306614,0.0435022277393107,-7.0,5,36,6,2,-10.112054100963078,-9.88793062365015
2003-11-06 17:30:00,19,-10.0,-9.999997008457974,0.0435022277393107,-5.0,5,36,6,2,-10.112058747114439,-9.88793526980151
2003-11-06 18:30:00,19,-9.0,-9.000005431670552,0.0435022277393107,-10.0,5,36,6,2,-9.112067170327016,-8.887943693014087
2003-11-06 19:30:00,19,-1.0,-1.0000963699078156,0.0435022277393107,-10.0,5,36,6,2,-1.11215810856428,-0.8880346312513512
2003-11-06 20:30:00,19,5.0,4.999861113924851,0.0435022277393107,-9.0,5,36,6,2,4.887799375268386,5.111922852581316
2003-11-06 21:30:00,19,-9.0,-9.000029268845307,0.0435022277393107,-1.0,5,36,6,2,-9.112091007501771,-8.887967530188842
2003-11-06 22:30:00,19,-21.0,-20.9999299090018,0.0435022277393107,5.0,5,36,6,2,-21.111991647658265,-20.887868170345335
2003-11-06 23:30:00,19,-18.0,-17.99995468965323,0.0435022277393107,-9.0,5,36,6,2,-18.112016428309694,-17.887892950996765
2003-11-07 00:30:00,19,-16.0,-16.000289087255272,0.0435022277393107,-21.0,5,36,6,2,-16.112350825911737,-15.888227348598807
2003-11-07 01:30:00,19,-20.0,-19.99998131625184,0.0435022277393107,-18.0,5,36,6,2,-20.112043054908305,-19.887919577595376
2003-11-07 02:30:00,19,-15.0,-15.00001282370484,0.0435022277393107,-16.0,5,36,6,2,-15.112074562361304,-14.887951085048375
2003-11-07 03:30:00,19,-10.0,-10.000103738123808,0.0435022277393107,-20.0,5,36,6,2,-10.112165476780273,-9.888041999467344
2003-11-07 04:30:00,19,-14.0,-14.000008246771468,0.0435022277393107,-15.0,5,36,6,2,-14.112069985427933,-13.887946508115004
2003-11-07 05:30:00,19,-15.0,-14.999980958878233,0.0435022277393107,-10.0,5,36,6,2,-15.112042697534697,-14.887919220221768
2003-11-07 06:30:00,19,-14.0,-14.00002251473396,0.0435022277393107,-14.0,5,36,6,2,-14.112084253390424,-13.887960776077495
2003-11-07 07:30:00,19,-12.0,-12.000010833673317,0.0435022277393107,-15.0,5,36,6,2,-12.112072572329781,-11.887949095016852
2003-11-07 08:30:00,19,-11.0,-11.00002505893065,0.0435022277393107,-14.0,5,36,6,2,-11.112086797587114,-10.887963320274185
2003-11-07 09:30:00,19,-15.0,-14.999958745039688,0.0435022277393107,-12.0,5,36,6,2,-15.112020483696153,-14.887897006383223
2003-11-07 10:30:00,19,-13.0,-12.999981814538303,0.0435022277393107,-11.0,5,36,6,2,-13.112043553194768,-12.887920075881839
2003-11-07 11:30:00,19,-11.0,-11.000001965405096,0.0435022277393107,-15.0,5,36,6,2,-11.11206370406156,-10.887940226748631
2003-11-07 12:30:00,19,-8.0,-8.000024164989188,0.0435022277393107,-13.0,5,36,6,2,-8.112085903645653,-7.887962426332724
2003-11-07 13:30:00,19,-8.0,-8.000017607675098,0.0435022277393107,-11.0,5,36,6,2,-8.112079346331562,-7.887955869018633
2003-11-07 14:30:00,19,-7.0,-7.0000040664608285,0.0435022277393107,-8.0,5,36,6,2,-7.112065805117293,-6.887942327804364
2003-11-07 15:30:00,19,-7.0,-6.999998461110302,0.0435022277393107,-8.0,5,36,6,2,-7.112060199766766,-6.887936722453837
2003-11-07 16:30:00,19,-6.0,-6.000011940145974,0.0435022277393107,-7.0,5,36,6,2,-6.112073678802439,-5.8879502014895095
2003-11-07 17:30:00,19,-4.0,-4.000049057169726,0.0435022277393107,-7.0,5,36,6,2,-4.11211079582619,-3.8879873185132614
2003-11-07 18:30:00,19,-3.0,-3.000011367753462,0.0435022277393107,-6.0,5,36,6,2,-3.1120731064099263,-2.887949629096998
2003-11-07 19:30:00,19,-4.0,-3.999992100629175,0.0435022277393107,-4.0,5,36,6,2,-4.11205383928564,-3.887930361972711
2003-11-07 20:30:00,19,-4.0,-4.000018889672386,0.0435022277393107,-3.0,5,36,6,2,-4.112080628328851,-3.887957151015922
2003-11-07 21:30:00,19,-3.0,-2.9999965454574493,0.0435022277393107,-4.0,5,36,6,2,-3.1120582841139135,-2.887934806800985
2003-11-07 22:30:00,19,-1.0,-1.0000121932711217,0.0435022277393107,-4.0,5,36,6,2,-1.112073931927586,-0.8879504546146573
2003-11-07 23:30:00,19,-3.0,-2.999974509205508,0.0435022277393107,-3.0,5,36,6,2,-3.112036247861972,-2.8879127705490437
2003-11-08 00:30:00,19,-5.0,-4.999978613608953,0.0435022277393107,-1.0,5,36,6,2,-5.112040352265417,-4.887916874952488
2003-11-08 01:30:00,19,-3.0,-3.0000154457262447,0.0435022277393107,-3.0,5,36,6,2,-3.112077184382709,-2.8879537070697805
2003-11-08 02:30:00,19,3.0,2.9999538453592365,0.0435022277393107,-5.0,5,36,6,2,2.8878921067027723,3.1120155840157007
2003-11-08 03:30:00,19,5.0,4.999942920791078,0.0435022277393107,-3.0,5,36,6,2,4.887881182134613,5.112004659447543
2003-11-08 04:30:00,19,4.0,3.9999791197323873,0.0435022277393107,3.0,5,36,6,2,3.887917381075923,4.112040858388852
2003-11-08 05:30:00,19,3.0,3.0000032202786926,0.0435022277393107,5.0,5,36,6,2,2.8879414816222284,3.1120649589351568
2003-11-08 06:30:00,19,3.0,2.9999957308894665,0.0435022277393107,4.0,5,36,6,2,2.8879339922330023,3.1120574695459307
2003-11-08 07:30:00,19,4.0,3.999948991222823,0.0435022277393107,3.0,5,36,6,2,3.887887252566359,4.112010729879287
2003-11-08 08:30:00,19,5.0,4.999989341739671,0.0435022277393107,3.0,5,36,6,2,4.887927603083206,5.112051080396135
2003-11-08 09:30:00,19,5.0,4.999946313383354,0.0435022277393107,4.0,5,36,6,2,4.88788457472689,5.112008052039819
2003-11-08 10:30:00,19,6.0,5.9999988610632045,0.0435022277393107,5.0,5,36,6,2,5.88793712240674,6.112060599719669
2003-11-08 11:30:00,19,5.0,4.999960735853122,0.0435022277393107,5.0,5,36,6,2,4.8878989971966575,5.112022474509587
2003-11-08 12:30:00,19,11.0,10.999896500826267,0.0435022277393107,6.0,5,36,6,2,10.887834762169803,11.111958239482732
2003-11-08 13:30:00,19,15.0,14.99989749866431,0.0435022277393107,5.0,5,36,6,2,14.887835760007846,15.111959237320775
2003-11-08 14:30:00,19,21.0,20.99987465993823,0.0435022277393107,11.0,5,36,6,2,20.887812921281764,21.111936398594693
2003-11-08 15:30:00,19,12.0,11.99996986115736,0.0435022277393107,15.0,5,36,6,2,11.887908122500896,12.112031599813825
2003-11-08 16:30:00,19,7.0,6.999936489174225,0.0435022277393107,21.0,5,36,6,2,6.88787475051776,7.111998227830689
2003-11-08 17:30:00,19,4.0,4.000051275482392,0.0435022277393107,12.0,5,36,6,2,3.8879895368259274,4.112113014138856
2003-11-08 18:30:00,19,5.0,5.00004084940786,0.0435022277393107,7.0,5,36,6,2,4.887979110751395,5.1121025880643245
2003-11-08 19:30:00,19,-5.0,-4.999973474042033,0.0435022277393107,4.0,5,36,6,2,-5.112035212698498,-4.887911735385568
2003-11-08 20:30:00,19,-5.0,-4.999990497859908,0.0435022277393107,5.0,5,36,6,2,-5.112052236516373,-4.887928759203444
2003-11-08 21:30:00,19,2.0,1.9999850663420065,0.0435022277393107,-5.0,5,36,6,2,1.887923327685542,2.112046804998471
2003-11-08 22:30:00,19,1.0,0.9999797942474302,0.0435022277393107,-5.0,5,36,6,2,0.8879180555909658,1.1120415329038946
2003-11-08 23:30:00,19,2.0,1.9999412816513669,0.0435022277393107,2.0,5,36,6,2,1.8878795429949025,2.112003020307831
2003-11-09 00:30:00,19,2.0,1.9999825446512176,0.0435022277393107,1.0,5,36,6,2,1.8879208059947532,2.112044283307682
2004-10-30 19:30:00,23,-4.0,-4.021807544220582,9.812758798169178,2.0,5,36,6,2,-29.299474208304385,21.25585911986322
2004-10-30 20:30:00,23,-15.0,-4.958019930507636,9.812758798169178,2.0,5,36,6,2,-30.23568659459144,20.319646733576167
2004-10-30 21:30:00,23,-24.0,-9.439400214198743,9.812758798169178,-4.0,5,36,6,2,-34.717066878282544,15.83826644988506
2004-10-30 22:30:00,23,-23.0,-25.17544961008557,9.812758798169178,-15.0,5,36,6,2,-50.453116274169375,0.10221705399823477
2004-10-30 23:30:00,23,-17.0,-21.602479929666043,9.812758798169178,-24.0,5,36,6,2,-46.88014659374984,3.6751867344177604
2004-10-31 00:30:00,23,-9.0,-21.661102805956283,9.812758798169178,-23.0,5,36,6,2,-46.938769470040086,3.6165638581275203
2004-10-31 01:30:00,23,-7.0,-15.169085941139524,9.812758798169178,-17.0,5,36,6,2,-40.446752605223324,10.108580722944279
2004-10-31 02:30:00,23,-15.0,-10.505730546287314,9.812758798169178,-9.0,5,36,6,2,-35.78339721037112,14.77193611779649
2004-10-31 03:30:00,23,-14.0,-9.31545445811744,9.812758798169178,-7.0,5,36,6,2,-34.59312112220124,15.962212205966363
2004-10-31 04:30:00,23,-9.0,-16.773581666965434,9.812758798169178,-15.0,5,36,6,2,-42.05124833104924,8.504084997118369
2004-10-31 05:30:00,23,-4.0,-11.39292303557831,9.812758798169178,-14.0,5,36,6,2,-36.670589699662116,13.884743628505493
2004-10-31 06:30:00,23,-4.0,-8.433936505553508,9.812758798169178,-9.0,5,36,6,2,-33.711603169637314,16.843730158530295
2004-10-31 07:30:00,23,-6.0,-4.856160488217469,9.812758798169178,-4.0,5,36,6,2,-30.133827152301272,20.421506175866334
2004-10-31 08:30:00,23,-4.0,-5.878634880992127,9.812758798169178,-4.0,5,36,6,2,-31.15630154507593,19.399031783091676
2004-10-31 09:30:00,23,-4.0,-7.526990854815871,9.812758798169178,-6.0,5,36,6,2,-32.804657518899674,17.750675809267932
2004-10-31 10:30:00,23,-13.0,-1.8184715376485912,9.812758798169178,-4.0,5,36,6,2,-27.096138201732394,23.459195126435212
2004-10-31 11:30:00,23,-16.0,-12.98227158307165,9.812758798169178,-4.0,5,36,6,2,-38.25993824715545,12.295395081012153
2004-10-31 12:30:00,23,-18.0,-11.80540196492931,9.812758798169178,-13.0,5,36,6,2,-37.08306862901311,13.472264699154493
2004-10-31 13:30:00,23,-20.0,-20.415529068314022,9.812758798169178,-16.0,5,36,6,2,-45.693195732397825,4.862137595769781
2004-10-31 14:30:00,23,-18.0,-23.44093019091897,9.812758798169178,-18.0,5,36,6,2,-48.71859685500277,1.8367364731648337
2004-10-31 15:30:00,23,-16.0,-17.461338103495915,9.812758798169178,-20.0,5,36,6,2,-42.739004767579715,7.816328560587888
2004-10-31 16:30:00,23,-14.0,-16.819322655495814,9.812758798169178,-18.0,5,36,6,2,-42.09698931957962,8.45834400858799
2004-10-31 17:30:00,23,-14.0,-14.89002002362043,9.812758798169178,-16.0,5,36,6,2,-40.16768668770423,10.387646640463373
2004-10-31 18:30:00,23,-12.0,-15.300459868304705,9.812758798169178,-14.0,5,36,6,2,-40.57812653238851,9.977206795779098
2004-10-31 19:30:00,23,-14.0,-10.808990801207049,9.812758798169178,-14.0,5,36,6,2,-36.086657465290855,14.468675862876754
2004-10-31 20:30:00,23,-13.0,-13.999569092112395,9.812758798169178,-12.0,5,36,6,2,-39.2772357561962,11.278097571971408
2004-10-31 21:30:00,23,-16.0,-14.693880114061283,9.812758798169178,-14.0,5,36,6,2,-39.97154677814508,10.58378655002252
2004-10-31 22:30:00,23,-16.0,-17.936671036749896,9.812758798169178,-13.0,5,36,6,2,-43.214337700833696,7.340995627333907
2004-10-31 23:30:00,23,-19.0,-17.948691187725085,9.812758798169178,-16.0,5,36,6,2,-43.226357851808885,7.328975476358718
2004-11-01 00:30:00,23,-19.0,-16.701669732284575,9.812758798169178,-16.0,5,36,6,2,-41.97933639636838,8.575996931799228
2004-11-01 01:30:00,23,-16.0,-17.43925502121772,9.812758798169178,-19.0,5,36,6,2,-42.71692168530152,7.838411642866085
2004-11-01 02:30:00,23,-14.0,-14.86037520105674,9.812758798169178,-19.0,5,36,6,2,-40.13804186514054,10.417291463027063
2004-11-01 03:30:00,23,-12.0,-12.858433544088433,9.812758798169178,-16.0,5,36,6,2,-38.13610020817224,12.41923311999537
2004-11-01 04:30:00,23,-8.0,-15.458128616283158,9.812758798169178,-14.0,5,36,6,2,-40.73579528036696,9.819538047800645
2004-11-01 05:30:00,23,-7.0,-13.561578445251186,9.812758798169178,-12.0,5,36,6,2,-38.83924510933499,11.716088218832617
2004-11-01 06:30:00,23,-7.0,-6.902753036683549,9.812758798169178,-8.0,5,36,6,2,-32.18041970076735,18.374913627400254
2004-11-01 07:30:00,23,-5.0,-8.766500119836007,9.812758798169178,-7.0,5,36,6,2,-34.044166783919806,16.511166544247796
2004-11-01 08:30:00,23,-6.0,-4.843794565357428,9.812758798169178,-7.0,5,36,6,2,-30.12146122944123,20.433872098726376
2004-11-01 09:30:00,23,-8.0,-5.4501621169176175,9.812758798169178,-5.0,5,36,6,2,-30.72782878100142,19.827504547166185
2004-11-01 10:30:00,23,-8.0,-5.9966260358913495,9.812758798169178,-6.0,5,36,6,2,-31.274292699975152,19.281040628192454
2004-11-01 11:30:00,23,-10.0,-7.650936610897176,9.812758798169178,-8.0,5,36,6,2,-32.92860327498098,17.626730053186627
2004-11-01 12:30:00,23,-9.0,-12.149952337886592,9.812758798169178,-8.0,5,36,6,2,-37.4276190019704,13.12771432619721
2004-11-01 13:30:00,23,-9.0,-8.404572824615816,9.812758798169178,-10.0,5,36,6,2,-33.68223948869962,16.873093839467987
2004-11-01 14:30:00,23,-7.0,-9.079883627633674,9.812758798169178,-9.0,5,36,6,2,-34.35755029171747,16.19778303645013
2004-11-01 15:30:00,23,-7.0,-10.21866232555156,9.812758798169178,-9.0,5,36,6,2,-35.49632898963536,15.059004338532244
2004-11-01 16:30:00,23,-1.0,-7.926739777515305,9.812758798169178,-7.0,5,36,6,2,-33.204406441599104,17.350926886568498
2004-11-01 17:30:00,23,-1.0,-6.803741634466721,9.812758798169178,-7.0,5,36,6,2,-32.08140829855053,18.47392502961708
2004-11-01 18:30:00,23,-4.0,-2.395774861803762,9.812758798169178,-1.0,5,36,6,2,-27.673441525887565,22.88189180228004
2004-11-01 19:30:00,23,-2.0,-2.1986870417814792,9.812758798169178,-1.0,5,36,6,2,-27.476353705865282,23.078979622302324
2004-11-01 20:30:00,23,-1.0,-3.95280397118799,9.812758798169178,-4.0,5,36,6,2,-29.230470635271793,21.324862692895813
2004-11-01 21:30:00,23,-2.0,-2.074153150344636,9.812758798169178,-2.0,5,36,6,2,-27.35181981442844,23.203513513739168
2004-11-01 22:30:00,23,-3.0,-2.1618865723920706,9.812758798169178,-1.0,5,36,6,2,-27.439553236475874,23.115780091691732
2004-11-01 23:30:00,23,-3.0,-2.999992972058596,0.0435022277393107,-2.0,5,36,6,2,-3.1120547107150602,-2.887931233402132
2004-11-02 00:30:00,23,-3.0,-2.999987778242321,0.0435022277393107,-3.0,5,36,6,2,-3.1120495168987854,-2.887926039585857
2004-11-02 01:30:00,23,-5.0,-5.00001742198338,0.0435022277393107,-3.0,5,36,6,2,-5.112079160639845,-4.887955683326916
2004-11-02 02:30:00,23,-4.0,-4.000009651868488,0.0435022277393107,-3.0,5,36,6,2,-4.112071390524952,-3.8879479132120234
2004-11-02 03:30:00,23,-5.0,-4.9999833404553335,0.0435022277393107,-5.0,5,36,6,2,-5.112045079111798,-4.887921601798869
2004-11-02 04:30:00,23,-7.0,-6.999961352582172,0.0435022277393107,-4.0,5,36,6,2,-7.112023091238637,-6.887899613925708
2004-11-02 05:30:00,23,-7.0,-6.999977126759454,0.0435022277393107,-5.0,5,36,6,2,-7.112038865415919,-6.887915388102989
2004-11-02 06:30:00,23,-6.0,-5.999992941192097,0.0435022277393107,-7.0,5,36,6,2,-6.112054679848562,-5.887931202535633
2004-11-02 07:30:00,23,-4.0,-3.999995446643755,0.0435022277393107,-7.0,5,36,6,2,-4.11205718530022,-3.887933707987291
2004-11-02 08:30:00,23,-2.0,-2.0000120324072803,0.0435022277393107,-6.0,5,36,6,2,-2.1120737710637445,-1.887950293750816
2004-11-02 09:30:00,23,-3.0,-2.9999907988003365,0.0435022277393107,-4.0,5,36,6,2,-3.1120525374568007,-2.8879290601438723
2004-11-02 10:30:00,23,-4.0,-4.000004692752523,0.0435022277393107,-2.0,5,36,6,2,-4.112066431408987,-3.8879429540960584
2004-11-02 11:30:00,23,-2.0,-2.000025866428988,0.0435022277393107,-3.0,5,36,6,2,-2.1120876050854522,-1.8879641277725236
2004-11-02 12:30:00,23,-2.0,-2.000020743594405,0.0435022277393107,-4.0,5,36,6,2,-2.112082482250869,-1.8879590049379404
2004-11-02 13:30:00,23,1.0,0.999954602166909,0.0435022277393107,-2.0,5,36,6,2,0.8878928635104446,1.1120163408233734
2004-11-02 14:30:00,23,-1.0,-1.000031152782885,0.0435022277393107,-2.0,5,36,6,2,-1.1120928914393493,-0.8879694141264205
2004-11-02 15:30:00,23,-4.0,-3.999983582515259,0.0435022277393107,1.0,5,36,6,2,-4.112045321171723,-3.887921843858795
2004-11-02 16:30:00,23,-6.0,-6.000022058467263,0.0435022277393107,-1.0,5,36,6,2,-6.112083797123728,-5.887960319810799
2004-11-02 17:30:00,23,-5.0,-5.000048737983498,0.0435022277393107,-4.0,5,36,6,2,-5.1121104766399625,-4.887986999327033
2004-11-02 18:30:00,23,0.0,-7.861653119078937e-05,0.0435022277393107,-6.0,5,36,6,2,-0.11214035518765515,0.11198312212527357
2004-11-02 19:30:00,23,3.0,2.999898594179797,0.0435022277393107,-5.0,5,36,6,2,2.8878368555233327,3.111960332836261
2004-11-02 20:30:00,23,2.0,1.999970590776023,0.0435022277393107,0.0,5,36,6,2,1.8879088521195586,2.112032329432487
2004-11-02 21:30:00,23,1.0,0.9999963162888648,0.0435022277393107,3.0,5,36,6,2,0.8879345776324004,1.1120580549453292
2004-11-02 22:30:00,23,-1.0,-0.999981462125195,0.0435022277393107,2.0,5,36,6,2,-1.1120432007816594,-0.8879197234687306
2004-11-02 23:30:00,23,0.0,-2.851115034729901e-06,0.0435022277393107,1.0,5,36,6,2,-0.11206458977149909,0.11205888754142963
2004-11-03 00:30:00,23,2.0,1.999968778427096,0.0435022277393107,-1.0,5,36,6,2,1.8879070397706317,2.1120305170835603
2004-11-03 01:30:00,23,3.0,2.999977381015924,0.0435022277393107,0.0,5,36,6,2,2.88791564235946,3.112039119672388
2004-11-03 02:30:00,23,3.0,2.999997615851996,0.0435022277393107,2.0,5,36,6,2,2.887935877195532,3.1120593545084603
2004-11-03 03:30:00,23,3.0,3.0000050468087807,0.0435022277393107,3.0,5,36,6,2,2.8879433081523165,3.112066785465245
2004-11-03 04:30:00,23,4.0,3.9999766701467214,0.0435022277393107,3.0,5,36,6,2,3.8879149314902572,4.112038408803186
2004-11-03 05:30:00,23,6.0,5.999997017161519,0.0435022277393107,3.0,5,36,6,2,5.887935278505054,6.1120587558179835
2004-11-03 06:30:00,23,8.0,7.999976282079906,0.0435022277393107,4.0,5,36,6,2,7.887914543423442,8.112038020736371
2004-11-03 07:30:00,23,8.0,7.999993068400265,0.0435022277393107,6.0,5,36,6,2,7.8879313297438,8.11205480705673
2004-11-03 08:30:00,23,8.0,7.999999180034429,0.0435022277393107,8.0,5,36,6,2,7.887937441377964,8.112060918690894
2004-11-03 09:30:00,23,7.0,7.000006738303185,0.0435022277393107,8.0,5,36,6,2,6.88794499964672,7.112068476959649
2004-11-03 10:30:00,23,4.0,4.000047568058974,0.0435022277393107,8.0,5,36,6,2,3.8879858294025103,4.112109306715439
2004-11-03 11:30:00,23,3.0,3.000022010076677,0.0435022277393107,7.0,5,36,6,2,2.8879602714202126,3.112083748733141
2004-11-03 12:30:00,23,1.0,0.999993459372746,0.0435022277393107,4.0,5,36,6,2,0.8879317207162816,1.1120551980292104
2004-11-03 13:30:00,23,7.0,6.999963837558504,0.0435022277393107,3.0,5,36,6,2,6.887902098902039,7.112025576214968
2004-11-03 14:30:00,23,12.0,11.999961121755211,0.0435022277393107,1.0,5,36,6,2,11.887899383098746,12.112022860411676
2004-11-03 15:30:00,23,14.0,13.999925279217948,0.0435022277393107,7.0,5,36,6,2,13.887863540561483,14.111987017874412
2004-11-03 16:30:00,23,14.0,13.999959527293385,0.0435022277393107,12.0,5,36,6,2,13.88789778863692,14.11202126594985
2004-11-03 17:30:00,23,7.0,7.000051869103231,0.0435022277393107,14.0,5,36,6,2,6.887990130446767,7.112113607759696
2004-11-03 18:30:00,23,3.0,2.99998555764288,0.0435022277393107,14.0,5,36,6,2,2.887923818986416,3.112047296299344
2004-11-03 19:30:00,23,3.0,2.999960904996982,0.0435022277393107,7.0,5,36,6,2,2.887899166340518,3.112022643653446
2004-11-03 20:30:00,23,-7.0,-6.999882104233095,0.0435022277393107,3.0,5,36,6,2,-7.11194384288956,-6.887820365576631
2004-11-03 21:30:00,23,-19.0,-18.99990616276504,0.0435022277393107,3.0,5,36,6,2,-19.111967901421504,-18.887844424108575
2004-11-03 22:30:00,23,-17.0,-17.000038617480815,0.0435022277393107,-7.0,5,36,6,2,-17.11210035613728,-16.88797687882435
2004-11-03 23:30:00,23,-12.0,-12.000109855856792,0.0435022277393107,-19.0,5,36,6,2,-12.112171594513256,-11.888048117200327
2004-11-04 00:30:00,23,-3.0,-3.0000358313680664,0.0435022277393107,-17.0,5,36,6,2,-3.1120975700245306,-2.887974092711602
2004-11-04 01:30:00,23,-3.0,-3.0000579714290048,0.0435022277393107,-12.0,5,36,6,2,-3.112119710085469,-2.8879962327725406
2004-11-04 02:30:00,23,-7.0,-6.999983642770207,0.0435022277393107,-3.0,5,36,6,2,-7.112045381426672,-6.8879219041137425
2004-11-04 03:30:00,23,-9.0,-8.999973188946672,0.0435022277393107,-3.0,5,36,6,2,-9.112034927603137,-8.887911450290208
2004-11-04 04:30:00,23,-8.0,-8.000011193627255,0.0435022277393107,-7.0,5,36,6,2,-8.11207293228372,-7.887949454970791
2004-11-04 05:30:00,23,-9.0,-9.000027235247146,0.0435022277393107,-9.0,5,36,6,2,-9.11208897390361,-8.887965496590681
2004-11-04 06:30:00,23,-11.0,-10.99995855248784,0.0435022277393107,-8.0,5,36,6,2,-11.112020291144304,-10.887896813831375
2004-11-04 07:30:00,23,-13.0,-12.999970800350749,0.0435022277393107,-9.0,5,36,6,2,-13.112032539007213,-12.887909061694284
2004-11-04 08:30:00,23,-10.0,-9.99997385511096,0.0435022277393107,-11.0,5,36,6,2,-10.112035593767425,-9.887912116454496
2004-11-04 09:30:00,23,-5.0,-5.000045527849554,0.0435022277393107,-13.0,5,36,6,2,-5.112107266506019,-4.88798378919309
2004-11-04 10:30:00,23,-2.0,-2.000068436265156,0.0435022277393107,-10.0,5,36,6,2,-2.1121301749216204,-1.8880066976086918
2004-11-04 11:30:00,23,0.0,-5.693655958793897e-05,0.0435022277393107,-5.0,5,36,6,2,-0.1121186752160523,0.11200480209687642
2004-11-04 12:30:00,23,1.0,0.999954425673728,0.0435022277393107,-2.0,5,36,6,2,0.8878926870172636,1.1120161643301925
2004-11-04 13:30:00,23,-1.0,-0.9999950126170384,0.0435022277393107,0.0,5,36,6,2,-1.1120567512735027,-0.887933273960574
2004-11-04 14:30:00,23,-2.0,-1.9999912314544588,0.0435022277393107,1.0,5,36,6,2,-2.112052970110923,-1.8879294927979944
2004-11-04 15:30:00,23,0.0,-7.61644479325696e-05,0.0435022277393107,-1.0,5,36,6,2,-0.11213790310439693,0.1119855742085318
2004-11-04 16:30:00,23,-1.0,-1.000008925705579,0.0435022277393107,-2.0,5,36,6,2,-1.1120706643620435,-0.8879471870491147
2004-11-04 17:30:00,23,-9.0,-8.999898533995356,0.0435022277393107,0.0,5,36,6,2,-9.111960272651821,-8.887836795338892
2004-11-04 18:30:00,23,-13.0,-12.999933220863088,0.0435022277393107,-1.0,5,36,6,2,-13.111994959519553,-12.887871482206624
2004-11-04 19:30:00,23,-12.0,-11.999977012257837,0.0435022277393107,-9.0,5,36,6,2,-12.112038750914301,-11.887915273601372
2004-11-04 20:30:00,23,-7.0,-7.000053902288158,0.0435022277393107,-13.0,5,36,6,2,-7.112115640944623,-6.887992163631694
2004-11-04 21:30:00,23,-4.0,-4.000044835062862,0.0435022277393107,-12.0,5,36,6,2,-4.112106573719327,-3.887983096406398
2004-11-04 22:30:00,23,-1.0,-1.0000396161373786,0.0435022277393107,-7.0,5,36,6,2,-1.112101354793843,-0.8879778774809142
2004-11-04 23:30:00,23,-5.0,-5.0000059206155925,0.0435022277393107,-4.0,5,36,6,2,-5.112067659272057,-4.887944181959128
2004-11-05 00:30:00,23,-8.0,-7.999977316799988,0.0435022277393107,-1.0,5,36,6,2,-8.112039055456453,-7.887915578143524
2004-11-05 01:30:00,23,-6.0,-6.00001804676074,0.0435022277393107,-5.0,5,36,6,2,-6.112079785417205,-5.887956308104275
2004-11-05 02:30:00,23,-5.0,-4.999976415838404,0.0435022277393107,-8.0,5,36,6,2,-5.1120381544948685,-4.887914677181939
2004-11-05 03:30:00,23,-6.0,-5.999975403135821,0.0435022277393107,-6.0,5,36,6,2,-6.112037141792285,-5.887913664479356
2004-11-05 04:30:00,23,-5.0,-5.000003300284586,0.0435022277393107,-5.0,5,36,6,2,-5.112065038941051,-4.887941561628121
2004-11-05 05:30:00,23,-4.0,-3.9999817668603583,0.0435022277393107,-6.0,5,36,6,2,-4.112043505516823,-3.887920028203894
2004-11-05 06:30:00,23,-4.0,-3.999996193084869,0.0435022277393107,-5.0,5,36,6,2,-4.112057931741333,-3.8879344544284047
2004-11-05 07:30:00,23,-3.0,-3.000018466304688,0.0435022277393107,-4.0,5,36,6,2,-3.1120802049611522,-2.887956727648224
2004-11-05 08:30:00,23,-2.0,-1.999984015244824,0.0435022277393107,-4.0,5,36,6,2,-2.1120457539012882,-1.8879222765883596
2004-11-05 09:30:00,23,0.0,-1.4729700154703096e-05,0.0435022277393107,-3.0,5,36,6,2,-0.11207646835661907,0.11204700895630966
2004-11-05 10:30:00,23,1.0,0.9999857268870328,0.0435022277393107,-2.0,5,36,6,2,0.8879239882305684,1.112047465543497
2004-11-05 11:30:00,23,0.0,3.699370793697199e-06,0.0435022277393107,0.0,5,36,6,2,-0.11205803928567067,0.11206543802725806
2004-11-05 12:30:00,23,-3.0,-2.99994642491826,0.0435022277393107,1.0,5,36,6,2,-3.1120081635747243,-2.887884686261796
2004-11-05 13:30:00,23,-3.0,-2.999955243764141,0.0435022277393107,0.0,5,36,6,2,-3.112016982420605,-2.8878935051076766
2004-11-05 14:30:00,23,-3.0,-2.9999879236818465,0.0435022277393107,-3.0,5,36,6,2,-3.1120496623383107,-2.8879261850253823
2004-11-05 15:30:00,23,-2.0,-1.9999861632195604,0.0435022277393107,-3.0,5,36,6,2,-2.1120479018760245,-1.887924424563096
2004-11-05 16:30:00,23,0.0,-2.13890681806106e-05,0.0435022277393107,-3.0,5,36,6,2,-0.11208312772464497,0.11204034958828375
2004-11-05 17:30:00,23,-1.0,-1.0000014968087534,0.0435022277393107,-2.0,5,36,6,2,-1.1120632354652178,-0.887939758152289
2004-11-05 18:30:00,23,-1.0,-0.9999989759710388,0.0435022277393107,0.0,5,36,6,2,-1.1120607146275032,-0.8879372373145744
2004-11-05 19:30:00,23,1.0,0.9999823831205888,0.0435022277393107,-1.0,5,36,6,2,0.8879206444641244,1.1120441217770531
2004-11-05 20:30:00,23,2.0,1.9999671286040763,0.0435022277393107,-1.0,5,36,6,2,1.887905389947612,2.1120288672605407
2004-11-05 21:30:00,23,4.0,3.999980520224881,0.0435022277393107,1.0,5,36,6,2,3.8879187815684166,4.1120422588813454
2004-11-05 22:30:00,23,4.0,3.999978049117857,0.0435022277393107,2.0,5,36,6,2,3.8879163104613927,4.1120397877743216
2004-11-05 23:30:00,23,5.0,4.999970264187596,0.0435022277393107,4.0,5,36,6,2,4.887908525531131,5.11203200284406
2004-11-06 00:30:00,23,6.0,5.9999742718283215,0.0435022277393107,4.0,5,36,6,2,5.887912533171857,6.112036010484786
2004-11-06 01:30:00,23,6.0,5.999980429766509,0.0435022277393107,5.0,5,36,6,2,5.887918691110045,6.112042168422974
2004-11-06 02:30:00,23,6.0,5.999995534537966,0.0435022277393107,6.0,5,36,6,2,5.8879337958815015,6.112057273194431
2004-11-06 03:30:00,23,5.0,4.999996348329496,0.0435022277393107,6.0,5,36,6,2,4.887934609673032,5.112058086985961
2004-11-06 04:30:00,23,4.0,3.999996877257395,0.0435022277393107,6.0,5,36,6,2,3.887935138600931,4.11205861591386
2004-11-06 05:30:00,23,6.0,5.99998318352386,0.0435022277393107,5.0,5,36,6,2,5.887921444867396,6.112044922180325
2004-11-06 06:30:00,23,7.0,6.99997200927757,0.0435022277393107,4.0,5,36,6,2,6.887910270621106,7.112033747934035
2004-11-06 07:30:00,23,7.0,6.999980225630104,0.0435022277393107,6.0,5,36,6,2,6.887918486973639,7.112041964286568
2004-11-06 08:30:00,23,6.0,5.999998792463295,0.0435022277393107,7.0,5,36,6,2,5.88793705380683,6.112060531119759
2004-11-06 09:30:00,23,6.0,5.999996738720277,0.0435022277393107,7.0,5,36,6,2,5.887935000063813,6.112058477376742
2004-11-06 10:30:00,23,6.0,5.99998965059919,0.0435022277393107,6.0,5,36,6,2,5.887927911942725,6.1120513892556545
2004-11-06 11:30:00,23,6.0,5.999988490860034,0.0435022277393107,6.0,5,36,6,2,5.887926752203569,6.112050229516498
2004-11-06 12:30:00,23,7.0,6.999987576059596,0.0435022277393107,6.0,5,36,6,2,6.887925837403132,7.112049314716061
2004-11-06 13:30:00,23,7.0,6.999985438876188,0.0435022277393107,6.0,5,36,6,2,6.887923700219724,7.112047177532653
2004-11-06 14:30:00,23,5.0,5.000012102555765,0.0435022277393107,7.0,5,36,6,2,4.8879503638993,5.112073841212229
2004-11-06 15:30:00,23,5.0,5.000010456776522,0.0435022277393107,7.0,5,36,6,2,4.887948718120057,5.112072195432987
2004-11-06 16:30:00,23,4.0,4.000017716020977,0.0435022277393107,5.0,5,36,6,2,3.887955977364513,4.112079454677442
2004-11-06 17:30:00,23,5.0,5.00000733465793,0.0435022277393107,5.0,5,36,6,2,4.887945596001465,5.1120690733143945
2004-11-06 18:30:00,23,6.0,5.999982692959648,0.0435022277393107,4.0,5,36,6,2,5.887920954303183,6.112044431616113
2004-11-06 19:30:00,23,1.0,1.0000408994422827,0.0435022277393107,5.0,5,36,6,2,0.8879791607858183,1.112102638098747
2004-11-06 20:30:00,23,2.0,1.9999967108844672,0.0435022277393107,6.0,5,36,6,2,1.8879349722280028,2.1120584495409314
2004-11-06 21:30:00,23,5.0,4.99997243859157,0.0435022277393107,1.0,5,36,6,2,4.887910699935105,5.112034177248034
2004-11-06 22:30:00,23,7.0,6.99995183810772,0.0435022277393107,2.0,5,36,6,2,6.887890099451256,7.112013576764185
2004-11-06 23:30:00,23,10.0,9.99995742099805,0.0435022277393107,5.0,5,36,6,2,9.887895682341586,10.112019159654515
2004-11-07 00:30:00,23,12.0,11.999962270311848,0.0435022277393107,7.0,5,36,6,2,11.887900531655383,12.112024008968312
2004-11-07 01:30:00,23,9.0,8.999957733197583,0.0435022277393107,10.0,5,36,6,2,8.887895994541118,9.112019471854047
2004-11-07 02:30:00,23,8.0,8.00000139022815,0.0435022277393107,12.0,5,36,6,2,7.887939651571685,8.112063128884614
2004-11-07 03:30:00,23,19.0,18.99988770004217,0.0435022277393107,9.0,5,36,6,2,18.887825961385705,19.111949438698634
2004-11-07 04:30:00,23,14.0,13.999952075792931,0.0435022277393107,8.0,5,36,6,2,13.887890337136467,14.112013814449396
2004-11-07 05:30:00,23,16.0,15.999925454794584,0.0435022277393107,19.0,5,36,6,2,15.887863716138119,16.111987193451046
2004-11-07 06:30:00,23,17.0,16.999959959074673,0.0435022277393107,14.0,5,36,6,2,16.887898220418208,17.112021697731137
2004-11-07 07:30:00,23,16.0,15.999979815060222,0.0435022277393107,16.0,5,36,6,2,15.887918076403757,16.112041553716686
2004-11-07 08:30:00,23,17.0,16.999974489245908,0.0435022277393107,17.0,5,36,6,2,16.887912750589443,17.112036227902372
2004-11-07 09:30:00,23,16.0,15.999956656522135,0.0435022277393107,16.0,5,36,6,2,15.88789491786567,16.1120183951786
2004-11-07 10:30:00,23,25.0,24.999905195137305,0.0435022277393107,17.0,5,36,6,2,24.88784345648084,25.11196693379377
2004-11-07 11:30:00,23,50.0,49.99964470831748,0.0435022277393107,16.0,5,36,6,2,49.88758296966102,50.11170644697395
2004-11-07 12:30:00,23,55.0,54.99963397455978,0.0435022277393107,25.0,5,36,6,2,54.88757223590331,55.11169571321624
2004-11-07 13:30:00,23,44.0,43.99987223097107,0.0435022277393107,50.0,5,36,6,2,43.88781049231461,44.111933969627536
2004-11-07 14:30:00,23,43.0,42.99985557924425,0.0435022277393107,55.0,5,36,6,2,42.88779384058778,43.11191731790071
2004-11-07 15:30:00,23,30.0,30.00003572627628,0.0435022277393107,44.0,5,36,6,2,29.887973987619816,30.112097464932745
2004-11-07 16:30:00,23,8.0,8.000223842444036,0.0435022277393107,43.0,5,36,6,2,7.888162103787572,8.112285581100501
2004-11-07 17:30:00,23,-15.0,-15.000106255010673,0.0435022277393107,30.0,5,36,6,2,-15.112167993667137,-14.888044516354208
2004-11-07 18:30:00,23,18.0,17.999902952667995,0.0435022277393107,8.0,5,36,6,2,17.88784121401153,18.11196469132446
2004-11-07 19:30:00,23,61.0,60.99940695023532,0.0435022277393107,-15.0,5,36,6,2,60.887345211578854,61.11146868889178
2004-11-07 20:30:00,23,22.0,21.99992405095493,0.0435022277393107,18.0,5,36,6,2,21.887862312298466,22.111985789611396
2004-11-07 21:30:00,23,-74.0,-73.99905047335662,0.0435022277393107,61.0,5,36,6,2,-74.11111221201308,-73.88698873470015
2004-11-07 22:30:00,23,-77.0,-76.99988430678835,0.0435022277393107,22.0,5,36,6,2,-77.11194604544481,-76.88782256813188
2004-11-07 23:30:00,23,-117.0,-117.00015767823083,0.0435022277393107,-74.0,5,36,6,2,-117.1122194168873,-116.88809593957437
2004-11-08 00:30:00,23,-179.0,-178.99906059091808,0.0435022277393107,-77.0,5,36,6,2,-179.11112232957453,-178.88699885226163
2004-11-08 01:30:00,23,-186.0,-186.00050434376027,0.0435022277393107,-117.0,5,36,6,2,-186.11256608241672,-185.88844260510382
2004-11-08 02:30:00,23,-224.0,-224.00010108300177,0.0435022277393107,-179.0,5,36,6,2,-224.11216282165822,-223.88803934434532
2004-11-08 03:30:00,23,-272.0,-271.9997306770276,0.0435022277393107,-186.0,5,36,6,2,-272.1117924156841,-271.8876689383712
2004-11-08 04:30:00,23,-342.0,-341.9994762354726,0.0435022277393107,-224.0,5,36,6,2,-342.1115379741291,-341.8874144968162
2004-11-08 05:30:00,23,-368.0,-367.9994934030711,0.0435022277393107,-272.0,5,36,6,2,-368.11155514172754,-367.88743166441463
2004-11-08 06:30:00,23,-374.0,-373.999832749047,0.0435022277393107,-342.0,5,36,6,2,-374.11189448770347,-373.88777101039057
2004-11-08 07:30:00,23,-343.0,-342.99991865267094,0.0435022277393107,-368.0,5,36,6,2,-343.1119803913274,-342.8878569140145
2004-11-08 08:30:00,23,-320.0,-320.0000803677871,0.0435022277393107,-374.0,5,36,6,2,-320.11214210644357,-319.88801862913067
2004-11-08 09:30:00,23,-299.0,-298.9999167106795,0.0435022277393107,-343.0,5,36,6,2,-299.11197844933594,-298.88785497202304
2004-11-08 10:30:00,23,-234.0,-234.0002750208403,0.0435022277393107,-320.0,5,36,6,2,-234.11233675949674,-233.88821328218384
2004-11-08 11:30:00,23,-215.0,-215.0002924984459,0.0435022277393107,-299.0,5,36,6,2,-215.11235423710235,-214.88823075978945
2004-11-08 12:30:00,23,-181.0,-181.0001293765946,0.0435022277393107,-234.0,5,36,6,2,-181.11219111525105,-180.88806763793815
2004-11-08 13:30:00,23,-168.0,-168.00005125172174,0.0435022277393107,-215.0,5,36,6,2,-168.1121129903782,-167.8879895130653
2004-11-08 14:30:00,23,-160.0,-159.9999077843895,0.0435022277393107,-181.0,5,36,6,2,-160.11196952304596,-159.88784604573306
2004-11-08 15:30:00,23,-149.0,-148.99990324601683,0.0435022277393107,-168.0,5,36,6,2,-149.11196498467328,-148.88784150736038
2004-11-08 16:30:00,23,-145.0,-144.99987957553893,0.0435022277393107,-160.0,5,36,6,2,-145.11194131419538,-144.88781783688248
2004-11-08 17:30:00,23,-135.0,-134.9999250990714,0.0435022277393107,-149.0,5,36,6,2,-135.11198683772784,-134.88786336041494
2004-11-08 18:30:00,23,-128.0,-127.99997389164116,0.0435022277393107,-145.0,5,36,6,2,-128.1120356302976,-127.8879121529847
2004-11-08 19:30:00,23,-125.0,-124.99996416694997,0.0435022277393107,-135.0,5,36,6,2,-125.11202590560643,-124.8879024282935
2004-11-08 20:30:00,23,-125.0,-124.99997095559092,0.0435022277393107,-128.0,5,36,6,2,-125.11203269424739,-124.88790921693446
2004-11-08 21:30:00,23,-118.0,-118.00004426251508,0.0435022277393107,-125.0,5,36,6,2,-118.11210600117154,-117.88798252385861
2004-11-08 22:30:00,23,-122.0,-121.99998885755286,0.0435022277393107,-125.0,5,36,6,2,-122.11205059620933,-121.8879271188964
2004-11-08 23:30:00,23,-126.0,-125.99990010434205,0.0435022277393107,-118.0,5,36,6,2,-126.11196184299851,-125.88783836568558
2004-11-09 00:30:00,23,-127.0,-126.99993423828766,0.0435022277393107,-122.0,5,36,6,2,-127.11199597694413,-126.8878724996312
2004-11-09 01:30:00,23,-129.0,-128.99992713021467,0.0435022277393107,-126.0,5,36,6,2,-129.11198886887112,-128.88786539155822
2004-11-09 02:30:00,23,-129.0,-128.99993447888994,0.0435022277393107,-127.0,5,36,6,2,-129.1119962175464,-128.8878727402335
2004-11-09 03:30:00,23,-122.0,-122.00000013184368,0.0435022277393107,-129.0,5,36,6,2,-122.11206187050014,-121.88793839318721
2004-11-09 04:30:00,23,-125.0,-124.99995526848946,0.0435022277393107,-129.0,5,36,6,2,-125.11201700714592,-124.887893529833
2004-11-09 05:30:00,23,-118.0,-117.9999570014161,0.0435022277393107,-122.0,5,36,6,2,-118.11201874007257,-117.88789526275964
2004-11-09 06:30:00,23,-116.0,-116.000002371853,0.0435022277393107,-125.0,5,36,6,2,-116.11206411050946,-115.88794063319654
2004-11-09 07:30:00,23,-103.0,-103.00007133756148,0.0435022277393107,-118.0,5,36,6,2,-103.11213307621794,-102.88800959890501
2004-11-09 08:30:00,23,-104.0,-104.00003322534616,0.0435022277393107,-116.0,5,36,6,2,-104.11209496400262,-103.8879714866897
2004-11-09 09:30:00,23,-93.0,-93.0000439571124,0.0435022277393107,-103.0,5,36,6,2,-93.11210569576886,-92.88798221845593
2004-11-09 10:30:00,23,-78.0,-78.00018716945547,0.0435022277393107,-104.0,5,36,6,2,-78.11224890811194,-77.88812543079901
2004-11-09 11:30:00,23,-70.0,-70.00017188385544,0.0435022277393107,-93.0,5,36,6,2,-70.11223362251191,-69.88811014519898
2004-11-09 12:30:00,23,-92.0,-91.99990628114509,0.0435022277393107,-78.0,5,36,6,2,-92.11196801980155,-91.88784454248862
2004-11-09 13:30:00,23,-106.0,-105.99974692639157,0.0435022277393107,-70.0,5,36,6,2,-106.11180866504803,-105.8876851877351
2004-11-09 14:30:00,23,-118.0,-117.9998195850207,0.0435022277393107,-92.0,5,36,6,2,-118.11188132367717,-117.88775784636424
2004-11-09 15:30:00,23,-138.0,-137.99972538258308,0.0435022277393107,-106.0,5,36,6,2,-138.11178712123953,-137.88766364392663
2004-11-09 16:30:00,23,-139.0,-138.99979541521142,0.0435022277393107,-118.0,5,36,6,2,-139.11185715386787,-138.88773367655497
2004-11-09 17:30:00,23,-129.0,-129.00001530787614,0.0435022277393107,-138.0,5,36,6,2,-129.1120770465326,-128.8879535692197
2004-11-09 18:30:00,23,-110.0,-110.0001674200976,0.0435022277393107,-139.0,5,36,6,2,-110.11222915875406,-109.88810568144113
2004-11-09 19:30:00,23,-106.0,-106.0001076813831,0.0435022277393107,-129.0,5,36,6,2,-106.11216942003956,-105.88804594272663
2004-11-09 20:30:00,23,-181.0,-180.99922596453573,0.0435022277393107,-110.0,5,36,6,2,-181.11128770319218,-180.88716422587927
2004-11-09 21:30:00,23,-214.0,-213.99913211907847,0.0435022277393107,-106.0,5,36,6,2,-214.11119385773492,-213.88707038042202
2004-11-09 22:30:00,23,-182.0,-181.9999908189831,0.0435022277393107,-181.0,5,36,6,2,-182.11205255763954,-181.88792908032664
2004-11-09 23:30:00,23,-173.0,-172.9997760597865,0.0435022277393107,-214.0,5,36,6,2,-173.11183779844296,-172.88771432113006
2004-11-10 00:30:00,23,-151.0,-151.00003645326564,0.0435022277393107,-182.0,5,36,6,2,-151.1120981919221,-150.8879747146092
2004-11-10 01:30:00,23,-135.0,-135.00018417778222,0.0435022277393107,-173.0,5,36,6,2,-135.11224591643867,-134.88812243912577
2004-11-10 02:30:00,23,-148.0,-147.9999386156683,0.0435022277393107,-151.0,5,36,6,2,-148.11200035432475,-147.88787687701185
2004-11-10 03:30:00,23,-155.0,-154.9998597151255,0.0435022277393107,-135.0,5,36,6,2,-155.11192145378195,-154.88779797646905
2004-11-10 04:30:00,23,-152.0,-152.0000056761791,0.0435022277393107,-148.0,5,36,6,2,-152.11206741483554,-151.88794393752264
2004-11-10 05:30:00,23,-197.0,-196.99966825243325,0.0435022277393107,-155.0,5,36,6,2,-197.1117299910897,-196.8876065137768
2004-11-10 06:30:00,23,-240.0,-239.9993198116876,0.0435022277393107,-152.0,5,36,6,2,-240.11138155034405,-239.88725807303115
2004-11-10 07:30:00,23,-259.0,-258.9996646786648,0.0435022277393107,-197.0,5,36,6,2,-259.1117264173212,-258.8876029400083
2004-11-10 08:30:00,23,-258.0,-258.00004630069026,0.0435022277393107,-240.0,5,36,6,2,-258.1121080393467,-257.8879845620338
2004-11-10 09:30:00,23,-258.0,-258.0001310527963,0.0435022277393107,-259.0,5,36,6,2,-258.11219279145274,-257.88806931413984
2004-11-10 10:30:00,23,-263.0,-262.9999520142477,0.0435022277393107,-258.0,5,36,6,2,-263.11201375290415,-262.88789027559125
2004-11-10 11:30:00,23,-232.0,-232.00013277830803,0.0435022277393107,-258.0,5,36,6,2,-232.11219451696448,-231.88807103965158
2004-11-10 12:30:00,23,-234.0,-234.0000575759944,0.0435022277393107,-263.0,5,36,6,2,-234.11211931465084,-233.88799583733794
2004-11-10 13:30:00,23,-206.0,-205.999917955815,0.0435022277393107,-232.0,5,36,6,2,-206.11197969447144,-205.88785621715854
2004-11-10 14:30:00,23,-176.0,-176.00021014432463,0.0435022277393107,-234.0,5,36,6,2,-176.11227188298108,-175.88814840566818
2004-11-10 15:30:00,23,-171.0,-171.00004084327054,0.0435022277393107,-206.0,5,36,6,2,-171.112102581927,-170.8879791046141
2004-11-10 16:30:00,23,-164.0,-163.9998884035688,0.0435022277393107,-176.0,5,36,6,2,-164.11195014222525,-163.88782666491235
2004-11-10 17:30:00,23,-135.0,-135.00011794863238,0.0435022277393107,-171.0,5,36,6,2,-135.11217968728883,-134.88805620997593
2004-11-10 18:30:00,23,-118.0,-118.000230558685,0.0435022277393107,-164.0,5,36,6,2,-118.11229229734147,-117.88816882002854
2004-11-10 19:30:00,23,-122.0,-121.99998804248963,0.0435022277393107,-135.0,5,36,6,2,-122.1120497811461,-121.88792630383317
2004-11-10 20:30:00,23,-120.0,-119.99989559116514,0.0435022277393107,-118.0,5,36,6,2,-120.1119573298216,-119.88783385250868
2004-11-10 21:30:00,23,-118.0,-117.99992606823972,0.0435022277393107,-122.0,5,36,6,2,-118.11198780689618,-117.88786432958325
2004-11-10 22:30:00,23,-112.0,-111.99998617813084,0.0435022277393107,-120.0,5,36,6,2,-112.1120479167873,-111.88792443947438
2004-11-10 23:30:00,23,-109.0,-108.99997028213076,0.0435022277393107,-118.0,5,36,6,2,-109.11203202078723,-108.8879085434743
2004-11-11 00:30:00,23,-105.0,-104.9999654577729,0.0435022277393107,-112.0,5,36,6,2,-105.11202719642937,-104.88790371911644
2004-11-11 01:30:00,23,-97.0,-97.00003634232829,0.0435022277393107,-109.0,5,36,6,2,-97.11209808098475,-96.88797460367182
2004-11-11 02:30:00,23,-97.0,-97.00001832497946,0.0435022277393107,-105.0,5,36,6,2,-97.11208006363593,-96.887956586323
2004-11-11 03:30:00,23,-97.0,-96.99996656656016,0.0435022277393107,-97.0,5,36,6,2,-97.11202830521663,-96.8879048279037
2004-11-11 04:30:00,23,-103.0,-102.99990416290127,0.0435022277393107,-97.0,5,36,6,2,-103.11196590155774,-102.88784242424481
2004-11-11 05:30:00,23,-106.0,-105.99984468546516,0.0435022277393107,-97.0,5,36,6,2,-106.11190642412163,-105.8877829468087
2004-11-11 06:30:00,23,-103.0,-102.99998963613504,0.0435022277393107,-103.0,5,36,6,2,-103.1120513747915,-102.88792789747858
2004-11-11 07:30:00,23,-99.0,-99.00003950284244,0.0435022277393107,-106.0,5,36,6,2,-99.1121012414989,-98.88797776418598
2004-11-11 08:30:00,23,-90.0,-90.0000422955134,0.0435022277393107,-103.0,5,36,6,2,-90.11210403416986,-89.88798055685693
2004-11-11 09:30:00,23,-80.0,-80.00006117978614,0.0435022277393107,-99.0,5,36,6,2,-80.11212291844261,-79.88799944112968
2004-11-11 10:30:00,23,-85.0,-84.99998981183515,0.0435022277393107,-90.0,5,36,6,2,-85.11205155049161,-84.88792807317868
2004-11-11 11:30:00,23,-82.0,-81.99996213973253,0.0435022277393107,-80.0,5,36,6,2,-82.112023878389,-81.88790040107607
2004-11-11 12:30:00,23,-76.0,-76.00003216438259,0.0435022277393107,-85.0,5,36,6,2,-76.11209390303905,-75.88797042572612
2004-11-11 13:30:00,23,-77.0,-76.99997896274783,0.0435022277393107,-82.0,5,36,6,2,-77.1120407014043,-76.88791722409137
2004-11-11 14:30:00,23,-81.0,-80.9998982756164,0.0435022277393107,-76.0,5,36,6,2,-81.11196001427287,-80.88783653695994
2004-11-11 15:30:00,23,-75.0,-74.99998105649424,0.0435022277393107,-77.0,5,36,6,2,-75.1120427951507,-74.88791931783777
2004-11-11 16:30:00,23,-73.0,-73.00001133947043,0.0435022277393107,-81.0,5,36,6,2,-73.1120730781269,-72.88794960081397
2004-11-11 17:30:00,23,-58.0,-58.00010472258896,0.0435022277393107,-75.0,5,36,6,2,-58.11216646124542,-57.88804298393249
2004-11-11 18:30:00,23,-52.0,-52.000141945424815,0.0435022277393107,-73.0,5,36,6,2,-52.11220368408128,-51.88808020676835
2004-11-11 19:30:00,23,-61.0,-60.99995369717681,0.0435022277393107,-58.0,5,36,6,2,-61.11201543583327,-60.88789195852034
2004-11-11 20:30:00,23,-59.0,-58.99992753225088,0.0435022277393107,-52.0,5,36,6,2,-59.111989270907344,-58.887865793594415
2004-11-11 21:30:00,23,-44.0,-44.000134381906406,0.0435022277393107,-61.0,5,36,6,2,-44.11219612056287,-43.88807264324994
2004-11-11 22:30:00,23,-40.0,-40.000145972941766,0.0435022277393107,-59.0,5,36,6,2,-40.11220771159823,-39.8880842342853
2004-11-11 23:30:00,23,-46.0,-45.99998299687152,0.0435022277393107,-44.0,5,36,6,2,-46.11204473552799,-45.88792125821506
2004-11-12 00:30:00,23,-60.0,-59.99983843108481,0.0435022277393107,-40.0,5,36,6,2,-60.111900169741276,-59.887776692428346
2004-11-12 01:30:00,23,-64.0,-63.999922473512136,0.0435022277393107,-46.0,5,36,6,2,-64.1119842121686,-63.88786073485567
2004-11-12 02:30:00,23,-68.0,-67.9999248577092,0.0435022277393107,-60.0,5,36,6,2,-68.11198659636567,-67.88786311905274
2004-11-12 03:30:00,23,-82.0,-81.99982037356665,0.0435022277393107,-64.0,5,36,6,2,-82.11188211222311,-81.88775863491018
2004-11-12 04:30:00,23,-80.0,-79.99994292258765,0.0435022277393107,-68.0,5,36,6,2,-80.11200466124411,-79.88788118393119
2004-11-12 05:30:00,23,-73.0,-73.00000038514378,0.0435022277393107,-82.0,5,36,6,2,-73.11206212380024,-72.88793864648731
2004-11-12 06:30:00,23,-62.0,-62.00014078299344,0.0435022277393107,-80.0,5,36,6,2,-62.112202521649905,-61.888079044336976
2004-11-12 07:30:00,23,-51.0,-51.00016665608153,0.0435022277393107,-73.0,5,36,6,2,-51.112228394738,-50.88810491742507
2004-11-12 08:30:00,23,-62.0,-61.9999561873343,0.0435022277393107,-62.0,5,36,6,2,-62.11201792599076,-61.887894448677834
2004-11-12 09:30:00,23,-83.0,-82.9997229110306,0.0435022277393107,-51.0,5,36,6,2,-83.11178464968707,-82.88766117237414
2004-11-12 10:30:00,23,-92.0,-91.99972529162623,0.0435022277393107,-62.0,5,36,6,2,-92.1117870302827,-91.88766355296977
2004-11-12 11:30:00,23,-87.0,-86.99989996769845,0.0435022277393107,-83.0,5,36,6,2,-87.11196170635492,-86.88783822904199
2004-11-12 12:30:00,23,-80.0,-79.99994838192703,0.0435022277393107,-92.0,5,36,6,2,-80.11201012058349,-79.88788664327056
2004-11-12 13:30:00,23,-74.0,-74.0000391587505,0.0435022277393107,-87.0,5,36,6,2,-74.11210089740696,-73.88797742009403
2004-11-12 14:30:00,23,-63.0,-63.00012159730484,0.0435022277393107,-80.0,5,36,6,2,-63.112183335961305,-62.888059858648376
2004-11-12 15:30:00,23,-61.0,-61.00008794066069,0.0435022277393107,-74.0,5,36,6,2,-61.112149679317156,-60.88802620200423
2004-11-12 16:30:00,23,-71.0,-70.99993947870684,0.0435022277393107,-63.0,5,36,6,2,-71.1120012173633,-70.88787774005037
2004-11-12 17:30:00,23,-71.0,-70.99989694064429,0.0435022277393107,-61.0,5,36,6,2,-71.11195867930076,-70.88783520198783
2004-11-12 18:30:00,23,-69.0,-69.00005347122611,0.0435022277393107,-71.0,5,36,6,2,-69.11211520988257,-68.88799173256965
2004-11-12 19:30:00,23,-78.0,-77.999884078698,0.0435022277393107,-71.0,5,36,6,2,-78.11194581735447,-77.88782234004154
2004-11-12 20:30:00,23,-81.0,-80.9998857539114,0.0435022277393107,-69.0,5,36,6,2,-81.11194749256786,-80.88782401525494
2004-11-12 21:30:00,23,-80.0,-79.9999401680275,0.0435022277393107,-78.0,5,36,6,2,-80.11200190668397,-79.88787842937104
2004-11-12 22:30:00,23,-71.0,-71.00004775955671,0.0435022277393107,-81.0,5,36,6,2,-71.11210949821317,-70.88798602090024
2004-11-12 23:30:00,23,-67.0,-67.00007079911765,0.0435022277393107,-80.0,5,36,6,2,-67.11213253777412,-66.88800906046119
2004-11-13 00:30:00,23,-64.0,-64.0000284381748,0.0435022277393107,-71.0,5,36,6,2,-64.11209017683126,-63.88796669951833
2004-11-13 01:30:00,23,-64.0,-63.99999757330821,0.0435022277393107,-67.0,5,36,6,2,-64.11205931196467,-63.88793583465174
2004-11-13 02:30:00,23,-64.0,-63.99997807038205,0.0435022277393107,-64.0,5,36,6,2,-64.1120398090385,-63.887916331725584
2004-11-13 03:30:00,23,-64.0,-63.99997679331067,0.0435022277393107,-64.0,5,36,6,2,-64.11203853196713,-63.88791505465421
2004-11-13 04:30:00,23,-61.0,-60.999998881702574,0.0435022277393107,-64.0,5,36,6,2,-61.11206062035904,-60.88793714304611
2004-11-13 05:30:00,23,-59.0,-59.00001180924672,0.0435022277393107,-64.0,5,36,6,2,-59.11207354790319,-58.88795007059026
2004-11-13 06:30:00,23,-59.0,-58.999981879392905,0.0435022277393107,-61.0,5,36,6,2,-59.11204361804937,-58.88792014073644
2004-11-13 07:30:00,23,-58.0,-57.99997837298513,0.0435022277393107,-59.0,5,36,6,2,-58.1120401116416,-57.88791663432867
2004-11-13 08:30:00,23,-60.0,-59.99995921633507,0.0435022277393107,-59.0,5,36,6,2,-60.112020954991536,-59.88789747767861
2004-11-13 09:30:00,23,-58.0,-57.99997949671817,0.0435022277393107,-58.0,5,36,6,2,-58.11204123537463,-57.887917758061704
2004-11-13 10:30:00,23,-55.0,-55.00001712366164,0.0435022277393107,-60.0,5,36,6,2,-55.11207886231811,-54.88795538500518
2004-11-13 11:30:00,23,-51.0,-51.000024977335485,0.0435022277393107,-58.0,5,36,6,2,-51.11208671599195,-50.88796323867902
2004-11-13 12:30:00,23,-51.0,-51.00000400758714,0.0435022277393107,-55.0,5,36,6,2,-51.1120657462436,-50.88794226893067
2004-11-13 13:30:00,23,-49.0,-48.9999962513594,0.0435022277393107,-51.0,5,36,6,2,-49.11205799001586,-48.887934512702934
2004-11-13 14:30:00,23,-48.0,-47.99999278898464,0.0435022277393107,-51.0,5,36,6,2,-48.11205452764111,-47.88793105032818
2004-11-13 15:30:00,23,-48.0,-47.999971716906906,0.0435022277393107,-49.0,5,36,6,2,-48.11203345556337,-47.88790997825044
2004-11-13 16:30:00,23,-51.0,-50.99994247549773,0.0435022277393107,-48.0,5,36,6,2,-51.1120042141542,-50.88788073684127
2004-11-13 17:30:00,23,-50.0,-49.99995175920476,0.0435022277393107,-48.0,5,36,6,2,-50.11201349786123,-49.8878900205483
2004-11-13 18:30:00,23,-48.0,-48.00000141457936,0.0435022277393107,-51.0,5,36,6,2,-48.11206315323582,-47.887939675922894
2004-11-13 19:30:00,23,-48.0,-47.99997358435537,0.0435022277393107,-50.0,5,36,6,2,-48.11203532301183,-47.8879118456989
2004-11-13 20:30:00,23,-51.0,-50.999926536960245,0.0435022277393107,-48.0,5,36,6,2,-51.11198827561671,-50.88786479830378
2004-11-13 21:30:00,23,-52.0,-51.999925095408656,0.0435022277393107,-48.0,5,36,6,2,-52.11198683406512,-51.88786335675219
2004-11-13 22:30:00,23,-49.0,-48.99999083113468,0.0435022277393107,-51.0,5,36,6,2,-49.112052569791146,-48.88792909247822
2004-11-13 23:30:00,23,-44.0,-44.00001842212068,0.0435022277393107,-52.0,5,36,6,2,-44.11208016077715,-43.88795668346422
2004-11-14 00:30:00,23,-48.0,-47.99999460855366,0.0435022277393107,-49.0,5,36,6,2,-48.11205634721013,-47.8879328698972
2004-11-14 01:30:00,23,-58.0,-57.99989068432497,0.0435022277393107,-44.0,5,36,6,2,-58.11195242298143,-57.8878289456685
2004-11-14 02:30:00,23,-58.0,-57.99991409389765,0.0435022277393107,-48.0,5,36,6,2,-58.111975832554116,-57.887852355241186
2004-11-14 03:30:00,23,-58.0,-58.00000121737375,0.0435022277393107,-58.0,5,36,6,2,-58.112062956030215,-57.887939478717286
2004-11-14 04:30:00,23,-56.0,-55.99999388255216,0.0435022277393107,-58.0,5,36,6,2,-56.112055621208626,-55.887932143895696
2004-11-14 05:30:00,23,-53.0,-53.00000038763301,0.0435022277393107,-58.0,5,36,6,2,-53.11206212628947,-52.887938648976544
2004-11-14 06:30:00,23,-52.0,-51.99998264201218,0.0435022277393107,-56.0,5,36,6,2,-52.11204438066864,-51.88792090335571
2004-11-14 07:30:00,23,-57.0,-56.99990753327292,0.0435022277393107,-53.0,5,36,6,2,-57.11196927192938,-56.88784579461645
2004-11-14 08:30:00,23,-57.0,-56.99992488436553,0.0435022277393107,-52.0,5,36,6,2,-57.11198662302199,-56.88786314570906
2004-11-14 09:30:00,23,-54.0,-54.00001485141583,0.0435022277393107,-57.0,5,36,6,2,-54.11207659007229,-53.88795311275936
2004-11-14 10:30:00,23,-54.0,-53.99996716683822,0.0435022277393107,-57.0,5,36,6,2,-54.11202890549468,-53.88790542818175
2004-11-14 11:30:00,23,-53.0,-52.99996768405198,0.0435022277393107,-54.0,5,36,6,2,-53.112029422708446,-52.88790594539552
2004-11-14 12:30:00,23,-52.0,-51.99997604314585,0.0435022277393107,-54.0,5,36,6,2,-52.112037781802314,-51.887914304489385
2004-11-14 13:30:00,23,-51.0,-50.99999081840325,0.0435022277393107,-53.0,5,36,6,2,-51.11205255705971,-50.88792907974678
2004-11-14 14:30:00,23,-48.0,-48.0000206946788,0.0435022277393107,-52.0,5,36,6,2,-48.11208243333527,-47.88795895602234
2004-11-14 15:30:00,23,-45.0,-45.00002449470828,0.0435022277393107,-51.0,5,36,6,2,-45.11208623336474,-44.88796275605181
2004-11-14 16:30:00,23,-44.0,-43.999983947837976,0.0435022277393107,-48.0,5,36,6,2,-44.11204568649444,-43.88792220918151
2004-11-14 17:30:00,23,-41.0,-41.000015954362304,0.0435022277393107,-45.0,5,36,6,2,-41.11207769301877,-40.88795421570584
2004-11-14 18:30:00,23,-43.0,-42.99997910504954,0.0435022277393107,-44.0,5,36,6,2,-43.112040843706005,-42.887917366393076
2004-11-14 19:30:00,23,-44.0,-43.99996226211874,0.0435022277393107,-41.0,5,36,6,2,-44.11202400077521,-43.88790052346228
2004-11-14 20:30:00,23,-44.0,-43.99997694494068,0.0435022277393107,-43.0,5,36,6,2,-44.11203868359714,-43.88791520628421
2004-11-14 21:30:00,23,-42.0,-41.99997545506281,0.0435022277393107,-44.0,5,36,6,2,-42.112037193719274,-41.887913716406345
2004-11-14 22:30:00,23,-41.0,-40.9999982765562,0.0435022277393107,-44.0,5,36,6,2,-41.11206001521266,-40.88793653789973
2004-11-14 23:30:00,23,-40.0,-39.99998907895438,0.0435022277393107,-42.0,5,36,6,2,-40.11205081761084,-39.887927340297914
2004-11-15 00:30:00,23,-39.0,-38.99998492119726,0.0435022277393107,-41.0,5,36,6,2,-39.112046659853725,-38.887923182540796
2004-11-15 01:30:00,23,-39.0,-38.99998554089875,0.0435022277393107,-40.0,5,36,6,2,-39.11204727955521,-38.887923802242284
2004-11-15 02:30:00,23,-41.0,-40.99995044704588,0.0435022277393107,-39.0,5,36,6,2,-41.11201218570235,-40.88788870838942
2004-11-15 03:30:00,23,-39.0,-38.99998346932562,0.0435022277393107,-39.0,5,36,6,2,-39.112045207982085,-38.887921730669156
2004-11-15 04:30:00,23,-40.0,-39.99999228389419,0.0435022277393107,-41.0,5,36,6,2,-40.11205402255065,-39.88793054523772
2004-11-15 05:30:00,23,-41.0,-40.99994857448708,0.0435022277393107,-39.0,5,36,6,2,-41.11201031314354,-40.887886835830614
2004-11-15 06:30:00,23,-38.0,-37.99999926433803,0.0435022277393107,-40.0,5,36,6,2,-38.112061002994494,-37.887937525681565
2004-11-15 07:30:00,23,-38.0,-37.99999904193872,0.0435022277393107,-41.0,5,36,6,2,-38.112060780595186,-37.88793730328226
2004-11-15 08:30:00,23,-38.0,-37.9999715605644,0.0435022277393107,-38.0,5,36,6,2,-38.11203329922086,-37.88790982190793
2004-11-15 09:30:00,23,-36.0,-35.99999671339924,0.0435022277393107,-38.0,5,36,6,2,-36.112058452055706,-35.88793497474278
2004-11-15 10:30:00,23,-37.0,-36.999996452280726,0.0435022277393107,-38.0,5,36,6,2,-37.11205819093719,-36.88793471362426
2004-11-15 11:30:00,23,-39.0,-38.9999537767324,0.0435022277393107,-36.0,5,36,6,2,-39.11201551538886,-38.88789203807593
2004-11-15 12:30:00,23,-41.0,-40.999946216829386,0.0435022277393107,-37.0,5,36,6,2,-41.11200795548585,-40.88788447817292
2004-11-15 13:30:00,23,-41.0,-40.99994775161046,0.0435022277393107,-39.0,5,36,6,2,-41.11200949026693,-40.887886012954
2004-11-15 14:30:00,23,-40.0,-39.99998287889899,0.0435022277393107,-41.0,5,36,6,2,-40.112044617555455,-39.887921140242526
2004-11-15 15:30:00,23,-40.0,-39.99996856821906,0.0435022277393107,-41.0,5,36,6,2,-40.112030306875525,-39.887906829562596
2004-11-15 16:30:00,23,-41.0,-40.99995906224464,0.0435022277393107,-40.0,5,36,6,2,-41.11202080090111,-40.88789732358818
2004-11-15 17:30:00,23,-41.0,-40.99995711171762,0.0435022277393107,-40.0,5,36,6,2,-41.112018850374085,-40.887895373061156
2004-11-15 18:30:00,23,-41.0,-40.99995747203692,0.0435022277393107,-41.0,5,36,6,2,-41.11201921069338,-40.887895733380454
2004-11-15 19:30:00,23,-38.0,-38.00000879876018,0.0435022277393107,-41.0,5,36,6,2,-38.11207053741664,-37.88794706010371
2004-11-15 20:30:00,23,-36.0,-36.00001316808639,0.0435022277393107,-41.0,5,36,6,2,-36.112074906742855,-35.887951429429926
2004-11-15 21:30:00,23,-31.0,-31.00003957617398,0.0435022277393107,-38.0,5,36,6,2,-31.112101314830443,-30.887977837517514
2004-11-15 22:30:00,23,-28.0,-28.00005210425489,0.0435022277393107,-36.0,5,36,6,2,-28.112113842911356,-27.887990365598426
2004-11-15 23:30:00,23,-27.0,-27.00002726362318,0.0435022277393107,-31.0,5,36,6,2,-27.112089002279646,-26.887965524966717
2004-11-16 00:30:00,23,-24.0,-24.00003046917788,0.0435022277393107,-28.0,5,36,6,2,-24.112092207834344,-23.887968730521415
2004-11-16 01:30:00,23,-23.0,-23.000028449966265,0.0435022277393107,-27.0,5,36,6,2,-23.11209018862273,-22.8879667113098
2004-11-16 02:30:00,23,-23.0,-22.99999486752705,0.0435022277393107,-24.0,5,36,6,2,-23.112056606183515,-22.887933128870586
2004-11-16 03:30:00,23,-20.0,-20.00002166020644,0.0435022277393107,-23.0,5,36,6,2,-20.112083398862904,-19.887959921549974
2004-11-16 04:30:00,23,-21.0,-21.00002607581256,0.0435022277393107,-23.0,5,36,6,2,-21.112087814469024,-20.887964337156095
2004-11-16 05:30:00,23,-22.0,-21.99999359206187,0.0435022277393107,-20.0,5,36,6,2,-22.112055330718334,-21.887931853405405
2004-11-16 06:30:00,23,-23.0,-22.99997378542124,0.0435022277393107,-21.0,5,36,6,2,-23.112035524077704,-22.887912046764775
2004-11-16 07:30:00,23,-29.0,-28.9999433256998,0.0435022277393107,-22.0,5,36,6,2,-29.112005064356264,-28.887881587043335
2004-11-16 08:30:00,23,-34.0,-33.999901919416594,0.0435022277393107,-23.0,5,36,6,2,-34.11196365807306,-33.88784018076013
2004-11-16 09:30:00,23,-41.0,-40.99988258754056,0.0435022277393107,-29.0,5,36,6,2,-41.111944326197026,-40.8878208488841
2004-11-16 10:30:00,23,-38.0,-38.00004012641201,0.0435022277393107,-34.0,5,36,6,2,-38.112101865068475,-37.887978387755545
2004-11-16 11:30:00,23,-37.0,-36.99996938233171,0.0435022277393107,-41.0,5,36,6,2,-37.11203112098818,-36.88790764367525
2004-11-16 12:30:00,23,-35.0,-34.999990392312824,0.0435022277393107,-38.0,5,36,6,2,-35.11205213096929,-34.88792865365636
2004-11-16 13:30:00,23,-35.0,-34.99999788478922,0.0435022277393107,-37.0,5,36,6,2,-35.11205962344568,-34.88793614613275
2004-11-16 14:30:00,23,-36.0,-35.9999807561874,0.0435022277393107,-35.0,5,36,6,2,-36.11204249484386,-35.88791901753093
2004-11-16 15:30:00,23,-36.0,-35.99997499091844,0.0435022277393107,-35.0,5,36,6,2,-36.1120367295749,-35.887913252261974
2004-11-16 16:30:00,23,-34.0,-34.00000008537718,0.0435022277393107,-36.0,5,36,6,2,-34.112061824033646,-33.887938346720716
2004-11-16 17:30:00,23,-33.0,-32.99996821232713,0.0435022277393107,-36.0,5,36,6,2,-33.1120299509836,-32.88790647367067
2004-11-16 18:30:00,23,-32.0,-32.000002413871385,0.0435022277393107,-34.0,5,36,6,2,-32.11206415252785,-31.88794067521492
2004-11-16 19:30:00,23,-34.0,-33.999978596264604,0.0435022277393107,-33.0,5,36,6,2,-34.11204033492107,-33.88791685760814
2004-11-16 20:30:00,23,-32.0,-32.00001459609625,0.0435022277393107,-32.0,5,36,6,2,-32.112076334752715,-31.887952857439785
2004-11-16 21:30:00,23,-35.0,-34.999928169843564,0.0435022277393107,-34.0,5,36,6,2,-35.11198990850003,-34.8878664311871
2004-11-16 22:30:00,23,-35.0,-35.00000048635271,0.0435022277393107,-32.0,5,36,6,2,-35.112062225009176,-34.887938747696246
2004-11-16 23:30:00,23,-31.0,-30.99997415214791,0.0435022277393107,-35.0,5,36,6,2,-31.112035890804375,-30.887912413491446
2004-11-17 00:30:00,23,-29.0,-29.00001165378408,0.0435022277393107,-35.0,5,36,6,2,-29.112073392440546,-28.887949915127617
2004-11-17 01:30:00,23,-27.0,-27.00004278141808,0.0435022277393107,-31.0,5,36,6,2,-27.112104520074546,-26.887981042761616
2004-11-17 02:30:00,23,-30.0,-29.999965850986086,0.0435022277393107,-29.0,5,36,6,2,-30.11202758964255,-29.887904112329622
2004-11-17 03:30:00,23,-31.0,-30.99994539673725,0.0435022277393107,-27.0,5,36,6,2,-31.112007135393714,-30.887883658080785
2004-11-17 04:30:00,23,-31.0,-31.000055351694783,0.0435022277393107,-30.0,5,36,6,2,-31.112117090351248,-30.88799361303832
2004-11-17 05:30:00,23,-34.0,-33.99995307105361,0.0435022277393107,-31.0,5,36,6,2,-34.112014809710075,-33.887891332397146
2004-11-17 06:30:00,23,-35.0,-34.99992694693878,0.0435022277393107,-31.0,5,36,6,2,-35.11198868559524,-34.887865208282314
2004-11-17 07:30:00,23,-40.0,-39.99993434669173,0.0435022277393107,-34.0,5,36,6,2,-40.111996085348196,-39.887872608035266
2004-11-17 08:30:00,23,-40.0,-39.99992456797171,0.0435022277393107,-35.0,5,36,6,2,-40.111986306628175,-39.887862829315246
2004-11-17 09:30:00,23,-43.0,-43.00000329571515,0.0435022277393107,-40.0,5,36,6,2,-43.11206503437162,-42.88794155705869
2004-11-17 10:30:00,23,-46.0,-45.99991914755472,0.0435022277393107,-40.0,5,36,6,2,-46.111980886211185,-45.887857408898256
2004-11-17 11:30:00,23,-46.0,-45.9999448026274,0.0435022277393107,-43.0,5,36,6,2,-46.11200654128386,-45.88788306397093
2004-11-17 12:30:00,23,-41.0,-40.999978944505216,0.0435022277393107,-46.0,5,36,6,2,-41.11204068316168,-40.88791720584875
2004-11-17 13:30:00,23,-37.0,-37.000033386681686,0.0435022277393107,-46.0,5,36,6,2,-37.11209512533815,-36.88797164802522
2004-11-17 14:30:00,23,-34.0,-34.00003678050577,0.0435022277393107,-41.0,5,36,6,2,-34.11209851916224,-33.88797504184931
2004-11-17 15:30:00,23,-33.0,-33.00002320829267,0.0435022277393107,-37.0,5,36,6,2,-33.11208494694913,-32.8879614696362
2004-11-17 16:30:00,23,-33.0,-32.99998812318334,0.0435022277393107,-34.0,5,36,6,2,-33.11204986183981,-32.88792638452688
2004-11-17 17:30:00,23,-31.0,-30.999997956666384,0.0435022277393107,-33.0,5,36,6,2,-31.11205969532285,-30.88793621800992
2004-11-17 18:30:00,23,-29.0,-29.0000053495144,0.0435022277393107,-33.0,5,36,6,2,-29.112067088170864,-28.887943610857935
2004-11-17 19:30:00,23,-29.0,-28.999989974631188,0.0435022277393107,-31.0,5,36,6,2,-29.112051713287652,-28.887928235974723
2004-11-17 20:30:00,23,-30.0,-29.99996915055773,0.0435022277393107,-29.0,5,36,6,2,-30.112030889214196,-29.887907411901267
2004-11-17 21:30:00,23,-30.0,-29.999975163549745,0.0435022277393107,-29.0,5,36,6,2,-30.11203690220621,-29.88791342489328
2004-11-17 22:30:00,23,-30.0,-29.999979961863787,0.0435022277393107,-30.0,5,36,6,2,-30.11204170052025,-29.887918223207322
2004-11-17 23:30:00,23,-29.0,-28.99998841731224,0.0435022277393107,-30.0,5,36,6,2,-29.112050155968706,-28.887926678655777
2004-11-18 00:30:00,23,-27.0,-27.00000593764244,0.0435022277393107,-30.0,5,36,6,2,-27.112067676298906,-26.887944198985977
2004-11-18 01:30:00,23,-24.0,-24.00001835555297,0.0435022277393107,-29.0,5,36,6,2,-24.112080094209436,-23.887956616896506
2004-11-18 02:30:00,23,-23.0,-23.000036134780213,0.0435022277393107,-27.0,5,36,6,2,-23.112097873436678,-22.88797439612375
2004-11-18 03:30:00,23,-24.0,-23.999974582437893,0.0435022277393107,-24.0,5,36,6,2,-24.112036321094358,-23.88791284378143
2004-11-18 04:30:00,23,-24.0,-23.99998875390092,0.0435022277393107,-23.0,5,36,6,2,-24.112050492557383,-23.887927015244454
2004-11-18 05:30:00,23,-24.0,-23.99999361414485,0.0435022277393107,-24.0,5,36,6,2,-24.112055352801313,-23.887931875488384
2004-11-18 06:30:00,23,-23.0,-22.99998339746238,0.0435022277393107,-24.0,5,36,6,2,-23.112045136118844,-22.887921658805915
2015-03-09 11:30:00,35,-11.0,-12.465987840639087,9.812758798169178,-24.0,5,36,6,2,-37.74365450472289,12.811678823444716
2015-03-09 12:30:00,35,-9.0,-12.07433278068968,9.812758798169178,-23.0,5,36,6,2,-37.35199944477348,13.203333883394123
2015-03-09 13:30:00,35,-9.0,-8.4525284766828,9.812758798169178,-11.0,5,36,6,2,-33.730195140766604,16.825138187401002
2015-03-09 14:30:00,35,-10.0,-7.961228637979833,9.812758798169178,-9.0,5,36,6,2,-33.23889530206364,17.31643802610397
2015-03-09 15:30:00,35,-9.0,-7.642037024253479,9.812758798169178,-9.0,5,36,6,2,-32.91970368833728,17.635629639830324
2015-03-09 16:30:00,35,-10.0,-10.804559319791874,9.812758798169178,-10.0,5,36,6,2,-36.082225983875674,14.473107344291929
2015-03-09 17:30:00,35,-10.0,-6.578852031428962,9.812758798169178,-9.0,5,36,6,2,-31.856518695512765,18.69881463265484
2015-03-09 18:30:00,35,-5.0,-9.543765156190346,9.812758798169178,-10.0,5,36,6,2,-34.82143182027415,15.733901507893457
2015-03-09 19:30:00,35,-4.0,-8.528449641754346,9.812758798169178,-10.0,5,36,6,2,-33.806116305838145,16.749217022329457
2015-03-09 20:30:00,35,-4.0,-4.429770972819902,9.812758798169178,-5.0,5,36,6,2,-29.707437636903705,20.8478956912639
2015-03-09 21:30:00,35,-4.0,-4.033574560015278,9.812758798169178,-4.0,5,36,6,2,-29.31124122409908,21.244092104068525
2015-03-09 22:30:00,35,-4.0,-5.485820785067336,9.812758798169178,-4.0,5,36,6,2,-30.76348744915114,19.791845879016467
2015-03-09 23:30:00,35,-3.0,-6.808164498514049,9.812758798169178,-4.0,5,36,6,2,-32.085831162597856,18.469502165569754
2015-03-10 00:30:00,35,-1.0,-2.585055346556924,9.812758798169178,-4.0,5,36,6,2,-27.862722010640727,22.69261131752688
2015-03-10 01:30:00,35,-4.0,-3.643048375253791,9.812758798169178,-3.0,5,36,6,2,-28.920715039337594,21.634618288830012
2015-03-10 02:30:00,35,-4.0,-1.4175851223933869,9.812758798169178,-1.0,5,36,6,2,-26.69525178647719,23.860081541690416
2015-03-10 03:30:00,35,-6.0,-3.8826887577031712,9.812758798169178,-4.0,5,36,6,2,-29.160355421786974,21.394977906380632
2015-03-10 04:30:00,35,-6.0,-4.611720231877467,9.812758798169178,-4.0,5,36,6,2,-29.88938689596127,20.665946432206336
2015-03-10 05:30:00,35,-4.0,-6.043386028169604,9.812758798169178,-6.0,5,36,6,2,-31.321052692253406,19.2342806359142
2015-03-10 06:30:00,35,-2.0,-2.8690493213133585,9.812758798169178,-6.0,5,36,6,2,-28.14671598539716,22.408617342770444
2015-03-10 07:30:00,35,-1.0,-4.346751250984624,9.812758798169178,-4.0,5,36,6,2,-29.624417915068427,20.93091541309918
2015-03-10 08:30:00,35,1.0,-1.447366745671644,9.812758798169178,-2.0,5,36,6,2,-26.725033409755447,23.83029991841216
2015-03-10 09:30:00,35,-3.0,-1.783232966181398,9.812758798169178,-1.0,5,36,6,2,-27.0608996302652,23.494433697902405
2015-03-10 10:30:00,35,-7.0,-4.020161626961862,9.812758798169178,1.0,5,36,6,2,-29.297828291045665,21.25750503712194
2015-03-10 11:30:00,35,-3.0,-4.3926430434523205,9.812758798169178,-3.0,5,36,6,2,-29.670309707536124,20.885023620631483
2015-03-10 12:30:00,35,-5.0,-5.799484357320022,9.812758798169178,-7.0,5,36,6,2,-31.077151021403825,19.47818230676378
2015-03-10 13:30:00,35,-6.0,-3.3039721852211343,9.812758798169178,-3.0,5,36,6,2,-28.581638849304937,21.97369447886267
2015-03-10 14:30:00,35,-6.0,-5.226588816818445,9.812758798169178,-5.0,5,36,6,2,-30.50425548090225,20.051077847265358
2015-03-10 15:30:00,35,-7.0,-1.5345938973580855,9.812758798169178,-6.0,5,36,6,2,-26.81226056144189,23.743072766725717
2015-03-10 16:30:00,35,-7.0,-4.159767294762613,9.812758798169178,-6.0,5,36,6,2,-29.437433958846416,21.11789936932119
2015-03-10 17:30:00,35,-6.0,-5.993469924917491,9.812758798169178,-7.0,5,36,6,2,-31.271136589001294,19.284196739166312
2015-03-10 18:30:00,35,-6.0,-6.614144461445196,9.812758798169178,-7.0,5,36,6,2,-31.891811125529,18.663522202638607
2015-03-10 19:30:00,35,-8.0,-2.749164499829817,9.812758798169178,-6.0,5,36,6,2,-28.02683116391362,22.528502164253986
2015-03-10 20:30:00,35,-6.0,-3.81130248246096,9.812758798169178,-6.0,5,36,6,2,-29.088969146544763,21.466364181622843
2015-03-10 21:30:00,35,-4.0,-4.740269816730883,9.812758798169178,-8.0,5,36,6,2,-30.017936480814686,20.53739684735292
2015-03-10 22:30:00,35,-4.0,-2.594693872493476,9.812758798169178,-6.0,5,36,6,2,-27.87236053657728,22.682972791590327
2015-03-10 23:30:00,35,-5.0,-1.978246154894588,9.812758798169178,-4.0,5,36,6,2,-27.25591281897839,23.299420509189215
2015-03-11 00:30:00,35,-6.0,-5.068705711814804,9.812758798169178,-4.0,5,36,6,2,-30.346372375898607,20.208960952269
2015-03-11 01:30:00,35,-6.0,-2.086932706861316,9.812758798169178,-5.0,5,36,6,2,-27.36459937094512,23.190733957222488
2015-03-11 02:30:00,35,-6.0,-3.10777195408706,9.812758798169178,-6.0,5,36,6,2,-28.385438618170863,22.169894709996743
2015-03-11 03:30:00,35,-6.0,-6.42789729017408,9.812758798169178,-6.0,5,36,6,2,-31.705563954257883,18.849769373909723
2015-03-11 04:30:00,35,-5.0,-6.153806825415487,9.812758798169178,-6.0,5,36,6,2,-31.43147348949929,19.123859838668317
2015-03-11 05:30:00,35,5.0,-3.14884232924452,9.812758798169178,-6.0,5,36,6,2,-28.426508993328323,22.128824334839283
2015-03-11 06:30:00,35,6.0,-6.342415155476601,9.812758798169178,-5.0,5,36,6,2,-31.620081819560404,18.9352515086072
2015-03-11 07:30:00,35,8.0,1.31345910203396,9.812758798169178,5.0,5,36,6,2,-23.964207562049843,26.591125766117763
2015-03-11 08:30:00,35,0.0,4.569981800386309,9.812758798169178,6.0,5,36,6,2,-20.707684863697494,29.84764846447011
2015-03-11 09:30:00,35,2.0,1.7227582226495173,9.812758798169178,8.0,5,36,6,2,-23.554908441434286,27.00042488673332
2015-03-11 10:30:00,35,1.0,-2.3487154159928387,9.812758798169178,0.0,5,36,6,2,-27.62638208007664,22.928951248090964
2015-03-11 11:30:00,35,2.0,-2.316141765532244,9.812758798169178,2.0,5,36,6,2,-27.593808429616047,22.96152489855156
2015-03-11 12:30:00,35,-6.0,0.2663131851141429,9.812758798169178,1.0,5,36,6,2,-25.01135347896966,25.543979849197946
2015-03-11 13:30:00,35,-11.0,-4.527905557858329,9.812758798169178,2.0,5,36,6,2,-29.805572221942132,20.749761106225474
2015-03-11 14:30:00,35,-14.0,-9.377607223711893,9.812758798169178,-6.0,5,36,6,2,-34.655273887795694,15.90005944037191
2015-03-11 15:30:00,35,-14.0,-14.785246833827092,9.812758798169178,-11.0,5,36,6,2,-40.0629134979109,10.492419830256711
2015-03-11 16:30:00,35,-12.0,-17.87806754953731,9.812758798169178,-14.0,5,36,6,2,-43.155734213621116,7.399599114546493
2015-03-11 17:30:00,35,-12.0,-9.193486387956955,9.812758798169178,-14.0,5,36,6,2,-34.47115305204076,16.084180276126848
2015-03-11 18:30:00,35,-15.0,-13.37050554798591,9.812758798169178,-12.0,5,36,6,2,-38.64817221206971,11.907161116097893
2015-03-11 19:30:00,35,-20.0,-15.591902480393642,9.812758798169178,-12.0,5,36,6,2,-40.869569144477445,9.68576418369016
2015-03-11 20:30:00,35,-19.0,-11.890685900166314,9.812758798169178,-15.0,5,36,6,2,-37.168352564250114,13.386980763917489
2015-03-11 21:30:00,35,-16.0,-14.559702310832982,9.812758798169178,-20.0,5,36,6,2,-39.837368974916785,10.71796435325082
2015-03-11 22:30:00,35,-15.0,-16.115674715485007,9.812758798169178,-19.0,5,36,6,2,-41.39334137956881,9.161991948598796
2015-03-11 23:30:00,35,-14.0,-10.23921259352402,9.812758798169178,-16.0,5,36,6,2,-35.516879257607826,15.038454070559784
2015-03-12 00:30:00,35,-15.0,-10.913362206224534,9.812758798169178,-15.0,5,36,6,2,-36.19102887030834,14.36430445785927
2015-03-12 01:30:00,35,-12.0,-12.83748687719502,9.812758798169178,-14.0,5,36,6,2,-38.11515354127882,12.440179786888782
2015-03-12 02:30:00,35,-8.0,-11.766520401204918,9.812758798169178,-15.0,5,36,6,2,-37.044187065288725,13.511146262878885
2015-03-12 03:30:00,35,-10.0,-8.089450762855073,9.812758798169178,-12.0,5,36,6,2,-33.367117426938876,17.18821590122873
2015-03-12 04:30:00,35,-11.0,-11.784694429993646,9.812758798169178,-8.0,5,36,6,2,-37.062361094077446,13.492972234090157
2015-03-12 05:30:00,35,-7.0,-8.999599920089725,9.812758798169178,-10.0,5,36,6,2,-34.27726658417353,16.278066743994078
2015-03-12 06:30:00,35,-12.0,-5.965142482463367,9.812758798169178,-11.0,5,36,6,2,-31.24280914654717,19.312524181620436
2015-03-12 07:30:00,35,-22.0,-11.924894696175825,9.812758798169178,-7.0,5,36,6,2,-37.20256136025963,13.352771967907978
2015-03-12 08:30:00,35,-24.0,-14.460841712553474,9.812758798169178,-12.0,5,36,6,2,-39.73850837663728,10.816824951530329
2015-03-12 09:30:00,35,-23.0,-18.96900262117022,9.812758798169178,-22.0,5,36,6,2,-44.24666928525402,6.308664042913584
2015-03-12 10:30:00,35,-19.0,-30.401910946272743,9.812758798169178,-24.0,5,36,6,2,-55.679577610356546,-5.12424428218894
2015-03-12 11:30:00,35,-19.0,-19.28589339768149,9.812758798169178,-23.0,5,36,6,2,-44.563560061765294,5.991773266402312
2015-03-12 12:30:00,35,-15.0,-13.797381944666814,9.812758798169178,-19.0,5,36,6,2,-39.07504860875062,11.48028471941699
2015-03-12 13:30:00,35,-17.0,-23.140368787891727,9.812758798169178,-19.0,5,36,6,2,-48.41803545197553,2.1372978761920756
2015-03-12 14:30:00,35,-18.0,-16.104846992785603,9.812758798169178,-15.0,5,36,6,2,-41.382513656869406,9.1728196712982
2015-03-12 15:30:00,35,-13.0,-18.13345186304264,9.812758798169178,-17.0,5,36,6,2,-43.41111852712645,7.144214801041162
2015-03-12 16:30:00,35,-9.0,-14.350987507243511,9.812758798169178,-18.0,5,36,6,2,-39.62865417132731,10.926679156840292
2015-03-12 17:30:00,35,-9.0,-15.487671107603669,9.812758798169178,-13.0,5,36,6,2,-40.76533777168747,9.789995556480134
2015-03-12 18:30:00,35,-9.0,-6.915741564370514,9.812758798169178,-9.0,5,36,6,2,-32.19340822845432,18.36192509971329
2015-03-12 19:30:00,35,-8.0,-8.491677178810438,9.812758798169178,-9.0,5,36,6,2,-33.769343842894244,16.785989485273365
2015-03-12 20:30:00,35,-8.0,-7.178771637497846,9.812758798169178,-9.0,5,36,6,2,-32.45643830158165,18.098895026585957
2015-03-12 21:30:00,35,-11.0,-7.713664585795396,9.812758798169178,-8.0,5,36,6,2,-32.991331249879195,17.564002078288407
2015-03-12 22:30:00,35,-13.0,-7.48020716477604,9.812758798169178,-8.0,5,36,6,2,-32.75787382885984,17.797459499307763
2015-03-12 23:30:00,35,-15.0,-9.644448327769435,9.812758798169178,-11.0,5,36,6,2,-34.922114991853235,15.633218336314368
2015-03-13 00:30:00,35,-13.0,-9.039244120868553,9.812758798169178,-13.0,5,36,6,2,-34.316910784952356,16.23842254321525
2015-03-13 01:30:00,35,-12.0,-11.449418499181393,9.812758798169178,-15.0,5,36,6,2,-36.727085163265194,13.82824816490241
2015-03-13 02:30:00,35,-9.0,-12.716800640501734,9.812758798169178,-13.0,5,36,6,2,-37.99446730458554,12.560866023582069
2015-03-13 03:30:00,35,-3.0,-10.375086941047144,9.812758798169178,-12.0,5,36,6,2,-35.65275360513095,14.90257972303666
2015-03-13 04:30:00,35,-2.0,-6.600210177637052,9.812758798169178,-9.0,5,36,6,2,-31.877876841720855,18.67745648644675
2015-03-13 05:30:00,35,1.0,-3.317398044326321,9.812758798169178,-3.0,5,36,6,2,-28.595064708410124,21.960268619757482
2015-03-13 06:30:00,35,1.0,-2.9445029941792207,9.812758798169178,-2.0,5,36,6,2,-28.222169658263024,22.333163669904582
2015-03-13 07:30:00,35,0.0,-0.7246496477870288,9.812758798169178,1.0,5,36,6,2,-26.002316311870832,24.553017016296774
2015-03-13 08:30:00,35,-1.0,-0.295002767343405,9.812758798169178,1.0,5,36,6,2,-25.572669431427208,24.982663896740398
2015-03-13 09:30:00,35,-2.0,-2.435220863122116,9.812758798169178,0.0,5,36,6,2,-27.71288752720592,22.842445800961688
2015-03-13 10:30:00,35,-2.0,-0.6466172275930369,9.812758798169178,-1.0,5,36,6,2,-25.92428389167684,24.631049436490766
2015-03-13 11:30:00,35,0.0,-0.68315486726312,9.812758798169178,-2.0,5,36,6,2,-25.960821531346923,24.594511796820683
2015-03-13 12:30:00,35,-3.0,-4.892226326997943,9.812758798169178,-2.0,5,36,6,2,-30.169892991081745,20.38544033708586
2015-03-13 13:30:00,35,-16.0,-1.5344172413172288,9.812758798169178,0.0,5,36,6,2,-26.812083905401032,23.743249422766574
2015-03-13 14:30:00,35,-20.0,-18.96014827570772,9.812758798169178,-3.0,5,36,6,2,-44.23781493979152,6.317518388376083
2015-03-13 15:30:00,35,-11.0,-16.40299068554635,9.812758798169178,-16.0,5,36,6,2,-41.68065734963015,8.874675978537454
2015-03-13 16:30:00,35,-7.0,-10.817511223665491,9.812758798169178,-20.0,5,36,6,2,-36.095177887749294,14.460155440418312
2015-03-13 17:30:00,35,-10.0,-9.844752580340508,9.812758798169178,-11.0,5,36,6,2,-35.12241924442431,15.432914083743295
2015-03-13 18:30:00,35,-15.0,-9.72352129513092,9.812758798169178,-7.0,5,36,6,2,-35.001187959214725,15.554145368952883
2015-03-13 19:30:00,35,-15.0,-9.29980747244976,9.812758798169178,-10.0,5,36,6,2,-34.57747413653357,15.977859191634042
2015-03-13 20:30:00,35,-11.0,-13.661100426512933,9.812758798169178,-15.0,5,36,6,2,-38.938767090596734,11.61656623757087
2015-03-13 21:30:00,35,-10.0,-16.530980141489728,9.812758798169178,-15.0,5,36,6,2,-41.80864680557353,8.746686522594075
2015-03-13 22:30:00,35,-7.0,-5.634651345148004,9.812758798169178,-11.0,5,36,6,2,-30.912318009231807,19.6430153189358
2015-03-13 23:30:00,35,-10.0,-8.373627856678251,9.812758798169178,-10.0,5,36,6,2,-33.65129452076205,16.904038807405552
2015-03-14 00:30:00,35,-12.0,-5.899264859617169,9.812758798169178,-7.0,5,36,6,2,-31.176931523700972,19.378401804466634
2015-03-14 01:30:00,35,-11.0,-7.819218724549845,9.812758798169178,-10.0,5,36,6,2,-33.09688538863365,17.458447939533958
2015-03-14 02:30:00,35,-12.0,-6.849372751557056,9.812758798169178,-12.0,5,36,6,2,-32.12703941564086,18.428293912526748
2015-03-14 03:30:00,35,-13.0,-8.21254124517759,9.812758798169178,-11.0,5,36,6,2,-33.49020790926139,17.065125418906213
2015-03-14 04:30:00,35,-14.0,-14.095853097405737,9.812758798169178,-12.0,5,36,6,2,-39.37351976148954,11.181813566678066
2015-03-14 05:30:00,35,-15.0,-12.13687763652116,9.812758798169178,-13.0,5,36,6,2,-37.41454430060496,13.140789027562644
2015-03-14 06:30:00,35,-12.0,-9.576347424018785,9.812758798169178,-14.0,5,36,6,2,-34.85401408810259,15.701319240065018
2015-03-14 07:30:00,35,-9.0,-10.095892840181332,9.812758798169178,-15.0,5,36,6,2,-35.37355950426513,15.181773823902471
2015-03-14 08:30:00,35,-8.0,-14.628996720030404,9.812758798169178,-12.0,5,36,6,2,-39.90666338411421,10.648669944053399
2015-03-14 09:30:00,35,-7.0,-4.851205501705604,9.812758798169178,-9.0,5,36,6,2,-30.128872165789407,20.4264611623782
2015-03-14 10:30:00,35,-5.0,-7.728311956792854,9.812758798169178,-8.0,5,36,6,2,-33.00597862087666,17.54935470729095
2015-03-14 11:30:00,35,-4.0,-4.7440743846352085,9.812758798169178,-7.0,5,36,6,2,-30.02174104871901,20.533592279448595
2015-03-14 12:30:00,35,-4.0,-8.498883452672256,9.812758798169178,-5.0,5,36,6,2,-33.776550116756056,16.778783211411547
2015-03-14 13:30:00,35,-4.0,-3.956209985829407,9.812758798169178,-4.0,5,36,6,2,-29.23387664991321,21.321456678254396
2015-03-14 14:30:00,35,1.0,-8.778721701784612,9.812758798169178,-4.0,5,36,6,2,-34.056388365868415,16.49894496229919
2015-03-14 15:30:00,35,3.0,-1.3166843622761668,9.812758798169178,-4.0,5,36,6,2,-26.59435102635997,23.960982301807636
2015-03-14 16:30:00,35,4.0,1.5457768761555857,9.812758798169178,1.0,5,36,6,2,-23.731889787928218,26.82344354023939
2015-03-14 17:30:00,35,2.0,-0.0780691491701262,9.812758798169178,3.0,5,36,6,2,-25.35573581325393,25.199597514913677
2015-03-14 18:30:00,35,3.0,0.9296652359027178,9.812758798169178,4.0,5,36,6,2,-24.348001428181085,26.20733189998652
2015-03-14 19:30:00,35,2.0,0.7383359719440037,9.812758798169178,2.0,5,36,6,2,-24.5393306921398,26.016002636027807
2015-03-14 20:30:00,35,-1.0,1.4988359191525549,9.812758798169178,3.0,5,36,6,2,-23.77883074493125,26.776502583236358
2015-03-14 21:30:00,35,-3.0,-0.3816590184100015,9.812758798169178,2.0,5,36,6,2,-25.659325682493805,24.8960076456738
2015-03-14 22:30:00,35,-5.0,-0.5370473954220181,9.812758798169178,-1.0,5,36,6,2,-25.81471405950582,24.740619268661785
2015-03-14 23:30:00,35,-11.0,-3.912259255469184,9.812758798169178,-3.0,5,36,6,2,-29.189925919552987,21.36540740861462
2015-03-15 00:30:00,35,-11.0,-9.328126297536038,9.812758798169178,-5.0,5,36,6,2,-34.60579296161984,15.949540366547765
2015-03-15 01:30:00,35,-11.0,-10.215116278682636,9.812758798169178,-11.0,5,36,6,2,-35.49278294276644,15.062550385401167
2015-03-15 02:30:00,35,-11.0,-11.82306756901508,9.812758798169178,-11.0,5,36,6,2,-37.10073423309888,13.454599095068723
2015-03-15 03:30:00,35,-12.0,-11.747868108500697,9.812758798169178,-11.0,5,36,6,2,-37.0255347725845,13.529798555583106
2015-03-15 04:30:00,35,-11.0,-6.604001819489607,9.812758798169178,-11.0,5,36,6,2,-31.88166848357341,18.673664844594196
2015-03-15 05:30:00,35,-11.0,-7.811338141654023,9.812758798169178,-12.0,5,36,6,2,-33.08900480573783,17.46632852242978
2015-03-15 06:30:00,35,-9.0,-13.670096958544908,9.812758798169178,-11.0,5,36,6,2,-38.94776362262871,11.607569705538895
2015-03-15 07:30:00,35,-9.0,-13.376300727862828,9.812758798169178,-11.0,5,36,6,2,-38.65396739194663,11.901365936220975
2015-03-15 08:30:00,35,-7.0,-10.55903758378711,9.812758798169178,-9.0,5,36,6,2,-35.83670424787091,14.718629080296694
2015-03-15 09:30:00,35,-6.0,-7.726995653854271,9.812758798169178,-9.0,5,36,6,2,-33.00466231793807,17.550671010229532
2015-03-15 10:30:00,35,-7.0,-10.256522731186116,9.812758798169178,-7.0,5,36,6,2,-35.53418939526992,15.021143932897687
2015-03-15 11:30:00,35,-5.0,-8.58762510675776,9.812758798169178,-6.0,5,36,6,2,-33.865291770841566,16.690041557326044
2015-03-15 12:30:00,35,-5.0,-11.42313121856498,9.812758798169178,-7.0,5,36,6,2,-36.700797882648786,13.854535445518824
2015-03-15 13:30:00,35,-3.0,-9.164743157504226,9.812758798169178,-5.0,5,36,6,2,-34.44240982158803,16.112923506579577
2015-03-15 14:30:00,35,1.0,-8.917271742024145,9.812758798169178,-5.0,5,36,6,2,-34.19493840610795,16.36039492205966
2015-03-15 15:30:00,35,4.0,-1.973263161937222,9.812758798169178,-3.0,5,36,6,2,-27.250929826021025,23.30440350214658
2015-03-15 16:30:00,35,-1.0,-0.2637906610025951,9.812758798169178,1.0,5,36,6,2,-25.541457325086398,25.013876003081208
2015-03-15 17:30:00,35,0.0,-0.5424246329583724,9.812758798169178,4.0,5,36,6,2,-25.820091297042175,24.73524203112543
2015-03-15 18:30:00,35,2.0,-5.701160190188972,9.812758798169178,-1.0,5,36,6,2,-30.978826854272775,19.57650647389483
2015-03-15 19:30:00,35,1.0,1.4477909407125154,9.812758798169178,0.0,5,36,6,2,-23.829875723371288,26.72545760479632
2015-03-15 20:30:00,35,-2.0,4.3864749520904525,9.812758798169178,2.0,5,36,6,2,-20.89119171199335,29.664141616174255
2015-03-15 21:30:00,35,-7.0,4.362236450679596,9.812758798169178,1.0,5,36,6,2,-20.915430213404207,29.6399031147634
2015-03-15 22:30:00,35,-7.0,-8.482594473099997,9.812758798169178,-2.0,5,36,6,2,-33.760261137183804,16.795072190983806
2015-03-15 23:30:00,35,-2.0,-0.2830763302435493,9.812758798169178,-7.0,5,36,6,2,-25.560742994327352,24.994590333840254
2015-03-16 00:30:00,35,4.0,-2.4327649132858014,9.812758798169178,-7.0,5,36,6,2,-27.710431577369604,22.844901750798
2015-03-16 01:30:00,35,10.0,1.4967526704756082,9.812758798169178,-2.0,5,36,6,2,-23.780913993608195,26.77441933455941
2015-03-16 02:30:00,35,15.0,4.96703133260776,9.812758798169178,4.0,5,36,6,2,-20.310635331476043,30.244697996691563
2015-03-16 03:30:00,35,10.0,5.320963864808164,9.812758798169178,10.0,5,36,6,2,-19.95670279927564,30.598630528891967
2015-03-16 04:30:00,35,7.0,13.694916921959836,9.812758798169178,15.0,5,36,6,2,-11.582749742123967,38.97258358604364
2015-03-16 05:30:00,35,15.0,-0.3225158685360156,9.812758798169178,10.0,5,36,6,2,-25.60018253261982,24.955150795547787
2015-03-16 06:30:00,35,1.0,12.939884694650033,9.812758798169178,7.0,5,36,6,2,-12.33778196943377,38.217551358733836
2015-03-16 07:30:00,35,-10.0,4.436050669312621,9.812758798169178,15.0,5,36,6,2,-20.841615994771182,29.713717333396424
2015-03-16 08:30:00,35,-2.0,-17.23411965679758,9.812758798169178,1.0,5,36,6,2,-42.511786320881384,8.043547007286222
2015-03-16 09:30:00,35,5.0,5.558122445317686,9.812758798169178,-10.0,5,36,6,2,-19.719544218766117,30.83578910940149
2015-03-16 10:30:00,35,11.0,-4.377476476042094,9.812758798169178,-2.0,5,36,6,2,-29.655143140125897,20.90019018804171
2015-03-16 11:30:00,35,19.0,3.756541053811453,9.812758798169178,5.0,5,36,6,2,-21.52112561027235,29.034207717895256
2015-03-16 12:30:00,35,17.0,4.452867462665495,9.812758798169178,11.0,5,36,6,2,-20.82479920141831,29.730534126749298
2015-03-16 13:30:00,35,11.0,13.76727695976873,9.812758798169178,19.0,5,36,6,2,-11.510389704315074,39.04494362385253
2015-03-16 14:30:00,35,7.0,10.380849595469058,9.812758798169178,17.0,5,36,6,2,-14.896817068614745,35.65851625955286
2015-03-16 15:30:00,35,12.0,7.125897412406772,9.812758798169178,11.0,5,36,6,2,-18.15176925167703,32.403564076490575
2015-03-16 16:30:00,35,17.0,8.976347896971738,9.812758798169178,7.0,5,36,6,2,-16.301318767112065,34.25401456105554
2015-03-16 17:30:00,35,17.0,10.63506194694724,9.812758798169178,12.0,5,36,6,2,-14.642604717136564,35.91272861103104
2015-03-16 18:30:00,35,15.0,12.304151307810187,9.812758798169178,17.0,5,36,6,2,-12.973515356273616,37.58181797189399
2015-03-16 19:30:00,35,16.0,13.429980256196416,9.812758798169178,17.0,5,36,6,2,-11.847686407887387,38.70764692028022
2015-03-16 20:30:00,35,11.0,11.803947573779595,9.812758798169178,15.0,5,36,6,2,-13.473719090304208,37.0816142378634
2015-03-16 21:30:00,35,9.0,11.751786646203414,9.812758798169178,16.0,5,36,6,2,-13.52588001788039,37.02945331028722
2015-03-16 22:30:00,35,6.0,8.372347967227434,9.812758798169178,11.0,5,36,6,2,-16.90531869685637,33.65001463131124
2015-03-16 23:30:00,35,3.0,7.393001346183638,9.812758798169178,9.0,5,36,6,2,-17.884665317900165,32.67066801026744
2015-03-17 00:30:00,35,4.0,7.233067307632474,9.812758798169178,6.0,5,36,6,2,-18.04459935645133,32.51073397171628
2015-03-17 01:30:00,35,3.0,2.391730951616111,9.812758798169178,3.0,5,36,6,2,-22.885935712467692,27.669397615699914
2015-03-17 02:30:00,35,3.0,3.9756311682883663,9.812758798169178,4.0,5,36,6,2,-21.302035495795437,29.25329783237217
2015-03-17 03:30:00,35,2.0,2.687082617194527,9.812758798169178,3.0,5,36,6,2,-22.590584046889276,27.96474928127833
2015-03-17 04:30:00,35,13.0,-0.4165507408213642,9.812758798169178,3.0,5,36,6,2,-25.694217404905167,24.86111592326244
2015-03-17 05:30:00,35,45.0,1.9355770476759844,9.812758798169178,2.0,5,36,6,2,-23.34208961640782,27.213243711759787
2015-03-17 06:30:00,35,25.0,11.268705622084257,9.812758798169178,13.0,5,36,6,2,-14.008961041999546,36.54637228616806
2015-03-17 07:30:00,35,-18.0,23.180079562945785,9.812758798169178,45.0,5,36,6,2,-2.097587101138018,48.45774622702959
2015-03-17 08:30:00,35,-54.0,-9.798606575521331,9.812758798169178,25.0,5,36,6,2,-35.076273239605136,15.479060088562472
2015-03-17 09:30:00,35,-83.0,-46.190098918437904,9.812758798169178,-18.0,5,36,6,2,-71.46776558252171,-20.9124322543541
2015-03-17 10:30:00,35,-75.0,-111.6830327694184,9.812758798169178,-54.0,5,36,6,2,-136.9606994335022,-86.4053661053346
2015-03-17 11:30:00,35,-54.0,-82.46368843447569,9.812758798169178,-83.0,5,36,6,2,-107.7413550985595,-57.18602177039188
2015-03-17 12:30:00,35,-55.0,-64.2091712757173,9.812758798169178,-75.0,5,36,6,2,-89.48683793980109,-38.93150461163349
2015-03-17 13:30:00,35,-75.0,-59.93726627832813,9.812758798169178,-54.0,5,36,6,2,-85.21493294241193,-34.65959961424433
2015-03-17 14:30:00,35,-93.0,-84.87470300615358,9.812758798169178,-55.0,5,36,6,2,-110.15236967023739,-59.59703634206978
2015-03-17 15:30:00,35,-118.0,-89.77861437878889,9.812758798169178,-75.0,5,36,6,2,-115.05628104287268,-64.50094771470509
2015-03-17 16:30:00,35,-143.0,-122.75834106442348,9.812758798169178,-93.0,5,36,6,2,-148.0360077285073,-97.48067440033967
2015-03-17 17:30:00,35,-162.0,-136.06780538210438,9.812758798169178,-118.0,5,36,6,2,-161.34547204618818,-110.79013871802059
2015-03-17 18:30:00,35,-154.0,-153.79740204150585,9.812758798169178,-143.0,5,36,6,2,-179.07506870558964,-128.51973537742205
2015-03-17 19:30:00,35,-177.0,-170.5218430631626,9.812758798169178,-162.0,5,36,6,2,-195.7995097272464,-145.2441763990788
2015-03-17 20:30:00,35,-182.0,-145.9232907889352,9.812758798169178,-154.0,5,36,6,2,-171.200957453019,-120.6456241248514
2015-03-17 21:30:00,35,-198.0,-168.99611223379765,9.812758798169178,-177.0,5,36,6,2,-194.27377889788144,-143.71844556971385
2015-03-17 22:30:00,35,-234.0,-170.99735803831234,9.812758798169178,-182.0,5,36,6,2,-196.27502470239614,-145.71969137422855
2015-03-17 23:30:00,35,-225.0,-185.80661490813955,9.812758798169178,-198.0,5,36,6,2,-211.08428157222335,-160.52894824405575
2015-03-18 00:30:00,35,-200.0,-214.8575198624664,9.812758798169178,-234.0,5,36,6,2,-240.1351865265502,-189.5798531983826
2015-03-18 01:30:00,35,-189.0,-201.54266968988128,9.812758798169178,-225.0,5,36,6,2,-226.82033635396508,-176.26500302579748
2015-03-18 02:30:00,35,-172.0,-166.93735411627395,9.812758798169178,-200.0,5,36,6,2,-192.21502078035775,-141.65968745219016
2015-03-18 03:30:00,35,-155.0,-160.8469001300884,9.812758798169178,-189.0,5,36,6,2,-186.12456679417218,-135.5692334660046
2015-03-18 04:30:00,35,-148.0,-144.5667705946084,9.812758798169178,-172.0,5,36,6,2,-169.8444372586922,-119.28910393052462
2015-03-18 05:30:00,35,-136.0,-134.62468925828594,9.812758798169178,-155.0,5,36,6,2,-159.90235592236974,-109.34702259420214
2015-03-18 06:30:00,35,-133.0,-127.429100932598,9.812758798169178,-148.0,5,36,6,2,-152.7067675966818,-102.15143426851421
2015-03-18 07:30:00,35,-124.0,-118.98398565176814,9.812758798169178,-136.0,5,36,6,2,-144.26165231585193,-93.70631898768434
2015-03-18 08:30:00,35,-123.0,-112.72030533712784,9.812758798169178,-133.0,5,36,6,2,-137.99797200121165,-87.44263867304403
2015-03-18 09:30:00,35,-117.0,-112.43270930261144,9.812758798169178,-124.0,5,36,6,2,-137.71037596669524,-87.15504263852765
2015-03-18 10:30:00,35,-111.0,-111.39866824784454,9.812758798169178,-123.0,5,36,6,2,-136.67633491192834,-86.12100158376074
2015-03-18 11:30:00,35,-99.0,-106.73553475021438,9.812758798169178,-117.0,5,36,6,2,-132.01320141429818,-81.45786808613059
2015-03-18 12:30:00,35,-97.0,-101.79505557712152,9.812758798169178,-111.0,5,36,6,2,-127.07272224120533,-76.5173889130377
2015-03-18 13:30:00,35,-91.0,-92.70687352941424,9.812758798169178,-99.0,5,36,6,2,-117.98454019349805,-67.42920686533043
2015-03-18 14:30:00,35,-88.0,-89.53433354375406,9.812758798169178,-97.0,5,36,6,2,-114.81200020783785,-64.25666687967026
2015-03-18 15:30:00,35,-91.0,-84.26798429685363,9.812758798169178,-91.0,5,36,6,2,-109.54565096093742,-58.99031763276982
2015-03-18 16:30:00,35,-86.0,-94.59937246038729,9.812758798169178,-88.0,5,36,6,2,-119.87703912447108,-69.32170579630349
2015-03-18 17:30:00,35,-82.0,-87.76829879461553,9.812758798169178,-91.0,5,36,6,2,-113.04596545869933,-62.49063213053173
2015-03-18 18:30:00,35,-88.0,-76.07880484107129,9.812758798169178,-86.0,5,36,6,2,-101.3564715051551,-50.801138176987486
2015-03-18 19:30:00,35,-94.0,-78.88179331530893,9.812758798169178,-82.0,5,36,6,2,-104.15945997939272,-53.60412665122512
2015-03-18 20:30:00,35,-95.0,-90.5371366400766,9.812758798169178,-88.0,5,36,6,2,-115.81480330416039,-65.2594699759928
2015-03-18 21:30:00,35,-94.0,-86.13936636791829,9.812758798169178,-94.0,5,36,6,2,-111.41703303200208,-60.86169970383448
2015-03-18 22:30:00,35,-94.0,-86.97494944117528,9.812758798169178,-95.0,5,36,6,2,-112.25261610525908,-61.69728277709148
2015-03-18 23:30:00,35,-93.0,-88.75441866678685,9.812758798169178,-94.0,5,36,6,2,-114.03208533087064,-63.476752002703044
2015-03-19 00:30:00,35,-99.0,-90.77467007608746,9.812758798169178,-94.0,5,36,6,2,-116.05233674017126,-65.49700341200366
2015-03-19 01:30:00,35,-94.0,-88.96237729634777,9.812758798169178,-93.0,5,36,6,2,-114.24004396043156,-63.684710632263965
2015-03-19 02:30:00,35,-86.0,-89.86155223562963,9.812758798169178,-99.0,5,36,6,2,-115.13921889971343,-64.58388557154584
2015-03-19 03:30:00,35,-81.0,-86.3528013347458,9.812758798169178,-94.0,5,36,6,2,-111.6304679988296,-61.075134670662
2015-03-19 04:30:00,35,-86.0,-80.81057136491663,9.812758798169178,-86.0,5,36,6,2,-106.08823802900042,-55.53290470083282
2015-03-19 05:30:00,35,-84.0,-76.59339957940588,9.812758798169178,-81.0,5,36,6,2,-101.87106624348968,-51.31573291532208
2015-03-19 06:30:00,35,-81.0,-79.96496629285389,9.812758798169178,-86.0,5,36,6,2,-105.24263295693768,-54.687299628770084
2015-03-19 07:30:00,35,-73.0,-73.96754110125755,9.812758798169178,-84.0,5,36,6,2,-99.24520776534135,-48.68987443717375
2015-03-19 08:30:00,35,-71.0,-76.07481069107433,9.812758798169178,-81.0,5,36,6,2,-101.35247735515813,-50.79714402699053
2015-03-19 09:30:00,35,-76.0,-69.66105460669951,9.812758798169178,-73.0,5,36,6,2,-94.9387212707833,-44.383387942615705
2015-03-19 10:30:00,35,-75.0,-73.87665803126214,9.812758798169178,-71.0,5,36,6,2,-99.15432469534593,-48.598991367178336
2015-03-19 11:30:00,35,-76.0,-74.55540070102495,9.812758798169178,-76.0,5,36,6,2,-99.83306736510875,-49.27773403694115
2015-03-19 12:30:00,35,-77.0,-70.11147149799568,9.812758798169178,-75.0,5,36,6,2,-95.38913816207949,-44.83380483391188
2015-03-19 13:30:00,35,-83.0,-78.88298682075569,9.812758798169178,-76.0,5,36,6,2,-104.16065348483949,-53.60532015667189
2015-03-19 14:30:00,35,-84.0,-73.0011894709266,9.812758798169178,-77.0,5,36,6,2,-98.27885613501041,-47.7235228068428
2015-03-19 15:30:00,35,-80.0,-78.70346981377287,9.812758798169178,-83.0,5,36,6,2,-103.98113647785667,-53.42580314968907
2015-03-19 16:30:00,35,-73.0,-74.63618852458794,9.812758798169178,-84.0,5,36,6,2,-99.91385518867173,-49.35852186050413
2015-03-19 17:30:00,35,-72.0,-69.26946417700896,9.812758798169178,-80.0,5,36,6,2,-94.54713084109275,-43.99179751292515
2015-03-19 18:30:00,35,-71.0,-66.9048778289472,9.812758798169178,-73.0,5,36,6,2,-92.182544493031,-41.627211164863404
2015-03-19 19:30:00,35,-70.0,-69.93968426997137,9.812758798169178,-72.0,5,36,6,2,-95.21735093405516,-44.66201760588756
2015-03-19 20:30:00,35,-71.0,-65.76651922771185,9.812758798169178,-71.0,5,36,6,2,-91.04418589179565,-40.48885256362805
2015-03-19 21:30:00,35,-69.0,-64.95137224230334,9.812758798169178,-70.0,5,36,6,2,-90.22903890638713,-39.67370557821953
2015-03-19 22:30:00,35,-65.0,-71.89100535386609,9.812758798169178,-71.0,5,36,6,2,-97.16867201794989,-46.61333868978229
2015-03-19 23:30:00,35,-70.0,-63.915015269927615,9.812758798169178,-69.0,5,36,6,2,-89.19268193401142,-38.63734860584381
2015-03-20 00:30:00,35,-75.0,-59.88880435590015,9.812758798169178,-65.0,5,36,6,2,-85.16647101998396,-34.611137691816346
2015-03-20 01:30:00,35,-81.0,-65.73630027301536,9.812758798169178,-70.0,5,36,6,2,-91.01396693709916,-40.45863360893156
2015-03-20 02:30:00,35,-74.0,-74.68999536942283,9.812758798169178,-75.0,5,36,6,2,-99.96766203350663,-49.41232870533903
2015-03-20 03:30:00,35,-69.0,-71.83483304155726,9.812758798169178,-81.0,5,36,6,2,-97.11249970564106,-46.55716637747346
2015-03-20 04:30:00,35,-65.0,-69.82605996622846,9.812758798169178,-74.0,5,36,6,2,-95.10372663031225,-44.54839330214465
2015-03-20 05:30:00,35,-64.0,-66.50481652666332,9.812758798169178,-69.0,5,36,6,2,-91.78248319074712,-41.227149862579516
2015-03-20 06:30:00,35,-71.0,-62.60672432909693,9.812758798169178,-65.0,5,36,6,2,-87.88439099318073,-37.329057665013124
2015-03-20 07:30:00,35,-68.0,-66.82368498909543,9.812758798169178,-64.0,5,36,6,2,-92.10135165317922,-41.54601832501162
2015-03-20 08:30:00,35,-63.0,-59.21106345514952,9.812758798169178,-71.0,5,36,6,2,-84.48873011923332,-33.93339679106572
2015-03-20 09:30:00,35,-61.0,-65.04798155323289,9.812758798169178,-68.0,5,36,6,2,-90.32564821731668,-39.770314889149084
2015-03-20 10:30:00,35,-62.0,-61.58918337941452,9.812758798169178,-63.0,5,36,6,2,-86.86685004349832,-36.31151671533072
2015-03-20 11:30:00,35,-65.0,-61.80810976390235,9.812758798169178,-61.0,5,36,6,2,-87.08577642798616,-36.53044309981855
2015-03-20 12:30:00,35,-58.0,-58.89778335576601,9.812758798169178,-62.0,5,36,6,2,-84.17545001984982,-33.620116691682206
2015-03-20 13:30:00,35,-57.0,-56.81619352213245,9.812758798169178,-65.0,5,36,6,2,-82.09386018621626,-31.538526858048648
2015-03-20 14:30:00,35,-55.0,-55.24991797704869,9.812758798169178,-58.0,5,36,6,2,-80.52758464113249,-29.972251312964886
2015-03-20 15:30:00,35,-56.0,-52.464215942711576,9.812758798169178,-57.0,5,36,6,2,-77.74188260679537,-27.186549278627773
2015-03-20 16:30:00,35,-62.0,-53.72088885014041,9.812758798169178,-55.0,5,36,6,2,-78.99855551422422,-28.44322218605661
2015-03-20 17:30:00,35,-66.0,-53.83076890755391,9.812758798169178,-56.0,5,36,6,2,-79.10843557163771,-28.553102243470107
2015-03-20 18:30:00,35,-64.0,-61.71400379833227,9.812758798169178,-62.0,5,36,6,2,-86.99167046241607,-36.43633713424847
2015-03-20 19:30:00,35,-60.0,-59.02389853420273,9.812758798169178,-66.0,5,36,6,2,-84.30156519828654,-33.746231870118926
2015-03-20 20:30:00,35,-59.0,-56.799221616158334,9.812758798169178,-64.0,5,36,6,2,-82.07688828024214,-31.52155495207453
2015-03-20 21:30:00,35,-56.0,-58.88093209294175,9.812758798169178,-60.0,5,36,6,2,-84.15859875702554,-33.603265428857945
2015-03-20 22:30:00,35,-56.0,-53.47213560119313,9.812758798169178,-59.0,5,36,6,2,-78.74980226527694,-28.194468937109328
2015-03-20 23:30:00,35,-65.0,-55.092599309639006,9.812758798169178,-56.0,5,36,6,2,-80.37026597372281,-29.814932645555203
2015-03-21 00:30:00,35,-69.0,-59.1875423496119,9.812758798169178,-56.0,5,36,6,2,-84.4652090136957,-33.9098756855281
2015-03-21 01:30:00,35,-65.0,-64.03082623076162,9.812758798169178,-65.0,5,36,6,2,-89.30849289484541,-38.753159566677816
2015-03-21 02:30:00,35,-64.0,-64.26343053236415,9.812758798169178,-69.0,5,36,6,2,-89.54109719644796,-38.98576386828035
2015-03-21 03:30:00,35,-58.0,-58.42450889625641,9.812758798169178,-65.0,5,36,6,2,-83.70217556034021,-33.14684223217261
2015-03-21 04:30:00,35,-48.0,-59.3867543508084,9.812758798169178,-64.0,5,36,6,2,-84.66442101489221,-34.1090876867246
2015-03-21 05:30:00,35,-46.0,-53.92427165737472,9.812758798169178,-58.0,5,36,6,2,-79.20193832145853,-28.646604993290914
2015-03-21 06:30:00,35,-49.0,-48.720987539889535,9.812758798169178,-48.0,5,36,6,2,-73.99865420397333,-23.443320875805732
2015-03-21 07:30:00,35,-46.0,-47.774556032507256,9.812758798169178,-46.0,5,36,6,2,-73.05222269659106,-22.496889368423453
2015-03-21 08:30:00,35,-45.0,-50.45805823852426,9.812758798169178,-49.0,5,36,6,2,-75.73572490260807,-25.180391574440456
2015-03-21 09:30:00,35,-44.0,-48.73848402813131,9.812758798169178,-46.0,5,36,6,2,-74.01615069221512,-23.460817364047507
2015-03-21 10:30:00,35,-50.0,-45.0684396989185,9.812758798169178,-45.0,5,36,6,2,-70.3461063630023,-19.7907730348347
2015-03-21 11:30:00,35,-48.0,-45.593424828534296,9.812758798169178,-44.0,5,36,6,2,-70.87109149261809,-20.315758164450493
2015-03-21 12:30:00,35,-46.0,-47.00212318517296,9.812758798169178,-50.0,5,36,6,2,-72.27978984925676,-21.72445652108916
2015-03-21 13:30:00,35,-45.0,-46.51956566615049,9.812758798169178,-48.0,5,36,6,2,-71.7972323302343,-21.24189900206669
2015-03-21 14:30:00,35,-46.0,-44.52600763092606,9.812758798169178,-46.0,5,36,6,2,-69.80367429500987,-19.248340966842257
2015-03-21 15:30:00,35,-46.0,-43.99633034451773,9.812758798169178,-45.0,5,36,6,2,-69.27399700860153,-18.718663680433927
2015-03-21 16:30:00,35,-46.0,-43.205638371887225,9.812758798169178,-46.0,5,36,6,2,-68.48330503597103,-17.927971707803422
2015-03-21 17:30:00,35,-44.0,-43.66945096150113,9.812758798169178,-46.0,5,36,6,2,-68.94711762558492,-18.391784297417324
2015-03-21 18:30:00,35,-44.0,-43.6622899288205,9.812758798169178,-46.0,5,36,6,2,-68.93995659290431,-18.384623264736696
2015-03-21 19:30:00,35,-44.0,-40.69555961661444,9.812758798169178,-44.0,5,36,6,2,-65.97322628069824,-15.417892952530636
2015-03-21 20:30:00,35,-47.0,-41.47389966960766,9.812758798169178,-44.0,5,36,6,2,-66.75156633369147,-16.196233005523858
2015-03-21 21:30:00,35,-40.0,-41.902452144334745,9.812758798169178,-44.0,5,36,6,2,-67.18011880841854,-16.624785480250942
2015-03-21 22:30:00,35,-43.0,-42.84900429486688,9.812758798169178,-47.0,5,36,6,2,-68.12667095895068,-17.571337630783077
2015-03-21 23:30:00,35,-41.0,-37.19938953420133,9.812758798169178,-40.0,5,36,6,2,-62.47705619828513,-11.921722870117527
2015-03-22 00:30:00,35,-39.0,-39.25138624947829,9.812758798169178,-43.0,5,36,6,2,-64.52905291356208,-13.973719585394484
2015-03-22 01:30:00,35,-42.0,-37.88911880938322,9.812758798169178,-41.0,5,36,6,2,-63.16678547346702,-12.611452145299417
2015-03-22 02:30:00,35,-36.0,-38.30664967063436,9.812758798169178,-39.0,5,36,6,2,-63.58431633471816,-13.028983006550554
2015-03-22 03:30:00,35,-33.0,-40.78389517724017,9.812758798169178,-42.0,5,36,6,2,-66.06156184132396,-15.506228513156366
2015-03-22 04:30:00,35,-40.0,-37.59844422020362,9.812758798169178,-36.0,5,36,6,2,-62.87611088428742,-12.320777556119815
2015-03-22 05:30:00,35,-43.0,-40.66606721374454,9.812758798169178,-33.0,5,36,6,2,-65.94373387782835,-15.388400549660737
2015-03-22 06:30:00,35,-45.0,-39.18224964582956,9.812758798169178,-40.0,5,36,6,2,-64.45991630991335,-13.904582981745754
2015-03-22 07:30:00,35,-56.0,-39.526587816103614,9.812758798169178,-43.0,5,36,6,2,-64.80425448018741,-14.248921152019811
2015-03-22 08:30:00,35,-50.0,-53.1180414933456,9.812758798169178,-45.0,5,36,6,2,-78.3957081574294,-27.840374829261798
2015-03-22 09:30:00,35,-50.0,-53.10907512210109,9.812758798169178,-56.0,5,36,6,2,-78.3867417861849,-27.831408458017286
2015-03-22 10:30:00,35,-45.0,-42.46445102319415,9.812758798169178,-50.0,5,36,6,2,-67.74211768727795,-17.186784359110348
2015-03-22 11:30:00,35,-33.0,-51.98210006379125,9.812758798169178,-50.0,5,36,6,2,-77.25976672787505,-26.704433399707447
2015-03-22 12:30:00,35,-41.0,-44.225654660483606,9.812758798169178,-45.0,5,36,6,2,-69.50332132456741,-18.947987996399803
2015-03-22 13:30:00,35,-48.0,-37.31856019132457,9.812758798169178,-33.0,5,36,6,2,-62.596226855408375,-12.040893527240769
2015-03-22 14:30:00,35,-55.0,-46.83581014007327,9.812758798169178,-41.0,5,36,6,2,-72.11347680415707,-21.558143475989468
2015-03-22 15:30:00,35,-51.0,-46.41597090141019,9.812758798169178,-48.0,5,36,6,2,-71.69363756549399,-21.138304237326388
2015-03-22 16:30:00,35,-49.0,-50.367328126808125,9.812758798169178,-55.0,5,36,6,2,-75.64499479089193,-25.089661462724322
2015-03-22 17:30:00,35,-52.0,-47.27862112707373,9.812758798169178,-51.0,5,36,6,2,-72.55628779115753,-22.000954462989924
2015-03-22 18:30:00,35,-54.0,-46.96346998169651,9.812758798169178,-49.0,5,36,6,2,-72.24113664578032,-21.68580331761271
2015-03-22 19:30:00,35,-52.0,-48.88620833361466,9.812758798169178,-52.0,5,36,6,2,-74.16387499769846,-23.608541669530858
2015-03-22 20:30:00,35,-47.0,-48.53935496910034,9.812758798169178,-54.0,5,36,6,2,-73.81702163318414,-23.261688305016534
2015-03-22 21:30:00,35,-46.0,-47.00815857417861,9.812758798169178,-52.0,5,36,6,2,-72.28582523826242,-21.730491910094806
2015-03-22 22:30:00,35,-45.0,-43.487435995013726,9.812758798169178,-47.0,5,36,6,2,-68.76510265909752,-18.209769330929923
2015-03-22 23:30:00,35,-44.0,-40.91661125944746,9.812758798169178,-46.0,5,36,6,2,-66.19427792353126,-15.638944595363654
2015-03-23 00:30:00,35,-40.0,-39.746744329851566,9.812758798169178,-45.0,5,36,6,2,-65.02441099393536,-14.469077665767763
2015-03-23 01:30:00,35,-45.0,-39.44215969321089,9.812758798169178,-44.0,5,36,6,2,-64.71982635729469,-14.164493029127087
2015-03-23 02:30:00,35,-46.0,-40.21284806214171,9.812758798169178,-40.0,5,36,6,2,-65.49051472622551,-14.935181398057907
2015-03-23 03:30:00,35,-47.0,-49.83666092026841,9.812758798169178,-45.0,5,36,6,2,-75.11432758435221,-24.558994256184604
2015-03-23 04:30:00,35,-50.0,-43.08366060718792,9.812758798169178,-46.0,5,36,6,2,-68.36132727127173,-17.80599394310412
2015-03-23 05:30:00,35,-47.0,-43.753758979829485,9.812758798169178,-47.0,5,36,6,2,-69.03142564391328,-18.47609231574568
2015-03-23 06:30:00,35,-44.0,-48.87973238167785,9.812758798169178,-50.0,5,36,6,2,-74.15739904576165,-23.602065717594044
2015-03-23 07:30:00,35,-46.0,-40.935187073012045,9.812758798169178,-47.0,5,36,6,2,-66.21285373709586,-15.657520408928242
2015-03-23 08:30:00,35,-47.0,-40.92049338366242,9.812758798169178,-44.0,5,36,6,2,-66.19816004774623,-15.642826719578615
2015-03-23 09:30:00,35,-44.0,-44.07974107941906,9.812758798169178,-46.0,5,36,6,2,-69.35740774350286,-18.802074415335255
2015-03-23 10:30:00,35,-46.0,-47.17743491664659,9.812758798169178,-47.0,5,36,6,2,-72.4551015807304,-21.899768252562787
2015-03-23 11:30:00,35,-42.0,-44.78165477415072,9.812758798169178,-44.0,5,36,6,2,-70.05932143823452,-19.503988110066913
2015-03-23 12:30:00,35,-36.0,-43.39790692894123,9.812758798169178,-46.0,5,36,6,2,-68.67557359302504,-18.12024026485743
2015-03-23 13:30:00,35,-35.0,-41.25165344415688,9.812758798169178,-42.0,5,36,6,2,-66.52932010824068,-15.973986780073076
2015-03-23 14:30:00,35,-32.0,-38.7820860123025,9.812758798169178,-36.0,5,36,6,2,-64.0597526763863,-13.504419348218697
2015-03-23 15:30:00,35,-37.0,-38.99818374579464,9.812758798169178,-35.0,5,36,6,2,-64.27585040987844,-13.720517081710838
2015-03-23 16:30:00,35,-39.0,-35.63666326749944,9.812758798169178,-32.0,5,36,6,2,-60.91432993158325,-10.35899660341564
2015-03-23 17:30:00,35,-35.0,-32.84198429217757,9.812758798169178,-37.0,5,36,6,2,-58.119650956261374,-7.564317628093768
2015-03-23 18:30:00,35,-36.0,-33.60455409074899,9.812758798169178,-39.0,5,36,6,2,-58.882220754832794,-8.326887426665188
2015-03-23 19:30:00,35,-37.0,-32.38219143537142,9.812758798169178,-35.0,5,36,6,2,-57.65985809945522,-7.104524771287615
2015-03-23 20:30:00,35,-40.0,-33.40867835737289,9.812758798169178,-36.0,5,36,6,2,-58.686345021456695,-8.13101169328909
2015-03-23 21:30:00,35,-50.0,-36.11405655954702,9.812758798169178,-37.0,5,36,6,2,-61.39172322363083,-10.83638989546322
2015-03-23 22:30:00,35,-47.0,-41.41572705078741,9.812758798169178,-40.0,5,36,6,2,-66.6933937148712,-16.138060386703607
2015-03-23 23:30:00,35,-47.0,-40.94584137118353,9.812758798169178,-50.0,5,36,6,2,-66.22350803526734,-15.66817470709973
2015-03-24 00:30:00,35,-48.0,-43.39907027360054,9.812758798169178,-47.0,5,36,6,2,-68.67673693768435,-18.12140360951674
2015-03-24 01:30:00,35,-48.0,-41.28454593722781,9.812758798169178,-47.0,5,36,6,2,-66.56221260131161,-16.00687927314401
2015-03-24 02:30:00,35,-45.0,-43.02214875832706,9.812758798169178,-48.0,5,36,6,2,-68.29981542241086,-17.74448209424326
2015-03-24 03:30:00,35,-40.0,-43.31822428280459,9.812758798169178,-48.0,5,36,6,2,-68.5958909468884,-18.04055761872079
2015-03-24 04:30:00,35,-34.0,-40.95853367685077,9.812758798169178,-45.0,5,36,6,2,-66.23620034093457,-15.680867012766967
2015-03-24 05:30:00,35,-33.0,-36.55565761424326,9.812758798169178,-40.0,5,36,6,2,-61.83332427832706,-11.277990950159456
2015-03-24 06:30:00,35,-32.0,-33.73777213463336,9.812758798169178,-34.0,5,36,6,2,-59.01543879871716,-8.460105470549557
2015-03-24 07:30:00,35,-29.0,-31.14828588308636,9.812758798169178,-33.0,5,36,6,2,-56.42595254717016,-5.870619219002556
2015-03-24 08:30:00,35,-30.0,-29.32360031853528,9.812758798169178,-32.0,5,36,6,2,-54.60126698261908,-4.045933654451478
2015-03-24 09:30:00,35,-29.0,-28.555342855215468,9.812758798169178,-29.0,5,36,6,2,-53.83300951929927,-3.2776761911316648
2015-03-24 10:30:00,35,-26.0,-29.554017693753963,9.812758798169178,-30.0,5,36,6,2,-54.831684357837766,-4.27635102967016
2015-03-24 11:30:00,35,-31.0,-29.017615628912253,9.812758798169178,-29.0,5,36,6,2,-54.295282292996056,-3.73994896482845
2015-03-24 12:30:00,35,-32.0,-28.55109018418311,9.812758798169178,-26.0,5,36,6,2,-53.82875684826691,-3.273423520099307
2015-03-24 13:30:00,35,-30.0,-33.58945942450173,9.812758798169178,-31.0,5,36,6,2,-58.867126088585536,-8.31179276041793
2015-03-24 14:30:00,35,-28.0,-30.921350193770493,9.812758798169178,-32.0,5,36,6,2,-56.199016857854296,-5.64368352968669
2015-03-24 15:30:00,35,-26.0,-31.01197420414501,9.812758798169178,-30.0,5,36,6,2,-56.289640868228815,-5.734307540061206
2015-03-24 16:30:00,35,-33.0,-29.7651714817368,9.812758798169178,-28.0,5,36,6,2,-55.0428381458206,-4.487504817652997
2015-03-24 17:30:00,35,-34.0,-31.555388652071983,9.812758798169178,-26.0,5,36,6,2,-56.833055316155786,-6.27772198798818
2015-03-24 18:30:00,35,-31.0,-34.57122321722654,9.812758798169178,-33.0,5,36,6,2,-59.84888988131034,-9.293556553142736
2015-03-24 19:30:00,35,-31.0,-30.76583174836254,9.812758798169178,-34.0,5,36,6,2,-56.04349841244634,-5.488165084278737
2015-03-24 20:30:00,35,-28.0,-29.02503733697024,9.812758798169178,-31.0,5,36,6,2,-54.30270400105404,-3.7473706728864364
2015-03-24 21:30:00,35,-28.0,-26.51882347117671,9.812758798169178,-31.0,5,36,6,2,-51.79649013526051,-1.2411568070929064
2015-03-24 22:30:00,35,-34.0,-26.872820095050468,9.812758798169178,-28.0,5,36,6,2,-52.15048675913427,-1.5951534309666648
2015-03-24 23:30:00,35,-34.0,-28.265113945529187,9.812758798169178,-28.0,5,36,6,2,-53.54278060961299,-2.987447281445384
2015-03-25 00:30:00,35,-30.0,-31.08217451413732,9.812758798169178,-34.0,5,36,6,2,-56.359841178221124,-5.804507850053518
2015-03-25 01:30:00,35,-30.0,-30.15067131740894,9.812758798169178,-34.0,5,36,6,2,-55.428337981492746,-4.873004653325136
2015-03-25 02:30:00,35,-36.0,-28.38137624100416,9.812758798169178,-30.0,5,36,6,2,-53.65904290508796,-3.1037095769203553
2015-03-25 03:30:00,35,-34.0,-31.14103679167805,9.812758798169178,-30.0,5,36,6,2,-56.41870345576186,-5.863370127594248
2015-03-25 04:30:00,35,-32.0,-30.92092417264757,9.812758798169178,-36.0,5,36,6,2,-56.19859083673137,-5.643257508563767
2015-03-25 05:30:00,35,-34.0,-30.693324003482903,9.812758798169178,-34.0,5,36,6,2,-55.97099066756671,-5.4156573393991
2015-03-25 06:30:00,35,-33.0,-31.892842353314755,9.812758798169178,-32.0,5,36,6,2,-57.17050901739856,-6.615175689230952
2015-03-25 07:30:00,35,-32.0,-31.18930751625693,9.812758798169178,-34.0,5,36,6,2,-56.466974180340735,-5.911640852173129
2015-03-25 08:30:00,35,-31.0,-30.134598579911085,9.812758798169178,-33.0,5,36,6,2,-55.41226524399489,-4.856931915827282
2015-03-25 09:30:00,35,-28.0,-28.162858373610813,9.812758798169178,-32.0,5,36,6,2,-53.44052503769461,-2.8851917095270103
2015-03-25 10:30:00,35,-17.0,-28.769420893118536,9.812758798169178,-31.0,5,36,6,2,-54.04708755720234,-3.4917542290347328
2015-03-25 11:30:00,35,-13.0,-27.21195499090158,9.812758798169178,-28.0,5,36,6,2,-52.489621654985385,-1.9342883268177786
2015-03-25 12:30:00,35,-5.0,-20.05643365560245,9.812758798169178,-17.0,5,36,6,2,-45.33410031968626,5.221233008481352
2015-03-25 13:30:00,35,-5.0,-15.095543169593672,9.812758798169178,-13.0,5,36,6,2,-40.37320983367748,10.182123494490131
2015-03-25 14:30:00,35,-4.0,-12.28415922473138,9.812758798169178,-5.0,5,36,6,2,-37.56182588881518,12.993507439352424
2015-03-25 15:30:00,35,-12.0,-12.81268178384824,9.812758798169178,-5.0,5,36,6,2,-38.090348447932044,12.464984880235564
2015-03-25 16:30:00,35,-22.0,-16.429229493468625,9.812758798169178,-4.0,5,36,6,2,-41.70689615755243,8.848437170615178
2015-03-25 17:30:00,35,-17.0,-19.40343752662368,9.812758798169178,-12.0,5,36,6,2,-44.68110419070749,5.874229137460123
2015-03-25 18:30:00,35,-17.0,-22.22745345557828,9.812758798169178,-22.0,5,36,6,2,-47.50512011966208,3.0502132085055216
2015-03-25 19:30:00,35,-22.0,-17.495201127620575,9.812758798169178,-17.0,5,36,6,2,-42.77286779170438,7.782465536463228
2015-03-25 20:30:00,35,-28.0,-20.26707767241861,9.812758798169178,-17.0,5,36,6,2,-45.54474433650241,5.010588991665195
2015-03-25 21:30:00,35,-32.0,-23.76174940999737,9.812758798169178,-22.0,5,36,6,2,-49.039416074081174,1.5159172540864319
2015-03-25 22:30:00,35,-33.0,-25.13221842994055,9.812758798169178,-28.0,5,36,6,2,-50.409885094024354,0.14544823414325236
2015-03-25 23:30:00,35,-31.0,-26.15034105195262,9.812758798169178,-32.0,5,36,6,2,-51.42800771603642,-0.8726743878688161
2015-03-26 00:30:00,35,-29.0,-28.11988167511001,9.812758798169178,-33.0,5,36,6,2,-53.39754833919381,-2.842215011026205
2015-03-26 01:30:00,35,-25.0,-27.853092544552297,9.812758798169178,-31.0,5,36,6,2,-53.1307592086361,-2.5754258804684937
2015-03-26 02:30:00,35,-25.0,-25.724354937087377,9.812758798169178,-29.0,5,36,6,2,-51.00202160117118,-0.4466882730035735
2015-03-26 03:30:00,35,-23.0,-21.78321306268624,9.812758798169178,-25.0,5,36,6,2,-47.06087972677004,3.494453601397563
2015-03-26 04:30:00,35,-23.0,-21.44498352904452,9.812758798169178,-25.0,5,36,6,2,-46.722650193128324,3.8326831350392823
2015-03-26 05:30:00,35,-26.0,-19.74030982482953,9.812758798169178,-23.0,5,36,6,2,-45.017976488913334,5.537356839254272
2015-03-26 06:30:00,35,-27.0,-21.894823056694968,9.812758798169178,-23.0,5,36,6,2,-47.17248972077877,3.3828436073888355
2015-03-26 07:30:00,35,-21.0,-22.90854112656638,9.812758798169178,-26.0,5,36,6,2,-48.18620779065019,2.369125537517423
2015-03-26 08:30:00,35,-18.0,-22.70512923571558,9.812758798169178,-27.0,5,36,6,2,-47.982795899799385,2.5725374283682214
2015-03-26 09:30:00,35,-15.0,-16.725588313914123,9.812758798169178,-21.0,5,36,6,2,-42.003254977997926,8.55207835016968
2015-03-26 10:30:00,35,-15.0,-16.35618437491592,9.812758798169178,-18.0,5,36,6,2,-41.63385103899972,8.921482289167884
2015-03-26 11:30:00,35,-10.0,-14.51077505054128,9.812758798169178,-15.0,5,36,6,2,-39.78844171462508,10.766891613542523
2015-03-26 12:30:00,35,-9.0,-13.826235046559589,9.812758798169178,-15.0,5,36,6,2,-39.10390171064339,11.451431617524214
2015-03-26 13:30:00,35,-13.0,-10.049617574844458,9.812758798169178,-10.0,5,36,6,2,-35.32728423892826,15.228049089239345
2015-03-26 14:30:00,35,-11.0,-8.77781903250267,9.812758798169178,-9.0,5,36,6,2,-34.05548569658647,16.499847631581133
2015-03-26 15:30:00,35,-16.0,-14.076242122528566,9.812758798169178,-13.0,5,36,6,2,-39.353908786612365,11.201424541555237
2015-03-26 16:30:00,35,-20.0,-10.214097274934762,9.812758798169178,-11.0,5,36,6,2,-35.49176393901857,15.063569389149041
2015-03-26 17:30:00,35,-20.0,-15.6272218396844,9.812758798169178,-16.0,5,36,6,2,-40.904888503768206,9.650444824399402
2015-03-26 18:30:00,35,-21.0,-17.440107063463564,9.812758798169178,-20.0,5,36,6,2,-42.71777372754737,7.837559600620239
2015-03-26 19:30:00,35,-20.0,-18.31703842199108,9.812758798169178,-20.0,5,36,6,2,-43.59470508607488,6.960628242092724
2015-03-26 20:30:00,35,-27.0,-18.41707959966559,9.812758798169178,-21.0,5,36,6,2,-43.694746263749394,6.860587064418212
2015-03-26 21:30:00,35,-30.0,-20.592966058132845,9.812758798169178,-20.0,5,36,6,2,-45.87063272221665,4.684700605950958
2015-03-26 22:30:00,35,-31.0,-26.253303517327165,9.812758798169178,-27.0,5,36,6,2,-51.530970181410964,-0.9756368532433619
2015-03-26 23:30:00,35,-29.0,-25.15251125404859,9.812758798169178,-30.0,5,36,6,2,-50.430177918132394,0.12515541003521236
2015-03-27 00:30:00,35,-28.0,-29.23303420610098,9.812758798169178,-31.0,5,36,6,2,-54.510700870184785,-3.9553675420171786
2015-03-27 01:30:00,35,-29.0,-27.733235998807004,9.812758798169178,-29.0,5,36,6,2,-53.01090266289081,-2.455569334723201
2015-03-27 02:30:00,35,-27.0,-26.577542754269736,9.812758798169178,-28.0,5,36,6,2,-51.85520941835354,-1.2998760901859328
2015-03-27 03:30:00,35,-27.0,-26.66803427261361,9.812758798169178,-29.0,5,36,6,2,-51.94570093669741,-1.3903676085298073
2015-03-27 04:30:00,35,-25.0,-26.411437603169343,9.812758798169178,-27.0,5,36,6,2,-51.68910426725314,-1.1337709390855402
2015-03-27 05:30:00,35,-30.0,-24.96794823960602,9.812758798169178,-27.0,5,36,6,2,-50.24561490368983,0.30971842447778286
2015-03-27 06:30:00,35,-35.0,-26.675813062851745,9.812758798169178,-25.0,5,36,6,2,-51.95347972693555,-1.398146398767942
2015-03-27 07:30:00,35,-29.0,-29.65355744833689,9.812758798169178,-30.0,5,36,6,2,-54.93122411242069,-4.375890784253087
2015-03-27 08:30:00,35,-23.0,-27.42694431545444,9.812758798169178,-35.0,5,36,6,2,-52.704610979538245,-2.1492776513706353
2015-03-27 09:30:00,35,-27.0,-26.165524315513046,9.812758798169178,-29.0,5,36,6,2,-51.44319097959685,-0.8878576514292433
2015-03-27 10:30:00,35,-23.0,-24.17906645280881,9.812758798169178,-23.0,5,36,6,2,-49.456733116892615,1.0986002112749915
2015-03-27 11:30:00,35,-22.0,-23.90764521774074,9.812758798169178,-27.0,5,36,6,2,-49.185311881824546,1.3700214463430633
2015-03-27 12:30:00,35,-22.0,-24.05701059321339,9.812758798169178,-23.0,5,36,6,2,-49.334677257297194,1.2206560708704117
2015-03-27 13:30:00,35,-23.0,-19.624312513415845,9.812758798169178,-22.0,5,36,6,2,-44.90197917749965,5.653354150667958
2015-03-27 14:30:00,35,-29.0,-24.52651549287554,9.812758798169178,-22.0,5,36,6,2,-49.80418215695934,0.7511511712082637
2015-03-27 15:30:00,35,-30.0,-27.458595368969945,9.812758798169178,-23.0,5,36,6,2,-52.73626203305375,-2.180928704886142
2015-03-27 16:30:00,35,-26.0,-25.685845535936867,9.812758798169178,-29.0,5,36,6,2,-50.96351220002067,-0.4081788718530639
2015-03-27 17:30:00,35,-23.0,-24.191783533408607,9.812758798169178,-30.0,5,36,6,2,-49.46945019749241,1.085883130675196
2015-03-27 18:30:00,35,-23.0,-22.50572549808449,9.812758798169178,-26.0,5,36,6,2,-47.7833921621683,2.771941165999312
2015-03-27 19:30:00,35,-23.0,-19.6493718191141,9.812758798169178,-23.0,5,36,6,2,-44.927038483197904,5.628294844969702
2015-03-27 20:30:00,35,-21.0,-22.160449111886123,9.812758798169178,-23.0,5,36,6,2,-47.438115775969926,3.1172175521976797
2015-03-27 21:30:00,35,-20.0,-19.25198944105957,9.812758798169178,-23.0,5,36,6,2,-44.529656105143374,6.025677223024232
2015-03-27 22:30:00,35,-21.0,-20.18925314622392,9.812758798169178,-21.0,5,36,6,2,-45.46691981030772,5.088413517859884
