time,event_no,DST_true,DST_pred,sigma_nT,DST_persist,fold,L_value,L_idx,H,DST_p005,DST_p995
1998-04-24 13:30:00,1,-38.0,-51.54847821516714,12.509132799656811,,4,6,1,3,-83.77200430708308,-19.324952123251194
1998-04-24 14:30:00,1,-33.0,-43.33043239173598,12.509132799656811,,4,6,1,3,-75.55395848365193,-11.10690629982004
1998-04-24 15:30:00,1,-30.0,-40.47930063339011,12.509132799656811,,4,6,1,3,-72.70282672530605,-8.255774541474167
1998-04-24 16:30:00,1,-32.0,-38.82390705131832,12.509132799656811,-38.0,4,6,1,3,-71.04743314323426,-6.600380959402379
1998-04-24 17:30:00,1,-34.0,-28.57379908430528,12.509132799656811,-33.0,4,6,1,3,-60.79732517622122,3.6497270076106645
1998-04-24 18:30:00,1,-33.0,-28.56966990316403,12.509132799656811,-30.0,4,6,1,3,-60.79319599507997,3.653856188751913
1998-04-24 19:30:00,1,-34.0,-32.33373244606343,12.509132799656811,-32.0,4,6,1,3,-64.55725853797938,-0.11020635414748625
1998-04-24 20:30:00,1,-33.0,-32.75767488521209,12.509132799656811,-34.0,4,6,1,3,-64.98120097712803,-0.5341487932961471
1998-04-24 21:30:00,1,-31.0,-30.13273728685324,12.509132799656811,-33.0,4,6,1,3,-62.356263378769185,2.0907888050627044
1998-04-24 22:30:00,1,-28.0,-31.954602186244696,12.509132799656811,-34.0,4,6,1,3,-64.17812827816064,0.26892390567124735
1998-04-24 23:30:00,1,-32.0,-27.40408859751816,12.509132799656811,-33.0,4,6,1,3,-59.627614689434104,4.819437494397782
1998-04-25 00:30:00,1,-33.0,-30.60677700695647,12.509132799656811,-31.0,4,6,1,3,-62.83030309887241,1.6167490849594728
1998-04-25 01:30:00,1,-26.0,-34.88975088037908,12.509132799656811,-28.0,4,6,1,3,-67.11327697229503,-2.66622478846314
1998-04-25 02:30:00,1,-22.0,-33.58165126157534,12.509132799656811,-32.0,4,6,1,3,-65.80517735349127,-1.3581251696593952
1998-04-25 03:30:00,1,-30.0,-28.30525387457841,12.509132799656811,-33.0,4,6,1,3,-60.528779966494355,3.9182722173375346
1998-04-25 04:30:00,1,-35.0,-29.22922917366443,12.509132799656811,-26.0,4,6,1,3,-61.45275526558037,2.9942969182515142
1998-04-25 05:30:00,1,-39.0,-33.339042319826085,12.509132799656811,-22.0,4,6,1,3,-65.56256841174203,-1.1155162279101418
1998-04-25 06:30:00,1,-36.0,-34.73098541525601,12.509132799656811,-30.0,4,6,1,3,-66.95451150717196,-2.507459323340065
1998-04-25 07:30:00,1,-30.0,-35.16297323158458,12.509132799656811,-35.0,4,6,1,3,-67.38649932350052,-2.939447139668637
1998-04-25 08:30:00,1,-32.0,-34.29095136866968,12.509132799656811,-39.0,4,6,1,3,-66.51447746058562,-2.067425276753738
1998-04-25 09:30:00,1,-25.0,-30.31029733657381,12.509132799656811,-36.0,4,6,1,3,-62.533823428489754,1.913228755342132
1998-04-25 10:30:00,1,-20.0,-30.94844378438304,12.509132799656811,-30.0,4,6,1,3,-63.17196987629899,1.2750823075329016
1998-04-25 11:30:00,1,-25.0,-27.09765734750533,12.509132799656811,-32.0,4,6,1,3,-59.321183439421276,5.125868744410614
1998-04-25 12:30:00,1,-24.0,-26.9215195207362,12.509132799656811,-25.0,4,6,1,3,-59.14504561265214,5.302006571179742
1998-04-25 13:30:00,1,-17.0,-22.19829619857077,12.509132799656811,-20.0,4,6,1,3,-54.421822290486716,10.025229893345173
1998-04-25 14:30:00,1,-22.0,-25.72401632639562,12.509132799656811,-25.0,4,6,1,3,-57.94754241831156,6.4995097655203224
1998-04-25 15:30:00,1,-24.0,-20.48745085025484,12.509132799656811,-24.0,4,6,1,3,-52.71097694217079,11.736075241661101
1998-04-25 16:30:00,1,-30.0,-25.964157171752365,12.509132799656811,-17.0,4,6,1,3,-58.187683263668305,6.259368920163578
1998-04-25 17:30:00,1,-32.0,-20.360796088390067,12.509132799656811,-22.0,4,6,1,3,-52.58432218030601,11.862730003525876
1998-04-25 18:30:00,1,-28.0,-27.98387271964717,12.509132799656811,-24.0,4,6,1,3,-60.20739881156311,4.239653372268773
1998-04-25 19:30:00,1,-35.0,-32.60201092678331,12.509132799656811,-30.0,4,6,1,3,-64.82553701869925,-0.37848483486736484
1998-04-25 20:30:00,1,-33.0,-26.708240675001267,12.509132799656811,-32.0,4,6,1,3,-58.93176676691721,5.515285416914676
1998-04-25 21:30:00,1,-33.0,-30.681681507357474,12.509132799656811,-28.0,4,6,1,3,-62.90520759927342,1.5418445845584685
1998-04-25 22:30:00,1,-27.0,-40.2972316407065,12.509132799656811,-35.0,4,6,1,3,-72.52075773262244,-8.073705548790556
1998-04-25 23:30:00,1,-22.0,-28.55968548003672,12.509132799656811,-33.0,4,6,1,3,-60.78321157195266,3.6638406118792233
1998-04-26 00:30:00,1,-21.0,-28.989951216550445,12.509132799656811,-33.0,4,6,1,3,-61.21347730846639,3.2335748753654983
1998-04-26 01:30:00,1,-30.0,-24.159006910986545,12.509132799656811,-27.0,4,6,1,3,-56.38253300290249,8.064519180929398
1998-04-26 02:30:00,1,-33.0,-24.124562471096738,12.509132799656811,-22.0,4,6,1,3,-56.34808856301268,8.098963620819205
1998-04-26 03:30:00,1,-29.0,-33.03825517503205,12.509132799656811,-21.0,4,6,1,3,-65.26178126694799,-0.8147290831161058
1998-04-26 04:30:00,1,-22.0,-29.26828961778714,12.509132799656811,-30.0,4,6,1,3,-61.49181570970308,2.955236474128803
1998-04-26 05:30:00,1,-21.0,-37.46588787611158,12.509132799656811,-33.0,4,6,1,3,-69.68941396802752,-5.242361784195637
1998-04-26 06:30:00,1,-36.0,-24.984443898804376,12.509132799656811,-29.0,4,6,1,3,-57.207969990720315,7.239082193111567
1998-04-26 07:30:00,1,-38.0,-22.504171241827024,12.509132799656811,-22.0,4,6,1,3,-54.72769733374297,9.71935485008892
1998-04-26 08:30:00,1,-40.0,-24.31811844135641,12.509132799656811,-21.0,4,6,1,3,-56.541644533272354,7.905407650559532
1998-04-26 09:30:00,1,-36.0,-37.8312190330282,12.509132799656811,-36.0,4,6,1,3,-70.05474512494413,-5.607692941112255
1998-04-26 10:30:00,1,-27.0,-37.18200233617142,12.509132799656811,-38.0,4,6,1,3,-69.40552842808737,-4.958476244255479
1998-04-26 11:30:00,1,-22.0,-36.0700327078526,12.509132799656811,-40.0,4,6,1,3,-68.29355879976853,-3.8465066159366543
1998-04-26 12:30:00,1,-26.0,-31.55095018592671,12.509132799656811,-36.0,4,6,1,3,-63.77447627784265,0.672575905989234
1998-04-26 13:30:00,1,-29.0,-27.120131683398093,12.509132799656811,-27.0,4,6,1,3,-59.343657775314036,5.10339440851785
1998-04-26 14:30:00,1,-44.0,-28.19223470902832,12.509132799656811,-22.0,4,6,1,3,-60.41576080094426,4.031291382887623
1998-04-26 15:30:00,1,-51.0,-26.253993782756783,12.509132799656811,-26.0,4,6,1,3,-58.47751987467272,5.96953230915916
1998-04-26 16:30:00,1,-60.0,-44.66335742898024,12.509132799656811,-29.0,4,6,1,3,-76.88688352089619,-12.439831337064298
1998-04-26 17:30:00,1,-63.0,-54.135283233742086,12.509132799656811,-44.0,4,6,1,3,-86.35880932565803,-21.911757141826143
1998-04-26 18:30:00,1,-60.0,-53.983671963807566,12.509132799656811,-51.0,4,6,1,3,-86.20719805572351,-21.760145871891623
1998-04-26 19:30:00,1,-57.0,-61.16548185098869,12.509132799656811,-60.0,4,6,1,3,-93.38900794290464,-28.941955759072748
1998-04-26 20:30:00,1,-52.0,-54.74651009917479,12.509132799656811,-63.0,4,6,1,3,-86.97003619109074,-22.52298400725885
1998-04-26 21:30:00,1,-50.0,-52.538758279053,12.509132799656811,-60.0,4,6,1,3,-84.76228437096894,-20.315232187137056
1998-04-26 22:30:00,1,-47.0,-50.160900461262585,12.509132799656811,-57.0,4,6,1,3,-82.38442655317853,-17.937374369346642
1998-04-26 23:30:00,1,-39.0,-47.07850953538973,12.509132799656811,-52.0,4,6,1,3,-79.30203562730567,-14.854983443473785
1998-04-27 00:30:00,1,-32.0,-50.31343078039816,12.509132799656811,-50.0,4,6,1,3,-82.53695687231411,-18.089904688482214
1998-04-27 01:30:00,1,-33.0,-47.51971229862715,12.509132799656811,-47.0,4,6,1,3,-79.7432383905431,-15.296186206711205
1998-04-27 02:30:00,1,-34.0,-37.54893614200424,12.509132799656811,-39.0,4,6,1,3,-69.77246223392018,-5.325410050088294
1998-04-27 03:30:00,1,-31.0,-37.682289839846256,12.509132799656811,-32.0,4,6,1,3,-69.90581593176219,-5.458763747930313
1998-04-27 04:30:00,1,-36.0,-40.287135180021885,12.509132799656811,-33.0,4,6,1,3,-72.51066127193783,-8.063609088105942
1998-04-27 05:30:00,1,-33.0,-31.20461721485388,12.509132799656811,-34.0,4,6,1,3,-63.428143306769826,1.0189088770620636
1998-04-27 06:30:00,1,-26.0,-31.489520547755937,12.509132799656811,-31.0,4,6,1,3,-63.71304663967188,0.7340055441600057
1998-04-27 07:30:00,1,-28.0,-34.56728205119225,12.509132799656811,-36.0,4,6,1,3,-66.7908081431082,-2.343755959276308
1998-04-27 08:30:00,1,-32.0,-29.02643451249581,12.509132799656811,-33.0,4,6,1,3,-61.249960604411754,3.197091579420132
1998-04-27 09:30:00,1,-27.0,-24.913346116118262,12.509132799656811,-26.0,4,6,1,3,-57.136872208034205,7.310179975797681
1998-04-27 10:30:00,1,-21.0,-28.522010718697658,12.509132799656811,-28.0,4,6,1,3,-60.7455368106136,3.7015153732182853
1998-04-27 11:30:00,1,-20.0,-29.80780036127392,12.509132799656811,-32.0,4,6,1,3,-62.03132645318986,2.4157257306420234
1998-04-27 12:30:00,1,-20.0,-23.92299041266325,12.509132799656811,-27.0,4,6,1,3,-56.146516504579196,8.300535679252693
1998-04-27 13:30:00,1,-21.0,-21.11710305975672,12.509132799656811,-21.0,4,6,1,3,-53.34062915167266,11.106423032159224
1998-04-27 14:30:00,1,-24.0,-21.84599893372704,12.509132799656811,-20.0,4,6,1,3,-54.06952502564298,10.377527158188904
1998-04-27 15:30:00,1,-28.0,-21.9188870424558,12.509132799656811,-20.0,4,6,1,3,-54.14241313437174,10.304639049460143
1998-04-27 16:30:00,1,-30.0,-26.652412417067097,12.509132799656811,-21.0,4,6,1,3,-58.87593850898304,5.571113674848846
1998-04-27 17:30:00,1,-29.0,-21.026962304639824,12.509132799656811,-24.0,4,6,1,3,-53.25048839655577,11.19656378727612
1998-04-27 18:30:00,1,-27.0,-23.85788408005951,12.509132799656811,-28.0,4,6,1,3,-56.08141017197545,8.365642011856433
1998-04-27 19:30:00,1,-25.0,-25.39403614676144,12.509132799656811,-30.0,4,6,1,3,-57.61756223867738,6.829489945154503
1998-04-27 20:30:00,1,-27.0,-24.333282184455264,12.509132799656811,-29.0,4,6,1,3,-56.55680827637121,7.890243907460679
1998-04-27 21:30:00,1,-27.0,-27.06905819702669,12.509132799656811,-27.0,4,6,1,3,-59.292584288942635,5.154467894889255
1998-04-27 22:30:00,1,-24.0,-23.880128938011296,12.509132799656811,-25.0,4,6,1,3,-56.10365502992724,8.343397153904647
1998-04-27 23:30:00,1,-17.0,-23.220794737883,12.509132799656811,-27.0,4,6,1,3,-55.44432082979894,9.002731354032942
1998-04-28 00:30:00,1,-14.0,-22.62129428054224,12.509132799656811,-27.0,4,6,1,3,-54.84482037245819,9.602231811373702
1998-04-28 01:30:00,1,-18.0,-22.87168627803328,12.509132799656811,-24.0,4,6,1,3,-55.09521236994922,9.351839813882663
1998-04-28 02:30:00,1,-21.0,-18.604604534011663,12.509132799656811,-17.0,4,6,1,3,-50.828130625927606,13.61892155790428
1998-04-28 03:30:00,1,-24.0,-19.789659332042028,12.509132799656811,-14.0,4,6,1,3,-52.01318542395797,12.433866759873915
1998-04-28 04:30:00,1,-25.0,-23.283539751004817,12.509132799656811,-18.0,4,6,1,3,-55.50706584292076,8.939986340911126
1998-04-28 05:30:00,1,-17.0,-23.33789957760413,12.509132799656811,-21.0,4,6,1,3,-55.56142566952008,8.885626514311813
1998-04-28 06:30:00,1,-16.0,-25.45096032537037,12.509132799656811,-24.0,4,6,1,3,-57.67448641728632,6.772565766545572
1998-04-28 07:30:00,1,-19.0,-19.962320013504687,12.509132799656811,-25.0,4,6,1,3,-52.18584610542063,12.261206078411256
1998-04-28 08:30:00,1,-20.0,-17.749736360454584,12.509132799656811,-17.0,4,6,1,3,-49.97326245237053,14.473789731461359
1998-04-28 09:30:00,1,-18.0,-18.15336275066469,12.509132799656811,-16.0,4,6,1,3,-50.376888842580634,14.070163341251252
1998-04-28 10:30:00,1,-16.0,-17.656364146451303,12.509132799656811,-19.0,4,6,1,3,-49.879890238367246,14.56716194546464
1998-04-28 11:30:00,1,-11.0,-19.0359070444694,12.509132799656811,-20.0,4,6,1,3,-51.25943313638534,13.187619047446542
1998-04-28 12:30:00,1,-13.0,-18.13955653878052,12.509132799656811,-18.0,4,6,1,3,-50.36308263069647,14.083969553135422
1998-04-28 13:30:00,1,-16.0,-15.646867618091877,12.509132799656811,-16.0,4,6,1,3,-47.87039371000782,16.576658473824068
1998-04-28 14:30:00,1,-21.0,-12.572284060679468,12.509132799656811,-11.0,4,6,1,3,-44.79581015259541,19.651242031236475
1998-04-28 15:30:00,1,-23.0,-12.981180197112955,12.509132799656811,-13.0,4,6,1,3,-45.2047062890289,19.242345894802988
1998-04-28 16:30:00,1,-24.0,-17.973831948936713,12.509132799656811,-16.0,4,6,1,3,-50.197358040852656,14.24969414297923
1998-04-28 17:30:00,1,-25.0,-18.41872910797244,12.509132799656811,-21.0,4,6,1,3,-50.64225519988838,13.804796983943504
1998-04-28 18:30:00,1,-24.0,-19.009215944776365,12.509132799656811,-23.0,4,6,1,3,-51.23274203669231,13.214310147139578
1998-04-28 19:30:00,1,-22.0,-22.2953116237015,12.509132799656811,-24.0,4,6,1,3,-54.518837715617444,9.928214468214442
1998-04-28 20:30:00,1,-25.0,-22.491724836031786,12.509132799656811,-25.0,4,6,1,3,-54.71525092794773,9.731801255884157
1998-04-28 21:30:00,1,-25.0,-20.53999020872756,12.509132799656811,-24.0,4,6,1,3,-52.7635163006435,11.683535883188384
1998-04-28 22:30:00,1,-25.0,-21.357432150958488,12.509132799656811,-22.0,4,6,1,3,-53.58095824287443,10.866093940957455
1998-04-28 23:30:00,1,-19.0,-25.177932191554817,12.509132799656811,-25.0,4,6,1,3,-57.40145828347076,7.045593900361126
1998-04-29 00:30:00,1,-16.0,-26.71269715367668,12.509132799656811,-25.0,4,6,1,3,-58.93622324559262,5.510828938239264
1998-04-29 01:30:00,1,-19.0,-23.458328577337745,12.509132799656811,-25.0,4,6,1,3,-55.68185466925369,8.765197514578198
1998-04-29 02:30:00,1,-18.0,-18.875592105615965,12.509132799656811,-19.0,4,6,1,3,-51.09911819753191,13.347933986299978
1998-04-29 03:30:00,1,-14.0,-18.74339006286809,12.509132799656811,-16.0,4,6,1,3,-50.96691615478403,13.480136029047852
1998-04-29 04:30:00,1,-16.0,-19.606171386538712,12.509132799656811,-19.0,4,6,1,3,-51.829697478454655,12.617354705377231
1998-04-29 05:30:00,1,-16.0,-16.52919352396762,12.509132799656811,-18.0,4,6,1,3,-48.752719615883564,15.694332567948322
1998-04-29 06:30:00,1,-12.0,-13.970096473879934,12.509132799656811,-14.0,4,6,1,3,-46.19362256579588,18.25342961803601
1998-04-29 07:30:00,1,-12.0,-15.14178297332118,12.509132799656811,-16.0,4,6,1,3,-47.36530906523712,17.081743118594765
1998-04-29 08:30:00,1,-11.0,-15.813469171962922,12.509132799656811,-16.0,4,6,1,3,-48.036995263878865,16.41005691995302
1998-04-29 09:30:00,1,-8.0,-11.940155650545538,12.509132799656811,-12.0,4,6,1,3,-44.16368174246148,20.283370441370405
1998-04-29 10:30:00,1,-10.0,-11.702399442131874,12.509132799656811,-12.0,4,6,1,3,-43.92592553404782,20.52112664978407
1998-04-29 11:30:00,1,-14.0,-9.835901509758465,12.509132799656811,-11.0,4,6,1,3,-42.05942760167441,22.38762458215748
1998-04-29 12:30:00,1,-13.0,-10.474811320061573,12.509132799656811,-8.0,4,6,1,3,-42.69833741197752,21.74871477185437
1998-04-29 13:30:00,1,-9.0,-11.114094209743325,12.509132799656811,-10.0,4,6,1,3,-43.33762030165927,21.10943188217262
1998-04-29 14:30:00,1,-11.0,-12.022169417368444,12.509132799656811,-14.0,4,6,1,3,-44.24569550928439,20.201356674547498
1998-04-29 15:30:00,1,-13.0,-11.723519374762072,12.509132799656811,-13.0,4,6,1,3,-43.94704546667801,20.500006717153873
1998-04-29 16:30:00,1,-13.0,-9.21361875542198,12.509132799656811,-9.0,4,6,1,3,-41.43714484733792,23.009907336493963
1998-04-29 17:30:00,1,-11.0,-9.157199598898764,12.509132799656811,-11.0,4,6,1,3,-41.38072569081471,23.06632649301718
1998-04-29 18:30:00,1,-10.0,-11.017013950696182,12.509132799656811,-13.0,4,6,1,3,-43.240540042612125,21.20651214121976
1998-04-29 19:30:00,1,-12.0,-11.26578510027695,12.509132799656811,-13.0,4,6,1,3,-43.48931119219289,20.957740991638993
1998-04-29 20:30:00,1,-13.0,-11.076731674896454,12.509132799656811,-11.0,4,6,1,3,-43.30025776681239,21.14679441701949
1998-04-29 21:30:00,1,-12.0,-11.381765014676493,12.509132799656811,-10.0,4,6,1,3,-43.60529110659243,20.84176107723945
1998-04-29 22:30:00,1,-5.0,-11.247849991610806,12.509132799656811,-12.0,4,6,1,3,-43.47137608352675,20.975676100305137
1998-04-29 23:30:00,1,-4.0,-13.325469904561348,12.509132799656811,-13.0,4,6,1,3,-45.54899599647729,18.898056187354594
1998-04-30 00:30:00,1,-4.0,-12.25545777273539,12.509132799656811,-12.0,4,6,1,3,-44.47898386465133,19.968068319180553
1998-04-30 01:30:00,1,-4.0,-6.357773457609316,12.509132799656811,-5.0,4,6,1,3,-38.581299549525255,25.865752634306627
1998-04-30 02:30:00,1,-3.0,-6.550464406931614,12.509132799656811,-4.0,4,6,1,3,-38.77399049884755,25.67306168498433
1998-04-30 03:30:00,1,-4.0,-6.982927103261968,12.509132799656811,-4.0,4,6,1,3,-39.206453195177914,25.240598988653975
1998-04-30 04:30:00,1,-2.0,-5.8891175118017465,12.509132799656811,-4.0,4,6,1,3,-38.112643603717686,26.334408580114196
1998-04-30 05:30:00,1,2.0,-2.907569487002135,12.509132799656811,-3.0,4,6,1,3,-35.13109557891808,29.315956604913808
1998-04-30 06:30:00,1,8.0,-3.6329449930550446,12.509132799656811,-4.0,4,6,1,3,-35.85647108497099,28.5905810988609
1998-04-30 07:30:00,1,9.0,-2.0298843246168694,12.509132799656811,-2.0,4,6,1,3,-34.253410416532816,30.193641767299074
1998-04-30 08:30:00,1,9.0,0.7620370064887148,12.509132799656811,2.0,4,6,1,3,-31.461489085427228,32.985563098404654
1998-04-30 09:30:00,1,20.0,4.530964510172847,12.509132799656811,8.0,4,6,1,3,-27.692561581743096,36.754490602088794
1998-04-30 10:30:00,1,34.0,4.748963435638071,12.509132799656811,9.0,4,6,1,3,-27.47456265627787,36.97248952755402
1998-04-30 11:30:00,1,31.0,5.649410989869285,12.509132799656811,9.0,4,6,1,3,-26.574115102046658,37.872937081785224
1998-04-30 12:30:00,1,28.0,11.825053091332418,12.509132799656811,20.0,4,6,1,3,-20.398473000583525,44.048579183248364
1998-04-30 13:30:00,1,30.0,13.594786972180833,12.509132799656811,34.0,4,6,1,3,-18.62873911973511,45.81831306409678
1998-04-30 14:30:00,1,17.0,9.99842460524044,12.509132799656811,31.0,4,6,1,3,-22.225101486675502,42.22195069715639
1998-04-30 15:30:00,1,-3.0,16.176701011096707,12.509132799656811,28.0,4,6,1,3,-16.046825080819236,48.400227103012654
1998-04-30 16:30:00,1,-11.0,17.91989165907899,12.509132799656811,30.0,4,6,1,3,-14.303634432836954,50.14341775099493
1998-04-30 17:30:00,1,-9.0,-13.617183855548864,12.509132799656811,17.0,4,6,1,3,-45.84070994746481,18.606342236367077
1998-04-30 18:30:00,1,-9.0,0.443636505556686,12.509132799656811,-3.0,4,6,1,3,-31.779889586359257,32.667162597472625
1998-04-30 19:30:00,1,-9.0,-9.87823236998926,12.509132799656811,-11.0,4,6,1,3,-42.101758461905206,22.345293721926684
1998-04-30 20:30:00,1,-15.0,-9.672820323804828,12.509132799656811,-9.0,4,6,1,3,-41.89634641572077,22.550705768111115
1998-04-30 21:30:00,1,-18.0,-8.907211391588877,12.509132799656811,-9.0,4,6,1,3,-41.13073748350482,23.316314700327066
1998-04-30 22:30:00,1,-16.0,-12.132776078765776,12.509132799656811,-9.0,4,6,1,3,-44.356302170681715,20.090750013150167
1998-04-30 23:30:00,1,-8.0,-23.88093538093648,12.509132799656811,-15.0,4,6,1,3,-56.10446147285242,8.342590710979461
1998-05-01 00:30:00,1,-1.0,-18.47729119604861,12.509132799656811,-18.0,4,6,1,3,-50.700817287964554,13.746234895867332
1998-05-01 01:30:00,1,6.0,-18.060793567275205,12.509132799656811,-16.0,4,6,1,3,-50.28431965919115,14.162732524640738
1998-05-01 02:30:00,1,3.0,-8.981103857303445,12.509132799656811,-8.0,4,6,1,3,-41.20462994921939,23.242422234612498
1998-05-01 03:30:00,1,1.0,-5.012551587552419,12.509132799656811,-1.0,4,6,1,3,-37.236077679468366,27.210974504363524
1998-05-01 04:30:00,1,-1.0,-3.108563727373575,12.509132799656811,6.0,4,6,1,3,-35.33208981928952,29.114962364542368
1998-05-01 05:30:00,1,-5.0,-1.080674840621736,12.509132799656811,3.0,4,6,1,3,-33.30420093253768,31.142851251294207
1998-05-01 06:30:00,1,-4.0,-0.1733958389876271,12.509132799656811,1.0,4,6,1,3,-32.39692193090357,32.05013025292832
1998-05-01 07:30:00,1,-13.0,-5.123442608232256,12.509132799656811,-1.0,4,6,1,3,-37.346968700148196,27.100083483683687
1998-05-01 08:30:00,1,-10.0,-1.4041073634169656,12.509132799656811,-5.0,4,6,1,3,-33.62763345533291,30.819418728498977
1998-05-01 09:30:00,1,-4.0,-4.743704672626812,12.509132799656811,-4.0,4,6,1,3,-36.967230764542755,27.47982141928913
1998-05-01 10:30:00,1,0.0,-12.560413766790589,12.509132799656811,-13.0,4,6,1,3,-44.78393985870653,19.663112325125354
1998-05-01 11:30:00,1,0.0,-6.809543011784616,12.509132799656811,-10.0,4,6,1,3,-39.033069103700555,25.413983080131327
1998-05-01 12:30:00,1,0.0,-5.3202124071028045,12.509132799656811,-4.0,4,6,1,3,-37.543738499018744,26.90331368481314
1998-05-01 13:30:00,1,-4.0,-2.870841642073813,12.509132799656811,0.0,4,6,1,3,-35.094367733989756,29.35268444984213
1998-05-01 14:30:00,1,-2.0,-2.31122712385287,12.509132799656811,0.0,4,6,1,3,-34.534753215768816,29.912298968063073
1998-05-01 15:30:00,1,0.0,-13.745014727406076,12.509132799656811,0.0,4,6,1,3,-45.968540819322016,18.478511364509867
1998-05-01 16:30:00,1,-4.0,-4.213608922804127,12.509132799656811,-4.0,4,6,1,3,-36.43713501472007,28.009917169111816
1998-05-01 17:30:00,1,-1.0,-1.680618329724641,12.509132799656811,-2.0,4,6,1,3,-33.90414442164058,30.5429077621913
1998-05-01 18:30:00,1,1.0,-3.6501225685925967,12.509132799656811,0.0,4,6,1,3,-35.873648660508536,28.573403523323346
1998-05-01 19:30:00,1,-4.0,-5.571272080189171,12.509132799656811,-4.0,4,6,1,3,-37.79479817210512,26.65225401172677
1998-05-01 20:30:00,1,-5.0,-1.92872521602148,12.509132799656811,-1.0,4,6,1,3,-34.152251307937426,30.294800875894463
1998-05-01 21:30:00,1,-2.0,-5.033578250337957,12.509132799656811,1.0,4,6,1,3,-37.257104342253896,27.189947841577986
1998-05-01 22:30:00,1,21.0,-2.1340508169840327,12.509132799656811,-4.0,4,6,1,3,-34.35757690889997,30.08947527493191
1998-05-01 23:30:00,1,19.0,-4.666932216099035,12.509132799656811,-5.0,4,6,1,3,-36.89045830801498,27.556593875816908
1998-05-02 00:30:00,1,12.0,-4.377079112256233,12.509132799656811,-2.0,4,6,1,3,-36.600605204172176,27.84644697965971
1998-05-02 01:30:00,1,12.0,-1.819230968137308,12.509132799656811,21.0,4,6,1,3,-34.04275706005325,30.404295123778635
1998-05-02 02:30:00,1,17.0,-2.141350888484496,12.509132799656811,19.0,4,6,1,3,-34.36487698040044,30.082175203431447
1998-05-02 03:30:00,1,14.0,-0.6135043877059729,12.509132799656811,12.0,4,6,1,3,-32.837030479621916,31.61002170420997
1998-05-02 04:30:00,1,9.0,-0.6077626050736349,12.509132799656811,12.0,4,6,1,3,-32.831288696989574,31.615763486842308
1998-05-02 05:30:00,1,-5.0,3.4645671535460885,12.509132799656811,17.0,4,6,1,3,-28.758958938369855,35.68809324546203
1998-05-02 06:30:00,1,-5.0,2.9810494541976844,12.509132799656811,14.0,4,6,1,3,-29.24247663771826,35.20457554611363
1998-05-02 07:30:00,1,-24.0,-24.23416875653821,12.509132799656811,9.0,4,6,1,3,-56.45769484845415,7.989357335377733
1998-05-02 08:30:00,1,-24.0,-17.716544807563494,12.509132799656811,-5.0,4,6,1,3,-49.94007089947944,14.506981284352449
1998-05-02 09:30:00,1,-2.0,-20.92437230013487,12.509132799656811,-5.0,4,6,1,3,-53.14789839205081,11.299153791781073
1998-05-02 10:30:00,1,-29.0,-34.238295422891134,12.509132799656811,-24.0,4,6,1,3,-66.46182151480707,-2.0147693309751915
1998-05-02 11:30:00,1,-55.0,-24.68132714058842,12.509132799656811,-24.0,4,6,1,3,-56.904853232504365,7.542198951327524
1998-05-02 12:30:00,1,-46.0,-14.441552789901609,12.509132799656811,-2.0,4,6,1,3,-46.66507888181755,17.781973302014336
1998-05-02 13:30:00,1,-52.0,-58.401891803917614,12.509132799656811,-29.0,4,6,1,3,-90.62541789583355,-26.17836571200167
1998-05-02 14:30:00,1,-76.0,-70.65063604957265,12.509132799656811,-55.0,4,6,1,3,-102.8741621414886,-38.42710995765671
1998-05-02 15:30:00,1,-72.0,-65.77795320416342,12.509132799656811,-46.0,4,6,1,3,-98.00147929607937,-33.55442711224748
1998-05-02 16:30:00,1,-78.0,-71.05137334947251,12.509132799656811,-52.0,4,6,1,3,-103.27489944138846,-38.82784725755657
1998-05-02 17:30:00,1,-85.0,-86.26010891143905,12.509132799656811,-76.0,4,6,1,3,-118.48363500335499,-54.036582819523105
1998-05-02 18:30:00,1,-82.0,-72.42707170999114,12.509132799656811,-72.0,4,6,1,3,-104.65059780190708,-40.203545618075196
1998-05-02 19:30:00,1,-77.0,-78.29444105072795,12.509132799656811,-78.0,4,6,1,3,-110.5179671426439,-46.07091495881201
1998-05-02 20:30:00,1,-68.0,-79.07846281520465,12.509132799656811,-85.0,4,6,1,3,-111.30198890712059,-46.8549367232887
1998-05-02 21:30:00,1,-58.0,-74.96376579836597,12.509132799656811,-82.0,4,6,1,3,-107.18729189028191,-42.740239706450026
1998-05-02 22:30:00,1,-46.0,-71.69893450658655,12.509132799656811,-77.0,4,6,1,3,-103.9224605985025,-39.47540841467061
1998-05-02 23:30:00,1,-36.0,-64.91184487688749,12.509132799656811,-68.0,4,6,1,3,-97.13537096880343,-32.68831878497154
1998-05-03 00:30:00,1,-28.0,-57.57922447551138,12.509132799656811,-58.0,4,6,1,3,-89.80275056742732,-25.35569838359544
1998-05-03 01:30:00,1,-43.0,-49.59855154418107,12.509132799656811,-46.0,4,6,1,3,-81.82207763609702,-17.375025452265128
1998-05-03 02:30:00,1,-44.0,-44.33958822479452,12.509132799656811,-36.0,4,6,1,3,-76.56311431671045,-12.116062132878575
1998-05-03 03:30:00,1,-54.0,-38.64299028244741,12.509132799656811,-28.0,4,6,1,3,-70.86651637436336,-6.419464190531464
1998-05-03 04:30:00,1,-62.0,-46.37822134267652,12.509132799656811,-43.0,4,6,1,3,-78.60174743459245,-14.154695250760575
1998-05-03 05:30:00,1,-55.0,-42.68546572871552,12.509132799656811,-44.0,4,6,1,3,-74.90899182063146,-10.461939636799578
1998-05-03 06:30:00,1,-69.0,-51.990117754262485,12.509132799656811,-54.0,4,6,1,3,-84.21364384617843,-19.766591662346542
1998-05-03 07:30:00,1,-67.0,-56.57340474555519,12.509132799656811,-62.0,4,6,1,3,-88.79693083747114,-24.349878653639244
1998-05-03 08:30:00,1,-66.0,-49.05921070536559,12.509132799656811,-55.0,4,6,1,3,-81.28273679728153,-16.835684613449644
1998-05-03 09:30:00,1,-49.0,-62.21252230253677,12.509132799656811,-69.0,4,6,1,3,-94.43604839445271,-29.988996210620826
1998-05-03 10:30:00,1,-49.0,-58.96100584980135,12.509132799656811,-67.0,4,6,1,3,-91.1845319417173,-26.73747975788541
1998-05-03 11:30:00,1,-66.0,-59.133978189037634,12.509132799656811,-66.0,4,6,1,3,-91.35750428095358,-26.91045209712169
1998-05-03 12:30:00,1,-49.0,-48.32756450841488,12.509132799656811,-49.0,4,6,1,3,-80.55109060033082,-16.104038416498938
1998-05-03 13:30:00,1,-48.0,-47.21258834940213,12.509132799656811,-49.0,4,6,1,3,-79.43611444131807,-14.98906225748619
1998-05-03 14:30:00,1,-42.0,-58.66783370441316,12.509132799656811,-66.0,4,6,1,3,-90.89135979632911,-26.44430761249722
1998-05-03 15:30:00,1,-41.0,-45.55293335912272,12.509132799656811,-49.0,4,6,1,3,-77.77645945103866,-13.329407267206776
1998-05-03 16:30:00,1,-59.0,-44.137209723435845,12.509132799656811,-48.0,4,6,1,3,-76.36073581535179,-11.913683631519902
1998-05-03 17:30:00,1,-56.0,-38.907814082244144,12.509132799656811,-42.0,4,6,1,3,-71.13134017416009,-6.684287990328201
1998-05-03 18:30:00,1,-53.0,-39.08618697297376,12.509132799656811,-41.0,4,6,1,3,-71.3097130648897,-6.8626608810578205
1998-05-03 19:30:00,1,-53.0,-52.268130137581785,12.509132799656811,-59.0,4,6,1,3,-84.49165622949772,-20.044604045665842
1998-05-03 20:30:00,1,-70.0,-49.57930269562976,12.509132799656811,-56.0,4,6,1,3,-81.8028287875457,-17.355776603713814
1998-05-03 21:30:00,1,-49.0,-53.98707517570058,12.509132799656811,-53.0,4,6,1,3,-86.21060126761652,-21.76354908378464
1998-05-03 22:30:00,1,-57.0,-53.00273708338193,12.509132799656811,-53.0,4,6,1,3,-85.22626317529787,-20.779210991465987
1998-05-03 23:30:00,1,-61.0,-72.3524603840104,12.509132799656811,-70.0,4,6,1,3,-104.57598647592634,-40.128934292094456
1998-05-04 00:30:00,1,-60.0,-50.92269215447018,12.509132799656811,-49.0,4,6,1,3,-83.14621824638613,-18.699166062554234
1998-05-04 01:30:00,1,-58.0,-59.10482112564672,12.509132799656811,-57.0,4,6,1,3,-91.32834721756267,-26.88129503373078
1998-05-04 02:30:00,1,-62.0,-62.273122677949935,12.509132799656811,-61.0,4,6,1,3,-94.49664876986589,-30.049596586033992
1998-05-04 03:30:00,1,-76.0,-56.1256480695746,12.509132799656811,-60.0,4,6,1,3,-88.34917416149054,-23.90212197765866
1998-05-04 04:30:00,1,-162.0,-56.53957964018268,12.509132799656811,-58.0,4,6,1,3,-88.76310573209862,-24.316053548266737
1998-05-04 05:30:00,1,-205.0,-57.26076482784859,12.509132799656811,-62.0,4,6,1,3,-89.48429091976453,-25.037238735932647
1998-05-04 06:30:00,1,-192.0,-126.99650067387704,12.509132799656811,-76.0,4,6,1,3,-159.22002676579297,-94.7729745819611
1998-05-04 07:30:00,1,-185.0,-218.5218261609045,12.509132799656811,-162.0,4,6,1,3,-250.74535225282045,-186.29830006898857
1998-05-04 08:30:00,1,-170.0,-204.4800646963496,12.509132799656811,-205.0,4,6,1,3,-236.70359078826553,-172.25653860443364
1998-05-04 09:30:00,1,-135.0,-178.9859037444829,12.509132799656811,-192.0,4,6,1,3,-211.20942983639884,-146.76237765256695
1998-05-04 10:30:00,1,-125.0,-173.76718750050497,12.509132799656811,-185.0,4,6,1,3,-205.99071359242092,-141.54366140858903
1998-05-04 11:30:00,1,-136.0,-153.37674334902275,12.509132799656811,-170.0,4,6,1,3,-185.6002694409387,-121.1532172571068
1998-05-04 12:30:00,1,-139.0,-123.78204874746042,12.509132799656811,-135.0,4,6,1,3,-156.00557483937638,-91.55852265554448
1998-05-04 13:30:00,1,-111.0,-110.46991225407614,12.509132799656811,-125.0,4,6,1,3,-142.6934383459921,-78.24638616216019
1998-05-04 14:30:00,1,-105.0,-114.45717536461598,12.509132799656811,-136.0,4,6,1,3,-146.68070145653192,-82.23364927270003
1998-05-04 15:30:00,1,-110.0,-112.5617228326608,12.509132799656811,-139.0,4,6,1,3,-144.78524892457676,-80.33819674074486
1998-05-04 16:30:00,1,-116.0,-99.26682533641907,12.509132799656811,-111.0,4,6,1,3,-131.49035142833503,-67.04329924450313
1998-05-04 17:30:00,1,-113.0,-94.35628630844856,12.509132799656811,-105.0,4,6,1,3,-126.5798124003645,-62.13276021653262
1998-05-04 18:30:00,1,-108.0,-97.10133158055176,12.509132799656811,-110.0,4,6,1,3,-129.32485767246772,-64.87780548863581
1998-05-04 19:30:00,1,-106.0,-99.98347442481048,12.509132799656811,-116.0,4,6,1,3,-132.20700051672642,-67.75994833289454
1998-05-04 20:30:00,1,-101.0,-96.49792573282508,12.509132799656811,-113.0,4,6,1,3,-128.72145182474102,-64.27439964090914
1998-05-04 21:30:00,1,-96.0,-94.57139386872926,12.509132799656811,-108.0,4,6,1,3,-126.7949199606452,-62.34786777681332
1998-05-04 22:30:00,1,-85.0,-92.53956262488478,12.509132799656811,-106.0,4,6,1,3,-124.76308871680072,-60.31603653296884
1998-05-04 23:30:00,1,-78.0,-90.17603196518408,12.509132799656811,-101.0,4,6,1,3,-122.39955805710002,-57.95250587326814
1998-05-05 00:30:00,1,-74.0,-86.00020907697817,12.509132799656811,-96.0,4,6,1,3,-118.22373516889411,-53.77668298506222
1998-05-05 01:30:00,1,-72.0,-78.32947411433254,12.509132799656811,-85.0,4,6,1,3,-110.55300020624848,-46.1059480224166
1998-05-05 02:30:00,1,-68.0,-71.53790070746695,12.509132799656811,-78.0,4,6,1,3,-103.76142679938289,-39.314374615551
1998-05-05 03:30:00,1,-89.0,-69.09075249459,12.509132799656811,-74.0,4,6,1,3,-101.31427858650595,-36.86722640267406
1998-05-05 04:30:00,1,-119.0,-65.98964845305407,12.509132799656811,-72.0,4,6,1,3,-98.21317454497002,-33.76612236113813
1998-05-05 05:30:00,1,-114.0,-71.5121718795859,12.509132799656811,-68.0,4,6,1,3,-103.73569797150185,-39.288645787669964
1998-05-05 06:30:00,1,-105.0,-103.7929288134372,12.509132799656811,-89.0,4,6,1,3,-136.01645490535316,-71.56940272152126
1998-05-05 07:30:00,1,-104.0,-117.02816545733516,12.509132799656811,-119.0,4,6,1,3,-149.25169154925112,-84.80463936541922
1998-05-05 08:30:00,1,-109.0,-107.82444277808332,12.509132799656811,-114.0,4,6,1,3,-140.04796886999927,-75.60091668616738
1998-05-05 09:30:00,1,-107.0,-95.85298523085862,12.509132799656811,-105.0,4,6,1,3,-128.07651132277456,-63.62945913894268
1998-05-05 10:30:00,1,-104.0,-98.74398643548592,12.509132799656811,-104.0,4,6,1,3,-130.96751252740188,-66.52046034356998
1998-05-05 11:30:00,1,-102.0,-96.46201911750464,12.509132799656811,-109.0,4,6,1,3,-128.68554520942058,-64.2384930255887
1998-05-05 12:30:00,1,-97.0,-93.2850889671331,12.509132799656811,-107.0,4,6,1,3,-125.50861505904905,-61.06156287521716
1998-05-05 13:30:00,1,-90.0,-92.34804096093214,12.509132799656811,-104.0,4,6,1,3,-124.57156705284808,-60.124514869016195
1998-05-05 14:30:00,1,-95.0,-90.27986177616076,12.509132799656811,-102.0,4,6,1,3,-122.5033878680767,-58.056335684244814
1998-05-05 15:30:00,1,-104.0,-87.9481111098728,12.509132799656811,-97.0,4,6,1,3,-120.17163720178874,-55.724585017956855
1998-05-05 16:30:00,1,-105.0,-84.55873045235627,12.509132799656811,-90.0,4,6,1,3,-116.78225654427222,-52.33520436044033
1998-05-05 17:30:00,1,-97.0,-90.34759388237914,12.509132799656811,-95.0,4,6,1,3,-122.57111997429509,-58.1240677904632
1998-05-05 18:30:00,1,-94.0,-88.66351811691821,12.509132799656811,-104.0,4,6,1,3,-120.88704420883415,-56.43999202500227
1998-05-05 19:30:00,1,-95.0,-92.53507202309548,12.509132799656811,-105.0,4,6,1,3,-124.75859811501142,-60.31154593117954
1998-05-05 20:30:00,1,-94.0,-87.32008657290397,12.509132799656811,-97.0,4,6,1,3,-119.54361266481992,-55.09656048098803
1998-05-05 21:30:00,1,-82.0,-84.53683251272913,12.509132799656811,-94.0,4,6,1,3,-116.76035860464508,-52.31330642081319
1998-05-05 22:30:00,1,-68.0,-83.8874787546982,12.509132799656811,-95.0,4,6,1,3,-116.11100484661414,-51.66395266278225
1998-05-05 23:30:00,1,-57.0,-80.66604296430326,12.509132799656811,-94.0,4,6,1,3,-112.8895690562192,-48.442516872387316
1998-05-06 00:30:00,1,-54.0,-73.21495166121287,12.509132799656811,-82.0,4,6,1,3,-105.43847775312881,-40.99142556929692
1998-05-06 01:30:00,1,-52.0,-66.76607213750225,12.509132799656811,-68.0,4,6,1,3,-98.98959822941819,-34.542546045586306
1998-05-06 02:30:00,1,-52.0,-59.35277332049388,12.509132799656811,-57.0,4,6,1,3,-91.57629941240982,-27.12924722857794
1998-05-06 03:30:00,1,-60.0,-57.08037184877607,12.509132799656811,-54.0,4,6,1,3,-89.30389794069201,-24.856845756860125
1998-05-06 04:30:00,1,-67.0,-54.05246871117964,12.509132799656811,-52.0,4,6,1,3,-86.27599480309559,-21.8289426192637
1998-05-06 05:30:00,1,-67.0,-50.43681768538839,12.509132799656811,-52.0,4,6,1,3,-82.66034377730433,-18.213291593472448
1998-05-06 06:30:00,1,-64.0,-56.52909929446668,12.509132799656811,-60.0,4,6,1,3,-88.75262538638262,-24.30557320255074
1998-05-06 07:30:00,1,-62.0,-65.51549641103426,12.509132799656811,-67.0,4,6,1,3,-97.7390225029502,-33.29197031911832
1998-05-06 08:30:00,1,-62.0,-56.75048778257936,12.509132799656811,-67.0,4,6,1,3,-88.97401387449531,-24.52696169066342
1998-05-06 09:30:00,1,-65.0,-55.37869765603948,12.509132799656811,-64.0,4,6,1,3,-87.60222374795542,-23.155171564123535
1998-05-06 10:30:00,1,-63.0,-55.76368600143709,12.509132799656811,-62.0,4,6,1,3,-87.98721209335304,-23.540159909521144
1998-05-06 11:30:00,1,-61.0,-56.87243924191151,12.509132799656811,-62.0,4,6,1,3,-89.09596533382745,-24.648913149995565
1998-05-06 12:30:00,1,-60.0,-58.14306571010748,12.509132799656811,-65.0,4,6,1,3,-90.36659180202342,-25.919539618191536
1998-05-06 13:30:00,1,-62.0,-57.64229991411946,12.509132799656811,-63.0,4,6,1,3,-89.8658260060354,-25.41877382220352
1998-05-06 14:30:00,1,-66.0,-57.24030688362807,12.509132799656811,-61.0,4,6,1,3,-89.46383297554402,-25.01678079171213
1998-05-06 15:30:00,1,-69.0,-56.54208655161724,12.509132799656811,-60.0,4,6,1,3,-88.76561264353319,-24.318560459701295
1998-05-06 16:30:00,1,-70.0,-56.49179590635057,12.509132799656811,-62.0,4,6,1,3,-88.71532199826652,-24.268269814434625
1998-05-06 17:30:00,1,-72.0,-56.20101920355819,12.509132799656811,-66.0,4,6,1,3,-88.42454529547413,-23.977493111642247
1998-05-06 18:30:00,1,-71.0,-59.03740522695048,12.509132799656811,-69.0,4,6,1,3,-91.26093131886643,-26.81387913503454
1998-05-06 19:30:00,1,-70.0,-61.27141819553015,12.509132799656811,-70.0,4,6,1,3,-93.49494428744609,-29.04789210361421
1998-05-06 20:30:00,1,-69.0,-62.58114975225618,12.509132799656811,-72.0,4,6,1,3,-94.80467584417212,-30.357623660340238
1998-05-06 21:30:00,1,-64.0,-62.64584262646317,12.509132799656811,-71.0,4,6,1,3,-94.86936871837912,-30.422316534547228
1998-05-06 22:30:00,1,-58.0,-61.84118092782513,12.509132799656811,-70.0,4,6,1,3,-94.06470701974106,-29.617654835909185
1998-05-06 23:30:00,1,-53.0,-60.6304041265365,12.509132799656811,-69.0,4,6,1,3,-92.85393021845243,-28.406878034620554
1998-05-07 00:30:00,1,-44.0,-57.29410765987798,12.509132799656811,-64.0,4,6,1,3,-89.51763375179392,-25.070581567962037
1998-05-07 01:30:00,1,-42.0,-54.72761044382239,12.509132799656811,-58.0,4,6,1,3,-86.95113653573833,-22.50408435190645
1998-05-07 02:30:00,1,-46.0,-50.552019592791,12.509132799656811,-53.0,4,6,1,3,-82.77554568470694,-18.328493500875055
1998-05-07 03:30:00,1,-50.0,-46.03480177463259,12.509132799656811,-44.0,4,6,1,3,-78.25832786654854,-13.811275682716648
1998-05-07 04:30:00,1,-48.0,-43.00032083811328,12.509132799656811,-42.0,4,6,1,3,-75.22384693002923,-10.77679474619734
1998-05-07 05:30:00,1,-46.0,-42.04721563194782,12.509132799656811,-46.0,4,6,1,3,-74.27074172386376,-9.823689540031879
1998-05-07 06:30:00,1,-46.0,-43.45756032744684,12.509132799656811,-50.0,4,6,1,3,-75.68108641936279,-11.234034235530899
1998-05-07 07:30:00,1,-48.0,-41.57872120221272,12.509132799656811,-48.0,4,6,1,3,-73.80224729412866,-9.355195110296776
1998-05-07 08:30:00,1,-52.0,-41.15884538516316,12.509132799656811,-46.0,4,6,1,3,-73.3823714770791,-8.935319293247218
1998-05-07 09:30:00,1,-50.0,-41.64198545538439,12.509132799656811,-46.0,4,6,1,3,-73.86551154730034,-9.41845936346845
1998-05-07 10:30:00,1,-50.0,-43.60808989467071,12.509132799656811,-48.0,4,6,1,3,-75.83161598658666,-11.38456380275477
1998-05-07 11:30:00,1,-46.0,-46.24277760410809,12.509132799656811,-52.0,4,6,1,3,-78.46630369602403,-14.019251512192149
1998-05-07 12:30:00,1,-46.0,-47.60822310633672,12.509132799656811,-50.0,4,6,1,3,-79.83174919825267,-15.38469701442078
1998-05-07 13:30:00,1,-40.0,-45.813062955883865,12.509132799656811,-50.0,4,6,1,3,-78.03658904779981,-13.589536863967922
1998-05-07 14:30:00,1,-38.0,-41.25666042859629,12.509132799656811,-46.0,4,6,1,3,-73.48018652051223,-9.033134336680348
1998-05-07 15:30:00,1,-39.0,-38.334881881386366,12.509132799656811,-46.0,4,6,1,3,-70.55840797330231,-6.111355789470423
1998-05-07 16:30:00,1,-42.0,-37.95238679817776,12.509132799656811,-40.0,4,6,1,3,-70.17591289009371,-5.72886070626182
1998-05-07 17:30:00,1,-40.0,-36.70932839370206,12.509132799656811,-38.0,4,6,1,3,-68.93285448561801,-4.485802301786116
1998-05-07 18:30:00,1,-33.0,-37.15569227791695,12.509132799656811,-39.0,4,6,1,3,-69.3792183698329,-4.932166186001005
1998-05-07 19:30:00,1,-33.0,-37.58518853821221,12.509132799656811,-42.0,4,6,1,3,-69.80871463012815,-5.361662446296265
1998-05-07 20:30:00,1,-28.0,-35.883827425045666,12.509132799656811,-40.0,4,6,1,3,-68.10735351696161,-3.6603013331297234
1998-05-07 21:30:00,1,-24.0,-32.59529400508144,12.509132799656811,-33.0,4,6,1,3,-64.81882009699738,-0.37176791316549895
1998-05-07 22:30:00,1,-18.0,-30.99899540038123,12.509132799656811,-33.0,4,6,1,3,-63.222521492297176,1.2245306915347136
1998-05-07 23:30:00,1,-13.0,-28.17152311632779,12.509132799656811,-28.0,4,6,1,3,-60.395049208243734,4.052002975588152
1998-05-08 00:30:00,1,-25.0,-28.06495236622705,12.509132799656811,-24.0,4,6,1,3,-60.28847845814299,4.158573725688893
1998-05-08 01:30:00,1,-38.0,-28.46368038343673,12.509132799656811,-18.0,4,6,1,3,-60.687206475352674,3.7598457084792116
1998-05-08 02:30:00,1,-39.0,-23.188605835822017,12.509132799656811,-13.0,4,6,1,3,-55.41213192773796,9.034920256093926
1998-05-08 03:30:00,1,-38.0,-40.660108777015104,12.509132799656811,-25.0,4,6,1,3,-72.88363486893104,-8.436582685099161
1998-05-08 04:30:00,1,-48.0,-32.795387750695006,12.509132799656811,-38.0,4,6,1,3,-65.01891384261094,-0.5718616587790635
1998-05-08 05:30:00,1,-47.0,-34.3152111964973,12.509132799656811,-39.0,4,6,1,3,-66.53873728841324,-2.0916851045813587
1998-05-08 06:30:00,1,-47.0,-39.11953776706305,12.509132799656811,-38.0,4,6,1,3,-71.343063858979,-6.896011675147108
1998-05-08 07:30:00,1,-49.0,-43.40259822788718,12.509132799656811,-48.0,4,6,1,3,-75.62612431980313,-11.17907213597124
1998-05-08 08:30:00,1,-48.0,-41.574865290341954,12.509132799656811,-47.0,4,6,1,3,-73.7983913822579,-9.351339198426011
1998-05-08 09:30:00,1,-40.0,-41.811989083711325,12.509132799656811,-47.0,4,6,1,3,-74.03551517562727,-9.588462991795382
1998-05-08 10:30:00,1,-34.0,-48.304611027131095,12.509132799656811,-49.0,4,6,1,3,-80.52813711904705,-16.081084935215152
1998-05-08 11:30:00,1,-34.0,-40.431495288252535,12.509132799656811,-48.0,4,6,1,3,-72.65502138016848,-8.207969196336592
1998-05-08 12:30:00,1,-40.0,-37.67664530808854,12.509132799656811,-40.0,4,6,1,3,-69.90017140000448,-5.453119216172595
1998-05-08 13:30:00,1,-36.0,-37.036577018068506,12.509132799656811,-34.0,4,6,1,3,-69.26010310998444,-4.813050926152563
1998-05-08 14:30:00,1,-41.0,-40.11278085467262,12.509132799656811,-34.0,4,6,1,3,-72.33630694658856,-7.8892547627566785
1998-05-08 15:30:00,1,-49.0,-35.16539113856372,12.509132799656811,-40.0,4,6,1,3,-67.38891723047966,-2.941865046647777
1998-05-08 16:30:00,1,-48.0,-41.312149161547154,12.509132799656811,-36.0,4,6,1,3,-73.5356752534631,-9.088623069631211
1998-05-08 17:30:00,1,-42.0,-43.01461728540049,12.509132799656811,-41.0,4,6,1,3,-75.23814337731643,-10.791091193484547
1998-05-08 18:30:00,1,-40.0,-44.83220542118307,12.509132799656811,-49.0,4,6,1,3,-77.055731513099,-12.608679329267126
1998-05-08 19:30:00,1,-52.0,-40.77931161952255,12.509132799656811,-48.0,4,6,1,3,-73.0028377114385,-8.55578552760661
1998-05-08 20:30:00,1,-56.0,-40.21888895222073,12.509132799656811,-42.0,4,6,1,3,-72.44241504413668,-7.9953628603047875
1998-05-08 21:30:00,1,-53.0,-43.48670715390358,12.509132799656811,-40.0,4,6,1,3,-75.71023324581952,-11.263181061987638
1998-05-08 22:30:00,1,-43.0,-50.18480711486133,12.509132799656811,-52.0,4,6,1,3,-82.40833320677727,-17.961281022945386
1998-05-08 23:30:00,1,-34.0,-52.04784951323374,12.509132799656811,-56.0,4,6,1,3,-84.27137560514969,-19.8243234213178
1998-05-09 00:30:00,1,-30.0,-47.83603470192263,12.509132799656811,-53.0,4,6,1,3,-80.05956079383857,-15.612508610006685
1998-05-09 01:30:00,1,-29.0,-41.71280001622513,12.509132799656811,-43.0,4,6,1,3,-73.93632610814107,-9.489273924309188
1998-05-09 02:30:00,1,-31.0,-36.35905292335694,12.509132799656811,-34.0,4,6,1,3,-68.58257901527288,-4.135526831440998
1998-05-09 03:30:00,1,-35.0,-35.52929879291212,12.509132799656811,-30.0,4,6,1,3,-67.75282488482807,-3.3057727009961795
1998-05-09 04:30:00,1,-39.0,-30.890931408598234,12.509132799656811,-29.0,4,6,1,3,-63.11445750051418,1.3325946833177085
1998-05-09 05:30:00,1,-47.0,-30.58231670583469,12.509132799656811,-31.0,4,6,1,3,-62.80584279775063,1.641209386081254
1998-05-09 06:30:00,1,-46.0,-34.5200889315899,12.509132799656811,-35.0,4,6,1,3,-66.74361502350584,-2.2965628396739604
1998-05-09 07:30:00,1,-43.0,-39.24340523924072,12.509132799656811,-39.0,4,6,1,3,-71.46693133115667,-7.0198791473247795
1998-05-09 08:30:00,1,-43.0,-42.78816720205921,12.509132799656811,-47.0,4,6,1,3,-75.01169329397516,-10.56464111014327
1998-05-09 09:30:00,1,-46.0,-42.56349720782643,12.509132799656811,-46.0,4,6,1,3,-74.78702329974237,-10.339971115910487
1998-05-09 10:30:00,1,-44.0,-40.29330236414085,12.509132799656811,-43.0,4,6,1,3,-72.5168284560568,-8.069776272224907
1998-05-09 11:30:00,1,-42.0,-40.030800642245055,12.509132799656811,-43.0,4,6,1,3,-72.254326734161,-7.807274550329112
1998-05-09 12:30:00,1,-37.0,-37.24762790882501,12.509132799656811,-46.0,4,6,1,3,-69.47115400074095,-5.0241018169090665
1998-05-09 13:30:00,1,-34.0,-38.34663501925085,12.509132799656811,-44.0,4,6,1,3,-70.57016111116678,-6.123108927334904
1998-05-09 14:30:00,1,-34.0,-38.55594506247986,12.509132799656811,-42.0,4,6,1,3,-70.7794711543958,-6.332418970563914
1998-05-09 15:30:00,1,-35.0,-36.44858514960927,12.509132799656811,-37.0,4,6,1,3,-68.67211124152522,-4.225059057693329
1998-05-09 16:30:00,1,-42.0,-35.63528290981306,12.509132799656811,-34.0,4,6,1,3,-67.858809001729,-3.411756817897114
1998-05-09 17:30:00,1,-49.0,-32.71222417711329,12.509132799656811,-34.0,4,6,1,3,-64.93575026902923,-0.48869808519734903
1998-05-09 18:30:00,1,-54.0,-37.07454182587573,12.509132799656811,-35.0,4,6,1,3,-69.29806791779167,-4.851015733959784
1998-05-09 19:30:00,1,-63.0,-45.96158949632177,12.509132799656811,-42.0,4,6,1,3,-78.18511558823772,-13.738063404405828
1998-05-09 20:30:00,1,-62.0,-48.55014048089131,12.509132799656811,-49.0,4,6,1,3,-80.77366657280726,-16.326614388975365
1998-05-09 21:30:00,1,-54.0,-56.06328921635842,12.509132799656811,-54.0,4,6,1,3,-88.28681530827436,-23.839763124442477
1998-05-09 22:30:00,1,-47.0,-51.63515547422312,12.509132799656811,-63.0,4,6,1,3,-83.85868156613907,-19.411629382307176
1998-05-09 23:30:00,1,-37.0,-51.93174675562416,12.509132799656811,-62.0,4,6,1,3,-84.1552728475401,-19.708220663708218
1998-05-10 00:30:00,1,-31.0,-50.70170404422727,12.509132799656811,-54.0,4,6,1,3,-82.92523013614321,-18.478177952311327
1998-05-10 01:30:00,1,-24.0,-44.054867237282366,12.509132799656811,-47.0,4,6,1,3,-76.27839332919831,-11.831341145366423
1998-05-10 02:30:00,1,-23.0,-38.10187390427197,12.509132799656811,-37.0,4,6,1,3,-70.32539999618791,-5.878347812356026
1998-05-10 03:30:00,1,-28.0,-35.85458960361852,12.509132799656811,-31.0,4,6,1,3,-68.07811569553446,-3.6310635117025782
1998-05-10 04:30:00,1,-32.0,-29.83958561533338,12.509132799656811,-24.0,4,6,1,3,-62.06311170724932,2.3839404765825627
1998-05-10 05:30:00,1,-32.0,-25.8791894807028,12.509132799656811,-23.0,4,6,1,3,-58.10271557261874,6.344336611213144
1998-05-10 06:30:00,1,-40.0,-27.048450964182848,12.509132799656811,-28.0,4,6,1,3,-59.27197705609879,5.175075127733095
1998-05-10 07:30:00,1,-46.0,-28.118912383675163,12.509132799656811,-32.0,4,6,1,3,-60.34243847559111,4.10461370824078
1998-05-10 08:30:00,1,-49.0,-33.03263822612473,12.509132799656811,-32.0,4,6,1,3,-65.25616431804067,-0.8091121342087888
1998-05-10 09:30:00,1,-48.0,-40.74979228240573,12.509132799656811,-40.0,4,6,1,3,-72.97331837432168,-8.526266190489785
1998-05-10 10:30:00,1,-46.0,-45.79156653156363,12.509132799656811,-46.0,4,6,1,3,-78.01509262347957,-13.568040439647689
1998-05-10 11:30:00,1,-40.0,-41.91300032547981,12.509132799656811,-49.0,4,6,1,3,-74.13652641739574,-9.689474233563864
1998-05-10 12:30:00,1,-41.0,-42.56882951309196,12.509132799656811,-48.0,4,6,1,3,-74.79235560500791,-10.34530342117602
1998-05-10 13:30:00,1,-37.0,-40.886375164259874,12.509132799656811,-46.0,4,6,1,3,-73.10990125617582,-8.662849072343931
1998-05-10 14:30:00,1,-36.0,-39.55000084891884,12.509132799656811,-40.0,4,6,1,3,-71.77352694083478,-7.326474757002899
1998-05-10 15:30:00,1,-38.0,-37.51852277930322,12.509132799656811,-41.0,4,6,1,3,-69.74204887121917,-5.294996687387275
1998-05-10 16:30:00,1,-40.0,-34.26807637054787,12.509132799656811,-37.0,4,6,1,3,-66.49160246246382,-2.044550278631924
1998-05-10 17:30:00,1,-39.0,-33.785793359204106,12.509132799656811,-36.0,4,6,1,3,-66.00931945112005,-1.5622672672881635
1998-05-10 18:30:00,1,-36.0,-36.7121981475811,12.509132799656811,-38.0,4,6,1,3,-68.93572423949703,-4.488672055665155
1998-05-10 19:30:00,1,-39.0,-37.459035386121776,12.509132799656811,-40.0,4,6,1,3,-69.68256147803771,-5.235509294205833
1998-05-10 20:30:00,1,-35.0,-37.09675881661782,12.509132799656811,-39.0,4,6,1,3,-69.32028490853376,-4.873232724701879
1998-05-10 21:30:00,1,-29.0,-36.3141855783262,12.509132799656811,-36.0,4,6,1,3,-68.53771167024215,-4.09065948641026
1998-05-10 22:30:00,1,-21.0,-35.16930648152453,12.509132799656811,-39.0,4,6,1,3,-67.39283257344047,-2.9457803896085863
1998-05-10 23:30:00,1,-22.0,-31.970285595932324,12.509132799656811,-35.0,4,6,1,3,-64.19381168784827,0.25324049598361853
1998-05-11 00:30:00,1,-22.0,-27.030906280811585,12.509132799656811,-29.0,4,6,1,3,-59.25443237272753,5.1926198111043576
1998-05-11 01:30:00,1,-21.0,-26.24792555566813,12.509132799656811,-21.0,4,6,1,3,-58.471451647584075,5.975600536247814
1998-05-11 02:30:00,1,-27.0,-24.935894669783764,12.509132799656811,-22.0,4,6,1,3,-57.15942076169971,7.287631422132179
1998-05-11 03:30:00,1,-29.0,-21.91137768252341,12.509132799656811,-22.0,4,6,1,3,-54.13490377443935,10.312148409392535
1998-05-11 04:30:00,1,-33.0,-22.828030872264577,12.509132799656811,-21.0,4,6,1,3,-55.05155696418052,9.395495219651366
1998-05-11 05:30:00,1,-30.0,-25.395388559509023,12.509132799656811,-27.0,4,6,1,3,-57.618914651424966,6.82813753240692
1998-05-11 06:30:00,1,-27.0,-24.24247659733588,12.509132799656811,-29.0,4,6,1,3,-56.46600268925182,7.981049494580063
1998-05-11 07:30:00,1,-27.0,-28.996521622132,12.509132799656811,-33.0,4,6,1,3,-61.22004771404794,3.2270044697839424
1998-05-11 08:30:00,1,-30.0,-26.555799644680395,12.509132799656811,-30.0,4,6,1,3,-58.779325736596334,5.667726447235548
1998-05-11 09:30:00,1,-31.0,-26.101290004458875,12.509132799656811,-27.0,4,6,1,3,-58.32481609637482,6.122236087457068
1998-05-11 10:30:00,1,-34.0,-26.1961909339649,12.509132799656811,-27.0,4,6,1,3,-58.41971702588084,6.027335157951043
1998-05-11 11:30:00,1,-33.0,-34.27825074567589,12.509132799656811,-30.0,4,6,1,3,-66.50177683759183,-2.0547246537599477
1998-05-11 12:30:00,1,-31.0,-31.04758763874332,12.509132799656811,-31.0,4,6,1,3,-63.271113730659266,1.1759384531726234
1998-05-11 13:30:00,1,-26.0,-29.7717811396776,12.509132799656811,-34.0,4,6,1,3,-61.99530723159354,2.451744952238343
1998-05-11 14:30:00,1,-24.0,-29.777073492463938,12.509132799656811,-33.0,4,6,1,3,-62.000599584379884,2.446452599452005
1998-05-11 15:30:00,1,-28.0,-29.07328867583341,12.509132799656811,-31.0,4,6,1,3,-61.29681476774935,3.1502374160825326
1998-05-11 16:30:00,1,-32.0,-23.700673207133903,12.509132799656811,-26.0,4,6,1,3,-55.924199299049846,8.52285288478204
1998-05-11 17:30:00,1,-36.0,-22.741746597737013,12.509132799656811,-24.0,4,6,1,3,-54.965272689652956,9.48177949417893
1998-05-11 18:30:00,1,-36.0,-28.257688528675267,12.509132799656811,-28.0,4,6,1,3,-60.48121462059121,3.965837563240676
1998-05-11 19:30:00,1,-33.0,-31.564228769162195,12.509132799656811,-32.0,4,6,1,3,-63.78775486107814,0.6592973227537477
1998-05-11 20:30:00,1,-35.0,-32.771901522295444,12.509132799656811,-36.0,4,6,1,3,-64.9954276142114,-0.548375430379501
1998-05-11 21:30:00,1,-38.0,-33.780766740167266,12.509132799656811,-36.0,4,6,1,3,-66.00429283208321,-1.557240648251323
1998-05-11 22:30:00,1,-34.0,-32.32096677588376,12.509132799656811,-33.0,4,6,1,3,-64.5444928677997,-0.09744068396781813
1998-05-11 23:30:00,1,-30.0,-40.25873792463382,12.509132799656811,-35.0,4,6,1,3,-72.48226401654976,-8.035211832717877
1998-05-12 00:30:00,1,-30.0,-38.25538412549506,12.509132799656811,-38.0,4,6,1,3,-70.478910217411,-6.03185803357912
1998-05-12 01:30:00,1,-35.0,-36.36530939629061,12.509132799656811,-34.0,4,6,1,3,-68.58883548820656,-4.14178330437467
1998-05-12 02:30:00,1,-34.0,-30.322746159422955,12.509132799656811,-30.0,4,6,1,3,-62.5462722513389,1.9007799324929877
1998-05-12 03:30:00,1,-34.0,-33.60860880591608,12.509132799656811,-30.0,4,6,1,3,-65.83213489783202,-1.3850827140001343
1998-05-12 04:30:00,1,-39.0,-29.16519658171143,12.509132799656811,-35.0,4,6,1,3,-61.38872267362737,3.058329510204512
1998-05-12 05:30:00,1,-46.0,-31.85068052721977,12.509132799656811,-34.0,4,6,1,3,-64.07420661913571,0.37284556469617414
1998-05-12 06:30:00,1,-48.0,-34.75401567354608,12.509132799656811,-34.0,4,6,1,3,-66.97754176546202,-2.5304895816301354
1998-05-12 07:30:00,1,-45.0,-39.97034529006597,12.509132799656811,-39.0,4,6,1,3,-72.19387138198192,-7.746819198150028
1998-05-12 08:30:00,1,-43.0,-43.39674838872749,12.509132799656811,-46.0,4,6,1,3,-75.62027448064343,-11.173222296811545
1998-05-12 09:30:00,1,-42.0,-39.247560297076674,12.509132799656811,-48.0,4,6,1,3,-71.47108638899262,-7.024034205160731
1998-05-12 10:30:00,1,-36.0,-43.600296175455824,12.509132799656811,-45.0,4,6,1,3,-75.82382226737177,-11.376770083539881
1998-05-12 11:30:00,1,-35.0,-40.19146534301596,12.509132799656811,-43.0,4,6,1,3,-72.4149914349319,-7.96793925110002
1998-05-12 12:30:00,1,-34.0,-36.55639542182246,12.509132799656811,-42.0,4,6,1,3,-68.7799215137384,-4.332869329906515
1998-05-12 13:30:00,1,-34.0,-33.335066550517745,12.509132799656811,-36.0,4,6,1,3,-65.5585926424337,-1.1115404586018016
1998-05-12 14:30:00,1,-37.0,-37.86686915627583,12.509132799656811,-35.0,4,6,1,3,-70.09039524819178,-5.64334306435989
1998-05-12 15:30:00,1,-39.0,-32.30946991682263,12.509132799656811,-34.0,4,6,1,3,-64.53299600873856,-0.0859438249066855
1998-05-12 16:30:00,1,-38.0,-30.063505469778924,12.509132799656811,-34.0,4,6,1,3,-62.28703156169487,2.1600206221370186
1998-05-12 17:30:00,1,-38.0,-33.04866244041244,12.509132799656811,-37.0,4,6,1,3,-65.27218853232839,-0.8251363484964997
1998-05-12 18:30:00,1,-36.0,-38.2863969175636,12.509132799656811,-39.0,4,6,1,3,-70.50992300947954,-6.062870825647657
1998-05-12 19:30:00,1,-40.0,-33.2845147212501,12.509132799656811,-38.0,4,6,1,3,-65.50804081316605,-1.0609886293341546
1998-05-12 20:30:00,1,-35.0,-34.30731453922214,12.509132799656811,-38.0,4,6,1,3,-66.53084063113809,-2.0837884473061976
1998-05-12 21:30:00,1,-35.0,-34.99826380437932,12.509132799656811,-36.0,4,6,1,3,-67.22178989629526,-2.774737712463377
1998-05-12 22:30:00,1,-30.0,-34.15721321707772,12.509132799656811,-40.0,4,6,1,3,-66.38073930899367,-1.933687125161775
1998-05-12 23:30:00,1,-22.0,-31.66830725233142,12.509132799656811,-35.0,4,6,1,3,-63.89183334424736,0.5552188395845228
1998-05-13 00:30:00,1,-18.0,-32.612773925626115,12.509132799656811,-35.0,4,6,1,3,-64.83630001754206,-0.38924783371017213
1998-05-13 01:30:00,1,-21.0,-27.13411391367814,12.509132799656811,-30.0,4,6,1,3,-59.35764000559408,5.089412178237804
1998-05-13 02:30:00,1,-24.0,-22.22141347080128,12.509132799656811,-22.0,4,6,1,3,-54.444939562717224,10.002112621114662
1998-05-13 03:30:00,1,-28.0,-22.43164142579421,12.509132799656811,-18.0,4,6,1,3,-54.655167517710154,9.791884666121732
1998-05-13 04:30:00,1,-29.0,-23.90117038747952,12.509132799656811,-21.0,4,6,1,3,-56.12469647939547,8.322355704436422
1998-05-13 05:30:00,1,-27.0,-21.693901978138,12.509132799656811,-24.0,4,6,1,3,-53.917428070053944,10.529624113777942
1998-05-13 06:30:00,1,-27.0,-23.85568313921292,12.509132799656811,-28.0,4,6,1,3,-56.079209231128864,8.367842952703022
1998-05-13 07:30:00,1,-25.0,-26.292612048195195,12.509132799656811,-29.0,4,6,1,3,-58.51613814011114,5.9309140437207475
1998-05-13 08:30:00,1,-26.0,-23.712511652783142,12.509132799656811,-27.0,4,6,1,3,-55.936037744699085,8.5110144391328
1998-05-13 09:30:00,1,-24.0,-24.514768240609747,12.509132799656811,-27.0,4,6,1,3,-56.73829433252569,7.708757851306196
1998-05-13 10:30:00,1,-23.0,-23.390621494736216,12.509132799656811,-25.0,4,6,1,3,-55.61414758665216,8.832904597179727
1998-05-13 11:30:00,1,-22.0,-22.718358615469555,12.509132799656811,-26.0,4,6,1,3,-54.9418847073855,9.505167476446388
1998-05-13 12:30:00,1,-21.0,-21.46399408592147,12.509132799656811,-24.0,4,6,1,3,-53.68752017783741,10.759532005994473
1998-05-13 13:30:00,1,-18.0,-20.294637057722497,12.509132799656811,-23.0,4,6,1,3,-52.51816314963844,11.928889034193446
1998-05-13 14:30:00,1,-20.0,-20.568721870631848,12.509132799656811,-22.0,4,6,1,3,-52.79224796254779,11.654804221284095
1998-05-13 15:30:00,1,-26.0,-18.90445571022733,12.509132799656811,-21.0,4,6,1,3,-51.127981802143275,13.319070381688611
1998-05-13 16:30:00,1,-30.0,-16.72554702084858,12.509132799656811,-18.0,4,6,1,3,-48.94907311276452,15.497979071067363
1998-05-13 17:30:00,1,-27.0,-19.71688155471488,12.509132799656811,-20.0,4,6,1,3,-51.940407646630824,12.506644537201062
1998-05-13 18:30:00,1,-27.0,-23.00838915950464,12.509132799656811,-26.0,4,6,1,3,-55.23191525142059,9.215136932411301
1998-05-13 19:30:00,1,-30.0,-26.459419478186778,12.509132799656811,-30.0,4,6,1,3,-58.68294557010272,5.764106613729165
1998-05-13 20:30:00,1,-31.0,-24.62768674297384,12.509132799656811,-27.0,4,6,1,3,-56.85121283488978,7.595839348942103
1998-05-13 21:30:00,1,-28.0,-25.163120485247703,12.509132799656811,-27.0,4,6,1,3,-57.386646577163646,7.06040560666824
1998-05-13 22:30:00,1,-23.0,-25.47672213892818,12.509132799656811,-30.0,4,6,1,3,-57.700248230844124,6.7468039529877615
1998-05-13 23:30:00,1,-22.0,-29.986667326256885,12.509132799656811,-31.0,4,6,1,3,-62.21019341817283,2.2368587656590577
1998-05-14 00:30:00,1,-17.0,-25.81544693521796,12.509132799656811,-28.0,4,6,1,3,-58.038973027133906,6.408079156697983
1998-05-14 01:30:00,1,-17.0,-22.722027418932434,12.509132799656811,-23.0,4,6,1,3,-54.94555351084838,9.501498672983509
1998-05-14 02:30:00,1,-16.0,-20.97702426488346,12.509132799656811,-22.0,4,6,1,3,-53.200550356799404,11.246501827032482
1998-05-14 03:30:00,1,-17.0,-18.940999290340592,12.509132799656811,-17.0,4,6,1,3,-51.164525382256535,13.28252680157535
1998-05-14 04:30:00,1,-21.0,-16.990199067638677,12.509132799656811,-17.0,4,6,1,3,-49.21372515955462,15.233327024277266
1998-05-14 05:30:00,1,-19.0,-14.33525701522705,12.509132799656811,-16.0,4,6,1,3,-46.55878310714299,17.888269076688893
2003-11-11 04:30:00,21,-42.0,-36.35988609605468,12.509132799656811,-17.0,4,6,1,3,-68.58341218797062,-4.136360004138737
2003-11-11 05:30:00,21,-46.0,-31.61331536613692,12.509132799656811,-21.0,4,6,1,3,-63.83684145805286,0.610210725779023
2003-11-11 06:30:00,21,-43.0,-32.19088043728754,12.509132799656811,-19.0,4,6,1,3,-64.41440652920349,0.03264565462840352
2003-11-11 07:30:00,21,-39.0,-42.75968691376067,12.509132799656811,-42.0,4,6,1,3,-74.98321300567662,-10.536160821844724
2003-11-11 08:30:00,21,-37.0,-41.006025019559424,12.509132799656811,-46.0,4,6,1,3,-73.22955111147536,-8.78249892764348
2003-11-11 09:30:00,21,-47.0,-40.31758550942963,12.509132799656811,-43.0,4,6,1,3,-72.54111160134556,-8.094059417513684
2003-11-11 10:30:00,21,-50.0,-40.73931876131251,12.509132799656811,-39.0,4,6,1,3,-72.96284485322846,-8.515792669396568
2003-11-11 11:30:00,21,-38.0,-46.53977381312741,12.509132799656811,-37.0,4,6,1,3,-78.76329990504335,-14.316247721211468
2003-11-11 12:30:00,21,-55.0,-45.579790524636735,12.509132799656811,-47.0,4,6,1,3,-77.80331661655268,-13.356264432720792
2003-11-11 13:30:00,21,-62.0,-50.85428441059657,12.509132799656811,-50.0,4,6,1,3,-83.0778105025125,-18.630758318680627
2003-11-11 14:30:00,21,-59.0,-37.45268279975062,12.509132799656811,-38.0,4,6,1,3,-69.67620889166656,-5.229156707834676
2003-11-11 15:30:00,21,-54.0,-57.760413660574926,12.509132799656811,-55.0,4,6,1,3,-89.98393975249087,-25.536887568658983
2003-11-11 16:30:00,21,-52.0,-52.39839853720863,12.509132799656811,-62.0,4,6,1,3,-84.62192462912458,-20.174872445292685
2003-11-11 17:30:00,21,-51.0,-55.8695973223617,12.509132799656811,-59.0,4,6,1,3,-88.09312341427764,-23.646071230445756
2003-11-11 18:30:00,21,-51.0,-51.13550664149679,12.509132799656811,-54.0,4,6,1,3,-83.35903273341273,-18.911980549580846
2003-11-11 19:30:00,21,-52.0,-50.32577197325887,12.509132799656811,-52.0,4,6,1,3,-82.54929806517481,-18.102245881342924
2003-11-11 20:30:00,21,-49.0,-55.26115945277181,12.509132799656811,-51.0,4,6,1,3,-87.48468554468775,-23.037633360855864
2003-11-11 21:30:00,21,-48.0,-47.64630222657552,12.509132799656811,-51.0,4,6,1,3,-79.86982831849147,-15.422776134659578
2003-11-11 22:30:00,21,-54.0,-48.72852815830362,12.509132799656811,-52.0,4,6,1,3,-80.95205425021956,-16.505002066387675
2003-11-11 23:30:00,21,-46.0,-48.51492428990878,12.509132799656811,-49.0,4,6,1,3,-80.73845038182472,-16.291398197992834
2003-11-12 00:30:00,21,-47.0,-47.73927974989467,12.509132799656811,-48.0,4,6,1,3,-79.96280584181062,-15.515753657978728
2003-11-12 01:30:00,21,-38.0,-47.8702408487337,12.509132799656811,-54.0,4,6,1,3,-80.09376694064964,-15.646714756817758
2003-11-12 02:30:00,21,-39.0,-45.350180640948274,12.509132799656811,-46.0,4,6,1,3,-77.57370673286422,-13.126654549032331
2003-11-12 03:30:00,21,-35.0,-44.40071523359888,12.509132799656811,-47.0,4,6,1,3,-76.62424132551482,-12.177189141682938
2003-11-12 04:30:00,21,-35.0,-42.07487582807563,12.509132799656811,-38.0,4,6,1,3,-74.29840191999158,-9.85134973615969
2003-11-12 05:30:00,21,-32.0,-38.03556871293319,12.509132799656811,-39.0,4,6,1,3,-70.25909480484913,-5.812042621017248
2003-11-12 06:30:00,21,-33.0,-36.6234211795831,12.509132799656811,-35.0,4,6,1,3,-68.84694727149903,-4.399895087667154
2003-11-12 07:30:00,21,-34.0,-37.202782743818304,12.509132799656811,-35.0,4,6,1,3,-69.42630883573425,-4.979256651902361
2003-11-12 08:30:00,21,-39.0,-35.30041914386113,12.509132799656811,-32.0,4,6,1,3,-67.52394523577706,-3.0768930519451843
2003-11-12 09:30:00,21,-29.0,-34.918629840391695,12.509132799656811,-33.0,4,6,1,3,-67.14215593230765,-2.695103748475752
2003-11-12 10:30:00,21,-29.0,-39.42346267435989,12.509132799656811,-34.0,4,6,1,3,-71.64698876627583,-7.1999365824439465
2003-11-12 11:30:00,21,-30.0,-38.03776567274983,12.509132799656811,-39.0,4,6,1,3,-70.26129176466577,-5.814239580833885
2003-11-12 12:30:00,21,-30.0,-31.026070527285285,12.509132799656811,-29.0,4,6,1,3,-63.24959661920123,1.1974555646306584
2003-11-12 13:30:00,21,-28.0,-28.70463449634144,12.509132799656811,-29.0,4,6,1,3,-60.928160588257384,3.5188915955745017
2003-11-12 14:30:00,21,-26.0,-32.2008819219718,12.509132799656811,-30.0,4,6,1,3,-64.42440801388774,0.022644169944143755
2003-11-12 15:30:00,21,-28.0,-30.57000011005192,12.509132799656811,-30.0,4,6,1,3,-62.793526201967865,1.6535259818640213
2003-11-12 16:30:00,21,-36.0,-26.608817295466284,12.509132799656811,-28.0,4,6,1,3,-58.832343387382224,5.6147087964496585
2003-11-12 17:30:00,21,-29.0,-26.64936294812152,12.509132799656811,-26.0,4,6,1,3,-58.872889040037464,5.574163143794422
2003-11-12 18:30:00,21,-33.0,-29.192187396088222,12.509132799656811,-28.0,4,6,1,3,-61.415713488004165,3.0313386958277206
2003-11-12 19:30:00,21,-35.0,-37.26367145954393,12.509132799656811,-36.0,4,6,1,3,-69.48719755145987,-5.040145367627986
2003-11-12 20:30:00,21,-31.0,-28.510613598654867,12.509132799656811,-29.0,4,6,1,3,-60.734139690570814,3.7129124932610758
2003-11-12 21:30:00,21,-30.0,-38.58081000686065,12.509132799656811,-33.0,4,6,1,3,-70.80433609877659,-6.357283914944709
2003-11-12 22:30:00,21,-27.0,-31.16249658499513,12.509132799656811,-35.0,4,6,1,3,-63.38602267691107,1.0610295069208142
2003-11-12 23:30:00,21,-27.0,-29.253476205324333,12.509132799656811,-31.0,4,6,1,3,-61.477002297240276,2.9700498865916103
2003-11-13 00:30:00,21,-29.0,-30.082666593491588,12.509132799656811,-30.0,4,6,1,3,-62.30619268540753,2.140859498424355
2003-11-13 01:30:00,21,-29.0,-29.36233064482287,12.509132799656811,-27.0,4,6,1,3,-61.58585673673881,2.861195447093074
2003-11-13 02:30:00,21,-25.0,-31.39216566873172,12.509132799656811,-27.0,4,6,1,3,-63.615691760647664,0.831360423184222
2003-11-13 03:30:00,21,-18.0,-31.31523112741291,12.509132799656811,-29.0,4,6,1,3,-63.53875721932886,0.9082949645030318
2003-11-13 04:30:00,21,-23.0,-27.660188823246205,12.509132799656811,-29.0,4,6,1,3,-59.883714915162145,4.563337268669738
2003-11-13 05:30:00,21,-31.0,-28.2283503284214,12.509132799656811,-25.0,4,6,1,3,-60.45187642033734,3.9951757634945437
2003-11-13 06:30:00,21,-31.0,-20.99815784675922,12.509132799656811,-18.0,4,6,1,3,-53.22168393867516,11.225368245156723
2003-11-13 07:30:00,21,-26.0,-34.3337207109141,12.509132799656811,-23.0,4,6,1,3,-66.55724680283004,-2.1101946189981575
2003-11-13 08:30:00,21,-33.0,-28.29702394822416,12.509132799656811,-31.0,4,6,1,3,-60.52055004014011,3.9265021436917813
2003-11-13 09:30:00,21,-36.0,-28.91203961673695,12.509132799656811,-31.0,4,6,1,3,-61.13556570865289,3.3114864751789916
2003-11-13 10:30:00,21,-25.0,-25.86482592462492,12.509132799656811,-26.0,4,6,1,3,-58.08835201654087,6.358700167291023
2003-11-13 11:30:00,21,-14.0,-37.03799028370256,12.509132799656811,-33.0,4,6,1,3,-69.2615163756185,-4.8144641917866196
2003-11-13 12:30:00,21,-18.0,-32.24035127474275,12.509132799656811,-36.0,4,6,1,3,-64.46387736665869,-0.016825182826806895
2003-11-13 13:30:00,21,-31.0,-24.823327635492845,12.509132799656811,-25.0,4,6,1,3,-57.04685372740879,7.400198456423098
2003-11-13 14:30:00,21,-32.0,-27.7916526692967,12.509132799656811,-14.0,4,6,1,3,-60.01517876121264,4.431873422619244
2003-11-13 15:30:00,21,-36.0,-27.538886840515303,12.509132799656811,-18.0,4,6,1,3,-59.762412932431246,4.68463925140064
2003-11-13 16:30:00,21,-44.0,-38.98494653762357,12.509132799656811,-31.0,4,6,1,3,-71.20847262953951,-6.761420445707628
2003-11-13 17:30:00,21,-52.0,-25.7719257470306,12.509132799656811,-32.0,4,6,1,3,-57.99545183894654,6.4516003448853425
2003-11-13 18:30:00,21,-46.0,-31.98698829146809,12.509132799656811,-36.0,4,6,1,3,-64.21051438338404,0.23653780044785222
2003-11-13 19:30:00,21,-59.0,-40.72947310551507,12.509132799656811,-44.0,4,6,1,3,-72.95299919743101,-8.505947013599126
2003-11-13 20:30:00,21,-59.0,-51.178838446402,12.509132799656811,-52.0,4,6,1,3,-83.40236453831794,-18.955312354486054
2003-11-13 21:30:00,21,-55.0,-41.467784684047686,12.509132799656811,-46.0,4,6,1,3,-73.69131077596363,-9.244258592131743
2003-11-13 22:30:00,21,-47.0,-51.57083112964627,12.509132799656811,-59.0,4,6,1,3,-83.79435722156222,-19.34730503773033
2003-11-13 23:30:00,21,-55.0,-58.72070633196497,12.509132799656811,-59.0,4,6,1,3,-90.94423242388092,-26.497180240049026
2003-11-14 00:30:00,21,-51.0,-48.443968686863926,12.509132799656811,-55.0,4,6,1,3,-80.66749477877987,-16.220442594947983
2003-11-14 01:30:00,21,-38.0,-48.114031161122114,12.509132799656811,-47.0,4,6,1,3,-80.33755725303806,-15.89050506920617
2003-11-14 02:30:00,21,-37.0,-51.69381538189247,12.509132799656811,-55.0,4,6,1,3,-83.91734147380842,-19.470289289976527
2003-11-14 03:30:00,21,-35.0,-48.13218807002861,12.509132799656811,-51.0,4,6,1,3,-80.35571416194455,-15.908661978112669
2003-11-14 04:30:00,21,-44.0,-38.48556102159285,12.509132799656811,-38.0,4,6,1,3,-70.70908711350879,-6.262034929676908
2003-11-14 05:30:00,21,-52.0,-39.1831534883079,12.509132799656811,-37.0,4,6,1,3,-71.40667958022385,-6.959627396391959
2003-11-14 06:30:00,21,-55.0,-43.637101366108986,12.509132799656811,-35.0,4,6,1,3,-75.86062745802494,-11.413575274193043
2003-11-14 07:30:00,21,-42.0,-39.858490860137,12.509132799656811,-44.0,4,6,1,3,-72.08201695205295,-7.63496476822106
2003-11-14 08:30:00,21,-35.0,-54.9661719577241,12.509132799656811,-52.0,4,6,1,3,-87.18969804964004,-22.742645865808157
2003-11-14 09:30:00,21,-39.0,-50.69106673218733,12.509132799656811,-55.0,4,6,1,3,-82.91459282410327,-18.467540640271388
2003-11-14 10:30:00,21,-38.0,-38.96319817097904,12.509132799656811,-42.0,4,6,1,3,-71.18672426289498,-6.739672079063098
2003-11-14 11:30:00,21,-28.0,-38.991926420571936,12.509132799656811,-35.0,4,6,1,3,-71.21545251248787,-6.768400328655993
2003-11-14 12:30:00,21,-35.0,-43.04554988815136,12.509132799656811,-39.0,4,6,1,3,-75.2690759800673,-10.82202379623542
2003-11-14 13:30:00,21,-39.0,-36.093815949522735,12.509132799656811,-38.0,4,6,1,3,-68.31734204143868,-3.8702898576067923
2003-11-14 14:30:00,21,-32.0,-36.044961602992,12.509132799656811,-28.0,4,6,1,3,-68.26848769490795,-3.8214355110760536
2003-11-14 15:30:00,21,-27.0,-40.44422150358176,12.509132799656811,-35.0,4,6,1,3,-72.6677475954977,-8.220695411665815
2003-11-14 16:30:00,21,-25.0,-33.0711053546045,12.509132799656811,-39.0,4,6,1,3,-65.29463144652044,-0.847579262688555
2003-11-14 17:30:00,21,-25.0,-30.48596895629928,12.509132799656811,-32.0,4,6,1,3,-62.709495048215224,1.7375571356166617
2003-11-14 18:30:00,21,-30.0,-28.72782769250038,12.509132799656811,-27.0,4,6,1,3,-60.95135378441633,3.495698399415563
2003-11-14 19:30:00,21,-41.0,-31.53155915773414,12.509132799656811,-25.0,4,6,1,3,-63.75508524965008,0.6919669341818029
2003-11-14 20:30:00,21,-37.0,-30.879208270638053,12.509132799656811,-25.0,4,6,1,3,-63.102734362553996,1.3443178212778903
2003-11-14 21:30:00,21,-35.0,-38.54162131670154,12.509132799656811,-30.0,4,6,1,3,-70.76514740861748,-6.318095224785594
2003-11-14 22:30:00,21,-28.0,-41.8822861106579,12.509132799656811,-41.0,4,6,1,3,-74.10581220257384,-9.658760018741958
2003-11-14 23:30:00,21,-28.0,-32.47805999515623,12.509132799656811,-37.0,4,6,1,3,-64.70158608707217,-0.25453390324028646
2003-11-15 00:30:00,21,-26.0,-35.35355139143787,12.509132799656811,-35.0,4,6,1,3,-67.5770774833538,-3.1300252995219253
2003-11-15 01:30:00,21,-18.0,-29.26104528070605,12.509132799656811,-28.0,4,6,1,3,-61.48457137262199,2.9624808112098933
2003-11-15 02:30:00,21,-19.0,-26.394628215668057,12.509132799656811,-28.0,4,6,1,3,-58.618154307584,5.828897876247886
2003-11-15 03:30:00,21,-19.0,-26.88554693406221,12.509132799656811,-26.0,4,6,1,3,-59.10907302597815,5.337979157853734
2003-11-15 04:30:00,21,-25.0,-21.869383503683103,12.509132799656811,-18.0,4,6,1,3,-54.092909595599046,10.35414258823284
2003-11-15 05:30:00,21,-26.0,-22.164887395187844,12.509132799656811,-19.0,4,6,1,3,-54.38841348710379,10.0586386967281
2003-11-15 06:30:00,21,-17.0,-19.43625989061931,12.509132799656811,-19.0,4,6,1,3,-51.659785982535254,12.787266201296632
2003-11-15 07:30:00,21,-37.0,-28.033044695496468,12.509132799656811,-25.0,4,6,1,3,-60.256570787412414,4.190481396419475
2003-11-15 08:30:00,21,-34.0,-21.753526432493608,12.509132799656811,-26.0,4,6,1,3,-53.97705252440955,10.469999659422335
2003-11-15 09:30:00,21,-46.0,-29.54074974393589,12.509132799656811,-17.0,4,6,1,3,-61.764275835851834,2.6827763479800524
2003-11-15 10:30:00,21,-39.0,-47.236488178378096,12.509132799656811,-37.0,4,6,1,3,-79.46001427029404,-15.012962086462153
2003-11-15 11:30:00,21,-37.0,-38.4027351246591,12.509132799656811,-34.0,4,6,1,3,-70.62626121657505,-6.1792090327431595
2003-11-15 12:30:00,21,-50.0,-46.547419665515406,12.509132799656811,-46.0,4,6,1,3,-78.77094575743135,-14.323893573599463
2003-11-15 13:30:00,21,-48.0,-34.44840565314112,12.509132799656811,-39.0,4,6,1,3,-66.67193174505707,-2.2248795612251797
2003-11-15 14:30:00,21,-46.0,-39.964605782307885,12.509132799656811,-37.0,4,6,1,3,-72.18813187422383,-7.741079690391942
2003-11-15 15:30:00,21,-43.0,-41.74813563810631,12.509132799656811,-50.0,4,6,1,3,-73.97166173002225,-9.52460954619037
2003-11-15 16:30:00,21,-49.0,-46.68478681027069,12.509132799656811,-48.0,4,6,1,3,-78.90831290218662,-14.461260718354744
2003-11-15 17:30:00,21,-43.0,-41.46290280388564,12.509132799656811,-46.0,4,6,1,3,-73.68642889580158,-9.239376711969697
2003-11-15 18:30:00,21,-43.0,-45.30946949119063,12.509132799656811,-43.0,4,6,1,3,-77.53299558310658,-13.08594339927469
2003-11-15 19:30:00,21,-44.0,-47.66527695277849,12.509132799656811,-49.0,4,6,1,3,-79.88880304469444,-15.441750860862548
2003-11-15 20:30:00,21,-40.0,-42.99712350234079,12.509132799656811,-43.0,4,6,1,3,-75.22064959425674,-10.773597410424848
2003-11-15 21:30:00,21,-40.0,-40.33228517817943,12.509132799656811,-43.0,4,6,1,3,-72.55581127009538,-8.10875908626349
2003-11-15 22:30:00,21,-42.0,-43.53208975795422,12.509132799656811,-44.0,4,6,1,3,-75.75561584987017,-11.308563666038275
2003-11-15 23:30:00,21,-34.0,-39.478144395667,12.509132799656811,-40.0,4,6,1,3,-71.70167048758294,-7.254618303751059
2003-11-16 00:30:00,21,-31.0,-42.023737792147095,12.509132799656811,-40.0,4,6,1,3,-74.24726388406305,-9.800211700231152
2003-11-16 01:30:00,21,-31.0,-45.029746402427776,12.509132799656811,-42.0,4,6,1,3,-77.25327249434372,-12.806220310511833
2003-11-16 02:30:00,21,-29.0,-36.71840002353253,12.509132799656811,-34.0,4,6,1,3,-68.94192611544847,-4.494873931616588
2003-11-16 03:30:00,21,-25.0,-32.31922706579339,12.509132799656811,-31.0,4,6,1,3,-64.54275315770934,-0.0957009738774488
2003-11-16 04:30:00,21,-32.0,-33.73793540759926,12.509132799656811,-31.0,4,6,1,3,-65.9614614995152,-1.5144093156833165
2003-11-16 05:30:00,21,-33.0,-36.25338814193026,12.509132799656811,-29.0,4,6,1,3,-68.4769142338462,-4.029862050014316
2003-11-16 06:30:00,21,-32.0,-28.769566516705,12.509132799656811,-25.0,4,6,1,3,-60.99309260862094,3.4539595752109413
2003-11-16 07:30:00,21,-37.0,-27.6806766251914,12.509132799656811,-32.0,4,6,1,3,-59.90420271710734,4.542849466724544
2003-11-16 08:30:00,21,-48.0,-31.868564735574346,12.509132799656811,-33.0,4,6,1,3,-64.0920908274903,0.3549613563415974
2003-11-16 09:30:00,21,-49.0,-32.43805547821561,12.509132799656811,-32.0,4,6,1,3,-64.66158157013155,-0.21452938629966667
2003-11-16 10:30:00,21,-34.0,-40.43456068131793,12.509132799656811,-37.0,4,6,1,3,-72.65808677323388,-8.21103458940199
2003-11-16 11:30:00,21,-29.0,-46.33129637387758,12.509132799656811,-48.0,4,6,1,3,-78.55482246579352,-14.107770281961635
2003-11-16 12:30:00,21,-31.0,-44.475435753544105,12.509132799656811,-49.0,4,6,1,3,-76.69896184546005,-12.251909661628162
2003-11-16 13:30:00,21,-29.0,-36.55034482500932,12.509132799656811,-34.0,4,6,1,3,-68.77387091692526,-4.326818733093376
2003-11-16 14:30:00,21,-38.0,-34.80258878874642,12.509132799656811,-29.0,4,6,1,3,-67.02611488066236,-2.5790626968304764
2003-11-16 15:30:00,21,-32.0,-35.973266381453335,12.509132799656811,-31.0,4,6,1,3,-68.19679247336927,-3.7497402895373924
2003-11-16 16:30:00,21,-28.0,-38.79298752909444,12.509132799656811,-29.0,4,6,1,3,-71.01651362101038,-6.5694614371784965
2003-11-16 17:30:00,21,-35.0,-42.1663985693055,12.509132799656811,-38.0,4,6,1,3,-74.38992466122144,-9.942872477389557
2003-11-16 18:30:00,21,-40.0,-31.984390740512232,12.509132799656811,-32.0,4,6,1,3,-64.20791683242817,0.23913535140371067
2003-11-16 19:30:00,21,-36.0,-32.115371815590855,12.509132799656811,-28.0,4,6,1,3,-64.3388979075068,0.108154276325088
2003-11-16 20:30:00,21,-33.0,-39.714413973751725,12.509132799656811,-35.0,4,6,1,3,-71.93794006566768,-7.490887881835782
2003-11-16 21:30:00,21,-36.0,-36.48073879111922,12.509132799656811,-40.0,4,6,1,3,-68.70426488303517,-4.257212699203279
2003-11-16 22:30:00,21,-37.0,-34.48736458099997,12.509132799656811,-36.0,4,6,1,3,-66.71089067291592,-2.26383848908403
2003-11-16 23:30:00,21,-32.0,-42.01417990794354,12.509132799656811,-33.0,4,6,1,3,-74.23770599985949,-9.7906538160276
2003-11-17 00:30:00,21,-27.0,-36.58259912970527,12.509132799656811,-36.0,4,6,1,3,-68.80612522162122,-4.359073037789329
2003-11-17 01:30:00,21,-33.0,-36.47941595173701,12.509132799656811,-37.0,4,6,1,3,-68.70294204365295,-4.2558898598210675
2003-11-17 02:30:00,21,-31.0,-34.717724035757115,12.509132799656811,-32.0,4,6,1,3,-66.94125012767306,-2.494197943841172
2003-11-17 03:30:00,21,-35.0,-33.94632242059726,12.509132799656811,-27.0,4,6,1,3,-66.1698485125132,-1.7227963286813193
2003-11-17 04:30:00,21,-42.0,-32.877031566091375,12.509132799656811,-33.0,4,6,1,3,-65.10055765800732,-0.6535054741754323
2003-11-17 05:30:00,21,-44.0,-34.826545773938165,12.509132799656811,-31.0,4,6,1,3,-67.05007186585411,-2.6030196820222216
2003-11-17 06:30:00,21,-48.0,-36.92640315149914,12.509132799656811,-35.0,4,6,1,3,-69.14992924341507,-4.702877059583194
2003-11-17 07:30:00,21,-43.0,-47.164648786683216,12.509132799656811,-42.0,4,6,1,3,-79.38817487859916,-14.941122694767273
2003-11-17 08:30:00,21,-41.0,-44.996581010590674,12.509132799656811,-44.0,4,6,1,3,-77.22010710250662,-12.773054918674731
2003-11-17 09:30:00,21,-39.0,-47.374593519830775,12.509132799656811,-48.0,4,6,1,3,-79.59811961174671,-15.151067427914832
2003-11-17 10:30:00,21,-34.0,-42.221130906564895,12.509132799656811,-43.0,4,6,1,3,-74.44465699848084,-9.997604814648952
2003-11-17 11:30:00,21,-25.0,-40.83722593715318,12.509132799656811,-41.0,4,6,1,3,-73.06075202906912,-8.613699845237235
2003-11-17 12:30:00,21,-25.0,-41.149298875330906,12.509132799656811,-39.0,4,6,1,3,-73.37282496724686,-8.925772783414963
2003-11-17 13:30:00,21,-26.0,-38.23267348703853,12.509132799656811,-34.0,4,6,1,3,-70.45619957895448,-6.009147395122589
2003-11-17 14:30:00,21,-36.0,-30.53018454985452,12.509132799656811,-25.0,4,6,1,3,-62.75371064177047,1.6933415420614217
2003-11-17 15:30:00,21,-42.0,-32.28731704909873,12.509132799656811,-25.0,4,6,1,3,-64.51084314101467,-0.06379095718278904
2003-11-17 16:30:00,21,-41.0,-34.04519983030983,12.509132799656811,-26.0,4,6,1,3,-66.26872592222577,-1.8216737383938906
2003-11-17 17:30:00,21,-40.0,-43.50022559419386,12.509132799656811,-36.0,4,6,1,3,-75.72375168610981,-11.276699502277914
2003-11-17 18:30:00,21,-32.0,-38.013625275820864,12.509132799656811,-42.0,4,6,1,3,-70.2371513677368,-5.790099183904921
2003-11-17 19:30:00,21,-25.0,-38.388365881395565,12.509132799656811,-41.0,4,6,1,3,-70.61189197331151,-6.164839789479622
2003-11-17 20:30:00,21,-29.0,-40.57309768016145,12.509132799656811,-40.0,4,6,1,3,-72.7966237720774,-8.34957158824551
2003-11-17 21:30:00,21,-29.0,-33.91624374877175,12.509132799656811,-32.0,4,6,1,3,-66.13976984068769,-1.6927176568558053
2003-11-17 22:30:00,21,-36.0,-30.55888066684849,12.509132799656811,-25.0,4,6,1,3,-62.78240675876444,1.6646454250674516
2003-11-17 23:30:00,21,-36.0,-34.387145848551825,12.509132799656811,-29.0,4,6,1,3,-66.61067194046777,-2.1636197566358817
2003-11-18 00:30:00,21,-27.0,-33.92970076745701,12.509132799656811,-29.0,4,6,1,3,-66.15322685937295,-1.7061746755410638
2003-11-18 01:30:00,21,-22.0,-32.69062467255315,12.509132799656811,-36.0,4,6,1,3,-64.9141507644691,-0.4670985806372059
2003-11-18 02:30:00,21,-21.0,-35.39666850508479,12.509132799656811,-36.0,4,6,1,3,-67.62019459700073,-3.173142413168847
2003-11-18 03:30:00,21,-29.0,-28.736711076485832,12.509132799656811,-27.0,4,6,1,3,-60.960237168401775,3.4868150154301105
2003-11-18 04:30:00,21,-31.0,-26.108068561035225,12.509132799656811,-22.0,4,6,1,3,-58.33159465295117,6.115457530880718
2003-11-18 05:30:00,21,-30.0,-24.566616606025978,12.509132799656811,-21.0,4,6,1,3,-56.79014269794192,7.656909485889965
2003-11-18 06:30:00,21,-30.0,-32.28344976285666,12.509132799656811,-29.0,4,6,1,3,-64.5069758547726,-0.059923670940719376
2003-11-18 07:30:00,21,-27.0,-28.42552448619167,12.509132799656811,-31.0,4,6,1,3,-60.64905057810761,3.7980016057242736
2003-11-18 08:30:00,21,-28.0,-27.919247238590152,12.509132799656811,-30.0,4,6,1,3,-60.142773330506095,4.3042788533257905
2003-11-18 09:30:00,21,-26.0,-27.67326480049291,12.509132799656811,-30.0,4,6,1,3,-59.89679089240885,4.550261291423034
2003-11-18 10:30:00,21,-20.0,-27.75869059434659,12.509132799656811,-27.0,4,6,1,3,-59.98221668626253,4.464835497569354
2003-11-18 11:30:00,21,-23.0,-28.38388177542453,12.509132799656811,-28.0,4,6,1,3,-60.60740786734047,3.8396443164914125
2003-11-18 12:30:00,21,-27.0,-25.4766698168202,12.509132799656811,-26.0,4,6,1,3,-57.70019590873614,6.746856275095745
2003-11-18 13:30:00,21,-28.0,-23.758839467088823,12.509132799656811,-20.0,4,6,1,3,-55.98236555900476,8.46468662482712
2003-11-18 14:30:00,21,-31.0,-27.67119068388632,12.509132799656811,-23.0,4,6,1,3,-59.894716775802266,4.552335408029624
2003-11-18 15:30:00,21,-27.0,-30.635781085053395,12.509132799656811,-27.0,4,6,1,3,-62.85930717696934,1.5877450068625478
2003-11-18 16:30:00,21,-26.0,-27.293671888121544,12.509132799656811,-28.0,4,6,1,3,-59.51719798003749,4.929854203794399
2003-11-18 17:30:00,21,-29.0,-28.071503435377394,12.509132799656811,-31.0,4,6,1,3,-60.29502952729334,4.1520226565385485
2003-11-18 18:30:00,21,-22.0,-24.38439064701842,12.509132799656811,-27.0,4,6,1,3,-56.607916738934364,7.839135444897522
2003-11-18 19:30:00,21,-22.0,-26.97625868261837,12.509132799656811,-26.0,4,6,1,3,-59.19978477453431,5.247267409297574
2003-11-18 20:30:00,21,-20.0,-30.66286829722696,12.509132799656811,-29.0,4,6,1,3,-62.88639438914291,1.5606577946889821
2003-11-18 21:30:00,21,-16.0,-21.90040823884151,12.509132799656811,-22.0,4,6,1,3,-54.12393433075745,10.323117853074432
2003-11-18 22:30:00,21,-15.0,-23.724068582742703,12.509132799656811,-22.0,4,6,1,3,-55.947594674658646,8.49945750917324
2003-11-18 23:30:00,21,-17.0,-23.03162301904098,12.509132799656811,-20.0,4,6,1,3,-55.25514911095692,9.191903072874965
2003-11-19 00:30:00,21,-15.0,-19.37883182736177,12.509132799656811,-16.0,4,6,1,3,-51.60235791927771,12.844694264554175
2003-11-19 01:30:00,21,-18.0,-19.92856542923424,12.509132799656811,-15.0,4,6,1,3,-52.15209152115018,12.294960662681703
2003-11-19 02:30:00,21,-18.0,-20.16470192717476,12.509132799656811,-17.0,4,6,1,3,-52.388228019090704,12.058824164741182
2003-11-19 03:30:00,21,-18.0,-15.091086262999095,12.509132799656811,-15.0,4,6,1,3,-47.31461235491504,17.132439828916848
2003-11-19 04:30:00,21,-22.0,-17.99015417175249,12.509132799656811,-18.0,4,6,1,3,-50.21368026366844,14.233371920163453
2003-11-19 05:30:00,21,-27.0,-16.845181520746873,12.509132799656811,-18.0,4,6,1,3,-49.06870761266282,15.37834457116907
2003-11-19 06:30:00,21,-26.0,-16.27088155174025,12.509132799656811,-18.0,4,6,1,3,-48.49440764365619,15.952644540175694
2003-11-19 07:30:00,21,-26.0,-21.824395590316584,12.509132799656811,-22.0,4,6,1,3,-54.04792168223253,10.399130501599359
2003-11-19 08:30:00,21,-25.0,-24.69525562696407,12.509132799656811,-27.0,4,6,1,3,-56.91878171888001,7.5282704649518735
2003-11-19 09:30:00,21,-21.0,-25.30065085223116,12.509132799656811,-26.0,4,6,1,3,-57.5241769441471,6.922875239684782
2003-11-19 10:30:00,21,-17.0,-23.055663890221066,12.509132799656811,-26.0,4,6,1,3,-55.27918998213701,9.167862201694877
2003-11-19 11:30:00,21,-16.0,-22.26811891423413,12.509132799656811,-25.0,4,6,1,3,-54.49164500615007,9.955407177681813
2003-11-19 12:30:00,21,-17.0,-19.68057114921327,12.509132799656811,-21.0,4,6,1,3,-51.904097241129215,12.542954942702671
2003-11-19 13:30:00,21,-21.0,-21.48890168419463,12.509132799656811,-17.0,4,6,1,3,-53.71242777611057,10.734624407721313
2003-11-19 14:30:00,21,-18.0,-18.01676223853503,12.509132799656811,-16.0,4,6,1,3,-50.24028833045097,14.206763853380913
2003-11-19 15:30:00,21,-17.0,-20.51220261964119,12.509132799656811,-17.0,4,6,1,3,-52.73572871155713,11.711323472274753
2003-11-19 16:30:00,21,-14.0,-20.44970841140654,12.509132799656811,-21.0,4,6,1,3,-52.67323450332248,11.773817680509403
2003-11-19 17:30:00,21,-16.0,-16.45240400588289,12.509132799656811,-18.0,4,6,1,3,-48.67593009779883,15.771122086033053
2003-11-19 18:30:00,21,-11.0,-16.454363810057913,12.509132799656811,-17.0,4,6,1,3,-48.677889901973856,15.76916228185803
2003-11-19 19:30:00,21,-6.0,-15.283754463578791,12.509132799656811,-14.0,4,6,1,3,-47.50728055549473,16.93977162833715
2003-11-19 20:30:00,21,-6.0,-15.506607970714942,12.509132799656811,-16.0,4,6,1,3,-47.73013406263088,16.716918121201
2003-11-19 21:30:00,21,-3.0,-11.01213662028266,12.509132799656811,-11.0,4,6,1,3,-43.235662712198604,21.211389471633282
2003-11-19 22:30:00,21,-2.0,-9.663525187578308,12.509132799656811,-6.0,4,6,1,3,-41.88705127949425,22.560000904337635
2003-11-19 23:30:00,21,-4.0,-7.856078441246979,12.509132799656811,-6.0,4,6,1,3,-40.07960453316292,24.367447650668964
2003-11-20 00:30:00,21,-4.0,-5.229053645754544,12.509132799656811,-3.0,4,6,1,3,-37.45257973767049,26.9944724461614
2003-11-20 01:30:00,21,-6.0,-3.971996802519701,12.509132799656811,-2.0,4,6,1,3,-36.19552289443564,28.25152928939624
2003-11-20 02:30:00,21,-5.0,-4.833325618975287,12.509132799656811,-4.0,4,6,1,3,-37.05685171089123,27.390200472940656
2003-11-20 03:30:00,21,-7.0,-4.80321765814368,12.509132799656811,-4.0,4,6,1,3,-37.02674375005962,27.420308433772263
2003-11-20 04:30:00,21,-15.0,-4.913683277336887,12.509132799656811,-6.0,4,6,1,3,-37.13720936925283,27.309842814579056
2003-11-20 05:30:00,21,-26.0,-6.967599000497827,12.509132799656811,-5.0,4,6,1,3,-39.19112509241377,25.255927091418116
2003-11-20 06:30:00,21,-32.0,-10.755765115799104,12.509132799656811,-7.0,4,6,1,3,-42.97929120771505,21.46776097611684
2003-11-20 07:30:00,21,-34.0,-23.66821757606593,12.509132799656811,-15.0,4,6,1,3,-55.89174366798187,8.555308515850012
2003-11-20 08:30:00,21,-17.0,-32.002945254785494,12.509132799656811,-26.0,4,6,1,3,-64.22647134670143,0.22058083713044851
2003-11-20 09:30:00,21,-38.0,-37.75853566298284,12.509132799656811,-32.0,4,6,1,3,-69.98206175489878,-5.535009571066894
2003-11-20 10:30:00,21,-68.0,-36.0765243459129,12.509132799656811,-34.0,4,6,1,3,-68.30005043782884,-3.852998253996958
2003-11-20 11:30:00,21,-58.0,-22.40045744943761,12.509132799656811,-17.0,4,6,1,3,-54.62398354135355,9.823068642478333
2003-11-20 12:30:00,21,-49.0,-59.40468595110796,12.509132799656811,-38.0,4,6,1,3,-91.6282120430239,-27.181159859192014
2003-11-20 13:30:00,21,-102.0,-53.63953808524598,12.509132799656811,-68.0,4,6,1,3,-85.86306417716193,-21.416011993330038
2003-11-20 14:30:00,21,-162.0,-57.13361528083226,12.509132799656811,-58.0,4,6,1,3,-89.3571413727482,-24.910089188916317
2003-11-20 15:30:00,21,-171.0,-112.2813582293566,12.509132799656811,-49.0,4,6,1,3,-144.50488432127253,-80.05783213744066
2003-11-20 16:30:00,21,-229.0,-151.58135798601816,12.509132799656811,-102.0,4,6,1,3,-183.8048840779341,-119.35783189410222
2003-11-20 17:30:00,21,-329.0,-261.9324327104852,12.509132799656811,-162.0,4,6,1,3,-294.1559588024012,-229.70890661856927
2003-11-20 18:30:00,21,-396.0,-287.8028487654652,12.509132799656811,-171.0,4,6,1,3,-320.02637485738114,-255.57932267354929
2003-11-20 19:30:00,21,-413.0,-342.30110146350296,12.509132799656811,-229.0,4,6,1,3,-374.5246275554189,-310.07757537158705
2003-11-20 20:30:00,21,-422.0,-384.2934968023934,12.509132799656811,-329.0,4,6,1,3,-416.5170228943093,-352.0699707104775
2003-11-20 21:30:00,21,-422.0,-386.7365661657221,12.509132799656811,-396.0,4,6,1,3,-418.96009225763805,-354.5130400738061
2003-11-20 22:30:00,21,-405.0,-333.8894536036084,12.509132799656811,-413.0,4,6,1,3,-366.11297969552436,-301.6659275116924
2003-11-20 23:30:00,21,-343.0,-308.57412506707186,12.509132799656811,-422.0,4,6,1,3,-340.79765115898783,-276.3505989751559
2003-11-21 00:30:00,21,-309.0,-290.8857401636752,12.509132799656811,-422.0,4,6,1,3,-323.10926625559114,-258.6622140717593
2003-11-21 01:30:00,21,-256.0,-275.5909233597088,12.509132799656811,-405.0,4,6,1,3,-307.8144494516248,-243.36739726779288
2003-11-21 02:30:00,21,-230.0,-252.22448870124435,12.509132799656811,-343.0,4,6,1,3,-284.44801479316027,-220.0009626093284
2003-11-21 03:30:00,21,-194.0,-229.47998646648028,12.509132799656811,-309.0,4,6,1,3,-261.70351255839626,-197.25646037456434
2003-11-21 04:30:00,21,-191.0,-192.78579147821355,12.509132799656811,-256.0,4,6,1,3,-225.0093175701295,-160.5622653862976
2003-11-21 05:30:00,21,-185.0,-170.5140627116677,12.509132799656811,-230.0,4,6,1,3,-202.73758880358363,-138.29053661975175
2003-11-21 06:30:00,21,-156.0,-154.79591910639925,12.509132799656811,-194.0,4,6,1,3,-187.0194451983152,-122.57239301448331
2003-11-21 07:30:00,21,-162.0,-155.8978499989678,12.509132799656811,-191.0,4,6,1,3,-188.12137609088376,-123.67432390705187
2003-11-21 08:30:00,21,-162.0,-159.49249711071613,12.509132799656811,-185.0,4,6,1,3,-191.71602320263207,-127.26897101880019
2003-11-21 09:30:00,21,-141.0,-157.49277344217782,12.509132799656811,-156.0,4,6,1,3,-189.71629953409376,-125.26924735026188
2003-11-21 10:30:00,21,-130.0,-160.84946870632615,12.509132799656811,-162.0,4,6,1,3,-193.0729947982421,-128.6259426144102
2003-11-21 11:30:00,21,-122.0,-141.24134471337416,12.509132799656811,-162.0,4,6,1,3,-173.4648708052901,-109.01781862145822
2003-11-21 12:30:00,21,-118.0,-122.39947116717944,12.509132799656811,-141.0,4,6,1,3,-154.62299725909537,-90.1759450752635
2003-11-21 13:30:00,21,-117.0,-111.8397050410157,12.509132799656811,-130.0,4,6,1,3,-144.06323113293166,-79.61617894909976
2003-11-21 14:30:00,21,-110.0,-106.38090311738182,12.509132799656811,-122.0,4,6,1,3,-138.60442920929776,-74.15737702546588
2003-11-21 15:30:00,21,-104.0,-102.7248435001095,12.509132799656811,-118.0,4,6,1,3,-134.94836959202544,-70.50131740819356
2003-11-21 16:30:00,21,-105.0,-98.19692467343188,12.509132799656811,-117.0,4,6,1,3,-130.42045076534782,-65.97339858151594
2003-11-21 17:30:00,21,-104.0,-96.21643279188793,12.509132799656811,-110.0,4,6,1,3,-128.43995888380385,-63.99290669997198
2003-11-21 18:30:00,21,-92.0,-97.17508755381074,12.509132799656811,-104.0,4,6,1,3,-129.3986136457267,-64.9515614618948
2003-11-21 19:30:00,21,-86.0,-93.23030999495138,12.509132799656811,-105.0,4,6,1,3,-125.45383608686733,-61.00678390303544
2003-11-21 20:30:00,21,-83.0,-91.47710990022492,12.509132799656811,-104.0,4,6,1,3,-123.70063599214086,-59.253583808308974
2003-11-21 21:30:00,21,-76.0,-81.82554182489636,12.509132799656811,-92.0,4,6,1,3,-114.0490679168123,-49.60201573298042
2003-11-21 22:30:00,21,-69.0,-82.23228479284272,12.509132799656811,-86.0,4,6,1,3,-114.45581088475866,-50.008758700926776
2003-11-21 23:30:00,21,-63.0,-71.37980604589131,12.509132799656811,-83.0,4,6,1,3,-103.60333213780726,-39.15627995397537
2003-11-22 00:30:00,21,-60.0,-60.24924439451854,12.509132799656811,-76.0,4,6,1,3,-92.47277048643448,-28.0257183026026
2003-11-22 01:30:00,21,-71.0,-50.26725879497929,12.509132799656811,-69.0,4,6,1,3,-82.49078488689523,-18.04373270306335
2003-11-22 02:30:00,21,-79.0,-45.22119527040409,12.509132799656811,-63.0,4,6,1,3,-77.44472136232002,-12.997669178488145
2003-11-22 03:30:00,21,-74.0,-44.3087978016849,12.509132799656811,-60.0,4,6,1,3,-76.53232389360085,-12.085271709768953
2003-11-22 04:30:00,21,-68.0,-72.36326603674559,12.509132799656811,-71.0,4,6,1,3,-104.58679212866153,-40.13973994482964
2003-11-22 05:30:00,21,-70.0,-61.31971377607077,12.509132799656811,-79.0,4,6,1,3,-93.54323986798671,-29.096187684154827
2003-11-22 06:30:00,21,-74.0,-63.86629446797973,12.509132799656811,-74.0,4,6,1,3,-96.08982055989567,-31.642768376063785
2003-11-22 07:30:00,21,-69.0,-62.37494604982926,12.509132799656811,-68.0,4,6,1,3,-94.5984721417452,-30.15141995791332
2003-11-22 08:30:00,21,-65.0,-64.11177614938047,12.509132799656811,-70.0,4,6,1,3,-96.33530224129642,-31.888250057464532
2003-11-22 09:30:00,21,-59.0,-62.73651001497125,12.509132799656811,-74.0,4,6,1,3,-94.9600361068872,-30.51298392305531
2003-11-22 10:30:00,21,-50.0,-63.12350252459196,12.509132799656811,-69.0,4,6,1,3,-95.34702861650791,-30.89997643267602
2003-11-22 11:30:00,21,-44.0,-56.63577724801692,12.509132799656811,-65.0,4,6,1,3,-88.85930333993286,-24.41225115610098
2003-11-22 12:30:00,21,-42.0,-54.7555436248614,12.509132799656811,-59.0,4,6,1,3,-86.97906971677735,-22.53201753294546
2003-11-22 13:30:00,21,-40.0,-49.92553855800762,12.509132799656811,-50.0,4,6,1,3,-82.14906464992356,-17.702012466091674
2003-11-22 14:30:00,21,-43.0,-53.72335355248284,12.509132799656811,-44.0,4,6,1,3,-85.94687964439879,-21.499827460566898
2003-11-22 15:30:00,21,-54.0,-39.51606825573754,12.509132799656811,-42.0,4,6,1,3,-71.73959434765348,-7.292542163821594
2003-11-22 16:30:00,21,-63.0,-40.939288170829805,12.509132799656811,-40.0,4,6,1,3,-73.16281426274574,-8.715762078913862
2003-11-22 17:30:00,21,-64.0,-46.09425106367018,12.509132799656811,-43.0,4,6,1,3,-78.31777715558613,-13.870724971754235
2003-11-22 18:30:00,21,-72.0,-52.66912449827303,12.509132799656811,-54.0,4,6,1,3,-84.89265059018896,-20.445598406357085
2003-11-22 19:30:00,21,-85.0,-63.44695324638127,12.509132799656811,-63.0,4,6,1,3,-95.67047933829721,-31.223427154465327
2003-11-22 20:30:00,21,-86.0,-69.41844358200004,12.509132799656811,-64.0,4,6,1,3,-101.64196967391598,-37.194917490084094
2003-11-22 21:30:00,21,-83.0,-71.67365155406048,12.509132799656811,-72.0,4,6,1,3,-103.89717764597643,-39.45012546214454
2003-11-22 22:30:00,21,-87.0,-72.91471375637299,12.509132799656811,-85.0,4,6,1,3,-105.13823984828893,-40.69118766445705
2003-11-22 23:30:00,21,-86.0,-81.08656257076842,12.509132799656811,-86.0,4,6,1,3,-113.31008866268436,-48.86303647885248
2003-11-23 00:30:00,21,-79.0,-74.65976525149999,12.509132799656811,-83.0,4,6,1,3,-106.88329134341593,-42.43623915958405
2003-11-23 01:30:00,21,-69.0,-79.79995738576993,12.509132799656811,-87.0,4,6,1,3,-112.02348347768587,-47.576431293853986
2003-11-23 02:30:00,21,-65.0,-74.55688633796402,12.509132799656811,-86.0,4,6,1,3,-106.78041242987996,-42.33336024604807
2003-11-23 03:30:00,21,-73.0,-70.89707772791114,12.509132799656811,-79.0,4,6,1,3,-103.12060381982708,-38.673551635995196
2003-11-23 04:30:00,21,-74.0,-66.93331634335176,12.509132799656811,-69.0,4,6,1,3,-99.1568424352677,-34.70979025143582
2003-11-23 05:30:00,21,-74.0,-66.35792329726318,12.509132799656811,-65.0,4,6,1,3,-98.58144938917913,-34.13439720534724
2003-11-23 06:30:00,21,-66.0,-64.05227908798344,12.509132799656811,-73.0,4,6,1,3,-96.27580517989938,-31.828752996067493
2003-11-23 07:30:00,21,-70.0,-74.86416725351296,12.509132799656811,-74.0,4,6,1,3,-107.0876933454289,-42.64064116159702
2003-11-23 08:30:00,21,-71.0,-64.48405249741299,12.509132799656811,-74.0,4,6,1,3,-96.70757858932893,-32.260526405497046
2003-11-23 09:30:00,21,-66.0,-62.65338155976093,12.509132799656811,-66.0,4,6,1,3,-94.87690765167687,-30.429855467844988
2003-11-23 10:30:00,21,-59.0,-60.82289033717541,12.509132799656811,-70.0,4,6,1,3,-93.04641642909135,-28.599364245259466
2003-11-23 11:30:00,21,-51.0,-62.22774348621069,12.509132799656811,-71.0,4,6,1,3,-94.45126957812664,-30.00421739429475
2003-11-23 12:30:00,21,-46.0,-60.04700807280112,12.509132799656811,-66.0,4,6,1,3,-92.27053416471706,-27.823481980885177
2003-11-23 13:30:00,21,-49.0,-52.847613407589904,12.509132799656811,-59.0,4,6,1,3,-85.07113949950585,-20.62408731567396
2003-11-23 14:30:00,21,-41.0,-48.72517158133293,12.509132799656811,-51.0,4,6,1,3,-80.94869767324887,-16.501645489416987
2003-11-23 15:30:00,21,-38.0,-49.14962330795656,12.509132799656811,-46.0,4,6,1,3,-81.3731493998725,-16.926097216040617
2003-11-23 16:30:00,21,-35.0,-46.94209897526078,12.509132799656811,-49.0,4,6,1,3,-79.16562506717672,-14.718572883344834
2003-11-23 17:30:00,21,-33.0,-40.73701715727992,12.509132799656811,-41.0,4,6,1,3,-72.96054324919587,-8.51349106536398
2003-11-23 18:30:00,21,-35.0,-37.24605369583706,12.509132799656811,-38.0,4,6,1,3,-69.469579787753,-5.0225276039211195
2003-11-23 19:30:00,21,-38.0,-34.51176601975028,12.509132799656811,-35.0,4,6,1,3,-66.73529211166623,-2.28823992783434
2003-11-23 20:30:00,21,-46.0,-33.667232173417624,12.509132799656811,-33.0,4,6,1,3,-65.89075826533357,-1.4437060815016807
2003-11-23 21:30:00,21,-47.0,-36.38262346428377,12.509132799656811,-35.0,4,6,1,3,-68.60614955619971,-4.159097372367825
2003-11-23 22:30:00,21,-41.0,-38.08547376701279,12.509132799656811,-38.0,4,6,1,3,-70.30899985892873,-5.86194767509685
2003-11-23 23:30:00,21,-36.0,-45.29031391248397,12.509132799656811,-46.0,4,6,1,3,-77.51384000439991,-13.066787820568024
2003-11-24 00:30:00,21,-32.0,-40.40239907774808,12.509132799656811,-47.0,4,6,1,3,-72.62592516966401,-8.178872985832136
2003-11-24 01:30:00,21,-33.0,-37.85988074254899,12.509132799656811,-41.0,4,6,1,3,-70.08340683446494,-5.636354650633045
2003-11-24 02:30:00,21,-30.0,-34.574840889639795,12.509132799656811,-36.0,4,6,1,3,-66.79836698155574,-2.3513147977238518
2003-11-24 03:30:00,21,-29.0,-33.73522262004417,12.509132799656811,-32.0,4,6,1,3,-65.95874871196011,-1.5116965281282262
2003-11-24 04:30:00,21,-29.0,-32.8629596204577,12.509132799656811,-33.0,4,6,1,3,-65.08648571237364,-0.6394335285417583
2003-11-24 05:30:00,21,-30.0,-27.63371383660788,12.509132799656811,-30.0,4,6,1,3,-59.857239928523825,4.589812255308065
2003-11-24 06:30:00,21,-30.0,-26.14537593018129,12.509132799656811,-29.0,4,6,1,3,-58.36890202209723,6.078150161734651
2003-11-24 07:30:00,21,-29.0,-26.451330594036648,12.509132799656811,-29.0,4,6,1,3,-58.67485668595259,5.772195497879295
2003-11-24 08:30:00,21,-27.0,-25.88450813672277,12.509132799656811,-30.0,4,6,1,3,-58.108034228638715,6.3390179551931745
2003-11-24 09:30:00,21,-29.0,-26.933640619512246,12.509132799656811,-30.0,4,6,1,3,-59.15716671142819,5.2898854724036966
2003-11-24 10:30:00,21,-28.0,-27.688967688791383,12.509132799656811,-29.0,4,6,1,3,-59.91249378070732,4.53455840312456
2003-11-24 11:30:00,21,-28.0,-25.054313249390063,12.509132799656811,-27.0,4,6,1,3,-57.277839341306006,7.16921284252588
2003-11-24 12:30:00,21,-26.0,-25.962381632392407,12.509132799656811,-29.0,4,6,1,3,-58.18590772430835,6.2611444595235355
2003-11-24 13:30:00,21,-27.0,-23.08275934881382,12.509132799656811,-28.0,4,6,1,3,-55.306285440729766,9.140766743102123
2003-11-24 14:30:00,21,-27.0,-25.088583092680416,12.509132799656811,-28.0,4,6,1,3,-57.31210918459636,7.134942999235527
2003-11-24 15:30:00,21,-26.0,-23.44503250600638,12.509132799656811,-26.0,4,6,1,3,-55.66855859792233,8.778493585909562
2003-11-24 16:30:00,21,-23.0,-31.414075622538533,12.509132799656811,-27.0,4,6,1,3,-63.637601714454476,0.8094504693774098
2003-11-24 17:30:00,21,-27.0,-26.75428270822804,12.509132799656811,-27.0,4,6,1,3,-58.97780880014398,5.469243383687903
2003-11-24 18:30:00,21,-28.0,-22.032015401970387,12.509132799656811,-26.0,4,6,1,3,-54.25554149388633,10.191510689945556
2003-11-24 19:30:00,21,-26.0,-26.74524918254142,12.509132799656811,-23.0,4,6,1,3,-58.968775274457364,5.478276909374522
2003-11-24 20:30:00,21,-31.0,-24.20616960414566,12.509132799656811,-27.0,4,6,1,3,-56.4296956960616,8.017356487770282
2003-11-24 21:30:00,21,-32.0,-26.74910623184932,12.509132799656811,-28.0,4,6,1,3,-58.97263232376527,5.474419860066622
2003-11-24 22:30:00,21,-33.0,-25.12759491136582,12.509132799656811,-26.0,4,6,1,3,-57.35112100328176,7.095931180550124
2003-11-24 23:30:00,21,-28.0,-30.585891528554697,12.509132799656811,-31.0,4,6,1,3,-62.80941762047064,1.637634563361246
2003-11-25 00:30:00,21,-27.0,-26.863267952996523,12.509132799656811,-32.0,4,6,1,3,-59.086794044912466,5.36025813891942
2003-11-25 01:30:00,21,-27.0,-28.29886375278197,12.509132799656811,-33.0,4,6,1,3,-60.52238984469791,3.924662339133974
2003-11-25 02:30:00,21,-27.0,-29.133439621400576,12.509132799656811,-28.0,4,6,1,3,-61.35696571331652,3.0900864705153666
2003-11-25 03:30:00,21,-25.0,-27.048901958004897,12.509132799656811,-27.0,4,6,1,3,-59.27242804992084,5.1746241339110455
2003-11-25 04:30:00,21,-28.0,-28.681205850696585,12.509132799656811,-27.0,4,6,1,3,-60.90473194261253,3.5423202412193575
2003-11-25 05:30:00,21,-35.0,-25.105215835832688,12.509132799656811,-27.0,4,6,1,3,-57.32874192774863,7.118310256083255
2003-11-25 06:30:00,21,-33.0,-25.50105476273212,12.509132799656811,-25.0,4,6,1,3,-57.72458085464807,6.722471329183822
2003-11-25 07:30:00,21,-28.0,-28.94114378930132,12.509132799656811,-28.0,4,6,1,3,-61.164669881217264,3.2823823026146215
2003-11-25 08:30:00,21,-26.0,-28.471362065094315,12.509132799656811,-35.0,4,6,1,3,-60.694888157010254,3.752164026821628
2003-11-25 09:30:00,21,-31.0,-27.099077437762155,12.509132799656811,-33.0,4,6,1,3,-59.3226035296781,5.124448654153788
2003-11-25 10:30:00,21,-26.0,-27.04114691165243,12.509132799656811,-28.0,4,6,1,3,-59.264673003568376,5.1823791802635135
2003-11-25 11:30:00,21,-23.0,-28.07472693220387,12.509132799656811,-26.0,4,6,1,3,-60.298253024119816,4.148799159712073
2003-11-25 12:30:00,21,-22.0,-25.46721942042544,12.509132799656811,-31.0,4,6,1,3,-57.69074551234138,6.756306671490503
2003-11-25 13:30:00,21,-21.0,-24.507088833826423,12.509132799656811,-26.0,4,6,1,3,-56.730614925742366,7.71643725808952
2003-11-25 14:30:00,21,-20.0,-24.910204514765148,12.509132799656811,-23.0,4,6,1,3,-57.13373060668109,7.313321577150795
2003-11-25 15:30:00,21,-23.0,-21.061455085607665,12.509132799656811,-22.0,4,6,1,3,-53.284981177523605,11.162071006308278
2003-11-25 16:30:00,21,-24.0,-21.747450243345043,12.509132799656811,-21.0,4,6,1,3,-53.970976335260985,10.4760758485709
2003-11-25 17:30:00,21,-25.0,-23.1921591894162,12.509132799656811,-20.0,4,6,1,3,-55.415685281332145,9.031366902499744
2003-11-25 18:30:00,21,-23.0,-25.772004230192564,12.509132799656811,-23.0,4,6,1,3,-57.99553032210851,6.4515218617233785
2003-11-25 19:30:00,21,-17.0,-19.51019785381908,12.509132799656811,-24.0,4,6,1,3,-51.73372394573502,12.713328238096864
2003-11-25 20:30:00,21,-14.0,-22.83060375505268,12.509132799656811,-25.0,4,6,1,3,-55.05412984696862,9.392922336863261
2003-11-25 21:30:00,21,-12.0,-19.982881464504047,12.509132799656811,-23.0,4,6,1,3,-52.20640755641999,12.240644627411896
2003-11-25 22:30:00,21,-14.0,-18.5791168428022,12.509132799656811,-17.0,4,6,1,3,-50.80264293471814,13.644409249113743
2003-11-25 23:30:00,21,-19.0,-16.73326566921289,12.509132799656811,-14.0,4,6,1,3,-48.956791761128834,15.490260422703052
2003-11-26 00:30:00,21,-19.0,-17.109955273309883,12.509132799656811,-12.0,4,6,1,3,-49.33348136522582,15.11357081860606
2003-11-26 01:30:00,21,-21.0,-21.07159761249604,12.509132799656811,-14.0,4,6,1,3,-53.29512370441198,11.151928479419905
2003-11-26 02:30:00,21,-23.0,-19.401884265675868,12.509132799656811,-19.0,4,6,1,3,-51.62541035759181,12.821641826240075
2003-11-26 03:30:00,21,-23.0,-18.71209234279848,12.509132799656811,-19.0,4,6,1,3,-50.93561843471443,13.511433749117462
2003-11-26 04:30:00,21,-22.0,-21.08672211401391,12.509132799656811,-21.0,4,6,1,3,-53.31024820592985,11.136803977902034
2003-11-26 05:30:00,21,-21.0,-20.26860225925349,12.509132799656811,-23.0,4,6,1,3,-52.492128351169434,11.954923832662452
2003-11-26 06:30:00,21,-23.0,-20.17861619558628,12.509132799656811,-23.0,4,6,1,3,-52.40214228750222,12.044909896329663
2003-11-26 07:30:00,21,-24.0,-20.763707030645392,12.509132799656811,-22.0,4,6,1,3,-52.987233122561335,11.45981906127055
2003-11-26 08:30:00,21,-20.0,-18.5699968718937,12.509132799656811,-21.0,4,6,1,3,-50.79352296380964,13.653529220022243
2003-11-26 09:30:00,21,-19.0,-19.770625459108288,12.509132799656811,-23.0,4,6,1,3,-51.99415155102423,12.452900632807655
2003-11-26 10:30:00,21,-17.0,-22.078842551176148,12.509132799656811,-24.0,4,6,1,3,-54.302368643092095,10.144683540739795
2003-11-26 11:30:00,21,-12.0,-17.77137496441607,12.509132799656811,-20.0,4,6,1,3,-49.99490105633201,14.452151127499874
2003-11-26 12:30:00,21,-12.0,-17.06793607085271,12.509132799656811,-19.0,4,6,1,3,-49.29146216276865,15.155590021063233
2003-11-26 13:30:00,21,-20.0,-17.67201073161185,12.509132799656811,-17.0,4,6,1,3,-49.89553682352779,14.551515360304094
2003-11-26 14:30:00,21,-20.0,-14.248785632291597,12.509132799656811,-12.0,4,6,1,3,-46.47231172420754,17.974740459624346
2003-11-26 15:30:00,21,-16.0,-20.517853407303125,12.509132799656811,-12.0,4,6,1,3,-52.741379499219065,11.705672684612818
2003-11-26 16:30:00,21,-22.0,-18.29465291608141,12.509132799656811,-20.0,4,6,1,3,-50.518179007997354,13.928873175834532
2003-11-26 17:30:00,21,-22.0,-17.69150640402038,12.509132799656811,-20.0,4,6,1,3,-49.91503249593632,14.532019687895563
2003-11-26 18:30:00,21,-19.0,-18.24216019253103,12.509132799656811,-16.0,4,6,1,3,-50.465686284446974,13.981365899384912
2003-11-26 19:30:00,21,-17.0,-18.055937848167154,12.509132799656811,-22.0,4,6,1,3,-50.2794639400831,14.167588243748789
2003-11-26 20:30:00,21,-13.0,-19.82661352695922,12.509132799656811,-22.0,4,6,1,3,-52.050139618875164,12.396912564956722
2003-11-26 21:30:00,21,-12.0,-19.92318535160925,12.509132799656811,-19.0,4,6,1,3,-52.14671144352519,12.300340740306694
2003-11-26 22:30:00,21,-15.0,-16.557887650446617,12.509132799656811,-17.0,4,6,1,3,-48.78141374236256,15.665638441469326
2003-11-26 23:30:00,21,-15.0,-15.571680748923342,12.509132799656811,-13.0,4,6,1,3,-47.795206840839285,16.6518453429926
2003-11-27 00:30:00,21,-14.0,-14.781359857620592,12.509132799656811,-12.0,4,6,1,3,-47.004885949536536,17.44216623429535
2003-11-27 01:30:00,21,-13.0,-18.07057438915624,12.509132799656811,-15.0,4,6,1,3,-50.29410048107218,14.152951702759704
2003-11-27 02:30:00,21,-16.0,-14.327530404802827,12.509132799656811,-15.0,4,6,1,3,-46.55105649671877,17.895995687113114
2003-11-27 03:30:00,21,-17.0,-12.547358263412228,12.509132799656811,-14.0,4,6,1,3,-44.77088435532817,19.676167828503715
2003-11-27 04:30:00,21,-14.0,-13.285890504748073,12.509132799656811,-13.0,4,6,1,3,-45.50941659666402,18.93763558716787
2003-11-27 05:30:00,21,-14.0,-14.899918341993889,12.509132799656811,-16.0,4,6,1,3,-47.12344443390983,17.323607749922054
2003-11-27 06:30:00,21,-13.0,-15.17830039238045,12.509132799656811,-17.0,4,6,1,3,-47.40182648429639,17.045225699535493
2003-11-27 07:30:00,21,-12.0,-13.15518077951478,12.509132799656811,-14.0,4,6,1,3,-45.37870687143072,19.068345312401163
2003-11-27 08:30:00,21,-10.0,-15.488998169067983,12.509132799656811,-14.0,4,6,1,3,-47.712524260983926,16.73452792284796
2003-11-27 09:30:00,21,-9.0,-13.289780539732735,12.509132799656811,-13.0,4,6,1,3,-45.513306631648675,18.933745552183208
2003-11-27 10:30:00,21,-5.0,-10.720886743644192,12.509132799656811,-12.0,4,6,1,3,-42.944412835560136,21.50263934827175
2003-11-27 11:30:00,21,-4.0,-10.592774924815869,12.509132799656811,-10.0,4,6,1,3,-42.81630101673181,21.630751167100073
2003-11-27 12:30:00,21,-5.0,-10.907863208825276,12.509132799656811,-9.0,4,6,1,3,-43.13138930074122,21.315662883090667
2003-11-27 13:30:00,21,-11.0,-7.4882289985244945,12.509132799656811,-5.0,4,6,1,3,-39.711755090440434,24.73529709339145
2003-11-27 14:30:00,21,-12.0,-6.295576120465601,12.509132799656811,-4.0,4,6,1,3,-38.51910221238154,25.927949971450342
2003-11-27 15:30:00,21,-10.0,-7.728476194252899,12.509132799656811,-5.0,4,6,1,3,-39.95200228616884,24.495049897663044
2003-11-27 16:30:00,21,-10.0,-11.131754058624004,12.509132799656811,-11.0,4,6,1,3,-43.35528015053995,21.09177203329194
2003-11-27 17:30:00,21,-9.0,-9.031164740269856,12.509132799656811,-12.0,4,6,1,3,-41.2546908321858,23.192361351646085
2003-11-27 18:30:00,21,-7.0,-8.606261451105606,12.509132799656811,-10.0,4,6,1,3,-40.82978754302155,23.617264640810337
2003-11-27 19:30:00,21,-7.0,-11.003162241326809,12.509132799656811,-10.0,4,6,1,3,-43.22668833324275,21.220363850589134
2003-11-27 20:30:00,21,-10.0,-7.299509979660222,12.509132799656811,-9.0,4,6,1,3,-39.523036071576165,24.92401611225572
2003-11-27 21:30:00,21,-7.0,-8.600908671971734,12.509132799656811,-7.0,4,6,1,3,-40.82443476388768,23.62261741994421
2003-11-27 22:30:00,21,-4.0,-11.85110797251059,12.509132799656811,-7.0,4,6,1,3,-44.07463406442653,20.372418119405353
2003-11-27 23:30:00,21,-1.0,-8.498612126246325,12.509132799656811,-10.0,4,6,1,3,-40.72213821816227,23.724913965669618
2003-11-28 00:30:00,21,-1.0,-6.754625272273028,12.509132799656811,-7.0,4,6,1,3,-38.978151364188975,25.468900819642915
2003-11-28 01:30:00,21,-6.0,-7.036509491582915,12.509132799656811,-4.0,4,6,1,3,-39.26003558349886,25.187016600333028
2003-11-28 02:30:00,21,-7.0,-2.5361848896795536,12.509132799656811,-1.0,4,6,1,3,-34.7597109815955,29.68734120223639
2003-11-28 03:30:00,21,-10.0,-2.2431105638845352,12.509132799656811,-1.0,4,6,1,3,-34.46663665580048,29.980415528031408
2003-11-28 04:30:00,21,-9.0,-15.329729672374173,12.509132799656811,-6.0,4,6,1,3,-47.553255764290114,16.893796419541772
2003-11-28 05:30:00,21,-7.0,-5.1081327044621965,12.509132799656811,-7.0,4,6,1,3,-37.331658796378136,27.115393387453746
2003-11-28 06:30:00,21,-7.0,-9.274144059984565,12.509132799656811,-10.0,4,6,1,3,-41.49767015190051,22.94938203193138
2003-11-28 07:30:00,21,-9.0,-6.088050716093591,12.509132799656811,-9.0,4,6,1,3,-38.311576808009534,26.135475375822352
2003-11-28 08:30:00,21,-9.0,-6.453900544341501,12.509132799656811,-7.0,4,6,1,3,-38.677426636257444,25.769625547574442
2003-11-28 09:30:00,21,-7.0,-8.700129587697575,12.509132799656811,-7.0,4,6,1,3,-40.92365567961352,23.52339650421837
2003-11-28 10:30:00,21,-3.0,-9.831790811970574,12.509132799656811,-9.0,4,6,1,3,-42.05531690388652,22.39173527994537
2003-11-28 11:30:00,21,-3.0,-7.561559570296836,12.509132799656811,-9.0,4,6,1,3,-39.78508566221278,24.661966521619107
2003-11-28 12:30:00,21,-7.0,-8.446032957474056,12.509132799656811,-7.0,4,6,1,3,-40.66955904939,23.777493134441887
2003-11-28 13:30:00,21,-10.0,-5.961883914757596,12.509132799656811,-3.0,4,6,1,3,-38.185410006673536,26.261642177158347
2003-11-28 14:30:00,21,-11.0,-9.725975035764886,12.509132799656811,-3.0,4,6,1,3,-41.94950112768083,22.497551056151057
2003-11-28 15:30:00,21,-8.0,-19.14822441131028,12.509132799656811,-7.0,4,6,1,3,-51.371750503226224,13.075301680605662
2003-11-28 16:30:00,21,-6.0,-12.572045198882163,12.509132799656811,-10.0,4,6,1,3,-44.79557129079811,19.651480893033778
2003-11-28 17:30:00,21,-8.0,-7.780513942951281,12.509132799656811,-11.0,4,6,1,3,-40.004040034867224,24.443012148964662
2003-11-28 18:30:00,21,-10.0,-7.858059856727472,12.509132799656811,-8.0,4,6,1,3,-40.081585948643415,24.36546623518847
2003-11-28 19:30:00,21,-6.0,-8.666083819521837,12.509132799656811,-6.0,4,6,1,3,-40.88960991143778,23.557442272394105
2003-11-28 20:30:00,21,-4.0,-6.986748892018834,12.509132799656811,-8.0,4,6,1,3,-39.21027498393478,25.23677719989711
2003-11-28 21:30:00,21,-4.0,-6.838863866122253,12.509132799656811,-10.0,4,6,1,3,-39.062389958038196,25.38466222579369
2003-11-28 22:30:00,21,-2.0,-6.498296990400412,12.509132799656811,-6.0,4,6,1,3,-38.721823082316355,25.72522910151553
2003-11-28 23:30:00,21,-2.0,-4.729768792909816,12.509132799656811,-4.0,4,6,1,3,-36.95329488482576,27.493757299006127
2003-11-29 00:30:00,21,-1.0,-5.159981638596992,12.509132799656811,-4.0,4,6,1,3,-37.38350773051293,27.06354445331895
2003-11-29 01:30:00,21,-6.0,-4.172997867513921,12.509132799656811,-2.0,4,6,1,3,-36.396523959429864,28.050528224402022
2003-11-29 02:30:00,21,-13.0,-3.1091438203098853,12.509132799656811,-2.0,4,6,1,3,-35.332669912225825,29.114382271606058
2003-11-29 03:30:00,21,-11.0,-4.321604028550933,12.509132799656811,-1.0,4,6,1,3,-36.54513012046688,27.90192206336501
2003-11-29 04:30:00,21,-9.0,-17.412422554924596,12.509132799656811,-6.0,4,6,1,3,-49.63594864684054,14.811103536991347
2003-11-29 05:30:00,21,-7.0,-8.94119346328533,12.509132799656811,-13.0,4,6,1,3,-41.16471955520127,23.282332628630613
2003-11-29 06:30:00,21,-7.0,-7.057859186513376,12.509132799656811,-11.0,4,6,1,3,-39.28138527842932,25.165666905402567
2003-11-29 07:30:00,21,-9.0,-6.735300215433998,12.509132799656811,-9.0,4,6,1,3,-38.95882630734994,25.488225876481945
2003-11-29 08:30:00,21,-12.0,-5.54690362711564,12.509132799656811,-7.0,4,6,1,3,-37.77042971903158,26.676622464800303
2003-11-29 09:30:00,21,-11.0,-8.80343162784592,12.509132799656811,-7.0,4,6,1,3,-41.02695771976187,23.420094464070022
2003-11-29 10:30:00,21,-11.0,-11.733583418488482,12.509132799656811,-9.0,4,6,1,3,-43.95710951040442,20.48994267342746
2003-11-29 11:30:00,21,-9.0,-12.53856587439718,12.509132799656811,-12.0,4,6,1,3,-44.76209196631312,19.684960217518764
2003-11-29 12:30:00,21,-7.0,-9.33134349837897,12.509132799656811,-11.0,4,6,1,3,-41.55486959029491,22.892182593536972
2003-11-29 13:30:00,21,-8.0,-9.56140153229666,12.509132799656811,-11.0,4,6,1,3,-41.7849276242126,22.662124559619283
2003-11-29 14:30:00,21,-7.0,-10.381329912093811,12.509132799656811,-9.0,4,6,1,3,-42.604856004009754,21.842196179822132
2003-11-29 15:30:00,21,-4.0,-8.245573312553724,12.509132799656811,-7.0,4,6,1,3,-40.46909940446967,23.97795277936222
2003-11-29 16:30:00,21,-5.0,-5.975357994999804,12.509132799656811,-8.0,4,6,1,3,-38.19888408691575,26.24816809691614
2003-11-29 17:30:00,21,-4.0,-5.627554744256784,12.509132799656811,-7.0,4,6,1,3,-37.85108083617273,26.59597134765916
2003-11-29 18:30:00,21,-5.0,-5.110309759129052,12.509132799656811,-4.0,4,6,1,3,-37.333835851044995,27.11321633278689
2003-11-29 19:30:00,21,-3.0,-4.037688346526831,12.509132799656811,-5.0,4,6,1,3,-36.26121443844278,28.18583774538911
2003-11-29 20:30:00,21,0.0,-6.358192034473159,12.509132799656811,-4.0,4,6,1,3,-38.581718126389106,25.865334057442784
2003-11-29 21:30:00,21,1.0,-4.407489631364427,12.509132799656811,-5.0,4,6,1,3,-36.63101572328037,27.816036460551516
2003-11-29 22:30:00,21,-1.0,-1.0072441743819525,12.509132799656811,-3.0,4,6,1,3,-33.230770266297895,31.21628191753399
2003-11-29 23:30:00,21,2.0,-3.0562438942669488,12.509132799656811,0.0,4,6,1,3,-35.27976998618289,29.167282197648994
2003-11-30 00:30:00,21,1.0,-2.386891716616009,12.509132799656811,1.0,4,6,1,3,-34.61041780853195,29.836634375299933
2003-11-30 01:30:00,21,0.0,-0.5204552058476182,12.509132799656811,-1.0,4,6,1,3,-32.74398129776356,31.703070886068325
2003-11-30 02:30:00,21,-4.0,1.0839226147871166,12.509132799656811,2.0,4,6,1,3,-31.139603477128826,33.307448706703056
2003-11-30 03:30:00,21,1.0,-2.4721858521218927,12.509132799656811,1.0,4,6,1,3,-34.69571194403784,29.75134023979405
2003-11-30 04:30:00,21,12.0,-1.2044370998648688,12.509132799656811,0.0,4,6,1,3,-33.42796319178081,31.019088992051074
2003-11-30 05:30:00,21,16.0,-2.7122647071550503,12.509132799656811,-4.0,4,6,1,3,-34.93579079907099,29.511261384760893
2003-11-30 06:30:00,21,19.0,-0.3870338304963603,12.509132799656811,1.0,4,6,1,3,-32.61055992241231,31.836492261419583
2003-11-30 07:30:00,21,22.0,0.979373943544271,12.509132799656811,12.0,4,6,1,3,-31.244152148371672,33.20290003546022
2003-11-30 08:30:00,21,23.0,0.681829489828278,12.509132799656811,16.0,4,6,1,3,-31.541696602087665,32.90535558174422
2003-11-30 09:30:00,21,19.0,1.440081478687265,12.509132799656811,19.0,4,6,1,3,-30.783444613228678,33.663607570603205
2003-11-30 10:30:00,21,15.0,4.621515880093678,12.509132799656811,22.0,4,6,1,3,-27.602010211822265,36.845041972009625
2003-11-30 11:30:00,21,16.0,10.16465421716998,12.509132799656811,23.0,4,6,1,3,-22.05887187474596,42.388180309085925
2003-11-30 12:30:00,21,14.0,12.78930404393493,12.509132799656811,19.0,4,6,1,3,-19.434222047981013,45.012830135850876
2003-11-30 13:30:00,21,7.0,11.8757418395946,12.509132799656811,15.0,4,6,1,3,-20.347784252321343,44.09926793151054
2003-11-30 14:30:00,21,-3.0,11.709762463833671,12.509132799656811,16.0,4,6,1,3,-20.513763628082273,43.93328855574961
2003-11-30 15:30:00,21,-3.0,12.892492340370278,12.509132799656811,14.0,4,6,1,3,-19.331033751545665,45.116018432286225
2003-11-30 16:30:00,21,-9.0,0.7246585475220222,12.509132799656811,7.0,4,6,1,3,-31.49886754439392,32.94818463943797
2003-11-30 17:30:00,21,-23.0,-14.376568731789348,12.509132799656811,-3.0,4,6,1,3,-46.60009482370529,17.846957360126595
2003-11-30 18:30:00,21,-30.0,-7.385932452799086,12.509132799656811,-3.0,4,6,1,3,-39.609458544715025,24.837593639116857
2003-11-30 19:30:00,21,-34.0,-9.373635685747344,12.509132799656811,-9.0,4,6,1,3,-41.59716177766329,22.849890406168598
2003-11-30 20:30:00,21,-39.0,-34.2114564563712,12.509132799656811,-23.0,4,6,1,3,-66.43498254828714,-1.9879303644552593
2015-03-08 06:30:00,35,-7.0,-15.4131083637531,12.509132799656811,-30.0,4,6,1,3,-47.63663445566904,16.810417728162843
2015-03-08 07:30:00,35,-7.0,-13.996141509283111,12.509132799656811,-34.0,4,6,1,3,-46.219667601199056,18.22738458263283
2015-03-08 08:30:00,35,-9.0,-13.74062080777281,12.509132799656811,-39.0,4,6,1,3,-45.96414689968876,18.482905284143133
2015-03-08 09:30:00,35,-8.0,-10.411804127681286,12.509132799656811,-7.0,4,6,1,3,-42.63533021959723,21.811721964234657
2015-03-08 10:30:00,35,-12.0,-11.358852481129386,12.509132799656811,-7.0,4,6,1,3,-43.58237857304533,20.864673610786557
2015-03-08 11:30:00,35,-18.0,-13.21614854712094,12.509132799656811,-9.0,4,6,1,3,-45.43967463903688,19.007377544795006
2015-03-08 12:30:00,35,-21.0,-9.432097679356076,12.509132799656811,-8.0,4,6,1,3,-41.65562377127202,22.791428412559867
2015-03-08 13:30:00,35,-18.0,-19.09022421717633,12.509132799656811,-12.0,4,6,1,3,-51.31375030909227,13.133301874739612
2015-03-08 14:30:00,35,-21.0,-22.744504882777303,12.509132799656811,-18.0,4,6,1,3,-54.96803097469325,9.47902120913864
2015-03-08 15:30:00,35,-19.0,-17.311675198570274,12.509132799656811,-21.0,4,6,1,3,-49.535201290486214,14.911850893345669
2015-03-08 16:30:00,35,-17.0,-19.79494841469662,12.509132799656811,-18.0,4,6,1,3,-52.01847450661256,12.428577677219323
2015-03-08 17:30:00,35,-20.0,-21.144105817223377,12.509132799656811,-21.0,4,6,1,3,-53.36763190913932,11.079420274692566
2015-03-08 18:30:00,35,-21.0,-18.909315979083907,12.509132799656811,-19.0,4,6,1,3,-51.13284207099985,13.314210112832036
2015-03-08 19:30:00,35,-18.0,-17.2877105356779,12.509132799656811,-17.0,4,6,1,3,-49.511236627593846,14.935815556238044
2015-03-08 20:30:00,35,-15.0,-21.09407678249661,12.509132799656811,-20.0,4,6,1,3,-53.31760287441256,11.129449309419332
2015-03-08 21:30:00,35,-14.0,-16.967187577061257,12.509132799656811,-21.0,4,6,1,3,-49.190713668977196,15.256338514854686
2015-03-08 22:30:00,35,-13.0,-17.739185493636526,12.509132799656811,-18.0,4,6,1,3,-49.96271158555247,14.484340598279417
2015-03-08 23:30:00,35,-15.0,-16.783076316010693,12.509132799656811,-15.0,4,6,1,3,-49.006602407926636,15.44044977590525
2015-03-09 00:30:00,35,-18.0,-15.632753160745466,12.509132799656811,-14.0,4,6,1,3,-47.85627925266141,16.590772931170477
2015-03-09 01:30:00,35,-23.0,-15.67680723822824,12.509132799656811,-13.0,4,6,1,3,-47.900333330144186,16.5467188536877
2015-03-09 02:30:00,35,-21.0,-17.483027827333412,12.509132799656811,-15.0,4,6,1,3,-49.70655391924936,14.74049826458253
2015-03-09 03:30:00,35,-22.0,-22.03275814841629,12.509132799656811,-18.0,4,6,1,3,-54.256284240332235,10.190767943499655
2015-03-09 04:30:00,35,-19.0,-21.83309925923549,12.509132799656811,-23.0,4,6,1,3,-54.05662535115143,10.390426832680454
2015-03-09 05:30:00,35,-16.0,-18.533196230989056,12.509132799656811,-21.0,4,6,1,3,-50.756722322905,13.690329860926887
2015-03-09 06:30:00,35,-17.0,-19.4008548850732,12.509132799656811,-22.0,4,6,1,3,-51.624380976989144,12.822671206842742
2015-03-09 07:30:00,35,-18.0,-16.383182994461308,12.509132799656811,-19.0,4,6,1,3,-48.60670908637725,15.840343097454635
2015-03-09 08:30:00,35,-17.0,-14.68953910786266,12.509132799656811,-16.0,4,6,1,3,-46.9130651997786,17.533986984053286
2015-03-09 09:30:00,35,-16.0,-15.126703969288515,12.509132799656811,-17.0,4,6,1,3,-47.350230061204456,17.09682212262743
2015-03-09 10:30:00,35,-14.0,-16.11091921839712,12.509132799656811,-18.0,4,6,1,3,-48.334445310313065,16.11260687351882
2015-03-09 11:30:00,35,-11.0,-14.93417226116442,12.509132799656811,-17.0,4,6,1,3,-47.15769835308036,17.289353830751523
2015-03-09 12:30:00,35,-9.0,-13.794580825220924,12.509132799656811,-16.0,4,6,1,3,-46.01810691713687,18.428945266695017
2015-03-09 13:30:00,35,-9.0,-13.53821273304876,12.509132799656811,-14.0,4,6,1,3,-45.7617388249647,18.685313358867184
2015-03-09 14:30:00,35,-10.0,-10.29272583453957,12.509132799656811,-11.0,4,6,1,3,-42.51625192645551,21.930800257376372
2015-03-09 15:30:00,35,-9.0,-9.969695964488366,12.509132799656811,-9.0,4,6,1,3,-42.19322205640431,22.253830127427577
2015-03-09 16:30:00,35,-10.0,-9.778401787961734,12.509132799656811,-9.0,4,6,1,3,-42.00192787987768,22.44512430395421
2015-03-09 17:30:00,35,-10.0,-12.188244337848293,12.509132799656811,-10.0,4,6,1,3,-44.41177042976423,20.03528175406765
2015-03-09 18:30:00,35,-5.0,-8.13778522036458,12.509132799656811,-9.0,4,6,1,3,-40.36131131228052,24.085740871551362
2015-03-09 19:30:00,35,-4.0,-10.219131377353063,12.509132799656811,-10.0,4,6,1,3,-42.44265746926901,22.004394714562878
2015-03-09 20:30:00,35,-4.0,-9.286241841299448,12.509132799656811,-10.0,4,6,1,3,-41.50976793321539,22.937284250616493
2015-03-09 21:30:00,35,-4.0,-5.618189086928204,12.509132799656811,-5.0,4,6,1,3,-37.84171517884415,26.60533700498774
2015-03-09 22:30:00,35,-4.0,-5.484799559816587,12.509132799656811,-4.0,4,6,1,3,-37.70832565173253,26.738726532099356
2015-03-09 23:30:00,35,-3.0,-6.1766843670132126,12.509132799656811,-4.0,4,6,1,3,-38.40021045892915,26.04684172490273
2015-03-10 00:30:00,35,-1.0,-6.244919220443066,12.509132799656811,-4.0,4,6,1,3,-38.46844531235901,25.978606871472877
2015-03-10 01:30:00,35,-4.0,-2.7388670867519416,12.509132799656811,-4.0,4,6,1,3,-34.96239317866788,29.484659005164
2015-03-10 02:30:00,35,-4.0,-2.97824755538727,12.509132799656811,-3.0,4,6,1,3,-35.20177364730321,29.245278536528673
2015-03-10 03:30:00,35,-6.0,-1.4004493656068249,12.509132799656811,-1.0,4,6,1,3,-33.62397545752277,30.823076726309118
2015-03-10 04:30:00,35,-6.0,-3.366755131265162,12.509132799656811,-4.0,4,6,1,3,-35.59028122318111,28.85677096065078
2015-03-10 05:30:00,35,-4.0,-4.059238230392175,12.509132799656811,-4.0,4,6,1,3,-36.28276432230812,28.164287861523768
2015-03-10 06:30:00,35,-2.0,-5.880714126285163,12.509132799656811,-6.0,4,6,1,3,-38.104240218201106,26.34281196563078
2015-03-10 07:30:00,35,-1.0,-3.57946724895006,12.509132799656811,-6.0,4,6,1,3,-35.802993340866,28.644058842965883
2015-03-10 08:30:00,35,1.0,-4.655519171936422,12.509132799656811,-4.0,4,6,1,3,-36.87904526385236,27.56800691997952
2015-03-10 09:30:00,35,-3.0,-2.46732444582819,12.509132799656811,-2.0,4,6,1,3,-34.69085053774413,29.756201646087753
2015-03-10 10:30:00,35,-7.0,-2.250699544416026,12.509132799656811,-1.0,4,6,1,3,-34.474225636331965,29.972826547499917
2015-03-10 11:30:00,35,-3.0,-4.51596246070584,12.509132799656811,1.0,4,6,1,3,-36.73948855262178,27.707563631210103
2015-03-10 12:30:00,35,-5.0,-5.161978978197308,12.509132799656811,-3.0,4,6,1,3,-37.385505070113254,27.061547113718635
2015-03-10 13:30:00,35,-6.0,-5.6841513409722815,12.509132799656811,-7.0,4,6,1,3,-37.90767743288822,26.53937475094366
2015-03-10 14:30:00,35,-6.0,-3.256808183403244,12.509132799656811,-3.0,4,6,1,3,-35.48033427531919,28.9667179085127
2015-03-10 15:30:00,35,-7.0,-4.631744461044757,12.509132799656811,-5.0,4,6,1,3,-36.855270552960704,27.591781630871186
2015-03-10 16:30:00,35,-7.0,-2.7800468606071576,12.509132799656811,-6.0,4,6,1,3,-35.0035729525231,29.443479231308785
2015-03-10 17:30:00,35,-6.0,-4.411916536674461,12.509132799656811,-6.0,4,6,1,3,-36.635442628590404,27.811609555241482
2015-03-10 18:30:00,35,-6.0,-5.463370244287024,12.509132799656811,-7.0,4,6,1,3,-37.68689633620296,26.76015584762892
2015-03-10 19:30:00,35,-8.0,-5.861468690045239,12.509132799656811,-7.0,4,6,1,3,-38.084994781961186,26.362057401870704
2015-03-10 20:30:00,35,-6.0,-3.4078439101499782,12.509132799656811,-6.0,4,6,1,3,-35.63137000206592,28.815682181765965
2015-03-10 21:30:00,35,-4.0,-4.9582344148454816,12.509132799656811,-6.0,4,6,1,3,-37.18176050676142,27.26529167707046
2015-03-10 22:30:00,35,-4.0,-5.884301602993247,12.509132799656811,-8.0,4,6,1,3,-38.10782769490919,26.339224488922696
2015-03-10 23:30:00,35,-5.0,-4.04129174735473,12.509132799656811,-6.0,4,6,1,3,-36.26481783927068,28.182234344561213
2015-03-11 00:30:00,35,-6.0,-3.6219277770136777,12.509132799656811,-4.0,4,6,1,3,-35.845453868929624,28.601598314902265
2015-03-11 01:30:00,35,-6.0,-5.712637316456483,12.509132799656811,-4.0,4,6,1,3,-37.93616340837242,26.51088877545946
2015-03-11 02:30:00,35,-6.0,-3.1079062887124245,12.509132799656811,-5.0,4,6,1,3,-35.33143238062837,29.11561980320352
2015-03-11 03:30:00,35,-6.0,-3.839241965326636,12.509132799656811,-6.0,4,6,1,3,-36.06276805724258,28.384284126589307
2015-03-11 04:30:00,35,-5.0,-7.027300800578278,12.509132799656811,-6.0,4,6,1,3,-39.25082689249422,25.196225291337665
2015-03-11 05:30:00,35,5.0,-7.08290782699066,12.509132799656811,-6.0,4,6,1,3,-39.306433918906606,25.140618264925283
2015-03-11 06:30:00,35,6.0,-4.152212341399949,12.509132799656811,-6.0,4,6,1,3,-36.37573843331589,28.071313750515994
2015-03-11 07:30:00,35,8.0,-7.314326235715853,12.509132799656811,-5.0,4,6,1,3,-39.537852327631796,24.90919985620009
2015-03-11 08:30:00,35,0.0,-0.2746550420504619,12.509132799656811,5.0,4,6,1,3,-32.498181133966405,31.94887104986548
2015-03-11 09:30:00,35,2.0,0.7444158304704551,12.509132799656811,6.0,4,6,1,3,-31.479110261445488,32.9679419223864
2015-03-11 10:30:00,35,1.0,0.5736592187634493,12.509132799656811,8.0,4,6,1,3,-31.649866873152494,32.797185310679396
2015-03-11 11:30:00,35,2.0,-1.7140339577303472,12.509132799656811,0.0,4,6,1,3,-33.937560049646294,30.509492134185596
2015-03-11 12:30:00,35,-6.0,0.7789529714863583,12.509132799656811,2.0,4,6,1,3,-31.444573120429585,33.002479063402305
2015-03-11 13:30:00,35,-11.0,2.678306912797506,12.509132799656811,1.0,4,6,1,3,-29.545219179118437,34.90183300471345
2015-03-11 14:30:00,35,-14.0,-1.7891616801681174,12.509132799656811,2.0,4,6,1,3,-34.012687772084064,30.434364411747826
2015-03-11 15:30:00,35,-14.0,-7.616570579653086,12.509132799656811,-6.0,4,6,1,3,-39.84009667156903,24.606955512262857
2015-03-11 16:30:00,35,-12.0,-13.683635207558847,12.509132799656811,-11.0,4,6,1,3,-45.907161299474794,18.539890884357096
2015-03-11 17:30:00,35,-12.0,-17.05014541670208,12.509132799656811,-14.0,4,6,1,3,-49.27367150861802,15.173380675213863
2015-03-11 18:30:00,35,-15.0,-9.819349524642426,12.509132799656811,-14.0,4,6,1,3,-42.04287561655837,22.404176567273517
2015-03-11 19:30:00,35,-20.0,-12.572215814451669,12.509132799656811,-12.0,4,6,1,3,-44.79574190636761,19.651310277464276
2015-03-11 20:30:00,35,-19.0,-15.617951691372523,12.509132799656811,-12.0,4,6,1,3,-47.84147778328847,16.605574400543418
2015-03-11 21:30:00,35,-16.0,-12.240229764438691,12.509132799656811,-15.0,4,6,1,3,-44.46375585635464,19.98329632747725
2015-03-11 22:30:00,35,-15.0,-15.05824731561831,12.509132799656811,-20.0,4,6,1,3,-47.28177340753425,17.165278776297633
2015-03-11 23:30:00,35,-14.0,-16.79889351674074,12.509132799656811,-19.0,4,6,1,3,-49.02241960865668,15.424632575175202
2015-03-12 00:30:00,35,-15.0,-12.35597081704093,12.509132799656811,-16.0,4,6,1,3,-44.57949690895687,19.867555274875013
2015-03-12 01:30:00,35,-12.0,-12.819109055330774,12.509132799656811,-15.0,4,6,1,3,-45.04263514724671,19.40441703658517
2015-03-12 02:30:00,35,-8.0,-13.678060628184625,12.509132799656811,-14.0,4,6,1,3,-45.90158672010057,18.54546546373132
2015-03-12 03:30:00,35,-10.0,-13.209899467528617,12.509132799656811,-15.0,4,6,1,3,-45.43342555944456,19.013626624387328
2015-03-12 04:30:00,35,-11.0,-9.644639181471469,12.509132799656811,-12.0,4,6,1,3,-41.86816527338741,22.578886910444474
2015-03-12 05:30:00,35,-7.0,-15.108082986032972,12.509132799656811,-8.0,4,6,1,3,-47.33160907794891,17.11544310588297
2015-03-12 06:30:00,35,-12.0,-12.994157217329343,12.509132799656811,-10.0,4,6,1,3,-45.21768330924529,19.229368874586598
2015-03-12 07:30:00,35,-22.0,-8.586267581234129,12.509132799656811,-11.0,4,6,1,3,-40.80979367315007,23.637258510681814
2015-03-12 08:30:00,35,-24.0,-14.482038727107511,12.509132799656811,-7.0,4,6,1,3,-46.70556481902345,17.74148736480843
2015-03-12 09:30:00,35,-23.0,-16.523599608162186,12.509132799656811,-12.0,4,6,1,3,-48.74712570007813,15.699926483753757
2015-03-12 10:30:00,35,-19.0,-18.825657478170992,12.509132799656811,-22.0,4,6,1,3,-51.04918357008694,13.39786861374495
2015-03-12 11:30:00,35,-19.0,-29.972403580287164,12.509132799656811,-24.0,4,6,1,3,-62.19592967220311,2.251122511628779
2015-03-12 12:30:00,35,-15.0,-20.115337155731915,12.509132799656811,-23.0,4,6,1,3,-52.33886324764786,12.108188936184028
2015-03-12 13:30:00,35,-17.0,-15.83341185716355,12.509132799656811,-19.0,4,6,1,3,-48.0569379490795,16.390114234752392
2015-03-12 14:30:00,35,-18.0,-22.432350049126217,12.509132799656811,-19.0,4,6,1,3,-54.65587614104216,9.791176042789726
2015-03-12 15:30:00,35,-13.0,-16.685649138638894,12.509132799656811,-15.0,4,6,1,3,-48.90917523055484,15.537876953277049
2015-03-12 16:30:00,35,-9.0,-17.75249123318349,12.509132799656811,-17.0,4,6,1,3,-49.976017325099434,14.471034858732452
2015-03-12 17:30:00,35,-9.0,-15.291873489812868,12.509132799656811,-18.0,4,6,1,3,-47.515399581728815,16.931652602103075
2015-03-12 18:30:00,35,-9.0,-15.824335108865997,12.509132799656811,-13.0,4,6,1,3,-48.04786120078194,16.399190983049948
2015-03-12 19:30:00,35,-8.0,-8.398872539189199,12.509132799656811,-9.0,4,6,1,3,-40.62239863110514,23.824653552726744
2015-03-12 20:30:00,35,-8.0,-9.212244731368916,12.509132799656811,-9.0,4,6,1,3,-41.435770823284855,23.011281360547027
2015-03-12 21:30:00,35,-11.0,-8.16075690064245,12.509132799656811,-9.0,4,6,1,3,-40.3842829925584,24.062769191273492
2015-03-12 22:30:00,35,-13.0,-7.706050483797441,12.509132799656811,-8.0,4,6,1,3,-39.929576575713384,24.517475608118502
2015-03-12 23:30:00,35,-15.0,-6.759165921296063,12.509132799656811,-8.0,4,6,1,3,-38.982692013212,25.46436017061988
2015-03-13 00:30:00,35,-13.0,-8.78737556531857,12.509132799656811,-11.0,4,6,1,3,-41.01090165723451,23.436150526597373
2015-03-13 01:30:00,35,-12.0,-8.663151506600649,12.509132799656811,-13.0,4,6,1,3,-40.88667759851659,23.560374585315294
2015-03-13 02:30:00,35,-9.0,-11.102430929412108,12.509132799656811,-15.0,4,6,1,3,-43.32595702132805,21.121095162503835
2015-03-13 03:30:00,35,-3.0,-12.01119997368654,12.509132799656811,-13.0,4,6,1,3,-44.23472606560249,20.212326118229402
2015-03-13 04:30:00,35,-2.0,-10.405002253643772,12.509132799656811,-12.0,4,6,1,3,-42.628528345559715,21.81852383827217
2015-03-13 05:30:00,35,1.0,-7.411916066597243,12.509132799656811,-9.0,4,6,1,3,-39.635442158513186,24.8116100253187
2015-03-13 06:30:00,35,1.0,-5.164324373559406,12.509132799656811,-3.0,4,6,1,3,-37.38785046547535,27.059201718356537
2015-03-13 07:30:00,35,0.0,-4.874475819465125,12.509132799656811,-2.0,4,6,1,3,-37.09800191138107,27.349050272450818
2015-03-13 08:30:00,35,-1.0,-2.075195270128315,12.509132799656811,1.0,4,6,1,3,-34.29872136204426,30.148330821787628
2015-03-13 09:30:00,35,-2.0,-1.337226060171833,12.509132799656811,1.0,4,6,1,3,-33.56075215208777,30.88630003174411
2015-03-13 10:30:00,35,-2.0,-2.705255819559873,12.509132799656811,0.0,4,6,1,3,-34.92878191147582,29.51827027235607
2015-03-13 11:30:00,35,0.0,-0.6298766577554709,12.509132799656811,-1.0,4,6,1,3,-32.85340274967142,31.593649434160472
2015-03-13 12:30:00,35,-3.0,-0.7125455883652663,12.509132799656811,-2.0,4,6,1,3,-32.93607168028121,31.510980503550677
2015-03-13 13:30:00,35,-16.0,-3.867482254390751,12.509132799656811,-2.0,4,6,1,3,-36.091008346306694,28.356043837525192
2015-03-13 14:30:00,35,-20.0,-0.7644036219971042,12.509132799656811,0.0,4,6,1,3,-32.98792971391305,31.45912246991884
2015-03-13 15:30:00,35,-11.0,-19.81429963258964,12.509132799656811,-3.0,4,6,1,3,-52.03782572450558,12.409226459326302
2015-03-13 16:30:00,35,-7.0,-17.570464894392252,12.509132799656811,-16.0,4,6,1,3,-49.793990986308195,14.65306119752369
2015-03-13 17:30:00,35,-10.0,-12.712068259336052,12.509132799656811,-20.0,4,6,1,3,-44.93559435125199,19.511457832579893
2015-03-13 18:30:00,35,-15.0,-11.92018680429092,12.509132799656811,-11.0,4,6,1,3,-44.143712896206864,20.303339287625022
2015-03-13 19:30:00,35,-15.0,-10.086824690389228,12.509132799656811,-7.0,4,6,1,3,-42.31035078230517,22.136701401526715
2015-03-13 20:30:00,35,-11.0,-8.490320209568484,12.509132799656811,-10.0,4,6,1,3,-40.71384630148442,23.73320588234746
2015-03-13 21:30:00,35,-10.0,-12.411564194207752,12.509132799656811,-15.0,4,6,1,3,-44.6350902861237,19.81196189770819
2015-03-13 22:30:00,35,-7.0,-17.209121592053478,12.509132799656811,-15.0,4,6,1,3,-49.43264768396942,15.014404499862465
2015-03-13 23:30:00,35,-10.0,-6.497614528122398,12.509132799656811,-11.0,4,6,1,3,-38.72114062003834,25.725911563793545
2015-03-14 00:30:00,35,-12.0,-9.317127809127989,12.509132799656811,-10.0,4,6,1,3,-41.54065390104393,22.906398282787954
2015-03-14 01:30:00,35,-11.0,-7.406028692012263,12.509132799656811,-7.0,4,6,1,3,-39.62955478392821,24.81749739990368
2015-03-14 02:30:00,35,-12.0,-8.661183740365715,12.509132799656811,-10.0,4,6,1,3,-40.88470983228166,23.562342351550228
2015-03-14 03:30:00,35,-13.0,-7.043593450028673,12.509132799656811,-12.0,4,6,1,3,-39.267119541944616,25.17993264188727
2015-03-14 04:30:00,35,-14.0,-8.120796459390615,12.509132799656811,-11.0,4,6,1,3,-40.34432255130656,24.102729632525328
2015-03-14 05:30:00,35,-15.0,-13.886325366691146,12.509132799656811,-12.0,4,6,1,3,-46.10985145860709,18.337200725224797
2015-03-14 06:30:00,35,-12.0,-13.158391764532825,12.509132799656811,-13.0,4,6,1,3,-45.381917856448766,19.06513432738312
2015-03-14 07:30:00,35,-9.0,-11.103343153990384,12.509132799656811,-14.0,4,6,1,3,-43.32686924590632,21.12018293792556
2015-03-14 08:30:00,35,-8.0,-11.829774201699951,12.509132799656811,-15.0,4,6,1,3,-44.05330029361589,20.39375189021599
2015-03-14 09:30:00,35,-7.0,-15.450332131270107,12.509132799656811,-12.0,4,6,1,3,-47.67385822318605,16.773193960645834
2015-03-14 10:30:00,35,-5.0,-5.838358242437508,12.509132799656811,-9.0,4,6,1,3,-38.06188433435345,26.385167849478435
2015-03-14 11:30:00,35,-4.0,-8.368157186930159,12.509132799656811,-8.0,4,6,1,3,-40.591683278846105,23.855368904985784
2015-03-14 12:30:00,35,-4.0,-5.603002026368188,12.509132799656811,-7.0,4,6,1,3,-37.82652811828413,26.620524065547755
2015-03-14 13:30:00,35,-4.0,-8.316483418113386,12.509132799656811,-5.0,4,6,1,3,-40.54000951002933,23.907042673802557
2015-03-14 14:30:00,35,1.0,-3.732104487175864,12.509132799656811,-4.0,4,6,1,3,-35.95563057909181,28.49142160474008
2015-03-14 15:30:00,35,3.0,-9.175357645242393,12.509132799656811,-4.0,4,6,1,3,-41.398883737158336,23.04816844667355
2015-03-14 16:30:00,35,4.0,-2.0615119014541854,12.509132799656811,-4.0,4,6,1,3,-34.285037993370125,30.162014190461758
2015-03-14 17:30:00,35,2.0,0.4297984454328762,12.509132799656811,1.0,4,6,1,3,-31.793727646483067,32.653324537348816
2015-03-14 18:30:00,35,3.0,-0.3216948919995381,12.509132799656811,3.0,4,6,1,3,-32.54522098391548,31.901831199916405
2015-03-14 19:30:00,35,2.0,1.5192698516792014,12.509132799656811,4.0,4,6,1,3,-30.70425624023674,33.74279594359514
2015-03-14 20:30:00,35,-1.0,2.1576086685430376,12.509132799656811,2.0,4,6,1,3,-30.065917423372905,34.38113476045898
2015-03-14 21:30:00,35,-3.0,2.610895563849784,12.509132799656811,3.0,4,6,1,3,-29.61263052806616,34.83442165576572
2015-03-14 22:30:00,35,-5.0,1.2461438982704642,12.509132799656811,2.0,4,6,1,3,-30.97738219364548,33.469669990186404
2015-03-14 23:30:00,35,-11.0,1.1990267025965444,12.509132799656811,-1.0,4,6,1,3,-31.0244993893194,33.422552794512484
2015-03-15 00:30:00,35,-11.0,-1.6647078591499316,12.509132799656811,-3.0,4,6,1,3,-33.88823395106587,30.55881823276601
2015-03-15 01:30:00,35,-11.0,-7.274060961313172,12.509132799656811,-5.0,4,6,1,3,-39.49758705322911,24.94946513060277
2015-03-15 02:30:00,35,-11.0,-8.73303109412051,12.509132799656811,-11.0,4,6,1,3,-40.95655718603645,23.490494997795434
2015-03-15 03:30:00,35,-12.0,-10.751554323543772,12.509132799656811,-11.0,4,6,1,3,-42.975080415459715,21.47197176837217
2015-03-15 04:30:00,35,-11.0,-11.452213320761365,12.509132799656811,-11.0,4,6,1,3,-43.67573941267731,20.771312771154577
2015-03-15 05:30:00,35,-11.0,-7.716160025009049,12.509132799656811,-11.0,4,6,1,3,-39.93968611692499,24.507366066906894
2015-03-15 06:30:00,35,-9.0,-8.356077604609354,12.509132799656811,-12.0,4,6,1,3,-40.5796036965253,23.86744848730659
2015-03-15 07:30:00,35,-9.0,-12.899975148089492,12.509132799656811,-11.0,4,6,1,3,-45.12350124000544,19.32355094382645
2015-03-15 08:30:00,35,-7.0,-13.3507710560815,12.509132799656811,-11.0,4,6,1,3,-45.57429714799744,18.872755035834444
2015-03-15 09:30:00,35,-6.0,-11.28162732462386,12.509132799656811,-9.0,4,6,1,3,-43.505153416539805,20.94189876729208
2015-03-15 10:30:00,35,-7.0,-9.475411285267208,12.509132799656811,-9.0,4,6,1,3,-41.69893737718315,22.748114806648736
2015-03-15 11:30:00,35,-5.0,-12.341634559454167,12.509132799656811,-7.0,4,6,1,3,-44.56516065137011,19.881891532461776
2015-03-15 12:30:00,35,-5.0,-9.647987796382246,12.509132799656811,-6.0,4,6,1,3,-41.87151388829819,22.575538295533697
2015-03-15 13:30:00,35,-3.0,-11.89592754518187,12.509132799656811,-7.0,4,6,1,3,-44.11945363709781,20.327598546734073
2015-03-15 14:30:00,35,1.0,-9.283143462557277,12.509132799656811,-5.0,4,6,1,3,-41.50666955447322,22.940382629358666
2015-03-15 15:30:00,35,4.0,-8.952777123017448,12.509132799656811,-5.0,4,6,1,3,-41.17630321493339,23.270748968898495
2015-03-15 16:30:00,35,-1.0,-2.50872260761237,12.509132799656811,-3.0,4,6,1,3,-34.73224869952831,29.714803484303573
2015-03-15 17:30:00,35,0.0,-0.4488239651475254,12.509132799656811,1.0,4,6,1,3,-32.67235005706347,31.774702126768418
2015-03-15 18:30:00,35,2.0,-0.2168095393662028,12.509132799656811,4.0,4,6,1,3,-32.440335631282146,32.00671655254974
2015-03-15 19:30:00,35,1.0,-3.879598234699717,12.509132799656811,-1.0,4,6,1,3,-36.10312432661566,28.343927857216226
2015-03-15 20:30:00,35,-2.0,1.7347891642009865,12.509132799656811,0.0,4,6,1,3,-30.488736927714957,33.95831525611693
2015-03-15 21:30:00,35,-7.0,2.539391716108259,12.509132799656811,2.0,4,6,1,3,-29.684134375807684,34.7629178080242
2015-03-15 22:30:00,35,-7.0,1.2680554871431546,12.509132799656811,1.0,4,6,1,3,-30.95547060477279,33.4915815790591
2015-03-15 23:30:00,35,-2.0,-5.633414820350641,12.509132799656811,-2.0,4,6,1,3,-37.85694091226658,26.590111271565302
2015-03-16 00:30:00,35,4.0,-0.1719922415691854,12.509132799656811,-7.0,4,6,1,3,-32.39551833348513,32.05153385034676
2015-03-16 01:30:00,35,10.0,-2.3440626589222653,12.509132799656811,-7.0,4,6,1,3,-34.56758875083821,29.879463432993678
2015-03-16 02:30:00,35,15.0,-0.5258785060835507,12.509132799656811,-2.0,4,6,1,3,-32.749404597999494,31.697647585832392
2015-03-16 03:30:00,35,10.0,1.7082140830952175,12.509132799656811,4.0,4,6,1,3,-30.515312008820725,33.93174017501116
2015-03-16 04:30:00,35,7.0,2.042470457619711,12.509132799656811,10.0,4,6,1,3,-30.181055634296232,34.26599654953566
2015-03-16 05:30:00,35,15.0,7.941524247050335,12.509132799656811,15.0,4,6,1,3,-24.282001844865608,40.16505033896628
2015-03-16 06:30:00,35,1.0,-9.025800586764682,12.509132799656811,10.0,4,6,1,3,-41.249326678680625,23.19772550515126
2015-03-16 07:30:00,35,-10.0,8.160403548854195,12.509132799656811,7.0,4,6,1,3,-24.06312254306175,40.383929640770134
2015-03-16 08:30:00,35,-2.0,3.0237033465734093,12.509132799656811,15.0,4,6,1,3,-29.199822745342534,35.247229438489356
2015-03-16 09:30:00,35,5.0,-19.68680430468578,12.509132799656811,1.0,4,6,1,3,-51.91033039660172,12.536721787230164
2015-03-16 10:30:00,35,11.0,-2.2838581116303445,12.509132799656811,-10.0,4,6,1,3,-34.50738420354629,29.9396679802856
2015-03-16 11:30:00,35,19.0,-6.1837842495787925,12.509132799656811,-2.0,4,6,1,3,-38.407310341494735,26.03974184233715
2015-03-16 12:30:00,35,17.0,-2.820187016925537,12.509132799656811,5.0,4,6,1,3,-35.04371310884148,29.403339074990406
2015-03-16 13:30:00,35,11.0,2.3954217488132024,12.509132799656811,11.0,4,6,1,3,-29.82810434310274,34.61894784072915
2015-03-16 14:30:00,35,7.0,4.292459868127633,12.509132799656811,19.0,4,6,1,3,-27.93106622378831,36.51598596004358
2015-03-16 15:30:00,35,12.0,6.794286958718846,12.509132799656811,17.0,4,6,1,3,-25.429239133197097,39.017813050634786
2015-03-16 16:30:00,35,17.0,7.32172565540581,12.509132799656811,11.0,4,6,1,3,-24.901800436510133,39.54525174732176
2015-03-16 17:30:00,35,17.0,9.11589168580704,12.509132799656811,7.0,4,6,1,3,-23.107634406108904,41.339417777722986
2015-03-16 18:30:00,35,15.0,9.89935838096429,12.509132799656811,12.0,4,6,1,3,-22.324167710951652,42.12288447288023
2015-03-16 19:30:00,35,16.0,10.683780523310755,12.509132799656811,17.0,4,6,1,3,-21.539745568605188,42.9073066152267
2015-03-16 20:30:00,35,11.0,11.77900508656072,12.509132799656811,17.0,4,6,1,3,-20.444521005355224,44.00253117847666
2015-03-16 21:30:00,35,9.0,11.22481841832423,12.509132799656811,15.0,4,6,1,3,-20.998707673591714,43.448344510240176
2015-03-16 22:30:00,35,6.0,11.495564853256967,12.509132799656811,16.0,4,6,1,3,-20.727961238658978,43.71909094517291
2015-03-16 23:30:00,35,3.0,9.363452602281466,12.509132799656811,11.0,4,6,1,3,-22.860073489634477,41.58697869419741
2015-03-17 00:30:00,35,4.0,9.044624424988552,12.509132799656811,9.0,4,6,1,3,-23.17890166692739,41.2681505169045
2015-03-17 01:30:00,35,3.0,7.614488323427199,12.509132799656811,6.0,4,6,1,3,-24.609037768488744,39.83801441534314
2015-03-17 02:30:00,35,3.0,4.3669801991379735,12.509132799656811,3.0,4,6,1,3,-27.85654589277797,36.59050629105391
2015-03-17 03:30:00,35,2.0,4.770199386855527,12.509132799656811,4.0,4,6,1,3,-27.453326705060416,36.993725478771466
2015-03-17 04:30:00,35,13.0,3.741610440430609,12.509132799656811,3.0,4,6,1,3,-28.481915651485334,35.96513653234655
2015-03-17 05:30:00,35,45.0,1.6297513949922298,12.509132799656811,3.0,4,6,1,3,-30.593774696923713,33.85327748690817
2015-03-17 06:30:00,35,25.0,2.6500961970987724,12.509132799656811,2.0,4,6,1,3,-29.57342989481717,34.87362228901472
2015-03-17 07:30:00,35,-18.0,5.977152124513022,12.509132799656811,13.0,4,6,1,3,-26.24637396740292,38.20067821642897
2015-03-17 08:30:00,35,-54.0,-0.4217597860758495,12.509132799656811,45.0,4,6,1,3,-32.645285877991796,31.801766305840093
2015-03-17 09:30:00,35,-83.0,-45.35402290357348,12.509132799656811,25.0,4,6,1,3,-77.57754899548942,-13.130496811657537
2015-03-17 10:30:00,35,-75.0,-71.25826406392598,12.509132799656811,-18.0,4,6,1,3,-103.48179015584192,-39.034737972010035
2015-03-17 11:30:00,35,-54.0,-119.43543739930786,12.509132799656811,-54.0,4,6,1,3,-151.6589634912238,-87.21191130739192
2015-03-17 12:30:00,35,-55.0,-89.88996652698424,12.509132799656811,-83.0,4,6,1,3,-122.11349261890018,-57.666440435068296
2015-03-17 13:30:00,35,-75.0,-76.79998970408678,12.509132799656811,-75.0,4,6,1,3,-109.02351579600273,-44.57646361217084
2015-03-17 14:30:00,35,-93.0,-66.74787996804473,12.509132799656811,-54.0,4,6,1,3,-98.97140605996067,-34.524353876128785
2015-03-17 15:30:00,35,-118.0,-76.6028809489515,12.509132799656811,-55.0,4,6,1,3,-108.82640704086744,-44.37935485703555
2015-03-17 16:30:00,35,-143.0,-83.32239998850463,12.509132799656811,-75.0,4,6,1,3,-115.54592608042057,-51.098873896588685
2015-03-17 17:30:00,35,-162.0,-125.36691724644108,12.509132799656811,-93.0,4,6,1,3,-157.59044333835703,-93.14339115452513
2015-03-17 18:30:00,35,-154.0,-143.0603978681802,12.509132799656811,-118.0,4,6,1,3,-175.28392396009613,-110.83687177626425
2015-03-17 19:30:00,35,-177.0,-160.09037956373945,12.509132799656811,-143.0,4,6,1,3,-192.3139056556554,-127.8668534718235
2015-03-17 20:30:00,35,-182.0,-172.66013359110278,12.509132799656811,-162.0,4,6,1,3,-204.88365968301872,-140.43660749918683
2015-03-17 21:30:00,35,-198.0,-148.8935485502975,12.509132799656811,-154.0,4,6,1,3,-181.11707464221345,-116.67002245838157
2015-03-17 22:30:00,35,-234.0,-166.19747970374763,12.509132799656811,-177.0,4,6,1,3,-198.42100579566358,-133.9739536118317
2015-03-17 23:30:00,35,-225.0,-167.16663073550626,12.509132799656811,-182.0,4,6,1,3,-199.3901568274222,-134.94310464359032
2015-03-18 00:30:00,35,-200.0,-182.04075959231227,12.509132799656811,-198.0,4,6,1,3,-214.2642856842282,-149.81723350039633
2015-03-18 01:30:00,35,-189.0,-205.234795179854,12.509132799656811,-234.0,4,6,1,3,-237.45832127176993,-173.01126908793805
2015-03-18 02:30:00,35,-172.0,-196.3582176181898,12.509132799656811,-225.0,4,6,1,3,-228.58174371010574,-164.13469152627385
2015-03-18 03:30:00,35,-155.0,-168.5997560218453,12.509132799656811,-200.0,4,6,1,3,-200.82328211376125,-136.37622992992937
2015-03-18 04:30:00,35,-148.0,-158.1926703565183,12.509132799656811,-189.0,4,6,1,3,-190.41619644843425,-125.96914426460236
2015-03-18 05:30:00,35,-136.0,-140.6890962380072,12.509132799656811,-172.0,4,6,1,3,-172.91262232992315,-108.46557014609127
2015-03-18 06:30:00,35,-133.0,-128.53163132203622,12.509132799656811,-155.0,4,6,1,3,-160.75515741395216,-96.30810523012028
2015-03-18 07:30:00,35,-124.0,-120.89132052774433,12.509132799656811,-148.0,4,6,1,3,-153.11484661966028,-88.66779443582838
2015-03-18 08:30:00,35,-123.0,-115.13887328487615,12.509132799656811,-136.0,4,6,1,3,-147.3623993767921,-82.91534719296021
2015-03-18 09:30:00,35,-117.0,-109.49760369684458,12.509132799656811,-133.0,4,6,1,3,-141.72112978876052,-77.27407760492864
2015-03-18 10:30:00,35,-111.0,-109.15051248174494,12.509132799656811,-124.0,4,6,1,3,-141.37403857366087,-76.926986389829
2015-03-18 11:30:00,35,-99.0,-106.40545356039615,12.509132799656811,-123.0,4,6,1,3,-138.6289796523121,-74.18192746848021
2015-03-18 12:30:00,35,-97.0,-102.35681434232046,12.509132799656811,-117.0,4,6,1,3,-134.5803404342364,-70.13328825040452
2015-03-18 13:30:00,35,-91.0,-98.0931904071741,12.509132799656811,-111.0,4,6,1,3,-130.31671649909003,-65.86966431525816
2015-03-18 14:30:00,35,-88.0,-90.32985896264788,12.509132799656811,-99.0,4,6,1,3,-122.55338505456382,-58.10633287073193
2015-03-18 15:30:00,35,-91.0,-85.7964895372432,12.509132799656811,-97.0,4,6,1,3,-118.02001562915915,-53.57296344532726
2015-03-18 16:30:00,35,-86.0,-80.89688810471493,12.509132799656811,-91.0,4,6,1,3,-113.12041419663088,-48.67336201279899
2015-03-18 17:30:00,35,-82.0,-87.14468466795796,12.509132799656811,-88.0,4,6,1,3,-119.3682107598739,-54.92115857604202
2015-03-18 18:30:00,35,-88.0,-80.76966803659654,12.509132799656811,-91.0,4,6,1,3,-112.99319412851249,-48.5461419446806
2015-03-18 19:30:00,35,-94.0,-73.8655020031046,12.509132799656811,-86.0,4,6,1,3,-106.08902809502054,-41.64197591118865
2015-03-18 20:30:00,35,-95.0,-75.47245953115022,12.509132799656811,-82.0,4,6,1,3,-107.69598562306616,-43.24893343923428
2015-03-18 21:30:00,35,-94.0,-82.35323075775192,12.509132799656811,-88.0,4,6,1,3,-114.57675684966786,-50.12970466583597
2015-03-18 22:30:00,35,-94.0,-79.89181225864176,12.509132799656811,-94.0,4,6,1,3,-112.1153383505577,-47.66828616672582
2015-03-18 23:30:00,35,-93.0,-82.67138102251535,12.509132799656811,-95.0,4,6,1,3,-114.89490711443129,-50.447854930599405
2015-03-19 00:30:00,35,-99.0,-84.8767715231552,12.509132799656811,-94.0,4,6,1,3,-117.10029761507114,-52.653245431239256
2015-03-19 01:30:00,35,-94.0,-86.02872690070201,12.509132799656811,-94.0,4,6,1,3,-118.25225299261795,-53.80520080878607
2015-03-19 02:30:00,35,-86.0,-84.21046085238993,12.509132799656811,-93.0,4,6,1,3,-116.43398694430587,-51.986934760473986
2015-03-19 03:30:00,35,-81.0,-85.16559410895822,12.509132799656811,-99.0,4,6,1,3,-117.38912020087416,-52.942068017042274
2015-03-19 04:30:00,35,-86.0,-83.5207735737285,12.509132799656811,-94.0,4,6,1,3,-115.74429966564445,-51.29724748181256
2015-03-19 05:30:00,35,-84.0,-79.08263948434607,12.509132799656811,-86.0,4,6,1,3,-111.30616557626202,-46.85911339243013
2015-03-19 06:30:00,35,-81.0,-74.86867150454785,12.509132799656811,-81.0,4,6,1,3,-107.09219759646379,-42.645145412631905
2015-03-19 07:30:00,35,-73.0,-76.04988631482726,12.509132799656811,-86.0,4,6,1,3,-108.2734124067432,-43.82636022291132
2015-03-19 08:30:00,35,-71.0,-71.97606878844148,12.509132799656811,-84.0,4,6,1,3,-104.19959488035742,-39.75254269652554
2015-03-19 09:30:00,35,-76.0,-73.85380459965948,12.509132799656811,-81.0,4,6,1,3,-106.07733069157543,-41.63027850774354
2015-03-19 10:30:00,35,-75.0,-68.20386091607438,12.509132799656811,-73.0,4,6,1,3,-100.42738700799032,-35.98033482415843
2015-03-19 11:30:00,35,-76.0,-71.0097204017712,12.509132799656811,-71.0,4,6,1,3,-103.23324649368715,-38.78619430985526
2015-03-19 12:30:00,35,-77.0,-70.36215014516014,12.509132799656811,-76.0,4,6,1,3,-102.58567623707609,-38.1386240532442
2015-03-19 13:30:00,35,-83.0,-66.56871542107261,12.509132799656811,-75.0,4,6,1,3,-98.79224151298855,-34.34518932915667
2015-03-19 14:30:00,35,-84.0,-74.06764732985161,12.509132799656811,-76.0,4,6,1,3,-106.29117342176755,-41.84412123793567
2015-03-19 15:30:00,35,-80.0,-68.20207513978023,12.509132799656811,-77.0,4,6,1,3,-100.42560123169618,-35.97854904786429
2015-03-19 16:30:00,35,-73.0,-73.86501063026442,12.509132799656811,-83.0,4,6,1,3,-106.08853672218036,-41.64148453834848
2015-03-19 17:30:00,35,-72.0,-71.96351148252606,12.509132799656811,-84.0,4,6,1,3,-104.187037574442,-39.739985390610116
2015-03-19 18:30:00,35,-71.0,-69.08141186087829,12.509132799656811,-80.0,4,6,1,3,-101.30493795279423,-36.85788576896235
2015-03-19 19:30:00,35,-70.0,-67.64245379693652,12.509132799656811,-73.0,4,6,1,3,-99.86597988885246,-35.41892770502058
2015-03-19 20:30:00,35,-71.0,-68.48957602363816,12.509132799656811,-72.0,4,6,1,3,-100.71310211555411,-36.26604993172222
2015-03-19 21:30:00,35,-69.0,-64.07577853908963,12.509132799656811,-71.0,4,6,1,3,-96.29930463100557,-31.852252447173683
2015-03-19 22:30:00,35,-65.0,-63.333787351441394,12.509132799656811,-70.0,4,6,1,3,-95.55731344335734,-31.11026125952545
2015-03-19 23:30:00,35,-70.0,-70.19856393712077,12.509132799656811,-71.0,4,6,1,3,-102.42209002903671,-37.975037845204824
2015-03-20 00:30:00,35,-75.0,-61.709204097629,12.509132799656811,-69.0,4,6,1,3,-93.93273018954494,-29.485678005713055
2015-03-20 01:30:00,35,-81.0,-58.48016567745702,12.509132799656811,-65.0,4,6,1,3,-90.70369176937297,-26.25663958554108
2015-03-20 02:30:00,35,-74.0,-62.459243790409246,12.509132799656811,-70.0,4,6,1,3,-94.68276988232519,-30.235717698493303
2015-03-20 03:30:00,35,-69.0,-68.97308234861526,12.509132799656811,-75.0,4,6,1,3,-101.19660844053121,-36.74955625669932
2015-03-20 04:30:00,35,-65.0,-67.72107800111196,12.509132799656811,-81.0,4,6,1,3,-99.9446040930279,-35.49755190919602
2015-03-20 05:30:00,35,-64.0,-67.62147490651044,12.509132799656811,-74.0,4,6,1,3,-99.84500099842639,-35.3979488145945
2015-03-20 06:30:00,35,-71.0,-64.54666386167203,12.509132799656811,-69.0,4,6,1,3,-96.77018995358797,-32.32313776975609
2015-03-20 07:30:00,35,-68.0,-60.41705731893306,12.509132799656811,-65.0,4,6,1,3,-92.640583410849,-28.193531227017118
2015-03-20 08:30:00,35,-63.0,-63.08004332672819,12.509132799656811,-64.0,4,6,1,3,-95.30356941864413,-30.856517234812245
2015-03-20 09:30:00,35,-61.0,-56.94241437415029,12.509132799656811,-71.0,4,6,1,3,-89.16594046606623,-24.718888282234346
2015-03-20 10:30:00,35,-62.0,-62.59277663459925,12.509132799656811,-68.0,4,6,1,3,-94.81630272651519,-30.369250542683304
2015-03-20 11:30:00,35,-65.0,-58.96846516250002,12.509132799656811,-63.0,4,6,1,3,-91.19199125441597,-26.744939070584074
2015-03-20 12:30:00,35,-58.0,-58.39578604140367,12.509132799656811,-61.0,4,6,1,3,-90.61931213331961,-26.172259949487724
2015-03-20 13:30:00,35,-57.0,-55.71766984490503,12.509132799656811,-62.0,4,6,1,3,-87.94119593682098,-23.49414375298909
2015-03-20 14:30:00,35,-55.0,-54.68131220288208,12.509132799656811,-65.0,4,6,1,3,-86.90483829479803,-22.45778611096614
2015-03-20 15:30:00,35,-56.0,-53.55700109734327,12.509132799656811,-58.0,4,6,1,3,-85.7805271892592,-21.333475005427324
2015-03-20 16:30:00,35,-62.0,-50.95015216166311,12.509132799656811,-57.0,4,6,1,3,-83.17367825357906,-18.72662606974717
2015-03-20 17:30:00,35,-66.0,-51.48453149971745,12.509132799656811,-55.0,4,6,1,3,-83.70805759163339,-19.261005407801505
2015-03-20 18:30:00,35,-64.0,-51.49872671510009,12.509132799656811,-56.0,4,6,1,3,-83.72225280701603,-19.275200623184148
2015-03-20 19:30:00,35,-60.0,-58.23114884145617,12.509132799656811,-62.0,4,6,1,3,-90.4546749333721,-26.007622749540225
2015-03-20 20:30:00,35,-59.0,-55.67651736954093,12.509132799656811,-66.0,4,6,1,3,-87.90004346145687,-23.45299127762499
2015-03-20 21:30:00,35,-56.0,-54.45255539704114,12.509132799656811,-64.0,4,6,1,3,-86.67608148895708,-22.229029305125195
2015-03-20 22:30:00,35,-56.0,-56.63463753601265,12.509132799656811,-60.0,4,6,1,3,-88.85816362792859,-24.411111444096704
2015-03-20 23:30:00,35,-65.0,-51.549495083961375,12.509132799656811,-59.0,4,6,1,3,-83.77302117587732,-19.325968992045432
2015-03-21 00:30:00,35,-69.0,-53.38675405747051,12.509132799656811,-56.0,4,6,1,3,-85.61028014938645,-21.16322796555457
2015-03-21 01:30:00,35,-65.0,-56.402268229846754,12.509132799656811,-56.0,4,6,1,3,-88.6257943217627,-24.17874213793081
2015-03-21 02:30:00,35,-64.0,-59.7160889388161,12.509132799656811,-65.0,4,6,1,3,-91.93961503073204,-27.492562846900157
2015-03-21 03:30:00,35,-58.0,-59.97843426310652,12.509132799656811,-69.0,4,6,1,3,-92.20196035502246,-27.75490817119058
2015-03-21 04:30:00,35,-48.0,-56.39711791452203,12.509132799656811,-65.0,4,6,1,3,-88.62064400643797,-24.173591822606085
2015-03-21 05:30:00,35,-46.0,-57.43410569671501,12.509132799656811,-64.0,4,6,1,3,-89.65763178863095,-25.210579604799065
2015-03-21 06:30:00,35,-49.0,-52.8671796011005,12.509132799656811,-58.0,4,6,1,3,-85.09070569301645,-20.64365350918456
2015-03-21 07:30:00,35,-46.0,-48.7344951534877,12.509132799656811,-48.0,4,6,1,3,-80.95802124540364,-16.510969061571757
2015-03-21 08:30:00,35,-45.0,-47.55358631379625,12.509132799656811,-46.0,4,6,1,3,-79.77711240571219,-15.33006022188031
2015-03-21 09:30:00,35,-44.0,-48.25704909353934,12.509132799656811,-49.0,4,6,1,3,-80.48057518545528,-16.033523001623394
2015-03-21 10:30:00,35,-50.0,-46.602062145241526,12.509132799656811,-46.0,4,6,1,3,-78.82558823715746,-14.378536053325583
2015-03-21 11:30:00,35,-48.0,-42.690734337501766,12.509132799656811,-45.0,4,6,1,3,-74.91426042941771,-10.467208245585823
2015-03-21 12:30:00,35,-46.0,-42.45415423908055,12.509132799656811,-44.0,4,6,1,3,-74.6776803309965,-10.230628147164609
2015-03-21 13:30:00,35,-45.0,-43.92137534082904,12.509132799656811,-50.0,4,6,1,3,-76.14490143274497,-11.697849248913094
2015-03-21 14:30:00,35,-46.0,-44.018817304883534,12.509132799656811,-48.0,4,6,1,3,-76.24234339679947,-11.79529121296759
2015-03-21 15:30:00,35,-46.0,-42.44810762329736,12.509132799656811,-46.0,4,6,1,3,-74.6716337152133,-10.224581531381418
2015-03-21 16:30:00,35,-46.0,-41.88875585305345,12.509132799656811,-45.0,4,6,1,3,-74.1122819449694,-9.66522976113751
2015-03-21 17:30:00,35,-44.0,-41.28312176598906,12.509132799656811,-46.0,4,6,1,3,-73.506647857905,-9.059595674073115
2015-03-21 18:30:00,35,-44.0,-41.86800331261625,12.509132799656811,-46.0,4,6,1,3,-74.0915294045322,-9.64447722070031
2015-03-21 19:30:00,35,-44.0,-42.00244155676175,12.509132799656811,-46.0,4,6,1,3,-74.2259676486777,-9.77891546484581
2015-03-21 20:30:00,35,-47.0,-39.62547890199265,12.509132799656811,-44.0,4,6,1,3,-71.8490049939086,-7.401952810076708
2015-03-21 21:30:00,35,-40.0,-40.32081924319027,12.509132799656811,-44.0,4,6,1,3,-72.54434533510621,-8.097293151274329
2015-03-21 22:30:00,35,-43.0,-40.82105385603856,12.509132799656811,-44.0,4,6,1,3,-73.0445799479545,-8.597527764122617
2015-03-21 23:30:00,35,-41.0,-41.49765150820773,12.509132799656811,-47.0,4,6,1,3,-73.72117760012367,-9.274125416291788
2015-03-22 00:30:00,35,-39.0,-37.23032976495168,12.509132799656811,-40.0,4,6,1,3,-69.45385585686762,-5.0068036730357335
2015-03-22 01:30:00,35,-42.0,-39.42861697071457,12.509132799656811,-43.0,4,6,1,3,-71.65214306263051,-7.205090878798629
2015-03-22 02:30:00,35,-36.0,-39.634551100541685,12.509132799656811,-41.0,4,6,1,3,-71.85807719245763,-7.411025008625742
2015-03-22 03:30:00,35,-33.0,-40.10447870106061,12.509132799656811,-39.0,4,6,1,3,-72.32800479297654,-7.880952609144664
2015-03-22 04:30:00,35,-40.0,-40.55691251851984,12.509132799656811,-42.0,4,6,1,3,-72.78043861043578,-8.333386426603894
2015-03-22 05:30:00,35,-43.0,-37.03531503157275,12.509132799656811,-36.0,4,6,1,3,-69.2588411234887,-4.811788939656807
2015-03-22 06:30:00,35,-45.0,-41.099205006687725,12.509132799656811,-33.0,4,6,1,3,-73.32273109860367,-8.875678914771783
2015-03-22 07:30:00,35,-56.0,-40.04886200643263,12.509132799656811,-40.0,4,6,1,3,-72.27238809834857,-7.825335914516685
2015-03-22 08:30:00,35,-50.0,-39.52583144734306,12.509132799656811,-43.0,4,6,1,3,-71.749357539259,-7.302305355427116
2015-03-22 09:30:00,35,-50.0,-53.40983038196434,12.509132799656811,-45.0,4,6,1,3,-85.63335647388028,-21.186304290048398
2015-03-22 10:30:00,35,-45.0,-50.42535459399205,12.509132799656811,-56.0,4,6,1,3,-82.64888068590798,-18.201828502076104
2015-03-22 11:30:00,35,-33.0,-42.56738610537396,12.509132799656811,-50.0,4,6,1,3,-74.79091219728991,-10.34386001345802
2015-03-22 12:30:00,35,-41.0,-50.21121385527185,12.509132799656811,-50.0,4,6,1,3,-82.4347399471878,-17.987687763355908
2015-03-22 13:30:00,35,-48.0,-44.16887256082419,12.509132799656811,-45.0,4,6,1,3,-76.39239865274013,-11.945346468908248
2015-03-22 14:30:00,35,-55.0,-39.84100674529292,12.509132799656811,-33.0,4,6,1,3,-72.06453283720887,-7.61748065337698
2015-03-22 15:30:00,35,-51.0,-46.552133204982205,12.509132799656811,-41.0,4,6,1,3,-78.77565929689814,-14.328607113066262
2015-03-22 16:30:00,35,-49.0,-44.75154406710776,12.509132799656811,-48.0,4,6,1,3,-76.9750701590237,-12.528017975191815
2015-03-22 17:30:00,35,-52.0,-48.030394271514666,12.509132799656811,-55.0,4,6,1,3,-80.25392036343061,-15.806868179598723
2015-03-22 18:30:00,35,-54.0,-45.98346354976917,12.509132799656811,-51.0,4,6,1,3,-78.20698964168511,-13.759937457853226
2015-03-22 19:30:00,35,-52.0,-45.82657798386275,12.509132799656811,-49.0,4,6,1,3,-78.05010407577869,-13.603051891946805
2015-03-22 20:30:00,35,-47.0,-46.98974849151155,12.509132799656811,-52.0,4,6,1,3,-79.21327458342749,-14.766222399595605
2015-03-22 21:30:00,35,-46.0,-46.999139172456985,12.509132799656811,-54.0,4,6,1,3,-79.22266526437292,-14.775613080541042
2015-03-22 22:30:00,35,-45.0,-45.94020567827741,12.509132799656811,-52.0,4,6,1,3,-78.16373177019335,-13.716679586361465
2015-03-22 23:30:00,35,-44.0,-43.00299040305743,12.509132799656811,-47.0,4,6,1,3,-75.22651649497337,-10.779464311141489
2015-03-23 00:30:00,35,-40.0,-41.27758813435152,12.509132799656811,-46.0,4,6,1,3,-73.50111422626746,-9.054062042435575
2015-03-23 01:30:00,35,-45.0,-40.82285043798543,12.509132799656811,-45.0,4,6,1,3,-73.04637652990138,-8.599324346069487
2015-03-23 02:30:00,35,-46.0,-40.55165642154203,12.509132799656811,-44.0,4,6,1,3,-72.77518251345796,-8.328130329626084
2015-03-23 03:30:00,35,-47.0,-40.15654317953155,12.509132799656811,-40.0,4,6,1,3,-72.3800692714475,-7.93301708761561
2015-03-23 04:30:00,35,-50.0,-49.044050943296696,12.509132799656811,-45.0,4,6,1,3,-81.26757703521264,-16.820524851380753
2015-03-23 05:30:00,35,-47.0,-43.65312899270809,12.509132799656811,-46.0,4,6,1,3,-75.87665508462403,-11.429602900792148
2015-03-23 06:30:00,35,-44.0,-44.14110772048042,12.509132799656811,-47.0,4,6,1,3,-76.36463381239636,-11.917581628564477
2015-03-23 07:30:00,35,-46.0,-48.36916172169681,12.509132799656811,-50.0,4,6,1,3,-80.59268781361276,-16.14563562978087
2015-03-23 08:30:00,35,-47.0,-40.1454508926396,12.509132799656811,-47.0,4,6,1,3,-72.36897698455554,-7.921924800723659
2015-03-23 09:30:00,35,-44.0,-40.299588979158464,12.509132799656811,-44.0,4,6,1,3,-72.52311507107441,-8.076062887242522
2015-03-23 10:30:00,35,-46.0,-42.47065845183712,12.509132799656811,-46.0,4,6,1,3,-74.69418454375307,-10.247132359921174
2015-03-23 11:30:00,35,-42.0,-44.84995740247128,12.509132799656811,-47.0,4,6,1,3,-77.07348349438723,-12.62643131055534
2015-03-23 12:30:00,35,-36.0,-42.75199670132461,12.509132799656811,-44.0,4,6,1,3,-74.97552279324054,-10.528470609408664
2015-03-23 13:30:00,35,-35.0,-42.069823332344086,12.509132799656811,-46.0,4,6,1,3,-74.29334942426003,-9.846297240428143
2015-03-23 14:30:00,35,-32.0,-40.36237892104691,12.509132799656811,-42.0,4,6,1,3,-72.58590501296285,-8.138852829130968
2015-03-23 15:30:00,35,-37.0,-37.54954694574306,12.509132799656811,-36.0,4,6,1,3,-69.773073037659,-5.326020853827117
2015-03-23 16:30:00,35,-39.0,-37.32448624185611,12.509132799656811,-35.0,4,6,1,3,-69.54801233377205,-5.100960149940164
2015-03-23 17:30:00,35,-35.0,-34.07977024136179,12.509132799656811,-32.0,4,6,1,3,-66.30329633327773,-1.8562441494458497
2015-03-23 18:30:00,35,-36.0,-31.90350580895105,12.509132799656811,-37.0,4,6,1,3,-64.127031900867,0.3200202829648937
2015-03-23 19:30:00,35,-37.0,-33.52248846451487,12.509132799656811,-39.0,4,6,1,3,-65.74601455643082,-1.298962372598929
2015-03-23 20:30:00,35,-40.0,-32.38730886283944,12.509132799656811,-35.0,4,6,1,3,-64.61083495475538,-0.1637827709234969
2015-03-23 21:30:00,35,-50.0,-32.536087985410035,12.509132799656811,-36.0,4,6,1,3,-64.75961407732598,-0.3125618934940917
2015-03-23 22:30:00,35,-47.0,-34.59129875183333,12.509132799656811,-37.0,4,6,1,3,-66.81482484374928,-2.367772659917385
2015-03-23 23:30:00,35,-47.0,-40.62932062877974,12.509132799656811,-40.0,4,6,1,3,-72.85284672069568,-8.405794536863795
2015-03-24 00:30:00,35,-48.0,-40.26904765478032,12.509132799656811,-50.0,4,6,1,3,-72.49257374669627,-8.04552156286438
2015-03-24 01:30:00,35,-48.0,-43.05775913830499,12.509132799656811,-47.0,4,6,1,3,-75.28128523022093,-10.834233046389045
2015-03-24 02:30:00,35,-45.0,-40.79694815094207,12.509132799656811,-47.0,4,6,1,3,-73.02047424285801,-8.573422059026129
2015-03-24 03:30:00,35,-40.0,-41.95462938700139,12.509132799656811,-48.0,4,6,1,3,-74.17815547891733,-9.731103295085447
2015-03-24 04:30:00,35,-34.0,-42.11883549827662,12.509132799656811,-48.0,4,6,1,3,-74.34236159019255,-9.895309406360674
2015-03-24 05:30:00,35,-33.0,-40.81806808357226,12.509132799656811,-45.0,4,6,1,3,-73.0415941754882,-8.594541991656314
2015-03-24 06:30:00,35,-32.0,-37.15124831104996,12.509132799656811,-40.0,4,6,1,3,-69.3747744029659,-4.927722219134019
2015-03-24 07:30:00,35,-29.0,-35.08279216033742,12.509132799656811,-34.0,4,6,1,3,-67.30631825225336,-2.8592660684214763
2015-03-24 08:30:00,35,-30.0,-32.481607235025834,12.509132799656811,-33.0,4,6,1,3,-64.70513332694178,-0.25808114310989083
2015-03-24 09:30:00,35,-29.0,-30.04218421077672,12.509132799656811,-32.0,4,6,1,3,-62.26571030269267,2.181341881139222
2015-03-24 10:30:00,35,-26.0,-28.694315951057188,12.509132799656811,-29.0,4,6,1,3,-60.917842042973135,3.529210140858755
2015-03-24 11:30:00,35,-31.0,-28.780424491548164,12.509132799656811,-30.0,4,6,1,3,-61.0039505834641,3.443101600367779
2015-03-24 12:30:00,35,-32.0,-27.64495228417104,12.509132799656811,-29.0,4,6,1,3,-59.86847837608698,4.5785738077449025
2015-03-24 13:30:00,35,-30.0,-26.927898836879912,12.509132799656811,-26.0,4,6,1,3,-59.151424928795855,5.295627255036031
2015-03-24 14:30:00,35,-28.0,-31.614931166669933,12.509132799656811,-31.0,4,6,1,3,-63.838457258585876,0.6085949252460097
2015-03-24 15:30:00,35,-26.0,-29.431643504292698,12.509132799656811,-32.0,4,6,1,3,-61.65516959620864,2.7918825876232454
2015-03-24 16:30:00,35,-33.0,-29.291276653466262,12.509132799656811,-30.0,4,6,1,3,-61.514802745382205,2.9322494384496807
2015-03-24 17:30:00,35,-34.0,-27.420856695688904,12.509132799656811,-28.0,4,6,1,3,-59.64438278760485,4.802669396227039
2015-03-24 18:30:00,35,-31.0,-28.134046837767915,12.509132799656811,-26.0,4,6,1,3,-60.357572929683855,4.089479254148028
2015-03-24 19:30:00,35,-31.0,-31.338421479979026,12.509132799656811,-33.0,4,6,1,3,-63.56194757189497,0.8851046119369173
2015-03-24 20:30:00,35,-28.0,-29.132985215267134,12.509132799656811,-34.0,4,6,1,3,-61.35651130718308,3.0905408766488094
2015-03-24 21:30:00,35,-28.0,-27.758555808046683,12.509132799656811,-31.0,4,6,1,3,-59.98208189996262,4.46497028386926
2015-03-24 22:30:00,35,-34.0,-26.091194112492825,12.509132799656811,-31.0,4,6,1,3,-58.31472020440877,6.1323319794231175
2015-03-24 23:30:00,35,-34.0,-26.23725753282568,12.509132799656811,-28.0,4,6,1,3,-58.46078362474162,5.986268559090263
2015-03-25 00:30:00,35,-30.0,-27.228270106223285,12.509132799656811,-28.0,4,6,1,3,-59.45179619813923,4.995255985692658
2015-03-25 01:30:00,35,-30.0,-30.19157278637954,12.509132799656811,-34.0,4,6,1,3,-62.41509887829548,2.0319533055364047
2015-03-25 02:30:00,35,-36.0,-29.484288360059228,12.509132799656811,-34.0,4,6,1,3,-61.70781445197517,2.739237731856715
2015-03-25 03:30:00,35,-34.0,-28.022868045494185,12.509132799656811,-30.0,4,6,1,3,-60.24639413741013,4.200658046421758
2015-03-25 04:30:00,35,-32.0,-30.760842226409192,12.509132799656811,-30.0,4,6,1,3,-62.98436831832514,1.462683865506751
2015-03-25 05:30:00,35,-34.0,-30.338972695340168,12.509132799656811,-36.0,4,6,1,3,-62.56249878725611,1.8845533965757753
2015-03-25 06:30:00,35,-33.0,-30.32496842721573,12.509132799656811,-34.0,4,6,1,3,-62.54849451913167,1.8985576647002134
2015-03-25 07:30:00,35,-32.0,-31.54027697352735,12.509132799656811,-32.0,4,6,1,3,-63.7638030654433,0.6832491183885914
2015-03-25 08:30:00,35,-31.0,-30.577913402345104,12.509132799656811,-34.0,4,6,1,3,-62.80143949426105,1.6456126895708394
2015-03-25 09:30:00,35,-28.0,-29.759898049621004,12.509132799656811,-33.0,4,6,1,3,-61.98342414153694,2.463628042294939
2015-03-25 10:30:00,35,-17.0,-27.88086072596698,12.509132799656811,-32.0,4,6,1,3,-60.104386817882926,4.342665365948964
2015-03-25 11:30:00,35,-13.0,-28.43879610262473,12.509132799656811,-31.0,4,6,1,3,-60.66232219454067,3.7847299892912147
2015-03-25 12:30:00,35,-5.0,-26.464275197294832,12.509132799656811,-28.0,4,6,1,3,-58.687801289210775,5.759250894621111
2015-03-25 13:30:00,35,-5.0,-20.704124661463595,12.509132799656811,-17.0,4,6,1,3,-52.92765075337954,11.519401430452348
2015-03-25 14:30:00,35,-4.0,-18.80257660392864,12.509132799656811,-13.0,4,6,1,3,-51.026102695844585,13.420949487987304
2015-03-25 15:30:00,35,-12.0,-17.314194621813265,12.509132799656811,-5.0,4,6,1,3,-49.53772071372921,14.909331470102678
2015-03-25 16:30:00,35,-22.0,-15.246605766912364,12.509132799656811,-5.0,4,6,1,3,-47.47013185882831,16.97692032500358
2015-03-25 17:30:00,35,-17.0,-14.743077136135536,12.509132799656811,-4.0,4,6,1,3,-46.96660322805148,17.480448955780407
2015-03-25 18:30:00,35,-17.0,-15.395087947302205,12.509132799656811,-12.0,4,6,1,3,-47.618614039218144,16.828438144613738
2015-03-25 19:30:00,35,-22.0,-18.6115929477385,12.509132799656811,-22.0,4,6,1,3,-50.835119039654444,13.611933144177442
2015-03-25 20:30:00,35,-28.0,-15.822301371277522,12.509132799656811,-17.0,4,6,1,3,-48.04582746319346,16.40122472063842
2015-03-25 21:30:00,35,-32.0,-17.1239980721171,12.509132799656811,-17.0,4,6,1,3,-49.34752416403305,15.099528019798843
2015-03-25 22:30:00,35,-33.0,-20.09127808555775,12.509132799656811,-22.0,4,6,1,3,-52.31480417747369,12.132248006358193
2015-03-25 23:30:00,35,-31.0,-22.553852789510568,12.509132799656811,-28.0,4,6,1,3,-54.777378881426515,9.669673302405375
2015-03-26 00:30:00,35,-29.0,-24.42804434663143,12.509132799656811,-32.0,4,6,1,3,-56.651570438547374,7.795481745284512
2015-03-26 01:30:00,35,-25.0,-26.902639201815006,12.509132799656811,-33.0,4,6,1,3,-59.12616529373095,5.320886890100937
2015-03-26 02:30:00,35,-25.0,-27.16834167179468,12.509132799656811,-31.0,4,6,1,3,-59.39186776371062,5.055184420121265
2015-03-26 03:30:00,35,-23.0,-26.00505372376221,12.509132799656811,-29.0,4,6,1,3,-58.22857981567815,6.2184723681537335
2015-03-26 04:30:00,35,-23.0,-22.91199250017264,12.509132799656811,-25.0,4,6,1,3,-55.13551859208859,9.311533591743302
2015-03-26 05:30:00,35,-26.0,-22.88408889249901,12.509132799656811,-25.0,4,6,1,3,-55.10761498441495,9.339437199416935
2015-03-26 06:30:00,35,-27.0,-21.21565971219863,12.509132799656811,-23.0,4,6,1,3,-53.43918580411457,11.007866379717314
2015-03-26 07:30:00,35,-21.0,-22.93543223582952,12.509132799656811,-23.0,4,6,1,3,-55.15895832774547,9.288093856086423
2015-03-26 08:30:00,35,-18.0,-24.178467891562608,12.509132799656811,-26.0,4,6,1,3,-56.40199398347855,8.045058200353335
2015-03-26 09:30:00,35,-15.0,-23.96042801836069,12.509132799656811,-27.0,4,6,1,3,-56.18395411027663,8.263098073555252
2015-03-26 10:30:00,35,-15.0,-18.07548470524653,12.509132799656811,-21.0,4,6,1,3,-50.299010797162474,14.148041386669412
2015-03-26 11:30:00,35,-10.0,-17.722921280114377,12.509132799656811,-18.0,4,6,1,3,-49.94644737203032,14.500604811801566
2015-03-26 12:30:00,35,-9.0,-15.785181110539344,12.509132799656811,-15.0,4,6,1,3,-48.008707202455284,16.4383449813766
2015-03-26 13:30:00,35,-13.0,-14.946723879894185,12.509132799656811,-15.0,4,6,1,3,-47.17024997181013,17.276802212021757
2015-03-26 14:30:00,35,-11.0,-11.26042322164604,12.509132799656811,-10.0,4,6,1,3,-43.48394931356198,20.963102870269903
2015-03-26 15:30:00,35,-16.0,-9.812160921980702,12.509132799656811,-9.0,4,6,1,3,-42.03568701389665,22.41136516993524
2015-03-26 16:30:00,35,-20.0,-13.754984363850696,12.509132799656811,-13.0,4,6,1,3,-45.97851045576664,18.468541728065247
2015-03-26 17:30:00,35,-20.0,-10.20271588469263,12.509132799656811,-11.0,4,6,1,3,-42.42624197660857,22.020810207223313
2015-03-26 18:30:00,35,-21.0,-14.673185036807244,12.509132799656811,-16.0,4,6,1,3,-46.89671112872318,17.5503410551087
2015-03-26 19:30:00,35,-20.0,-16.611909089499747,12.509132799656811,-20.0,4,6,1,3,-48.83543518141569,15.611617002416196
2015-03-26 20:30:00,35,-27.0,-17.48990249734725,12.509132799656811,-20.0,4,6,1,3,-49.71342858926319,14.733623594568694
2015-03-26 21:30:00,35,-30.0,-17.8808828615458,12.509132799656811,-21.0,4,6,1,3,-50.10440895346174,14.342643230370143
2015-03-26 22:30:00,35,-31.0,-19.986809034914003,12.509132799656811,-20.0,4,6,1,3,-52.210335126829946,12.23671705700194
2015-03-26 23:30:00,35,-29.0,-26.200345991800862,12.509132799656811,-27.0,4,6,1,3,-58.4238720837168,6.023180100115081
2015-03-27 00:30:00,35,-28.0,-25.7000198152636,12.509132799656811,-30.0,4,6,1,3,-57.923545907179545,6.523506276652341
2015-03-27 01:30:00,35,-29.0,-29.47216697692389,12.509132799656811,-31.0,4,6,1,3,-61.69569306883983,2.751359114992052
2015-03-27 02:30:00,35,-27.0,-28.21924144752492,12.509132799656811,-29.0,4,6,1,3,-60.442767539440865,4.004284644391024
2015-03-27 03:30:00,35,-27.0,-26.6826375339231,12.509132799656811,-28.0,4,6,1,3,-58.90616362583904,5.540888557992844
2015-03-27 04:30:00,35,-25.0,-26.90121342437253,12.509132799656811,-29.0,4,6,1,3,-59.12473951628847,5.3223126675434145
2015-03-27 05:30:00,35,-30.0,-26.741873837858087,12.509132799656811,-27.0,4,6,1,3,-58.96539992977403,5.481652254057856
2015-03-27 06:30:00,35,-35.0,-25.01620114347451,12.509132799656811,-27.0,4,6,1,3,-57.239727235390454,7.207324948441432
2015-03-27 07:30:00,35,-29.0,-26.155560542243485,12.509132799656811,-25.0,4,6,1,3,-58.37908663415943,6.067965549672458
2015-03-27 08:30:00,35,-23.0,-29.03470254299392,12.509132799656811,-30.0,4,6,1,3,-61.25822863490986,3.1888235489220236
2015-03-27 09:30:00,35,-27.0,-28.078885117991938,12.509132799656811,-35.0,4,6,1,3,-60.30241120990788,4.144640973924005
2015-03-27 10:30:00,35,-23.0,-26.64569585081433,12.509132799656811,-29.0,4,6,1,3,-58.86922194273028,5.577830241101612
2015-03-27 11:30:00,35,-22.0,-24.41949480044364,12.509132799656811,-23.0,4,6,1,3,-56.64302089235959,7.8040312914723025
2015-03-27 12:30:00,35,-22.0,-24.060428647239167,12.509132799656811,-27.0,4,6,1,3,-56.28395473915511,8.163097444676776
2015-03-27 13:30:00,35,-23.0,-24.340481592769724,12.509132799656811,-23.0,4,6,1,3,-56.56400768468566,7.883044499146219
2015-03-27 14:30:00,35,-29.0,-20.59206208053984,12.509132799656811,-22.0,4,6,1,3,-52.81558817245578,11.631464011376103
2015-03-27 15:30:00,35,-30.0,-23.802454493839413,12.509132799656811,-22.0,4,6,1,3,-56.025980585755356,8.42107159807653
2015-03-27 16:30:00,35,-26.0,-27.140505457271,12.509132799656811,-23.0,4,6,1,3,-59.36403154918695,5.083020634644942
2015-03-27 17:30:00,35,-23.0,-25.613195826817844,12.509132799656811,-29.0,4,6,1,3,-57.83672191873379,6.610330265098099
2015-03-27 18:30:00,35,-23.0,-24.744368456082604,12.509132799656811,-30.0,4,6,1,3,-56.96789454799855,7.479157635833339
2015-03-27 19:30:00,35,-23.0,-22.867887238019016,12.509132799656811,-26.0,4,6,1,3,-55.09141332993496,9.355638853896927
2015-03-27 20:30:00,35,-21.0,-19.96719961879247,12.509132799656811,-23.0,4,6,1,3,-52.19072571070841,12.256326473123472
2015-03-27 21:30:00,35,-20.0,-21.849071151415224,12.509132799656811,-23.0,4,6,1,3,-54.07259724333117,10.37445494050072
2015-03-27 22:30:00,35,-21.0,-19.521723504257565,12.509132799656811,-23.0,4,6,1,3,-51.74524959617351,12.701802587658378
