time,event_no,DST_true,DST_pred,sigma_nT,DST_persist,DST_p10,DST_p90,DST_p025,DST_p975,fold,L_value,L_idx,H,DST_p005,DST_p995
1998-04-26 03:30:00,1,-29.0,-25.67267750271517,15.412183045907264,,-51.02571861323263,-0.3196363921977259,-55.88055627269341,4.535201267263062,2,42,7,5,-65.37446102897229,14.029106023541946
1998-04-26 04:30:00,1,-22.0,-24.956164304893043,15.412183045907264,,-50.30920541541049,0.3968768056244052,-55.16404307487128,5.251714465085193,2,42,7,5,-64.65794783115015,14.745619221364073
1998-04-26 05:30:00,1,-21.0,-38.13029730491809,15.412183045907264,,-63.48333841543554,-12.77725619440064,-68.33817607489632,-7.922418534939851,2,42,7,5,-77.8320808311752,1.571486221339029
1998-04-26 06:30:00,1,-36.0,-33.10160601819928,15.412183045907264,,-58.45464712871673,-7.748564907681828,-63.30948478817752,-2.8937272482210403,2,42,7,5,-72.8033895444564,6.60017750805784
1998-04-26 07:30:00,1,-38.0,-38.80280058214292,15.412183045907264,,-64.15584169266037,-13.449759471625471,-69.01067935212116,-8.594921812164685,2,42,7,5,-78.50458410840004,0.898982944114195
1998-04-26 08:30:00,1,-40.0,-27.35105764012366,15.412183045907264,-29.0,-52.70409875064111,-1.9980165296062111,-57.55893641010189,2.856821129854577,2,42,7,5,-67.05284116638077,12.350725886133457
1998-04-26 09:30:00,1,-36.0,-25.499983822147804,15.412183045907264,-22.0,-50.85302493266525,-0.1469427116303556,-55.70786259212604,4.707894947830432,2,42,7,5,-65.20176734840493,14.201799704109312
1998-04-26 10:30:00,1,-27.0,-28.561050378272025,15.412183045907264,-21.0,-53.914091488789474,-3.2080092677545764,-58.768929148250265,1.6468283917062116,2,42,7,5,-68.26283390452915,11.140733147985092
1998-04-26 11:30:00,1,-22.0,-37.03024577566939,15.412183045907264,-36.0,-62.38328688618684,-11.677204665151944,-67.23812454564762,-6.822367005691156,2,42,7,5,-76.7320293019265,2.6715377505877242
1998-04-26 12:30:00,1,-26.0,-37.8781159728979,15.412183045907264,-38.0,-63.23115708341536,-12.525074862380452,-68.08599474287614,-7.670237202919665,2,42,7,5,-77.57989949915502,1.8236675533592148
1998-04-26 13:30:00,1,-29.0,-34.00876835588447,15.412183045907264,-40.0,-59.36180946640192,-8.655727245367022,-64.2166471258627,-3.8008895859062335,2,42,7,5,-73.71055188214159,5.693015170372647
1998-04-26 14:30:00,1,-44.0,-29.659064086699622,15.412183045907264,-36.0,-55.01210519721707,-4.306022976182174,-59.86694285667786,0.5488146832786143,2,42,7,5,-69.36084761295675,10.042719439557494
1998-04-26 15:30:00,1,-51.0,-27.209949320504005,15.412183045907264,-27.0,-52.562990431021454,-1.8569082099865568,-57.417828090482246,2.9979294494742312,2,42,7,5,-66.91173284676113,12.491834205753111
1998-04-26 16:30:00,1,-60.0,-29.834007011280136,15.412183045907264,-22.0,-55.18704812179759,-4.480965900762687,-60.04188578125837,0.3738717586981011,2,42,7,5,-69.53579053753725,9.867776514976981
1998-04-26 17:30:00,1,-63.0,-28.873703913891426,15.412183045907264,-26.0,-54.22674502440887,-3.520662803373977,-59.08158268386966,1.3341748560868112,2,42,7,5,-68.57548744014855,10.828079612365691
1998-04-26 18:30:00,1,-60.0,-47.68375585998688,15.412183045907264,-29.0,-73.03679697050433,-22.330714749469426,-77.89163462996511,-17.475877090008638,2,42,7,5,-87.385539386244,-7.981972333729765
1998-04-26 19:30:00,1,-57.0,-56.37337314903501,15.412183045907264,-44.0,-81.72641425955246,-31.020332038517555,-86.58125191901324,-26.165494379056767,2,42,7,5,-96.07515667529213,-16.671589622777894
1998-04-26 20:30:00,1,-52.0,-54.56724916562976,15.412183045907264,-51.0,-79.92029027614721,-29.214208055112312,-84.775127935608,-24.359370395651524,2,42,7,5,-94.26903269188688,-14.865465639372644
1998-04-26 21:30:00,1,-50.0,-56.96642899117508,15.412183045907264,-60.0,-82.31947010169253,-31.61338788065763,-87.17430776115332,-26.75855022119684,2,42,7,5,-96.6682125174322,-17.26464546491796
1998-04-26 22:30:00,1,-47.0,-49.31739758601679,15.412183045907264,-63.0,-74.67043869653423,-23.96435647549934,-79.52527635599503,-19.109518816038552,2,42,7,5,-89.01918111227391,-9.615614059759672
1998-04-26 23:30:00,1,-39.0,-43.802131191216674,15.412183045907264,-60.0,-69.15517230173413,-18.449090080699225,-74.01000996119491,-13.594252421238435,2,42,7,5,-83.50391471747379,-4.100347664959557
1998-04-27 00:30:00,1,-32.0,-41.14082739842988,15.412183045907264,-57.0,-66.49386850894733,-15.787786287912429,-71.34870616840811,-10.93294862845164,2,42,7,5,-80.842610924687,-1.4390438721727605
1998-04-27 01:30:00,1,-33.0,-39.25911387867504,15.412183045907264,-52.0,-64.61215498919249,-13.906072768157587,-69.46699264865327,-9.0512351086968,2,42,7,5,-78.96089740493215,0.44266964758207905
1998-04-27 02:30:00,1,-34.0,-39.39354685571777,15.412183045907264,-50.0,-64.74658796623523,-14.040505745200324,-69.60142562569601,-9.185668085739536,2,42,7,5,-79.09533038197489,0.308236670539344
1998-04-27 03:30:00,1,-31.0,-40.43631878647096,15.412183045907264,-47.0,-65.78935989698842,-15.083277675953514,-70.6441975564492,-10.228440016492726,2,42,7,5,-80.13810231272808,-0.7345352602138462
1998-04-27 04:30:00,1,-36.0,-34.33707496372864,15.412183045907264,-39.0,-59.69011607424609,-8.98403385321119,-64.54495373370688,-4.129196193750403,2,42,7,5,-74.03885848998576,5.364708562528477
1998-04-27 05:30:00,1,-33.0,-34.268084502486566,15.412183045907264,-32.0,-59.62112561300401,-8.915043391969117,-64.47596327246481,-4.060205732508329,2,42,7,5,-73.96986802874369,5.433699023770551
1998-04-27 06:30:00,1,-26.0,-38.60145331385875,15.412183045907264,-33.0,-63.95449442437619,-13.2484122033413,-68.80933208383698,-8.393574543880511,2,42,7,5,-78.30323684011586,1.1003302123983687
1998-04-27 07:30:00,1,-28.0,-32.917402125835935,15.412183045907264,-34.0,-58.27044323635339,-7.564361015318486,-63.12528089581417,-2.709523355857698,2,42,7,5,-72.61918565209305,6.784381400421182
1998-04-27 08:30:00,1,-32.0,-32.69777910361052,15.412183045907264,-31.0,-58.05082021412797,-7.344737993093073,-62.90565787358876,-2.489900333632285,2,42,7,5,-72.39956262986763,7.004004422646595
1998-04-27 09:30:00,1,-27.0,-34.02597550347463,15.412183045907264,-36.0,-59.37901661399208,-8.672934392957185,-64.23385427345286,-3.8180967334963967,2,42,7,5,-73.72775902973174,5.675808022782483
1998-04-27 10:30:00,1,-21.0,-30.356207932629307,15.412183045907264,-33.0,-55.70924904314676,-5.003166822111858,-60.56408670260754,-0.1483291626510698,2,42,7,5,-70.05799145888642,9.34557559362781
1998-04-27 11:30:00,1,-20.0,-28.037915862664526,15.412183045907264,-26.0,-53.39095697318197,-2.6848747521470777,-58.24579463264276,2.1699629073137103,2,42,7,5,-67.73969938892165,11.66386766359259
1998-04-27 12:30:00,1,-20.0,-30.44243240025021,15.412183045907264,-28.0,-55.79547351076766,-5.08939128973276,-60.65031117022845,-0.2345536302719715,2,42,7,5,-70.14421592650733,9.259351126006909
1998-04-27 13:30:00,1,-21.0,-31.63851889284608,15.412183045907264,-32.0,-56.99156000336353,-6.285477782328631,-61.84639766282432,-1.4306401228678425,2,42,7,5,-71.3403024191032,8.063264633411038
1998-04-27 14:30:00,1,-24.0,-27.412259483543227,15.412183045907264,-27.0,-52.76530059406068,-2.0592183730257787,-57.62013825352146,2.7956192864350093,2,42,7,5,-67.11404300980034,12.28952404271389
1998-04-27 15:30:00,1,-28.0,-25.921546155047047,15.412183045907264,-21.0,-51.27458726556449,-0.5685050445295978,-56.12942492502528,4.28633261493119,2,42,7,5,-65.62332968130417,13.78023737121007
1998-04-27 16:30:00,1,-30.0,-27.64307960441335,15.412183045907264,-20.0,-52.9961207149308,-2.290038493895903,-57.85095837439159,2.564799165564885,2,42,7,5,-67.34486313067046,12.058703921843765
1998-04-27 17:30:00,1,-29.0,-28.5004540784514,15.412183045907264,-20.0,-53.85349518896885,-3.147412967933949,-58.70833284842964,1.707424691526839,2,42,7,5,-68.20223760470851,11.201329447805715
1998-04-27 18:30:00,1,-27.0,-33.51314183602386,15.412183045907264,-21.0,-58.86618294654132,-8.160100725506414,-63.7210206060021,-3.305263066045626,2,42,7,5,-73.21492536228098,6.188641690233254
1998-04-27 19:30:00,1,-25.0,-26.538780652178925,15.412183045907264,-24.0,-51.89182176269637,-1.1857395416614764,-56.746659422157165,3.669098117799312,2,42,7,5,-66.24056417843605,13.163002874078192
1998-04-27 20:30:00,1,-27.0,-25.25184998031218,15.412183045907264,-28.0,-50.604891090829625,0.1011911302052688,-55.45972875029042,4.956028789666057,2,42,7,5,-64.9536335065693,14.449933545944937
1998-04-27 21:30:00,1,-27.0,-24.9783821246826,15.412183045907264,-30.0,-50.33142323520004,0.3746589858348557,-55.18626089466083,5.229496645295644,2,42,7,5,-64.68016565093971,14.723401401574517
1998-04-27 22:30:00,1,-24.0,-24.43397947009109,15.412183045907264,-29.0,-49.78702058060854,0.91906164042636,-54.641858240069325,5.773899299887148,2,42,7,5,-64.1357629963482,15.267804056166028
1998-04-27 23:30:00,1,-17.0,-25.66203165557253,15.412183045907264,-27.0,-51.01507276608998,-0.3089905450550816,-55.86991042555077,4.545847114405706,2,42,7,5,-65.36381518182965,14.039751870684587
1998-04-28 00:30:00,1,-14.0,-24.662757173983767,15.412183045907264,-25.0,-50.015798284501216,0.6902839365336817,-54.870635943962,5.54512159599447,2,42,7,5,-64.36454070024088,15.03902635227335
1998-04-28 01:30:00,1,-18.0,-23.403309793523533,15.412183045907264,-27.0,-48.756350904040985,1.949731316993916,-53.61118856350177,6.804568976454704,2,42,7,5,-63.10509331978065,16.298473732733584
1998-04-28 02:30:00,1,-21.0,-22.59574214227757,15.412183045907264,-27.0,-47.94878325279503,2.7572989682398763,-52.80362091225581,7.612136627700664,2,42,7,5,-62.29752566853469,17.106041383979548
1998-04-28 03:30:00,1,-24.0,-21.912281053797926,15.412183045907264,-24.0,-47.26532216431538,3.4407600567195225,-52.12015982377616,8.29559771618031,2,42,7,5,-61.61406458005504,17.78950247245919
1998-04-28 04:30:00,1,-25.0,-20.47502504527378,15.412183045907264,-17.0,-45.828066155791234,4.878016065243667,-50.68290381525202,9.732853724704457,2,42,7,5,-60.1768085715309,19.226758480983335
1998-04-28 05:30:00,1,-17.0,-22.67305868437517,15.412183045907264,-14.0,-48.02609979489263,2.6799824261422707,-52.880937454353415,7.534820085603059,2,42,7,5,-62.37484221063229,17.028724841881946
1998-04-28 06:30:00,1,-16.0,-25.84955196200122,15.412183045907264,-18.0,-51.20259307251867,-0.496510851483773,-56.05743073197946,4.358326807977015,2,42,7,5,-65.55133548825833,13.852231564255895
1998-04-28 07:30:00,1,-19.0,-25.882481124161387,15.412183045907264,-21.0,-51.23552223467884,-0.5294400136439386,-56.09035989413962,4.3253976458168495,2,42,7,5,-65.5842646504185,13.81930240209573
1998-04-28 08:30:00,1,-20.0,-27.317814215773154,15.412183045907264,-24.0,-52.67085532629061,-1.9647731052557056,-57.52569298575139,2.8900645542050825,2,42,7,5,-67.01959774203027,12.383969310483963
1998-04-28 09:30:00,1,-18.0,-21.68186309660832,15.412183045907264,-25.0,-47.03490420712576,3.671178013909135,-51.88974186658655,8.526015673369923,2,42,7,5,-61.38364662286544,18.019920429648796
1998-04-28 10:30:00,1,-16.0,-20.22770242503369,15.412183045907264,-17.0,-45.58074353555115,5.125338685483751,-50.435581195011935,9.98017634494454,2,42,7,5,-59.92948595129081,19.474081101223426
1998-04-28 11:30:00,1,-11.0,-20.55849584072228,15.412183045907264,-16.0,-45.911536951239725,4.794545269795176,-50.76637461070051,9.649382929255964,2,42,7,5,-60.2602793669794,19.143287685534837
1998-04-28 12:30:00,1,-13.0,-19.43805403835217,15.412183045907264,-19.0,-44.79109514886962,5.914987072165275,-49.645932808330414,10.769824731626064,2,42,7,5,-59.13983756460929,20.263729487904946
1998-04-28 13:30:00,1,-16.0,-19.308757266029097,15.412183045907264,-20.0,-44.66179837654654,6.044283844488351,-49.51663603600733,10.89912150394914,2,42,7,5,-59.010540792286214,20.39302626022802
1998-04-28 14:30:00,1,-21.0,-18.943852326959657,15.412183045907264,-18.0,-44.29689343747711,6.409188783557791,-49.15173109693789,11.26402644301858,2,42,7,5,-58.645635853216774,20.75793119929746
1998-04-28 15:30:00,1,-23.0,-17.995722724179988,15.412183045907264,-16.0,-43.34876383469744,7.357318386337461,-48.20360149415822,12.212156045798247,2,42,7,5,-57.6975062504371,21.70606080207713
1998-04-28 16:30:00,1,-24.0,-16.864220271556775,15.412183045907264,-11.0,-42.21726138207423,8.488820838960674,-47.07209904153501,13.343658498421462,2,42,7,5,-56.56600379781389,22.837563254700342
1998-04-28 17:30:00,1,-25.0,-15.724378093238869,15.412183045907264,-13.0,-41.07741920375632,9.62866301727858,-45.93225686321711,14.483500676739368,2,42,7,5,-55.426161619495986,23.977405433018248
1998-04-28 18:30:00,1,-24.0,-18.95905641216111,15.412183045907264,-16.0,-44.31209752267856,6.393984698356338,-49.16693518213935,11.248822357817126,2,42,7,5,-58.66083993841823,20.742727114096006
1998-04-28 19:30:00,1,-22.0,-18.56321474470866,15.412183045907264,-21.0,-43.91625585522611,6.789826365808789,-48.771093514686896,11.644664025269575,2,42,7,5,-58.264998270965776,21.138568781548457
1998-04-28 20:30:00,1,-25.0,-17.585318135336724,15.412183045907264,-23.0,-42.93835924585417,7.767722975180725,-47.79319690531496,12.622560634641513,2,42,7,5,-57.28710166159384,22.116465390920393
1998-04-28 21:30:00,1,-25.0,-20.37846324750513,15.412183045907264,-24.0,-45.73150435802259,4.974577863012311,-50.586342017483375,9.8294155224731,2,42,7,5,-60.08024677376225,19.323320278751986
1998-04-28 22:30:00,1,-25.0,-21.014326540837786,15.412183045907264,-25.0,-46.36736765135523,4.3387145696796665,-51.22220531081602,9.193552229140456,2,42,7,5,-60.7161100670949,18.68745698541933
1998-04-28 23:30:00,1,-19.0,-19.23423403795241,15.412183045907264,-24.0,-44.58727514846986,6.118807072565037,-49.44211280793065,10.973644732025823,2,42,7,5,-58.93601756420953,20.467549488304705
1998-04-29 00:30:00,1,-16.0,-19.273682847893184,15.412183045907264,-22.0,-44.62672395841064,6.079358262624265,-49.48156161787142,10.934195922085053,2,42,7,5,-58.9754663741503,20.428100678363933
1998-04-29 01:30:00,1,-19.0,-22.64248849946097,15.412183045907264,-25.0,-47.99552960997842,2.7105526110564746,-52.85036726943921,7.565390270517263,2,42,7,5,-62.344272025718084,17.059295026796146
1998-04-29 02:30:00,1,-18.0,-26.606056890732823,15.412183045907264,-25.0,-51.95909800125027,-1.2530157802153743,-56.81393566071106,3.601821879245413,2,42,7,5,-66.30784041698993,13.095726635524294
1998-04-29 03:30:00,1,-14.0,-24.23748344483296,15.412183045907264,-25.0,-49.590524555350406,1.1155576656844914,-54.4453622148112,5.97039532514528,2,42,7,5,-63.93926697109008,15.464300081424156
1998-04-29 04:30:00,1,-16.0,-20.175840545834205,15.412183045907264,-19.0,-45.52888165635166,5.177200564683243,-50.38371931581244,10.032038224144031,2,42,7,5,-59.87762407209132,19.52594298042291
1998-04-29 05:30:00,1,-16.0,-20.24531604520095,15.412183045907264,-16.0,-45.5983571557184,5.107725065316497,-50.45319481517919,9.962562724777284,2,42,7,5,-59.94709957145807,19.456467481056166
1998-04-29 06:30:00,1,-12.0,-20.26575055632721,15.412183045907264,-19.0,-45.61879166684466,5.087290554190236,-50.47362932630545,9.942128213651024,2,42,7,5,-59.96753408258432,19.436032969929908
1998-04-29 07:30:00,1,-12.0,-17.65714916483217,15.412183045907264,-18.0,-43.010190275349615,7.695891945685279,-47.865027934810406,12.550729605146069,2,42,7,5,-57.35893269108929,22.044634361424947
1998-04-29 08:30:00,1,-11.0,-15.357699037818833,15.412183045907264,-14.0,-40.710740148336285,9.995342072698616,-45.56557780779707,14.850179732159404,2,42,7,5,-55.05948256407595,24.344084488438284
1998-04-29 09:30:00,1,-8.0,-15.210734640491406,15.412183045907264,-16.0,-40.563775751008855,10.142306470026044,-45.418613410469646,14.99714412948683,2,42,7,5,-54.91251816674853,24.49104888576571
1998-04-29 10:30:00,1,-10.0,-16.444761254706595,15.412183045907264,-16.0,-41.79780236522405,8.908279855810854,-46.65264002468483,13.763117515271642,2,42,7,5,-56.14654478096371,23.25702227155052
1998-04-29 11:30:00,1,-14.0,-14.032891441482562,15.412183045907264,-12.0,-39.385932552000014,11.320149669034889,-44.2407702114608,16.174987328495675,2,42,7,5,-53.73467496773968,25.668892084774555
1998-04-29 12:30:00,1,-13.0,-12.89712145768959,15.412183045907264,-12.0,-38.25016256820704,12.45591965282786,-43.10500022766783,17.310757312288647,2,42,7,5,-52.59890498394671,26.804662068567527
1998-04-29 13:30:00,1,-9.0,-10.839346423802889,15.412183045907264,-11.0,-36.19238753432033,14.513694686714562,-41.04722519378112,19.36853234617535,2,42,7,5,-50.541129950060004,28.86243710245423
1998-04-29 14:30:00,1,-11.0,-12.58873775131812,15.412183045907264,-8.0,-37.94177886183557,12.764303359199328,-42.79661652129636,17.619141018660116,2,42,7,5,-52.29052127757524,27.113045774938996
1998-04-29 15:30:00,1,-13.0,-14.304418570093912,15.412183045907264,-10.0,-39.65745968061136,11.048622540423535,-44.51229734007215,15.903460199884323,2,42,7,5,-54.00620209635103,25.397364956163205
1998-04-29 16:30:00,1,-13.0,-13.62005548593084,15.412183045907264,-14.0,-38.973096596448286,11.732985624586608,-43.82793425590908,16.587823284047396,2,42,7,5,-53.32183901218796,26.081728040326276
1998-04-29 17:30:00,1,-11.0,-13.10473903227246,15.412183045907264,-13.0,-38.45778014278991,12.24830207824499,-43.3126178022507,17.103139737705778,2,42,7,5,-52.80652255852958,26.597044493984654
1998-04-29 18:30:00,1,-10.0,-11.620525243372867,15.412183045907264,-9.0,-36.97356635389032,13.73251586714458,-41.828404013351104,18.58735352660537,2,42,7,5,-51.322308769629984,28.08125828288425
1998-04-29 19:30:00,1,-12.0,-10.43305309681352,15.412183045907264,-11.0,-35.78609420733097,14.919988013703929,-40.64093186679176,19.77482567316472,2,42,7,5,-50.13483662307064,29.268730429443597
1998-04-29 20:30:00,1,-13.0,-10.427248151345127,15.412183045907264,-13.0,-35.78028926186258,14.92579295917232,-40.63512692132336,19.780630618633108,2,42,7,5,-50.12903167760224,29.27453537491199
1998-04-29 21:30:00,1,-12.0,-10.409006006797192,15.412183045907264,-13.0,-35.76204711731464,14.944035103720257,-40.61688477677543,19.798872763181045,2,42,7,5,-50.11078953305431,29.292777519459925
1998-04-29 22:30:00,1,-5.0,-11.08404808588513,15.412183045907264,-11.0,-36.43708919640258,14.26899302463232,-41.291926855863366,19.123830684093107,2,42,7,5,-50.785831612142246,28.617735440371987
1998-04-29 23:30:00,1,-4.0,-12.637523652881251,15.412183045907264,-10.0,-37.9905647633987,12.715517457636196,-42.84540242285949,17.570355117096984,2,42,7,5,-52.339307179138366,27.064259873375867
1998-04-30 00:30:00,1,-4.0,-11.88228094358691,15.412183045907264,-12.0,-37.23532205410436,13.47076016693054,-42.09015971356514,18.325597826391327,2,42,7,5,-51.58406446984402,27.819502582670207
1998-04-30 01:30:00,1,-4.0,-13.017099523015702,15.412183045907264,-13.0,-38.370140633533154,12.335941587501749,-43.22497829299394,17.190779246962535,2,42,7,5,-52.71888304927282,26.684684003241415
1998-04-30 02:30:00,1,-3.0,-12.979670723790177,15.412183045907264,-12.0,-38.33271183430762,12.373370386727274,-43.187549493768415,17.228208046188062,2,42,7,5,-52.681454250047295,26.72211280246694
1998-04-30 03:30:00,1,-4.0,-10.034635283727631,15.412183045907264,-5.0,-35.38767639424508,15.318405826789816,-40.24251405370587,20.173243486250605,2,42,7,5,-49.73641880998475,29.667148242529485
1998-04-30 04:30:00,1,-2.0,-8.795658609124906,15.412183045907264,-4.0,-34.14869971964235,16.557382501392542,-39.00353737910314,21.41222016085333,2,42,7,5,-48.49744213538202,30.90612491713221
1998-04-30 05:30:00,1,2.0,-8.887903467043046,15.412183045907264,-4.0,-34.2409445775605,16.465137643474403,-39.09578223702128,21.31997530293519,2,42,7,5,-48.58968699330016,30.81388005921407
1998-04-30 06:30:00,1,8.0,-8.69284948583931,15.412183045907264,-4.0,-34.04589059635676,16.660191624678138,-38.90072825581755,21.51502928413893,2,42,7,5,-48.39463301209643,31.008934040417806
1998-04-30 07:30:00,1,9.0,-6.095292658050166,15.412183045907264,-3.0,-31.44833376856761,19.257748452467283,-36.303171428028406,24.11258611192807,2,42,7,5,-45.797076184307286,33.60649086820695
1998-04-30 08:30:00,1,9.0,-5.38620225273116,15.412183045907264,-4.0,-30.739243363248608,19.96683885778629,-35.5940810227094,24.82167651724708,2,42,7,5,-45.087985778988276,34.31558127352596
1998-04-30 09:30:00,1,20.0,-4.555996233389742,15.412183045907264,-2.0,-29.90903734390719,20.797044877127707,-34.76387500336798,25.65188253658849,2,42,7,5,-44.25777975964686,35.145787292867375
1998-04-30 10:30:00,1,34.0,-3.2299109055885324,15.412183045907264,2.0,-28.58295201610598,22.12313020492892,-33.43778967556677,26.977967864389704,2,42,7,5,-42.93169443184565,36.471872620668584
1998-04-30 11:30:00,1,31.0,-0.9414662749521234,15.412183045907264,8.0,-26.29450738546957,24.411574835565325,-31.14934504493036,29.26641249502612,2,42,7,5,-40.64324980120924,38.760317251305
1998-04-30 12:30:00,1,28.0,0.0599006068143808,15.412183045907264,9.0,-25.293140503703068,25.41294171733183,-30.147978163163856,30.267779376792618,2,42,7,5,-39.641882919442736,39.7616841330715
1998-04-30 13:30:00,1,30.0,-0.4170195567070749,15.412183045907264,9.0,-25.770060667224524,24.936021553810374,-30.62489832668531,29.79085921327116,2,42,7,5,-40.11880308296419,39.28476396955004
1998-04-30 14:30:00,1,17.0,2.4199786322232413,15.412183045907264,20.0,-22.933062478294207,27.77301974274069,-27.787900137754995,32.62785740220148,2,42,7,5,-37.281804894033876,42.12176215848036
1998-04-30 15:30:00,1,-3.0,-0.3727103114275607,15.412183045907264,34.0,-25.72575142194501,24.980330799089888,-30.5805890814058,29.83516845855068,2,42,7,5,-40.07449383768468,39.329073214829556
1998-04-30 16:30:00,1,-11.0,-9.706892566815494,15.412183045907264,31.0,-35.05993367733294,15.646148543701957,-39.91477133679373,20.500986203162743,2,42,7,5,-49.408676093072614,29.994890959441623
1998-04-30 17:30:00,1,-9.0,-9.654193038121456,15.412183045907264,28.0,-35.0072341486389,15.698848072395991,-39.86207180809969,20.55368573185678,2,42,7,5,-49.35597656437857,30.04759048813566
1998-04-30 18:30:00,1,-9.0,-14.259964545889416,15.412183045907264,30.0,-39.61300565640687,11.093076564628031,-44.46784331586765,15.94791422408882,2,42,7,5,-53.961748072146534,25.4418189803677
1998-04-30 19:30:00,1,-9.0,-49.22337976078714,15.412183045907264,17.0,-74.57642087130459,-23.87033865026969,-79.43125853076538,-19.015500990808903,2,42,7,5,-88.92516328704426,-9.521596234530023
1998-04-30 20:30:00,1,-15.0,-29.41668463261255,15.412183045907264,-3.0,-54.76972574313,-4.063643522095102,-59.62456340259079,0.7911941373656859,2,42,7,5,-69.11846815886966,10.285098893644566
1998-04-30 21:30:00,1,-18.0,-23.40352006767649,15.412183045907264,-11.0,-48.756561178193934,1.94952104284096,-53.611398837654725,6.804358702301748,2,42,7,5,-63.105303593933606,16.298263458580628
1998-04-30 22:30:00,1,-16.0,-20.07659229467976,15.412183045907264,-9.0,-45.42963340519721,5.276448815837693,-50.28447106465799,10.13128647529848,2,42,7,5,-59.77837582093687,19.625191231577357
1998-04-30 23:30:00,1,-8.0,-17.659856300921547,15.412183045907264,-9.0,-43.012897411439,7.693184809595902,-47.86773507089978,12.54802246905669,2,42,7,5,-57.361639827178664,22.04192722533557
1998-05-01 00:30:00,1,-1.0,-17.51303438444093,15.412183045907264,-9.0,-42.86607549495838,7.840006726076517,-47.720913154419165,12.694844385537303,2,42,7,5,-57.214817910698045,22.188749141816185
1998-05-01 01:30:00,1,6.0,-21.990897159103124,15.412183045907264,-15.0,-47.34393826962057,3.3621439514143248,-52.19877592908136,8.216981610875113,2,42,7,5,-61.692680685360244,17.710886367153993
1998-05-01 02:30:00,1,3.0,-15.369253774879429,15.412183045907264,-18.0,-40.72229488539688,9.98378733563802,-45.57713254485766,14.838624995098808,2,42,7,5,-55.07103730113654,24.332529751377688
1998-05-01 03:30:00,1,1.0,-14.008228466515508,15.412183045907264,-16.0,-39.36126957703296,11.34481264400194,-44.21610723649374,16.19965030346273,2,42,7,5,-53.71001199277262,25.69355505974161
1998-05-01 04:30:00,1,-1.0,-8.38730160793498,15.412183045907264,-8.0,-33.740342718452425,16.96573950258247,-38.595180377913216,21.820577162043257,2,42,7,5,-48.089085134192096,31.314481918322137
1998-05-01 05:30:00,1,-5.0,-5.30832727763719,15.412183045907264,-1.0,-30.66136838815464,20.04471383288026,-35.51620604761543,24.899551492341047,2,42,7,5,-45.01011080389431,34.39345624861993
1998-05-01 06:30:00,1,-4.0,-2.569011199585507,15.412183045907264,6.0,-27.92205231010296,22.78402991093194,-32.77688996956374,27.63886757039273,2,42,7,5,-42.27079472584262,37.13277232667161
1998-05-01 07:30:00,1,-13.0,-0.2550808819956316,15.412183045907264,3.0,-25.60812199251308,25.097960228521817,-30.46295965197387,29.952797887982605,2,42,7,5,-39.95686440825275,39.446702644261485
1998-05-01 08:30:00,1,-10.0,0.8271300918660955,15.412183045907264,1.0,-24.52591101865136,26.180171202383544,-29.38074867811214,31.03500886184433,2,42,7,5,-38.87465343439102,40.52891361812321
1998-05-01 09:30:00,1,-4.0,-3.975618888537525,15.412183045907264,-1.0,-29.32865999905497,21.377422221979923,-34.18349765851576,26.23225988144071,2,42,7,5,-43.67740241479464,35.72616463771959
1998-05-01 10:30:00,1,0.0,-3.214127704687144,15.412183045907264,-5.0,-28.567168815204592,22.138913405830305,-33.42200647466538,26.993751065291093,2,42,7,5,-42.91591123094426,36.48765582156997
1998-05-01 11:30:00,1,0.0,-5.289264719181013,15.412183045907264,-4.0,-30.64230582969846,20.06377639133644,-35.49714348915925,24.918614050797224,2,42,7,5,-44.99104824543813,34.412518807076104
1998-05-01 12:30:00,1,0.0,-9.628445370256111,15.412183045907264,-13.0,-34.98148648077356,15.724595740261336,-39.83632414023435,20.579433399722124,2,42,7,5,-49.330228896513226,30.073338156001007
1998-05-01 13:30:00,1,-4.0,-8.203618517537898,15.412183045907264,-10.0,-33.55665962805534,17.14942259297955,-38.41149728751613,22.00426025244034,2,42,7,5,-47.905402043795014,31.49816500871922
1998-05-01 14:30:00,1,-2.0,-6.652385874839936,15.412183045907264,-4.0,-32.00542698535739,18.700655235677512,-36.86026464481817,23.5554928951383,2,42,7,5,-46.35416940109705,33.04939765141718
1998-05-01 15:30:00,1,0.0,-3.9450728334441534,15.412183045907264,0.0,-29.298113943961603,21.40796827707329,-34.152951603422395,26.26280593653408,2,42,7,5,-43.64685635970127,35.756710692812966
1998-05-01 16:30:00,1,-4.0,-2.931431916148483,15.412183045907264,0.0,-28.28447302666593,22.421609194368965,-33.13931068612672,27.27644685382976,2,42,7,5,-42.6332154424056,36.770351610108634
1998-05-01 17:30:00,1,-1.0,-8.845536097820851,15.412183045907264,0.0,-34.1985772083383,16.507505012696598,-39.05341486779909,21.362342672157386,2,42,7,5,-48.54731962407797,30.856247428436266
1998-05-01 18:30:00,1,1.0,-7.246131140432304,15.412183045907264,-4.0,-32.59917225094975,18.106909970085145,-37.45400991041054,22.961747629545933,2,42,7,5,-46.94791466668942,32.45565238582481
1998-05-01 19:30:00,1,-4.0,-4.333604314224022,15.412183045907264,-2.0,-29.68664542474147,21.019436796293427,-34.541483084202255,25.87427445575421,2,42,7,5,-44.035387840481135,35.3681792120331
1998-05-01 20:30:00,1,-5.0,-3.298811885411695,15.412183045907264,0.0,-28.651852995929143,22.05422922510576,-33.50669065538993,26.909066884566545,2,42,7,5,-43.00059541166881,36.40297164084542
1998-05-01 21:30:00,1,-2.0,-3.2099268177844458,15.412183045907264,-4.0,-28.56296792830189,22.143114292733003,-33.417805587762686,26.99795195219379,2,42,7,5,-42.911710344041566,36.49185670847267
1998-05-01 22:30:00,1,21.0,-2.894166280473332,15.412183045907264,-1.0,-28.24720739099078,22.45887483004412,-33.102045050451565,27.313712489504905,2,42,7,5,-42.595949806730445,36.80761724578379
1998-05-01 23:30:00,1,19.0,-5.798220092452812,15.412183045907264,1.0,-31.15126120297026,19.55482101806464,-36.006098862431045,24.409658677525425,2,42,7,5,-45.500003618709925,33.90356343380431
1998-05-02 00:30:00,1,12.0,-4.361783348797818,15.412183045907264,-4.0,-29.714824459315267,20.99125776171963,-34.56966211877605,25.84609542118042,2,42,7,5,-44.06356687505493,35.3400001774593
1998-05-02 01:30:00,1,12.0,-4.742871354370987,15.412183045907264,-5.0,-30.09591246488844,20.610169756146465,-34.95075012434923,25.46500741560725,2,42,7,5,-44.44465488062811,34.958912171886126
1998-05-02 02:30:00,1,17.0,-4.51620041364464,15.412183045907264,-2.0,-29.86924152416209,20.83684069687281,-34.72407918362288,25.6916783563336,2,42,7,5,-44.21798393990176,35.18558311261248
1998-05-02 03:30:00,1,14.0,-5.575173221007404,15.412183045907264,21.0,-30.928214331524853,19.777867889510045,-35.78305199098564,24.63270554897084,2,42,7,5,-45.27695674726452,34.12661030524971
1998-05-02 04:30:00,1,9.0,-1.265453932127386,15.412183045907264,19.0,-26.618495042644835,24.087587178390063,-31.473332702105623,28.94242483785085,2,42,7,5,-40.9672374583845,38.43632959412973
1998-05-02 05:30:00,1,-5.0,-2.008323788531065,15.412183045907264,12.0,-27.36136489904852,23.344717321986383,-32.2162025585093,28.19955498144717,2,42,7,5,-41.71010731478818,37.69345973772605
1998-05-02 06:30:00,1,-5.0,-6.259894805365676,15.412183045907264,12.0,-31.612935915883124,19.093146305151773,-36.46777357534391,23.94798396461256,2,42,7,5,-45.96167833162279,33.44188872089144
1998-05-02 07:30:00,1,-24.0,-4.752716321269872,15.412183045907264,17.0,-30.10575743178732,20.600324789247576,-34.96059509124811,25.455162448708364,2,42,7,5,-44.45449984752699,34.949067204987244
1998-05-02 08:30:00,1,-24.0,-12.331118591817894,15.412183045907264,14.0,-37.68415970233534,13.021922518699554,-42.538997361796135,17.876760178160342,2,42,7,5,-52.032902118075015,27.370664934439223
1998-05-02 09:30:00,1,-2.0,-34.5835708503455,15.412183045907264,9.0,-59.93661196086295,-9.230529739828054,-64.79144962032373,-4.375692080367266,2,42,7,5,-74.28535437660261,5.118212675911614
1998-05-02 10:30:00,1,-29.0,-24.553862739692512,15.412183045907264,-5.0,-49.90690385020996,0.7991783708249365,-54.76174150967075,5.6540160302857245,2,42,7,5,-64.25564626594962,15.147920786564605
1998-05-02 11:30:00,1,-55.0,-23.2145353109312,15.412183045907264,-5.0,-48.56757642144865,2.138505799586252,-53.42241408090944,6.99334345904704,2,42,7,5,-62.916318837188314,16.487248215325916
1998-05-02 12:30:00,1,-46.0,-27.73153550594154,15.412183045907264,-24.0,-53.08457661645899,-2.378494395424092,-57.93941427591977,2.4763432640366965,2,42,7,5,-67.43331903219865,11.970248020315577
1998-05-02 13:30:00,1,-52.0,-25.09648036206209,15.412183045907264,-24.0,-50.44952147257954,0.2565607484553567,-55.30435913204033,5.111398407916145,2,42,7,5,-64.79826388831921,14.605303164195028
1998-05-02 14:30:00,1,-76.0,-21.400554198247868,15.412183045907264,-2.0,-46.75359530876531,3.952486912269581,-51.6084329682261,8.80732457173037,2,42,7,5,-61.102337724504984,18.30122932800925
1998-05-02 15:30:00,1,-72.0,-47.30624021693572,15.412183045907264,-29.0,-72.65928132745317,-21.95319910641827,-77.51411898691396,-17.098361446957483,2,42,7,5,-87.00802374319284,-7.604456690678603
1998-05-02 16:30:00,1,-78.0,-59.799610072257806,15.412183045907264,-55.0,-85.15265118277526,-34.446568961740354,-90.00748884223604,-29.59173130227957,2,42,7,5,-99.50139359851492,-20.09782654600069
1998-05-02 17:30:00,1,-85.0,-65.04256971542593,15.412183045907264,-46.0,-90.39561082594338,-39.68952860490848,-95.25044848540416,-34.83469094544769,2,42,7,5,-104.74435324168304,-25.34078618916881
1998-05-02 18:30:00,1,-82.0,-72.5057348559215,15.412183045907264,-52.0,-97.85877596643896,-47.15269374540405,-102.71361362589974,-42.29785608594327,2,42,7,5,-112.20751838217862,-32.803951329664386
1998-05-02 19:30:00,1,-77.0,-84.73144869531691,15.412183045907264,-76.0,-110.08448980583437,-59.37840758479946,-114.93932746529516,-54.52356992533868,2,42,7,5,-124.43323222157403,-45.0296651690598
1998-05-02 20:30:00,1,-68.0,-76.98273355319014,15.412183045907264,-72.0,-102.3357746637076,-51.62969244267269,-107.19061232316838,-46.77485478321191,2,42,7,5,-116.68451707944726,-37.28095002693303
1998-05-02 21:30:00,1,-58.0,-79.3352348148582,15.412183045907264,-78.0,-104.68827592537563,-53.98219370434074,-109.54311358483643,-49.12735604487996,2,42,7,5,-119.03701834111531,-39.63345128860108
1998-05-02 22:30:00,1,-46.0,-80.52758807945985,15.412183045907264,-85.0,-105.8806291899773,-55.1745469689424,-110.73546684943808,-50.31970930948161,2,42,7,5,-120.22937160571696,-40.82580455320273
1998-05-02 23:30:00,1,-36.0,-75.28547412905988,15.412183045907264,-82.0,-100.63851523957732,-49.932433018542426,-105.49335289903811,-45.07759535908164,2,42,7,5,-114.987257655317,-35.58369060280276
1998-05-03 00:30:00,1,-28.0,-70.65132135583877,15.412183045907264,-77.0,-96.00436246635624,-45.29828024532132,-100.859200125817,-40.44344258586054,2,42,7,5,-110.35310488209589,-30.949537829581658
1998-05-03 01:30:00,1,-43.0,-62.6041869743045,15.412183045907264,-68.0,-87.95722808482195,-37.251145863787045,-92.81206574428272,-32.39630820432626,2,42,7,5,-102.30597050056161,-22.90240344804738
1998-05-03 02:30:00,1,-44.0,-54.81705945549357,15.412183045907264,-58.0,-80.17010056601102,-29.46401834497612,-85.0249382254718,-24.609180685515334,2,42,7,5,-94.51884298175068,-15.115275929236454
1998-05-03 03:30:00,1,-54.0,-47.33954281679922,15.412183045907264,-46.0,-72.69258392731666,-21.986501706281768,-77.54742158677746,-17.13166404682098,2,42,7,5,-87.04132634305634,-7.6377592905421
1998-05-03 04:30:00,1,-62.0,-42.91714358435526,15.412183045907264,-36.0,-68.27018469487271,-17.56410247383781,-73.1250223543335,-12.709264814377022,2,42,7,5,-82.61892711061238,-3.215360058098142
1998-05-03 05:30:00,1,-55.0,-39.13731458639576,15.412183045907264,-28.0,-64.49035569691321,-13.784273475878312,-69.345193356374,-8.929435816417524,2,42,7,5,-78.83909811265288,0.5644689398613565
1998-05-03 06:30:00,1,-69.0,-42.32733262859736,15.412183045907264,-43.0,-67.68037373911481,-16.974291518079912,-72.5352113985756,-12.119453858619124,2,42,7,5,-82.02911615485448,-2.625549102340244
1998-05-03 07:30:00,1,-67.0,-39.19577539707288,15.412183045907264,-44.0,-64.54881650759033,-13.84273428655543,-69.40365416705112,-8.987896627094642,2,42,7,5,-78.89755892333,0.506008129184238
1998-05-03 08:30:00,1,-66.0,-42.22331529071161,15.412183045907264,-54.0,-67.57635640122906,-16.870274180194162,-72.43119406068985,-12.015436520733374,2,42,7,5,-81.92509881696873,-2.521531764454494
1998-05-03 09:30:00,1,-49.0,-43.22022045370262,15.412183045907264,-62.0,-68.57326156422008,-17.867179343185175,-73.42809922368086,-13.012341683724388,2,42,7,5,-82.92200397995974,-3.5184369274455065
1998-05-03 10:30:00,1,-49.0,-36.33690481822859,15.412183045907264,-55.0,-61.68994592874604,-10.98386370771114,-66.54478358820683,-6.129026048250353,2,42,7,5,-76.0386883444857,3.3648787080285274
1998-05-03 11:30:00,1,-66.0,-44.353007532025295,15.412183045907264,-69.0,-69.70604864254274,-18.99996642150785,-74.56088630200352,-14.145128762047058,2,42,7,5,-84.0547910582824,-4.651224005768178
1998-05-03 12:30:00,1,-49.0,-43.66086717680071,15.412183045907264,-67.0,-69.01390828731816,-18.30782606628326,-73.86874594677894,-13.45298840682247,2,42,7,5,-83.36265070305782,-3.9590836505435902
1998-05-03 13:30:00,1,-48.0,-44.32281653000986,15.412183045907264,-66.0,-69.67585764052731,-18.96977541949241,-74.5306952999881,-14.114937760031625,2,42,7,5,-84.02460005626698,-4.621033003752743
1998-05-03 14:30:00,1,-42.0,-38.178833290479766,15.412183045907264,-49.0,-63.53187440099721,-12.825792179962315,-68.386712060458,-7.970954520501529,2,42,7,5,-77.88061681673688,1.5229502357773512
1998-05-03 15:30:00,1,-41.0,-37.22373246755822,15.412183045907264,-49.0,-62.57677357807568,-11.870691357040773,-67.43161123753646,-7.015853697579985,2,42,7,5,-76.92551599381534,2.4780510586988953
1998-05-03 16:30:00,1,-59.0,-43.71984907670385,15.412183045907264,-66.0,-69.0728901872213,-18.366807966186403,-73.92772784668209,-13.511970306725615,2,42,7,5,-83.42163260296097,-4.018065550446735
1998-05-03 17:30:00,1,-56.0,-37.83769622492847,15.412183045907264,-49.0,-63.19073733544592,-12.484655114411016,-68.0455749949067,-7.629817454950228,2,42,7,5,-77.53947975118558,1.8640873013286452
1998-05-03 18:30:00,1,-53.0,-35.69449458743701,15.412183045907264,-48.0,-61.04753569795446,-10.341453476919565,-65.90237335741526,-5.486615817458777,2,42,7,5,-75.39627811369414,4.007288938820103
1998-05-03 19:30:00,1,-53.0,-32.403344731757315,15.412183045907264,-42.0,-57.75638584227477,-7.050303621239866,-62.61122350173555,-2.195465961779078,2,42,7,5,-72.10512825801443,7.298438794499802
1998-05-03 20:30:00,1,-70.0,-31.95628263617579,15.412183045907264,-41.0,-57.30932374669324,-6.6032415256583405,-62.16416140615402,-1.7484038661975525,2,42,7,5,-71.6580661624329,7.745500890081328
1998-05-03 21:30:00,1,-49.0,-38.22614325133542,15.412183045907264,-59.0,-63.57918436185287,-12.873102140817974,-68.43402202131367,-8.018264481357186,2,42,7,5,-77.92792677759255,1.4756402749216946
1998-05-03 22:30:00,1,-57.0,-39.620255714734,15.412183045907264,-56.0,-64.97329682525145,-14.267214604216552,-69.82813448471224,-9.412376944755763,2,42,7,5,-79.32203924099112,0.08152781152311661
1998-05-03 23:30:00,1,-61.0,-45.54950997677072,15.412183045907264,-53.0,-70.90255108728817,-20.19646886625328,-75.75738874674896,-15.341631206792483,2,42,7,5,-85.25129350302784,-5.847726450513605
1998-05-04 00:30:00,1,-60.0,-47.47187535039061,15.412183045907264,-53.0,-72.82491646090806,-22.11883423987316,-77.67975412036884,-17.263996580412368,2,42,7,5,-87.17365887664772,-7.770091824133495
1998-05-04 01:30:00,1,-58.0,-63.98990053649538,15.412183045907264,-70.0,-89.34294164701284,-38.63685942597793,-94.19777930647362,-33.78202176651715,2,42,7,5,-103.6916840627525,-24.28811701023826
1998-05-04 02:30:00,1,-62.0,-52.96322966726713,15.412183045907264,-49.0,-78.31627077778458,-27.61018855674968,-83.17110843724537,-22.75535089728889,2,42,7,5,-92.66501319352425,-13.261446141010012
1998-05-04 03:30:00,1,-76.0,-56.07706124731337,15.412183045907264,-57.0,-81.43010235783082,-30.72402013679592,-86.2849400172916,-25.86918247733513,2,42,7,5,-95.77884477357048,-16.37527772105625
1998-05-04 04:30:00,1,-162.0,-60.12231769988996,15.412183045907264,-61.0,-85.47535881040741,-34.76927658937251,-90.3301964698682,-29.914438929911725,2,42,7,5,-99.82410122614708,-20.420534173632845
1998-05-04 05:30:00,1,-205.0,-55.896623043298455,15.412183045907264,-60.0,-81.2496641538159,-30.54358193278101,-86.1045018132767,-25.68874427332021,2,42,7,5,-95.59840656955558,-16.194839517041338
1998-05-04 06:30:00,1,-192.0,-54.842802527202565,15.412183045907264,-58.0,-80.19584363772002,-29.48976141668512,-85.0506812971808,-24.63492375722433,2,42,7,5,-94.54458605345968,-15.141019000945448
1998-05-04 07:30:00,1,-185.0,-54.62235708025051,15.412183045907264,-62.0,-79.97539819076796,-29.26931596973306,-84.83023585022875,-24.41447831027228,2,42,7,5,-94.32414060650763,-14.920573553993393
1998-05-04 08:30:00,1,-170.0,-125.72130389824434,15.412183045907264,-76.0,-151.07434500876178,-100.36826278772688,-155.92918266822258,-95.5134251282661,2,42,7,5,-165.42308742450146,-86.01952037198723
1998-05-04 09:30:00,1,-135.0,-205.78430679894456,15.412183045907264,-162.0,-231.137347909462,-180.43126568842712,-235.9921855689228,-175.57642802896632,2,42,7,5,-245.48609032520167,-166.08252327268744
1998-05-04 10:30:00,1,-125.0,-198.4067956281631,15.412183045907264,-205.0,-223.7598367386805,-173.05375451764567,-228.6146743981413,-168.19891685818487,2,42,7,5,-238.10857915442023,-158.705012101906
1998-05-04 11:30:00,1,-136.0,-183.4165971585506,15.412183045907264,-192.0,-208.76963826906805,-158.06355604803315,-213.6244759285288,-153.20871838857235,2,42,7,5,-223.1183806848077,-143.71481363229347
1998-05-04 12:30:00,1,-139.0,-181.2924099635036,15.412183045907264,-185.0,-206.645451074021,-155.93936885298612,-211.5002887334818,-151.08453119352532,2,42,7,5,-220.9941934897607,-141.59062643724647
1998-05-04 13:30:00,1,-111.0,-172.13370436135213,15.412183045907264,-170.0,-197.4867454718696,-146.7806632508347,-202.3415831313304,-141.9258255913739,2,42,7,5,-211.83548788760925,-132.431920835095
1998-05-04 14:30:00,1,-105.0,-152.15213525094225,15.412183045907264,-135.0,-177.5051763614597,-126.7990941404248,-182.3600140209205,-121.944256480964,2,42,7,5,-191.85391877719937,-112.45035172468513
1998-05-04 15:30:00,1,-110.0,-133.9516134948992,15.412183045907264,-125.0,-159.30465460541663,-108.59857238438174,-164.15949226487743,-103.74373472492096,2,42,7,5,-173.6533970211563,-94.24982996864208
1998-05-04 16:30:00,1,-116.0,-123.24455474200224,15.412183045907264,-136.0,-148.5975958525197,-97.8915136314848,-153.45243351198047,-93.036675972024,2,42,7,5,-162.94633826825935,-83.54277121574512
1998-05-04 17:30:00,1,-113.0,-113.27050019590654,15.412183045907264,-139.0,-138.623541306424,-87.91745908538908,-143.47837896588476,-83.0626214259283,2,42,7,5,-152.97228372216364,-73.56871666964942
1998-05-04 18:30:00,1,-108.0,-100.16887156228202,15.412183045907264,-111.0,-125.52191267279947,-74.81583045176457,-130.37675033226026,-69.96099279230378,2,42,7,5,-139.87065508853914,-60.467088036024904
1998-05-04 19:30:00,1,-106.0,-90.3851346582727,15.412183045907264,-105.0,-115.73817576879016,-65.03209354775525,-120.59301342825094,-60.17725588829447,2,42,7,5,-130.08691818452982,-50.68335113201559
1998-05-04 20:30:00,1,-101.0,-85.46467351762288,15.412183045907264,-110.0,-110.81771462814034,-60.11163240710543,-115.67255228760112,-55.25679474764465,2,42,7,5,-125.16645704388,-45.76288999136577
1998-05-04 21:30:00,1,-96.0,-86.17438900020531,15.412183045907264,-116.0,-111.52743011072276,-60.82134788968786,-116.38226777018356,-55.96651023022707,2,42,7,5,-125.87617252646243,-46.47260547394819
1998-05-04 22:30:00,1,-85.0,-83.4866211136823,15.412183045907264,-113.0,-108.83966222419976,-58.13358000316485,-113.69449988366054,-53.27874234370407,2,42,7,5,-123.18840463993942,-43.78483758742519
1998-05-04 23:30:00,1,-78.0,-80.39161998619664,15.412183045907264,-108.0,-105.7446610967141,-55.03857887567919,-110.59949875617488,-50.18374121621841,2,42,7,5,-120.09340351245376,-40.68983645993953
1998-05-05 00:30:00,1,-74.0,-78.00755691888217,15.412183045907264,-106.0,-103.36059802939964,-52.65451580836472,-108.2154356888604,-47.799678148903936,2,42,7,5,-117.70934044513929,-38.305773392625056
1998-05-05 01:30:00,1,-72.0,-76.65539070188035,15.412183045907264,-101.0,-102.0084318123978,-51.3023495913629,-106.8632694718586,-46.44751193190211,2,42,7,5,-116.35717422813747,-36.95360717562323
1998-05-05 02:30:00,1,-68.0,-74.69203220978653,15.412183045907264,-96.0,-100.04507332030398,-49.33899109926908,-104.89991097976475,-44.484153439808296,2,42,7,5,-114.39381573604365,-34.990248683529416
1998-05-05 03:30:00,1,-89.0,-68.96833759332755,15.412183045907264,-85.0,-94.321378703845,-43.615296482810095,-99.17621636330578,-38.76045882334931,2,42,7,5,-108.67012111958466,-29.26655406707043
1998-05-05 04:30:00,1,-119.0,-63.0852413804616,15.412183045907264,-78.0,-88.43828249097905,-37.732200269944144,-93.29312015043983,-32.87736261048336,2,42,7,5,-102.78702490671873,-23.383457854204487
1998-05-05 05:30:00,1,-114.0,-60.26078840028501,15.412183045907264,-74.0,-85.61382951080246,-34.90774728976756,-90.46866717026325,-30.05290963030677,2,42,7,5,-99.96257192654213,-20.55900487402789
1998-05-05 06:30:00,1,-105.0,-58.19640639164707,15.412183045907264,-72.0,-83.54944750216453,-32.84336528112962,-88.40428516162531,-27.98852762166884,2,42,7,5,-97.89818991790419,-18.494622865389957
1998-05-05 07:30:00,1,-104.0,-60.67107119098504,15.412183045907264,-68.0,-86.02411230150248,-35.318030080467594,-90.87894996096328,-30.4631924210068,2,42,7,5,-100.37285471724215,-20.969287664727922
1998-05-05 08:30:00,1,-109.0,-78.33271659592634,15.412183045907264,-89.0,-103.6857577064438,-52.97967548540889,-108.54059536590458,-48.124837825948106,2,42,7,5,-118.03450012218346,-38.630933069669226
1998-05-05 09:30:00,1,-107.0,-87.04154122235565,15.412183045907264,-119.0,-112.3945823328731,-61.6885001118382,-117.24941999233388,-56.83366245237741,2,42,7,5,-126.74332474861276,-47.33975769609853
1998-05-05 10:30:00,1,-104.0,-84.79869505885455,15.412183045907264,-114.0,-110.151736169372,-59.445653948337096,-115.0065738288328,-54.59081628887631,2,42,7,5,-124.50047858511167,-45.09691153259743
1998-05-05 11:30:00,1,-102.0,-80.38275400060004,15.412183045907264,-105.0,-105.7357951111175,-55.02971289008259,-110.59063277057828,-50.17487523062181,2,42,7,5,-120.08453752685716,-40.68097047434293
1998-05-05 12:30:00,1,-97.0,-82.10614257357258,15.412183045907264,-104.0,-107.45918368409004,-56.75310146305513,-112.31402134355082,-51.89826380359435,2,42,7,5,-121.8079260998297,-42.40435904731547
1998-05-05 13:30:00,1,-90.0,-85.17034026120933,15.412183045907264,-109.0,-110.5233813717268,-59.81729915069188,-115.37821903118756,-54.962461491231096,2,42,7,5,-124.87212378746645,-45.468556734952216
1998-05-05 14:30:00,1,-95.0,-86.07773183219243,15.412183045907264,-107.0,-111.43077294270988,-60.724690721674975,-116.28561060217066,-55.86985306221419,2,42,7,5,-125.77951535844954,-46.37594830593531
1998-05-05 15:30:00,1,-104.0,-86.47142479655187,15.412183045907264,-104.0,-111.82446590706932,-61.11838368603442,-116.67930356653012,-56.26354602657364,2,42,7,5,-126.17320832280899,-46.769641270294755
1998-05-05 16:30:00,1,-105.0,-86.06845678868078,15.412183045907264,-102.0,-111.42149789919824,-60.715415678163325,-116.276335558659,-55.86057801870254,2,42,7,5,-125.7702403149379,-46.36667326242366
1998-05-05 17:30:00,1,-97.0,-85.3913234584542,15.412183045907264,-97.0,-110.74436456897163,-60.03828234793674,-115.59920222843245,-55.18344468847596,2,42,7,5,-125.09310698471131,-45.68953993219708
1998-05-05 18:30:00,1,-94.0,-85.10317662848598,15.412183045907264,-90.0,-110.45621773900343,-59.75013551796853,-115.31105539846422,-54.89529785850775,2,42,7,5,-124.8049601547431,-45.401393102228866
1998-05-05 19:30:00,1,-95.0,-88.31980124527058,15.412183045907264,-95.0,-113.67284235578803,-62.96676013475313,-118.52768001524882,-58.111922475292346,2,42,7,5,-128.0215847715277,-48.618017719013466
1998-05-05 20:30:00,1,-94.0,-88.91972834115194,15.412183045907264,-104.0,-114.2727694516694,-63.566687230634486,-119.12760711113016,-58.7118495711737,2,42,7,5,-128.62151186740905,-49.21794481489482
1998-05-05 21:30:00,1,-82.0,-91.52752310720778,15.412183045907264,-105.0,-116.88056421772524,-66.17448199669033,-121.73540187718602,-61.31964433722955,2,42,7,5,-131.2293066334649,-51.82573958095067
1998-05-05 22:30:00,1,-68.0,-89.23541993611782,15.412183045907264,-97.0,-114.58846104663527,-63.88237882560037,-119.44329870609606,-59.02754116613959,2,42,7,5,-128.93720346237495,-49.533636409860705
1998-05-05 23:30:00,1,-57.0,-86.46830400639111,15.412183045907264,-94.0,-111.82134511690856,-61.115262895873656,-116.67618277636934,-56.26042523641287,2,42,7,5,-126.17008753264822,-46.76652048013399
1998-05-06 00:30:00,1,-54.0,-84.92469408899744,15.412183045907264,-95.0,-110.2777351995149,-59.57165297847999,-115.13257285897568,-54.7168153190192,2,42,7,5,-124.62647761525456,-45.222910562740324
1998-05-06 01:30:00,1,-52.0,-82.43685440748597,15.412183045907264,-94.0,-107.78989551800342,-57.08381329696852,-112.6447331774642,-52.22897563750773,2,42,7,5,-122.13863793374308,-42.73507088122885
1998-05-06 02:30:00,1,-52.0,-77.0268428656685,15.412183045907264,-82.0,-102.37988397618597,-51.67380175515105,-107.23472163564674,-46.81896409569026,2,42,7,5,-116.72862639192562,-37.32505933941138
1998-05-06 03:30:00,1,-60.0,-70.91459838380425,15.412183045907264,-68.0,-96.2676394943217,-45.5615572732868,-101.12247715378248,-40.70671961382601,2,42,7,5,-110.61638191006136,-31.21281485754713
1998-05-06 04:30:00,1,-67.0,-67.0553920421443,15.412183045907264,-57.0,-92.40843315266176,-41.70235093162685,-97.26327081212254,-36.84751327216607,2,42,7,5,-106.75717556840142,-27.35360851588719
1998-05-06 05:30:00,1,-67.0,-64.6737396588347,15.412183045907264,-54.0,-90.02678076935216,-39.32069854831725,-94.88161842881294,-34.46586088885647,2,42,7,5,-104.37552318509182,-24.97195613257759
1998-05-06 06:30:00,1,-64.0,-62.98182786261614,15.412183045907264,-52.0,-88.3348689731336,-37.62878675209869,-93.18970663259438,-32.773949092637906,2,42,7,5,-102.68361138887326,-23.280044336359026
1998-05-06 07:30:00,1,-62.0,-60.54273041918249,15.412183045907264,-52.0,-85.89577152969994,-35.18968930866504,-90.75060918916073,-30.334851649204253,2,42,7,5,-100.2445139454396,-20.840946892925373
1998-05-06 08:30:00,1,-62.0,-58.07027407297007,15.412183045907264,-60.0,-83.42331518348752,-32.71723296245261,-88.2781528429483,-27.86239530299183,2,42,7,5,-97.7720575992272,-18.368490546712955
1998-05-06 09:30:00,1,-65.0,-60.88158664214575,15.412183045907264,-67.0,-86.2346277526632,-35.528545531628296,-91.089465412124,-30.673707872167512,2,42,7,5,-100.58337016840287,-21.17980311588863
1998-05-06 10:30:00,1,-63.0,-57.97964246593032,15.412183045907264,-67.0,-83.33268357644776,-32.62660135541287,-88.18752123590855,-27.77176369595208,2,42,7,5,-97.68142599218743,-18.2778589396732
1998-05-06 11:30:00,1,-61.0,-57.834266040621365,15.412183045907264,-64.0,-83.18730715113881,-32.48122493010392,-88.04214481059961,-27.62638727064313,2,42,7,5,-97.53604956687849,-18.13248251436425
1998-05-06 12:30:00,1,-60.0,-57.3858834118689,15.412183045907264,-62.0,-82.73892452238636,-32.03284230135145,-87.59376218184714,-27.178004641890663,2,42,7,5,-97.08766693812602,-17.684099885611786
1998-05-06 13:30:00,1,-62.0,-57.062327793390416,15.412183045907264,-62.0,-82.41536890390786,-31.709286682872968,-87.27020656336865,-26.85444902341218,2,42,7,5,-96.76411131964753,-17.3605442671333
1998-05-06 14:30:00,1,-66.0,-57.50058279162855,15.412183045907264,-65.0,-82.853623902146,-32.14754168111109,-87.70846156160678,-27.29270402165031,2,42,7,5,-97.20236631788566,-17.798799265371436
1998-05-06 15:30:00,1,-69.0,-56.92283215012961,15.412183045907264,-63.0,-82.27587326064706,-31.56979103961216,-87.13071092010784,-26.71495338015137,2,42,7,5,-96.62461567638672,-17.22104862387249
1998-05-06 16:30:00,1,-70.0,-56.03486623395425,15.412183045907264,-61.0,-81.3879073444717,-30.6818251234368,-86.24274500393248,-25.82698746397601,2,42,7,5,-95.73664976021136,-16.33308270769713
1998-05-06 17:30:00,1,-72.0,-55.621545383907744,15.412183045907264,-60.0,-80.9745864944252,-30.26850427339029,-85.82942415388598,-25.413666613929507,2,42,7,5,-95.32332891016486,-15.919761857650627
1998-05-06 18:30:00,1,-71.0,-55.30818863636699,15.412183045907264,-62.0,-80.66122974688444,-29.955147525849544,-85.51606740634523,-25.10030986638876,2,42,7,5,-95.00997216262411,-15.606405110109876
1998-05-06 19:30:00,1,-70.0,-54.05246586610782,15.412183045907264,-66.0,-79.40550697662528,-28.69942475559037,-84.26034463608606,-23.844587096129587,2,42,7,5,-93.75424939236494,-14.350682339850707
1998-05-06 20:30:00,1,-69.0,-54.67075460660218,15.412183045907264,-69.0,-80.02379571711963,-29.31771349608473,-84.87863337658041,-24.462875836623944,2,42,7,5,-94.37253813285929,-14.968971080345064
1998-05-06 21:30:00,1,-64.0,-56.44013002192151,15.412183045907264,-70.0,-81.79317113243896,-31.087088911404056,-86.64800879189974,-26.232251251943268,2,42,7,5,-96.14191354817862,-16.738346495664395
1998-05-06 22:30:00,1,-58.0,-58.03521918849864,15.412183045907264,-72.0,-83.38826029901608,-32.68217807798119,-88.24309795847688,-27.8273404185204,2,42,7,5,-97.73700271475576,-18.33343566224152
1998-05-06 23:30:00,1,-53.0,-58.66234633765151,15.412183045907264,-71.0,-84.01538744816897,-33.30930522713406,-88.87022510762975,-28.45446756767328,2,42,7,5,-98.36412986390863,-18.960562811394396
1998-05-07 00:30:00,1,-44.0,-58.22389370469039,15.412183045907264,-70.0,-83.57693481520784,-32.870852594172945,-88.43177247466863,-28.01601493471216,2,42,7,5,-97.92567723094751,-18.522110178433273
1998-05-07 01:30:00,1,-42.0,-57.41285595540117,15.412183045907264,-69.0,-82.76589706591862,-32.05981484488372,-87.6207347253794,-27.204977185422933,2,42,7,5,-97.11463948165829,-17.711072429144053
1998-05-07 02:30:00,1,-46.0,-55.46181746040001,15.412183045907264,-64.0,-80.81485857091747,-30.108776349882564,-85.66969623037825,-25.253938690421776,2,42,7,5,-95.16360098665713,-15.760033934142896
1998-05-07 03:30:00,1,-50.0,-52.9978961765271,15.412183045907264,-58.0,-78.35093728704454,-27.64485506600965,-83.20577494650533,-22.790017406548863,2,42,7,5,-92.69967970278421,-13.296112650269983
1998-05-07 04:30:00,1,-48.0,-49.73719442035859,15.412183045907264,-53.0,-75.09023553087604,-24.384153309841142,-79.94507319033683,-19.529315650380354,2,42,7,5,-89.43897794661571,-10.035410894101474
1998-05-07 05:30:00,1,-46.0,-46.71239958109912,15.412183045907264,-44.0,-72.06544069161657,-21.35935847058167,-76.92027835107736,-16.504520811120884,2,42,7,5,-86.41418310735624,-7.010616054842004
1998-05-07 06:30:00,1,-46.0,-44.33556396964295,15.412183045907264,-42.0,-69.6886050801604,-18.9825228591255,-74.54344273962118,-14.127685199664713,2,42,7,5,-84.03734749590006,-4.633780443385831
1998-05-07 07:30:00,1,-48.0,-42.56050081084212,15.412183045907264,-46.0,-67.91354192135957,-17.207459700324673,-72.76837958082035,-12.352622040863883,2,42,7,5,-82.26228433709923,-2.858717284585005
1998-05-07 08:30:00,1,-52.0,-42.25402853099216,15.412183045907264,-50.0,-67.60706964150961,-16.90098742047471,-72.4619073009704,-12.046149761013922,2,42,7,5,-81.95581205724928,-2.552245004735042
1998-05-07 09:30:00,1,-50.0,-40.437455186128176,15.412183045907264,-48.0,-65.79049629664563,-15.084414075610727,-70.64533395610641,-10.22957641614994,2,42,7,5,-80.13923871238529,-0.7356716598710591
1998-05-07 10:30:00,1,-50.0,-39.59364052235784,15.412183045907264,-46.0,-64.94668163287528,-14.240599411840387,-69.80151929233608,-9.3857617523796,2,42,7,5,-79.29542404861496,0.10814300389927922
1998-05-07 11:30:00,1,-46.0,-39.76680186183369,15.412183045907264,-46.0,-65.11984297235114,-14.413760751316245,-69.97468063181194,-9.558923091855457,2,42,7,5,-79.46858538809082,-0.06501833557657477
1998-05-07 12:30:00,1,-46.0,-41.14636059615415,15.412183045907264,-48.0,-66.49940170667159,-15.793319485636696,-71.35423936613239,-10.93848182617591,2,42,7,5,-80.84814412241127,-1.4445770698970364
1998-05-07 13:30:00,1,-40.0,-43.05445375527226,15.412183045907264,-52.0,-68.40749486578972,-17.701412644754814,-73.2623325252505,-12.846574985294026,2,42,7,5,-82.75623728152938,-3.352670229015146
1998-05-07 14:30:00,1,-38.0,-45.40715092810469,15.412183045907264,-50.0,-70.76019203862214,-20.05410981758724,-75.61502969808292,-15.199272158126448,2,42,7,5,-85.10893445436182,-5.705367401847575
1998-05-07 15:30:00,1,-39.0,-45.52649012769832,15.412183045907264,-50.0,-70.87953123821578,-20.173449017180875,-75.73436889767656,-15.318611357720089,2,42,7,5,-85.22827365395543,-5.8247066014412
1998-05-07 16:30:00,1,-42.0,-43.3228830745046,15.412183045907264,-46.0,-68.67592418502205,-17.969841963987154,-73.53076184448284,-13.115004304526366,2,42,7,5,-83.02466660076172,-3.6210995482474857
1998-05-07 17:30:00,1,-40.0,-42.31528782636609,15.412183045907264,-46.0,-67.66832893688354,-16.96224671584864,-72.52316659634432,-12.107409056387851,2,42,7,5,-82.0170713526232,-2.6135043001089713
1998-05-07 18:30:00,1,-33.0,-41.31066284426791,15.412183045907264,-40.0,-66.66370395478536,-15.95762173375046,-71.51854161424615,-11.102784074289673,2,42,7,5,-81.01244637052503,-1.6088793180107928
1998-05-07 19:30:00,1,-33.0,-41.513102848723975,15.412183045907264,-38.0,-66.86614395924143,-16.160061738206526,-71.72098161870221,-11.305224078745738,2,42,7,5,-81.21488637498109,-1.8113193224668578
1998-05-07 20:30:00,1,-28.0,-41.24457758472786,15.412183045907264,-39.0,-66.59761869524532,-15.891536474210415,-71.4524563547061,-11.036698814749627,2,42,7,5,-80.94636111098498,-1.54279405847074
1998-05-07 21:30:00,1,-24.0,-41.511750429718376,15.412183045907264,-42.0,-66.86479154023583,-16.158709319200927,-71.71962919969661,-11.30387165974014,2,42,7,5,-81.21353395597549,-1.8099669034612589
1998-05-07 22:30:00,1,-18.0,-42.250034471125154,15.412183045907264,-40.0,-67.6030755816426,-16.896993360607706,-72.4579132411034,-12.042155701146918,2,42,7,5,-81.95181799738228,-2.5482509448680375
1998-05-07 23:30:00,1,-13.0,-41.138008231029495,15.412183045907264,-33.0,-66.49104934154694,-15.784967120512048,-71.34588700100772,-10.930129461051258,2,42,7,5,-80.8397917572866,-1.4362247047723784
1998-05-08 00:30:00,1,-25.0,-40.37588162856391,15.412183045907264,-33.0,-65.72892273908136,-15.02284051804646,-70.58376039854215,-10.168002858585671,2,42,7,5,-80.07766515482103,-0.6740981023067931
1998-05-08 01:30:00,1,-38.0,-38.918265796454165,15.412183045907264,-28.0,-64.27130690697162,-13.565224685936716,-69.1261445664324,-8.710387026475928,2,42,7,5,-78.62004932271128,0.7835177298029521
1998-05-08 02:30:00,1,-39.0,-34.99040336392652,15.412183045907264,-24.0,-60.34344447444397,-9.63736225340907,-65.19828213390475,-4.782524593948281,2,42,7,5,-74.69218689018363,4.711380162330599
1998-05-08 03:30:00,1,-38.0,-32.32177214888083,15.412183045907264,-18.0,-57.67481325939828,-6.968731038363384,-62.52965091885907,-2.1138933789025955,2,42,7,5,-72.02355567513794,7.3800113773762845
1998-05-08 04:30:00,1,-48.0,-32.251543167132674,15.412183045907264,-13.0,-57.60458427765012,-6.898502056615225,-62.45942193711091,-2.043664397154437,2,42,7,5,-71.95332669338978,7.450240359124443
1998-05-08 05:30:00,1,-47.0,-41.96394786824025,15.412183045907264,-25.0,-67.31698897875769,-16.6109067577228,-72.17182663821848,-11.75606909826201,2,42,7,5,-81.66573139449736,-2.26216434198313
1998-05-08 06:30:00,1,-47.0,-37.06344783461276,15.412183045907264,-38.0,-62.41648894513021,-11.71040672409531,-67.271326604591,-6.855569064634523,2,42,7,5,-76.76523136086988,2.6383356916443574
1998-05-08 07:30:00,1,-49.0,-35.89221548836207,15.412183045907264,-39.0,-61.24525659887952,-10.53917437784462,-66.1000942583403,-5.6843367183838325,2,42,7,5,-75.59399901461919,3.8095680378950476
1998-05-08 08:30:00,1,-48.0,-40.47529074519056,15.412183045907264,-38.0,-65.82833185570802,-15.122249634673114,-70.6831695151688,-10.267411975212326,2,42,7,5,-80.17707427144768,-0.773507218933446
1998-05-08 09:30:00,1,-40.0,-43.702488245135775,15.412183045907264,-48.0,-69.05552935565322,-18.349447134618327,-73.91036701511402,-13.49460947515754,2,42,7,5,-83.4042717713929,-4.000704718878659
1998-05-08 10:30:00,1,-34.0,-42.12999033605153,15.412183045907264,-47.0,-67.48303144656897,-16.77694922553408,-72.33786910602976,-11.92211156607329,2,42,7,5,-81.83177386230864,-2.4282068097944105
1998-05-08 11:30:00,1,-34.0,-40.15497771501608,15.412183045907264,-47.0,-65.50801882553353,-14.801936604498632,-70.36285648499432,-9.947098945037844,2,42,7,5,-79.8567612412732,-0.4531941887589639
1998-05-08 12:30:00,1,-40.0,-45.30354666977077,15.412183045907264,-49.0,-70.65658778028822,-19.95050555925332,-75.511425439749,-15.09566789979253,2,42,7,5,-85.00533019602788,-5.601763143513651
1998-05-08 13:30:00,1,-36.0,-39.285733667207545,15.412183045907264,-48.0,-64.63877477772499,-13.932692556690096,-69.49361243718579,-9.077854897229308,2,42,7,5,-78.98751719346467,0.41604985904957204
1998-05-08 14:30:00,1,-41.0,-37.149402852567725,15.412183045907264,-40.0,-62.50244396308517,-11.796361742050276,-67.35728162254597,-6.941524082589488,2,42,7,5,-76.85118637882485,2.5523806736893917
1998-05-08 15:30:00,1,-49.0,-36.68587100523022,15.412183045907264,-34.0,-62.038912115747664,-11.33282989471277,-66.89374977520845,-6.477992235251982,2,42,7,5,-76.38765453148733,3.015912521026898
1998-05-08 16:30:00,1,-48.0,-38.973698314617046,15.412183045907264,-34.0,-64.32673942513449,-13.620657204099595,-69.18157708459529,-8.76581954463881,2,42,7,5,-78.67548184087417,0.7280852116400709
1998-05-08 17:30:00,1,-42.0,-36.8488165254418,15.412183045907264,-40.0,-62.20185763595924,-11.49577541492435,-67.05669529542004,-6.640937755463561,2,42,7,5,-76.55060005169892,2.852967000815319
1998-05-08 18:30:00,1,-40.0,-40.85744218643891,15.412183045907264,-36.0,-66.21048329695635,-15.50440107592146,-71.06532095641714,-10.649563416460673,2,42,7,5,-80.55922571269602,-1.1556586601817926
1998-05-08 19:30:00,1,-52.0,-46.46160916089395,15.412183045907264,-41.0,-71.8146502714114,-21.1085680503765,-76.66948793087218,-16.253730390915713,2,42,7,5,-86.16339268715106,-6.759825634636833
1998-05-08 20:30:00,1,-56.0,-45.71351002760456,15.412183045907264,-49.0,-71.06655113812201,-20.360468917087108,-75.9213887975828,-15.50563125762632,2,42,7,5,-85.41529355386169,-6.011726501347447
1998-05-08 21:30:00,1,-53.0,-42.76987009551338,15.412183045907264,-48.0,-68.12291120603084,-17.416828984995934,-72.97774886549162,-12.561991325535146,2,42,7,5,-82.4716536217705,-3.068086569256266
1998-05-08 22:30:00,1,-43.0,-42.9491563878434,15.412183045907264,-42.0,-68.30219749836085,-17.596115277325953,-73.15703515782164,-12.741277617865164,2,42,7,5,-82.65093991410052,-3.2473728615862854
1998-05-08 23:30:00,1,-34.0,-43.55909735936946,15.412183045907264,-40.0,-68.91213846988691,-18.20605624885201,-73.7669761293477,-13.351218589391223,2,42,7,5,-83.26088088562658,-3.857313833112343
1998-05-09 00:30:00,1,-30.0,-49.10531024938482,15.412183045907264,-52.0,-74.45835135990227,-23.752269138867373,-79.31318901936305,-18.897431479406585,2,42,7,5,-88.80709377564193,-9.403526723127705
1998-05-09 01:30:00,1,-29.0,-50.69053491539859,15.412183045907264,-56.0,-76.04357602591604,-25.33749380488113,-80.89841368537682,-20.48265614542035,2,42,7,5,-90.3923184416557,-10.98875138914147
1998-05-09 02:30:00,1,-31.0,-47.90391979236257,15.412183045907264,-53.0,-73.25696090288002,-22.550878681845123,-78.11179856234081,-17.696041022384335,2,42,7,5,-87.60570331861969,-8.202136266105455
1998-05-09 03:30:00,1,-35.0,-43.62003607283806,15.412183045907264,-43.0,-68.97307718335551,-18.266994962320613,-73.8279148428163,-13.412157302859825,2,42,7,5,-83.32181959909518,-3.918252546580945
1998-05-09 04:30:00,1,-39.0,-39.73730373038782,15.412183045907264,-34.0,-65.09034484090527,-14.384262619870372,-69.94518250036606,-9.529424960409584,2,42,7,5,-79.43908725664494,-0.035520204130705224
1998-05-09 05:30:00,1,-47.0,-38.02123166380285,15.412183045907264,-30.0,-63.37427277432029,-12.668190553285395,-68.22911043378107,-7.813352893824607,2,42,7,5,-77.72301519005997,1.6805518624542657
1998-05-09 06:30:00,1,-46.0,-35.15216666654729,15.412183045907264,-29.0,-60.50520777706474,-9.79912555602984,-65.36004543652552,-4.944287896569051,2,42,7,5,-74.8539501928044,4.549616859709829
1998-05-09 07:30:00,1,-43.0,-34.25623862764726,15.412183045907264,-31.0,-59.6092797381647,-8.903197517129808,-64.4641173976255,-4.04835985766902,2,42,7,5,-73.95802215390438,5.44554489860986
1998-05-09 08:30:00,1,-43.0,-36.65588568121139,15.412183045907264,-35.0,-62.00892679172884,-11.30284457069394,-66.86376445118962,-6.448006911233151,2,42,7,5,-76.3576692074685,3.0458978450457295
1998-05-09 09:30:00,1,-46.0,-41.86957958608902,15.412183045907264,-39.0,-67.22262069660647,-16.51653847557157,-72.07745835606725,-11.66170081611078,2,42,7,5,-81.57136311234613,-2.1677960598319004
1998-05-09 10:30:00,1,-44.0,-41.73287093713414,15.412183045907264,-47.0,-67.08591204765159,-16.37982982661669,-71.94074970711237,-11.5249921671559,2,42,7,5,-81.43465446339125,-2.0310874108770207
1998-05-09 11:30:00,1,-42.0,-40.221565104637214,15.412183045907264,-46.0,-65.57460621515466,-14.868523994119766,-70.42944387461546,-10.013686334658978,2,42,7,5,-79.92334863089434,-0.5197815783800976
1998-05-09 12:30:00,1,-37.0,-38.64007366661768,15.412183045907264,-43.0,-63.99311477713512,-13.287032556100224,-68.8479524365959,-8.432194896639437,2,42,7,5,-78.3418571928748,1.0617098596394356
1998-05-09 13:30:00,1,-34.0,-38.21889224017583,15.412183045907264,-43.0,-63.57193335069327,-12.865851129658378,-68.42677101015406,-8.01101347019759,2,42,7,5,-77.92067576643295,1.4828912860812835
1998-05-09 14:30:00,1,-34.0,-35.14960617657141,15.412183045907264,-46.0,-60.50264728708886,-9.796565066053962,-65.35748494654965,-4.9417274065931736,2,42,7,5,-74.85138970282853,4.5521773496857065
1998-05-09 15:30:00,1,-35.0,-35.28163062405754,15.412183045907264,-44.0,-60.634671734574994,-9.928589513540093,-65.48950939403578,-5.073751854079305,2,42,7,5,-74.98341415031466,4.420152902199575
1998-05-09 16:30:00,1,-42.0,-35.06969438606554,15.412183045907264,-42.0,-60.42273549658299,-9.716653275548094,-65.27757315604379,-4.861815616087306,2,42,7,5,-74.77147791232267,4.6320891401915745
1998-05-09 17:30:00,1,-49.0,-33.823339300594434,15.412183045907264,-37.0,-59.17638041111188,-8.470298190076985,-64.03121807057266,-3.615460530616197,2,42,7,5,-73.52512282685154,5.878444225662683
1998-05-09 18:30:00,1,-54.0,-32.650865273980166,15.412183045907264,-34.0,-58.00390638449761,-7.297824163462717,-62.8587440439584,-2.4429865040019294,2,42,7,5,-72.35264880023729,7.050918252276951
1998-05-09 19:30:00,1,-63.0,-31.303943989521617,15.412183045907264,-34.0,-56.656985100039066,-5.950902879004168,-61.51182275949985,-1.0960652195433802,2,42,7,5,-71.00572751577873,8.3978395367355
1998-05-09 20:30:00,1,-62.0,-35.279264752577056,15.412183045907264,-35.0,-60.6323058630945,-9.926223642059607,-65.4871435225553,-5.07138598259882,2,42,7,5,-74.98104827883418,4.422518773680061
1998-05-09 21:30:00,1,-54.0,-43.661385393429015,15.412183045907264,-42.0,-69.01442650394647,-18.30834428291157,-73.86926416340725,-13.453506623450778,2,42,7,5,-83.36316891968613,-3.959601867171898
1998-05-09 22:30:00,1,-47.0,-46.52241286226981,15.412183045907264,-49.0,-71.87545397278726,-21.16937175175236,-76.73029163224805,-16.314534092291574,2,42,7,5,-86.22419638852693,-6.8206293360126935
1998-05-09 23:30:00,1,-37.0,-53.39329086777464,15.412183045907264,-54.0,-78.74633197829209,-28.04024975725719,-83.60116963775288,-23.1854120977964,2,42,7,5,-93.09507439403176,-13.691507341517521
1998-05-10 00:30:00,1,-31.0,-47.11983620198022,15.412183045907264,-63.0,-72.47287731249767,-21.76679509146277,-77.32771497195846,-16.911957432001984,2,42,7,5,-86.82161972823734,-7.418052675723104
1998-05-10 01:30:00,1,-24.0,-44.7409713874961,15.412183045907264,-62.0,-70.09401249801356,-19.38793027697865,-74.94885015747434,-14.533092617517866,2,42,7,5,-84.44275491375322,-5.039187861238986
1998-05-10 02:30:00,1,-23.0,-43.397252331343616,15.412183045907264,-54.0,-68.75029344186106,-18.044211220826167,-73.60513110132186,-13.18937356136538,2,42,7,5,-83.09903585760074,-3.6954688050864988
1998-05-10 03:30:00,1,-28.0,-40.25006759371405,15.412183045907264,-47.0,-65.6031087042315,-14.8970264831966,-70.45794636369229,-10.042188823735811,2,42,7,5,-79.95185111997117,-0.5482840674569331
1998-05-10 04:30:00,1,-32.0,-36.80022078984759,15.412183045907264,-37.0,-62.15326190036504,-11.447179679330144,-67.00809955982584,-6.592342019869356,2,42,7,5,-76.50200431610472,2.901562736409524
1998-05-10 05:30:00,1,-32.0,-33.81965318320278,15.412183045907264,-31.0,-59.17269429372023,-8.466612072685333,-64.02753195318101,-3.611774413224545,2,42,7,5,-73.52143670945989,5.882130343054335
1998-05-10 06:30:00,1,-40.0,-31.276324536983275,15.412183045907264,-24.0,-56.62936564750072,-5.923283426465826,-61.48420330696151,-1.0684457670050378,2,42,7,5,-70.9781080632404,8.425458989273842
1998-05-10 07:30:00,1,-46.0,-29.750274809439308,15.412183045907264,-23.0,-55.10331591995676,-4.397233698921859,-59.95815357941754,0.457603960538929,2,42,7,5,-69.45205833569642,9.95150871681781
1998-05-10 08:30:00,1,-49.0,-30.13739124858332,15.412183045907264,-28.0,-55.490432359100765,-4.784350138065872,-60.34527001856156,0.0704875213949165,2,42,7,5,-69.83917477484044,9.564392277673797
1998-05-10 09:30:00,1,-48.0,-30.393484484175783,15.412183045907264,-32.0,-55.74652559469323,-5.040443373658334,-60.60136325415402,-0.1856057141975462,2,42,7,5,-70.0952680104329,9.308299042081334
1998-05-10 10:30:00,1,-46.0,-34.74707537807299,15.412183045907264,-32.0,-60.10011648859045,-9.394034267555543,-64.95495414805123,-4.5391966080947554,2,42,7,5,-74.44885890433011,4.954708148184125
1998-05-10 11:30:00,1,-40.0,-40.67677877076292,15.412183045907264,-40.0,-66.02981988128036,-15.323737660245468,-70.88465754074116,-10.46890000078468,2,42,7,5,-80.37856229702004,-0.9749952445058057
1998-05-10 12:30:00,1,-41.0,-44.06165488300388,15.412183045907264,-46.0,-69.41469599352133,-18.70861377248644,-74.26953365298212,-13.853776113025646,2,42,7,5,-83.763438409261,-4.3598713567467655
1998-05-10 13:30:00,1,-37.0,-39.153896369462736,15.412183045907264,-49.0,-64.50693747998018,-13.800855258945289,-69.36177513944097,-8.946017599484499,2,42,7,5,-78.85567989571985,0.5478871567943813
1998-05-10 14:30:00,1,-36.0,-38.7763479787976,15.412183045907264,-48.0,-64.12938908931505,-13.423306868280154,-68.98422674877584,-8.568469208819366,2,42,7,5,-78.47813150505472,0.9254355474595144
1998-05-10 15:30:00,1,-38.0,-37.7282559970708,15.412183045907264,-46.0,-63.081297107588256,-12.375214886553357,-67.93613476704904,-7.520377227092567,2,42,7,5,-77.4300395233279,1.9735275291863204
1998-05-10 16:30:00,1,-40.0,-36.69379449151558,15.412183045907264,-40.0,-62.04683560203303,-11.340753380998134,-66.90167326149381,-6.485915721537346,2,42,7,5,-76.39557801777269,3.0079890347415343
1998-05-10 17:30:00,1,-39.0,-35.36435095335223,15.412183045907264,-41.0,-60.71739206386968,-10.01130984283478,-65.57222972333047,-5.156472183373992,2,42,7,5,-75.06613447960935,4.337432572904888
1998-05-10 18:30:00,1,-36.0,-33.440940528682574,15.412183045907264,-37.0,-58.79398163920003,-8.087899418165126,-63.64881929866081,-3.2330617587043378,2,42,7,5,-73.14272405493969,6.260842997574542
1998-05-10 19:30:00,1,-39.0,-32.65144151708238,15.412183045907264,-36.0,-58.00448262759983,-7.298400406564934,-62.85932028706062,-2.4435627471041457,2,42,7,5,-72.3532250433395,7.050342009174734
1998-05-10 20:30:00,1,-35.0,-34.08330767050838,15.412183045907264,-38.0,-59.43634878102583,-8.730266559990934,-64.29118644048663,-3.875428900530146,2,42,7,5,-73.7850911967655,5.618475855748734
1998-05-10 21:30:00,1,-29.0,-35.40210593604863,15.412183045907264,-40.0,-60.75514704656608,-10.04906482553118,-65.60998470602686,-5.194227166070391,2,42,7,5,-75.10388946230574,4.299677590208489
1998-05-10 22:30:00,1,-21.0,-35.76564251319514,15.412183045907264,-39.0,-61.118683623712585,-10.41260140267769,-65.97352128317337,-5.557763743216903,2,42,7,5,-75.46742603945225,3.9361410130619774
1998-05-10 23:30:00,1,-22.0,-36.65545910045027,15.412183045907264,-36.0,-62.008500210967725,-11.302417989932824,-66.86333787042851,-6.447580330472036,2,42,7,5,-76.35724262670739,3.0463244258068443
1998-05-11 00:30:00,1,-22.0,-35.29420814953561,15.412183045907264,-39.0,-60.64724926005306,-9.941167039018165,-65.50208691951386,-5.086329379557377,2,42,7,5,-74.99599167579274,4.407575376721503
1998-05-11 01:30:00,1,-21.0,-33.50771449352549,15.412183045907264,-35.0,-58.860755604042936,-8.154673383008042,-63.71559326350373,-3.299835723547254,2,42,7,5,-73.20949801978261,6.194069032731626
1998-05-11 02:30:00,1,-27.0,-30.009239493710613,15.412183045907264,-29.0,-55.36228060422806,-4.656198383193164,-60.217118263688846,0.1986392762676239,2,42,7,5,-69.71102301996773,9.692544032546504
1998-05-11 03:30:00,1,-29.0,-31.48338655116749,15.412183045907264,-21.0,-56.83642766168494,-6.130345440650043,-61.69126532114573,-1.2755077811892548,2,42,7,5,-71.1851700774246,8.218396975089625
1998-05-11 04:30:00,1,-33.0,-31.36158438629049,15.412183045907264,-22.0,-56.71462549680794,-6.008543275773047,-61.56946315626873,-1.1537056163122583,2,42,7,5,-71.0633679125476,8.340199139966625
1998-05-11 05:30:00,1,-30.0,-28.345054010665503,15.412183045907264,-22.0,-53.69809512118295,-2.9920129001480547,-58.552932780643744,1.8628247593127327,2,42,7,5,-68.04683753692262,11.356729515591613
1998-05-11 06:30:00,1,-27.0,-28.895419603599883,15.412183045907264,-21.0,-54.24846071411733,-3.5423784930824347,-59.10329837357812,1.3124591663783534,2,42,7,5,-68.59720312985701,10.806363922657233
1998-05-11 07:30:00,1,-27.0,-29.58166768638545,15.412183045907264,-27.0,-54.93470879690291,-4.2286265758680095,-59.789546456363695,0.6262110835927786,2,42,7,5,-69.28345121264258,10.120115839871666
1998-05-11 08:30:00,1,-30.0,-26.890835887136525,15.412183045907264,-29.0,-52.24387699765397,-1.5377947766190765,-57.09871465711476,3.317042882841712,2,42,7,5,-66.59261941339363,12.810947639120592
1998-05-11 09:30:00,1,-31.0,-27.84224082583418,15.412183045907264,-33.0,-53.19528193635163,-2.4891997153167296,-58.05011959581242,2.3656379441440585,2,42,7,5,-67.5440243520913,11.859542700422939
1998-05-11 10:30:00,1,-34.0,-26.41816142304217,15.412183045907264,-30.0,-51.77120253355962,-1.0651203125247228,-56.62604019302041,3.789717346936065,2,42,7,5,-66.11994494929928,13.283622103214945
1998-05-11 11:30:00,1,-33.0,-26.847904339722533,15.412183045907264,-27.0,-52.20094545023999,-1.494863229205084,-57.05578310970077,3.359974430255704,2,42,7,5,-66.54968786597965,12.853879186534584
1998-05-11 12:30:00,1,-31.0,-27.516685879344017,15.412183045907264,-27.0,-52.86972698986146,-2.1636447688265683,-57.724564649322254,2.69119289063422,2,42,7,5,-67.21846940560113,12.1850976469131
1998-05-11 13:30:00,1,-26.0,-35.55695891759915,15.412183045907264,-30.0,-60.9100000281166,-10.203917807081698,-65.76483768757738,-5.34908014762091,2,42,7,5,-75.25874244385626,4.14482460865797
1998-05-11 14:30:00,1,-24.0,-34.30096317874184,15.412183045907264,-31.0,-59.65400428925929,-8.94792206822439,-64.50884194872008,-4.093084408763602,2,42,7,5,-74.00274670499896,5.400820347515278
1998-05-11 15:30:00,1,-28.0,-30.71502468809537,15.412183045907264,-34.0,-56.06806579861282,-5.36198357757792,-60.922903458073606,-0.507145918117132,2,42,7,5,-70.41680821435249,8.986758838161748
1998-05-11 16:30:00,1,-32.0,-29.70476309475507,15.412183045907264,-33.0,-55.05780420527252,-4.351721984237621,-59.9126418647333,0.5031156752231674,2,42,7,5,-69.40654662101218,9.997020431502047
1998-05-11 17:30:00,1,-36.0,-29.104480371276235,15.412183045907264,-31.0,-54.45752148179368,-3.7514392607587865,-59.31235914125448,1.1033983987020015,2,42,7,5,-68.80626389753336,10.597303154980882
1998-05-11 18:30:00,1,-36.0,-26.93903462972612,15.412183045907264,-26.0,-52.29207574024356,-1.5859935192086674,-57.14691339970435,3.2688441402521207,2,42,7,5,-66.64081815598324,12.762748896530997
1998-05-11 19:30:00,1,-33.0,-26.26203688611181,15.412183045907264,-24.0,-51.61507799662926,-0.908995775594363,-56.46991565609005,3.945841883866425,2,42,7,5,-65.96382041236893,13.439746640145305
1998-05-11 20:30:00,1,-35.0,-26.388209421156866,15.412183045907264,-28.0,-51.74125053167431,-1.035168310639417,-56.5960881911351,3.819669348821371,2,42,7,5,-66.08999294741398,13.313574105100251
1998-05-11 21:30:00,1,-38.0,-30.894476442053943,15.412183045907264,-32.0,-56.2475175525714,-5.541435331536494,-61.10235521203218,-0.6865976720757061,2,42,7,5,-70.59625996831106,8.807307084203174
1998-05-11 22:30:00,1,-34.0,-31.21917420538508,15.412183045907264,-36.0,-56.572215315902525,-5.8661330948676245,-61.42705297536331,-1.0112954354068364,2,42,7,5,-70.9209577316422,8.482609320872037
1998-05-11 23:30:00,1,-30.0,-31.928993532375006,15.412183045907264,-36.0,-57.282034642892455,-6.575952421857558,-62.13687230235324,-1.7211147623967695,2,42,7,5,-71.63077705863212,7.77278999388211
1998-05-12 00:30:00,1,-30.0,-32.149010962267084,15.412183045907264,-33.0,-57.50205207278454,-6.795969851749636,-62.35688973224532,-1.941132192288848,2,42,7,5,-71.8507944885242,7.5527725639900325
1998-05-12 01:30:00,1,-35.0,-40.917404216683416,15.412183045907264,-35.0,-66.27044532720086,-15.564363106165969,-71.12528298666166,-10.70952544670518,2,42,7,5,-80.61918774294054,-1.2156206904262987
1998-05-12 02:30:00,1,-34.0,-40.78613282068903,15.412183045907264,-38.0,-66.13917393120649,-15.433091710171585,-70.99401159066727,-10.578254050710797,2,42,7,5,-80.48791634694615,-1.0843492944319166
1998-05-12 03:30:00,1,-34.0,-40.054223073618346,15.412183045907264,-34.0,-65.4072641841358,-14.701181963100897,-70.26210184359658,-9.846344303640109,2,42,7,5,-79.75600659987546,-0.35243954736122873
1998-05-12 04:30:00,1,-39.0,-35.311317269728654,15.412183045907264,-30.0,-60.6643583802461,-9.958276159211206,-65.51919603970688,-5.103438499750418,2,42,7,5,-75.01310079598576,4.3904662565284625
1998-05-12 05:30:00,1,-46.0,-37.22954172192319,15.412183045907264,-30.0,-62.58258283244064,-11.876500611405742,-67.43742049190143,-7.021662951944954,2,42,7,5,-76.93132524818031,2.472241804333926
1998-05-12 06:30:00,1,-48.0,-31.297738029411803,15.412183045907264,-35.0,-56.650779139929256,-5.944696918894355,-61.50561679939004,-1.0898592594335668,2,42,7,5,-70.99952155566892,8.404045496845313
1998-05-12 07:30:00,1,-45.0,-31.58342074505757,15.412183045907264,-34.0,-56.93646185557502,-6.2303796345401175,-61.7912995150358,-1.3755419750793294,2,42,7,5,-71.28520427131468,8.118362781199547
1998-05-12 08:30:00,1,-43.0,-35.308043441924475,15.412183045907264,-34.0,-60.66108455244192,-9.955002331407028,-65.5159222119027,-5.100164671946239,2,42,7,5,-75.00982696818159,4.3937400843326415
1998-05-12 09:30:00,1,-42.0,-41.389546675680414,15.412183045907264,-39.0,-66.74258778619786,-16.036505565162965,-71.59742544565864,-11.181667905702176,2,42,7,5,-81.09133020193752,-1.6877631494232972
1998-05-12 10:30:00,1,-36.0,-42.42468151814072,15.412183045907264,-46.0,-67.77772262865817,-17.071640407623267,-72.63256028811895,-12.21680274816248,2,42,7,5,-82.12646504439783,-2.722897991883606
1998-05-12 11:30:00,1,-35.0,-33.77703331264119,15.412183045907264,-48.0,-59.13007442315863,-8.423992202123738,-63.984912082619424,-3.5691545426629503,2,42,7,5,-73.4788168388983,5.92475021361593
1998-05-12 12:30:00,1,-34.0,-36.54765725870104,15.412183045907264,-45.0,-61.90069836921849,-11.194616148183588,-66.75553602867927,-6.3397784887228,2,42,7,5,-76.24944078495815,3.15412626755608
1998-05-12 13:30:00,1,-34.0,-35.5728504154345,15.412183045907264,-43.0,-60.925891525951954,-10.219809304917051,-65.78072918541274,-5.364971645456265,2,42,7,5,-75.27463394169162,4.128933110822615
1998-05-12 14:30:00,1,-37.0,-32.69512511057893,15.412183045907264,-42.0,-58.04816622109638,-7.342084000061479,-62.903003880557165,-2.4872463406006915,2,42,7,5,-72.39690863683605,7.006658415678189
1998-05-12 15:30:00,1,-39.0,-30.861110070521107,15.412183045907264,-36.0,-56.21415118103856,-5.5080689600036585,-61.068988840499344,-0.6532313005428705,2,42,7,5,-70.56289359677822,8.84067345573601
1998-05-12 16:30:00,1,-38.0,-33.009299973949744,15.412183045907264,-35.0,-58.36234108446719,-7.656258863432296,-63.21717874392798,-2.801421203971508,2,42,7,5,-72.71108350020685,6.6924835523073725
1998-05-12 17:30:00,1,-38.0,-31.7641825472054,15.412183045907264,-34.0,-57.117223657722846,-6.411141436687952,-61.97206131718364,-1.5563037772271642,2,42,7,5,-71.46596607346251,7.937600979051716
1998-05-12 18:30:00,1,-36.0,-29.25486545796617,15.412183045907264,-34.0,-54.60790656848362,-3.901824347448724,-59.46274422794441,0.9530133120120644,2,42,7,5,-68.95664898422328,10.446918068290948
1998-05-12 19:30:00,1,-40.0,-29.58122760441508,15.412183045907264,-37.0,-54.93426871493252,-4.228186493897624,-59.78910637439331,0.6266511655631639,2,42,7,5,-69.2830111306722,10.120555921842037
1998-05-12 20:30:00,1,-35.0,-34.13180817948824,15.412183045907264,-39.0,-59.48484929000568,-8.77876706897079,-64.33968694946648,-3.923929409510002,2,42,7,5,-73.83359170574536,5.569975346768878
1998-05-12 21:30:00,1,-35.0,-31.86053665615904,15.412183045907264,-38.0,-57.21357776667649,-6.507495545641589,-62.06841542613728,-1.6526578861808012,2,42,7,5,-71.56232018241616,7.841246870098075
1998-05-12 22:30:00,1,-30.0,-31.910786720779,15.412183045907264,-38.0,-57.26382783129645,-6.557745610261552,-62.11866549075724,-1.702907950800764,2,42,7,5,-71.61257024703612,7.790996805478116
1998-05-12 23:30:00,1,-22.0,-33.3506971532244,15.412183045907264,-36.0,-58.703738263741855,-7.997656042706954,-63.55857592320264,-3.1428183832461656,2,42,7,5,-73.05248067948152,6.3510863730327145
1998-05-13 00:30:00,1,-18.0,-31.564808035404017,15.412183045907264,-40.0,-56.917849145921465,-6.211766924886568,-61.77268680538225,-1.35692926542578,2,42,7,5,-71.26659156166113,8.1369754908531
1998-05-13 01:30:00,1,-21.0,-30.319113503778144,15.412183045907264,-35.0,-55.67215461429559,-4.966072393260696,-60.52699227375638,-0.1112347337999075,2,42,7,5,-70.02089703003526,9.382670022478973
1998-05-13 02:30:00,1,-24.0,-30.90370322592393,15.412183045907264,-35.0,-56.25674433644138,-5.550662115406482,-61.11158199590217,-0.6958244559456936,2,42,7,5,-70.60548675218105,8.798080300333186
1998-05-13 03:30:00,1,-28.0,-28.04169160510497,15.412183045907264,-30.0,-53.394732715622425,-2.688650494587524,-58.24957037508321,2.166187164873264,2,42,7,5,-67.74347513136209,11.660091921152148
1998-05-13 04:30:00,1,-29.0,-25.609001203621386,15.412183045907264,-22.0,-50.962042314138834,-0.2559600931039369,-55.816879973599626,4.598877566356851,2,42,7,5,-65.3107847298785,14.092782322635731
1998-05-13 05:30:00,1,-27.0,-25.702393377068063,15.412183045907264,-18.0,-51.05543448758552,-0.3493522665506177,-55.9102721470463,4.50548539291017,2,42,7,5,-65.40417690332518,13.999390149189054
1998-05-13 06:30:00,1,-27.0,-27.67059909055111,15.412183045907264,-21.0,-53.02364020106856,-2.317557980033662,-57.878477860529344,2.537279679427126,2,42,7,5,-67.37238261680822,12.031184435706006
1998-05-13 07:30:00,1,-25.0,-25.722646914538096,15.412183045907264,-24.0,-51.07568802505554,-0.3696058040206473,-55.93052568451633,4.485231855440141,2,42,7,5,-65.42443044079522,13.97913661171902
1998-05-13 08:30:00,1,-26.0,-25.16726691502729,15.412183045907264,-28.0,-50.52030802554475,0.1857741954901506,-55.375145685005535,5.040611854950939,2,42,7,5,-64.8690504412844,14.534516611229826
1998-05-13 09:30:00,1,-24.0,-26.56282486959753,15.412183045907264,-29.0,-51.91586598011499,-1.2097837590800855,-56.77070363957577,3.6450539003807023,2,42,7,5,-66.26460839585465,13.138958656659586
1998-05-13 10:30:00,1,-23.0,-25.110088431971462,15.412183045907264,-27.0,-50.46312954248892,0.2429526785459828,-55.3179672019497,5.097790338006771,2,42,7,5,-64.81187195822858,14.591695094285654
1998-05-13 11:30:00,1,-22.0,-25.102369187383847,15.412183045907264,-27.0,-50.455410297901295,0.2506719231336021,-55.31024795736208,5.10550958259439,2,42,7,5,-64.80415271364096,14.59941433887327
1998-05-13 12:30:00,1,-21.0,-24.465173583229625,15.412183045907264,-25.0,-49.81821469374707,0.887867527287824,-54.673052353207865,5.742705186748612,2,42,7,5,-64.16695710948675,15.236609943027492
1998-05-13 13:30:00,1,-18.0,-23.5623896589861,15.412183045907264,-26.0,-48.91543076950354,1.7906514515313496,-53.770268428964336,6.645489110992138,2,42,7,5,-63.264173185243216,16.139393867271018
1998-05-13 14:30:00,1,-20.0,-22.28375504932873,15.412183045907264,-24.0,-47.636796159846185,3.0692860611887163,-52.49163381930697,7.924123720649504,2,42,7,5,-61.98553857558585,17.418028476928388
1998-05-13 15:30:00,1,-26.0,-20.847054026683686,15.412183045907264,-23.0,-46.20009513720113,4.505987083833762,-51.05493279666192,9.36082474329455,2,42,7,5,-60.5488375529408,18.85472949957343
1998-05-13 16:30:00,1,-30.0,-20.06312785465628,15.412183045907264,-22.0,-45.416168965173725,5.289913255861169,-50.27100662463452,10.144750915321955,2,42,7,5,-59.7649113809134,19.638655671600837
1998-05-13 17:30:00,1,-27.0,-19.127472220206947,15.412183045907264,-21.0,-44.48051333072439,6.225568890310502,-49.335350990185184,11.08040654977129,2,42,7,5,-58.829255746464064,20.57431130605017
1998-05-13 18:30:00,1,-27.0,-17.731730993902307,15.412183045907264,-18.0,-43.08477210441976,7.621310116615142,-47.93960976388054,12.47614777607593,2,42,7,5,-57.43351452015942,21.97005253235481
1998-05-13 19:30:00,1,-30.0,-18.844718979713925,15.412183045907264,-20.0,-44.19776009023137,6.508322130803524,-49.05259774969216,11.363159790264312,2,42,7,5,-58.54650250597104,20.857064546543192
1998-05-13 20:30:00,1,-31.0,-21.32284238670428,15.412183045907264,-26.0,-46.675883497221726,4.030198723813172,-51.53072115668252,8.88503638327396,2,42,7,5,-61.0246259129614,18.378941139552836
1998-05-13 21:30:00,1,-28.0,-23.977735115904203,15.412183045907264,-30.0,-49.33077622642165,1.375305994613246,-54.18561388588244,6.230143654074034,2,42,7,5,-63.67951864216132,15.724048410352914
1998-05-13 22:30:00,1,-23.0,-24.17639478176348,15.412183045907264,-27.0,-49.52943589228093,1.1766463287539717,-54.384273551741714,6.03148398821476,2,42,7,5,-63.878178308020594,15.525388744493636
1998-05-13 23:30:00,1,-22.0,-24.82475789680592,15.412183045907264,-27.0,-50.17779900732337,0.5282832137115285,-55.03263666678416,5.383120873172317,2,42,7,5,-64.52654142306304,14.877025629451197
1998-05-14 00:30:00,1,-17.0,-24.590270043169543,15.412183045907264,-30.0,-49.94331115368699,0.7627710673479022,-54.79814881314778,5.61760872680869,2,42,7,5,-64.29205356942666,15.111513483087574
1998-05-14 01:30:00,1,-17.0,-27.88464611334625,15.412183045907264,-31.0,-53.237687223863695,-2.531605002828797,-58.09252488332449,2.3232326566319905,2,42,7,5,-67.58642963960337,11.817137412910867
1998-05-14 02:30:00,1,-16.0,-26.32994279808548,15.412183045907264,-28.0,-51.68298390860293,-0.9769016875680308,-56.53782156806372,3.877935971892757,2,42,7,5,-66.0317263243426,13.371840728171637
1998-05-14 03:30:00,1,-17.0,-24.200233895705026,15.412183045907264,-23.0,-49.55327500622248,1.152807214812423,-54.40811266568326,6.007644874273211,2,42,7,5,-63.90201742196214,15.501549630552091
1998-05-14 04:30:00,1,-21.0,-21.92822512017152,15.412183045907264,-22.0,-47.28126623068897,3.4248159903459268,-52.13610389014976,8.279653649806715,2,42,7,5,-61.630008646428635,17.7735584060856
1998-05-14 05:30:00,1,-19.0,-20.6623413972645,15.412183045907264,-17.0,-46.01538250778195,4.69069971325295,-50.870220167242735,9.545537372713738,2,42,7,5,-60.364124923521615,19.03944212899262
2003-11-12 18:30:00,21,-33.0,-30.68652679517488,15.412183045907264,-17.0,-56.03956790569233,-5.333485684657433,-60.89440556515312,-0.4786480251966445,2,42,7,5,-70.388310321432,9.015256731082236
2003-11-12 19:30:00,21,-35.0,-29.648654367089392,15.412183045907264,-16.0,-55.001695477606845,-4.295613256571944,-59.85653313706763,0.5592244028888445,2,42,7,5,-69.35043789334651,10.053129159167725
2003-11-12 20:30:00,21,-31.0,-29.9168222799294,15.412183045907264,-17.0,-55.26986339044685,-4.56378116941195,-60.12470104990764,0.2910564900488381,2,42,7,5,-69.61860580618651,9.784961246327718
2003-11-12 21:30:00,21,-30.0,-35.00924875399522,15.412183045907264,-21.0,-60.36228986451268,-9.656207643477774,-65.21712752397346,-4.801369984016986,2,42,7,5,-74.71103228025234,4.692534772261894
2003-11-12 22:30:00,21,-27.0,-29.953281864684897,15.412183045907264,-19.0,-55.30632297520235,-4.600240754167448,-60.16116063466313,0.2545969052933401,2,42,7,5,-69.65506539094201,9.74850166157222
2003-11-12 23:30:00,21,-27.0,-37.726643895231504,15.412183045907264,-33.0,-63.07968500574896,-12.373602784714056,-67.93452266520974,-7.5187651252532675,2,42,7,5,-77.42842742148862,1.9751396310256126
2003-11-13 00:30:00,21,-29.0,-30.76356986596974,15.412183045907264,-35.0,-56.11661097648719,-5.41052875545229,-60.97144863594798,-0.5556910959915022,2,42,7,5,-70.46535339222686,8.938213660287378
2003-11-13 01:30:00,21,-29.0,-28.534745426449405,15.412183045907264,-31.0,-53.88778653696686,-3.181704315931956,-58.74262419642764,1.673133343528832,2,42,7,5,-68.23652895270652,11.167038099807712
2003-11-13 02:30:00,21,-25.0,-29.15248952241644,15.412183045907264,-30.0,-54.50553063293389,-3.799448411898993,-59.36036829239468,1.055389247561795,2,42,7,5,-68.85427304867356,10.549294003840675
2003-11-13 03:30:00,21,-18.0,-27.67837348901492,15.412183045907264,-27.0,-53.03141459953236,-2.325332378497464,-57.88625225899315,2.529505280963324,2,42,7,5,-67.38015701527203,12.023410037242197
2003-11-13 04:30:00,21,-23.0,-30.690755833535217,15.412183045907264,-27.0,-56.043796944052666,-5.337714723017768,-60.89863460351346,-0.4828770635569803,2,42,7,5,-70.39253935979234,9.0110276927219
2003-11-13 05:30:00,21,-31.0,-31.410593775956084,15.412183045907264,-29.0,-56.76363488647353,-6.057552665438635,-61.61847254593432,-1.202715005977847,2,42,7,5,-71.1123773022132,8.291189750301033
2003-11-13 06:30:00,21,-31.0,-27.09589684975044,15.412183045907264,-29.0,-52.44893796026789,-1.74285573923299,-57.30377561972868,3.111981920227798,2,42,7,5,-66.79768037600755,12.605886676506678
2003-11-13 07:30:00,21,-26.0,-28.0671899314884,15.412183045907264,-25.0,-53.42023104200585,-2.7141488209709514,-58.27506870146664,2.1406888384898366,2,42,7,5,-67.76897345774552,11.634593594768717
2003-11-13 08:30:00,21,-33.0,-25.16340154753805,15.412183045907264,-18.0,-50.5164426580555,0.1896395629793943,-55.371280317516295,5.044477222440182,2,42,7,5,-64.86518507379517,14.538381978719066
2003-11-13 09:30:00,21,-36.0,-33.13025429161029,15.412183045907264,-23.0,-58.48329540212774,-7.7772131810928435,-63.33813306158853,-2.9223755216320555,2,42,7,5,-72.83203781786742,6.571529234646825
2003-11-13 10:30:00,21,-25.0,-26.912388987814147,15.412183045907264,-31.0,-52.26543009833159,-1.5593478772966982,-57.120267757792384,3.29548978216409,2,42,7,5,-66.61417251407127,12.78939453844297
2003-11-13 11:30:00,21,-14.0,-25.96560663336419,15.412183045907264,-31.0,-51.31864774388164,-0.6125655228467402,-56.173485403342426,4.242272136614048,2,42,7,5,-65.6673901596213,13.736176892892928
2003-11-13 12:30:00,21,-18.0,-25.44999142954314,15.412183045907264,-26.0,-50.803032540060585,-0.0969503190256908,-55.657870199521376,4.757887340435097,2,42,7,5,-65.15177495580025,14.251792096713977
2003-11-13 13:30:00,21,-31.0,-34.0642308926935,15.412183045907264,-33.0,-59.41727200321096,-8.711189782176053,-64.27210966267174,-3.856352122715265,2,42,7,5,-73.76601441895062,5.637552633563615
2003-11-13 14:30:00,21,-32.0,-29.763015354837865,15.412183045907264,-36.0,-55.116056465355314,-4.409974244320416,-59.9708941248161,0.4448634151403716,2,42,7,5,-69.46479888109498,9.938768171419252
2003-11-13 15:30:00,21,-36.0,-26.91865239987832,15.412183045907264,-25.0,-52.27169351039576,-1.56561128936087,-57.12653116985656,3.289226370099918,2,42,7,5,-66.62043592613543,12.783131126378798
2003-11-13 16:30:00,21,-44.0,-26.279617184145536,15.412183045907264,-14.0,-51.63265829466299,-0.9265760736280876,-56.48749595412377,3.928261585832701,2,42,7,5,-65.98140071040265,13.42216634211158
2003-11-13 17:30:00,21,-52.0,-28.28582334379998,15.412183045907264,-18.0,-53.63886445431743,-2.93278223328253,-58.49370211377821,1.9220554261782568,2,42,7,5,-67.98760687005709,11.415960182457138
2003-11-13 18:30:00,21,-46.0,-36.565783063041394,15.412183045907264,-31.0,-61.918824173558846,-11.212741952523944,-66.77366183301963,-6.357904293063157,2,42,7,5,-76.26756658929851,3.136000463215723
2003-11-13 19:30:00,21,-59.0,-24.85280938804104,15.412183045907264,-32.0,-50.20585049855849,0.500231722476407,-55.06068815801928,5.355069381937195,2,42,7,5,-64.55459291429815,14.848974138216075
2003-11-13 20:30:00,21,-59.0,-25.702289389030675,15.412183045907264,-36.0,-51.05533049954812,-0.349248278513226,-55.91016815900891,4.505589380947562,2,42,7,5,-65.4040729152878,13.999494137226442
2003-11-13 21:30:00,21,-55.0,-28.84920180439658,15.412183045907264,-44.0,-54.20224291491402,-3.49616069387913,-59.057080574374815,1.3586769655816582,2,42,7,5,-68.5509853306537,10.852581721860538
2003-11-13 22:30:00,21,-47.0,-40.66173152939686,15.412183045907264,-52.0,-66.01477263991431,-15.308690418879412,-70.8696102993751,-10.453852759418623,2,42,7,5,-80.36351505565398,-0.9599480031397434
2003-11-13 23:30:00,21,-55.0,-35.49002710351163,15.412183045907264,-46.0,-60.843068214029074,-10.13698599299418,-65.69790587348987,-5.282148333533392,2,42,7,5,-75.19181062976875,4.211756422745488
2003-11-14 00:30:00,21,-51.0,-40.10042880791124,15.412183045907264,-59.0,-65.45346991842868,-14.747387697393789,-70.30830757788948,-9.892550037933,2,42,7,5,-79.80221233416836,-0.39864528165412594
2003-11-14 01:30:00,21,-38.0,-49.558966967547406,15.412183045907264,-59.0,-74.91200807806486,-24.20592585702996,-79.76684573752564,-19.35108819756917,2,42,7,5,-89.26075049380452,-9.857183441290289
2003-11-14 02:30:00,21,-37.0,-43.02114081405698,15.412183045907264,-55.0,-68.37418192457443,-17.668099703539536,-73.22901958403523,-12.813262044078748,2,42,7,5,-82.7229243403141,-3.3193572877998605
2003-11-14 03:30:00,21,-35.0,-42.72020920068537,15.412183045907264,-47.0,-68.07325031120281,-17.36716809016792,-72.9280879706636,-12.51233043070713,2,42,7,5,-82.42199272694248,-3.0184256744282507
2003-11-14 04:30:00,21,-44.0,-45.79230653204644,15.412183045907264,-55.0,-71.14534764256389,-20.43926542152899,-76.00018530202468,-15.584427762068202,2,42,7,5,-85.49409005830356,-6.090523005789322
2003-11-14 05:30:00,21,-52.0,-44.380175412202384,15.412183045907264,-51.0,-69.73321652271983,-19.02713430168493,-74.58805418218063,-14.172296642224149,2,42,7,5,-84.08195893845951,-4.678391885945267
2003-11-14 06:30:00,21,-55.0,-37.37309376042149,15.412183045907264,-38.0,-62.726134870938935,-12.02005264990404,-67.58097253039972,-7.165214990443253,2,42,7,5,-77.0748772866786,2.3286897658356267
2003-11-14 07:30:00,21,-42.0,-36.7437955019134,15.412183045907264,-37.0,-62.09683661243085,-11.390754391395948,-66.95167427189163,-6.53591673193516,2,42,7,5,-76.44557902817051,2.95798802434372
2003-11-14 08:30:00,21,-35.0,-41.54032530825771,15.412183045907264,-35.0,-66.89336641877516,-16.187284197740258,-71.74820407823594,-11.33244653827947,2,42,7,5,-81.24210883451482,-1.8385417820005898
2003-11-14 09:30:00,21,-39.0,-38.42200902865424,15.412183045907264,-44.0,-63.7750501391717,-13.068967918136796,-68.62988779863248,-8.214130258676008,2,42,7,5,-78.12379255491135,1.2797744976028795
2003-11-14 10:30:00,21,-38.0,-48.474368290462536,15.412183045907264,-52.0,-73.82740940097999,-23.121327179945087,-78.68224706044077,-18.2664895204843,2,42,7,5,-88.17615181671965,-8.772584764205419
2003-11-14 11:30:00,21,-28.0,-46.12080531667793,15.412183045907264,-55.0,-71.47384642719538,-20.76776420616048,-76.32868408665617,-15.912926546699694,2,42,7,5,-85.82258884293505,-6.419021790420814
2003-11-14 12:30:00,21,-35.0,-35.951901749225655,15.412183045907264,-42.0,-61.30494285974311,-10.598860638708206,-66.15978051920389,-5.744022979247418,2,42,7,5,-75.65368527548277,3.7498817770314616
2003-11-14 13:30:00,21,-39.0,-35.55580585687517,15.412183045907264,-35.0,-60.90884696739262,-10.20276474635772,-65.7636846268534,-5.347927086896931,2,42,7,5,-75.25758938313228,4.145977669381949
2003-11-14 14:30:00,21,-32.0,-39.14314883236088,15.412183045907264,-39.0,-64.49618994287833,-13.79010772184343,-69.35102760233912,-8.935270062382642,2,42,7,5,-78.844932358618,0.5586346938962379
2003-11-14 15:30:00,21,-27.0,-35.08827793885226,15.412183045907264,-38.0,-60.44131904936971,-9.73523682833481,-65.2961567088305,-4.880399168874021,2,42,7,5,-74.79006146510937,4.613505587404859
2003-11-14 16:30:00,21,-25.0,-36.284149561138825,15.412183045907264,-28.0,-61.63719067165627,-10.931108450621377,-66.49202833111707,-6.076270791160589,2,42,7,5,-75.98593308739595,3.4176339651182914
2003-11-14 17:30:00,21,-25.0,-42.50285524339735,15.412183045907264,-35.0,-67.8558963539148,-17.1498141328799,-72.71073401337559,-12.294976473419112,2,42,7,5,-82.20463876965447,-2.801071717140232
2003-11-14 18:30:00,21,-30.0,-34.86736253491355,15.412183045907264,-39.0,-60.220403645431006,-9.514321424396105,-65.07524130489179,-4.659483764935317,2,42,7,5,-74.56914606117067,4.834420991343563
2003-11-14 19:30:00,21,-41.0,-32.40529781094574,15.412183045907264,-32.0,-57.75833892146319,-7.052256700428291,-62.61317658092398,-2.197419040967503,2,42,7,5,-72.10708133720286,7.296485715311377
2003-11-14 20:30:00,21,-37.0,-32.09402714386775,15.412183045907264,-27.0,-57.4470682543852,-6.7409860333503,-62.30190591384599,-1.886148373889512,2,42,7,5,-71.79581067012487,7.607756382389368
2003-11-14 21:30:00,21,-35.0,-35.4214975505734,15.412183045907264,-25.0,-60.77453866109085,-10.06845644005595,-65.62937632055164,-5.213618780595162,2,42,7,5,-75.12328107683052,4.280285975683718
2003-11-14 22:30:00,21,-28.0,-37.38686327032261,15.412183045907264,-25.0,-62.73990438084006,-12.033822159805164,-67.59474204030084,-7.178984500344377,2,42,7,5,-77.08864679657972,2.31492025593451
2003-11-14 23:30:00,21,-28.0,-43.31541891659434,15.412183045907264,-30.0,-68.66846002711179,-17.96237780607689,-73.52329768657258,-13.107540146616104,2,42,7,5,-83.01720244285146,-3.6136353903372225
2003-11-15 00:30:00,21,-26.0,-42.3901540426103,15.412183045907264,-41.0,-67.74319515312774,-17.03711293209285,-72.59803281258854,-12.182275272632062,2,42,7,5,-82.09193756886742,-2.6883705163531815
2003-11-15 01:30:00,21,-18.0,-33.52200968880899,15.412183045907264,-37.0,-58.875050799326445,-8.168968578291544,-63.72988845878723,-3.314130918830756,2,42,7,5,-73.22379321506611,6.179773837448124
2003-11-15 02:30:00,21,-19.0,-34.9949842955073,15.412183045907264,-35.0,-60.348025406024746,-9.641943184989852,-65.20286306548553,-4.787105525529064,2,42,7,5,-74.69676782176441,4.706799230749816
2003-11-15 03:30:00,21,-19.0,-33.02464668362789,15.412183045907264,-28.0,-58.37768779414535,-7.671605573110444,-63.23252545360613,-2.816767913649656,2,42,7,5,-72.72643020988501,6.677136842629224
2003-11-15 04:30:00,21,-25.0,-29.88014322870825,15.412183045907264,-28.0,-55.2331843392257,-4.5271021181908,-60.088021998686486,0.3277355412699876,2,42,7,5,-69.58192675496537,9.821640297548868
2003-11-15 05:30:00,21,-26.0,-29.038134279863403,15.412183045907264,-26.0,-54.39117539038085,-3.6850931693459534,-59.24601304984164,1.1697444901148335,2,42,7,5,-68.73991780612052,10.663649246393714
2003-11-15 06:30:00,21,-17.0,-27.225585444402235,15.412183045907264,-18.0,-52.57862655491968,-1.872544333884786,-57.43346421438047,2.982293325576002,2,42,7,5,-66.92736897065936,12.476198081854882
2003-11-15 07:30:00,21,-37.0,-27.394016764475747,15.412183045907264,-19.0,-52.7470578749932,-2.0409756539582986,-57.60189553445399,2.813862005502489,2,42,7,5,-67.09580029073287,12.30776676178137
2003-11-15 08:30:00,21,-34.0,-26.13843934766111,15.412183045907264,-19.0,-51.49148045817856,-0.7853982371436601,-56.34631811763934,4.069439422317128,2,42,7,5,-65.84022287391822,13.563344178596008
2003-11-15 09:30:00,21,-46.0,-29.90655906280278,15.412183045907264,-25.0,-55.25960017332023,-4.553517952285333,-60.11443783278102,0.3013197071754554,2,42,7,5,-69.6083425890599,9.795224463454336
2003-11-15 10:30:00,21,-39.0,-24.9031694731536,15.412183045907264,-26.0,-50.25621058367105,0.4498716373638487,-55.11104824313183,5.304709296824637,2,42,7,5,-64.60495299941071,14.798614053103517
2003-11-15 11:30:00,21,-37.0,-35.91642689096786,15.412183045907264,-17.0,-61.26946800148531,-10.563385780450414,-66.1243056609461,-5.708548120989626,2,42,7,5,-75.61821041722499,3.7853566352892543
2003-11-15 12:30:00,21,-50.0,-47.68716276088034,15.412183045907264,-37.0,-73.0402038713978,-22.33412165036289,-77.89504153085858,-17.479283990902104,2,42,7,5,-87.38894628713746,-7.985379234623224
2003-11-15 13:30:00,21,-48.0,-42.07699033363619,15.412183045907264,-34.0,-67.43003144415364,-16.72394922311874,-72.28486910361443,-11.869111563657953,2,42,7,5,-81.7787738598933,-2.3752068073790724
2003-11-15 14:30:00,21,-46.0,-43.33539036496847,15.412183045907264,-46.0,-68.68843147548591,-17.98234925445102,-73.54326913494671,-13.127511594990231,2,42,7,5,-83.03717389122559,-3.6336068387113514
2003-11-15 15:30:00,21,-43.0,-33.13930828872755,15.412183045907264,-39.0,-58.492349399245,-7.7862671782101,-63.347187058705785,-2.931429518749312,2,42,7,5,-72.84109181498467,6.5624752375295685
2003-11-15 16:30:00,21,-49.0,-36.20621397423301,15.412183045907264,-37.0,-61.55925508475046,-10.85317286371556,-66.41409274421125,-5.998335204254772,2,42,7,5,-75.90799750049013,3.495569552024108
2003-11-15 17:30:00,21,-43.0,-35.59214134540925,15.412183045907264,-50.0,-60.9451824559267,-10.239100234891804,-65.8000201153875,-5.384262575431016,2,42,7,5,-75.29392487166638,4.109642180847864
2003-11-15 18:30:00,21,-43.0,-40.53577329014156,15.412183045907264,-48.0,-65.88881440065902,-15.182732179624114,-70.7436520601198,-10.327894520163326,2,42,7,5,-80.23755681639868,-0.8339897638844462
2003-11-15 19:30:00,21,-44.0,-36.070151372504895,15.412183045907264,-46.0,-61.42319248302235,-10.717110261987449,-66.27803014248313,-5.862272602526659,2,42,7,5,-75.77193489876201,3.6316321537522214
2003-11-15 20:30:00,21,-40.0,-40.14437208424148,15.412183045907264,-43.0,-65.49741319475893,-14.791330973724031,-70.35225085421972,-9.936493314263243,2,42,7,5,-79.8461556104986,-0.44258855798436514
2003-11-15 21:30:00,21,-40.0,-43.47043922696192,15.412183045907264,-49.0,-68.82348033747937,-18.11739811644448,-73.67831799694017,-13.262560456983683,2,42,7,5,-83.17222275321905,-3.768655700704805
2003-11-15 22:30:00,21,-42.0,-40.44944023832692,15.412183045907264,-43.0,-65.80248134884437,-15.096399127809471,-70.65731900830517,-10.241561468348683,2,42,7,5,-80.15122376458405,-0.747656712069805
2003-11-15 23:30:00,21,-34.0,-37.34036453106249,15.412183045907264,-43.0,-62.69340564157994,-11.987323420545042,-67.54824330104073,-7.132485761084254,2,42,7,5,-77.04214805731961,2.361418995194626
2003-11-16 00:30:00,21,-31.0,-39.65523303906704,15.412183045907264,-44.0,-65.0082741495845,-14.302191928549592,-69.86311180904528,-9.447354269088803,2,42,7,5,-79.35701656532416,0.04655048719007482
2003-11-16 01:30:00,21,-31.0,-37.669344188551975,15.412183045907264,-40.0,-63.02238529906943,-12.316303078034526,-67.87722295853021,-7.461465418573738,2,42,7,5,-77.37112771480909,2.032439337705142
2003-11-16 02:30:00,21,-29.0,-40.25202096016224,15.412183045907264,-40.0,-65.6050620706797,-14.898979849644792,-70.45989973014048,-10.044142190184004,2,42,7,5,-79.95380448641936,-0.5502374339051244
2003-11-16 03:30:00,21,-25.0,-45.13684063188664,15.412183045907264,-42.0,-70.4898817424041,-19.7837995213692,-75.34471940186488,-14.928961861908403,2,42,7,5,-84.83862415814376,-5.435057105629525
2003-11-16 04:30:00,21,-32.0,-39.49751995559868,15.412183045907264,-34.0,-64.85056106611613,-14.144478845081228,-69.70539872557691,-9.28964118562044,2,42,7,5,-79.1993034818558,0.20426357065843348
2003-11-16 05:30:00,21,-33.0,-36.02899221788286,15.412183045907264,-31.0,-61.38203332840031,-10.67595110736541,-66.2368709878611,-5.821113447904622,2,42,7,5,-75.73077574413998,3.672791308374258
2003-11-16 06:30:00,21,-32.0,-36.16758313649241,15.412183045907264,-31.0,-61.52062424700986,-10.814542025974962,-66.37546190647065,-5.959704366514174,2,42,7,5,-75.86936666274953,3.534200389764706
2003-11-16 07:30:00,21,-37.0,-40.40024930048556,15.412183045907264,-29.0,-65.75329041100301,-15.047208189968114,-70.6081280704638,-10.192370530507326,2,42,7,5,-80.10203282674269,-0.6984657742284455
2003-11-16 08:30:00,21,-48.0,-36.69053007146893,15.412183045907264,-25.0,-62.04357118198638,-11.33748896095148,-66.89840884144716,-6.482651301490691,2,42,7,5,-76.39231359772604,3.0112534547881893
2003-11-16 09:30:00,21,-49.0,-33.254934512140885,15.412183045907264,-32.0,-58.60797562265833,-7.901893401623436,-63.46281328211912,-3.047055742162648,2,42,7,5,-72.95671803839801,6.446849014116232
2003-11-16 10:30:00,21,-34.0,-33.57207547628535,15.412183045907264,-33.0,-58.9251165868028,-8.2190343657679,-63.77995424626359,-3.364196706307112,2,42,7,5,-73.27385900254247,6.129708049971768
2003-11-16 11:30:00,21,-29.0,-34.260665875250126,15.412183045907264,-32.0,-59.61370698576758,-8.907624764732677,-64.46854464522836,-4.052787105271889,2,42,7,5,-73.96244940150724,5.441117651006991
2003-11-16 12:30:00,21,-31.0,-41.81316406498706,15.412183045907264,-37.0,-67.16620517550452,-16.460122954469615,-72.0210428349653,-11.605285295008828,2,42,7,5,-81.51494759124418,-2.1113805387299465
2003-11-16 13:30:00,21,-29.0,-43.98769468407991,15.412183045907264,-48.0,-69.34073579459736,-18.634653573562463,-74.19557345405815,-13.779815914101675,2,42,7,5,-83.68947821033703,-4.285911157822795
2003-11-16 14:30:00,21,-38.0,-41.09765168020986,15.412183045907264,-49.0,-66.4506927907273,-15.744610569692409,-71.30553045018809,-10.88977291023162,2,42,7,5,-80.79943520646697,-1.3958681539527404
2003-11-16 15:30:00,21,-32.0,-37.080071557606416,15.412183045907264,-34.0,-62.43311266812387,-11.727030447088968,-67.28795032758465,-6.87219278762818,2,42,7,5,-76.78185508386353,2.6217119686507004
2003-11-16 16:30:00,21,-28.0,-36.80039429474976,15.412183045907264,-29.0,-62.1534354052672,-11.447353184232307,-67.008273064728,-6.592515524771521,2,42,7,5,-76.50217782100688,2.901389231507359
2003-11-16 17:30:00,21,-35.0,-38.0018531195977,15.412183045907264,-31.0,-63.35489423011515,-12.648812009080247,-68.20973188957593,-7.793974349619461,2,42,7,5,-77.70363664585481,1.6999304066594192
2003-11-16 18:30:00,21,-40.0,-42.4922013529811,15.412183045907264,-29.0,-67.84524246349855,-17.13916024246365,-72.70008012295933,-12.284322583002862,2,42,7,5,-82.19398487923822,-2.7904178267239814
2003-11-16 19:30:00,21,-36.0,-46.73376021772964,15.412183045907264,-38.0,-72.08680132824709,-21.38071910721219,-76.94163898770788,-16.525881447751402,2,42,7,5,-86.43554374398676,-7.031976691472522
2003-11-16 20:30:00,21,-33.0,-39.22892287665961,15.412183045907264,-32.0,-64.58196398717706,-13.87588176614216,-69.43680164663785,-9.021044106681371,2,42,7,5,-78.93070640291673,0.4728606495975072
2003-11-16 21:30:00,21,-36.0,-39.09461399583829,15.412183045907264,-28.0,-64.44765510635574,-13.74157288532084,-69.30249276581652,-8.88673522586005,2,42,7,5,-78.7963975220954,0.6071695304188296
2003-11-16 22:30:00,21,-37.0,-43.684913117777946,15.412183045907264,-35.0,-69.03795422829539,-18.331872007260497,-73.89279188775618,-13.477034347799709,2,42,7,5,-83.38669664403506,-3.9831295915208287
2003-11-16 23:30:00,21,-32.0,-38.53933626080625,15.412183045907264,-40.0,-63.8923773713237,-13.186295150288805,-68.74721503078449,-8.331457490828015,2,42,7,5,-78.24111978706337,1.162447265450865
2003-11-17 00:30:00,21,-27.0,-37.38948652655863,15.412183045907264,-36.0,-62.74252763707608,-12.03644541604118,-67.59736529653686,-7.181607756580391,2,42,7,5,-77.09127005281574,2.3122969996984892
2003-11-17 01:30:00,21,-33.0,-42.506572384844354,15.412183045907264,-33.0,-67.8596134953618,-17.153531274326905,-72.7144511548226,-12.298693614866115,2,42,7,5,-82.20835591110148,-2.804788858587237
2003-11-17 02:30:00,21,-31.0,-38.72386102233469,15.412183045907264,-36.0,-64.07690213285214,-13.37081991181724,-68.93173979231292,-8.515982252356451,2,42,7,5,-78.4256445485918,0.9779225039224286
2003-11-17 03:30:00,21,-35.0,-36.25074498405634,15.412183045907264,-37.0,-61.60378609457379,-10.897703873538893,-66.45862375403458,-6.042866214078103,2,42,7,5,-75.95252851031346,3.451038542200777
2003-11-17 04:30:00,21,-42.0,-35.17437026697813,15.412183045907264,-32.0,-60.52741137749558,-9.82132915646068,-65.38224903695637,-4.966491496999893,2,42,7,5,-74.87615379323525,4.527413259278987
2003-11-17 05:30:00,21,-44.0,-35.91143345435479,15.412183045907264,-27.0,-61.264474564872245,-10.558392343837344,-66.11931222433303,-5.703554684376556,2,42,7,5,-75.61321698061191,3.790350071902324
2003-11-17 06:30:00,21,-48.0,-34.69478418914456,15.412183045907264,-33.0,-60.04782529966201,-9.341743078627108,-64.9026629591228,-4.48690541916632,2,42,7,5,-74.39656771540169,5.006999337112553
2003-11-17 07:30:00,21,-43.0,-35.53727645255544,15.412183045907264,-31.0,-60.89031756307288,-10.18423534203799,-65.74515522253367,-5.329397682577202,2,42,7,5,-75.23905997881255,4.164507073701678
2003-11-17 08:30:00,21,-41.0,-37.07128313214818,15.412183045907264,-35.0,-62.424324242665634,-11.718242021630733,-67.27916190212642,-6.863404362169945,2,42,7,5,-76.7730666584053,2.6305003941089353
2003-11-17 09:30:00,21,-39.0,-46.23239999282404,15.412183045907264,-42.0,-71.5854411033415,-20.8793588823066,-76.44027876280228,-16.024521222845806,2,42,7,5,-85.93418351908116,-6.530616466566926
2003-11-17 10:30:00,21,-34.0,-46.07068882785185,15.412183045907264,-44.0,-71.4237299383693,-20.717647717334405,-76.27856759783009,-15.862810057873617,2,42,7,5,-85.77247235410897,-6.368905301594737
2003-11-17 11:30:00,21,-25.0,-46.33580202027862,15.412183045907264,-48.0,-71.68884313079607,-20.98276090976117,-76.54368079025686,-16.127923250300384,2,42,7,5,-86.03758554653574,-6.634018494021504
2003-11-17 12:30:00,21,-25.0,-41.64090701927282,15.412183045907264,-43.0,-66.99394812979027,-16.287865908755368,-71.84878578925105,-11.43302824929458,2,42,7,5,-81.34269054552993,-1.9391234930156998
2003-11-17 13:30:00,21,-26.0,-39.5057269672788,15.412183045907264,-41.0,-64.85876807779624,-14.152685856761348,-69.71360573725704,-9.29784819730056,2,42,7,5,-79.20751049353592,0.19605655897832008
2003-11-17 14:30:00,21,-36.0,-39.39485158960126,15.412183045907264,-39.0,-64.74789270011871,-14.04181047908381,-69.6027303595795,-9.186972819623024,2,42,7,5,-79.09663511585838,0.3069319366558574
2003-11-17 15:30:00,21,-42.0,-37.799476886810965,15.412183045907264,-34.0,-63.15251799732842,-12.446435776293516,-68.0073556567892,-7.591598116832728,2,42,7,5,-77.50126041306808,1.9023066394461523
2003-11-17 16:30:00,21,-41.0,-33.06940161244334,15.412183045907264,-25.0,-58.4224427229608,-7.7163605019258945,-63.27728038242158,-2.8615228424651065,2,42,7,5,-72.77118513870046,6.632381913813774
2003-11-17 17:30:00,21,-40.0,-33.51448994613288,15.412183045907264,-25.0,-58.867531056650336,-8.161448835615435,-63.72236871611112,-3.3066111761546466,2,42,7,5,-73.21627347239,6.1872935801242335
2003-11-17 18:30:00,21,-32.0,-36.52002401769364,15.412183045907264,-26.0,-61.873065128211095,-11.166982907176196,-66.72790278767188,-6.312145247715407,2,42,7,5,-76.22180754395076,3.1817595085634736
2003-11-17 19:30:00,21,-25.0,-43.85905746019287,15.412183045907264,-36.0,-69.21209857071032,-18.506016349675424,-74.06693623017111,-13.651178690214635,2,42,7,5,-83.56084098644999,-4.157273933935755
2003-11-17 20:30:00,21,-29.0,-36.699879802521245,15.412183045907264,-42.0,-62.05292091303869,-11.346838692003796,-66.90775857249949,-6.492001032543008,2,42,7,5,-76.40166332877837,3.0019037237358717
2003-11-17 21:30:00,21,-29.0,-34.208166566617024,15.412183045907264,-41.0,-59.56120767713448,-8.855125456099575,-64.41604533659526,-4.000287796638787,2,42,7,5,-73.90995009287414,5.493616959640093
2003-11-17 22:30:00,21,-36.0,-36.26503357236509,15.412183045907264,-40.0,-61.618074682882536,-10.911992461847642,-66.47291234234334,-6.057154802386854,2,42,7,5,-75.96681709862222,3.4367499538920256
2003-11-17 23:30:00,21,-36.0,-33.403062886063616,15.412183045907264,-32.0,-58.75610399658106,-8.050021775546167,-63.61094165604185,-3.195184116085379,2,42,7,5,-73.10484641232074,6.298720640193501
2003-11-18 00:30:00,21,-27.0,-31.33043795827408,15.412183045907264,-25.0,-56.68347906879153,-5.97739684775663,-61.53831672825231,-1.122559188295842,2,42,7,5,-71.03222148453119,8.371345567983038
2003-11-18 01:30:00,21,-22.0,-32.65700717516087,15.412183045907264,-29.0,-58.01004828567832,-7.303966064643422,-62.86488594513911,-2.449128405182634,2,42,7,5,-72.35879070141799,7.044776351096246
2003-11-18 02:30:00,21,-21.0,-33.85498096445742,15.412183045907264,-29.0,-59.20802207497486,-8.50193985393997,-64.06285973443565,-3.6471021944791815,2,42,7,5,-73.55676449071453,5.846802561799699
2003-11-18 03:30:00,21,-29.0,-30.87407984921756,15.412183045907264,-36.0,-56.22712095973501,-5.52103873870011,-61.0819586191958,-0.6662010792393218,2,42,7,5,-70.57586337547468,8.827703677039558
2003-11-18 04:30:00,21,-31.0,-31.93515324366156,15.412183045907264,-36.0,-57.28819435417901,-6.582112133144111,-62.1430320136398,-1.7272744736833232,2,42,7,5,-71.63693676991868,7.766630282595557
2003-11-18 05:30:00,21,-30.0,-29.91928237261504,15.412183045907264,-27.0,-55.27232348313248,-4.566241262097584,-60.12716114259327,0.2885963973632037,2,42,7,5,-69.62106589887216,9.782501153642077
2003-11-18 06:30:00,21,-30.0,-28.89747753260501,15.412183045907264,-22.0,-54.25051864312245,-3.544436422087557,-59.105356302583246,1.310401237373231,2,42,7,5,-68.59926105886213,10.804305993652108
2003-11-18 07:30:00,21,-27.0,-27.658786968734987,15.412183045907264,-21.0,-53.01182807925244,-2.305745858217538,-57.86666573871322,2.54909180124325,2,42,7,5,-67.3605704949921,12.04299655752213
2003-11-18 08:30:00,21,-28.0,-29.35838698548581,15.412183045907264,-29.0,-54.71142809600326,-4.005345874968363,-59.566265755464045,0.8494917844924252,2,42,7,5,-69.06017051174292,10.343396540771305
2003-11-18 09:30:00,21,-26.0,-27.0956446356708,15.412183045907264,-31.0,-52.44868574618825,-1.7426035251533527,-57.30352340564904,3.112234134307436,2,42,7,5,-66.79742816192791,12.606138890586315
2003-11-18 10:30:00,21,-20.0,-26.435064362534007,15.412183045907264,-30.0,-51.78810547305146,-1.0820232520165582,-56.64294313251224,3.77281440744423,2,42,7,5,-66.13684788879112,13.26671916372311
2003-11-18 11:30:00,21,-23.0,-26.333468624524468,15.412183045907264,-30.0,-51.68650973504192,-0.9804275140070188,-56.54134739450271,3.874410145453769,2,42,7,5,-66.03525215078159,13.36831490173265
2003-11-18 12:30:00,21,-27.0,-26.065743666252565,15.412183045907264,-27.0,-51.41878477677001,-0.7127025557351168,-56.2736224362308,4.142135103725671,2,42,7,5,-65.76752719250968,13.636039860004551
2003-11-18 13:30:00,21,-28.0,-25.97633693487974,15.412183045907264,-28.0,-51.32937804539719,-0.623295824362291,-56.18421570485798,4.231541835098497,2,42,7,5,-65.67812046113686,13.725446591377377
2003-11-18 14:30:00,21,-31.0,-25.24830634376734,15.412183045907264,-26.0,-50.60134745428479,0.1047347667501092,-55.456185113745576,4.959572426210897,2,42,7,5,-64.95008987002446,14.453477182489777
2003-11-18 15:30:00,21,-27.0,-25.19738552758024,15.412183045907264,-20.0,-50.55042663809769,0.1556555829372072,-55.40526429755848,5.010493242397995,2,42,7,5,-64.89916905383735,14.504397998676875
2003-11-18 16:30:00,21,-26.0,-26.136347522002914,15.412183045907264,-23.0,-51.48938863252036,-0.7833064114854658,-56.34422629198115,4.071531247975322,2,42,7,5,-65.83813104826004,13.565436004254202
2003-11-18 17:30:00,21,-29.0,-28.67216705415787,15.412183045907264,-27.0,-54.02520816467532,-3.3191259436404223,-58.8800458241361,1.5357117158203657,2,42,7,5,-68.37395058041498,11.029616472099246
2003-11-18 18:30:00,21,-22.0,-25.710699780629227,15.412183045907264,-28.0,-51.06374089114668,-0.3576586701117783,-55.91857855060746,4.49717898934901,2,42,7,5,-65.41248330688634,13.99108374562789
2003-11-18 19:30:00,21,-22.0,-24.73302895743792,15.412183045907264,-31.0,-50.08607006795537,0.6200121530795286,-54.94090772741616,5.474849812540317,2,42,7,5,-64.43481248369504,14.968754568819197
2003-11-18 20:30:00,21,-20.0,-23.31443506724807,15.412183045907264,-27.0,-48.66747617776552,2.038606043269379,-53.52231383722631,6.893443702730167,2,42,7,5,-63.01621859350519,16.387348459009047
2003-11-18 21:30:00,21,-16.0,-23.42828415808321,15.412183045907264,-26.0,-48.78132526860065,1.9247569524342405,-53.636162928061445,6.779594611895028,2,42,7,5,-63.130067684340325,16.27349936817391
2003-11-18 22:30:00,21,-15.0,-26.10117715910322,15.412183045907264,-29.0,-51.45421826962067,-0.7481360485857707,-56.30905592908145,4.106701610875017,2,42,7,5,-65.80296068536033,13.600606367153897
2003-11-18 23:30:00,21,-17.0,-22.36520813214016,15.412183045907264,-22.0,-47.718249242657606,2.987832978377295,-52.57308690211839,7.842670637838083,2,42,7,5,-62.06699165839728,17.336575394116956
2003-11-19 00:30:00,21,-15.0,-22.45923744776067,15.412183045907264,-22.0,-47.81227855827812,2.8938036627567776,-52.66711621773891,7.748641322217566,2,42,7,5,-62.16102097401779,17.242546078496446
2003-11-19 01:30:00,21,-18.0,-22.250924704530064,15.412183045907264,-20.0,-47.60396581504752,3.1021164059873847,-52.4588034745083,7.956954065448173,2,42,7,5,-61.95270823078718,17.450858821727053
2003-11-19 02:30:00,21,-18.0,-20.767373911183768,15.412183045907264,-16.0,-46.12041502170122,4.585667199333681,-50.975252681162,9.440504858794467,2,42,7,5,-60.469157437440884,18.93440961507335
2003-11-19 03:30:00,21,-18.0,-20.13969292519087,15.412183045907264,-15.0,-45.49273403570832,5.213348185326577,-50.34757169516911,10.068185844787363,2,42,7,5,-59.84147645144799,19.562090601066245
2003-11-19 04:30:00,21,-22.0,-20.23168269643166,15.412183045907264,-17.0,-45.58472380694911,5.12135841408579,-50.4395614664099,9.976196073546578,2,42,7,5,-59.93346622268878,19.47010082982546
2003-11-19 05:30:00,21,-27.0,-18.251923969446647,15.412183045907264,-15.0,-43.604965079964096,7.101117141070802,-48.45980273942489,11.95595480053159,2,42,7,5,-57.95370749570377,21.44985955681047
2003-11-19 06:30:00,21,-26.0,-17.79475693687276,15.412183045907264,-18.0,-43.14779804739021,7.55828417364469,-48.002635706851,12.413121833105478,2,42,7,5,-57.496540463129875,21.90702658938436
2003-11-19 07:30:00,21,-26.0,-16.73724685626796,15.412183045907264,-18.0,-42.09028796678541,8.61579425424949,-46.9451256262462,13.470631913710278,2,42,7,5,-56.439030382525075,22.964536669989158
2003-11-19 08:30:00,21,-25.0,-15.878009215350062,15.412183045907264,-18.0,-41.23105032586752,9.475031895167389,-46.0858879853283,14.329869554628177,2,42,7,5,-55.57979274160718,23.823774310907055
2003-11-19 09:30:00,21,-21.0,-16.51851117947762,15.412183045907264,-22.0,-41.871552289995066,8.834529931039828,-46.72638994945586,13.689367590500616,2,42,7,5,-56.22029470573474,23.183272346779496
2003-11-19 10:30:00,21,-17.0,-18.624136797110506,15.412183045907264,-27.0,-43.97717790762795,6.728904313406947,-48.83201556708874,11.583741972867736,2,42,7,5,-58.325920323367626,21.07764672914661
2003-11-19 11:30:00,21,-16.0,-20.63959272141668,15.412183045907264,-26.0,-45.99263383193413,4.713448389100773,-50.84747149139491,9.56828604856156,2,42,7,5,-60.34137624767379,19.062190804840437
2003-11-19 12:30:00,21,-17.0,-19.01748964590013,15.412183045907264,-26.0,-44.37053075641759,6.335551464617311,-49.22536841587838,11.1903891240781,2,42,7,5,-58.719273172157244,20.684293880356986
2003-11-19 13:30:00,21,-21.0,-18.135983627472854,15.412183045907264,-25.0,-43.48902473799031,7.217057483044595,-48.34386239745109,12.071895142505385,2,42,7,5,-57.83776715372997,21.565799898784263
2003-11-19 14:30:00,21,-18.0,-17.279232507139596,15.412183045907264,-21.0,-42.63227361765705,8.073808603377852,-47.48711127711783,12.92864626283864,2,42,7,5,-56.98101603339671,22.42255101911752
2003-11-19 15:30:00,21,-17.0,-18.833558363060227,15.412183045907264,-17.0,-44.18659947357767,6.519482747457221,-49.041437133038464,11.37432040691801,2,42,7,5,-58.535341889317344,20.86822516319689
2003-11-19 16:30:00,21,-14.0,-17.543510348149987,15.412183045907264,-16.0,-42.89655145866743,7.809530762367462,-47.75138911812822,12.66436842182825,2,42,7,5,-57.2452938744071,22.15827317810713
2003-11-19 17:30:00,21,-16.0,-18.751742183897257,15.412183045907264,-17.0,-44.1047832944147,6.601298926620192,-48.95962095387549,11.45613658608098,2,42,7,5,-58.45352571015437,20.95004134235986
2003-11-19 18:30:00,21,-11.0,-18.260483161606988,15.412183045907264,-21.0,-43.61352427212444,7.092557948910461,-48.46836193158522,11.947395608371249,2,42,7,5,-57.9622666878641,21.44130036465013
2003-11-19 19:30:00,21,-6.0,-15.47541579422139,15.412183045907264,-18.0,-40.82845690473884,9.877625316296058,-45.68329456419963,14.732462975756846,2,42,7,5,-55.17719932047851,24.226367732035726
2003-11-19 20:30:00,21,-6.0,-14.949980902361377,15.412183045907264,-17.0,-40.30302201287883,10.403060208156074,-45.15785967233961,15.257897867616862,2,42,7,5,-54.65176442861849,24.751802623895742
2003-11-19 21:30:00,21,-3.0,-14.862502258576823,15.412183045907264,-14.0,-40.21554336909428,10.490538851940624,-45.07038102855506,15.345376511401412,2,42,7,5,-54.56428578483394,24.839281267680292
2003-11-19 22:30:00,21,-2.0,-14.36084098543039,15.412183045907264,-16.0,-39.71388209594784,10.99220012508706,-44.56871975540862,15.847037784547847,2,42,7,5,-54.0626245116875,25.340942540826727
2003-11-19 23:30:00,21,-4.0,-13.0317175982827,15.412183045907264,-11.0,-38.38475870880015,12.321323512234748,-43.23959636826093,17.176161171695536,2,42,7,5,-52.73350112453981,26.670065927974417
2003-11-20 00:30:00,21,-4.0,-11.105280030137887,15.412183045907264,-6.0,-36.458321140655336,14.24776108037956,-41.31315880011613,19.10259873984035,2,42,7,5,-50.80706355639501,28.59650349611923
2003-11-20 01:30:00,21,-6.0,-9.337623577292971,15.412183045907264,-6.0,-34.690664687810425,16.015417533224475,-39.54550234727121,20.870255192685264,2,42,7,5,-49.03940710355009,30.364159948964144
2003-11-20 02:30:00,21,-5.0,-7.94370817409785,15.412183045907264,-3.0,-33.2967492846153,17.4093329364196,-38.15158694407609,22.264170595880387,2,42,7,5,-47.64549170035497,31.758075352159267
2003-11-20 03:30:00,21,-7.0,-6.179792992520767,15.412183045907264,-2.0,-31.532834103038216,19.17324811799668,-36.38767176249901,24.02808577745747,2,42,7,5,-45.881576518777884,33.52199053373635
2003-11-20 04:30:00,21,-15.0,-6.212416510283745,15.412183045907264,-4.0,-31.5654576208012,19.140624600233703,-36.42029528026198,23.99546225969449,2,42,7,5,-45.91420003654086,33.48936701597337
2003-11-20 05:30:00,21,-26.0,-7.587591085967098,15.412183045907264,-4.0,-32.94063219648454,17.76545002455035,-37.795469855945335,22.62028768401114,2,42,7,5,-47.289374612224215,32.11419244029002
2003-11-20 06:30:00,21,-32.0,-7.065837715342379,15.412183045907264,-6.0,-32.41887882585983,18.28720339517507,-37.27371648532062,23.142041054635857,2,42,7,5,-46.7676212415995,32.635945810914734
2003-11-20 07:30:00,21,-34.0,-8.865945330087193,15.412183045907264,-5.0,-34.21898644060464,16.487095780430256,-39.07382410006543,21.341933439891044,2,42,7,5,-48.56772885634431,30.835838196169924
2003-11-20 08:30:00,21,-17.0,-11.513310704227056,15.412183045907264,-7.0,-36.866351814744505,13.839730406290393,-41.72118947420529,18.69456806575118,2,42,7,5,-51.21509423048417,28.18847282203006
2003-11-20 09:30:00,21,-38.0,-21.61328384772956,15.412183045907264,-15.0,-46.96632495824701,3.739757262787887,-51.8211626177078,8.594594922248675,2,42,7,5,-61.31506737398668,18.08849967852756
2003-11-20 10:30:00,21,-68.0,-28.63323646084541,15.412183045907264,-26.0,-53.98627757136286,-3.2801953503279613,-58.84111523082365,1.5746423091328268,2,42,7,5,-68.33501998710253,11.068547065411707
2003-11-20 11:30:00,21,-58.0,-33.92027367428709,15.412183045907264,-32.0,-59.27331478480454,-8.56723256376964,-64.12815244426533,-3.712394904308852,2,42,7,5,-73.6220572005442,5.7815098519700285
2003-11-20 12:30:00,21,-49.0,-34.72617852234403,15.412183045907264,-34.0,-60.07921963286148,-9.37313741182658,-64.93405729232227,-4.518299752365792,2,42,7,5,-74.42796204860115,4.975605003913088
2003-11-20 13:30:00,21,-102.0,-28.3158190091706,15.412183045907264,-17.0,-53.66886011968805,-2.9627778986531474,-58.52369777914883,1.8920597608076408,2,42,7,5,-68.01760253542771,11.385964517086517
2003-11-20 14:30:00,21,-162.0,-53.52780772467074,15.412183045907264,-38.0,-78.88084883518819,-28.174766614153288,-83.73568649464897,-23.3199289546925,2,42,7,5,-93.22959125092785,-13.82602419841362
2003-11-20 15:30:00,21,-171.0,-40.24268501757898,15.412183045907264,-68.0,-65.59572612809643,-14.88964390706153,-70.45056378755721,-10.03480624760074,2,42,7,5,-79.9444685438361,-0.5409014913218613
2003-11-20 16:30:00,21,-229.0,-41.24483209688567,15.412183045907264,-58.0,-66.59787320740313,-15.891790986368225,-71.45271086686391,-11.036953326907437,2,42,7,5,-80.94661562314279,-1.5430485706285566
2003-11-20 17:30:00,21,-329.0,-116.48269871412737,15.412183045907264,-49.0,-141.8357398246448,-91.1296576036099,-146.69057748410555,-86.27481994414912,2,42,7,5,-156.18448224038448,-76.78091518787025
2003-11-20 18:30:00,21,-396.0,-158.75691303944444,15.412183045907264,-102.0,-184.10995414996188,-133.403871928927,-188.96479180942268,-128.5490342694662,2,42,7,5,-198.45869656570156,-119.05512951318732
2003-11-20 19:30:00,21,-413.0,-242.55177427977333,15.412183045907264,-162.0,-267.9048153902908,-217.19873316925592,-272.7596530497516,-212.34389550979512,2,42,7,5,-282.25355780603047,-202.8499907535162
2003-11-20 20:30:00,21,-422.0,-249.86766018623163,15.412183045907264,-171.0,-275.2207012967491,-224.5146190757142,-280.07553895620987,-219.6597814162534,2,42,7,5,-289.56944371248875,-210.16587665997451
2003-11-20 21:30:00,21,-422.0,-251.4411818891425,15.412183045907264,-229.0,-276.79422299966,-226.0881407786251,-281.6490606591208,-221.2333031191643,2,42,7,5,-291.14296541539966,-211.7393983628854
2003-11-20 22:30:00,21,-405.0,-240.7790183914596,15.412183045907264,-329.0,-266.13205950197704,-215.4259772809421,-270.9868971614378,-210.5711396214813,2,42,7,5,-280.4808019177167,-201.07723486520248
2003-11-20 23:30:00,21,-343.0,-225.09456131306527,15.412183045907264,-396.0,-250.4476024235827,-199.74152020254783,-255.3024400830435,-194.88668254308703,2,42,7,5,-264.7963448393224,-185.39277778680815
2003-11-21 00:30:00,21,-309.0,-209.8580088631632,15.412183045907264,-413.0,-235.21104997368064,-184.5049677526457,-240.0658876331414,-179.65013009318494,2,42,7,5,-249.55979238942032,-170.1562253369061
2003-11-21 01:30:00,21,-256.0,-211.39626885456696,15.412183045907264,-422.0,-236.7493099650844,-186.0432277440496,-241.6041476245452,-181.18839008458875,2,42,7,5,-251.09805238082407,-171.69448532830984
2003-11-21 02:30:00,21,-230.0,-219.1374830695327,15.412183045907264,-422.0,-244.49052418005013,-193.78444195901525,-249.34536183951093,-188.92960429955448,2,42,7,5,-258.8392665957898,-179.43569954327558
2003-11-21 03:30:00,21,-194.0,-222.1120970737772,15.412183045907264,-405.0,-247.46513818429463,-196.75905596325973,-252.31997584375543,-191.90421830379896,2,42,7,5,-261.8138806000343,-182.41031354752008
2003-11-21 04:30:00,21,-191.0,-218.021646615824,15.412183045907264,-343.0,-243.37468772634145,-192.6686055053065,-248.22952538580225,-187.8137678458457,2,42,7,5,-257.72343014208116,-178.3198630895669
2003-11-21 05:30:00,21,-185.0,-209.67153360778428,15.412183045907264,-309.0,-235.0245747183017,-184.31849249726685,-239.8794123777625,-179.46365483780605,2,42,7,5,-249.3733171340414,-169.96975008152717
2003-11-21 06:30:00,21,-156.0,-191.2985272962877,15.412183045907264,-256.0,-216.65156840680515,-165.94548618577028,-221.50640606626595,-161.09064852630948,2,42,7,5,-231.0003108225448,-151.59674377003057
2003-11-21 07:30:00,21,-162.0,-177.9411133695461,15.412183045907264,-230.0,-203.29415448006355,-152.58807225902865,-208.14899213952432,-147.73323459956785,2,42,7,5,-217.6428968958032,-138.23932984328897
2003-11-21 08:30:00,21,-162.0,-166.92771160369648,15.412183045907264,-194.0,-192.28075271421392,-141.57467049317904,-197.13559037367472,-136.71983283371824,2,42,7,5,-206.6294951299536,-127.22592807743936
2003-11-21 09:30:00,21,-141.0,-164.49089385381177,15.412183045907264,-191.0,-189.8439349643292,-139.13785274329433,-194.69877262379,-134.28301508383353,2,42,7,5,-204.1926773800689,-124.78911032755465
2003-11-21 10:30:00,21,-130.0,-160.8877554688844,15.412183045907264,-185.0,-186.24079657940183,-135.53471435836695,-191.09563423886263,-130.67987669890616,2,42,7,5,-200.5895389951415,-121.18597194262728
2003-11-21 11:30:00,21,-122.0,-152.69461039246502,15.412183045907264,-156.0,-178.04765150298246,-127.34156928194756,-182.9024891624433,-122.4867316224868,2,42,7,5,-192.39639391872214,-112.9928268662079
2003-11-21 12:30:00,21,-118.0,-154.2780965623399,15.412183045907264,-162.0,-179.63113767285734,-128.92505545182246,-184.48597533231813,-124.07021779236166,2,42,7,5,-193.979880088597,-114.57631303608278
2003-11-21 13:30:00,21,-117.0,-152.254445691264,15.412183045907264,-162.0,-177.60748680178145,-126.90140458074656,-182.46232446124225,-122.04656692128576,2,42,7,5,-191.95622921752113,-112.5526621650069
2003-11-21 14:30:00,21,-110.0,-141.53634697081753,15.412183045907264,-141.0,-166.88938808133497,-116.18330586030008,-171.74422574079577,-111.3284682008393,2,42,7,5,-181.23813049707465,-101.83456344456042
2003-11-21 15:30:00,21,-104.0,-127.6677301503496,15.412183045907264,-130.0,-153.02077126086704,-102.31468903983216,-157.87560892032783,-97.45985138037136,2,42,7,5,-167.36951367660672,-87.96594662409248
2003-11-21 16:30:00,21,-105.0,-118.37962436235723,15.412183045907264,-122.0,-143.7326654728747,-93.0265832518398,-148.58750313233548,-88.17174559237901,2,42,7,5,-158.08140788861436,-78.67784083610012
2003-11-21 17:30:00,21,-104.0,-114.54634723673844,15.412183045907264,-118.0,-139.8993883472559,-89.19330612622097,-144.75422600671666,-84.33846846676019,2,42,7,5,-154.24813076299557,-74.84456371048132
2003-11-21 18:30:00,21,-92.0,-105.89766791228804,15.412183045907264,-117.0,-131.2507090228055,-80.54462680177059,-136.1055466822663,-75.6897891423098,2,42,7,5,-145.59945143854515,-66.19588438603093
2003-11-21 19:30:00,21,-86.0,-99.7649843231412,15.412183045907264,-110.0,-125.11802543365864,-74.41194321262374,-129.97286309311943,-69.55710555316296,2,42,7,5,-139.4667678493983,-60.06320079688409
2003-11-21 20:30:00,21,-83.0,-97.76042588553776,15.412183045907264,-104.0,-123.1134669960552,-72.4073847750203,-127.968304655516,-67.55254711555952,2,42,7,5,-137.46220941179487,-58.05864235928064
2003-11-21 21:30:00,21,-76.0,-92.44629935746656,15.412183045907264,-105.0,-117.79934046798402,-67.09325824694912,-122.6541781274448,-62.238420587488335,2,42,7,5,-132.14808288372367,-52.74451583120944
2003-11-21 22:30:00,21,-69.0,-87.02363000106482,15.412183045907264,-104.0,-112.37667111158228,-61.67058889054736,-117.23150877104304,-56.81575123108658,2,42,7,5,-126.72541352732193,-47.3218464748077
2003-11-21 23:30:00,21,-63.0,-76.70529576751437,15.412183045907264,-92.0,-102.05833687803182,-51.35225465699692,-106.9131745374926,-46.497416997536135,2,42,7,5,-116.40707929377149,-37.003512241257255
2003-11-22 00:30:00,21,-60.0,-84.57271583965868,15.412183045907264,-86.0,-109.92575695017614,-59.21967472914123,-114.78059460963692,-54.36483706968045,2,42,7,5,-124.2744993659158,-44.87093231340157
2003-11-22 01:30:00,21,-71.0,-76.34071026131117,15.412183045907264,-83.0,-101.69375137182864,-50.98766915079372,-106.5485890312894,-46.13283149133294,2,42,7,5,-116.04249378756829,-36.638926735054056
2003-11-22 02:30:00,21,-79.0,-68.7060165658826,15.412183045907264,-76.0,-94.05905767640006,-43.352975455365154,-98.91389533586084,-38.49813779590437,2,42,7,5,-108.40780009213972,-29.00423303962549
2003-11-22 03:30:00,21,-74.0,-61.58822499805274,15.412183045907264,-69.0,-86.94126610857019,-36.235183887535285,-91.79610376803096,-31.3803462280745,2,42,7,5,-101.29000852430985,-21.88644147179562
2003-11-22 04:30:00,21,-68.0,-60.19770385632111,15.412183045907264,-63.0,-85.55074496683856,-34.84466274580366,-90.40558262629936,-29.98982508634288,2,42,7,5,-99.89948738257823,-20.495920330063996
2003-11-22 05:30:00,21,-70.0,-62.77946139666165,15.412183045907264,-60.0,-88.1325025071791,-37.42642028614421,-92.98734016663988,-32.571582626683416,2,42,7,5,-102.48124492291876,-23.077677870404536
2003-11-22 06:30:00,21,-74.0,-76.30218527879649,15.412183045907264,-71.0,-101.65522638931394,-50.94914416827904,-106.51006404877472,-46.09430650881825,2,42,7,5,-116.0039688050536,-36.60040175253937
2003-11-22 07:30:00,21,-69.0,-70.8877131672426,15.412183045907264,-79.0,-96.24075427776005,-45.53467205672514,-101.09559193722085,-40.67983439726436,2,42,7,5,-110.58949669349971,-31.185929640985478
2003-11-22 08:30:00,21,-65.0,-73.07947075484986,15.412183045907264,-74.0,-98.43251186536732,-47.72642964433241,-103.2873495248281,-42.87159198487163,2,42,7,5,-112.78125428110698,-33.37768722859275
2003-11-22 09:30:00,21,-59.0,-78.57717236364394,15.412183045907264,-68.0,-103.9302134741614,-53.22413125312649,-108.78505113362218,-48.3692935936657,2,42,7,5,-118.27895588990106,-38.87538883738682
2003-11-22 10:30:00,21,-50.0,-86.25698652594755,15.412183045907264,-70.0,-111.610027636465,-60.9039454154301,-116.4648652959258,-56.04910775596932,2,42,7,5,-125.95877005220467,-46.55520299969044
2003-11-22 11:30:00,21,-44.0,-86.41572857391849,15.412183045907264,-74.0,-111.76876968443594,-61.06268746340103,-116.62360734389672,-56.20784980394025,2,42,7,5,-126.1175121001756,-46.71394504766137
2003-11-22 12:30:00,21,-42.0,-79.05980554950682,15.412183045907264,-69.0,-104.41284666002429,-53.70676443898937,-109.26768431948506,-48.85192677952858,2,42,7,5,-118.76158907576394,-39.3580220232497
2003-11-22 13:30:00,21,-40.0,-54.70744572273375,15.412183045907264,-65.0,-80.06048683325119,-29.354404612216296,-84.91532449271199,-24.499566952755508,2,42,7,5,-94.40922924899087,-15.005662196476635
2003-11-22 14:30:00,21,-43.0,-45.74067675874255,15.412183045907264,-59.0,-71.09371786926,-20.387635648225103,-75.94855552872079,-15.532797988764315,2,42,7,5,-85.44246028499967,-6.038893232485435
2003-11-22 15:30:00,21,-54.0,-42.14480144988517,15.412183045907264,-50.0,-67.49784256040262,-16.791760339367723,-72.3526802198634,-11.936922679906935,2,42,7,5,-81.84658497614228,-2.443017923628055
2003-11-22 16:30:00,21,-63.0,-41.54121753710889,15.412183045907264,-44.0,-66.89425864762634,-16.188176426591443,-71.74909630708713,-11.333338767130655,2,42,7,5,-81.24300106336601,-1.8394340108517753
2003-11-22 17:30:00,21,-64.0,-37.89592320615135,15.412183045907264,-42.0,-63.24896431666879,-12.542882095633896,-68.10380197612957,-7.688044436173108,2,42,7,5,-77.59770673240847,1.805860320105765
2003-11-22 18:30:00,21,-72.0,-36.64438695980629,15.412183045907264,-40.0,-61.997428070323735,-11.291345849288842,-66.85226572978453,-6.436508189828054,2,42,7,5,-76.34617048606341,3.0573965664508265
2003-11-22 19:30:00,21,-85.0,-39.28105650360322,15.412183045907264,-43.0,-64.63409761412066,-13.928015393085769,-69.48893527358146,-9.07317773362498,2,42,7,5,-78.98284002986034,0.4207270226538995
2003-11-22 20:30:00,21,-86.0,-44.022109553779785,15.412183045907264,-54.0,-69.37515066429724,-18.669068443262336,-74.22998832375802,-13.814230783801548,2,42,7,5,-83.7238930800369,-4.320326027522668
2003-11-22 21:30:00,21,-83.0,-54.10701994388856,15.412183045907264,-63.0,-79.46006105440601,-28.75397883337111,-84.3148987138668,-23.899141173910323,2,42,7,5,-93.80880347014568,-14.405236417631443
2003-11-22 22:30:00,21,-87.0,-61.67682970014271,15.412183045907264,-64.0,-87.02987081066016,-36.32378858962527,-91.88470847012096,-31.468950930164475,2,42,7,5,-101.37861322639984,-21.975046173885595
2003-11-22 23:30:00,21,-86.0,-65.9737349051226,15.412183045907264,-72.0,-91.32677601564004,-40.620693794605145,-96.18161367510083,-35.76585613514436,2,42,7,5,-105.67551843137971,-26.27195137886548
2003-11-23 00:30:00,21,-79.0,-67.35166257845881,15.412183045907264,-85.0,-92.70470368897628,-41.99862146794136,-97.55954134843704,-37.14378380848058,2,42,7,5,-107.05344610471593,-27.649879052201698
2003-11-23 01:30:00,21,-69.0,-73.72899957004626,15.412183045907264,-86.0,-99.08204068056372,-48.3759584595288,-103.93687834002448,-43.52112080006802,2,42,7,5,-113.43078309630337,-34.02721604378914
2003-11-23 02:30:00,21,-65.0,-71.50308794461189,15.412183045907264,-83.0,-96.85612905512934,-46.15004683409444,-101.71096671459011,-41.295209174633655,2,42,7,5,-111.20487147086901,-31.801304418354775
2003-11-23 03:30:00,21,-73.0,-74.16019717021098,15.412183045907264,-87.0,-99.51323828072844,-48.807156059693526,-104.3680759401892,-43.95231840023274,2,42,7,5,-113.8619806964681,-34.45841364395386
2003-11-23 04:30:00,21,-74.0,-70.98340514242226,15.412183045907264,-86.0,-96.33644625293972,-45.6303640319048,-101.1912839124005,-40.77552637244402,2,42,7,5,-110.68518866867937,-31.28162161616514
2003-11-23 05:30:00,21,-74.0,-67.48334475592685,15.412183045907264,-79.0,-92.8363858664443,-42.1303036454094,-97.69122352590507,-37.27546598594861,2,42,7,5,-107.18512828218397,-27.781561229669734
2003-11-23 06:30:00,21,-66.0,-63.845289371218485,15.412183045907264,-69.0,-89.19833048173594,-38.49224826070103,-94.05316814119672,-33.63741060124025,2,42,7,5,-103.5470728974756,-24.143505844961368
2003-11-23 07:30:00,21,-70.0,-63.38835789165746,15.412183045907264,-65.0,-88.74139900217492,-38.03531678114001,-93.5962366616357,-33.18047912167923,2,42,7,5,-103.09014141791458,-23.686574365400347
2003-11-23 08:30:00,21,-71.0,-61.99400125745287,15.412183045907264,-73.0,-87.34704236797032,-36.64096014693543,-92.20188002743112,-31.78612248747464,2,42,7,5,-101.69578478371,-22.292217731195755
2003-11-23 09:30:00,21,-66.0,-68.19835041446662,15.412183045907264,-74.0,-93.55139152498408,-42.845309303949165,-98.40622918444484,-37.99047164448838,2,42,7,5,-107.90013394072373,-28.4965668882095
2003-11-23 10:30:00,21,-59.0,-63.44822972233364,15.412183045907264,-74.0,-88.80127083285109,-38.09518861181618,-93.65610849231189,-33.2403509523554,2,42,7,5,-103.15001324859077,-23.746446196076526
2003-11-23 11:30:00,21,-51.0,-61.19331864841724,15.412183045907264,-66.0,-86.54635975893468,-35.840277537899794,-91.40119741839548,-30.985439878439003,2,42,7,5,-100.89510217467435,-21.491535122160123
2003-11-23 12:30:00,21,-46.0,-59.1528251624016,15.412183045907264,-70.0,-84.50586627291905,-33.799784051884146,-89.36070393237983,-28.94494639242336,2,42,7,5,-98.85460868865871,-19.45104163614448
2003-11-23 13:30:00,21,-49.0,-59.43213128563311,15.412183045907264,-71.0,-84.78517239615056,-34.07909017511565,-89.64001005561134,-29.224252515654868,2,42,7,5,-99.13391481189024,-19.730347759375995
2003-11-23 14:30:00,21,-41.0,-58.44753807646113,15.412183045907264,-66.0,-83.80057918697858,-33.09449696594368,-88.65541684643937,-28.23965930648289,2,42,7,5,-98.14932160271825,-18.745754550204012
2003-11-23 15:30:00,21,-38.0,-55.42621793140126,15.412183045907264,-59.0,-80.7792590419187,-30.073176820883813,-85.63409670137949,-25.218339161423025,2,42,7,5,-95.12800145765837,-15.724434405144144
2003-11-23 16:30:00,21,-35.0,-54.062193631019824,15.412183045907264,-51.0,-79.41523474153728,-28.70915252050237,-84.27007240099806,-23.854314861041587,2,42,7,5,-93.76397715727694,-14.360410104762707
2003-11-23 17:30:00,21,-33.0,-51.00396405240183,15.412183045907264,-46.0,-76.35700516291928,-25.65092294188437,-81.21184282238006,-20.79608528242359,2,42,7,5,-90.70574757865894,-11.30218052614471
2003-11-23 18:30:00,21,-35.0,-49.66429708259025,15.412183045907264,-49.0,-75.0173381931077,-24.311255972072804,-79.87217585256849,-19.456418312612016,2,42,7,5,-89.36608060884737,-9.962513556333136
2003-11-23 19:30:00,21,-38.0,-47.14058325173819,15.412183045907264,-41.0,-72.49362436225564,-21.787542141220744,-77.34846202171643,-16.932704481759956,2,42,7,5,-86.84236677799531,-7.438799725481076
2003-11-23 20:30:00,21,-46.0,-45.74898201326463,15.412183045907264,-38.0,-71.10202312378208,-20.39594090274718,-75.95686078324286,-15.541103243286392,2,42,7,5,-85.45076553952174,-6.047198487007513
2003-11-23 21:30:00,21,-47.0,-44.96903841071336,15.412183045907264,-35.0,-70.3220795212308,-19.61599730019591,-75.17691718069159,-14.761159640735125,2,42,7,5,-84.67082193697047,-5.267254884456243
2003-11-23 22:30:00,21,-41.0,-43.2416345206507,15.412183045907264,-33.0,-68.59467563116814,-17.88859341013325,-73.44951329062894,-13.033755750672462,2,42,7,5,-82.94341804690782,-3.539850994393582
2003-11-23 23:30:00,21,-36.0,-42.554416074356006,15.412183045907264,-35.0,-67.90745718487345,-17.201374963838557,-72.76229484433424,-12.346537304377769,2,42,7,5,-82.25619960061312,-2.8526325480988888
2003-11-24 00:30:00,21,-32.0,-43.093244165816095,15.412183045907264,-38.0,-68.44628527633354,-17.740203055298647,-73.30112293579433,-12.88536539583786,2,42,7,5,-82.7950276920732,-3.3914606395589786
2003-11-24 01:30:00,21,-33.0,-46.2294216835101,15.412183045907264,-46.0,-71.58246279402755,-20.876380572992648,-76.43730045348833,-16.02154291353186,2,42,7,5,-85.93120520976721,-6.52763815725298
2003-11-24 02:30:00,21,-30.0,-45.03069355005282,15.412183045907264,-47.0,-70.38373466057027,-19.67765243953537,-75.23857232003105,-14.82281478007458,2,42,7,5,-84.73247707630993,-5.3289100237957
2003-11-24 03:30:00,21,-29.0,-44.13736162134036,15.412183045907264,-41.0,-69.49040273185781,-18.784320510822912,-74.3452403913186,-13.929482851362124,2,42,7,5,-83.83914514759748,-4.435578095083244
2003-11-24 04:30:00,21,-29.0,-42.602764192026925,15.412183045907264,-36.0,-67.95580530254438,-17.249723081509476,-72.81064296200516,-12.394885422048688,2,42,7,5,-82.30454771828404,-2.900980665769808
2003-11-24 05:30:00,21,-30.0,-40.2483348427706,15.412183045907264,-32.0,-65.60137595328804,-14.895293732253148,-70.45621361274883,-10.04045607279236,2,42,7,5,-79.95011836902772,-0.5465513165134865
2003-11-24 06:30:00,21,-30.0,-38.59861576183298,15.412183045907264,-33.0,-63.951656872350426,-13.245574651315533,-68.80649453181121,-8.390736991854745,2,42,7,5,-78.30039928809009,1.1031677644241356
2003-11-24 07:30:00,21,-29.0,-35.7116689874132,15.412183045907264,-30.0,-61.06471009793064,-10.35862787689575,-65.91954775739143,-5.503790217434961,2,42,7,5,-75.41345251367031,3.990114538843919
2003-11-24 08:30:00,21,-27.0,-34.09452832445438,15.412183045907264,-29.0,-59.44756943497183,-8.741487213936932,-64.30240709443262,-3.886649554476144,2,42,7,5,-73.7963118507115,5.607255201802737
2003-11-24 09:30:00,21,-29.0,-32.19187701445311,15.412183045907264,-29.0,-57.544918124970565,-6.838835903935664,-62.39975578443135,-1.983998244474876,2,42,7,5,-71.89366054071023,7.5099065118040045
2003-11-24 10:30:00,21,-28.0,-31.62694806923826,15.412183045907264,-30.0,-56.979989179755705,-6.273906958720811,-61.8348268392165,-1.4190692992600231,2,42,7,5,-71.32873159549538,8.074835457018857
2003-11-24 11:30:00,21,-28.0,-30.616545718609785,15.412183045907264,-30.0,-55.96958682912723,-5.263504608092333,-60.82442448858802,-0.408666948631545,2,42,7,5,-70.3183292448669,9.085237807647331
2003-11-24 12:30:00,21,-26.0,-29.67554877596373,15.412183045907264,-29.0,-55.02858988648118,-4.322507665446281,-59.88342754594197,0.532329994014507,2,42,7,5,-69.37733230222085,10.026234750293387
2003-11-24 13:30:00,21,-27.0,-28.869310562941624,15.412183045907264,-27.0,-54.22235167345907,-3.516269452424176,-59.07718933291986,1.3385682070366125,2,42,7,5,-68.57109408919874,10.832472963315492
2003-11-24 14:30:00,21,-27.0,-28.33021072373742,15.412183045907264,-29.0,-53.68325183425487,-2.9771696132199708,-58.53808949371566,1.8776680462408173,2,42,7,5,-68.03199424999454,11.371572802519697
2003-11-24 15:30:00,21,-26.0,-29.59678846625309,15.412183045907264,-28.0,-54.94982957677054,-4.243747355735646,-59.80466723623133,0.6110903037251418,2,42,7,5,-69.2985719925102,10.104995060004025
2003-11-24 16:30:00,21,-23.0,-28.447482802013244,15.412183045907264,-28.0,-53.80052391253069,-3.0944416914957955,-58.65536157199148,1.7603959679649923,2,42,7,5,-68.14926632827036,11.254300724243873
2003-11-24 17:30:00,21,-27.0,-27.98849224440801,15.412183045907264,-26.0,-53.34153335492546,-2.635451133890566,-58.19637101438625,2.219386525570222,2,42,7,5,-67.69027577066512,11.713291281849106
2003-11-24 18:30:00,21,-28.0,-31.16786788658423,15.412183045907264,-27.0,-56.52090899710168,-5.814826776066781,-61.37574665656247,-0.9599891166059926,2,42,7,5,-70.86965141284135,8.533915639672887
2003-11-24 19:30:00,21,-26.0,-30.58925948740672,15.412183045907264,-27.0,-55.94230059792417,-5.236218376889269,-60.79713825738496,-0.3813807174284811,2,42,7,5,-70.29104301366384,9.112524038850395
2003-11-24 20:30:00,21,-31.0,-28.28800134738972,15.412183045907264,-26.0,-53.64104245790716,-2.9349602368722643,-58.495880117367946,1.919877422588524,2,42,7,5,-67.98978487364684,11.413782178867397
2003-11-24 21:30:00,21,-32.0,-29.18952707383279,15.412183045907264,-23.0,-54.54256818435024,-3.83648596331534,-59.39740584381103,1.018351696145448,2,42,7,5,-68.89131060008991,10.512256452424328
2003-11-24 22:30:00,21,-33.0,-28.28665869521636,15.412183045907264,-27.0,-53.6396998057338,-2.9336175846989043,-58.49453746519459,1.921220074761884,2,42,7,5,-67.98844222147348,11.415124831040757
2003-11-24 23:30:00,21,-28.0,-29.97507051837539,15.412183045907264,-28.0,-55.32811162889284,-4.622029407857941,-60.182949288353626,0.2328082516028473,2,42,7,5,-69.6768540446325,9.726713007881727
2003-11-25 00:30:00,21,-27.0,-29.671369146284142,15.412183045907264,-26.0,-55.02441025680159,-4.318328035766694,-59.87924791626238,0.5365096236940943,2,42,7,5,-69.37315267254127,10.030414379972974
2003-11-25 01:30:00,21,-27.0,-31.89890479483833,15.412183045907264,-31.0,-57.25194590535578,-6.5458636843208815,-62.10678356481657,-1.6910260248600937,2,42,7,5,-71.60068832109545,7.802878731418787
2003-11-25 02:30:00,21,-27.0,-29.11580415148031,15.412183045907264,-32.0,-54.46884526199776,-3.762763040962863,-59.32368292145855,1.092074618497925,2,42,7,5,-68.81758767773744,10.585979374776805
2003-11-25 03:30:00,21,-25.0,-28.7953681741235,15.412183045907264,-33.0,-54.14840928464095,-3.442327063606051,-59.00324694410173,1.4125105958547373,2,42,7,5,-68.49715170038061,10.906415352133617
2003-11-25 04:30:00,21,-28.0,-29.930024739041,15.412183045907264,-28.0,-55.28306584955845,-4.57698362852355,-60.13790350901924,0.2778540309372381,2,42,7,5,-69.63180826529812,9.771758787216118
2003-11-25 05:30:00,21,-35.0,-30.15707256458794,15.412183045907264,-27.0,-55.51011367510539,-4.80403145407049,-60.36495133456617,0.0508062053902982,2,42,7,5,-69.85885609084505,9.544710961669178
2003-11-25 06:30:00,21,-33.0,-31.4119490675594,15.412183045907264,-27.0,-56.76499017807685,-6.058907957041953,-61.61982783753764,-1.2040702975811648,2,42,7,5,-71.11373259381652,8.289834458697715
2003-11-25 07:30:00,21,-28.0,-28.82179377505028,15.412183045907264,-27.0,-54.17483488556772,-3.468752664532825,-59.02967254502851,1.3860849949279626,2,42,7,5,-68.5235773013074,10.879989751206836
2003-11-25 08:30:00,21,-26.0,-28.94140759498575,15.412183045907264,-25.0,-54.2944487055032,-3.5883664844683025,-59.149286364963984,1.2664711749924855,2,42,7,5,-68.64319112124286,10.760375931271366
2003-11-25 09:30:00,21,-31.0,-31.77741315777464,15.412183045907264,-28.0,-57.13045426829208,-6.42437204725719,-61.98529192775288,-1.569534387796402,2,42,7,5,-71.47919668403176,7.924370368482478
2003-11-25 10:30:00,21,-26.0,-29.272161368825824,15.412183045907264,-35.0,-54.62520247934327,-3.919120258308375,-59.48004013880406,0.935717401152413,2,42,7,5,-68.97394489508294,10.429622157431293
2003-11-25 11:30:00,21,-23.0,-29.04621374820485,15.412183045907264,-33.0,-54.3992548587223,-3.6931726376874,-59.254092518183086,1.1616650217733877,2,42,7,5,-68.74799727446197,10.655569778052268
2003-11-25 12:30:00,21,-22.0,-27.88930259424701,15.412183045907264,-28.0,-53.24234370476446,-2.536261483729561,-58.09718136422525,2.318576175731227,2,42,7,5,-67.59108612050413,11.812480932010107
2003-11-25 13:30:00,21,-21.0,-28.069436877423364,15.412183045907264,-26.0,-53.42247798794081,-2.716395766905915,-58.2773156474016,2.138441892554873,2,42,7,5,-67.77122040368047,11.632346648833753
2003-11-25 14:30:00,21,-20.0,-26.268372687638475,15.412183045907264,-31.0,-51.62141379815593,-0.9153315771210266,-56.47625145761671,3.9395060823397614,2,42,7,5,-65.97015621389559,13.433410838618641
2003-11-25 15:30:00,21,-23.0,-26.542741389912404,15.412183045907264,-26.0,-51.89578250042985,-1.1897002793949554,-56.75062015989064,3.6651373800658327,2,42,7,5,-66.24452491616952,13.159042136344713
2003-11-25 16:30:00,21,-24.0,-25.159570651221426,15.412183045907264,-23.0,-50.51261176173888,0.193470459296023,-55.36744942119967,5.048308118756811,2,42,7,5,-64.86135417747855,14.542212875035691
2003-11-25 17:30:00,21,-25.0,-24.336927032632225,15.412183045907264,-22.0,-49.68996814314967,1.0161140778852236,-54.54480580261046,5.870951737346012,2,42,7,5,-64.03871055888933,15.364856493624892
2003-11-25 18:30:00,21,-23.0,-24.017638945323498,15.412183045907264,-21.0,-49.37068005584095,1.3354021651939512,-54.22551771530173,6.190239824654739,2,42,7,5,-63.719422471580614,15.68414458093362
2003-11-25 19:30:00,21,-17.0,-25.065470095177503,15.412183045907264,-20.0,-50.41851120569496,0.287571015339946,-55.27334886515574,5.142408674800734,2,42,7,5,-64.76725362143462,14.636313431079614
2003-11-25 20:30:00,21,-14.0,-27.87170161350972,15.412183045907264,-23.0,-53.224742724027166,-2.5186605029922653,-58.07958038348795,2.3361771564685228,2,42,7,5,-67.57348513976683,11.830081912747396
2003-11-25 21:30:00,21,-12.0,-23.45025493446902,15.412183045907264,-24.0,-48.80329604498647,1.90278617604843,-53.65813370444725,6.757623835509218,2,42,7,5,-63.15203846072613,16.251528591788098
2003-11-25 22:30:00,21,-14.0,-23.57421671831036,15.412183045907264,-25.0,-48.927257828827805,1.7788243922070954,-53.78209548828859,6.633662051667884,2,42,7,5,-63.27600024456748,16.127566807946756
2003-11-25 23:30:00,21,-19.0,-23.21823636583097,15.412183045907264,-23.0,-48.57127747634843,2.1348047446864733,-53.42611513580921,6.989642404147261,2,42,7,5,-62.920019892088085,16.48354716042615
2003-11-26 00:30:00,21,-19.0,-21.59066731137676,15.412183045907264,-17.0,-46.943708421894215,3.7623737991406863,-51.798546081355,8.617211458601474,2,42,7,5,-61.29245083763388,18.111116214880358
2003-11-26 01:30:00,21,-21.0,-19.781968331377165,15.412183045907264,-14.0,-45.13500944189461,5.571072779140284,-49.9898471013554,10.425910438601072,2,42,7,5,-59.48375185763428,19.919815194879952
2003-11-26 02:30:00,21,-23.0,-19.5095196734179,15.412183045907264,-12.0,-44.86256078393535,5.84352143709955,-49.717398443396135,10.698359096560338,2,42,7,5,-59.211303199675015,20.19226385283922
2003-11-26 03:30:00,21,-23.0,-22.89285377520389,15.412183045907264,-14.0,-48.24589488572134,2.4601873353135595,-53.100732545182126,7.3150249947743475,2,42,7,5,-62.594637301461006,16.808929751053228
2003-11-26 04:30:00,21,-22.0,-20.4140708197775,15.412183045907264,-19.0,-45.76711193029495,4.938970290739949,-50.62194958975574,9.793807950200735,2,42,7,5,-60.11585434603462,19.287712706479617
2003-11-26 05:30:00,21,-21.0,-19.57811960500022,15.412183045907264,-19.0,-44.93116071551767,5.774921505517227,-49.78599837497846,10.629759164978015,2,42,7,5,-59.27990313125734,20.123663921256895
2003-11-26 06:30:00,21,-23.0,-20.7493948965868,15.412183045907264,-21.0,-46.102436007104245,4.603646213930656,-50.95727366656503,9.458483873391444,2,42,7,5,-60.45117842284392,18.952388629670317
2003-11-26 07:30:00,21,-24.0,-19.89669643711399,15.412183045907264,-23.0,-45.24973754763144,5.456344673403457,-50.10457520709223,10.311182332864243,2,42,7,5,-59.598479963371105,19.805087089143125
2003-11-26 08:30:00,21,-20.0,-19.197369416918683,15.412183045907264,-23.0,-44.55041052743613,6.155671693598766,-49.40524818689692,11.010509353059554,2,42,7,5,-58.8991529431758,20.504414109338434
2003-11-26 09:30:00,21,-19.0,-19.071965589022945,15.412183045907264,-22.0,-44.42500669954039,6.281075521494504,-49.27984435900118,11.135913180955292,2,42,7,5,-58.77374911528006,20.629817937234172
2003-11-26 10:30:00,21,-17.0,-18.05717103648375,15.412183045907264,-21.0,-43.4102121470012,7.295870074033697,-48.26504980646199,12.150707733494484,2,42,7,5,-57.75895456274087,21.644612489773365
2003-11-26 11:30:00,21,-12.0,-17.584201269343993,15.412183045907264,-23.0,-42.937242379861445,7.768839841173456,-47.79208003932223,12.623677500634244,2,42,7,5,-57.28598479560111,22.117582256913124
2003-11-26 12:30:00,21,-12.0,-18.165504739700467,15.412183045907264,-24.0,-43.51854585021792,7.187536370816982,-48.3733835096787,12.04237403027777,2,42,7,5,-57.86728826595758,21.53627878655665
2003-11-26 13:30:00,21,-20.0,-17.148026031853643,15.412183045907264,-20.0,-42.50106714237109,8.205015078663806,-47.35590480183188,13.059852738124594,2,42,7,5,-56.84980955811076,22.553757494403474
2003-11-26 14:30:00,21,-20.0,-17.389062259247808,15.412183045907264,-19.0,-42.74210336976526,7.963978851269641,-47.596941029226045,12.818816510730429,2,42,7,5,-57.090845785504925,22.31272126700931
2003-11-26 15:30:00,21,-16.0,-15.89033610667724,15.412183045907264,-17.0,-41.24337721719469,9.46270500384021,-46.09821487665548,14.317542663300998,2,42,7,5,-55.592119632934356,23.811447419579878
2003-11-26 16:30:00,21,-22.0,-15.247915247274108,15.412183045907264,-12.0,-40.60095635779156,10.10512586324334,-45.45579401725234,14.959963522704127,2,42,7,5,-54.949698773531225,24.45386827898301
2003-11-26 17:30:00,21,-22.0,-19.13397807951851,15.412183045907264,-12.0,-44.48701919003596,6.219063030998939,-49.34185684949675,11.073900690459729,2,42,7,5,-58.83576160577563,20.567805446738607
2003-11-26 18:30:00,21,-19.0,-17.982627125703495,15.412183045907264,-20.0,-43.33566823622094,7.370413984813954,-48.19050589568173,12.225251644274742,2,42,7,5,-57.68441065196061,21.719156400553622
2003-11-26 19:30:00,21,-17.0,-16.964641691619228,15.412183045907264,-20.0,-42.31768280213667,8.38839941889822,-47.172520461597465,13.243237078359009,2,42,7,5,-56.666425217876345,22.73714183463789
2003-11-26 20:30:00,21,-13.0,-18.38714059114683,15.412183045907264,-16.0,-43.74018170166429,6.965900519370617,-48.59501936112507,11.820738178831403,2,42,7,5,-58.08892411740395,21.314642935110285
2003-11-26 21:30:00,21,-12.0,-17.450715100509093,15.412183045907264,-22.0,-42.80375621102654,7.902326010008355,-47.65859387048733,12.757163669469143,2,42,7,5,-57.15249862676621,22.251068425748024
2003-11-26 22:30:00,21,-15.0,-18.267702574191688,15.412183045907264,-22.0,-43.62074368470914,7.085338536325761,-48.475581344169925,11.940176195786549,2,42,7,5,-57.969486100448805,21.43408095206543
2003-11-26 23:30:00,21,-15.0,-18.95269188465727,15.412183045907264,-19.0,-44.30573299517472,6.400349225860179,-49.16057065463551,11.255186885320969,2,42,7,5,-58.65447541091439,20.749091641599847
2003-11-27 00:30:00,21,-14.0,-17.808423607775577,15.412183045907264,-17.0,-43.16146471829303,7.544617502741872,-48.01630237775382,12.39945516220266,2,42,7,5,-57.5102071340327,21.89335991848154
2003-11-27 01:30:00,21,-13.0,-16.801073679482172,15.412183045907264,-13.0,-42.154114789999625,8.551967431035276,-47.00895244946041,13.406805090496064,2,42,7,5,-56.50285720573929,22.900709846774944
2003-11-27 02:30:00,21,-16.0,-16.43606992305123,15.412183045907264,-12.0,-41.78911103356868,8.916971187466217,-46.64394869302947,13.771808846927003,2,42,7,5,-56.13785344930835,23.265713603205885
2003-11-27 03:30:00,21,-17.0,-18.475387942080697,15.412183045907264,-15.0,-43.82842905259815,6.877653168436751,-48.68326671205894,11.73249082789754,2,42,7,5,-58.17717146833782,21.22639558417642
2003-11-27 04:30:00,21,-14.0,-16.572416050174102,15.412183045907264,-15.0,-41.92545716069155,8.780625060343347,-46.780294820152335,13.635462719804137,2,42,7,5,-56.274199576431215,23.129367476083015
2003-11-27 05:30:00,21,-14.0,-15.10527353499262,15.412183045907264,-14.0,-40.45831464551007,10.24776757552483,-45.313152304970856,15.102605234985615,2,42,7,5,-54.807057061249736,24.596509991264497
2003-11-27 06:30:00,21,-13.0,-14.262641806962527,15.412183045907264,-13.0,-39.61568291747997,11.09039930355492,-44.47052057694077,15.94523696301571,2,42,7,5,-53.964425333219644,25.43914171929459
2003-11-27 07:30:00,21,-12.0,-14.599034490122891,15.412183045907264,-16.0,-39.95207560064034,10.754006620394556,-44.806913260101126,15.608844279855344,2,42,7,5,-54.300818016380006,25.102749036134227
2003-11-27 08:30:00,21,-10.0,-14.661195206660704,15.412183045907264,-17.0,-40.01423631717815,10.691845903856745,-44.869073976638944,15.546683563317533,2,42,7,5,-54.362978732917824,25.040588319596413
2003-11-27 09:30:00,21,-9.0,-14.38342419964966,15.412183045907264,-14.0,-39.73646531016711,10.969616910867789,-44.5913029696279,15.824454570328577,2,42,7,5,-54.08520772590678,25.318359326607457
2003-11-27 10:30:00,21,-5.0,-14.722461970788697,15.412183045907264,-14.0,-40.07550308130615,10.630579139728752,-44.93034074076694,15.48541679918954,2,42,7,5,-54.42424549704582,24.97932155546842
2003-11-27 11:30:00,21,-4.0,-14.250877944788066,15.412183045907264,-13.0,-39.60391905530551,11.102163165729385,-44.4587567147663,15.957000825190171,2,42,7,5,-53.95266147104518,25.45090558146905
2003-11-27 12:30:00,21,-5.0,-13.408154293630997,15.412183045907264,-12.0,-38.761195404148445,11.944886816886452,-43.61603306360924,16.79972447634724,2,42,7,5,-53.10993781988812,26.29362923262612
2003-11-27 13:30:00,21,-11.0,-12.354147633202988,15.412183045907264,-10.0,-37.70718874372044,12.99889347731446,-42.56202640318122,17.85373113677525,2,42,7,5,-52.0559311594601,27.34763589305413
2003-11-27 14:30:00,21,-12.0,-11.989801127129908,15.412183045907264,-9.0,-37.34284223764736,13.36323998338754,-42.19767989710815,18.21807764284833,2,42,7,5,-51.691584653387025,27.71198239912721
2003-11-27 15:30:00,21,-10.0,-11.116446391987022,15.412183045907264,-5.0,-36.46948750250447,14.236594718530426,-41.32432516196526,19.09143237799121,2,42,7,5,-50.81822991824414,28.585337134270095
2003-11-27 16:30:00,21,-10.0,-9.996409051375604,15.412183045907264,-4.0,-35.34945016189305,15.356632059141845,-40.20428782135384,20.21146971860264,2,42,7,5,-49.698192577632724,29.705374474881513
2003-11-27 17:30:00,21,-9.0,-10.320968930016278,15.412183045907264,-5.0,-35.67401004053373,15.03207218050117,-40.52884769999452,19.88690983996196,2,42,7,5,-50.022752456273395,29.38081459624084
2003-11-27 18:30:00,21,-7.0,-11.26310974107361,15.412183045907264,-11.0,-36.61615085159106,14.08993136944384,-41.47098851105184,18.944769028904627,2,42,7,5,-50.96489326733072,28.438673785183507
2003-11-27 19:30:00,21,-7.0,-10.266970987153734,15.412183045907264,-12.0,-35.62001209767118,15.086070123363715,-40.47484975713197,19.940907782824503,2,42,7,5,-49.96875451341085,29.434812539103383
2003-11-27 20:30:00,21,-10.0,-10.739855725401044,15.412183045907264,-10.0,-36.092896835918495,14.613185385116406,-40.94773449537928,19.4680230445772,2,42,7,5,-50.44163925165816,28.961927800856074
2003-11-27 21:30:00,21,-7.0,-9.284643683061663,15.412183045907264,-10.0,-34.63768479357911,16.068397427455785,-39.492522453039896,20.923235086916574,2,42,7,5,-48.98642720931878,30.417139843195454
2003-11-27 22:30:00,21,-4.0,-8.946286143062235,15.412183045907264,-9.0,-34.29932725357968,16.406754967455214,-39.15416491304048,21.261592626916,2,42,7,5,-48.648069669319355,30.755497383194882
2003-11-27 23:30:00,21,-1.0,-8.340540313243444,15.412183045907264,-7.0,-33.69358142376089,17.012500797274004,-38.54841908322168,21.867338456734792,2,42,7,5,-48.04232383950056,31.361243213013672
2003-11-28 00:30:00,21,-1.0,-10.846934677934566,15.412183045907264,-7.0,-36.199975788452015,14.506106432582882,-41.05481344791281,19.36094409204367,2,42,7,5,-50.54871820419169,28.85484884832255
2003-11-28 01:30:00,21,-6.0,-9.431500070714891,15.412183045907264,-10.0,-34.78454118123234,15.921541039802555,-39.63937884069313,20.776378699263343,2,42,7,5,-49.13328359697201,30.270283455542227
2003-11-28 02:30:00,21,-7.0,-8.489138644152828,15.412183045907264,-7.0,-33.84217975467028,16.86390246636462,-38.69701741413107,21.71874012582541,2,42,7,5,-48.19092217040995,31.21264488210429
2003-11-28 03:30:00,21,-10.0,-7.7698562621306095,15.412183045907264,-4.0,-33.122897372648055,17.58318484838684,-37.977735032108846,22.438022507847627,2,42,7,5,-47.471639788387726,31.931927264126507
2003-11-28 04:30:00,21,-9.0,-6.298470345600201,15.412183045907264,-1.0,-31.65151145611765,19.054570764917248,-36.50634911557844,23.90940842437804,2,42,7,5,-46.00025387185732,33.403313180656916
2003-11-28 05:30:00,21,-7.0,-4.90344497064687,15.412183045907264,-1.0,-30.25648608116432,20.44959613987058,-35.11132374062511,25.304433799331367,2,42,7,5,-44.60522849690399,34.79833855561024
2003-11-28 06:30:00,21,-7.0,-11.833800686420965,15.412183045907264,-6.0,-37.18684179693841,13.519240424096484,-42.0416794563992,18.374078083557272,2,42,7,5,-51.53558421267808,27.867982839836152
2003-11-28 07:30:00,21,-9.0,-7.317176227192125,15.412183045907264,-7.0,-32.67021733770957,18.035864883325324,-37.52505499717036,22.890702542786112,2,42,7,5,-47.01895975344924,32.384607299064996
2003-11-28 08:30:00,21,-9.0,-8.282265646898448,15.412183045907264,-10.0,-33.6353067574159,17.070775463619,-38.49014441687669,21.92561312307979,2,42,7,5,-47.98404917315557,31.41951787935867
2003-11-28 09:30:00,21,-7.0,-7.1101998164199,15.412183045907264,-9.0,-32.463240926937345,18.24284129409755,-37.31807858639814,23.097678953558336,2,42,7,5,-46.81198334267702,32.59158370983722
2003-11-28 10:30:00,21,-3.0,-6.492749874459179,15.412183045907264,-7.0,-31.845790984976627,18.86029123605827,-36.700628644437415,23.71512889551905,2,42,7,5,-46.194533400716296,33.20903365179794
2003-11-28 11:30:00,21,-3.0,-6.45125117878689,15.412183045907264,-7.0,-31.80429228930434,18.90178993173056,-36.65912994876513,23.756627591191343,2,42,7,5,-46.15303470504401,33.25053234747023
2003-11-28 12:30:00,21,-7.0,-7.810233495653819,15.412183045907264,-9.0,-33.16327460617127,17.54280761486363,-38.018112265632055,22.39764527432441,2,42,7,5,-47.512017021910935,31.891550030603298
2003-11-28 13:30:00,21,-10.0,-7.88743053768636,15.412183045907264,-9.0,-33.24047164820381,17.46561057283109,-38.09530930766459,22.32044823229188,2,42,7,5,-47.58921406394347,31.814352988570757
2003-11-28 14:30:00,21,-11.0,-8.10168955819308,15.412183045907264,-7.0,-33.454730668710525,17.25135155232437,-38.30956832817132,22.10618921178516,2,42,7,5,-47.8034730844502,31.600093968064037
2003-11-28 15:30:00,21,-8.0,-7.638806056160512,15.412183045907264,-3.0,-32.99184716667796,17.714235054356937,-37.84668482613875,22.569072713817725,2,42,7,5,-47.34058958241763,32.062977470096605
2003-11-28 16:30:00,21,-6.0,-9.770418341788863,15.412183045907264,-3.0,-35.123459452306314,15.582622768728584,-39.97829711176711,20.43746042818937,2,42,7,5,-49.47220186804598,29.931365184468255
2003-11-28 17:30:00,21,-8.0,-19.515983018283244,15.412183045907264,-7.0,-44.86902412880069,5.837058092234205,-49.72386178826148,10.691895751694991,2,42,7,5,-59.21776654454036,20.185800507973873
2003-11-28 18:30:00,21,-10.0,-14.852321772264483,15.412183045907264,-10.0,-40.205362882781934,10.500719338252964,-45.060200542242725,15.355556997713752,2,42,7,5,-54.5541052985216,24.849461753992635
2003-11-28 19:30:00,21,-6.0,-9.665655852055078,15.412183045907264,-11.0,-35.01869696257253,15.68738525846237,-39.87353462203332,20.54222291792316,2,42,7,5,-49.3674393783122,30.03612767420204
2003-11-28 20:30:00,21,-4.0,-8.323913717652072,15.412183045907264,-8.0,-33.67695482816952,17.029127392865377,-38.53179248763031,21.883965052326165,2,42,7,5,-48.02569724390919,31.377869808605045
2003-11-28 21:30:00,21,-4.0,-6.882237355759571,15.412183045907264,-6.0,-32.23527846627702,18.47080375475788,-37.09011612573781,23.325641414218666,2,42,7,5,-46.58402088201669,32.819546170497546
2003-11-28 22:30:00,21,-2.0,-6.524449564796072,15.412183045907264,-8.0,-31.87749067531352,18.828591545721377,-36.73232833477431,23.683429205182165,2,42,7,5,-46.22623309105319,33.177333961461045
2003-11-28 23:30:00,21,-2.0,-6.039950339455633,15.412183045907264,-10.0,-31.39299144997308,19.313090771061816,-36.247829109433866,24.167928430522604,2,42,7,5,-45.741733865712746,33.66183318680149
2003-11-29 00:30:00,21,-1.0,-4.904849096411397,15.412183045907264,-6.0,-30.257890206928845,20.44819201410605,-35.11272786638963,25.30302967356684,2,42,7,5,-44.60663262266851,34.79693442984572
2003-11-29 01:30:00,21,-6.0,-3.837086140031765,15.412183045907264,-4.0,-29.190127250549214,21.515954970485684,-34.04496491001,26.37079262994647,2,42,7,5,-43.53886966628888,35.86469738622535
2003-11-29 02:30:00,21,-13.0,-4.105593593922031,15.412183045907264,-4.0,-29.45863470443948,21.24744751659541,-34.31347236390027,26.102285176056206,2,42,7,5,-43.80737712017915,35.596189932335086
2003-11-29 03:30:00,21,-11.0,-4.883858450366944,15.412183045907264,-2.0,-30.236899560884392,20.469182660150505,-35.09173722034518,25.324020319611293,2,42,7,5,-44.58564197662406,34.81792507589017
2003-11-29 04:30:00,21,-9.0,-4.965212715816868,15.412183045907264,-2.0,-30.31825382633432,20.38782839470058,-35.173091485795105,25.24266605416137,2,42,7,5,-44.666996242073985,34.73657081044025
2003-11-29 05:30:00,21,-7.0,-6.095016888669246,15.412183045907264,-1.0,-31.44805799918669,19.258024221848203,-36.302895658647486,24.11286188130899,2,42,7,5,-45.796800414926366,33.60676663758787
2003-11-29 06:30:00,21,-7.0,-16.534492015102003,15.412183045907264,-6.0,-41.887533125619456,8.818549095415445,-46.74237078508024,13.673386754876232,2,42,7,5,-56.23627554135912,23.167291511155113
2003-11-29 07:30:00,21,-9.0,-10.606677499041504,15.412183045907264,-13.0,-35.95971860955895,14.746363611475946,-40.81455626901974,19.60120127093673,2,42,7,5,-50.30846102529862,29.095106027215614
2003-11-29 08:30:00,21,-12.0,-8.989267099156976,15.412183045907264,-11.0,-34.34230820967443,16.363774011360473,-39.19714586913521,21.21861167082126,2,42,7,5,-48.69105062541409,30.71251642710014
2003-11-29 09:30:00,21,-11.0,-7.396839107105734,15.412183045907264,-9.0,-32.749880217623186,17.956202003411715,-37.60471787708397,22.811039662872503,2,42,7,5,-47.09862263336285,32.30494441915138
2003-11-29 10:30:00,21,-11.0,-6.529976442805367,15.412183045907264,-7.0,-31.883017553322816,18.82306466771208,-36.7378552127836,23.67790232717287,2,42,7,5,-46.23175996906248,33.17180708345175
2003-11-29 11:30:00,21,-9.0,-5.121436070108725,15.412183045907264,-7.0,-30.47447718062617,20.231605040408724,-35.329314840086965,25.08644269986951,2,42,7,5,-44.823219596365846,34.58034745614839
2003-11-29 12:30:00,21,-7.0,-7.565924804939389,15.412183045907264,-9.0,-32.91896591545684,17.78711630557806,-37.77380357491762,22.641953965038848,2,42,7,5,-47.2677083311965,32.13585872131773
2003-11-29 13:30:00,21,-8.0,-9.616192017430514,15.412183045907264,-12.0,-34.96923312794796,15.736849093086937,-39.82407078740875,20.591686752547723,2,42,7,5,-49.31797554368763,30.085591508826603
2003-11-29 14:30:00,21,-7.0,-8.897550799218937,15.412183045907264,-11.0,-34.250591909736386,16.45549031129851,-39.10542956919717,21.3103279707593,2,42,7,5,-48.59933432547605,30.80423272703818
2003-11-29 15:30:00,21,-4.0,-8.539234450275337,15.412183045907264,-11.0,-33.89227556079278,16.81380666024211,-38.74711322025357,21.6686443197029,2,42,7,5,-48.241017976532454,31.16254907598178
2003-11-29 16:30:00,21,-5.0,-9.482761002471795,15.412183045907264,-9.0,-34.83580211298924,15.870280108045652,-39.690639772450034,20.72511776750644,2,42,7,5,-49.184544528728914,30.21902252378532
2003-11-29 17:30:00,21,-4.0,-9.550462385487949,15.412183045907264,-7.0,-34.9035034960054,15.802578725029502,-39.75834115546618,20.65741638449029,2,42,7,5,-49.252245911745064,30.15132114076917
2003-11-29 18:30:00,21,-5.0,-7.74420051739224,15.412183045907264,-8.0,-33.09724162790969,17.60884059312521,-37.95207928737048,22.463678252586,2,42,7,5,-47.44598404364936,31.957583008864876
2003-11-29 19:30:00,21,-3.0,-6.303657108039694,15.412183045907264,-7.0,-31.656698218557143,19.049384002477755,-36.51153587801793,23.904221661938543,2,42,7,5,-46.00544063429681,33.39812641821742
2003-11-29 20:30:00,21,0.0,-4.750517060457025,15.412183045907264,-4.0,-30.10355817097448,20.602524050060424,-34.958395830435265,25.45736170952121,2,42,7,5,-44.452300586714145,34.95126646580009
2003-11-29 21:30:00,21,1.0,-3.619120319429829,15.412183045907264,-5.0,-28.97216142994728,21.73392079108762,-33.82699908940806,26.588758450548408,2,42,7,5,-43.32090384568694,36.08266320682729
2003-11-29 22:30:00,21,-1.0,-5.571381392019738,15.412183045907264,-4.0,-30.924422502537187,19.78165971849771,-35.779260161997975,24.6364973779585,2,42,7,5,-45.273164918276855,34.13040213423738
2003-11-29 23:30:00,21,2.0,-5.867720870679477,15.412183045907264,-5.0,-31.22076198119693,19.48532023983797,-36.075599640657714,24.34015789929876,2,42,7,5,-45.569504396936594,33.83406265557764
2003-11-30 00:30:00,21,1.0,-3.8012039474175694,15.412183045907264,-3.0,-29.15424505793501,21.55183716309988,-34.009082717395806,26.406674822560667,2,42,7,5,-43.502987473674686,35.90057957883955
2003-11-30 01:30:00,21,0.0,-3.6906342141372193,15.412183045907264,0.0,-29.043675324654668,21.66240689638023,-33.898512984115456,26.517244555841017,2,42,7,5,-43.392417740394336,36.0111493121199
2003-11-30 02:30:00,21,-4.0,-4.409201893847218,15.412183045907264,1.0,-29.762243004364667,20.94383921667023,-34.617080663825455,25.79867687613102,2,42,7,5,-44.110985420104335,35.2925816324099
2003-11-30 03:30:00,21,1.0,-4.099967898551238,15.412183045907264,-1.0,-29.453009009068687,21.25307321196621,-34.30784666852948,26.107910871427,2,42,7,5,-43.80175142480836,35.601815627705875
2003-11-30 04:30:00,21,12.0,-3.2997954628703106,15.412183045907264,2.0,-28.65283657338776,22.05324564764713,-33.507674232848544,26.90808330710793,2,42,7,5,-43.001578989127424,36.40198806338681
2003-11-30 05:30:00,21,16.0,-4.328502580676979,15.412183045907264,1.0,-29.681543691194427,21.02453852984047,-34.53638135065522,25.87937618930125,2,42,7,5,-44.0302861069341,35.373280945580134
2003-11-30 06:30:00,21,19.0,-4.633333458190915,15.412183045907264,0.0,-29.986374568708364,20.719707652326534,-34.841212228169155,25.57454531178732,2,42,7,5,-44.335116984448035,35.0684500680662
2003-11-30 07:30:00,21,22.0,-5.2047505962413645,15.412183045907264,-4.0,-30.557791706758813,20.148290514276084,-35.412629366219605,25.003128173736872,2,42,7,5,-44.906534122498485,34.49703293001575
2003-11-30 08:30:00,21,23.0,-4.450686801050459,15.412183045907264,1.0,-29.803727911567908,20.90235430946699,-34.658565571028696,25.757191968927778,2,42,7,5,-44.152470327307576,35.25109672520666
2003-11-30 09:30:00,21,19.0,-5.589839555916065,15.412183045907264,12.0,-30.94288066643352,19.763201554601384,-35.7977183258943,24.61803921406217,2,42,7,5,-45.29162308217318,34.11194397034105
2003-11-30 10:30:00,21,15.0,-2.4371612624107364,15.412183045907264,16.0,-27.790202372928185,22.915879848106712,-32.64504003238898,27.7707175075675,2,42,7,5,-42.13894478866786,37.26462226384638
2003-11-30 11:30:00,21,16.0,-4.793973718733856,15.412183045907264,19.0,-30.147014829251304,20.5590673917836,-35.00185248871209,25.41390505124438,2,42,7,5,-44.49575724499097,34.907809807523265
2003-11-30 12:30:00,21,14.0,-2.281064302418472,15.412183045907264,22.0,-27.63410541293592,23.071976808098977,-32.48894307239671,27.926814467559765,2,42,7,5,-41.98284782867559,37.420719223838645
2003-11-30 13:30:00,21,7.0,-2.3084482019439427,15.412183045907264,23.0,-27.66148931246139,23.044592908573502,-32.51632697192218,27.89943056803429,2,42,7,5,-42.01023172820106,37.39333532431317
2003-11-30 14:30:00,21,-3.0,-4.564834642048265,15.412183045907264,19.0,-29.91787575256572,20.788206468469184,-34.772713412026505,25.64304412792997,2,42,7,5,-44.266618168305385,35.13694888420885
2003-11-30 15:30:00,21,-3.0,-7.001953440173811,15.412183045907264,15.0,-32.35499455069126,18.35108767034364,-37.20983221015205,23.205925329804423,2,42,7,5,-46.703736966430924,32.69983008608331
2003-11-30 16:30:00,21,-9.0,-12.165799444111986,15.412183045907264,16.0,-37.51884055462944,13.187241666405464,-42.37367821409022,18.04207932586625,2,42,7,5,-51.8675829703691,27.53598408214513
2003-11-30 17:30:00,21,-23.0,-16.782329404853137,15.412183045907264,14.0,-42.13537051537058,8.570711705664312,-46.99020817483137,13.4255493651251,2,42,7,5,-56.48411293111025,22.91945412140398
2003-11-30 18:30:00,21,-30.0,-23.00478052364619,15.412183045907264,7.0,-48.35782163416364,2.348260586871259,-53.21265929362443,7.203098246332047,2,42,7,5,-62.70656404990331,16.697003002610927
2003-11-30 19:30:00,21,-34.0,-30.29134295259984,15.412183045907264,-3.0,-55.644384063117286,-4.938301842082389,-60.49922172257807,-0.0834641826216007,2,42,7,5,-69.99312647885696,9.410440573657276
2003-11-30 20:30:00,21,-39.0,-30.20490131659146,15.412183045907264,-3.0,-55.55794242710891,-4.851860206074012,-60.4127800865697,0.0029774533867765,2,42,7,5,-69.90668484284858,9.496882209665657
2004-12-30 20:30:00,25,-22.0,-36.47468896776906,15.412183045907264,-9.0,-61.82773007828651,-11.121647857251611,-66.68256773774729,-6.266810197790825,2,42,7,5,-76.17647249402617,3.227094558488055
2004-12-30 21:30:00,25,-23.0,-26.30882805581961,15.412183045907264,-23.0,-51.66186916633706,-0.9557869453021652,-56.516706825797854,3.899050714158623,2,42,7,5,-66.01061158207673,13.392955470437506
2004-12-30 22:30:00,25,-24.0,-23.85444551992886,15.412183045907264,-30.0,-49.20748663044631,1.4985955905885897,-54.062324289907096,6.3534332500493775,2,42,7,5,-63.556229046185976,15.847338006328258
2004-12-30 23:30:00,25,-23.0,-22.647809699473665,15.412183045907264,-34.0,-48.00085080999112,2.7052314110437834,-52.85568846945191,7.560069070504571,2,42,7,5,-62.349593225730786,17.05397382678345
2004-12-31 00:30:00,25,-21.0,-21.067862569987284,15.412183045907264,-39.0,-46.420903680504736,4.285178540530165,-51.27574133996552,9.140016199990953,2,42,7,5,-60.7696460962444,18.633920956269833
2004-12-31 01:30:00,25,-23.0,-19.217162764234303,15.412183045907264,-22.0,-44.57020387475176,6.135878346283146,-49.42504153421254,10.990716005743934,2,42,7,5,-58.91894629049142,20.484620762022814
2004-12-31 02:30:00,25,-23.0,-17.353914302610317,15.412183045907264,-23.0,-42.706955413127766,7.999126807907132,-47.56179307258856,12.85396446736792,2,42,7,5,-57.05569782886744,22.3478692236468
2004-12-31 03:30:00,25,-22.0,-16.13190778628603,15.412183045907264,-24.0,-41.48494889680347,9.22113332423142,-46.339786556264265,14.075970983692208,2,42,7,5,-55.833691312543145,23.56987573997109
2004-12-31 04:30:00,25,-22.0,-17.904555664925617,15.412183045907264,-23.0,-43.25759677544306,7.448485445591832,-48.112434434903854,12.30332310505262,2,42,7,5,-57.606339191182734,21.7972278613315
2004-12-31 05:30:00,25,-22.0,-16.48893491337382,15.412183045907264,-21.0,-41.84197602389127,8.864106197143627,-46.69681368335206,13.718943856604415,2,42,7,5,-56.19071843963094,23.212848612883295
2004-12-31 06:30:00,25,-22.0,-17.455544511792475,15.412183045907264,-23.0,-42.80858562230992,7.897496598724974,-47.66342328177071,12.752334258185762,2,42,7,5,-57.15732803804959,22.246239014464642
2004-12-31 07:30:00,25,-18.0,-19.825096364475066,15.412183045907264,-23.0,-45.17813747499251,5.527944746042383,-50.0329751344533,10.382782405503171,2,42,7,5,-59.52687989073218,19.87668716178205
2004-12-31 08:30:00,25,-15.0,-19.39385969698138,15.412183045907264,-22.0,-44.74690080749883,5.959181413536069,-49.60173846695962,10.814019072996857,2,42,7,5,-59.0956432232385,20.307923829275737
2004-12-31 09:30:00,25,-13.0,-19.23268168614564,15.412183045907264,-22.0,-44.58572279666309,6.120359424371809,-49.44056045612388,10.975197083832596,2,42,7,5,-58.934465212402756,20.469101840111477
2004-12-31 10:30:00,25,-11.0,-18.68534381120596,15.412183045907264,-22.0,-44.038384921723406,6.667697299311488,-48.8932225811842,11.522534958772276,2,42,7,5,-58.38712733746308,21.016439715051156
2004-12-31 11:30:00,25,-11.0,-18.87373566378227,15.412183045907264,-22.0,-44.22677677429972,6.479305446735179,-49.08161443376051,11.334143106195969,2,42,7,5,-58.57551919003939,20.828047862474847
2004-12-31 12:30:00,25,-12.0,-17.006228863301228,15.412183045907264,-18.0,-42.35926997381868,8.34681224721622,-47.21410763327947,13.201649906677009,2,42,7,5,-56.70801238955835,22.69555466295589
2004-12-31 13:30:00,25,-9.0,-15.62222851838931,15.412183045907264,-15.0,-40.97526962890676,9.73081259212814,-45.83010728836754,14.585650251588929,2,42,7,5,-55.32401204464642,24.079555007867807
2004-12-31 14:30:00,25,-10.0,-14.305802013154867,15.412183045907264,-13.0,-39.65884312367231,11.04723909736258,-44.513680783133104,15.90207675682337,2,42,7,5,-54.007585539411984,25.39598151310225
2004-12-31 15:30:00,25,-12.0,-13.490710453966106,15.412183045907264,-11.0,-38.843751564483554,11.862330656551345,-43.69858922394434,16.71716831601213,2,42,7,5,-53.19249398022322,26.21107307229101
2004-12-31 16:30:00,25,-16.0,-12.913274649177048,15.412183045907264,-11.0,-38.26631575969449,12.4397664613404,-43.12115341915528,17.29460412080119,2,42,7,5,-52.615058175434164,26.78850887708007
2004-12-31 17:30:00,25,-16.0,-11.747585985632304,15.412183045907264,-12.0,-37.10062709614975,13.605455124885143,-41.95546475561054,18.46029278434593,2,42,7,5,-51.44936951188942,27.95419754062481
2004-12-31 18:30:00,25,-13.0,-10.720108339648911,15.412183045907264,-9.0,-36.07314945016636,14.632932770868535,-40.92798710962715,19.487770430329324,2,42,7,5,-50.42189186590603,28.981675186608207
2004-12-31 19:30:00,25,-10.0,-10.822241827951247,15.412183045907264,-10.0,-36.1752829384687,14.5307992825662,-41.03012059792948,19.385636942026988,2,42,7,5,-50.52402535420836,28.87954169830587
2004-12-31 20:30:00,25,-10.0,-13.41517262437544,15.412183045907264,-12.0,-38.76821373489289,11.937868486142008,-43.62305139435368,16.792706145602796,2,42,7,5,-53.11695615063256,26.286610901881676
2004-12-31 21:30:00,25,-11.0,-16.600777781962762,15.412183045907264,-16.0,-41.95381889248021,8.752263328554687,-46.808656551941,13.607100988015477,2,42,7,5,-56.30256130821988,23.101005744294355
2004-12-31 22:30:00,25,-12.0,-13.80056263229098,15.412183045907264,-16.0,-39.15360374280843,11.552478478226467,-44.00844140226921,16.407316137687257,2,42,7,5,-53.50234615854809,25.901220893966137
2004-12-31 23:30:00,25,-11.0,-13.041477536289136,15.412183045907264,-13.0,-38.39451864680659,12.311563574228312,-43.24935630626737,17.1664012336891,2,42,7,5,-52.74326106254625,26.66030598996798
2005-01-01 00:30:00,25,-5.0,-12.056130557475978,15.412183045907264,-10.0,-37.40917166799343,13.29691055304147,-42.26400932745422,18.15174821250226,2,42,7,5,-51.7579140837331,27.64565296878114
2005-01-01 01:30:00,25,-4.0,-11.396343121309332,15.412183045907264,-10.0,-36.74938423182678,13.956697989208116,-41.604221891287565,18.811535648668904,2,42,7,5,-51.098126647566446,28.305440404947785
2005-01-01 02:30:00,25,-5.0,-13.393382247126318,15.412183045907264,-11.0,-38.74642335764376,11.95965886339113,-43.60126101710456,16.81449652285192,2,42,7,5,-53.095165773383435,26.3084012791308
2005-01-01 03:30:00,25,-6.0,-11.61483979796954,15.412183045907264,-12.0,-36.96788090848699,13.738201312547908,-41.822718567947774,18.593038972008696,2,42,7,5,-51.316623324226654,28.08694372828758
2005-01-01 04:30:00,25,-5.0,-11.180401907578991,15.412183045907264,-11.0,-36.53344301809644,14.172639202938456,-41.38828067755723,19.027476862399244,2,42,7,5,-50.882185433836106,28.521381618678127
2005-01-01 05:30:00,25,-13.0,-14.451153159603903,15.412183045907264,-5.0,-39.80419427012136,10.901887950913544,-44.65903192958214,15.756725610374332,2,42,7,5,-54.15293668586102,25.250630366653212
2005-01-01 06:30:00,25,-22.0,-9.902222317400144,15.412183045907264,-4.0,-35.2552634279176,15.450818793117303,-40.11010108737838,20.30565645257809,2,42,7,5,-49.60400584365726,29.79956120885697
2005-01-01 07:30:00,25,-20.0,-9.373636760363103,15.412183045907264,-5.0,-34.72667787088055,15.979404350154343,-39.58151553034134,20.83424200961513,2,42,7,5,-49.07542028662022,30.32814676589401
2005-01-01 08:30:00,25,-17.0,-9.466233224241918,15.412183045907264,-6.0,-34.81927433475937,15.88680788627553,-39.67411199422016,20.74164554573632,2,42,7,5,-49.168016750499035,30.2355503020152
2005-01-01 09:30:00,25,-13.0,-16.436913317741215,15.412183045907264,-5.0,-41.78995442825867,8.916127792776233,-46.64479208771945,13.770965452237022,2,42,7,5,-56.13869684399833,23.2648702085159
2005-01-01 10:30:00,25,-11.0,-27.484146815953945,15.412183045907264,-13.0,-52.837187926471394,-2.131105705436497,-57.692025585932186,2.7237319540242915,2,42,7,5,-67.18593034221107,12.217636710303172
2005-01-01 11:30:00,25,-3.0,-19.3445314489691,15.412183045907264,-22.0,-44.69757255948655,6.008509661548349,-49.55241021894734,10.863347321009137,2,42,7,5,-59.04631497522622,20.357252077288017
2005-01-01 12:30:00,25,-2.0,-15.96831219721088,15.412183045907264,-20.0,-41.32135330772833,9.384728913306567,-46.17619096718912,14.239566572767355,2,42,7,5,-55.670095723467995,23.73347132904624
2005-01-01 13:30:00,25,2.0,-15.585073190466527,15.412183045907264,-17.0,-40.938114300983976,9.76796792005092,-45.79295196044477,14.62280557951171,2,42,7,5,-55.28685671672365,24.11671033579059
2005-01-01 14:30:00,25,4.0,-12.956972605662187,15.412183045907264,-13.0,-38.31001371617964,12.39606850485526,-43.16485137564042,17.25090616431605,2,42,7,5,-52.658756131919304,26.74481092059493
2005-01-01 15:30:00,25,0.0,-11.595609479806637,15.412183045907264,-11.0,-36.948650590324085,13.757431630710812,-41.80348824978488,18.6122692901716,2,42,7,5,-51.29739300606376,28.10617404645048
2005-01-01 16:30:00,25,-5.0,-9.685621555233771,15.412183045907264,-3.0,-35.03866266575122,15.667419555283676,-39.89350032521201,20.522257214744464,2,42,7,5,-49.38740508149089,30.016161971023344
2005-01-01 17:30:00,25,-7.0,-8.762497341069132,15.412183045907264,-2.0,-34.11553845158658,16.590543769448317,-38.97037611104737,21.445381428909105,2,42,7,5,-48.46428086732625,30.939286185187985
2005-01-01 18:30:00,25,-22.0,-8.672711426797541,15.412183045907264,2.0,-34.025752537314986,16.680329683719908,-38.88059019677578,21.535167343180696,2,42,7,5,-48.37449495305466,31.029072099459576
2005-01-01 19:30:00,25,-45.0,-5.402422088485675,15.412183045907264,4.0,-30.755463199003124,19.950619022031773,-35.61030085846392,24.80545668149256,2,42,7,5,-45.104205614742796,34.29936143777144
2005-01-01 20:30:00,25,-43.0,-5.586447592530732,15.412183045907264,0.0,-30.93948870304818,19.76659351798672,-35.79432636250897,24.621431177447505,2,42,7,5,-45.28823111878785,34.115335933726385
2005-01-01 21:30:00,25,-30.0,-13.443303399307576,15.412183045907264,-5.0,-38.79634450982503,11.909737711209871,-43.65118216928582,16.76457537067066,2,42,7,5,-53.14508692556469,26.258480126949543
2005-01-01 22:30:00,25,-17.0,-24.401847741057423,15.412183045907264,-7.0,-49.75488885157488,0.9511933694600252,-54.60972651103566,5.806031028920813,2,42,7,5,-64.10363126731454,15.299935785199693
2005-01-01 23:30:00,25,-26.0,-43.77489666677253,15.412183045907264,-22.0,-69.12793777728997,-18.42185555625508,-73.98277543675076,-13.56701789679429,2,42,7,5,-83.47668019302964,-4.07311314051541
2005-01-02 00:30:00,25,-29.0,-26.48564793574902,15.412183045907264,-45.0,-51.83868904626647,-1.1326068252315729,-56.69352670572726,3.722230834229215,2,42,7,5,-66.18743146200615,13.216135590508095
2005-01-02 01:30:00,25,-36.0,-27.543473427583248,15.412183045907264,-43.0,-52.896514538100696,-2.190432317065799,-57.75135219756149,2.664405342394989,2,42,7,5,-67.24525695384037,12.15831009867387
2005-01-02 02:30:00,25,-32.0,-34.767436637957445,15.412183045907264,-30.0,-60.1204777484749,-9.414395527439996,-64.97531540793568,-4.559557867979208,2,42,7,5,-74.46922016421456,4.934346888299672
2005-01-02 03:30:00,25,-33.0,-28.28845579234869,15.412183045907264,-17.0,-53.64149690286614,-2.93541468183124,-58.49633456232692,1.919422977629548,2,42,7,5,-67.9902393186058,11.413327733908428
2005-01-02 04:30:00,25,-34.0,-23.19478907421815,15.412183045907264,-26.0,-48.5478301847356,2.1582520362992987,-53.40266784419639,7.013089695760087,2,42,7,5,-62.89657260047527,16.506994452038967
2005-01-02 05:30:00,25,-28.0,-28.212632426544864,15.412183045907264,-29.0,-53.56567353706231,-2.859591316027416,-58.4205111965231,1.9952463434333725,2,42,7,5,-67.91441595280199,11.489151099712252
2005-01-02 06:30:00,25,-31.0,-39.60053016072453,15.412183045907264,-36.0,-64.95357127124197,-14.247489050207076,-69.80840893070277,-9.392651390746288,2,42,7,5,-79.30231368698165,0.10125336553258535
2005-01-02 07:30:00,25,-40.0,-35.408064852754705,15.412183045907264,-32.0,-60.76110596327216,-10.055023742237257,-65.61594362273294,-5.200186082776469,2,42,7,5,-75.10984837901182,4.293718673502411
2005-01-02 08:30:00,25,-42.0,-42.27698863003202,15.412183045907264,-33.0,-67.63002974054947,-16.923947519514574,-72.48486740001026,-12.069109860053786,2,42,7,5,-81.97877215628914,-2.5752051037749055
2005-01-02 09:30:00,25,-50.0,-34.99333169004018,15.412183045907264,-34.0,-60.34637280055763,-9.64029057952273,-65.20121046001842,-4.785452920061943,2,42,7,5,-74.6951152162973,4.708451836216938
2005-01-02 10:30:00,25,-45.0,-36.44084919213231,15.412183045907264,-28.0,-61.79389030264976,-11.087808081614863,-66.64872796211054,-6.232970422154075,2,42,7,5,-76.14263271838942,3.260934334124805
2005-01-02 11:30:00,25,-36.0,-53.21885179683386,15.412183045907264,-31.0,-78.57189290735131,-27.86581068631641,-83.4267305668121,-23.010973026855623,2,42,7,5,-92.92063532309098,-13.517068270576743
2005-01-02 12:30:00,25,-35.0,-43.05748606942331,15.412183045907264,-40.0,-68.41052717994076,-17.704444958905864,-73.26536483940154,-12.849607299445076,2,42,7,5,-82.75926959568042,-3.3557025431661955
2005-01-02 13:30:00,25,-33.0,-41.78398536640743,15.412183045907264,-42.0,-67.13702647692487,-16.43094425588998,-71.99186413638566,-11.576106596429192,2,42,7,5,-81.48576889266454,-2.0822018401503115
2005-01-02 14:30:00,25,-34.0,-59.76191699404223,15.412183045907264,-50.0,-85.11495810455968,-34.408875883524786,-89.96979576402046,-29.554038224063994,2,42,7,5,-99.46370052029934,-20.060133467785114
2005-01-02 15:30:00,25,-32.0,-43.78843579433667,15.412183045907264,-45.0,-69.14147690485412,-18.435394683819226,-73.9963145643149,-13.580557024358434,2,42,7,5,-83.49021932059378,-4.086652268079554
2005-01-02 16:30:00,25,-40.0,-40.49787395940984,15.412183045907264,-36.0,-65.85091506992728,-15.144832848892388,-70.70575272938808,-10.2899951894316,2,42,7,5,-80.19965748566696,-0.7960904331527203
2005-01-02 17:30:00,25,-48.0,-40.68444630859161,15.412183045907264,-35.0,-66.03748741910906,-15.331405198074162,-70.89232507856985,-10.476567538613374,2,42,7,5,-80.38622983484873,-0.9826627823344936
2005-01-02 18:30:00,25,-45.0,-40.34590032618189,15.412183045907264,-33.0,-65.69894143669933,-14.992859215664437,-70.55377909616013,-10.138021556203649,2,42,7,5,-80.04768385243901,-0.6441167999247739
2005-01-02 19:30:00,25,-41.0,-48.75958162364119,15.412183045907264,-34.0,-74.11262273415863,-23.40654051312374,-78.96746039361943,-18.551702853662952,2,42,7,5,-88.46136514989831,-9.057798097384072
2005-01-02 20:30:00,25,-37.0,-40.4719774909827,15.412183045907264,-32.0,-65.82501860150015,-15.118936380465254,-70.67985626096095,-10.264098721004466,2,42,7,5,-80.17376101723983,-0.7701939647255855
2005-01-02 21:30:00,25,-50.0,-47.11158035613889,15.412183045907264,-40.0,-72.46462146665634,-21.75853924562144,-77.31945912611712,-16.90370158616065,2,42,7,5,-86.813363882396,-7.4097968298817705
2005-01-02 22:30:00,25,-39.0,-37.04848389858053,15.412183045907264,-48.0,-62.40152500909798,-11.69544278806308,-67.25636266855876,-6.840605128602292,2,42,7,5,-76.75026742483765,2.6532996276765886
2005-01-02 23:30:00,25,-37.0,-36.41374910526137,15.412183045907264,-45.0,-61.76679021577881,-11.060707994743918,-66.6216278752396,-6.20587033528313,2,42,7,5,-76.11553263151848,3.28803442099575
2005-01-03 00:30:00,25,-36.0,-35.933662764535214,15.412183045907264,-41.0,-61.286703875052666,-10.580621654017763,-66.14154153451345,-5.725783994556977,2,42,7,5,-75.63544629079233,3.768120761721903
2005-01-03 01:30:00,25,-32.0,-48.8044194269008,15.412183045907264,-37.0,-74.15746053741825,-23.45137831638335,-79.01229819687904,-18.596540656922564,2,42,7,5,-88.50620295315792,-9.102635900643683
2005-01-03 02:30:00,25,-29.0,-37.12742604372671,15.412183045907264,-50.0,-62.48046715424415,-11.77438493320926,-67.33530481370494,-6.919547273748471,2,42,7,5,-76.82920956998382,2.5743574825304094
2005-01-03 03:30:00,25,-32.0,-38.32270619814315,15.412183045907264,-39.0,-63.67574730866061,-12.969665087625703,-68.53058496812139,-8.114827428164915,2,42,7,5,-78.02448972440027,1.379077328113965
2005-01-03 04:30:00,25,-37.0,-38.28478101403197,15.412183045907264,-37.0,-63.637822124549416,-12.931739903514517,-68.4926597840102,-8.076902244053727,2,42,7,5,-77.9865645402891,1.417002512225146
2005-01-03 05:30:00,25,-43.0,-35.77558055226009,15.412183045907264,-36.0,-61.12862166277753,-10.42253944174264,-65.98345932223833,-5.567701782281851,2,42,7,5,-75.47736407851721,3.9262029739970288
2005-01-03 06:30:00,25,-41.0,-34.342081327031444,15.412183045907264,-32.0,-59.69512243754889,-8.989040216513995,-64.54996009700969,-4.134202557053207,2,42,7,5,-74.04386485328857,5.359702199225673
2005-01-03 07:30:00,25,-42.0,-31.907801517230528,15.412183045907264,-29.0,-57.26084262774798,-6.554760406713079,-62.11568028720876,-1.699922747252291,2,42,7,5,-71.60958504348764,7.793982009026589
2005-01-03 08:30:00,25,-41.0,-30.569323084724743,15.412183045907264,-32.0,-55.9223641952422,-5.216281974207295,-60.77720185470298,-0.3614443147465067,2,42,7,5,-70.27110661098186,9.132460441532373
2005-01-03 09:30:00,25,-38.0,-35.03082770805231,15.412183045907264,-37.0,-60.38386881856975,-9.677786597534858,-65.23870647803054,-4.82294893807407,2,42,7,5,-74.73261123430942,4.67095581820481
2005-01-03 10:30:00,25,-46.0,-33.245615517884154,15.412183045907264,-43.0,-58.5986566284016,-7.8925744073667055,-63.45349428786239,-3.0377367479059174,2,42,7,5,-72.94739904414126,6.456168008372963
2005-01-03 11:30:00,25,-42.0,-34.86298555777074,15.412183045907264,-41.0,-60.216026668288194,-9.509944447253291,-65.07086432774898,-4.655106787792505,2,42,7,5,-74.56476908402786,4.838797968486375
2005-01-03 12:30:00,25,-39.0,-33.607596152476745,15.412183045907264,-42.0,-58.9606372629942,-8.254555041959296,-63.81547492245498,-3.3997173824985083,2,42,7,5,-73.30937967873386,6.094187373780372
2005-01-03 13:30:00,25,-40.0,-34.43262445806148,15.412183045907264,-41.0,-59.785665568578935,-9.079583347544034,-64.64050322803972,-4.224745688083246,2,42,7,5,-74.1344079843186,5.269159068195634
2005-01-03 14:30:00,25,-45.0,-39.98397312190685,15.412183045907264,-38.0,-65.3370142324243,-14.6309320113894,-70.19185189188508,-9.776094351928611,2,42,7,5,-79.68575664816396,-0.2821895956497329
2005-01-03 15:30:00,25,-40.0,-44.42704471656811,15.412183045907264,-46.0,-69.78008582708556,-19.074003606050663,-74.63492348654634,-14.219165946589875,2,42,7,5,-84.12882824282522,-4.725261190310995
2005-01-03 16:30:00,25,-36.0,-40.226709352630486,15.412183045907264,-42.0,-65.57975046314793,-14.873668242113038,-70.43458812260872,-10.01883058265225,2,42,7,5,-79.9284928788876,-0.5249258263733694
2005-01-03 17:30:00,25,-37.0,-34.57332687962359,15.412183045907264,-39.0,-59.926367990141046,-9.220285769106145,-64.78120564960183,-4.365448109645357,2,42,7,5,-74.27511040588071,5.1284566466335235
2005-01-03 18:30:00,25,-30.0,-34.498785697811165,15.412183045907264,-40.0,-59.85182680832861,-9.145744587293716,-64.70666446778941,-4.290906927832928,2,42,7,5,-74.20056922406829,5.202997828445952
2005-01-03 19:30:00,25,-28.0,-35.62645682322809,15.412183045907264,-45.0,-60.979497933745535,-10.27341571271064,-65.83433559320633,-5.418578053249853,2,42,7,5,-75.32824034948521,4.075326703029027
2005-01-03 20:30:00,25,-28.0,-34.085548727618026,15.412183045907264,-40.0,-59.43858983813547,-8.732507617100577,-64.29342749759627,-3.877669957639789,2,42,7,5,-73.78733225387515,5.616234798639091
2005-01-03 21:30:00,25,-23.0,-33.50188326378798,15.412183045907264,-36.0,-58.85492437430543,-8.148842153270532,-63.70976203376622,-3.2940044938097444,2,42,7,5,-73.2036667900451,6.199900262469136
2005-01-03 22:30:00,25,-20.0,-36.68387541159557,15.412183045907264,-37.0,-62.03691652211302,-11.330834301078124,-66.89175418157382,-6.475996641617336,2,42,7,5,-76.3856589378527,3.0179081146615445
2005-01-03 23:30:00,25,-16.0,-31.869570401462383,15.412183045907264,-30.0,-57.22261151197984,-6.516529290944934,-62.07744917144062,-1.661691631484146,2,42,7,5,-71.5713539277195,7.832213124794734
2005-01-04 00:30:00,25,-19.0,-32.29320100471853,15.412183045907264,-28.0,-57.64624211523598,-6.940159894201084,-62.50107977469677,-2.085322234740296,2,42,7,5,-71.99498453097564,7.408582521538584
2005-01-04 01:30:00,25,-22.0,-31.07453029249419,15.412183045907264,-28.0,-56.42757140301164,-5.721489181976743,-61.282409062472425,-0.866651522515955,2,42,7,5,-70.7763138187513,8.627253233762925
2005-01-04 02:30:00,25,-24.0,-30.17184058945581,15.412183045907264,-23.0,-55.524881699973264,-4.818799478938363,-60.37971935943405,0.036038180522425,2,42,7,5,-69.87362411571293,9.529942936801305
2005-01-04 03:30:00,25,-26.0,-29.37565474488783,15.412183045907264,-20.0,-54.72869585540528,-4.02261363437038,-59.58353351486606,0.832224025090408,2,42,7,5,-69.07743827114494,10.326128781369288
2005-01-04 04:30:00,25,-24.0,-28.429202164655887,15.412183045907264,-16.0,-53.782243275173336,-3.0761610541384385,-58.63708093463413,1.7786766053223495,2,42,7,5,-68.13098569091301,11.27258136160123
2005-01-04 05:30:00,25,-19.0,-28.32089259126,15.412183045907264,-19.0,-53.67393370177745,-2.967851480742553,-58.52877136123824,1.8869861787182352,2,42,7,5,-68.02267611751712,11.380890934997115
2005-01-04 06:30:00,25,-22.0,-28.26155219116165,15.412183045907264,-22.0,-53.61459330167911,-2.9085110806442067,-58.46943096113989,1.946326578816581,2,42,7,5,-67.96333571741877,11.440231335095469
2005-01-04 07:30:00,25,-25.0,-33.22312666849992,15.412183045907264,-24.0,-58.57616777901737,-7.870085557982467,-63.43100543847815,-3.015247898521679,2,42,7,5,-72.92491019475705,6.478656857757194
2005-01-04 08:30:00,25,-32.0,-34.23010976606474,15.412183045907264,-26.0,-59.5831508765822,-8.877068655547294,-64.43798853604298,-4.022230996086506,2,42,7,5,-73.93189329232186,5.471673760192374
2005-01-04 09:30:00,25,-28.0,-27.428274790340225,15.412183045907264,-24.0,-52.78131590085768,-2.0752336798227766,-57.63615356031846,2.7796039796380114,2,42,7,5,-67.13005831659734,12.273508735916892
2005-01-04 10:30:00,25,-25.0,-27.620897404835503,15.412183045907264,-19.0,-52.97393851535296,-2.2678562943180545,-57.82877617481374,2.5869813651427336,2,42,7,5,-67.32268093109262,12.080886121421614
2005-01-04 11:30:00,25,-25.0,-28.778876016105325,15.412183045907264,-22.0,-54.13191712662277,-3.4258349055878767,-58.986754786083566,1.429002753872911,2,42,7,5,-68.48065954236245,10.922907510151791
2005-01-04 12:30:00,25,-22.0,-32.84082355409206,15.412183045907264,-25.0,-58.19386466460951,-7.487782443574613,-63.0487023240703,-2.6329447841138247,2,42,7,5,-72.54260708034917,6.860959972165055
2005-01-04 13:30:00,25,-23.0,-27.7936784123735,15.412183045907264,-32.0,-53.14671952289095,-2.44063730185605,-58.00155718235173,2.414200357604738,2,42,7,5,-67.49546193863061,11.908105113883618
2005-01-04 14:30:00,25,-24.0,-29.02588839579187,15.412183045907264,-28.0,-54.37892950630932,-3.672847285274422,-59.2337671657701,1.1819903741863662,2,42,7,5,-68.72767192204898,10.675895130465246
2005-01-04 15:30:00,25,-26.0,-30.12580376390874,15.412183045907264,-25.0,-55.47884487442619,-4.77276265339129,-60.33368253388697,0.0820750060694983,2,42,7,5,-69.82758729016585,9.575979762348378
2005-01-04 16:30:00,25,-26.0,-28.618714904861733,15.412183045907264,-25.0,-53.97175601537919,-3.265673794344284,-58.82659367483997,1.589163865116504,2,42,7,5,-68.32049843111885,11.083068621395384
2005-01-04 17:30:00,25,-29.0,-27.9611749891496,15.412183045907264,-22.0,-53.31421609966704,-2.6081338786321453,-58.16905375912784,2.2467037808286427,2,42,7,5,-67.66295851540671,11.740608537107516
2005-01-04 18:30:00,25,-31.0,-28.51571044493132,15.412183045907264,-23.0,-53.86875155544877,-3.16266933441387,-58.72358921490955,1.692168325046918,2,42,7,5,-68.21749397118843,11.186073081325798
2005-01-04 19:30:00,25,-31.0,-36.837095177713564,15.412183045907264,-24.0,-62.19013628823102,-11.484054067196116,-67.0449739476918,-6.629216407735328,2,42,7,5,-76.53887870397068,2.8646883485435524
2005-01-04 20:30:00,25,-30.0,-34.63785490394075,15.412183045907264,-26.0,-59.9908960144582,-9.2848137934233,-64.84573367391899,-4.429976133962512,2,42,7,5,-74.33963843019787,5.063928622316368
2005-01-04 21:30:00,25,-28.0,-27.19185942363512,15.412183045907264,-26.0,-52.54490053415257,-1.8388183131176703,-57.39973819361336,3.0160193463431177,2,42,7,5,-66.89364294989224,12.509924102621998
2005-01-04 22:30:00,25,-25.0,-26.74284424886517,15.412183045907264,-29.0,-52.09588535938262,-1.3898031383477196,-56.950723018843405,3.4650345211130684,2,42,7,5,-66.44462777512229,12.958939277391949
2005-01-04 23:30:00,25,-24.0,-26.41290456921836,15.412183045907264,-31.0,-51.76594567973581,-1.05986345870091,-56.62078333919659,3.794974200759878,2,42,7,5,-66.11468809547547,13.288878957038758
2005-01-05 00:30:00,25,-26.0,-25.78923372963969,15.412183045907264,-31.0,-51.14227484015714,-0.4361926191222416,-55.99711249961793,4.418645040338546,2,42,7,5,-65.49101725589681,13.912549796617427
2005-01-05 01:30:00,25,-27.0,-25.368257981194446,15.412183045907264,-30.0,-50.7212990917119,-0.0152168706769977,-55.57613675117268,4.83962078878379,2,42,7,5,-65.07004150745156,14.33352554506267
2005-01-05 02:30:00,25,-26.0,-24.81793605174538,15.412183045907264,-28.0,-50.17097716226283,0.5351050587720678,-55.025814821723614,5.389942718232856,2,42,7,5,-64.5197195780025,14.883847474511736
2005-01-05 03:30:00,25,-23.0,-24.301421724838622,15.412183045907264,-25.0,-49.65446283535607,1.0516193856788263,-54.509300494816856,5.906457045139614,2,42,7,5,-64.00320525109574,15.400361801418494
2005-01-05 04:30:00,25,-25.0,-24.22453492335962,15.412183045907264,-24.0,-49.577576033877065,1.1285061871578286,-54.43241369333786,5.983343846618617,2,42,7,5,-63.92631844961674,15.477248602897497
2005-01-05 05:30:00,25,-28.0,-24.17670961847336,15.412183045907264,-26.0,-49.529750728990805,1.1763314920440884,-54.3845883884516,6.031169151504876,2,42,7,5,-63.87849314473048,15.525073907783757
2005-01-05 06:30:00,25,-30.0,-25.53938437244692,15.412183045907264,-27.0,-50.89242548296437,-0.1863432619294691,-55.74726314242516,4.668494397531319,2,42,7,5,-65.24116789870403,14.162399153810195
2005-01-05 07:30:00,25,-29.0,-24.57384797653569,15.412183045907264,-26.0,-49.92688908705314,0.7791931339817602,-54.781726746513925,5.634030793442548,2,42,7,5,-64.2756315027928,15.127935549721428
2005-01-05 08:30:00,25,-29.0,-24.55929309841849,15.412183045907264,-23.0,-49.91233420893593,0.7937480120989626,-54.76717186839672,5.648585671559751,2,42,7,5,-64.26107662467561,15.142490427838627
2005-01-05 09:30:00,25,-31.0,-24.894409199153003,15.412183045907264,-25.0,-50.247450309670455,0.4586319113644457,-55.10228796913124,5.313469570825234,2,42,7,5,-64.59619272541012,14.807374327104114
2005-01-05 10:30:00,25,-31.0,-24.929572093298628,15.412183045907264,-28.0,-50.28261320381608,0.4234690172188209,-55.13745086327687,5.278306676679609,2,42,7,5,-64.63135561955575,14.772211432958489
2005-01-05 11:30:00,25,-29.0,-25.177596776420973,15.412183045907264,-30.0,-50.53063788693842,0.1754443340964755,-55.385475546399206,5.030281993557264,2,42,7,5,-64.87938030267809,14.524186749836144
2005-01-05 12:30:00,25,-33.0,-25.21873582285897,15.412183045907264,-29.0,-50.57177693337643,0.1343052876584707,-55.42661459283721,4.989142947119259,2,42,7,5,-64.92051934911609,14.483047703398146
2005-01-05 13:30:00,25,-31.0,-27.869030672151585,15.412183045907264,-29.0,-53.22207178266903,-2.515989561634136,-58.07690944212982,2.338848097826652,2,42,7,5,-67.5708141984087,11.832752854105532
2005-01-05 14:30:00,25,-32.0,-25.47804406981735,15.412183045907264,-31.0,-50.8310851803348,-0.125002959299902,-55.68592283979559,4.729834700160886,2,42,7,5,-65.17982759607446,14.223739456439766
2005-01-05 15:30:00,25,-32.0,-32.623381120794335,15.412183045907264,-31.0,-57.97642223131179,-7.270340010276886,-62.83125989077257,-2.415502350816098,2,42,7,5,-72.32516464705145,7.078402405462782
2005-01-05 16:30:00,25,-32.0,-28.4717108656858,15.412183045907264,-29.0,-53.824751976203245,-3.1186697551683515,-58.67958963566404,1.7361679042924365,2,42,7,5,-68.17349439194291,11.230072660571317
2005-01-05 17:30:00,25,-31.0,-26.27022838576426,15.412183045907264,-33.0,-51.62326949628171,-0.9171872752468104,-56.47810715574249,3.9376503842139776,2,42,7,5,-65.97201191202137,13.431555140492858
2005-01-05 18:30:00,25,-29.0,-27.330562229925786,15.412183045907264,-31.0,-52.68360334044323,-1.9775211194083333,-57.53844099990402,2.8773165400524547,2,42,7,5,-67.0323457561829,12.371221296331331
2005-01-05 19:30:00,25,-27.0,-27.21536876335865,15.412183045907264,-32.0,-52.5684098738761,-1.862327652841202,-57.42324753333689,2.992510006619586,2,42,7,5,-66.91715228961577,12.486414762898466
2005-01-05 20:30:00,25,-27.0,-28.45101494816721,15.412183045907264,-32.0,-53.80405605868466,-3.0979738376497608,-58.65889371814545,1.7568638218110273,2,42,7,5,-68.15279847442433,11.250768578089907
2005-01-05 21:30:00,25,-23.0,-25.87491297821373,15.412183045907264,-32.0,-51.22795408873118,-0.5218718676962837,-56.082791748191966,4.332965791764504,2,42,7,5,-65.57669650447085,13.826870548043388
2005-01-05 22:30:00,25,-22.0,-25.81853824799937,15.412183045907264,-31.0,-51.17157935851682,-0.4654971374819254,-56.02641701797761,4.389340521978863,2,42,7,5,-65.52032177425649,13.883245278257746
2005-01-05 23:30:00,25,-19.0,-24.286095841493925,15.412183045907264,-29.0,-49.63913695201137,1.066945269023524,-54.49397461147216,5.921782928484312,2,42,7,5,-63.98787936775104,15.415687684763192
2005-01-06 00:30:00,25,-16.0,-23.179439061052623,15.412183045907264,-27.0,-48.53248017157007,2.1736020494648223,-53.38731783103086,7.02843970892561,2,42,7,5,-62.881222587309736,16.522344465204494
2005-01-06 01:30:00,25,-13.0,-22.4056175387578,15.412183045907264,-27.0,-47.75865864927525,2.9474235717596464,-52.61349630873604,7.802261231220434,2,42,7,5,-62.10740106501491,17.296165987499318
2005-01-06 02:30:00,25,-11.0,-21.63618189865872,15.412183045907264,-23.0,-46.98922300917617,3.716859211858729,-51.84406066863696,8.571696871319517,2,42,7,5,-61.337965424915836,18.065601627598397
2005-01-06 03:30:00,25,-11.0,-21.17122208299564,15.412183045907264,-22.0,-46.52426319351308,4.181819027521815,-51.37910085297387,9.036656686982605,2,42,7,5,-60.87300560925276,18.530561443261476
2005-01-06 04:30:00,25,-12.0,-20.0554499754758,15.412183045907264,-19.0,-45.40849108599325,5.297591135041653,-50.26332874545403,10.15242879450244,2,42,7,5,-59.75723350173291,19.646333550781318
2005-01-06 05:30:00,25,-13.0,-18.878584608730137,15.412183045907264,-16.0,-44.23162571924759,6.474456501787312,-49.08646337870837,11.3292941612481,2,42,7,5,-58.58036813498725,20.82319891752698
2005-01-06 06:30:00,25,-15.0,-18.754973281810383,15.412183045907264,-13.0,-44.10801439232783,6.598067828707062,-48.96285205178862,11.45290548816785,2,42,7,5,-58.456756808067496,20.946810244446734
2005-01-06 07:30:00,25,-17.0,-16.570684448269734,15.412183045907264,-11.0,-41.92372555878718,8.782356662247714,-46.77856321824797,13.637194321708504,2,42,7,5,-56.27246797452685,23.131099077987383
2005-01-06 08:30:00,25,-19.0,-15.309768021336556,15.412183045907264,-11.0,-40.662809131854,10.043273089180891,-45.51764679131479,14.89811074864168,2,42,7,5,-55.01155154759367,24.39201550492056
2005-01-06 09:30:00,25,-17.0,-15.016179342251508,15.412183045907264,-12.0,-40.36922045276896,10.33686176826594,-45.22405811222974,15.191699427726729,2,42,7,5,-54.71796286850862,24.68560418400561
2005-01-06 10:30:00,25,-16.0,-14.427492146720866,15.412183045907264,-13.0,-39.78053325723832,10.925548963796585,-44.6353709166991,15.780386623257373,2,42,7,5,-54.12927567297798,25.27429137953625
2005-01-06 11:30:00,25,-12.0,-14.553383167189564,15.412183045907264,-15.0,-39.90642427770702,10.799657943327883,-44.7612619371678,15.654495602788671,2,42,7,5,-54.25516669344668,25.14840035906755
2005-01-06 12:30:00,25,-11.0,-14.741949673707126,15.412183045907264,-17.0,-40.09499078422458,10.611091436810325,-44.94982844368536,15.465929096271111,2,42,7,5,-54.44373319996424,24.95983385254999
2005-01-06 13:30:00,25,-13.0,-15.332342043243129,15.412183045907264,-19.0,-40.685383153760576,10.020699067274322,-45.54022081322137,14.87553672673511,2,42,7,5,-55.03412556950025,24.369441483013986
2005-01-06 14:30:00,25,-14.0,-15.94395716471919,15.412183045907264,-17.0,-41.29699827523664,9.409083945798258,-46.15183593469743,14.263921605259046,2,42,7,5,-55.64574069097631,23.757826361537926
2005-01-06 15:30:00,25,-15.0,-15.17212692716244,15.412183045907264,-16.0,-40.52516803767989,10.180914183355007,-45.38000569714068,15.035751842815795,2,42,7,5,-54.873910453419555,24.52965659909468
2005-01-06 16:30:00,25,-15.0,-15.204607964078608,15.412183045907264,-12.0,-40.55764907459606,10.14843314643884,-45.41248673405684,15.003270805899628,2,42,7,5,-54.90639149033572,24.49717556217851
2005-01-06 17:30:00,25,-14.0,-13.966633251559896,15.412183045907264,-11.0,-39.31967436207734,11.386407858957554,-44.174512021538135,16.241245518418342,2,42,7,5,-53.668416777817015,25.73515027469722
2005-01-06 18:30:00,25,-14.0,-13.058630391782431,15.412183045907264,-13.0,-38.41167150229988,12.294410718735016,-43.266509161760666,17.149248378195804,2,42,7,5,-52.760413918039546,26.643153134474687
2005-01-06 19:30:00,25,-15.0,-13.086122300982105,15.412183045907264,-14.0,-38.43916341149955,12.266918809535344,-43.29400107096034,17.121756468996132,2,42,7,5,-52.78790582723922,26.615661225275012
2005-01-06 20:30:00,25,-15.0,-13.133055951536717,15.412183045907264,-15.0,-38.48609706205416,12.219985158980734,-43.34093472151496,17.074822818441522,2,42,7,5,-52.834839477793835,26.5687275747204
2005-01-06 21:30:00,25,-13.0,-13.523926875898065,15.412183045907264,-15.0,-38.87696798641551,11.829114234619386,-43.7318056458763,16.683951894080174,2,42,7,5,-53.22571040215518,26.177856650359054
2005-01-06 22:30:00,25,-8.0,-13.976395487644506,15.412183045907264,-14.0,-39.32943659816196,11.376645622872942,-44.18427425762275,16.23148328233373,2,42,7,5,-53.67817901390163,25.72538803861261
2005-01-06 23:30:00,25,-11.0,-14.201138340782578,15.412183045907264,-14.0,-39.55417945130003,11.151902769734871,-44.409017110760814,16.00674042919566,2,42,7,5,-53.902921867039694,25.50064518547454
2005-01-07 00:30:00,25,-10.0,-16.030716510035173,15.412183045907264,-15.0,-41.38375762055262,9.322324600482276,-46.23859528001341,14.177162259943064,2,42,7,5,-55.73250003629229,23.671067016221944
2005-01-07 01:30:00,25,-10.0,-14.536917437070397,15.412183045907264,-15.0,-39.889958547587845,10.816123673447052,-44.74479620704864,15.67096133290784,2,42,7,5,-54.23870096332752,25.16486608918672
2005-01-07 02:30:00,25,-9.0,-13.93463021490399,15.412183045907264,-13.0,-39.28767132542144,11.41841089561346,-44.14250898488223,16.273248555074247,2,42,7,5,-53.63641374116111,25.767153311353127
2005-01-07 03:30:00,25,-11.0,-13.27303189313596,15.412183045907264,-8.0,-38.62607300365341,12.080009217381487,-43.4809106631142,16.934846876842276,2,42,7,5,-52.974815419393074,26.42875163312116
2005-01-07 04:30:00,25,-11.0,-11.356379541857503,15.412183045907264,-11.0,-36.70942065237495,13.996661568659944,-41.564258311835744,18.851499228120733,2,42,7,5,-51.058163068114624,28.345403984399614
2005-01-07 05:30:00,25,-9.0,-10.783457162602858,15.412183045907264,-10.0,-36.13649827312031,14.569583947914593,-40.99133593258109,19.42442160737538,2,42,7,5,-50.485240688859975,28.91832636365426
2005-01-07 06:30:00,25,-8.0,-9.973439760023044,15.412183045907264,-10.0,-35.32648087054049,15.379601350494404,-40.18131853000128,20.234439009955192,2,42,7,5,-49.67522328628016,29.728343766234072
2005-01-07 07:30:00,25,-9.0,-9.421583863392604,15.412183045907264,-9.0,-34.77462497391005,15.931457247124843,-39.62946263337084,20.78629490658563,2,42,7,5,-49.12336738964972,30.28019966286451
2005-01-07 08:30:00,25,-8.0,-9.591689907935669,15.412183045907264,-11.0,-34.94473101845311,15.761351202581782,-39.7995686779139,20.61618886204257,2,42,7,5,-49.293473434192784,30.11009361832145
2005-01-07 09:30:00,25,-5.0,-9.922390251458182,15.412183045907264,-11.0,-35.275431361975635,15.430650859059266,-40.13026902143642,20.28548851852005,2,42,7,5,-49.6241737777153,29.779393274798934
2005-01-07 10:30:00,25,-1.0,-10.054766448534878,15.412183045907264,-9.0,-35.40780755905233,15.298274661982571,-40.26264521851312,20.15311232144336,2,42,7,5,-49.756549974791994,29.64701707772224
2005-01-07 11:30:00,25,-5.0,-9.4703283995486,15.412183045907264,-8.0,-34.823369510066044,15.88271271096885,-39.67820716952684,20.73755037042964,2,42,7,5,-49.172111925805716,30.231455126708518
2005-01-07 12:30:00,25,1.0,-9.15069100435737,15.412183045907264,-9.0,-34.50373211487482,16.20235010616008,-39.358569774335606,21.057187765620867,2,42,7,5,-48.85247453061449,30.551092521899747
2005-01-07 13:30:00,25,3.0,-9.167096984444004,15.412183045907264,-8.0,-34.52013809496145,16.185944126073444,-39.37497575442224,21.040781785534232,2,42,7,5,-48.86888051070112,30.534686541813112
2005-01-07 14:30:00,25,2.0,-9.418171217303705,15.412183045907264,-5.0,-34.771212327821154,15.934869893213744,-39.626049987281945,20.78970755267453,2,42,7,5,-49.119954743560825,30.283612308953412
2005-01-07 15:30:00,25,-13.0,-10.423805630239965,15.412183045907264,-1.0,-35.776846740757414,14.929235480277484,-40.631684400218205,19.784073139738272,2,42,7,5,-50.125589156497085,29.277977896017152
2005-01-07 16:30:00,25,-31.0,-10.369074600439806,15.412183045907264,-5.0,-35.722115710957254,14.983966510077645,-40.57695337041804,19.83880416953843,2,42,7,5,-50.07085812669692,29.33270892581731
2005-01-07 17:30:00,25,-22.0,-11.1910512018389,15.412183045907264,1.0,-36.54409231235635,14.16198990867855,-41.39892997181714,19.016827568139338,2,42,7,5,-50.89283472809602,28.510732324418218
2005-01-07 18:30:00,25,-34.0,-10.6012586307064,15.412183045907264,3.0,-35.95429974122385,14.751782479811048,-40.80913740068464,19.60662013927184,2,42,7,5,-50.303042156963514,29.100524895550716
2005-01-07 19:30:00,25,-32.0,-37.59841458022041,15.412183045907264,2.0,-62.95145569073786,-12.245373469702958,-67.80629335019864,-7.39053581024217,2,42,7,5,-77.30019810647752,2.10336894603671
2005-01-07 20:30:00,25,-24.0,-46.405927875768704,15.412183045907264,-13.0,-71.75896898628615,-21.05288676525125,-76.61380664574693,-16.198049105790467,2,42,7,5,-86.10771140202581,-6.704144349511587
2005-01-07 21:30:00,25,-22.0,-18.49537317892388,15.412183045907264,-31.0,-43.84841428944132,6.857667931593575,-48.70325194890211,11.712505591054365,2,42,7,5,-58.197156705181,21.206410347333236
2005-01-07 22:30:00,25,-42.0,-18.80524603995232,15.412183045907264,-22.0,-44.15828715046976,6.547795070565133,-49.01312480993055,11.40263273002592,2,42,7,5,-58.50702956620944,20.896537486304798
2005-01-07 23:30:00,25,-71.0,-23.25786442586935,15.412183045907264,-34.0,-48.6109055363868,2.0951766846480986,-53.46574319584759,6.950014344108887,2,42,7,5,-62.95964795212647,16.443919100387767
2005-01-08 00:30:00,25,-84.0,-22.512539072936384,15.412183045907264,-32.0,-47.86558018345383,2.8405020375810643,-52.72041784291462,7.695339697041852,2,42,7,5,-62.2143225991935,17.189244453320732
2005-01-08 01:30:00,25,-78.0,-19.718348335198648,15.412183045907264,-24.0,-45.07138944571609,5.6346927753188005,-49.926227105176885,10.489530434779589,2,42,7,5,-59.420131861455765,19.98343519105847
2005-01-08 02:30:00,25,-93.0,-32.21234628401176,15.412183045907264,-22.0,-57.56538739452921,-6.85930517349431,-62.42022505399,-2.004467514033521,2,42,7,5,-71.91412981026888,7.489437242245359
2005-01-08 03:30:00,25,-82.0,-89.39413440715066,15.412183045907264,-42.0,-114.74717551766813,-64.0410932966332,-119.6020131771289,-59.18625563717242,2,42,7,5,-129.09591793340778,-49.69235088089354
2005-01-08 04:30:00,25,-67.0,-100.62920879369742,15.412183045907264,-71.0,-125.98224990421488,-75.27616768317996,-130.83708756367565,-70.42133002371918,2,42,7,5,-140.33099231995453,-60.9274252674403
2005-01-08 05:30:00,25,-60.0,-82.04003146065307,15.412183045907264,-84.0,-107.39307257117052,-56.686990350135616,-112.2479102306313,-51.83215269067483,2,42,7,5,-121.74181498691019,-42.33824793439595
2005-01-08 06:30:00,25,-63.0,-61.70814331334631,15.412183045907264,-78.0,-87.06118442386376,-36.35510220282886,-91.91602208332456,-31.500264543368075,2,42,7,5,-101.40992683960343,-22.006359787089195
2005-01-08 07:30:00,25,-66.0,-62.614057220063295,15.412183045907264,-93.0,-87.96709833058074,-37.26101610954585,-92.82193599004154,-32.40617845008506,2,42,7,5,-102.31584074632042,-22.912273693806178
2005-01-08 08:30:00,25,-59.0,-60.07733281962719,15.412183045907264,-82.0,-85.43037393014464,-34.724291709109735,-90.28521158960542,-29.86945404964895,2,42,7,5,-99.7791163458843,-20.37554929337007
2005-01-08 09:30:00,25,-59.0,-54.535891888940846,15.412183045907264,-67.0,-79.88893299945829,-29.1828507784234,-84.74377065891909,-24.32801311896261,2,42,7,5,-94.23767541519797,-14.834108362683729
2005-01-08 10:30:00,25,-62.0,-54.60790676469024,15.412183045907264,-60.0,-79.9609478752077,-29.2548656541728,-84.81578553466848,-24.400027994712005,2,42,7,5,-94.30969029094736,-14.906123238433125
2005-01-08 11:30:00,25,-51.0,-54.34198464874611,15.412183045907264,-63.0,-79.69502575926356,-28.988943538228664,-84.54986341872436,-24.13410587876788,2,42,7,5,-94.04376817500324,-14.640201122488996
2005-01-08 12:30:00,25,-42.0,-53.3938941132954,15.412183045907264,-66.0,-78.74693522381286,-28.04085300277796,-83.60177288327364,-23.18601534331717,2,42,7,5,-93.09567763955252,-13.692110587038286
2005-01-08 13:30:00,25,-46.0,-52.32535670457102,15.412183045907264,-59.0,-77.67839781508847,-26.972315594053573,-82.53323547454926,-22.117477934592785,2,42,7,5,-92.02714023082814,-12.623573178313904
2005-01-08 14:30:00,25,-45.0,-49.57983926256587,15.412183045907264,-59.0,-74.93288037308332,-24.22679815204842,-79.7877180325441,-19.37196049258764,2,42,7,5,-89.28162278882299,-9.878055736308752
2005-01-08 15:30:00,25,-47.0,-48.98373501972754,15.412183045907264,-62.0,-74.33677613024498,-23.63069390921009,-79.19161378970577,-18.775856249749303,2,42,7,5,-88.68551854598465,-9.281951493470423
2005-01-08 16:30:00,25,-45.0,-50.34491085221188,15.412183045907264,-51.0,-75.69795196272933,-24.99186974169444,-80.55278962219012,-20.137032082233645,2,42,7,5,-90.046694378469,-10.643127325954765
2005-01-08 17:30:00,25,-38.0,-49.49792311700232,15.412183045907264,-42.0,-74.85096422751977,-24.14488200648488,-79.70580188698057,-19.29004434702409,2,42,7,5,-89.19970664325945,-9.796139590745206
2005-01-08 18:30:00,25,-43.0,-46.47916992526319,15.412183045907264,-46.0,-71.83221103578065,-21.126128814745744,-76.68704869524143,-16.271291155284956,2,42,7,5,-86.18095345152031,-6.777386399006076
2005-01-08 19:30:00,25,-43.0,-43.78709544024149,15.412183045907264,-45.0,-69.14013655075894,-18.43405432972404,-73.99497421021972,-13.57921667026325,2,42,7,5,-83.4888789664986,-4.08531191398437
2005-01-08 20:30:00,25,-42.0,-42.17260302511883,15.412183045907264,-47.0,-67.52564413563628,-16.819561914601383,-72.38048179509707,-11.964724255140595,2,42,7,5,-81.87438655137595,-2.470819498861715
2005-01-08 21:30:00,25,-36.0,-41.57751280927493,15.412183045907264,-45.0,-66.93055391979237,-16.22447169875748,-71.78539157925317,-11.369634039296692,2,42,7,5,-81.27929633553205,-1.8757292830178116
2005-01-08 22:30:00,25,-35.0,-40.45638215797207,15.412183045907264,-38.0,-65.80942326848951,-15.103341047454617,-70.6642609279503,-10.248503387993829,2,42,7,5,-80.15816568422919,-0.7545986317149556
2005-01-08 23:30:00,25,-35.0,-40.3092287437148,15.412183045907264,-43.0,-65.66226985423225,-14.956187633197356,-70.51710751369305,-10.101349973736568,2,42,7,5,-80.01101226997191,-0.6074452174576805
2005-01-09 00:30:00,25,-28.0,-39.83949524516406,15.412183045907264,-43.0,-65.19253635568151,-14.48645413464661,-70.0473740151423,-9.631616475185822,2,42,7,5,-79.54127877142118,-0.13771171890694234
2005-01-09 01:30:00,25,-26.0,-39.142116420741054,15.412183045907264,-42.0,-64.4951575312585,-13.789075310223604,-69.34999519071928,-8.934237650762817,2,42,7,5,-78.84389994699816,0.5596671055160627
2005-01-09 02:30:00,25,-28.0,-36.32130804891909,15.412183045907264,-36.0,-61.67434915943655,-10.968266938401644,-66.52918681889733,-6.113429278940856,2,42,7,5,-76.02309157517621,3.380475477338024
2005-01-09 03:30:00,25,-28.0,-34.16331756022632,15.412183045907264,-35.0,-59.51635867074377,-8.81027644970887,-64.37119633020455,-3.955438790248081,2,42,7,5,-73.86510108648343,5.538465966030799
2005-01-09 04:30:00,25,-30.0,-32.68554011377351,15.412183045907264,-35.0,-58.038581224290965,-7.332499003256064,-62.89341888375175,-2.477661343795276,2,42,7,5,-72.38732364003063,7.016243412483604
2005-01-09 05:30:00,25,-30.0,-30.58456910985288,15.412183045907264,-28.0,-55.93761022037033,-5.231527999335434,-60.79244787983112,-0.3766903398746457,2,42,7,5,-70.28635263611,9.117214416404238
2005-01-09 06:30:00,25,-32.0,-28.41073710652504,15.412183045907264,-26.0,-53.763778217042486,-3.057695996007588,-58.61861587650327,1.7971416634531998,2,42,7,5,-68.11252063278215,11.291046419732076
2005-01-09 07:30:00,25,-31.0,-27.513787428246623,15.412183045907264,-28.0,-52.86682853876407,-2.160746317729174,-57.72166619822486,2.694091341731614,2,42,7,5,-67.21557095450373,12.187996098010494
2005-01-09 08:30:00,25,-26.0,-26.894318624609745,15.412183045907264,-28.0,-52.24735973512719,-1.5412775140922967,-57.10219739458798,3.313560145368492,2,42,7,5,-66.59610215086687,12.807464901647371
2005-01-09 09:30:00,25,-24.0,-26.987685519196503,15.412183045907264,-30.0,-52.34072662971396,-1.6346444086790548,-57.19556428917474,3.220193250781733,2,42,7,5,-66.68946904545362,12.714098007060613
2005-01-09 10:30:00,25,-18.0,-27.528514662226904,15.412183045907264,-30.0,-52.88155577274435,-2.1754735517094552,-57.73639343220514,2.679364107751333,2,42,7,5,-67.23029818848403,12.173268864030213
2005-01-09 11:30:00,25,-25.0,-28.450719645121804,15.412183045907264,-32.0,-53.80376075563925,-3.097678534604356,-58.658598415100045,1.7571591248564324,2,42,7,5,-68.15250317137892,11.251063881135313
2005-01-09 12:30:00,25,-26.0,-29.25139133828611,15.412183045907264,-31.0,-54.60443244880356,-3.89835022776866,-59.45927010826435,0.9564874316921284,2,42,7,5,-68.95317486454323,10.450392187971008
2005-01-09 13:30:00,25,-26.0,-28.82121121223308,15.412183045907264,-26.0,-54.174252322750526,-3.468170101715629,-59.02908998221132,1.3866675577451597,2,42,7,5,-68.5229947384902,10.880572314024036
2005-01-09 14:30:00,25,-23.0,-27.72910586279172,15.412183045907264,-24.0,-53.082146973309165,-2.376064752274268,-57.93698463276995,2.4787729071865208,2,42,7,5,-67.43088938904884,11.972677663465397
2005-01-09 15:30:00,25,-23.0,-25.81231447778371,15.412183045907264,-18.0,-51.16535558830115,-0.4592733672662596,-56.020193247761945,4.395564292194528,2,42,7,5,-65.51409800404082,13.889469048473408
2005-01-09 16:30:00,25,-23.0,-26.11824383666498,15.412183045907264,-25.0,-51.471284947182426,-0.7652027261475318,-56.32612260664322,4.089634933313256,2,42,7,5,-65.8200273629221,13.583539689592136
2005-01-09 17:30:00,25,-22.0,-25.74867264986253,15.412183045907264,-26.0,-51.10171376037998,-0.3956315393450857,-55.95655141984077,4.459206120115702,2,42,7,5,-65.45045617611964,13.953110876394586
2005-01-09 18:30:00,25,-20.0,-25.387006851979827,15.412183045907264,-26.0,-50.74004796249727,-0.0339657414623779,-55.59488562195806,4.82087191799841,2,42,7,5,-65.08879037823695,14.31477667427729
2005-01-09 19:30:00,25,-16.0,-24.33256642929641,15.412183045907264,-23.0,-49.68560753981386,1.0204746812210388,-54.54044519927464,5.875312340681827,2,42,7,5,-64.03434995555352,15.369217096960707
2005-01-09 20:30:00,25,-15.0,-23.47215561947051,15.412183045907264,-23.0,-48.82519672998796,1.88088549104694,-53.68003438944875,6.735723150507727,2,42,7,5,-63.17393914572763,16.229627906786607
2005-01-09 21:30:00,25,-15.0,-22.78829466538853,15.412183045907264,-23.0,-48.14133577590598,2.564746445128918,-52.99617343536677,7.419584104589706,2,42,7,5,-62.49007819164565,16.913488860868586
2005-01-09 22:30:00,25,-13.0,-22.466024821648592,15.412183045907264,-22.0,-47.81906593216604,2.887016288868857,-52.673903591626825,7.741853948329645,2,42,7,5,-62.167808347905705,17.235758704608525
2005-01-09 23:30:00,25,-15.0,-22.45518823401748,15.412183045907264,-20.0,-47.80822934453492,2.897852876499972,-52.663067003995714,7.75269053596076,2,42,7,5,-62.1569717602746,17.246595292239636
2005-01-10 00:30:00,25,-15.0,-22.85903295871208,15.412183045907264,-16.0,-48.21207406922953,2.494008151805371,-53.06691172869032,7.348845811266159,2,42,7,5,-62.560816484969195,16.842750567545036
2005-01-10 01:30:00,25,-10.0,-22.05814467167984,15.412183045907264,-15.0,-47.41118578219729,3.294896438837608,-52.26602344165808,8.149734098298396,2,42,7,5,-61.75992819793696,17.643638854577276
2005-01-10 02:30:00,25,-8.0,-21.11182135834521,15.412183045907264,-15.0,-46.46486246886266,4.241219752172238,-51.31970012832345,9.096057411633026,2,42,7,5,-60.81360488460233,18.589962167911906
2005-01-10 03:30:00,25,-6.0,-19.583984300501143,15.412183045907264,-13.0,-44.9370254110186,5.7690568100163055,-49.79186307047938,10.623894469477094,2,42,7,5,-59.28576782675826,20.117799225755974
2005-01-10 04:30:00,25,-6.0,-17.19540091341773,15.412183045907264,-15.0,-42.54844202393518,8.15764019709972,-47.403279683395965,13.012477856560508,2,42,7,5,-56.897184439674845,22.50638261283939
2005-01-10 05:30:00,25,-10.0,-10.000066948747282,0.0677878861984795,-15.0,-10.111578021543782,-9.888555875950782,-10.132931205696302,-9.867202691798262,2,42,7,5,-10.174688543594565,-9.8254453539
2005-01-10 06:30:00,25,-12.0,-12.000052013388544,0.0677878861984795,-10.0,-12.111563086185043,-11.888540940592044,-12.132916270337564,-11.867187756439524,2,42,7,5,-12.174673608235826,-11.825430418541261
2005-01-10 07:30:00,25,-17.0,-16.99998858637253,0.0677878861984795,-8.0,-17.11149965916903,-16.88847751357603,-17.13285284332155,-16.86712432942351,2,42,7,5,-17.174610181219816,-16.825366991525247
2005-01-10 08:30:00,25,-18.0,-17.999981624283535,0.0677878861984795,-6.0,-18.111492697080035,-17.888470551487035,-18.132845881232555,-17.867117367334515,2,42,7,5,-18.17460321913082,-17.82536002943625
2005-01-10 09:30:00,25,-18.0,-17.99994770001745,0.0677878861984795,-6.0,-18.11145877281395,-17.88843662722095,-18.13281195696647,-17.86708344306843,2,42,7,5,-18.174569294864735,-17.825326105170166
2005-01-10 10:30:00,25,-18.0,-17.99995321098335,0.0677878861984795,-10.0,-18.11146428377985,-17.88844213818685,-18.13281746793237,-17.86708895403433,2,42,7,5,-18.174574805830634,-17.825331616136065
2005-01-10 11:30:00,25,-14.0,-14.000038114488436,0.0677878861984795,-12.0,-14.111549187284936,-13.888527041691937,-14.132902371437456,-13.867173857539417,2,42,7,5,-14.17465970933572,-13.825416519641154
2005-01-10 12:30:00,25,-14.0,-14.000024882441757,0.0677878861984795,-17.0,-14.111535955238256,-13.888513809645255,-14.132889139390777,-13.867160625492737,2,42,7,5,-14.17464647728904,-13.825403287594474
2005-01-10 13:30:00,25,-16.0,-16.000014888336565,0.0677878861984795,-18.0,-16.111525961133065,-15.888503815540066,-16.132879145285585,-15.867150631387544,2,42,7,5,-16.17463648318385,-15.825393293489283
2005-01-10 14:30:00,25,-18.0,-17.999999192224458,0.0677878861984795,-18.0,-18.11151026502096,-17.888488119427958,-18.13286344917348,-17.867134935275438,2,42,7,5,-18.174620787071742,-17.825377597377173
2005-01-10 15:30:00,25,-19.0,-18.999992459133093,0.0677878861984795,-18.0,-19.1115035319296,-18.8884813863366,-19.13285671608212,-18.86712820218408,2,42,7,5,-19.174614053980378,-18.82537086428581
2005-01-10 16:30:00,25,-23.0,-22.99993412457615,0.0677878861984795,-14.0,-23.11144519737265,-22.88842305177965,-23.13279838152517,-22.86706986762713,2,42,7,5,-23.174555719423434,-22.825312529728865
2005-01-10 17:30:00,25,-25.0,-24.99990875763848,0.0677878861984795,-14.0,-25.111419830434976,-24.888397684841976,-25.132773014587496,-24.867044500689456,2,42,7,5,-25.174530352485764,-24.825287162791195
2005-01-10 18:30:00,25,-22.0,-21.99993576692724,0.0677878861984795,-16.0,-22.111446839723737,-21.888424694130737,-22.132800023876257,-21.867071509978217,2,42,7,5,-22.174557361774525,-21.825314172079956
2005-01-10 19:30:00,25,-23.0,-22.99993884399225,0.0677878861984795,-18.0,-23.11144991678876,-22.888427771195754,-23.13280310094128,-22.86707458704324,2,42,7,5,-23.174560438839535,-22.825317249144966
2005-01-10 20:30:00,25,-24.0,-23.999945994419623,0.0677878861984795,-19.0,-24.11145706721613,-23.888434921623126,-24.13281025136865,-23.86708173747061,2,42,7,5,-24.174567589266907,-23.825324399572338
2005-01-10 21:30:00,25,-18.0,-18.00001146043102,0.0677878861984795,-23.0,-18.11152253322752,-17.88850038763452,-18.13287571738004,-17.867147203482,2,42,7,5,-18.174633055278303,-17.825389865583734
2005-01-10 22:30:00,25,-18.0,-18.000007008782084,0.0677878861984795,-25.0,-18.111518081578584,-17.888495935985585,-18.132871265731104,-17.867142751833065,2,42,7,5,-18.17462860362937,-17.8253854139348
2005-01-10 23:30:00,25,-16.0,-16.00002582582575,0.0677878861984795,-22.0,-16.11153689862225,-15.888514753029252,-16.13289008277477,-15.867161568876732,2,42,7,5,-16.174647420673036,-15.825404230978469
2005-01-11 00:30:00,25,-18.0,-18.000022302751304,0.0677878861984795,-23.0,-18.111533375547804,-17.888511229954805,-18.132886559700324,-17.867158045802285,2,42,7,5,-18.17464389759859,-17.82540070790402
2005-01-11 01:30:00,25,-17.0,-17.000098618986254,0.0677878861984795,-24.0,-17.111609691782753,-16.888587546189754,-17.132962875935274,-16.867234362037234,2,42,7,5,-17.174720213833538,-16.82547702413897
2005-01-11 02:30:00,25,-17.0,-17.000079494096113,0.0677878861984795,-18.0,-17.111590566892612,-16.888568421299613,-17.132943751045133,-16.867215237147093,2,42,7,5,-17.174701088943397,-16.82545789924883
2005-01-11 03:30:00,25,-16.0,-16.00003042443931,0.0677878861984795,-18.0,-16.11154149723581,-15.88851935164281,-16.13289468138833,-15.86716616749029,2,42,7,5,-16.174652019286594,-15.825408829592027
2005-01-11 04:30:00,25,-22.0,-22.00000476493355,0.0677878861984795,-16.0,-22.11151583773005,-21.88849369213705,-22.13286902188257,-21.86714050798453,2,42,7,5,-22.174626359780834,-21.825383170086265
2005-01-11 05:30:00,25,-27.0,-26.999963067471384,0.0677878861984795,-18.0,-27.111474140267884,-26.888451994674885,-27.132827324420404,-26.867098810522364,2,42,7,5,-27.17458466231867,-26.8253414726241
2005-01-11 06:30:00,25,-32.0,-31.999859188237995,0.0677878861984795,-17.0,-32.111370261034494,-31.88834811544149,-32.13272344518702,-31.86699493128897,2,42,7,5,-32.17448078308528,-31.82523759339071
2005-01-11 07:30:00,25,-32.0,-31.999848784148195,0.0677878861984795,-17.0,-32.111359856944695,-31.888337711351696,-32.13271304109722,-31.86698452719917,2,42,7,5,-32.17447037899548,-31.82522718930091
2005-01-11 08:30:00,25,-33.0,-32.999844028409846,0.0677878861984795,-16.0,-33.11135510120634,-32.88833295561335,-33.132708285358866,-32.86697977146083,2,42,7,5,-33.17446562325713,-32.825222433562566
2005-01-11 09:30:00,25,-30.0,-30.00006160312576,0.0677878861984795,-22.0,-30.111572675922258,-29.88855053032926,-30.13292586007477,-29.86719734617673,2,42,7,5,-30.174683197973046,-29.825440008278477
2005-01-11 10:30:00,25,-32.0,-32.00004628441214,0.0677878861984795,-27.0,-32.11155735720864,-31.888535211615643,-32.13291054136116,-31.867182027463123,2,42,7,5,-32.174667879259424,-31.82542468956486
2005-01-11 11:30:00,25,-25.0,-25.00004835820342,0.0677878861984795,-32.0,-25.11155943099992,-24.88853728540692,-25.13291261515244,-24.8671841012544,2,42,7,5,-25.174669953050703,-24.825426763356134
2005-01-11 12:30:00,25,-20.0,-20.0001284136523,0.0677878861984795,-32.0,-20.1116394864488,-19.8886173408558,-20.13299267060132,-19.86726415670328,2,42,7,5,-20.174750008499583,-19.825506818805014
2005-01-11 13:30:00,25,-22.0,-22.00015219711618,0.0677878861984795,-33.0,-22.11166326991268,-21.88864112431968,-22.1330164540652,-21.86728794016716,2,42,7,5,-22.174773791963464,-21.825530602268895
2005-01-11 14:30:00,25,-26.0,-26.00006499038332,0.0677878861984795,-30.0,-26.11157606317981,-25.88855391758682,-26.13292924733234,-25.8672007334343,2,42,7,5,-26.174686585230603,-25.825443395536034
2005-01-11 15:30:00,25,-26.0,-26.000005749671395,0.0677878861984795,-32.0,-26.11151682246789,-25.88849467687489,-26.13287000662041,-25.86714149272237,2,42,7,5,-26.17462734451868,-25.82538415482411
2005-01-11 16:30:00,25,-13.0,-13.000100290154284,0.0677878861984795,-25.0,-13.111611362950782,-12.888589217357785,-13.132964547103304,-12.867236033205264,2,42,7,5,-13.174721885001567,-12.825478695307002
2005-01-11 17:30:00,25,-1.0,-1.0002094187821342,0.0677878861984795,-20.0,-1.1117204915786332,-0.8886983459856354,-1.133073675731154,-0.8673451618331143,2,42,7,5,-1.1748310136294173,-0.825587823934851
2005-01-11 18:30:00,25,0.0,-0.0002382394077287,0.0677878861984795,-22.0,-0.1117493122042276,0.1112728333887701,-0.1331024963567486,0.1326260175412912,2,42,7,5,-0.17485983425501192,0.1743833554395545
2005-01-11 19:30:00,25,2.0,1.99974508182514,0.0677878861984795,-26.0,1.8882340090286405,2.111256154621638,1.8668808248761195,2.13260933877416,2,42,7,5,1.825123486977857,2.1743666766724234
2005-01-11 20:30:00,25,3.0,2.999701593289778,0.0677878861984795,-26.0,2.8881905204932794,3.111212666086277,2.866837336340758,3.132565850238798,2,42,7,5,2.825079998442495,3.1743231881370613
2005-01-11 21:30:00,25,1.0,0.999789849365726,0.0677878861984795,-13.0,0.8882787765692272,1.111300922162225,0.8669255924167061,1.132654106314746,2,42,7,5,0.8251682545184428,1.1744114442130091
2005-01-11 22:30:00,25,-8.0,-8.000115657384985,0.0677878861984795,-1.0,-8.111626730181484,-7.888604584588486,-8.132979914334005,-7.867251400435965,2,42,7,5,-8.174737252232267,-7.825494062537701
2005-01-11 23:30:00,25,-18.0,-17.999956863296372,0.0677878861984795,0.0,-18.111467936092872,-17.888445790499873,-18.132821120245392,-17.867092606347352,2,42,7,5,-18.174578458143657,-17.825335268449088
2005-01-12 00:30:00,25,-12.0,-12.000040724896053,0.0677878861984795,2.0,-12.111551797692552,-11.888529652099551,-12.132904981845073,-11.867176467947033,2,42,7,5,-12.174662319743335,-11.82541913004877
2005-01-12 01:30:00,25,-1.0,-1.0001618529916492,0.0677878861984795,3.0,-1.111672925788148,-0.8886507801951503,-1.133026109940669,-0.8672975960426292,2,42,7,5,-1.1747834478389323,-0.8255402581443659
2005-01-12 02:30:00,25,2.0,1.999825648545432,0.0677878861984795,1.0,1.888314575748933,2.1113367213419307,1.866961391596412,2.132689905494452,2,42,7,5,1.8252040536981489,2.174447243392715
2005-01-12 03:30:00,25,-29.0,-28.999998622699582,0.0677878861984795,-8.0,-29.11150969549608,-28.888487549903083,-29.1328628796486,-28.86713436575056,2,42,7,5,-29.174620217546867,-28.825377027852298
2005-01-12 04:30:00,25,-41.0,-40.99991357477485,0.0677878861984795,-18.0,-41.11142464757135,-40.88840250197836,-41.13277783172387,-40.86704931782583,2,42,7,5,-41.17453516962213,-40.82529197992757
2005-01-12 05:30:00,25,-35.0,-34.99982857847384,0.0677878861984795,-12.0,-35.111339651270335,-34.88831750567734,-35.13269283542286,-34.86696432152482,2,42,7,5,-35.17445017332112,-34.82520698362656
2005-01-12 06:30:00,25,-39.0,-38.999784506257576,0.0677878861984795,-1.0,-39.11129557905407,-38.88827343346108,-39.1326487632066,-38.86692024930856,2,42,7,5,-39.17440610110486,-38.825162911410295
2005-01-12 07:30:00,25,-49.0,-48.999911147988,0.0677878861984795,2.0,-49.1114222207845,-48.88840007519151,-49.13277540493702,-48.86704689103898,2,42,7,5,-49.17453274283528,-48.82528955314072
2005-01-12 08:30:00,25,-47.0,-47.00006628320744,0.0677878861984795,-29.0,-47.111577356003934,-46.88855521041094,-47.13293054015646,-46.86720202625842,2,42,7,5,-47.17468787805472,-46.82544468836016
2005-01-12 09:30:00,25,-47.0,-46.99977917166228,0.0677878861984795,-41.0,-47.11129024445877,-46.88826809886578,-47.132643428611296,-46.866914914713256,2,42,7,5,-47.174400766509564,-46.825157576815
2005-01-12 10:30:00,25,-50.0,-49.99976843678611,0.0677878861984795,-35.0,-50.11127950958261,-49.88825736398962,-50.13263269373513,-49.86690417983709,2,42,7,5,-50.17439003163339,-49.82514684193883
2005-01-12 11:30:00,25,-43.0,-42.99987053053117,0.0677878861984795,-39.0,-43.11138160332767,-42.88835945773467,-43.13273478748019,-42.86700627358215,2,42,7,5,-43.17449212537845,-42.82524893568389
2005-01-12 12:30:00,25,-42.0,-41.99995824056987,0.0677878861984795,-49.0,-42.11146931336637,-41.88844716777337,-42.13282249751889,-41.86709398362085,2,42,7,5,-42.17457983541715,-41.82533664572259
2005-01-12 13:30:00,25,-39.0,-38.99998568848304,0.0677878861984795,-47.0,-39.11149676127954,-38.88847461568655,-39.13284994543206,-38.86712143153402,2,42,7,5,-39.17460728333032,-38.825364093635756
2005-01-12 14:30:00,25,-36.0,-36.000082555319146,0.0677878861984795,-47.0,-36.11159362811564,-35.88857148252265,-36.132946812268166,-35.867218298370126,2,42,7,5,-36.17470415016643,-35.825460960471865
2005-01-12 15:30:00,25,-40.0,-40.00003562711528,0.0677878861984795,-50.0,-40.11154669991177,-39.88852455431878,-40.13289988406429,-39.867171370166254,2,42,7,5,-40.17465722196256,-39.825414032268
2005-01-12 16:30:00,25,-36.0,-36.000045690720256,0.0677878861984795,-43.0,-36.11155676351675,-35.88853461792376,-36.13290994766928,-35.86718143377124,2,42,7,5,-36.17466728556754,-35.825424095872975
2005-01-12 17:30:00,25,-36.0,-36.000059744339694,0.0677878861984795,-42.0,-36.11157081713619,-35.8885486715432,-36.13292400128872,-35.867195487390674,2,42,7,5,-36.174681339186975,-35.82543814949241
2005-01-12 18:30:00,25,-40.0,-39.99999801812116,0.0677878861984795,-39.0,-40.11150909091766,-39.888486945324665,-40.13286227507018,-39.86713376117214,2,42,7,5,-40.17461961296844,-39.82537642327388
2005-01-12 19:30:00,25,-43.0,-42.99995967100309,0.0677878861984795,-36.0,-43.11147074379959,-42.888448598206594,-43.13282392795211,-42.86709541405407,2,42,7,5,-43.17458126585037,-42.82533807615581
2005-01-12 20:30:00,25,-46.0,-45.999936775544384,0.0677878861984795,-40.0,-46.11144784834088,-45.88842570274789,-46.13280103249341,-45.86707251859536,2,42,7,5,-46.174558370391665,-45.8253151806971
2005-01-12 21:30:00,25,-34.0,-34.00005805347507,0.0677878861984795,-36.0,-34.11156912627157,-33.888546980678576,-34.13292231042409,-33.86719379652605,2,42,7,5,-34.17467964832235,-33.82543645862779
2005-01-12 22:30:00,25,-28.0,-28.00010330889599,0.0677878861984795,-36.0,-28.11161438169249,-27.88859223609949,-28.13296756584501,-27.86723905194697,2,42,7,5,-28.174724903743275,-27.825481714048706
2005-01-12 23:30:00,25,-31.0,-31.000084348981545,0.0677878861984795,-40.0,-31.111595421778045,-30.88857327618505,-31.132948605930565,-30.867220092032525,2,42,7,5,-31.17470594382883,-30.82546275413426
2005-01-13 00:30:00,25,-30.0,-30.000105578610835,0.0677878861984795,-43.0,-30.11161665140733,-29.888594505814336,-30.13296983555985,-29.86724132166181,2,42,7,5,-30.17472717345812,-29.82548398376355
2005-01-13 01:30:00,25,-24.0,-24.00015396950731,0.0677878861984795,-46.0,-24.11166504230381,-23.88864289671081,-24.13301822645633,-23.86728971255829,2,42,7,5,-24.174775564354594,-23.825532374660025
2005-01-13 02:30:00,25,-20.0,-20.00017600274229,0.0677878861984795,-34.0,-20.11168707553879,-19.88866492994579,-20.13304025969131,-19.86731174579327,2,42,7,5,-20.174797597589574,-19.825554407895005
2005-01-13 03:30:00,25,-21.0,-21.00014961039908,0.0677878861984795,-28.0,-21.11166068319558,-20.88863853760258,-21.1330138673481,-20.86728535345006,2,42,7,5,-21.174771205246365,-20.825528015551797
2005-01-13 04:30:00,25,-23.0,-23.00013237727349,0.0677878861984795,-31.0,-23.11164345006999,-22.88862130447699,-23.13299663422251,-22.86726812032447,2,42,7,5,-23.174753972120776,-22.825510782426207
2005-01-13 05:30:00,25,-22.0,-22.000136540457,0.0677878861984795,-30.0,-22.111647613253496,-21.888625467660496,-22.133000797406016,-21.867272283507976,2,42,7,5,-22.174758135304284,-21.825514945609715
2005-01-13 06:30:00,25,-25.0,-25.00008838766009,0.0677878861984795,-24.0,-25.11159946045659,-24.88857731486359,-25.13295264460911,-24.86722413071107,2,42,7,5,-25.174709982507373,-24.825466792812804
2005-01-13 07:30:00,25,-27.0,-27.00006584677492,0.0677878861984795,-20.0,-27.111576919571416,-26.888554773978417,-27.132930103723936,-26.867201589825896,2,42,7,5,-27.174687441622204,-26.825444251927635
2005-01-13 08:30:00,25,-29.0,-29.00004741718565,0.0677878861984795,-21.0,-29.11155848998215,-28.888536344389152,-29.13291167413467,-28.867183160236632,2,42,7,5,-29.174669012032936,-28.825425822338367
2005-01-13 09:30:00,25,-31.0,-31.000029798253376,0.0677878861984795,-23.0,-31.11154087104988,-30.88851872545688,-31.1328940552024,-30.86716554130436,2,42,7,5,-31.17465139310066,-30.82540820340609
2005-01-13 10:30:00,25,-29.0,-29.00003620265161,0.0677878861984795,-22.0,-29.11154727544812,-28.888525129855115,-29.132900459600634,-28.867171945702594,2,42,7,5,-29.174657797498895,-28.825414607804326
2005-01-13 11:30:00,25,-20.0,-20.00010590121596,0.0677878861984795,-25.0,-20.111616974012453,-19.888594828419453,-20.132970158164973,-19.867241644266933,2,42,7,5,-20.174727496063245,-19.825484306368676
2005-01-13 12:30:00,25,-18.0,-18.000118714951356,0.0677878861984795,-27.0,-18.11162978774785,-17.888607642154856,-18.13298297190037,-17.867254458002336,2,42,7,5,-18.17474030979864,-17.82549712010407
2005-01-13 13:30:00,25,-18.0,-18.000107263587168,0.0677878861984795,-29.0,-18.111618336383668,-17.88859619079067,-18.132971520536188,-17.867243006638148,2,42,7,5,-18.174728858434452,-17.825485668739883
2005-01-13 14:30:00,25,-17.0,-17.00011895036654,0.0677878861984795,-31.0,-17.11163002316304,-16.888607877570042,-17.13298320731556,-16.86725469341752,2,42,7,5,-17.174740545213826,-16.825497355519257
2005-01-13 15:30:00,25,-19.0,-19.00010628603834,0.0677878861984795,-29.0,-19.11161735883484,-18.88859521324184,-19.13297054298736,-18.86724202908932,2,42,7,5,-19.174727880885623,-18.825484691191054
2005-01-13 16:30:00,25,-23.0,-23.00002933452717,0.0587060772373542,-20.0,-23.096600831582617,-22.903457837471723,-23.115093245912384,-22.88496542314196,2,42,7,5,-23.151256189490596,-22.848802479563744
2005-01-13 17:30:00,25,-25.0,-25.0000180280034,0.0587060772373542,-18.0,-25.09658952505885,-24.90344653094796,-25.115081939388613,-24.884954116618182,2,42,7,5,-25.151244882966825,-24.848791173039974
2005-01-13 18:30:00,25,-23.0,-23.000021929376715,0.0587060772373542,-18.0,-23.09659342643216,-22.903450432321268,-23.115085840761928,-22.8849580179915,2,42,7,5,-23.15124878434014,-22.84879507441329
2005-01-13 19:30:00,25,-23.0,-23.000020878542163,0.0587060772373542,-17.0,-23.09659237559761,-22.90344938148672,-23.115084789927376,-22.88495696715695,2,42,7,5,-23.15124773350559,-22.848794023578737
2005-01-13 20:30:00,25,-25.0,-25.00001429457005,0.0587060772373542,-19.0,-25.0965857916255,-24.903442797514607,-25.115078205955268,-24.88495038318484,2,42,7,5,-25.151241149533476,-24.848787439606625
2005-01-13 21:30:00,25,-28.0,-28.000009051676063,0.0587060772373542,-23.0,-28.09658054873152,-27.90343755462062,-28.11507296306128,-27.884945140290853,2,42,7,5,-28.15123590663949,-27.848782196712637
2005-01-13 22:30:00,25,-24.0,-24.000000827163824,0.0587060772373542,-25.0,-24.09657232421927,-23.903429330108377,-24.11506473854904,-23.88493691577861,2,42,7,5,-24.15122768212725,-23.848773972200398
2005-01-13 23:30:00,25,-23.0,-23.00000966946392,0.0587060772373542,-23.0,-23.096581166519364,-22.90343817240847,-23.11507358084913,-22.884945758078704,2,42,7,5,-23.151236524427347,-22.848782814500495
2005-01-14 00:30:00,25,-22.0,-22.00000951923183,0.0587060772373542,-23.0,-22.09658101628728,-21.903438022176385,-22.115073430617045,-21.884945607846618,2,42,7,5,-22.151236374195257,-21.848782664268406
2005-01-14 01:30:00,25,-21.0,-21.00002127966904,0.0587060772373542,-25.0,-21.09659277672449,-20.903449782613595,-21.115085191054256,-20.88495736828383,2,42,7,5,-21.151248134632464,-20.848794424705613
2005-01-14 02:30:00,25,-18.0,-18.000022466003006,0.0587060772373542,-28.0,-18.096593963058453,-17.90345096894756,-18.11508637738822,-17.884958554617793,2,42,7,5,-18.151249320966432,-17.84879561103958
2005-01-14 03:30:00,25,-13.0,-13.00004428659162,0.0587060772373542,-24.0,-13.096615783647067,-12.903472789536172,-13.115108197976834,-12.884980375206409,2,42,7,5,-13.151271141555045,-12.848817431628197
2005-01-14 04:30:00,25,-14.0,-14.000033352314912,0.0587060772373542,-23.0,-14.09660484937036,-13.903461855259463,-14.115097263700124,-13.884969440929698,2,42,7,5,-14.151260207278336,-13.848806497351488
2005-01-14 05:30:00,25,-17.0,-17.000015201744212,0.0587060772373542,-22.0,-17.09658669879966,-16.903443704688765,-17.115079113129426,-16.884951290358998,2,42,7,5,-17.151242056707638,-16.848788346780786
2005-01-14 06:30:00,25,-22.0,-21.99999082300864,0.0587060772373542,-21.0,-22.096562320064084,-21.90341932595319,-22.11505473439385,-21.884926911623424,2,42,7,5,-22.151217677972067,-21.848763968045215
2005-01-14 07:30:00,25,-24.0,-23.99997754040249,0.0587060772373542,-18.0,-24.096549037457937,-23.903406043347044,-24.115041451787704,-23.88491362901728,2,42,7,5,-24.151204395365916,-23.848750685439065
2005-01-14 08:30:00,25,-27.0,-26.999961377934355,0.0587060772373542,-13.0,-27.0965328749898,-26.90338988087891,-27.11502528931957,-26.88489746654914,2,42,7,5,-27.15118823289778,-26.84873452297093
2005-01-14 09:30:00,25,-30.0,-29.999944026567224,0.0587060772373542,-14.0,-30.09651552362267,-29.903372529511778,-30.11500793795244,-29.88488011518201,2,42,7,5,-30.15117088153065,-29.8487171716038
2005-01-14 10:30:00,25,-30.0,-29.999955499593987,0.0587060772373542,-17.0,-30.09652699664944,-29.90338400253854,-30.1150194109792,-29.88489158820877,2,42,7,5,-30.151182354557413,-29.84872864463056
2005-01-14 11:30:00,25,-26.0,-25.999966760499188,0.0587060772373542,-22.0,-26.096538257554634,-25.90339526344374,-26.1150306718844,-25.88490284911397,2,42,7,5,-26.151193615462613,-25.848739905535762
2005-01-14 12:30:00,25,-21.0,-20.99997973723972,0.0587060772373542,-24.0,-21.09655123429517,-20.90340824018428,-21.115043648624933,-20.884915825854502,2,42,7,5,-21.151206592203145,-20.848752882276294
2005-01-14 13:30:00,25,-18.0,-17.999994972306325,0.0587060772373542,-27.0,-18.09656646936177,-17.90342347525088,-18.11505888369154,-17.88493106092111,2,42,7,5,-18.15122182726975,-17.8487681173429
2005-01-14 14:30:00,25,-16.0,-16.00000849084031,0.0587060772373542,-30.0,-16.09657998789576,-15.903436993784863,-16.115072402225525,-15.884944579455098,2,42,7,5,-16.151235345803737,-15.848781635876888
2005-01-14 15:30:00,25,-13.0,-13.000026545231163,0.0587060772373542,-30.0,-13.096598042286614,-12.903455048175717,-13.11509045661638,-12.884962633845952,2,42,7,5,-13.151253400194587,-12.84879969026774
2005-01-14 16:30:00,25,-12.0,-12.000033371895343,0.0587060772373542,-26.0,-12.096604868950791,-11.903461874839897,-12.11509728328056,-11.884969460510131,2,42,7,5,-12.151260226858767,-11.84880651693192
2005-01-14 17:30:00,25,-11.0,-11.000032451950071,0.0587060772373542,-21.0,-11.09660394900552,-10.903460954894625,-11.115096363335288,-10.88496854056486,2,42,7,5,-11.151259306913495,-10.848805596986647
2005-01-14 18:30:00,25,-10.0,-10.0000331359247,0.0587060772373542,-18.0,-10.096604632980148,-9.903461638869253,-10.115097047309913,-9.884969224539486,2,42,7,5,-10.151259990888123,-9.848806280961275
2005-01-14 19:30:00,25,-11.0,-11.000022624547515,0.0587060772373542,-16.0,-11.096594121602964,-10.903451127492067,-11.115086535932727,-10.884958713162302,2,42,7,5,-11.15124947951094,-10.848795769584092
2005-01-14 20:30:00,25,-18.0,-17.99998309482526,0.0587060772373542,-13.0,-18.096554591880707,-17.903411597769814,-18.115047006210474,-17.884919183440047,2,42,7,5,-18.151209949788687,-17.848756239861835
2005-01-14 21:30:00,25,-28.0,-27.99993357560335,0.0587060772373542,-12.0,-28.0965050726588,-27.903362078547904,-28.114997486988564,-27.884869664218137,2,42,7,5,-28.151160430566776,-27.848706720639925
2005-01-14 22:30:00,25,-32.0,-31.999911555223186,0.0587060772373542,-11.0,-32.09648305227863,-31.903340058167736,-32.1149754666084,-31.88484764383797,2,42,7,5,-32.15113841018661,-31.84868470025976
2005-01-14 23:30:00,25,-32.0,-31.99990553005493,0.0587060772373542,-10.0,-32.09647702711038,-31.903334032999485,-32.114969441440145,-31.88484161866972,2,42,7,5,-32.15113238501836,-31.848678675091506
2005-01-15 00:30:00,25,-30.0,-29.99992742626481,0.0587060772373542,-11.0,-30.09649892332025,-29.903355929209365,-30.114991337650025,-29.8848635148796,2,42,7,5,-30.151154281228237,-29.848700571301386
2005-01-15 01:30:00,25,-28.0,-28.000011584744907,0.0587060772373542,-18.0,-28.09658308180036,-27.90344008768946,-28.11507549613012,-27.884947673359694,2,42,7,5,-28.151238439708333,-27.84878472978148
2005-01-15 02:30:00,25,-25.0,-25.000043264194105,0.0587060772373542,-28.0,-25.09661476124955,-24.90347176713865,-25.11510717557932,-24.88497935280889,2,42,7,5,-25.15127011915753,-24.84881640923068
2005-01-15 03:30:00,25,-27.0,-27.000046837455283,0.0587060772373542,-32.0,-27.09661833451073,-26.90347534039984,-27.115110748840497,-26.88498292607007,2,42,7,5,-27.15127369241871,-26.848819982491857
2005-01-15 04:30:00,25,-26.0,-26.00004013096414,0.0587060772373542,-32.0,-26.096611628019588,-25.90346863390869,-26.115104042349355,-25.884976219578927,2,42,7,5,-26.151266985927567,-25.848813276000715
2005-01-15 05:30:00,25,-30.0,-30.000025689544607,0.0587060772373542,-30.0,-30.096597186600054,-29.90345419248916,-30.11508960092982,-29.8849617781594,2,42,7,5,-30.151252544508033,-29.84879883458118
2005-01-15 06:30:00,25,-25.0,-25.00001248777405,0.0587060772373542,-28.0,-25.096583984829497,-24.903440990718604,-25.115076399159264,-24.88494857638884,2,42,7,5,-25.151239342737476,-24.848785632810625
2005-01-15 07:30:00,25,-31.0,-30.99999956691181,0.0587060772373542,-25.0,-31.096571063967264,-30.90342806985637,-31.11506347829703,-30.884935655526604,2,42,7,5,-31.151226421875236,-30.848772711948385
2005-01-15 08:30:00,25,-32.0,-31.999981381303712,0.0587060772373542,-27.0,-32.09655287835916,-31.903409884248266,-32.115045292688926,-31.8849174699185,2,42,7,5,-32.15120823626714,-31.848754526340286
2005-01-15 09:30:00,25,-33.0,-32.99997890786245,0.0587060772373542,-26.0,-33.0965504049179,-32.903407410807,-33.11504281924766,-32.884914996477235,2,42,7,5,-33.151205762825875,-32.84875205289902
2005-01-15 10:30:00,25,-33.0,-32.99996793111714,0.0587060772373542,-30.0,-33.09653942817259,-32.90339643406169,-33.115031842502354,-32.88490401973193,2,42,7,5,-33.151194786080566,-32.848741076153715
2005-01-15 11:30:00,25,-36.0,-35.99997029860866,0.0587060772373542,-25.0,-36.09654179566411,-35.90339880155321,-36.11503420999387,-35.884906387223445,2,42,7,5,-36.151197153572085,-35.84874344364523
2005-01-15 12:30:00,25,-34.0,-33.99997823870551,0.0587060772373542,-31.0,-34.09654973576096,-33.90340674165006,-34.11504215009072,-33.884914327320296,2,42,7,5,-34.151205093668935,-33.84875138374208
2005-01-15 13:30:00,25,-31.0,-31.000021865763205,0.0587060772373542,-32.0,-31.09659336281865,-30.90345036870776,-31.11508577714842,-30.88495795437799,2,42,7,5,-31.15124872072663,-30.84879501079978
2005-01-15 14:30:00,25,-28.0,-28.00001807937231,0.0587060772373542,-33.0,-28.09658957642776,-27.903446582316864,-28.115081990757524,-27.884954167987097,2,42,7,5,-28.151244934335736,-27.848791224408885
2005-01-15 15:30:00,25,-24.0,-24.0000283341544,0.0587060772373542,-33.0,-24.096599831209847,-23.90345683709896,-24.11509224553961,-23.884964422769187,2,42,7,5,-24.151255189117826,-23.848801479190975
2005-01-15 16:30:00,25,-24.0,-24.00002838525265,0.0587060772373542,-36.0,-24.09659988230809,-23.903456888197205,-24.115092296637865,-23.88496447386744,2,42,7,5,-24.151255240216077,-23.848801530289226
2005-01-15 17:30:00,25,-24.0,-24.00001720750457,0.0587060772373542,-34.0,-24.096588704560016,-23.903445710449123,-24.115081118889783,-23.88495329611936,2,42,7,5,-24.151244062467995,-23.848790352541144
2005-01-15 18:30:00,25,-24.0,-24.000014394412897,0.0587060772373542,-31.0,-24.096585891468344,-23.90344289735745,-24.11507830579811,-23.884950483027684,2,42,7,5,-24.151241249376323,-23.84878753944947
2005-01-15 19:30:00,25,-27.0,-26.99999500166388,0.0587060772373542,-28.0,-27.09656649871932,-26.903423504608423,-27.115058913049086,-26.88493109027866,2,42,7,5,-27.151221856627306,-26.848768146700454
2005-01-15 20:30:00,25,-25.0,-24.99999919669783,0.0587060772373542,-24.0,-25.096570693753275,-24.903427699642386,-25.11506310808304,-24.88493528531261,2,42,7,5,-25.151226051661254,-24.848772341734403
2005-01-15 21:30:00,25,-22.0,-22.000018668512617,0.0587060772373542,-24.0,-22.096590165568063,-21.90344717145717,-22.11508257989783,-21.884954757127403,2,42,7,5,-22.151245523476042,-21.84879181354919
2005-01-15 22:30:00,25,-18.0,-18.00003457735354,0.0587060772373542,-24.0,-18.096606074408985,-17.903463080298092,-18.115098488738752,-17.884970665968325,2,42,7,5,-18.151261432316964,-17.848807722390113
2005-01-15 23:30:00,25,-17.0,-17.000036260298536,0.0587060772373542,-24.0,-17.096607757353983,-16.90346476324309,-17.11510017168375,-16.884972348913323,2,42,7,5,-17.151263115261962,-16.84880940533511
2005-01-16 00:30:00,25,-16.0,-16.00013006903508,0.1007696339359664,-27.0,-16.165896116859745,-15.834364021210416,-16.197638551549574,-15.802621586520583,2,42,7,5,-16.25971264605413,-15.74054749201603
2005-01-16 01:30:00,25,-16.0,-16.000138416327324,0.1147633963150873,-25.0,-16.188924203265643,-15.811352629389006,-16.225074673104896,-15.775202159549751,2,42,7,5,-16.295768925234988,-15.704507907419659
2005-01-16 02:30:00,25,-16.0,-16.00004046500078,0.0732005339324699,-22.0,-16.120455343319694,-15.879625586681868,-16.14351351150842,-15.85656741849314,2,42,7,5,-16.18860504041082,-15.811475889590737
2005-01-16 03:30:00,25,-17.0,-17.000012631810804,0.0587060772373542,-18.0,-17.09658412886625,-16.903441134755358,-17.115076543196018,-16.88494872042559,2,42,7,5,-17.15123948677423,-16.84878577684738
2005-01-16 04:30:00,25,-16.0,-16.000012378923856,0.0587060772373542,-17.0,-16.096583875979302,-15.903440881868407,-16.11507629030907,-15.884948467538642,2,42,7,5,-16.15123923388728,-15.848785523960432
2005-01-16 05:30:00,25,-14.0,-14.00002184736694,0.0587060772373542,-16.0,-14.09659334442239,-13.903450350311491,-14.115085758752157,-13.884957935981728,2,42,7,5,-14.151248702330363,-13.848794992403516
2005-01-16 06:30:00,25,-16.0,-16.000013762916524,0.0587060772373542,-16.0,-16.09658525997197,-15.903442265861075,-16.115077674301737,-15.88494985153131,2,42,7,5,-16.15124061787995,-15.8487869079531
2005-01-16 07:30:00,25,-14.0,-14.000022891177444,0.0587060772373542,-16.0,-14.096594388232893,-13.903451394121996,-14.115086802562658,-13.88495897979223,2,42,7,5,-14.151249746140868,-13.84879603621402
2005-01-16 08:30:00,25,-15.0,-15.000022674522551,0.0587060772373542,-17.0,-15.096594171578,-14.903451177467105,-15.115086585907765,-14.884958763137336,2,42,7,5,-15.151249529485975,-14.848795819559127
2005-01-16 09:30:00,25,-17.0,-17.000005929209664,0.0587060772373542,-16.0,-17.09657742626511,-16.903434432154217,-17.115069840594877,-16.88494201782445,2,42,7,5,-17.15123278417309,-16.848779074246238
2005-01-16 10:30:00,25,-10.0,-10.000036396461226,0.0587060772373542,-14.0,-10.096607893516676,-9.903464899405778,-10.11510030784644,-9.884972485076013,2,42,7,5,-10.15126325142465,-9.848809541497802
2005-01-16 11:30:00,25,-16.0,-16.000014889587288,0.0587060772373542,-16.0,-16.096586386642734,-15.90344339253184,-16.1150788009725,-15.884950978202074,2,42,7,5,-16.151241744550713,-15.848788034623864
2005-01-16 12:30:00,25,-15.0,-15.000005557937708,0.0587060772373542,-14.0,-15.096577054993157,-14.90343406088226,-15.115069469322922,-14.884941646552496,2,42,7,5,-15.151232412901132,-14.848778702974284
2005-01-16 13:30:00,25,1.0,0.9999196359856484,0.0587060772373542,-15.0,0.9033481389302008,1.096491133041096,0.884855724600434,1.1149835473708627,2,42,7,5,0.848692781022224,1.1511464909490727
2005-01-16 14:30:00,25,-1.0,-1.000067254395777,0.0587060772373542,-17.0,-1.0966387514512246,-0.9034957573403292,-1.1151311657809913,-0.8850033430105626,2,42,7,5,-1.1512941093592013,-0.8488403994323526
2005-01-16 15:30:00,25,10.0,9.999869566632093,0.0587060772373542,-10.0,9.903298069576644,10.09644106368754,9.88480565524688,10.114933478017306,2,42,7,5,9.848642711668669,10.151096421595517
2005-01-16 16:30:00,25,0.0,-7.346656751394676e-05,0.0587060772373542,-16.0,-0.0966449636229616,0.0964980304879337,-0.1151373779527282,0.1149904448177003,2,42,7,5,-0.15130032153093836,0.15115338839591047
2005-01-16 17:30:00,25,-4.0,-4.000056324142417,0.0587060772373542,-15.0,-4.096627821197864,-3.903484827086969,-4.115120235527631,-3.884992412757202,2,42,7,5,-4.1512831791058415,-3.8488294691789924
2005-01-16 18:30:00,25,-6.0,-6.000041138830223,0.0587060772373542,1.0,-6.096612635885671,-5.903469641774776,-6.115105050215438,-5.884977227445009,2,42,7,5,-6.151267993793648,-5.8488142838667985
2005-01-16 19:30:00,25,-2.0,-2.0000653279303293,0.0587060772373542,-1.0,-2.096636824985777,-1.9034938308748817,-2.1151292393155434,-1.885001416545115,2,42,7,5,-2.1512921828937537,-1.848838472966905
2005-01-16 20:30:00,25,6.0,5.99990487093892,0.0587060772373542,10.0,5.903333373883473,6.096476367994367,5.8848409595537055,6.114968782324135,2,42,7,5,5.848678015975495,6.151131725902345
2005-01-16 21:30:00,25,2.0,1.9998915778452544,0.0587060772373542,0.0,1.9033200807898063,2.096463074900702,1.88482766646004,2.1149554892304683,2,42,7,5,1.84866472288183,2.151118432808679
2005-01-16 22:30:00,25,-12.0,-12.000016182244291,0.0587060772373542,-4.0,-12.09658767929974,-11.903444685188845,-12.115080093629505,-11.884952270859078,2,42,7,5,-12.151243037207715,-11.848789327280867
2005-01-16 23:30:00,25,-18.0,-17.999983427795115,0.0587060772373542,-6.0,-18.09655492485056,-17.90341193073967,-18.11504733918033,-17.8849195164099,2,42,7,5,-18.15121028275854,-17.84875657283169
2005-01-17 00:30:00,25,-36.0,-35.99989499294092,0.0587060772373542,-2.0,-36.09646648999637,-35.90332349588547,-36.11495890432614,-35.88483108155571,2,42,7,5,-36.15112184790435,-35.8486681379775
2005-01-17 01:30:00,25,-48.0,-47.99983401503526,0.0587060772373542,6.0,-48.09640551209071,-47.90326251797981,-48.11489792642048,-47.88477010365005,2,42,7,5,-48.15106086999869,-47.848607160071836
2005-01-17 02:30:00,25,-63.0,-62.99981038818238,0.0587060772373542,2.0,-63.09638188523783,-62.90323889112693,-63.1148742995676,-62.88474647679717,2,42,7,5,-63.15103724314581,-62.84858353321896
2005-01-17 03:30:00,25,-65.0,-64.99979139471327,0.0587060772373542,-12.0,-65.09636289176872,-64.90321989765782,-65.11485530609849,-64.88472748332805,2,42,7,5,-65.1510182496767,-64.84856453974984
2005-01-17 04:30:00,25,-59.0,-58.99988466761188,0.0587060772373542,-18.0,-59.09645616466733,-58.90331317055643,-59.11494857899709,-58.88482075622667,2,42,7,5,-59.151111522575306,-58.848657812648455
2005-01-17 05:30:00,25,-52.0,-51.9999719010691,0.0587060772373542,-36.0,-52.09654339812455,-51.90340040401365,-52.11503581245432,-51.88490798968389,2,42,7,5,-52.15119875603253,-51.84874504610568
2005-01-17 06:30:00,25,-48.0,-48.00001297749856,0.0587060772373542,-48.0,-48.096584474554014,-47.90344148044312,-48.11507688888378,-47.88494906611335,2,42,7,5,-48.15123983246198,-47.84878612253513
2005-01-17 07:30:00,25,-43.0,-43.00005448032498,0.0587060772373542,-63.0,-43.096625977380434,-42.903482983269534,-43.1151183917102,-42.88499056893977,2,42,7,5,-43.1512813352884,-42.84882762536155
2005-01-17 08:30:00,25,-34.0,-34.000081695407474,0.0587060772373542,-65.0,-34.096653192462924,-33.90351019835202,-34.11514560679269,-33.88501778402226,2,42,7,5,-34.1513085503709,-33.84885484044405
2005-01-17 09:30:00,25,-34.0,-34.00004742895427,0.0587060772373542,-59.0,-34.09661892600972,-33.90347593189882,-34.11511134033948,-33.884983517569054,2,42,7,5,-34.151274283917694,-33.84882057399084
2005-01-17 10:30:00,25,-37.0,-36.99999889147061,0.0587060772373542,-52.0,-37.09657038852605,-36.903427394415154,-37.11506280285582,-36.88493498008539,2,42,7,5,-37.15122574643404,-36.848772036507185
2005-01-17 11:30:00,25,-41.0,-40.99996709932366,0.0587060772373542,-48.0,-41.09653859637911,-40.90339560226821,-41.11503101070888,-40.88490318793845,2,42,7,5,-41.15119395428709,-40.848740244360236
2005-01-17 12:30:00,25,-31.0,-30.99999969817404,0.0587060772373542,-43.0,-31.09657119522948,-30.903428201118587,-31.115063609559247,-30.88493578678882,2,42,7,5,-31.151226553137466,-30.848772843210615
2005-01-17 13:30:00,25,-30.0,-30.00001026663476,0.0587060772373542,-34.0,-30.096581763690203,-29.90343876957931,-30.11507417801997,-29.884946355249543,2,42,7,5,-30.151237121598186,-29.848783411671334
2005-01-17 14:30:00,25,-4.0,-4.000129473086812,0.0587060772373542,-34.0,-4.096700970142259,-3.903557976031364,-4.115193384472026,-3.8850655617015977,2,42,7,5,-4.151356328050237,-3.8489026181233874
2005-01-17 15:30:00,25,-4.0,-4.0002288806136725,0.0587060772373542,-37.0,-4.09680037766912,-3.9036573835582247,-4.115292791998887,-3.8851649692284576,2,42,7,5,-4.151455735577097,-3.849002025650248
2005-01-17 16:30:00,25,-36.0,-36.00006788422118,0.0587060772373542,-41.0,-36.09663938127663,-35.90349638716573,-36.1151317956064,-35.88500397283597,2,42,7,5,-36.15129473918461,-35.848841029257756
2005-01-17 17:30:00,25,-52.0,-51.99991276974307,0.0587060772373542,-31.0,-52.09648426679852,-51.90334127268762,-52.11497668112828,-51.884848858357856,2,42,7,5,-52.151139624706495,-51.848685914779644
2005-01-17 18:30:00,25,-45.0,-45.0000084200591,0.0587060772373542,-30.0,-45.09657991711455,-44.90343692300365,-45.11507233144432,-44.88494450867389,2,42,7,5,-45.15123527502253,-44.84878156509568
2005-01-17 19:30:00,25,-31.0,-31.00012464541992,0.0587060772373542,-4.0,-31.096696142475366,-30.90355314836448,-31.115188556805133,-30.885060734034703,2,42,7,5,-31.151351500383345,-30.848897790456494
2005-01-17 20:30:00,25,-33.0,-33.000083986469775,0.0587060772373542,-4.0,-33.096655483525225,-32.903512489414325,-33.11514789785499,-32.88502007508456,2,42,7,5,-33.1513108414332,-32.84885713150635
2005-01-17 21:30:00,25,-28.0,-28.00481792232781,0.278723180819927,-36.0,-28.46331755477659,-27.54631828987903,-28.551115356734865,-27.458520487920755,2,42,7,5,-28.722808836119942,-27.286827008535678
2005-01-17 22:30:00,25,-24.0,-24.003392718457217,0.2264027213709834,-52.0,-24.375825195112483,-23.63096024180195,-24.447142052344343,-23.55964338457009,2,42,7,5,-24.58660612870887,-23.420179308205565
