time,event_no,DST_true,DST_pred,sigma_nT,DST_persist,fold,L_value,L_idx,H,DST_p005,DST_p995
2003-10-20 07:30:00,19,-31.0,-31.67146984279923,9.82389715446174,,5,6,1,2,-56.97782891269267,-6.365110772905787
2003-10-20 08:30:00,19,-40.0,-29.68563276945352,9.82389715446174,,5,6,1,2,-54.991991839346966,-4.379273699560077
2003-10-20 09:30:00,19,-44.0,-36.13510883233644,9.82389715446174,-31.0,5,6,1,2,-61.44146790222989,-10.828749762443
2003-10-20 10:30:00,19,-45.0,-44.96696912020423,9.82389715446174,-40.0,5,6,1,2,-70.27332819009767,-19.66061005031079
2003-10-20 11:30:00,19,-37.0,-40.06563956358835,9.82389715446174,-44.0,5,6,1,2,-65.3719986334818,-14.759280493694906
2003-10-20 12:30:00,19,-34.0,-41.00847068620104,9.82389715446174,-45.0,5,6,1,2,-66.31482975609448,-15.7021116163076
2003-10-20 13:30:00,19,-42.0,-34.83413851032181,9.82389715446174,-37.0,5,6,1,2,-60.14049758021525,-9.527779440428365
2003-10-20 14:30:00,19,-43.0,-36.636659075830046,9.82389715446174,-34.0,5,6,1,2,-61.943018145723485,-11.330300005936603
2003-10-20 15:30:00,19,-40.0,-43.34684665073455,9.82389715446174,-42.0,5,6,1,2,-68.653205720628,-18.040487580841106
2003-10-20 16:30:00,19,-35.0,-38.35178574551293,9.82389715446174,-43.0,5,6,1,2,-63.658144815406374,-13.045426675619485
2003-10-20 17:30:00,19,-27.0,-43.88413015953876,9.82389715446174,-40.0,5,6,1,2,-69.1904892294322,-18.57777108964532
2003-10-20 18:30:00,19,-23.0,-30.40495038013872,9.82389715446174,-35.0,5,6,1,2,-55.71130945003216,-5.098591310245279
2003-10-20 19:30:00,19,-24.0,-28.215003616117663,9.82389715446174,-27.0,5,6,1,2,-53.5213626860111,-2.9086445462242203
2003-10-20 20:30:00,19,-34.0,-26.89056436274422,9.82389715446174,-23.0,5,6,1,2,-52.19692343263766,-1.584205292850779
2003-10-20 21:30:00,19,-57.0,-24.380750998280767,9.82389715446174,-24.0,5,6,1,2,-49.687110068174206,0.9256080716126753
2003-10-20 22:30:00,19,-50.0,-53.40933628538927,9.82389715446174,-34.0,5,6,1,2,-78.71569535528272,-28.10297721549583
2003-10-20 23:30:00,19,-41.0,-46.46439251645348,9.82389715446174,-57.0,5,6,1,2,-71.77075158634692,-21.158033446560037
2003-10-21 00:30:00,19,-40.0,-54.03407181230866,9.82389715446174,-50.0,5,6,1,2,-79.3404308822021,-28.727712742415218
2003-10-21 01:30:00,19,-49.0,-35.96521658296084,9.82389715446174,-41.0,5,6,1,2,-61.27157565285428,-10.6588575130674
2003-10-21 02:30:00,19,-52.0,-42.23980970880081,9.82389715446174,-40.0,5,6,1,2,-67.54616877869425,-16.93345063890737
2003-10-21 03:30:00,19,-48.0,-55.61971157459418,9.82389715446174,-49.0,5,6,1,2,-80.92607064448762,-30.313352504700735
2003-10-21 04:30:00,19,-43.0,-50.15669192461902,9.82389715446174,-52.0,5,6,1,2,-75.46305099451246,-24.850332854725576
2003-10-21 05:30:00,19,-39.0,-39.00005898733889,0.0435718308388563,-48.0,5,6,1,2,-39.112300023579785,-38.88781795109799
2003-10-21 06:30:00,19,-37.0,-37.00006477282383,0.0435718308388563,-43.0,5,6,1,2,-37.11230580906473,-36.88782373658294
2003-10-21 07:30:00,19,-45.0,-44.99997285546701,0.0435718308388563,-39.0,5,6,1,2,-45.1122138917079,-44.88773181922611
2003-10-21 08:30:00,19,-40.0,-40.000014708941066,0.0435718308388563,-37.0,5,6,1,2,-40.11225574518196,-39.88777367270017
2003-10-21 09:30:00,19,-36.0,-36.000058640252355,0.0435718308388563,-45.0,5,6,1,2,-36.11229967649325,-35.88781760401146
2003-10-21 10:30:00,19,-29.0,-29.00008865145137,0.0435718308388563,-40.0,5,6,1,2,-29.112329687692263,-28.88784761521048
2003-10-21 11:30:00,19,-40.0,-39.999982051617,0.0435718308388563,-36.0,5,6,1,2,-40.1122230878579,-39.88774101537611
2003-10-21 12:30:00,19,-43.0,-42.99991111987579,0.0435718308388563,-29.0,5,6,1,2,-43.112152156116686,-42.887670083634895
2003-10-21 13:30:00,19,-42.0,-42.0000046534165,0.0435718308388563,-40.0,5,6,1,2,-42.11224568965739,-41.8877636171756
2003-10-21 14:30:00,19,-41.0,-41.00002218459481,0.0435718308388563,-43.0,5,6,1,2,-41.11226322083571,-40.887781148353916
2003-10-21 15:30:00,19,-42.0,-42.00004803687662,0.0435718308388563,-42.0,5,6,1,2,-42.112289073117516,-41.887807000635725
2003-10-21 16:30:00,19,-54.0,-53.99986605265139,0.0435718308388563,-41.0,5,6,1,2,-54.11210708889229,-53.887625016410496
2003-10-21 17:30:00,19,-53.0,-52.99991073056667,0.0435718308388563,-42.0,5,6,1,2,-53.112151766807564,-52.88766969432577
2003-10-21 18:30:00,19,-57.0,-57.00000243217217,0.0435718308388563,-54.0,5,6,1,2,-57.11224346841306,-56.88776139593127
2003-10-21 19:30:00,19,-50.0,-49.99999264469591,0.0435718308388563,-53.0,5,6,1,2,-50.112233680936804,-49.88775160845501
2003-10-21 20:30:00,19,-51.0,-51.00002451711813,0.0435718308388563,-57.0,5,6,1,2,-51.11226555335902,-50.88778348087723
2003-10-21 21:30:00,19,-60.0,-59.99988357893787,0.0435718308388563,-50.0,5,6,1,2,-60.112124615178764,-59.88764254269697
2003-10-21 22:30:00,19,-54.0,-54.0000091347468,0.0435718308388563,-51.0,5,6,1,2,-54.11225017098769,-53.8877680985059
2003-10-21 23:30:00,19,-46.0,-46.00015214450952,0.0435718308388563,-60.0,5,6,1,2,-46.112393180750416,-45.887911108268625
2003-10-22 00:30:00,19,-46.0,-46.00004784836528,0.0435718308388563,-54.0,5,6,1,2,-46.11228888460617,-45.88780681212438
2003-10-22 01:30:00,19,-47.0,-46.99995990702166,0.0435718308388563,-46.0,5,6,1,2,-47.11220094326256,-46.887718870780766
2003-10-22 02:30:00,19,-49.0,-48.99997390289764,0.0435718308388563,-46.0,5,6,1,2,-49.11221493913854,-48.88773286665675
2003-10-22 03:30:00,19,-56.0,-55.9998976880463,0.0435718308388563,-47.0,5,6,1,2,-56.1121387242872,-55.88765665180541
2003-10-22 04:30:00,19,-51.0,-50.999993722702726,0.0435718308388563,-49.0,5,6,1,2,-51.11223475894362,-50.88775268646183
2003-10-22 05:30:00,19,-51.0,-51.00005415647622,0.0435718308388563,-56.0,5,6,1,2,-51.11229519271711,-50.88781312023532
2003-10-22 06:30:00,19,-61.0,-60.999900038117616,0.0435718308388563,-51.0,5,6,1,2,-61.11214107435851,-60.88765900187672
2003-10-22 07:30:00,19,-50.0,-50.00003980426442,0.0435718308388563,-51.0,5,6,1,2,-50.11228084050531,-49.88779876802352
2003-10-22 08:30:00,19,-51.0,-51.00010828354442,0.0435718308388563,-61.0,5,6,1,2,-51.11234931978532,-50.887867247303525
2003-10-22 09:30:00,19,-48.0,-47.99999549426167,0.0435718308388563,-50.0,5,6,1,2,-48.112236530502564,-47.88775445802077
2003-10-22 10:30:00,19,-36.0,-36.0001254016662,0.0435718308388563,-51.0,5,6,1,2,-36.1123664379071,-35.88788436542531
2003-10-22 11:30:00,19,-22.0,-22.00023597812685,0.0435718308388563,-48.0,5,6,1,2,-22.11247701436774,-21.887994941885957
2003-10-22 12:30:00,19,-24.0,-24.00012891062813,0.0435718308388563,-36.0,5,6,1,2,-24.112369946869023,-23.88788787438724
2003-10-22 13:30:00,19,-24.0,-24.00001390478904,0.0435718308388563,-22.0,5,6,1,2,-24.11225494102993,-23.887772868548147
2003-10-22 14:30:00,19,-15.0,-15.000104393744364,0.0435718308388563,-24.0,5,6,1,2,-15.112345429985258,-14.88786335750347
2003-10-22 15:30:00,19,-20.0,-20.000024006291945,0.0435718308388563,-24.0,5,6,1,2,-20.112265042532837,-19.887782970051052
2003-10-22 16:30:00,19,-33.0,-32.99985445491626,0.0435718308388563,-15.0,5,6,1,2,-33.112095491157156,-32.887613418675365
2003-10-22 17:30:00,19,-33.0,-32.99995819309476,0.0435718308388563,-20.0,5,6,1,2,-33.11219922933566,-32.88771715685387
2003-10-22 18:30:00,19,-34.0,-34.00002183563402,0.0435718308388563,-33.0,5,6,1,2,-34.11226287187492,-33.88778079939313
2003-10-22 19:30:00,19,-32.0,-31.999936560657545,0.0435718308388563,-33.0,5,6,1,2,-32.11217759689844,-31.887695524416653
2003-10-22 20:30:00,19,-30.0,-29.999963063511185,0.0435718308388563,-34.0,5,6,1,2,-30.112204099752077,-29.887722027270293
2003-10-22 21:30:00,19,-28.0,-27.999984978117627,0.0435718308388563,-32.0,5,6,1,2,-28.11222601435852,-27.887743941876735
2003-10-22 22:30:00,19,-24.0,-24.000049032345643,0.0435718308388563,-30.0,5,6,1,2,-24.112290068586535,-23.88780799610475
2003-10-22 23:30:00,19,-24.0,-24.000047426724606,0.0435718308388563,-28.0,5,6,1,2,-24.1122884629655,-23.887806390483714
2003-10-23 00:30:00,19,-16.0,-16.00009804398595,0.0435718308388563,-24.0,5,6,1,2,-16.112339080226842,-15.887857007745056
2003-10-23 01:30:00,19,-13.0,-13.000117253580786,0.0435718308388563,-24.0,5,6,1,2,-13.11235828982168,-12.887876217339892
2003-10-23 02:30:00,19,-20.0,-19.999994029006224,0.0435718308388563,-16.0,5,6,1,2,-20.112235065247116,-19.887752992765332
2003-10-23 03:30:00,19,-18.0,-17.99998193959196,0.0435718308388563,-13.0,5,6,1,2,-18.112222975832854,-17.88774090335107
2003-10-23 04:30:00,19,-17.0,-17.000000797165356,0.0435718308388563,-20.0,5,6,1,2,-17.112241833406248,-16.887759760924464
2003-10-23 05:30:00,19,-18.0,-17.99999048352953,0.0435718308388563,-18.0,5,6,1,2,-18.112231519770422,-17.887749447288638
2003-10-23 06:30:00,19,-19.0,-18.99998227003785,0.0435718308388563,-17.0,5,6,1,2,-19.112223306278743,-18.88774123379696
2003-10-23 07:30:00,19,-21.0,-20.999973610054724,0.0435718308388563,-18.0,5,6,1,2,-21.112214646295616,-20.88773257381383
2003-10-23 08:30:00,19,-18.0,-18.00001025567841,0.0435718308388563,-19.0,5,6,1,2,-18.112251291919303,-17.88776921943752
2003-10-23 09:30:00,19,-19.0,-19.000005470018834,0.0435718308388563,-21.0,5,6,1,2,-19.112246506259726,-18.887764433777942
2003-10-23 10:30:00,19,-18.0,-17.999992837013043,0.0435718308388563,-18.0,5,6,1,2,-18.112233873253935,-17.88775180077215
2003-10-23 11:30:00,19,-17.0,-17.000004550379938,0.0435718308388563,-19.0,5,6,1,2,-17.11224558662083,-16.887763514139046
2003-10-23 12:30:00,19,-19.0,-18.99997233251388,0.0435718308388563,-18.0,5,6,1,2,-19.112213368754773,-18.88773129627299
2003-10-23 13:30:00,19,-15.0,-15.000005368219648,0.0435718308388563,-17.0,5,6,1,2,-15.112246404460542,-14.887764331978754
2003-10-23 14:30:00,19,-14.0,-14.000028000786724,0.0435718308388563,-19.0,5,6,1,2,-14.112269037027618,-13.88778696454583
2003-10-23 15:30:00,19,-14.0,-14.000000922271337,0.0435718308388563,-15.0,5,6,1,2,-14.11224195851223,-13.887759886030443
2003-10-23 16:30:00,19,-12.0,-12.000013170226705,0.0435718308388563,-14.0,5,6,1,2,-12.112254206467599,-11.887772133985811
2003-10-23 17:30:00,19,-11.0,-11.000022178127413,0.0435718308388563,-14.0,5,6,1,2,-11.112263214368307,-10.887781141886519
2003-10-23 18:30:00,19,-12.0,-11.999995414097905,0.0435718308388563,-12.0,5,6,1,2,-12.112236450338798,-11.88775437785701
2003-10-23 19:30:00,19,-11.0,-10.999990427870678,0.0435718308388563,-11.0,5,6,1,2,-11.112231464111572,-10.887749391629784
2003-10-23 20:30:00,19,-11.0,-10.999984167541848,0.0435718308388563,-12.0,5,6,1,2,-11.112225203782742,-10.887743131300955
2003-10-23 21:30:00,19,-9.0,-8.99999359645281,0.0435718308388563,-11.0,5,6,1,2,-9.112234632693704,-8.887752560211917
2003-10-23 22:30:00,19,-10.0,-9.99998911347528,0.0435718308388563,-11.0,5,6,1,2,-10.112230149716174,-9.887748077234386
2003-10-23 23:30:00,19,-10.0,-9.999974464377306,0.0435718308388563,-9.0,5,6,1,2,-10.1122155006182,-9.887733428136412
2003-10-24 00:30:00,19,-10.0,-9.999981434605148,0.0435718308388563,-10.0,5,6,1,2,-10.112222470846042,-9.887740398364254
2003-10-24 01:30:00,19,-8.0,-8.000002124520229,0.0435718308388563,-10.0,5,6,1,2,-8.112243160761123,-7.887761088279335
2003-10-24 02:30:00,19,-8.0,-7.999999649591626,0.0435718308388563,-10.0,5,6,1,2,-8.11224068583252,-7.887758613350732
2003-10-24 03:30:00,19,-7.0,-6.999997485369608,0.0435718308388563,-8.0,5,6,1,2,-7.112238521610502,-6.887756449128714
2003-10-24 04:30:00,19,-7.0,-6.999996499163114,0.0435718308388563,-8.0,5,6,1,2,-7.112237535404008,-6.88775546292222
2003-10-24 05:30:00,19,-9.0,-8.999996200108892,0.0435718308388563,-7.0,5,6,1,2,-9.112237236349786,-8.887755163867999
2003-10-24 06:30:00,19,-12.0,-11.99996488606334,0.0435718308388563,-7.0,5,6,1,2,-12.112205922304234,-11.887723849822446
2003-10-24 07:30:00,19,-13.0,-12.999967326530754,0.0435718308388563,-9.0,5,6,1,2,-13.112208362771648,-12.88772629028986
2003-10-24 08:30:00,19,-15.0,-14.99994989319714,0.0435718308388563,-12.0,5,6,1,2,-15.112190929438034,-14.887708856956246
2003-10-24 09:30:00,19,-15.0,-14.99996087402058,0.0435718308388563,-13.0,5,6,1,2,-15.112201910261474,-14.887719837779686
2003-10-24 10:30:00,19,-20.0,-19.999927287505127,0.0435718308388563,-15.0,5,6,1,2,-20.11216832374602,-19.887686251264235
2003-10-24 11:30:00,19,-24.0,-24.00000208105195,0.0435718308388563,-15.0,5,6,1,2,-24.11224311729284,-23.887761044811057
2003-10-24 12:30:00,19,-37.0,-36.99989540516271,0.0435718308388563,-20.0,5,6,1,2,-37.11213644140361,-36.887654368921815
2003-10-24 13:30:00,19,-43.0,-42.99993431353029,0.0435718308388563,-24.0,5,6,1,2,-43.112175349771185,-42.887693277289394
2003-10-24 14:30:00,19,-44.0,-44.0000380062178,0.0435718308388563,-37.0,5,6,1,2,-44.112279042458695,-43.887796969976904
2003-10-24 15:30:00,19,-30.0,-30.000199316101664,0.0435718308388563,-43.0,5,6,1,2,-30.112440352342556,-29.887958279860772
2003-10-24 16:30:00,19,-26.0,-26.00019615127269,0.0435718308388563,-44.0,5,6,1,2,-26.11243718751358,-25.887955115031797
2003-10-24 17:30:00,19,-9.0,-9.000233203520448,0.0435718308388563,-30.0,5,6,1,2,-9.112474239761342,-8.887992167279554
2003-10-24 18:30:00,19,5.0,4.99973959098088,0.0435718308388563,-26.0,5,6,1,2,4.887498554739986,5.111980627221774
2003-10-24 19:30:00,19,-26.0,-25.999894073716444,0.0435718308388563,-9.0,5,6,1,2,-26.112135109957336,-25.887653037475552
2003-10-24 20:30:00,19,-34.0,-33.9997973055144,0.0435718308388563,5.0,5,6,1,2,-34.112038341755294,-33.8875562692735
2003-10-24 21:30:00,19,-22.0,-22.000054252743247,0.0435718308388563,-26.0,5,6,1,2,-22.11229528898414,-21.887813216502355
2003-10-24 22:30:00,19,-18.0,-18.00014393334098,0.0435718308388563,-34.0,5,6,1,2,-18.11238496958187,-17.887902897100087
2003-10-24 23:30:00,19,-36.0,-35.99987680970631,0.0435718308388563,-22.0,5,6,1,2,-36.1121178459472,-35.88763577346541
2003-10-25 00:30:00,19,-29.0,-28.99990970976604,0.0435718308388563,-18.0,5,6,1,2,-29.112150746006932,-28.887668673525148
2003-10-25 01:30:00,19,-19.0,-19.0001305274056,0.0435718308388563,-36.0,5,6,1,2,-19.11237156364649,-18.887889491164707
2003-10-25 02:30:00,19,0.0,-0.0003207838105758,0.0435718308388563,-29.0,5,6,1,2,-0.11256182005146964,0.11192025243031803
2003-10-25 03:30:00,19,-3.0,-3.0002523397997543,0.0435718308388563,-19.0,5,6,1,2,-3.112493376040648,-2.8880113035588604
2003-10-25 04:30:00,19,-11.0,-11.000120080283075,0.0435718308388563,0.0,5,6,1,2,-11.112361116523969,-10.887879044042181
2003-10-25 05:30:00,19,-10.0,-10.000071143839287,0.0435718308388563,-3.0,5,6,1,2,-10.112312180080181,-9.887830107598393
2003-10-25 06:30:00,19,-13.0,-12.99997912006168,0.0435718308388563,-11.0,5,6,1,2,-13.112220156302573,-12.887738083820786
2003-10-25 07:30:00,19,-19.0,-18.99992177427732,0.0435718308388563,-10.0,5,6,1,2,-19.11216281051821,-18.887680738036426
2003-10-25 08:30:00,19,-20.0,-19.99990877082077,0.0435718308388563,-13.0,5,6,1,2,-20.112149807061662,-19.88766773457988
2003-10-25 09:30:00,19,-18.0,-17.999977262759558,0.0435718308388563,-19.0,5,6,1,2,-18.11221829900045,-17.887736226518665
2003-10-25 10:30:00,19,-21.0,-20.99997799154353,0.0435718308388563,-20.0,5,6,1,2,-21.112219027784423,-20.88773695530264
2003-10-25 11:30:00,19,-20.0,-19.999991770610727,0.0435718308388563,-18.0,5,6,1,2,-20.11223280685162,-19.887750734369835
2003-10-25 12:30:00,19,-26.0,-25.999964874454253,0.0435718308388563,-21.0,5,6,1,2,-26.112205910695145,-25.88772383821336
2003-10-25 13:30:00,19,-27.0,-26.99992385891137,0.0435718308388563,-20.0,5,6,1,2,-27.11216489515226,-26.887682822670477
2003-10-25 14:30:00,19,-41.0,-40.99992236126763,0.0435718308388563,-26.0,5,6,1,2,-41.112163397508525,-40.88768132502673
2003-10-25 15:30:00,19,-49.0,-48.9999077264275,0.0435718308388563,-27.0,5,6,1,2,-49.1121487626684,-48.887666690186606
2003-10-25 16:30:00,19,-43.0,-43.000092565774885,0.0435718308388563,-41.0,5,6,1,2,-43.11233360201578,-42.88785152953399
2003-10-25 17:30:00,19,-30.0,-30.000092416339783,0.0435718308388563,-49.0,5,6,1,2,-30.112333452580675,-29.88785138009889
2003-10-25 18:30:00,19,-33.0,-33.00003856804259,0.0435718308388563,-43.0,5,6,1,2,-33.112279604283486,-32.887797531801695
2003-10-25 19:30:00,19,-38.0,-37.99990381058375,0.0435718308388563,-30.0,5,6,1,2,-38.11214484682465,-37.88766277434286
2003-10-25 20:30:00,19,-41.0,-40.99990797042614,0.0435718308388563,-33.0,5,6,1,2,-41.11214900666704,-40.88766693418525
2003-10-25 21:30:00,19,-39.0,-38.9999749808633,0.0435718308388563,-38.0,5,6,1,2,-39.112216017104195,-38.887733944622404
2003-10-25 22:30:00,19,-33.0,-33.000051301227664,0.0435718308388563,-41.0,5,6,1,2,-33.11229233746856,-32.88781026498677
2003-10-25 23:30:00,19,-32.0,-32.000034751200445,0.0435718308388563,-39.0,5,6,1,2,-32.11227578744134,-31.887793714959553
2003-10-26 00:30:00,19,-31.0,-30.99999946315854,0.0435718308388563,-33.0,5,6,1,2,-31.112240499399434,-30.88775842691765
2003-10-26 01:30:00,19,-33.0,-32.99995703813774,0.0435718308388563,-32.0,5,6,1,2,-33.11219807437863,-32.88771600189684
2003-10-26 02:30:00,19,-32.0,-31.99999613190764,0.0435718308388563,-31.0,5,6,1,2,-32.11223716814853,-31.887755095666748
2003-10-26 03:30:00,19,-29.0,-29.00003031486179,0.0435718308388563,-33.0,5,6,1,2,-29.11227135110268,-28.887789278620897
2003-10-26 04:30:00,19,-27.0,-26.99998205377061,0.0435718308388563,-32.0,5,6,1,2,-27.1122230900115,-26.887741017529716
2003-10-26 05:30:00,19,-25.0,-24.999980102879167,0.0435718308388563,-29.0,5,6,1,2,-25.11222113912006,-24.887739066638275
2003-10-26 06:30:00,19,-24.0,-24.00001222755344,0.0435718308388563,-27.0,5,6,1,2,-24.112253263794333,-23.88777119131255
2003-10-26 07:30:00,19,-24.0,-24.00001570918745,0.0435718308388563,-25.0,5,6,1,2,-24.112256745428343,-23.88777467294656
2003-10-26 08:30:00,19,-19.0,-19.000032446687207,0.0435718308388563,-24.0,5,6,1,2,-19.1122734829281,-18.887791410446315
2003-10-26 09:30:00,19,-11.0,-11.000083738743164,0.0435718308388563,-24.0,5,6,1,2,-11.112324774984058,-10.88784270250227
2003-10-26 10:30:00,19,-4.0,-4.00012275463223,0.0435718308388563,-19.0,5,6,1,2,-4.112363790873124,-3.887881718391336
2003-10-26 11:30:00,19,-4.0,-4.000065849684233,0.0435718308388563,-11.0,5,6,1,2,-4.112306885925127,-3.8878248134433395
2003-10-26 12:30:00,19,-4.0,-4.000029309225386,0.0435718308388563,-4.0,5,6,1,2,-4.11227034546628,-3.8877882729844924
2003-10-26 13:30:00,19,-4.0,-4.000061383215709,0.0435718308388563,-4.0,5,6,1,2,-4.1123024194566025,-3.8878203469748147
2003-10-26 14:30:00,19,-6.0,-6.000043206648705,0.0435718308388563,-4.0,5,6,1,2,-6.112284242889599,-5.887802170407811
2003-10-26 15:30:00,19,-6.0,-6.00000946782631,0.0435718308388563,-4.0,5,6,1,2,-6.1122505040672035,-5.887768431585416
2003-10-26 16:30:00,19,-5.0,-5.000052215568392,0.0435718308388563,-6.0,5,6,1,2,-5.112293251809286,-4.887811179327498
2003-10-26 17:30:00,19,-5.0,-5.000021675926288,0.0435718308388563,-6.0,5,6,1,2,-5.1122627121671815,-4.887780639685394
2003-10-26 18:30:00,19,-7.0,-6.999973941760995,0.0435718308388563,-5.0,5,6,1,2,-7.112214978001889,-6.887732905520101
2003-10-26 19:30:00,19,-8.0,-7.999969958656514,0.0435718308388563,-5.0,5,6,1,2,-8.112210994897408,-7.88772892241562
2003-10-26 20:30:00,19,-15.0,-14.999927597185454,0.0435718308388563,-7.0,5,6,1,2,-15.112168633426348,-14.88768656094456
2003-10-26 21:30:00,19,-18.0,-17.999939829179265,0.0435718308388563,-8.0,5,6,1,2,-18.112180865420157,-17.887698792938373
2003-10-26 22:30:00,19,-29.0,-29.000019411908937,0.0435718308388563,-15.0,5,6,1,2,-29.11226044814983,-28.887778375668045
2003-10-26 23:30:00,19,-33.0,-33.00000055527577,0.0435718308388563,-18.0,5,6,1,2,-33.112241591516664,-32.88775951903487
2003-10-27 00:30:00,19,-43.0,-42.99999885883478,0.0435718308388563,-29.0,5,6,1,2,-43.112239895075675,-42.88775782259388
2003-10-27 01:30:00,19,-49.0,-48.999915128237646,0.0435718308388563,-33.0,5,6,1,2,-49.11215616447854,-48.88767409199675
2003-10-27 02:30:00,19,-47.0,-47.00002467387483,0.0435718308388563,-43.0,5,6,1,2,-47.11226571011573,-46.88778363763394
2003-10-27 03:30:00,19,-49.0,-49.00002435107353,0.0435718308388563,-49.0,5,6,1,2,-49.11226538731442,-48.88778331483263
2003-10-27 04:30:00,19,-52.0,-51.99997366708647,0.0435718308388563,-47.0,5,6,1,2,-52.11221470332737,-51.887732630845576
2003-10-27 05:30:00,19,-52.0,-52.000007429503526,0.0435718308388563,-49.0,5,6,1,2,-52.11224846574442,-51.88776639326263
2003-10-27 06:30:00,19,-50.0,-50.00004658061704,0.0435718308388563,-52.0,5,6,1,2,-50.112287616857934,-49.88780554437614
2003-10-27 07:30:00,19,-46.0,-46.00008450768702,0.0435718308388563,-52.0,5,6,1,2,-46.112325543927916,-45.887843471446125
2003-10-27 08:30:00,19,-48.0,-48.00002675698191,0.0435718308388563,-50.0,5,6,1,2,-48.112267793222806,-47.887785720741014
2003-10-27 09:30:00,19,-51.0,-50.99995836587141,0.0435718308388563,-46.0,5,6,1,2,-51.1121994021123,-50.88771732963051
2003-10-27 10:30:00,19,-49.0,-49.000025461427136,0.0435718308388563,-48.0,5,6,1,2,-49.11226649766803,-48.88778442518624
2003-10-27 11:30:00,19,-41.0,-41.00006195164667,0.0435718308388563,-51.0,5,6,1,2,-41.11230298788757,-40.887820915405776
2003-10-27 12:30:00,19,-36.0,-36.000033177942555,0.0435718308388563,-49.0,5,6,1,2,-36.11227421418345,-35.88779214170166
2003-10-27 13:30:00,19,-35.0,-35.00001257006892,0.0435718308388563,-41.0,5,6,1,2,-35.112253606309814,-34.88777153382802
2003-10-27 14:30:00,19,-34.0,-34.00001069238385,0.0435718308388563,-36.0,5,6,1,2,-34.11225172862475,-33.88776965614296
2003-10-27 15:30:00,19,-34.0,-34.00002065753466,0.0435718308388563,-35.0,5,6,1,2,-34.11226169377556,-33.88777962129377
2003-10-27 16:30:00,19,-30.0,-30.00007481891588,0.0435718308388563,-34.0,5,6,1,2,-30.112315855156773,-29.88783378267499
2003-10-27 17:30:00,19,-30.0,-30.000034499435845,0.0435718308388563,-34.0,5,6,1,2,-30.112275535676737,-29.887793463194953
2003-10-27 18:30:00,19,-30.0,-30.000029877225334,0.0435718308388563,-30.0,5,6,1,2,-30.112270913466226,-29.88778884098444
2003-10-27 19:30:00,19,-27.0,-27.000030019627367,0.0435718308388563,-30.0,5,6,1,2,-27.11227105586826,-26.887788983386475
2003-10-27 20:30:00,19,-27.0,-26.99995543668184,0.0435718308388563,-30.0,5,6,1,2,-27.112196472922733,-26.88771440044095
2003-10-27 21:30:00,19,-27.0,-26.99997350117436,0.0435718308388563,-27.0,5,6,1,2,-27.11221453741525,-26.887732464933467
2003-10-27 22:30:00,19,-25.0,-25.00003415941549,0.0435718308388563,-27.0,5,6,1,2,-25.11227519565638,-24.887793123174596
2003-10-27 23:30:00,19,-24.0,-24.000011984361308,0.0435718308388563,-27.0,5,6,1,2,-24.1122530206022,-23.887770948120416
2003-10-28 00:30:00,19,-24.0,-23.999993688684512,0.0435718308388563,-25.0,5,6,1,2,-24.112234724925404,-23.88775265244362
2003-10-28 01:30:00,19,-24.0,-23.99999310839536,0.0435718308388563,-24.0,5,6,1,2,-24.11223414463625,-23.887752072154466
2003-10-28 02:30:00,19,-14.0,-14.000089377048296,0.0435718308388563,-24.0,5,6,1,2,-14.11233041328919,-13.887848340807402
2003-10-28 03:30:00,19,-18.0,-18.000055881998918,0.0435718308388563,-24.0,5,6,1,2,-18.11229691823981,-17.887814845758026
2003-10-28 04:30:00,19,-4.0,-4.000156509790383,0.0435718308388563,-14.0,5,6,1,2,-4.112397546031277,-3.887915473549489
2003-10-28 05:30:00,19,-1.0,-1.0001973402803657,0.0435718308388563,-18.0,5,6,1,2,-1.1124383765212595,-0.8879563040394718
2003-10-28 06:30:00,19,-1.0,-1.0000823287090554,0.0435718308388563,-4.0,5,6,1,2,-1.1123233649499493,-0.8878412924681616
2003-10-28 07:30:00,19,-5.0,-5.000056164960114,0.0435718308388563,-1.0,5,6,1,2,-5.112297201201008,-4.88781512871922
2003-10-28 08:30:00,19,-14.0,-13.999943540440588,0.0435718308388563,-1.0,5,6,1,2,-14.112184576681482,-13.887702504199694
2003-10-28 09:30:00,19,-32.0,-31.999892708143943,0.0435718308388563,-5.0,5,6,1,2,-32.112133744384835,-31.88765167190305
2003-10-28 10:30:00,19,-32.0,-31.99994274704084,0.0435718308388563,-14.0,5,6,1,2,-32.112183783281736,-31.88770171079995
2003-10-28 11:30:00,19,-24.0,-24.000001419433385,0.0435718308388563,-32.0,5,6,1,2,-24.112242455674277,-23.887760383192493
2003-10-28 12:30:00,19,-20.0,-20.00008828436365,0.0435718308388563,-32.0,5,6,1,2,-20.11232932060454,-19.887847248122757
2003-10-28 13:30:00,19,-16.0,-16.000096432954223,0.0435718308388563,-24.0,5,6,1,2,-16.112337469195115,-15.887855396713329
2003-10-28 14:30:00,19,-8.0,-8.000155535131519,0.0435718308388563,-20.0,5,6,1,2,-8.112396571372413,-7.887914498890625
2003-10-28 15:30:00,19,-4.0,-4.000197015264959,0.0435718308388563,-16.0,5,6,1,2,-4.112438051505853,-3.887955979024065
2003-10-28 16:30:00,19,-4.0,-4.000099884835645,0.0435718308388563,-8.0,5,6,1,2,-4.112340921076539,-3.8878588485947514
2003-10-28 17:30:00,19,-9.0,-8.999965134194756,0.0435718308388563,-4.0,5,6,1,2,-9.11220617043565,-8.887724097953862
2003-10-28 18:30:00,19,-16.0,-15.999990396889972,0.0435718308388563,-4.0,5,6,1,2,-16.112231433130866,-15.887749360649078
2003-10-28 19:30:00,19,-18.0,-17.999883199308893,0.0435718308388563,-9.0,5,6,1,2,-18.112124235549786,-17.887642163068
2003-10-28 20:30:00,19,-19.0,-18.99995677411973,0.0435718308388563,-16.0,5,6,1,2,-19.112197810360623,-18.88771573787884
2003-10-28 21:30:00,19,-22.0,-21.99993455318636,0.0435718308388563,-18.0,5,6,1,2,-22.112175589427252,-21.88769351694547
2003-10-28 22:30:00,19,-14.0,-13.99999848030016,0.0435718308388563,-19.0,5,6,1,2,-14.112239516541054,-13.887757444059266
2003-10-28 23:30:00,19,-20.0,-19.99994980169892,0.0435718308388563,-22.0,5,6,1,2,-20.112190837939814,-19.88770876545803
2003-10-29 00:30:00,19,-34.0,-33.99978468328531,0.0435718308388563,-14.0,5,6,1,2,-34.11202571952621,-33.88754364704442
2003-10-29 01:30:00,19,-42.0,-41.99979431073628,0.0435718308388563,-20.0,5,6,1,2,-42.11203534697717,-41.88755327449538
2003-10-29 02:30:00,19,-32.0,-32.00008113077746,0.0435718308388563,-34.0,5,6,1,2,-32.112322167018355,-31.887840094536568
2003-10-29 03:30:00,19,-25.0,-25.000064397685083,0.0435718308388563,-42.0,5,6,1,2,-25.112305433925975,-24.88782336144419
2003-10-29 04:30:00,19,-28.0,-27.999929204345182,0.0435718308388563,-32.0,5,6,1,2,-28.112170240586074,-27.88768816810429
2003-10-29 05:30:00,19,-30.0,-29.999913514387885,0.0435718308388563,-25.0,5,6,1,2,-30.112154550628777,-29.887672478146992
2003-10-29 06:30:00,19,-10.0,-10.000199508178618,0.0435718308388563,-28.0,5,6,1,2,-10.112440544419512,-9.887958471937724
2003-10-29 07:30:00,19,-105.0,-104.99918596893082,0.0435718308388563,-30.0,5,6,1,2,-105.1114270051717,-104.88694493268993
2003-10-29 08:30:00,19,-130.0,-129.99897575663286,0.0435718308388563,-10.0,5,6,1,2,-130.11121679287376,-129.88673472039196
2003-10-29 09:30:00,19,-151.0,-150.99984284881958,0.0435718308388563,-105.0,5,6,1,2,-151.11208388506049,-150.88760181257868
2003-10-29 10:30:00,19,-151.0,-150.99991479012186,0.0435718308388563,-130.0,5,6,1,2,-151.11215582636277,-150.88767375388096
2003-10-29 11:30:00,19,-147.0,-147.0001236935858,0.0435718308388563,-151.0,5,6,1,2,-147.1123647298267,-146.8878826573449
2003-10-29 12:30:00,19,-111.0,-111.00031883824369,0.0435718308388563,-151.0,5,6,1,2,-111.11255987448457,-110.8880778020028
2003-10-29 13:30:00,19,-79.0,-79.0006309371995,0.0435718308388563,-147.0,5,6,1,2,-79.11287197344039,-78.88838990095861
2003-10-29 14:30:00,19,-99.0,-99.00006507364787,0.0435718308388563,-111.0,5,6,1,2,-99.11230610988876,-98.88782403740699
2003-10-29 15:30:00,19,-107.0,-106.99979669597164,0.0435718308388563,-79.0,5,6,1,2,-107.11203773221253,-106.88755565973075
2003-10-29 16:30:00,19,-124.0,-124.00011090881928,0.0435718308388563,-99.0,5,6,1,2,-124.11235194506017,-123.88786987257839
2003-10-29 17:30:00,19,-126.0,-125.99991764125495,0.0435718308388563,-107.0,5,6,1,2,-126.11215867749584,-125.88767660501406
2003-10-29 18:30:00,19,-169.0,-168.9998025189202,0.0435718308388563,-124.0,5,6,1,2,-169.1120435551611,-168.8875614826793
2003-10-29 19:30:00,19,-213.0,-212.999355629814,0.0435718308388563,-126.0,5,6,1,2,-213.1115966660549,-212.8871145935731
2003-10-29 20:30:00,19,-253.0,-253.00008421870444,0.0435718308388563,-169.0,5,6,1,2,-253.11232525494535,-252.88784318246354
2003-10-29 21:30:00,19,-268.0,-268.0002067813124,0.0435718308388563,-213.0,5,6,1,2,-268.1124478175533,-267.8879657450715
2003-10-29 22:30:00,19,-281.0,-281.00014663524826,0.0435718308388563,-253.0,5,6,1,2,-281.11238767148916,-280.88790559900735
2003-10-29 23:30:00,19,-350.0,-349.99932248395027,0.0435718308388563,-268.0,5,6,1,2,-350.11156352019117,-349.88708144770936
2003-10-30 00:30:00,19,-353.0,-352.99935948625324,0.0435718308388563,-281.0,5,6,1,2,-353.11160052249414,-352.88711845001234
2003-10-30 01:30:00,19,-341.0,-341.0000020452054,0.0435718308388563,-350.0,5,6,1,2,-341.1122430814463,-340.8877610089645
2003-10-30 02:30:00,19,-335.0,-334.99978999398087,0.0435718308388563,-353.0,5,6,1,2,-335.1120310302218,-334.88754895773997
2003-10-30 03:30:00,19,-303.0,-302.99996951248914,0.0435718308388563,-341.0,5,6,1,2,-303.11221054873005,-302.88772847624824
2003-10-30 04:30:00,19,-273.0,-273.00015968323606,0.0435718308388563,-335.0,5,6,1,2,-273.11240071947697,-272.88791864699516
2003-10-30 05:30:00,19,-244.0,-243.9999312035746,0.0435718308388563,-303.0,5,6,1,2,-244.1121722398155,-243.8876901673337
2003-10-30 06:30:00,19,-220.0,-220.00005441460783,0.0435718308388563,-273.0,5,6,1,2,-220.11229545084873,-219.88781337836693
2003-10-30 07:30:00,19,-203.0,-203.00005270642245,0.0435718308388563,-244.0,5,6,1,2,-203.11229374266335,-202.88781167018155
2003-10-30 08:30:00,19,-192.0,-191.99998520656573,0.0435718308388563,-220.0,5,6,1,2,-192.11222624280663,-191.88774417032482
2003-10-30 09:30:00,19,-178.0,-177.99999247819073,0.0435718308388563,-203.0,5,6,1,2,-178.11223351443164,-177.88775144194983
2003-10-30 10:30:00,19,-164.0,-164.00005727218348,0.0435718308388563,-192.0,5,6,1,2,-164.11229830842439,-163.88781623594258
2003-10-30 11:30:00,19,-155.0,-155.00008880731946,0.0435718308388563,-178.0,5,6,1,2,-155.11232984356036,-154.88784777107855
2003-10-30 12:30:00,19,-156.0,-155.99998984465162,0.0435718308388563,-164.0,5,6,1,2,-156.11223088089253,-155.88774880841072
2003-10-30 13:30:00,19,-148.0,-148.0000555850582,0.0435718308388563,-155.0,5,6,1,2,-148.1122966212991,-147.8878145488173
2003-10-30 14:30:00,19,-138.0,-138.00025788454587,0.0435718308388563,-156.0,5,6,1,2,-138.11249892078678,-137.88801684830497
2003-10-30 15:30:00,19,-129.0,-129.0001936370562,0.0435718308388563,-148.0,5,6,1,2,-129.11243467329712,-128.8879526008153
2003-10-30 16:30:00,19,-111.0,-111.0003601137586,0.0435718308388563,-138.0,5,6,1,2,-111.11260114999949,-110.88811907751771
2003-10-30 17:30:00,19,-97.0,-97.0003976960854,0.0435718308388563,-129.0,5,6,1,2,-97.11263873232629,-96.88815665984451
2003-10-30 18:30:00,19,-111.0,-111.00014202693228,0.0435718308388563,-111.0,5,6,1,2,-111.11238306317317,-110.88790099069139
2003-10-30 19:30:00,19,-142.0,-141.99974049803893,0.0435718308388563,-97.0,5,6,1,2,-142.11198153427983,-141.88749946179803
2003-10-30 20:30:00,19,-240.0,-239.9991274963822,0.0435718308388563,-111.0,5,6,1,2,-240.1113685326231,-239.88688646014128
2003-10-30 21:30:00,19,-316.0,-315.9993548483039,0.0435718308388563,-142.0,5,6,1,2,-316.1115958845448,-315.887113812063
2003-10-30 22:30:00,19,-383.0,-382.9994107528901,0.0435718308388563,-240.0,5,6,1,2,-383.11165178913103,-382.8871697166492
2003-10-30 23:30:00,19,-371.0,-370.9999656997747,0.0435718308388563,-316.0,5,6,1,2,-371.1122067360156,-370.8877246635338
2003-10-31 00:30:00,19,-307.0,-307.00035573142054,0.0435718308388563,-383.0,5,6,1,2,-307.11259676766144,-306.88811469517964
2003-10-31 01:30:00,19,-246.0,-246.00080205851245,0.0435718308388563,-371.0,5,6,1,2,-246.11304309475335,-245.88856102227155
2003-10-31 02:30:00,19,-244.0,-244.000178339092,0.0435718308388563,-307.0,5,6,1,2,-244.1124193753329,-243.8879373028511
2003-10-31 03:30:00,19,-241.0,-240.99970256264243,0.0435718308388563,-246.0,5,6,1,2,-241.11194359888333,-240.88746152640152
2003-10-31 04:30:00,19,-196.0,-195.99995861842336,0.0435718308388563,-244.0,5,6,1,2,-196.11219965466427,-195.88771758218246
2003-10-31 05:30:00,19,-131.0,-131.0004587319977,0.0435718308388563,-241.0,5,6,1,2,-131.1126997682386,-130.8882176957568
2003-10-31 06:30:00,19,-106.0,-106.00046622207752,0.0435718308388563,-196.0,5,6,1,2,-106.11270725831841,-105.88822518583663
2003-10-31 07:30:00,19,-113.0,-113.00004835778785,0.0435718308388563,-131.0,5,6,1,2,-113.11228939402874,-112.88780732154696
2003-10-31 08:30:00,19,-113.0,-112.99992223520832,0.0435718308388563,-106.0,5,6,1,2,-113.1121632714492,-112.88768119896743
2003-10-31 09:30:00,19,-109.0,-108.99993278250297,0.0435718308388563,-113.0,5,6,1,2,-109.11217381874386,-108.88769174626208
2003-10-31 10:30:00,19,-113.0,-112.99987391404206,0.0435718308388563,-113.0,5,6,1,2,-113.11211495028294,-112.88763287780117
2003-10-31 11:30:00,19,-55.0,-55.00043395288847,0.0435718308388563,-109.0,5,6,1,2,-55.11267498912937,-54.888192916647576
2003-10-31 12:30:00,19,-77.0,-77.00025465680986,0.0435718308388563,-113.0,5,6,1,2,-77.11249569305075,-76.88801362056897
2003-10-31 13:30:00,19,-80.0,-79.99991781482277,0.0435718308388563,-55.0,5,6,1,2,-80.11215885106365,-79.88767677858188
2003-10-31 14:30:00,19,-88.0,-87.99991345876978,0.0435718308388563,-77.0,5,6,1,2,-88.11215449501067,-87.8876724225289
2003-10-31 15:30:00,19,-80.0,-79.9999388306307,0.0435718308388563,-80.0,5,6,1,2,-80.11217986687159,-79.88769779438981
2003-10-31 16:30:00,19,-76.0,-76.00006840634124,0.0435718308388563,-88.0,5,6,1,2,-76.11230944258213,-75.88782737010035
2003-10-31 17:30:00,19,-68.0,-68.00008216894236,0.0435718308388563,-80.0,5,6,1,2,-68.11232320518324,-67.88784113270147
2003-10-31 18:30:00,19,-70.0,-70.00002787460028,0.0435718308388563,-76.0,5,6,1,2,-70.11226891084117,-69.88778683835939
2003-10-31 19:30:00,19,-66.0,-66.00001872147948,0.0435718308388563,-68.0,5,6,1,2,-66.11225975772037,-65.88777768523859
2003-10-31 20:30:00,19,-63.0,-63.00003904108149,0.0435718308388563,-70.0,5,6,1,2,-63.11228007732239,-62.8877980048406
2003-10-31 21:30:00,19,-52.0,-52.00011177107475,0.0435718308388563,-66.0,5,6,1,2,-52.112352807315645,-51.887870734833854
2003-10-31 22:30:00,19,-55.0,-55.00006727017787,0.0435718308388563,-63.0,5,6,1,2,-55.11230830641877,-54.88782623393698
2003-10-31 23:30:00,19,-66.0,-65.99989966432699,0.0435718308388563,-52.0,5,6,1,2,-66.11214070056788,-65.8876586280861
2003-11-01 00:30:00,19,-69.0,-68.99989090831093,0.0435718308388563,-55.0,5,6,1,2,-69.11213194455182,-68.88764987207004
2003-11-01 01:30:00,19,-69.0,-68.9999736720483,0.0435718308388563,-66.0,5,6,1,2,-69.11221470828919,-68.88773263580741
2003-11-01 02:30:00,19,-61.0,-61.00003689705114,0.0435718308388563,-69.0,5,6,1,2,-61.112277933292035,-60.88779586081024
2003-11-01 03:30:00,19,-62.0,-62.00005193312098,0.0435718308388563,-69.0,5,6,1,2,-62.112292969361874,-61.88781089688008
2003-11-01 04:30:00,19,-61.0,-61.000015436182665,0.0435718308388563,-61.0,5,6,1,2,-61.11225647242356,-60.88777439994177
2003-11-01 05:30:00,19,-62.0,-61.99998492454118,0.0435718308388563,-62.0,5,6,1,2,-62.11222596078208,-61.887743888300285
2003-11-01 06:30:00,19,-56.0,-56.000033778834194,0.0435718308388563,-61.0,5,6,1,2,-56.11227481507509,-55.8877927425933
2003-11-01 07:30:00,19,-48.0,-48.0001173253853,0.0435718308388563,-62.0,5,6,1,2,-48.11235836162619,-47.8878762891444
2003-11-01 08:30:00,19,-47.0,-47.00008335140729,0.0435718308388563,-56.0,5,6,1,2,-47.11232438764819,-46.887842315166395
2003-11-01 09:30:00,19,-44.0,-44.00002854275785,0.0435718308388563,-48.0,5,6,1,2,-44.11226957899875,-43.88778750651696
2003-11-01 10:30:00,19,-41.0,-41.00006590782952,0.0435718308388563,-47.0,5,6,1,2,-41.11230694407042,-40.88782487158863
2003-11-01 11:30:00,19,-38.0,-38.00005469439164,0.0435718308388563,-44.0,5,6,1,2,-38.11229573063254,-37.88781365815075
2003-11-01 12:30:00,19,-43.0,-42.9999816513246,0.0435718308388563,-41.0,5,6,1,2,-43.1122226875655,-42.88774061508371
2003-11-01 13:30:00,19,-46.0,-45.99991679818824,0.0435718308388563,-38.0,5,6,1,2,-46.112157834429134,-45.88767576194734
2003-11-01 14:30:00,19,-46.0,-45.999956760120526,0.0435718308388563,-43.0,5,6,1,2,-46.11219779636142,-45.88771572387963
2003-11-01 15:30:00,19,-39.0,-39.00005033533596,0.0435718308388563,-46.0,5,6,1,2,-39.11229137157686,-38.88780929909507
2003-11-01 16:30:00,19,-35.0,-35.000091304288304,0.0435718308388563,-46.0,5,6,1,2,-35.1123323405292,-34.88785026804741
2003-11-01 17:30:00,19,-31.0,-31.000071619964,0.0435718308388563,-39.0,5,6,1,2,-31.112312656204892,-30.887830583723108
2003-11-01 18:30:00,19,-28.0,-28.00006250629064,0.0435718308388563,-35.0,5,6,1,2,-28.11230354253153,-27.887821470049747
2003-11-01 19:30:00,19,-32.0,-31.999994830850312,0.0435718308388563,-31.0,5,6,1,2,-32.11223586709121,-31.88775379460942
2003-11-01 20:30:00,19,-36.0,-35.9999569228907,0.0435718308388563,-28.0,5,6,1,2,-36.1121979591316,-35.88771588664981
2003-11-01 21:30:00,19,-33.0,-33.00001957473143,0.0435718308388563,-32.0,5,6,1,2,-33.11226061097233,-32.88777853849054
2003-11-01 22:30:00,19,-31.0,-31.00006709931636,0.0435718308388563,-36.0,5,6,1,2,-31.112308135557253,-30.88782606307547
2003-11-01 23:30:00,19,-37.0,-36.99992925136197,0.0435718308388563,-33.0,5,6,1,2,-37.112170287602865,-36.887688215121074
2003-11-02 00:30:00,19,-41.0,-40.999916775302445,0.0435718308388563,-31.0,5,6,1,2,-41.11215781154334,-40.88767573906155
2003-11-02 01:30:00,19,-40.0,-39.99997894922609,0.0435718308388563,-37.0,5,6,1,2,-40.112219985466986,-39.887737912985195
2003-11-02 02:30:00,19,-31.0,-31.000058676496288,0.0435718308388563,-41.0,5,6,1,2,-31.11229971273718,-30.887817640255395
2003-11-02 03:30:00,19,-23.0,-23.000122796150947,0.0435718308388563,-40.0,5,6,1,2,-23.11236383239184,-22.887881759910055
2003-11-02 04:30:00,19,-27.0,-27.00002484070988,0.0435718308388563,-31.0,5,6,1,2,-27.112265876950772,-26.887783804468988
2003-11-02 05:30:00,19,-30.0,-29.99998504234051,0.0435718308388563,-23.0,5,6,1,2,-30.1122260785814,-29.887744006099616
2003-11-02 06:30:00,19,-26.0,-26.00004523625168,0.0435718308388563,-27.0,5,6,1,2,-26.11228627249257,-25.887804200010788
2003-11-02 07:30:00,19,-23.0,-23.000045714466697,0.0435718308388563,-30.0,5,6,1,2,-23.11228675070759,-22.887804678225805
2003-11-02 08:30:00,19,-23.0,-23.00002075358661,0.0435718308388563,-26.0,5,6,1,2,-23.112261789827503,-22.88777971734572
2003-11-02 09:30:00,19,-22.0,-21.999992577710525,0.0435718308388563,-23.0,5,6,1,2,-22.112233613951418,-21.887751541469633
2003-11-02 10:30:00,19,-27.0,-26.99996320447579,0.0435718308388563,-23.0,5,6,1,2,-27.112204240716682,-26.887722168234898
2003-11-02 11:30:00,19,-31.0,-30.99993691716449,0.0435718308388563,-22.0,5,6,1,2,-31.112177953405382,-30.887695880923598
2003-11-02 12:30:00,19,-25.0,-25.00002329779201,0.0435718308388563,-27.0,5,6,1,2,-25.1122643340329,-24.887782261551116
2003-11-02 13:30:00,19,-25.0,-25.000054688918183,0.0435718308388563,-31.0,5,6,1,2,-25.112295725159075,-24.88781365267729
2003-11-02 14:30:00,19,-28.0,-27.99995869960449,0.0435718308388563,-25.0,5,6,1,2,-28.112199735845383,-27.8877176633636
2003-11-02 15:30:00,19,-29.0,-28.9999870433688,0.0435718308388563,-25.0,5,6,1,2,-29.112228079609693,-28.88774600712791
2003-11-02 16:30:00,19,-28.0,-28.00001784144708,0.0435718308388563,-28.0,5,6,1,2,-28.11225887768797,-27.887776805206187
2003-11-02 17:30:00,19,-23.0,-23.00004575015981,0.0435718308388563,-29.0,5,6,1,2,-23.112286786400702,-22.887804713918918
2003-11-02 18:30:00,19,-23.0,-23.00005030266172,0.0435718308388563,-28.0,5,6,1,2,-23.11229133890261,-22.887809266420827
2003-11-02 19:30:00,19,-21.0,-21.000069898167013,0.0435718308388563,-23.0,5,6,1,2,-21.112310934407905,-20.88782886192612
2003-11-02 20:30:00,19,-23.0,-23.00005530762601,0.0435718308388563,-23.0,5,6,1,2,-23.112296343866902,-22.887814271385118
2003-11-02 21:30:00,19,-22.0,-21.99998009794476,0.0435718308388563,-21.0,5,6,1,2,-22.112221134185653,-21.88773906170387
2003-11-02 22:30:00,19,-26.0,-25.999975296563825,0.0435718308388563,-23.0,5,6,1,2,-26.112216332804717,-25.887734260322933
2003-11-02 23:30:00,19,-32.0,-31.99991098513392,0.0435718308388563,-22.0,5,6,1,2,-32.11215202137481,-31.887669948893027
2003-11-03 00:30:00,19,-36.0,-35.99992307865631,0.0435718308388563,-26.0,5,6,1,2,-36.112164114897205,-35.88768204241541
2003-11-03 01:30:00,19,-38.0,-37.99995946408572,0.0435718308388563,-32.0,5,6,1,2,-38.112200500326615,-37.887718427844824
2003-11-03 02:30:00,19,-32.0,-32.000014098216624,0.0435718308388563,-36.0,5,6,1,2,-32.11225513445752,-31.887773061975732
2003-11-03 03:30:00,19,-26.0,-26.00007509356336,0.0435718308388563,-38.0,5,6,1,2,-26.112316129804253,-25.88783405732247
2003-11-03 04:30:00,19,-26.0,-26.000048588524344,0.0435718308388563,-32.0,5,6,1,2,-26.112289624765236,-25.88780755228345
2003-11-03 05:30:00,19,-28.0,-27.99996440037757,0.0435718308388563,-26.0,5,6,1,2,-28.112205436618463,-27.88772336413668
2003-11-03 06:30:00,19,-21.0,-21.000030475259933,0.0435718308388563,-26.0,5,6,1,2,-21.112271511500825,-20.88778943901904
2003-11-03 07:30:00,19,-18.0,-17.999953088760037,0.0435718308388563,-28.0,5,6,1,2,-18.11219412500093,-17.887712052519145
2003-11-03 08:30:00,19,-17.0,-16.99998791399362,0.0435718308388563,-21.0,5,6,1,2,-17.112228950234513,-16.88774687775273
2003-11-03 09:30:00,19,-14.0,-13.99998044936262,0.0435718308388563,-18.0,5,6,1,2,-14.112221485603515,-13.887739413121727
2003-11-03 10:30:00,19,-7.0,-7.000082587192711,0.0435718308388563,-17.0,5,6,1,2,-7.112323623433605,-6.887841550951817
2003-11-03 11:30:00,19,-5.0,-5.000067530847552,0.0435718308388563,-14.0,5,6,1,2,-5.112308567088446,-4.887826494606658
2003-11-03 12:30:00,19,-7.0,-6.9999884302457644,0.0435718308388563,-7.0,5,6,1,2,-7.112229466486658,-6.887747394004871
2003-11-03 13:30:00,19,-9.0,-8.999986615049284,0.0435718308388563,-5.0,5,6,1,2,-9.112227651290178,-8.88774557880839
2003-11-03 14:30:00,19,-6.0,-6.000071756273357,0.0435718308388563,-7.0,5,6,1,2,-6.112312792514251,-5.887830720032463
2003-11-03 15:30:00,19,-4.0,-4.000038963133122,0.0435718308388563,-9.0,5,6,1,2,-4.112279999374016,-3.887797926892228
2003-11-03 16:30:00,19,-2.0,-2.000052102364186,0.0435718308388563,-6.0,5,6,1,2,-2.11229313860508,-1.8878110661232923
2003-11-03 17:30:00,19,-3.0,-2.999970409260655,0.0435718308388563,-4.0,5,6,1,2,-3.112211445501549,-2.887729373019761
2003-11-03 18:30:00,19,-2.0,-2.0000222013285693,0.0435718308388563,-2.0,5,6,1,2,-2.112263237569463,-1.8877811650876755
2003-11-03 19:30:00,19,-4.0,-4.00006650360702,0.0435718308388563,-3.0,5,6,1,2,-4.112307539847914,-3.8878254673661266
2003-11-03 20:30:00,19,-5.0,-5.0000069699658845,0.0435718308388563,-2.0,5,6,1,2,-5.112248006206778,-4.887765933724991
2003-11-03 21:30:00,19,-6.0,-5.999997339041492,0.0435718308388563,-4.0,5,6,1,2,-6.112238375282386,-5.887756302800598
2003-11-03 22:30:00,19,-6.0,-5.999978832460652,0.0435718308388563,-5.0,5,6,1,2,-6.112219868701546,-5.887737796219758
2003-11-03 23:30:00,19,-11.0,-10.99994524640341,0.0435718308388563,-6.0,5,6,1,2,-11.112186282644304,-10.887704210162516
2003-11-04 00:30:00,19,-20.0,-19.999876270624853,0.0435718308388563,-6.0,5,6,1,2,-20.112117306865745,-19.88763523438396
2003-11-04 01:30:00,19,-15.0,-14.999944203284247,0.0435718308388563,-11.0,5,6,1,2,-15.112185239525141,-14.887703167043354
2003-11-04 02:30:00,19,-12.0,-12.000065127800717,0.0435718308388563,-20.0,5,6,1,2,-12.11230616404161,-11.887824091559823
2003-11-04 03:30:00,19,-12.0,-12.000018005543293,0.0435718308388563,-15.0,5,6,1,2,-12.112259041784187,-11.887776969302399
2003-11-04 04:30:00,19,-14.0,-13.999983661687068,0.0435718308388563,-12.0,5,6,1,2,-14.112224697927962,-13.887742625446174
2003-11-04 05:30:00,19,-15.0,-14.999967478081526,0.0435718308388563,-12.0,5,6,1,2,-15.11220851432242,-14.887726441840632
2003-11-04 06:30:00,19,14.0,13.9997004952626,0.0435718308388563,-14.0,5,6,1,2,13.887459459021706,14.111941531503494
2003-11-04 07:30:00,19,10.0,9.999778675463864,0.0435718308388563,-15.0,5,6,1,2,9.88753763922297,10.112019711704757
2003-11-04 08:30:00,19,6.0,5.999953419552206,0.0435718308388563,14.0,5,6,1,2,5.887712383311312,6.1121944557931
2003-11-04 09:30:00,19,-15.0,-14.999880835329016,0.0435718308388563,10.0,5,6,1,2,-15.11212187156991,-14.887639799088122
2003-11-04 10:30:00,19,-69.0,-68.99936927846852,0.0435718308388563,6.0,5,6,1,2,-69.11161031470941,-68.88712824222763
2003-11-04 11:30:00,19,-63.0,-63.00024093356535,0.0435718308388563,-15.0,5,6,1,2,-63.11248196980625,-62.887999897324455
2003-11-04 12:30:00,19,-55.0,-54.99997488825116,0.0435718308388563,-69.0,5,6,1,2,-55.112215924492055,-54.887733852010264
2003-11-04 13:30:00,19,-58.0,-58.000003233837006,0.0435718308388563,-63.0,5,6,1,2,-58.1122442700779,-57.88776219759611
2003-11-04 14:30:00,19,-61.0,-60.999980966456704,0.0435718308388563,-55.0,5,6,1,2,-61.1122220026976,-60.88773993021581
2003-11-04 15:30:00,19,-59.0,-59.00000842399504,0.0435718308388563,-58.0,5,6,1,2,-59.11224946023594,-58.887767387754145
2003-11-04 16:30:00,19,-55.0,-55.00005932217719,0.0435718308388563,-61.0,5,6,1,2,-55.11230035841808,-54.88781828593629
2003-11-04 17:30:00,19,-50.0,-50.00007359043623,0.0435718308388563,-59.0,5,6,1,2,-50.112314626677126,-49.887832554195334
2003-11-04 18:30:00,19,-45.0,-45.00009016270035,0.0435718308388563,-55.0,5,6,1,2,-45.11233119894125,-44.88784912645946
2003-11-04 19:30:00,19,-41.0,-41.000076867516114,0.0435718308388563,-50.0,5,6,1,2,-41.11231790375701,-40.88783583127522
2003-11-04 20:30:00,19,-39.0,-39.00006359926631,0.0435718308388563,-45.0,5,6,1,2,-39.11230463550721,-38.887822563025416
2003-11-04 21:30:00,19,-36.0,-36.000057483318606,0.0435718308388563,-41.0,5,6,1,2,-36.1122985195595,-35.88781644707771
2003-11-04 22:30:00,19,-39.0,-39.00000068868766,0.0435718308388563,-39.0,5,6,1,2,-39.11224172492856,-38.88775965244677
2003-11-04 23:30:00,19,-42.0,-41.99992790687172,0.0435718308388563,-36.0,5,6,1,2,-42.112168943112614,-41.88768687063082
2003-11-05 00:30:00,19,-41.0,-40.99998292308111,0.0435718308388563,-39.0,5,6,1,2,-41.11222395932201,-40.88774188684022
2003-11-05 01:30:00,19,-36.0,-36.00001743351863,0.0435718308388563,-42.0,5,6,1,2,-36.112258469759524,-35.88777639727773
2003-11-05 02:30:00,19,-31.0,-31.000068303393192,0.0435718308388563,-41.0,5,6,1,2,-31.112309339634084,-30.8878272671523
2003-11-05 03:30:00,19,-31.0,-31.000030530270102,0.0435718308388563,-36.0,5,6,1,2,-31.112271566510994,-30.88778949402921
2003-11-05 04:30:00,19,-31.0,-30.999985362424784,0.0435718308388563,-31.0,5,6,1,2,-31.112226398665676,-30.887744326183892
2003-11-05 05:30:00,19,-30.0,-30.000002762021847,0.0435718308388563,-31.0,5,6,1,2,-30.11224379826274,-29.887761725780955
2003-11-05 06:30:00,19,-27.0,-27.00002284777042,0.0435718308388563,-31.0,5,6,1,2,-27.112263884011313,-26.88778181152953
2003-11-05 07:30:00,19,-24.0,-24.00004259834537,0.0435718308388563,-30.0,5,6,1,2,-24.112283634586262,-23.887801562104478
2003-11-05 08:30:00,19,-25.0,-25.00002488598851,0.0435718308388563,-27.0,5,6,1,2,-25.1122659222294,-24.887783849747617
2003-11-05 09:30:00,19,-28.0,-27.999946586727063,0.0435718308388563,-24.0,5,6,1,2,-28.112187622967955,-27.88770555048617
2003-11-05 10:30:00,19,-29.0,-28.99994920406497,0.0435718308388563,-25.0,5,6,1,2,-29.11219024030586,-28.887708167824076
2003-11-05 11:30:00,19,-28.0,-27.999975796642044,0.0435718308388563,-28.0,5,6,1,2,-28.112216832882936,-27.887734760401152
2003-11-05 12:30:00,19,-27.0,-26.999996948585995,0.0435718308388563,-29.0,5,6,1,2,-27.112237984826887,-26.887755912345103
2003-11-05 13:30:00,19,-25.0,-25.000007286673902,0.0435718308388563,-28.0,5,6,1,2,-25.112248322914795,-24.88776625043301
2003-11-05 14:30:00,19,-22.0,-22.000031968657588,0.0435718308388563,-27.0,5,6,1,2,-22.11227300489848,-21.887790932416696
2003-11-05 15:30:00,19,-19.0,-19.000045344375067,0.0435718308388563,-25.0,5,6,1,2,-19.11228638061596,-18.887804308134175
2003-11-05 16:30:00,19,-17.0,-17.000055354880423,0.0435718308388563,-22.0,5,6,1,2,-17.112296391121316,-16.88781431863953
2003-11-05 17:30:00,19,-16.0,-16.0000224758707,0.0435718308388563,-19.0,5,6,1,2,-16.112263512111593,-15.887781439629807
2003-11-05 18:30:00,19,-17.0,-17.00002409185919,0.0435718308388563,-17.0,5,6,1,2,-17.11226512810008,-16.887783055618296
2003-11-05 19:30:00,19,-12.0,-12.000056560186522,0.0435718308388563,-16.0,5,6,1,2,-12.112297596427416,-11.887815523945628
2003-11-05 20:30:00,19,-17.0,-16.999988044277124,0.0435718308388563,-17.0,5,6,1,2,-17.112229080518016,-16.887747008036232
2003-11-05 21:30:00,19,-18.0,-17.999957387844375,0.0435718308388563,-12.0,5,6,1,2,-18.112198424085268,-17.887716351603483
2003-11-05 22:30:00,19,-17.0,-17.000013886495406,0.0435718308388563,-17.0,5,6,1,2,-17.112254922736298,-16.887772850254514
2003-11-05 23:30:00,19,-22.0,-21.999994917868243,0.0435718308388563,-18.0,5,6,1,2,-22.112235954109135,-21.88775388162735
2003-11-06 00:30:00,19,-24.0,-23.9999411694243,0.0435718308388563,-17.0,5,6,1,2,-24.112182205665192,-23.887700133183408
2003-11-06 01:30:00,19,-24.0,-23.99998848666171,0.0435718308388563,-22.0,5,6,1,2,-24.112229522902602,-23.887747450420818
2003-11-06 02:30:00,19,-21.0,-21.00002346147953,0.0435718308388563,-24.0,5,6,1,2,-21.11226449772042,-20.887782425238637
2003-11-06 03:30:00,19,-21.0,-21.0000229956542,0.0435718308388563,-24.0,5,6,1,2,-21.11226403189509,-20.887781959413307
2003-11-06 04:30:00,19,-25.0,-24.99995743044299,0.0435718308388563,-21.0,5,6,1,2,-25.112198466683882,-24.887716394202098
2003-11-06 05:30:00,19,-25.0,-24.999963081363425,0.0435718308388563,-21.0,5,6,1,2,-25.112204117604318,-24.887722045122533
2003-11-06 06:30:00,19,-20.0,-20.000054779600813,0.0435718308388563,-25.0,5,6,1,2,-20.112295815841705,-19.88781374335992
2003-11-06 07:30:00,19,-17.0,-17.00004561587363,0.0435718308388563,-25.0,5,6,1,2,-17.112286652114523,-16.88780457963274
2003-11-06 08:30:00,19,-16.0,-16.00001948917611,0.0435718308388563,-20.0,5,6,1,2,-16.112260525417003,-15.887778452935217
2003-11-06 09:30:00,19,-14.0,-14.000023012772472,0.0435718308388563,-17.0,5,6,1,2,-14.112264049013366,-13.887781976531578
2003-11-06 10:30:00,19,-15.0,-15.000011109216128,0.0435718308388563,-16.0,5,6,1,2,-15.112252145457022,-14.887770072975234
2003-11-06 11:30:00,19,-13.0,-13.000020846765818,0.0435718308388563,-14.0,5,6,1,2,-13.112261883006711,-12.887779810524924
2003-11-06 12:30:00,19,-12.0,-12.000012244778343,0.0435718308388563,-15.0,5,6,1,2,-12.112253281019237,-11.88777120853745
2003-11-06 13:30:00,19,-11.0,-11.000042753419956,0.0435718308388563,-13.0,5,6,1,2,-11.11228378966085,-10.887801717179062
2003-11-06 14:30:00,19,-7.0,-7.000045038287194,0.0435718308388563,-12.0,5,6,1,2,-7.112286074528088,-6.8878040020463
2003-11-06 15:30:00,19,-5.0,-5.000075011116156,0.0435718308388563,-11.0,5,6,1,2,-5.11231604735705,-4.887833974875262
2003-11-06 16:30:00,19,-10.0,-9.999990010666888,0.0435718308388563,-7.0,5,6,1,2,-10.112231046907782,-9.887748974425994
2003-11-06 17:30:00,19,-10.0,-9.99998796480551,0.0435718308388563,-5.0,5,6,1,2,-10.112229001046403,-9.887746928564615
2003-11-06 18:30:00,19,-9.0,-8.99999385383635,0.0435718308388563,-10.0,5,6,1,2,-9.112234890077245,-8.887752817595457
2003-11-06 19:30:00,19,-1.0,-1.0000830272996095,0.0435718308388563,-10.0,5,6,1,2,-1.1123240635405034,-0.8878419910587156
2003-11-06 20:30:00,19,5.0,4.999866959337453,0.0435718308388563,-9.0,5,6,1,2,4.887625923096559,5.112107995578347
2003-11-06 21:30:00,19,-9.0,-9.000002481787376,0.0435718308388563,-1.0,5,6,1,2,-9.11224351802827,-8.887761445546483
2003-11-06 22:30:00,19,-21.0,-20.99990465206995,0.0435718308388563,5.0,5,6,1,2,-21.112145688310843,-20.88766361582906
2003-11-06 23:30:00,19,-18.0,-17.99991600859311,0.0435718308388563,-9.0,5,6,1,2,-18.112157044834003,-17.88767497235222
2003-11-07 00:30:00,19,-16.0,-16.000263378792578,0.0435718308388563,-21.0,5,6,1,2,-16.11250441503347,-15.888022342551684
2003-11-07 01:30:00,19,-20.0,-19.9999650438494,0.0435718308388563,-18.0,5,6,1,2,-20.112206080090292,-19.887724007608508
2003-11-07 02:30:00,19,-15.0,-14.999998622204398,0.0435718308388563,-16.0,5,6,1,2,-15.112239658445292,-14.887757585963504
2003-11-07 03:30:00,19,-10.0,-10.000092771115138,0.0435718308388563,-20.0,5,6,1,2,-10.112333807356032,-9.887851734874245
2003-11-07 04:30:00,19,-14.0,-14.000009618440703,0.0435718308388563,-15.0,5,6,1,2,-14.112250654681597,-13.88776858219981
2003-11-07 05:30:00,19,-15.0,-14.999986941324243,0.0435718308388563,-10.0,5,6,1,2,-15.112227977565137,-14.88774590508335
2003-11-07 06:30:00,19,-14.0,-14.000031044114165,0.0435718308388563,-14.0,5,6,1,2,-14.112272080355059,-13.88779000787327
2003-11-07 07:30:00,19,-12.0,-12.000024658829606,0.0435718308388563,-15.0,5,6,1,2,-12.1122656950705,-11.887783622588712
2003-11-07 08:30:00,19,-11.0,-11.0000405704413,0.0435718308388563,-14.0,5,6,1,2,-11.112281606682194,-10.887799534200406
2003-11-07 09:30:00,19,-15.0,-14.999974936620394,0.0435718308388563,-12.0,5,6,1,2,-15.112215972861287,-14.8877339003795
2003-11-07 10:30:00,19,-13.0,-12.99999841816834,0.0435718308388563,-11.0,5,6,1,2,-13.112239454409234,-12.887757381927447
2003-11-07 11:30:00,19,-11.0,-11.000019623858222,0.0435718308388563,-15.0,5,6,1,2,-11.112260660099116,-10.887778587617328
2003-11-07 12:30:00,19,-8.0,-8.000041784926868,0.0435718308388563,-13.0,5,6,1,2,-8.112282821167762,-7.887800748685974
2003-11-07 13:30:00,19,-8.0,-8.000038998117368,0.0435718308388563,-11.0,5,6,1,2,-8.112280034358262,-7.887797961876474
2003-11-07 14:30:00,19,-7.0,-7.00002473699865,0.0435718308388563,-8.0,5,6,1,2,-7.112265773239544,-6.8877837007577565
2003-11-07 15:30:00,19,-7.0,-7.00001919463822,0.0435718308388563,-8.0,5,6,1,2,-7.112260230879114,-6.887778158397326
2003-11-07 16:30:00,19,-6.0,-6.000027894574572,0.0435718308388563,-7.0,5,6,1,2,-6.112268930815466,-5.887786858333678
2003-11-07 17:30:00,19,-4.0,-4.0000604130286455,0.0435718308388563,-7.0,5,6,1,2,-4.112301449269539,-3.8878193767877516
2003-11-07 18:30:00,19,-3.0,-3.000027936726685,0.0435718308388563,-6.0,5,6,1,2,-3.1122689729675788,-2.887786900485791
2003-11-07 19:30:00,19,-4.0,-4.000008323774949,0.0435718308388563,-4.0,5,6,1,2,-4.112249360015843,-3.8877672875340554
2003-11-07 20:30:00,19,-4.0,-4.000026352693222,0.0435718308388563,-3.0,5,6,1,2,-4.112267388934116,-3.8877853164523284
2003-11-07 21:30:00,19,-3.0,-3.000009731224182,0.0435718308388563,-4.0,5,6,1,2,-3.112250767465076,-2.887768694983288
2003-11-07 22:30:00,19,-1.0,-1.000024356119706,0.0435718308388563,-4.0,5,6,1,2,-1.1122653923605998,-0.8877833198788121
2003-11-07 23:30:00,19,-3.0,-2.9999898462850574,0.0435718308388563,-3.0,5,6,1,2,-3.1122308825259513,-2.8877488100441635
2003-11-08 00:30:00,19,-5.0,-4.999989165141329,0.0435718308388563,-1.0,5,6,1,2,-5.112230201382223,-4.887748128900435
2003-11-08 01:30:00,19,-3.0,-3.0000216236329003,0.0435718308388563,-3.0,5,6,1,2,-3.112262659873794,-2.8877805873920064
2003-11-08 02:30:00,19,3.0,2.999941713574956,0.0435718308388563,-5.0,5,6,1,2,2.8877006773340623,3.11218274981585
2003-11-08 03:30:00,19,5.0,4.999927660066447,0.0435718308388563,-3.0,5,6,1,2,4.887686623825553,5.112168696307341
2003-11-08 04:30:00,19,4.0,3.999962413601523,0.0435718308388563,3.0,5,6,1,2,3.887721377360629,4.112203449842417
2003-11-08 05:30:00,19,3.0,2.9999828166021345,0.0435718308388563,5.0,5,6,1,2,2.8877417803612406,3.1122238528430284
2003-11-08 06:30:00,19,3.0,2.999981263965985,0.0435718308388563,4.0,5,6,1,2,2.887740227725091,3.112222300206879
2003-11-08 07:30:00,19,4.0,3.999950937667791,0.0435718308388563,3.0,5,6,1,2,3.887709901426897,4.1121919739086845
2003-11-08 08:30:00,19,5.0,4.999978844478051,0.0435718308388563,3.0,5,6,1,2,4.887737808237157,5.1122198807189445
2003-11-08 09:30:00,19,5.0,4.999948068756062,0.0435718308388563,4.0,5,6,1,2,4.887707032515168,5.112189104996956
2003-11-08 10:30:00,19,6.0,5.9999866339257935,0.0435718308388563,5.0,5,6,1,2,5.8877455976849,6.112227670166687
2003-11-08 11:30:00,19,5.0,4.999960536927709,0.0435718308388563,5.0,5,6,1,2,4.887719500686815,5.112201573168603
2003-11-08 12:30:00,19,11.0,10.99989982509939,0.0435718308388563,6.0,5,6,1,2,10.887658788858497,11.112140861340285
2003-11-08 13:30:00,19,15.0,14.999896228383946,0.0435718308388563,5.0,5,6,1,2,14.887655192143052,15.11213726462484
2003-11-08 14:30:00,19,21.0,20.9998633061328,0.0435718308388563,11.0,5,6,1,2,20.887622269891907,21.11210434237369
2003-11-08 15:30:00,19,12.0,11.99996225414172,0.0435718308388563,15.0,5,6,1,2,11.887721217900825,12.112203290382613
2003-11-08 16:30:00,19,7.0,6.999940792443695,0.0435718308388563,21.0,5,6,1,2,6.887699756202801,7.112181828684589
2003-11-08 17:30:00,19,4.0,4.000059902120206,0.0435718308388563,12.0,5,6,1,2,3.8878188658793125,4.1123009383611
2003-11-08 18:30:00,19,5.0,5.000043400340424,0.0435718308388563,7.0,5,6,1,2,4.88780236409953,5.112284436581318
2003-11-08 19:30:00,19,-5.0,-4.999950669001159,0.0435718308388563,4.0,5,6,1,2,-5.1121917052420525,-4.887709632760265
2003-11-08 20:30:00,19,-5.0,-4.999978807226064,0.0435718308388563,5.0,5,6,1,2,-5.112219843466958,-4.88773777098517
2003-11-08 21:30:00,19,2.0,1.999981040274584,0.0435718308388563,-5.0,5,6,1,2,1.88774000403369,2.1122220765154776
2003-11-08 22:30:00,19,1.0,0.9999764657830852,0.0435718308388563,-5.0,5,6,1,2,0.8877354295421913,1.112217502023979
2003-11-08 23:30:00,19,2.0,1.99993742496482,0.0435718308388563,2.0,5,6,1,2,1.8876963887239262,2.1121784612057137
2003-11-09 00:30:00,19,2.0,1.9999637537773007,0.0435718308388563,1.0,5,6,1,2,1.8877227175364069,2.1122047900181946
2004-10-29 13:30:00,23,12.0,2.523555361772424,9.82389715446174,2.0,5,6,1,2,-22.78280370812102,27.829914431665866
2004-10-29 14:30:00,23,12.0,6.118041591114775,9.82389715446174,2.0,5,6,1,2,-19.188317478778668,31.424400661008217
2004-10-29 15:30:00,23,6.0,9.338404991351313,9.82389715446174,12.0,5,6,1,2,-15.96795407854213,34.64476406124476
2004-10-29 16:30:00,23,1.0,9.846607184947011,9.82389715446174,12.0,5,6,1,2,-15.459751884946431,35.15296625484045
2004-10-29 17:30:00,23,-7.0,0.7903985739066712,9.82389715446174,6.0,5,6,1,2,-24.51596049598677,26.096757643800114
2004-10-29 18:30:00,23,-9.0,-8.305670781218115,9.82389715446174,1.0,5,6,1,2,-33.61202985111156,17.000688288675327
2004-10-29 19:30:00,23,-16.0,-9.244421666004865,9.82389715446174,-7.0,5,6,1,2,-34.55078073589831,16.061937403888578
2004-10-29 20:30:00,23,-18.0,-11.671907859004566,9.82389715446174,-9.0,5,6,1,2,-36.97826692889801,13.634451210888876
2004-10-29 21:30:00,23,-14.0,-14.080306585863898,9.82389715446174,-16.0,5,6,1,2,-39.38666565575734,11.226052484029545
2004-10-29 22:30:00,23,-10.0,-9.415661078591366,9.82389715446174,-18.0,5,6,1,2,-34.72202014848481,15.890697991302076
2004-10-29 23:30:00,23,-5.0,-8.774672542405629,9.82389715446174,-14.0,5,6,1,2,-34.08103161229907,16.531686527487814
2004-10-30 00:30:00,23,-11.0,-13.85964783380208,9.82389715446174,-10.0,5,6,1,2,-39.166006903695525,11.446711236091362
2004-10-30 01:30:00,23,-17.0,-16.644524006001898,9.82389715446174,-5.0,5,6,1,2,-41.95088307589534,8.661835063891544
2004-10-30 02:30:00,23,-21.0,-20.96776289837961,9.82389715446174,-11.0,5,6,1,2,-46.27412196827305,4.3385961715138315
2004-10-30 03:30:00,23,-22.0,-24.10371150189294,9.82389715446174,-17.0,5,6,1,2,-49.41007057178638,1.2026475680005042
2004-10-30 04:30:00,23,-23.0,-26.745880201646493,9.82389715446174,-21.0,5,6,1,2,-52.05223927153993,-1.4395211317530503
2004-10-30 05:30:00,23,-22.0,-20.03891456554821,9.82389715446174,-22.0,5,6,1,2,-45.34527363544166,5.267444504345232
2004-10-30 06:30:00,23,-25.0,-23.56764245700778,9.82389715446174,-23.0,5,6,1,2,-48.874001526901225,1.7387166128856641
2004-10-30 07:30:00,23,-28.0,-19.229079450406697,9.82389715446174,-22.0,5,6,1,2,-44.53543852030014,6.077279619486745
2004-10-30 08:30:00,23,-33.0,-29.05152084327097,9.82389715446174,-25.0,5,6,1,2,-54.35787991316441,-3.7451617733775286
2004-10-30 09:30:00,23,-33.0,-28.230718927853424,9.82389715446174,-28.0,5,6,1,2,-53.53707799774686,-2.924359857959981
2004-10-30 10:30:00,23,-24.0,-33.69584716957615,9.82389715446174,-33.0,5,6,1,2,-59.00220623946959,-8.389488099682705
2004-10-30 11:30:00,23,-15.0,-32.354312133733785,9.82389715446174,-33.0,5,6,1,2,-57.66067120362723,-7.0479530638403425
2004-10-30 12:30:00,23,-16.0,-21.12289580171797,9.82389715446174,-24.0,5,6,1,2,-46.42925487161141,4.183463268175473
2004-10-30 13:30:00,23,-14.0,-17.76590945696529,9.82389715446174,-15.0,5,6,1,2,-43.072268526858736,7.540449612928153
2004-10-30 14:30:00,23,-9.0,-17.44035032230091,9.82389715446174,-16.0,5,6,1,2,-42.746709392194354,7.866008747592531
2004-10-30 15:30:00,23,-9.0,-14.558544217764492,9.82389715446174,-14.0,5,6,1,2,-39.86490328765794,10.74781485212895
2004-10-30 16:30:00,23,-12.0,-8.840667615825087,9.82389715446174,-9.0,5,6,1,2,-34.14702668571853,16.465691454068356
2004-10-30 17:30:00,23,-5.0,-15.21937395206833,9.82389715446174,-9.0,5,6,1,2,-40.52573302196177,10.086985117825112
2004-10-30 18:30:00,23,-3.0,-10.55574757535724,9.82389715446174,-12.0,5,6,1,2,-35.862106645250684,14.750611494536203
2004-10-30 19:30:00,23,-4.0,-4.213619533515132,9.82389715446174,-5.0,5,6,1,2,-29.519978603408575,21.09273953637831
2004-10-30 20:30:00,23,-15.0,-4.999012500691372,9.82389715446174,-3.0,5,6,1,2,-30.305371570584814,20.30734656920207
2004-10-30 21:30:00,23,-24.0,-7.728261129745746,9.82389715446174,-4.0,5,6,1,2,-33.03462019963919,17.578097940147696
2004-10-30 22:30:00,23,-23.0,-25.346060850136464,9.82389715446174,-15.0,5,6,1,2,-50.65241992002991,-0.03970178024302129
2004-10-30 23:30:00,23,-17.0,-21.252484622171487,9.82389715446174,-24.0,5,6,1,2,-46.558843692064926,4.053874447721956
2004-10-31 00:30:00,23,-9.0,-21.27789919054748,9.82389715446174,-23.0,5,6,1,2,-46.58425826044092,4.028459879345963
2004-10-31 01:30:00,23,-7.0,-15.538567767101023,9.82389715446174,-17.0,5,6,1,2,-40.84492683699447,9.76779130279242
2004-10-31 02:30:00,23,-15.0,-10.68480984502068,9.82389715446174,-9.0,5,6,1,2,-35.99116891491413,14.621549224872762
2004-10-31 03:30:00,23,-14.0,-9.705949803075129,9.82389715446174,-7.0,5,6,1,2,-35.012308872968575,15.600409266818314
2004-10-31 04:30:00,23,-9.0,-16.49183276963366,9.82389715446174,-15.0,5,6,1,2,-41.79819183952711,8.814526300259782
2004-10-31 05:30:00,23,-4.0,-11.55862512753414,9.82389715446174,-14.0,5,6,1,2,-36.86498419742758,13.747733942359302
2004-10-31 06:30:00,23,-4.0,-8.720159673311763,9.82389715446174,-9.0,5,6,1,2,-34.0265187432052,16.58619939658168
2004-10-31 07:30:00,23,-6.0,-5.547079684748852,9.82389715446174,-4.0,5,6,1,2,-30.853438754642294,19.75927938514459
2004-10-31 08:30:00,23,-4.0,-6.218043398573041,9.82389715446174,-4.0,5,6,1,2,-31.524402468466484,19.0883156713204
2004-10-31 09:30:00,23,-4.0,-7.239333242893348,9.82389715446174,-6.0,5,6,1,2,-32.54569231278679,18.067025827000094
2004-10-31 10:30:00,23,-13.0,-2.350253954104314,9.82389715446174,-4.0,5,6,1,2,-27.656613023997757,22.95610511578913
2004-10-31 11:30:00,23,-16.0,-11.876162855404488,9.82389715446174,-4.0,5,6,1,2,-37.182521925297934,13.430196214488955
2004-10-31 12:30:00,23,-18.0,-11.326197540676318,9.82389715446174,-13.0,5,6,1,2,-36.632556610569765,13.980161529217124
2004-10-31 13:30:00,23,-20.0,-20.59962533813361,9.82389715446174,-16.0,5,6,1,2,-45.90598440802705,4.706733731759833
2004-10-31 14:30:00,23,-18.0,-24.212943720178792,9.82389715446174,-18.0,5,6,1,2,-49.51930279007223,1.0934153497146504
2004-10-31 15:30:00,23,-16.0,-17.485330074267942,9.82389715446174,-20.0,5,6,1,2,-42.79168914416138,7.8210289956255
2004-10-31 16:30:00,23,-14.0,-16.91258082192551,9.82389715446174,-18.0,5,6,1,2,-42.21893989181895,8.393778247967933
2004-10-31 17:30:00,23,-14.0,-14.00001026018943,0.0435718308388563,-16.0,5,6,1,2,-14.112251296430324,-13.887769223948537
2004-10-31 18:30:00,23,-12.0,-12.000036025882212,0.0435718308388563,-14.0,5,6,1,2,-12.112277062123106,-11.887794989641318
2004-10-31 19:30:00,23,-14.0,-13.999974572372814,0.0435718308388563,-14.0,5,6,1,2,-14.112215608613708,-13.88773353613192
2004-10-31 20:30:00,23,-13.0,-13.000012972512604,0.0435718308388563,-12.0,5,6,1,2,-13.112254008753498,-12.88777193627171
2004-10-31 21:30:00,23,-16.0,-15.99999317311715,0.0435718308388563,-14.0,5,6,1,2,-16.112234209358043,-15.887752136876257
2004-10-31 22:30:00,23,-16.0,-16.000029754962522,0.0435718308388563,-13.0,5,6,1,2,-16.112270791203414,-15.887788718721628
2004-10-31 23:30:00,23,-19.0,-19.0000012063646,0.0435718308388563,-16.0,5,6,1,2,-19.112242242605493,-18.88776017012371
2004-11-01 00:30:00,23,-19.0,-18.999985051912063,0.0435718308388563,-16.0,5,6,1,2,-19.112226088152955,-18.88774401567117
2004-11-01 01:30:00,23,-16.0,-16.000021400775367,0.0435718308388563,-19.0,5,6,1,2,-16.11226243701626,-15.887780364534473
2004-11-01 02:30:00,23,-14.0,-14.000016024242331,0.0435718308388563,-19.0,5,6,1,2,-14.112257060483225,-13.887774988001437
2004-11-01 03:30:00,23,-12.0,-12.000016142304757,0.0435718308388563,-16.0,5,6,1,2,-12.11225717854565,-11.887775106063863
2004-11-01 04:30:00,23,-8.0,-8.00008005436884,0.0435718308388563,-14.0,5,6,1,2,-8.112321090609734,-7.887839018127947
2004-11-01 05:30:00,23,-7.0,-7.000070403250792,0.0435718308388563,-12.0,5,6,1,2,-7.112311439491686,-6.887829367009898
2004-11-01 06:30:00,23,-7.0,-7.000006730627309,0.0435718308388563,-8.0,5,6,1,2,-7.112247766868203,-6.887765694386415
2004-11-01 07:30:00,23,-5.0,-5.000037170664967,0.0435718308388563,-7.0,5,6,1,2,-5.112278206905861,-4.8877961344240735
2004-11-01 08:30:00,23,-6.0,-5.999994492283861,0.0435718308388563,-7.0,5,6,1,2,-6.112235528524755,-5.887753456042967
2004-11-01 09:30:00,23,-8.0,-7.999978189423164,0.0435718308388563,-5.0,5,6,1,2,-8.112219225664058,-7.88773715318227
2004-11-01 10:30:00,23,-8.0,-7.999981916396301,0.0435718308388563,-6.0,5,6,1,2,-8.112222952637195,-7.887740880155407
2004-11-01 11:30:00,23,-10.0,-9.999977084877203,0.0435718308388563,-8.0,5,6,1,2,-10.112218121118097,-9.88773604863631
2004-11-01 12:30:00,23,-9.0,-9.000025227727306,0.0435718308388563,-8.0,5,6,1,2,-9.1122662639682,-8.887784191486412
2004-11-01 13:30:00,23,-9.0,-8.999992282471801,0.0435718308388563,-10.0,5,6,1,2,-9.112233318712695,-8.887751246230907
2004-11-01 14:30:00,23,-7.0,-7.000018047734642,0.0435718308388563,-9.0,5,6,1,2,-7.112259083975536,-6.887777011493748
2004-11-01 15:30:00,23,-7.0,-7.000027572601205,0.0435718308388563,-9.0,5,6,1,2,-7.112268608842099,-6.887786536360311
2004-11-01 16:30:00,23,-1.0,-1.000064266075828,0.0435718308388563,-7.0,5,6,1,2,-1.112305302316722,-0.8878232298349342
2004-11-01 17:30:00,23,-1.0,-1.0000546001814428,0.0435718308388563,-7.0,5,6,1,2,-1.1122956364223366,-0.8878135639405489
2004-11-01 18:30:00,23,-4.0,-3.9999884919290913,0.0435718308388563,-1.0,5,6,1,2,-4.112229528169985,-3.8877474556881975
2004-11-01 19:30:00,23,-2.0,-2.00000306897769,0.0435718308388563,-1.0,5,6,1,2,-2.112244105218584,-1.8877620327367963
2004-11-01 20:30:00,23,-1.0,-1.0000252148422533,0.0435718308388563,-4.0,5,6,1,2,-1.1122662510831471,-0.8877841786013594
2004-11-01 21:30:00,23,-2.0,-2.00000074647188,0.0435718308388563,-2.0,5,6,1,2,-2.1122417827127737,-1.887759710230986
2004-11-01 22:30:00,23,-3.0,-2.9999918025381795,0.0435718308388563,-1.0,5,6,1,2,-3.1122328387790734,-2.8877507662972857
2004-11-01 23:30:00,23,-3.0,-2.999993776099558,0.0435718308388563,-2.0,5,6,1,2,-3.1122348123404517,-2.887752739858664
2004-11-02 00:30:00,23,-3.0,-2.9999910508543586,0.0435718308388563,-3.0,5,6,1,2,-3.1122320870952525,-2.8877500146134647
2004-11-02 01:30:00,23,-5.0,-5.000011463442124,0.0435718308388563,-3.0,5,6,1,2,-5.112252499683018,-4.887770427201231
2004-11-02 02:30:00,23,-4.0,-4.0000104538975805,0.0435718308388563,-3.0,5,6,1,2,-4.112251490138474,-3.8877694176566866
2004-11-02 03:30:00,23,-5.0,-4.999982682205545,0.0435718308388563,-5.0,5,6,1,2,-5.1122237184464385,-4.887741645964651
2004-11-02 04:30:00,23,-7.0,-6.999960979812926,0.0435718308388563,-4.0,5,6,1,2,-7.1122020160538195,-6.887719943572032
2004-11-02 05:30:00,23,-7.0,-6.999975894251669,0.0435718308388563,-5.0,5,6,1,2,-7.112216930492563,-6.887734858010775
2004-11-02 06:30:00,23,-6.0,-5.999994713717985,0.0435718308388563,-7.0,5,6,1,2,-6.112235749958879,-5.887753677477091
2004-11-02 07:30:00,23,-4.0,-4.000005136360354,0.0435718308388563,-7.0,5,6,1,2,-4.112246172601248,-3.88776410011946
2004-11-02 08:30:00,23,-2.0,-2.0000233774733687,0.0435718308388563,-6.0,5,6,1,2,-2.1122644137142625,-1.8877823412324748
2004-11-02 09:30:00,23,-3.0,-3.000004607028238,0.0435718308388563,-4.0,5,6,1,2,-3.112245643269132,-2.887763570787344
2004-11-02 10:30:00,23,-4.0,-4.000011189477618,0.0435718308388563,-2.0,5,6,1,2,-4.112252225718512,-3.8877701532367244
2004-11-02 11:30:00,23,-2.0,-2.000033052462353,0.0435718308388563,-3.0,5,6,1,2,-2.1122740887032467,-1.887792016221459
2004-11-02 12:30:00,23,-2.0,-2.000025984955169,0.0435718308388563,-4.0,5,6,1,2,-2.112267021196063,-1.887784948714275
2004-11-02 13:30:00,23,1.0,0.9999538980780756,0.0435718308388563,-2.0,5,6,1,2,0.8877128618371817,1.1121949343189694
2004-11-02 14:30:00,23,-1.0,-1.0000291243749686,0.0435718308388563,-2.0,5,6,1,2,-1.1122701606158625,-0.8877880881340747
2004-11-02 15:30:00,23,-4.0,-3.99998080152044,0.0435718308388563,1.0,5,6,1,2,-4.112221837761334,-3.8877397652795462
2004-11-02 16:30:00,23,-6.0,-6.00001205061778,0.0435718308388563,-1.0,5,6,1,2,-6.112253086858674,-5.887771014376886
2004-11-02 17:30:00,23,-5.0,-5.000038877150526,0.0435718308388563,-4.0,5,6,1,2,-5.11227991339142,-4.8877978409096325
2004-11-02 18:30:00,23,0.0,-6.560096669971927e-05,0.0435718308388563,-6.0,5,6,1,2,-0.11230663720759355,0.11217543527419412
2004-11-02 19:30:00,23,3.0,2.999910856390308,0.0435718308388563,-5.0,5,6,1,2,2.887669820149414,3.1121518926312017
2004-11-02 20:30:00,23,2.0,1.999980107580264,0.0435718308388563,0.0,5,6,1,2,1.88773907133937,2.1122211438211576
2004-11-02 21:30:00,23,1.0,1.0000022268392286,0.0435718308388563,3.0,5,6,1,2,0.8877611905983347,1.1122432630801224
2004-11-02 22:30:00,23,-1.0,-0.999977344879138,0.0435718308388563,2.0,5,6,1,2,-1.112218381120032,-0.8877363086382442
2004-11-02 23:30:00,23,0.0,3.008144577876237e-06,0.0435718308388563,1.0,5,6,1,2,-0.11223802809631596,0.11224404438547171
2004-11-03 00:30:00,23,2.0,1.9999728393573832,0.0435718308388563,-1.0,5,6,1,2,1.8877318031164894,2.112213875598277
2004-11-03 01:30:00,23,3.0,2.999972872293277,0.0435718308388563,0.0,5,6,1,2,2.887731836052383,3.1122139085341707
2004-11-03 02:30:00,23,3.0,2.9999886164227973,0.0435718308388563,2.0,5,6,1,2,2.8877475801819035,3.1122296526636912
2004-11-03 03:30:00,23,3.0,2.9999932037025445,0.0435718308388563,3.0,5,6,1,2,2.8877521674616506,3.1122342399434384
2004-11-03 04:30:00,23,4.0,3.99996628291288,0.0435718308388563,3.0,5,6,1,2,3.887725246671986,4.112207319153773
2004-11-03 05:30:00,23,6.0,5.999980487937243,0.0435718308388563,3.0,5,6,1,2,5.8877394516963495,6.112221524178137
2004-11-03 06:30:00,23,8.0,7.999961831929951,0.0435718308388563,4.0,5,6,1,2,7.887720795689057,8.112202868170844
2004-11-03 07:30:00,23,8.0,7.999975109967359,0.0435718308388563,6.0,5,6,1,2,7.887734073726465,8.112216146208253
2004-11-03 08:30:00,23,8.0,7.999980743073415,0.0435718308388563,8.0,5,6,1,2,7.887739706832521,8.112221779314309
2004-11-03 09:30:00,23,7.0,6.999988066658759,0.0435718308388563,8.0,5,6,1,2,6.887747030417865,7.1122291028996525
2004-11-03 10:30:00,23,4.0,4.000033286012908,0.0435718308388563,8.0,5,6,1,2,3.887792249772014,4.112274322253802
2004-11-03 11:30:00,23,3.0,3.0000087775927256,0.0435718308388563,7.0,5,6,1,2,2.8877677413518317,3.1122498138336194
2004-11-03 12:30:00,23,1.0,0.9999844198645677,0.0435718308388563,4.0,5,6,1,2,0.8877433836236738,1.1122254561054614
2004-11-03 13:30:00,23,7.0,6.999958966632029,0.0435718308388563,3.0,5,6,1,2,6.887717930391135,7.112200002872923
2004-11-03 14:30:00,23,12.0,11.999947737184035,0.0435718308388563,1.0,5,6,1,2,11.887706700943141,12.11218877342493
2004-11-03 15:30:00,23,14.0,13.99991359643326,0.0435718308388563,7.0,5,6,1,2,13.887672560192366,14.112154632674153
2004-11-03 16:30:00,23,14.0,13.999938115972313,0.0435718308388563,12.0,5,6,1,2,13.887697079731419,14.112179152213207
2004-11-03 17:30:00,23,7.0,7.0000299085615865,0.0435718308388563,14.0,5,6,1,2,6.887788872320693,7.11227094480248
2004-11-03 18:30:00,23,3.0,2.999973773380105,0.0435718308388563,14.0,5,6,1,2,2.887732737139211,3.112214809620999
2004-11-03 19:30:00,23,3.0,2.99994090990743,0.0435718308388563,7.0,5,6,1,2,2.887699873666536,3.1121819461483238
2004-11-03 20:30:00,23,-7.0,-6.999874964016712,0.0435718308388563,3.0,5,6,1,2,-7.112116000257606,-6.887633927775818
2004-11-03 21:30:00,23,-19.0,-18.99991087054537,0.0435718308388563,3.0,5,6,1,2,-19.112151906786263,-18.88766983430448
2004-11-03 22:30:00,23,-17.0,-17.000057136845623,0.0435718308388563,-7.0,5,6,1,2,-17.112298173086515,-16.88781610060473
2004-11-03 23:30:00,23,-12.0,-12.000106916761492,0.0435718308388563,-19.0,5,6,1,2,-12.112347953002386,-11.887865880520598
2004-11-04 00:30:00,23,-3.0,-3.000035322054412,0.0435718308388563,-17.0,5,6,1,2,-3.112276358295306,-2.887794285813518
2004-11-04 01:30:00,23,-3.0,-3.000055162465724,0.0435718308388563,-12.0,5,6,1,2,-3.112296198706618,-2.8878141262248302
2004-11-04 02:30:00,23,-7.0,-6.999989009142329,0.0435718308388563,-3.0,5,6,1,2,-7.112230045383223,-6.887747972901435
2004-11-04 03:30:00,23,-9.0,-8.999983733256734,0.0435718308388563,-3.0,5,6,1,2,-9.112224769497628,-8.88774269701584
2004-11-04 04:30:00,23,-8.0,-8.000022612679114,0.0435718308388563,-7.0,5,6,1,2,-8.112263648920008,-7.88778157643822
2004-11-04 05:30:00,23,-9.0,-9.000043960716376,0.0435718308388563,-9.0,5,6,1,2,-9.11228499695727,-8.887802924475482
2004-11-04 06:30:00,23,-11.0,-10.999966643185054,0.0435718308388563,-8.0,5,6,1,2,-11.112207679425948,-10.88772560694416
2004-11-04 07:30:00,23,-13.0,-12.999975103713592,0.0435718308388563,-9.0,5,6,1,2,-13.112216139954485,-12.887734067472698
2004-11-04 08:30:00,23,-10.0,-9.999984632514831,0.0435718308388563,-11.0,5,6,1,2,-10.112225668755725,-9.887743596273937
2004-11-04 09:30:00,23,-5.0,-5.0000520284780485,0.0435718308388563,-13.0,5,6,1,2,-5.112293064718942,-4.887810992237155
2004-11-04 10:30:00,23,-2.0,-2.0000754703998886,0.0435718308388563,-10.0,5,6,1,2,-2.1123165066407825,-1.8878344341589948
2004-11-04 11:30:00,23,0.0,-6.18064577437849e-05,0.0435718308388563,-5.0,5,6,1,2,-0.11230284269863762,0.11217922978315005
2004-11-04 12:30:00,23,1.0,0.9999480870543992,0.0435718308388563,-2.0,5,6,1,2,0.8877070508135053,1.112189123295293
2004-11-04 13:30:00,23,-1.0,-1.0000053394247672,0.0435718308388563,0.0,5,6,1,2,-1.112246375665661,-0.8877643031838733
2004-11-04 14:30:00,23,-2.0,-2.000000955826369,0.0435718308388563,1.0,5,6,1,2,-2.112241992067263,-1.8877599195854753
2004-11-04 15:30:00,23,0.0,-7.729301583481174e-05,0.0435718308388563,-1.0,5,6,1,2,-0.11231832925672865,0.11216374322505902
2004-11-04 16:30:00,23,-1.0,-1.00000715354194,0.0435718308388563,-2.0,5,6,1,2,-1.1122481897828338,-0.887766117301046
2004-11-04 17:30:00,23,-9.0,-8.999903603169152,0.0435718308388563,0.0,5,6,1,2,-9.112144639410046,-8.887662566928258
2004-11-04 18:30:00,23,-13.0,-12.999923647216608,0.0435718308388563,-1.0,5,6,1,2,-13.112164683457502,-12.887682610975714
2004-11-04 19:30:00,23,-12.0,-11.999971834225938,0.0435718308388563,-9.0,5,6,1,2,-12.112212870466832,-11.887730797985045
2004-11-04 20:30:00,23,-7.0,-7.000049201608267,0.0435718308388563,-13.0,5,6,1,2,-7.112290237849161,-6.887808165367373
2004-11-04 21:30:00,23,-4.0,-4.000046416729518,0.0435718308388563,-12.0,5,6,1,2,-4.112287452970412,-3.887805380488624
2004-11-04 22:30:00,23,-1.0,-1.0000425883025628,0.0435718308388563,-7.0,5,6,1,2,-1.1122836245434566,-0.8878015520616689
2004-11-04 23:30:00,23,-5.0,-5.000013129412995,0.0435718308388563,-4.0,5,6,1,2,-5.112254165653889,-4.887772093172101
2004-11-05 00:30:00,23,-8.0,-7.999981197750667,0.0435718308388563,-1.0,5,6,1,2,-8.112222233991561,-7.8877401615097735
2004-11-05 01:30:00,23,-6.0,-6.000019625821025,0.0435718308388563,-5.0,5,6,1,2,-6.112260662061919,-5.887778589580131
2004-11-05 02:30:00,23,-5.0,-4.9999828480962485,0.0435718308388563,-8.0,5,6,1,2,-5.112223884337142,-4.887741811855355
2004-11-05 03:30:00,23,-6.0,-5.999983467207724,0.0435718308388563,-6.0,5,6,1,2,-6.112224503448618,-5.8877424309668305
2004-11-05 04:30:00,23,-5.0,-5.000012258851896,0.0435718308388563,-5.0,5,6,1,2,-5.11225329509279,-4.887771222611002
2004-11-05 05:30:00,23,-4.0,-3.999992492033439,0.0435718308388563,-6.0,5,6,1,2,-4.1122335282743325,-3.887751455792545
2004-11-05 06:30:00,23,-4.0,-4.000006659039695,0.0435718308388563,-5.0,5,6,1,2,-4.112247695280589,-3.887765622798801
2004-11-05 07:30:00,23,-3.0,-3.000029330801489,0.0435718308388563,-4.0,5,6,1,2,-3.112270367042383,-2.887788294560595
2004-11-05 08:30:00,23,-2.0,-1.999994310230317,0.0435718308388563,-4.0,5,6,1,2,-2.112235346471211,-1.8877532739894232
2004-11-05 09:30:00,23,0.0,-2.5426305828801787e-05,0.0435718308388563,-3.0,5,6,1,2,-0.11226646254672264,0.11221560993506503
2004-11-05 10:30:00,23,1.0,0.999974461092549,0.0435718308388563,-2.0,5,6,1,2,0.8877334248516551,1.1122154973334428
2004-11-05 11:30:00,23,0.0,-9.76424575327428e-06,0.0435718308388563,0.0,5,6,1,2,-0.11225080048664711,0.11223127199514056
2004-11-05 12:30:00,23,-3.0,-2.999961378945528,0.0435718308388563,1.0,5,6,1,2,-3.112202415186422,-2.8877203427046343
2004-11-05 13:30:00,23,-3.0,-2.999967519475881,0.0435718308388563,0.0,5,6,1,2,-3.1122085557167747,-2.887726483234987
2004-11-05 14:30:00,23,-3.0,-2.999997630589718,0.0435718308388563,-3.0,5,6,1,2,-3.1122386668306117,-2.887756594348824
2004-11-05 15:30:00,23,-2.0,-1.999992041786428,0.0435718308388563,-3.0,5,6,1,2,-2.1122330780273217,-1.8877510055455342
2004-11-05 16:30:00,23,0.0,-2.500204759314784e-05,0.0435718308388563,-3.0,5,6,1,2,-0.11226603828848698,0.11221603419330069
2004-11-05 17:30:00,23,-1.0,-1.000004174158974,0.0435718308388563,-2.0,5,6,1,2,-1.112245210399868,-0.8877631379180801
2004-11-05 18:30:00,23,-1.0,-1.0000025826732042,0.0435718308388563,0.0,5,6,1,2,-1.112243618914098,-0.8877615464323103
2004-11-05 19:30:00,23,1.0,0.9999799052164916,0.0435718308388563,-1.0,5,6,1,2,0.8877388689755977,1.1122209414573854
2004-11-05 20:30:00,23,2.0,1.999967015272475,0.0435718308388563,-1.0,5,6,1,2,1.887725979031581,2.1122080515133685
2004-11-05 21:30:00,23,4.0,3.9999788005126433,0.0435718308388563,1.0,5,6,1,2,3.8877377642717494,4.112219836753537
2004-11-05 22:30:00,23,4.0,3.999976222028103,0.0435718308388563,2.0,5,6,1,2,3.8877351857872093,4.112217258268997
2004-11-05 23:30:00,23,5.0,4.999965417205388,0.0435718308388563,4.0,5,6,1,2,4.887724380964494,5.112206453446282
2004-11-06 00:30:00,23,6.0,5.999971762242431,0.0435718308388563,4.0,5,6,1,2,5.8877307260015375,6.112212798483325
2004-11-06 01:30:00,23,6.0,5.999978178395843,0.0435718308388563,5.0,5,6,1,2,5.887737142154949,6.1122192146367365
2004-11-06 02:30:00,23,6.0,5.999992819507824,0.0435718308388563,6.0,5,6,1,2,5.88775178326693,6.112233855748718
2004-11-06 03:30:00,23,5.0,4.999993843331893,0.0435718308388563,6.0,5,6,1,2,4.887752807090999,5.112234879572787
2004-11-06 04:30:00,23,4.0,4.000002460373437,0.0435718308388563,6.0,5,6,1,2,3.8877614241325436,4.112243496614331
2004-11-06 05:30:00,23,6.0,5.9999868559882685,0.0435718308388563,5.0,5,6,1,2,5.887745819747375,6.112227892229162
2004-11-06 06:30:00,23,7.0,6.999973408025724,0.0435718308388563,4.0,5,6,1,2,6.88773237178483,7.112214444266618
2004-11-06 07:30:00,23,7.0,6.999980953415459,0.0435718308388563,6.0,5,6,1,2,6.8877399171745655,7.112221989656353
2004-11-06 08:30:00,23,6.0,5.999999486934172,0.0435718308388563,7.0,5,6,1,2,5.887758450693278,6.112240523175066
2004-11-06 09:30:00,23,6.0,5.99999744448737,0.0435718308388563,7.0,5,6,1,2,5.887756408246476,6.112238480728264
2004-11-06 10:30:00,23,6.0,5.9999906117137485,0.0435718308388563,6.0,5,6,1,2,5.887749575472855,6.112231647954642
2004-11-06 11:30:00,23,6.0,5.99998955223333,0.0435718308388563,6.0,5,6,1,2,5.8877485159924365,6.112230588474224
2004-11-06 12:30:00,23,7.0,6.999986707646684,0.0435718308388563,6.0,5,6,1,2,6.88774567140579,7.112227743887578
2004-11-06 13:30:00,23,7.0,6.99998368132362,0.0435718308388563,6.0,5,6,1,2,6.887742645082726,7.112224717564514
2004-11-06 14:30:00,23,5.0,5.000007640883304,0.0435718308388563,7.0,5,6,1,2,4.88776660464241,5.112248677124198
2004-11-06 15:30:00,23,5.0,5.0000045405323945,0.0435718308388563,7.0,5,6,1,2,4.887763504291501,5.112245576773288
2004-11-06 16:30:00,23,4.0,4.000014644398284,0.0435718308388563,5.0,5,6,1,2,3.8877736081573904,4.112255680639178
2004-11-06 17:30:00,23,5.0,5.000003215277921,0.0435718308388563,5.0,5,6,1,2,4.887762179037027,5.112244251518815
2004-11-06 18:30:00,23,6.0,5.99997894485054,0.0435718308388563,4.0,5,6,1,2,5.887737908609646,6.1122199810914335
2004-11-06 19:30:00,23,1.0,1.0000363485338113,0.0435718308388563,5.0,5,6,1,2,0.8877953122929174,1.1122773847747052
2004-11-06 20:30:00,23,2.0,1.9999963042952231,0.0435718308388563,6.0,5,6,1,2,1.8877552680543292,2.112237340536117
2004-11-06 21:30:00,23,5.0,4.999968970336823,0.0435718308388563,1.0,5,6,1,2,4.887727934095929,5.112210006577717
2004-11-06 22:30:00,23,7.0,6.999952831029773,0.0435718308388563,2.0,5,6,1,2,6.8877117947888795,7.112193867270667
2004-11-06 23:30:00,23,10.0,9.999954845689436,0.0435718308388563,5.0,5,6,1,2,9.887713809448542,10.11219588193033
2004-11-07 00:30:00,23,12.0,11.999948320777683,0.0435718308388563,7.0,5,6,1,2,11.88770728453679,12.112189357018577
2004-11-07 01:30:00,23,9.0,8.999958029791372,0.0435718308388563,10.0,5,6,1,2,8.887716993550479,9.112199066032266
2004-11-07 02:30:00,23,8.0,8.000002804413846,0.0435718308388563,12.0,5,6,1,2,7.887761768172952,8.11224384065474
2004-11-07 03:30:00,23,19.0,18.99989070155276,0.0435718308388563,9.0,5,6,1,2,18.88764966531187,19.112131737793653
2004-11-07 04:30:00,23,14.0,13.99995138286902,0.0435718308388563,8.0,5,6,1,2,13.887710346628126,14.112192419109913
2004-11-07 05:30:00,23,16.0,15.99993808142056,0.0435718308388563,19.0,5,6,1,2,15.887697045179666,16.11217911766145
2004-11-07 06:30:00,23,17.0,16.999958595731876,0.0435718308388563,14.0,5,6,1,2,16.887717559490984,17.112199631972768
2004-11-07 07:30:00,23,16.0,15.99997233716686,0.0435718308388563,16.0,5,6,1,2,15.887731300925966,16.11221337340775
2004-11-07 08:30:00,23,17.0,16.999971925592426,0.0435718308388563,17.0,5,6,1,2,16.887730889351534,17.11221296183332
2004-11-07 09:30:00,23,16.0,15.999957287516509,0.0435718308388563,16.0,5,6,1,2,15.887716251275615,16.1121983237574
2004-11-07 10:30:00,23,25.0,24.999900474121752,0.0435718308388563,17.0,5,6,1,2,24.88765943788086,25.112141510362644
2004-11-07 11:30:00,23,50.0,49.9996415799684,0.0435718308388563,16.0,5,6,1,2,49.8874005437275,50.11188261620929
2004-11-07 12:30:00,23,55.0,54.99962554785715,0.0435718308388563,25.0,5,6,1,2,54.887384511616254,55.111866584098046
2004-11-07 13:30:00,23,44.0,43.99986652327209,0.0435718308388563,50.0,5,6,1,2,43.887625487031194,44.112107559512985
2004-11-07 14:30:00,23,43.0,42.99984279092992,0.0435718308388563,55.0,5,6,1,2,42.88760175468902,43.112083827170814
2004-11-07 15:30:00,23,30.0,30.0000272221285,0.0435718308388563,44.0,5,6,1,2,29.88778618588761,30.112268258369394
2004-11-07 16:30:00,23,8.0,8.000228351487713,0.0435718308388563,43.0,5,6,1,2,7.88798731524682,8.112469387728607
2004-11-07 17:30:00,23,-15.0,-15.000107988754667,0.0435718308388563,30.0,5,6,1,2,-15.112349024995561,-14.887866952513773
2004-11-07 18:30:00,23,18.0,17.999892901006376,0.0435718308388563,8.0,5,6,1,2,17.887651864765484,18.11213393724727
2004-11-07 19:30:00,23,61.0,60.99942803384171,0.0435718308388563,-15.0,5,6,1,2,60.887186997600814,61.111669070082606
2004-11-07 20:30:00,23,22.0,21.99990858555787,0.0435718308388563,18.0,5,6,1,2,21.887667549316976,22.11214962179876
2004-11-07 21:30:00,23,-74.0,-73.99907587823083,0.0435718308388563,61.0,5,6,1,2,-74.11131691447171,-73.88683484198994
2004-11-07 22:30:00,23,-77.0,-76.99998081382515,0.0435718308388563,22.0,5,6,1,2,-77.11222185006604,-76.88773977758426
2004-11-07 23:30:00,23,-117.0,-117.00024381516852,0.0435718308388563,-74.0,5,6,1,2,-117.1124848514094,-116.88800277892763
2004-11-08 00:30:00,23,-179.0,-178.99904239561053,0.0435718308388563,-77.0,5,6,1,2,-179.11128343185143,-178.88680135936963
2004-11-08 01:30:00,23,-186.0,-186.00054229028189,0.0435718308388563,-117.0,5,6,1,2,-186.1127833265228,-185.88830125404098
2004-11-08 02:30:00,23,-224.0,-223.99995060189067,0.0435718308388563,-179.0,5,6,1,2,-224.11219163813158,-223.88770956564977
2004-11-08 03:30:00,23,-272.0,-271.99963552709727,0.0435718308388563,-186.0,5,6,1,2,-272.11187656333817,-271.88739449085637
2004-11-08 04:30:00,23,-342.0,-341.99940457216434,0.0435718308388563,-224.0,5,6,1,2,-342.11164560840524,-341.88716353592343
2004-11-08 05:30:00,23,-368.0,-367.9994126585743,0.0435718308388563,-272.0,5,6,1,2,-368.1116536948152,-367.88717162233337
2004-11-08 06:30:00,23,-374.0,-373.9998788134128,0.0435718308388563,-342.0,5,6,1,2,-374.1121198496537,-373.8876377771719
2004-11-08 07:30:00,23,-343.0,-342.9998960575616,0.0435718308388563,-368.0,5,6,1,2,-343.1121370938025,-342.8876550213207
2004-11-08 08:30:00,23,-320.0,-320.0001806242788,0.0435718308388563,-374.0,5,6,1,2,-320.1124216605197,-319.8879395880379
2004-11-08 09:30:00,23,-299.0,-299.00000932039643,0.0435718308388563,-343.0,5,6,1,2,-299.11225035663733,-298.8877682841555
2004-11-08 10:30:00,23,-234.0,-234.0003882306689,0.0435718308388563,-320.0,5,6,1,2,-234.1126292669098,-233.888147194428
2004-11-08 11:30:00,23,-215.0,-215.00040014075265,0.0435718308388563,-299.0,5,6,1,2,-215.11264117699355,-214.88815910451174
2004-11-08 12:30:00,23,-181.0,-181.00018579167804,0.0435718308388563,-234.0,5,6,1,2,-181.11242682791894,-180.88794475543713
2004-11-08 13:30:00,23,-168.0,-168.00008563361078,0.0435718308388563,-215.0,5,6,1,2,-168.11232666985168,-167.88784459736988
2004-11-08 14:30:00,23,-160.0,-159.99990664075784,0.0435718308388563,-181.0,5,6,1,2,-160.11214767699875,-159.88766560451694
2004-11-08 15:30:00,23,-149.0,-148.9999083538707,0.0435718308388563,-168.0,5,6,1,2,-149.1121493901116,-148.8876673176298
2004-11-08 16:30:00,23,-145.0,-144.99990387985935,0.0435718308388563,-160.0,5,6,1,2,-145.11214491610025,-144.88766284361844
2004-11-08 17:30:00,23,-135.0,-134.9999528506537,0.0435718308388563,-149.0,5,6,1,2,-135.1121938868946,-134.8877118144128
2004-11-08 18:30:00,23,-128.0,-128.00000336538244,0.0435718308388563,-145.0,5,6,1,2,-128.11224440162334,-127.88776232914155
2004-11-08 19:30:00,23,-125.0,-124.9999870479494,0.0435718308388563,-135.0,5,6,1,2,-125.11222808419029,-124.88774601170851
2004-11-08 20:30:00,23,-125.0,-124.99998662342564,0.0435718308388563,-128.0,5,6,1,2,-125.11222765966653,-124.88774558718475
2004-11-08 21:30:00,23,-118.0,-118.00002333688172,0.0435718308388563,-125.0,5,6,1,2,-118.11226437312261,-117.88778230064084
2004-11-08 22:30:00,23,-122.0,-121.99995730926024,0.0435718308388563,-125.0,5,6,1,2,-122.11219834550113,-121.88771627301935
2004-11-08 23:30:00,23,-126.0,-125.99985609307784,0.0435718308388563,-118.0,5,6,1,2,-126.11209712931873,-125.88761505683695
2004-11-09 00:30:00,23,-127.0,-126.99988628840194,0.0435718308388563,-122.0,5,6,1,2,-127.11212732464283,-126.88764525216105
2004-11-09 01:30:00,23,-129.0,-128.99988858867334,0.0435718308388563,-126.0,5,6,1,2,-129.11212962491425,-128.88764755243244
2004-11-09 02:30:00,23,-129.0,-128.99990766334128,0.0435718308388563,-127.0,5,6,1,2,-129.11214869958218,-128.88766662710037
2004-11-09 03:30:00,23,-122.0,-121.99998722771196,0.0435718308388563,-129.0,5,6,1,2,-122.11222826395284,-121.88774619147107
2004-11-09 04:30:00,23,-125.0,-124.99994657245796,0.0435718308388563,-129.0,5,6,1,2,-125.11218760869885,-124.88770553621707
2004-11-09 05:30:00,23,-118.0,-117.9999537141546,0.0435718308388563,-122.0,5,6,1,2,-118.11219475039549,-117.88771267791371
2004-11-09 06:30:00,23,-116.0,-116.00000698065637,0.0435718308388563,-125.0,5,6,1,2,-116.11224801689725,-115.88776594441548
2004-11-09 07:30:00,23,-103.0,-103.0000724289882,0.0435718308388563,-118.0,5,6,1,2,-103.1123134652291,-102.88783139274732
2004-11-09 08:30:00,23,-104.0,-104.0000325886469,0.0435718308388563,-116.0,5,6,1,2,-104.11227362488779,-103.88779155240601
2004-11-09 09:30:00,23,-93.0,-93.00004175242462,0.0435718308388563,-103.0,5,6,1,2,-93.11228278866551,-92.88780071618373
2004-11-09 10:30:00,23,-78.0,-78.0001804765343,0.0435718308388563,-104.0,5,6,1,2,-78.11242151277519,-77.88793944029341
2004-11-09 11:30:00,23,-70.0,-70.0001606794356,0.0435718308388563,-93.0,5,6,1,2,-70.11240171567648,-69.8879196431947
2004-11-09 12:30:00,23,-92.0,-91.999870508654,0.0435718308388563,-78.0,5,6,1,2,-92.11211154489489,-91.88762947241311
2004-11-09 13:30:00,23,-106.0,-105.99968852056702,0.0435718308388563,-70.0,5,6,1,2,-106.11192955680791,-105.88744748432613
2004-11-09 14:30:00,23,-118.0,-117.99976795741476,0.0435718308388563,-92.0,5,6,1,2,-118.11200899365565,-117.88752692117387
2004-11-09 15:30:00,23,-138.0,-137.99968067282148,0.0435718308388563,-106.0,5,6,1,2,-138.1119217090624,-137.88743963658058
2004-11-09 16:30:00,23,-139.0,-138.9997727857814,0.0435718308388563,-118.0,5,6,1,2,-139.1120138220223,-138.8875317495405
2004-11-09 17:30:00,23,-129.0,-129.00003516782778,0.0435718308388563,-138.0,5,6,1,2,-129.11227620406868,-128.88779413158687
2004-11-09 18:30:00,23,-110.0,-110.00020029714204,0.0435718308388563,-139.0,5,6,1,2,-110.11244133338293,-109.88795926090116
2004-11-09 19:30:00,23,-106.0,-106.00013404298898,0.0435718308388563,-129.0,5,6,1,2,-106.11237507922986,-105.88789300674809
2004-11-09 20:30:00,23,-181.0,-180.99925453965704,0.0435718308388563,-110.0,5,6,1,2,-181.11149557589795,-180.88701350341614
2004-11-09 21:30:00,23,-214.0,-213.9991831464793,0.0435718308388563,-106.0,5,6,1,2,-214.1114241827202,-213.8869421102384
2004-11-09 22:30:00,23,-182.0,-182.00000424300296,0.0435718308388563,-181.0,5,6,1,2,-182.11224527924387,-181.88776320676206
2004-11-09 23:30:00,23,-173.0,-172.99981175419006,0.0435718308388563,-214.0,5,6,1,2,-173.11205279043097,-172.88757071794916
2004-11-10 00:30:00,23,-151.0,-151.00005809669597,0.0435718308388563,-182.0,5,6,1,2,-151.11229913293687,-150.88781706045506
2004-11-10 01:30:00,23,-135.0,-135.0002384738383,0.0435718308388563,-173.0,5,6,1,2,-135.1124795100792,-134.8879974375974
2004-11-10 02:30:00,23,-148.0,-147.99998282669452,0.0435718308388563,-151.0,5,6,1,2,-148.11222386293542,-147.88774179045362
2004-11-10 03:30:00,23,-155.0,-154.99990178700443,0.0435718308388563,-135.0,5,6,1,2,-155.11214282324534,-154.88766075076353
2004-11-10 04:30:00,23,-152.0,-152.00004844728664,0.0435718308388563,-148.0,5,6,1,2,-152.11228948352755,-151.88780741104574
2004-11-10 05:30:00,23,-197.0,-196.9997015776536,0.0435718308388563,-155.0,5,6,1,2,-197.1119426138945,-196.8874605414127
2004-11-10 06:30:00,23,-240.0,-239.99927685172588,0.0435718308388563,-152.0,5,6,1,2,-240.11151788796678,-239.88703581548498
2004-11-10 07:30:00,23,-259.0,-258.99959006563233,0.0435718308388563,-197.0,5,6,1,2,-259.11183110187324,-258.88734902939143
2004-11-10 08:30:00,23,-258.0,-257.9999210368111,0.0435718308388563,-240.0,5,6,1,2,-258.112162073052,-257.8876800005702
2004-11-10 09:30:00,23,-258.0,-258.00001385366943,0.0435718308388563,-259.0,5,6,1,2,-258.11225488991033,-257.8877728174285
2004-11-10 10:30:00,23,-263.0,-262.9998577052561,0.0435718308388563,-258.0,5,6,1,2,-263.112098741497,-262.8876166690152
2004-11-10 11:30:00,23,-232.0,-232.0000701631729,0.0435718308388563,-258.0,5,6,1,2,-232.1123111994138,-231.887829126932
2004-11-10 12:30:00,23,-234.0,-234.0000395318445,0.0435718308388563,-263.0,5,6,1,2,-234.1122805680854,-233.8877984956036
2004-11-10 13:30:00,23,-206.0,-205.9999212166072,0.0435718308388563,-232.0,5,6,1,2,-206.1121622528481,-205.8876801803663
2004-11-10 14:30:00,23,-176.0,-176.00026004590836,0.0435718308388563,-234.0,5,6,1,2,-176.11250108214927,-175.88801900966746
2004-11-10 15:30:00,23,-171.0,-171.0000821563676,0.0435718308388563,-206.0,5,6,1,2,-171.1123231926085,-170.8878411201267
2004-11-10 16:30:00,23,-164.0,-163.99991559264242,0.0435718308388563,-176.0,5,6,1,2,-164.11215662888333,-163.88767455640152
2004-11-10 17:30:00,23,-135.0,-135.00013364219177,0.0435718308388563,-171.0,5,6,1,2,-135.11237467843267,-134.88789260595087
2004-11-10 18:30:00,23,-118.0,-118.0002473337643,0.0435718308388563,-164.0,5,6,1,2,-118.1124883700052,-117.88800629752342
2004-11-10 19:30:00,23,-122.0,-121.9999904128614,0.0435718308388563,-135.0,5,6,1,2,-122.11223144910228,-121.8877493766205
2004-11-10 20:30:00,23,-120.0,-119.99989815757264,0.0435718308388563,-118.0,5,6,1,2,-120.11213919381353,-119.88765712133176
2004-11-10 21:30:00,23,-118.0,-117.99991987972078,0.0435718308388563,-122.0,5,6,1,2,-118.11216091596167,-117.88767884347989
2004-11-10 22:30:00,23,-112.0,-111.99998034893063,0.0435718308388563,-120.0,5,6,1,2,-112.11222138517152,-111.88773931268975
2004-11-10 23:30:00,23,-109.0,-108.99996140450094,0.0435718308388563,-118.0,5,6,1,2,-109.11220244074183,-108.88772036826005
2004-11-11 00:30:00,23,-105.0,-104.99997316406896,0.0435718308388563,-112.0,5,6,1,2,-105.11221420030985,-104.88773212782807
2004-11-11 01:30:00,23,-97.0,-97.0000367597249,0.0435718308388563,-109.0,5,6,1,2,-97.1122777959658,-96.88779572348402
2004-11-11 02:30:00,23,-97.0,-97.00000696951876,0.0435718308388563,-105.0,5,6,1,2,-97.11224800575965,-96.88776593327788
2004-11-11 03:30:00,23,-97.0,-96.9999439329682,0.0435718308388563,-97.0,5,6,1,2,-97.11218496920908,-96.8877028967273
2004-11-11 04:30:00,23,-103.0,-102.9998802492607,0.0435718308388563,-97.0,5,6,1,2,-103.11212128550159,-102.88763921301981
2004-11-11 05:30:00,23,-106.0,-105.99982357315224,0.0435718308388563,-97.0,5,6,1,2,-106.11206460939313,-105.88758253691135
2004-11-11 06:30:00,23,-103.0,-102.99997506218132,0.0435718308388563,-103.0,5,6,1,2,-103.11221609842221,-102.88773402594043
2004-11-11 07:30:00,23,-99.0,-99.00001809797952,0.0435718308388563,-106.0,5,6,1,2,-99.11225913422041,-98.88777706173863
2004-11-11 08:30:00,23,-90.0,-90.00003566352825,0.0435718308388563,-103.0,5,6,1,2,-90.11227669976914,-89.88779462728736
2004-11-11 09:30:00,23,-80.0,-80.00006407048946,0.0435718308388563,-99.0,5,6,1,2,-80.11230510673035,-79.88782303424857
2004-11-11 10:30:00,23,-85.0,-84.9999983848279,0.0435718308388563,-90.0,5,6,1,2,-85.1122394210688,-84.88775734858702
2004-11-11 11:30:00,23,-82.0,-81.99995976225603,0.0435718308388563,-80.0,5,6,1,2,-82.11220079849691,-81.88771872601514
2004-11-11 12:30:00,23,-76.0,-76.00002523323687,0.0435718308388563,-85.0,5,6,1,2,-76.11226626947776,-75.88778419699598
2004-11-11 13:30:00,23,-77.0,-76.99997306926878,0.0435718308388563,-82.0,5,6,1,2,-77.11221410550966,-76.88773203302789
2004-11-11 14:30:00,23,-81.0,-80.99989599531784,0.0435718308388563,-76.0,5,6,1,2,-81.11213703155873,-80.88765495907695
2004-11-11 15:30:00,23,-75.0,-74.99997547439514,0.0435718308388563,-77.0,5,6,1,2,-75.11221651063603,-74.88773443815425
2004-11-11 16:30:00,23,-73.0,-73.00000695547863,0.0435718308388563,-81.0,5,6,1,2,-73.11224799171951,-72.88776591923774
2004-11-11 17:30:00,23,-58.0,-58.00010149751053,0.0435718308388563,-75.0,5,6,1,2,-58.11234253375142,-57.88786046126963
2004-11-11 18:30:00,23,-52.0,-52.00014198345183,0.0435718308388563,-73.0,5,6,1,2,-52.11238301969273,-51.88790094721094
2004-11-11 19:30:00,23,-61.0,-60.99995500084477,0.0435718308388563,-58.0,5,6,1,2,-61.11219603708567,-60.887713964603876
2004-11-11 20:30:00,23,-59.0,-58.99992326838033,0.0435718308388563,-52.0,5,6,1,2,-59.112164304621224,-58.88768223213943
2004-11-11 21:30:00,23,-44.0,-44.00012177246292,0.0435718308388563,-61.0,5,6,1,2,-44.112362808703814,-43.88788073622202
2004-11-11 22:30:00,23,-40.0,-40.00013715508514,0.0435718308388563,-59.0,5,6,1,2,-40.11237819132604,-39.887896118844246
2004-11-11 23:30:00,23,-46.0,-45.99998518649147,0.0435718308388563,-44.0,5,6,1,2,-46.11222622273237,-45.887744150250576
2004-11-12 00:30:00,23,-60.0,-59.99982881622234,0.0435718308388563,-40.0,5,6,1,2,-60.112069852463236,-59.887587779981445
2004-11-12 01:30:00,23,-64.0,-63.99990635756812,0.0435718308388563,-46.0,5,6,1,2,-64.11214739380901,-63.887665321327226
2004-11-12 02:30:00,23,-68.0,-67.99989514506623,0.0435718308388563,-60.0,5,6,1,2,-68.11213618130712,-67.88765410882534
2004-11-12 03:30:00,23,-82.0,-81.99979808468507,0.0435718308388563,-64.0,5,6,1,2,-82.11203912092596,-81.88755704844418
2004-11-12 04:30:00,23,-80.0,-79.99991549386172,0.0435718308388563,-68.0,5,6,1,2,-80.11215653010261,-79.88767445762083
2004-11-12 05:30:00,23,-73.0,-72.99997484262144,0.0435718308388563,-82.0,5,6,1,2,-73.11221587886233,-72.88773380638055
2004-11-12 06:30:00,23,-62.0,-62.00013006695599,0.0435718308388563,-80.0,5,6,1,2,-62.112371103196885,-61.887889030715094
2004-11-12 07:30:00,23,-51.0,-51.00014983311124,0.0435718308388563,-73.0,5,6,1,2,-51.11239086935213,-50.88790879687034
2004-11-12 08:30:00,23,-62.0,-61.99995969570944,0.0435718308388563,-62.0,5,6,1,2,-62.11220073195034,-61.88771865946855
2004-11-12 09:30:00,23,-83.0,-82.99973085974185,0.0435718308388563,-51.0,5,6,1,2,-83.11197189598273,-82.88748982350096
2004-11-12 10:30:00,23,-92.0,-91.9997318889022,0.0435718308388563,-62.0,5,6,1,2,-92.11197292514309,-91.88749085266132
2004-11-12 11:30:00,23,-87.0,-86.99989980598636,0.0435718308388563,-83.0,5,6,1,2,-87.11214084222725,-86.88765876974547
2004-11-12 12:30:00,23,-80.0,-79.99993889317659,0.0435718308388563,-92.0,5,6,1,2,-80.11217992941748,-79.8876978569357
2004-11-12 13:30:00,23,-74.0,-74.00004712130973,0.0435718308388563,-87.0,5,6,1,2,-74.11228815755062,-73.88780608506885
2004-11-12 14:30:00,23,-63.0,-63.000126403477054,0.0435718308388563,-80.0,5,6,1,2,-63.11236743971795,-62.88788536723616
2004-11-12 15:30:00,23,-61.0,-61.00008367353945,0.0435718308388563,-74.0,5,6,1,2,-61.112324709780346,-60.887842637298554
2004-11-12 16:30:00,23,-71.0,-70.9999377206826,0.0435718308388563,-63.0,5,6,1,2,-71.11217875692348,-70.8876966844417
2004-11-12 17:30:00,23,-71.0,-70.99989134525086,0.0435718308388563,-61.0,5,6,1,2,-71.11213238149175,-70.88765030900997
2004-11-12 18:30:00,23,-69.0,-69.00005809074239,0.0435718308388563,-71.0,5,6,1,2,-69.11229912698327,-68.8878170545015
2004-11-12 19:30:00,23,-78.0,-77.9998646076124,0.0435718308388563,-71.0,5,6,1,2,-78.11210564385328,-77.8876235713715
2004-11-12 20:30:00,23,-81.0,-80.99987783324798,0.0435718308388563,-69.0,5,6,1,2,-81.11211886948887,-80.88763679700709
2004-11-12 21:30:00,23,-80.0,-79.99992625831861,0.0435718308388563,-78.0,5,6,1,2,-80.1121672945595,-79.88768522207772
2004-11-12 22:30:00,23,-71.0,-71.00003998634935,0.0435718308388563,-81.0,5,6,1,2,-71.11228102259024,-70.88779895010846
2004-11-12 23:30:00,23,-67.0,-67.00006693128644,0.0435718308388563,-80.0,5,6,1,2,-67.11230796752733,-66.88782589504555
2004-11-13 00:30:00,23,-64.0,-64.00002545931743,0.0435718308388563,-71.0,5,6,1,2,-64.11226649555832,-63.88778442307653
2004-11-13 01:30:00,23,-64.0,-63.99999682306189,0.0435718308388563,-67.0,5,6,1,2,-64.11223785930278,-63.887755786820996
2004-11-13 02:30:00,23,-64.0,-63.99996971894025,0.0435718308388563,-64.0,5,6,1,2,-64.11221075518114,-63.887728682699354
2004-11-13 03:30:00,23,-64.0,-63.99996493416949,0.0435718308388563,-64.0,5,6,1,2,-64.11220597041039,-63.887723897928595
2004-11-13 04:30:00,23,-61.0,-60.99998827844772,0.0435718308388563,-64.0,5,6,1,2,-61.11222931468861,-60.88774724220682
2004-11-13 05:30:00,23,-59.0,-59.00000364617307,0.0435718308388563,-64.0,5,6,1,2,-59.112244682413966,-58.887762609932174
2004-11-13 06:30:00,23,-59.0,-58.999976913502536,0.0435718308388563,-61.0,5,6,1,2,-59.11221794974343,-58.88773587726164
2004-11-13 07:30:00,23,-58.0,-57.99997147824335,0.0435718308388563,-59.0,5,6,1,2,-58.11221251448425,-57.88773044200246
2004-11-13 08:30:00,23,-60.0,-59.99995385408712,0.0435718308388563,-59.0,5,6,1,2,-60.11219489032801,-59.88771281784622
2004-11-13 09:30:00,23,-58.0,-57.99996881409466,0.0435718308388563,-58.0,5,6,1,2,-58.11220985033555,-57.88772777785376
2004-11-13 10:30:00,23,-55.0,-55.0000091021925,0.0435718308388563,-60.0,5,6,1,2,-55.112250138433396,-54.887768065951605
2004-11-13 11:30:00,23,-51.0,-51.000021545403385,0.0435718308388563,-58.0,5,6,1,2,-51.11226258164428,-50.88778050916249
2004-11-13 12:30:00,23,-51.0,-51.00000135693888,0.0435718308388563,-55.0,5,6,1,2,-51.11224239317978,-50.887760320697986
2004-11-13 13:30:00,23,-49.0,-48.9999877935964,0.0435718308388563,-51.0,5,6,1,2,-49.11222882983729,-48.8877467573555
2004-11-13 14:30:00,23,-48.0,-47.99998298717425,0.0435718308388563,-51.0,5,6,1,2,-48.112224023415145,-47.88774195093335
2004-11-13 15:30:00,23,-48.0,-47.99996564385575,0.0435718308388563,-49.0,5,6,1,2,-48.11220668009665,-47.88772460761486
2004-11-13 16:30:00,23,-51.0,-50.9999403463353,0.0435718308388563,-48.0,5,6,1,2,-51.112181382576196,-50.887699310094405
2004-11-13 17:30:00,23,-50.0,-49.99994819882977,0.0435718308388563,-48.0,5,6,1,2,-50.112189235070666,-49.887707162588875
2004-11-13 18:30:00,23,-48.0,-48.00000012690092,0.0435718308388563,-51.0,5,6,1,2,-48.11224116314182,-47.887759090660026
2004-11-13 19:30:00,23,-48.0,-47.99996902727076,0.0435718308388563,-50.0,5,6,1,2,-48.112210063511654,-47.88772799102986
2004-11-13 20:30:00,23,-51.0,-50.99992589798178,0.0435718308388563,-48.0,5,6,1,2,-51.11216693422268,-50.88768486174089
2004-11-13 21:30:00,23,-52.0,-51.99992241120836,0.0435718308388563,-48.0,5,6,1,2,-52.112163447449255,-51.887681374967464
2004-11-13 22:30:00,23,-49.0,-48.999991562640496,0.0435718308388563,-51.0,5,6,1,2,-49.11223259888139,-48.8877505263996
2004-11-13 23:30:00,23,-44.0,-44.00001662049346,0.0435718308388563,-52.0,5,6,1,2,-44.11225765673436,-43.887775584252566
2004-11-14 00:30:00,23,-48.0,-47.9999923736884,0.0435718308388563,-49.0,5,6,1,2,-48.112233409929296,-47.887751337447504
2004-11-14 01:30:00,23,-58.0,-57.99988495188968,0.0435718308388563,-44.0,5,6,1,2,-58.11212598813058,-57.88764391564879
2004-11-14 02:30:00,23,-58.0,-57.999904818757045,0.0435718308388563,-48.0,5,6,1,2,-58.11214585499794,-57.88766378251615
2004-11-14 03:30:00,23,-58.0,-57.99998930771605,0.0435718308388563,-58.0,5,6,1,2,-58.112230343956945,-57.887748271475154
2004-11-14 04:30:00,23,-56.0,-55.99998197080218,0.0435718308388563,-58.0,5,6,1,2,-56.11222300704308,-55.887740934561286
2004-11-14 05:30:00,23,-53.0,-52.99999137429691,0.0435718308388563,-58.0,5,6,1,2,-53.11223241053781,-52.887750338056016
2004-11-14 06:30:00,23,-52.0,-51.99997366744258,0.0435718308388563,-56.0,5,6,1,2,-52.11221470368348,-51.887732631201686
2004-11-14 07:30:00,23,-57.0,-56.99990741914981,0.0435718308388563,-53.0,5,6,1,2,-57.1121484553907,-56.88766638290891
2004-11-14 08:30:00,23,-57.0,-56.99992209629509,0.0435718308388563,-52.0,5,6,1,2,-57.11216313253598,-56.88768106005419
2004-11-14 09:30:00,23,-54.0,-54.00002518973033,0.0435718308388563,-57.0,5,6,1,2,-54.112266225971226,-53.887784153489434
2004-11-14 10:30:00,23,-54.0,-53.99996467147847,0.0435718308388563,-57.0,5,6,1,2,-54.11220570771937,-53.88772363523758
2004-11-14 11:30:00,23,-53.0,-52.99996877668013,0.0435718308388563,-54.0,5,6,1,2,-53.11220981292102,-52.88772774043923
2004-11-14 12:30:00,23,-52.0,-51.9999742314288,0.0435718308388563,-54.0,5,6,1,2,-52.1122152676697,-51.887733195187906
2004-11-14 13:30:00,23,-51.0,-50.999992813609296,0.0435718308388563,-53.0,5,6,1,2,-51.11223384985019,-50.8877517773684
2004-11-14 14:30:00,23,-48.0,-48.00002376131734,0.0435718308388563,-52.0,5,6,1,2,-48.11226479755823,-47.88778272507644
2004-11-14 15:30:00,23,-45.0,-45.00002073768135,0.0435718308388563,-51.0,5,6,1,2,-45.11226177392225,-44.88777970144046
2004-11-14 16:30:00,23,-44.0,-43.99998180048104,0.0435718308388563,-48.0,5,6,1,2,-44.112222836721934,-43.88774076424014
2004-11-14 17:30:00,23,-41.0,-41.00001500593082,0.0435718308388563,-45.0,5,6,1,2,-41.112256042171715,-40.887773969689924
2004-11-14 18:30:00,23,-43.0,-42.99998086034063,0.0435718308388563,-44.0,5,6,1,2,-43.112221896581524,-42.88773982409973
2004-11-14 19:30:00,23,-44.0,-43.99996545906986,0.0435718308388563,-41.0,5,6,1,2,-44.11220649531076,-43.88772442282897
2004-11-14 20:30:00,23,-44.0,-43.99997765824745,0.0435718308388563,-43.0,5,6,1,2,-44.11221869448835,-43.88773662200656
2004-11-14 21:30:00,23,-42.0,-41.999974421161454,0.0435718308388563,-44.0,5,6,1,2,-42.11221545740235,-41.88773338492056
2004-11-14 22:30:00,23,-41.0,-40.99999919469373,0.0435718308388563,-44.0,5,6,1,2,-41.112240230934624,-40.88775815845283
2004-11-14 23:30:00,23,-40.0,-39.99998881192814,0.0435718308388563,-42.0,5,6,1,2,-40.11222984816904,-39.887747775687245
2004-11-15 00:30:00,23,-39.0,-38.999983203330025,0.0435718308388563,-41.0,5,6,1,2,-39.11222423957092,-38.88774216708913
2004-11-15 01:30:00,23,-39.0,-38.99998166609981,0.0435718308388563,-40.0,5,6,1,2,-39.11222270234071,-38.88774062985892
2004-11-15 02:30:00,23,-41.0,-40.99994571445248,0.0435718308388563,-39.0,5,6,1,2,-41.112186750693375,-40.887704678211584
2004-11-15 03:30:00,23,-39.0,-38.99997870659567,0.0435718308388563,-39.0,5,6,1,2,-39.112219742836565,-38.887737670354774
2004-11-15 04:30:00,23,-40.0,-39.99998809763318,0.0435718308388563,-41.0,5,6,1,2,-40.112229133874074,-39.88774706139228
2004-11-15 05:30:00,23,-41.0,-40.99993971704225,0.0435718308388563,-39.0,5,6,1,2,-41.11218075328315,-40.88769868080136
2004-11-15 06:30:00,23,-38.0,-37.9999925267116,0.0435718308388563,-40.0,5,6,1,2,-38.1122335629525,-37.887751490470706
2004-11-15 07:30:00,23,-38.0,-37.99998987693908,0.0435718308388563,-41.0,5,6,1,2,-38.11223091317998,-37.88774884069819
2004-11-15 08:30:00,23,-38.0,-37.99996053027918,0.0435718308388563,-38.0,5,6,1,2,-38.11220156652008,-37.887719494038286
2004-11-15 09:30:00,23,-36.0,-35.99998925273077,0.0435718308388563,-38.0,5,6,1,2,-36.112230288971666,-35.887748216489875
2004-11-15 10:30:00,23,-37.0,-36.9999894933357,0.0435718308388563,-38.0,5,6,1,2,-37.11223052957659,-36.8877484570948
2004-11-15 11:30:00,23,-39.0,-38.99994238069123,0.0435718308388563,-36.0,5,6,1,2,-39.112183416932126,-38.887701344450335
2004-11-15 12:30:00,23,-41.0,-40.99993856613209,0.0435718308388563,-37.0,5,6,1,2,-41.11217960237298,-40.88769752989119
2004-11-15 13:30:00,23,-41.0,-40.99994051594254,0.0435718308388563,-39.0,5,6,1,2,-41.112181552183436,-40.887699479701645
2004-11-15 14:30:00,23,-40.0,-39.999980041,0.0435718308388563,-41.0,5,6,1,2,-40.112221077240896,-39.887739004759105
2004-11-15 15:30:00,23,-40.0,-39.99996418932743,0.0435718308388563,-41.0,5,6,1,2,-40.112205225568324,-39.88772315308653
2004-11-15 16:30:00,23,-41.0,-40.99995747805463,0.0435718308388563,-40.0,5,6,1,2,-41.11219851429553,-40.88771644181374
2004-11-15 17:30:00,23,-41.0,-40.999954320296325,0.0435718308388563,-40.0,5,6,1,2,-41.11219535653722,-40.88771328405543
2004-11-15 18:30:00,23,-41.0,-40.999953525448525,0.0435718308388563,-41.0,5,6,1,2,-41.11219456168942,-40.88771248920763
2004-11-15 19:30:00,23,-38.0,-38.00000554892221,0.0435718308388563,-41.0,5,6,1,2,-38.112246585163106,-37.887764512681315
2004-11-15 20:30:00,23,-36.0,-36.00000889006946,0.0435718308388563,-41.0,5,6,1,2,-36.112249926310355,-35.887767853828564
2004-11-15 21:30:00,23,-31.0,-31.00003460523089,0.0435718308388563,-38.0,5,6,1,2,-31.112275641471783,-30.88779356899
2004-11-15 22:30:00,23,-28.0,-28.00004524925541,0.0435718308388563,-36.0,5,6,1,2,-28.112286285496303,-27.88780421301452
2004-11-15 23:30:00,23,-27.0,-27.00001359424389,0.0435718308388563,-31.0,5,6,1,2,-27.11225463048478,-26.887772558002997
2004-11-16 00:30:00,23,-24.0,-24.000020789434565,0.0435718308388563,-28.0,5,6,1,2,-24.112261825675457,-23.887779753193673
2004-11-16 01:30:00,23,-23.0,-23.000020156912687,0.0435718308388563,-27.0,5,6,1,2,-23.11226119315358,-22.887779120671794
2004-11-16 02:30:00,23,-23.0,-22.999982193610755,0.0435718308388563,-24.0,5,6,1,2,-23.112223229851647,-22.887741157369863
2004-11-16 03:30:00,23,-20.0,-20.000010187684445,0.0435718308388563,-23.0,5,6,1,2,-20.112251223925337,-19.887769151443553
2004-11-16 04:30:00,23,-21.0,-21.000017957328733,0.0435718308388563,-23.0,5,6,1,2,-21.112258993569625,-20.88777692108784
2004-11-16 05:30:00,23,-22.0,-21.99997731711013,0.0435718308388563,-20.0,5,6,1,2,-22.11221835335102,-21.887736280869238
2004-11-16 06:30:00,23,-23.0,-22.999955052635272,0.0435718308388563,-21.0,5,6,1,2,-23.112196088876164,-22.88771401639438
2004-11-16 07:30:00,23,-29.0,-28.99992709757832,0.0435718308388563,-22.0,5,6,1,2,-29.11216813381921,-28.887686061337426
2004-11-16 08:30:00,23,-34.0,-33.999882329550566,0.0435718308388563,-23.0,5,6,1,2,-34.11212336579146,-33.88764129330967
2004-11-16 09:30:00,23,-41.0,-40.999863779627866,0.0435718308388563,-29.0,5,6,1,2,-41.11210481586876,-40.88762274338697
2004-11-16 10:30:00,23,-38.0,-38.00002265136907,0.0435718308388563,-34.0,5,6,1,2,-38.11226368760997,-37.887781615128176
2004-11-16 11:30:00,23,-37.0,-36.99994880607947,0.0435718308388563,-41.0,5,6,1,2,-37.11218984232037,-36.88770776983858
2004-11-16 12:30:00,23,-35.0,-34.999970873663244,0.0435718308388563,-38.0,5,6,1,2,-35.11221190990414,-34.88772983742235
2004-11-16 13:30:00,23,-35.0,-34.99998222319434,0.0435718308388563,-37.0,5,6,1,2,-35.11222325943523,-34.88774118695344
2004-11-16 14:30:00,23,-36.0,-35.999967323658026,0.0435718308388563,-35.0,5,6,1,2,-36.11220835989892,-35.88772628741713
2004-11-16 15:30:00,23,-36.0,-35.99996314848292,0.0435718308388563,-35.0,5,6,1,2,-36.112204184723815,-35.887722112242024
2004-11-16 16:30:00,23,-34.0,-33.99999193182683,0.0435718308388563,-36.0,5,6,1,2,-34.11223296806772,-33.88775089558593
2004-11-16 17:30:00,23,-33.0,-32.999958364743875,0.0435718308388563,-36.0,5,6,1,2,-33.11219940098477,-32.88771732850298
2004-11-16 18:30:00,23,-32.0,-32.00000067912437,0.0435718308388563,-34.0,5,6,1,2,-32.112241715365265,-31.887759642883477
2004-11-16 19:30:00,23,-34.0,-33.99997706424641,0.0435718308388563,-33.0,5,6,1,2,-34.112218100487304,-33.88773602800551
2004-11-16 20:30:00,23,-32.0,-32.000017920121884,0.0435718308388563,-32.0,5,6,1,2,-32.11225895636278,-31.887776883880992
2004-11-16 21:30:00,23,-35.0,-34.99991937090491,0.0435718308388563,-34.0,5,6,1,2,-35.11216040714581,-34.88767833466402
2004-11-16 22:30:00,23,-35.0,-35.00000565752071,0.0435718308388563,-32.0,5,6,1,2,-35.112246693761605,-34.887764621279814
2004-11-16 23:30:00,23,-31.0,-30.99996260493484,0.0435718308388563,-35.0,5,6,1,2,-31.112203641175732,-30.887721568693948
2004-11-17 00:30:00,23,-29.0,-29.000004345459832,0.0435718308388563,-35.0,5,6,1,2,-29.112245381700724,-28.88776330921894
2004-11-17 01:30:00,23,-27.0,-27.000037624457303,0.0435718308388563,-31.0,5,6,1,2,-27.112278660698195,-26.88779658821641
2004-11-17 02:30:00,23,-30.0,-29.99995382836503,0.0435718308388563,-29.0,5,6,1,2,-30.11219486460592,-29.887712792124137
2004-11-17 03:30:00,23,-31.0,-30.99993616681765,0.0435718308388563,-27.0,5,6,1,2,-31.112177203058543,-30.88769513057676
2004-11-17 04:30:00,23,-31.0,-31.000054204895367,0.0435718308388563,-30.0,5,6,1,2,-31.11229524113626,-30.887813168654475
2004-11-17 05:30:00,23,-34.0,-33.99994243448311,0.0435718308388563,-31.0,5,6,1,2,-34.112183470724005,-33.887701398242214
2004-11-17 06:30:00,23,-35.0,-34.999915615955054,0.0435718308388563,-31.0,5,6,1,2,-35.11215665219595,-34.88767457971416
2004-11-17 07:30:00,23,-40.0,-39.99992307635095,0.0435718308388563,-34.0,5,6,1,2,-40.11216411259185,-39.88768204011006
2004-11-17 08:30:00,23,-40.0,-39.99991037661875,0.0435718308388563,-35.0,5,6,1,2,-40.112151412859646,-39.887669340377855
2004-11-17 09:30:00,23,-43.0,-42.99999855493867,0.0435718308388563,-40.0,5,6,1,2,-43.112239591179566,-42.887757518697775
2004-11-17 10:30:00,23,-46.0,-45.99991401129438,0.0435718308388563,-40.0,5,6,1,2,-46.112155047535275,-45.88767297505348
2004-11-17 11:30:00,23,-46.0,-45.9999409811496,0.0435718308388563,-43.0,5,6,1,2,-46.112182017390495,-45.887699944908704
2004-11-17 12:30:00,23,-41.0,-40.99997071505349,0.0435718308388563,-46.0,5,6,1,2,-41.11221175129439,-40.8877296788126
2004-11-17 13:30:00,23,-37.0,-37.000029426267005,0.0435718308388563,-46.0,5,6,1,2,-37.1122704625079,-36.88778839002611
2004-11-17 14:30:00,23,-34.0,-34.00003732763282,0.0435718308388563,-41.0,5,6,1,2,-34.11227836387371,-33.88779629139192
2004-11-17 15:30:00,23,-33.0,-33.00002401769528,0.0435718308388563,-37.0,5,6,1,2,-33.11226505393618,-32.887782981454386
2004-11-17 16:30:00,23,-33.0,-32.99998801512101,0.0435718308388563,-34.0,5,6,1,2,-33.11222905136191,-32.887746978880116
2004-11-17 17:30:00,23,-31.0,-30.999997580006408,0.0435718308388563,-33.0,5,6,1,2,-31.1122386162473,-30.887756543765516
2004-11-17 18:30:00,23,-29.0,-29.000002162793564,0.0435718308388563,-33.0,5,6,1,2,-29.112243199034456,-28.88776112655267
2004-11-17 19:30:00,23,-29.0,-28.99998698888887,0.0435718308388563,-31.0,5,6,1,2,-29.112228025129763,-28.88774595264798
2004-11-17 20:30:00,23,-30.0,-29.99996738276025,0.0435718308388563,-29.0,5,6,1,2,-30.112208419001142,-29.887726346519358
2004-11-17 21:30:00,23,-30.0,-29.999976058493075,0.0435718308388563,-29.0,5,6,1,2,-30.112217094733968,-29.887735022252183
2004-11-17 22:30:00,23,-30.0,-29.99997992083556,0.0435718308388563,-30.0,5,6,1,2,-30.112220957076453,-29.88773888459467
2004-11-17 23:30:00,23,-29.0,-28.99998689146364,0.0435718308388563,-30.0,5,6,1,2,-29.11222792770453,-28.887745855222747
2004-11-18 00:30:00,23,-27.0,-27.000001613069635,0.0435718308388563,-30.0,5,6,1,2,-27.112242649310527,-26.887760576828743
2004-11-18 01:30:00,23,-24.0,-24.000008622806764,0.0435718308388563,-29.0,5,6,1,2,-24.112249659047656,-23.88776758656587
2004-11-18 02:30:00,23,-23.0,-23.00003263436263,0.0435718308388563,-27.0,5,6,1,2,-23.11227367060352,-22.887791598121737
2004-11-18 03:30:00,23,-24.0,-23.99996108131554,0.0435718308388563,-24.0,5,6,1,2,-24.112202117556432,-23.887720045074648
2004-11-18 04:30:00,23,-24.0,-23.999982519442487,0.0435718308388563,-23.0,5,6,1,2,-24.11222355568338,-23.887741483201594
2004-11-18 05:30:00,23,-24.0,-23.99998955426041,0.0435718308388563,-24.0,5,6,1,2,-24.1122305905013,-23.887748518019517
2004-11-18 06:30:00,23,-23.0,-22.99997302453726,0.0435718308388563,-24.0,5,6,1,2,-23.11221406077815,-22.887731988296366
2015-03-08 05:30:00,35,-12.0,-15.556946088225718,9.82389715446174,-24.0,5,6,1,2,-40.86330515811916,9.749412981667724
2015-03-08 06:30:00,35,-7.0,-14.613494463724308,9.82389715446174,-23.0,5,6,1,2,-39.919853533617754,10.692864606169135
2015-03-08 07:30:00,35,-7.0,-13.86717029125873,9.82389715446174,-12.0,5,6,1,2,-39.17352936115218,11.439188778634712
2015-03-08 08:30:00,35,-9.0,-9.013803035893606,9.82389715446174,-7.0,5,6,1,2,-34.32016210578705,16.292556033999837
2015-03-08 09:30:00,35,-8.0,-10.9566395672103,9.82389715446174,-7.0,5,6,1,2,-36.26299863710374,14.349719502683143
2015-03-08 10:30:00,35,-12.0,-12.806427355078554,9.82389715446174,-9.0,5,6,1,2,-38.112786424972,12.499931714814888
2015-03-08 11:30:00,35,-18.0,-9.400246728849538,9.82389715446174,-8.0,5,6,1,2,-34.706605798742984,15.906112341043904
2015-03-08 12:30:00,35,-21.0,-19.319081418114152,9.82389715446174,-12.0,5,6,1,2,-44.6254404880076,5.987277651779291
2015-03-08 13:30:00,35,-18.0,-23.056891906211312,9.82389715446174,-18.0,5,6,1,2,-48.36325097610475,2.24946716368213
2015-03-08 14:30:00,35,-21.0,-17.91808688167546,9.82389715446174,-21.0,5,6,1,2,-43.2244459515689,7.388272188217982
2015-03-08 15:30:00,35,-19.0,-20.95723825214404,9.82389715446174,-18.0,5,6,1,2,-46.263597322037484,4.349120817749402
2015-03-08 16:30:00,35,-17.0,-22.23946798396721,9.82389715446174,-21.0,5,6,1,2,-47.54582705386065,3.0668910859262333
2015-03-08 17:30:00,35,-20.0,-19.974995970647697,9.82389715446174,-19.0,5,6,1,2,-45.28135504054114,5.3313630992457455
2015-03-08 18:30:00,35,-21.0,-18.0309555913553,9.82389715446174,-17.0,5,6,1,2,-43.33731466124874,7.275403478538141
2015-03-08 19:30:00,35,-18.0,-21.70810604836272,9.82389715446174,-20.0,5,6,1,2,-47.01446511825616,3.5982530215307236
2015-03-08 20:30:00,35,-15.0,-16.089170038430098,9.82389715446174,-21.0,5,6,1,2,-41.395529108323544,9.217189031463345
2015-03-08 21:30:00,35,-14.0,-16.94026083261204,9.82389715446174,-18.0,5,6,1,2,-42.246619902505486,8.366098237281403
2015-03-08 22:30:00,35,-13.0,-15.9700464149294,9.82389715446174,-15.0,5,6,1,2,-41.276405484822845,9.336312654964043
2015-03-08 23:30:00,35,-15.0,-15.696252743220333,9.82389715446174,-14.0,5,6,1,2,-41.002611813113774,9.61010632667311
2015-03-09 00:30:00,35,-18.0,-16.225457519136434,9.82389715446174,-13.0,5,6,1,2,-41.53181658902987,9.080901550757009
2015-03-09 01:30:00,35,-23.0,-17.047681440165498,9.82389715446174,-15.0,5,6,1,2,-42.35404051005894,8.258677629727945
2015-03-09 02:30:00,35,-21.0,-21.81484935873055,9.82389715446174,-18.0,5,6,1,2,-47.121208428623994,3.491509711162891
2015-03-09 03:30:00,35,-22.0,-22.202660385189752,9.82389715446174,-23.0,5,6,1,2,-47.50901945508319,3.1036986847036907
2015-03-09 04:30:00,35,-19.0,-18.98981307284386,9.82389715446174,-21.0,5,6,1,2,-44.296172142737305,6.316545997049584
2015-03-09 05:30:00,35,-16.0,-20.765860395025683,9.82389715446174,-22.0,5,6,1,2,-46.07221946491913,4.540498674867759
2015-03-09 06:30:00,35,-17.0,-17.03311424270287,9.82389715446174,-19.0,5,6,1,2,-42.33947331259631,8.273244827190574
2015-03-09 07:30:00,35,-18.0,-15.071893020695471,9.82389715446174,-16.0,5,6,1,2,-40.378252090588916,10.234466049197971
2015-03-09 08:30:00,35,-17.0,-15.673194914267675,9.82389715446174,-17.0,5,6,1,2,-40.979553984161114,9.633164155625767
2015-03-09 09:30:00,35,-16.0,-16.869726381816818,9.82389715446174,-18.0,5,6,1,2,-42.176085451710264,8.436632688076624
2015-03-09 10:30:00,35,-14.0,-15.42690078220822,9.82389715446174,-17.0,5,6,1,2,-40.73325985210166,9.879458287685223
2015-03-09 11:30:00,35,-11.0,-14.159076885508783,9.82389715446174,-16.0,5,6,1,2,-39.46543595540223,11.14728218438466
2015-03-09 12:30:00,35,-9.0,-13.93499343012278,9.82389715446174,-14.0,5,6,1,2,-39.24135250001622,11.371365639770662
2015-03-09 13:30:00,35,-9.0,-9.81074190305553,9.82389715446174,-11.0,5,6,1,2,-35.117100972948975,15.495617166837913
2015-03-09 14:30:00,35,-10.0,-9.62402019868977,9.82389715446174,-9.0,5,6,1,2,-34.93037926858321,15.682338871203672
2015-03-09 15:30:00,35,-9.0,-9.401962265294635,9.82389715446174,-9.0,5,6,1,2,-34.708321335188074,15.904396804598807
2015-03-09 16:30:00,35,-10.0,-11.564548823922529,9.82389715446174,-10.0,5,6,1,2,-36.87090789381597,13.741810245970914
2015-03-09 17:30:00,35,-10.0,-7.527959510648753,9.82389715446174,-9.0,5,6,1,2,-32.834318580542195,17.77839955924469
2015-03-09 18:30:00,35,-5.0,-9.689599127129974,9.82389715446174,-10.0,5,6,1,2,-34.99595819702341,15.61675994276347
2015-03-09 19:30:00,35,-4.0,-8.757986402650666,9.82389715446174,-10.0,5,6,1,2,-34.064345472544105,16.548372667242777
2015-03-09 20:30:00,35,-4.0,-4.651013384977215,9.82389715446174,-5.0,5,6,1,2,-29.957372454870658,20.655345684916227
2015-03-09 21:30:00,35,-4.0,-4.329346055144352,9.82389715446174,-4.0,5,6,1,2,-29.635705125037795,20.97701301474909
2015-03-09 22:30:00,35,-4.0,-5.506148853574889,9.82389715446174,-4.0,5,6,1,2,-30.81250792346833,19.800210216318554
2015-03-09 23:30:00,35,-3.0,-6.2640231724034905,9.82389715446174,-4.0,5,6,1,2,-31.570382242296933,19.042335897489952
2015-03-10 00:30:00,35,-1.0,-2.4438971903802624,9.82389715446174,-4.0,5,6,1,2,-27.750256260273705,22.86246187951318
2015-03-10 01:30:00,35,-4.0,-3.426821015439568,9.82389715446174,-3.0,5,6,1,2,-28.73318008533301,21.879538054453874
2015-03-10 02:30:00,35,-4.0,-1.48995276747333,9.82389715446174,-1.0,5,6,1,2,-26.796311837366773,23.816406302420113
2015-03-10 03:30:00,35,-6.0,-4.065497399164034,9.82389715446174,-4.0,5,6,1,2,-29.371856469057477,21.24086167072941
2015-03-10 04:30:00,35,-6.0,-4.680648852428519,9.82389715446174,-4.0,5,6,1,2,-29.98700792232196,20.625710217464924
2015-03-10 05:30:00,35,-4.0,-5.902611873863009,9.82389715446174,-6.0,5,6,1,2,-31.20897094375645,19.403747196030434
2015-03-10 06:30:00,35,-2.0,-3.2752550690662616,9.82389715446174,-6.0,5,6,1,2,-28.581614138959704,22.03110400082718
2015-03-10 07:30:00,35,-1.0,-4.717628429488222,9.82389715446174,-4.0,5,6,1,2,-30.023987499381665,20.58873064040522
2015-03-10 08:30:00,35,1.0,-2.1590395825135253,9.82389715446174,-2.0,5,6,1,2,-27.465398652406968,23.147319487379917
2015-03-10 09:30:00,35,-3.0,-2.2763584956450025,9.82389715446174,-1.0,5,6,1,2,-27.582717565538445,23.03000057424844
2015-03-10 10:30:00,35,-7.0,-3.482423080320977,9.82389715446174,1.0,5,6,1,2,-28.78878215021442,21.823935989572465
2015-03-10 11:30:00,35,-3.0,-3.676017546410472,9.82389715446174,-3.0,5,6,1,2,-28.982376616303913,21.630341523482972
2015-03-10 12:30:00,35,-5.0,-4.948416914693052,9.82389715446174,-7.0,5,6,1,2,-30.254775984586495,20.35794215520039
2015-03-10 13:30:00,35,-6.0,-2.784365355883086,9.82389715446174,-3.0,5,6,1,2,-28.09072442577653,22.521993714010357
2015-03-10 14:30:00,35,-6.0,-4.684840026862453,9.82389715446174,-5.0,5,6,1,2,-29.991199096755896,20.62151904303099
2015-03-10 15:30:00,35,-7.0,-1.762965105751956,9.82389715446174,-6.0,5,6,1,2,-27.0693241756454,23.543393964141487
2015-03-10 16:30:00,35,-7.0,-4.382417279131509,9.82389715446174,-6.0,5,6,1,2,-29.688776349024952,20.923941790761933
2015-03-10 17:30:00,35,-6.0,-6.346477204390258,9.82389715446174,-7.0,5,6,1,2,-31.6528362742837,18.959881865503185
2015-03-10 18:30:00,35,-6.0,-7.294812162831914,9.82389715446174,-7.0,5,6,1,2,-32.601171232725356,18.01154690706153
2015-03-10 19:30:00,35,-8.0,-3.32611393045962,9.82389715446174,-6.0,5,6,1,2,-28.632473000353063,21.980245139433823
2015-03-10 20:30:00,35,-6.0,-4.615993511059624,9.82389715446174,-6.0,5,6,1,2,-29.922352580953067,20.69036555883382
2015-03-10 21:30:00,35,-4.0,-5.614616193142496,9.82389715446174,-8.0,5,6,1,2,-30.92097526303594,19.691742876750947
2015-03-10 22:30:00,35,-4.0,-3.269463010375393,9.82389715446174,-6.0,5,6,1,2,-28.575822080268836,22.03689605951805
2015-03-10 23:30:00,35,-5.0,-2.8625369163231227,9.82389715446174,-4.0,5,6,1,2,-28.168895986216565,22.44382215357032
2015-03-11 00:30:00,35,-6.0,-6.20213859224852,9.82389715446174,-4.0,5,6,1,2,-31.508497662141963,19.104220477644922
2015-03-11 01:30:00,35,-6.0,-2.8074359239677555,9.82389715446174,-5.0,5,6,1,2,-28.113794993861198,22.498923145925687
2015-03-11 02:30:00,35,-6.0,-3.637161070566776,9.82389715446174,-6.0,5,6,1,2,-28.94352014046022,21.669197999326666
2015-03-11 03:30:00,35,-6.0,-7.092487144932726,9.82389715446174,-6.0,5,6,1,2,-32.398846214826165,18.213871924960717
2015-03-11 04:30:00,35,-5.0,-6.468341864463504,9.82389715446174,-6.0,5,6,1,2,-31.774700934356947,18.83801720542994
2015-03-11 05:30:00,35,5.0,-3.246014514707518,9.82389715446174,-6.0,5,6,1,2,-28.55237358460096,22.060344555185925
2015-03-11 06:30:00,35,6.0,-6.457483877606794,9.82389715446174,-5.0,5,6,1,2,-31.763842947500237,18.84887519228665
2015-03-11 07:30:00,35,8.0,1.131962304763043,9.82389715446174,5.0,5,6,1,2,-24.1743967651304,26.438321374656486
2015-03-11 08:30:00,35,0.0,3.684219803124776,9.82389715446174,6.0,5,6,1,2,-21.622139266768666,28.99057887301822
2015-03-11 09:30:00,35,2.0,1.637179295089176,9.82389715446174,8.0,5,6,1,2,-23.669179774804267,26.94353836498262
2015-03-11 10:30:00,35,1.0,-1.3106940712814712,9.82389715446174,0.0,5,6,1,2,-26.617053141174914,23.99566499861197
2015-03-11 11:30:00,35,2.0,-0.3697923963723397,9.82389715446174,2.0,5,6,1,2,-25.676151466265782,24.936566673521103
2015-03-11 12:30:00,35,-6.0,1.7243552986773023,9.82389715446174,1.0,5,6,1,2,-23.58200377121614,27.030714368570745
2015-03-11 13:30:00,35,-11.0,-2.072511151469655,9.82389715446174,2.0,5,6,1,2,-27.378870221363098,23.233847918423788
2015-03-11 14:30:00,35,-14.0,-7.708585540343883,9.82389715446174,-6.0,5,6,1,2,-33.01494461023732,17.59777352954956
2015-03-11 15:30:00,35,-14.0,-14.28528346641151,9.82389715446174,-11.0,5,6,1,2,-39.59164253630495,11.021075603481933
2015-03-11 16:30:00,35,-12.0,-17.53238418156525,9.82389715446174,-14.0,5,6,1,2,-42.838743251458695,7.773974888328194
2015-03-11 17:30:00,35,-12.0,-8.393846806669654,9.82389715446174,-14.0,5,6,1,2,-33.700205876563096,16.91251226322379
2015-03-11 18:30:00,35,-15.0,-12.312909134322322,9.82389715446174,-12.0,5,6,1,2,-37.619268204215764,12.993449935571121
2015-03-11 19:30:00,35,-20.0,-15.466423939294192,9.82389715446174,-12.0,5,6,1,2,-40.772783009187634,9.839935130599251
2015-03-11 20:30:00,35,-19.0,-11.66024093726471,9.82389715446174,-15.0,5,6,1,2,-36.96660000715815,13.646118132628732
2015-03-11 21:30:00,35,-16.0,-15.081103413144518,9.82389715446174,-20.0,5,6,1,2,-40.387462483037964,10.225255656748924
2015-03-11 22:30:00,35,-15.0,-17.109007621700343,9.82389715446174,-19.0,5,6,1,2,-42.41536669159379,8.1973514481931
2015-03-11 23:30:00,35,-14.0,-11.035312200176378,9.82389715446174,-16.0,5,6,1,2,-36.341671270069824,14.271046869717065
2015-03-12 00:30:00,35,-15.0,-11.862975730577148,9.82389715446174,-15.0,5,6,1,2,-37.169334800470594,13.443383339316295
2015-03-12 01:30:00,35,-12.0,-14.498632079883643,9.82389715446174,-14.0,5,6,1,2,-39.80499114977709,10.8077269900098
2015-03-12 02:30:00,35,-8.0,-13.510746362903312,9.82389715446174,-15.0,5,6,1,2,-38.81710543279675,11.79561270699013
2015-03-12 03:30:00,35,-10.0,-8.815452627184044,9.82389715446174,-12.0,5,6,1,2,-34.12181169707749,16.4909064427094
2015-03-12 04:30:00,35,-11.0,-13.515948175144016,9.82389715446174,-8.0,5,6,1,2,-38.82230724503746,11.790410894749426
2015-03-12 05:30:00,35,-7.0,-10.201206915351822,9.82389715446174,-10.0,5,6,1,2,-35.507565985245265,15.10515215454162
2015-03-12 06:30:00,35,-12.0,-6.476006575561026,9.82389715446174,-11.0,5,6,1,2,-31.78236564545447,18.830352494332416
2015-03-12 07:30:00,35,-22.0,-12.092900077993423,9.82389715446174,-7.0,5,6,1,2,-37.399259147886866,13.21345899190002
2015-03-12 08:30:00,35,-24.0,-14.411804279237352,9.82389715446174,-12.0,5,6,1,2,-39.71816334913079,10.894554790656091
2015-03-12 09:30:00,35,-23.0,-18.807019267516992,9.82389715446174,-22.0,5,6,1,2,-44.11337833741044,6.499339802376451
2015-03-12 10:30:00,35,-19.0,-31.32394671944496,9.82389715446174,-24.0,5,6,1,2,-56.63030578933841,-6.017587649551519
2015-03-12 11:30:00,35,-19.0,-18.942979777168205,9.82389715446174,-23.0,5,6,1,2,-44.24933884706165,6.363379292725238
2015-03-12 12:30:00,35,-15.0,-13.343305334846857,9.82389715446174,-19.0,5,6,1,2,-38.6496644047403,11.963053735046586
2015-03-12 13:30:00,35,-17.0,-23.551433503906324,9.82389715446174,-19.0,5,6,1,2,-48.85779257379977,1.7549255659871186
2015-03-12 14:30:00,35,-18.0,-15.916805335848668,9.82389715446174,-15.0,5,6,1,2,-41.22316440574211,9.389553734044775
2015-03-12 15:30:00,35,-13.0,-17.947427225901677,9.82389715446174,-17.0,5,6,1,2,-43.25378629579512,7.3589318439917655
2015-03-12 16:30:00,35,-9.0,-14.004296431489587,9.82389715446174,-18.0,5,6,1,2,-39.31065550138303,11.302062638403855
2015-03-12 17:30:00,35,-9.0,-14.803566559810816,9.82389715446174,-13.0,5,6,1,2,-40.10992562970426,10.502792510082626
2015-03-12 18:30:00,35,-9.0,-6.914723173564315,9.82389715446174,-9.0,5,6,1,2,-32.22108224345776,18.391635896329127
2015-03-12 19:30:00,35,-8.0,-8.513772995487486,9.82389715446174,-9.0,5,6,1,2,-33.82013206538093,16.792586074405957
2015-03-12 20:30:00,35,-8.0,-6.947413909511276,9.82389715446174,-9.0,5,6,1,2,-32.253772979404715,18.358945160382167
2015-03-12 21:30:00,35,-11.0,-7.432560397342989,9.82389715446174,-8.0,5,6,1,2,-32.73891946723643,17.873798672550453
2015-03-12 22:30:00,35,-13.0,-7.275134450241381,9.82389715446174,-8.0,5,6,1,2,-32.58149352013482,18.03122461965206
2015-03-12 23:30:00,35,-15.0,-9.622759024619985,9.82389715446174,-11.0,5,6,1,2,-34.92911809451343,15.683600045273458
2015-03-13 00:30:00,35,-13.0,-8.681203407600595,9.82389715446174,-13.0,5,6,1,2,-33.98756247749404,16.625155662292848
2015-03-13 01:30:00,35,-12.0,-11.6849484838137,9.82389715446174,-15.0,5,6,1,2,-36.991307553707145,13.621410586079742
2015-03-13 02:30:00,35,-9.0,-13.10507295016615,9.82389715446174,-13.0,5,6,1,2,-38.41143202005959,12.201286119727293
2015-03-13 03:30:00,35,-3.0,-10.60633891497822,9.82389715446174,-12.0,5,6,1,2,-35.91269798487166,14.700020154915222
2015-03-13 04:30:00,35,-2.0,-6.397276616500864,9.82389715446174,-9.0,5,6,1,2,-31.703635686394307,18.90908245339258
2015-03-13 05:30:00,35,1.0,-3.836812993930849,9.82389715446174,-3.0,5,6,1,2,-29.14317206382429,21.469546075962594
2015-03-13 06:30:00,35,1.0,-3.708827180922935,9.82389715446174,-2.0,5,6,1,2,-29.015186250816377,21.597531888970508
2015-03-13 07:30:00,35,0.0,-1.3918678205004262,9.82389715446174,1.0,5,6,1,2,-26.69822689039387,23.914491249393016
2015-03-13 08:30:00,35,-1.0,-0.7520194366302988,9.82389715446174,1.0,5,6,1,2,-26.05837850652374,24.554339633263144
2015-03-13 09:30:00,35,-2.0,-2.331230183624044,9.82389715446174,0.0,5,6,1,2,-27.637589253517486,22.9751288862694
2015-03-13 10:30:00,35,-2.0,-0.2199271241234406,9.82389715446174,-1.0,5,6,1,2,-25.526286194016883,25.086431945770002
2015-03-13 11:30:00,35,0.0,-0.2822299724463377,9.82389715446174,-2.0,5,6,1,2,-25.58858904233978,25.024129097447105
2015-03-13 12:30:00,35,-3.0,-4.208341286482323,9.82389715446174,-2.0,5,6,1,2,-29.514700356375766,21.09801778341112
2015-03-13 13:30:00,35,-16.0,-0.6378768137486546,9.82389715446174,0.0,5,6,1,2,-25.944235883642097,24.668482256144788
2015-03-13 14:30:00,35,-20.0,-20.11112208901514,9.82389715446174,-3.0,5,6,1,2,-45.417481158908586,5.1952369808783025
2015-03-13 15:30:00,35,-11.0,-15.665999427866154,9.82389715446174,-16.0,5,6,1,2,-40.9723584977596,9.640359642027288
2015-03-13 16:30:00,35,-7.0,-9.427837565611943,9.82389715446174,-20.0,5,6,1,2,-34.734196635505384,15.8785215042815
2015-03-13 17:30:00,35,-10.0,-8.617957863508362,9.82389715446174,-11.0,5,6,1,2,-33.924316933401805,16.68840120638508
2015-03-13 18:30:00,35,-15.0,-9.134421384217756,9.82389715446174,-7.0,5,6,1,2,-34.4407804541112,16.171937685675687
2015-03-13 19:30:00,35,-15.0,-8.885579425754688,9.82389715446174,-10.0,5,6,1,2,-34.19193849564813,16.420779644138754
2015-03-13 20:30:00,35,-11.0,-13.52019455248336,9.82389715446174,-15.0,5,6,1,2,-38.82655362237681,11.786164517410082
2015-03-13 21:30:00,35,-10.0,-17.08699864795051,9.82389715446174,-15.0,5,6,1,2,-42.393357717843955,8.219360421942934
2015-03-13 22:30:00,35,-7.0,-5.140013460244383,9.82389715446174,-11.0,5,6,1,2,-30.446372530137825,20.16634560964906
2015-03-13 23:30:00,35,-10.0,-8.784152579815718,9.82389715446174,-10.0,5,6,1,2,-34.09051164970916,16.522206490077725
2015-03-14 00:30:00,35,-12.0,-6.195168163845981,9.82389715446174,-7.0,5,6,1,2,-31.501527233739424,19.11119090604746
2015-03-14 01:30:00,35,-11.0,-8.67257264565837,9.82389715446174,-10.0,5,6,1,2,-33.97893171555181,16.633786424235073
2015-03-14 02:30:00,35,-12.0,-6.96619139010587,9.82389715446174,-12.0,5,6,1,2,-32.27255045999931,18.340167679787573
2015-03-14 03:30:00,35,-13.0,-8.558648711209702,9.82389715446174,-11.0,5,6,1,2,-33.865007781103145,16.74771035868374
2015-03-14 04:30:00,35,-14.0,-15.1919317385128,9.82389715446174,-12.0,5,6,1,2,-40.49829080840624,10.114427331380643
2015-03-14 05:30:00,35,-15.0,-12.710873248999905,9.82389715446174,-13.0,5,6,1,2,-38.01723231889335,12.595485820893538
2015-03-14 06:30:00,35,-12.0,-9.908446799256565,9.82389715446174,-14.0,5,6,1,2,-35.214805869150005,15.397912270636878
2015-03-14 07:30:00,35,-9.0,-10.340199338423323,9.82389715446174,-15.0,5,6,1,2,-35.646558408316764,14.96615973147012
2015-03-14 08:30:00,35,-8.0,-14.701069626782331,9.82389715446174,-12.0,5,6,1,2,-40.007428696675774,10.605289443111111
2015-03-14 09:30:00,35,-7.0,-4.158862497724254,9.82389715446174,-9.0,5,6,1,2,-29.465221567617697,21.14749657216919
2015-03-14 10:30:00,35,-5.0,-7.579935169282361,9.82389715446174,-8.0,5,6,1,2,-32.886294239175804,17.72642390061108
2015-03-14 11:30:00,35,-4.0,-4.019589813748357,9.82389715446174,-7.0,5,6,1,2,-29.3259488836418,21.286769256145085
2015-03-14 12:30:00,35,-4.0,-8.399997684245697,9.82389715446174,-5.0,5,6,1,2,-33.70635675413914,16.906361385647745
2015-03-14 13:30:00,35,-4.0,-3.2598025019283767,9.82389715446174,-4.0,5,6,1,2,-28.56616157182182,22.046556567965066
2015-03-14 14:30:00,35,1.0,-7.14483860796086,9.82389715446174,-4.0,5,6,1,2,-32.4511976778543,18.161520461932582
2015-03-14 15:30:00,35,3.0,-0.3694165919778065,9.82389715446174,-4.0,5,6,1,2,-25.67577566187125,24.936942477915636
2015-03-14 16:30:00,35,4.0,2.1168713112284934,9.82389715446174,1.0,5,6,1,2,-23.18948775866495,27.423230381121936
2015-03-14 17:30:00,35,2.0,0.2052711316200408,9.82389715446174,3.0,5,6,1,2,-25.101087938273402,25.511630201513483
2015-03-14 18:30:00,35,3.0,1.8564367426290147,9.82389715446174,4.0,5,6,1,2,-23.449922327264428,27.162795812522457
2015-03-14 19:30:00,35,2.0,1.9619379876250849,9.82389715446174,2.0,5,6,1,2,-23.344421082268358,27.268297057518527
2015-03-14 20:30:00,35,-1.0,2.9410337035129714,9.82389715446174,3.0,5,6,1,2,-22.36532536638047,28.247392773406414
2015-03-14 21:30:00,35,-3.0,1.4013312512845104,9.82389715446174,2.0,5,6,1,2,-23.905027818608932,26.707690321177953
2015-03-14 22:30:00,35,-5.0,0.8547694079938282,9.82389715446174,-1.0,5,6,1,2,-24.451589661899614,26.16112847788727
2015-03-14 23:30:00,35,-11.0,-2.2418439406307904,9.82389715446174,-3.0,5,6,1,2,-27.548203010524233,23.064515129262652
2015-03-15 00:30:00,35,-11.0,-7.27454632697988,9.82389715446174,-5.0,5,6,1,2,-32.58090539687332,18.031812742913562
2015-03-15 01:30:00,35,-11.0,-8.798556291750785,9.82389715446174,-11.0,5,6,1,2,-34.10491536164423,16.507802778142658
2015-03-15 02:30:00,35,-11.0,-10.553184886632945,9.82389715446174,-11.0,5,6,1,2,-35.85954395652639,14.753174183260498
2015-03-15 03:30:00,35,-12.0,-10.673805358145763,9.82389715446174,-11.0,5,6,1,2,-35.9801644280392,14.63255371174768
2015-03-15 04:30:00,35,-11.0,-6.360638872816981,9.82389715446174,-11.0,5,6,1,2,-31.666997942710424,18.94572019707646
2015-03-15 05:30:00,35,-11.0,-7.6483400618419,9.82389715446174,-12.0,5,6,1,2,-32.95469913173534,17.658019008051543
2015-03-15 06:30:00,35,-9.0,-13.341118450517094,9.82389715446174,-11.0,5,6,1,2,-38.64747752041053,11.965240619376349
2015-03-15 07:30:00,35,-9.0,-13.46025056677247,9.82389715446174,-11.0,5,6,1,2,-38.76660963666591,11.846108503120973
2015-03-15 08:30:00,35,-7.0,-10.450488373869511,9.82389715446174,-9.0,5,6,1,2,-35.75684744376295,14.855870696023931
2015-03-15 09:30:00,35,-6.0,-7.431133614556966,9.82389715446174,-9.0,5,6,1,2,-32.73749268445041,17.875225455336476
2015-03-15 10:30:00,35,-7.0,-9.600193775438694,9.82389715446174,-7.0,5,6,1,2,-34.906552845332136,15.706165294454749
2015-03-15 11:30:00,35,-5.0,-7.974198566108697,9.82389715446174,-6.0,5,6,1,2,-33.28055763600214,17.332160503784745
2015-03-15 12:30:00,35,-5.0,-10.316411132568302,9.82389715446174,-7.0,5,6,1,2,-35.622770202461744,14.989947937325141
2015-03-15 13:30:00,35,-3.0,-7.801470798264756,9.82389715446174,-5.0,5,6,1,2,-33.1078298681582,17.504888271628687
2015-03-15 14:30:00,35,1.0,-7.136390440244231,9.82389715446174,-5.0,5,6,1,2,-32.44274951013767,18.169968629649212
2015-03-15 15:30:00,35,4.0,-0.5820581836229408,9.82389715446174,-3.0,5,6,1,2,-25.888417253516383,24.724300886270502
2015-03-15 16:30:00,35,-1.0,0.8683663082344211,9.82389715446174,1.0,5,6,1,2,-24.43799276165902,26.174725378127864
2015-03-15 17:30:00,35,0.0,1.0002651579605413,9.82389715446174,4.0,5,6,1,2,-24.3060939119329,26.306624227853984
2015-03-15 18:30:00,35,2.0,-2.8659382645719376,9.82389715446174,-1.0,5,6,1,2,-28.17229733446538,22.440420805321505
2015-03-15 19:30:00,35,1.0,2.504242837633072,9.82389715446174,0.0,5,6,1,2,-22.80211623226037,27.810601907526515
2015-03-15 20:30:00,35,-2.0,4.4996240421468485,9.82389715446174,2.0,5,6,1,2,-20.806735027746594,29.80598311204029
2015-03-15 21:30:00,35,-7.0,4.417197611612785,9.82389715446174,1.0,5,6,1,2,-20.889161458280658,29.723556681506228
2015-03-15 22:30:00,35,-7.0,-8.501237689581735,9.82389715446174,-2.0,5,6,1,2,-33.807596759475175,16.805121380311707
2015-03-15 23:30:00,35,-2.0,-0.8138806617099057,9.82389715446174,-7.0,5,6,1,2,-26.12023973160335,24.492478408183537
2015-03-16 00:30:00,35,4.0,-2.9460610353994063,9.82389715446174,-7.0,5,6,1,2,-28.25242010529285,22.360298034494036
2015-03-16 01:30:00,35,10.0,0.3596354406599751,9.82389715446174,-2.0,5,6,1,2,-24.946723629233468,25.665994510553418
2015-03-16 02:30:00,35,15.0,3.019105474085535,9.82389715446174,4.0,5,6,1,2,-22.287253595807908,28.325464543978978
2015-03-16 03:30:00,35,10.0,3.068335849769255,9.82389715446174,10.0,5,6,1,2,-22.238023220124187,28.374694919662698
2015-03-16 04:30:00,35,7.0,10.164512224457212,9.82389715446174,15.0,5,6,1,2,-15.14184684543623,35.47087129435066
2015-03-16 05:30:00,35,15.0,-2.722741927934482,9.82389715446174,10.0,5,6,1,2,-28.029100997827925,22.58361714195896
2015-03-16 06:30:00,35,1.0,11.388347898298356,9.82389715446174,7.0,5,6,1,2,-13.918011171595086,36.694706968191795
2015-03-16 07:30:00,35,-10.0,5.4610845529444205,9.82389715446174,15.0,5,6,1,2,-19.845274516949022,30.767443622837863
2015-03-16 08:30:00,35,-2.0,-20.118177444964463,9.82389715446174,1.0,5,6,1,2,-45.424536514857905,5.18818162492898
2015-03-16 09:30:00,35,5.0,6.058044525687144,9.82389715446174,-10.0,5,6,1,2,-19.2483145442063,31.364403595580587
2015-03-16 10:30:00,35,11.0,-3.1782720570129186,9.82389715446174,-2.0,5,6,1,2,-28.48463112690636,22.128087012880524
2015-03-16 11:30:00,35,19.0,3.95348471340143,9.82389715446174,5.0,5,6,1,2,-21.352874356492013,29.259843783294873
2015-03-16 12:30:00,35,17.0,3.703090704020832,9.82389715446174,11.0,5,6,1,2,-21.603268365872612,29.009449773914273
2015-03-16 13:30:00,35,11.0,12.919120218982163,9.82389715446174,19.0,5,6,1,2,-12.38723885091128,38.225479288875604
2015-03-16 14:30:00,35,7.0,9.079843075158486,9.82389715446174,17.0,5,6,1,2,-16.226515994734957,34.386202145051925
2015-03-16 15:30:00,35,12.0,6.530704540952506,9.82389715446174,11.0,5,6,1,2,-18.775654528940937,31.83706361084595
2015-03-16 16:30:00,35,17.0,8.92235343239679,9.82389715446174,7.0,5,6,1,2,-16.384005637496653,34.228712502290236
2015-03-16 17:30:00,35,17.0,10.19021979286962,9.82389715446174,12.0,5,6,1,2,-15.116139277023823,35.49657886276306
2015-03-16 18:30:00,35,15.0,11.063122104255116,9.82389715446174,17.0,5,6,1,2,-14.243236965638326,36.36948117414856
2015-03-16 19:30:00,35,16.0,11.71988380906786,9.82389715446174,17.0,5,6,1,2,-13.586475260825583,37.0262428789613
2015-03-16 20:30:00,35,11.0,10.52275360231387,9.82389715446174,15.0,5,6,1,2,-14.783605467579573,35.829112672207316
2015-03-16 21:30:00,35,9.0,10.911233433204018,9.82389715446174,16.0,5,6,1,2,-14.395125636689425,36.217592503097464
2015-03-16 22:30:00,35,6.0,7.877761592426815,9.82389715446174,11.0,5,6,1,2,-17.428597477466628,33.184120662320254
2015-03-16 23:30:00,35,3.0,7.497940124931596,9.82389715446174,9.0,5,6,1,2,-17.808418944961847,32.804299194825035
2015-03-17 00:30:00,35,4.0,7.196973884628051,9.82389715446174,6.0,5,6,1,2,-18.109385185265392,32.5033329545215
2015-03-17 01:30:00,35,3.0,2.5971280955539484,9.82389715446174,3.0,5,6,1,2,-22.709230974339494,27.90348716544739
2015-03-17 02:30:00,35,3.0,4.133131953119836,9.82389715446174,4.0,5,6,1,2,-21.173227116773607,29.43949102301328
2015-03-17 03:30:00,35,2.0,2.6661720679030623,9.82389715446174,3.0,5,6,1,2,-22.64018700199038,27.972531137796505
2015-03-17 04:30:00,35,13.0,0.1377070217736928,9.82389715446174,3.0,5,6,1,2,-25.16865204811975,25.444066091667136
2015-03-17 05:30:00,35,45.0,2.3810511846412865,9.82389715446174,2.0,5,6,1,2,-22.925307885252156,27.68741025453473
2015-03-17 06:30:00,35,25.0,10.022326525626518,9.82389715446174,13.0,5,6,1,2,-15.284032544266925,35.32868559551996
2015-03-17 07:30:00,35,-18.0,22.91585682372577,9.82389715446174,45.0,5,6,1,2,-2.3905022461676744,48.22221589361921
2015-03-17 08:30:00,35,-54.0,-27.98107121929021,9.82389715446174,25.0,5,6,1,2,-53.28743028918365,-2.6747121493967683
2015-03-17 09:30:00,35,-83.0,-52.49609338927998,9.82389715446174,-18.0,5,6,1,2,-77.80245245917342,-27.189734319386535
2015-03-17 10:30:00,35,-75.0,-117.33540905640255,9.82389715446174,-54.0,5,6,1,2,-142.641768126296,-92.02904998650911
2015-03-17 11:30:00,35,-54.0,-78.43612548275111,9.82389715446174,-83.0,5,6,1,2,-103.74248455264456,-53.12976641285766
2015-03-17 12:30:00,35,-55.0,-62.93280564290799,9.82389715446174,-75.0,5,6,1,2,-88.23916471280143,-37.62644657301455
2015-03-17 13:30:00,35,-75.0,-58.01400171274353,9.82389715446174,-54.0,5,6,1,2,-83.32036078263697,-32.70764264285009
2015-03-17 14:30:00,35,-93.0,-83.8112918319525,9.82389715446174,-55.0,5,6,1,2,-109.11765090184595,-58.504932762059056
2015-03-17 15:30:00,35,-118.0,-87.56501721152037,9.82389715446174,-75.0,5,6,1,2,-112.87137628141382,-62.258658141626924
2015-03-17 16:30:00,35,-143.0,-123.6440905071313,9.82389715446174,-93.0,5,6,1,2,-148.95044957702473,-98.33773143723785
2015-03-17 17:30:00,35,-162.0,-134.75849061310035,9.82389715446174,-118.0,5,6,1,2,-160.06484968299378,-109.4521315432069
2015-03-17 18:30:00,35,-154.0,-154.03592269011756,9.82389715446174,-143.0,5,6,1,2,-179.342281760011,-128.72956362022413
2015-03-17 19:30:00,35,-177.0,-171.88611337236154,9.82389715446174,-162.0,5,6,1,2,-197.19247244225497,-146.5797543024681
2015-03-17 20:30:00,35,-182.0,-146.47608012736896,9.82389715446174,-154.0,5,6,1,2,-171.7824391972624,-121.16972105747551
2015-03-17 21:30:00,35,-198.0,-175.27813657654116,9.82389715446174,-177.0,5,6,1,2,-200.5844956464346,-149.97177750664773
2015-03-17 22:30:00,35,-234.0,-177.20650145388535,9.82389715446174,-182.0,5,6,1,2,-202.51286052377878,-151.90014238399192
2015-03-17 23:30:00,35,-225.0,-194.73665116881745,9.82389715446174,-198.0,5,6,1,2,-220.04301023871088,-169.430292098924
2015-03-18 00:30:00,35,-200.0,-226.078652745256,9.82389715446174,-234.0,5,6,1,2,-251.38501181514943,-200.77229367536256
2015-03-18 01:30:00,35,-189.0,-210.6603283942372,9.82389715446174,-225.0,5,6,1,2,-235.96668746413064,-185.35396932434378
2015-03-18 02:30:00,35,-172.0,-173.2126816531735,9.82389715446174,-200.0,5,6,1,2,-198.51904072306692,-147.90632258328006
2015-03-18 03:30:00,35,-155.0,-167.77531436870532,9.82389715446174,-189.0,5,6,1,2,-193.08167343859876,-142.4689552988119
2015-03-18 04:30:00,35,-148.0,-148.41948567324914,9.82389715446174,-172.0,5,6,1,2,-173.72584474314257,-123.1131266033557
2015-03-18 05:30:00,35,-136.0,-137.72008402465443,9.82389715446174,-155.0,5,6,1,2,-163.02644309454786,-112.41372495476098
2015-03-18 06:30:00,35,-133.0,-130.25473185046098,9.82389715446174,-148.0,5,6,1,2,-155.56109092035442,-104.94837278056754
2015-03-18 07:30:00,35,-124.0,-121.60044497777852,9.82389715446174,-136.0,5,6,1,2,-146.90680404767195,-96.29408590788508
2015-03-18 08:30:00,35,-123.0,-114.88237028776334,9.82389715446174,-133.0,5,6,1,2,-140.18872935765677,-89.57601121786989
2015-03-18 09:30:00,35,-117.0,-115.54821924008228,9.82389715446174,-124.0,5,6,1,2,-140.85457830997572,-90.24186017018883
2015-03-18 10:30:00,35,-111.0,-113.33595006658403,9.82389715446174,-123.0,5,6,1,2,-138.64230913647748,-88.02959099669059
2015-03-18 11:30:00,35,-99.0,-107.70864232372688,9.82389715446174,-117.0,5,6,1,2,-133.0150013936203,-82.40228325383343
2015-03-18 12:30:00,35,-97.0,-102.22230156940404,9.82389715446174,-111.0,5,6,1,2,-127.52866063929748,-76.91594249951059
2015-03-18 13:30:00,35,-91.0,-92.33417455786892,9.82389715446174,-99.0,5,6,1,2,-117.64053362776237,-67.02781548797547
2015-03-18 14:30:00,35,-88.0,-88.5780032649536,9.82389715446174,-97.0,5,6,1,2,-113.88436233484704,-63.27164419506015
2015-03-18 15:30:00,35,-91.0,-83.09170922078147,9.82389715446174,-91.0,5,6,1,2,-108.39806829067491,-57.78535015088802
2015-03-18 16:30:00,35,-86.0,-92.07864030871905,9.82389715446174,-88.0,5,6,1,2,-117.38499937861249,-66.7722812388256
2015-03-18 17:30:00,35,-82.0,-83.5655752072112,9.82389715446174,-91.0,5,6,1,2,-108.87193427710464,-58.25921613731775
2015-03-18 18:30:00,35,-88.0,-74.67740211705484,9.82389715446174,-86.0,5,6,1,2,-99.98376118694829,-49.37104304716139
2015-03-18 19:30:00,35,-94.0,-77.55724002569447,9.82389715446174,-82.0,5,6,1,2,-102.86359909558792,-52.25088095580102
2015-03-18 20:30:00,35,-95.0,-88.57126851049338,9.82389715446174,-88.0,5,6,1,2,-113.87762758038683,-63.264909440599936
2015-03-18 21:30:00,35,-94.0,-84.54270485039098,9.82389715446174,-94.0,5,6,1,2,-109.84906392028442,-59.23634578049753
2015-03-18 22:30:00,35,-94.0,-87.10586916894881,9.82389715446174,-95.0,5,6,1,2,-112.41222823884226,-61.79951009905537
2015-03-18 23:30:00,35,-93.0,-89.2773264098386,9.82389715446174,-94.0,5,6,1,2,-114.58368547973204,-63.97096733994515
2015-03-19 00:30:00,35,-99.0,-91.4245453288754,9.82389715446174,-94.0,5,6,1,2,-116.73090439876884,-66.11818625898195
2015-03-19 01:30:00,35,-94.0,-88.82346935343188,9.82389715446174,-93.0,5,6,1,2,-114.12982842332532,-63.51711028353843
2015-03-19 02:30:00,35,-86.0,-90.26629070666311,9.82389715446174,-99.0,5,6,1,2,-115.57264977655656,-64.95993163676967
2015-03-19 03:30:00,35,-81.0,-87.10633627045614,9.82389715446174,-94.0,5,6,1,2,-112.41269534034959,-61.799977200562694
2015-03-19 04:30:00,35,-86.0,-81.43670063828039,9.82389715446174,-86.0,5,6,1,2,-106.74305970817383,-56.13034156838694
2015-03-19 05:30:00,35,-84.0,-76.99802185474385,9.82389715446174,-81.0,5,6,1,2,-102.3043809246373,-51.69166278485041
2015-03-19 06:30:00,35,-81.0,-80.06834800444926,9.82389715446174,-86.0,5,6,1,2,-105.37470707434271,-54.761988934555816
2015-03-19 07:30:00,35,-73.0,-74.12523293248753,9.82389715446174,-84.0,5,6,1,2,-99.43159200238098,-48.81887386259409
2015-03-19 08:30:00,35,-71.0,-77.01184805936077,9.82389715446174,-81.0,5,6,1,2,-102.31820712925422,-51.70548898946733
2015-03-19 09:30:00,35,-76.0,-69.70473713671811,9.82389715446174,-73.0,5,6,1,2,-95.01109620661155,-44.39837806682466
2015-03-19 10:30:00,35,-75.0,-73.45410148675845,9.82389715446174,-71.0,5,6,1,2,-98.76046055665189,-48.147742416865
2015-03-19 11:30:00,35,-76.0,-72.86692092102825,9.82389715446174,-76.0,5,6,1,2,-98.1732799909217,-47.56056185113481
2015-03-19 12:30:00,35,-77.0,-68.35557388208348,9.82389715446174,-75.0,5,6,1,2,-93.66193295197692,-43.04921481219003
2015-03-19 13:30:00,35,-83.0,-78.0559812905781,9.82389715446174,-76.0,5,6,1,2,-103.36234036047155,-52.74962222068466
2015-03-19 14:30:00,35,-84.0,-70.70513268134015,9.82389715446174,-77.0,5,6,1,2,-96.01149175123359,-45.3987736114467
2015-03-19 15:30:00,35,-80.0,-78.33492581799979,9.82389715446174,-83.0,5,6,1,2,-103.64128488789324,-53.02856674810634
2015-03-19 16:30:00,35,-73.0,-74.20738759487189,9.82389715446174,-84.0,5,6,1,2,-99.51374666476534,-48.90102852497844
2015-03-19 17:30:00,35,-72.0,-69.19656042138644,9.82389715446174,-80.0,5,6,1,2,-94.50291949127988,-43.89020135149299
2015-03-19 18:30:00,35,-71.0,-67.45282803075705,9.82389715446174,-73.0,5,6,1,2,-92.7591871006505,-42.1464689608636
2015-03-19 19:30:00,35,-70.0,-71.21477864323123,9.82389715446174,-72.0,5,6,1,2,-96.52113771312467,-45.90841957333778
2015-03-19 20:30:00,35,-71.0,-65.9081318387775,9.82389715446174,-71.0,5,6,1,2,-91.21449090867095,-40.60177276888406
2015-03-19 21:30:00,35,-69.0,-65.04775209416576,9.82389715446174,-70.0,5,6,1,2,-90.3541111640592,-39.74139302427231
2015-03-19 22:30:00,35,-65.0,-72.5248582408345,9.82389715446174,-71.0,5,6,1,2,-97.83121731072795,-47.21849917094106
2015-03-19 23:30:00,35,-70.0,-63.23289712947963,9.82389715446174,-69.0,5,6,1,2,-88.53925619937307,-37.92653805958619
2015-03-20 00:30:00,35,-75.0,-59.64591849527324,9.82389715446174,-65.0,5,6,1,2,-84.95227756516668,-34.339559425379804
2015-03-20 01:30:00,35,-81.0,-65.29901448771224,9.82389715446174,-70.0,5,6,1,2,-90.60537355760569,-39.992655417818796
2015-03-20 02:30:00,35,-74.0,-74.11079524953377,9.82389715446174,-75.0,5,6,1,2,-99.41715431942721,-48.80443617964032
2015-03-20 03:30:00,35,-69.0,-71.14856912775613,9.82389715446174,-81.0,5,6,1,2,-96.45492819764958,-45.84221005786269
2015-03-20 04:30:00,35,-65.0,-69.97569847474182,9.82389715446174,-74.0,5,6,1,2,-95.28205754463526,-44.66933940484837
2015-03-20 05:30:00,35,-64.0,-66.46098044371911,9.82389715446174,-69.0,5,6,1,2,-91.76733951361255,-41.15462137382566
2015-03-20 06:30:00,35,-71.0,-61.7832263696,9.82389715446174,-65.0,5,6,1,2,-87.08958543949345,-36.476867299706555
2015-03-20 07:30:00,35,-68.0,-65.44002818639727,9.82389715446174,-64.0,5,6,1,2,-90.74638725629072,-40.133669116503825
2015-03-20 08:30:00,35,-63.0,-57.91770236744182,9.82389715446174,-71.0,5,6,1,2,-83.22406143733527,-32.61134329754837
2015-03-20 09:30:00,35,-61.0,-65.50313147684864,9.82389715446174,-68.0,5,6,1,2,-90.80949054674208,-40.19677240695519
2015-03-20 10:30:00,35,-62.0,-60.99109864796356,9.82389715446174,-63.0,5,6,1,2,-86.297457717857,-35.68473957807012
2015-03-20 11:30:00,35,-65.0,-60.792372434859466,9.82389715446174,-61.0,5,6,1,2,-86.0987315047529,-35.48601336496603
2015-03-20 12:30:00,35,-58.0,-57.48351453087094,9.82389715446174,-62.0,5,6,1,2,-82.78987360076438,-32.1771554609775
2015-03-20 13:30:00,35,-57.0,-56.06559393435761,9.82389715446174,-65.0,5,6,1,2,-81.37195300425105,-30.759234864464165
2015-03-20 14:30:00,35,-55.0,-55.15275019771822,9.82389715446174,-58.0,5,6,1,2,-80.45910926761167,-29.846391127824777
2015-03-20 15:30:00,35,-56.0,-52.20897246229137,9.82389715446174,-57.0,5,6,1,2,-77.51533153218482,-26.902613392397928
2015-03-20 16:30:00,35,-62.0,-53.40234887147737,9.82389715446174,-55.0,5,6,1,2,-78.70870794137082,-28.09598980158393
2015-03-20 17:30:00,35,-66.0,-53.36988956309541,9.82389715446174,-56.0,5,6,1,2,-78.67624863298886,-28.06353049320197
2015-03-20 18:30:00,35,-64.0,-61.58880598311801,9.82389715446174,-62.0,5,6,1,2,-86.89516505301145,-36.28244691322456
2015-03-20 19:30:00,35,-60.0,-58.73820862883712,9.82389715446174,-66.0,5,6,1,2,-84.04456769873056,-33.43184955894368
2015-03-20 20:30:00,35,-59.0,-56.481146543974766,9.82389715446174,-64.0,5,6,1,2,-81.7875056138682,-31.174787474081324
2015-03-20 21:30:00,35,-56.0,-59.21125081806302,9.82389715446174,-60.0,5,6,1,2,-84.51760988795647,-33.904891748169575
2015-03-20 22:30:00,35,-56.0,-52.76818851005331,9.82389715446174,-59.0,5,6,1,2,-78.07454757994675,-27.461829440159864
2015-03-20 23:30:00,35,-65.0,-55.03345671912395,9.82389715446174,-56.0,5,6,1,2,-80.3398157890174,-29.727097649230505
2015-03-21 00:30:00,35,-69.0,-58.56843421643269,9.82389715446174,-56.0,5,6,1,2,-83.87479328632614,-33.262075146539246
2015-03-21 01:30:00,35,-65.0,-62.5801737295166,9.82389715446174,-65.0,5,6,1,2,-87.88653279941005,-37.273814659623156
2015-03-21 02:30:00,35,-64.0,-63.35033918755394,9.82389715446174,-69.0,5,6,1,2,-88.65669825744739,-38.043980117660496
2015-03-21 03:30:00,35,-58.0,-57.52780424652033,9.82389715446174,-65.0,5,6,1,2,-82.83416331641378,-32.22144517662689
2015-03-21 04:30:00,35,-48.0,-59.32339339721783,9.82389715446174,-64.0,5,6,1,2,-84.62975246711127,-34.01703432732438
2015-03-21 05:30:00,35,-46.0,-53.69715786463887,9.82389715446174,-58.0,5,6,1,2,-79.00351693453231,-28.390798794745425
2015-03-21 06:30:00,35,-49.0,-48.489262688400345,9.82389715446174,-48.0,5,6,1,2,-73.79562175829379,-23.182903618506902
2015-03-21 07:30:00,35,-46.0,-46.532937539465216,9.82389715446174,-46.0,5,6,1,2,-71.83929660935866,-21.226578469571773
2015-03-21 08:30:00,35,-45.0,-48.77546427469498,9.82389715446174,-49.0,5,6,1,2,-74.08182334458843,-23.46910520480154
2015-03-21 09:30:00,35,-44.0,-46.62576759448068,9.82389715446174,-46.0,5,6,1,2,-71.93212666437412,-21.319408524587235
2015-03-21 10:30:00,35,-50.0,-42.828189876129386,9.82389715446174,-45.0,5,6,1,2,-68.13454894602283,-17.521830806235943
2015-03-21 11:30:00,35,-48.0,-43.37650335007255,9.82389715446174,-44.0,5,6,1,2,-68.68286241996599,-18.070144280179104
2015-03-21 12:30:00,35,-46.0,-45.342423188605935,9.82389715446174,-50.0,5,6,1,2,-70.64878225849938,-20.036064118712492
2015-03-21 13:30:00,35,-45.0,-45.439208744113,9.82389715446174,-48.0,5,6,1,2,-70.74556781400645,-20.13284967421956
2015-03-21 14:30:00,35,-46.0,-43.860762345040335,9.82389715446174,-46.0,5,6,1,2,-69.16712141493377,-18.554403275146893
2015-03-21 15:30:00,35,-46.0,-43.36935457382176,9.82389715446174,-45.0,5,6,1,2,-68.6757136437152,-18.062995503928317
2015-03-21 16:30:00,35,-46.0,-42.777972217714265,9.82389715446174,-46.0,5,6,1,2,-68.08433128760771,-17.471613147820822
2015-03-21 17:30:00,35,-44.0,-43.38935925746742,9.82389715446174,-46.0,5,6,1,2,-68.69571832736086,-18.083000187573976
2015-03-21 18:30:00,35,-44.0,-43.67250982164374,9.82389715446174,-46.0,5,6,1,2,-68.97886889153719,-18.3661507517503
2015-03-21 19:30:00,35,-44.0,-40.969801050960285,9.82389715446174,-44.0,5,6,1,2,-66.27616012085373,-15.663441981066843
2015-03-21 20:30:00,35,-47.0,-41.85571850889088,9.82389715446174,-44.0,5,6,1,2,-67.16207757878432,-16.54935943899744
2015-03-21 21:30:00,35,-40.0,-42.40662651938838,9.82389715446174,-44.0,5,6,1,2,-67.71298558928183,-17.10026744949494
2015-03-21 22:30:00,35,-43.0,-43.38083890133602,9.82389715446174,-47.0,5,6,1,2,-68.68719797122947,-18.074479831442577
2015-03-21 23:30:00,35,-41.0,-37.89073320270467,9.82389715446174,-40.0,5,6,1,2,-63.19709227259811,-12.58437413281123
2015-03-22 00:30:00,35,-39.0,-40.06450790402741,9.82389715446174,-43.0,5,6,1,2,-65.37086697392085,-14.758148834133966
2015-03-22 01:30:00,35,-42.0,-39.27770726276318,9.82389715446174,-41.0,5,6,1,2,-64.58406633265662,-13.971348192869737
2015-03-22 02:30:00,35,-36.0,-39.86369565805536,9.82389715446174,-39.0,5,6,1,2,-65.17005472794881,-14.55733658816192
2015-03-22 03:30:00,35,-33.0,-42.184082375787895,9.82389715446174,-42.0,5,6,1,2,-67.49044144568134,-16.877723305894452
2015-03-22 04:30:00,35,-40.0,-38.69783046605665,9.82389715446174,-36.0,5,6,1,2,-64.00418953595009,-13.391471396163208
2015-03-22 05:30:00,35,-43.0,-42.13516623202729,9.82389715446174,-33.0,5,6,1,2,-67.44152530192073,-16.828807162133845
2015-03-22 06:30:00,35,-45.0,-39.52869576497129,9.82389715446174,-40.0,5,6,1,2,-64.83505483486474,-14.222336695077846
2015-03-22 07:30:00,35,-56.0,-39.64728222173856,9.82389715446174,-43.0,5,6,1,2,-64.953641291632,-14.340923151845114
2015-03-22 08:30:00,35,-50.0,-54.33202737107861,9.82389715446174,-45.0,5,6,1,2,-79.63838644097206,-29.025668301185167
2015-03-22 09:30:00,35,-50.0,-51.6582788938495,9.82389715446174,-56.0,5,6,1,2,-76.96463796374294,-26.351919823956056
2015-03-22 10:30:00,35,-45.0,-42.33400072775353,9.82389715446174,-50.0,5,6,1,2,-67.64035979764698,-17.02764165786009
2015-03-22 11:30:00,35,-33.0,-52.038257477306274,9.82389715446174,-50.0,5,6,1,2,-77.34461654719972,-26.73189840741283
2015-03-22 12:30:00,35,-41.0,-43.57354375137293,9.82389715446174,-45.0,5,6,1,2,-68.87990282126637,-18.26718468147949
2015-03-22 13:30:00,35,-48.0,-37.217923907129375,9.82389715446174,-33.0,5,6,1,2,-62.52428297702282,-11.911564837235932
2015-03-22 14:30:00,35,-55.0,-46.645931517276566,9.82389715446174,-41.0,5,6,1,2,-71.95229058717001,-21.339572447383123
2015-03-22 15:30:00,35,-51.0,-45.3331278686101,9.82389715446174,-48.0,5,6,1,2,-70.63948693850354,-20.026768798716656
2015-03-22 16:30:00,35,-49.0,-50.61062541581786,9.82389715446174,-55.0,5,6,1,2,-75.9169844857113,-25.304266345924415
2015-03-22 17:30:00,35,-52.0,-47.5365794395632,9.82389715446174,-51.0,5,6,1,2,-72.84293850945664,-22.230220369669755
2015-03-22 18:30:00,35,-54.0,-47.689468132477714,9.82389715446174,-49.0,5,6,1,2,-72.99582720237116,-22.38310906258427
2015-03-22 19:30:00,35,-52.0,-49.85188908238937,9.82389715446174,-52.0,5,6,1,2,-75.15824815228281,-24.545530012495927
2015-03-22 20:30:00,35,-47.0,-49.10825711315694,9.82389715446174,-54.0,5,6,1,2,-74.41461618305038,-23.801898043263495
2015-03-22 21:30:00,35,-46.0,-47.33169385612838,9.82389715446174,-52.0,5,6,1,2,-72.63805292602183,-22.02533478623494
2015-03-22 22:30:00,35,-45.0,-44.18539576944473,9.82389715446174,-47.0,5,6,1,2,-69.49175483933817,-18.87903669955129
2015-03-22 23:30:00,35,-44.0,-42.35854054239762,9.82389715446174,-46.0,5,6,1,2,-67.66489961229107,-17.052181472504177
2015-03-23 00:30:00,35,-40.0,-41.63837405434242,9.82389715446174,-45.0,5,6,1,2,-66.94473312423587,-16.33201498444898
2015-03-23 01:30:00,35,-45.0,-41.45564394467564,9.82389715446174,-44.0,5,6,1,2,-66.76200301456909,-16.1492848747822
2015-03-23 02:30:00,35,-46.0,-41.908530703860336,9.82389715446174,-40.0,5,6,1,2,-67.21488977375378,-16.602171633966893
2015-03-23 03:30:00,35,-47.0,-52.09706555707889,9.82389715446174,-45.0,5,6,1,2,-77.40342462697234,-26.79070648718545
2015-03-23 04:30:00,35,-50.0,-43.78920876368367,9.82389715446174,-46.0,5,6,1,2,-69.0955678335771,-18.482849693790225
2015-03-23 05:30:00,35,-47.0,-44.41454939937392,9.82389715446174,-47.0,5,6,1,2,-69.72090846926736,-19.108190329480475
2015-03-23 06:30:00,35,-44.0,-49.49560103810881,9.82389715446174,-50.0,5,6,1,2,-74.80196010800225,-24.189241968215367
2015-03-23 07:30:00,35,-46.0,-40.66342651831791,9.82389715446174,-47.0,5,6,1,2,-65.96978558821135,-15.35706744842447
2015-03-23 08:30:00,35,-47.0,-41.20574251506641,9.82389715446174,-44.0,5,6,1,2,-66.51210158495985,-15.899383445172969
2015-03-23 09:30:00,35,-44.0,-43.83887651623334,9.82389715446174,-46.0,5,6,1,2,-69.14523558612679,-18.5325174463399
2015-03-23 10:30:00,35,-46.0,-47.334194972381255,9.82389715446174,-47.0,5,6,1,2,-72.6405540422747,-22.027835902487812
2015-03-23 11:30:00,35,-42.0,-44.02418205375643,9.82389715446174,-44.0,5,6,1,2,-69.33054112364987,-18.717822983862984
2015-03-23 12:30:00,35,-36.0,-42.49385984907059,9.82389715446174,-46.0,5,6,1,2,-67.80021891896403,-17.187500779177146
2015-03-23 13:30:00,35,-35.0,-40.71272961321356,9.82389715446174,-42.0,5,6,1,2,-66.019088683107,-15.406370543320119
2015-03-23 14:30:00,35,-32.0,-37.719425848080746,9.82389715446174,-36.0,5,6,1,2,-63.02578491797419,-12.413066778187304
2015-03-23 15:30:00,35,-37.0,-37.18997106669879,9.82389715446174,-35.0,5,6,1,2,-62.496330136592235,-11.883611996805346
2015-03-23 16:30:00,35,-39.0,-33.171496533756084,9.82389715446174,-32.0,5,6,1,2,-58.47785560364953,-7.8651374638626415
2015-03-23 17:30:00,35,-35.0,-31.36403185803193,9.82389715446174,-37.0,5,6,1,2,-56.67039092792537,-6.057672788138486
2015-03-23 18:30:00,35,-36.0,-33.86203525091891,9.82389715446174,-39.0,5,6,1,2,-59.168394320812354,-8.555676181025465
2015-03-23 19:30:00,35,-37.0,-33.147852970129186,9.82389715446174,-35.0,5,6,1,2,-58.454212040022625,-7.8414939002357436
2015-03-23 20:30:00,35,-40.0,-34.363216590381164,9.82389715446174,-36.0,5,6,1,2,-59.6695756602746,-9.056857520487721
2015-03-23 21:30:00,35,-50.0,-37.42993597333395,9.82389715446174,-37.0,5,6,1,2,-62.736295043227386,-12.123576903440505
2015-03-23 22:30:00,35,-47.0,-42.61041229109231,9.82389715446174,-40.0,5,6,1,2,-67.91677136098575,-17.304053221198867
2015-03-23 23:30:00,35,-47.0,-41.66130873835223,9.82389715446174,-50.0,5,6,1,2,-66.96766780824568,-16.35494966845879
2015-03-24 00:30:00,35,-48.0,-44.90070015544638,9.82389715446174,-47.0,5,6,1,2,-70.20705922533982,-19.594341085552937
2015-03-24 01:30:00,35,-48.0,-42.48072155758265,9.82389715446174,-47.0,5,6,1,2,-67.78708062747609,-17.174362487689205
2015-03-24 02:30:00,35,-45.0,-44.17683719591728,9.82389715446174,-48.0,5,6,1,2,-69.48319626581072,-18.870478126023837
2015-03-24 03:30:00,35,-40.0,-44.33809974494498,9.82389715446174,-48.0,5,6,1,2,-69.64445881483842,-19.031740675051534
2015-03-24 04:30:00,35,-34.0,-42.239896759536265,9.82389715446174,-45.0,5,6,1,2,-67.54625582942971,-16.933537689642822
2015-03-24 05:30:00,35,-33.0,-38.15036573678419,9.82389715446174,-40.0,5,6,1,2,-63.45672480667763,-12.844006666890746
2015-03-24 06:30:00,35,-32.0,-34.721466726391085,9.82389715446174,-34.0,5,6,1,2,-60.02782579628453,-9.415107656497643
2015-03-24 07:30:00,35,-29.0,-31.3322643110584,9.82389715446174,-33.0,5,6,1,2,-56.63862338095184,-6.025905241164956
2015-03-24 08:30:00,35,-30.0,-28.73626395082902,9.82389715446174,-32.0,5,6,1,2,-54.04262302072246,-3.4299048809355774
2015-03-24 09:30:00,35,-29.0,-27.64230425870897,9.82389715446174,-29.0,5,6,1,2,-52.94866332860241,-2.3359451888155256
2015-03-24 10:30:00,35,-26.0,-28.778534514053547,9.82389715446174,-30.0,5,6,1,2,-54.08489358394699,-3.4721754441601043
2015-03-24 11:30:00,35,-31.0,-28.22670981684791,9.82389715446174,-29.0,5,6,1,2,-53.533068886741354,-2.920350746954469
2015-03-24 12:30:00,35,-32.0,-27.30512544325264,9.82389715446174,-26.0,5,6,1,2,-52.61148451314608,-1.9987663733591958
2015-03-24 13:30:00,35,-30.0,-32.42179662400502,9.82389715446174,-31.0,5,6,1,2,-57.72815569389846,-7.115437554111576
2015-03-24 14:30:00,35,-28.0,-29.25830269958639,9.82389715446174,-32.0,5,6,1,2,-54.564661769479834,-3.9519436296929484
2015-03-24 15:30:00,35,-26.0,-29.253971129301675,9.82389715446174,-30.0,5,6,1,2,-54.56033019919512,-3.9476120594082325
2015-03-24 16:30:00,35,-33.0,-27.68298561521425,9.82389715446174,-28.0,5,6,1,2,-52.989344685107696,-2.376626545320807
2015-03-24 17:30:00,35,-34.0,-28.957594161307625,9.82389715446174,-26.0,5,6,1,2,-54.26395323120107,-3.6512350914141827
2015-03-24 18:30:00,35,-31.0,-32.1713247201401,9.82389715446174,-33.0,5,6,1,2,-57.47768379003354,-6.864965650246656
2015-03-24 19:30:00,35,-31.0,-29.163157041928063,9.82389715446174,-34.0,5,6,1,2,-54.469516111821505,-3.85679797203462
2015-03-24 20:30:00,35,-28.0,-27.95739315384744,9.82389715446174,-31.0,5,6,1,2,-53.26375222374088,-2.6510340839539985
2015-03-24 21:30:00,35,-28.0,-25.727928009914912,9.82389715446174,-31.0,5,6,1,2,-51.03428707980835,-0.4215689400214693
2015-03-24 22:30:00,35,-34.0,-26.46265904144691,9.82389715446174,-28.0,5,6,1,2,-51.76901811134035,-1.1562999715534659
2015-03-24 23:30:00,35,-34.0,-28.13727474051526,9.82389715446174,-28.0,5,6,1,2,-53.4436338104087,-2.830915670621817
2015-03-25 00:30:00,35,-30.0,-31.592539905906243,9.82389715446174,-34.0,5,6,1,2,-56.89889897579968,-6.2861808360128
2015-03-25 01:30:00,35,-30.0,-30.51108566235128,9.82389715446174,-34.0,5,6,1,2,-55.817444732244724,-5.204726592457838
2015-03-25 02:30:00,35,-36.0,-28.31943158924122,9.82389715446174,-30.0,5,6,1,2,-53.625790659134665,-3.0130725193477765
2015-03-25 03:30:00,35,-34.0,-31.853080766638502,9.82389715446174,-30.0,5,6,1,2,-57.159439836531945,-6.54672169674506
2015-03-25 04:30:00,35,-32.0,-31.11402665757647,9.82389715446174,-36.0,5,6,1,2,-56.42038572746991,-5.807667587683028
2015-03-25 05:30:00,35,-34.0,-31.046666174793472,9.82389715446174,-34.0,5,6,1,2,-56.35302524468692,-5.74030710490003
2015-03-25 06:30:00,35,-33.0,-32.461596724513086,9.82389715446174,-32.0,5,6,1,2,-57.76795579440653,-7.1552376546196435
2015-03-25 07:30:00,35,-32.0,-31.170047256024382,9.82389715446174,-34.0,5,6,1,2,-56.47640632591782,-5.86368818613094
2015-03-25 08:30:00,35,-31.0,-30.35098794770747,9.82389715446174,-33.0,5,6,1,2,-55.65734701760091,-5.044628877814027
2015-03-25 09:30:00,35,-28.0,-27.813999626062284,9.82389715446174,-32.0,5,6,1,2,-53.12035869595573,-2.507640556168841
2015-03-25 10:30:00,35,-17.0,-29.168962635946706,9.82389715446174,-31.0,5,6,1,2,-54.475321705840145,-3.862603566053263
2015-03-25 11:30:00,35,-13.0,-27.15046760337912,9.82389715446174,-28.0,5,6,1,2,-52.45682667327256,-1.8441085334856773
2015-03-25 12:30:00,35,-5.0,-19.28946718254955,9.82389715446174,-17.0,5,6,1,2,-44.59582625244299,6.016891887343892
2015-03-25 13:30:00,35,-5.0,-15.165814394687146,9.82389715446174,-13.0,5,6,1,2,-40.47217346458059,10.140544675206296
2015-03-25 14:30:00,35,-4.0,-11.561644301822415,9.82389715446174,-5.0,5,6,1,2,-36.86800337171586,13.744714768071027
2015-03-25 15:30:00,35,-12.0,-10.759601289098596,9.82389715446174,-5.0,5,6,1,2,-36.06596035899204,14.546757780794847
2015-03-25 16:30:00,35,-22.0,-11.997628356007835,9.82389715446174,-4.0,5,6,1,2,-37.303987425901276,13.308730713885607
2015-03-25 17:30:00,35,-17.0,-14.555616340589012,9.82389715446174,-12.0,5,6,1,2,-39.86197541048246,10.75074272930443
2015-03-25 18:30:00,35,-17.0,-19.332595513996623,9.82389715446174,-22.0,5,6,1,2,-44.63895458389007,5.97376355589682
2015-03-25 19:30:00,35,-22.0,-15.84644710971303,9.82389715446174,-17.0,5,6,1,2,-41.15280617960647,9.459911960180413
2015-03-25 20:30:00,35,-28.0,-18.90835269315449,9.82389715446174,-17.0,5,6,1,2,-44.21471176304793,6.398006376738952
2015-03-25 21:30:00,35,-32.0,-22.77742029720237,9.82389715446174,-22.0,5,6,1,2,-48.083779367095815,2.528938772691074
2015-03-25 22:30:00,35,-33.0,-24.7029793807196,9.82389715446174,-28.0,5,6,1,2,-50.00933845061304,0.6033796891738419
2015-03-25 23:30:00,35,-31.0,-26.380386011294227,9.82389715446174,-32.0,5,6,1,2,-51.68674508118767,-1.0740269414007848
2015-03-26 00:30:00,35,-29.0,-29.233365052465327,9.82389715446174,-33.0,5,6,1,2,-54.53972412235877,-3.9270059825718846
2015-03-26 01:30:00,35,-25.0,-29.30607179066821,9.82389715446174,-31.0,5,6,1,2,-54.61243086056165,-3.9997127207747667
2015-03-26 02:30:00,35,-25.0,-27.20498737283616,9.82389715446174,-29.0,5,6,1,2,-52.511346442729604,-1.8986283029427184
2015-03-26 03:30:00,35,-23.0,-22.99251576415248,9.82389715446174,-25.0,5,6,1,2,-48.29887483404592,2.3138433057409635
2015-03-26 04:30:00,35,-23.0,-22.941977504248243,9.82389715446174,-25.0,5,6,1,2,-48.24833657414169,2.3643815656452
2015-03-26 05:30:00,35,-26.0,-21.38776995782574,9.82389715446174,-23.0,5,6,1,2,-46.694129027719185,3.9185891120677034
2015-03-26 06:30:00,35,-27.0,-24.159518454480967,9.82389715446174,-23.0,5,6,1,2,-49.465877524374406,1.1468406154124757
2015-03-26 07:30:00,35,-21.0,-25.28367042028094,9.82389715446174,-26.0,5,6,1,2,-50.59002949017439,0.022688649612501166
2015-03-26 08:30:00,35,-18.0,-24.88957316296801,9.82389715446174,-27.0,5,6,1,2,-50.19593223286145,0.4167859069254334
2015-03-26 09:30:00,35,-15.0,-17.58968692057106,9.82389715446174,-21.0,5,6,1,2,-42.8960459904645,7.716672149322381
2015-03-26 10:30:00,35,-15.0,-17.414823224925428,9.82389715446174,-18.0,5,6,1,2,-42.721182294818874,7.891535844968015
2015-03-26 11:30:00,35,-10.0,-15.453408792749093,9.82389715446174,-15.0,5,6,1,2,-40.75976786264253,9.85295027714435
2015-03-26 12:30:00,35,-9.0,-14.537715736914992,9.82389715446174,-15.0,5,6,1,2,-39.844074806808436,10.768643332978451
2015-03-26 13:30:00,35,-13.0,-10.384998619353432,9.82389715446174,-10.0,5,6,1,2,-35.69135768924687,14.92136045054001
2015-03-26 14:30:00,35,-11.0,-8.839049746058794,9.82389715446174,-9.0,5,6,1,2,-34.14540881595224,16.467309323834648
2015-03-26 15:30:00,35,-16.0,-13.701567944590211,9.82389715446174,-13.0,5,6,1,2,-39.007927014483656,11.604791125303231
2015-03-26 16:30:00,35,-20.0,-9.789374132283935,9.82389715446174,-11.0,5,6,1,2,-35.09573320217738,15.516984937609507
2015-03-26 17:30:00,35,-20.0,-15.12177946167812,9.82389715446174,-16.0,5,6,1,2,-40.42813853157156,10.184579608215323
2015-03-26 18:30:00,35,-21.0,-17.430755632702656,9.82389715446174,-20.0,5,6,1,2,-42.7371147025961,7.875603437190787
2015-03-26 19:30:00,35,-20.0,-18.46929850815273,9.82389715446174,-20.0,5,6,1,2,-43.77565757804617,6.837060561740714
2015-03-26 20:30:00,35,-27.0,-18.77897194519061,9.82389715446174,-21.0,5,6,1,2,-44.08533101508405,6.527387124702834
2015-03-26 21:30:00,35,-30.0,-20.84370286122192,9.82389715446174,-20.0,5,6,1,2,-46.15006193111536,4.462656208671522
2015-03-26 22:30:00,35,-31.0,-26.955012693217824,9.82389715446174,-27.0,5,6,1,2,-52.26137176311127,-1.6486536233243818
2015-03-26 23:30:00,35,-29.0,-25.75800510060951,9.82389715446174,-30.0,5,6,1,2,-51.064364170502955,-0.45164603071606635
2015-03-27 00:30:00,35,-28.0,-29.53063906767231,9.82389715446174,-31.0,5,6,1,2,-54.83699813756576,-4.2242799977788685
2015-03-27 01:30:00,35,-29.0,-28.20606154163676,9.82389715446174,-29.0,5,6,1,2,-53.5124206115302,-2.8997024717433177
2015-03-27 02:30:00,35,-27.0,-27.0926420291634,9.82389715446174,-28.0,5,6,1,2,-52.399001099056846,-1.7862829592699576
2015-03-27 03:30:00,35,-27.0,-27.20853415950885,9.82389715446174,-29.0,5,6,1,2,-52.51489322940229,-1.9021750896154082
2015-03-27 04:30:00,35,-25.0,-26.95463954280913,9.82389715446174,-27.0,5,6,1,2,-52.26099861270257,-1.6482804729156868
2015-03-27 05:30:00,35,-30.0,-25.393092663952736,9.82389715446174,-27.0,5,6,1,2,-50.699451733846175,-0.08673359405929304
2015-03-27 06:30:00,35,-35.0,-26.73225516915603,9.82389715446174,-25.0,5,6,1,2,-52.03861423904947,-1.4258960992625873
2015-03-27 07:30:00,35,-29.0,-29.67632696621363,9.82389715446174,-30.0,5,6,1,2,-54.98268603610707,-4.369967896320187
2015-03-27 08:30:00,35,-23.0,-27.917832310162577,9.82389715446174,-35.0,5,6,1,2,-53.22419138005602,-2.6114732402691345
2015-03-27 09:30:00,35,-27.0,-26.835813696519352,9.82389715446174,-29.0,5,6,1,2,-52.1421727664128,-1.5294546266259097
2015-03-27 10:30:00,35,-23.0,-24.84415444174352,9.82389715446174,-23.0,5,6,1,2,-50.15051351163696,0.462204628149923
2015-03-27 11:30:00,35,-22.0,-24.734066578423786,9.82389715446174,-27.0,5,6,1,2,-50.040425648317225,0.572292491469657
2015-03-27 12:30:00,35,-22.0,-24.627411380385745,9.82389715446174,-23.0,5,6,1,2,-49.933770450279184,0.678947689507698
2015-03-27 13:30:00,35,-23.0,-19.625221869205696,9.82389715446174,-22.0,5,6,1,2,-44.931580939099135,5.681137200687747
2015-03-27 14:30:00,35,-29.0,-24.26589498400612,9.82389715446174,-22.0,5,6,1,2,-49.57225405389956,1.0404640858873222
2015-03-27 15:30:00,35,-30.0,-27.708987245257404,9.82389715446174,-23.0,5,6,1,2,-53.01534631515085,-2.4026281753639616
2015-03-27 16:30:00,35,-26.0,-25.63822222702688,9.82389715446174,-29.0,5,6,1,2,-50.94458129692032,-0.33186315713343717
2015-03-27 17:30:00,35,-23.0,-24.84318786010165,9.82389715446174,-30.0,5,6,1,2,-50.1495469299951,0.46317120979179194
2015-03-27 18:30:00,35,-23.0,-22.91688778373871,9.82389715446174,-26.0,5,6,1,2,-48.22324685363215,2.389471286154734
2015-03-27 19:30:00,35,-23.0,-19.843738323899817,9.82389715446174,-23.0,5,6,1,2,-45.15009739379326,5.462620745993625
2015-03-27 20:30:00,35,-21.0,-22.954336054697244,9.82389715446174,-23.0,5,6,1,2,-48.26069512459068,2.352023015196199
2015-03-27 21:30:00,35,-20.0,-19.47324827060781,9.82389715446174,-23.0,5,6,1,2,-44.77960734050126,5.833110799285631
2015-03-27 22:30:00,35,-21.0,-20.95109162094533,9.82389715446174,-21.0,5,6,1,2,-46.25745069083877,4.355267448948112
