time,event_no,DST_true,DST_pred,sigma_nT,DST_persist,fold,L_value,L_idx,H,DST_p005,DST_p995
2003-10-20 11:30:00,19,-37.0,-34.18913354515587,19.072299956521256,,5,6,1,6,-83.31937823315462,14.941111142842885
2003-10-20 12:30:00,19,-34.0,-31.806792017002703,19.072299956521256,,5,6,1,6,-80.93703670500146,17.32345267099605
2003-10-20 13:30:00,19,-42.0,-36.045482573841326,19.072299956521256,,5,6,1,6,-85.17572726184008,13.084762114157428
2003-10-20 14:30:00,19,-43.0,-44.217334395392605,19.072299956521256,,5,6,1,6,-93.34757908339137,4.912910292606149
2003-10-20 15:30:00,19,-40.0,-37.98606837009496,19.072299956521256,,5,6,1,6,-87.11631305809371,11.144176317903792
2003-10-20 16:30:00,19,-35.0,-37.8270931866153,19.072299956521256,,5,6,1,6,-86.95733787461405,11.303151501383454
2003-10-20 17:30:00,19,-27.0,-34.894592670479724,19.072299956521256,-37.0,5,6,1,6,-84.02483735847848,14.23565201751903
2003-10-20 18:30:00,19,-23.0,-36.40700211442311,19.072299956521256,-34.0,5,6,1,6,-85.53724680242186,12.723242573575646
2003-10-20 19:30:00,19,-24.0,-42.78594657724729,19.072299956521256,-42.0,5,6,1,6,-91.91619126524604,6.344298110751467
2003-10-20 20:30:00,19,-34.0,-37.79610240078485,19.072299956521256,-43.0,5,6,1,6,-86.9263470887836,11.334142287213908
2003-10-20 21:30:00,19,-57.0,-43.14027440233518,19.072299956521256,-40.0,5,6,1,6,-92.27051909033393,5.989970285663574
2003-10-20 22:30:00,19,-50.0,-34.59689671263501,19.072299956521256,-35.0,5,6,1,6,-83.72714140063377,14.533347975363746
2003-10-20 23:30:00,19,-41.0,-32.36939408767532,19.072299956521256,-27.0,5,6,1,6,-81.49963877567407,16.760850600323437
2003-10-21 00:30:00,19,-40.0,-31.08655790700829,19.072299956521256,-23.0,5,6,1,6,-80.21680259500704,18.043686780990463
2003-10-21 01:30:00,19,-49.0,-29.586580841027168,19.072299956521256,-24.0,5,6,1,6,-78.71682552902593,19.543663846971587
2003-10-21 02:30:00,19,-52.0,-56.77963610626364,19.072299956521256,-34.0,5,6,1,6,-105.90988079426239,-7.649391418264884
2003-10-21 03:30:00,19,-48.0,-46.0186063354591,19.072299956521256,-57.0,5,6,1,6,-95.14885102345785,3.111638352539657
2003-10-21 04:30:00,19,-43.0,-51.22566047929989,19.072299956521256,-50.0,5,6,1,6,-100.35590516729864,-2.0954157913011358
2003-10-21 05:30:00,19,-39.0,-43.02003357882599,19.072299956521256,-41.0,5,6,1,6,-92.15027826682474,6.110211109172766
2003-10-21 06:30:00,19,-37.0,-41.94671611823519,19.072299956521256,-40.0,5,6,1,6,-91.07696080623394,7.183528569763567
2003-10-21 07:30:00,19,-45.0,-52.112634290946936,19.072299956521256,-49.0,5,6,1,6,-101.2428789789457,-2.9823896029481816
2003-10-21 08:30:00,19,-40.0,-49.322514635291085,19.072299956521256,-52.0,5,6,1,6,-98.45275932328984,-0.19226994729233127
2003-10-21 09:30:00,19,-36.0,-36.00009791690754,0.0836997436247285,-48.0,5,6,1,6,-36.21570845648484,-35.784487377330244
2003-10-21 10:30:00,19,-29.0,-29.00016064758028,0.0836997436247285,-43.0,5,6,1,6,-29.215771187157582,-28.78455010800298
2003-10-21 11:30:00,19,-40.0,-40.00003591641291,0.0836997436247285,-39.0,5,6,1,6,-40.21564645599021,-39.784425376835614
2003-10-21 12:30:00,19,-43.0,-43.00001205945113,0.0836997436247285,-37.0,5,6,1,6,-43.21562259902843,-42.78440151987383
2003-10-21 13:30:00,19,-42.0,-42.000004610525714,0.0836997436247285,-45.0,5,6,1,6,-42.21561515010301,-41.784394070948416
2003-10-21 14:30:00,19,-41.0,-40.99998342035881,0.0836997436247285,-40.0,5,6,1,6,-41.21559395993611,-40.78437288078151
2003-10-21 15:30:00,19,-42.0,-41.999958982454416,0.0836997436247285,-36.0,5,6,1,6,-42.215569522031714,-41.78434844287712
2003-10-21 16:30:00,19,-54.0,-53.99982329534265,0.0836997436247285,-29.0,5,6,1,6,-54.21543383491995,-53.78421275576535
2003-10-21 17:30:00,19,-53.0,-52.99990019177716,0.0836997436247285,-40.0,5,6,1,6,-53.215510731354456,-52.78428965219986
2003-10-21 18:30:00,19,-57.0,-56.9998707000171,0.0836997436247285,-43.0,5,6,1,6,-57.215481239594396,-56.7842601604398
2003-10-21 19:30:00,19,-50.0,-49.99998048674104,0.0836997436247285,-42.0,5,6,1,6,-50.215591026318336,-49.78436994716374
2003-10-21 20:30:00,19,-51.0,-50.99989951690462,0.0836997436247285,-41.0,5,6,1,6,-51.21551005648192,-50.78428897732732
2003-10-21 21:30:00,19,-60.0,-59.99983329884171,0.0836997436247285,-42.0,5,6,1,6,-60.215443838419006,-59.78422275926441
2003-10-21 22:30:00,19,-54.0,-53.9999961557251,0.0836997436247285,-54.0,5,6,1,6,-54.2156066953024,-53.7843856161478
2003-10-21 23:30:00,19,-46.0,-45.99999457415705,0.0836997436247285,-53.0,5,6,1,6,-46.21560511373435,-45.78438403457975
2003-10-22 00:30:00,19,-46.0,-46.00000964379268,0.0836997436247285,-57.0,5,6,1,6,-46.21562018336998,-45.78439910421538
2003-10-22 01:30:00,19,-47.0,-46.99999249156657,0.0836997436247285,-50.0,5,6,1,6,-47.21560303114387,-46.784381951989275
2003-10-22 02:30:00,19,-49.0,-49.0000286569249,0.0836997436247285,-51.0,5,6,1,6,-49.215639196502195,-48.7844181173476
2003-10-22 03:30:00,19,-56.0,-56.00003005113942,0.0836997436247285,-60.0,5,6,1,6,-56.21564059071672,-55.78441951156212
2003-10-22 04:30:00,19,-51.0,-50.99999211462948,0.0836997436247285,-54.0,5,6,1,6,-51.215602654206776,-50.78438157505218
2003-10-22 05:30:00,19,-51.0,-50.99995182554252,0.0836997436247285,-46.0,5,6,1,6,-51.215562365119816,-50.78434128596522
2003-10-22 06:30:00,19,-61.0,-60.999861828732165,0.0836997436247285,-46.0,5,6,1,6,-61.21547236830946,-60.78425128915487
2003-10-22 07:30:00,19,-50.0,-49.99996141483952,0.0836997436247285,-47.0,5,6,1,6,-50.215571954416816,-49.78435087526222
2003-10-22 08:30:00,19,-51.0,-50.99996589297545,0.0836997436247285,-49.0,5,6,1,6,-51.21557643255275,-50.784355353398155
2003-10-22 09:30:00,19,-48.0,-48.00004354147731,0.0836997436247285,-56.0,5,6,1,6,-48.21565408105461,-47.78443300190001
2003-10-22 10:30:00,19,-36.0,-36.00012631139972,0.0836997436247285,-51.0,5,6,1,6,-36.21573685097702,-35.78451577182242
2003-10-22 11:30:00,19,-22.0,-22.00028820384924,0.0836997436247285,-51.0,5,6,1,6,-22.215898743426543,-21.78467766427194
2003-10-22 12:30:00,19,-24.0,-24.00032605953821,0.0836997436247285,-61.0,5,6,1,6,-24.215936599115512,-23.78471551996091
2003-10-22 13:30:00,19,-24.0,-24.00022603407718,0.0836997436247285,-50.0,5,6,1,6,-24.21583657365448,-23.784615494499878
2003-10-22 14:30:00,19,-15.0,-15.000300334740905,0.0836997436247285,-51.0,5,6,1,6,-15.215910874318205,-14.784689795163604
2003-10-22 15:30:00,19,-20.0,-20.00023047751433,0.0836997436247285,-48.0,5,6,1,6,-20.21584101709163,-19.784619937937027
2003-10-22 16:30:00,19,-33.0,-33.00005820756714,0.0836997436247285,-36.0,5,6,1,6,-33.21566874714444,-32.784447667989845
2003-10-22 17:30:00,19,-33.0,-33.000000911720655,0.0836997436247285,-22.0,5,6,1,6,-33.21561145129795,-32.784390372143356
2003-10-22 18:30:00,19,-34.0,-33.999969733527564,0.0836997436247285,-24.0,5,6,1,6,-34.21558027310486,-33.784359193950266
2003-10-22 19:30:00,19,-32.0,-31.99996678757665,0.0836997436247285,-24.0,5,6,1,6,-32.21557732715395,-31.784356247999348
2003-10-22 20:30:00,19,-30.0,-29.999968076061485,0.0836997436247285,-15.0,5,6,1,6,-30.215578615638787,-29.784357536484183
2003-10-22 21:30:00,19,-28.0,-28.000002075937523,0.0836997436247285,-20.0,5,6,1,6,-28.215612615514825,-27.78439153636022
2003-10-22 22:30:00,19,-24.0,-24.000118253536847,0.0836997436247285,-33.0,5,6,1,6,-24.21572879311415,-23.784507713959545
2003-10-22 23:30:00,19,-24.0,-24.00003276747649,0.0836997436247285,-33.0,5,6,1,6,-24.215643307053792,-23.78442222789919
2003-10-23 00:30:00,19,-16.0,-16.000134630276968,0.0836997436247285,-34.0,5,6,1,6,-16.21574516985427,-15.784524090699668
2003-10-23 01:30:00,19,-13.0,-13.000188758015373,0.0836997436247285,-32.0,5,6,1,6,-13.215799297592673,-12.784578218438073
2003-10-23 02:30:00,19,-20.0,-20.00012342951468,0.0836997436247285,-30.0,5,6,1,6,-20.215733969091982,-19.78451288993738
2003-10-23 03:30:00,19,-18.0,-18.000127318331106,0.0836997436247285,-28.0,5,6,1,6,-18.215737857908408,-17.784516778753805
2003-10-23 04:30:00,19,-17.0,-17.00011835174314,0.0836997436247285,-24.0,5,6,1,6,-17.215728891320442,-16.784507812165838
2003-10-23 05:30:00,19,-18.0,-18.000094272548964,0.0836997436247285,-24.0,5,6,1,6,-18.215704812126265,-17.784483732971662
2003-10-23 06:30:00,19,-19.0,-19.000060697007505,0.0836997436247285,-16.0,5,6,1,6,-19.215671236584807,-18.784450157430204
2003-10-23 07:30:00,19,-21.0,-21.000013801340096,0.0836997436247285,-13.0,5,6,1,6,-21.215624340917397,-20.784403261762794
2003-10-23 08:30:00,19,-18.0,-18.00003543407027,0.0836997436247285,-20.0,5,6,1,6,-18.21564597364757,-17.784424894492968
2003-10-23 09:30:00,19,-19.0,-19.00002710652919,0.0836997436247285,-18.0,5,6,1,6,-19.21563764610649,-18.784416566951887
2003-10-23 10:30:00,19,-18.0,-18.00003559801064,0.0836997436247285,-17.0,5,6,1,6,-18.215646137587942,-17.78442505843334
2003-10-23 11:30:00,19,-17.0,-17.000041085066904,0.0836997436247285,-18.0,5,6,1,6,-17.215651624644206,-16.784430545489602
2003-10-23 12:30:00,19,-19.0,-19.00002183221036,0.0836997436247285,-19.0,5,6,1,6,-19.215632371787663,-18.78441129263306
2003-10-23 13:30:00,19,-15.0,-15.00005809000488,0.0836997436247285,-21.0,5,6,1,6,-15.21566862958218,-14.78444755042758
2003-10-23 14:30:00,19,-14.0,-14.000062392871785,0.0836997436247285,-18.0,5,6,1,6,-14.215672932449085,-13.784451853294485
2003-10-23 15:30:00,19,-14.0,-14.000055307851897,0.0836997436247285,-19.0,5,6,1,6,-14.215665847429197,-13.784444768274597
2003-10-23 16:30:00,19,-12.0,-12.00006746165894,0.0836997436247285,-18.0,5,6,1,6,-12.21567800123624,-11.78445692208164
2003-10-23 17:30:00,19,-11.0,-11.000066353213558,0.0836997436247285,-17.0,5,6,1,6,-11.215676892790858,-10.784455813636258
2003-10-23 18:30:00,19,-12.0,-12.00005665512267,0.0836997436247285,-19.0,5,6,1,6,-12.21566719469997,-11.78444611554537
2003-10-23 19:30:00,19,-11.0,-11.000059836211836,0.0836997436247285,-15.0,5,6,1,6,-11.215670375789136,-10.784449296634536
2003-10-23 20:30:00,19,-11.0,-11.000055182540052,0.0836997436247285,-14.0,5,6,1,6,-11.215665722117352,-10.784444642962752
2003-10-23 21:30:00,19,-9.0,-9.000067285069964,0.0836997436247285,-14.0,5,6,1,6,-9.215677824647264,-8.784456745492664
2003-10-23 22:30:00,19,-10.0,-10.000040686258403,0.0836997436247285,-12.0,5,6,1,6,-10.215651225835703,-9.784430146681103
2003-10-23 23:30:00,19,-10.0,-10.000023551683014,0.0836997436247285,-11.0,5,6,1,6,-10.215634091260315,-9.784413012105714
2003-10-24 00:30:00,19,-10.0,-10.000012540868024,0.0836997436247285,-12.0,5,6,1,6,-10.215623080445324,-9.784402001290724
2003-10-24 01:30:00,19,-8.0,-8.000024770395154,0.0836997436247285,-11.0,5,6,1,6,-8.215635309972454,-7.784414230817853
2003-10-24 02:30:00,19,-8.0,-8.000022768419463,0.0836997436247285,-11.0,5,6,1,6,-8.215633307996763,-7.784412228842162
2003-10-24 03:30:00,19,-7.0,-7.000024760533986,0.0836997436247285,-9.0,5,6,1,6,-7.215635300111287,-6.784414220956685
2003-10-24 04:30:00,19,-7.0,-7.000022850815771,0.0836997436247285,-10.0,5,6,1,6,-7.215633390393072,-6.78441231123847
2003-10-24 05:30:00,19,-9.0,-9.000004756384758,0.0836997436247285,-10.0,5,6,1,6,-9.215615295962058,-8.784394216807458
2003-10-24 06:30:00,19,-12.0,-11.999977253031895,0.0836997436247285,-10.0,5,6,1,6,-12.215587792609195,-11.784366713454595
2003-10-24 07:30:00,19,-13.0,-12.999965161042493,0.0836997436247285,-8.0,5,6,1,6,-13.215575700619793,-12.784354621465193
2003-10-24 08:30:00,19,-15.0,-14.999942179224483,0.0836997436247285,-8.0,5,6,1,6,-15.215552718801783,-14.784331639647183
2003-10-24 09:30:00,19,-15.0,-14.999949791616007,0.0836997436247285,-7.0,5,6,1,6,-15.215560331193307,-14.784339252038707
2003-10-24 10:30:00,19,-20.0,-19.99990731931705,0.0836997436247285,-7.0,5,6,1,6,-20.21551785889435,-19.784296779739748
2003-10-24 11:30:00,19,-24.0,-23.99988718415608,0.0836997436247285,-9.0,5,6,1,6,-24.21549772373338,-23.784276644578778
2003-10-24 12:30:00,19,-37.0,-36.999760606987344,0.0836997436247285,-12.0,5,6,1,6,-37.21537114656464,-36.784150067410046
2003-10-24 13:30:00,19,-43.0,-42.99970837697234,0.0836997436247285,-13.0,5,6,1,6,-43.21531891654964,-42.784097837395045
2003-10-24 14:30:00,19,-44.0,-43.999699561442746,0.0836997436247285,-15.0,5,6,1,6,-44.215310101020044,-43.78408902186545
2003-10-24 15:30:00,19,-30.0,-29.999956975406672,0.0836997436247285,-15.0,5,6,1,6,-30.215567514983974,-29.78434643582937
2003-10-24 16:30:00,19,-26.0,-26.00004061960127,0.0836997436247285,-20.0,5,6,1,6,-26.21565115917857,-25.784430080023967
2003-10-24 17:30:00,19,-9.0,-9.000297274159031,0.0836997436247285,-24.0,5,6,1,6,-9.215907813736331,-8.784686734581731
2003-10-24 18:30:00,19,5.0,4.99948220063812,0.0836997436247285,-37.0,5,6,1,6,4.783871661060819,5.215092740215421
2003-10-24 19:30:00,19,-26.0,-26.00023473430197,0.0836997436247285,-43.0,5,6,1,6,-26.21584527387927,-25.784624194724667
2003-10-24 20:30:00,19,-34.0,-34.00010631321535,0.0836997436247285,-44.0,5,6,1,6,-34.215716852792646,-33.78449577363805
2003-10-24 21:30:00,19,-22.0,-22.00014053351,0.0836997436247285,-30.0,5,6,1,6,-22.2157510730873,-21.784529993932697
2003-10-24 22:30:00,19,-18.0,-18.000118401473337,0.0836997436247285,-26.0,5,6,1,6,-18.21572894105064,-17.784507861896035
2003-10-24 23:30:00,19,-36.0,-36.00004167816546,0.0836997436247285,-9.0,5,6,1,6,-36.21565221774276,-35.78443113858816
2003-10-25 00:30:00,19,-29.0,-29.00011537396248,0.0836997436247285,5.0,5,6,1,6,-29.21572591353978,-28.784504834385178
2003-10-25 01:30:00,19,-19.0,-19.000115136535136,0.0836997436247285,-26.0,5,6,1,6,-19.215725676112438,-18.784504596957834
2003-10-25 02:30:00,19,0.0,-0.0002611017085349,0.0836997436247285,-34.0,5,6,1,6,-0.21587164128583552,0.2153494378687657
2003-10-25 03:30:00,19,-3.0,-3.0002645442599736,0.0836997436247285,-22.0,5,6,1,6,-3.215875083837274,-2.784654004682673
2003-10-25 04:30:00,19,-11.0,-11.000250663180667,0.0836997436247285,-18.0,5,6,1,6,-11.215861202757967,-10.784640123603367
2003-10-25 05:30:00,19,-10.0,-10.000258015942826,0.0836997436247285,-36.0,5,6,1,6,-10.215868555520126,-9.784647476365526
2003-10-25 06:30:00,19,-13.0,-13.000224502935003,0.0836997436247285,-29.0,5,6,1,6,-13.215835042512303,-12.784613963357703
2003-10-25 07:30:00,19,-19.0,-19.00014878861888,0.0836997436247285,-19.0,5,6,1,6,-19.21575932819618,-18.784538249041578
2003-10-25 08:30:00,19,-20.0,-20.000096632407296,0.0836997436247285,0.0,5,6,1,6,-20.215707171984597,-19.784486092829994
2003-10-25 09:30:00,19,-18.0,-18.000231145369632,0.0836997436247285,-3.0,5,6,1,6,-18.215841684946934,-17.78462060579233
2003-10-25 10:30:00,19,-21.0,-21.00007382307644,0.0836997436247285,-11.0,5,6,1,6,-21.215684362653743,-20.78446328349914
2003-10-25 11:30:00,19,-20.0,-20.000057145680167,0.0836997436247285,-10.0,5,6,1,6,-20.21566768525747,-19.784446606102865
2003-10-25 12:30:00,19,-26.0,-25.99995137556977,0.0836997436247285,-13.0,5,6,1,6,-26.21556191514707,-25.784340835992467
2003-10-25 13:30:00,19,-27.0,-26.99993189919441,0.0836997436247285,-19.0,5,6,1,6,-27.215542438771713,-26.78432135961711
2003-10-25 14:30:00,19,-41.0,-40.99981419902788,0.0836997436247285,-20.0,5,6,1,6,-41.21542473860518,-40.78420365945058
2003-10-25 15:30:00,19,-49.0,-48.99973008253199,0.0836997436247285,-18.0,5,6,1,6,-49.21534062210929,-48.78411954295469
2003-10-25 16:30:00,19,-43.0,-42.999802835005546,0.0836997436247285,-21.0,5,6,1,6,-43.215413374582845,-42.78419229542825
2003-10-25 17:30:00,19,-30.0,-29.99994312807628,0.0836997436247285,-20.0,5,6,1,6,-30.21555366765358,-29.784332588498977
2003-10-25 18:30:00,19,-33.0,-33.00001739088788,0.0836997436247285,-26.0,5,6,1,6,-33.21562793046518,-32.784406851310585
2003-10-25 19:30:00,19,-38.0,-38.00012789328664,0.0836997436247285,-27.0,5,6,1,6,-38.21573843286394,-37.78451735370934
2003-10-25 20:30:00,19,-41.0,-41.00018964283104,0.0836997436247285,-41.0,5,6,1,6,-41.21580018240834,-40.78457910325374
2003-10-25 21:30:00,19,-39.0,-39.000031382902776,0.0836997436247285,-49.0,5,6,1,6,-39.215641922480074,-38.78442084332548
2003-10-25 22:30:00,19,-33.0,-33.00006255913232,0.0836997436247285,-43.0,5,6,1,6,-33.215673098709615,-32.78445201955502
2003-10-25 23:30:00,19,-32.0,-32.000018165776446,0.0836997436247285,-30.0,5,6,1,6,-32.215628705353744,-31.784407626199144
2003-10-26 00:30:00,19,-31.0,-31.000003757810827,0.0836997436247285,-33.0,5,6,1,6,-31.21561429738813,-30.784393218233525
2003-10-26 01:30:00,19,-33.0,-32.99997978233743,0.0836997436247285,-38.0,5,6,1,6,-33.215590321914725,-32.78436924276013
2003-10-26 02:30:00,19,-32.0,-32.00000567391077,0.0836997436247285,-41.0,5,6,1,6,-32.21561621348807,-31.78439513433347
2003-10-26 03:30:00,19,-29.0,-29.000027957506333,0.0836997436247285,-39.0,5,6,1,6,-29.215638497083635,-28.78441741792903
2003-10-26 04:30:00,19,-27.0,-27.000036139537336,0.0836997436247285,-33.0,5,6,1,6,-27.215646679114638,-26.784425599960034
2003-10-26 05:30:00,19,-25.0,-25.00004082376858,0.0836997436247285,-32.0,5,6,1,6,-25.21565136334588,-24.784430284191277
2003-10-26 06:30:00,19,-24.0,-24.00006013379937,0.0836997436247285,-31.0,5,6,1,6,-24.21567067337667,-23.784449594222068
2003-10-26 07:30:00,19,-24.0,-24.00006640124821,0.0836997436247285,-33.0,5,6,1,6,-24.21567694082551,-23.784455861670907
2003-10-26 08:30:00,19,-19.0,-19.00006400394216,0.0836997436247285,-32.0,5,6,1,6,-19.215674543519462,-18.78445346436486
2003-10-26 09:30:00,19,-11.0,-11.000136960046994,0.0836997436247285,-29.0,5,6,1,6,-11.215747499624294,-10.784526420469694
2003-10-26 10:30:00,19,-4.0,-4.00018206257117,0.0836997436247285,-27.0,5,6,1,6,-4.215792602148471,-3.7845715229938697
2003-10-26 11:30:00,19,-4.0,-4.000173075104552,0.0836997436247285,-25.0,5,6,1,6,-4.215783614681853,-3.7845625355272516
2003-10-26 12:30:00,19,-4.0,-4.000167767621338,0.0836997436247285,-24.0,5,6,1,6,-4.215778307198639,-3.784557228044038
2003-10-26 13:30:00,19,-4.0,-4.000157237117001,0.0836997436247285,-24.0,5,6,1,6,-4.215767776694302,-3.784546697539701
2003-10-26 14:30:00,19,-6.0,-6.000120644430545,0.0836997436247285,-19.0,5,6,1,6,-6.215731184007846,-5.784510104853244
2003-10-26 15:30:00,19,-6.0,-6.000115745466733,0.0836997436247285,-11.0,5,6,1,6,-6.215726285044034,-5.784505205889432
2003-10-26 16:30:00,19,-5.0,-5.0001832136761095,0.0836997436247285,-4.0,5,6,1,6,-5.21579375325341,-4.784572674098809
2003-10-26 17:30:00,19,-5.0,-5.000145796945297,0.0836997436247285,-4.0,5,6,1,6,-5.215756336522598,-4.784535257367996
2003-10-26 18:30:00,19,-7.0,-7.000085474787994,0.0836997436247285,-4.0,5,6,1,6,-7.215696014365295,-6.784474935210693
2003-10-26 19:30:00,19,-8.0,-8.000044097069921,0.0836997436247285,-4.0,5,6,1,6,-8.215654636647221,-7.78443355749262
2003-10-26 20:30:00,19,-15.0,-14.999964187913086,0.0836997436247285,-6.0,5,6,1,6,-15.215574727490386,-14.784353648335786
2003-10-26 21:30:00,19,-18.0,-17.99993999622238,0.0836997436247285,-6.0,5,6,1,6,-18.215550535799682,-17.78432945664508
2003-10-26 22:30:00,19,-29.0,-28.99981433760444,0.0836997436247285,-5.0,5,6,1,6,-29.215424877181743,-28.78420379802714
2003-10-26 23:30:00,19,-33.0,-32.99977187726042,0.0836997436247285,-5.0,5,6,1,6,-33.21538241683772,-32.78416133768312
2003-10-27 00:30:00,19,-43.0,-42.99969019718843,0.0836997436247285,-7.0,5,6,1,6,-43.21530073676573,-42.78407965761113
2003-10-27 01:30:00,19,-49.0,-48.99969382329162,0.0836997436247285,-8.0,5,6,1,6,-49.21530436286892,-48.784083283714324
2003-10-27 02:30:00,19,-47.0,-46.99993168316382,0.0836997436247285,-15.0,5,6,1,6,-47.21554222274112,-46.784321143586524
2003-10-27 03:30:00,19,-49.0,-48.99995315831303,0.0836997436247285,-18.0,5,6,1,6,-49.21556369789033,-48.784342618735735
2003-10-27 04:30:00,19,-52.0,-51.99995623698767,0.0836997436247285,-29.0,5,6,1,6,-52.21556677656497,-51.78434569741037
2003-10-27 05:30:00,19,-52.0,-51.99991360349281,0.0836997436247285,-33.0,5,6,1,6,-52.215524143070105,-51.78430306391551
2003-10-27 06:30:00,19,-50.0,-49.99995865394444,0.0836997436247285,-43.0,5,6,1,6,-50.21556919352174,-49.78434811436714
2003-10-27 07:30:00,19,-46.0,-45.99999834986854,0.0836997436247285,-49.0,5,6,1,6,-46.21560888944584,-45.78438781029124
2003-10-27 08:30:00,19,-48.0,-47.999968398182745,0.0836997436247285,-47.0,5,6,1,6,-48.21557893776004,-47.784357858605446
2003-10-27 09:30:00,19,-51.0,-50.999971155681536,0.0836997436247285,-49.0,5,6,1,6,-51.215581695258834,-50.78436061610424
2003-10-27 10:30:00,19,-49.0,-49.000009958259184,0.0836997436247285,-52.0,5,6,1,6,-49.21562049783648,-48.784399418681886
2003-10-27 11:30:00,19,-41.0,-41.00009114662075,0.0836997436247285,-52.0,5,6,1,6,-41.215701686198045,-40.78448060704345
2003-10-27 12:30:00,19,-36.0,-36.00010524830037,0.0836997436247285,-50.0,5,6,1,6,-36.21571578787767,-35.784494708723074
2003-10-27 13:30:00,19,-35.0,-35.00008298132123,0.0836997436247285,-46.0,5,6,1,6,-35.215693520898526,-34.78447244174393
2003-10-27 14:30:00,19,-34.0,-34.00013158465879,0.0836997436247285,-48.0,5,6,1,6,-34.21574212423609,-33.78452104508149
2003-10-27 15:30:00,19,-34.0,-34.00008319151258,0.0836997436247285,-51.0,5,6,1,6,-34.21569373108988,-33.78447265193528
2003-10-27 16:30:00,19,-30.0,-30.000067728504693,0.0836997436247285,-49.0,5,6,1,6,-30.215678268081994,-29.78445718892739
2003-10-27 17:30:00,19,-30.0,-30.00005072563793,0.0836997436247285,-41.0,5,6,1,6,-30.215661265215232,-29.78444018606063
2003-10-27 18:30:00,19,-30.0,-30.00004184380092,0.0836997436247285,-36.0,5,6,1,6,-30.21565238337822,-29.784431304223617
2003-10-27 19:30:00,19,-27.0,-27.000052542504694,0.0836997436247285,-35.0,5,6,1,6,-27.215663082081996,-26.784442002927392
2003-10-27 20:30:00,19,-27.0,-27.00007778807302,0.0836997436247285,-34.0,5,6,1,6,-27.215688327650323,-26.78446724849572
2003-10-27 21:30:00,19,-27.0,-27.000077813465104,0.0836997436247285,-34.0,5,6,1,6,-27.215688353042406,-26.784467273887802
2003-10-27 22:30:00,19,-25.0,-25.00012123881609,0.0836997436247285,-30.0,5,6,1,6,-25.21573177839339,-24.784510699238787
2003-10-27 23:30:00,19,-24.0,-24.000105965307604,0.0836997436247285,-30.0,5,6,1,6,-24.215716504884906,-23.784495425730302
2003-10-28 00:30:00,19,-24.0,-24.000024492379,0.0836997436247285,-30.0,5,6,1,6,-24.215635031956303,-23.7844139528017
2003-10-28 01:30:00,19,-24.0,-24.000006602326067,0.0836997436247285,-27.0,5,6,1,6,-24.21561714190337,-23.784396062748765
2003-10-28 02:30:00,19,-14.0,-14.000108239055177,0.0836997436247285,-27.0,5,6,1,6,-14.215718778632477,-13.784497699477877
2003-10-28 03:30:00,19,-18.0,-18.000050135257908,0.0836997436247285,-27.0,5,6,1,6,-18.21566067483521,-17.784439595680606
2003-10-28 04:30:00,19,-4.0,-4.0001805680427225,0.0836997436247285,-25.0,5,6,1,6,-4.215791107620023,-3.784570028465422
2003-10-28 05:30:00,19,-1.0,-1.0002323029639015,0.0836997436247285,-24.0,5,6,1,6,-1.2158428425412022,-0.784621763386601
2003-10-28 06:30:00,19,-1.0,-1.0002269327073314,0.0836997436247285,-24.0,5,6,1,6,-1.2158374722846321,-0.7846163931300308
2003-10-28 07:30:00,19,-5.0,-5.00018685648514,0.0836997436247285,-24.0,5,6,1,6,-5.215797396062441,-4.784576316907839
2003-10-28 08:30:00,19,-14.0,-14.000118168535629,0.0836997436247285,-14.0,5,6,1,6,-14.215728708112929,-13.784507628958329
2003-10-28 09:30:00,19,-32.0,-31.99997820149505,0.0836997436247285,-18.0,5,6,1,6,-32.21558874107235,-31.78436766191775
2003-10-28 10:30:00,19,-32.0,-31.99990828505,0.0836997436247285,-4.0,5,6,1,6,-32.2155188246273,-31.7842977454727
2003-10-28 11:30:00,19,-24.0,-23.999981160556043,0.0836997436247285,-1.0,5,6,1,6,-24.215591700133345,-23.78437062097874
2003-10-28 12:30:00,19,-20.0,-20.000000253203886,0.0836997436247285,-1.0,5,6,1,6,-20.215610792781188,-19.784389713626584
2003-10-28 13:30:00,19,-16.0,-16.000153456593793,0.0836997436247285,-5.0,5,6,1,6,-16.215763996171095,-15.784542917016493
2003-10-28 14:30:00,19,-8.0,-8.000255587923974,0.0836997436247285,-14.0,5,6,1,6,-8.215866127501274,-7.784645048346673
2003-10-28 15:30:00,19,-4.0,-4.000215397532248,0.0836997436247285,-32.0,5,6,1,6,-4.215825937109549,-3.7846048579549474
2003-10-28 16:30:00,19,-4.0,-4.000275621621299,0.0836997436247285,-32.0,5,6,1,6,-4.2158861611986,-3.784665082043998
2003-10-28 17:30:00,19,-9.0,-9.000233500371472,0.0836997436247285,-24.0,5,6,1,6,-9.215844039948772,-8.784622960794172
2003-10-28 18:30:00,19,-16.0,-16.000177336836163,0.0836997436247285,-20.0,5,6,1,6,-16.215787876413465,-15.784566797258863
2003-10-28 19:30:00,19,-18.0,-18.000142508086448,0.0836997436247285,-16.0,5,6,1,6,-18.21575304766375,-17.784531968509146
2003-10-28 20:30:00,19,-19.0,-19.000022748447247,0.0836997436247285,-8.0,5,6,1,6,-19.21563328802455,-18.784412208869945
2003-10-28 21:30:00,19,-22.0,-21.99993211983676,0.0836997436247285,-4.0,5,6,1,6,-22.215542659414062,-21.78432158025946
2003-10-28 22:30:00,19,-14.0,-14.00001756241688,0.0836997436247285,-4.0,5,6,1,6,-14.21562810199418,-13.78440702283958
2003-10-28 23:30:00,19,-20.0,-19.999941229773064,0.0836997436247285,-9.0,5,6,1,6,-20.215551769350366,-19.784330690195763
2003-10-29 00:30:00,19,-34.0,-33.99981403542076,0.0836997436247285,-16.0,5,6,1,6,-34.21542457499806,-33.784203495843464
2003-10-29 01:30:00,19,-42.0,-41.99975604160321,0.0836997436247285,-18.0,5,6,1,6,-42.21536658118051,-41.784145502025915
2003-10-29 02:30:00,19,-32.0,-31.99985662851613,0.0836997436247285,-19.0,5,6,1,6,-32.21546716809343,-31.78424608893883
2003-10-29 03:30:00,19,-25.0,-24.99992795410773,0.0836997436247285,-22.0,5,6,1,6,-25.21553849368503,-24.784317414530427
2003-10-29 04:30:00,19,-28.0,-27.99989390617328,0.0836997436247285,-14.0,5,6,1,6,-28.215504445750582,-27.78428336659598
2003-10-29 05:30:00,19,-30.0,-29.99989443595389,0.0836997436247285,-20.0,5,6,1,6,-30.215504975531193,-29.78428389637659
2003-10-29 06:30:00,19,-10.0,-10.000151376421876,0.0836997436247285,-34.0,5,6,1,6,-10.215761915999176,-9.784540836844576
2003-10-29 07:30:00,19,-105.0,-104.99927547172436,0.0836997436247285,-42.0,5,6,1,6,-105.21488601130166,-104.78366493214706
2003-10-29 08:30:00,19,-130.0,-129.9990080832341,0.0836997436247285,-32.0,5,6,1,6,-130.2146186228114,-129.78339754365678
2003-10-29 09:30:00,19,-151.0,-150.9987852284059,0.0836997436247285,-25.0,5,6,1,6,-151.2143957679832,-150.78317468882858
2003-10-29 10:30:00,19,-151.0,-150.99880389311264,0.0836997436247285,-28.0,5,6,1,6,-151.21441443268995,-150.78319335353532
2003-10-29 11:30:00,19,-147.0,-146.9988463272829,0.0836997436247285,-30.0,5,6,1,6,-147.21445686686022,-146.7832357877056
2003-10-29 12:30:00,19,-111.0,-110.99918738442466,0.0836997436247285,-10.0,5,6,1,6,-111.21479792400196,-110.78357684484736
2003-10-29 13:30:00,19,-79.0,-78.99969837783732,0.0836997436247285,-105.0,5,6,1,6,-79.21530891741462,-78.78408783826002
2003-10-29 14:30:00,19,-99.0,-98.999728142451,0.0836997436247285,-130.0,5,6,1,6,-99.2153386820283,-98.7841176028737
2003-10-29 15:30:00,19,-107.0,-106.99983614028406,0.0836997436247285,-151.0,5,6,1,6,-107.21544667986136,-106.78422560070676
2003-10-29 16:30:00,19,-124.0,-124.00001608800412,0.0836997436247285,-151.0,5,6,1,6,-124.21562662758141,-123.78440554842682
2003-10-29 17:30:00,19,-126.0,-126.00122867602062,0.0836997436247285,-147.0,5,6,1,6,-126.21683921559791,-125.78561813644332
2003-10-29 18:30:00,19,-169.0,-169.0011063983979,0.0836997436247285,-111.0,5,6,1,6,-169.2167169379752,-168.78549585882058
2003-10-29 19:30:00,19,-213.0,-213.00060993724645,0.0836997436247285,-79.0,5,6,1,6,-213.21622047682376,-212.78499939766914
2003-10-29 20:30:00,19,-253.0,-253.00039215491287,0.0836997436247285,-99.0,5,6,1,6,-253.2160026944902,-252.78478161533556
2003-10-29 21:30:00,19,-268.0,-268.00031483548526,0.0836997436247285,-107.0,5,6,1,6,-268.21592537506257,-267.78470429590794
2003-10-29 22:30:00,19,-281.0,-281.0002398108949,0.0836997436247285,-124.0,5,6,1,6,-281.21585035047224,-280.7846292713176
2003-10-29 23:30:00,19,-350.0,-349.99949020352835,0.0836997436247285,-126.0,5,6,1,6,-350.21510074310567,-349.78387966395104
2003-10-30 00:30:00,19,-353.0,-352.99978040599854,0.0836997436247285,-169.0,5,6,1,6,-353.21539094557585,-352.7841698664212
2003-10-30 01:30:00,19,-341.0,-341.0001658147977,0.0836997436247285,-213.0,5,6,1,6,-341.215776354375,-340.7845552752204
2003-10-30 02:30:00,19,-335.0,-335.0001969901928,0.0836997436247285,-253.0,5,6,1,6,-335.21580752977013,-334.7845864506155
2003-10-30 03:30:00,19,-303.0,-303.000209225536,0.0836997436247285,-268.0,5,6,1,6,-303.21581976511334,-302.7845986859587
2003-10-30 04:30:00,19,-273.0,-272.99998111684937,0.0836997436247285,-281.0,5,6,1,6,-273.2155916564267,-272.78437057727206
2003-10-30 05:30:00,19,-244.0,-243.99992704245707,0.0836997436247285,-350.0,5,6,1,6,-244.2155375820344,-243.78431650287976
2003-10-30 06:30:00,19,-220.0,-219.9999347926665,0.0836997436247285,-353.0,5,6,1,6,-220.2155453322438,-219.78432425308918
2003-10-30 07:30:00,19,-203.0,-203.00000375352909,0.0836997436247285,-341.0,5,6,1,6,-203.2156142931064,-202.78439321395177
2003-10-30 08:30:00,19,-192.0,-192.0000763105405,0.0836997436247285,-335.0,5,6,1,6,-192.2156868501178,-191.78446577096318
2003-10-30 09:30:00,19,-178.0,-178.0000754913664,0.0836997436247285,-303.0,5,6,1,6,-178.21568603094371,-177.7844649517891
2003-10-30 10:30:00,19,-164.0,-164.00014067355468,0.0836997436247285,-273.0,5,6,1,6,-164.215751213132,-163.78453013397737
2003-10-30 11:30:00,19,-155.0,-155.00014771001065,0.0836997436247285,-244.0,5,6,1,6,-155.21575824958796,-154.78453717043334
2003-10-30 12:30:00,19,-156.0,-156.0000771124074,0.0836997436247285,-220.0,5,6,1,6,-156.21568765198472,-155.7844665728301
2003-10-30 13:30:00,19,-148.0,-148.0001129361253,0.0836997436247285,-203.0,5,6,1,6,-148.21572347570262,-147.784502396548
2003-10-30 14:30:00,19,-138.0,-138.00019376057477,0.0836997436247285,-192.0,5,6,1,6,-138.2158043001521,-137.78458322099746
2003-10-30 15:30:00,19,-129.0,-129.00027670202496,0.0836997436247285,-178.0,5,6,1,6,-129.21588724160227,-128.78466616244765
2003-10-30 16:30:00,19,-111.0,-111.00047797309912,0.0836997436247285,-164.0,5,6,1,6,-111.21608851267642,-110.78486743352182
2003-10-30 17:30:00,19,-97.0,-97.00082936206816,0.0836997436247285,-155.0,5,6,1,6,-97.21643990164546,-96.78521882249086
2003-10-30 18:30:00,19,-111.0,-111.00128886355182,0.0836997436247285,-156.0,5,6,1,6,-111.21689940312912,-110.78567832397452
2003-10-30 19:30:00,19,-142.0,-142.00136211278942,0.0836997436247285,-148.0,5,6,1,6,-142.21697265236674,-141.7857515732121
2003-10-30 20:30:00,19,-240.0,-240.0005797882185,0.0836997436247285,-138.0,5,6,1,6,-240.2161903277958,-239.78496924864118
2003-10-30 21:30:00,19,-316.0,-315.9998700079446,0.0836997436247285,-129.0,5,6,1,6,-316.2154805475219,-315.7842594683673
2003-10-30 22:30:00,19,-383.0,-382.9992441600608,0.0836997436247285,-111.0,5,6,1,6,-383.2148546996381,-382.7836336204835
2003-10-30 23:30:00,19,-371.0,-370.9993477996972,0.0836997436247285,-97.0,5,6,1,6,-371.2149583392745,-370.7837372601199
2003-10-31 00:30:00,19,-307.0,-307.0000396940383,0.0836997436247285,-111.0,5,6,1,6,-307.21565023361563,-306.784429154461
2003-10-31 01:30:00,19,-246.0,-246.0009749282301,0.0836997436247285,-142.0,5,6,1,6,-246.21658546780742,-245.7853643886528
2003-10-31 02:30:00,19,-244.0,-244.001196713225,0.0836997436247285,-240.0,5,6,1,6,-244.2168072528023,-243.7855861736477
2003-10-31 03:30:00,19,-241.0,-241.00118766707527,0.0836997436247285,-316.0,5,6,1,6,-241.21679820665258,-240.78557712749796
2003-10-31 04:30:00,19,-196.0,-196.00104772922933,0.0836997436247285,-383.0,5,6,1,6,-196.21665826880664,-195.78543718965201
2003-10-31 05:30:00,19,-131.0,-131.00106721405234,0.0836997436247285,-371.0,5,6,1,6,-131.21667775362965,-130.78545667447503
2003-10-31 06:30:00,19,-106.0,-106.00090714724377,0.0836997436247285,-307.0,5,6,1,6,-106.21651768682106,-105.78529660766647
2003-10-31 07:30:00,19,-113.0,-113.00022428494606,0.0836997436247285,-246.0,5,6,1,6,-113.21583482452336,-112.78461374536876
2003-10-31 08:30:00,19,-113.0,-113.00016470845732,0.0836997436247285,-244.0,5,6,1,6,-113.21577524803462,-112.78455416888002
2003-10-31 09:30:00,19,-109.0,-109.00020118706836,0.0836997436247285,-241.0,5,6,1,6,-109.21581172664565,-108.78459064749106
2003-10-31 10:30:00,19,-113.0,-113.00005537310412,0.0836997436247285,-196.0,5,6,1,6,-113.21566591268142,-112.78444483352682
2003-10-31 11:30:00,19,-55.0,-55.00043913709066,0.0836997436247285,-131.0,5,6,1,6,-55.21604967666796,-54.78482859751336
2003-10-31 12:30:00,19,-77.0,-77.00019678216417,0.0836997436247285,-106.0,5,6,1,6,-77.21580732174147,-76.78458624258687
2003-10-31 13:30:00,19,-80.0,-80.00011742509716,0.0836997436247285,-113.0,5,6,1,6,-80.21572796467446,-79.78450688551986
2003-10-31 14:30:00,19,-88.0,-88.00001808884092,0.0836997436247285,-113.0,5,6,1,6,-88.21562862841822,-87.78440754926362
2003-10-31 15:30:00,19,-80.0,-80.00009682886954,0.0836997436247285,-109.0,5,6,1,6,-80.21570736844684,-79.78448628929225
2003-10-31 16:30:00,19,-76.0,-76.00018339223422,0.0836997436247285,-113.0,5,6,1,6,-76.21579393181152,-75.78457285265692
2003-10-31 17:30:00,19,-68.0,-68.00007890643016,0.0836997436247285,-55.0,5,6,1,6,-68.21568944600746,-67.78446836685286
2003-10-31 18:30:00,19,-70.0,-70.00006880481939,0.0836997436247285,-77.0,5,6,1,6,-70.21567934439669,-69.7844582652421
2003-10-31 19:30:00,19,-66.0,-66.00008825627745,0.0836997436247285,-80.0,5,6,1,6,-66.21569879585475,-65.78447771670015
2003-10-31 20:30:00,19,-63.0,-63.00015267193203,0.0836997436247285,-88.0,5,6,1,6,-63.215763211509326,-62.78454213235473
2003-10-31 21:30:00,19,-52.0,-52.00023693510632,0.0836997436247285,-80.0,5,6,1,6,-52.21584747468362,-51.784626395529024
2003-10-31 22:30:00,19,-55.0,-55.00018920503918,0.0836997436247285,-76.0,5,6,1,6,-55.215799744616476,-54.78457866546188
2003-10-31 23:30:00,19,-66.0,-66.00003053602262,0.0836997436247285,-68.0,5,6,1,6,-66.21564107559992,-65.78441999644532
2003-11-01 00:30:00,19,-69.0,-68.99999059664523,0.0836997436247285,-70.0,5,6,1,6,-69.21560113622253,-68.78438005706793
2003-11-01 01:30:00,19,-69.0,-68.99996234527205,0.0836997436247285,-66.0,5,6,1,6,-69.21557288484935,-68.78435180569475
2003-11-01 02:30:00,19,-61.0,-61.00001920395509,0.0836997436247285,-63.0,5,6,1,6,-61.21562974353239,-60.78440866437779
2003-11-01 03:30:00,19,-62.0,-61.9999700600985,0.0836997436247285,-52.0,5,6,1,6,-62.215580599675796,-61.7843595205212
2003-11-01 04:30:00,19,-61.0,-60.99997621172476,0.0836997436247285,-55.0,5,6,1,6,-61.215586751302055,-60.78436567214746
2003-11-01 05:30:00,19,-62.0,-62.00001925673776,0.0836997436247285,-66.0,5,6,1,6,-62.215629796315056,-61.78440871716046
2003-11-01 06:30:00,19,-56.0,-56.00004813512622,0.0836997436247285,-69.0,5,6,1,6,-56.21565867470352,-55.78443759554892
2003-11-01 07:30:00,19,-48.0,-48.0001372803192,0.0836997436247285,-69.0,5,6,1,6,-48.2157478198965,-47.7845267407419
2003-11-01 08:30:00,19,-47.0,-47.00012511999773,0.0836997436247285,-61.0,5,6,1,6,-47.21573565957503,-46.784514580420435
2003-11-01 09:30:00,19,-44.0,-44.00013674604909,0.0836997436247285,-62.0,5,6,1,6,-44.215747285626385,-43.78452620647179
2003-11-01 10:30:00,19,-41.0,-41.00015163757273,0.0836997436247285,-61.0,5,6,1,6,-41.215762177150026,-40.78454109799543
2003-11-01 11:30:00,19,-38.0,-38.000173841871,0.0836997436247285,-62.0,5,6,1,6,-38.2157843814483,-37.784563302293705
2003-11-01 12:30:00,19,-43.0,-43.00009735991453,0.0836997436247285,-56.0,5,6,1,6,-43.215707899491825,-42.78448682033723
2003-11-01 13:30:00,19,-46.0,-46.00002156283677,0.0836997436247285,-48.0,5,6,1,6,-46.21563210241407,-45.78441102325947
2003-11-01 14:30:00,19,-46.0,-46.00000694470565,0.0836997436247285,-47.0,5,6,1,6,-46.21561748428295,-45.784396405128355
2003-11-01 15:30:00,19,-39.0,-39.00004640541859,0.0836997436247285,-44.0,5,6,1,6,-39.215656944995885,-38.78443586584129
2003-11-01 16:30:00,19,-35.0,-35.00006134224559,0.0836997436247285,-41.0,5,6,1,6,-35.215671881822885,-34.78445080266829
2003-11-01 17:30:00,19,-31.0,-31.00007358022334,0.0836997436247285,-38.0,5,6,1,6,-31.215684119800642,-30.784463040646038
2003-11-01 18:30:00,19,-28.0,-28.00011016038728,0.0836997436247285,-43.0,5,6,1,6,-28.21572069996458,-27.784499620809978
2003-11-01 19:30:00,19,-32.0,-32.00007957037047,0.0836997436247285,-46.0,5,6,1,6,-32.215690109947765,-31.784469030793165
2003-11-01 20:30:00,19,-36.0,-36.00004413066994,0.0836997436247285,-46.0,5,6,1,6,-36.21565467024724,-35.78443359109264
2003-11-01 21:30:00,19,-33.0,-33.00005286765748,0.0836997436247285,-39.0,5,6,1,6,-33.21566340723478,-32.78444232808018
2003-11-01 22:30:00,19,-31.0,-31.00005050166876,0.0836997436247285,-35.0,5,6,1,6,-31.21566104124606,-30.784439962091458
2003-11-01 23:30:00,19,-37.0,-36.99996936367718,0.0836997436247285,-31.0,5,6,1,6,-37.21557990325448,-36.78435882409988
2003-11-02 00:30:00,19,-41.0,-40.99993545258209,0.0836997436247285,-28.0,5,6,1,6,-41.21554599215939,-40.784324913004795
2003-11-02 01:30:00,19,-40.0,-39.99996897161693,0.0836997436247285,-32.0,5,6,1,6,-40.21557951119423,-39.78435843203963
2003-11-02 02:30:00,19,-31.0,-31.00006974366644,0.0836997436247285,-36.0,5,6,1,6,-31.215680283243742,-30.78445920408914
2003-11-02 03:30:00,19,-23.0,-23.00007599439253,0.0836997436247285,-33.0,5,6,1,6,-23.215686533969834,-22.78446545481523
2003-11-02 04:30:00,19,-27.0,-27.00004593596409,0.0836997436247285,-31.0,5,6,1,6,-27.21565647554139,-26.784435396386787
2003-11-02 05:30:00,19,-30.0,-30.000057022437584,0.0836997436247285,-37.0,5,6,1,6,-30.215667562014886,-29.784446482860282
2003-11-02 06:30:00,19,-26.0,-26.000079107357884,0.0836997436247285,-41.0,5,6,1,6,-26.215689646935186,-25.784468567780582
2003-11-02 07:30:00,19,-23.0,-23.000103151596274,0.0836997436247285,-40.0,5,6,1,6,-23.215713691173576,-22.784492612018973
2003-11-02 08:30:00,19,-23.0,-23.00008275869219,0.0836997436247285,-31.0,5,6,1,6,-23.215693298269493,-22.78447221911489
2003-11-02 09:30:00,19,-22.0,-22.000082889628885,0.0836997436247285,-23.0,5,6,1,6,-22.215693429206187,-21.784472350051583
2003-11-02 10:30:00,19,-27.0,-27.00007307413994,0.0836997436247285,-27.0,5,6,1,6,-27.215683613717243,-26.78446253456264
2003-11-02 11:30:00,19,-31.0,-30.9999846284134,0.0836997436247285,-30.0,5,6,1,6,-31.215595167990703,-30.7843740888361
2003-11-02 12:30:00,19,-25.0,-25.00001075093396,0.0836997436247285,-26.0,5,6,1,6,-25.21562129051126,-24.784400211356658
2003-11-02 13:30:00,19,-25.0,-24.99998008055696,0.0836997436247285,-23.0,5,6,1,6,-25.21559062013426,-24.784369540979657
2003-11-02 14:30:00,19,-28.0,-27.99994707614577,0.0836997436247285,-23.0,5,6,1,6,-28.21555761572307,-27.784336536568468
2003-11-02 15:30:00,19,-29.0,-28.999962141967888,0.0836997436247285,-22.0,5,6,1,6,-29.21557268154519,-28.784351602390586
2003-11-02 16:30:00,19,-28.0,-28.000001092353944,0.0836997436247285,-27.0,5,6,1,6,-28.215611631931246,-27.784390552776642
2003-11-02 17:30:00,19,-23.0,-23.00006578232886,0.0836997436247285,-31.0,5,6,1,6,-23.215676321906162,-22.78445524275156
2003-11-02 18:30:00,19,-23.0,-23.000025242985675,0.0836997436247285,-25.0,5,6,1,6,-23.215635782562977,-22.784414703408373
2003-11-02 19:30:00,19,-21.0,-21.000073469858183,0.0836997436247285,-25.0,5,6,1,6,-21.215684009435485,-20.78446293028088
2003-11-02 20:30:00,19,-23.0,-23.000077276671004,0.0836997436247285,-28.0,5,6,1,6,-23.215687816248305,-22.7844667370937
2003-11-02 21:30:00,19,-22.0,-22.00005804247509,0.0836997436247285,-29.0,5,6,1,6,-22.21566858205239,-21.784447502897788
2003-11-02 22:30:00,19,-26.0,-26.00001603112805,0.0836997436247285,-28.0,5,6,1,6,-26.215626570705354,-25.78440549155075
2003-11-02 23:30:00,19,-32.0,-31.99997659338984,0.0836997436247285,-23.0,5,6,1,6,-32.21558713296714,-31.784366053812537
2003-11-03 00:30:00,19,-36.0,-35.999954584295246,0.0836997436247285,-23.0,5,6,1,6,-36.215565123872544,-35.78434404471795
2003-11-03 01:30:00,19,-38.0,-37.99984769528992,0.0836997436247285,-21.0,5,6,1,6,-38.21545823486722,-37.784237155712624
2003-11-03 02:30:00,19,-32.0,-31.999913698515947,0.0836997436247285,-23.0,5,6,1,6,-32.215524238093245,-31.784303158938645
2003-11-03 03:30:00,19,-26.0,-25.999963997630697,0.0836997436247285,-22.0,5,6,1,6,-26.215574537208,-25.784353458053396
2003-11-03 04:30:00,19,-26.0,-25.99999667896881,0.0836997436247285,-26.0,5,6,1,6,-26.21560721854611,-25.784386139391508
2003-11-03 05:30:00,19,-28.0,-28.000024789312093,0.0836997436247285,-32.0,5,6,1,6,-28.215635328889395,-27.78441424973479
2003-11-03 06:30:00,19,-21.0,-21.000092956249564,0.0836997436247285,-36.0,5,6,1,6,-21.215703495826865,-20.78448241667226
2003-11-03 07:30:00,19,-18.0,-18.00011898821678,0.0836997436247285,-38.0,5,6,1,6,-18.215729527794082,-17.784508448639478
2003-11-03 08:30:00,19,-17.0,-17.00013067662107,0.0836997436247285,-32.0,5,6,1,6,-17.21574121619837,-16.784520137043767
2003-11-03 09:30:00,19,-14.0,-14.0001252775131,0.0836997436247285,-26.0,5,6,1,6,-14.2157358170904,-13.7845147379358
2003-11-03 10:30:00,19,-7.0,-7.000191661342175,0.0836997436247285,-26.0,5,6,1,6,-7.215802200919476,-6.784581121764874
2003-11-03 11:30:00,19,-5.0,-5.000142101794992,0.0836997436247285,-28.0,5,6,1,6,-5.215752641372293,-4.784531562217691
2003-11-03 12:30:00,19,-7.0,-7.000127381720574,0.0836997436247285,-21.0,5,6,1,6,-7.215737921297875,-6.784516842143273
2003-11-03 13:30:00,19,-9.0,-9.000090519219956,0.0836997436247285,-18.0,5,6,1,6,-9.215701058797256,-8.784479979642656
2003-11-03 14:30:00,19,-6.0,-6.000115781669397,0.0836997436247285,-17.0,5,6,1,6,-6.215726321246698,-5.784505242092096
2003-11-03 15:30:00,19,-4.0,-4.000127368895551,0.0836997436247285,-14.0,5,6,1,6,-4.215737908472852,-3.784516829318251
2003-11-03 16:30:00,19,-2.0,-2.000110013154057,0.0836997436247285,-7.0,5,6,1,6,-2.2157205527313573,-1.784499473576756
2003-11-03 17:30:00,19,-3.0,-3.0000819153623013,0.0836997436247285,-5.0,5,6,1,6,-3.2156924549396018,-2.784471375785001
2003-11-03 18:30:00,19,-2.0,-2.0000681689679034,0.0836997436247285,-7.0,5,6,1,6,-2.215678708545204,-1.7844576293906027
2003-11-03 19:30:00,19,-4.0,-4.000040331829734,0.0836997436247285,-9.0,5,6,1,6,-4.215650871407035,-3.7844297922524333
2003-11-03 20:30:00,19,-5.0,-5.000018494394041,0.0836997436247285,-6.0,5,6,1,6,-5.215629033971342,-4.78440795481674
2003-11-03 21:30:00,19,-6.0,-6.000024410533555,0.0836997436247285,-4.0,5,6,1,6,-6.215634950110856,-5.7844138709562545
2003-11-03 22:30:00,19,-6.0,-6.00002834637619,0.0836997436247285,-2.0,5,6,1,6,-6.215638885953491,-5.784417806798889
2003-11-03 23:30:00,19,-11.0,-11.00000558356984,0.0836997436247285,-3.0,5,6,1,6,-11.21561612314714,-10.78439504399254
2003-11-04 00:30:00,19,-20.0,-19.999904453985152,0.0836997436247285,-2.0,5,6,1,6,-20.215514993562454,-19.78429391440785
2003-11-04 01:30:00,19,-15.0,-14.999962915986751,0.0836997436247285,-4.0,5,6,1,6,-15.215573455564051,-14.784352376409451
2003-11-04 02:30:00,19,-12.0,-11.9999853512022,0.0836997436247285,-5.0,5,6,1,6,-12.2155958907795,-11.7843748116249
2003-11-04 03:30:00,19,-12.0,-11.999874427466818,0.0836997436247285,-6.0,5,6,1,6,-12.215484967044118,-11.784263887889518
2003-11-04 04:30:00,19,-14.0,-13.999985370267478,0.0836997436247285,-6.0,5,6,1,6,-14.215595909844778,-13.784374830690178
2003-11-04 05:30:00,19,-15.0,-14.99997283158455,0.0836997436247285,-11.0,5,6,1,6,-15.21558337116185,-14.78436229200725
2003-11-04 06:30:00,19,14.0,13.99972026727704,0.0836997436247285,-20.0,5,6,1,6,13.78410972769974,14.21533080685434
2003-11-04 07:30:00,19,10.0,9.999755630144378,0.0836997436247285,-15.0,5,6,1,6,9.784145090567078,10.215366169721678
2003-11-04 08:30:00,19,6.0,5.999802632307436,0.0836997436247285,-12.0,5,6,1,6,5.784192092730135,6.2154131718847365
2003-11-04 09:30:00,19,-15.0,-14.999994815020743,0.0836997436247285,-12.0,5,6,1,6,-15.215605354598043,-14.784384275443443
2003-11-04 10:30:00,19,-69.0,-68.99951061329777,0.0836997436247285,-14.0,5,6,1,6,-69.21512115287507,-68.78390007372047
2003-11-04 11:30:00,19,-63.0,-62.99953751933826,0.0836997436247285,-15.0,5,6,1,6,-63.21514805891556,-62.78392697976096
2003-11-04 12:30:00,19,-55.0,-54.99965723048325,0.0836997436247285,14.0,5,6,1,6,-55.21526777006055,-54.78404669090595
2003-11-04 13:30:00,19,-58.0,-57.99967262236646,0.0836997436247285,10.0,5,6,1,6,-58.21528316194376,-57.78406208278916
2003-11-04 14:30:00,19,-61.0,-60.9996571330428,0.0836997436247285,6.0,5,6,1,6,-61.2152676726201,-60.784046593465504
2003-11-04 15:30:00,19,-59.0,-59.00045171239016,0.0836997436247285,-15.0,5,6,1,6,-59.21606225196746,-58.78484117281286
2003-11-04 16:30:00,19,-55.0,-55.00011507587463,0.0836997436247285,-69.0,5,6,1,6,-55.21572561545193,-54.784504536297334
2003-11-04 17:30:00,19,-50.0,-50.00018684875408,0.0836997436247285,-63.0,5,6,1,6,-50.21579738833138,-49.784576309176785
2003-11-04 18:30:00,19,-45.0,-45.00019249366813,0.0836997436247285,-55.0,5,6,1,6,-45.21580303324543,-44.78458195409083
2003-11-04 19:30:00,19,-41.0,-41.00018634258576,0.0836997436247285,-58.0,5,6,1,6,-41.215796882163055,-40.78457580300846
2003-11-04 20:30:00,19,-39.0,-39.00017279006544,0.0836997436247285,-61.0,5,6,1,6,-39.21578332964274,-38.78456225048814
2003-11-04 21:30:00,19,-36.0,-36.000209525683914,0.0836997436247285,-59.0,5,6,1,6,-36.21582006526121,-35.784598986106616
2003-11-04 22:30:00,19,-39.0,-39.00016006260487,0.0836997436247285,-55.0,5,6,1,6,-39.21577060218217,-38.78454952302757
2003-11-04 23:30:00,19,-42.0,-42.00008893829644,0.0836997436247285,-50.0,5,6,1,6,-42.21569947787374,-41.784478398719145
2003-11-05 00:30:00,19,-41.0,-41.00005857954498,0.0836997436247285,-45.0,5,6,1,6,-41.215669119122275,-40.78444803996768
2003-11-05 01:30:00,19,-36.0,-36.000067546514366,0.0836997436247285,-41.0,5,6,1,6,-36.215678086091664,-35.78445700693707
2003-11-05 02:30:00,19,-31.0,-31.0000855285263,0.0836997436247285,-39.0,5,6,1,6,-31.2156960681036,-30.784474988948997
2003-11-05 03:30:00,19,-31.0,-31.000052144749425,0.0836997436247285,-36.0,5,6,1,6,-31.215662684326727,-30.784441605172123
2003-11-05 04:30:00,19,-31.0,-31.00006585393464,0.0836997436247285,-39.0,5,6,1,6,-31.21567639351194,-30.784455314357338
2003-11-05 05:30:00,19,-30.0,-30.000061092050352,0.0836997436247285,-42.0,5,6,1,6,-30.215671631627654,-29.78445055247305
2003-11-05 06:30:00,19,-27.0,-27.000090002550788,0.0836997436247285,-41.0,5,6,1,6,-27.21570054212809,-26.784479462973486
2003-11-05 07:30:00,19,-24.0,-24.0001044939442,0.0836997436247285,-36.0,5,6,1,6,-24.2157150335215,-23.784493954366898
2003-11-05 08:30:00,19,-25.0,-25.000077591329745,0.0836997436247285,-31.0,5,6,1,6,-25.215688130907047,-24.784467051752443
2003-11-05 09:30:00,19,-28.0,-28.00003692872525,0.0836997436247285,-31.0,5,6,1,6,-28.215647468302553,-27.78442638914795
2003-11-05 10:30:00,19,-29.0,-29.000016649107582,0.0836997436247285,-31.0,5,6,1,6,-29.215627188684884,-28.78440610953028
2003-11-05 11:30:00,19,-28.0,-28.00001547915005,0.0836997436247285,-30.0,5,6,1,6,-28.215626018727352,-27.78440493957275
2003-11-05 12:30:00,19,-27.0,-27.000019945838392,0.0836997436247285,-27.0,5,6,1,6,-27.215630485415694,-26.78440940626109
2003-11-05 13:30:00,19,-25.0,-25.00001661270993,0.0836997436247285,-24.0,5,6,1,6,-25.215627152287233,-24.78440607313263
2003-11-05 14:30:00,19,-22.0,-22.00003675207281,0.0836997436247285,-25.0,5,6,1,6,-22.21564729165011,-21.784426212495507
2003-11-05 15:30:00,19,-19.0,-19.000064872469736,0.0836997436247285,-28.0,5,6,1,6,-19.215675412047037,-18.784454332892434
2003-11-05 16:30:00,19,-17.0,-17.000087470512142,0.0836997436247285,-29.0,5,6,1,6,-17.215698010089444,-16.78447693093484
2003-11-05 17:30:00,19,-16.0,-16.000093280229315,0.0836997436247285,-28.0,5,6,1,6,-16.215703819806617,-15.784482740652015
2003-11-05 18:30:00,19,-17.0,-17.000087404239245,0.0836997436247285,-27.0,5,6,1,6,-17.215697943816547,-16.784476864661944
2003-11-05 19:30:00,19,-12.0,-12.000128669006315,0.0836997436247285,-25.0,5,6,1,6,-12.215739208583615,-11.784518129429015
2003-11-05 20:30:00,19,-17.0,-17.000072270839677,0.0836997436247285,-22.0,5,6,1,6,-17.21568281041698,-16.784461731262375
2003-11-05 21:30:00,19,-18.0,-18.000040921602732,0.0836997436247285,-19.0,5,6,1,6,-18.215651461180034,-17.78443038202543
2003-11-05 22:30:00,19,-17.0,-17.000051313706287,0.0836997436247285,-17.0,5,6,1,6,-17.21566185328359,-16.784440774128985
2003-11-05 23:30:00,19,-22.0,-21.999996132032805,0.0836997436247285,-16.0,5,6,1,6,-22.215606671610107,-21.784385592455504
2003-11-06 00:30:00,19,-24.0,-23.99995082986177,0.0836997436247285,-17.0,5,6,1,6,-24.215561369439072,-23.78434029028447
2003-11-06 01:30:00,19,-24.0,-23.99993983130025,0.0836997436247285,-12.0,5,6,1,6,-24.21555037087755,-23.784329291722948
2003-11-06 02:30:00,19,-21.0,-20.99999484830907,0.0836997436247285,-17.0,5,6,1,6,-21.21560538788637,-20.784384308731767
2003-11-06 03:30:00,19,-21.0,-21.000026476387944,0.0836997436247285,-18.0,5,6,1,6,-21.215637015965246,-20.784415936810642
2003-11-06 04:30:00,19,-25.0,-24.99996038889204,0.0836997436247285,-17.0,5,6,1,6,-25.21557092846934,-24.784349849314737
2003-11-06 05:30:00,19,-25.0,-24.99998053115353,0.0836997436247285,-22.0,5,6,1,6,-25.21559107073083,-24.784369991576227
2003-11-06 06:30:00,19,-20.0,-20.00002093313924,0.0836997436247285,-24.0,5,6,1,6,-20.21563147271654,-19.784410393561938
2003-11-06 07:30:00,19,-17.0,-17.00005010290129,0.0836997436247285,-24.0,5,6,1,6,-17.215660642478593,-16.78443956332399
2003-11-06 08:30:00,19,-16.0,-16.000043673262645,0.0836997436247285,-21.0,5,6,1,6,-16.215654212839947,-15.784433133685345
2003-11-06 09:30:00,19,-14.0,-14.000069155248802,0.0836997436247285,-21.0,5,6,1,6,-14.215679694826102,-13.784458615671502
2003-11-06 10:30:00,19,-15.0,-15.000088787502524,0.0836997436247285,-25.0,5,6,1,6,-15.215699327079824,-14.784478247925223
2003-11-06 11:30:00,19,-13.0,-13.000082577868708,0.0836997436247285,-25.0,5,6,1,6,-13.215693117446008,-12.784472038291408
2003-11-06 12:30:00,19,-12.0,-12.000087499039893,0.0836997436247285,-20.0,5,6,1,6,-12.215698038617193,-11.784476959462593
2003-11-06 13:30:00,19,-11.0,-11.000083163781664,0.0836997436247285,-17.0,5,6,1,6,-11.215693703358964,-10.784472624204364
2003-11-06 14:30:00,19,-7.0,-7.0001044373869625,0.0836997436247285,-16.0,5,6,1,6,-7.2157149769642634,-6.784493897809662
2003-11-06 15:30:00,19,-5.0,-5.000115109878738,0.0836997436247285,-14.0,5,6,1,6,-5.215725649456039,-4.784504570301437
2003-11-06 16:30:00,19,-10.0,-10.000048486838793,0.0836997436247285,-15.0,5,6,1,6,-10.215659026416093,-9.784437947261493
2003-11-06 17:30:00,19,-10.0,-10.00007411744354,0.0836997436247285,-13.0,5,6,1,6,-10.21568465702084,-9.78446357786624
2003-11-06 18:30:00,19,-9.0,-9.000059681100577,0.0836997436247285,-12.0,5,6,1,6,-9.215670220677877,-8.784449141523277
2003-11-06 19:30:00,19,-1.0,-1.0001435379134025,0.0836997436247285,-11.0,5,6,1,6,-1.2157540774907032,-0.7845329983361019
2003-11-06 20:30:00,19,5.0,4.999820328100924,0.0836997436247285,-7.0,5,6,1,6,4.784209788523623,5.215430867678225
2003-11-06 21:30:00,19,-9.0,-9.00005313998085,0.0836997436247285,-5.0,5,6,1,6,-9.21566367955815,-8.78444260040355
2003-11-06 22:30:00,19,-21.0,-20.99990795472932,0.0836997436247285,-10.0,5,6,1,6,-21.21551849430662,-20.784297415152018
2003-11-06 23:30:00,19,-18.0,-17.999939171907883,0.0836997436247285,-10.0,5,6,1,6,-18.215549711485185,-17.78432863233058
2003-11-07 00:30:00,19,-16.0,-15.999948953343663,0.0836997436247285,-9.0,5,6,1,6,-16.215559492920963,-15.784338413766363
2003-11-07 01:30:00,19,-20.0,-19.9999620034503,0.0836997436247285,-1.0,5,6,1,6,-20.2155725430276,-19.784351463872998
2003-11-07 02:30:00,19,-15.0,-15.00012725239515,0.0836997436247285,5.0,5,6,1,6,-15.21573779197245,-14.78451671281785
2003-11-07 03:30:00,19,-10.0,-10.000112407971791,0.0836997436247285,-9.0,5,6,1,6,-10.215722947549091,-9.784501868394491
2003-11-07 04:30:00,19,-14.0,-14.000313656330617,0.0836997436247285,-21.0,5,6,1,6,-14.215924195907917,-13.784703116753317
2003-11-07 05:30:00,19,-15.0,-15.00009107723436,0.0836997436247285,-18.0,5,6,1,6,-15.21570161681166,-14.78448053765706
2003-11-07 06:30:00,19,-14.0,-14.00004603473911,0.0836997436247285,-16.0,5,6,1,6,-14.21565657431641,-13.78443549516181
2003-11-07 07:30:00,19,-12.0,-12.000060615240724,0.0836997436247285,-20.0,5,6,1,6,-12.215671154818024,-11.784450075663424
2003-11-07 08:30:00,19,-11.0,-11.000072683839624,0.0836997436247285,-15.0,5,6,1,6,-11.215683223416924,-10.784462144262324
2003-11-07 09:30:00,19,-15.0,-15.000020116128317,0.0836997436247285,-10.0,5,6,1,6,-15.215630655705617,-14.784409576551017
2003-11-07 10:30:00,19,-13.0,-13.00005666977799,0.0836997436247285,-14.0,5,6,1,6,-13.21566720935529,-12.78444613020069
2003-11-07 11:30:00,19,-11.0,-11.00005603375017,0.0836997436247285,-15.0,5,6,1,6,-11.21566657332747,-10.78444549417287
2003-11-07 12:30:00,19,-8.0,-8.00009252813605,0.0836997436247285,-14.0,5,6,1,6,-8.215703067713351,-7.78448198855875
2003-11-07 13:30:00,19,-8.0,-8.000080778362445,0.0836997436247285,-12.0,5,6,1,6,-8.215691317939745,-7.784470238785144
2003-11-07 14:30:00,19,-7.0,-7.000087829758517,0.0836997436247285,-11.0,5,6,1,6,-7.215698369335818,-6.784477290181216
2003-11-07 15:30:00,19,-7.0,-7.000083555098897,0.0836997436247285,-15.0,5,6,1,6,-7.215694094676198,-6.784473015521596
2003-11-07 16:30:00,19,-6.0,-6.000092453394888,0.0836997436247285,-13.0,5,6,1,6,-6.215702992972189,-5.784481913817587
2003-11-07 17:30:00,19,-4.0,-4.000090979444828,0.0836997436247285,-11.0,5,6,1,6,-4.2157015190221285,-3.784480439867527
2003-11-07 18:30:00,19,-3.0,-3.000096056132972,0.0836997436247285,-8.0,5,6,1,6,-3.2157065957102726,-2.7844855165556717
2003-11-07 19:30:00,19,-4.0,-4.000080613572578,0.0836997436247285,-8.0,5,6,1,6,-4.215691153149879,-3.7844700739952777
2003-11-07 20:30:00,19,-4.0,-4.000083893252157,0.0836997436247285,-7.0,5,6,1,6,-4.215694432829458,-3.7844733536748563
2003-11-07 21:30:00,19,-3.0,-3.0001155262232686,0.0836997436247285,-7.0,5,6,1,6,-3.215726065800569,-2.784504986645968
2003-11-07 22:30:00,19,-1.0,-1.0000942413209124,0.0836997436247285,-6.0,5,6,1,6,-1.215704780898213,-0.7844837017436118
2003-11-07 23:30:00,19,-3.0,-3.0000701788765625,0.0836997436247285,-4.0,5,6,1,6,-3.215680718453863,-2.784459639299262
2003-11-08 00:30:00,19,-5.0,-5.0000441137965055,0.0836997436247285,-3.0,5,6,1,6,-5.215654653373806,-4.784433574219205
2003-11-08 01:30:00,19,-3.0,-3.00003649186446,0.0836997436247285,-4.0,5,6,1,6,-3.2156470314417605,-2.7844259522871595
2003-11-08 02:30:00,19,3.0,2.999912258742498,0.0836997436247285,-4.0,5,6,1,6,2.7843017191651973,3.2155227983197983
2003-11-08 03:30:00,19,5.0,4.9998946045059895,0.0836997436247285,-3.0,5,6,1,6,4.784284064928689,5.2155051440832905
2003-11-08 04:30:00,19,4.0,3.999918284717616,0.0836997436247285,-1.0,5,6,1,6,3.7843077451403153,4.215528824294917
2003-11-08 05:30:00,19,3.0,2.9999057139257346,0.0836997436247285,-3.0,5,6,1,6,2.784295174348434,3.215516253503035
2003-11-08 06:30:00,19,3.0,2.9999201974419307,0.0836997436247285,-5.0,5,6,1,6,2.7843096578646302,3.215530737019231
2003-11-08 07:30:00,19,4.0,3.9999068147942936,0.0836997436247285,-3.0,5,6,1,6,3.784296275216993,4.2155173543715945
2003-11-08 08:30:00,19,5.0,4.999896484374574,0.0836997436247285,3.0,5,6,1,6,4.784285944797273,5.215507023951875
2003-11-08 09:30:00,19,5.0,4.999909940459915,0.0836997436247285,5.0,5,6,1,6,4.784299400882614,5.215520480037216
2003-11-08 10:30:00,19,6.0,5.999914650482474,0.0836997436247285,4.0,5,6,1,6,5.784304110905173,6.2155251900597746
2003-11-08 11:30:00,19,5.0,4.9999138327007415,0.0836997436247285,3.0,5,6,1,6,4.784303293123441,5.215524372278042
2003-11-08 12:30:00,19,11.0,10.99987577442178,0.0836997436247285,3.0,5,6,1,6,10.78426523484448,11.21548631399908
2003-11-08 13:30:00,19,15.0,14.99982682113108,0.0836997436247285,4.0,5,6,1,6,14.78421628155378,15.21543736070838
2003-11-08 14:30:00,19,21.0,20.999781619341256,0.0836997436247285,5.0,5,6,1,6,20.784171079763954,21.215392158918558
2003-11-08 15:30:00,19,12.0,11.999872691816144,0.0836997436247285,5.0,5,6,1,6,11.784262152238844,12.215483231393444
2003-11-08 16:30:00,19,7.0,6.9998793951543234,0.0836997436247285,6.0,5,6,1,6,6.7842688555770225,7.215489934731624
2003-11-08 17:30:00,19,4.0,3.99995204229112,0.0836997436247285,5.0,5,6,1,6,3.7843415027138194,4.21556258186842
2003-11-08 18:30:00,19,5.0,4.999936643662544,0.0836997436247285,11.0,5,6,1,6,4.784326104085243,5.215547183239845
2003-11-08 19:30:00,19,-5.0,-4.999961443849841,0.0836997436247285,15.0,5,6,1,6,-5.215571983427142,-4.78435090427254
2003-11-08 20:30:00,19,-5.0,-5.0001046952282415,0.0836997436247285,21.0,5,6,1,6,-5.215715234805542,-4.784494155650941
2003-11-08 21:30:00,19,2.0,1.9999793307004623,0.0836997436247285,12.0,5,6,1,6,1.7843687911231616,2.2155898702777628
2003-11-08 22:30:00,19,1.0,0.9999745352111375,0.0836997436247285,7.0,5,6,1,6,0.784363995633837,1.2155850747884382
2003-11-08 23:30:00,19,2.0,1.999966037804868,0.0836997436247285,4.0,5,6,1,6,1.7843554982275673,2.2155765773821687
2003-11-09 00:30:00,19,2.0,1.999886895250775,0.0836997436247285,5.0,5,6,1,6,1.7842763556734742,2.2154974348280754
2004-10-29 17:30:00,23,-7.0,-4.902753169909303,19.072299956521256,-5.0,5,6,1,6,-54.03299785790806,44.22749151808945
2004-10-29 18:30:00,23,-9.0,-0.3763612142412178,19.072299956521256,-5.0,5,6,1,6,-49.50660590223997,48.75388347375754
2004-10-29 19:30:00,23,-16.0,2.916501402077138,19.072299956521256,2.0,5,6,1,6,-46.213743285921616,52.04674609007589
2004-10-29 20:30:00,23,-18.0,4.028416521267744,19.072299956521256,1.0,5,6,1,6,-45.10182816673101,53.1586612092665
2004-10-29 21:30:00,23,-14.0,-3.4653207043861087,19.072299956521256,2.0,5,6,1,6,-52.59556539238486,45.664923983612645
2004-10-29 22:30:00,23,-10.0,-12.492474970416428,19.072299956521256,2.0,5,6,1,6,-61.62271965841518,36.63776971758233
2004-10-29 23:30:00,23,-5.0,-11.47272955358753,19.072299956521256,-7.0,5,6,1,6,-60.60297424158628,37.65751513441123
2004-10-30 00:30:00,23,-11.0,-14.663952307220722,19.072299956521256,-9.0,5,6,1,6,-63.79419699521948,34.46629238077803
2004-10-30 01:30:00,23,-17.0,-14.793294144161417,19.072299956521256,-16.0,5,6,1,6,-63.92353883216017,34.33695054383734
2004-10-30 02:30:00,23,-21.0,-11.508971906081284,19.072299956521256,-18.0,5,6,1,6,-60.63921659408004,37.62127278191747
2004-10-30 03:30:00,23,-22.0,-12.688786649267026,19.072299956521256,-14.0,5,6,1,6,-61.819031337265784,36.441458038731724
2004-10-30 04:30:00,23,-23.0,-11.006127882148643,19.072299956521256,-10.0,5,6,1,6,-60.1363725701474,38.12411680585011
2004-10-30 05:30:00,23,-22.0,-23.18262960178833,19.072299956521256,-5.0,5,6,1,6,-72.31287428978709,25.947615086210423
2004-10-30 06:30:00,23,-25.0,-30.00348411746598,19.072299956521256,-11.0,5,6,1,6,-79.13372880546473,19.126760570532774
2004-10-30 07:30:00,23,-28.0,-32.32083198957431,19.072299956521256,-17.0,5,6,1,6,-81.45107667757307,16.809412698424445
2004-10-30 08:30:00,23,-33.0,-33.51945301159605,19.072299956521256,-21.0,5,6,1,6,-82.64969769959481,15.610791676402705
2004-10-30 09:30:00,23,-33.0,-22.502075923653024,19.072299956521256,-22.0,5,6,1,6,-71.63232061165178,26.62816876434573
2004-10-30 10:30:00,23,-24.0,-22.392136106930163,19.072299956521256,-23.0,5,6,1,6,-71.52238079492892,26.73810858106859
2004-10-30 11:30:00,23,-15.0,-19.515515866455143,19.072299956521256,-22.0,5,6,1,6,-68.6457605544539,29.61472882154361
2004-10-30 12:30:00,23,-16.0,-26.36314071261128,19.072299956521256,-25.0,5,6,1,6,-75.49338540061004,22.767103975387474
2004-10-30 13:30:00,23,-14.0,-26.773685779578823,19.072299956521256,-28.0,5,6,1,6,-75.90393046757758,22.35655890841993
2004-10-30 14:30:00,23,-9.0,-31.44545591955401,19.072299956521256,-33.0,5,6,1,6,-80.57570060755276,17.684788768444744
2004-10-30 15:30:00,23,-9.0,-31.73211157949356,19.072299956521256,-33.0,5,6,1,6,-80.86235626749232,17.398133108505196
2004-10-30 16:30:00,23,-12.0,-24.589962233994093,19.072299956521256,-24.0,5,6,1,6,-73.72020692199285,24.54028245400466
2004-10-30 17:30:00,23,-5.0,-22.23239443833333,19.072299956521256,-15.0,5,6,1,6,-71.36263912633208,26.897850249665424
2004-10-30 18:30:00,23,-3.0,-21.477496491040057,19.072299956521256,-16.0,5,6,1,6,-70.60774117903881,27.652748196958697
2004-10-30 19:30:00,23,-4.0,-18.603535810305395,19.072299956521256,-14.0,5,6,1,6,-67.73378049830416,30.52670887769336
2004-10-30 20:30:00,23,-15.0,-14.28751183862763,19.072299956521256,-9.0,5,6,1,6,-63.417756526626384,34.842732849371124
2004-10-30 21:30:00,23,-24.0,-19.01809096144945,19.072299956521256,-9.0,5,6,1,6,-68.1483356494482,30.112153726549305
2004-10-30 22:30:00,23,-23.0,-13.526028821417244,19.072299956521256,-12.0,5,6,1,6,-62.656273509415996,35.60421586658151
2004-10-30 23:30:00,23,-17.0,-10.185823914072795,19.072299956521256,-5.0,5,6,1,6,-59.31606860207155,38.944420773925955
2004-10-31 00:30:00,23,-9.0,-8.959596661946183,19.072299956521256,-3.0,5,6,1,6,-58.08984134994493,40.170648026052575
2004-10-31 01:30:00,23,-7.0,-11.285313570156468,19.072299956521256,-4.0,5,6,1,6,-60.41555825815522,37.844931117842286
2004-10-31 02:30:00,23,-15.0,-27.917441679892896,19.072299956521256,-15.0,5,6,1,6,-77.04768636789166,21.21280300810586
2004-10-31 03:30:00,23,-14.0,-22.947112820893224,19.072299956521256,-24.0,5,6,1,6,-72.07735750889198,26.18313186710553
2004-10-31 04:30:00,23,-9.0,-22.58840097752933,19.072299956521256,-23.0,5,6,1,6,-71.71864566552809,26.541843710469426
2004-10-31 05:30:00,23,-4.0,-19.323758417703928,19.072299956521256,-17.0,5,6,1,6,-68.45400310570268,29.806486270294826
2004-10-31 06:30:00,23,-4.0,-15.989241776732143,19.072299956521256,-9.0,5,6,1,6,-65.1194864647309,33.14100291126661
2004-10-31 07:30:00,23,-6.0,-14.378819843633464,19.072299956521256,-7.0,5,6,1,6,-63.50906453163222,34.75142484436529
2004-10-31 08:30:00,23,-4.0,-18.931344633310268,19.072299956521256,-15.0,5,6,1,6,-68.06158932130901,30.198900054688487
2004-10-31 09:30:00,23,-4.0,-13.429061273283937,19.072299956521256,-14.0,5,6,1,6,-62.55930596128269,35.70118341471482
2004-10-31 10:30:00,23,-13.0,-11.851604051254997,19.072299956521256,-9.0,5,6,1,6,-60.98184873925375,37.27864063674376
2004-10-31 11:30:00,23,-16.0,-9.786147403940175,19.072299956521256,-4.0,5,6,1,6,-58.91639209193893,39.34409728405858
2004-10-31 12:30:00,23,-18.0,-8.920445814920381,19.072299956521256,-4.0,5,6,1,6,-58.05069050291914,40.20979887307837
2004-10-31 13:30:00,23,-20.0,-9.136482916453236,19.072299956521256,-6.0,5,6,1,6,-58.26672760445199,39.99376177154552
2004-10-31 14:30:00,23,-18.0,-5.724225216623115,19.072299956521256,-4.0,5,6,1,6,-54.854469904621865,43.40601947137564
2004-10-31 15:30:00,23,-16.0,-15.747329286573436,19.072299956521256,-4.0,5,6,1,6,-64.87757397457219,33.38291540142532
2004-10-31 16:30:00,23,-14.0,-14.354266788110518,19.072299956521256,-13.0,5,6,1,6,-63.484511476109276,34.77597789988823
2004-10-31 17:30:00,23,-14.0,-22.092029258180816,19.072299956521256,-16.0,5,6,1,6,-71.22227394617957,27.03821542981794
2004-10-31 18:30:00,23,-12.0,-28.33130667528433,19.072299956521256,-18.0,5,6,1,6,-77.46155136328309,20.798938012714423
2004-10-31 19:30:00,23,-14.0,-20.78802052188781,19.072299956521256,-20.0,5,6,1,6,-69.91826520988656,28.342224166110945
2004-10-31 20:30:00,23,-13.0,-18.53478087189776,19.072299956521256,-18.0,5,6,1,6,-67.66502555989652,30.595463816100995
2004-10-31 21:30:00,23,-16.0,-16.000018152620328,0.0836997436247285,-16.0,5,6,1,6,-16.21562869219763,-15.784407613043028
2004-10-31 22:30:00,23,-16.0,-16.000018889787427,0.0836997436247285,-14.0,5,6,1,6,-16.21562942936473,-15.784408350210127
2004-10-31 23:30:00,23,-19.0,-18.999960115428937,0.0836997436247285,-14.0,5,6,1,6,-19.21557065500624,-18.784349575851635
2004-11-01 00:30:00,23,-19.0,-18.999975539507176,0.0836997436247285,-12.0,5,6,1,6,-19.215586079084478,-18.784364999929874
2004-11-01 01:30:00,23,-16.0,-16.000014772588464,0.0836997436247285,-14.0,5,6,1,6,-16.215625312165766,-15.784404233011164
2004-11-01 02:30:00,23,-14.0,-14.000082029400062,0.0836997436247285,-13.0,5,6,1,6,-14.215692568977362,-13.784471489822762
2004-11-01 03:30:00,23,-12.0,-12.000102080291828,0.0836997436247285,-16.0,5,6,1,6,-12.215712619869128,-11.784491540714528
2004-11-01 04:30:00,23,-8.0,-8.000124434148503,0.0836997436247285,-16.0,5,6,1,6,-8.215734973725803,-7.7845138945712025
2004-11-01 05:30:00,23,-7.0,-7.0001137171353065,0.0836997436247285,-19.0,5,6,1,6,-7.215724256712607,-6.784503177558006
2004-11-01 06:30:00,23,-7.0,-7.000089581138777,0.0836997436247285,-19.0,5,6,1,6,-7.215700120716078,-6.784479041561476
2004-11-01 07:30:00,23,-5.0,-5.00009869500715,0.0836997436247285,-16.0,5,6,1,6,-5.215709234584451,-4.784488155429849
2004-11-01 08:30:00,23,-6.0,-6.000104916208571,0.0836997436247285,-14.0,5,6,1,6,-6.215715455785872,-5.78449437663127
2004-11-01 09:30:00,23,-8.0,-8.000089770151597,0.0836997436247285,-12.0,5,6,1,6,-8.215700309728897,-7.784479230574296
2004-11-01 10:30:00,23,-8.0,-8.000040258241846,0.0836997436247285,-8.0,5,6,1,6,-8.215650797819146,-7.784429718664545
2004-11-01 11:30:00,23,-10.0,-10.000028082227232,0.0836997436247285,-7.0,5,6,1,6,-10.215638621804532,-9.784417542649932
2004-11-01 12:30:00,23,-9.0,-9.000002055761886,0.0836997436247285,-7.0,5,6,1,6,-9.215612595339186,-8.784391516184586
2004-11-01 13:30:00,23,-9.0,-8.999985596349898,0.0836997436247285,-5.0,5,6,1,6,-9.215596135927198,-8.784375056772598
2004-11-01 14:30:00,23,-7.0,-6.99999731811825,0.0836997436247285,-6.0,5,6,1,6,-7.215607857695551,-6.7843867785409495
2004-11-01 15:30:00,23,-7.0,-7.000003502288948,0.0836997436247285,-8.0,5,6,1,6,-7.215614041866249,-6.784392962711647
2004-11-01 16:30:00,23,-1.0,-1.0001214521082955,0.0836997436247285,-8.0,5,6,1,6,-1.2157319916855962,-0.7845109125309949
2004-11-01 17:30:00,23,-1.0,-1.000092683350907,0.0836997436247285,-10.0,5,6,1,6,-1.2157032229282076,-0.7844821437736064
2004-11-01 18:30:00,23,-4.0,-4.0000684580714,0.0836997436247285,-9.0,5,6,1,6,-4.215678997648701,-3.7844579184940996
2004-11-01 19:30:00,23,-2.0,-2.0001059399328547,0.0836997436247285,-9.0,5,6,1,6,-2.215716479510155,-1.784495400355554
2004-11-01 20:30:00,23,-1.0,-1.000101031505373,0.0836997436247285,-7.0,5,6,1,6,-1.2157115710826738,-0.7844904919280725
2004-11-01 21:30:00,23,-2.0,-2.00006870295735,0.0836997436247285,-7.0,5,6,1,6,-2.2156792425346503,-1.7844581633800491
2004-11-01 22:30:00,23,-3.0,-3.0000334953819063,0.0836997436247285,-1.0,5,6,1,6,-3.215644034959207,-2.784422955804606
2004-11-01 23:30:00,23,-3.0,-3.00001795952154,0.0836997436247285,-1.0,5,6,1,6,-3.2156284990988406,-2.7844074199442397
2004-11-02 00:30:00,23,-3.0,-3.0000075168602685,0.0836997436247285,-4.0,5,6,1,6,-3.215618056437569,-2.784396977282968
2004-11-02 01:30:00,23,-5.0,-4.999982385810263,0.0836997436247285,-2.0,5,6,1,6,-5.215592925387564,-4.784371846232962
2004-11-02 02:30:00,23,-4.0,-3.999992695807592,0.0836997436247285,-1.0,5,6,1,6,-4.215603235384893,-3.7843821562302917
2004-11-02 03:30:00,23,-5.0,-4.999983570553408,0.0836997436247285,-2.0,5,6,1,6,-5.215594110130709,-4.784373030976107
2004-11-02 04:30:00,23,-7.0,-6.99996278544856,0.0836997436247285,-3.0,5,6,1,6,-7.215573325025861,-6.7843522458712595
2004-11-02 05:30:00,23,-7.0,-7.000010763076762,0.0836997436247285,-3.0,5,6,1,6,-7.215621302654063,-6.784400223499461
2004-11-02 06:30:00,23,-6.0,-6.000024320956456,0.0836997436247285,-3.0,5,6,1,6,-6.215634860533757,-5.784413781379155
2004-11-02 07:30:00,23,-4.0,-4.000013022810325,0.0836997436247285,-5.0,5,6,1,6,-4.215623562387626,-3.7844024832330247
2004-11-02 08:30:00,23,-2.0,-2.0000280927250422,0.0836997436247285,-4.0,5,6,1,6,-2.2156386323023427,-1.7844175531477415
2004-11-02 09:30:00,23,-3.0,-3.0000196433506403,0.0836997436247285,-5.0,5,6,1,6,-3.215630182927941,-2.78440910377334
2004-11-02 10:30:00,23,-4.0,-4.000005832216914,0.0836997436247285,-7.0,5,6,1,6,-4.215616371794215,-3.7843952926396134
2004-11-02 11:30:00,23,-2.0,-2.000016990757448,0.0836997436247285,-7.0,5,6,1,6,-2.2156275303347486,-1.7844064511801474
2004-11-02 12:30:00,23,-2.0,-2.0000195401064182,0.0836997436247285,-6.0,5,6,1,6,-2.2156300796837187,-1.7844090005291176
2004-11-02 13:30:00,23,1.0,0.9999542915244816,0.0836997436247285,-4.0,5,6,1,6,0.784343751947181,1.2155648311017822
2004-11-02 14:30:00,23,-1.0,-1.0000599317012977,0.0836997436247285,-2.0,5,6,1,6,-1.2156704712785984,-0.7844493921239971
2004-11-02 15:30:00,23,-4.0,-4.000055453526443,0.0836997436247285,-3.0,5,6,1,6,-4.215665993103744,-3.7844449139491423
2004-11-02 16:30:00,23,-6.0,-6.000022921766867,0.0836997436247285,-4.0,5,6,1,6,-6.215633461344168,-5.784412382189566
2004-11-02 17:30:00,23,-5.0,-5.000025789879402,0.0836997436247285,-2.0,5,6,1,6,-5.215636329456703,-4.784415250302101
2004-11-02 18:30:00,23,0.0,-7.737919871786403e-05,0.0836997436247285,-2.0,5,6,1,6,-0.21568791877601848,0.21553316037858275
2004-11-02 19:30:00,23,3.0,2.9999104765919,0.0836997436247285,1.0,5,6,1,6,2.7842999370145995,3.2155210161692005
2004-11-02 20:30:00,23,2.0,1.999862173371333,0.0836997436247285,-1.0,5,6,1,6,1.7842516337940324,2.2154727129486336
2004-11-02 21:30:00,23,1.0,0.9998556743697264,0.0836997436247285,-4.0,5,6,1,6,0.7842451347924259,1.2154662139470271
2004-11-02 22:30:00,23,-1.0,-1.0000824675607485,0.0836997436247285,-6.0,5,6,1,6,-1.2156930071380492,-0.7844719279834479
2004-11-02 23:30:00,23,0.0,-7.951238143277806e-05,0.0836997436247285,-5.0,5,6,1,6,-0.2156900519587334,0.21553102719586784
2004-11-03 00:30:00,23,2.0,1.9999403123262525,0.0836997436247285,0.0,5,6,1,6,1.7843297727489518,2.215550851903553
2004-11-03 01:30:00,23,3.0,2.9999427156488423,0.0836997436247285,3.0,5,6,1,6,2.784332176071542,3.2155532552261428
2004-11-03 02:30:00,23,3.0,2.9999518190449805,0.0836997436247285,2.0,5,6,1,6,2.78434127946768,3.215562358622281
2004-11-03 03:30:00,23,3.0,2.9999588231183125,0.0836997436247285,1.0,5,6,1,6,2.784348283541012,3.215569362695613
2004-11-03 04:30:00,23,4.0,3.999953866273706,0.0836997436247285,-1.0,5,6,1,6,3.7843433266964057,4.215564405851007
2004-11-03 05:30:00,23,6.0,5.999935608190064,0.0836997436247285,0.0,5,6,1,6,5.784325068612763,6.215546147767365
2004-11-03 06:30:00,23,8.0,7.999922523071383,0.0836997436247285,2.0,5,6,1,6,7.784311983494082,8.215533062648683
2004-11-03 07:30:00,23,8.0,7.999925865084677,0.0836997436247285,3.0,5,6,1,6,7.784315325507376,8.215536404661977
2004-11-03 08:30:00,23,8.0,7.999924627798329,0.0836997436247285,3.0,5,6,1,6,7.784314088221028,8.215535167375629
2004-11-03 09:30:00,23,7.0,6.999946071789658,0.0836997436247285,3.0,5,6,1,6,6.784335532212357,7.215556611366959
2004-11-03 10:30:00,23,4.0,3.9999777934095695,0.0836997436247285,4.0,5,6,1,6,3.784367253832269,4.21558833298687
2004-11-03 11:30:00,23,3.0,2.999991960799264,0.0836997436247285,6.0,5,6,1,6,2.7843814212219633,3.2156025003765643
2004-11-03 12:30:00,23,1.0,1.000021525305712,0.0836997436247285,8.0,5,6,1,6,0.7844109857284115,1.2156320648830128
2004-11-03 13:30:00,23,7.0,6.999971676588295,0.0836997436247285,8.0,5,6,1,6,6.784361137010994,7.215582216165596
2004-11-03 14:30:00,23,12.0,11.999929124118763,0.0836997436247285,8.0,5,6,1,6,11.784318584541463,12.215539663696063
2004-11-03 15:30:00,23,14.0,13.999893159439187,0.0836997436247285,7.0,5,6,1,6,13.784282619861887,14.215503699016487
2004-11-03 16:30:00,23,14.0,13.99980670783441,0.0836997436247285,4.0,5,6,1,6,13.78419616825711,14.21541724741171
2004-11-03 17:30:00,23,7.0,6.999916028527856,0.0836997436247285,3.0,5,6,1,6,6.784305488950555,7.215526568105157
2004-11-03 18:30:00,23,3.0,2.9999689228243795,0.0836997436247285,1.0,5,6,1,6,2.784358383247079,3.21557946240168
2004-11-03 19:30:00,23,3.0,2.9999701662284366,0.0836997436247285,7.0,5,6,1,6,2.784359626651136,3.215580705805737
2004-11-03 20:30:00,23,-7.0,-6.999912069256912,0.0836997436247285,12.0,5,6,1,6,-7.215522608834213,-6.784301529679611
2004-11-03 21:30:00,23,-19.0,-18.99978465358237,0.0836997436247285,14.0,5,6,1,6,-19.215395193159672,-18.78417411400507
2004-11-03 22:30:00,23,-17.0,-16.999936210805306,0.0836997436247285,14.0,5,6,1,6,-17.215546750382607,-16.784325671228004
2004-11-03 23:30:00,23,-12.0,-12.000061887300074,0.0836997436247285,7.0,5,6,1,6,-12.215672426877374,-11.784451347722774
2004-11-04 00:30:00,23,-3.0,-2.9999901574533574,0.0836997436247285,3.0,5,6,1,6,-3.215600697030658,-2.784379617876057
2004-11-04 01:30:00,23,-3.0,-3.000154297960048,0.0836997436247285,3.0,5,6,1,6,-3.2157648375373484,-2.7845437583827475
2004-11-04 02:30:00,23,-7.0,-7.000246590749541,0.0836997436247285,-7.0,5,6,1,6,-7.2158571303268415,-6.78463605117224
2004-11-04 03:30:00,23,-9.0,-9.000162753421662,0.0836997436247285,-19.0,5,6,1,6,-9.215773292998962,-8.784552213844362
2004-11-04 04:30:00,23,-8.0,-8.000064111527202,0.0836997436247285,-17.0,5,6,1,6,-8.215674651104502,-7.784453571949901
2004-11-04 05:30:00,23,-9.0,-9.000074557562609,0.0836997436247285,-12.0,5,6,1,6,-9.21568509713991,-8.784464017985309
2004-11-04 06:30:00,23,-11.0,-11.000027593585806,0.0836997436247285,-3.0,5,6,1,6,-11.215638133163106,-10.784417054008506
2004-11-04 07:30:00,23,-13.0,-12.99996234822576,0.0836997436247285,-3.0,5,6,1,6,-13.21557288780306,-12.78435180864846
2004-11-04 08:30:00,23,-10.0,-10.00002539257386,0.0836997436247285,-7.0,5,6,1,6,-10.21563593215116,-9.78441485299656
2004-11-04 09:30:00,23,-5.0,-5.000153969356287,0.0836997436247285,-9.0,5,6,1,6,-5.215764508933588,-4.784543429778986
2004-11-04 10:30:00,23,-2.0,-2.000130186206171,0.0836997436247285,-8.0,5,6,1,6,-2.2157407257834714,-1.7845196466288702
2004-11-04 11:30:00,23,0.0,-0.0001704993910891,0.0836997436247285,-9.0,5,6,1,6,-0.2157810389683897,0.21544004018621152
2004-11-04 12:30:00,23,1.0,0.9998662479387264,0.0836997436247285,-11.0,5,6,1,6,0.7842557083614258,1.215476787516027
2004-11-04 13:30:00,23,-1.0,-1.0001040407554278,0.0836997436247285,-13.0,5,6,1,6,-1.2157145803327285,-0.7844935011781272
2004-11-04 14:30:00,23,-2.0,-2.000083117080848,0.0836997436247285,-10.0,5,6,1,6,-2.2156936566581487,-1.7844725775035475
2004-11-04 15:30:00,23,0.0,-9.398374393043696e-05,0.0836997436247285,-5.0,5,6,1,6,-0.21570452332123105,0.21551655583337018
2004-11-04 16:30:00,23,-1.0,-1.0000756164570177,0.0836997436247285,-2.0,5,6,1,6,-1.2156861560343184,-0.7844650768797171
2004-11-04 17:30:00,23,-9.0,-8.999992330234097,0.0836997436247285,0.0,5,6,1,6,-9.215602869811397,-8.784381790656797
2004-11-04 18:30:00,23,-13.0,-12.99993453845541,0.0836997436247285,1.0,5,6,1,6,-13.21554507803271,-12.78432399887811
2004-11-04 19:30:00,23,-12.0,-12.000010606519922,0.0836997436247285,-1.0,5,6,1,6,-12.215621146097222,-11.784400066942622
2004-11-04 20:30:00,23,-7.0,-6.999983138751002,0.0836997436247285,-2.0,5,6,1,6,-7.215593678328303,-6.784372599173701
2004-11-04 21:30:00,23,-4.0,-4.000007949747154,0.0836997436247285,0.0,5,6,1,6,-4.215618489324455,-3.7843974101698534
2004-11-04 22:30:00,23,-1.0,-1.0000804074484684,0.0836997436247285,-1.0,5,6,1,6,-1.215690947025769,-0.7844698678711678
2004-11-04 23:30:00,23,-5.0,-5.000067045041771,0.0836997436247285,-9.0,5,6,1,6,-5.215677584619072,-4.78445650546447
2004-11-05 00:30:00,23,-8.0,-8.000037269572704,0.0836997436247285,-13.0,5,6,1,6,-8.215647809150004,-7.7844267299954035
2004-11-05 01:30:00,23,-6.0,-6.000051438905832,0.0836997436247285,-12.0,5,6,1,6,-6.215661978483133,-5.784440899328531
2004-11-05 02:30:00,23,-5.0,-5.000061056895191,0.0836997436247285,-7.0,5,6,1,6,-5.215671596472492,-4.78445051731789
2004-11-05 03:30:00,23,-6.0,-6.000029751578655,0.0836997436247285,-4.0,5,6,1,6,-6.215640291155956,-5.784419212001354
2004-11-05 04:30:00,23,-5.0,-5.000058727378921,0.0836997436247285,-1.0,5,6,1,6,-5.215669266956222,-4.78444818780162
2004-11-05 05:30:00,23,-4.0,-4.000087985481443,0.0836997436247285,-5.0,5,6,1,6,-4.215698525058744,-3.7844774459041424
2004-11-05 06:30:00,23,-4.0,-4.00002360122604,0.0836997436247285,-8.0,5,6,1,6,-4.215634140803341,-3.7844130616487397
2004-11-05 07:30:00,23,-3.0,-3.00003432849196,0.0836997436247285,-6.0,5,6,1,6,-3.2156448680692606,-2.7844237889146597
2004-11-05 08:30:00,23,-2.0,-2.00004699141747,0.0836997436247285,-5.0,5,6,1,6,-2.2156575309947706,-1.7844364518401694
2004-11-05 09:30:00,23,0.0,-5.911032102190461e-05,0.0836997436247285,-6.0,5,6,1,6,-0.21566964989832252,0.2155514292562787
2004-11-05 10:30:00,23,1.0,0.9999369304232032,0.0836997436247285,-5.0,5,6,1,6,0.7843263908459026,1.2155474700005038
2004-11-05 11:30:00,23,0.0,-6.10735900856696e-05,0.0836997436247285,-4.0,5,6,1,6,-0.21567161316738628,0.21554946598721494
2004-11-05 12:30:00,23,-3.0,-3.0000090364855723,0.0836997436247285,-4.0,5,6,1,6,-3.2156195760628727,-2.784398496908272
2004-11-05 13:30:00,23,-3.0,-3.0000026805105406,0.0836997436247285,-3.0,5,6,1,6,-3.215613220087841,-2.78439214093324
2004-11-05 14:30:00,23,-3.0,-2.9999982085036656,0.0836997436247285,-2.0,5,6,1,6,-3.215608748080966,-2.784387668926365
2004-11-05 15:30:00,23,-2.0,-2.000000527543921,0.0836997436247285,0.0,5,6,1,6,-2.2156110671212215,-1.7843899879666203
2004-11-05 16:30:00,23,0.0,-1.004676224169998e-05,0.0836997436247285,1.0,5,6,1,6,-0.21562058633954231,0.21560049281505891
2004-11-05 17:30:00,23,-1.0,-1.0000061542829215,0.0836997436247285,0.0,5,6,1,6,-1.2156166938602222,-0.7843956147056209
2004-11-05 18:30:00,23,-1.0,-1.000021190081604,0.0836997436247285,-3.0,5,6,1,6,-1.2156317296589048,-0.7844106505043035
2004-11-05 19:30:00,23,1.0,0.999962220180187,0.0836997436247285,-3.0,5,6,1,6,0.7843516806028864,1.2155727597574877
2004-11-05 20:30:00,23,2.0,1.9999492408495807,0.0836997436247285,-3.0,5,6,1,6,1.78433870127228,2.215559780426881
2004-11-05 21:30:00,23,4.0,3.999928790500285,0.0836997436247285,-2.0,5,6,1,6,3.7843182509229845,4.215539330077585
2004-11-05 22:30:00,23,4.0,3.9999329560914063,0.0836997436247285,0.0,5,6,1,6,3.784322416514106,4.215543495668707
2004-11-05 23:30:00,23,5.0,4.999927259100176,0.0836997436247285,-1.0,5,6,1,6,4.7843167195228755,5.215537798677477
2004-11-06 00:30:00,23,6.0,5.999914454151451,0.0836997436247285,-1.0,5,6,1,6,5.78430391457415,6.215524993728752
2004-11-06 01:30:00,23,6.0,5.999928074782076,0.0836997436247285,1.0,5,6,1,6,5.784317535204775,6.215538614359377
2004-11-06 02:30:00,23,6.0,5.9999317340160445,0.0836997436247285,2.0,5,6,1,6,5.784321194438744,6.215542273593345
2004-11-06 03:30:00,23,5.0,4.999950098934555,0.0836997436247285,4.0,5,6,1,6,4.784339559357254,5.215560638511856
2004-11-06 04:30:00,23,4.0,3.99997077711096,0.0836997436247285,4.0,5,6,1,6,3.7843602375336594,4.215581316688261
2004-11-06 05:30:00,23,6.0,5.999962362777204,0.0836997436247285,5.0,5,6,1,6,5.784351823199903,6.215572902354505
2004-11-06 06:30:00,23,7.0,6.999959389166534,0.0836997436247285,6.0,5,6,1,6,6.784348849589233,7.215569928743835
2004-11-06 07:30:00,23,7.0,6.999962748264494,0.0836997436247285,6.0,5,6,1,6,6.784352208687193,7.215573287841795
2004-11-06 08:30:00,23,6.0,5.999973573217396,0.0836997436247285,6.0,5,6,1,6,5.784363033640095,6.215584112794697
2004-11-06 09:30:00,23,6.0,5.999972534333715,0.0836997436247285,5.0,5,6,1,6,5.784361994756414,6.215583073911016
2004-11-06 10:30:00,23,6.0,5.999968965185808,0.0836997436247285,4.0,5,6,1,6,5.784358425608507,6.215579504763109
2004-11-06 11:30:00,23,6.0,5.99996905839469,0.0836997436247285,6.0,5,6,1,6,5.784358518817389,6.215579597971991
2004-11-06 12:30:00,23,7.0,6.999962133352881,0.0836997436247285,7.0,5,6,1,6,6.78435159377558,7.215572672930182
2004-11-06 13:30:00,23,7.0,6.999964527284654,0.0836997436247285,7.0,5,6,1,6,6.784353987707353,7.2155750668619545
2004-11-06 14:30:00,23,5.0,4.999984318649595,0.0836997436247285,6.0,5,6,1,6,4.784373779072294,5.215594858226896
2004-11-06 15:30:00,23,5.0,4.99998380786522,0.0836997436247285,6.0,5,6,1,6,4.784373268287919,5.215594347442521
2004-11-06 16:30:00,23,4.0,3.9999942905460486,0.0836997436247285,6.0,5,6,1,6,3.784383750968748,4.2156048301233495
2004-11-06 17:30:00,23,5.0,4.99998593249277,0.0836997436247285,6.0,5,6,1,6,4.784375392915469,5.215596472070071
2004-11-06 18:30:00,23,6.0,5.999980466321922,0.0836997436247285,7.0,5,6,1,6,5.784369926744621,6.215591005899223
2004-11-06 19:30:00,23,1.0,1.0000328126910532,0.0836997436247285,7.0,5,6,1,6,0.7844222731137526,1.2156433522683538
2004-11-06 20:30:00,23,2.0,2.000025400517167,0.0836997436247285,5.0,5,6,1,6,1.7844148609398662,2.2156359400944674
2004-11-06 21:30:00,23,5.0,4.999975977694746,0.0836997436247285,5.0,5,6,1,6,4.784365438117445,5.215586517272047
2004-11-06 22:30:00,23,7.0,6.9999602942625785,0.0836997436247285,4.0,5,6,1,6,6.784349754685278,7.215570833839879
2004-11-06 23:30:00,23,10.0,9.999938630818283,0.0836997436247285,5.0,5,6,1,6,9.784328091240983,10.215549170395583
2004-11-07 00:30:00,23,12.0,11.999881040310768,0.0836997436247285,6.0,5,6,1,6,11.784270500733468,12.215491579888068
2004-11-07 01:30:00,23,9.0,8.99991688812247,0.0836997436247285,1.0,5,6,1,6,8.78430634854517,9.21552742769977
2004-11-07 02:30:00,23,8.0,7.999923390440401,0.0836997436247285,2.0,5,6,1,6,7.7843128508631,8.2155339300177
2004-11-07 03:30:00,23,19.0,18.99982810153532,0.0836997436247285,5.0,5,6,1,6,18.78421756195802,19.215438641112623
2004-11-07 04:30:00,23,14.0,13.999885854557157,0.0836997436247285,7.0,5,6,1,6,13.784275314979856,14.215496394134457
2004-11-07 05:30:00,23,16.0,15.999866980950353,0.0836997436247285,10.0,5,6,1,6,15.784256441373053,16.215477520527653
2004-11-07 06:30:00,23,17.0,16.999876077210054,0.0836997436247285,12.0,5,6,1,6,16.784265537632752,17.215486616787356
2004-11-07 07:30:00,23,16.0,15.999899368598273,0.0836997436247285,9.0,5,6,1,6,15.784288829020973,16.215509908175573
2004-11-07 08:30:00,23,17.0,16.999894341195102,0.0836997436247285,8.0,5,6,1,6,16.7842838016178,17.215504880772404
2004-11-07 09:30:00,23,16.0,15.999868645546329,0.0836997436247285,19.0,5,6,1,6,15.784258105969029,16.21547918512363
2004-11-07 10:30:00,23,25.0,24.99981714118168,0.0836997436247285,14.0,5,6,1,6,24.784206601604378,25.21542768075898
2004-11-07 11:30:00,23,50.0,49.99957292557296,0.0836997436247285,16.0,5,6,1,6,49.783962385995665,50.21518346515026
2004-11-07 12:30:00,23,55.0,54.99951941155087,0.0836997436247285,17.0,5,6,1,6,54.78390887197357,55.21512995112817
2004-11-07 13:30:00,23,44.0,43.999651558961496,0.0836997436247285,16.0,5,6,1,6,43.7840410193842,44.215262098538794
2004-11-07 14:30:00,23,43.0,42.99967551599401,0.0836997436247285,17.0,5,6,1,6,42.78406497641671,43.215286055571305
2004-11-07 15:30:00,23,30.0,29.999803262542407,0.0836997436247285,16.0,5,6,1,6,29.784192722965106,30.21541380211971
2004-11-07 16:30:00,23,8.0,8.000023953935532,0.0836997436247285,25.0,5,6,1,6,7.784413414358231,8.215634493512832
2004-11-07 17:30:00,23,-15.0,-14.999798705344704,0.0836997436247285,50.0,5,6,1,6,-15.215409244922004,-14.784188165767404
2004-11-07 18:30:00,23,18.0,17.99983580142265,0.0836997436247285,55.0,5,6,1,6,17.784225261845346,18.21544634099995
2004-11-07 19:30:00,23,61.0,60.99953782283257,0.0836997436247285,44.0,5,6,1,6,60.783927283255274,61.21514836240987
2004-11-07 20:30:00,23,22.0,21.99990349483833,0.0836997436247285,43.0,5,6,1,6,21.784292955261026,22.21551403441563
2004-11-07 21:30:00,23,-74.0,-73.99981630894442,0.0836997436247285,30.0,5,6,1,6,-74.21542684852172,-73.78420576936712
2004-11-07 22:30:00,23,-77.0,-76.9994903805564,0.0836997436247285,8.0,5,6,1,6,-77.2151009201337,-76.7838798409791
2004-11-07 23:30:00,23,-117.0,-116.99910589533494,0.0836997436247285,-15.0,5,6,1,6,-117.21471643491223,-116.78349535575764
2004-11-08 00:30:00,23,-179.0,-178.9986610185514,0.0836997436247285,18.0,5,6,1,6,-179.2142715581287,-178.78305047897408
2004-11-08 01:30:00,23,-186.0,-185.99867000518967,0.0836997436247285,61.0,5,6,1,6,-186.21428054476698,-185.78305946561235
2004-11-08 02:30:00,23,-224.0,-223.99901269859785,0.0836997436247285,22.0,5,6,1,6,-224.21462323817516,-223.78340215902054
2004-11-08 03:30:00,23,-272.0,-271.99925312658814,0.0836997436247285,-74.0,5,6,1,6,-272.21486366616546,-271.78364258701083
2004-11-08 04:30:00,23,-342.0,-341.9978228893358,0.0836997436247285,-77.0,5,6,1,6,-342.2134334289131,-341.7822123497585
2004-11-08 05:30:00,23,-368.0,-367.9987683167435,0.0836997436247285,-117.0,5,6,1,6,-368.2143788563208,-367.7831577771662
2004-11-08 06:30:00,23,-374.0,-373.9984358726948,0.0836997436247285,-179.0,5,6,1,6,-374.2140464122721,-373.7828253331175
2004-11-08 07:30:00,23,-343.0,-342.9987812665167,0.0836997436247285,-186.0,5,6,1,6,-343.214391806094,-342.7831707269394
2004-11-08 08:30:00,23,-320.0,-319.9991491069084,0.0836997436247285,-224.0,5,6,1,6,-320.21475964648573,-319.7835385673311
2004-11-08 09:30:00,23,-299.0,-298.9993777241164,0.0836997436247285,-272.0,5,6,1,6,-299.2149882636937,-298.7837671845391
2004-11-08 10:30:00,23,-234.0,-234.000090907144,0.0836997436247285,-342.0,5,6,1,6,-234.2157014467213,-233.7844803675667
2004-11-08 11:30:00,23,-215.0,-214.9999234834391,0.0836997436247285,-368.0,5,6,1,6,-215.2155340230164,-214.78431294386178
2004-11-08 12:30:00,23,-181.0,-181.0002730072541,0.0836997436247285,-374.0,5,6,1,6,-181.2158835468314,-180.78466246767678
2004-11-08 13:30:00,23,-168.0,-168.00023897628157,0.0836997436247285,-343.0,5,6,1,6,-168.21584951585888,-167.78462843670425
2004-11-08 14:30:00,23,-160.0,-160.00022358252986,0.0836997436247285,-320.0,5,6,1,6,-160.21583412210717,-159.78461304295254
2004-11-08 15:30:00,23,-149.0,-149.00024335347342,0.0836997436247285,-299.0,5,6,1,6,-149.21585389305073,-148.7846328138961
2004-11-08 16:30:00,23,-145.0,-145.00001811379502,0.0836997436247285,-234.0,5,6,1,6,-145.21562865337233,-144.7844075742177
2004-11-08 17:30:00,23,-135.0,-134.99998619611483,0.0836997436247285,-215.0,5,6,1,6,-135.21559673569215,-134.78437565653752
2004-11-08 18:30:00,23,-128.0,-127.99988484472895,0.0836997436247285,-181.0,5,6,1,6,-128.21549538430625,-127.78427430515165
2004-11-08 19:30:00,23,-125.0,-124.99983269751588,0.0836997436247285,-168.0,5,6,1,6,-125.21544323709318,-124.78422215793859
2004-11-08 20:30:00,23,-125.0,-124.999788900639,0.0836997436247285,-160.0,5,6,1,6,-125.2153994402163,-124.7841783610617
2004-11-08 21:30:00,23,-118.0,-117.99983833493992,0.0836997436247285,-149.0,5,6,1,6,-118.21544887451722,-117.78422779536263
2004-11-08 22:30:00,23,-122.0,-121.99979414030372,0.0836997436247285,-145.0,5,6,1,6,-122.21540467988102,-121.78418360072642
2004-11-08 23:30:00,23,-126.0,-125.999743501762,0.0836997436247285,-135.0,5,6,1,6,-126.2153540413393,-125.7841329621847
2004-11-09 00:30:00,23,-127.0,-126.99972912226698,0.0836997436247285,-128.0,5,6,1,6,-127.21533966184428,-126.78411858268969
2004-11-09 01:30:00,23,-129.0,-128.99970114344097,0.0836997436247285,-125.0,5,6,1,6,-129.21531168301829,-128.78409060386366
2004-11-09 02:30:00,23,-129.0,-128.9996835775916,0.0836997436247285,-125.0,5,6,1,6,-129.21529411716892,-128.7840730380143
2004-11-09 03:30:00,23,-122.0,-121.99970917109457,0.0836997436247285,-118.0,5,6,1,6,-122.21531971067186,-121.78409863151727
2004-11-09 04:30:00,23,-125.0,-124.99969073353353,0.0836997436247285,-122.0,5,6,1,6,-125.21530127311082,-124.78408019395623
2004-11-09 05:30:00,23,-118.0,-117.9997682774491,0.0836997436247285,-126.0,5,6,1,6,-118.2153788170264,-117.78415773787181
2004-11-09 06:30:00,23,-116.0,-115.9997941961,0.0836997436247285,-127.0,5,6,1,6,-116.2154047356773,-115.7841836565227
2004-11-09 07:30:00,23,-103.0,-102.99993315778622,0.0836997436247285,-129.0,5,6,1,6,-103.21554369736351,-102.78432261820892
2004-11-09 08:30:00,23,-104.0,-103.99992539887933,0.0836997436247285,-129.0,5,6,1,6,-104.21553593845663,-103.78431485930203
2004-11-09 09:30:00,23,-93.0,-92.99999595842068,0.0836997436247285,-122.0,5,6,1,6,-93.21560649799798,-92.78438541884339
2004-11-09 10:30:00,23,-78.0,-78.00014450049522,0.0836997436247285,-125.0,5,6,1,6,-78.21575504007252,-77.78453396091793
2004-11-09 11:30:00,23,-70.0,-70.00019271490778,0.0836997436247285,-118.0,5,6,1,6,-70.21580325448508,-69.78458217533048
2004-11-09 12:30:00,23,-92.0,-91.9999690072052,0.0836997436247285,-116.0,5,6,1,6,-92.2155795467825,-91.7843584676279
2004-11-09 13:30:00,23,-106.0,-105.99978080903644,0.0836997436247285,-103.0,5,6,1,6,-106.21539134861374,-105.78417026945914
2004-11-09 14:30:00,23,-118.0,-117.99964935084452,0.0836997436247285,-104.0,5,6,1,6,-118.21525989042182,-117.78403881126722
2004-11-09 15:30:00,23,-138.0,-137.99940490714891,0.0836997436247285,-93.0,5,6,1,6,-138.21501544672623,-137.7837943675716
2004-11-09 16:30:00,23,-139.0,-138.99936261799786,0.0836997436247285,-78.0,5,6,1,6,-139.21497315757517,-138.78375207842055
2004-11-09 17:30:00,23,-129.0,-128.99945007213532,0.0836997436247285,-70.0,5,6,1,6,-129.21506061171263,-128.783839532558
2004-11-09 18:30:00,23,-110.0,-109.9997739819202,0.0836997436247285,-92.0,5,6,1,6,-110.2153845214975,-109.7841634423429
2004-11-09 19:30:00,23,-106.0,-105.99989854065728,0.0836997436247285,-106.0,5,6,1,6,-106.21550908023458,-105.78428800107999
2004-11-09 20:30:00,23,-181.0,-180.99922332162612,0.0836997436247285,-118.0,5,6,1,6,-181.21483386120343,-180.7836127820488
2004-11-09 21:30:00,23,-214.0,-213.9989702933192,0.0836997436247285,-138.0,5,6,1,6,-214.2145808328965,-213.78335975374188
2004-11-09 22:30:00,23,-182.0,-181.99927742461347,0.0836997436247285,-139.0,5,6,1,6,-182.21488796419078,-181.78366688503615
2004-11-09 23:30:00,23,-173.0,-172.9992984298602,0.0836997436247285,-129.0,5,6,1,6,-173.21490896943752,-172.7836878902829
2004-11-10 00:30:00,23,-151.0,-150.9994068040638,0.0836997436247285,-110.0,5,6,1,6,-151.2150173436411,-150.78379626448648
2004-11-10 01:30:00,23,-135.0,-134.99975599722347,0.0836997436247285,-106.0,5,6,1,6,-135.2153665368008,-134.78414545764616
2004-11-10 02:30:00,23,-148.0,-148.00001376893465,0.0836997436247285,-181.0,5,6,1,6,-148.21562430851196,-147.78440322935734
2004-11-10 03:30:00,23,-155.0,-154.99980513164056,0.0836997436247285,-214.0,5,6,1,6,-155.21541567121787,-154.78419459206324
2004-11-10 04:30:00,23,-152.0,-151.9998239993376,0.0836997436247285,-182.0,5,6,1,6,-152.2154345389149,-151.78421345976028
2004-11-10 05:30:00,23,-197.0,-196.99934333808983,0.0836997436247285,-173.0,5,6,1,6,-197.21495387766714,-196.78373279851252
2004-11-10 06:30:00,23,-240.0,-239.9988327531281,0.0836997436247285,-151.0,5,6,1,6,-240.21444329270543,-239.7832222135508
2004-11-10 07:30:00,23,-259.0,-258.99869220655034,0.0836997436247285,-135.0,5,6,1,6,-259.21430274612766,-258.78308166697303
2004-11-10 08:30:00,23,-258.0,-257.9991941603937,0.0836997436247285,-148.0,5,6,1,6,-258.214804699971,-257.7835836208164
2004-11-10 09:30:00,23,-258.0,-257.9992195762915,0.0836997436247285,-155.0,5,6,1,6,-258.21483011586884,-257.7836090367142
2004-11-10 10:30:00,23,-263.0,-262.99903984014253,0.0836997436247285,-152.0,5,6,1,6,-263.21465037971984,-262.7834293005652
2004-11-10 11:30:00,23,-232.0,-231.9995799125759,0.0836997436247285,-197.0,5,6,1,6,-232.21519045215322,-231.7839693729986
2004-11-10 12:30:00,23,-234.0,-233.99958480342616,0.0836997436247285,-240.0,5,6,1,6,-234.21519534300347,-233.78397426384885
2004-11-10 13:30:00,23,-206.0,-205.9997987803412,0.0836997436247285,-259.0,5,6,1,6,-206.2154093199185,-205.78418824076388
2004-11-10 14:30:00,23,-176.0,-175.99997858419232,0.0836997436247285,-258.0,5,6,1,6,-176.21558912376963,-175.784368044615
2004-11-10 15:30:00,23,-171.0,-170.9999393398291,0.0836997436247285,-258.0,5,6,1,6,-171.2155498794064,-170.78432880025179
2004-11-10 16:30:00,23,-164.0,-163.99998429522873,0.0836997436247285,-263.0,5,6,1,6,-164.21559483480604,-163.78437375565142
2004-11-10 17:30:00,23,-135.0,-135.0000691123269,0.0836997436247285,-232.0,5,6,1,6,-135.21567965190422,-134.7844585727496
2004-11-10 18:30:00,23,-118.0,-118.00023214492292,0.0836997436247285,-234.0,5,6,1,6,-118.21584268450022,-117.78462160534562
2004-11-10 19:30:00,23,-122.0,-122.00007047779562,0.0836997436247285,-206.0,5,6,1,6,-122.21568101737292,-121.78445993821832
2004-11-10 20:30:00,23,-120.0,-119.99996295816024,0.0836997436247285,-176.0,5,6,1,6,-120.21557349773754,-119.78435241858294
2004-11-10 21:30:00,23,-118.0,-117.99994188366416,0.0836997436247285,-171.0,5,6,1,6,-118.21555242324146,-117.78433134408687
2004-11-10 22:30:00,23,-112.0,-111.99996770694494,0.0836997436247285,-164.0,5,6,1,6,-112.21557824652224,-111.78435716736765
2004-11-10 23:30:00,23,-109.0,-108.99988898762888,0.0836997436247285,-135.0,5,6,1,6,-109.21549952720618,-108.78427844805158
2004-11-11 00:30:00,23,-105.0,-104.99985200267204,0.0836997436247285,-118.0,5,6,1,6,-105.21546254224934,-104.78424146309474
2004-11-11 01:30:00,23,-97.0,-96.99991981182048,0.0836997436247285,-122.0,5,6,1,6,-97.21553035139777,-96.78430927224318
2004-11-11 02:30:00,23,-97.0,-96.99991468384836,0.0836997436247285,-120.0,5,6,1,6,-97.21552522342566,-96.78430414427106
2004-11-11 03:30:00,23,-97.0,-96.99990466532036,0.0836997436247285,-118.0,5,6,1,6,-97.21551520489766,-96.78429412574306
2004-11-11 04:30:00,23,-103.0,-102.99983426096392,0.0836997436247285,-112.0,5,6,1,6,-103.21544480054122,-102.78422372138662
2004-11-11 05:30:00,23,-106.0,-105.99978940671966,0.0836997436247285,-109.0,5,6,1,6,-106.21539994629696,-105.78417886714236
2004-11-11 06:30:00,23,-103.0,-102.99979801168968,0.0836997436247285,-105.0,5,6,1,6,-103.21540855126698,-102.78418747211238
2004-11-11 07:30:00,23,-99.0,-98.99981191479898,0.0836997436247285,-97.0,5,6,1,6,-99.21542245437628,-98.78420137522168
2004-11-11 08:30:00,23,-90.0,-89.99988850918551,0.0836997436247285,-97.0,5,6,1,6,-90.21549904876281,-89.78427796960821
2004-11-11 09:30:00,23,-80.0,-79.99997222478368,0.0836997436247285,-97.0,5,6,1,6,-80.21558276436097,-79.78436168520638
2004-11-11 10:30:00,23,-85.0,-84.99996536873999,0.0836997436247285,-103.0,5,6,1,6,-85.21557590831729,-84.7843548291627
2004-11-11 11:30:00,23,-82.0,-82.00001437578433,0.0836997436247285,-106.0,5,6,1,6,-82.21562491536163,-81.78440383620703
2004-11-11 12:30:00,23,-76.0,-76.00005352002518,0.0836997436247285,-103.0,5,6,1,6,-76.21566405960247,-75.78444298044788
2004-11-11 13:30:00,23,-77.0,-77.00001591866632,0.0836997436247285,-99.0,5,6,1,6,-77.21562645824362,-76.78440537908902
2004-11-11 14:30:00,23,-81.0,-80.99994085939446,0.0836997436247285,-90.0,5,6,1,6,-81.21555139897175,-80.78433031981716
2004-11-11 15:30:00,23,-75.0,-74.99994359812023,0.0836997436247285,-80.0,5,6,1,6,-75.21555413769752,-74.78433305854293
2004-11-11 16:30:00,23,-73.0,-72.99996171324445,0.0836997436247285,-85.0,5,6,1,6,-73.21557225282174,-72.78435117366715
2004-11-11 17:30:00,23,-58.0,-58.00008786639928,0.0836997436247285,-82.0,5,6,1,6,-58.215698405976575,-57.78447732682198
2004-11-11 18:30:00,23,-52.0,-52.00011912545588,0.0836997436247285,-76.0,5,6,1,6,-52.21572966503318,-51.784508585878584
2004-11-11 19:30:00,23,-61.0,-61.00002361339985,0.0836997436247285,-77.0,5,6,1,6,-61.215634152977145,-60.78441307382255
2004-11-11 20:30:00,23,-59.0,-59.00004814124919,0.0836997436247285,-81.0,5,6,1,6,-59.215658680826486,-58.78443760167189
2004-11-11 21:30:00,23,-44.0,-44.00017271171206,0.0836997436247285,-75.0,5,6,1,6,-44.21578325128936,-43.78456217213476
2004-11-11 22:30:00,23,-40.0,-40.00019630731825,0.0836997436247285,-73.0,5,6,1,6,-40.215806846895546,-39.78458576774095
2004-11-11 23:30:00,23,-46.0,-46.00008515255051,0.0836997436247285,-58.0,5,6,1,6,-46.21569569212781,-45.78447461297321
2004-11-12 00:30:00,23,-60.0,-59.99990306337965,0.0836997436247285,-52.0,5,6,1,6,-60.215513602956946,-59.78429252380235
2004-11-12 01:30:00,23,-64.0,-63.9998756718235,0.0836997436247285,-61.0,5,6,1,6,-64.2154862114008,-63.784265132246205
2004-11-12 02:30:00,23,-68.0,-67.99982723117324,0.0836997436247285,-59.0,5,6,1,6,-68.21543777075054,-67.78421669159594
2004-11-12 03:30:00,23,-82.0,-81.99964153817461,0.0836997436247285,-44.0,5,6,1,6,-82.21525207775191,-81.78403099859732
2004-11-12 04:30:00,23,-80.0,-79.99964379476927,0.0836997436247285,-40.0,5,6,1,6,-80.21525433434657,-79.78403325519197
2004-11-12 05:30:00,23,-73.0,-72.99982822296354,0.0836997436247285,-46.0,5,6,1,6,-73.21543876254084,-72.78421768338625
2004-11-12 06:30:00,23,-62.0,-61.99993953561295,0.0836997436247285,-60.0,5,6,1,6,-62.21555007519025,-61.784328996035654
2004-11-12 07:30:00,23,-51.0,-51.00004186938007,0.0836997436247285,-64.0,5,6,1,6,-51.21565240895737,-50.78443132980277
2004-11-12 08:30:00,23,-62.0,-62.0000504584916,0.0836997436247285,-68.0,5,6,1,6,-62.2156609980689,-61.7844399189143
2004-11-12 09:30:00,23,-83.0,-82.99980959606356,0.0836997436247285,-82.0,5,6,1,6,-83.21542013564085,-82.78419905648626
2004-11-12 10:30:00,23,-92.0,-91.99974830788616,0.0836997436247285,-80.0,5,6,1,6,-92.21535884746346,-91.78413776830887
2004-11-12 11:30:00,23,-87.0,-86.9997694900164,0.0836997436247285,-73.0,5,6,1,6,-87.2153800295937,-86.7841589504391
2004-11-12 12:30:00,23,-80.0,-79.99979004304168,0.0836997436247285,-62.0,5,6,1,6,-80.21540058261898,-79.78417950346439
2004-11-12 13:30:00,23,-74.0,-73.99979579455206,0.0836997436247285,-51.0,5,6,1,6,-74.21540633412936,-73.78418525497476
2004-11-12 14:30:00,23,-63.0,-62.999942064738136,0.0836997436247285,-62.0,5,6,1,6,-63.215552604315434,-62.78433152516084
2004-11-12 15:30:00,23,-61.0,-61.000038672177226,0.0836997436247285,-83.0,5,6,1,6,-61.215649211754524,-60.78442813259993
2004-11-12 16:30:00,23,-71.0,-70.99996326636199,0.0836997436247285,-92.0,5,6,1,6,-71.21557380593929,-70.78435272678469
2004-11-12 17:30:00,23,-71.0,-70.99999308803274,0.0836997436247285,-87.0,5,6,1,6,-71.21560362761004,-70.78438254845544
2004-11-12 18:30:00,23,-69.0,-68.99999579545945,0.0836997436247285,-80.0,5,6,1,6,-69.21560633503675,-68.78438525588216
2004-11-12 19:30:00,23,-78.0,-77.99986804260209,0.0836997436247285,-74.0,5,6,1,6,-78.21547858217939,-77.78425750302479
2004-11-12 20:30:00,23,-81.0,-80.99980561028822,0.0836997436247285,-63.0,5,6,1,6,-81.21541614986552,-80.78419507071092
2004-11-12 21:30:00,23,-80.0,-79.99979459749932,0.0836997436247285,-61.0,5,6,1,6,-80.21540513707662,-79.78418405792202
2004-11-12 22:30:00,23,-71.0,-70.99997898281649,0.0836997436247285,-71.0,5,6,1,6,-71.21558952239378,-70.78436844323919
2004-11-12 23:30:00,23,-67.0,-66.99992227436361,0.0836997436247285,-71.0,5,6,1,6,-67.21553281394091,-66.78431173478631
2004-11-13 00:30:00,23,-64.0,-63.99996663692615,0.0836997436247285,-69.0,5,6,1,6,-64.21557717650346,-63.784356097348855
2004-11-13 01:30:00,23,-64.0,-63.99998252884683,0.0836997436247285,-78.0,5,6,1,6,-64.21559306842413,-63.78437198926953
2004-11-13 02:30:00,23,-64.0,-63.999997954329366,0.0836997436247285,-81.0,5,6,1,6,-64.21560849390667,-63.78438741475207
2004-11-13 03:30:00,23,-64.0,-63.9999931820996,0.0836997436247285,-80.0,5,6,1,6,-64.2156037216769,-63.7843826425223
2004-11-13 04:30:00,23,-61.0,-60.9999893062906,0.0836997436247285,-71.0,5,6,1,6,-61.2155998458679,-60.7843787667133
2004-11-13 05:30:00,23,-59.0,-58.99998160677501,0.0836997436247285,-67.0,5,6,1,6,-59.21559214635231,-58.78437106719771
2004-11-13 06:30:00,23,-59.0,-58.999960010362585,0.0836997436247285,-64.0,5,6,1,6,-59.21557054993988,-58.78434947078529
2004-11-13 07:30:00,23,-58.0,-57.9999589155348,0.0836997436247285,-64.0,5,6,1,6,-58.215569455112096,-57.7843483759575
2004-11-13 08:30:00,23,-60.0,-59.999929560560375,0.0836997436247285,-64.0,5,6,1,6,-60.21554010013767,-59.78431902098308
2004-11-13 09:30:00,23,-58.0,-57.99994222697024,0.0836997436247285,-64.0,5,6,1,6,-58.21555276654754,-57.78433168739294
2004-11-13 10:30:00,23,-55.0,-54.999951372902856,0.0836997436247285,-61.0,5,6,1,6,-55.215561912480155,-54.78434083332556
2004-11-13 11:30:00,23,-51.0,-50.99997481807539,0.0836997436247285,-59.0,5,6,1,6,-51.215585357652685,-50.78436427849809
2004-11-13 12:30:00,23,-51.0,-50.99997107045233,0.0836997436247285,-59.0,5,6,1,6,-51.21558161002963,-50.784360530875034
2004-11-13 13:30:00,23,-49.0,-48.99999071040431,0.0836997436247285,-58.0,5,6,1,6,-49.21560124998161,-48.78438017082701
2004-11-13 14:30:00,23,-48.0,-48.000003983321406,0.0836997436247285,-60.0,5,6,1,6,-48.215614522898704,-47.78439344374411
2004-11-13 15:30:00,23,-48.0,-47.99998331592299,0.0836997436247285,-58.0,5,6,1,6,-48.21559385550029,-47.78437277634569
2004-11-13 16:30:00,23,-51.0,-50.99993908949226,0.0836997436247285,-55.0,5,6,1,6,-51.21554962906956,-50.78432854991496
2004-11-13 17:30:00,23,-50.0,-49.99993311372759,0.0836997436247285,-51.0,5,6,1,6,-50.21554365330489,-49.784322574150295
2004-11-13 18:30:00,23,-48.0,-47.99994265093394,0.0836997436247285,-51.0,5,6,1,6,-48.21555319051124,-47.78433211135664
2004-11-13 19:30:00,23,-48.0,-47.99992682611294,0.0836997436247285,-49.0,5,6,1,6,-48.21553736569024,-47.78431628653564
2004-11-13 20:30:00,23,-51.0,-50.99989237992271,0.0836997436247285,-48.0,5,6,1,6,-51.21550291950001,-50.784281840345415
2004-11-13 21:30:00,23,-52.0,-51.99987876396716,0.0836997436247285,-48.0,5,6,1,6,-52.21548930354446,-51.78426822438986
2004-11-13 22:30:00,23,-49.0,-48.99992264119717,0.0836997436247285,-51.0,5,6,1,6,-49.21553318077447,-48.784312101619875
2004-11-13 23:30:00,23,-44.0,-43.99995774350151,0.0836997436247285,-50.0,5,6,1,6,-44.21556828307881,-43.78434720392421
2004-11-14 00:30:00,23,-48.0,-47.99991337677842,0.0836997436247285,-48.0,5,6,1,6,-48.21552391635572,-47.784302837201125
2004-11-14 01:30:00,23,-58.0,-57.99981990579634,0.0836997436247285,-48.0,5,6,1,6,-58.21543044537364,-57.784209366219045
2004-11-14 02:30:00,23,-58.0,-57.99984060330645,0.0836997436247285,-51.0,5,6,1,6,-58.21545114288375,-57.784230063729154
2004-11-14 03:30:00,23,-58.0,-57.99983366327854,0.0836997436247285,-52.0,5,6,1,6,-58.215444202855835,-57.78422312370124
2004-11-14 04:30:00,23,-56.0,-55.99986108042195,0.0836997436247285,-49.0,5,6,1,6,-56.21547161999925,-55.78425054084465
2004-11-14 05:30:00,23,-53.0,-52.99990844322903,0.0836997436247285,-44.0,5,6,1,6,-53.21551898280633,-52.78429790365173
2004-11-14 06:30:00,23,-52.0,-51.99994652879016,0.0836997436247285,-48.0,5,6,1,6,-52.21555706836746,-51.78433598921286
2004-11-14 07:30:00,23,-57.0,-56.99995428975959,0.0836997436247285,-58.0,5,6,1,6,-57.21556482933689,-56.784343750182295
2004-11-14 08:30:00,23,-57.0,-56.9999204253951,0.0836997436247285,-58.0,5,6,1,6,-57.2155309649724,-56.784309885817805
2004-11-14 09:30:00,23,-54.0,-53.99992367208554,0.0836997436247285,-58.0,5,6,1,6,-54.215534211662835,-53.78431313250824
2004-11-14 10:30:00,23,-54.0,-53.99990875198465,0.0836997436247285,-56.0,5,6,1,6,-54.21551929156195,-53.78429821240735
2004-11-14 11:30:00,23,-53.0,-52.99990839425477,0.0836997436247285,-53.0,5,6,1,6,-53.215518933832065,-52.78429785467747
2004-11-14 12:30:00,23,-52.0,-51.99991347730891,0.0836997436247285,-52.0,5,6,1,6,-52.21552401688621,-51.78430293773161
2004-11-14 13:30:00,23,-51.0,-50.99995972700584,0.0836997436247285,-57.0,5,6,1,6,-51.215570266583136,-50.78434918742854
2004-11-14 14:30:00,23,-48.0,-47.99997208862316,0.0836997436247285,-57.0,5,6,1,6,-48.21558262820046,-47.78436154904586
2004-11-14 15:30:00,23,-45.0,-44.9999991387191,0.0836997436247285,-54.0,5,6,1,6,-45.215609678296396,-44.7843885991418
2004-11-14 16:30:00,23,-44.0,-44.00001786614859,0.0836997436247285,-54.0,5,6,1,6,-44.21562840572589,-43.78440732657129
2004-11-14 17:30:00,23,-41.0,-41.0000390414264,0.0836997436247285,-53.0,5,6,1,6,-41.215649581003696,-40.7844285018491
2004-11-14 18:30:00,23,-43.0,-43.0000099136352,0.0836997436247285,-52.0,5,6,1,6,-43.2156204532125,-42.784399374057905
2004-11-14 19:30:00,23,-44.0,-43.99998296701047,0.0836997436247285,-51.0,5,6,1,6,-44.215593506587766,-43.78437242743317
2004-11-14 20:30:00,23,-44.0,-43.99996084913507,0.0836997436247285,-48.0,5,6,1,6,-44.21557138871237,-43.78435030955777
2004-11-14 21:30:00,23,-42.0,-41.99997178329358,0.0836997436247285,-45.0,5,6,1,6,-42.21558232287088,-41.78436124371628
2004-11-14 22:30:00,23,-41.0,-40.99997385162419,0.0836997436247285,-44.0,5,6,1,6,-41.21558439120149,-40.78436331204689
2004-11-14 23:30:00,23,-40.0,-39.99996665878706,0.0836997436247285,-41.0,5,6,1,6,-40.21557719836436,-39.78435611920976
2004-11-15 00:30:00,23,-39.0,-38.99998184139812,0.0836997436247285,-43.0,5,6,1,6,-39.215592380975416,-38.78437130182082
2004-11-15 01:30:00,23,-39.0,-38.99996799583944,0.0836997436247285,-44.0,5,6,1,6,-39.21557853541674,-38.78435745626214
2004-11-15 02:30:00,23,-41.0,-40.99995516061813,0.0836997436247285,-44.0,5,6,1,6,-41.21556570019543,-40.78434462104083
2004-11-15 03:30:00,23,-39.0,-38.99996251412364,0.0836997436247285,-42.0,5,6,1,6,-39.215573053700936,-38.78435197454634
2004-11-15 04:30:00,23,-40.0,-39.99994473763716,0.0836997436247285,-41.0,5,6,1,6,-40.215555277214456,-39.78433419805986
2004-11-15 05:30:00,23,-41.0,-40.99993399723516,0.0836997436247285,-40.0,5,6,1,6,-41.21554453681246,-40.78432345765786
2004-11-15 06:30:00,23,-38.0,-37.99995652716908,0.0836997436247285,-39.0,5,6,1,6,-38.21556706674638,-37.784345987591784
2004-11-15 07:30:00,23,-38.0,-37.999955069775,0.0836997436247285,-39.0,5,6,1,6,-38.215565609352296,-37.7843445301977
2004-11-15 08:30:00,23,-38.0,-37.999965905727535,0.0836997436247285,-41.0,5,6,1,6,-38.21557644530483,-37.78435536615024
2004-11-15 09:30:00,23,-36.0,-35.99996544116999,0.0836997436247285,-39.0,5,6,1,6,-36.21557598074729,-35.78435490159269
2004-11-15 10:30:00,23,-37.0,-36.99996584873625,0.0836997436247285,-40.0,5,6,1,6,-37.21557638831355,-36.784355309158954
2004-11-15 11:30:00,23,-39.0,-38.99994887365822,0.0836997436247285,-41.0,5,6,1,6,-39.21555941323552,-38.78433833408092
2004-11-15 12:30:00,23,-41.0,-40.99992407581367,0.0836997436247285,-38.0,5,6,1,6,-41.215534615390965,-40.78431353623637
2004-11-15 13:30:00,23,-41.0,-40.99992369540889,0.0836997436247285,-38.0,5,6,1,6,-41.21553423498619,-40.78431315583159
2004-11-15 14:30:00,23,-40.0,-39.99993078110848,0.0836997436247285,-38.0,5,6,1,6,-40.21554132068578,-39.784320241531184
2004-11-15 15:30:00,23,-40.0,-39.999919327574176,0.0836997436247285,-36.0,5,6,1,6,-40.215529867151474,-39.78430878799688
2004-11-15 16:30:00,23,-41.0,-40.99990910848824,0.0836997436247285,-37.0,5,6,1,6,-41.21551964806554,-40.78429856891094
2004-11-15 17:30:00,23,-41.0,-40.99990752643221,0.0836997436247285,-39.0,5,6,1,6,-41.21551806600951,-40.78429698685491
2004-11-15 18:30:00,23,-41.0,-40.99992183887535,0.0836997436247285,-41.0,5,6,1,6,-41.21553237845265,-40.784311299298054
2004-11-15 19:30:00,23,-38.0,-37.99994633272457,0.0836997436247285,-41.0,5,6,1,6,-38.21555687230187,-37.78433579314727
2004-11-15 20:30:00,23,-36.0,-35.99996350565061,0.0836997436247285,-40.0,5,6,1,6,-36.21557404522791,-35.784352966073314
2004-11-15 21:30:00,23,-31.0,-31.000011831740533,0.0836997436247285,-40.0,5,6,1,6,-31.215622371317835,-30.78440129216323
2004-11-15 22:30:00,23,-28.0,-28.00004410574876,0.0836997436247285,-41.0,5,6,1,6,-28.21565464532606,-27.784433566171458
2004-11-15 23:30:00,23,-27.0,-27.00006645647232,0.0836997436247285,-41.0,5,6,1,6,-27.215676996049623,-26.78445591689502
2004-11-16 00:30:00,23,-24.0,-24.000084706323047,0.0836997436247285,-41.0,5,6,1,6,-24.21569524590035,-23.784474166745746
2004-11-16 01:30:00,23,-23.0,-23.00008043076069,0.0836997436247285,-38.0,5,6,1,6,-23.21569097033799,-22.784469891183388
2004-11-16 02:30:00,23,-23.0,-23.000068488730307,0.0836997436247285,-36.0,5,6,1,6,-23.21567902830761,-22.784457949153005
2004-11-16 03:30:00,23,-20.0,-20.00007868574625,0.0836997436247285,-31.0,5,6,1,6,-20.21568922532355,-19.784468146168948
2004-11-16 04:30:00,23,-21.0,-21.00004988172766,0.0836997436247285,-28.0,5,6,1,6,-21.21566042130496,-20.784439342150357
2004-11-16 05:30:00,23,-22.0,-22.00002899490689,0.0836997436247285,-27.0,5,6,1,6,-22.215639534484193,-21.78441845532959
2004-11-16 06:30:00,23,-23.0,-22.99998942864071,0.0836997436247285,-24.0,5,6,1,6,-23.21559996821801,-22.784378889063408
2004-11-16 07:30:00,23,-29.0,-28.99992354863292,0.0836997436247285,-23.0,5,6,1,6,-29.215534088210223,-28.78431300905562
2004-11-16 08:30:00,23,-34.0,-33.99988479909218,0.0836997436247285,-23.0,5,6,1,6,-34.21549533866948,-33.78427425951488
2004-11-16 09:30:00,23,-41.0,-40.999808378151926,0.0836997436247285,-20.0,5,6,1,6,-41.215418917729224,-40.78419783857463
2004-11-16 10:30:00,23,-38.0,-37.99982493634191,0.0836997436247285,-21.0,5,6,1,6,-38.21543547591921,-37.78421439676461
2004-11-16 11:30:00,23,-37.0,-36.99985467658859,0.0836997436247285,-22.0,5,6,1,6,-37.21546521616589,-36.78424413701129
2004-11-16 12:30:00,23,-35.0,-34.999880646086005,0.0836997436247285,-23.0,5,6,1,6,-35.2154911856633,-34.78427010650871
2004-11-16 13:30:00,23,-35.0,-34.99990615854418,0.0836997436247285,-29.0,5,6,1,6,-35.215516698121476,-34.78429561896688
2004-11-16 14:30:00,23,-36.0,-36.00002076681305,0.0836997436247285,-34.0,5,6,1,6,-36.21563130639035,-35.78441022723575
2004-11-16 15:30:00,23,-36.0,-35.99994054679952,0.0836997436247285,-41.0,5,6,1,6,-36.21555108637682,-35.78433000722222
2004-11-16 16:30:00,23,-34.0,-33.99995753804038,0.0836997436247285,-38.0,5,6,1,6,-34.215568077617675,-33.78434699846308
2004-11-16 17:30:00,23,-33.0,-32.99996937043952,0.0836997436247285,-37.0,5,6,1,6,-33.21557991001682,-32.784358830862224
2004-11-16 18:30:00,23,-32.0,-31.99997606054272,0.0836997436247285,-35.0,5,6,1,6,-32.21558660012002,-31.78436552096542
2004-11-16 19:30:00,23,-34.0,-33.999956367621955,0.0836997436247285,-35.0,5,6,1,6,-34.21556690719925,-33.78434582804466
2004-11-16 20:30:00,23,-32.0,-31.999993436632465,0.0836997436247285,-36.0,5,6,1,6,-32.21560397620976,-31.784382897055163
2004-11-16 21:30:00,23,-35.0,-34.99994615965384,0.0836997436247285,-36.0,5,6,1,6,-35.215556699231136,-34.78433562007654
2004-11-16 22:30:00,23,-35.0,-34.99994265444319,0.0836997436247285,-34.0,5,6,1,6,-35.21555319402049,-34.78433211486589
2004-11-16 23:30:00,23,-31.0,-30.99998282540176,0.0836997436247285,-33.0,5,6,1,6,-31.21559336497906,-30.784372285824457
2004-11-17 00:30:00,23,-29.0,-29.000036818894426,0.0836997436247285,-32.0,5,6,1,6,-29.215647358471728,-28.784426279317124
2004-11-17 01:30:00,23,-27.0,-27.0000014177839,0.0836997436247285,-34.0,5,6,1,6,-27.2156119573612,-26.784390878206597
2004-11-17 02:30:00,23,-30.0,-30.000043989604407,0.0836997436247285,-32.0,5,6,1,6,-30.21565452918171,-29.784433450027105
2004-11-17 03:30:00,23,-31.0,-30.999964842749613,0.0836997436247285,-35.0,5,6,1,6,-31.215575382326914,-30.78435430317231
2004-11-17 04:30:00,23,-31.0,-30.99996087641789,0.0836997436247285,-35.0,5,6,1,6,-31.215571415995193,-30.78435033684059
2004-11-17 05:30:00,23,-34.0,-33.99994408594147,0.0836997436247285,-31.0,5,6,1,6,-34.21555462551877,-33.784333546364174
2004-11-17 06:30:00,23,-35.0,-34.999914357775594,0.0836997436247285,-29.0,5,6,1,6,-35.21552489735289,-34.784303818198296
2004-11-17 07:30:00,23,-40.0,-39.99985368271854,0.0836997436247285,-27.0,5,6,1,6,-40.215464222295836,-39.78424314314124
2004-11-17 08:30:00,23,-40.0,-39.99996915635627,0.0836997436247285,-30.0,5,6,1,6,-40.21557969593357,-39.784358616778974
2004-11-17 09:30:00,23,-43.0,-42.999876138717575,0.0836997436247285,-31.0,5,6,1,6,-43.21548667829487,-42.78426559914028
2004-11-17 10:30:00,23,-46.0,-45.99981012373647,0.0836997436247285,-31.0,5,6,1,6,-46.215420663313765,-45.78419958415917
2004-11-17 11:30:00,23,-46.0,-45.99984855367276,0.0836997436247285,-34.0,5,6,1,6,-46.21545909325006,-45.784238014095465
2004-11-17 12:30:00,23,-41.0,-40.99988802367528,0.0836997436247285,-35.0,5,6,1,6,-41.21549856325258,-40.784277484097984
2004-11-17 13:30:00,23,-37.0,-37.0000144287793,0.0836997436247285,-40.0,5,6,1,6,-37.2156249683566,-36.784403889202004
2004-11-17 14:30:00,23,-34.0,-34.000015045286425,0.0836997436247285,-40.0,5,6,1,6,-34.21562558486372,-33.78440450570913
2004-11-17 15:30:00,23,-33.0,-33.000036941493576,0.0836997436247285,-43.0,5,6,1,6,-33.215647481070874,-32.78442640191628
2004-11-17 16:30:00,23,-33.0,-33.00001098738576,0.0836997436247285,-46.0,5,6,1,6,-33.215621526963055,-32.78440044780846
2004-11-17 17:30:00,23,-31.0,-31.00003051155237,0.0836997436247285,-46.0,5,6,1,6,-31.215641051129673,-30.78441997197507
2004-11-17 18:30:00,23,-29.0,-29.000038521383708,0.0836997436247285,-41.0,5,6,1,6,-29.21564906096101,-28.784427981806406
2004-11-17 19:30:00,23,-29.0,-29.00003048884028,0.0836997436247285,-37.0,5,6,1,6,-29.215641028417583,-28.78441994926298
2004-11-17 20:30:00,23,-30.0,-30.00000136686681,0.0836997436247285,-34.0,5,6,1,6,-30.215611906444114,-29.78439082728951
2004-11-17 21:30:00,23,-30.0,-29.999997008504515,0.0836997436247285,-33.0,5,6,1,6,-30.215607548081817,-29.784386468927213
2004-11-17 22:30:00,23,-30.0,-29.99998178234904,0.0836997436247285,-33.0,5,6,1,6,-30.21559232192634,-29.784371242771737
2004-11-17 23:30:00,23,-29.0,-28.99997751045816,0.0836997436247285,-31.0,5,6,1,6,-29.21558805003546,-28.784366970880857
2004-11-18 00:30:00,23,-27.0,-26.99998935188927,0.0836997436247285,-29.0,5,6,1,6,-27.21559989146657,-26.784378812311967
2004-11-18 01:30:00,23,-24.0,-24.00002317210264,0.0836997436247285,-29.0,5,6,1,6,-24.215633711679942,-23.78441263252534
2004-11-18 02:30:00,23,-23.0,-23.00003490050005,0.0836997436247285,-30.0,5,6,1,6,-23.215645440077353,-22.78442436092275
2004-11-18 03:30:00,23,-24.0,-24.000021526035724,0.0836997436247285,-30.0,5,6,1,6,-24.215632065613026,-23.784410986458422
2004-11-18 04:30:00,23,-24.0,-24.00001722886797,0.0836997436247285,-30.0,5,6,1,6,-24.215627768445273,-23.78440668929067
2004-11-18 05:30:00,23,-24.0,-24.00000377943112,0.0836997436247285,-29.0,5,6,1,6,-24.21561431900842,-23.784393239853816
2004-11-18 06:30:00,23,-23.0,-23.000016523133773,0.0836997436247285,-27.0,5,6,1,6,-23.215627062711075,-22.78440598355647
2015-03-08 09:30:00,35,-8.0,-17.75692454110186,19.072299956521256,-24.0,5,6,1,6,-66.8871692291006,31.373320146896894
2015-03-08 10:30:00,35,-12.0,-16.49360706883627,19.072299956521256,-23.0,5,6,1,6,-65.62385175683502,32.636637619162485
2015-03-08 11:30:00,35,-18.0,-17.485124982404944,19.072299956521256,-24.0,5,6,1,6,-66.6153696704037,31.64511970559381
2015-03-08 12:30:00,35,-21.0,-16.727684495999895,19.072299956521256,-24.0,5,6,1,6,-65.85792918399865,32.40256019199886
2015-03-08 13:30:00,35,-18.0,-16.16627909423245,19.072299956521256,-24.0,5,6,1,6,-65.2965237822312,32.963965593766304
2015-03-08 14:30:00,35,-21.0,-18.520463929903485,19.072299956521256,-23.0,5,6,1,6,-67.65070861790224,30.60978075809527
2015-03-08 15:30:00,35,-19.0,-14.353322112490744,19.072299956521256,-8.0,5,6,1,6,-63.4835668004895,34.77692257550801
2015-03-08 16:30:00,35,-17.0,-23.410241107311208,19.072299956521256,-12.0,5,6,1,6,-72.54048579530996,25.720003580687546
2015-03-08 17:30:00,35,-20.0,-27.21826310489589,19.072299956521256,-18.0,5,6,1,6,-76.34850779289465,21.911981583102865
2015-03-08 18:30:00,35,-21.0,-19.143723244464294,19.072299956521256,-21.0,5,6,1,6,-68.27396793246305,29.98652144353446
2015-03-08 19:30:00,35,-18.0,-21.67010393508429,19.072299956521256,-18.0,5,6,1,6,-70.80034862308304,27.460140752914466
2015-03-08 20:30:00,35,-15.0,-23.52294686616404,19.072299956521256,-21.0,5,6,1,6,-72.65319155416279,25.607297821834713
2015-03-08 21:30:00,35,-14.0,-21.56306622995011,19.072299956521256,-19.0,5,6,1,6,-70.69331091794886,27.567178458048645
2015-03-08 22:30:00,35,-13.0,-19.788959033071595,19.072299956521256,-17.0,5,6,1,6,-68.91920372107035,29.34128565492716
2015-03-08 23:30:00,35,-15.0,-22.21975301897548,19.072299956521256,-20.0,5,6,1,6,-71.34999770697424,26.910491669023273
2015-03-09 00:30:00,35,-18.0,-19.404557970263674,19.072299956521256,-21.0,5,6,1,6,-68.53480265826244,29.72568671773508
2015-03-09 01:30:00,35,-23.0,-20.39560248219857,19.072299956521256,-18.0,5,6,1,6,-69.52584717019732,28.734642205800185
2015-03-09 02:30:00,35,-21.0,-19.510943551349527,19.072299956521256,-15.0,5,6,1,6,-68.64118823934828,29.619301136649227
2015-03-09 03:30:00,35,-22.0,-18.019930531473264,19.072299956521256,-14.0,5,6,1,6,-67.15017521947202,31.11031415652549
2015-03-09 04:30:00,35,-19.0,-19.139290290289072,19.072299956521256,-13.0,5,6,1,6,-68.26953497828782,29.990954397709682
2015-03-09 05:30:00,35,-16.0,-21.34961315666098,19.072299956521256,-15.0,5,6,1,6,-70.47985784465973,27.780631531337775
2015-03-09 06:30:00,35,-17.0,-26.39287831389207,19.072299956521256,-18.0,5,6,1,6,-75.52312300189082,22.737366374106685
2015-03-09 07:30:00,35,-18.0,-24.079305487368188,19.072299956521256,-23.0,5,6,1,6,-73.20955017536694,25.050939200630566
2015-03-09 08:30:00,35,-17.0,-20.258863877708,19.072299956521256,-21.0,5,6,1,6,-69.38910856570675,28.871380810290756
2015-03-09 09:30:00,35,-16.0,-19.213622857384173,19.072299956521256,-22.0,5,6,1,6,-68.34386754538292,29.91662183061458
2015-03-09 10:30:00,35,-14.0,-17.790246697000704,19.072299956521256,-19.0,5,6,1,6,-66.92049138499945,31.33999799099805
2015-03-09 11:30:00,35,-11.0,-16.59637032955576,19.072299956521256,-16.0,5,6,1,6,-65.72661501755451,32.53387435844299
2015-03-09 12:30:00,35,-9.0,-16.47872949164873,19.072299956521256,-17.0,5,6,1,6,-65.60897417964748,32.651515196350026
2015-03-09 13:30:00,35,-9.0,-16.88294959364177,19.072299956521256,-18.0,5,6,1,6,-66.01319428164052,32.247295094356986
2015-03-09 14:30:00,35,-10.0,-16.67124651066179,19.072299956521256,-17.0,5,6,1,6,-65.80149119866054,32.458998177336966
2015-03-09 15:30:00,35,-9.0,-15.804391736538577,19.072299956521256,-16.0,5,6,1,6,-64.93463642453733,33.32585295146018
2015-03-09 16:30:00,35,-10.0,-15.397385479761542,19.072299956521256,-14.0,5,6,1,6,-64.5276301677603,33.732859208237215
2015-03-09 17:30:00,35,-10.0,-12.791471187018203,19.072299956521256,-11.0,5,6,1,6,-61.92171587501696,36.33877350098055
2015-03-09 18:30:00,35,-5.0,-11.636626518322696,19.072299956521256,-9.0,5,6,1,6,-60.766871206321454,37.493618169676054
2015-03-09 19:30:00,35,-4.0,-11.034308577157436,19.072299956521256,-9.0,5,6,1,6,-60.16455326515619,38.09593611084132
2015-03-09 20:30:00,35,-4.0,-13.325470357573248,19.072299956521256,-10.0,5,6,1,6,-62.455715045572006,35.8047743304255
2015-03-09 21:30:00,35,-4.0,-9.670488469951655,19.072299956521256,-9.0,5,6,1,6,-58.80073315795041,39.4597562180471
2015-03-09 22:30:00,35,-4.0,-10.902992283065505,19.072299956521256,-10.0,5,6,1,6,-60.033236971064255,38.22725240493325
2015-03-09 23:30:00,35,-3.0,-10.080762793737636,19.072299956521256,-10.0,5,6,1,6,-59.21100748173639,39.04948189426112
2015-03-10 00:30:00,35,-1.0,-8.635660157923265,19.072299956521256,-5.0,5,6,1,6,-57.76590484592202,40.494584530075485
2015-03-10 01:30:00,35,-4.0,-9.106253296620476,19.072299956521256,-4.0,5,6,1,6,-58.236497984619234,40.023991391378274
2015-03-10 02:30:00,35,-4.0,-8.670417412258004,19.072299956521256,-4.0,5,6,1,6,-57.80066210025676,40.45982727574075
2015-03-10 03:30:00,35,-6.0,-8.04082940933905,19.072299956521256,-4.0,5,6,1,6,-57.17107409733781,41.0894152786597
2015-03-10 04:30:00,35,-6.0,-5.436197024390559,19.072299956521256,-4.0,5,6,1,6,-54.56644171238931,43.694047663608195
2015-03-10 05:30:00,35,-4.0,-4.707854249192778,19.072299956521256,-3.0,5,6,1,6,-53.83809893719153,44.42239043880598
2015-03-10 06:30:00,35,-2.0,-3.877846079536326,19.072299956521256,-1.0,5,6,1,6,-53.00809076753508,45.25239860846243
2015-03-10 07:30:00,35,-1.0,-4.183565663161716,19.072299956521256,-4.0,5,6,1,6,-53.31381035116047,44.94667902483704
2015-03-10 08:30:00,35,1.0,-5.311908350956543,19.072299956521256,-4.0,5,6,1,6,-54.4421530389553,43.81833633704221
2015-03-10 09:30:00,35,-3.0,-7.037464752862942,19.072299956521256,-6.0,5,6,1,6,-56.1677094408617,42.09277993513581
2015-03-10 10:30:00,35,-7.0,-5.881247751341412,19.072299956521256,-6.0,5,6,1,6,-55.01149243934017,43.24899693665734
2015-03-10 11:30:00,35,-3.0,-6.260928627522151,19.072299956521256,-4.0,5,6,1,6,-55.3911733155209,42.869316060476606
2015-03-10 12:30:00,35,-5.0,-4.717469089566105,19.072299956521256,-2.0,5,6,1,6,-53.84771377756486,44.412775598432646
2015-03-10 13:30:00,35,-6.0,-3.801199695467112,19.072299956521256,-1.0,5,6,1,6,-52.931444383465866,45.32904499253164
2015-03-10 14:30:00,35,-6.0,-7.813579603940859,19.072299956521256,1.0,5,6,1,6,-56.94382429193961,41.316665084057895
2015-03-10 15:30:00,35,-7.0,-7.422254111392952,19.072299956521256,-3.0,5,6,1,6,-56.55249879939171,41.7079905766058
2015-03-10 16:30:00,35,-7.0,-6.014321482509768,19.072299956521256,-7.0,5,6,1,6,-55.144566170508526,43.11592320548898
2015-03-10 17:30:00,35,-6.0,-5.121745574225642,19.072299956521256,-3.0,5,6,1,6,-54.251990262224396,44.00849911377311
2015-03-10 18:30:00,35,-6.0,-5.311372183712887,19.072299956521256,-5.0,5,6,1,6,-54.441616871711645,43.818872504285864
2015-03-10 19:30:00,35,-8.0,-4.406858043666258,19.072299956521256,-6.0,5,6,1,6,-53.537102731665016,44.72338664433249
2015-03-10 20:30:00,35,-6.0,-4.591474042602677,19.072299956521256,-6.0,5,6,1,6,-53.72171873060143,44.53877064539608
2015-03-10 21:30:00,35,-4.0,-4.978595303113032,19.072299956521256,-7.0,5,6,1,6,-54.108839991111786,44.15164938488572
2015-03-10 22:30:00,35,-4.0,-5.331614624808669,19.072299956521256,-7.0,5,6,1,6,-54.46185931280742,43.79863006319009
2015-03-10 23:30:00,35,-5.0,-4.78654104749479,19.072299956521256,-6.0,5,6,1,6,-53.91678573549355,44.34370364050396
2015-03-11 00:30:00,35,-6.0,-5.463369214345811,19.072299956521256,-6.0,5,6,1,6,-54.593613902344565,43.666875473652944
2015-03-11 01:30:00,35,-6.0,-6.191750287203853,19.072299956521256,-8.0,5,6,1,6,-55.32199497520261,42.9384944007949
2015-03-11 02:30:00,35,-6.0,-5.411782265974111,19.072299956521256,-6.0,5,6,1,6,-54.542026953972865,43.71846242202464
2015-03-11 03:30:00,35,-6.0,-5.4335608687759205,19.072299956521256,-4.0,5,6,1,6,-54.563805556774675,43.696683819222834
2015-03-11 04:30:00,35,-5.0,-5.1815601366100985,19.072299956521256,-4.0,5,6,1,6,-54.311804824608856,43.94868455138865
2015-03-11 05:30:00,35,5.0,-3.790465712355044,19.072299956521256,-5.0,5,6,1,6,-52.9207104003538,45.33977897564371
2015-03-11 06:30:00,35,6.0,-4.0647897251575,19.072299956521256,-6.0,5,6,1,6,-53.19503441315625,45.06545496284126
2015-03-11 07:30:00,35,8.0,-6.856542350493925,19.072299956521256,-6.0,5,6,1,6,-55.98678703849268,42.27370233750483
2015-03-11 08:30:00,35,0.0,-8.191603042491412,19.072299956521256,-6.0,5,6,1,6,-57.32184773049016,40.938641645507346
2015-03-11 09:30:00,35,2.0,-6.343783487849244,19.072299956521256,-6.0,5,6,1,6,-55.474028175848,42.78646120014951
2015-03-11 10:30:00,35,1.0,-8.048097454197489,19.072299956521256,-5.0,5,6,1,6,-57.17834214219624,41.082147233801265
2015-03-11 11:30:00,35,2.0,-5.290042514595246,19.072299956521256,5.0,5,6,1,6,-54.420287202594,43.84020217340351
2015-03-11 12:30:00,35,-6.0,-5.54013474669139,19.072299956521256,6.0,5,6,1,6,-54.67037943469015,43.59010994130736
2015-03-11 13:30:00,35,-11.0,-4.043311120694401,19.072299956521256,8.0,5,6,1,6,-53.17355580869315,45.08693356730436
2015-03-11 14:30:00,35,-14.0,-3.4944630961970127,19.072299956521256,0.0,5,6,1,6,-52.62470778419576,45.635781591801745
2015-03-11 15:30:00,35,-14.0,-1.8421530971877544,19.072299956521256,2.0,5,6,1,6,-50.97239778518651,47.288091590811
2015-03-11 16:30:00,35,-12.0,-0.7819270534628764,19.072299956521256,1.0,5,6,1,6,-49.912171741461634,48.348317634535874
2015-03-11 17:30:00,35,-12.0,-5.589942981508742,19.072299956521256,2.0,5,6,1,6,-54.720187669507496,43.54030170649001
2015-03-11 18:30:00,35,-15.0,-10.397382317002895,19.072299956521256,-6.0,5,6,1,6,-59.52762700500165,38.73286237099586
2015-03-11 19:30:00,35,-20.0,-15.336492199946395,19.072299956521256,-11.0,5,6,1,6,-64.46673688794515,33.79375248805236
2015-03-11 20:30:00,35,-19.0,-19.07996934219242,19.072299956521256,-14.0,5,6,1,6,-68.21021403019117,30.050275345806334
2015-03-11 21:30:00,35,-16.0,-11.638779697888484,19.072299956521256,-14.0,5,6,1,6,-60.769024385887235,37.49146499011027
2015-03-11 22:30:00,35,-15.0,-12.493079222389436,19.072299956521256,-12.0,5,6,1,6,-61.623323910388194,36.637165465609314
2015-03-11 23:30:00,35,-14.0,-17.28627501973815,19.072299956521256,-12.0,5,6,1,6,-66.41651970773691,31.843969668260605
2015-03-12 00:30:00,35,-15.0,-12.548102321945674,19.072299956521256,-15.0,5,6,1,6,-61.67834700994443,36.58214236605308
2015-03-12 01:30:00,35,-12.0,-12.7160077751215,19.072299956521256,-20.0,5,6,1,6,-61.84625246312025,36.41423691287726
2015-03-12 02:30:00,35,-8.0,-14.529167947227371,19.072299956521256,-19.0,5,6,1,6,-63.659412635226126,34.60107674077138
2015-03-12 03:30:00,35,-10.0,-13.149026653806988,19.072299956521256,-16.0,5,6,1,6,-62.27927134180574,35.98121803419177
2015-03-12 04:30:00,35,-11.0,-12.91070031400217,19.072299956521256,-15.0,5,6,1,6,-62.040945002000925,36.219544373996584
2015-03-12 05:30:00,35,-7.0,-12.84470493478113,19.072299956521256,-14.0,5,6,1,6,-61.97494962277989,36.28553975321762
2015-03-12 06:30:00,35,-12.0,-12.5920169723784,19.072299956521256,-15.0,5,6,1,6,-61.72226166037716,36.53822771562035
2015-03-12 07:30:00,35,-22.0,-10.465305345123744,19.072299956521256,-12.0,5,6,1,6,-59.5955500331225,38.66493934287501
2015-03-12 08:30:00,35,-24.0,-15.980572675802488,19.072299956521256,-8.0,5,6,1,6,-65.11081736380125,33.14967201219626
2015-03-12 09:30:00,35,-23.0,-15.658890414615492,19.072299956521256,-10.0,5,6,1,6,-64.78913510261424,33.47135427338326
2015-03-12 10:30:00,35,-19.0,-10.639900122958512,19.072299956521256,-11.0,5,6,1,6,-59.77014481095726,38.490344565040246
2015-03-12 11:30:00,35,-19.0,-16.07269237844108,19.072299956521256,-7.0,5,6,1,6,-65.20293706643983,33.05755230955768
2015-03-12 12:30:00,35,-15.0,-19.459401283581464,19.072299956521256,-12.0,5,6,1,6,-68.58964597158021,29.67084340441729
2015-03-12 13:30:00,35,-17.0,-17.574154276625244,19.072299956521256,-22.0,5,6,1,6,-66.704398964624,31.55609041137351
2015-03-12 14:30:00,35,-18.0,-30.25017530456616,19.072299956521256,-24.0,5,6,1,6,-79.38041999256491,18.880069383432595
2015-03-12 15:30:00,35,-13.0,-21.452807266058404,19.072299956521256,-23.0,5,6,1,6,-70.58305195405715,27.67743742194035
2015-03-12 16:30:00,35,-9.0,-18.780262491228022,19.072299956521256,-19.0,5,6,1,6,-67.91050717922678,30.349982196770732
2015-03-12 17:30:00,35,-9.0,-22.032545545028057,19.072299956521256,-19.0,5,6,1,6,-71.16279023302681,27.097699142970697
2015-03-12 18:30:00,35,-9.0,-19.45459173574701,19.072299956521256,-15.0,5,6,1,6,-68.58483642374577,29.675652952251745
2015-03-12 19:30:00,35,-8.0,-19.721174302057243,19.072299956521256,-17.0,5,6,1,6,-68.851418990056,29.40907038594151
2015-03-12 20:30:00,35,-8.0,-16.23400425110862,19.072299956521256,-18.0,5,6,1,6,-65.36424893910737,32.89624043689014
2015-03-12 21:30:00,35,-11.0,-17.402465865674742,19.072299956521256,-13.0,5,6,1,6,-66.5327105536735,31.727778822324012
2015-03-12 22:30:00,35,-13.0,-12.199263828161872,19.072299956521256,-9.0,5,6,1,6,-61.32950851616063,36.93098085983688
2015-03-12 23:30:00,35,-15.0,-10.588404663441878,19.072299956521256,-9.0,5,6,1,6,-59.71864935144063,38.541840024556876
2015-03-13 00:30:00,35,-13.0,-9.570174131841087,19.072299956521256,-9.0,5,6,1,6,-58.70041881983984,39.56007055615767
2015-03-13 01:30:00,35,-12.0,-8.189743478320956,19.072299956521256,-8.0,5,6,1,6,-57.31998816631971,40.9405012096778
2015-03-13 02:30:00,35,-9.0,-7.185442656816242,19.072299956521256,-8.0,5,6,1,6,-56.315687344815,41.94480203118251
2015-03-13 03:30:00,35,-3.0,-8.686485408385327,19.072299956521256,-11.0,5,6,1,6,-57.81673009638408,40.44375927961343
2015-03-13 04:30:00,35,-2.0,-9.496017095688844,19.072299956521256,-13.0,5,6,1,6,-58.626261783687596,39.63422759230991
2015-03-13 05:30:00,35,1.0,-11.236488308619151,19.072299956521256,-15.0,5,6,1,6,-60.366732996617905,37.8937563793796
2015-03-13 06:30:00,35,1.0,-12.07719854667079,19.072299956521256,-13.0,5,6,1,6,-61.20744323466954,37.05304614132797
2015-03-13 07:30:00,35,0.0,-11.514444216203035,19.072299956521256,-12.0,5,6,1,6,-60.644688904201786,37.61580047179572
2015-03-13 08:30:00,35,-1.0,-10.31991466088586,19.072299956521256,-9.0,5,6,1,6,-59.45015934888461,38.8103300271129
2015-03-13 09:30:00,35,-2.0,-9.408711196180295,19.072299956521256,-3.0,5,6,1,6,-58.538955884179046,39.72153349181846
2015-03-13 10:30:00,35,-2.0,-7.23633811965545,19.072299956521256,-2.0,5,6,1,6,-56.366582807654204,41.893906568343304
2015-03-13 11:30:00,35,0.0,-4.421866471193024,19.072299956521256,1.0,5,6,1,6,-53.55211115919178,44.70837821680573
2015-03-13 12:30:00,35,-3.0,-3.0011764661473066,19.072299956521256,1.0,5,6,1,6,-52.13142115414606,46.12906822185145
2015-03-13 13:30:00,35,-16.0,-3.8560483279043822,19.072299956521256,0.0,5,6,1,6,-52.98629301590314,45.27419636009437
2015-03-13 14:30:00,35,-20.0,-3.327625722212911,19.072299956521256,-1.0,5,6,1,6,-52.45787041021167,45.80261896578584
2015-03-13 15:30:00,35,-11.0,-3.546479829422754,19.072299956521256,-2.0,5,6,1,6,-52.676724517421505,45.583764858576004
2015-03-13 16:30:00,35,-7.0,-5.424380068552217,19.072299956521256,-2.0,5,6,1,6,-54.55462475655097,43.70586461944654
2015-03-13 17:30:00,35,-10.0,-4.389530480045902,19.072299956521256,0.0,5,6,1,6,-53.51977516804466,44.74071420795285
2015-03-13 18:30:00,35,-15.0,-27.007399910881915,19.072299956521256,-3.0,5,6,1,6,-76.13764459888067,22.12284477711684
2015-03-13 19:30:00,35,-15.0,-21.483185821236624,19.072299956521256,-16.0,5,6,1,6,-70.61343050923537,27.64705886676213
2015-03-13 20:30:00,35,-11.0,-13.914226671710496,19.072299956521256,-20.0,5,6,1,6,-63.04447135970925,35.21601801628826
2015-03-13 21:30:00,35,-10.0,-14.229527053344531,19.072299956521256,-11.0,5,6,1,6,-63.35977174134329,34.90071763465422
2015-03-13 22:30:00,35,-7.0,-11.266083889409812,19.072299956521256,-7.0,5,6,1,6,-60.39632857740857,37.86416079858894
2015-03-13 23:30:00,35,-10.0,-8.82522081032895,19.072299956521256,-10.0,5,6,1,6,-57.955465498327705,40.305023877669804
2015-03-14 00:30:00,35,-12.0,-10.621581075466953,19.072299956521256,-15.0,5,6,1,6,-59.7518257634657,38.508663612531805
2015-03-14 01:30:00,35,-11.0,-16.198768276020616,19.072299956521256,-15.0,5,6,1,6,-65.32901296401937,32.93147641197814
2015-03-14 02:30:00,35,-12.0,-10.350046408920178,19.072299956521256,-11.0,5,6,1,6,-59.48029109691893,38.780198279078576
2015-03-14 03:30:00,35,-13.0,-10.324148679992504,19.072299956521256,-10.0,5,6,1,6,-59.45439336799126,38.80609600800625
2015-03-14 04:30:00,35,-14.0,-8.923564946583866,19.072299956521256,-7.0,5,6,1,6,-58.05380963458262,40.20667974141489
2015-03-14 05:30:00,35,-15.0,-7.777767036301146,19.072299956521256,-10.0,5,6,1,6,-56.9080117242999,41.35247765169761
2015-03-14 06:30:00,35,-12.0,-6.428634081805502,19.072299956521256,-12.0,5,6,1,6,-55.55887876980425,42.701610606193256
2015-03-14 07:30:00,35,-9.0,-7.267969859383324,19.072299956521256,-11.0,5,6,1,6,-56.39821454738208,41.862274828615426
2015-03-14 08:30:00,35,-8.0,-11.91446114998242,19.072299956521256,-12.0,5,6,1,6,-61.044705837981176,37.21578353801633
2015-03-14 09:30:00,35,-7.0,-13.4341165644384,19.072299956521256,-13.0,5,6,1,6,-62.56436125243715,35.69612812356036
2015-03-14 10:30:00,35,-5.0,-11.318875086431945,19.072299956521256,-14.0,5,6,1,6,-60.4491197744307,37.81136960156681
2015-03-14 11:30:00,35,-4.0,-11.449465852626703,19.072299956521256,-15.0,5,6,1,6,-60.579710540625456,37.68077883537205
2015-03-14 12:30:00,35,-4.0,-15.251969263750151,19.072299956521256,-12.0,5,6,1,6,-64.38221395174891,33.8782754242486
2015-03-14 13:30:00,35,-4.0,-8.400840181680131,19.072299956521256,-9.0,5,6,1,6,-57.531084869678885,40.72940450631862
2015-03-14 14:30:00,35,1.0,-7.950863950090145,19.072299956521256,-8.0,5,6,1,6,-57.0811086380889,41.17938073790861
2015-03-14 15:30:00,35,3.0,-6.48230612501364,19.072299956521256,-7.0,5,6,1,6,-55.61255081301239,42.64793856298512
2015-03-14 16:30:00,35,4.0,-7.481849526054805,19.072299956521256,-5.0,5,6,1,6,-56.612094214053556,41.64839516194395
2015-03-14 17:30:00,35,2.0,-4.236873878597372,19.072299956521256,-4.0,5,6,1,6,-53.367118566596126,44.89337080940138
2015-03-14 18:30:00,35,3.0,-9.857917219269474,19.072299956521256,-4.0,5,6,1,6,-58.98816190726823,39.27232746872928
2015-03-14 19:30:00,35,2.0,-3.9589881833906304,19.072299956521256,-4.0,5,6,1,6,-53.089232871389385,45.171256504608124
2015-03-14 20:30:00,35,-1.0,-2.8849154078335744,19.072299956521256,1.0,5,6,1,6,-52.01516009583233,46.24532928016518
2015-03-14 21:30:00,35,-3.0,-1.076591379159563,19.072299956521256,3.0,5,6,1,6,-50.20683606715832,48.05365330883919
2015-03-14 22:30:00,35,-5.0,0.5399017969143998,19.072299956521256,4.0,5,6,1,6,-48.590342891084354,49.670146484913154
2015-03-14 23:30:00,35,-11.0,1.7570610141502954,19.072299956521256,2.0,5,6,1,6,-47.37318367384846,50.88730570214905
2015-03-15 00:30:00,35,-11.0,1.453607375423687,19.072299956521256,3.0,5,6,1,6,-47.67663731257507,50.58385206342244
2015-03-15 01:30:00,35,-11.0,0.7270645902581805,19.072299956521256,2.0,5,6,1,6,-48.403180097740574,49.857309278256935
2015-03-15 02:30:00,35,-11.0,0.9269209303307236,19.072299956521256,-1.0,5,6,1,6,-48.20332375766803,50.05716561832948
2015-03-15 03:30:00,35,-12.0,-1.0765658473860569,19.072299956521256,-3.0,5,6,1,6,-50.20681053538481,48.0536788406127
2015-03-15 04:30:00,35,-11.0,-8.097986539630948,19.072299956521256,-5.0,5,6,1,6,-57.228231227629706,41.0322581483678
2015-03-15 05:30:00,35,-11.0,-8.651928152943064,19.072299956521256,-11.0,5,6,1,6,-57.78217284094182,40.47831653505569
2015-03-15 06:30:00,35,-9.0,-10.799907747529382,19.072299956521256,-11.0,5,6,1,6,-59.930152435528136,38.33033694046937
2015-03-15 07:30:00,35,-9.0,-12.03935620303724,19.072299956521256,-11.0,5,6,1,6,-61.169600891036,37.09088848496151
2015-03-15 08:30:00,35,-7.0,-8.179390344163703,19.072299956521256,-11.0,5,6,1,6,-57.30963503216246,40.95085434383505
2015-03-15 09:30:00,35,-6.0,-7.55200232906197,19.072299956521256,-12.0,5,6,1,6,-56.682247017060725,41.578242358936784
2015-03-15 10:30:00,35,-7.0,-11.213786306675493,19.072299956521256,-11.0,5,6,1,6,-60.34403099467425,37.91645838132326
2015-03-15 11:30:00,35,-5.0,-14.669492702071828,19.072299956521256,-11.0,5,6,1,6,-63.79973739007058,34.460751985926926
2015-03-15 12:30:00,35,-5.0,-13.28577483271262,19.072299956521256,-9.0,5,6,1,6,-62.41601952071137,35.844469855286135
2015-03-15 13:30:00,35,-3.0,-10.758993080483773,19.072299956521256,-9.0,5,6,1,6,-59.88923776848253,38.37125160751498
2015-03-15 14:30:00,35,1.0,-13.117133213400663,19.072299956521256,-7.0,5,6,1,6,-62.24737790139942,36.01311147459809
2015-03-15 15:30:00,35,4.0,-11.202582113401329,19.072299956521256,-6.0,5,6,1,6,-60.33282680140008,37.92766257459743
2015-03-15 16:30:00,35,-1.0,-12.773488307877823,19.072299956521256,-7.0,5,6,1,6,-61.90373299587658,36.35675638012093
2015-03-15 17:30:00,35,0.0,-10.99877473137851,19.072299956521256,-5.0,5,6,1,6,-60.129019419377265,38.13146995662024
2015-03-15 18:30:00,35,2.0,-10.066043726310625,19.072299956521256,-5.0,5,6,1,6,-59.19628841430938,39.06420096168813
2015-03-15 19:30:00,35,1.0,-3.700823655570568,19.072299956521256,-3.0,5,6,1,6,-52.83106834356932,45.42942103242819
2015-03-15 20:30:00,35,-2.0,-1.5191038222942197,19.072299956521256,1.0,5,6,1,6,-50.649348510292974,47.611140865704535
2015-03-15 21:30:00,35,-7.0,-1.3019028974189837,19.072299956521256,4.0,5,6,1,6,-50.43214758541774,47.82834179057977
2015-03-15 22:30:00,35,-7.0,-4.8021920246548255,19.072299956521256,-1.0,5,6,1,6,-53.93243671265358,44.328052663343925
2015-03-15 23:30:00,35,-2.0,0.8245257526792997,19.072299956521256,0.0,5,6,1,6,-48.305718935319454,49.954770440678054
2015-03-16 00:30:00,35,4.0,-0.0269354896667479,19.072299956521256,2.0,5,6,1,6,-49.1571801776655,49.103309198332006
2015-03-16 01:30:00,35,10.0,-1.1092890704313731,19.072299956521256,1.0,5,6,1,6,-50.23953375843013,48.02095561756738
2015-03-16 02:30:00,35,15.0,-3.584909403846975,19.072299956521256,-2.0,5,6,1,6,-52.71515409184573,45.545335284151776
2015-03-16 03:30:00,35,10.0,0.9751355569516562,19.072299956521256,-7.0,5,6,1,6,-48.1551091310471,50.10538024495041
2015-03-16 04:30:00,35,7.0,-1.502057108182445,19.072299956521256,-7.0,5,6,1,6,-50.632301796181196,47.62818757981631
2015-03-16 05:30:00,35,15.0,-1.9703226001949008,19.072299956521256,-2.0,5,6,1,6,-51.10056728819365,47.15992208780386
2015-03-16 06:30:00,35,1.0,-0.587819617725085,19.072299956521256,4.0,5,6,1,6,-49.71806430572384,48.542425070273666
2015-03-16 07:30:00,35,-10.0,-0.0716735397950891,19.072299956521256,10.0,5,6,1,6,-49.20191822779384,49.05857114820367
2015-03-16 08:30:00,35,-2.0,3.872983339450279,19.072299956521256,15.0,5,6,1,6,-45.257261348548475,53.00322802744903
2015-03-16 09:30:00,35,5.0,-13.945966921475776,19.072299956521256,10.0,5,6,1,6,-63.07621160947453,35.18427776652298
2015-03-16 10:30:00,35,11.0,3.8755875803480393,19.072299956521256,7.0,5,6,1,6,-45.254657107650715,53.00583226834679
2015-03-16 11:30:00,35,19.0,-1.6552030686232015,19.072299956521256,15.0,5,6,1,6,-50.785447756621956,47.47504161937555
2015-03-16 12:30:00,35,17.0,-30.452767267787628,19.072299956521256,1.0,5,6,1,6,-79.58301195578639,18.677477420211126
2015-03-16 13:30:00,35,11.0,-6.285626363094973,19.072299956521256,-10.0,5,6,1,6,-55.41587105109373,42.84461832490378
2015-03-16 14:30:00,35,7.0,-5.405988681035723,19.072299956521256,-2.0,5,6,1,6,-54.53623336903448,43.72425600696303
2015-03-16 15:30:00,35,12.0,-6.796683107505828,19.072299956521256,5.0,5,6,1,6,-55.92692779550458,42.333561580492926
2015-03-16 16:30:00,35,17.0,-1.958507772004349,19.072299956521256,11.0,5,6,1,6,-51.0887524600031,47.17173691599441
2015-03-16 17:30:00,35,17.0,-3.047227274963486,19.072299956521256,19.0,5,6,1,6,-52.177471962962244,46.083017413035265
2015-03-16 18:30:00,35,15.0,2.274998571521394,19.072299956521256,17.0,5,6,1,6,-46.85524611647736,51.40524325952015
2015-03-16 19:30:00,35,16.0,6.754205682100015,19.072299956521256,11.0,5,6,1,6,-42.37603900589874,55.88445037009877
2015-03-16 20:30:00,35,11.0,5.764479247972439,19.072299956521256,7.0,5,6,1,6,-43.365765440026316,54.89472393597119
2015-03-16 21:30:00,35,9.0,1.7559737861284432,19.072299956521256,12.0,5,6,1,6,-47.37427090187031,50.8862184741272
2015-03-16 22:30:00,35,6.0,1.7262590570614122,19.072299956521256,17.0,5,6,1,6,-47.40398563093734,50.85650374506017
2015-03-16 23:30:00,35,3.0,3.93434044648415,19.072299956521256,17.0,5,6,1,6,-45.195904241514604,53.064585134482904
2015-03-17 00:30:00,35,4.0,5.020313156143445,19.072299956521256,15.0,5,6,1,6,-44.10993153185531,54.1505578441422
2015-03-17 01:30:00,35,3.0,4.822833398654879,19.072299956521256,16.0,5,6,1,6,-44.307411289343875,53.95307808665363
2015-03-17 02:30:00,35,3.0,3.551300014439392,19.072299956521256,11.0,5,6,1,6,-45.57894467355936,52.681544702438146
2015-03-17 03:30:00,35,2.0,2.124927062140486,19.072299956521256,9.0,5,6,1,6,-47.00531762585827,51.25517175013924
2015-03-17 04:30:00,35,13.0,0.8743063280753489,19.072299956521256,6.0,5,6,1,6,-48.255938359923405,50.0045510160741
2015-03-17 05:30:00,35,45.0,-0.3591336500671005,19.072299956521256,3.0,5,6,1,6,-49.489378338065855,48.771111037931654
2015-03-17 06:30:00,35,25.0,-0.4591075645309068,19.072299956521256,4.0,5,6,1,6,-49.58935225252966,48.67113712346785
2015-03-17 07:30:00,35,-18.0,-0.564709107405303,19.072299956521256,3.0,5,6,1,6,-49.69495379540406,48.56553558059345
2015-03-17 08:30:00,35,-54.0,-1.3685812515813467,19.072299956521256,3.0,5,6,1,6,-50.4988259395801,47.76166343641741
2015-03-17 09:30:00,35,-83.0,-1.2527797651907484,19.072299956521256,2.0,5,6,1,6,-50.383024453189506,47.877464922808
2015-03-17 10:30:00,35,-75.0,-4.600010165545317,19.072299956521256,13.0,5,6,1,6,-53.73025485354407,44.53023452245344
2015-03-17 11:30:00,35,-54.0,-21.850966763315125,19.072299956521256,45.0,5,6,1,6,-70.98121145131388,27.27927792468363
2015-03-17 12:30:00,35,-55.0,-61.65588995430362,19.072299956521256,25.0,5,6,1,6,-110.78613464230237,-12.525645266304863
2015-03-17 13:30:00,35,-75.0,-91.94113288329784,19.072299956521256,-18.0,5,6,1,6,-141.07137757129658,-42.810888195299086
2015-03-17 14:30:00,35,-93.0,-132.0608724160476,19.072299956521256,-54.0,5,6,1,6,-181.19111710404636,-82.93062772804885
2015-03-17 15:30:00,35,-118.0,-95.8321581446431,19.072299956521256,-83.0,5,6,1,6,-144.96240283264186,-46.70191345664435
2015-03-17 16:30:00,35,-143.0,-77.31615429695259,19.072299956521256,-75.0,5,6,1,6,-126.44639898495134,-28.185909608953835
2015-03-17 17:30:00,35,-162.0,-60.05185202840568,19.072299956521256,-54.0,5,6,1,6,-109.18209671640443,-10.92160734040693
2015-03-17 18:30:00,35,-154.0,-74.04029584179017,19.072299956521256,-55.0,5,6,1,6,-123.17054052978892,-24.910051153791414
2015-03-17 19:30:00,35,-177.0,-89.24982012729171,19.072299956521256,-75.0,5,6,1,6,-138.38006481529047,-40.11957543929296
2015-03-17 20:30:00,35,-182.0,-124.557084182223,19.072299956521256,-93.0,5,6,1,6,-173.68732887022173,-75.42683949422424
2015-03-17 21:30:00,35,-198.0,-134.45338682669663,19.072299956521256,-118.0,5,6,1,6,-183.58363151469538,-85.32314213869788
2015-03-17 22:30:00,35,-234.0,-140.87043214236112,19.072299956521256,-143.0,5,6,1,6,-190.00067683035988,-91.74018745436237
2015-03-17 23:30:00,35,-225.0,-144.54155223848718,19.072299956521256,-162.0,5,6,1,6,-193.67179692648594,-95.41130755048843
2015-03-18 00:30:00,35,-200.0,-121.4627523814026,19.072299956521256,-154.0,5,6,1,6,-170.59299706940135,-72.33250769340384
2015-03-18 01:30:00,35,-189.0,-131.4874883572096,19.072299956521256,-177.0,5,6,1,6,-180.61773304520835,-82.35724366921085
2015-03-18 02:30:00,35,-172.0,-131.0144186364822,19.072299956521256,-182.0,5,6,1,6,-180.14466332448094,-81.88417394848344
2015-03-18 03:30:00,35,-155.0,-141.8169800921921,19.072299956521256,-198.0,5,6,1,6,-190.94722478019085,-92.68673540419334
2015-03-18 04:30:00,35,-148.0,-157.34189837583054,19.072299956521256,-234.0,5,6,1,6,-206.4721430638293,-108.21165368783178
2015-03-18 05:30:00,35,-136.0,-148.31292709858562,19.072299956521256,-225.0,5,6,1,6,-197.44317178658437,-99.18268241058686
2015-03-18 06:30:00,35,-133.0,-130.01896882979335,19.072299956521256,-200.0,5,6,1,6,-179.1492135177921,-80.8887241417946
2015-03-18 07:30:00,35,-124.0,-122.99906727807218,19.072299956521256,-189.0,5,6,1,6,-172.12931196607093,-73.86882259007342
2015-03-18 08:30:00,35,-123.0,-111.29131934561326,19.072299956521256,-172.0,5,6,1,6,-160.42156403361201,-62.161074657614506
2015-03-18 09:30:00,35,-117.0,-103.94339833375574,19.072299956521256,-155.0,5,6,1,6,-153.0736430217545,-54.813153645756984
2015-03-18 10:30:00,35,-111.0,-99.58817138768126,19.072299956521256,-148.0,5,6,1,6,-148.71841607568,-50.4579266996825
2015-03-18 11:30:00,35,-99.0,-95.95183407766343,19.072299956521256,-136.0,5,6,1,6,-145.08207876566217,-46.82158938966468
2015-03-18 12:30:00,35,-97.0,-92.97504630677554,19.072299956521256,-133.0,5,6,1,6,-142.1052909947743,-43.844801618776785
2015-03-18 13:30:00,35,-91.0,-91.8308526429282,19.072299956521256,-124.0,5,6,1,6,-140.96109733092698,-42.70060795492945
2015-03-18 14:30:00,35,-88.0,-90.387294679411,19.072299956521256,-123.0,5,6,1,6,-139.51753936740977,-41.257049991412245
2015-03-18 15:30:00,35,-91.0,-88.47946269113972,19.072299956521256,-117.0,5,6,1,6,-137.60970737913846,-39.34921800314096
2015-03-18 16:30:00,35,-86.0,-86.10744603932156,19.072299956521256,-111.0,5,6,1,6,-135.2376907273203,-36.977201351322805
2015-03-18 17:30:00,35,-82.0,-80.85098153080057,19.072299956521256,-99.0,5,6,1,6,-129.98122621879932,-31.720736842801813
2015-03-18 18:30:00,35,-88.0,-77.20352087812469,19.072299956521256,-97.0,5,6,1,6,-126.33376556612345,-28.073276190125938
2015-03-18 19:30:00,35,-94.0,-73.65450223350219,19.072299956521256,-91.0,5,6,1,6,-122.78474692150094,-24.52425754550343
2015-03-18 20:30:00,35,-95.0,-76.91156504806759,19.072299956521256,-88.0,5,6,1,6,-126.04180973606634,-27.781320360068833
2015-03-18 21:30:00,35,-94.0,-74.66368813433797,19.072299956521256,-91.0,5,6,1,6,-123.79393282233673,-25.53344344633922
2015-03-18 22:30:00,35,-94.0,-70.42531586031129,19.072299956521256,-86.0,5,6,1,6,-119.55556054831004,-21.295071172312532
2015-03-18 23:30:00,35,-93.0,-69.42673841136781,19.072299956521256,-82.0,5,6,1,6,-118.55698309936656,-20.296493723369053
2015-03-19 00:30:00,35,-99.0,-74.65872220439078,19.072299956521256,-88.0,5,6,1,6,-123.78896689238954,-25.52847751639203
2015-03-19 01:30:00,35,-94.0,-74.11818051687447,19.072299956521256,-94.0,5,6,1,6,-123.24842520487323,-24.98793582887572
2015-03-19 02:30:00,35,-86.0,-76.44180594730494,19.072299956521256,-95.0,5,6,1,6,-125.5720506353037,-27.31156125930619
2015-03-19 03:30:00,35,-81.0,-78.44705867268932,19.072299956521256,-94.0,5,6,1,6,-127.57730336068808,-29.31681398469057
2015-03-19 04:30:00,35,-86.0,-78.85181387810212,19.072299956521256,-94.0,5,6,1,6,-127.98205856610087,-29.721569190103367
2015-03-19 05:30:00,35,-84.0,-77.9536401284765,19.072299956521256,-93.0,5,6,1,6,-127.08388481647525,-28.82339544047774
2015-03-19 06:30:00,35,-81.0,-78.94649420485872,19.072299956521256,-99.0,5,6,1,6,-128.07673889285746,-29.81624951685997
2015-03-19 07:30:00,35,-73.0,-77.28083534360069,19.072299956521256,-94.0,5,6,1,6,-126.41108003159944,-28.15059065560193
2015-03-19 08:30:00,35,-71.0,-73.57306864190033,19.072299956521256,-86.0,5,6,1,6,-122.70331332989909,-24.44282395390158
2015-03-19 09:30:00,35,-76.0,-69.57206952146751,19.072299956521256,-81.0,5,6,1,6,-118.70231420946627,-20.441824833468758
2015-03-19 10:30:00,35,-75.0,-69.46259353196336,19.072299956521256,-86.0,5,6,1,6,-118.59283821996212,-20.33234884396461
2015-03-19 11:30:00,35,-76.0,-67.02226449247837,19.072299956521256,-84.0,5,6,1,6,-116.15250918047713,-17.892019804479617
2015-03-19 12:30:00,35,-77.0,-66.75548299109957,19.072299956521256,-81.0,5,6,1,6,-115.88572767909832,-17.625238303100815
2015-03-19 13:30:00,35,-83.0,-63.51426264199551,19.072299956521256,-73.0,5,6,1,6,-112.64450732999427,-14.384017953996754
2015-03-19 14:30:00,35,-84.0,-65.19318951488623,19.072299956521256,-71.0,5,6,1,6,-114.32343420288498,-16.062944826887474
2015-03-19 15:30:00,35,-80.0,-65.4298435235263,19.072299956521256,-76.0,5,6,1,6,-114.56008821152506,-16.299598835527547
2015-03-19 16:30:00,35,-73.0,-62.04945798762459,19.072299956521256,-75.0,5,6,1,6,-111.17970267562335,-12.919213299625838
2015-03-19 17:30:00,35,-72.0,-67.48803638127828,19.072299956521256,-76.0,5,6,1,6,-116.61828106927703,-18.357791693279523
2015-03-19 18:30:00,35,-71.0,-63.37644638389815,19.072299956521256,-77.0,5,6,1,6,-112.50669107189691,-14.246201695899394
2015-03-19 19:30:00,35,-70.0,-65.89033246285797,19.072299956521256,-83.0,5,6,1,6,-115.02057715085672,-16.760087774859215
2015-03-19 20:30:00,35,-71.0,-64.45630636145022,19.072299956521256,-84.0,5,6,1,6,-113.58655104944897,-15.326061673451463
2015-03-19 21:30:00,35,-69.0,-63.99215361262025,19.072299956521256,-80.0,5,6,1,6,-113.12239830061901,-14.861908924621495
2015-03-19 22:30:00,35,-65.0,-62.500987402102936,19.072299956521256,-73.0,5,6,1,6,-111.63123209010169,-13.370742714104182
2015-03-19 23:30:00,35,-70.0,-61.738561836920574,19.072299956521256,-72.0,5,6,1,6,-110.86880652491934,-12.60831714892182
2015-03-20 00:30:00,35,-75.0,-59.78454287037438,19.072299956521256,-71.0,5,6,1,6,-108.91478755837313,-10.654298182375626
2015-03-20 01:30:00,35,-81.0,-59.5716546875741,19.072299956521256,-70.0,5,6,1,6,-108.70189937557285,-10.441409999575349
2015-03-20 02:30:00,35,-74.0,-63.03761209003366,19.072299956521256,-71.0,5,6,1,6,-112.16785677803242,-13.907367402034907
2015-03-20 03:30:00,35,-69.0,-58.48533729897245,19.072299956521256,-69.0,5,6,1,6,-107.61558198697121,-9.3550926109737
2015-03-20 04:30:00,35,-65.0,-55.25264881751545,19.072299956521256,-65.0,5,6,1,6,-104.3828935055142,-6.1224041295166955
2015-03-20 05:30:00,35,-64.0,-57.509368235469786,19.072299956521256,-70.0,5,6,1,6,-106.63961292346855,-8.379123547471032
2015-03-20 06:30:00,35,-71.0,-62.23359313815995,19.072299956521256,-75.0,5,6,1,6,-111.3638378261587,-13.103348450161192
2015-03-20 07:30:00,35,-68.0,-61.6121646645244,19.072299956521256,-81.0,5,6,1,6,-110.74240935252315,-12.481919976525646
2015-03-20 08:30:00,35,-63.0,-61.04482950835987,19.072299956521256,-74.0,5,6,1,6,-110.17507419635862,-11.914584820361114
2015-03-20 09:30:00,35,-61.0,-59.022713046573855,19.072299956521256,-69.0,5,6,1,6,-108.15295773457261,-9.892468358575101
2015-03-20 10:30:00,35,-62.0,-56.32872370964505,19.072299956521256,-65.0,5,6,1,6,-105.4589683976438,-7.198479021646293
2015-03-20 11:30:00,35,-65.0,-58.48318837470225,19.072299956521256,-64.0,5,6,1,6,-107.613433062701,-9.352943686703497
2015-03-20 12:30:00,35,-58.0,-54.63167353285967,19.072299956521256,-71.0,5,6,1,6,-103.76191822085843,-5.501428844860918
2015-03-20 13:30:00,35,-57.0,-55.51634948489104,19.072299956521256,-68.0,5,6,1,6,-104.64659417288979,-6.386104796892283
2015-03-20 14:30:00,35,-55.0,-54.30012004974037,19.072299956521256,-63.0,5,6,1,6,-103.43036473773913,-5.169875361741617
2015-03-20 15:30:00,35,-56.0,-54.61380980199566,19.072299956521256,-61.0,5,6,1,6,-103.74405448999441,-5.483565113996903
2015-03-20 16:30:00,35,-62.0,-52.67234821271951,19.072299956521256,-62.0,5,6,1,6,-101.80259290071827,-3.5421035247207584
2015-03-20 17:30:00,35,-66.0,-51.89408018207581,19.072299956521256,-65.0,5,6,1,6,-101.02432487007457,-2.763835494077057
2015-03-20 18:30:00,35,-64.0,-49.68092754414016,19.072299956521256,-58.0,5,6,1,6,-98.81117223213892,-0.5506828561414068
2015-03-20 19:30:00,35,-60.0,-48.430055747635535,19.072299956521256,-57.0,5,6,1,6,-97.56030043563429,0.7001889403632191
2015-03-20 20:30:00,35,-59.0,-48.67527566628735,19.072299956521256,-55.0,5,6,1,6,-97.8055203542861,0.4549690217114062
2015-03-20 21:30:00,35,-56.0,-49.12582636278125,19.072299956521256,-56.0,5,6,1,6,-98.25607105078001,0.004418325217507402
2015-03-20 22:30:00,35,-56.0,-53.2717108511013,19.072299956521256,-62.0,5,6,1,6,-102.40195553910004,-4.1414661631025425
2015-03-20 23:30:00,35,-65.0,-51.453346452495495,19.072299956521256,-66.0,5,6,1,6,-100.58359114049425,-2.323101764496741
2015-03-21 00:30:00,35,-69.0,-51.05176995288437,19.072299956521256,-64.0,5,6,1,6,-100.18201464088312,-1.9215252648856165
2015-03-21 01:30:00,35,-65.0,-51.93045444873268,19.072299956521256,-60.0,5,6,1,6,-101.06069913673144,-2.800209760733928
2015-03-21 02:30:00,35,-64.0,-49.677576498867325,19.072299956521256,-59.0,5,6,1,6,-98.80782118686608,-0.5473318108685703
2015-03-21 03:30:00,35,-58.0,-50.13112505110056,19.072299956521256,-56.0,5,6,1,6,-99.26136973909931,-1.0008803631018068
2015-03-21 04:30:00,35,-48.0,-53.72909555230402,19.072299956521256,-56.0,5,6,1,6,-102.85934024030277,-4.598850864305263
2015-03-21 05:30:00,35,-46.0,-57.11477467591293,19.072299956521256,-65.0,5,6,1,6,-106.2450193639117,-7.984529987914179
2015-03-21 06:30:00,35,-49.0,-55.6225680456252,19.072299956521256,-69.0,5,6,1,6,-104.75281273362395,-6.4923233576264465
2015-03-21 07:30:00,35,-46.0,-53.65835551850618,19.072299956521256,-65.0,5,6,1,6,-102.78860020650492,-4.528110830507423
2015-03-21 08:30:00,35,-45.0,-52.631118653800655,19.072299956521256,-64.0,5,6,1,6,-101.76136334179941,-3.500873965801901
2015-03-21 09:30:00,35,-44.0,-50.17676628771672,19.072299956521256,-58.0,5,6,1,6,-99.30701097571547,-1.0465215997179627
2015-03-21 10:30:00,35,-50.0,-47.28171848971273,19.072299956521256,-48.0,5,6,1,6,-96.41196317771148,1.8485261982860237
2015-03-21 11:30:00,35,-48.0,-46.57441495970894,19.072299956521256,-46.0,5,6,1,6,-95.7046596477077,2.5558297282898153
2015-03-21 12:30:00,35,-46.0,-47.7034384947973,19.072299956521256,-49.0,5,6,1,6,-96.83368318279605,1.4268061932014575
2015-03-21 13:30:00,35,-45.0,-46.60382543514167,19.072299956521256,-46.0,5,6,1,6,-95.73407012314043,2.5264192528570817
2015-03-21 14:30:00,35,-46.0,-43.835119490691255,19.072299956521256,-45.0,5,6,1,6,-92.96536417869001,5.295125197307499
2015-03-21 15:30:00,35,-46.0,-42.8710312124607,19.072299956521256,-44.0,5,6,1,6,-92.00127590045946,6.259213475538054
2015-03-21 16:30:00,35,-46.0,-43.56237951167016,19.072299956521256,-50.0,5,6,1,6,-92.69262419966891,5.567865176328596
2015-03-21 17:30:00,35,-44.0,-43.54615300578231,19.072299956521256,-48.0,5,6,1,6,-92.67639769378107,5.584091682216446
2015-03-21 18:30:00,35,-44.0,-42.10962585439473,19.072299956521256,-46.0,5,6,1,6,-91.23987054239348,7.020618833604026
2015-03-21 19:30:00,35,-44.0,-41.922871569427066,19.072299956521256,-45.0,5,6,1,6,-91.05311625742581,7.207373118571688
2015-03-21 20:30:00,35,-47.0,-41.29584738209782,19.072299956521256,-46.0,5,6,1,6,-90.42609207009657,7.834397305900936
2015-03-21 21:30:00,35,-40.0,-41.44697101331201,19.072299956521256,-46.0,5,6,1,6,-90.57721570131076,7.683273674686745
2015-03-21 22:30:00,35,-43.0,-41.28103363434404,19.072299956521256,-46.0,5,6,1,6,-90.4112783223428,7.849211053654713
2015-03-21 23:30:00,35,-41.0,-40.37723066057198,19.072299956521256,-44.0,5,6,1,6,-89.50747534857074,8.753014027426772
2015-03-22 00:30:00,35,-39.0,-40.4847146398306,19.072299956521256,-44.0,5,6,1,6,-89.61495932782935,8.645530048168155
2015-03-22 01:30:00,35,-42.0,-40.443653165087326,19.072299956521256,-44.0,5,6,1,6,-89.57389785308608,8.686591522911428
2015-03-22 02:30:00,35,-36.0,-40.68189333515656,19.072299956521256,-47.0,5,6,1,6,-89.81213802315531,8.448351352842195
2015-03-22 03:30:00,35,-33.0,-39.27675696738438,19.072299956521256,-40.0,5,6,1,6,-88.40700165538314,9.853487720614375
2015-03-22 04:30:00,35,-40.0,-40.554749358385294,19.072299956521256,-43.0,5,6,1,6,-89.68499404638405,8.57549532961346
2015-03-22 05:30:00,35,-43.0,-40.622542599990815,19.072299956521256,-41.0,5,6,1,6,-89.75278728798958,8.507702088007939
2015-03-22 06:30:00,35,-45.0,-40.56699929054936,19.072299956521256,-39.0,5,6,1,6,-89.69724397854812,8.563245397449393
2015-03-22 07:30:00,35,-56.0,-40.14547768862143,19.072299956521256,-42.0,5,6,1,6,-89.2757223766202,8.984766999377321
2015-03-22 08:30:00,35,-50.0,-38.130977674019846,19.072299956521256,-36.0,5,6,1,6,-87.2612223620186,10.999267013978908
2015-03-22 09:30:00,35,-50.0,-44.35913361015712,19.072299956521256,-33.0,5,6,1,6,-93.48937829815588,4.771111077841631
2015-03-22 10:30:00,35,-45.0,-42.85421002901491,19.072299956521256,-40.0,5,6,1,6,-91.98445471701366,6.276034658983846
2015-03-22 11:30:00,35,-33.0,-41.28708891996088,19.072299956521256,-43.0,5,6,1,6,-90.41733360795963,7.8431557680378745
2015-03-22 12:30:00,35,-41.0,-54.3226114145526,19.072299956521256,-45.0,5,6,1,6,-103.45285610255135,-5.192366726553843
2015-03-22 13:30:00,35,-48.0,-49.42041302933352,19.072299956521256,-56.0,5,6,1,6,-98.55065771733227,-0.29016834133476266
2015-03-22 14:30:00,35,-55.0,-45.30818367379182,19.072299956521256,-50.0,5,6,1,6,-94.43842836179057,3.8220610142069376
2015-03-22 15:30:00,35,-51.0,-48.519383976370655,19.072299956521256,-50.0,5,6,1,6,-97.6496286643694,0.6108607116280993
2015-03-22 16:30:00,35,-49.0,-45.02831075554709,19.072299956521256,-45.0,5,6,1,6,-94.15855544354585,4.101933932451665
2015-03-22 17:30:00,35,-52.0,-40.35728715399102,19.072299956521256,-33.0,5,6,1,6,-89.48753184198978,8.772957534007737
2015-03-22 18:30:00,35,-54.0,-46.8393358330934,19.072299956521256,-41.0,5,6,1,6,-95.96958052109215,2.2909088549053536
2015-03-22 19:30:00,35,-52.0,-44.92588366317878,19.072299956521256,-48.0,5,6,1,6,-94.05612835117753,4.204361024819974
2015-03-22 20:30:00,35,-47.0,-45.16715253988032,19.072299956521256,-55.0,5,6,1,6,-94.29739722787907,3.9630921481184345
2015-03-22 21:30:00,35,-46.0,-44.958321781419926,19.072299956521256,-51.0,5,6,1,6,-94.08856646941868,4.171922906578828
2015-03-22 22:30:00,35,-45.0,-44.53136563511855,19.072299956521256,-49.0,5,6,1,6,-93.6616103231173,4.598879052880207
2015-03-22 23:30:00,35,-44.0,-44.50914980069543,19.072299956521256,-52.0,5,6,1,6,-93.6393944886942,4.621094887303322
2015-03-23 00:30:00,35,-40.0,-44.60414501932529,19.072299956521256,-54.0,5,6,1,6,-93.73438970732404,4.526099668673467
2015-03-23 01:30:00,35,-45.0,-43.92515516231731,19.072299956521256,-52.0,5,6,1,6,-93.05539985031606,5.205089525681444
2015-03-23 02:30:00,35,-46.0,-42.371269086355184,19.072299956521256,-47.0,5,6,1,6,-91.50151377435394,6.75897560164357
2015-03-23 03:30:00,35,-47.0,-40.601134739816814,19.072299956521256,-46.0,5,6,1,6,-89.73137942781557,8.52910994818194
2015-03-23 04:30:00,35,-50.0,-39.642912386549575,19.072299956521256,-45.0,5,6,1,6,-88.77315707454832,9.487332301449179
2015-03-23 05:30:00,35,-47.0,-39.23563219511929,19.072299956521256,-44.0,5,6,1,6,-88.36587688311803,9.894612492879467
2015-03-23 06:30:00,35,-44.0,-38.87480866132155,19.072299956521256,-40.0,5,6,1,6,-88.0050533493203,10.255436026677202
2015-03-23 07:30:00,35,-46.0,-49.6155715230807,19.072299956521256,-45.0,5,6,1,6,-98.74581621107946,-0.48532683508194907
2015-03-23 08:30:00,35,-47.0,-43.777619809104806,19.072299956521256,-46.0,5,6,1,6,-92.90786449710356,5.352624878893948
2015-03-23 09:30:00,35,-44.0,-43.31523407176633,19.072299956521256,-47.0,5,6,1,6,-92.44547875976508,5.815010616232428
2015-03-23 10:30:00,35,-46.0,-45.67537951272744,19.072299956521256,-50.0,5,6,1,6,-94.80562420072619,3.4548651752713155
2015-03-23 11:30:00,35,-42.0,-40.04135379713877,19.072299956521256,-47.0,5,6,1,6,-89.17159848513752,9.088890890859986
2015-03-23 12:30:00,35,-36.0,-38.79391602417089,19.072299956521256,-44.0,5,6,1,6,-87.92416071216965,10.336328663827864
2015-03-23 13:30:00,35,-35.0,-40.64034356524496,19.072299956521256,-46.0,5,6,1,6,-89.77058825324372,8.489901122753793
2015-03-23 14:30:00,35,-32.0,-43.1995772654256,19.072299956521256,-47.0,5,6,1,6,-92.32982195342436,5.930667422573151
2015-03-23 15:30:00,35,-37.0,-43.23070794409839,19.072299956521256,-44.0,5,6,1,6,-92.36095263209714,5.899536743900363
2015-03-23 16:30:00,35,-39.0,-43.04204515906105,19.072299956521256,-46.0,5,6,1,6,-92.1722898470598,6.088199528937707
2015-03-23 17:30:00,35,-35.0,-40.63246169399844,19.072299956521256,-42.0,5,6,1,6,-89.76270638199719,8.497782994000318
2015-03-23 18:30:00,35,-36.0,-38.12577451134381,19.072299956521256,-36.0,5,6,1,6,-87.25601919934257,11.00447017665494
2015-03-23 19:30:00,35,-37.0,-38.55190991750932,19.072299956521256,-35.0,5,6,1,6,-87.68215460550807,10.578334770489434
2015-03-23 20:30:00,35,-40.0,-35.8958844660942,19.072299956521256,-32.0,5,6,1,6,-85.02612915409296,13.234360221904552
2015-03-23 21:30:00,35,-50.0,-33.00906946824447,19.072299956521256,-37.0,5,6,1,6,-82.13931415624322,16.121175219754285
2015-03-23 22:30:00,35,-47.0,-32.85429645564356,19.072299956521256,-39.0,5,6,1,6,-81.98454114364232,16.27594823235519
2015-03-23 23:30:00,35,-47.0,-31.76817015640925,19.072299956521256,-35.0,5,6,1,6,-80.89841484440801,17.362074531589503
2015-03-24 00:30:00,35,-48.0,-31.74865909424207,19.072299956521256,-36.0,5,6,1,6,-80.87890378224083,17.381585593756686
2015-03-24 01:30:00,35,-48.0,-34.35246428962231,19.072299956521256,-37.0,5,6,1,6,-83.48270897762106,14.777780398376443
2015-03-24 02:30:00,35,-45.0,-40.94777590534313,19.072299956521256,-40.0,5,6,1,6,-90.07802059334188,8.182468782655626
2015-03-24 03:30:00,35,-40.0,-39.89973330478881,19.072299956521256,-50.0,5,6,1,6,-89.02997799278756,9.230511383209944
2015-03-24 04:30:00,35,-34.0,-40.703787894763046,19.072299956521256,-47.0,5,6,1,6,-89.83403258276181,8.426456793235708
2015-03-24 05:30:00,35,-33.0,-39.92550656632064,19.072299956521256,-47.0,5,6,1,6,-89.0557512543194,9.204738121678112
2015-03-24 06:30:00,35,-32.0,-39.801328530571816,19.072299956521256,-48.0,5,6,1,6,-88.93157321857058,9.328916157426939
2015-03-24 07:30:00,35,-29.0,-39.78603765780063,19.072299956521256,-48.0,5,6,1,6,-88.91628234579937,9.344207030198127
2015-03-24 08:30:00,35,-30.0,-38.79364634481322,19.072299956521256,-45.0,5,6,1,6,-87.92389103281198,10.336598343185535
2015-03-24 09:30:00,35,-29.0,-36.19593971938458,19.072299956521256,-40.0,5,6,1,6,-85.32618440738334,12.934304968614171
2015-03-24 10:30:00,35,-26.0,-34.77193829650616,19.072299956521256,-34.0,5,6,1,6,-83.90218298450492,14.358306391492597
2015-03-24 11:30:00,35,-31.0,-33.011466928372414,19.072299956521256,-33.0,5,6,1,6,-82.14171161637117,16.11877775962634
2015-03-24 12:30:00,35,-32.0,-30.9973605286124,19.072299956521256,-32.0,5,6,1,6,-80.12760521661116,18.132884159386354
2015-03-24 13:30:00,35,-30.0,-30.16413588740596,19.072299956521256,-29.0,5,6,1,6,-79.29438057540472,18.966108800592796
2015-03-24 14:30:00,35,-28.0,-29.54565367405078,19.072299956521256,-30.0,5,6,1,6,-78.67589836204954,19.584591013947975
2015-03-24 15:30:00,35,-26.0,-28.300058444071013,19.072299956521256,-29.0,5,6,1,6,-77.43030313206977,20.83018624392774
2015-03-24 16:30:00,35,-33.0,-28.684754186098164,19.072299956521256,-26.0,5,6,1,6,-77.81499887409691,20.44549050190059
2015-03-24 17:30:00,35,-34.0,-33.53557592763201,19.072299956521256,-31.0,5,6,1,6,-82.66582061563076,15.594668760366744
2015-03-24 18:30:00,35,-31.0,-30.40761007104421,19.072299956521256,-32.0,5,6,1,6,-79.53785475904297,18.722634616954544
2015-03-24 19:30:00,35,-31.0,-30.38033575399493,19.072299956521256,-30.0,5,6,1,6,-79.51058044199368,18.749908934003823
2015-03-24 20:30:00,35,-28.0,-29.23692453262321,19.072299956521256,-28.0,5,6,1,6,-78.36716922062196,19.893320155375545
2015-03-24 21:30:00,35,-28.0,-30.970109349732866,19.072299956521256,-26.0,5,6,1,6,-80.10035403773162,18.16013533826589
2015-03-24 22:30:00,35,-34.0,-32.09321902129358,19.072299956521256,-33.0,5,6,1,6,-81.22346370929233,17.037025666705176
2015-03-24 23:30:00,35,-34.0,-28.162035006269885,19.072299956521256,-34.0,5,6,1,6,-77.29227969426864,20.96820968172887
2015-03-25 00:30:00,35,-30.0,-27.19958608066328,19.072299956521256,-31.0,5,6,1,6,-76.32983076866203,21.930658607335474
2015-03-25 01:30:00,35,-30.0,-26.60509309616609,19.072299956521256,-31.0,5,6,1,6,-75.73533778416484,22.525151591832664
2015-03-25 02:30:00,35,-36.0,-26.45794231529204,19.072299956521256,-28.0,5,6,1,6,-75.5881870032908,22.672302372706714
2015-03-25 03:30:00,35,-34.0,-27.54834266000708,19.072299956521256,-28.0,5,6,1,6,-76.67858734800583,21.581902027991674
2015-03-25 04:30:00,35,-32.0,-30.08670918850893,19.072299956521256,-34.0,5,6,1,6,-79.21695387650769,19.043535499489824
2015-03-25 05:30:00,35,-34.0,-30.23883121844965,19.072299956521256,-34.0,5,6,1,6,-79.3690759064484,18.891413469549104
2015-03-25 06:30:00,35,-33.0,-30.217601814734223,19.072299956521256,-30.0,5,6,1,6,-79.34784650273298,18.91264287326453
2015-03-25 07:30:00,35,-32.0,-32.342038122142014,19.072299956521256,-30.0,5,6,1,6,-81.47228281014077,16.78820656585674
2015-03-25 08:30:00,35,-31.0,-30.983688795811137,19.072299956521256,-36.0,5,6,1,6,-80.11393348380989,18.146555892187617
2015-03-25 09:30:00,35,-28.0,-30.32698658133928,19.072299956521256,-34.0,5,6,1,6,-79.45723126933804,18.803258106659474
2015-03-25 10:30:00,35,-17.0,-31.72804630945244,19.072299956521256,-32.0,5,6,1,6,-80.85829099745119,17.402198378546313
2015-03-25 11:30:00,35,-13.0,-31.35159473719744,19.072299956521256,-34.0,5,6,1,6,-80.4818394251962,17.778649950801313
2015-03-25 12:30:00,35,-5.0,-29.70787378636965,19.072299956521256,-33.0,5,6,1,6,-78.8381184743684,19.422370901629105
2015-03-25 13:30:00,35,-5.0,-28.392501017262084,19.072299956521256,-32.0,5,6,1,6,-77.52274570526083,20.73774367073667
2015-03-25 14:30:00,35,-4.0,-27.432201813793608,19.072299956521256,-31.0,5,6,1,6,-76.56244650179237,21.698042874205147
2015-03-25 15:30:00,35,-12.0,-26.815644589778493,19.072299956521256,-28.0,5,6,1,6,-75.94588927777724,22.31460009822026
2015-03-25 16:30:00,35,-22.0,-24.744083189035663,19.072299956521256,-17.0,5,6,1,6,-73.87432787703442,24.38616149896309
2015-03-25 17:30:00,35,-17.0,-23.14984680460483,19.072299956521256,-13.0,5,6,1,6,-72.28009149260359,25.980397883393923
2015-03-25 18:30:00,35,-17.0,-21.821360544285504,19.072299956521256,-5.0,5,6,1,6,-70.95160523228427,27.30888414371325
2015-03-25 19:30:00,35,-22.0,-19.715369015056,19.072299956521256,-5.0,5,6,1,6,-68.84561370305475,29.414875672942753
2015-03-25 20:30:00,35,-28.0,-22.02593600716133,19.072299956521256,-4.0,5,6,1,6,-71.15618069516009,27.104308680837423
2015-03-25 21:30:00,35,-32.0,-21.069376410643763,19.072299956521256,-12.0,5,6,1,6,-70.19962109864252,28.06086827735499
2015-03-25 22:30:00,35,-33.0,-19.96629634891061,19.072299956521256,-22.0,5,6,1,6,-69.09654103690937,29.163948339088144
2015-03-25 23:30:00,35,-31.0,-19.145071109340705,19.072299956521256,-17.0,5,6,1,6,-68.27531579733946,29.98517357865805
2015-03-26 00:30:00,35,-29.0,-19.37945704543421,19.072299956521256,-17.0,5,6,1,6,-68.50970173343296,29.750787642564543
2015-03-26 01:30:00,35,-25.0,-21.63144031940292,19.072299956521256,-22.0,5,6,1,6,-70.76168500740167,27.498804368595835
2015-03-26 02:30:00,35,-25.0,-22.58835736074959,19.072299956521256,-28.0,5,6,1,6,-71.71860204874835,26.541887327249164
2015-03-26 03:30:00,35,-23.0,-24.05667369780167,19.072299956521256,-32.0,5,6,1,6,-73.18691838580042,25.073570990197084
2015-03-26 04:30:00,35,-23.0,-25.457710620190067,19.072299956521256,-33.0,5,6,1,6,-74.58795530818882,23.672534067808687
2015-03-26 05:30:00,35,-26.0,-26.012292123575712,19.072299956521256,-31.0,5,6,1,6,-75.14253681157447,23.117952564423042
2015-03-26 06:30:00,35,-27.0,-26.34113072811205,19.072299956521256,-29.0,5,6,1,6,-75.4713754161108,22.789113959886706
2015-03-26 07:30:00,35,-21.0,-25.415019367237903,19.072299956521256,-25.0,5,6,1,6,-74.54526405523666,23.71522532076085
2015-03-26 08:30:00,35,-18.0,-24.739410342571865,19.072299956521256,-25.0,5,6,1,6,-73.86965503057061,24.39083434542689
2015-03-26 09:30:00,35,-15.0,-22.97733499395872,19.072299956521256,-23.0,5,6,1,6,-72.10757968195747,26.152909694040034
2015-03-26 10:30:00,35,-15.0,-23.44084625697931,19.072299956521256,-23.0,5,6,1,6,-72.57109094497807,25.689398431019445
2015-03-26 11:30:00,35,-10.0,-24.15490081342801,19.072299956521256,-26.0,5,6,1,6,-73.28514550142677,24.975343874570743
2015-03-26 12:30:00,35,-9.0,-23.57767209502936,19.072299956521256,-27.0,5,6,1,6,-72.70791678302811,25.552572592969394
2015-03-26 13:30:00,35,-13.0,-21.066232811030662,19.072299956521256,-21.0,5,6,1,6,-70.19647749902941,28.06401187696809
2015-03-26 14:30:00,35,-11.0,-19.815005697344727,19.072299956521256,-18.0,5,6,1,6,-68.94525038534348,29.315238990654027
2015-03-26 15:30:00,35,-16.0,-18.227869805508693,19.072299956521256,-15.0,5,6,1,6,-67.35811449350744,30.90237488249006
2015-03-26 16:30:00,35,-20.0,-17.01165100859698,19.072299956521256,-15.0,5,6,1,6,-66.14189569659574,32.11859367940177
2015-03-26 17:30:00,35,-20.0,-14.137033948518395,19.072299956521256,-10.0,5,6,1,6,-63.26727863651715,34.99321073948036
2015-03-26 18:30:00,35,-21.0,-12.16459593503441,19.072299956521256,-9.0,5,6,1,6,-61.29484062303317,36.96564875296434
2015-03-26 19:30:00,35,-20.0,-13.845241947341291,19.072299956521256,-13.0,5,6,1,6,-62.97548663534005,35.28500274065746
2015-03-26 20:30:00,35,-27.0,-11.93808442342014,19.072299956521256,-11.0,5,6,1,6,-61.06832911141889,37.19216026457862
2015-03-26 21:30:00,35,-30.0,-14.205801652812784,19.072299956521256,-16.0,5,6,1,6,-63.336046340811535,34.92444303518597
2015-03-26 22:30:00,35,-31.0,-15.460919170486914,19.072299956521256,-20.0,5,6,1,6,-64.59116385848567,33.66932551751184
2015-03-26 23:30:00,35,-29.0,-16.694414467471965,19.072299956521256,-20.0,5,6,1,6,-65.82465915547073,32.43583022052679
2015-03-27 00:30:00,35,-28.0,-17.198913801387,19.072299956521256,-21.0,5,6,1,6,-66.32915848938575,31.931330886611754
2015-03-27 01:30:00,35,-29.0,-20.82826178840716,19.072299956521256,-20.0,5,6,1,6,-69.95850647640592,28.301982899591593
2015-03-27 02:30:00,35,-27.0,-26.636220583367194,19.072299956521256,-27.0,5,6,1,6,-75.76646527136595,22.49402410463156
2015-03-27 03:30:00,35,-27.0,-24.586445232193448,19.072299956521256,-30.0,5,6,1,6,-73.71668992019221,24.543799455805306
2015-03-27 04:30:00,35,-25.0,-27.753040462630963,19.072299956521256,-31.0,5,6,1,6,-76.88328515062972,21.37720422536779
2015-03-27 05:30:00,35,-30.0,-28.26027249417921,19.072299956521256,-29.0,5,6,1,6,-77.39051718217796,20.869972193819546
2015-03-27 06:30:00,35,-35.0,-27.391611081124378,19.072299956521256,-28.0,5,6,1,6,-76.52185576912314,21.738633606874377
2015-03-27 07:30:00,35,-29.0,-27.047029478660985,19.072299956521256,-29.0,5,6,1,6,-76.17727416665974,22.08321520933777
2015-03-27 08:30:00,35,-23.0,-27.32225561412737,19.072299956521256,-27.0,5,6,1,6,-76.45250030212613,21.807989073871383
2015-03-27 09:30:00,35,-27.0,-25.40542739907834,19.072299956521256,-27.0,5,6,1,6,-74.5356720870771,23.724817288920413
2015-03-27 10:30:00,35,-23.0,-27.14856774616407,19.072299956521256,-25.0,5,6,1,6,-76.27881243416283,21.981676941834685
2015-03-27 11:30:00,35,-22.0,-29.37906204338669,19.072299956521256,-30.0,5,6,1,6,-78.50930673138544,19.751182644612065
2015-03-27 12:30:00,35,-22.0,-25.38866951315437,19.072299956521256,-35.0,5,6,1,6,-74.51891420115312,23.741575174844385
2015-03-27 13:30:00,35,-23.0,-24.90089455471057,19.072299956521256,-29.0,5,6,1,6,-74.03113924270932,24.229350133288186
2015-03-27 14:30:00,35,-29.0,-24.994159995685315,19.072299956521256,-23.0,5,6,1,6,-74.12440468368408,24.13608469231344
2015-03-27 15:30:00,35,-30.0,-23.98755174014987,19.072299956521256,-27.0,5,6,1,6,-73.11779642814862,25.142692947848886
2015-03-27 16:30:00,35,-26.0,-25.230828365948,19.072299956521256,-23.0,5,6,1,6,-74.36107305394675,23.899416322050755
2015-03-27 17:30:00,35,-23.0,-21.638559428915904,19.072299956521256,-22.0,5,6,1,6,-70.76880411691465,27.49168525908285
2015-03-27 18:30:00,35,-23.0,-24.582680359425005,19.072299956521256,-22.0,5,6,1,6,-73.71292504742377,24.54756432857375
2015-03-27 19:30:00,35,-23.0,-28.704632799421468,19.072299956521256,-23.0,5,6,1,6,-77.83487748742021,20.425611888577286
2015-03-27 20:30:00,35,-21.0,-24.71058816175369,19.072299956521256,-29.0,5,6,1,6,-73.84083284975245,24.419656526245063
2015-03-27 21:30:00,35,-20.0,-22.26410702867731,19.072299956521256,-30.0,5,6,1,6,-71.39435171667606,26.866137659321446
2015-03-27 22:30:00,35,-21.0,-21.661291217928657,19.072299956521256,-26.0,5,6,1,6,-70.79153590592742,27.468953470070097
