time,event_no,DST_true,DST_pred,sigma_nT,DST_persist,DST_p10,DST_p90,DST_p025,DST_p975,fold,L_value,L_idx,H,DST_p005,DST_p995
2001-11-15 18:30:00,15,-10.0,-9.999918472653723,0.1013409942794212,,-10.166624408243374,-9.833212537064076,-10.19854682144139,-9.80129012386606,3,30,5,6,-10.260972873917513,-9.738864071389933
2001-11-15 19:30:00,15,-20.0,-19.999807570035504,0.1013409942794212,,-20.16651350562515,-19.833101634445857,-20.19843591882317,-19.80117922124784,3,30,5,6,-20.260861971299292,-19.738753168771716
2001-11-15 20:30:00,15,-24.0,-23.99976539837614,0.1013409942794212,,-24.166471333965788,-23.83305946278649,-24.19839374716381,-23.80113704958848,3,30,5,6,-24.26081979963993,-23.738710997112353
2001-11-15 21:30:00,15,-20.0,-19.99978364518359,0.1013409942794212,,-20.16648958077324,-19.833077709593944,-20.198411993971256,-19.80115529639593,3,30,5,6,-20.26083804644738,-19.738729243919803
2001-11-15 22:30:00,15,-22.0,-21.999748494259705,0.1013409942794212,,-22.166454429849352,-21.83304255867006,-22.19837684304737,-21.80112014547204,3,30,5,6,-22.260802895523494,-21.738694092995917
2001-11-15 23:30:00,15,-16.0,-15.99995929083559,0.1013409942794212,,-16.166665226425238,-15.833253355245942,-16.198587639623256,-15.801330942047926,3,30,5,6,-16.26101369209938,-15.738904889571801
2001-11-16 00:30:00,15,-12.0,-12.000122102147586,0.1013409942794212,-10.0,-12.166828037737234,-11.833416166557935,-12.19875045093525,-11.80149375335992,3,30,5,6,-12.261176503411376,-11.739067700883796
2001-11-16 01:30:00,15,-16.0,-16.000000871620756,0.1013409942794212,-20.0,-16.166706807210403,-15.833294936031107,-16.19862922040842,-15.801372522833091,3,30,5,6,-16.261055272884544,-15.738946470356966
2001-11-16 02:30:00,15,-23.0,-22.99983661017339,0.1013409942794212,-24.0,-23.16654254576304,-22.833130674583742,-23.19846495896105,-22.801208261385725,3,30,5,6,-23.260891011437177,-22.7387822089096
2001-11-16 03:30:00,15,-27.0,-26.99987046594812,0.0877639535368492,-20.0,-27.14424216951624,-26.855498762380005,-27.171887814880343,-26.82785311701589,3,30,5,6,-27.225950410259045,-26.773790521637196
2001-11-16 04:30:00,15,-27.0,-26.99987698325482,0.0877639535368492,-22.0,-27.14424868682293,-26.855505279686703,-27.171894332187044,-26.8278596343226,3,30,5,6,-27.225956927565743,-26.773797038943894
2001-11-16 05:30:00,15,-29.0,-28.999863171922165,0.0877639535368492,-16.0,-29.14423487549028,-28.85549146835405,-29.17188052085439,-28.82784582298994,3,30,5,6,-29.22594311623309,-28.77378322761124
2001-11-16 06:30:00,15,-31.0,-30.999863448924646,0.0877639535368492,-12.0,-31.14423515249276,-30.85549174535653,-31.171880797856872,-30.82784609999242,3,30,5,6,-31.22594339323557,-30.77378350461372
2001-11-16 07:30:00,15,-32.0,-31.999762709196485,0.1013409942794212,-16.0,-32.166468644786136,-31.83305677360684,-32.19839105798415,-31.80113436040882,3,30,5,6,-32.26081711046027,-31.738708307932697
2001-11-16 08:30:00,15,-33.0,-32.999822401519985,0.1013409942794212,-23.0,-33.16652833710963,-32.83311646593034,-33.19845075030765,-32.80119405273232,3,30,5,6,-33.26087680278378,-32.738768000256194
2001-11-16 09:30:00,15,-33.0,-32.99987902742231,0.1013409942794212,-27.0,-33.16658496301196,-32.83317309183266,-33.198507376209974,-32.801250678634645,3,30,5,6,-33.2609334286861,-32.73882462615852
2001-11-16 10:30:00,15,-32.0,-31.99994213511492,0.1013409942794212,-27.0,-32.16664807070456,-31.833236199525267,-32.19857048390258,-31.80131378632725,3,30,5,6,-32.26099653637871,-31.738887733851133
2001-11-16 11:30:00,15,-29.0,-29.000014927575062,0.1013409942794212,-29.0,-29.16672086316471,-28.83330899198541,-29.198643276362727,-28.8013865787874,3,30,5,6,-29.26106932883885,-28.738960526311274
2001-11-16 12:30:00,15,-32.0,-31.99998892345632,0.1013409942794212,-31.0,-32.16669485904597,-31.833282987866674,-32.198617272243986,-31.801360574668657,3,30,5,6,-32.26104332472011,-31.738934522192533
2001-11-16 13:30:00,15,-33.0,-32.999989663548966,0.1013409942794212,-32.0,-33.16669559913861,-32.83328372795932,-33.19861801233663,-32.8013613147613,3,30,5,6,-33.26104406481276,-32.738935262285175
2001-11-16 14:30:00,15,-23.0,-23.00008430004649,0.1013409942794212,-33.0,-23.166790235636142,-22.83337836445685,-23.19871264883416,-22.80145595125883,3,30,5,6,-23.261138701310276,-22.7390298987827
2001-11-16 15:30:00,15,-26.0,-26.000035574321664,0.1013409942794212,-33.0,-26.16674150991131,-25.833329638732017,-26.19866392310933,-25.801407225534,3,30,5,6,-26.261089975585453,-25.738981173057876
2001-11-16 16:30:00,15,-27.0,-27.000011144752257,0.1013409942794212,-32.0,-27.166717080341904,-26.83330520916261,-27.19863949353992,-26.801382795964592,3,30,5,6,-27.261065546016045,-26.73895674348847
2001-11-16 17:30:00,15,-21.0,-21.00005760603183,0.1013409942794212,-29.0,-21.16676354162148,-20.833351670442184,-21.198685954819496,-20.80142925724417,3,30,5,6,-21.26111200729562,-20.739003204768043
2001-11-16 18:30:00,15,-17.0,-17.00012082198765,0.1013409942794212,-32.0,-17.166826757577297,-16.833414886398003,-17.198749170775315,-16.801492473199986,3,30,5,6,-17.26117522325144,-16.739066420723862
2001-11-16 19:30:00,15,-21.0,-21.00007660290608,0.1013409942794212,-33.0,-21.166782538495724,-20.83337066731643,-21.198704951693745,-20.80144825411841,3,30,5,6,-21.26113100416987,-20.739022201642292
2001-11-16 20:30:00,15,-23.0,-23.000002345589785,0.1013409942794212,-23.0,-23.16670828117943,-22.833296410000138,-23.19863069437745,-22.80137399680212,3,30,5,6,-23.261056746853573,-22.738947944325997
2001-11-16 21:30:00,15,-23.0,-22.999980268497936,0.1013409942794212,-26.0,-23.166686204087583,-22.83327433290829,-23.1986086172856,-22.80135191971027,3,30,5,6,-23.261034669761724,-22.738925867234148
2001-11-16 22:30:00,15,-20.0,-20.000000115187675,0.1013409942794212,-27.0,-20.16670605077732,-19.833294179598028,-20.19862846397534,-19.80137176640001,3,30,5,6,-20.261054516451463,-19.738945713923886
2001-11-16 23:30:00,15,-20.0,-19.99998725672955,0.1013409942794212,-21.0,-20.1666931923192,-19.833281321139903,-20.19861560551721,-19.80135890794189,3,30,5,6,-20.26104165799334,-19.738932855465762
2001-11-17 00:30:00,15,-23.0,-22.9999486345396,0.1013409942794212,-17.0,-23.166654570129246,-22.833242698949952,-23.198576983327264,-22.80132028575193,3,30,5,6,-23.261003035803387,-22.73889423327581
2001-11-17 01:30:00,15,-26.0,-25.99993996735641,0.1013409942794212,-21.0,-26.16664590294606,-25.833234031766764,-26.19856831614408,-25.801311618568747,3,30,5,6,-26.2609943686202,-25.738885566092623
2001-11-17 02:30:00,15,-28.0,-27.99994451367173,0.1013409942794212,-23.0,-28.16665044926138,-27.833238578082085,-28.1985728624594,-27.801316164884067,3,30,5,6,-28.260998914935517,-27.73889011240794
2001-11-17 03:30:00,15,-34.0,-33.99989043937678,0.1013409942794212,-23.0,-34.166596374966424,-33.83318450378713,-34.19851878816444,-33.80126209058911,3,30,5,6,-34.26094484064057,-33.738836038112986
2001-11-17 04:30:00,15,-39.0,-38.999841430764576,0.1013409942794212,-20.0,-39.16654736635422,-38.83313549517493,-39.19846977955224,-38.80121308197691,3,30,5,6,-39.26089583202837,-38.738787029500784
2001-11-17 05:30:00,15,-34.0,-33.999896857146204,0.1013409942794212,-20.0,-34.16660279273585,-33.83319092155656,-34.19852520593387,-33.80126850835854,3,30,5,6,-34.260951258409996,-33.73884245588241
2001-11-17 06:30:00,15,-35.0,-34.99986341519906,0.1013409942794212,-23.0,-35.166569350788706,-34.83315747960941,-35.19849176398672,-34.801235066411394,3,30,5,6,-35.26091781646285,-34.73880901393527
2001-11-17 07:30:00,15,-36.0,-35.99988454492356,0.1013409942794212,-26.0,-36.16659048051321,-35.83317860933391,-36.198512893711225,-35.801256196135895,3,30,5,6,-36.26093894618735,-35.73883014365977
2001-11-17 08:30:00,15,-37.0,-36.999909819078695,0.1013409942794212,-28.0,-37.16661575466834,-36.83320388348905,-37.19853816786636,-36.80128147029103,3,30,5,6,-37.26096422034249,-36.738855417814904
2001-11-17 09:30:00,15,-38.0,-37.99995677129727,0.1013409942794212,-34.0,-38.16666270688692,-37.83325083570762,-38.198585120084935,-37.801328422509606,3,30,5,6,-38.26101117256106,-37.73890237003348
2001-11-17 10:30:00,15,-36.0,-35.999988285921106,0.1013409942794212,-39.0,-36.16669422151075,-35.83328235033146,-36.19861663470877,-35.80135993713344,3,30,5,6,-36.2610426871849,-35.738933884657314
2001-11-17 11:30:00,15,-34.0,-33.999967424452166,0.1013409942794212,-34.0,-34.16667336004181,-33.83326148886252,-34.19859577323983,-33.8013390756645,3,30,5,6,-34.26102182571596,-33.738913023188374
2001-11-17 12:30:00,15,-38.0,-37.999909476955175,0.1013409942794212,-35.0,-38.16661541254482,-37.83320354136553,-38.19853782574284,-37.80128112816751,3,30,5,6,-38.260963878218966,-37.73885507569138
2001-11-17 13:30:00,15,-33.0,-32.99997019225111,0.1013409942794212,-36.0,-33.16667612784076,-32.833264256661465,-33.19859854103878,-32.80134184346345,3,30,5,6,-33.261024593514904,-32.73891579098732
2001-11-17 14:30:00,15,-37.0,-36.99995890468077,0.1013409942794212,-37.0,-37.16666484027042,-36.83325296909113,-37.19858725346844,-36.80133055589311,3,30,5,6,-37.26101330594456,-36.738904503416975
2001-11-17 15:30:00,15,-36.0,-35.999998578962526,0.1013409942794212,-38.0,-36.16670451455217,-35.83329264337288,-36.19862692775019,-35.80137023017486,3,30,5,6,-36.26105298022632,-35.738944177698734
2001-11-17 16:30:00,15,-31.0,-31.0000502785036,0.1013409942794212,-36.0,-31.16675621409324,-30.833344342913943,-31.19867862729125,-30.80142192971593,3,30,5,6,-31.26110467976739,-30.738995877239812
2001-11-17 17:30:00,15,-26.0,-26.000111515680715,0.1013409942794212,-34.0,-26.16681745127036,-25.833405580091068,-26.19873986446838,-25.80148316689305,3,30,5,6,-26.261165916944503,-25.739057114416926
2001-11-17 18:30:00,15,-33.0,-33.00006085594289,0.1013409942794212,-38.0,-33.16676679153254,-32.833354920353244,-33.19868920473056,-32.801432507155226,3,30,5,6,-33.26111525720668,-32.7390064546791
2001-11-17 19:30:00,15,-32.0,-32.00003671067152,0.1013409942794212,-33.0,-32.16674264626116,-31.83333077508187,-32.19866505945918,-31.80140836188385,3,30,5,6,-32.261091111935315,-31.738982309407735
2001-11-17 20:30:00,15,-29.0,-29.000023261995995,0.1013409942794212,-37.0,-29.16672919758564,-28.83331732640635,-29.19865161078366,-28.80139491320833,3,30,5,6,-29.261077663259783,-28.738968860732207
2001-11-17 21:30:00,15,-24.0,-24.00006644242092,0.1013409942794212,-36.0,-24.166772378010567,-23.83336050683128,-24.198694791208585,-23.80143809363325,3,30,5,6,-24.261120843684708,-23.73901204115713
2001-11-17 22:30:00,15,-29.0,-29.000004290710105,0.1013409942794212,-31.0,-29.16671022629975,-28.83329835512045,-29.198632639497767,-28.80137594192244,3,30,5,6,-29.261058691973894,-28.738949889446317
2001-11-17 23:30:00,15,-28.0,-28.000018232445058,0.1013409942794212,-26.0,-28.166724168034705,-27.83331229685541,-28.19864658123272,-27.8013898836574,3,30,5,6,-28.261072633708846,-27.73896383118127
2001-11-18 00:30:00,15,-23.0,-23.000048921381847,0.1013409942794212,-33.0,-23.16675485697149,-22.8333429857922,-23.19867727016951,-22.801420572594186,3,30,5,6,-23.261103322645635,-22.73899452011806
2001-11-18 01:30:00,15,-23.0,-23.000059197564823,0.1013409942794212,-32.0,-23.16676513315447,-22.833353261975176,-23.198687546352488,-22.80143084877716,3,30,5,6,-23.26111359882861,-22.739004796301035
2001-11-18 02:30:00,15,-23.0,-23.000030895178373,0.1013409942794212,-29.0,-23.16673683076802,-22.83332495958873,-23.19865924396604,-22.801402546390708,3,30,5,6,-23.26108529644216,-22.738976493914585
2001-11-18 03:30:00,15,-28.0,-27.999973417796603,0.1013409942794212,-24.0,-28.16667935338625,-27.83326748220696,-28.198601766584268,-27.80134506900894,3,30,5,6,-28.26102781906039,-27.738919016532815
2001-11-18 04:30:00,15,-33.0,-32.999934739165866,0.1013409942794212,-29.0,-33.16664067475551,-32.83322880357622,-33.19856308795353,-32.8013063903782,3,30,5,6,-33.26098914042966,-32.738880337902074
2001-11-18 05:30:00,15,-38.0,-37.99987968499323,0.1013409942794212,-28.0,-38.16658562058288,-37.83317374940359,-38.1985080337809,-37.80125133620557,3,30,5,6,-38.26093408625702,-37.73882528372944
2001-11-18 06:30:00,15,-38.0,-37.99987110011123,0.1013409942794212,-23.0,-38.16657703570088,-37.83316516452158,-38.19849944889889,-37.80124275132357,3,30,5,6,-38.26092550137502,-37.73881669884744
2001-11-18 07:30:00,15,-37.0,-36.99987425259504,0.1013409942794212,-23.0,-37.16658018818469,-36.8331683170054,-37.19850260138271,-36.80124590380738,3,30,5,6,-37.260928653858834,-36.73881985133125
2001-11-18 08:30:00,15,-33.0,-32.99992373413545,0.1013409942794212,-23.0,-33.1666296697251,-32.8332177985458,-33.198552082923115,-32.801295385347785,3,30,5,6,-33.26097813539924,-32.73886933287166
2001-11-18 09:30:00,15,-29.0,-28.99996887690079,0.1013409942794212,-28.0,-29.16667481249044,-28.833262941311144,-29.198597225688456,-28.801340528113126,3,30,5,6,-29.26102327816458,-28.738914475637003
2001-11-18 10:30:00,15,-30.0,-29.99998790887236,0.1013409942794212,-33.0,-30.166693844462003,-29.83328197328271,-30.19861625766002,-29.80135956008469,3,30,5,6,-30.261042310136148,-29.73893350760857
2001-11-18 11:30:00,15,-28.0,-28.000037257458825,0.1013409942794212,-38.0,-28.16674319304847,-27.83333132186917,-28.19866560624649,-27.80140890867116,3,30,5,6,-28.261091658722613,-27.738982856195037
2001-11-18 12:30:00,15,-33.0,-33.00001801304183,0.1013409942794212,-38.0,-33.16672394863148,-32.833312077452184,-33.198646361829496,-32.80138966425417,3,30,5,6,-33.26107241430562,-32.73896361177804
2001-11-18 13:30:00,15,-31.0,-31.00003113996952,0.1013409942794212,-37.0,-31.16673707555917,-30.833325204379875,-31.198659488757187,-30.801402791181857,3,30,5,6,-31.261085541233307,-30.73897673870573
2001-11-18 14:30:00,15,-26.0,-26.00008051367279,0.1013409942794212,-33.0,-26.166786449262435,-25.83337457808314,-26.198708862460453,-25.801452164885124,3,30,5,6,-26.261134914936576,-25.739026112409
2001-11-18 15:30:00,15,-26.0,-26.000056993680616,0.1013409942794212,-29.0,-26.166762929270263,-25.83335105809097,-26.19868534246828,-25.80142864489295,3,30,5,6,-26.261111394944404,-25.739002592416828
2001-11-18 16:30:00,15,-29.0,-28.99998170246026,0.1013409942794212,-30.0,-29.166687638049908,-28.833275766870614,-29.198610051247925,-28.8013533536726,3,30,5,6,-29.26103610372405,-28.738927301196473
2001-11-18 17:30:00,15,-27.0,-26.99999366546093,0.1013409942794212,-28.0,-27.166699601050578,-26.833287729871284,-27.198622014248595,-26.801365316673262,3,30,5,6,-27.26104806672472,-26.738939264197143
2001-11-18 18:30:00,15,-26.0,-26.00002718209919,0.1013409942794212,-33.0,-26.166733117688835,-25.83332124650954,-26.198655530886853,-25.801398833311524,3,30,5,6,-26.261081583362976,-25.7389727808354
2001-11-18 19:30:00,15,-27.0,-27.000013626339133,0.1013409942794212,-31.0,-27.16671956192878,-26.83330769074949,-27.1986419751268,-26.801385277551468,3,30,5,6,-27.26106802760292,-26.738959225075345
2001-11-18 20:30:00,15,-30.0,-29.999969339753605,0.1013409942794212,-26.0,-30.16667527534325,-29.83326340416396,-30.19859768854127,-29.80134099096594,3,30,5,6,-30.261023741017393,-29.738914938489817
2001-11-18 21:30:00,15,-27.0,-27.00000522823485,0.1013409942794212,-26.0,-27.1667111638245,-26.833299292645204,-27.19863357702252,-26.801376879447183,3,30,5,6,-27.26105962949864,-26.738950826971063
2001-11-18 22:30:00,15,-24.0,-24.000066726244164,0.1013409942794212,-29.0,-24.16677266183381,-23.83336079065452,-24.19869507503183,-23.8014383774565,3,30,5,6,-24.261121127507952,-23.739012324980376
2001-11-18 23:30:00,15,-29.0,-28.99999176205156,0.1013409942794212,-27.0,-29.166697697641204,-28.83328582646191,-29.198620110839222,-28.801363413263893,3,30,5,6,-29.26104616331535,-28.738937360787773
2001-11-19 00:30:00,15,-35.0,-34.99991395359869,0.1013409942794212,-26.0,-35.16661988918834,-34.833208018009046,-35.19854230238636,-34.80128560481103,3,30,5,6,-35.260968354862484,-34.7388595523349
2001-11-19 01:30:00,15,-28.0,-27.99997094738798,0.1013409942794212,-27.0,-28.166676882977622,-27.83326501179833,-28.198599296175644,-27.80134259860032,3,30,5,6,-28.261025348651767,-27.73891654612419
2001-11-19 02:30:00,15,-33.0,-32.99990785198797,0.1013409942794212,-30.0,-33.16661378757762,-32.83320191639832,-33.198536200775635,-32.801279503200305,3,30,5,6,-33.26096225325176,-32.73885345072418
2001-11-19 03:30:00,15,-36.0,-35.999868518712425,0.1013409942794212,-27.0,-36.16657445430207,-35.83316258312278,-36.19849686750009,-35.80124016992476,3,30,5,6,-36.26092291997622,-35.738814117448634
2001-11-19 04:30:00,15,-37.0,-36.99988191155298,0.1013409942794212,-24.0,-37.16658784714263,-36.833175975963336,-37.19851026034065,-36.80125356276532,3,30,5,6,-37.260936312816774,-36.73882751028919
2001-11-19 05:30:00,15,-39.0,-38.9998943348033,0.1013409942794212,-29.0,-39.16660027039295,-38.83318839921365,-39.198522683590966,-38.80126598601564,3,30,5,6,-39.26094873606709,-38.73883993353951
2001-11-19 06:30:00,15,-39.0,-38.99991660510189,0.1013409942794212,-35.0,-39.166622540691534,-38.83321066951224,-39.19854495388955,-38.80128825631422,3,30,5,6,-39.26097100636568,-38.738862203838096
2001-11-19 07:30:00,15,-35.0,-34.99996700377138,0.1013409942794212,-28.0,-35.16667293936103,-34.833261068181734,-35.198595352559046,-34.80133865498372,3,30,5,6,-35.26102140503517,-34.73891260250759
2001-11-19 08:30:00,15,-29.0,-29.000018782577328,0.1013409942794212,-33.0,-29.16672471816697,-28.83331284698768,-29.198647131365,-28.801390433789663,3,30,5,6,-29.261073183841116,-28.73896438131354
2001-11-19 09:30:00,15,-31.0,-30.999980049271983,0.1013409942794212,-36.0,-31.16668598486164,-30.83327411368234,-31.19860839805965,-30.80135170048432,3,30,5,6,-31.26103445053577,-30.738925648008195
2001-11-19 10:30:00,15,-28.0,-28.00003645804064,0.1013409942794212,-37.0,-28.166742393630287,-27.833330522451,-28.198664806828305,-27.80140810925297,3,30,5,6,-28.261090859304428,-27.73898205677685
2001-11-19 11:30:00,15,-25.0,-25.000069013305893,0.1013409942794212,-39.0,-25.16677494889554,-24.83336307771625,-25.19869736209356,-24.80144066451823,3,30,5,6,-25.26112341456968,-24.739014612042105
2001-11-19 12:30:00,15,-30.0,-30.000037300942573,0.1013409942794212,-39.0,-30.16674323653222,-29.83333136535293,-30.19866564973024,-29.801408952154908,3,30,5,6,-30.26109170220636,-29.738982899678785
2001-11-19 13:30:00,15,-33.0,-32.99997711116824,0.1013409942794212,-35.0,-33.16668304675789,-32.833271175578595,-33.19860545995591,-32.80134876238058,3,30,5,6,-33.261031512432034,-32.73892270990445
2001-11-19 14:30:00,15,-36.0,-35.99994480994601,0.1013409942794212,-29.0,-36.166650745535655,-35.83323887435636,-36.19857315873367,-35.80131646115834,3,30,5,6,-36.2609992112098,-35.73889040868222
2001-11-19 15:30:00,15,-48.0,-47.99980964633741,0.1013409942794212,-31.0,-48.16651558192705,-47.83310371074776,-48.19843799512507,-47.80118129754974,3,30,5,6,-48.2608640476012,-47.73875524507362
2001-11-19 16:30:00,15,-47.0,-46.99979992306165,0.1013409942794212,-28.0,-47.1665058586513,-46.833093987472,-47.19842827184932,-46.80117157427399,3,30,5,6,-47.26085432432544,-46.73874552179786
2001-11-19 17:30:00,15,-46.0,-45.99980627140375,0.1013409942794212,-25.0,-46.1665122069934,-45.8331003358141,-46.19843462019141,-45.80117792261608,3,30,5,6,-46.26086067266754,-45.73875187013996
2001-11-19 18:30:00,15,-36.0,-35.99991749811547,0.1013409942794212,-30.0,-36.16662343370512,-35.833211562525825,-36.19854584690314,-35.80128914932781,3,30,5,6,-36.260971899379264,-35.73886309685168
2001-11-19 19:30:00,15,-32.0,-31.99996474081601,0.1013409942794212,-33.0,-32.16667067640566,-31.833258805226365,-32.19859308960368,-31.801336392028347,3,30,5,6,-32.2610191420798,-31.738910339552223
2001-11-19 20:30:00,15,-40.0,-39.99993892810496,0.1013409942794212,-36.0,-40.16664486369461,-39.83323299251531,-40.19856727689263,-39.801310579317295,3,30,5,6,-40.26099332936875,-39.73888452684117
2001-11-19 21:30:00,15,-47.0,-46.99997131202306,0.1013409942794212,-48.0,-47.166677247612704,-46.83326537643341,-47.19859966081072,-46.80134296323539,3,30,5,6,-47.26102571328685,-46.738916910759265
2001-11-19 22:30:00,15,-39.0,-39.00006299754667,0.1013409942794212,-47.0,-39.16676893313632,-38.833357061957024,-39.198691346334336,-38.801434648759006,3,30,5,6,-39.26111739881046,-38.73900859628288
2001-11-19 23:30:00,15,-36.0,-36.00005934643299,0.1013409942794212,-46.0,-36.16676528202264,-35.833353410843344,-36.198687695220656,-35.801430997645326,3,30,5,6,-36.26111374769678,-35.7390049451692
2001-11-20 00:30:00,15,-34.0,-34.00000667070177,0.1013409942794212,-36.0,-34.16671260629142,-33.833300735112125,-34.19863501948944,-33.80137832191411,3,30,5,6,-34.261061071965564,-33.73895226943798
2001-11-20 01:30:00,15,-39.0,-38.99994982788955,0.1013409942794212,-32.0,-39.1666557634792,-38.83324389229991,-39.198578176677216,-38.80132147910189,3,30,5,6,-39.26100422915334,-38.73889542662576
2001-11-20 02:30:00,15,-35.0,-35.00001560375091,0.1013409942794212,-40.0,-35.16672153934056,-34.83330966816126,-35.198643952538575,-34.801387254963245,3,30,5,6,-35.2610700050147,-34.73896120248712
2001-11-20 03:30:00,15,-26.0,-26.00011671569776,0.1013409942794212,-47.0,-26.166822651287408,-25.83341078010812,-26.198745064485426,-25.801488366910096,3,30,5,6,-26.26117111696155,-25.739062314433973
2001-11-20 04:30:00,15,-30.0,-30.00005951534176,0.1013409942794212,-39.0,-30.1667654509314,-29.833353579752107,-30.19868786412942,-29.80143116655409,3,30,5,6,-30.26111391660555,-29.739005114077973
2001-11-20 05:30:00,15,-38.0,-37.99995017096809,0.1013409942794212,-36.0,-38.16665610655774,-37.83324423537845,-38.19857851975576,-37.80132182218043,3,30,5,6,-38.26100457223188,-37.7388957697043
2001-11-20 06:30:00,15,-40.0,-39.99995818871524,0.1013409942794212,-34.0,-40.16666412430489,-39.83325225312559,-40.198586537502905,-39.801329839927575,3,30,5,6,-40.26101258997903,-39.73890378745145
2001-11-20 07:30:00,15,-39.0,-38.99999069780319,0.1013409942794212,-39.0,-39.16669663339284,-38.833284762213545,-39.198619046590856,-38.80136234901553,3,30,5,6,-39.26104509906698,-38.7389362965394
2001-11-20 08:30:00,15,-34.0,-34.00002026977136,0.1013409942794212,-35.0,-34.16672620536101,-33.833314334181715,-34.19864861855903,-33.8013919209837,3,30,5,6,-34.26107467103515,-33.73896586850757
2001-11-20 09:30:00,15,-33.0,-32.99999201382093,0.1013409942794212,-26.0,-33.166697949410576,-32.83328607823128,-33.198620362608594,-32.801363665033264,3,30,5,6,-33.26104641508472,-32.73893761255714
2001-11-20 10:30:00,15,-35.0,-34.99997202110243,0.1013409942794212,-30.0,-35.16667795669208,-34.83326608551278,-35.198600369890094,-34.801343672314765,3,30,5,6,-35.26102642236622,-34.73891761983864
2001-11-20 11:30:00,15,-34.0,-34.00002481047709,0.1013409942794212,-38.0,-34.16673074606674,-33.833318874887446,-34.19865315926476,-33.80139646168943,3,30,5,6,-34.261079211740885,-33.7389704092133
2001-11-20 12:30:00,15,-33.0,-33.0000603442021,0.1013409942794212,-40.0,-33.166766279791744,-32.83335440861245,-33.19868869298976,-32.80143199541443,3,30,5,6,-33.26111474546589,-32.739005942938306
2001-11-20 13:30:00,15,-31.0,-31.00005691160291,0.1013409942794212,-39.0,-31.16676284719256,-30.833350976013264,-31.198685260390576,-30.801428562815246,3,30,5,6,-31.2611113128667,-30.739002510339123
2001-11-20 14:30:00,15,-32.0,-31.999998803112582,0.1013409942794212,-34.0,-32.16670473870223,-31.83329286752293,-32.19862715190025,-31.80137045432492,3,30,5,6,-32.261053204376374,-31.738944401848794
2001-11-20 15:30:00,15,-31.0,-30.999977984153144,0.1013409942794212,-33.0,-31.16668391974279,-30.833272048563497,-31.19860633294081,-30.80134963536548,3,30,5,6,-31.261032385416932,-30.738923582889356
2001-11-20 16:30:00,15,-31.0,-30.99997163687748,0.1013409942794212,-35.0,-31.16667757246713,-30.833265701287832,-31.198599985665144,-30.80134328808981,3,30,5,6,-31.261026038141267,-30.73891723561369
2001-11-20 17:30:00,15,-30.0,-29.999980209143267,0.1013409942794212,-34.0,-30.16668614473292,-29.83327427355362,-30.19860855793093,-29.8013518603556,3,30,5,6,-30.261034610407055,-29.73892580787948
2001-11-20 18:30:00,15,-28.0,-28.00000061933033,0.1013409942794212,-33.0,-28.166706554919973,-27.83329468374068,-28.19862896811799,-27.80137227054266,3,30,5,6,-28.261055020594117,-27.73894621806654
2001-11-20 19:30:00,15,-27.0,-27.000006771255965,0.1013409942794212,-31.0,-27.16671270684561,-26.83330083566632,-27.19863512004363,-26.8013784224683,3,30,5,6,-27.261061172519753,-26.738952369992177
2001-11-20 20:30:00,15,-28.0,-27.99999814454767,0.1013409942794212,-32.0,-28.16670408013732,-27.833292208958024,-28.198626493335336,-27.801369795760007,3,30,5,6,-28.26105254581146,-27.738943743283883
2001-11-20 21:30:00,15,-28.0,-27.99999935337259,0.1013409942794212,-31.0,-28.16670528896224,-27.833293417782944,-28.19862770216025,-27.80137100458493,3,30,5,6,-28.26105375463638,-27.738944952108803
2001-11-20 22:30:00,15,-26.0,-26.000024637264367,0.1013409942794212,-31.0,-26.16673057285401,-25.83331870167472,-26.198652986052032,-25.801396288476703,3,30,5,6,-26.261079038528155,-25.73897023600058
2001-11-20 23:30:00,15,-24.0,-24.000043650983685,0.1013409942794212,-30.0,-24.16674958657333,-23.83333771539404,-24.19867199977135,-23.80141530219602,3,30,5,6,-24.261098052247473,-23.738989249719896
2001-11-21 00:30:00,15,-24.0,-24.000036471457143,0.1013409942794212,-28.0,-24.16674240704679,-23.833330535867496,-24.198664820244808,-23.80140812266948,3,30,5,6,-24.26109087272093,-23.738982070193355
2001-11-21 01:30:00,15,-25.0,-25.00001445113688,0.1013409942794212,-27.0,-25.166720386726524,-24.83330851554723,-25.198642799924546,-24.801386102349213,3,30,5,6,-25.26106885240067,-24.738960049873093
2001-11-21 02:30:00,15,-26.0,-25.999996936314503,0.1013409942794212,-28.0,-26.16670287190416,-25.83329100072486,-26.19862528510217,-25.80136858752684,3,30,5,6,-26.26105133757829,-25.738942535050715
2001-11-21 03:30:00,15,-26.0,-25.999995587198143,0.1013409942794212,-28.0,-26.16670152278779,-25.833289651608496,-26.198623935985808,-25.80136723841048,3,30,5,6,-26.26104998846193,-25.738941185934355
2001-11-21 04:30:00,15,-25.0,-25.000002698637893,0.1013409942794212,-26.0,-25.16670863422754,-24.83329676304825,-25.19863104742556,-24.801374349850228,3,30,5,6,-25.26105709990168,-24.738948297374105
2001-11-21 05:30:00,15,-26.0,-25.99998161013207,0.1013409942794212,-24.0,-26.16668754572172,-25.833275674542424,-26.198609958919736,-25.801353261344406,3,30,5,6,-26.26103601139586,-25.738927208868283
2001-11-21 06:30:00,15,-29.0,-28.999944384020942,0.1013409942794212,-24.0,-29.1666503196106,-28.8332384484313,-29.19857273280861,-28.80131603523328,3,30,5,6,-29.26099878528473,-28.738889982757154
2001-11-21 07:30:00,15,-26.0,-25.99997596392846,0.1013409942794212,-25.0,-26.166681899518107,-25.833270028338813,-26.198604312716125,-25.801347615140795,3,30,5,6,-26.261030365192248,-25.73892156266467
2001-11-21 08:30:00,15,-21.0,-21.000030650473413,0.1013409942794212,-26.0,-21.16673658606306,-20.83332471488377,-21.19865899926108,-20.801402301685748,3,30,5,6,-21.2610850517372,-20.738976249209625
2001-11-21 09:30:00,15,-20.0,-20.00003311327084,0.1013409942794212,-26.0,-20.166739048860485,-19.83332717768119,-20.198661462058503,-19.801404764483173,3,30,5,6,-20.26108751453463,-19.738978712007054
2001-11-21 10:30:00,15,-21.0,-21.00002248941271,0.1013409942794212,-25.0,-21.16672842500236,-20.833316553823064,-21.198650838200376,-20.80139414062505,3,30,5,6,-21.2610768906765,-20.738968088148923
2001-11-21 11:30:00,15,-20.0,-20.00004436936157,0.1013409942794212,-26.0,-20.16675030495122,-19.833338433771925,-20.19867271814924,-19.801416020573907,3,30,5,6,-20.26109877062536,-19.738989968097783
2001-11-21 12:30:00,15,-20.0,-20.00007148470528,0.1013409942794212,-29.0,-20.166777420294924,-19.83336554911563,-20.19869983349294,-19.80144313591761,3,30,5,6,-20.26112588596907,-19.739017083441492
2001-11-21 13:30:00,15,-21.0,-21.00004329512712,0.1013409942794212,-26.0,-21.166749230716768,-20.83333735953748,-21.198671643914786,-20.801414946339456,3,30,5,6,-21.26109769639091,-20.738988893863333
2001-11-21 14:30:00,15,-19.0,-19.000038310740777,0.1013409942794212,-21.0,-19.166744246330424,-18.83333237515113,-19.19866665952844,-18.801409961953112,3,30,5,6,-19.261092712004565,-18.73898390947699
2001-11-21 15:30:00,15,-14.0,-14.000075457567046,0.1013409942794212,-20.0,-14.166781393156697,-13.833369521977398,-14.198703806354713,-13.801447108779382,3,30,5,6,-14.261129858830836,-13.739021056303256
2001-11-21 16:30:00,15,-16.0,-16.000050076119766,0.1013409942794212,-21.0,-16.166756011709413,-15.833344140530118,-16.19867842490743,-15.801421727332102,3,30,5,6,-16.261104477383554,-15.738995674855977
2001-11-21 17:30:00,15,-19.0,-19.000021991320946,0.1013409942794212,-20.0,-19.16672792691059,-18.83331605573129,-19.198650340108607,-18.80139364253328,3,30,5,6,-19.261076392584734,-18.738967590057158
2001-11-21 18:30:00,15,-16.0,-16.000055601689656,0.1013409942794212,-20.0,-16.166761537279303,-15.833349666100007,-16.19868395047732,-15.801427252901991,3,30,5,6,-16.261110002953444,-15.739001200425866
2001-11-21 19:30:00,15,-11.0,-11.000093742449394,0.1013409942794212,-21.0,-11.166799678039045,-10.833387806859744,-11.19872209123706,-10.80146539366173,3,30,5,6,-11.261148143713184,-10.739039341185604
2001-11-21 20:30:00,15,-10.0,-10.00009351628983,0.1013409942794212,-19.0,-10.16679945187948,-9.83338758070018,-10.198721865077497,-9.801465167502164,3,30,5,6,-10.26114791755362,-9.73903911502604
2001-11-21 21:30:00,15,-12.0,-12.00006955142032,0.1013409942794212,-14.0,-12.16677548700997,-11.833363615830672,-12.198697900207986,-11.801441202632656,3,30,5,6,-12.26112395268411,-11.739015150156531
2001-11-21 22:30:00,15,-12.0,-12.000080796903674,0.1013409942794212,-16.0,-12.166786732493325,-11.833374861314024,-12.19870914569134,-11.80145244811601,3,30,5,6,-12.261135198167464,-11.739026395639884
2001-11-21 23:30:00,15,-12.0,-12.000069900093576,0.1013409942794212,-19.0,-12.166775835683223,-11.833363964503926,-12.19869824888124,-11.80144155130591,3,30,5,6,-12.261124301357366,-11.739015498829787
2001-11-22 00:30:00,15,-12.0,-12.000047383609765,0.1013409942794212,-16.0,-12.166753319199412,-11.833341448020116,-12.19867573239743,-11.8014190348221,3,30,5,6,-12.261101784873555,-11.738992982345975
2001-11-22 01:30:00,15,-13.0,-13.000023195395633,0.1013409942794212,-11.0,-13.16672913098528,-12.833317259805982,-13.198651544183296,-12.801394846607966,3,30,5,6,-13.261077596659423,-12.738968794131843
2001-11-22 02:30:00,15,-15.0,-14.999999737570992,0.1013409942794212,-10.0,-15.16670567316064,-14.833293801981345,-15.198628086358656,-14.801371388783329,3,30,5,6,-15.261054138834782,-14.738945336307202
2001-11-22 03:30:00,15,-18.0,-17.99996569702269,0.1013409942794212,-12.0,-18.16667163261234,-17.833259761433045,-18.19859404581036,-17.801337348235027,3,30,5,6,-18.26102009828648,-17.738911295758903
2001-11-22 04:30:00,15,-21.0,-20.99993836035976,0.1013409942794212,-12.0,-21.1666442959494,-20.833232424770102,-21.198566709147418,-20.801310011572088,3,30,5,6,-21.260992761623548,-20.738883959095972
2001-11-22 05:30:00,15,-16.0,-15.9999872598621,0.1013409942794212,-12.0,-16.166693195451746,-15.83328132427245,-16.198615608649764,-15.801358911074434,3,30,5,6,-16.26104166112589,-15.73893285859831
2001-11-22 06:30:00,15,-19.0,-18.999946823087534,0.1013409942794212,-12.0,-19.16665275867718,-18.833240887497887,-19.1985751718752,-18.80131847429987,3,30,5,6,-19.261001224351322,-18.738892421823746
2001-11-22 07:30:00,15,-19.0,-18.999955153750324,0.1013409942794212,-13.0,-19.16666108933997,-18.83324921816068,-19.19858350253799,-18.80132680496266,3,30,5,6,-19.261009555014112,-18.738900752486536
2001-11-22 08:30:00,15,-18.0,-17.999987883116056,0.1013409942794212,-15.0,-18.166693818705703,-17.83328194752641,-18.19861623190372,-17.80135953432839,3,30,5,6,-18.261042284379844,-17.738933481852268
2001-11-22 09:30:00,15,-21.0,-21.00000263304724,0.1013409942794212,-18.0,-21.166708568636885,-20.83329669745759,-21.198630981834903,-20.801374284259573,3,30,5,6,-21.26105703431103,-20.738948231783453
2001-11-22 10:30:00,15,-18.0,-18.000051292271102,0.1013409942794212,-21.0,-18.16675722786075,-17.833345356681455,-18.198679641058767,-17.801422943483438,3,30,5,6,-18.26110569353489,-17.738996891007314
2001-11-22 11:30:00,15,-16.0,-16.000029028317908,0.1013409942794212,-16.0,-16.166734963907555,-15.83332309272826,-16.198657377105572,-15.801400679530245,3,30,5,6,-16.261083429581696,-15.738974627054118
2001-11-22 12:30:00,15,-15.0,-15.000025201750631,0.1013409942794212,-19.0,-15.16673113734028,-14.833319266160984,-15.198653550538296,-14.801396852962966,3,30,5,6,-15.261079603014421,-14.738970800486841
2001-11-22 13:30:00,15,-14.0,-14.000039482346278,0.1013409942794212,-19.0,-14.166745417935926,-13.833333546756627,-14.198667831133942,-13.801411133558611,3,30,5,6,-14.261093883610068,-13.738985081082488
2001-11-22 14:30:00,15,-16.0,-16.000059912498635,0.1013409942794212,-18.0,-16.166765848088282,-15.833353976908986,-16.1986882612863,-15.80143156371097,3,30,5,6,-16.261114313762423,-15.739005511234845
2001-11-22 15:30:00,15,-15.0,-15.000045226568387,0.1013409942794212,-21.0,-15.166751162158038,-14.83333929097874,-15.198673575356054,-14.801416877780724,3,30,5,6,-15.261099627832177,-14.738990825304597
2001-11-22 16:30:00,15,-15.0,-15.000035602941336,0.1013409942794212,-18.0,-15.166741538530983,-14.833329667351686,-15.198663951729,-14.80140725415367,3,30,5,6,-15.261090004205126,-14.738981201677547
2001-11-22 17:30:00,15,-11.0,-11.00005236672023,0.1013409942794212,-16.0,-11.166758302309878,-10.83334643113058,-11.198680715507894,-10.801424017932565,3,30,5,6,-11.26110676798402,-10.73899796545644
2001-11-22 18:30:00,15,-9.0,-9.000073064267248,0.1013409942794212,-15.0,-9.166778999856897,-8.8333671286776,-9.198701413054913,-8.801444715479583,3,30,5,6,-9.261127465531038,-8.739018663003458
2001-11-22 19:30:00,15,-6.0,-6.000098737691307,0.1013409942794212,-14.0,-6.1668046732809545,-5.833392802101659,-6.198727086478972,-5.801470388903641,3,30,5,6,-6.261153138955096,-5.739044336427518
2001-11-22 20:30:00,15,-17.0,-16.999985331260078,0.1013409942794212,-16.0,-17.166691266849725,-16.83327939567043,-17.198613680047742,-16.801356982472413,3,30,5,6,-17.261039732523866,-16.73893092999629
2001-11-22 21:30:00,15,-23.0,-22.99993380784519,0.1013409942794212,-15.0,-23.166639743434835,-22.83322787225554,-23.198562156632853,-22.801305459057524,3,30,5,6,-23.260988209108977,-22.7388794065814
2001-11-22 22:30:00,15,-29.0,-28.999865468558244,0.1013409942794212,-15.0,-29.16657140414789,-28.8331595329686,-29.19849381734591,-28.80123711977058,3,30,5,6,-29.260919869822033,-28.738811067294456
2001-11-22 23:30:00,15,-28.0,-27.99986118686928,0.1013409942794212,-11.0,-28.16656712245893,-27.833155251279635,-28.198489535656947,-27.801232838081617,3,30,5,6,-28.260915588133066,-27.73880678560549
2001-11-23 00:30:00,15,-33.0,-32.999805267128586,0.1013409942794212,-9.0,-33.16651120271823,-32.83309933153894,-33.19843361591625,-32.80117691834092,3,30,5,6,-33.26085966839238,-32.738750865864795
2001-11-23 01:30:00,15,-39.0,-38.999752979662105,0.1013409942794212,-6.0,-39.16645891525175,-38.83304704407246,-39.19838132844977,-38.80112463087444,3,30,5,6,-39.2608073809259,-38.73869857839831
2001-11-23 02:30:00,15,-42.0,-41.99974737561591,0.1013409942794212,-17.0,-42.16645331120556,-41.83304144002626,-42.198375724403576,-41.801119026828246,3,30,5,6,-42.2608017768797,-41.73869297435212
2001-11-23 03:30:00,15,-37.0,-36.99986514237528,0.1013409942794212,-23.0,-37.166571077964925,-36.83315920678563,-37.19849349116294,-36.80123679358761,3,30,5,6,-37.26091954363907,-36.738810741111486
2001-11-23 04:30:00,15,-31.0,-30.99999855152257,0.1013409942794212,-29.0,-31.166704487112213,-30.83329261593292,-31.19862690031023,-30.8013702027349,3,30,5,6,-31.261052952786358,-30.73894415025878
2001-11-23 05:30:00,15,-34.0,-33.99994847608123,0.1013409942794212,-28.0,-34.16665441167088,-33.83324254049158,-34.198576824868894,-33.801320127293565,3,30,5,6,-34.26100287734502,-33.73889407481744
2001-11-23 06:30:00,15,-33.0,-33.00000999912276,0.1013409942794212,-33.0,-33.16671593471241,-32.83330406353311,-33.198638347910425,-32.801381650335095,3,30,5,6,-33.26106440038655,-32.73895559785897
2001-11-23 07:30:00,15,-26.0,-26.00011940609206,0.1013409942794212,-39.0,-26.166825341681708,-25.83341347050241,-26.19874775487973,-25.8014910573044,3,30,5,6,-26.26117380735585,-25.739065004828273
2001-11-23 08:30:00,15,-24.0,-24.00011338590504,0.1013409942794212,-42.0,-24.166819321494685,-23.83340745031539,-24.198741734692703,-23.801485037117374,3,30,5,6,-24.261167787168826,-23.73905898464125
2001-11-23 09:30:00,15,-30.0,-30.000053878369744,0.1013409942794212,-37.0,-30.16675981395939,-29.833347942780097,-30.19868222715741,-29.80142552958208,3,30,5,6,-30.261108279633532,-29.738999477105956
2001-11-23 10:30:00,15,-34.0,-33.99997374989334,0.1013409942794212,-31.0,-34.16667968548299,-33.833267814303696,-34.19860209868101,-33.80134540110568,3,30,5,6,-34.261028151157134,-33.73891934862955
2001-11-23 11:30:00,15,-30.0,-29.99997868053484,0.1013409942794212,-34.0,-30.166684616124485,-29.83327274494519,-30.198607029322503,-29.801350331747173,3,30,5,6,-30.26103308179863,-29.738924279271053
2001-11-23 12:30:00,15,-26.0,-25.99999964500057,0.1013409942794212,-33.0,-26.16670558059022,-25.833293709410928,-26.19862799378824,-25.80137129621291,3,30,5,6,-26.26105404626436,-25.738945243736783
2001-11-23 13:30:00,15,-31.0,-30.999930672100604,0.1013409942794212,-26.0,-31.16663660769025,-30.83322473651096,-31.19855902088827,-30.80130232331294,3,30,5,6,-31.26098507336439,-30.738876270836816
2001-11-23 14:30:00,15,-29.0,-28.999968127331364,0.1013409942794212,-24.0,-29.16667406292101,-28.83326219174172,-29.19859647611903,-28.8013397785437,3,30,5,6,-29.261022528595152,-28.738913726067576
2001-11-23 15:30:00,15,-31.0,-30.999985219629764,0.1013409942794212,-30.0,-31.16669115521941,-30.83327928404012,-31.19861356841743,-30.8013568708421,3,30,5,6,-31.261039620893552,-30.738930818365976
2001-11-23 16:30:00,15,-37.0,-36.99994716597497,0.1013409942794212,-34.0,-37.16665310156462,-36.833241230385326,-37.19857551476264,-36.80131881718731,3,30,5,6,-37.261001567238765,-36.73889276471118
2001-11-23 17:30:00,15,-33.0,-32.999996014908746,0.1013409942794212,-30.0,-33.16670195049839,-32.8332900793191,-33.19862436369641,-32.80136766612108,3,30,5,6,-33.26105041617254,-32.738941613644954
2001-11-23 18:30:00,15,-27.0,-27.000007940476223,0.1013409942794212,-26.0,-27.16671387606587,-26.833302004886576,-27.198636289263888,-26.80137959168856,3,30,5,6,-27.26106234174001,-26.738953539212435
2001-11-23 19:30:00,15,-25.0,-25.00003587603248,0.1013409942794212,-31.0,-25.166741811622128,-24.83332994044284,-25.198664224820146,-24.801407527244816,3,30,5,6,-25.26109027729627,-24.738981474768693
2001-11-23 20:30:00,15,-24.0,-24.000055413585333,0.1013409942794212,-29.0,-24.16676134917498,-23.83334947799569,-24.198683762373,-23.801427064797668,3,30,5,6,-24.26110981484912,-23.739001012321545
2001-11-23 21:30:00,15,-25.0,-25.0000242104328,0.1013409942794212,-31.0,-25.16673014602245,-24.833318274843155,-25.198652559220463,-24.801395861645137,3,30,5,6,-25.26107861169659,-24.738969809169014
2001-11-23 22:30:00,15,-31.0,-30.999981482429323,0.1013409942794212,-37.0,-31.16668741801897,-30.83327554683968,-31.198609831216988,-30.80135313364166,3,30,5,6,-31.26103588369311,-30.738927081165535
2001-11-23 23:30:00,15,-35.0,-34.999959041017824,0.1013409942794212,-33.0,-35.16666497660747,-34.83325310542818,-35.19858738980549,-34.80133069223016,3,30,5,6,-35.261013442281616,-34.73890463975403
2001-11-24 00:30:00,15,-29.0,-28.99997245757341,0.1013409942794212,-27.0,-29.166678393163057,-28.833266521983763,-29.198600806361075,-28.801344108785745,3,30,5,6,-29.261026858837198,-28.738918056309622
2001-11-24 01:30:00,15,-31.0,-30.9999345458676,0.1013409942794212,-25.0,-31.166640481457247,-30.83322861027796,-31.198562894655264,-30.80130619707993,3,30,5,6,-31.260988947131388,-30.73888014460381
2001-11-24 02:30:00,15,-34.0,-33.9999094600402,0.1013409942794212,-24.0,-34.16661539562985,-33.83320352445055,-34.198537808827865,-33.801281111252536,3,30,5,6,-34.26096386130399,-33.73885505877641
2001-11-24 03:30:00,15,-34.0,-33.99991490582094,0.1013409942794212,-25.0,-34.166620841410584,-33.83320897023129,-34.1985432546086,-33.80128655703327,3,30,5,6,-34.26096930708473,-33.738860504557145
2001-11-24 04:30:00,15,-39.0,-38.99988818672472,0.1013409942794212,-31.0,-39.166594122314365,-38.83318225113507,-39.19851653551238,-38.80125983793705,3,30,5,6,-39.26094258798851,-38.738833785460926
2001-11-24 05:30:00,15,-24.0,-24.00006819600661,0.1013409942794212,-35.0,-24.166774131596256,-23.83336226041696,-24.19869654479428,-23.801439847218944,3,30,5,6,-24.261122597270397,-23.73901379474282
2001-11-24 06:30:00,15,2.0,1.999687177183056,0.1013409942794212,-29.0,1.832981241593408,2.1663931127727034,1.80105882839539,2.198315525970721,3,30,5,6,1.738632775919267,2.260741578446845
2001-11-24 07:30:00,15,-91.0,-90.99935097963431,0.1013409942794212,-31.0,-91.16605691522396,-90.83264504404468,-91.19797932842198,-90.80072263084664,3,30,5,6,-91.2604053808981,-90.73829657837052
2001-11-24 08:30:00,15,-92.0,-91.99937954981236,0.1013409942794212,-34.0,-92.16608548540202,-91.83267361422271,-92.19800789860004,-91.80075120102472,3,30,5,6,-92.26043395107615,-91.73832514854857
2001-11-24 09:30:00,15,-72.0,-71.9995990609261,0.1013409942794212,-34.0,-72.16630499651575,-71.83289312533645,-72.19822740971377,-71.80097071213844,3,30,5,6,-72.2606534621899,-71.73854465966231
2001-11-24 10:30:00,15,-96.0,-95.99937567650804,0.1013409942794212,-39.0,-96.1660816120977,-95.8326697409184,-96.19800402529572,-95.8007473277204,3,30,5,6,-96.26043007777183,-95.73832127524425
2001-11-24 11:30:00,15,-132.0,-131.99894027611464,0.1013409942794212,-24.0,-132.16564621170428,-131.832234340525,-132.19756862490232,-131.80031192732696,3,30,5,6,-132.25999467737842,-131.73788587485086
2001-11-24 12:30:00,15,-196.0,-195.9983289436626,0.1013409942794212,2.0,-196.16503487925223,-195.83162300807297,-196.1969572924503,-195.7997005948749,3,30,5,6,-196.2593833449264,-195.73727454239884
2001-11-24 13:30:00,15,-179.0,-178.99875136432934,0.1013409942794212,-91.0,-179.16545729991898,-178.8320454287397,-179.19737971311702,-178.80012301554166,3,30,5,6,-179.25980576559311,-178.73769696306556
2001-11-24 14:30:00,15,-202.0,-201.99849810897584,0.1013409942794212,-92.0,-202.16520404456548,-201.8317921733862,-202.19712645776352,-201.79986976018816,3,30,5,6,-202.25955251023962,-201.73744370771206
2001-11-24 15:30:00,15,-211.0,-210.99822194225243,0.1013409942794212,-72.0,-211.16492787784208,-210.8315160066628,-211.1968502910401,-210.79959359346475,3,30,5,6,-211.2592763435162,-210.73716754098865
2001-11-24 16:30:00,15,-221.0,-220.9983562182246,0.1013409942794212,-96.0,-221.16506215381423,-220.83165028263497,-221.1969845670123,-220.7997278694369,3,30,5,6,-221.25941061948836,-220.7373018169608
2001-11-24 17:30:00,15,-216.0,-215.9991823724526,0.1013409942794212,-132.0,-216.16588830804224,-215.8324764368629,-216.19781072124027,-215.8005540236649,3,30,5,6,-216.26023677371637,-215.73812797118882
2001-11-24 18:30:00,15,-205.0,-204.9997728230861,0.1013409942794212,-196.0,-205.1664787586757,-204.8330668874964,-205.1984011718737,-204.8011444742984,3,30,5,6,-205.26082722434987,-204.7387184218223
2001-11-24 19:30:00,15,-187.0,-186.99991277785887,0.1013409942794212,-179.0,-187.16661871344857,-186.83320684226928,-187.1985411266466,-186.80128442907125,3,30,5,6,-187.26096717912264,-186.7388583765951
2001-11-24 20:30:00,15,-177.0,-176.9999699642472,0.1013409942794212,-202.0,-177.16667589983686,-176.83326402865757,-177.1985983130349,-176.8013416154595,3,30,5,6,-177.261024365511,-176.73891556298344
2001-11-24 21:30:00,15,-172.0,-171.9998582665778,0.1013409942794212,-211.0,-172.16656420216745,-171.83315233098816,-172.19848661536548,-171.80122991779012,3,30,5,6,-172.26091266784158,-171.73880386531403
2001-11-24 22:30:00,15,-153.0,-153.0000575984988,0.1013409942794212,-221.0,-153.16676353408846,-152.83335166290917,-153.1986859472865,-152.80142924971113,3,30,5,6,-153.2611119997626,-152.73900319723504
2001-11-24 23:30:00,15,-150.0,-149.99998598890895,0.1013409942794212,-216.0,-150.16669192449862,-149.83328005331933,-150.19861433769665,-149.8013576401213,3,30,5,6,-150.26104039017272,-149.73893158764517
2001-11-25 00:30:00,15,-145.0,-144.99999198525563,0.1013409942794212,-205.0,-145.16669792084528,-144.833286049666,-145.1986203340433,-144.80136363646795,3,30,5,6,-145.2610463865194,-144.73893758399186
2001-11-25 01:30:00,15,-145.0,-144.99996550986674,0.1013409942794212,-187.0,-145.1666714454564,-144.8332595742771,-145.19859385865442,-144.80133716107906,3,30,5,6,-145.26101991113052,-144.73891110860296
2001-11-25 02:30:00,15,-144.0,-143.99998130186134,0.1013409942794212,-177.0,-144.166687237451,-143.8332753662717,-144.19860965064902,-143.80135295307366,3,30,5,6,-144.26103570312512,-143.73892690059756
2001-11-25 03:30:00,15,-134.0,-134.0000688138369,0.1013409942794212,-172.0,-134.16677474942654,-133.83336287824724,-134.19869716262457,-133.8014404650492,3,30,5,6,-134.26112321510067,-133.7390144125731
2001-11-25 04:30:00,15,-124.0,-124.00008245474878,0.1013409942794212,-153.0,-124.16678839033844,-123.83337651915912,-124.19871080353644,-123.80145410596111,3,30,5,6,-124.26113685601257,-123.73902805348499
2001-11-25 05:30:00,15,-118.0,-118.00007679279112,0.1013409942794212,-150.0,-118.16678272838077,-117.83337085720149,-118.19870514157878,-117.80144844400346,3,30,5,6,-118.26113119405491,-117.73902239152733
2001-11-25 06:30:00,15,-111.0,-111.00011815813652,0.1013409942794212,-145.0,-111.16682409372618,-110.83341222254688,-111.1987465069242,-110.80148980934888,3,30,5,6,-111.26117255940031,-110.73906375687272
2001-11-25 07:30:00,15,-114.0,-114.00007764171748,0.1013409942794212,-145.0,-114.16678357730711,-113.83337170612782,-114.19870599050512,-113.8014492929298,3,30,5,6,-114.26113204298127,-113.73902324045369
2001-11-25 08:30:00,15,-113.0,-113.00007438091691,0.1013409942794212,-144.0,-113.16678031650656,-112.83336844532728,-113.19870272970458,-112.80144603212923,3,30,5,6,-113.2611287821807,-112.73901997965312
2001-11-25 09:30:00,15,-106.0,-106.00007259021186,0.1013409942794212,-134.0,-106.1667785258015,-105.8333666546222,-106.19870093899952,-105.8014442414242,3,30,5,6,-106.26112699147565,-105.73901818894807
2001-11-25 10:30:00,15,-103.0,-103.00001553617666,0.1013409942794212,-124.0,-103.16672147176632,-102.833309600587,-103.19864388496433,-102.801387187389,3,30,5,6,-103.26106993744045,-102.73896113491287
2001-11-25 11:30:00,15,-107.0,-106.9999180180186,0.1013409942794212,-118.0,-107.16662395360824,-106.83321208242894,-107.19854636680626,-106.80128966923093,3,30,5,6,-107.2609724192824,-106.73886361675481
2001-11-25 12:30:00,15,-104.0,-103.99990636903804,0.1013409942794212,-111.0,-104.16661230462768,-103.83320043344838,-104.1985347178257,-103.80127802025036,3,30,5,6,-104.26096077030184,-103.73885196777425
2001-11-25 13:30:00,15,-98.0,-97.9999702463187,0.1013409942794212,-114.0,-98.16667618190834,-97.83326431072904,-98.19859859510636,-97.80134189753105,3,30,5,6,-98.26102464758249,-97.7389158450549
2001-11-25 14:30:00,15,-96.0,-95.99998258342453,0.1013409942794212,-113.0,-96.16668851901416,-95.83327664783488,-96.1986109322122,-95.80135423463686,3,30,5,6,-96.26103698468832,-95.73892818216073
2001-11-25 15:30:00,15,-92.0,-91.99999449263316,0.1013409942794212,-106.0,-92.1667004282228,-91.83328855704352,-92.19862284142084,-91.8013661438455,3,30,5,6,-92.26104889389696,-91.73894009136937
2001-11-25 16:30:00,15,-89.0,-89.00001835073668,0.1013409942794212,-103.0,-89.16672428632633,-88.83331241514703,-89.19864669952435,-88.80139000194902,3,30,5,6,-89.26107275200047,-88.73896394947289
2001-11-25 17:30:00,15,-90.0,-90.00001183803212,0.1013409942794212,-107.0,-90.16671777362176,-89.83330590244248,-90.1986401868198,-89.80138348924446,3,30,5,6,-90.26106623929591,-89.73895743676833
2001-11-25 18:30:00,15,-88.0,-88.00002322971702,0.1013409942794212,-104.0,-88.16672916530666,-87.83331729412737,-88.19865157850468,-87.80139488092935,3,30,5,6,-88.26107763098081,-87.73896882845322
2001-11-25 19:30:00,15,-86.0,-86.00001992170363,0.1013409942794212,-98.0,-86.16672585729327,-85.83331398611398,-86.19864827049129,-85.80139157291596,3,30,5,6,-86.26107432296742,-85.73896552043983
2001-11-25 20:30:00,15,-85.0,-85.00002493656379,0.1013409942794212,-96.0,-85.16673087215344,-84.83331900097414,-85.19865328535145,-84.80139658777613,3,30,5,6,-85.26107933782758,-84.7389705353
2001-11-25 21:30:00,15,-84.0,-84.00001479317503,0.1013409942794212,-92.0,-84.16672072876467,-83.83330885758538,-84.19864314196269,-83.80138644438736,3,30,5,6,-84.26106919443882,-83.73896039191123
2001-11-25 22:30:00,15,-83.0,-83.00000647808355,0.1013409942794212,-89.0,-83.1667124136732,-82.8333005424939,-83.19863482687121,-82.80137812929588,3,30,5,6,-83.26106087934734,-82.73895207681976
2001-11-25 23:30:00,15,-81.0,-81.00002276007712,0.1013409942794212,-90.0,-81.16672869566676,-80.83331682448747,-81.19865110886478,-80.80139441128945,3,30,5,6,-81.2610771613409,-80.73896835881332
2001-11-26 00:30:00,15,-83.0,-82.9999686663945,0.1013409942794212,-88.0,-83.16667460198414,-82.83326273080485,-83.19859701518216,-82.80134031760683,3,30,5,6,-83.26102306765829,-82.7389142651307
2001-11-26 01:30:00,15,-86.0,-85.9998960818439,0.1013409942794212,-86.0,-86.16660201743355,-85.83319014625425,-86.19852443063156,-85.80126773305624,3,30,5,6,-86.26095048310769,-85.73884168058011
2001-11-26 02:30:00,15,-85.0,-84.9998900188628,0.1013409942794212,-85.0,-85.16659595445245,-84.83318408327315,-85.19851836765046,-84.80126167007514,3,30,5,6,-85.26094442012659,-84.73883561759901
2001-11-26 03:30:00,15,-82.0,-81.99991587831755,0.1013409942794212,-84.0,-82.1666218139072,-81.8332099427279,-82.19854422710522,-81.80128752952989,3,30,5,6,-82.26097027958134,-81.73886147705376
2001-11-26 04:30:00,15,-78.0,-77.99997834441214,0.1013409942794212,-83.0,-78.16668428000179,-77.8332724088225,-78.1986066931998,-77.80134999562448,3,30,5,6,-78.26103274567593,-77.73892394314835
2001-11-26 05:30:00,15,-75.0,-74.99999568398377,0.1013409942794212,-81.0,-75.16670161957342,-74.83328974839412,-75.19862403277143,-74.8013673351961,3,30,5,6,-75.26105008524756,-74.73894128271998
2001-11-26 06:30:00,15,-75.0,-74.99999545254337,0.1013409942794212,-83.0,-75.16670138813302,-74.83328951695373,-75.19862380133104,-74.80136710375571,3,30,5,6,-75.26104985380717,-74.73894105127958
2001-11-26 07:30:00,15,-73.0,-73.00005023860851,0.1013409942794212,-86.0,-73.16675617419816,-72.83334430301886,-73.19867858739617,-72.80142188982084,3,30,5,6,-73.2611046398723,-72.73899583734472
2001-11-26 08:30:00,15,-67.0,-67.0001006430114,0.1013409942794212,-85.0,-67.16680657860104,-66.83339470742175,-67.19872899179906,-66.80147229422373,3,30,5,6,-67.26115504427518,-66.7390462417476
2001-11-26 09:30:00,15,-63.0,-63.0001178581696,0.1013409942794212,-82.0,-63.16682379375924,-62.83341192257995,-63.19874620695726,-62.80148950938193,3,30,5,6,-63.261172259433394,-62.73906345690581
2001-11-26 10:30:00,15,-60.0,-60.00012197078383,0.1013409942794212,-78.0,-60.16682790637348,-59.83341603519418,-60.198750319571495,-59.801493621996165,3,30,5,6,-60.26117637204762,-59.73906756952004
2001-11-26 11:30:00,15,-57.0,-57.0001313217699,0.1013409942794212,-75.0,-57.166837257359546,-56.83342538618025,-57.19875967055757,-56.80150297298224,3,30,5,6,-57.26118572303369,-56.73907692050611
2001-11-26 12:30:00,15,-56.0,-56.000129743124205,0.1013409942794212,-75.0,-56.16683567871385,-55.83342380753456,-56.19875809191187,-55.80150139433654,3,30,5,6,-56.261184144388,-55.73907534186041
2001-11-26 13:30:00,15,-54.0,-54.00013143996812,0.1013409942794212,-73.0,-54.16683737555776,-53.83342550437847,-54.19875978875578,-53.80150309118045,3,30,5,6,-54.261185841231914,-53.73907703870433
2001-11-26 14:30:00,15,-50.0,-50.00013065067249,0.1013409942794212,-67.0,-50.166836586262136,-49.83342471508284,-50.19875899946015,-49.80150230188482,3,30,5,6,-50.26118505193628,-49.7390762494087
2001-11-26 15:30:00,15,-50.0,-50.00009287414712,0.1013409942794212,-63.0,-50.16679880973676,-49.83338693855747,-50.19872122293478,-49.80146452535945,3,30,5,6,-50.26114727541091,-49.73903847288333
2001-11-26 16:30:00,15,-50.0,-50.00006039453511,0.1013409942794212,-60.0,-50.16676633012476,-49.833354458945465,-50.198688743322776,-49.80143204574745,3,30,5,6,-50.2611147957989,-49.73900599327132
2001-11-26 17:30:00,15,-48.0,-48.0000558047134,0.1013409942794212,-57.0,-48.166761740303045,-47.83334986912375,-48.19868415350106,-47.80142745592573,3,30,5,6,-48.26111020597719,-47.739001403449606
2001-11-26 18:30:00,15,-45.0,-45.00007264712977,0.1013409942794212,-56.0,-45.16677858271942,-44.83336671154012,-45.19870099591744,-44.801444298342105,3,30,5,6,-45.26112704839356,-44.73901824586598
2001-11-26 19:30:00,15,-45.0,-45.00006408561834,0.1013409942794212,-54.0,-45.16677002120799,-44.83335815002869,-45.198692434406006,-44.80143573683068,3,30,5,6,-45.26111848688213,-44.73900968435455
2001-11-26 20:30:00,15,-45.0,-45.00004288462252,0.1013409942794212,-50.0,-45.16674882021217,-44.83333694903288,-45.19867123341019,-44.80141453583486,3,30,5,6,-45.261097285886315,-44.73898848335873
2001-11-26 21:30:00,15,-43.0,-43.00004942663045,0.1013409942794212,-50.0,-43.166755362220094,-42.8333434910408,-43.19867777541811,-42.80142107784278,3,30,5,6,-43.26110382789424,-42.738995025366656
2001-11-26 22:30:00,15,-43.0,-43.00004634821759,0.1013409942794212,-50.0,-43.166752283807234,-42.83334041262794,-43.19867469700525,-42.80141799942992,3,30,5,6,-43.26110074948138,-42.738991946953796
2001-11-26 23:30:00,15,-43.0,-43.00003866144375,0.1013409942794212,-48.0,-43.1667445970334,-42.833332725854106,-43.19866701023142,-42.80141031265609,3,30,5,6,-43.261093062707545,-42.73898426017996
2001-11-27 00:30:00,15,-50.0,-49.99995071501854,0.1013409942794212,-45.0,-50.16665665060819,-49.833244779428895,-50.19857906380621,-49.80132236623088,3,30,5,6,-50.261005116282334,-49.73889631375475
2001-11-27 01:30:00,15,-55.0,-54.99989032093215,0.1013409942794212,-45.0,-55.1665962565218,-54.833184385342506,-55.19851866971982,-54.80126197214449,3,30,5,6,-55.260944722195944,-54.73883591966836
2001-11-27 02:30:00,15,-53.0,-52.99990041005154,0.1013409942794212,-45.0,-53.16660634564119,-52.83319447446189,-53.1985287588392,-52.80127206126387,3,30,5,6,-53.26095481131533,-52.738846008787746
2001-11-27 03:30:00,15,-48.0,-47.99993307358813,0.1013409942794212,-43.0,-48.16663900917778,-47.833227137998485,-48.1985614223758,-47.80130472480047,3,30,5,6,-48.26098747485192,-47.73887867232434
2001-11-27 04:30:00,15,-42.0,-41.99999930636593,0.1013409942794212,-43.0,-42.166705241955576,-41.83329337077628,-42.1986276551536,-41.80137095757826,3,30,5,6,-42.26105370762972,-41.73894490510214
2001-11-27 05:30:00,15,-37.0,-37.00005188579049,0.1013409942794212,-43.0,-37.16675782138014,-36.83334595020085,-37.19868023457816,-36.801423537002826,3,30,5,6,-37.26110628705428,-36.7389974845267
2001-11-27 06:30:00,15,-36.0,-36.00008339305263,0.1013409942794212,-50.0,-36.166789328642274,-35.83337745746298,-36.19871174184029,-35.80145504426496,3,30,5,6,-36.26113779431642,-35.739028991788835
2001-11-27 07:30:00,15,-33.0,-33.00014704908032,0.1013409942794212,-55.0,-33.166852984669966,-32.83344111349067,-33.19877539786798,-32.801518700292654,3,30,5,6,-33.26120145034411,-32.73909264781653
2001-11-27 08:30:00,15,-29.0,-29.000197067179744,0.1013409942794212,-53.0,-29.16690300276939,-28.833491131590097,-29.19882541596741,-28.80156871839208,3,30,5,6,-29.261251468443533,-28.739142665915956
2001-11-27 09:30:00,15,-31.0,-31.00015000772601,0.1013409942794212,-48.0,-31.166855943315653,-30.83344407213636,-31.19877835651367,-30.80152165893834,3,30,5,6,-31.261204408989798,-30.73909560646222
2001-11-27 10:30:00,15,-30.0,-30.00011667375857,0.1013409942794212,-42.0,-30.166822609348213,-29.83341073816892,-30.19874502254623,-29.8014883249709,3,30,5,6,-30.261171075022357,-29.73906227249478
2001-11-27 11:30:00,15,-30.0,-30.000066860801105,0.1013409942794212,-37.0,-30.166772796390752,-29.83336092521146,-30.19869520958877,-29.80143851201344,3,30,5,6,-30.261121262064894,-29.739012459537317
2001-11-27 12:30:00,15,-30.0,-30.00004505145836,0.1013409942794212,-36.0,-30.166750987048008,-29.833339115868714,-30.198673400246022,-29.801416702670696,3,30,5,6,-30.26109945272215,-29.738990650194573
2001-11-27 13:30:00,15,-29.0,-29.00004115963774,0.1013409942794212,-33.0,-29.166747095227382,-28.83333522404809,-29.198669508425404,-28.80141281085008,3,30,5,6,-29.261095560901527,-28.73898675837395
2001-11-27 14:30:00,15,-28.0,-28.00003761044596,0.1013409942794212,-29.0,-28.1667435460356,-27.833331674856307,-28.19866595923362,-27.80140926165829,3,30,5,6,-28.26109201170975,-27.738983209182173
2001-11-27 15:30:00,15,-26.0,-26.00005751171664,0.1013409942794212,-31.0,-26.166763447306288,-25.833351576127,-26.198685860504305,-25.801429162928976,3,30,5,6,-26.26111191298043,-25.739003110452852
2001-11-27 16:30:00,15,-27.0,-27.0000440729132,0.1013409942794212,-30.0,-27.166750008502845,-26.83333813732355,-27.198672421700863,-26.801415724125533,3,30,5,6,-27.26109847417699,-26.738989671649414
2001-11-27 17:30:00,15,-27.0,-27.000042354086062,0.1013409942794212,-30.0,-27.16674828967571,-26.83333641849641,-27.198670702873727,-26.8014140052984,3,30,5,6,-27.26109675534985,-26.738987952822274
2001-11-27 18:30:00,15,-25.0,-25.000059023287456,0.1013409942794212,-30.0,-25.166764958877103,-24.83335308769781,-25.19868737207512,-24.80143067449979,3,30,5,6,-25.261113424551244,-24.739004622023668
2001-11-27 19:30:00,15,-25.0,-25.000056672297426,0.1013409942794212,-29.0,-25.16676260788708,-24.83335073670778,-25.19868502108509,-24.80142832350976,3,30,5,6,-25.261111073561214,-24.739002271033637
2001-11-27 20:30:00,15,-25.0,-25.000051393611805,0.1013409942794212,-28.0,-25.16675732920145,-24.83334545802216,-25.19867974239947,-24.80142304482414,3,30,5,6,-25.261105794875593,-24.738996992348017
2001-11-27 21:30:00,15,-26.0,-26.00003175837308,0.1013409942794212,-26.0,-26.16673769396272,-25.833325822783426,-26.198660107160737,-25.801403409585408,3,30,5,6,-26.261086159636868,-25.73897735710929
2001-11-27 22:30:00,15,-26.0,-26.00003436608636,0.1013409942794212,-27.0,-26.166740301676008,-25.83332843049672,-26.198662714874025,-25.801406017298696,3,30,5,6,-26.26108876735015,-25.738979964822573
2001-11-27 23:30:00,15,-28.0,-28.00000352620687,0.1013409942794212,-27.0,-28.16670946179652,-27.833297590617224,-28.198631874994536,-27.801375177419207,3,30,5,6,-28.26105792747066,-27.738949124943083
2001-11-28 00:30:00,15,-30.0,-29.99997191046477,0.1013409942794212,-25.0,-30.16667784605442,-29.833265974875125,-30.19860025925244,-29.801343561677108,3,30,5,6,-30.261026311728557,-29.73891750920098
2001-11-28 01:30:00,15,-31.0,-30.999954659640697,0.1013409942794212,-25.0,-31.166660595230343,-30.83324872405105,-31.19858300842836,-30.80132631085303,3,30,5,6,-31.261009060904485,-30.73890025837691
2001-11-28 02:30:00,15,-33.0,-32.99992433683557,0.1013409942794212,-25.0,-33.166630272425216,-32.83321840124592,-33.198552685623234,-32.801295988047904,3,30,5,6,-33.26097873809936,-32.73886993557178
2001-11-28 03:30:00,15,-33.0,-32.999928901805774,0.1013409942794212,-26.0,-33.16663483739542,-32.83322296621613,-33.19855725059344,-32.80130055301811,3,30,5,6,-33.260983303069565,-32.73887450054198
2001-11-28 04:30:00,15,-32.0,-31.99993604791211,0.1013409942794212,-26.0,-32.16664198350176,-31.833230112322465,-32.19856439669978,-31.801307699124447,3,30,5,6,-32.2609904491759,-31.738881646648323
2001-11-28 05:30:00,15,-28.0,-27.99997582547482,0.1013409942794212,-28.0,-28.166681761064467,-27.833269889885173,-28.198604174262485,-27.801347476687155,3,30,5,6,-28.261030226738608,-27.738921424211032
2001-11-28 06:30:00,15,-25.0,-25.00001835054898,0.1013409942794212,-30.0,-25.166724286138628,-24.83331241495933,-25.19864669933665,-24.80139000176132,3,30,5,6,-25.26107275181277,-24.738963949285193
2001-11-28 07:30:00,15,-20.0,-20.000074833308634,0.1013409942794212,-31.0,-20.16678076889828,-19.833368897718987,-20.1987031820963,-19.80144648452097,3,30,5,6,-20.261129234572422,-19.739020432044846
2001-11-28 08:30:00,15,-17.0,-17.000115131816038,0.1013409942794212,-33.0,-17.166821067405685,-16.83340919622639,-17.198743480603703,-16.801486783028373,3,30,5,6,-17.261169533079826,-16.73906073055225
2001-11-28 09:30:00,15,-16.0,-16.000131071612753,0.1013409942794212,-33.0,-16.1668370072024,-15.833425136023104,-16.198759420400417,-15.801502722825088,3,30,5,6,-16.26118547287654,-15.739076670348963
2001-11-28 10:30:00,15,-17.0,-17.000118866687835,0.1013409942794212,-32.0,-17.166824802277482,-16.833412931098188,-17.1987472154755,-16.80149051790017,3,30,5,6,-17.261173267951623,-16.739064465424047
2001-11-28 11:30:00,15,-16.0,-16.000111426187964,0.1013409942794212,-28.0,-16.16681736177761,-15.833405490598317,-16.19873977497563,-15.8014830774003,3,30,5,6,-16.26116582745175,-15.739057024924174
2001-11-28 12:30:00,15,-16.0,-16.000086679303454,0.1013409942794212,-25.0,-16.1667926148931,-15.833380743713803,-16.19871502809112,-15.80145833051579,3,30,5,6,-16.261141080567242,-15.739032278039664
2001-11-28 13:30:00,15,-16.0,-16.00006415387704,0.1013409942794212,-20.0,-16.166770089466688,-15.833358218287392,-16.198692502664706,-15.801435805089376,3,30,5,6,-16.26111855514083,-15.739009752613251
2001-11-28 14:30:00,15,-15.0,-15.000058564586286,0.1013409942794212,-17.0,-15.166764500175937,-14.833352628996638,-15.198686913373953,-14.801430215798622,3,30,5,6,-15.261112965850076,-14.739004163322496
2001-11-28 15:30:00,15,-13.0,-13.00007066746685,0.1013409942794212,-16.0,-13.1667766030565,-12.833364731877202,-13.198699016254515,-12.801442318679186,3,30,5,6,-13.26112506873064,-12.73901626620306
2001-11-28 16:30:00,15,-13.0,-13.000068836590202,0.1013409942794212,-17.0,-13.166774772179853,-12.833362901000552,-13.198697185377869,-12.801440487802536,3,30,5,6,-13.261123237853992,-12.739014435326412
2001-11-28 17:30:00,15,-14.0,-14.000063009402924,0.1013409942794212,-16.0,-14.166768944992574,-13.833357073813277,-14.19869135819059,-13.80143466061526,3,30,5,6,-14.261117410666714,-13.739008608139134
2001-11-28 18:30:00,15,-13.0,-13.00007433677014,0.1013409942794212,-16.0,-13.166780272359787,-12.833368401180492,-13.198702685557803,-12.801445987982476,3,30,5,6,-13.26112873803393,-12.73901993550635
2001-11-28 19:30:00,15,-13.0,-13.000070178482744,0.1013409942794212,-16.0,-13.166776114072391,-12.833364242893095,-13.198698527270407,-12.80144182969508,3,30,5,6,-13.261124579746534,-12.739015777218954
2001-11-28 20:30:00,15,-13.0,-13.000061579770826,0.1013409942794212,-15.0,-13.166767515360474,-12.833355644181175,-13.19868992855849,-12.80143323098316,3,30,5,6,-13.261115981034616,-12.739007178507036
2001-11-28 21:30:00,15,-12.0,-12.000067027051482,0.1013409942794212,-13.0,-12.166772962641131,-11.833361091461834,-12.198695375839147,-11.801438678263818,3,30,5,6,-12.261121428315272,-11.739012625787693
2001-11-28 22:30:00,15,-14.0,-14.00004563969934,0.1013409942794212,-13.0,-14.16675157528899,-13.833339704109692,-14.198673988487004,-13.801417290911676,3,30,5,6,-14.26110004096313,-13.73899123843555
2001-11-28 23:30:00,15,-15.0,-15.000033833289043,0.1013409942794212,-14.0,-15.166739768878694,-14.833327897699396,-15.19866218207671,-14.80140548450138,3,30,5,6,-15.261088234552833,-14.738979432025253
2001-11-29 00:30:00,15,-15.0,-15.0000292504887,0.1013409942794212,-13.0,-15.16673518607835,-14.833323314899053,-15.198657599276366,-14.801400901701037,3,30,5,6,-15.26108365175249,-14.73897484922491
2001-11-29 01:30:00,15,-15.0,-15.000016942561183,0.1013409942794212,-13.0,-15.166722878150834,-14.833311006971536,-15.19864529134885,-14.80138859377352,3,30,5,6,-15.261071343824973,-14.738962541297393
2001-11-29 02:30:00,15,-17.0,-16.999988729566077,0.1013409942794212,-13.0,-17.166694665155724,-16.83328279397643,-17.19861707835374,-16.801360380778412,3,30,5,6,-17.261043130829865,-16.73893432830229
2001-11-29 03:30:00,15,-19.0,-18.99997337444241,0.1013409942794212,-12.0,-19.16667931003206,-18.833267438852765,-19.19860172323008,-18.801345025654747,3,30,5,6,-19.261027775706197,-18.73891897317862
2001-11-29 04:30:00,15,-20.0,-19.9999677938156,0.1013409942794212,-14.0,-20.166673729405247,-19.83326185822596,-20.198596142603265,-19.80133944502793,3,30,5,6,-20.261022195079388,-19.73891339255181
2001-11-29 05:30:00,15,-18.0,-17.999992303726934,0.1013409942794212,-15.0,-18.16669823931658,-17.833286368137287,-18.1986206525146,-17.80136395493927,3,30,5,6,-18.261046704990722,-17.738937902463146
2001-11-29 06:30:00,15,-18.0,-17.99997706039639,0.1013409942794212,-15.0,-18.16668299598604,-17.833271124806743,-18.19860540918405,-17.801348711608725,3,30,5,6,-18.261031461660178,-17.7389226591326
2001-11-29 07:30:00,15,-19.0,-18.99997006305194,0.1013409942794212,-15.0,-19.166675998641587,-18.833264127462293,-19.198598411839605,-18.801341714264275,3,30,5,6,-19.261024464315728,-18.738915661788152
2001-11-29 08:30:00,15,-17.0,-17.000008774380934,0.1013409942794212,-17.0,-17.16671470997058,-16.833302838791287,-17.1986371231686,-16.80138042559327,3,30,5,6,-17.261063175644722,-16.738954373117146
2001-11-29 09:30:00,15,-17.0,-17.00001872966302,0.1013409942794212,-19.0,-17.166724665252666,-16.833312794073372,-17.198647078450684,-16.801390380875354,3,30,5,6,-17.261073130926807,-16.73896432839923
2001-11-29 10:30:00,15,-17.0,-17.000011601226173,0.1013409942794212,-20.0,-17.16671753681582,-16.833305665636527,-17.19863995001384,-16.80138325243851,3,30,5,6,-17.26106600248996,-16.738957199962385
2001-11-29 11:30:00,15,-16.0,-16.00000996837276,0.1013409942794212,-18.0,-16.166715903962405,-15.83330403278311,-16.198638317160423,-15.801381619585094,3,30,5,6,-16.261064369636546,-15.738955567108968
2001-11-29 12:30:00,15,-17.0,-17.000007246378345,0.1013409942794212,-18.0,-17.166713181967992,-16.8333013107887,-17.19863559516601,-16.80137889759068,3,30,5,6,-17.261061647642133,-16.738952845114557
2001-11-29 13:30:00,15,-16.0,-16.000028289400248,0.1013409942794212,-19.0,-16.166734224989895,-15.8333223538106,-16.198656638187913,-15.801399940612583,3,30,5,6,-16.261082690664036,-15.738973888136458
2001-11-29 14:30:00,15,-12.0,-12.000052972787277,0.1013409942794212,-17.0,-12.166758908376924,-11.833347037197628,-12.19868132157494,-11.801424623999612,3,30,5,6,-12.261107374051067,-11.738998571523487
2001-11-29 15:30:00,15,-12.0,-12.000039340146746,0.1013409942794212,-17.0,-12.166745275736394,-11.833333404557097,-12.19866768893441,-11.80141099135908,3,30,5,6,-12.261093741410535,-11.738984938882956
2001-11-29 16:30:00,15,-14.0,-14.000000922824508,0.1013409942794212,-17.0,-14.166706858414155,-13.83329498723486,-14.198629271612171,-13.801372574036844,3,30,5,6,-14.261055324088298,-13.738946521560718
2001-11-29 17:30:00,15,-14.0,-14.000009554217591,0.1013409942794212,-16.0,-14.16671548980724,-13.833303618627944,-14.198637903005256,-13.801381205429928,3,30,5,6,-14.261063955481381,-13.738955152953801
2001-11-29 18:30:00,15,-14.0,-14.0000154937306,0.1013409942794212,-17.0,-14.16672142932025,-13.833309558140952,-14.198643842518266,-13.801387144942936,3,30,5,6,-14.26106989499439,-13.73896109246681
2001-11-29 19:30:00,15,-14.0,-14.000016595537524,0.1013409942794212,-16.0,-14.166722531127173,-13.833310659947877,-14.198644944325189,-13.80138824674986,3,30,5,6,-14.261070996801314,-13.738962194273734
2001-11-29 20:30:00,15,-14.0,-14.000000386922078,0.1013409942794212,-12.0,-14.166706322511727,-13.83329445133243,-14.198628735709743,-13.801372038134414,3,30,5,6,-14.261054788185868,-13.738945985658289
2001-11-29 21:30:00,15,-14.0,-13.999996766203772,0.1013409942794212,-12.0,-14.16670270179342,-13.833290830614123,-14.198625114991437,-13.801368417416109,3,30,5,6,-14.261051167467562,-13.738942364939982
2001-11-29 22:30:00,15,-15.0,-14.999988170546056,0.1013409942794212,-14.0,-15.166694106135706,-14.833282234956409,-15.198616519333722,-14.801359821758393,3,30,5,6,-15.261042571809845,-14.738933769282266
2001-11-29 23:30:00,15,-17.0,-16.999958357375327,0.1013409942794212,-14.0,-17.166664292964974,-16.83325242178568,-17.198586706162992,-16.801330008587662,3,30,5,6,-17.261012758639115,-16.73890395611154
2001-11-30 00:30:00,15,-19.0,-18.999946449969748,0.1013409942794212,-14.0,-19.166652385559395,-18.8332405143801,-19.198574798757413,-18.801318101182083,3,30,5,6,-19.261000851233536,-18.73889204870596
2001-11-30 01:30:00,15,-22.0,-21.999909240364914,0.1013409942794212,-14.0,-22.16661517595456,-21.833203304775267,-22.19853758915258,-21.80128089157725,3,30,5,6,-22.260963641628702,-21.738854839101126
2001-11-30 02:30:00,15,-22.0,-21.99991207890292,0.1013409942794212,-14.0,-22.166618014492563,-21.83320614331327,-22.19854042769058,-21.80128373011525,3,30,5,6,-22.260966480166708,-21.738857677639132
2001-11-30 03:30:00,15,-20.0,-19.999936469727533,0.1013409942794212,-14.0,-20.16664240531718,-19.833230534137886,-20.1985648185152,-19.80130812093987,3,30,5,6,-20.26099087099132,-19.738882068463745
2001-11-30 04:30:00,15,-16.0,-15.99998575562223,0.1013409942794212,-15.0,-16.166691691211877,-15.83327982003258,-16.198614104409895,-15.801357406834564,3,30,5,6,-16.26104015688602,-15.73893135435844
2001-11-30 05:30:00,15,-13.0,-13.00003337144459,0.1013409942794212,-17.0,-13.16673930703424,-12.833327435854942,-13.198661720232256,-12.801405022656926,3,30,5,6,-13.26108777270838,-12.738978970180801
2001-11-30 06:30:00,15,-13.0,-13.000045603543512,0.1013409942794212,-19.0,-13.16675153913316,-12.833339667953863,-13.198673952331175,-12.801417254755847,3,30,5,6,-13.261100004807302,-12.738991202279722
2001-11-30 07:30:00,15,-12.0,-12.0000826391258,0.1013409942794212,-22.0,-12.166788574715447,-11.833376703536151,-12.198710987913463,-11.801454290338135,3,30,5,6,-12.26113704038959,-11.73902823786201
2001-11-30 08:30:00,15,-13.0,-13.000075382604788,0.1013409942794212,-22.0,-13.166781318194436,-12.83336944701514,-13.198703731392452,-12.801447033817125,3,30,5,6,-13.261129783868578,-12.739020981340998
2001-11-30 09:30:00,15,-16.0,-16.000014995215555,0.1013409942794212,-20.0,-16.1667209308052,-15.833309059625906,-16.19864334400322,-15.80138664642789,3,30,5,6,-16.261069396479343,-15.738960593951765
2001-11-30 10:30:00,15,-17.0,-16.999971780732704,0.1013409942794212,-16.0,-17.16667771632235,-16.833265845143057,-17.19860012952037,-16.80134343194504,3,30,5,6,-17.261026181996492,-16.738917379468916
2001-11-30 11:30:00,15,-16.0,-15.999960080917177,0.1013409942794212,-13.0,-16.166666016506824,-15.833254145327528,-16.19858842970484,-15.801331732129512,3,30,5,6,-16.261014482180965,-15.738905679653387
2001-11-30 12:30:00,15,-13.0,-12.999993654502166,0.1013409942794212,-13.0,-13.166699590091817,-12.833287718912516,-13.198622003289833,-12.8013653057145,3,30,5,6,-13.261048055765956,-12.738939253238376
2001-11-30 13:30:00,15,-9.0,-9.000034216744211,0.1013409942794212,-12.0,-9.16674015233386,-8.833328281154563,-9.198662565531876,-8.801405867956547,3,30,5,6,-9.261088618008001,-8.738979815480421
2001-11-30 14:30:00,15,0.0,-0.0001334809976469,0.1013409942794212,-13.0,-0.1668394165872949,0.1665724545920009,-0.1987618297853126,0.1984948677900186,3,30,5,6,-0.2611878822614359,0.26092092026614216
2001-11-30 15:30:00,15,-5.0,-5.000093169472848,0.1013409942794212,-16.0,-5.166799105062496,-4.8333872338832,-5.1987215182605135,-4.801464820685182,3,30,5,6,-5.261147570736637,-4.739038768209059
2001-11-30 16:30:00,15,-5.0,-5.000096491977569,0.1013409942794212,-17.0,-5.166802427567217,-4.833390556387921,-5.198724840765235,-4.801468143189903,3,30,5,6,-5.261150893241358,-4.73904209071378
2001-11-30 17:30:00,15,-7.0,-7.000075936933513,0.1013409942794212,-16.0,-7.166781872523161,-6.833370001343865,-7.1987042857211785,-6.801447588145847,3,30,5,6,-7.261130338197302,-6.739021535669724
2001-11-30 18:30:00,15,-5.0,-5.000081184567552,0.1013409942794212,-13.0,-5.1667871201572,-4.833375248977904,-5.198709533355218,-4.801452835779887,3,30,5,6,-5.261135585831341,-4.739026783303763
2001-11-30 19:30:00,15,-1.0,-1.000107988403073,0.1013409942794212,-9.0,-1.1668139239927209,-0.833402052813425,-1.198736337190739,-0.8014796396154074,3,30,5,6,-1.261162389666862,-0.739053587139284
2001-11-30 20:30:00,15,0.0,-9.87972257107117e-05,0.1013409942794212,0.0,-0.1668047328153586,0.1666071383639372,-0.1987271460133763,0.1985295515619549,3,30,5,6,-0.26115319848949975,0.2609556040380783
2001-11-30 21:30:00,15,3.0,2.9998664993757487,0.1013409942794212,-5.0,2.833160563786101,3.1665724349653965,2.801238150588083,3.1984948481634143,3,30,5,6,2.7388120981119597,3.2609209006395377
2001-11-30 22:30:00,15,2.0,1.999875456134653,0.1013409942794212,-5.0,1.8331695205450047,2.166581391724301,1.8012471073469871,2.1985038049223187,3,30,5,6,1.738821054870864,2.260929857398442
2001-11-30 23:30:00,15,1.0,0.999879260152234,0.1013409942794212,-7.0,0.833173324562586,1.1665851957418818,0.8012509113645683,1.1985076089398996,3,30,5,6,0.738824858888445,1.2609336614160231
2001-12-01 00:30:00,15,1.0,0.999887966968842,0.1013409942794212,-5.0,0.8331820313791941,1.16659390255849,0.8012596181811764,1.1985163157565075,3,30,5,6,0.7388335657050529,1.260942368232631
2001-12-01 01:30:00,15,-3.0,-3.0000559894274765,0.1013409942794212,-1.0,-3.1667619250171244,-2.8333500538378287,-3.198684338215142,-2.801427640639811,3,30,5,6,-3.2611103906912655,-2.7390015881636876
2001-12-01 02:30:00,15,-3.0,-3.00005206825022,0.1013409942794212,0.0,-3.166758003839868,-2.833346132660572,-3.198680417037885,-2.801423719462554,3,30,5,6,-3.261106469514009,-2.738997666986431
2001-12-01 03:30:00,15,-5.0,-5.000030152375466,0.1013409942794212,3.0,-5.166736087965114,-4.833324216785818,-5.198658501163131,-4.8014018035878,3,30,5,6,-5.261084553639255,-4.738975751111677
2001-12-01 04:30:00,15,-4.0,-4.000038898995339,0.1013409942794212,2.0,-4.1667448345849865,-3.8333329634056894,-4.198667247783004,-3.801410550207673,3,30,5,6,-4.261093300259128,-3.7389844977315496
2001-12-01 05:30:00,15,4.0,3.99987731963423,0.1013409942794212,1.0,3.833171384044582,4.166583255223878,3.801248970846564,4.198505668421896,3,30,5,6,3.738822918370441,4.260931720898019
2001-12-01 06:30:00,15,8.0,7.999837975769935,0.1013409942794212,1.0,7.833132040180287,8.166543911359584,7.80120962698227,8.1984663245576,3,30,5,6,7.738783574506146,8.260892377033725
2001-12-01 07:30:00,15,7.0,6.999825256916658,0.1013409942794212,-3.0,6.83311932132701,7.166531192506306,6.8011969081289925,7.198453605704324,3,30,5,6,6.738770855652869,7.260879658180447
2001-12-01 08:30:00,15,9.0,8.999834176344763,0.1013409942794212,-3.0,8.833128240755114,9.166540111934411,8.801205827557098,9.198462525132427,3,30,5,6,8.738779775080973,9.260888577608553
2001-12-01 09:30:00,15,6.0,5.999888092281701,0.1013409942794212,-5.0,5.833182156692053,6.166594027871349,5.801259743494035,6.198516441069367,3,30,5,6,5.738833691017912,6.26094249354549
2001-12-01 10:30:00,15,8.0,7.999870332678945,0.1013409942794212,-4.0,7.8331643970892975,8.166576268268594,7.80124198389128,8.19849868146661,3,30,5,6,7.738815931415156,8.260924733942735
2001-12-01 11:30:00,15,13.0,12.999831713195086,0.1013409942794212,4.0,12.833125777605437,13.166537648784734,12.80120336440742,13.19846006198275,3,30,5,6,12.738777311931296,13.260886114458875
2001-12-01 12:30:00,15,7.0,6.9998925019188505,0.1013409942794212,8.0,6.833186566329203,7.166598437508498,6.801264153131185,7.198520850706516,3,30,5,6,6.7388381006550615,7.2609469031826395
2001-12-01 13:30:00,15,-2.0,-2.0000132792518563,0.1013409942794212,7.0,-2.166719214841504,-1.8333073436622085,-2.198641628039522,-1.801384930464191,3,30,5,6,-2.2610676805156453,-1.7389588779880674
2001-12-01 14:30:00,15,-2.0,-1.9999997704941563,0.1013409942794212,9.0,-2.166705706083804,-1.8332938349045085,-2.198628119281822,-1.801371421706491,3,30,5,6,-2.2610541717579453,-1.7389453692303674
2001-12-01 15:30:00,15,-3.0,-2.9999707589763034,0.1013409942794212,6.0,-3.1666766945659512,-2.8332648233866555,-3.198599107763969,-2.8013424101886377,3,30,5,6,-3.2610251602400924,-2.7389163577125144
2001-12-01 16:30:00,15,-9.0,-8.99989189720872,0.1013409942794212,8.0,-9.166597832798368,-8.83318596161907,-9.198520245996384,-8.801263548421055,3,30,5,6,-9.26094629847251,-8.73883749594493
2001-12-01 17:30:00,15,-1.0,-0.9999786572291924,0.1013409942794212,13.0,-1.1666845928188403,-0.8332727216395445,-1.198607006016858,-0.8013503084415268,3,30,5,6,-1.2610330584929814,-0.7389242559654035
2001-12-01 18:30:00,15,-1.0,-0.9999970314533826,0.1013409942794212,7.0,-1.1667029670430304,-0.8332910958637346,-1.1986253802410485,-0.8013686826657169,3,30,5,6,-1.2610514327171716,-0.7389426301895936
2001-12-01 19:30:00,15,-4.0,-3.999956325218165,0.1013409942794212,-2.0,-4.166662260807812,-3.8332503896285166,-4.19858467400583,-3.801327976430499,3,30,5,6,-4.261010726481954,-3.738901923954376
2001-12-01 20:30:00,15,-6.0,-5.999908129834861,0.1013409942794212,-2.0,-6.1666140654245085,-5.833202194245213,-6.198536478622526,-5.801279781047195,3,30,5,6,-6.26096253109865,-5.738853728571072
2001-12-01 21:30:00,15,-4.0,-3.999923318619452,0.1013409942794212,-3.0,-4.1666292542091,-3.833217383029804,-4.198551667407117,-3.801294969831786,3,30,5,6,-4.2609777198832415,-3.738868917355663
2001-12-01 22:30:00,15,-7.0,-6.999930968540284,0.1013409942794212,-9.0,-7.166636904129931,-6.833225032950636,-7.198559317327949,-6.801302619752618,3,30,5,6,-7.260985369804073,-6.738876567276495
2001-12-01 23:30:00,15,-2.0,-1.999976008806445,0.1013409942794212,-1.0,-2.1666819443960934,-1.8332700732167977,-2.198604357594111,-1.80134766001878,3,30,5,6,-2.261030410070234,-1.7389216075426561
2001-12-02 00:30:00,15,-1.0,-0.999982488089664,0.1013409942794212,-1.0,-1.1666884236793118,-0.833276552500016,-1.1986108368773296,-0.8013541393019983,3,30,5,6,-1.261036889353453,-0.738928086825875
2001-12-02 01:30:00,15,-2.0,-1.9999703520372627,0.1013409942794212,-4.0,-2.1666762876269106,-1.8332644164476148,-2.1985987008249284,-1.801342003249597,3,30,5,6,-2.2610247533010517,-1.7389159507734737
2001-12-02 02:30:00,15,-3.0,-2.999961904647844,0.1013409942794212,-6.0,-3.1666678402374915,-2.833255969058196,-3.1985902534355093,-2.801333555860178,3,30,5,6,-3.261016305911633,-2.738907503384055
2001-12-02 03:30:00,15,-2.0,-1.9999704763922248,0.1013409942794212,-4.0,-2.1666764119818724,-1.8332645408025767,-2.1985988251798902,-1.801342127604559,3,30,5,6,-2.261024877656014,-1.7389160751284358
2001-12-02 04:30:00,15,0.0,-1.5950769380879137e-05,0.1013409942794212,-7.0,-0.1667218863590288,0.1666899848202671,-0.1986442995570465,0.1986123980182847,3,30,5,6,-0.2610703520331699,0.26103845049440816
2001-12-02 05:30:00,15,3.0,2.9999442947683264,0.1013409942794212,-2.0,2.8332383591786785,3.166650230357974,2.8013159459806607,3.198572643555992,3,30,5,6,2.7388898935045374,3.2609986960321153
2001-12-02 06:30:00,15,0.0,-4.290515427385344e-06,0.1013409942794212,-1.0,-0.1667102261050753,0.1667016450742205,-0.198632639303093,0.1986240582722382,3,30,5,6,-0.2610586917792164,0.26105011074836165
2001-12-02 07:30:00,15,3.0,2.999964422154555,0.1013409942794212,-2.0,2.833258486564908,3.166670357744203,2.801336073366889,3.198592770942221,3,30,5,6,2.738910020890766,3.261018823418344
2001-12-02 08:30:00,15,6.0,5.99993185788923,0.1013409942794212,-3.0,5.833225922299582,6.166637793478878,5.801303509101564,6.198560206676896,3,30,5,6,5.738877456625441,6.260986259153019
2001-12-02 09:30:00,15,10.0,9.999896375781615,0.1013409942794212,-2.0,9.833190440191968,10.166602311371266,9.801268026993952,10.198524724569282,3,30,5,6,9.738841974517825,10.260950777045405
2001-12-02 10:30:00,15,12.0,11.999874898541217,0.1013409942794212,0.0,11.833168962951566,12.166580834130864,11.80124654975355,12.19850324732888,3,30,5,6,11.738820497277427,12.260929299805007
2001-12-02 11:30:00,15,13.0,12.999872272374112,0.1013409942794212,3.0,12.833166336784464,13.16657820796376,12.801243923586448,13.198500621161775,3,30,5,6,12.738817871110323,13.260926673637902
2001-12-02 12:30:00,15,16.0,15.999838021644903,0.1013409942794212,0.0,15.833132086055256,16.166543957234552,15.80120967285724,16.19846637043257,3,30,5,6,15.738783620381113,16.260892422908693
2001-12-02 13:30:00,15,15.0,14.999855544354205,0.1013409942794212,3.0,14.833149608764556,15.166561479943852,14.80122719556654,15.19848389314187,3,30,5,6,14.738801143090415,15.260909945617994
2001-12-02 14:30:00,15,16.0,15.999852398078032,0.1013409942794212,6.0,15.833146462488385,16.16655833366768,15.801224049290369,16.198480746865698,3,30,5,6,15.738797996814242,16.26090679934182
2001-12-02 15:30:00,15,13.0,12.9998836956675,0.1013409942794212,10.0,12.83317776007785,13.166589631257148,12.801255346879834,13.198512044455164,3,30,5,6,12.73882929440371,13.260938096931289
2001-12-02 16:30:00,15,9.0,8.999926766501233,0.1013409942794212,12.0,8.833220830911584,9.16663270209088,8.801298417713568,9.198555115288896,3,30,5,6,8.738872365237443,9.260981167765022
2001-12-02 17:30:00,15,6.0,5.999962968466903,0.1013409942794212,13.0,5.833257032877255,6.166668904056551,5.8013346196792375,6.198591317254569,3,30,5,6,5.738908567203114,6.261017369730692
2001-12-02 18:30:00,15,5.0,4.99996376425905,0.1013409942794212,16.0,4.833257828669402,5.166669699848698,4.801335415471384,5.198592113046716,3,30,5,6,4.738909362995261,5.261018165522839
2001-12-02 19:30:00,15,5.0,4.999960260595138,0.1013409942794212,15.0,4.83325432500549,5.166666196184786,4.801331911807472,5.198588609382804,3,30,5,6,4.738905859331349,5.261014661858927
2001-12-02 20:30:00,15,0.0,1.7828047916168543e-05,0.1013409942794212,16.0,-0.1666881075417318,0.1667237636375641,-0.1986105207397495,0.1986461768355818,3,30,5,6,-0.26103657321587287,0.2610722293117052
2001-12-02 21:30:00,15,0.0,3.6164862109444576e-06,0.1013409942794212,13.0,-0.166702319103437,0.1667095520758589,-0.1986247323014547,0.1986319652738766,3,30,5,6,-0.2610507847775781,0.26105801775
2001-12-02 22:30:00,15,-1.0,-0.9999666949636818,0.1013409942794212,9.0,-1.1666726305533297,-0.8332607593740339,-1.1985950437513475,-0.8013383461760162,3,30,5,6,-1.2610210962274708,-0.7389122936998929
2001-12-02 23:30:00,15,-2.0,-1.9999784818517767,0.1013409942794212,6.0,-2.1666844174414246,-1.8332725462621289,-2.1986068306394424,-1.801350133064111,3,30,5,6,-2.2610328831155657,-1.7389240805879878
2001-12-03 00:30:00,15,2.0,1.999957321404089,0.1013409942794212,5.0,1.8332513858144408,2.166663256993737,1.8013289726164237,2.198585670191755,3,30,5,6,1.7389029201403001,2.2610117226678783
2001-12-03 01:30:00,15,3.0,2.999931245045836,0.1013409942794212,5.0,2.8332253094561883,3.166637180635484,2.8013028962581705,3.198559593833502,3,30,5,6,2.738876843782047,3.260985646309625
2001-12-03 02:30:00,15,5.0,4.999878792252268,0.1013409942794212,0.0,4.83317285666262,5.166584727841916,4.801250443464602,5.198507141039934,3,30,5,6,4.738824390988479,5.260933193516057
2001-12-03 03:30:00,15,8.0,7.999831556673634,0.1013409942794212,0.0,7.833125621083986,8.166537492263283,7.801203207885968,8.198459905461299,3,30,5,6,7.738777155409845,8.260885957937424
2001-12-03 04:30:00,15,10.0,9.999807679998533,0.1013409942794212,-1.0,9.833101744408884,10.16651361558818,9.801179331210868,10.198436028786196,3,30,5,6,9.738753278734743,10.260862081262323
2001-12-03 05:30:00,15,6.0,5.999924538350534,0.1013409942794212,-2.0,5.833218602760886,6.166630473940182,5.801296189562868,6.1985528871382,3,30,5,6,5.738870137086745,6.260978939614323
2001-12-03 06:30:00,15,6.0,6.000007759527129,0.1013409942794212,2.0,5.833301823937481,6.166713695116777,5.801379410739464,6.198636108314795,3,30,5,6,5.73895335826334,6.261062160790918
2001-12-03 07:30:00,15,5.0,5.000055068264018,0.1013409942794212,3.0,4.83334913267437,5.166761003853666,4.8014267194763525,5.198683417051684,3,30,5,6,4.739000667000229,5.261109469527807
2001-12-03 08:30:00,15,2.0,2.000096906077637,0.1013409942794212,5.0,1.8333909704879887,2.166802841667285,1.801468557289972,2.1987252548653027,3,30,5,6,1.739042504813848,2.261151307341426
2001-12-03 09:30:00,15,-2.0,-1.999860892878868,0.1013409942794212,8.0,-2.166566828468516,-1.83315495728922,-2.1984892416665334,-1.801232544091202,3,30,5,6,-2.260915294142657,-1.738806491615079
2001-12-03 10:30:00,15,-3.0,-2.999879068956755,0.1013409942794212,10.0,-3.166585004546403,-2.833173133367107,-3.1985074177444206,-2.8012507201690893,3,30,5,6,-3.260933470220544,-2.738824667692966
2001-12-03 11:30:00,15,-1.0,-0.9999074098667008,0.1013409942794212,6.0,-1.1666133454563488,-0.8332014742770529,-1.1985357586543666,-0.8012790610790352,3,30,5,6,-1.2609618111304899,-0.7388530086029117
2001-12-03 12:30:00,15,5.0,5.000031690920714,0.1013409942794212,6.0,4.8333257553310665,5.166737626510362,4.801403342133049,5.19866003970838,3,30,5,6,4.738977289656925,5.261086092184503
2001-12-03 13:30:00,15,5.0,5.000025190977567,0.1013409942794212,5.0,4.833319255387919,5.166731126567215,4.801396842189901,5.198653539765233,3,30,5,6,4.738970789713778,5.261079592241356
2001-12-03 14:30:00,15,6.0,6.000002817178405,0.1013409942794212,2.0,5.833296881588757,6.166708752768053,5.80137446839074,6.198631165966071,3,30,5,6,5.738948415914616,6.261057218442194
2001-12-03 15:30:00,15,6.0,5.999963013534838,0.1013409942794212,-2.0,5.83325707794519,6.166668949124486,5.801334664747173,6.198591362322504,3,30,5,6,5.738908612271049,6.261017414798627
2001-12-03 16:30:00,15,5.0,4.999940309454807,0.1013409942794212,-3.0,4.833234373865159,5.166646245044455,4.8013119606671415,5.198568658242473,3,30,5,6,4.738885908191018,5.260994710718596
2001-12-03 17:30:00,15,1.0,0.9999504440462132,0.1013409942794212,-1.0,0.8332445084565653,1.166656379635861,0.8013220952585476,1.198578792833879,3,30,5,6,0.7388960427824243,1.2610048453100022
2001-12-03 18:30:00,15,1.0,0.9999638425708284,0.1013409942794212,5.0,0.8332579069811804,1.1666697781604762,0.8013354937831627,1.198592191358494,3,30,5,6,0.7389094413070394,1.2610182438346174
2001-12-03 19:30:00,15,-20.0,-19.99979853000489,0.1013409942794212,5.0,-20.166504465594542,-19.83309259441525,-20.19842687879256,-19.80117018121723,3,30,5,6,-20.26085293126868,-19.738744128741104
2001-12-03 20:30:00,15,-29.0,-28.999694071822816,0.1013409942794212,6.0,-29.166400007412463,-28.83298813623317,-29.19832242061048,-28.80106572303515,3,30,5,6,-29.260748473086604,-28.738639670559028
2001-12-03 21:30:00,15,-32.0,-31.999667938995977,0.1013409942794212,6.0,-32.166373874585624,-31.83296200340633,-32.19829628778364,-31.801039590208312,3,30,5,6,-32.26072234025977,-31.73861353773219
2001-12-03 22:30:00,15,-25.0,-24.99981079157314,0.1013409942794212,5.0,-25.166516727162787,-24.833104855983493,-25.198439140360804,-24.801182442785475,3,30,5,6,-25.260865192836928,-24.73875639030935
2001-12-03 23:30:00,15,-24.0,-23.999822826915583,0.1013409942794212,1.0,-24.16652876250523,-23.833116891325936,-24.198451175703248,-23.80119447812792,3,30,5,6,-24.26087722817937,-23.738768425651795
2001-12-04 00:30:00,15,-27.0,-26.99992026428238,0.1013409942794212,1.0,-27.166626199872027,-26.833214328692733,-27.198548613070045,-26.80129191549472,3,30,5,6,-27.26097466554617,-26.738865863018592
2001-12-04 01:30:00,15,-30.0,-30.000060685721174,0.1013409942794212,-20.0,-30.16676662131082,-29.833354750131527,-30.19868903450884,-29.80143233693351,3,30,5,6,-30.26111508698496,-29.739006284457385
2001-12-04 02:30:00,15,-28.0,-28.00016038915492,0.1013409942794212,-29.0,-28.16686632474456,-27.833454453565267,-28.19878873794258,-27.80153204036725,3,30,5,6,-28.26121479041871,-27.739105987891133
2001-12-04 03:30:00,15,-25.0,-25.000063124719595,0.1013409942794212,-32.0,-25.16676906030924,-24.83335718912995,-25.19869147350726,-24.80143477593193,3,30,5,6,-25.261117525983384,-24.739008723455807
2001-12-04 04:30:00,15,-23.0,-22.999905700940616,0.1013409942794212,-25.0,-23.166611636530263,-22.83319976535097,-23.19853404972828,-22.80127735215295,3,30,5,6,-23.260960102204404,-22.738851299676828
2001-12-04 05:30:00,15,-22.0,-21.999996221369777,0.1013409942794212,-24.0,-22.166702156959424,-21.83329028578013,-22.19862457015744,-21.801367872582112,3,30,5,6,-22.261050622633565,-21.73894182010599
2001-12-04 06:30:00,15,-22.0,-22.00000356221328,0.1013409942794212,-27.0,-22.166709497802927,-21.83329762662364,-22.198631911000945,-21.80137521342561,3,30,5,6,-22.261057963477068,-21.738949160949492
2001-12-04 07:30:00,15,-25.0,-25.000016428048298,0.1013409942794212,-30.0,-25.166722363637945,-24.83331049245865,-25.19864477683596,-24.80138807926064,3,30,5,6,-25.261070829312086,-24.73896202678451
2005-05-06 19:30:00,28,20.0,6.978588582492222,22.28974821846014,-28.0,-29.68804723687471,43.64522440185915,-36.70931792568965,50.6664950906741,3,30,5,6,-50.4398028282611,64.39697999324554
2005-05-06 20:30:00,28,21.0,9.283960300549786,22.28974821846014,-25.0,-27.382675518817145,45.95059611991672,-34.40394620763209,52.97186680873166,3,30,5,6,-48.134431110203536,66.70235171130311
2005-05-06 21:30:00,28,17.0,9.568075377547714,22.28974821846014,-23.0,-27.098560441819217,46.234711196914645,-34.11983113063416,53.25598188572959,3,30,5,6,-47.85031603320561,66.98646678830104
2005-05-06 22:30:00,28,17.0,10.18800499393958,22.28974821846014,-22.0,-26.478630825427352,46.85464081330651,-33.499901514242296,53.875911502121454,3,30,5,6,-47.230386416813744,67.6063964046929
2005-05-06 23:30:00,28,13.0,7.558822986309693,22.28974821846014,-22.0,-29.10781283305724,44.225458805676624,-36.12908352187218,51.24672949449157,3,30,5,6,-49.85956842444363,64.97721439706302
2005-05-07 00:30:00,28,10.0,7.086211224814072,22.28974821846014,-25.0,-29.58042459455286,43.752847044181,-36.6016952833678,50.77411773299595,3,30,5,6,-50.33218018593925,64.5046026355674
2005-05-07 01:30:00,28,13.0,6.068628751509166,22.28974821846014,20.0,-30.598007067857765,42.7352645708761,-37.61927775667271,49.75653525969104,3,30,5,6,-51.349762659244156,63.48702016226249
2005-05-07 02:30:00,28,12.0,4.854841550846061,22.28974821846014,21.0,-31.81179426852087,41.52147737021299,-38.83306495733581,48.542748059027936,3,30,5,6,-52.56354985990726,62.27323296159938
2005-05-07 03:30:00,28,11.0,5.667525397666722,22.28974821846014,17.0,-30.99911042170021,42.33416121703365,-38.02038111051515,49.3554319058486,3,30,5,6,-51.7508660130866,63.085916808420045
2005-05-07 04:30:00,28,9.0,2.0584191762870745,22.28974821846014,17.0,-34.60821664307986,38.725054995654006,-41.6294873318948,45.74632568446895,3,30,5,6,-55.35997223446625,59.4768105870404
2005-05-07 05:30:00,28,10.0,-0.6929026904376627,22.28974821846014,13.0,-37.359538509804594,35.97373312892927,-44.38080919861954,42.99500381774421,3,30,5,6,-58.111294101190985,56.72548872031566
2005-05-07 06:30:00,28,11.0,-0.1781407409612896,22.28974821846014,10.0,-36.84477656032822,36.48849507840564,-43.866047249143165,43.509765767220586,3,30,5,6,-57.59653215171461,57.24025066979203
2005-05-07 07:30:00,28,11.0,2.3865933296230537,22.28974821846014,13.0,-34.28004248974388,39.05322914898999,-41.30131317855882,46.07449983780493,3,30,5,6,-55.03179808113027,59.804984740376376
2005-05-07 08:30:00,28,10.0,4.891968221238415,22.28974821846014,12.0,-31.77466759812852,41.55860404060535,-38.79593828694346,48.57987472942029,3,30,5,6,-52.52642318951491,62.31035963199174
2005-05-07 09:30:00,28,10.0,5.372036728899403,22.28974821846014,11.0,-31.29459909046753,42.038672548266334,-38.31586977928247,49.05994323708128,3,30,5,6,-52.04635468185392,62.790428139652725
2005-05-07 10:30:00,28,7.0,1.0225886968121074,22.28974821846014,9.0,-35.644047122554824,37.68922451617904,-42.66531781136977,44.71049520499398,3,30,5,6,-56.395802713941215,58.44098010756543
2005-05-07 11:30:00,28,5.0,3.44382268921482,22.28974821846014,10.0,-33.22281313015211,40.11045850858175,-40.244083818967056,47.131729197396695,3,30,5,6,-53.9745687215385,60.86221409996814
2005-05-07 12:30:00,28,3.0,4.848020295361678,22.28974821846014,11.0,-31.818615524005253,41.51465611472861,-38.8398862128202,48.53592680354355,3,30,5,6,-52.570371115391644,62.266411706115
2005-05-07 13:30:00,28,8.0,2.283892719685788,22.28974821846014,11.0,-34.38274309968114,38.95052853905272,-41.40401378849609,45.97179922786766,3,30,5,6,-55.134498691067535,59.70228413043911
2005-05-07 14:30:00,28,7.0,1.0259256269658223,22.28974821846014,10.0,-35.64071019240111,37.69256144633275,-42.66198088121605,44.7138321351477,3,30,5,6,-56.3924657837875,58.444317037719145
2005-05-07 15:30:00,28,5.0,-0.1972441224205781,22.28974821846014,10.0,-36.86387994178751,36.46939169694635,-43.88515063060245,43.4906623857613,3,30,5,6,-57.6156355331739,57.221147288332745
2005-05-07 16:30:00,28,5.0,-3.339979922338668,22.28974821846014,7.0,-40.0066157417056,33.32665589702826,-47.02788643052054,40.34792658584321,3,30,5,6,-60.75837133309199,54.07841148841465
2005-05-07 17:30:00,28,8.0,-2.361793038625485,22.28974821846014,5.0,-39.02842885799242,34.304842780741446,-46.04969954680736,41.32611346955639,3,30,5,6,-59.78018444937881,55.05659837212784
2005-05-07 18:30:00,28,15.0,-1.5287541594985967,22.28974821846014,3.0,-38.19538997886553,35.137881659868334,-45.21666066768047,42.15915234868328,3,30,5,6,-58.94714557025192,55.889637251254726
2005-05-07 19:30:00,28,25.0,-1.5118592893792808,22.28974821846014,8.0,-38.17849510874621,35.15477652998765,-45.19976579756116,42.176047218802594,3,30,5,6,-58.9302507001326,55.90653212137404
2005-05-07 20:30:00,28,13.0,0.5670989389871792,22.28974821846014,7.0,-36.09953688037975,37.23373475835411,-43.120807569194696,44.255005447169054,3,30,5,6,-56.85129247176614,57.9854903497405
2005-05-07 21:30:00,28,6.0,2.7070014485534912,22.28974821846014,5.0,-33.95963437081344,39.37363726792042,-40.980905059628384,46.394907956735366,3,30,5,6,-54.71138996219983,60.125392859306814
2005-05-07 22:30:00,28,-2.0,1.9380287288006883,22.28974821846014,5.0,-34.72860709056624,38.60466454816762,-41.74987777938119,45.62593523698256,3,30,5,6,-55.480362681952634,59.35642013955401
2005-05-07 23:30:00,28,-19.0,0.4194476327070049,22.28974821846014,8.0,-36.247188186659926,37.086083452073936,-43.26845887547487,44.10735414088888,3,30,5,6,-56.99894377804632,57.83783904346033
2005-05-08 00:30:00,28,-31.0,1.3909292440258625,22.28974821846014,15.0,-35.27570657534107,38.05756506339279,-42.29697726415601,45.07883575220774,3,30,5,6,-56.02746216672746,58.809320654779185
2005-05-08 01:30:00,28,-68.0,3.057584501415576,22.28974821846014,25.0,-33.609051317951355,39.72422032078251,-40.6303220067663,46.74549100959745,3,30,5,6,-54.36080690933775,60.4759759121689
2005-05-08 02:30:00,28,-82.0,0.7642605268383988,22.28974821846014,13.0,-35.90237529252853,37.43089634620533,-42.92364598134348,44.452167035020274,3,30,5,6,-56.654130883914924,58.18265193759172
2005-05-08 03:30:00,28,-82.0,1.3291295875367766,22.28974821846014,6.0,-35.337506231830154,37.99576540690371,-42.3587769206451,45.01703609571865,3,30,5,6,-56.089261823216546,58.7475209982901
2005-05-08 04:30:00,28,-81.0,-13.34522494199052,22.28974821846014,-2.0,-50.011860761357454,23.32141087737641,-57.03313145017239,30.34268156619136,3,30,5,6,-70.76361635274384,44.07316646876281
2005-05-08 05:30:00,28,-76.0,-31.865270355916444,22.28974821846014,-19.0,-68.53190617528338,4.801365463450487,-75.55317686409832,11.822636152265432,3,30,5,6,-89.28366176666977,25.55312105483688
2005-05-08 06:30:00,28,-80.0,-53.97240634686066,22.28974821846014,-31.0,-90.6390421662276,-17.305770527493728,-97.66031285504252,-10.284499838678784,3,30,5,6,-111.39079775761398,3.445985063892664
2005-05-08 07:30:00,28,-81.0,-83.29429794080951,22.28974821846014,-68.0,-119.96093376017645,-46.62766212144258,-126.98220444899138,-39.60639143262764,3,30,5,6,-140.71268935156283,-25.87590653005619
2005-05-08 08:30:00,28,-65.0,-96.28809615634006,22.28974821846014,-82.0,-132.95473197570698,-59.62146033697313,-139.97600266452193,-52.600189648158185,3,30,5,6,-153.70648756709338,-38.86970474558674
2005-05-08 09:30:00,28,-56.0,-86.83825307766011,22.28974821846014,-82.0,-123.50488889702704,-50.17161725829318,-130.52615958584198,-43.15034656947824,3,30,5,6,-144.25664448841343,-29.41986166690679
2005-05-08 10:30:00,28,-40.0,-78.59664934183522,22.28974821846014,-81.0,-115.26328516120216,-41.930013522468286,-122.28455585001709,-34.90874283365334,3,30,5,6,-136.01504075258853,-21.178257931081895
2005-05-08 11:30:00,28,-33.0,-73.52000908187628,22.28974821846014,-76.0,-110.1866449012432,-36.85337326250935,-117.20791559005816,-29.832102573694407,3,30,5,6,-130.9384004926296,-16.10161767112296
2005-05-08 12:30:00,28,-48.0,-72.2793597142915,22.28974821846014,-80.0,-108.94599553365843,-35.61272389492457,-115.96726622247336,-28.591453206109627,3,30,5,6,-129.69775112504482,-14.86096830353818
2005-05-08 13:30:00,28,-62.0,-70.06092940380876,22.28974821846014,-81.0,-106.72756522317567,-33.394293584441826,-113.74883591199062,-26.37302289562688,3,30,5,6,-127.47932081456207,-12.642537993055434
2005-05-08 14:30:00,28,-85.0,-58.345482309076914,22.28974821846014,-65.0,-95.01211812844384,-21.678846489709983,-102.03338881725878,-14.65757580089504,3,30,5,6,-115.76387371983023,-0.9270908983235913
2005-05-08 15:30:00,28,-83.0,-53.5995231286194,22.28974821846014,-56.0,-90.26615894798633,-16.93288730925247,-97.28742963680128,-9.911616620437528,3,30,5,6,-111.01791453937273,3.81886828213392
2005-05-08 16:30:00,28,-98.0,-40.821961490705455,22.28974821846014,-40.0,-77.48859731007238,-4.155325671338524,-84.50986799888733,2.8659450174764203,3,30,5,6,-98.24035290145878,16.596429920047868
2005-05-08 17:30:00,28,-105.0,-41.977905145592125,22.28974821846014,-33.0,-78.64454096495905,-5.311269326225194,-85.665811653774,1.7100013625897503,3,30,5,6,-99.39629655634545,15.440486265161198
2005-05-08 18:30:00,28,-110.0,-48.0626498857148,22.28974821846014,-48.0,-84.72928570508174,-11.396014066347869,-91.75055639389667,-4.374743377532923,3,30,5,6,-105.48104129646812,9.355741525038525
2005-05-08 19:30:00,28,-106.0,-63.63651006207594,22.28974821846014,-62.0,-100.30314588144287,-26.96987424270901,-107.32441657025782,-19.948603553894067,3,30,5,6,-121.05490147282927,-6.218118651322619
2005-05-08 20:30:00,28,-104.0,-78.34178133404842,22.28974821846014,-85.0,-115.00841715341537,-41.67514551468149,-122.02968784223027,-34.653874825866545,3,30,5,6,-135.76017274480174,-20.923389923295098
2005-05-08 21:30:00,28,-94.0,-72.11418771246854,22.28974821846014,-83.0,-108.78082353183548,-35.447551893101604,-115.80209422065042,-28.42628120428666,3,30,5,6,-129.53257912322186,-14.695796301715212
2005-05-08 22:30:00,28,-81.0,-79.3545988354032,22.28974821846014,-98.0,-116.02123465477013,-42.68796301603626,-123.04250534358508,-35.66669232722132,3,30,5,6,-136.77299024615652,-21.936207424649872
2005-05-08 23:30:00,28,-70.0,-80.08630232221545,22.28974821846014,-105.0,-116.75293814158238,-43.419666502848514,-123.77420883039731,-36.39839581403357,3,30,5,6,-137.50469373296878,-22.667910911462123
2005-05-09 00:30:00,28,-64.0,-88.27119515962784,22.28974821846014,-110.0,-124.93783097899475,-51.604559340260906,-131.9591016678097,-44.58328865144596,3,30,5,6,-145.68958657038115,-30.852803748874514
2005-05-09 01:30:00,28,-61.0,-91.2012904617999,22.28974821846014,-106.0,-127.86792628116685,-54.53465464243297,-134.88919696998178,-47.513383953618025,3,30,5,6,-148.61968187255323,-33.78289905104658
2005-05-09 02:30:00,28,-64.0,-88.76937152722505,22.28974821846014,-104.0,-125.43600734659198,-52.10273570785812,-132.45727803540692,-45.08146501904317,3,30,5,6,-146.18776293797836,-31.350980116471725
2005-05-09 03:30:00,28,-60.0,-82.97591469332644,22.28974821846014,-94.0,-119.64255051269338,-46.30927887395952,-126.66382120150833,-39.28800818514457,3,30,5,6,-140.39430610407976,-25.557523282573122
2005-05-09 04:30:00,28,-56.0,-75.38955500850352,22.28974821846014,-81.0,-112.05619082787044,-38.72291918913659,-119.0774615166854,-31.70164850032165,3,30,5,6,-132.80794641925684,-17.9711635977502
2005-05-09 05:30:00,28,-51.0,-67.0419475609889,22.28974821846014,-70.0,-103.70858338035583,-30.37531174162197,-110.72985406917078,-23.354041052807027,3,30,5,6,-124.46033897174223,-9.62355615023558
2005-05-09 06:30:00,28,-53.0,-62.10830961845008,22.28974821846014,-64.0,-98.774945437817,-25.441673799083148,-105.79621612663196,-18.420403110268204,3,30,5,6,-119.5267010292034,-4.689918207696756
2005-05-09 07:30:00,28,-53.0,-60.05117795784504,22.28974821846014,-61.0,-96.71781377721196,-23.384542138478103,-103.73908446602692,-16.36327144966316,3,30,5,6,-117.46956936859837,-2.632786547091719
2005-05-09 08:30:00,28,-51.0,-57.9952496217994,22.28974821846014,-64.0,-94.66188544116632,-21.32861380243247,-101.68315612998128,-14.307343113617527,3,30,5,6,-115.41364103255273,-0.5768582110460798
2005-05-09 09:30:00,28,-47.0,-55.2652613947033,22.28974821846014,-60.0,-91.93189721407025,-18.59862557533637,-98.95316790288518,-11.577354886521428,3,30,5,6,-112.68365280545663,2.153130016050021
2005-05-09 10:30:00,28,-43.0,-51.73792566813312,22.28974821846014,-56.0,-88.40456148750005,-15.071289848766192,-95.425832176315,-8.050019159951248,3,30,5,6,-109.15631707888645,5.6804657426202
2005-05-09 11:30:00,28,-41.0,-49.24987816691044,22.28974821846014,-51.0,-85.91651398627738,-12.58324234754351,-92.93778467509232,-5.561971658728567,3,30,5,6,-106.66826957766376,8.168513243842881
2005-05-09 12:30:00,28,-39.0,-49.25579813713246,22.28974821846014,-53.0,-85.92243395649939,-12.589162317765528,-92.94370464531434,-5.567891628950584,3,30,5,6,-106.67418954788579,8.162593273620864
2005-05-09 13:30:00,28,-37.0,-49.0677980052391,22.28974821846014,-53.0,-85.73443382460603,-12.401162185872169,-92.75570451342097,-5.379891497057223,3,30,5,6,-106.48618941599241,8.350593405514225
2005-05-09 14:30:00,28,-39.0,-49.41316906799143,22.28974821846014,-51.0,-86.07980488735836,-12.746533248624496,-93.1010755761733,-5.725262559809551,3,30,5,6,-106.83156047874476,8.00522234276189
2005-05-09 15:30:00,28,-41.0,-48.68499823279737,22.28974821846014,-47.0,-85.3516340521643,-12.018362413430438,-92.37290474097924,-4.997091724615494,3,30,5,6,-106.10338964355068,8.733393177955953
2005-05-09 16:30:00,28,-43.0,-47.107144945052255,22.28974821846014,-43.0,-83.77378076441919,-10.440509125685324,-90.79505145323412,-3.41923843687038,3,30,5,6,-104.52553635580557,10.311246465701068
2005-05-09 17:30:00,28,-44.0,-46.10032836045109,22.28974821846014,-41.0,-82.76696417981802,-9.433692541084165,-89.78823486863297,-2.412421852269219,3,30,5,6,-103.51871977120442,11.318063050302236
2005-05-09 18:30:00,28,-44.0,-43.68254124050623,22.28974821846014,-39.0,-80.34917705987316,-7.015905421139294,-87.3704477486881,0.0053652676756499,3,30,5,6,-101.10093265125955,13.73585017024709
2005-05-09 19:30:00,28,-42.0,-40.57308413033618,22.28974821846014,-37.0,-77.2397199497031,-3.906448310969246,-84.26099063851805,3.114822377845698,3,30,5,6,-97.9914755410895,16.845307280417146
2005-05-09 20:30:00,28,-43.0,-39.260789833335934,22.28974821846014,-39.0,-75.92742565270287,-2.594154013969004,-82.9486963415178,4.427116674845941,3,30,5,6,-96.67918124408925,18.15760157741739
2005-05-09 21:30:00,28,-44.0,-39.91594901129543,22.28974821846014,-41.0,-76.58258483066237,-3.2493131919285005,-83.6038555194773,3.771957496886444,3,30,5,6,-97.33434042204875,17.50244239945789
2005-05-09 22:30:00,28,-52.0,-42.657157092158734,22.28974821846014,-43.0,-79.32379291152566,-5.990521272791803,-86.34506360034061,1.0307494160231414,3,30,5,6,-100.07554850291206,14.761234318594589
2005-05-09 23:30:00,28,-49.0,-44.07715316577665,22.28974821846014,-44.0,-80.74378898514358,-7.410517346409719,-87.76505967395852,-0.389246657594775,3,30,5,6,-101.49554457652997,13.341238244976672
2005-05-10 00:30:00,28,-49.0,-46.98337890638213,22.28974821846014,-44.0,-83.65001472574906,-10.316743087015196,-90.671285414564,-3.2954723982002534,3,30,5,6,-104.40177031713546,10.435012504371194
2005-05-10 01:30:00,28,-52.0,-43.688127759344304,22.28974821846014,-42.0,-80.35476357871124,-7.021491939977373,-87.37603426752618,-0.0002212511624293,3,30,5,6,-101.10651917009763,13.730263651409018
2005-05-10 02:30:00,28,-52.0,-42.55566101493808,22.28974821846014,-43.0,-79.22229683430501,-5.889025195571151,-86.24356752311996,1.1322454932437935,3,30,5,6,-99.97405242569141,14.862730395815241
2005-05-10 03:30:00,28,-55.0,-43.36189873908128,22.28974821846014,-44.0,-80.0285345584482,-6.695262919714345,-87.04980524726315,0.3260077691005989,3,30,5,6,-100.7802901498346,14.05649267167204
2005-05-10 04:30:00,28,-55.0,-48.63415656200496,22.28974821846014,-52.0,-85.30079238137189,-11.96752074263803,-92.32206307018684,-4.946250053823086,3,30,5,6,-106.05254797275828,8.784234848748362
2005-05-10 05:30:00,28,-54.0,-48.521826939278014,22.28974821846014,-49.0,-85.18846275864495,-11.855191119911083,-92.20973344745988,-4.833920431096139,3,30,5,6,-105.94021835003133,8.896564471475308
2005-05-10 06:30:00,28,-52.0,-48.2194566071669,22.28974821846014,-49.0,-84.88609242653382,-11.552820787799966,-91.90736311534876,-4.531550098985022,3,30,5,6,-105.63784801792022,9.198934803586425
2005-05-10 07:30:00,28,-51.0,-48.48190338499506,22.28974821846014,-52.0,-85.148539204362,-11.815267565628131,-92.16980989317692,-4.793996876813189,3,30,5,6,-105.90029479574838,8.936488025758266
2005-05-10 08:30:00,28,-44.0,-48.40033827690758,22.28974821846014,-52.0,-85.06697409627452,-11.733702457540652,-92.08824478508946,-4.712431768725708,3,30,5,6,-105.8187296876609,9.01805313384574
2005-05-10 09:30:00,28,-39.0,-49.40916523506984,22.28974821846014,-55.0,-86.07580105443677,-12.742529415702911,-93.09707174325172,-5.721258726887967,3,30,5,6,-106.82755664582317,8.00922617568348
2005-05-10 10:30:00,28,-39.0,-50.04962506656022,22.28974821846014,-55.0,-86.71626088592714,-13.382989247193288,-93.73753157474208,-6.361718558378342,3,30,5,6,-107.46801647731354,7.368766344193105
2005-05-10 11:30:00,28,-38.0,-49.08900478836298,22.28974821846014,-54.0,-85.7556406077299,-12.422368968996048,-92.77691129654484,-5.401098280181103,3,30,5,6,-106.5073961991163,8.329386622390345
2005-05-10 12:30:00,28,-39.0,-46.56413869683093,22.28974821846014,-52.0,-83.23077451619787,-9.897502877464,-90.2520452050128,-2.8762321886490554,3,30,5,6,-103.98253010758425,10.854252713922392
2005-05-10 13:30:00,28,-33.0,-45.21462530541345,22.28974821846014,-51.0,-81.88126112478038,-8.547989486046518,-88.90253181359532,-1.526718797231574,3,30,5,6,-102.63301671616676,12.203766105339874
2005-05-10 14:30:00,28,-31.0,-41.70685024779827,22.28974821846014,-44.0,-78.3734860671652,-5.040214428431341,-85.39475675598015,1.9810562603836035,3,30,5,6,-99.1252416585516,15.71154116295505
2005-05-10 15:30:00,28,-32.0,-37.381433972380094,22.28974821846014,-39.0,-74.04806979174703,-0.7147981530131631,-81.06934048056198,6.306472535801781,3,30,5,6,-94.79982538313342,20.03695743837323
2005-05-10 16:30:00,28,-32.0,-36.76841380694736,22.28974821846014,-39.0,-73.43504962631428,-0.1017779875804265,-80.45632031512923,6.9194927012345175,3,30,5,6,-94.18680521770068,20.649977603805965
2005-05-10 17:30:00,28,-32.0,-36.20646750501663,22.28974821846014,-38.0,-72.87310332438355,0.4601683143503052,-79.8943740131985,7.481439003165249,3,30,5,6,-93.62485891576995,21.21192390573669
2005-05-10 18:30:00,28,-31.0,-36.03564276223971,22.28974821846014,-39.0,-72.70227858160663,0.6309930571272204,-79.72354927042159,7.652263745942164,3,30,5,6,-93.45403417299303,21.382748648513612
2005-05-10 19:30:00,28,-29.0,-34.944259100977774,22.28974821846014,-33.0,-71.6108949203447,1.7223767183891567,-78.63216560915964,8.7436474072041,3,30,5,6,-92.36265051173109,22.47413230977555
2005-05-10 20:30:00,28,-34.0,-33.997518208068016,22.28974821846014,-31.0,-70.66415402743495,2.6691176112989154,-77.68542471624988,9.69038830011386,3,30,5,6,-91.41590961882133,23.420873202685307
2005-05-10 21:30:00,28,-38.0,-34.115999465157806,22.28974821846014,-32.0,-70.78263528452473,2.550636354209125,-77.80390597333968,9.57190704302407,3,30,5,6,-91.53439087591113,23.302391945595517
2005-05-10 22:30:00,28,-34.0,-33.351124588057786,22.28974821846014,-32.0,-70.01776040742472,3.315511231309145,-77.03903109623965,10.33678192012409,3,30,5,6,-90.7695159988111,24.067266822695537
2005-05-10 23:30:00,28,-31.0,-32.83906135970048,22.28974821846014,-32.0,-69.50569717906741,3.827574459666451,-76.52696786788235,10.848845148481397,3,30,5,6,-90.2574527704538,24.579330051052843
2005-05-11 00:30:00,28,-27.0,-32.13075776334793,22.28974821846014,-31.0,-68.79739358271486,4.535878056019001,-75.8186642715298,11.557148744833944,3,30,5,6,-89.54914917410125,25.287633647405393
2005-05-11 01:30:00,28,-24.0,-30.794030601492107,22.28974821846014,-29.0,-67.46066642085904,5.872605217874824,-74.48193710967398,12.893875906689768,3,30,5,6,-88.21242201224543,26.624360809261216
2005-05-11 02:30:00,28,-17.0,-30.98062141802547,22.28974821846014,-34.0,-67.64725723739241,5.68601440134146,-74.66852792620735,12.707285090156404,3,30,5,6,-88.3990128287788,26.43776999272785
2005-05-11 03:30:00,28,-16.0,-33.43271053685676,22.28974821846014,-38.0,-70.09934635622369,3.233925282510171,-77.12061704503864,10.255195971325117,3,30,5,6,-90.85110194761009,23.985680873896563
2005-05-11 04:30:00,28,-17.0,-32.830715711883926,22.28974821846014,-34.0,-69.49735153125086,3.835920107483005,-76.5186222200658,10.85719079629795,3,30,5,6,-90.24910712263724,24.587675698869397
2005-05-11 05:30:00,28,-18.0,-32.411554032549965,22.28974821846014,-31.0,-69.0781898519169,4.255081786816966,-76.09946054073184,11.27635247563191,3,30,5,6,-89.82994544330329,25.006837378203358
2005-05-11 06:30:00,28,-17.0,-30.74481420415708,22.28974821846014,-27.0,-67.411450023524,5.921821615209858,-74.43272071233895,12.943092304024802,3,30,5,6,-88.1632056149104,26.673577206596242
2005-05-11 07:30:00,28,-22.0,-28.22874832958363,22.28974821846014,-24.0,-64.89538414895057,8.4378874897833,-71.9166548377655,15.459158178598244,3,30,5,6,-85.64713974033695,29.18964308116969
2005-05-11 08:30:00,28,-28.0,-25.95777707522332,22.28974821846014,-17.0,-62.62441289459025,10.708858744143615,-69.64568358340519,17.73012943295856,3,30,5,6,-83.37616848597665,31.460614335530003
2005-05-11 09:30:00,28,-31.0,-24.7885044261582,22.28974821846014,-16.0,-61.45514024552513,11.878131393208731,-68.47641093434007,18.89940208202368,3,30,5,6,-82.20689583691153,32.62988698459512
2005-05-11 10:30:00,28,-34.0,-23.8800294203594,22.28974821846014,-17.0,-60.54666523972633,12.786606399007532,-67.56793592854127,19.80787708782248,3,30,5,6,-81.29842083111272,33.53836199039392
2005-05-11 11:30:00,28,-32.0,-24.00128853286408,22.28974821846014,-18.0,-60.66792435223101,12.66534728650285,-67.68919504104596,19.686617975317795,3,30,5,6,-81.41967994361741,33.41710287788924
2005-05-11 12:30:00,28,-26.0,-24.732733474038067,22.28974821846014,-17.0,-61.399369293405,11.933902345328864,-68.42063998221994,18.955173034143808,3,30,5,6,-82.15112488479139,32.68565793671526
2005-05-11 13:30:00,28,-23.0,-25.427231760240744,22.28974821846014,-22.0,-62.09386757960768,11.239404059126189,-69.11513826842261,18.26067474794113,3,30,5,6,-82.84562317099406,31.99115965051258
2005-05-11 14:30:00,28,-21.0,-28.207832108263503,22.28974821846014,-28.0,-64.87446792763043,8.458803711103428,-71.89573861644539,15.480074399918372,3,30,5,6,-85.62622351901683,29.21055930248982
2005-05-11 15:30:00,28,-26.0,-29.729461989021523,22.28974821846014,-31.0,-66.39609780838845,6.937173830345408,-73.4173684972034,13.958444519160352,3,30,5,6,-87.14785339977485,27.6889294217318
2005-05-11 16:30:00,28,-28.0,-32.027069182870044,22.28974821846014,-34.0,-68.69370500223698,4.639566636496888,-75.71497569105192,11.660837325311832,3,30,5,6,-89.44546059362337,25.39132222788328
2005-05-11 17:30:00,28,-25.0,-30.64712261392195,22.28974821846014,-32.0,-67.31375843328888,6.01951320544498,-74.33502912210383,13.040783894259924,3,30,5,6,-88.06551402467528,26.77126879683137
2005-05-11 18:30:00,28,-26.0,-27.954887486720263,22.28974821846014,-26.0,-64.6215233060872,8.711748332646668,-71.64279399490214,15.733019021461612,3,30,5,6,-85.37327889747358,29.46350392403306
2005-05-11 19:30:00,28,-23.0,-25.48167978023983,22.28974821846014,-23.0,-62.14831559960676,11.1849560391271,-69.1695862884217,18.206226727942045,3,30,5,6,-82.90007119099315,31.936711630513493
2005-05-11 20:30:00,28,-19.0,-23.7750973440956,22.28974821846014,-21.0,-60.44173316346253,12.891538475271332,-67.46300385227747,19.91280916408628,3,30,5,6,-81.19348875484891,33.643294066657724
2005-05-11 21:30:00,28,-23.0,-23.49340462225994,22.28974821846014,-26.0,-60.16004044162688,13.17323119710699,-67.18131113044181,20.19450188592193,3,30,5,6,-80.91179603301326,33.924986788493385
2005-05-11 22:30:00,28,-22.0,-24.260797072410625,22.28974821846014,-28.0,-60.92743289177756,12.405838746956306,-67.94870358059251,19.42710943577125,3,30,5,6,-81.67918848316395,33.1575943383427
2005-05-11 23:30:00,28,-23.0,-25.776769153056467,22.28974821846014,-25.0,-62.443404972423394,10.889866666310464,-69.46467566123835,17.91113735512541,3,30,5,6,-83.1951605638098,31.641622257696856
2005-05-12 00:30:00,28,-22.0,-26.78979989415496,22.28974821846014,-26.0,-63.45643571352189,9.876835925211978,-70.47770640233682,16.898106614026922,3,30,5,6,-84.20819130490828,30.628591516598362
2005-05-12 01:30:00,28,-23.0,-25.54270259165692,22.28974821846014,-23.0,-62.20933841102385,11.123933227710012,-69.2306090998388,18.14520391652496,3,30,5,6,-82.96109400241025,31.875688819096403
2005-05-12 02:30:00,28,-20.0,-24.973597731856835,22.28974821846014,-19.0,-61.640233551223766,11.693038087510097,-68.66150424003871,18.71430877632504,3,30,5,6,-82.39198914261016,32.44479367889649
2005-05-12 03:30:00,28,-24.0,-26.01101572987705,22.28974821846014,-23.0,-62.67765154924398,10.65562008948988,-69.69892223805893,17.676890778304823,3,30,5,6,-83.42940714063037,31.40737568087627
2005-05-12 04:30:00,28,-32.0,-25.98859354062187,22.28974821846014,-22.0,-62.6552293599888,10.67804227874506,-69.67650004880375,17.699312967560004,3,30,5,6,-83.4069849513752,31.429797870131452
2005-05-12 05:30:00,28,-27.0,-25.86233869814412,22.28974821846014,-23.0,-62.52897451751105,10.80429712122281,-69.550245206326,17.825567810037754,3,30,5,6,-83.28073010889744,31.5560527126092
2005-05-12 06:30:00,28,-22.0,-24.519757108593744,22.28974821846014,-22.0,-61.18639292796068,12.146878710773189,-68.20766361677562,19.16814939958813,3,30,5,6,-81.93814851934707,32.89863430215958
2005-05-12 07:30:00,28,-23.0,-21.48081288455383,22.28974821846014,-23.0,-58.14744870392076,15.1858229348131,-65.16871939273571,22.207093623628044,3,30,5,6,-78.89920429530716,35.93757852619949
2005-05-12 08:30:00,28,-31.0,-19.869301545703586,22.28974821846014,-20.0,-56.53593736507052,16.797334273663346,-63.55720805388546,23.81860496247829,3,30,5,6,-77.28769295645691,37.54908986504974
2005-05-12 09:30:00,28,-30.0,-24.20625964877961,22.28974821846014,-24.0,-60.87289546814655,12.460376170587317,-67.89416615696149,19.48164685940226,3,30,5,6,-81.62465105953294,33.21213176197371
2005-05-12 10:30:00,28,-27.0,-27.08430753928549,22.28974821846014,-32.0,-63.75094335865242,9.58232828008144,-70.77221404746737,16.603598968896385,3,30,5,6,-84.50269895003882,30.334083871467833
2005-05-12 11:30:00,28,-23.0,-23.762284837115093,22.28974821846014,-27.0,-60.42892065648202,12.904350982251838,-67.45019134529697,19.925621671066786,3,30,5,6,-81.18067624786842,33.656106573638226
2005-05-12 12:30:00,28,-20.0,-23.8004879755621,22.28974821846014,-22.0,-60.46712379492903,12.866147843804832,-67.48839448374397,19.887418532619776,3,30,5,6,-81.21887938631542,33.617903435191224
2005-05-12 13:30:00,28,-17.0,-23.7740353739272,22.28974821846014,-23.0,-60.44067119329413,12.892600445439731,-67.46194188210907,19.91387113425468,3,30,5,6,-81.19242678468052,33.644356036826125
2005-05-12 14:30:00,28,-15.0,-27.871709488786585,22.28974821846014,-31.0,-64.53834530815351,8.79492633058035,-71.55961599696846,15.816197019395291,3,30,5,6,-85.29010089953991,29.546681921966737
2005-05-12 15:30:00,28,-20.0,-28.72533717863561,22.28974821846014,-30.0,-65.39197299800253,7.941298640731325,-72.41324368681748,14.96256932954627,3,30,5,6,-86.14372858938893,28.693054232117714
2005-05-12 16:30:00,28,-23.0,-27.345457964450752,22.28974821846014,-27.0,-64.01209378381768,9.32117785491618,-71.03336447263263,16.342448543731123,3,30,5,6,-84.76384937520407,30.07293344630257
2005-05-12 17:30:00,28,-23.0,-24.33016220921201,22.28974821846014,-23.0,-60.99679802857894,12.336473610154924,-68.01806871739387,19.35774429896987,3,30,5,6,-81.74855361996534,33.08822920154131
2005-05-12 18:30:00,28,-20.0,-22.157060748272063,22.28974821846014,-20.0,-58.823696567639,14.509575071094863,-65.84496725645394,21.53084575990981,3,30,5,6,-79.57545215902539,35.26133066248126
2005-05-12 19:30:00,28,-23.0,-21.31812002128099,22.28974821846014,-17.0,-57.98475584064792,15.34851579808594,-65.00602652946287,22.369786486900885,3,30,5,6,-78.73651143203432,36.10027138947233
2005-05-12 20:30:00,28,-21.0,-21.692430073161468,22.28974821846014,-15.0,-58.3590658925284,14.974205746205463,-65.38033658134334,21.995476435020407,3,30,5,6,-79.11082148391479,35.725961337591855
2005-05-12 21:30:00,28,-24.0,-22.61868432014132,22.28974821846014,-20.0,-59.28532013950825,14.047951499225611,-66.3065908283232,21.069222188040555,3,30,5,6,-80.03707573089464,34.799707090612
2005-05-12 22:30:00,28,-20.0,-24.291241425395228,22.28974821846014,-23.0,-60.95787724476216,12.375394393971703,-67.97914793357711,19.396665082786647,3,30,5,6,-81.70963283614856,33.127149985358095
2005-05-12 23:30:00,28,-12.0,-25.302229172688527,22.28974821846014,-23.0,-61.96886499205546,11.364406646678404,-68.9901356808704,18.385677335493348,3,30,5,6,-82.72062058344184,32.116162238064796
2005-05-13 00:30:00,28,-21.0,-25.66656649105929,22.28974821846014,-20.0,-62.333202310426216,11.000069328307642,-69.35447299924117,18.021340017122583,3,30,5,6,-83.08495790181261,31.751824919694034
2005-05-13 01:30:00,28,-23.0,-24.96630287875468,22.28974821846014,-23.0,-61.63293869812161,11.700332940612247,-68.65420938693656,18.7216036294272,3,30,5,6,-82.384694289508,32.45208853199864
2005-05-13 02:30:00,28,-32.0,-25.61614405081117,22.28974821846014,-21.0,-62.2827798701781,11.050491768555762,-69.30405055899304,18.071762457370703,3,30,5,6,-83.03453546156449,31.802247359942154
2005-05-13 03:30:00,28,-32.0,-26.10234456028069,22.28974821846014,-24.0,-62.76898037964763,10.564291259086236,-69.79025106846257,17.58556194790118,3,30,5,6,-83.52073597103401,31.31604685047263
2005-05-13 04:30:00,28,-38.0,-23.221709401156364,22.28974821846014,-20.0,-59.88834522052329,13.444926418210567,-66.90961590933824,20.46619710702551,3,30,5,6,-80.64010081190969,34.196682009596955
2005-05-13 05:30:00,28,-37.0,-20.996823906817244,22.28974821846014,-12.0,-57.66345972618417,15.669811912549688,-64.68473041499912,22.69108260136463,3,30,5,6,-78.41521531757057,36.421567503936075
2005-05-13 06:30:00,28,-42.0,-23.96887850813433,22.28974821846014,-21.0,-60.63551432750126,12.6977573112326,-67.6567850163162,19.719028000047544,3,30,5,6,-81.38726991888765,33.44951290261899
2005-05-13 07:30:00,28,-41.0,-26.807320589697746,22.28974821846014,-23.0,-63.47395640906467,9.859315229669187,-70.49522709787962,16.880585918484133,3,30,5,6,-84.22571200045107,30.611070821055577
2005-05-13 08:30:00,28,-38.0,-32.1674434563666,22.28974821846014,-32.0,-68.83407927573353,4.499192363000333,-75.85534996454848,11.520463051815277,3,30,5,6,-89.58583486711993,25.250947954386724
2005-05-13 09:30:00,28,-38.0,-32.140496416402435,22.28974821846014,-32.0,-68.80713223576936,4.526139402964496,-75.82840292458431,11.54741009177944,3,30,5,6,-89.55888782715576,25.277894994350888
2005-05-13 10:30:00,28,-38.0,-36.30089518309809,22.28974821846014,-38.0,-72.96753100246502,0.3657406362688391,-79.98880169127997,7.387011325083783,3,30,5,6,-93.71928659385142,21.11749622765523
2005-05-13 11:30:00,28,-33.0,-36.22206179392288,22.28974821846014,-37.0,-72.88869761328982,0.444574025444048,-79.90996830210476,7.465844714258992,3,30,5,6,-93.6404532046762,21.19632961683044
2005-05-13 12:30:00,28,-30.0,-39.20240322090343,22.28974821846014,-42.0,-75.86903904027037,-2.5357674015364964,-82.8903097290853,4.485503287278448,3,30,5,6,-96.62079463165675,18.215988189849895
2005-05-13 13:30:00,28,-21.0,-39.22220250090309,22.28974821846014,-41.0,-75.88883832027003,-2.555566681536164,-82.91010900908498,4.465704007278781,3,30,5,6,-96.64059391165641,18.196188909850235
2005-05-13 14:30:00,28,-23.0,-37.08434570349564,22.28974821846014,-38.0,-73.75098152286257,-0.4177098841287119,-80.77225221167751,6.603560804686232,3,30,5,6,-94.50273711424896,20.33404570725768
2005-05-13 15:30:00,28,-24.0,-34.70990250634325,22.28974821846014,-38.0,-71.37653832571019,1.956733313023684,-78.39780901452512,8.978004001838627,3,30,5,6,-92.12829391709657,22.708488904410075
2005-05-13 16:30:00,28,-27.0,-29.934881331253862,22.28974821846014,-38.0,-66.6015171506208,6.731754488113065,-73.62278783943574,13.75302517692801,3,30,5,6,-87.35327274200719,27.48351007949946
2005-05-13 17:30:00,28,-26.0,-28.26564122156007,22.28974821846014,-33.0,-64.932277040927,8.40099459780686,-71.95354772974194,15.422265286621805,3,30,5,6,-85.68403263231339,29.152750189193252
2005-05-13 18:30:00,28,-25.0,-27.45899936883743,22.28974821846014,-30.0,-64.12563518820436,9.207636450529504,-71.14690587701931,16.228907139344447,3,30,5,6,-84.87739077959075,29.959392041915894
2005-05-13 19:30:00,28,-26.0,-26.688837822411465,22.28974821846014,-21.0,-63.3554736417784,9.977797996955466,-70.37674433059334,16.99906868577041,3,30,5,6,-84.10722923316479,30.729553588341858
2005-05-13 20:30:00,28,-24.0,-28.50528282430441,22.28974821846014,-23.0,-65.17191864367135,8.161352995062522,-72.19318933248628,15.182623683877466,3,30,5,6,-85.92367423505773,28.913108586448914
2005-05-13 21:30:00,28,-27.0,-27.90564783235936,22.28974821846014,-24.0,-64.5722836517263,8.76098798700757,-71.59355434054123,15.782258675822517,3,30,5,6,-85.32403924311268,29.512743578393962
2005-05-13 22:30:00,28,-23.0,-28.518639002019587,22.28974821846014,-27.0,-65.18527482138651,8.147996817347344,-72.20654551020147,15.169267506162289,3,30,5,6,-85.93703041277291,28.899752408733736
2005-05-13 23:30:00,28,-22.0,-28.317433712059568,22.28974821846014,-26.0,-64.9840695314265,8.349202107307363,-72.00534022024144,15.370472796122309,3,30,5,6,-85.73582512281288,29.100957698693755
2005-05-14 00:30:00,28,-20.0,-27.626813610430908,22.28974821846014,-25.0,-64.29344942979785,9.039822208936023,-71.31472011861278,16.061092897750967,3,30,5,6,-85.04520502118423,29.791577800322415
2005-05-14 01:30:00,28,-18.0,-27.917742089891497,22.28974821846014,-26.0,-64.58437790925842,8.748893729475434,-71.60564859807337,15.770164418290378,3,30,5,6,-85.33613350064482,29.500649320861825
2005-05-14 02:30:00,28,-16.0,-27.403148074264283,22.28974821846014,-24.0,-64.06978389363121,9.263487745102648,-71.09105458244616,16.28475843391759,3,30,5,6,-84.82153948501761,30.01524333648904
2005-05-14 03:30:00,28,-17.0,-26.668900812492343,22.28974821846014,-27.0,-63.33553663185928,9.997735006874583,-70.35680732067422,17.01900569568953,3,30,5,6,-84.08729222324567,30.74949059826098
2005-05-14 04:30:00,28,-17.0,-25.4775176787266,22.28974821846014,-23.0,-62.14415349809353,11.189118140640332,-69.16542418690847,18.21038882945528,3,30,5,6,-82.89590908947991,31.940873732026724
2005-05-14 05:30:00,28,-17.0,-24.951466708484,22.28974821846014,-22.0,-61.61810252785094,11.715169110882927,-68.63937321666587,18.73643979969788,3,30,5,6,-82.36985811923732,32.466924702269324
2005-05-14 06:30:00,28,-18.0,-24.20763453165975,22.28974821846014,-20.0,-60.87427035102668,12.45900128770718,-67.89554103984162,19.480271976522125,3,30,5,6,-81.62602594241307,33.21075687909357
2005-05-14 07:30:00,28,-18.0,-23.886567967061755,22.28974821846014,-18.0,-60.55320378642868,12.780067852305177,-67.57447447524363,19.80133854112012,3,30,5,6,-81.30495937781508,33.531823443691565
2005-05-14 08:30:00,28,-16.0,-23.39331363184912,22.28974821846014,-16.0,-60.059949451216056,13.27332218751781,-67.081220140031,20.29459287633276,3,30,5,6,-80.81170504260244,34.025077778904205
2005-05-14 09:30:00,28,-16.0,-22.975913445695504,22.28974821846014,-17.0,-59.64254926506244,13.690722373671427,-66.66381995387738,20.71199306248637,3,30,5,6,-80.39430485644883,34.44247796505782
2005-05-14 10:30:00,28,-20.0,-22.348469091593245,22.28974821846014,-17.0,-59.015104910960176,14.318166727773686,-66.03637559977511,21.33943741658863,3,30,5,6,-79.76686050234656,35.06992231916008
2005-05-14 11:30:00,28,-19.0,-22.64296827962346,22.28974821846014,-17.0,-59.30960409899039,14.023667539743473,-66.33087478780533,21.04493822855841,3,30,5,6,-80.06135969037678,34.77542313112986
2005-05-14 12:30:00,28,-19.0,-23.05213125006816,22.28974821846014,-18.0,-59.71876706943509,13.61450456929877,-66.74003775825004,20.63577525811372,3,30,5,6,-80.47052266082149,34.36626016068516
2005-05-14 13:30:00,28,-19.0,-23.256384720613923,22.28974821846014,-18.0,-59.92302053998085,13.410251098753008,-66.9442912287958,20.431521787567952,3,30,5,6,-80.67477613136725,34.1620066901394
2005-05-14 14:30:00,28,-20.0,-22.96934711137782,22.28974821846014,-16.0,-59.63598293074475,13.69728870798911,-66.6572536195597,20.718559396804054,3,30,5,6,-80.38773852213114,34.4490442993755
2005-05-14 15:30:00,28,-21.0,-22.28970674227521,22.28974821846014,-16.0,-58.95634256164215,14.376929077091717,-65.9776132504571,21.39819976590666,3,30,5,6,-79.70809815302853,35.128684668478115
2005-05-14 16:30:00,28,-21.0,-21.325068133270133,22.28974821846014,-20.0,-57.99170395263707,15.341567686096798,-65.012974641452,22.362838374911743,3,30,5,6,-78.74345954402345,36.093323277483194
2005-05-14 17:30:00,28,-20.0,-22.03438205107129,22.28974821846014,-19.0,-58.70101787043822,14.63225376829564,-65.72228855925317,21.653524457110585,3,30,5,6,-79.45277346182462,35.38400935968203
2005-05-14 18:30:00,28,-23.0,-20.54198172124517,22.28974821846014,-19.0,-57.208617540612096,16.124654098121763,-64.22988822942705,23.145924786936707,3,30,5,6,-77.9603731319985,36.87640968950815
2005-05-14 19:30:00,28,-28.0,-19.99237651846208,22.28974821846014,-19.0,-56.65901233782901,16.67425930090485,-63.68028302664396,23.695529989719795,3,30,5,6,-77.41076792921541,37.42601489229124
2005-05-14 20:30:00,28,-26.0,-17.098283092340175,22.28974821846014,-20.0,-53.76491891170711,19.56835272702676,-60.78618960052205,26.5896234158417,3,30,5,6,-74.5166745030935,40.32010831841315
2005-05-14 21:30:00,28,-19.0,-17.306745782529507,22.28974821846014,-21.0,-53.97338160189644,19.359890036837424,-60.994652290711386,26.381160725652368,3,30,5,6,-74.72513719328283,40.11164562822381
2005-05-14 22:30:00,28,-14.0,-18.60062776398209,22.28974821846014,-21.0,-55.26726358334902,18.06600805538484,-62.288534272163965,25.087278744199786,3,30,5,6,-76.0190191747354,38.81776364677123
2005-05-14 23:30:00,28,-11.0,-18.78527042704954,22.28974821846014,-20.0,-55.45190624641647,17.88136539231739,-62.473176935231415,24.902636081132336,3,30,5,6,-76.20366183780285,38.63312098370378
2005-05-15 00:30:00,28,-14.0,-21.240847495683063,22.28974821846014,-23.0,-57.90748331505,15.425788323683868,-64.92875400386494,22.44705901249881,3,30,5,6,-78.65923890643639,36.17754391507026
2005-05-15 01:30:00,28,-12.0,-26.37284914247533,22.28974821846014,-28.0,-63.03948496184226,10.293786676891596,-70.06075565065721,17.31505736570654,3,30,5,6,-83.79124055322865,31.04554226827799
2005-05-15 02:30:00,28,11.0,-27.11302966419836,22.28974821846014,-26.0,-63.77966548356529,9.553606155168572,-70.80093617238023,16.574876843983517,3,30,5,6,-84.53142107495168,30.30536174655496
2005-05-15 03:30:00,28,52.0,-22.939097271700515,22.28974821846014,-19.0,-59.60573309106745,13.727538547666416,-66.62700377988239,20.74880923648136,3,30,5,6,-80.35748868245383,34.47929413905281
2005-05-15 04:30:00,28,42.0,-17.30109764767483,22.28974821846014,-14.0,-53.96773346704176,19.3655381716921,-60.98900415585671,26.386808860507045,3,30,5,6,-74.71948905842815,40.11729376307849
2005-05-15 05:30:00,28,37.0,-15.658774676054785,22.28974821846014,-11.0,-52.325410495421714,21.007861143312148,-59.34668118423666,28.02913183212709,3,30,5,6,-73.0771660868081,41.75961673469854
2005-05-15 06:30:00,28,-58.0,-15.396123719661816,22.28974821846014,-14.0,-52.06275953902875,21.270512099705115,-59.08403022784369,28.29178278852006,3,30,5,6,-72.81451513041515,42.02226769109151
2005-05-15 07:30:00,28,-229.0,-16.499134987741954,22.28974821846014,-12.0,-53.165770807108885,20.167500831624977,-60.18704149592383,27.18877152043992,3,30,5,6,-73.91752639849528,40.91925642301137
2005-05-15 08:30:00,28,-247.0,-12.303660548500511,22.28974821846014,11.0,-48.97029636786745,24.36297527086641,-55.99156705668239,31.38424595968136,3,30,5,6,-69.72205195925383,45.11473086225281
2005-05-15 09:30:00,28,-222.0,-9.34786049399301,22.28974821846014,52.0,-46.01449631335994,27.31877532537392,-53.035767002174886,34.340046014188864,3,30,5,6,-66.76625190474633,48.07053091676031
2005-05-15 10:30:00,28,-184.0,-10.94615338504753,22.28974821846014,42.0,-47.61278920441446,25.7204824343194,-54.634059893229406,32.741753123134345,3,30,5,6,-68.36454479580085,46.47223802570579
2005-05-15 11:30:00,28,-175.0,-12.422248425462158,22.28974821846014,37.0,-49.08888424482909,24.244387393904773,-56.11015493364403,31.26565808271972,3,30,5,6,-69.84063983621547,44.996142985291165
2005-05-15 12:30:00,28,-162.0,-70.1345448375981,22.28974821846014,-58.0,-106.80118065696504,-33.46790901823117,-113.82245134577995,-26.446638329416224,3,30,5,6,-127.55293624835141,-12.716153426844777
2005-05-15 13:30:00,28,-157.0,-214.25541525985665,22.28974821846014,-229.0,-250.9220510792236,-177.5887794404897,-257.9433217680385,-170.56750875167478,3,30,5,6,-271.67380667060996,-156.83702384910333
2005-05-15 14:30:00,28,-146.0,-242.71381878906527,22.28974821846014,-247.0,-279.3804546084322,-206.04718296969835,-286.40172529724714,-199.0259122808834,3,30,5,6,-300.1322101998186,-185.29542737831196
2005-05-15 15:30:00,28,-135.0,-172.49235950323106,22.28974821846014,-222.0,-209.158995322598,-135.8257236838641,-216.18026601141293,-128.8044529950492,3,30,5,6,-229.91075091398437,-115.07396809247774
2005-05-15 16:30:00,28,-118.0,-121.73680615519147,22.28974821846014,-184.0,-158.4034419745584,-85.07017033582454,-165.42471266337336,-78.04889964700959,3,30,5,6,-179.1551975659448,-64.31841474443814
2005-05-15 17:30:00,28,-100.0,-121.26458100399606,22.28974821846014,-175.0,-157.931216823363,-84.59794518462913,-164.95248751217792,-77.57667449581419,3,30,5,6,-178.68297241474937,-63.846189593242734
2005-05-15 18:30:00,28,-105.0,-118.16920496585408,22.28974821846014,-162.0,-154.83584078522102,-81.50256914648716,-161.85711147403595,-74.48129845767221,3,30,5,6,-175.5875963766074,-60.750813555100756
2005-05-15 19:30:00,28,-115.0,-118.53803119225748,22.28974821846014,-157.0,-155.2046670116244,-81.87139537289055,-162.22593770043937,-74.85012468407561,3,30,5,6,-175.9564226030108,-61.119639781504155
2005-05-15 20:30:00,28,-120.0,-119.8115835127048,22.28974821846014,-146.0,-156.47821933207172,-83.14494769333785,-163.49949002088667,-76.1236770045229,3,30,5,6,-177.22997492345812,-62.39319210195148
2005-05-15 21:30:00,28,-108.0,-115.23297705779488,22.28974821846014,-135.0,-151.8996128771618,-78.56634123842795,-158.92088356597677,-71.545070549613,3,30,5,6,-172.6513684685482,-57.81458564704156
2005-05-15 22:30:00,28,-94.0,-107.52339742135086,22.28974821846014,-118.0,-144.1900332407178,-70.85676160198393,-151.21130392953273,-63.83549091316899,3,30,5,6,-164.94178883210418,-50.10500601059754
2005-05-15 23:30:00,28,-102.0,-100.18493467733902,22.28974821846014,-100.0,-136.85157049670596,-63.51829885797208,-143.87284118552088,-56.49702816915714,3,30,5,6,-157.60332608809233,-42.76654326658569
2005-05-16 00:30:00,28,-99.0,-101.6870075136136,22.28974821846014,-105.0,-138.35364333298054,-65.02037169424666,-145.37491402179546,-57.99910100543172,3,30,5,6,-159.1053989243669,-44.26861610286027
2005-05-16 01:30:00,28,-101.0,-106.40387064450849,22.28974821846014,-115.0,-143.0705064638754,-69.73723482514156,-150.09177715269036,-62.71596413632661,3,30,5,6,-163.8222620552618,-48.985479233755164
2005-05-16 02:30:00,28,-99.0,-111.34293804545094,22.28974821846014,-120.0,-148.00957386481787,-74.676302226084,-155.03084455363282,-67.65503153726905,3,30,5,6,-168.76132945620427,-53.92454663469761
2005-05-16 03:30:00,28,-99.0,-106.13228657386622,22.28974821846014,-108.0,-142.79892239323317,-69.4656507544993,-149.8201930820481,-62.44438006568435,3,30,5,6,-163.55067798461954,-48.7138951631129
2005-05-16 04:30:00,28,-97.0,-95.36265741546222,22.28974821846014,-94.0,-132.02929323482914,-58.69602159609529,-139.0505639236441,-51.67475090728035,3,30,5,6,-152.78104882621554,-37.9442660047089
2005-05-16 05:30:00,28,-91.0,-93.81325381318403,22.28974821846014,-102.0,-130.47988963255096,-57.14661799381712,-137.50116032136592,-50.12534730500217,3,30,5,6,-151.23164522393736,-36.39486240243071
2005-05-16 06:30:00,28,-97.0,-91.80632591637604,22.28974821846014,-99.0,-128.47296173574298,-55.13969009700912,-135.49423242455794,-48.11841940819418,3,30,5,6,-149.22471732712935,-34.38793450562272
2005-05-16 07:30:00,28,-87.0,-92.47673717271826,22.28974821846014,-101.0,-129.14337299208518,-55.81010135335133,-136.16464368090013,-48.788830664536384,3,30,5,6,-149.89512858347157,-35.05834576196494
2005-05-16 08:30:00,28,-87.0,-89.06569865708096,22.28974821846014,-99.0,-125.73233447644787,-52.39906283771403,-132.75360516526283,-45.37779214889908,3,30,5,6,-146.48409006783427,-31.647307246327635
2005-05-16 09:30:00,28,-88.0,-87.44974975687859,22.28974821846014,-99.0,-124.11638557624552,-50.78311393751166,-131.13765626506046,-43.76184324869672,3,30,5,6,-144.8681411676319,-30.031358346125266
2005-05-16 10:30:00,28,-86.0,-85.00534330960684,22.28974821846014,-97.0,-121.67197912897376,-48.33870749023991,-128.6932498177887,-41.31743680142497,3,30,5,6,-142.42373472036016,-27.58695189885352
2005-05-16 11:30:00,28,-88.0,-85.49335665893722,22.28974821846014,-91.0,-122.15999247830416,-48.826720839570285,-129.18126316711908,-41.80545015075534,3,30,5,6,-142.91174806969053,-28.074965248183894
2005-05-16 12:30:00,28,-85.0,-86.31003225710758,22.28974821846014,-97.0,-122.97666807647452,-49.64339643774065,-129.99793876528946,-42.6221257489257,3,30,5,6,-143.7284236678609,-28.891640846354257
2005-05-16 13:30:00,28,-83.0,-76.2634416821623,22.28974821846014,-87.0,-112.93007750152924,-39.59680586279536,-119.95134819034416,-32.57553517398042,3,30,5,6,-133.6818330929156,-18.845050271408972
2005-05-16 14:30:00,28,-81.0,-72.61025705392959,22.28974821846014,-87.0,-109.27689287329652,-35.943621234562656,-116.29816356211144,-28.92235054574771,3,30,5,6,-130.0286484646829,-15.191865643176264
2005-05-16 15:30:00,28,-82.0,-72.88503065954862,22.28974821846014,-88.0,-109.55166647891556,-36.21839484018169,-116.57293716773049,-29.197124151366744,3,30,5,6,-130.30342207030193,-15.466639248795296
2005-05-16 16:30:00,28,-78.0,-72.32128760134961,22.28974821846014,-86.0,-108.98792342071654,-35.65465178198268,-116.00919410953148,-28.63338109316773,3,30,5,6,-129.73967901210293,-14.902896190596287
2005-05-16 17:30:00,28,-74.0,-74.57166158788748,22.28974821846014,-88.0,-111.2382974072544,-37.90502576852055,-118.25956809606936,-30.8837550797056,3,30,5,6,-131.9900529986408,-17.153270177134154
2005-05-16 18:30:00,28,-70.0,-75.05755099688105,22.28974821846014,-85.0,-111.72418681624798,-38.39091517751412,-118.74545750506292,-31.369644488699173,3,30,5,6,-132.47594240763436,-17.639159586127725
2005-05-16 19:30:00,28,-71.0,-74.82979645271108,22.28974821846014,-83.0,-111.496432272078,-38.16316063334415,-118.51770296089296,-31.141889944529204,3,30,5,6,-132.2481878634644,-17.411405041957757
2005-05-16 20:30:00,28,-74.0,-74.456342984277,22.28974821846014,-81.0,-111.12297880364392,-37.78970716491007,-118.14424949245888,-30.768436476095125,3,30,5,6,-131.87473439503032,-17.037951573523678
2005-05-16 21:30:00,28,-77.0,-75.36580022186979,22.28974821846014,-82.0,-112.03243604123672,-38.69916440250286,-119.05370673005166,-31.677893713687915,3,30,5,6,-132.7841916326231,-17.947408811116468
2005-05-16 22:30:00,28,-76.0,-72.19613943085622,22.28974821846014,-78.0,-108.86277525022317,-35.52950361148929,-115.88404593903807,-28.508232922674345,3,30,5,6,-129.61453084160954,-14.777748020102898
2005-05-16 23:30:00,28,-71.0,-68.11027263619678,22.28974821846014,-74.0,-104.77690845556371,-31.44363681682985,-111.79817914437864,-24.422366128014907,3,30,5,6,-125.5286640469501,-10.69188122544346
2005-05-17 00:30:00,28,-66.0,-64.53875218494099,22.28974821846014,-70.0,-101.20538800430792,-27.87211636557406,-108.22665869312286,-20.85084567675912,3,30,5,6,-121.9571435956943,-7.120360774187667
2005-05-17 01:30:00,28,-65.0,-63.77543605714318,22.28974821846014,-71.0,-100.44207187651013,-27.10880023777625,-107.46334256532506,-20.087529548961307,3,30,5,6,-121.19382746789651,-6.357044646389859
2005-05-17 02:30:00,28,-67.0,-65.54805153256383,22.28974821846014,-74.0,-102.21468735193076,-28.8814157131969,-109.23595804074571,-21.86014502438196,3,30,5,6,-122.96644294331716,-8.12966012181051
2005-05-17 03:30:00,28,-68.0,-67.79547519924819,22.28974821846014,-77.0,-104.46211101861512,-31.128839379881256,-111.48338170743006,-24.107568691066312,3,30,5,6,-125.2138666100015,-10.377083788494865
2005-05-17 04:30:00,28,-74.0,-68.30036408818287,22.28974821846014,-76.0,-104.9669999075498,-31.633728268815943,-111.98827059636474,-24.612457580001,3,30,5,6,-125.71875549893619,-10.881972677429552
2005-05-17 05:30:00,28,-80.0,-65.77658171364861,22.28974821846014,-71.0,-102.44321753301554,-29.10994589428168,-109.46448822183048,-22.08867520546673,3,30,5,6,-123.19497312440194,-8.358190302895288
2005-05-17 06:30:00,28,-76.0,-62.81623415548485,22.28974821846014,-66.0,-99.48286997485178,-26.14959833611792,-106.50414066366672,-19.12832764730297,3,30,5,6,-120.23462556623818,-5.397842744731527
2005-05-17 07:30:00,28,-72.0,-61.67908761421026,22.28974821846014,-65.0,-98.3457234335772,-25.01245179484333,-105.36699412239211,-17.991181106028385,3,30,5,6,-119.09747902496358,-4.260696203456938
2005-05-17 08:30:00,28,-69.0,-61.55210546110524,22.28974821846014,-67.0,-98.21874128047216,-24.885469641738304,-105.24001196928712,-17.86419895292336,3,30,5,6,-118.97049687185856,-4.133714050351919
2005-05-17 09:30:00,28,-65.0,-61.52894750412246,22.28974821846014,-68.0,-98.1955833234894,-24.86231168475553,-105.21685401230434,-17.84104099594059,3,30,5,6,-118.94733891487579,-4.110556093369141
2005-05-17 10:30:00,28,-64.0,-64.3372992227574,22.28974821846014,-74.0,-101.00393504212433,-27.670663403390463,-108.02520573093926,-20.64939271457552,3,30,5,6,-121.75569063351071,-6.918907812004072
2005-05-17 11:30:00,28,-63.0,-69.21397255387419,22.28974821846014,-80.0,-105.88060837324112,-32.547336734507255,-112.90187906205604,-25.52606604569231,3,30,5,6,-126.6323639646275,-11.795581143120863
2005-05-17 12:30:00,28,-65.0,-69.15998967439253,22.28974821846014,-76.0,-105.82662549375948,-32.4933538550256,-112.8478961825744,-25.47208316621066,3,30,5,6,-126.57838108514585,-11.741598263639212
2005-05-17 13:30:00,28,-66.0,-66.31323547137455,22.28974821846014,-72.0,-102.97987129074149,-29.646599652007623,-110.00114197955642,-22.62532896319268,3,30,5,6,-123.73162688212787,-8.894844060621232
2005-05-17 14:30:00,28,-64.0,-62.917999651758464,22.28974821846014,-69.0,-99.5846354711254,-26.251363832391533,-106.60590615994032,-19.23009314357659,3,30,5,6,-120.33639106251178,-5.4996082410051415
2005-05-17 15:30:00,28,-59.0,-59.01940930283668,22.28974821846014,-65.0,-95.6860451222036,-22.352773483469747,-102.70731581101856,-15.331502794654805,3,30,5,6,-116.43780071359001,-1.6010178920833553
2005-05-17 16:30:00,28,-63.0,-57.32324601428319,22.28974821846014,-64.0,-93.98988183365012,-20.65661019491626,-101.01115252246508,-13.635339506101316,3,30,5,6,-114.74163742503652,0.0951453964701301
2005-05-17 17:30:00,28,-69.0,-57.78412415316735,22.28974821846014,-63.0,-94.45075997253429,-21.117488333800416,-101.47203066134922,-14.096217644985472,3,30,5,6,-115.20251556392067,-0.36573274241402487
2005-05-17 18:30:00,28,-72.0,-59.29139206535105,22.28974821846014,-65.0,-95.95802788471798,-22.62475624598412,-102.97929857353292,-15.603485557169172,3,30,5,6,-116.70978347610438,-1.8730006545977247
2005-05-17 19:30:00,28,-70.0,-59.76310979052742,22.28974821846014,-66.0,-96.42974560989435,-23.09647397116049,-103.4510162987093,-16.075203282345548,3,30,5,6,-117.18150120128075,-2.3447183797741005
2005-05-17 20:30:00,28,-64.0,-58.70977794602469,22.28974821846014,-64.0,-95.37641376539162,-22.04314212665776,-102.39768445420655,-15.021871437842812,3,30,5,6,-116.12816935677802,-1.2913865352713643
2005-05-17 21:30:00,28,-63.0,-55.231432993434645,22.28974821846014,-59.0,-91.89806881280155,-18.56479717406772,-98.91933950161652,-11.54352648525277,3,30,5,6,-112.64982440418797,2.186958417318678
2005-05-17 22:30:00,28,-61.0,-58.79860166249867,22.28974821846014,-63.0,-95.4652374818656,-22.13196584313173,-102.48650817068054,-15.110695154316794,3,30,5,6,-116.21699307325198,-1.3802102517453463
2005-05-17 23:30:00,28,-58.0,-60.899715077381714,22.28974821846014,-69.0,-97.56635089674865,-24.233079258014783,-104.5876215855636,-17.21180856919984,3,30,5,6,-118.31810648813504,-3.4813236666283913
2005-05-18 00:30:00,28,-59.0,-60.8296806214981,22.28974821846014,-72.0,-97.49631644086504,-24.163044802131168,-104.51758712967998,-17.141774113316224,3,30,5,6,-118.24807203225143,-3.4112892107447763
2005-05-18 01:30:00,28,-63.0,-60.8771442847924,22.28974821846014,-70.0,-97.54378010415932,-24.210508465425463,-104.56505079297426,-17.18923777661052,3,30,5,6,-118.29553569554572,-3.458752874039078
2005-05-18 02:30:00,28,-64.0,-58.92964564007031,22.28974821846014,-64.0,-95.59628145943724,-22.26300982070337,-102.61755214825216,-15.24173913188843,3,30,5,6,-116.34803705082363,-1.5112542293169895
2005-05-18 03:30:00,28,-64.0,-57.79475110379446,22.28974821846014,-63.0,-94.4613869231614,-21.12811528442753,-101.48265761197634,-14.106844595612586,3,30,5,6,-115.21314251454778,-0.37635969304113814
2005-05-18 04:30:00,28,-62.0,-55.50700639911224,22.28974821846014,-61.0,-92.17364221847916,-18.84037057974531,-99.19491290729412,-11.819099890930367,3,30,5,6,-112.92539780986556,1.9113850116410802
2005-05-18 05:30:00,28,-59.0,-52.6586030615324,22.28974821846014,-58.0,-89.32523888089933,-15.991967242165472,-96.34650956971429,-8.970696553350528,3,30,5,6,-110.07699447228572,4.759788349220919
2005-05-18 06:30:00,28,-55.0,-52.95613351594773,22.28974821846014,-59.0,-89.62276933531466,-16.289497696580796,-96.6440400241296,-9.268227007765852,3,30,5,6,-110.37452492670104,4.462257894805596
2005-05-18 07:30:00,28,-53.0,-55.61445023417024,22.28974821846014,-63.0,-92.28108605353717,-18.947814414803304,-99.30235674235212,-11.92654372598836,3,30,5,6,-113.03284164492356,1.8039411765830806
2005-05-18 08:30:00,28,-53.0,-56.717299609187165,22.28974821846014,-64.0,-93.3839354285541,-20.050663789820234,-100.40520611736903,-13.02939310100529,3,30,5,6,-114.13569101994048,0.7010918015661574
2005-05-18 09:30:00,28,-49.0,-57.360348521531776,22.28974821846014,-64.0,-94.02698434089872,-20.693712702164845,-101.04825502971366,-13.6724420133499,3,30,5,6,-114.7787399322851,0.058042889221546545
2005-05-18 10:30:00,28,-49.0,-56.80918479597596,22.28974821846014,-62.0,-93.47582061534288,-20.142548976609028,-100.49709130415783,-13.121278287794084,3,30,5,6,-114.22757620672928,0.6092066147773636
2005-05-18 11:30:00,28,-49.0,-55.146779835574215,22.28974821846014,-59.0,-91.81341565494114,-18.480144016207284,-98.83468634375608,-11.45887332739234,3,30,5,6,-112.56517124632754,2.271611575179108
2005-05-18 12:30:00,28,-50.0,-52.2178624866606,22.28974821846014,-55.0,-88.88449830602752,-15.551226667293667,-95.90576899484248,-8.529955978478725,3,30,5,6,-109.63625389741392,5.200528924092723
2005-05-18 13:30:00,28,-49.0,-51.03987419164005,22.28974821846014,-53.0,-87.70651001100698,-14.37323837227312,-94.72778069982192,-7.351967683458177,3,30,5,6,-108.45826560239337,6.37851721911327
2005-05-18 14:30:00,28,-48.0,-49.45827320029724,22.28974821846014,-53.0,-86.12490901966417,-12.791637380930313,-93.14617970847912,-5.770366692115367,3,30,5,6,-106.87666461105056,7.960118210456081
2005-05-18 15:30:00,28,-46.0,-47.20904575493095,22.28974821846014,-49.0,-83.87568157429789,-10.542409935564017,-90.89695226311282,-3.5211392467490725,3,30,5,6,-104.62743716568427,10.209345655822375
2005-05-18 16:30:00,28,-49.0,-46.87912943892964,22.28974821846014,-49.0,-83.54576525829657,-10.212493619562707,-90.56703594711152,-3.191222930747763,3,30,5,6,-104.29752084968297,10.539261971823684
2005-05-18 17:30:00,28,-48.0,-47.65609532663935,22.28974821846014,-49.0,-84.32273114600628,-10.989459507272414,-91.34400183482124,-3.9681888184574703,3,30,5,6,-105.07448673739268,9.76229608411397
2005-05-18 18:30:00,28,-49.0,-48.59167533895466,22.28974821846014,-50.0,-85.25831115832159,-11.925039519587727,-92.27958184713654,-4.903768830772783,3,30,5,6,-106.01006674970799,8.826716071798664
2005-05-18 19:30:00,28,-49.0,-47.45558110259096,22.28974821846014,-49.0,-84.12221692195789,-10.788945283224033,-91.14348761077284,-3.767674594409087,3,30,5,6,-104.87397251334428,9.96281030816236
2005-05-18 20:30:00,28,-49.0,-45.920727337329865,22.28974821846014,-48.0,-82.5873631566968,-9.254091517962934,-89.60863384551175,-2.2328208291479896,3,30,5,6,-103.3391187480832,11.497664073423458
2005-05-18 21:30:00,28,-45.0,-43.09994126491432,22.28974821846014,-46.0,-79.76657708428125,-6.43330544554739,-86.78784777309619,0.5879652432675542,3,30,5,6,-100.51833267566764,14.318450145839002
2005-05-18 22:30:00,28,-41.0,-41.81245164314432,22.28974821846014,-49.0,-78.47908746251125,-5.14581582377739,-85.5003581513262,1.875454865037554,3,30,5,6,-99.23084305389764,15.605939767609001
2005-05-18 23:30:00,28,-39.0,-41.03165529306953,22.28974821846014,-48.0,-77.69829111243646,-4.365019473702596,-84.7195618012514,2.6562512151123485,3,30,5,6,-98.45004670382285,16.386736117683796
2005-05-19 00:30:00,28,-39.0,-41.53958330141104,22.28974821846014,-49.0,-78.20621912077797,-4.872947482044104,-85.22748980959291,2.14832320677084,3,30,5,6,-98.95797471216437,15.87880810934228
2005-05-19 01:30:00,28,-40.0,-41.69011243811342,22.28974821846014,-49.0,-78.35674825748035,-5.023476618746486,-85.3780189462953,1.9977940700684584,3,30,5,6,-99.10850384886675,15.728278972639906
2005-05-19 02:30:00,28,-36.0,-41.52638055965876,22.28974821846014,-49.0,-78.19301637902569,-4.859744740291824,-85.21428706784063,2.1615259485231206,3,30,5,6,-98.94477197041209,15.892010851094561
2005-05-19 03:30:00,28,-32.0,-39.69799745455024,22.28974821846014,-45.0,-76.36463327391718,-3.031361635183309,-83.38590396273212,3.989909053631635,3,30,5,6,-97.11638886530356,17.720393956203083
2005-05-19 04:30:00,28,-26.0,-38.23375926878028,22.28974821846014,-41.0,-74.9003950881472,-1.5671234494133444,-81.92166577696216,5.4541472394016,3,30,5,6,-95.6521506795336,19.18463214197304
2005-05-19 05:30:00,28,-29.0,-36.32808891365811,22.28974821846014,-39.0,-72.99472473302504,0.3385469057088244,-80.01599542183999,7.359817594523768,3,30,5,6,-93.74648032441144,21.090302497095216
2005-05-19 06:30:00,28,-31.0,-37.49380044390128,22.28974821846014,-39.0,-74.16043626326821,-0.8271646245343476,-81.18170695208315,6.1941060642805965,3,30,5,6,-94.9121918546546,19.924590966852044
2005-05-19 07:30:00,28,-30.0,-37.6114115257763,22.28974821846014,-40.0,-74.27804734514322,-0.9447757064093664,-81.29931803395817,6.076494982405578,3,30,5,6,-95.02980293652962,19.806979884977025
2005-05-19 08:30:00,28,-32.0,-36.34998827289011,22.28974821846014,-36.0,-73.01662409225705,0.3166475464768226,-80.03789478107198,7.337918235291767,3,30,5,6,-93.76837968364343,21.068403137863214
2005-05-19 09:30:00,28,-34.0,-35.50132384378972,22.28974821846014,-32.0,-72.16795966315665,1.165311975577211,-79.18923035197159,8.186582664392155,3,30,5,6,-92.91971525454304,21.917067566963603
2005-05-19 10:30:00,28,-39.0,-36.04213758875382,22.28974821846014,-26.0,-72.70877340812075,0.6244982306131135,-79.7300440969357,7.645768919428058,3,30,5,6,-93.46052899950715,21.376253821999505
2005-05-19 11:30:00,28,-43.0,-36.397337387781,22.28974821846014,-29.0,-73.06397320714794,0.2692984315859306,-80.08524389596288,7.290569120400875,3,30,5,6,-93.81572879853432,21.021054022972322
2005-05-19 12:30:00,28,-37.0,-38.19860823742987,22.28974821846014,-31.0,-74.8652440567968,-1.5319724180629422,-81.88651474561175,5.489298270752002,3,30,5,6,-95.6169996481832,19.21978317332345
2005-05-19 13:30:00,28,-28.0,-37.104934514217774,22.28974821846014,-30.0,-73.7715703335847,-0.4382986948508431,-80.79284102239964,6.582971993964101,3,30,5,6,-94.52332592497109,20.31345689653555
2005-05-19 14:30:00,28,-25.0,-36.47839144537789,22.28974821846014,-32.0,-73.14502726474481,0.1882443739890433,-80.16629795355976,7.2095150628039875,3,30,5,6,-93.89678285613121,20.939999965375435
2005-05-19 15:30:00,28,-26.0,-36.15989561274685,22.28974821846014,-34.0,-72.82653143211377,0.506740206620087,-79.84780212092872,7.528010895435031,3,30,5,6,-93.57828702350017,21.25849579800647
2005-05-19 16:30:00,28,-30.0,-36.441722666559855,22.28974821846014,-39.0,-73.10835848592679,0.2249131528070762,-80.12962917474172,7.24618384162202,3,30,5,6,-93.86011407731317,20.976668744193468
2005-05-19 17:30:00,28,-31.0,-39.29920379521228,22.28974821846014,-43.0,-75.96583961457921,-2.6325679758453475,-82.98711030339416,4.388702712969597,3,30,5,6,-96.71759520596561,18.119187615541044
2005-05-19 18:30:00,28,-31.0,-36.296263108438666,22.28974821846014,-37.0,-72.9628989278056,0.3703727109282653,-79.98416961662053,7.391643399743209,3,30,5,6,-93.71465451919198,21.122128302314657
2005-05-19 19:30:00,28,-29.0,-30.10737446359781,22.28974821846014,-28.0,-66.77401028296475,6.559261355769113,-73.79528097177969,13.580532044584055,3,30,5,6,-87.52576587435114,27.31101694715551
2005-05-19 20:30:00,28,-21.0,-27.73562870389748,22.28974821846014,-25.0,-64.4022645232644,8.931007115469455,-71.42353521207934,15.9522778042844,3,30,5,6,-85.1540201146508,29.682762706855844
2005-05-19 21:30:00,28,-16.0,-27.456938252674416,22.28974821846014,-26.0,-64.12357407204135,9.209697566692515,-71.14484476085629,16.23096825550746,3,30,5,6,-84.87532966342773,29.961453158078907
2005-05-19 22:30:00,28,-10.0,-27.90967341211033,22.28974821846014,-30.0,-64.57630923147727,8.756962407256601,-71.5975799202922,15.778233096071546,3,30,5,6,-85.32806482286365,29.508717998642993
2005-05-19 23:30:00,28,-11.0,-27.52021065277587,22.28974821846014,-31.0,-64.1868464721428,9.146425166591062,-71.20811716095774,16.167695855406006,3,30,5,6,-84.93860206352919,29.898180757977453
2005-05-20 00:30:00,28,-12.0,-27.24770717451341,22.28974821846014,-31.0,-63.91434299388034,9.418928644853525,-70.93561368269528,16.440199333668467,3,30,5,6,-84.66609858526672,30.170684236239914
2005-05-20 01:30:00,28,-12.0,-26.4772133848607,22.28974821846014,-29.0,-63.14384920422764,10.18942243450623,-70.16511989304257,17.210693123321175,3,30,5,6,-83.89560479561402,30.941178025892622
2005-05-20 02:30:00,28,-10.0,-25.14717729955224,22.28974821846014,-21.0,-61.81381311891917,11.519458519814693,-68.83508380773412,18.540729208629635,3,30,5,6,-82.56556871030557,32.27121411120108
2005-05-20 03:30:00,28,-3.0,-24.0764588649546,22.28974821846014,-16.0,-60.74309468432153,12.590176954412335,-67.76436537313647,19.61144764322728,3,30,5,6,-81.49485027570792,33.34193254579873
2005-05-20 04:30:00,28,8.0,-22.22943298831479,22.28974821846014,-10.0,-58.89606880768172,14.43720283105214,-65.91733949649667,21.458473519867084,3,30,5,6,-79.64782439906811,35.18895842243853
2005-05-20 05:30:00,28,-18.0,-21.666098287245383,22.28974821846014,-11.0,-58.33273410661232,15.000537532121548,-65.35400479542726,22.02180822093649,3,30,5,6,-79.0844896979987,35.75229312350794
2005-05-20 06:30:00,28,-54.0,-22.066929805720488,22.28974821846014,-12.0,-58.73356562508742,14.599706013646443,-65.75483631390236,21.620976702461387,3,30,5,6,-79.4853212164738,35.35146160503284
2005-05-20 07:30:00,28,-74.0,-22.158966012157805,22.28974821846014,-12.0,-58.825601831524736,14.507669807209126,-65.84687252033967,21.52894049602407,3,30,5,6,-79.57735742291112,35.25942539859552
2005-05-20 08:30:00,28,-83.0,-21.758837641166213,22.28974821846014,-10.0,-58.42547346053314,14.907798178200718,-65.44674414934809,21.929068867015665,3,30,5,6,-79.17722905191954,35.659553769587106
2005-05-20 09:30:00,28,-81.0,-19.36912446980276,22.28974821846014,-3.0,-56.03576028916969,17.29751134956417,-63.05703097798464,24.31878203837912,3,30,5,6,-76.78751588055609,38.04926694095056
2005-05-20 10:30:00,28,-72.0,-19.214442896844645,22.28974821846014,8.0,-55.881078716211576,17.452192922522286,-62.90234940502652,24.47346361133723,3,30,5,6,-76.63283430759796,38.20394851390868
2005-05-20 11:30:00,28,-63.0,-27.17271685784393,22.28974821846014,-18.0,-63.83935267721086,9.493918961523,-70.8606233660258,16.515189650337945,3,30,5,6,-84.59110826859725,30.245674552909392
2005-05-20 12:30:00,28,-65.0,-59.80257545323607,22.28974821846014,-54.0,-96.469211272603,-23.13593963386913,-103.49048196141794,-16.11466894505419,3,30,5,6,-117.22096686398939,-2.384184042482744
2005-05-20 13:30:00,28,-63.0,-79.34459529388518,22.28974821846014,-74.0,-116.01123111325212,-42.67795947451825,-123.03250180206706,-35.6566887857033,3,30,5,6,-136.7629867046385,-21.926203883131855
2005-05-20 14:30:00,28,-49.0,-91.71040790089316,22.28974821846014,-83.0,-128.37704372026008,-55.04377208152623,-135.39831440907503,-48.02250139271128,3,30,5,6,-149.12879931164647,-34.29201649013984
2005-05-20 15:30:00,28,-39.0,-78.46484905786379,22.28974821846014,-81.0,-115.13148487723072,-41.79821323849686,-122.15275556604568,-34.77694254968191,3,30,5,6,-135.88324046861712,-21.046457647110465
2005-05-20 16:30:00,28,-36.0,-61.94402923663199,22.28974821846014,-72.0,-98.61066505599892,-25.27739341726506,-105.63193574481386,-18.25612272845012,3,30,5,6,-119.3624206473853,-4.525637825878668
2005-05-20 17:30:00,28,-36.0,-52.095564358974094,22.28974821846014,-63.0,-88.76220017834103,-15.428928539607163,-95.78347086715596,-8.40765785079222,3,30,5,6,-109.51395576972742,5.322827051779228
2005-05-20 18:30:00,28,-34.0,-47.676150735962906,22.28974821846014,-65.0,-84.34278655532984,-11.009514916595975,-91.3640572441448,-3.9882442277810313,3,30,5,6,-105.09454214671624,9.742240674790416
2005-05-20 19:30:00,28,-38.0,-43.94769368635729,22.28974821846014,-63.0,-80.61432950572421,-7.281057866990359,-87.63560019453917,-0.2597871781754151,3,30,5,6,-101.36608509711061,13.470697724396032
2005-05-20 20:30:00,28,-41.0,-37.94574123998598,22.28974821846014,-49.0,-74.61237705935291,-1.2791054206190466,-81.63364774816785,5.7421652681958975,3,30,5,6,-95.3641326507393,19.472650170767345
2005-05-20 21:30:00,28,-39.0,-33.259311890700275,22.28974821846014,-39.0,-69.9259477100672,3.4073239286666563,-76.94721839888214,10.4285946174816,3,30,5,6,-90.67770330145359,24.159079520053048
2005-05-20 22:30:00,28,-43.0,-31.327295176265945,22.28974821846014,-36.0,-67.99393099563288,5.339340643100986,-75.01520168444782,12.36061133191593,3,30,5,6,-88.74568658701926,26.091096234487377
2005-05-20 23:30:00,28,-49.0,-30.6134059671932,22.28974821846014,-36.0,-67.28004178656013,6.053229852173729,-74.30131247537508,13.074500540988671,3,30,5,6,-88.03179737794652,26.804985443560124
2005-05-21 00:30:00,28,-47.0,-30.573083418998856,22.28974821846014,-34.0,-67.23971923836578,6.093552400368075,-74.26098992718073,13.11482308918302,3,30,5,6,-87.99147482975218,26.845307991754467
2005-05-21 01:30:00,28,-41.0,-33.11952931218663,22.28974821846014,-38.0,-69.78616513155356,3.5471065071803025,-76.80743582036851,10.568377195995248,3,30,5,6,-90.53792072293996,24.298862098566694
2005-05-21 02:30:00,28,-36.0,-36.21343509854043,22.28974821846014,-41.0,-72.88007091790736,0.4532007208265014,-79.9013416067223,7.474471409641445,3,30,5,6,-93.63182650929375,21.204956312212893
2005-05-21 03:30:00,28,-44.0,-38.296678584943486,22.28974821846014,-39.0,-74.96331440431041,-1.6300427655765546,-81.98458509312536,5.3912279232383895,3,30,5,6,-95.71506999569681,19.121712825809837
2005-05-21 04:30:00,28,-51.0,-46.028654435263135,22.28974821846014,-43.0,-82.69529025463007,-9.362018615896204,-89.71656094344502,-2.34074792708126,3,30,5,6,-103.44704584601647,11.389736975490187
2005-05-21 05:30:00,28,-61.0,-52.942950104710455,22.28974821846014,-49.0,-89.60958592407738,-16.276314285343524,-96.63085661289232,-9.25504359652858,3,30,5,6,-110.36134151546378,4.4754413060428675
2005-05-21 06:30:00,28,-63.0,-49.970345791872745,22.28974821846014,-47.0,-86.63698161123968,-13.303709972505814,-93.6582523000546,-6.28243928369087,3,30,5,6,-107.38873720262606,7.4480456188805775
2005-05-21 07:30:00,28,-59.0,-43.51919113972302,22.28974821846014,-41.0,-80.18582695908995,-6.852555320356089,-87.2070976479049,0.1687153684588551,3,30,5,6,-100.93758255047635,13.899200271030303
2005-05-21 08:30:00,28,-57.0,-41.39429998321967,22.28974821846014,-36.0,-78.0609358025866,-4.727664163852737,-85.08220649140154,2.2936065249622075,3,30,5,6,-98.81269139397298,16.024091427533655
2005-05-21 09:30:00,28,-58.0,-46.4736453071229,22.28974821846014,-44.0,-83.14028112648984,-9.80700948775597,-90.16155181530478,-2.7857387989410256,3,30,5,6,-103.89203671787622,10.944746103630422
2005-05-21 10:30:00,28,-56.0,-51.357526504024285,22.28974821846014,-51.0,-88.02416232339121,-14.690890684657354,-95.04543301220616,-7.66961999584241,3,30,5,6,-108.77591791477761,6.060864906729037
2005-05-21 11:30:00,28,-56.0,-57.76240390323849,22.28974821846014,-61.0,-94.42903972260542,-21.09576808387156,-101.45031041142036,-14.074497395056618,3,30,5,6,-115.18079531399181,-0.3440124924851702
2005-05-21 12:30:00,28,-55.0,-58.288205993100334,22.28974821846014,-63.0,-94.95484181246728,-21.621570173733403,-101.97611250128222,-14.60029948491846,3,30,5,6,-115.70659740385366,-0.8698145823470114
2005-05-21 13:30:00,28,-49.0,-52.70985913024035,22.28974821846014,-59.0,-89.37649494960729,-16.043223310873422,-96.39776563842224,-9.021952622058478,3,30,5,6,-110.12825054099368,4.708532280512969
2005-05-21 14:30:00,28,-48.0,-49.990325087293456,22.28974821846014,-57.0,-86.65696090666039,-13.323689267926524,-93.67823159547532,-6.302418579111581,3,30,5,6,-107.40871649804677,7.428066323459866
2005-05-21 15:30:00,28,-50.0,-49.59782139631638,22.28974821846014,-58.0,-86.26445721568331,-12.931185576949446,-93.28572790449826,-5.909914888134502,3,30,5,6,-107.0162128070697,7.820570014436946
2005-05-21 16:30:00,28,-48.0,-49.22754054865844,22.28974821846014,-56.0,-85.89417636802537,-12.560904729291508,-92.91544705684032,-5.539634040476564,3,30,5,6,-106.64593195941177,8.190850862094884
2005-05-21 17:30:00,28,-52.0,-48.91962235873926,22.28974821846014,-56.0,-85.58625817810619,-12.25298653937233,-92.60752886692114,-5.231715850557386,3,30,5,6,-106.33801376949259,8.498769052014062
2005-05-21 18:30:00,28,-56.0,-47.996045388088376,22.28974821846014,-55.0,-84.66268120745531,-11.329409568721443,-91.68395189627026,-4.308138879906501,3,30,5,6,-105.4144367988417,9.422346022664946
2005-05-21 19:30:00,28,-56.0,-45.742576102834434,22.28974821846014,-49.0,-82.40921192220137,-9.075940283467505,-89.43048261101632,-2.054669594652559,3,30,5,6,-103.16096751358776,11.675815307918889
2005-05-21 20:30:00,28,-48.0,-44.77822986786889,22.28974821846014,-48.0,-81.44486568723582,-8.111594048501956,-88.46613637605077,-1.0903233596870123,3,30,5,6,-102.19662127862222,12.640161542884435
2005-05-21 21:30:00,28,-44.0,-45.7177303502598,22.28974821846014,-50.0,-82.38436616962673,-9.051094530892868,-89.40563685844168,-2.029823842077924,3,30,5,6,-103.13612176101313,11.700661060493523
2005-05-21 22:30:00,28,-38.0,-45.65669183279926,22.28974821846014,-48.0,-82.3233276521662,-8.99005601343233,-89.34459834098114,-1.9687853246173856,3,30,5,6,-103.07508324355258,11.761699577954062
2005-05-21 23:30:00,28,-34.0,-45.85597494467291,22.28974821846014,-52.0,-82.52261076403984,-9.189339125305978,-89.54388145285478,-2.168068436491033,3,30,5,6,-103.27436635542622,11.562416466080414
2005-05-22 00:30:00,28,-36.0,-48.49330234806541,22.28974821846014,-56.0,-85.15993816743234,-11.826666528698482,-92.18120885624728,-4.805395839883538,3,30,5,6,-105.91169375881873,8.92508906268791
2005-05-22 01:30:00,28,-38.0,-49.310811574695606,22.28974821846014,-56.0,-85.97744739406254,-12.644175755328677,-92.99871808287747,-5.622905066513731,3,30,5,6,-106.72920298544892,8.107579836057717
2005-05-22 02:30:00,28,-33.0,-45.293940220737966,22.28974821846014,-48.0,-81.9605760401049,-8.627304401371035,-88.98184672891983,-1.6060337125560906,3,30,5,6,-102.71233163149128,12.124451190015357
2005-05-22 03:30:00,28,-35.0,-40.93818560812845,22.28974821846014,-44.0,-77.60482142749538,-4.271549788761519,-84.62609211631033,2.749720900053425,3,30,5,6,-98.35657701888178,16.480205802624873
2005-05-22 04:30:00,28,-35.0,-37.03240763005497,22.28974821846014,-38.0,-73.69904344942191,-0.3657718106880381,-80.72031413823684,6.655498878126906,3,30,5,6,-94.45079904080829,20.385983780698353
2005-05-22 05:30:00,28,-38.0,-35.340949207631496,22.28974821846014,-34.0,-72.00758502699843,1.325686611735435,-79.02885571581336,8.346957300550379,3,30,5,6,-92.75934061838481,22.077442203121826
2005-05-22 06:30:00,28,-38.0,-34.99702302536639,22.28974821846014,-36.0,-71.66365884473332,1.6696127940005423,-78.68492953354826,8.690883482815487,3,30,5,6,-92.4154144361197,22.421368385386934
2005-05-22 07:30:00,28,-37.0,-36.89819405210017,22.28974821846014,-38.0,-73.56482987146711,-0.2315582327332421,-80.58610056028205,6.789712456081702,3,30,5,6,-94.3165854628535,20.52019735865315
2005-05-22 08:30:00,28,-39.0,-35.26186724011482,22.28974821846014,-33.0,-71.92850305948176,1.4047685792521136,-78.94977374829669,8.426039268067058,3,30,5,6,-92.68025865086814,22.156524170638505
2005-05-22 09:30:00,28,-41.0,-35.82685545531588,22.28974821846014,-35.0,-72.49349127468281,0.8397803640510517,-79.51476196349776,7.861051052865996,3,30,5,6,-93.24524686606921,21.591535955437443
2005-05-22 10:30:00,28,-40.0,-35.02106527790107,22.28974821846014,-35.0,-71.687701097268,1.645570541465858,-78.70897178608294,8.666841230280802,3,30,5,6,-92.43945668865439,22.39732613285225
2005-05-22 11:30:00,28,-38.0,-34.625733215436675,22.28974821846014,-38.0,-71.29236903480361,2.040902603930256,-78.31363972361855,9.0621732927452,3,30,5,6,-92.04412462619,22.792658195316648
2005-05-22 12:30:00,28,-34.0,-35.68615105286766,22.28974821846014,-38.0,-72.35278687223459,0.9804847664992736,-79.37405756104954,8.001755455314218,3,30,5,6,-93.10454246362099,21.732240357885665
2005-05-22 13:30:00,28,-30.0,-35.59401411632478,22.28974821846014,-37.0,-72.2606499356917,1.0726217030421523,-79.28192062450665,8.093892391857096,3,30,5,6,-93.0124055270781,21.824377294428544
2005-05-22 14:30:00,28,-28.0,-33.97783702543349,22.28974821846014,-39.0,-70.64447284480042,2.688798793933444,-77.66574353361537,9.710069482748388,3,30,5,6,-91.39622843618682,23.440554385319835
2005-05-22 15:30:00,28,-28.0,-34.22034611375412,22.28974821846014,-41.0,-70.88698193312105,2.446289705612813,-77.90825262193599,9.467560394427757,3,30,5,6,-91.63873752450743,23.198045296999204
2005-05-22 16:30:00,28,-29.0,-35.238347666583664,22.28974821846014,-40.0,-71.9049834859506,1.4282881527832672,-78.92625417476555,8.449558841598211,3,30,5,6,-92.656739077337,22.18004374416966
2005-05-22 17:30:00,28,-28.0,-33.32784430515971,22.28974821846014,-38.0,-69.99448012452663,3.338791514207223,-77.01575081334158,10.360062203022167,3,30,5,6,-90.74623571591303,24.090547105593615
2005-05-22 18:30:00,28,-28.0,-31.367410223463224,22.28974821846014,-34.0,-68.03404604283016,5.299225595903707,-75.05531673164509,12.32049628471865,3,30,5,6,-88.78580163421654,26.0509811872901
2005-05-22 19:30:00,28,-29.0,-30.04743778549289,22.28974821846014,-30.0,-66.71407360485982,6.619198033874042,-73.73534429367476,13.640468722688986,3,30,5,6,-87.4658291962462,27.370953625260434
2005-05-22 20:30:00,28,-31.0,-27.85022603766661,22.28974821846014,-28.0,-64.51686185703355,8.816409781700322,-71.53813254584848,15.837680470515268,3,30,5,6,-85.26861744841993,29.568165373086714
2005-05-22 21:30:00,28,-29.0,-27.108691775814247,22.28974821846014,-28.0,-63.77532759518118,9.557944043552684,-70.79659828399612,16.579214732367628,3,30,5,6,-84.52708318656757,30.309699634939076
2005-05-22 22:30:00,28,-27.0,-27.68719972300984,22.28974821846014,-29.0,-64.35383554237677,8.979436096357098,-71.37510623119171,16.000706785172042,3,30,5,6,-85.10559113376317,29.731191687743483
2005-05-22 23:30:00,28,-25.0,-27.443101228398348,22.28974821846014,-28.0,-64.10973704776528,9.223534590968583,-71.13100773658022,16.244805279783527,3,30,5,6,-84.86149263915166,29.975290182354975
2005-05-23 00:30:00,28,-22.0,-27.256984009482743,22.28974821846014,-28.0,-63.92361982884968,9.409651809884188,-70.94489051766462,16.430922498699132,3,30,5,6,-84.67537542023607,30.16140740127058
2005-05-23 01:30:00,28,-18.0,-27.63981338177557,22.28974821846014,-29.0,-64.3064492011425,9.026822437591356,-71.32771988995745,16.0480931264063,3,30,5,6,-85.0582047925289,29.77857802897775
2005-05-23 02:30:00,28,-18.0,-26.811254349502413,22.28974821846014,-31.0,-63.477890168869344,9.855381469864518,-70.49916085768429,16.876652158679462,3,30,5,6,-84.22964576025574,30.60713706125091
2005-05-23 03:30:00,28,-18.0,-27.394650500681315,22.28974821846014,-29.0,-64.06128632004825,9.271985318685616,-71.08255700886319,16.29325600750056,3,30,5,6,-84.81304191143464,30.023740910072007
2005-05-23 04:30:00,28,-18.0,-26.31225522686005,22.28974821846014,-27.0,-62.97889104622698,10.354380592506883,-70.00016173504193,17.37565128132183,3,30,5,6,-83.73064663761338,31.106136183893273
2005-05-23 05:30:00,28,-19.0,-27.10586347983675,22.28974821846014,-25.0,-63.77249929920368,9.560772339530182,-70.79376998801862,16.582043028345126,3,30,5,6,-84.52425489059007,30.312527930916573
2005-05-23 06:30:00,28,-18.0,-24.94779632694636,22.28974821846014,-22.0,-61.61443214631328,11.718839492420578,-68.63570283512823,18.74011018123552,3,30,5,6,-82.36618773769968,32.47059508380696
2005-05-23 07:30:00,28,-18.0,-23.50296356193272,22.28974821846014,-18.0,-60.16959938129965,13.163672257434218,-67.19087007011458,20.18494294624916,3,30,5,6,-80.92135497268605,33.9154278488206
2005-05-23 08:30:00,28,-17.0,-22.15243833887014,22.28974821846014,-18.0,-58.81907415823707,14.51419748049679,-65.84034484705202,21.53546816931173,3,30,5,6,-79.57082974962347,35.26595307188318
2005-05-23 09:30:00,28,-16.0,-21.56716833589239,22.28974821846014,-18.0,-58.23380415525932,15.09946748347454,-65.25507484407427,22.120738172289485,3,30,5,6,-78.98555974664572,35.85122307486093
2005-05-23 10:30:00,28,-16.0,-22.07707470162952,22.28974821846014,-18.0,-58.74371052099645,14.58956111773741,-65.7649812098114,21.610831806552355,3,30,5,6,-79.49546611238284,35.3413167091238
2005-05-23 11:30:00,28,-13.0,-21.710551222826773,22.28974821846014,-19.0,-58.3771870421937,14.956084596540158,-65.39845773100865,21.977355285355102,3,30,5,6,-79.1289426335801,35.70784018792655
2005-05-23 12:30:00,28,-11.0,-21.464409734410097,22.28974821846014,-18.0,-58.13104555377703,15.202226084956834,-65.15231624259198,22.22349677377177,3,30,5,6,-78.88280114516343,35.953981676343226
2005-05-23 13:30:00,28,-13.0,-21.44920628435421,22.28974821846014,-18.0,-58.11584210372114,15.21742953501272,-65.13711279253609,22.238700223827664,3,30,5,6,-78.86759769510753,35.96918512639911
2005-05-23 14:30:00,28,-22.0,-20.47443123654042,22.28974821846014,-17.0,-57.14106705590735,16.192204582826513,-64.1623377447223,23.213475271641457,3,30,5,6,-77.89282264729374,36.943960174212904
2005-05-23 15:30:00,28,-27.0,-20.29281379907213,22.28974821846014,-16.0,-56.959449618439066,16.373822020294796,-63.98072030725401,23.39509270910974,3,30,5,6,-77.71120520982545,37.125577611681194
2005-05-23 16:30:00,28,-27.0,-19.114034161093336,22.28974821846014,-16.0,-55.78066998046027,17.552601658273595,-62.80194066927521,24.57387234708854,3,30,5,6,-76.53242557184666,38.30435724965999
2005-05-23 17:30:00,28,-23.0,-18.46226718647892,22.28974821846014,-13.0,-55.12890300584585,18.204368632888013,-62.15017369466079,25.22563932170296,3,30,5,6,-75.88065859723224,38.956124224274404
2005-05-23 18:30:00,28,-21.0,-19.38145975469393,22.28974821846014,-11.0,-56.04809557406087,17.285176064672996,-63.06936626287581,24.30644675348794,3,30,5,6,-76.79985116544725,38.036931656059394
2005-05-23 19:30:00,28,-22.0,-19.868531949574724,22.28974821846014,-13.0,-56.535167768941655,16.798103869792207,-63.5564384577566,23.81937455860715,3,30,5,6,-77.28692336032805,37.5498594611786
2005-05-23 20:30:00,28,-25.0,-23.81864899441461,22.28974821846014,-22.0,-60.48528481378155,12.84798682495232,-67.50655550259648,19.869257513767263,3,30,5,6,-81.23704040516793,33.599742416338714
2005-05-23 21:30:00,28,-24.0,-25.912056178672948,22.28974821846014,-27.0,-62.57869199803988,10.754579640693985,-69.59996268685482,17.775850329508927,3,30,5,6,-83.33044758942627,31.506335232080374
2005-05-23 22:30:00,28,-24.0,-24.488683305714112,22.28974821846014,-27.0,-61.15531912508104,12.17795251365282,-68.17658981389599,19.199223202467763,3,30,5,6,-81.90707471646743,32.92970810503921
2005-05-23 23:30:00,28,-21.0,-20.76275794949629,22.28974821846014,-23.0,-57.42939376886322,15.90387786987064,-64.45066445767816,22.925148558685585,3,30,5,6,-78.1811493602496,36.65563346125703
2005-05-24 00:30:00,28,-16.0,-18.297435884983017,22.28974821846014,-21.0,-54.96407170434995,18.369199934383914,-61.98534239316489,25.39047062319886,3,30,5,6,-75.71582729573635,39.120955525770306
2005-05-24 01:30:00,28,-11.0,-17.865988455202594,22.28974821846014,-22.0,-54.53262427456953,18.800647364164337,-61.55389496338447,25.82191805297928,3,30,5,6,-75.28437986595591,39.55240295555073
2005-05-24 02:30:00,28,-9.0,-18.077402673402617,22.28974821846014,-25.0,-54.74403849276955,18.589233145964315,-61.76530918158449,25.61050383477926,3,30,5,6,-75.49579408415593,39.340988737350706
2005-05-24 03:30:00,28,-11.0,-20.39451043038603,22.28974821846014,-24.0,-57.061146249752966,16.2721253889809,-64.0824169385679,23.293396077795844,3,30,5,6,-77.81290184113935,37.023880980367295
2005-05-24 04:30:00,28,-11.0,-20.99012467520886,22.28974821846014,-24.0,-57.65676049457579,15.67651114415807,-64.67803118339074,22.69778183297301,3,30,5,6,-78.40851608596219,36.42826673554446
2005-05-24 05:30:00,28,-11.0,-19.51896254059352,22.28974821846014,-21.0,-56.18559835996045,17.147673278773418,-63.20686904877539,24.16894396758836,3,30,5,6,-76.93735395134684,37.8994288701598
2005-05-24 06:30:00,28,-10.0,-17.419512758158568,22.28974821846014,-16.0,-54.0861485775255,19.247123061208363,-61.10741926634044,26.268393750023307,3,30,5,6,-74.83790416891189,39.998878652594755
2005-05-24 07:30:00,28,-9.0,-14.967532373474214,22.28974821846014,-11.0,-51.634168192841145,21.69910344589272,-58.65543888165609,28.72037413470766,3,30,5,6,-72.38592378422754,42.45085903727911
2005-05-24 08:30:00,28,-9.0,-14.316286114607893,22.28974821846014,-9.0,-50.98292193397482,22.35034970475904,-58.004192622789766,29.371620393573984,3,30,5,6,-71.73467752536122,43.10210529614543
2005-05-24 09:30:00,28,-7.0,-14.68085962770894,22.28974821846014,-11.0,-51.34749544707587,21.98577619165799,-58.368766135890816,29.00704688047293,3,30,5,6,-72.09925103846226,42.73753178304438
2005-05-24 10:30:00,28,-7.0,-14.983173176432215,22.28974821846014,-11.0,-51.64980899579915,21.68346264293472,-58.67107968461409,28.70473333174965,3,30,5,6,-72.40156458718553,42.435218234321106
2005-05-24 11:30:00,28,-7.0,-15.162799570854396,22.28974821846014,-11.0,-51.82943539022133,21.50383624851253,-58.85070607903627,28.52510693732748,3,30,5,6,-72.58119098160772,42.255591839898926
2005-05-24 12:30:00,28,-6.0,-15.085547583928667,22.28974821846014,-10.0,-51.7521834032956,21.581088235438266,-58.77345409211054,28.60235892425321,3,30,5,6,-72.50393899468199,42.33284382682466
2005-05-24 13:30:00,28,-4.0,-15.064081047009331,22.28974821846014,-9.0,-51.73071686637626,21.6025547723576,-58.75198755519121,28.623825461172544,3,30,5,6,-72.48247245776265,42.35431036374399
2005-05-24 14:30:00,28,-5.0,-15.128712623947475,22.28974821846014,-9.0,-51.79534844331441,21.537923195419456,-58.81661913212935,28.5591938842344,3,30,5,6,-72.5471040347008,42.28967878680585
2005-05-24 15:30:00,28,-7.0,-14.63804012064595,22.28974821846014,-7.0,-51.304675940012885,22.02859569872098,-58.32594662882782,29.049866387535925,3,30,5,6,-72.05643153139927,42.780351290107376
2005-05-24 16:30:00,28,-7.0,-14.093704899517649,22.28974821846014,-7.0,-50.76034071888458,22.572930919849284,-57.78161140769952,29.59420160866423,3,30,5,6,-71.51209631027098,43.324686511235676
2005-05-24 17:30:00,28,-10.0,-13.674169899612544,22.28974821846014,-7.0,-50.34080571897948,22.992465919754387,-57.36207640779442,30.01373660856933,3,30,5,6,-71.09256131036587,43.74422151114078
2005-05-24 18:30:00,28,-11.0,-12.94459276945146,22.28974821846014,-6.0,-49.61122858881839,23.72204304991547,-56.632499277633336,30.74331373873041,3,30,5,6,-70.36298418020479,44.47379864130186
2005-05-24 19:30:00,28,-7.0,-12.362483305677952,22.28974821846014,-4.0,-49.029119125044886,24.30415251368898,-56.05038981385982,31.325423202503924,3,30,5,6,-69.78087471643127,45.055908105075375
2005-05-24 20:30:00,28,-6.0,-12.031245265712789,22.28974821846014,-5.0,-48.69788108507972,24.635390553654144,-55.719151773894666,31.656661242469088,3,30,5,6,-69.44963667646611,45.38714614504053
2005-05-24 21:30:00,28,-6.0,-11.933761478514027,22.28974821846014,-7.0,-48.60039729788096,24.732874340852906,-55.621667986695904,31.754145029667846,3,30,5,6,-69.35215288926734,45.484629932239294
2005-05-24 22:30:00,28,-6.0,-12.033274969788906,22.28974821846014,-7.0,-48.69991078915584,24.633360849578025,-55.72118147797078,31.65463153839297,3,30,5,6,-69.45166638054224,45.38511644096442
2005-05-24 23:30:00,28,-5.0,-13.192008863701652,22.28974821846014,-10.0,-49.85864468306858,23.47462695566528,-56.87991537188353,30.495897644480223,3,30,5,6,-70.61040027445497,44.22638254705167
2005-05-25 00:30:00,28,-6.0,-10.808285735677128,22.28974821846014,-11.0,-47.47492155504406,25.858350083689803,-54.496192243859,32.87962077250475,3,30,5,6,-68.22667714643045,46.6101056750762
2005-05-25 01:30:00,28,-4.0,-8.32426139789104,22.28974821846014,-7.0,-44.99089721725797,28.34237442147589,-52.01216790607292,35.36364511029083,3,30,5,6,-65.74265280864437,49.09413001286228
2005-05-25 02:30:00,28,-3.0,-8.236210902017483,22.28974821846014,-6.0,-44.902846721384414,28.43042491734945,-51.92411741019936,35.45169560616439,3,30,5,6,-65.6546023127708,49.18218050873584
2005-05-25 03:30:00,28,-2.0,-9.303023364425789,22.28974821846014,-6.0,-45.96965918379272,27.363612454941144,-52.99092987260767,34.384883143756085,3,30,5,6,-66.72141477517911,48.11536804632753
2005-05-25 04:30:00,28,-1.0,-10.195931264855062,22.28974821846014,-6.0,-46.86256708422199,26.47070455451187,-53.88383777303694,33.49197524332681,3,30,5,6,-67.61432267560838,47.22246014589826
2005-05-25 05:30:00,28,-2.0,-10.38320287796396,22.28974821846014,-5.0,-47.04983869733089,26.28343294140297,-54.07110938614584,33.304703630217915,3,30,5,6,-67.80159428871728,47.03518853278936
2005-05-25 06:30:00,28,-4.0,-12.380032996993254,22.28974821846014,-6.0,-49.04666881636018,24.28660282237368,-56.06793950517513,31.30787351118862,3,30,5,6,-69.79842440774658,45.038358413760065
2005-05-25 07:30:00,28,-6.0,-7.669222733611065,22.28974821846014,-4.0,-44.335858552978,28.997413085755863,-51.35712924179294,36.01868377457081,3,30,5,6,-65.08761414436438,49.74916867714226
2005-05-25 08:30:00,28,-4.0,-6.454594655544998,22.28974821846014,-3.0,-43.121230474911926,30.212041163821933,-50.14250116372688,37.23331185263688,3,30,5,6,-63.872986066298324,50.96379675520832
2013-09-23 15:30:00,34,1.0,-1.5451561014851478,22.28974821846014,-2.0,-38.21179192085208,35.12147971788178,-45.23306260966702,42.14275040669673,3,30,5,6,-58.96354751223847,55.873235309268175
2013-09-23 16:30:00,34,5.0,-0.8445433317531581,22.28974821846014,-1.0,-37.51117915112009,35.82209248761377,-44.53244983993503,42.84336317642872,3,30,5,6,-58.26293474250648,56.573848079000165
2013-09-23 17:30:00,34,8.0,-0.569926786568594,22.28974821846014,-2.0,-37.236562605935525,36.09670903279834,-44.25783329475047,43.11797972161328,3,30,5,6,-57.98831819732192,56.84846462418473
2013-09-23 18:30:00,34,8.0,-0.4913844877659059,22.28974821846014,-4.0,-37.15802030713284,36.17525133160103,-44.17929099594778,43.19652202041597,3,30,5,6,-57.90977589851923,56.92700692298742
2013-09-23 19:30:00,34,7.0,0.0354566172777452,22.28974821846014,-6.0,-36.63117920208919,36.70209243664468,-43.65244989090413,43.72336312545962,3,30,5,6,-57.38293479347558,57.45384802803107
2013-09-23 20:30:00,34,4.0,0.1493858401218233,22.28974821846014,-4.0,-36.51724997924511,36.816021659488754,-43.53852066806005,43.8372923483037,3,30,5,6,-57.2690055706315,57.567777250875146
2013-09-23 21:30:00,34,1.0,-2.0793911285203777,22.28974821846014,1.0,-38.74602694788731,34.58724469084655,-45.76729763670225,41.6085153796615,3,30,5,6,-59.4977825392737,55.339000282232945
2013-09-23 22:30:00,34,-2.0,-3.607139721357868,22.28974821846014,5.0,-40.2737755407248,33.05949609800906,-47.29504622953974,40.08076678682401,3,30,5,6,-61.02553113211119,53.811251689395455
2013-09-23 23:30:00,34,-7.0,-2.51886555465898,22.28974821846014,8.0,-39.18550137402591,34.14777026470795,-46.206772062840855,41.169040953522895,3,30,5,6,-59.9372569654123,54.89952585609434
2013-09-24 00:30:00,34,-7.0,-3.6174622163735606,22.28974821846014,8.0,-40.28409803574049,33.04917360299337,-47.30536872455544,40.07044429180832,3,30,5,6,-61.03585362712688,53.80092919437976
2013-09-24 01:30:00,34,-8.0,-3.7609357150970553,22.28974821846014,7.0,-40.42757153446399,32.90570010426988,-47.44884222327893,39.92697079308482,3,30,5,6,-61.17932712585038,53.65745569565627
2013-09-24 02:30:00,34,-8.0,-4.288161014126548,22.28974821846014,4.0,-40.95479683349348,32.37847480524039,-47.976067522308426,39.39974549405533,3,30,5,6,-61.706552424879874,53.13023039662677
2013-09-24 03:30:00,34,-4.0,-6.270483581640342,22.28974821846014,1.0,-42.93711940100727,30.39615223772659,-49.95839008982222,37.41742292654153,3,30,5,6,-63.688874992393664,51.14790782911298
2013-09-24 04:30:00,34,-2.0,-8.315765636543855,22.28974821846014,-2.0,-44.98240145591079,28.35087018282308,-52.003672144725726,35.372140871638024,3,30,5,6,-65.73415704729717,49.10262577420947
2013-09-24 05:30:00,34,1.0,-11.020636275697978,22.28974821846014,-7.0,-47.68727209506491,25.64599954366896,-54.70854278387985,32.6672702324839,3,30,5,6,-68.4390276864513,46.39775513505535
2013-09-24 06:30:00,34,2.0,-10.435878531368008,22.28974821846014,-7.0,-47.102514350734936,26.230757287998923,-54.12378503954989,33.252027976813864,3,30,5,6,-67.85426994212133,46.98251287938531
2013-09-24 07:30:00,34,4.0,-9.316839850029655,22.28974821846014,-8.0,-45.98347566939658,27.34979596933728,-53.004746358211534,34.371066658152216,3,30,5,6,-66.73523126078298,48.101551560723664
2013-09-24 08:30:00,34,8.0,-7.260875269268375,22.28974821846014,-8.0,-43.927511088635306,29.40576055009856,-50.94878177745025,36.4270312389135,3,30,5,6,-64.6792666800217,50.15751614148495
2013-09-24 09:30:00,34,15.0,-4.4098949324061785,22.28974821846014,-4.0,-41.07653075177311,32.25674088696076,-48.09780144058806,39.27801157577569,3,30,5,6,-61.828286343159505,53.00849647834714
2013-09-24 10:30:00,34,10.0,-0.5435406335790489,22.28974821846014,-2.0,-37.21017645294598,36.12309518578788,-44.23144714176093,43.144365874602826,3,30,5,6,-57.96193204433237,56.874850777174274
2013-09-24 11:30:00,34,-11.0,1.6391596362208745,22.28974821846014,1.0,-35.02747618314606,38.305795455587806,-42.048746871961,45.32706614440275,3,30,5,6,-55.77923177453245,59.0575510469742
2013-09-24 12:30:00,34,-22.0,1.9973347488533904,22.28974821846014,2.0,-34.66930107051354,38.66397056822032,-41.690571759328485,45.68524125703527,3,30,5,6,-55.42105666189993,59.41572615960671
2013-09-24 13:30:00,34,-11.0,3.0341293377645187,22.28974821846014,4.0,-33.63250648160241,39.70076515713145,-40.65377717041736,46.7220358459464,3,30,5,6,-54.384262072988804,60.45252074851784
2013-09-24 14:30:00,34,-19.0,4.0340316387777975,22.28974821846014,8.0,-32.632604180589134,40.70066745814473,-39.65387486940408,47.72193814695967,3,30,5,6,-53.384359771975525,61.45242304953112
2013-09-24 15:30:00,34,-18.0,3.2896159220316576,22.28974821846014,15.0,-33.37701989733527,39.95625174139859,-40.39829058615022,46.97752243021353,3,30,5,6,-54.128775488721665,60.70800733278498
2013-09-24 16:30:00,34,-17.0,-0.6994025761099962,22.28974821846014,10.0,-37.36603839547693,35.967233243256935,-44.38730908429187,42.98850393207188,3,30,5,6,-58.11779398686332,56.718988834643326
2013-09-24 17:30:00,34,-11.0,-12.424022000214386,22.28974821846014,-11.0,-49.09065781958132,24.242613819152545,-56.11192850839626,31.26388450796749,3,30,5,6,-69.84241341096771,44.99436941053894
2013-09-24 18:30:00,34,-8.0,-25.64119096155764,22.28974821846014,-22.0,-62.30782678092457,11.02544485780929,-69.32909746973951,18.046715546624235,3,30,5,6,-83.05958237231096,31.777200449195682
2013-09-24 19:30:00,34,-9.0,-22.96838541825604,22.28974821846014,-11.0,-59.63502123762297,13.69825040111089,-66.65629192643792,20.71952108992584,3,30,5,6,-80.38677682900936,34.45000599249728
2013-09-24 20:30:00,34,-13.0,-22.647603978754454,22.28974821846014,-19.0,-59.314239798121385,14.019031840612476,-66.33551048693633,21.04030252942742,3,30,5,6,-80.06599538950778,34.77078743199887
2013-09-24 21:30:00,34,-19.0,-18.904249746940152,22.28974821846014,-18.0,-55.57088556630708,17.76238607242678,-62.59215625512203,24.783656761241723,3,30,5,6,-76.32264115769348,38.51414166381317
2013-09-24 22:30:00,34,-23.0,-14.045857042237513,22.28974821846014,-17.0,-50.712492861604446,22.62077877712942,-57.73376355041938,29.642049465944364,3,30,5,6,-71.46424845299083,43.37253436851581
2013-09-24 23:30:00,34,-22.0,-9.87273230281996,22.28974821846014,-11.0,-46.539368122186886,26.793903516546973,-53.56063881100184,33.81517420536191,3,30,5,6,-67.29112371357328,47.54565910793336
2013-09-25 00:30:00,34,-19.0,-7.648901529706109,22.28974821846014,-8.0,-44.31553734907304,29.017734289660822,-51.336808037887984,36.03900497847577,3,30,5,6,-65.06729294045942,49.769489881047214
2013-09-25 01:30:00,34,-13.0,-5.766715862576284,22.28974821846014,-9.0,-42.433351681943215,30.899919956790647,-49.45462237075816,37.92119064560559,3,30,5,6,-63.185107273329606,51.65167554817704
2013-09-25 02:30:00,34,-11.0,-8.921228778764618,22.28974821846014,-13.0,-45.587864598131546,27.74540704060232,-52.6091352869465,34.76667772941725,3,30,5,6,-66.33962018951794,48.4971626319887
2013-09-25 03:30:00,34,-8.0,-12.542068622755735,22.28974821846014,-19.0,-49.20870444212267,24.1245671966112,-56.22997513093761,31.14583788542614,3,30,5,6,-69.96046003350907,44.87632278799759
2013-09-25 04:30:00,34,-9.0,-17.915353757911067,22.28974821846014,-23.0,-54.581989577278,18.751282061455864,-61.60326026609295,25.77255275027081,3,30,5,6,-75.3337451686644,39.50303765284225
2013-09-25 05:30:00,34,-10.0,-18.2899441022592,22.28974821846014,-22.0,-54.95657992162613,18.37669171710773,-61.977850610441074,25.39796240592268,3,30,5,6,-75.70833551301251,39.128447308494124
2013-09-25 06:30:00,34,-9.0,-16.848070114199377,22.28974821846014,-19.0,-53.514705933566304,19.81856570516756,-60.535976622381256,26.83983639398249,3,30,5,6,-74.2664615249527,40.57032129655394
2013-09-25 07:30:00,34,-11.0,-15.174371300402656,22.28974821846014,-13.0,-51.84100711976959,21.49226451896428,-58.86227780858453,28.51353520777922,3,30,5,6,-72.59276271115598,42.24402011035067
2013-09-25 08:30:00,34,-10.0,-13.479175745756889,22.28974821846014,-11.0,-50.14581156512382,23.187460073610044,-57.16708225393876,30.208730762424988,3,30,5,6,-70.8975671565102,43.93921566499643
2013-09-25 09:30:00,34,-10.0,-10.76885148505538,22.28974821846014,-8.0,-47.43548730442231,25.897784334311552,-54.45675799323725,32.9190550231265,3,30,5,6,-68.18724289580871,46.649539925697944
2013-09-25 10:30:00,34,-9.0,-10.255048812386413,22.28974821846014,-9.0,-46.921684631753344,26.41158700698052,-53.94295532056829,33.43285769579546,3,30,5,6,-67.67344022313974,47.16334259836691
2013-09-25 11:30:00,34,-8.0,-11.476512643823124,22.28974821846014,-10.0,-48.14314846319006,25.190123175543807,-55.164419152005,32.211393864358755,3,30,5,6,-68.89490405457644,45.9418787669302
2013-09-25 12:30:00,34,-8.0,-13.136003529087017,22.28974821846014,-9.0,-49.80263934845395,23.530632290279915,-56.82391003726889,30.55190297909486,3,30,5,6,-70.55439493984034,44.28238788166631
2013-09-25 13:30:00,34,-6.0,-13.90565040055082,22.28974821846014,-11.0,-50.57228621991775,22.760985418816112,-57.59355690873269,29.782256107631056,3,30,5,6,-71.32404181130414,43.512741010202504
2013-09-25 14:30:00,34,-4.0,-12.872886224019418,22.28974821846014,-10.0,-49.53952204338635,23.79374959534752,-56.56079273220129,30.815020284162458,3,30,5,6,-70.29127763477274,44.545505186733905
2013-09-25 15:30:00,34,-3.0,-12.374241091433184,22.28974821846014,-10.0,-49.04087691080012,24.292394727933747,-56.06214759961506,31.31366541674869,3,30,5,6,-69.7926325021865,45.04415031932014
2013-09-25 16:30:00,34,0.0,-11.147889056013152,22.28974821846014,-9.0,-47.81452487538009,25.51874676335378,-54.835795564195024,32.540017452168726,3,30,5,6,-68.56628046676647,46.270502354740174
2013-09-25 17:30:00,34,2.0,-10.127827444158132,22.28974821846014,-8.0,-46.79446326352506,26.5388083752088,-53.81573395234001,33.56007906402374,3,30,5,6,-67.54621885491146,47.29056396659519
2013-09-25 18:30:00,34,2.0,-9.7097857265376,22.28974821846014,-8.0,-46.376421545904535,26.95685009282933,-53.39769223471947,33.97812078164428,3,30,5,6,-67.12817713729092,47.708605684215726
2013-09-25 19:30:00,34,-1.0,-10.090244090348657,22.28974821846014,-6.0,-46.75687990971559,26.57639172901828,-53.77815059853053,33.59766241783322,3,30,5,6,-67.50863550110198,47.32814732040467
2013-09-25 20:30:00,34,-5.0,-10.394146365774372,22.28974821846014,-4.0,-47.060782185141306,26.27248945359256,-54.08205287395624,33.29376014240751,3,30,5,6,-67.81253777652769,47.024245044978954
2013-09-25 21:30:00,34,-5.0,-9.345487673275452,22.28974821846014,-3.0,-46.01212349264239,27.32114814609148,-53.033394181457325,34.342418834906425,3,30,5,6,-66.76387908402877,48.07290373747787
2013-09-25 22:30:00,34,-8.0,-8.22757016180772,22.28974821846014,0.0,-44.89420598117465,28.43906565755921,-51.9154766699896,35.46033634637416,3,30,5,6,-65.64596157256105,49.1908212489456
2013-09-25 23:30:00,34,-11.0,-7.542182588961005,22.28974821846014,2.0,-44.208818408327936,29.124453230405926,-51.23008909714288,36.14572391922087,3,30,5,6,-64.96057399971433,49.87620882179232
2013-09-26 00:30:00,34,-12.0,-6.786540675622426,22.28974821846014,2.0,-43.45317649498936,29.880095143744505,-50.4744471838043,36.90136583255945,3,30,5,6,-64.20493208637575,50.6318507351309
2013-09-26 01:30:00,34,-8.0,-6.863058102977746,22.28974821846014,-1.0,-43.52969392234468,29.803577716389185,-50.55096461115962,36.82484840520413,3,30,5,6,-64.28144951373108,50.55533330777558
2013-09-26 02:30:00,34,-4.0,-8.432043516961727,22.28974821846014,-5.0,-45.09867933632866,28.234592302405204,-52.1199500251436,35.25586299122015,3,30,5,6,-65.85043492771504,48.986347893791596
2013-09-26 03:30:00,34,-3.0,-8.063048148551992,22.28974821846014,-5.0,-44.72968396791892,28.60358767081494,-51.75095465673387,35.62485835962988,3,30,5,6,-65.48143955930531,49.35534326220133
2013-09-26 04:30:00,34,-3.0,-8.593139196431814,22.28974821846014,-8.0,-45.259775015798745,28.07349662293512,-52.28104570461369,35.09476731175006,3,30,5,6,-66.01153060718514,48.82525221432151
2013-09-26 05:30:00,34,-3.0,-9.89320090190187,22.28974821846014,-11.0,-46.5598367212688,26.77343491746506,-53.58110741008375,33.794705606280004,3,30,5,6,-67.3115923126552,47.52519050885145
2013-09-26 06:30:00,34,-2.0,-10.84372098600604,22.28974821846014,-12.0,-47.51035680537297,25.82291483336089,-54.53162749418792,32.844185522175835,3,30,5,6,-68.26211239675936,46.57467042474728
2013-09-26 07:30:00,34,-1.0,-9.343859077385805,22.28974821846014,-8.0,-46.01049489675273,27.322776741981126,-53.03176558556768,34.34404743079607,3,30,5,6,-66.76225048813913,48.074532333367515
2013-09-26 08:30:00,34,-2.0,-6.4950993334354585,22.28974821846014,-4.0,-43.16173515280239,30.17153648593148,-50.18300584161733,37.19280717474642,3,30,5,6,-63.91349074418878,50.92329207731787
2013-09-26 09:30:00,34,-2.0,-4.564128279047484,22.28974821846014,-3.0,-41.23076409841441,32.10250754031945,-48.25203478722936,39.12377822913439,3,30,5,6,-61.98251968980081,52.854263131705835
2013-09-26 10:30:00,34,-2.0,-4.09587554868676,22.28974821846014,-3.0,-40.762511368053694,32.57076027068017,-47.78378205686863,39.59203095949512,3,30,5,6,-61.514266959440086,53.32251586206656
2013-09-26 11:30:00,34,0.0,-3.733829500423358,22.28974821846014,-3.0,-40.400465319790285,32.93280631894358,-47.42173600860524,39.954077007758514,3,30,5,6,-61.152220911176684,53.68456191032996
2013-09-26 12:30:00,34,2.0,-3.582476400518644,22.28974821846014,-2.0,-40.249112219885575,33.08415941884829,-47.27038290870052,40.10543010766323,3,30,5,6,-61.000867811271966,53.83591501023468
2013-09-26 13:30:00,34,3.0,-2.681157309745352,22.28974821846014,-1.0,-39.34779312911228,33.98547850962158,-46.36906381792723,41.00674919843652,3,30,5,6,-60.099548720498674,54.73723410100797
2013-09-26 14:30:00,34,3.0,-2.2526722813903106,22.28974821846014,-2.0,-38.91930810075724,34.41396353797662,-45.940578789572186,41.435234226791565,3,30,5,6,-59.67106369214363,55.16571912936301
2013-09-26 15:30:00,34,1.0,-2.689440435427421,22.28974821846014,-2.0,-39.35607625479435,33.97719538393951,-46.3773469436093,40.99846607275445,3,30,5,6,-60.107831846180744,54.7289509753259
2013-09-26 16:30:00,34,-1.0,-2.8313505787494293,22.28974821846014,-2.0,-39.49798639811636,33.8352852406175,-46.5192570869313,40.856555929432446,3,30,5,6,-60.24974198950275,54.58704083200389
2013-09-26 17:30:00,34,-3.0,-2.150481513786456,22.28974821846014,0.0,-38.81711733315339,34.51615430558047,-45.83838802196833,41.53742499439542,3,30,5,6,-59.568872924539775,55.26790989696687
2013-09-26 18:30:00,34,-1.0,-1.7586084808616036,22.28974821846014,2.0,-38.425244300228535,34.90802733850533,-45.44651498904348,41.92929802732027,3,30,5,6,-59.176999891614926,55.65978292989172
2013-09-26 19:30:00,34,-2.0,-1.4202519787437635,22.28974821846014,3.0,-38.086887798110695,35.24638384062317,-45.10815848692564,42.26765452943811,3,30,5,6,-58.838643389497086,55.99813943200956
2013-09-26 20:30:00,34,-3.0,-0.3498537058009887,22.28974821846014,3.0,-37.01648952516792,36.31678211356594,-44.037760213982864,43.338052802380886,3,30,5,6,-57.76824511655431,57.068537704952334
2013-09-26 21:30:00,34,-3.0,-0.3095060883449818,22.28974821846014,1.0,-36.97614190771191,36.35712973102195,-43.99741259652686,43.37840041983689,3,30,5,6,-57.727897499098304,57.10888532240834
2013-09-26 22:30:00,34,-1.0,-1.3211613424847428,22.28974821846014,-1.0,-37.98779716185168,35.34547447688219,-45.00906785066662,42.36674516569713,3,30,5,6,-58.739552753238065,56.09723006826858
2013-09-26 23:30:00,34,2.0,-2.523478298803401,22.28974821846014,-3.0,-39.19011411817033,34.143157520563534,-46.21138480698528,41.16442820937847,3,30,5,6,-59.94186970955673,54.89491311194992
2013-09-27 00:30:00,34,5.0,-2.630579017219961,22.28974821846014,-1.0,-39.29721483658689,34.03605680214697,-46.31848552540184,41.05732749096191,3,30,5,6,-60.04897042797328,54.787812393533365
2013-09-27 01:30:00,34,6.0,-3.754170034843323,22.28974821846014,-2.0,-40.42080585421026,32.912465784523604,-47.4420765430252,39.93373647333856,3,30,5,6,-61.17256144559664,53.66422137591
2013-09-27 02:30:00,34,6.0,-4.010487831255922,22.28974821846014,-3.0,-40.67712365062285,32.65614798811101,-47.6983943394378,39.67741867692595,3,30,5,6,-61.428879242009245,53.4079035794974
2013-09-27 03:30:00,34,5.0,-4.106362353080044,22.28974821846014,-3.0,-40.772998172446975,32.56027346628689,-47.79426886126192,39.58154415510183,3,30,5,6,-61.52475376383337,53.31202905767328
2013-09-27 04:30:00,34,5.0,-2.8065205322182365,22.28974821846014,-1.0,-39.47315635158517,33.860115287148695,-46.49442704040011,40.88138597596364,3,30,5,6,-60.22491194297156,54.611870878535086
2013-09-27 05:30:00,34,7.0,-0.6800817263568391,22.28974821846014,2.0,-37.34671754572377,35.98655409301009,-44.36798823453872,43.00782478182504,3,30,5,6,-58.09847313711016,56.738309684396484
2013-09-27 06:30:00,34,6.0,1.5908647607811162,22.28974821846014,5.0,-35.075771058585815,38.25750058014805,-42.09704174740076,45.27877126896299,3,30,5,6,-55.82752664997221,59.00925617153444
2013-09-27 07:30:00,34,5.0,2.522018085158983,22.28974821846014,6.0,-34.14461773420795,39.18865390452592,-41.16588842302289,46.20992459334086,3,30,5,6,-54.89637332559434,59.940409495912306
2013-09-27 08:30:00,34,4.0,3.0550328734341647,22.28974821846014,6.0,-33.611602945932766,39.721668692801096,-40.63287363474771,46.74293938161604,3,30,5,6,-54.36335853731916,60.47342428418749
2013-09-27 09:30:00,34,4.0,2.7410956444035435,22.28974821846014,5.0,-33.92554017496339,39.40773146377048,-40.94681086377833,46.42900215258542,3,30,5,6,-54.67729576634978,60.159487055156866
2013-09-27 10:30:00,34,4.0,2.786517522049841,22.28974821846014,5.0,-33.88011829731709,39.45315334141677,-40.901388986132034,46.47442403023172,3,30,5,6,-54.63187388870348,60.204908932803164
2013-09-27 11:30:00,34,4.0,1.821301413908813,22.28974821846014,7.0,-34.84533440545812,38.487937233275744,-41.86660509427306,45.50920792209069,3,30,5,6,-55.59708999684451,59.239692824662136
2013-09-27 12:30:00,34,4.0,1.1527289728070045,22.28974821846014,6.0,-35.51390684655993,37.819364792173936,-42.53517753537487,44.84063548098888,3,30,5,6,-56.26566243794632,58.57112038356033
2013-09-27 13:30:00,34,2.0,1.038671685300976,22.28974821846014,5.0,-35.627964134065955,37.70530750466791,-42.6492348228809,44.72657819348285,3,30,5,6,-56.37971972545235,58.4570630960543
2013-09-27 14:30:00,34,2.0,1.0834073296643965,22.28974821846014,4.0,-35.583228489702535,37.75004314903133,-42.60449917851748,44.77131383784627,3,30,5,6,-56.334984081088926,58.50179874041772
2013-09-27 15:30:00,34,3.0,1.5796941394193311,22.28974821846014,4.0,-35.0869416799476,38.24632995878626,-42.108212368762544,45.267600647601206,3,30,5,6,-55.83869727133399,58.998085550172654
2013-09-27 16:30:00,34,4.0,1.9582581127593457,22.28974821846014,4.0,-34.708377706607585,38.62489393212628,-41.72964839542253,45.64616462094122,3,30,5,6,-55.46013329799398,59.37664952351267
2013-09-27 17:30:00,34,1.0,2.3648899938948347,22.28974821846014,4.0,-34.301745825472096,39.031525813261766,-41.32301651428704,46.05279650207671,3,30,5,6,-55.05350141685849,59.78328140464816
2013-09-27 18:30:00,34,2.0,1.952260820477285,22.28974821846014,4.0,-34.714374998889646,38.618896639844216,-41.73564568770459,45.64016732865916,3,30,5,6,-55.46613059027604,59.37065223123061
2013-09-27 19:30:00,34,3.0,0.4538946104559969,22.28974821846014,2.0,-36.21274120891093,37.12053042982293,-43.23401189772588,44.14180111863787,3,30,5,6,-56.964496800297326,57.87228602120932
2013-09-27 20:30:00,34,2.0,-1.246301506791589,22.28974821846014,2.0,-37.91293732615852,35.42033431257534,-44.93420801497346,42.441605001390286,3,30,5,6,-58.66469291754491,56.172089903961734
2013-09-27 21:30:00,34,2.0,-2.071980292328167,22.28974821846014,3.0,-38.73861611169509,34.59465552703877,-45.759886800510046,41.615926215853705,3,30,5,6,-59.49037170308149,55.34641111842515
2013-09-27 22:30:00,34,3.0,-2.527310573404261,22.28974821846014,4.0,-39.1939463927712,34.13932524596267,-46.21521708158613,41.16059593477762,3,30,5,6,-59.94570198415758,54.891080837349065
2013-09-27 23:30:00,34,3.0,-3.1044279316762697,22.28974821846014,1.0,-39.7710637510432,33.56220788769066,-46.79233443985815,40.583478576505605,3,30,5,6,-60.52281934242959,54.31396347907705
2013-09-28 00:30:00,34,5.0,-2.722483534523768,22.28974821846014,2.0,-39.3891193538907,33.94415228484316,-46.41039004270564,40.96542297365811,3,30,5,6,-60.14087494527709,54.695907876229555
2013-09-28 01:30:00,34,7.0,-0.557490016473615,22.28974821846014,3.0,-37.22412583584055,36.10914580289332,-44.24539652465549,43.13041649170826,3,30,5,6,-57.97588142722694,56.86090139427971
2013-09-28 02:30:00,34,6.0,-1.1229486578798171,22.28974821846014,2.0,-37.78958447724675,35.543687161487114,-44.81085516606169,42.56495785030206,3,30,5,6,-58.54134006863314,56.295442752873505
2013-09-28 03:30:00,34,3.0,-1.0613398902264637,22.28974821846014,2.0,-37.7279757095934,35.60529592914047,-44.74924639840834,42.62656661795541,3,30,5,6,-58.479731300979786,56.35705152052686
2013-09-28 04:30:00,34,1.0,-0.0871810025786317,22.28974821846014,3.0,-36.75381682194556,36.5794548167883,-43.77508751076051,43.60072550560324,3,30,5,6,-57.505572413331954,57.33121040817469
2013-09-28 05:30:00,34,1.0,1.5013089010511038,22.28974821846014,3.0,-35.16532691831583,38.16794472041804,-42.18659760713077,45.18921540923298,3,30,5,6,-55.91708250970222,58.91970031180443
2013-09-28 06:30:00,34,1.0,2.457391340849597,22.28974821846014,5.0,-34.209244478517334,39.12402716021653,-41.23051516733228,46.14529784903147,3,30,5,6,-54.961000069903726,59.87578275160292
2013-09-28 07:30:00,34,1.0,2.4689751519697296,22.28974821846014,7.0,-34.1976606673972,39.13561097133666,-41.21893135621215,46.156881660151605,3,30,5,6,-54.94941625878359,59.88736656272305
2013-09-28 08:30:00,34,0.0,3.167896501638282,22.28974821846014,6.0,-33.49873931772865,39.83453232100521,-40.52001000654359,46.85580300982016,3,30,5,6,-54.25049490911504,60.586287912391604
2013-09-28 09:30:00,34,0.0,3.011510218887665,22.28974821846014,3.0,-33.655125600479266,39.6781460382546,-40.67639628929421,46.69941672706954,3,30,5,6,-54.40688119186566,60.42990162964099
2013-09-28 10:30:00,34,0.0,3.359208192384408,22.28974821846014,1.0,-33.30742762698252,40.02584401175134,-40.32869831579747,47.04711470056628,3,30,5,6,-54.059183218368915,60.77759960313773
2013-09-28 11:30:00,34,1.0,2.811494963757994,22.28974821846014,1.0,-33.85514085560894,39.478130783124925,-40.87641154442388,46.49940147193987,3,30,5,6,-54.60689644699533,60.22988637451132
2013-09-28 12:30:00,34,0.0,2.0705635723425218,22.28974821846014,1.0,-34.59607224702441,38.73719939170945,-41.61734293583935,45.7584700805244,3,30,5,6,-55.3478278384108,59.488954983095844
2013-09-28 13:30:00,34,0.0,2.309184282262862,22.28974821846014,1.0,-34.35745153710407,38.97582010162979,-41.37872222591901,45.99709079044474,3,30,5,6,-55.10920712849046,59.727575693016185
2013-09-28 14:30:00,34,1.0,1.915035081195505,22.28974821846014,0.0,-34.751600738171426,38.58167090056244,-41.77287142698637,45.60294158937738,3,30,5,6,-55.50335632955782,59.33342649194883
2013-09-28 15:30:00,34,3.0,0.5548240619554079,22.28974821846014,0.0,-36.11181175741152,37.22145988132234,-43.13308244622647,44.24273057013728,3,30,5,6,-56.863567348797915,57.97321547270873
2013-09-28 16:30:00,34,4.0,0.8531567327436775,22.28974821846014,0.0,-35.81347908662325,37.51979255211061,-42.8347497754382,44.54106324092555,3,30,5,6,-56.565234678009645,58.271548143497
2013-09-28 17:30:00,34,3.0,1.551312110754928,22.28974821846014,1.0,-35.115323708612,38.21794793012186,-42.13659439742695,45.2392186189368,3,30,5,6,-55.867079299998395,58.96970352150825
2013-09-28 18:30:00,34,3.0,1.2932159069613505,22.28974821846014,0.0,-35.37341991240558,37.95985172632828,-42.394690601220525,44.981122415143226,3,30,5,6,-56.12517550379197,58.71160731771467
2013-09-28 19:30:00,34,2.0,0.6259506919371276,22.28974821846014,0.0,-36.0406851274298,37.29258651130406,-43.06195581624475,44.313857200119,3,30,5,6,-56.792440718816195,58.04434210269045
2013-09-28 20:30:00,34,3.0,0.4032994037299744,22.28974821846014,1.0,-36.26333641563696,37.069935223096905,-43.2846071044519,44.09120591191185,3,30,5,6,-57.01509200702335,57.8216908144833
2013-09-28 21:30:00,34,6.0,0.7594037349419764,22.28974821846014,3.0,-35.907232084424955,37.42603955430891,-42.9285027732399,44.44731024312385,3,30,5,6,-56.658987675811346,58.1777951456953
2013-09-28 22:30:00,34,7.0,1.112630235731764,22.28974821846014,4.0,-35.55400558363517,37.779266055098695,-42.57527627245011,44.80053674391364,3,30,5,6,-56.30576117502156,58.53102164648509
2013-09-28 23:30:00,34,6.0,0.5783855434390262,22.28974821846014,3.0,-36.08825027592791,37.24502136280596,-43.10952096474285,44.2662920516209,3,30,5,6,-56.8400058673143,57.99677695419235
2013-09-29 00:30:00,34,7.0,0.1076826703007043,22.28974821846014,3.0,-36.55895314906623,36.77431848966764,-43.58022383788117,43.79558917848258,3,30,5,6,-57.31070874045262,57.52607408105403
2013-09-29 01:30:00,34,8.0,-0.0657072167161629,22.28974821846014,2.0,-36.73234303608309,36.60092860265077,-43.75361372489804,43.62219929146571,3,30,5,6,-57.484098627469486,57.35268419403716
2013-09-29 02:30:00,34,8.0,0.5504988592217686,22.28974821846014,3.0,-36.11613696014516,37.2171346785887,-43.13740764896011,44.23840536740365,3,30,5,6,-56.867892551531554,57.96889026997509
2013-09-29 03:30:00,34,6.0,1.3900497055928724,22.28974821846014,6.0,-35.27658611377406,38.0566855249598,-42.297856802589,45.07795621377475,3,30,5,6,-56.02834170516045,58.808441116346195
2013-09-29 04:30:00,34,3.0,2.83818798867334,22.28974821846014,7.0,-33.82844783069359,39.50482380804027,-40.849718519508535,46.526094496855215,3,30,5,6,-54.58020342207998,60.25657939942666
2013-09-29 05:30:00,34,3.0,2.537680634946369,22.28974821846014,6.0,-34.12895518442056,39.2043164543133,-41.15022587323551,46.22558714312824,3,30,5,6,-54.88071077580695,59.95607204569969
2013-09-29 06:30:00,34,4.0,3.2138233889892334,22.28974821846014,7.0,-33.4528124303777,39.88045920835616,-40.47408311919264,46.90172989717111,3,30,5,6,-54.20456802176409,60.632214799742556
2013-09-29 07:30:00,34,5.0,3.8999165256338335,22.28974821846014,8.0,-32.7667192937331,40.566552345000765,-39.78798998254804,47.58782303381571,3,30,5,6,-53.51847488511949,61.31830793638716
2013-09-29 08:30:00,34,6.0,3.909634942055448,22.28974821846014,8.0,-32.757000877311484,40.57627076142238,-39.77827156612643,47.59754145023732,3,30,5,6,-53.508756468697875,61.32802635280877
2013-09-29 09:30:00,34,8.0,3.0796212885277257,22.28974821846014,6.0,-33.587014530839205,39.74625710789466,-40.60828521965415,46.7675277967096,3,30,5,6,-54.3387701222256,60.49801269928105
2013-09-29 10:30:00,34,9.0,1.1277418658413438,22.28974821846014,3.0,-35.53889395352559,37.79437768520828,-42.56016464234053,44.81564837402322,3,30,5,6,-56.29064954491198,58.54613327659467
2013-09-29 11:30:00,34,7.0,0.9943975569834363,22.28974821846014,3.0,-35.672238262383495,37.66103337635037,-42.69350895119844,44.68230406516531,3,30,5,6,-56.423993853769886,58.41278896773676
2013-09-29 12:30:00,34,7.0,1.2392547743090887,22.28974821846014,4.0,-35.42738104505784,37.90589059367602,-42.44865173387279,44.92716128249096,3,30,5,6,-56.179136636444234,58.65764618506241
2013-09-29 13:30:00,34,5.0,2.0240471042837456,22.28974821846014,5.0,-34.642588715083185,38.69068292365068,-41.66385940389813,45.71195361246562,3,30,5,6,-55.39434430646958,59.44243851503707
2013-09-29 14:30:00,34,6.0,3.5468108405628627,22.28974821846014,6.0,-33.11982497880407,40.213446659929794,-40.14109566761901,47.23471734874474,3,30,5,6,-53.87158057019046,60.965202251316185
2013-09-29 15:30:00,34,8.0,3.724970532158608,22.28974821846014,8.0,-32.94166528720832,40.39160635152554,-39.96293597602327,47.41287704034048,3,30,5,6,-53.693420878594715,61.14336194291193
2013-09-29 16:30:00,34,9.0,3.3015162703350924,22.28974821846014,9.0,-33.36511954903184,39.96815208970202,-40.38639023784678,46.98942277851697,3,30,5,6,-54.11687514041823,60.719907681088415
2013-09-29 17:30:00,34,8.0,2.033477979294574,22.28974821846014,7.0,-34.63315784007236,38.70011379866151,-41.6544285288873,45.72138448747645,3,30,5,6,-55.38491343145875,59.4518693900479
2013-09-29 18:30:00,34,8.0,2.4940806583398256,22.28974821846014,7.0,-34.172555161027105,39.16071647770676,-41.19382584984205,46.1819871665217,3,30,5,6,-54.9243107524135,59.91247206909315
2013-09-29 19:30:00,34,10.0,2.1544338443450286,22.28974821846014,5.0,-34.5122019750219,38.82106966371196,-41.53347266383685,45.8423403525269,3,30,5,6,-55.263957566408294,59.57282525509835
2013-09-29 20:30:00,34,14.0,2.7990485284055,22.28974821846014,6.0,-33.86758729096143,39.46568434777243,-40.888857979776375,46.486955036587375,3,30,5,6,-54.61934288234782,60.21743993915882
2013-09-29 21:30:00,34,11.0,4.183833464852903,22.28974821846014,8.0,-32.48280235451403,40.85046928421984,-39.50407304332897,47.87173997303478,3,30,5,6,-53.23455794590042,61.602224875606225
2013-09-29 22:30:00,34,10.0,5.065701224896721,22.28974821846014,9.0,-31.60093459447021,41.73233704426365,-38.62220528328516,48.7536077330786,3,30,5,6,-52.3526901858566,62.48409263565004
2013-09-29 23:30:00,34,11.0,4.545379336040405,22.28974821846014,8.0,-32.121256483326526,41.212015155407336,-39.14252717214147,48.23328584422228,3,30,5,6,-52.87301207471292,61.96377074679373
2013-09-30 00:30:00,34,9.0,4.007515004811921,22.28974821846014,8.0,-32.65912081455501,40.67415082417885,-39.680391503369954,47.6954215129938,3,30,5,6,-53.4108764059414,61.425906415565244
2013-09-30 01:30:00,34,6.0,4.429113537194418,22.28974821846014,10.0,-32.23752228217251,41.09574935656135,-39.25879297098746,48.11702004537629,3,30,5,6,-52.989277873558905,61.84750494794774
2013-09-30 02:30:00,34,8.0,7.443530962157368,22.28974821846014,14.0,-29.223104857209563,44.1101667815243,-36.24437554602451,51.13143747033924,3,30,5,6,-49.974860448595955,64.8619223729107
2013-09-30 03:30:00,34,8.0,7.664778371711876,22.28974821846014,11.0,-29.00185744765505,44.33141419107881,-36.02312813647,51.35268487989375,3,30,5,6,-49.75361303904145,65.0831697824652
2013-09-30 04:30:00,34,8.0,7.397935109875974,22.28974821846014,10.0,-29.26870070949096,44.064570929242905,-36.2899713983059,51.08584161805785,3,30,5,6,-50.02045630087735,64.8163265206293
2013-09-30 05:30:00,34,6.0,7.627813594382744,22.28974821846014,11.0,-29.038822224984187,44.29444941374968,-36.06009291379913,51.31572010256462,3,30,5,6,-49.79057781637058,65.04620500513607
2013-09-30 06:30:00,34,4.0,6.769026469261654,22.28974821846014,9.0,-29.89760935010528,43.435662288628585,-36.91888003892022,50.45693297744353,3,30,5,6,-50.64936494149167,64.18741788001498
2013-09-30 07:30:00,34,6.0,3.1781537561658126,22.28974821846014,6.0,-33.48848206320112,39.84478957553274,-40.50975275201606,46.86606026434769,3,30,5,6,-54.24023765458751,60.596545166919135
2013-09-30 08:30:00,34,7.0,-0.0527799348027855,22.28974821846014,8.0,-36.71941575416972,36.61385588456415,-43.74068644298466,43.63512657337909,3,30,5,6,-57.47117134555611,57.36561147595054
2013-09-30 09:30:00,34,5.0,2.2988110446452694,22.28974821846014,8.0,-34.36782477472166,38.9654468640122,-41.389095463536606,45.986717552827145,3,30,5,6,-55.11958036610805,59.71720245539859
2013-09-30 10:30:00,34,3.0,1.2904661412010796,22.28974821846014,8.0,-35.37616967816585,37.95710196056801,-42.3974403669808,44.97837264938296,3,30,5,6,-56.12792526955224,58.7088575519544
2013-09-30 11:30:00,34,2.0,-0.5740490188946197,22.28974821846014,6.0,-37.24068483826155,36.09258680047231,-44.261955527076495,43.113857489287255,3,30,5,6,-57.99244042964794,56.8443423918587
2013-09-30 12:30:00,34,2.0,2.5086800298016243,22.28974821846014,4.0,-34.15795578956531,39.17531584916856,-41.17922647838025,46.1965865379835,3,30,5,6,-54.9097113809517,59.92707144055495
2013-09-30 13:30:00,34,3.0,6.1742361876411564,22.28974821846014,6.0,-30.49239963172577,42.84087200700809,-37.51367032054072,49.86214269582303,3,30,5,6,-51.244155223112166,63.59262759839448
2013-09-30 14:30:00,34,2.0,4.997665061002323,22.28974821846014,7.0,-31.66897075836461,41.66430088036925,-38.69024144717955,48.6855715691842,3,30,5,6,-52.420726349751,62.416056471755645
2013-09-30 15:30:00,34,2.0,3.467451827500973,22.28974821846014,5.0,-33.19918399186596,40.134087646867904,-40.2204546806809,47.15535833568285,3,30,5,6,-53.95093958325235,60.885843238254296
2013-09-30 16:30:00,34,2.0,4.873497914145723,22.28974821846014,3.0,-31.793137905221208,41.540133733512654,-38.81440859403615,48.5614044223276,3,30,5,6,-52.5448934966076,62.291889324899046
2013-09-30 17:30:00,34,5.0,4.724435480269776,22.28974821846014,2.0,-31.942200339097155,41.39107129963671,-38.9634710279121,48.41234198845165,3,30,5,6,-52.69395593048355,62.1428268910231
2013-09-30 18:30:00,34,8.0,4.131578250150341,22.28974821846014,2.0,-32.53505756921659,40.79821406951727,-39.556328258031535,47.819484758332216,3,30,5,6,-53.28681316060298,61.54996966090366
2013-09-30 19:30:00,34,8.0,4.287106741297357,22.28974821846014,3.0,-32.379529078069574,40.95374256066429,-39.40079976688452,47.97501324947923,3,30,5,6,-53.131284669455965,61.70549815205068
2013-09-30 20:30:00,34,7.0,4.215482350554105,22.28974821846014,2.0,-32.45115346881283,40.88211816992104,-39.47242415762777,47.90338885873598,3,30,5,6,-53.20290906019922,61.63387376130743
2013-09-30 21:30:00,34,8.0,5.159372068009624,22.28974821846014,2.0,-31.507263751357307,41.82600788737656,-38.52853444017225,48.8472785761915,3,30,5,6,-52.2590193427437,62.57776347876295
2013-09-30 22:30:00,34,8.0,3.77037791191865,22.28974821846014,2.0,-32.89625790744828,40.43701373128558,-39.91752859626322,47.458284420100526,3,30,5,6,-53.64801349883467,61.18876932267197
2013-09-30 23:30:00,34,8.0,3.4563536955704777,22.28974821846014,5.0,-33.21028212379645,40.12298951493741,-40.2315528126114,47.14426020375235,3,30,5,6,-53.962037715182845,60.8747451063238
2013-10-01 00:30:00,34,10.0,4.57536096482194,22.28974821846014,8.0,-32.09127485454499,41.24199678418887,-39.112545543359936,48.263267473003815,3,30,5,6,-52.84303044593138,61.99375237557526
2013-10-01 01:30:00,34,12.0,3.5667720136257444,22.28974821846014,8.0,-33.09986380574119,40.23340783299268,-40.12113449455613,47.25467852180762,3,30,5,6,-53.85161939712758,60.98516342437907
2013-10-01 02:30:00,34,13.0,3.622883666072937,22.28974821846014,7.0,-33.043752153293994,40.28951948543987,-40.06502284210894,47.31079017425481,3,30,5,6,-53.795507744680386,61.04127507682626
2013-10-01 03:30:00,34,13.0,3.930961332740957,22.28974821846014,8.0,-32.735674486625975,40.59759715210789,-39.75694517544092,47.61886784092283,3,30,5,6,-53.487430078012366,61.34935274349428
2013-10-01 04:30:00,34,16.0,4.519379793351071,22.28974821846014,8.0,-32.14725602601586,41.186015612718,-39.1685267148308,48.20728630153295,3,30,5,6,-52.89901161740225,61.93777120410439
2013-10-01 05:30:00,34,16.0,5.34270267237072,22.28974821846014,8.0,-31.32393314699621,42.00933849173765,-38.34520383581116,49.0306091805526,3,30,5,6,-52.0756887383826,62.76109408312404
2013-10-01 06:30:00,34,16.0,6.7741732188832415,22.28974821846014,10.0,-29.89246260048369,43.44080903825017,-36.91373328929864,50.46207972706512,3,30,5,6,-50.64421819187008,64.19256462963656
2013-10-01 07:30:00,34,18.0,8.43514288854545,22.28974821846014,12.0,-28.23149293082148,45.10177870791238,-35.252763619636426,52.123049396727325,3,30,5,6,-48.98324852220787,65.85353429929877
2013-10-01 08:30:00,34,16.0,10.668953040033555,22.28974821846014,13.0,-25.99768277933337,47.33558885940049,-33.01895346814832,54.35685954821543,3,30,5,6,-46.749438370719766,68.08734445078687
2013-10-01 09:30:00,34,16.0,10.236708226508938,22.28974821846014,13.0,-26.429927592858,46.90334404587587,-33.45119828167294,53.92461473469081,3,30,5,6,-47.181683184244385,67.65509963726225
2013-10-01 10:30:00,34,17.0,11.266522083186835,22.28974821846014,16.0,-25.400113736180096,47.933157902553766,-32.42138442499504,54.95442859136871,3,30,5,6,-46.15186932756649,68.68491349394016
2013-10-01 11:30:00,34,14.0,9.440107368177143,22.28974821846014,16.0,-27.226528451189782,46.10674318754408,-34.24779914000473,53.12801387635902,3,30,5,6,-47.97828404257618,66.85849877893047
2013-10-01 12:30:00,34,13.0,8.715715648667675,22.28974821846014,16.0,-27.950920170699256,45.38235146803461,-34.9721908595142,52.40362215684955,3,30,5,6,-48.70267576208565,66.134107059421
2013-10-01 13:30:00,34,10.0,9.581553579138898,22.28974821846014,18.0,-27.08508224022804,46.24818939850583,-34.10635292904298,53.26946008732077,3,30,5,6,-47.836837831614424,66.99994498989221
2013-10-01 14:30:00,34,9.0,8.728270818167097,22.28974821846014,16.0,-27.93836500119984,45.39490663753403,-34.95963569001478,52.41617732634897,3,30,5,6,-48.690120592586226,66.14666222892042
2013-10-01 15:30:00,34,3.0,8.929047212325315,22.28974821846014,16.0,-27.737588607041616,45.595683031692246,-34.75885929585656,52.61695372050719,3,30,5,6,-48.48934419842801,66.34743862307863
2013-10-01 16:30:00,34,8.0,8.63406355326265,22.28974821846014,17.0,-28.03257226610428,45.30069937262958,-35.053842954919226,52.32197006144453,3,30,5,6,-48.78432785749067,66.05245496401596
2013-10-01 17:30:00,34,15.0,7.601408110878182,22.28974821846014,14.0,-29.06522770848875,44.26804393024511,-36.08649839730369,51.28931461906006,3,30,5,6,-49.81698329987514,65.01979952163151
2013-10-01 18:30:00,34,15.0,2.12855270106013,22.28974821846014,13.0,-34.5380831183068,38.79518852042706,-41.55935380712175,45.816459209242005,3,30,5,6,-55.28983870969319,59.54694411181345
2013-10-01 19:30:00,34,9.0,-1.297080353410216,22.28974821846014,10.0,-37.96371617277715,35.369555465956715,-44.98498686159209,42.39082615477166,3,30,5,6,-58.71547176416354,56.12131105734311
2013-10-01 20:30:00,34,5.0,-2.684665798219786,22.28974821846014,9.0,-39.35130161758672,33.98197002114715,-46.37257230640167,41.003240709962085,3,30,5,6,-60.10305720897311,54.73372561253353
2013-10-01 21:30:00,34,-2.0,-0.3776679005869496,22.28974821846014,3.0,-37.04430371995388,36.28896791877998,-44.065574408768825,43.310238607594925,3,30,5,6,-57.79605931134027,57.04072351016637
2013-10-01 22:30:00,34,-7.0,6.373949403473787,22.28974821846014,8.0,-30.292686415893144,43.04058522284072,-37.31395710470809,50.06185591165566,3,30,5,6,-51.044442007279535,63.79234081422711
2013-10-01 23:30:00,34,-8.0,7.361081483008149,22.28974821846014,15.0,-29.30555433635878,44.02771730237508,-36.326825025173726,51.048987991190025,3,30,5,6,-50.05730992774517,64.77947289376147
2013-10-02 00:30:00,34,-5.0,5.730252918876317,22.28974821846014,15.0,-30.936382900490614,42.39688873824325,-37.95765358930556,49.41815942705819,3,30,5,6,-51.688138491877005,63.14864432962964
2013-10-02 01:30:00,34,-3.0,2.0213045874666093,22.28974821846014,9.0,-34.64533123190032,38.68794040683354,-41.66660192071527,45.709211095648485,3,30,5,6,-55.39708682328671,59.43969599821993
2013-10-02 02:30:00,34,26.0,-3.369690923910049,22.28974821846014,5.0,-40.03632674327698,33.29694489545688,-47.05759743209192,40.31821558427183,3,30,5,6,-60.78808233466337,54.04870048684327
2013-10-02 03:30:00,34,-10.0,-10.626622388235695,22.28974821846014,-2.0,-47.29325820760263,26.04001343113124,-54.31452889641757,33.06128411994618,3,30,5,6,-68.04501379898902,46.79176902251763
2013-10-02 04:30:00,34,-19.0,-15.70925631600512,22.28974821846014,-7.0,-52.375892135372055,20.95737950336181,-59.39716282418699,27.978650192176755,3,30,5,6,-73.12764772675844,41.709135094748206
2013-10-02 05:30:00,34,-39.0,-16.98334989087273,22.28974821846014,-8.0,-53.64998571023966,19.6832859284942,-60.671256399054606,26.704556617309144,3,30,5,6,-74.40174130162606,40.43504151988059
2013-10-02 06:30:00,34,-68.0,-11.782263399746736,22.28974821846014,-5.0,-48.44889921911367,24.884372419620195,-55.47016990792861,31.90564310843514,3,30,5,6,-69.20065481050005,45.63612801100659
2013-10-02 07:30:00,34,-72.0,-10.254297338615372,22.28974821846014,-3.0,-46.920933157982304,26.41233848075156,-53.94220384679725,33.4336091695665,3,30,5,6,-67.67268874936869,47.16409407213795
2013-10-02 08:30:00,34,-68.0,3.3676266316715484,22.28974821846014,26.0,-33.29900918769538,40.03426245103848,-40.32027987651033,47.055533139853424,3,30,5,6,-54.050764779081774,60.78601804242487
2013-10-02 09:30:00,34,-62.0,-5.3150076367503125,22.28974821846014,-10.0,-41.98164345611724,31.35162818261662,-49.00291414493219,38.37289887143156,3,30,5,6,-62.73339904750364,52.10338377400301
2013-10-02 10:30:00,34,-64.0,-29.581056188577342,22.28974821846014,-19.0,-66.24769200794427,7.085579630789589,-73.26896269675922,14.106850319604533,3,30,5,6,-86.99944759933067,27.83733522217598
2013-10-02 11:30:00,34,-60.0,-54.662270142089525,22.28974821846014,-39.0,-91.32890596145646,-17.995634322722594,-98.3501766502714,-10.97436363390765,3,30,5,6,-112.08066155284286,2.7561212686637973
2013-10-02 12:30:00,34,-64.0,-78.88458219554775,22.28974821846014,-68.0,-115.55121801491468,-42.21794637618082,-122.57248870372962,-35.196675687365875,3,30,5,6,-136.30297360630107,-21.466190784794428
2013-10-02 13:30:00,34,-61.0,-76.82994658769346,22.28974821846014,-72.0,-113.4965824070604,-40.163310768326525,-120.51785309587532,-33.14204007951158,3,30,5,6,-134.24833799844677,-19.411555176940134
2013-10-02 14:30:00,34,-58.0,-56.36132334263711,22.28974821846014,-68.0,-93.02795916200404,-19.694687523270176,-100.049229850819,-12.673416834455232,3,30,5,6,-113.77971475339044,1.057068068116216
2013-10-02 15:30:00,34,-55.0,-48.74724732376045,22.28974821846014,-62.0,-85.41388314312738,-12.080611504393516,-92.43515383194232,-5.059340815578572,3,30,5,6,-106.16563873451378,8.671144086992875
2013-10-02 16:30:00,34,-49.0,-51.24458313744575,22.28974821846014,-64.0,-87.91121895681269,-14.57794731807882,-94.93248964562764,-7.556676629263876,3,30,5,6,-108.66297454819907,6.173808273307571
2013-10-02 17:30:00,34,-43.0,-51.92689595024858,22.28974821846014,-60.0,-88.59353176961551,-15.260260130881647,-95.61480245843046,-8.238989442066703,3,30,5,6,-109.34528736100191,5.491495460504744
2013-10-02 18:30:00,34,-42.0,-53.6166245936179,22.28974821846014,-64.0,-90.28326041298484,-16.94998877425097,-97.30453110179975,-9.928718085436024,3,30,5,6,-111.03501600437122,3.801766817135423
2013-10-02 19:30:00,34,-47.0,-54.67889800947026,22.28974821846014,-61.0,-91.3455338288372,-18.01226219010333,-98.36680451765211,-10.990991501288384,3,30,5,6,-112.09728942022358,2.739493401283063
2013-10-02 20:30:00,34,-50.0,-55.29987388998708,22.28974821846014,-58.0,-91.966509709354,-18.633238070620145,-98.98778039816897,-11.6119673818052,3,30,5,6,-112.7182653007404,2.1185175207662397
2013-10-02 21:30:00,34,-54.0,-55.38360522391294,22.28974821846014,-55.0,-92.05024104327988,-18.71696940454601,-99.07151173209482,-11.695698715731062,3,30,5,6,-112.80199663466627,2.0347861868403854
2013-10-02 22:30:00,34,-53.0,-52.72115419179252,22.28974821846014,-49.0,-89.38779001115945,-16.05451837242559,-96.4090606999744,-9.033247683610648,3,30,5,6,-110.13954560254584,4.697237218960801
2013-10-02 23:30:00,34,-46.0,-47.89057205740428,22.28974821846014,-43.0,-84.5572078767712,-11.223936238037346,-91.57847856558617,-4.202665549222402,3,30,5,6,-105.3089634681576,9.527819353349045
2013-10-03 00:30:00,34,-46.0,-44.93037793520342,22.28974821846014,-42.0,-81.59701375457036,-8.263742115836486,-88.61828444338529,-1.2424714270215418,3,30,5,6,-102.34876934595674,12.488013475549906
2013-10-03 01:30:00,34,-53.0,-46.273750867712046,22.28974821846014,-47.0,-82.94038668707898,-9.607115048345117,-89.96165737589392,-2.5858443595301708,3,30,5,6,-103.69214227846537,11.144640543041277
2013-10-03 02:30:00,34,-53.0,-50.0410314444808,22.28974821846014,-50.0,-86.70766726384772,-13.374395625113864,-93.72893795266268,-6.353124936298919,3,30,5,6,-107.45942285523412,7.377359966272522
2013-10-03 03:30:00,34,-50.0,-52.42276836208797,22.28974821846014,-54.0,-89.08940418145491,-15.75613254272104,-96.11067487026985,-8.734861853906096,3,30,5,6,-109.8411597728413,4.995623048665351
2013-10-03 04:30:00,34,-49.0,-49.90497119826389,22.28974821846014,-53.0,-86.57160701763081,-13.238335378896956,-93.59287770644576,-6.217064690082012,3,30,5,6,-107.32336260901721,7.513420212489436
2013-10-03 05:30:00,34,-48.0,-46.29022892360145,22.28974821846014,-46.0,-82.95686474296838,-9.623593104234516,-89.97813543178333,-2.602322415419572,3,30,5,6,-103.70862033435478,11.128162487151876
2013-10-03 06:30:00,34,-46.0,-44.10581065427995,22.28974821846014,-46.0,-80.77244647364688,-7.439174834913018,-87.79371716246183,-0.4179041460980741,3,30,5,6,-101.52420206503328,13.312580756473373
2013-10-03 07:30:00,34,-45.0,-43.812019446362,22.28974821846014,-53.0,-80.47865526572893,-7.14538362699507,-87.49992595454387,-0.1241129381801258,3,30,5,6,-101.23041085711532,13.606371964391322
2013-10-03 08:30:00,34,-42.0,-44.27596509634691,22.28974821846014,-53.0,-80.94260091571384,-7.609329276979977,-87.96387160452878,-0.5880585881650333,3,30,5,6,-101.69435650710022,13.142426314406414
2013-10-03 09:30:00,34,-39.0,-42.956518508792726,22.28974821846014,-50.0,-79.62315432815966,-6.289882689425795,-86.6444250169746,0.731387999389149,3,30,5,6,-100.37490991954604,14.461872901960596
2013-10-03 10:30:00,34,-36.0,-42.11170613786716,22.28974821846014,-49.0,-78.77834195723409,-5.445070318500228,-85.79961264604904,1.5762003703147158,3,30,5,6,-99.53009754862049,15.306685272886163
2013-10-03 11:30:00,34,-34.0,-41.77694873601287,22.28974821846014,-48.0,-78.4435845553798,-5.110312916645938,-85.46485524419475,1.9109577721690056,3,30,5,6,-99.1953401467662,15.641442674740453
2013-10-03 12:30:00,34,-34.0,-41.10966539863082,22.28974821846014,-46.0,-77.77630121799776,-4.443029579263893,-84.79757190681269,2.578241109551051,3,30,5,6,-98.52805680938414,16.308726012122506
2013-10-03 13:30:00,34,-32.0,-40.961098913280615,22.28974821846014,-45.0,-77.62773473264755,-4.294463093913684,-84.64900542146249,2.72680759490126,3,30,5,6,-98.37949032403394,16.457292497472707
2013-10-03 14:30:00,34,-31.0,-40.31064520552973,22.28974821846014,-42.0,-76.97728102489666,-3.6440093861628,-83.9985517137116,3.377261302652144,3,30,5,6,-97.72903661628305,17.10774620522359
2013-10-03 15:30:00,34,-26.0,-37.83422259277159,22.28974821846014,-39.0,-74.50085841213851,-1.1675867734046577,-81.52212910095346,5.853683915410286,3,30,5,6,-95.25261400352491,19.584168817981734
2013-10-03 16:30:00,34,-20.0,-35.945418414035515,22.28974821846014,-36.0,-72.61205423340245,0.7212174053314158,-79.63332492221738,7.74248809414636,3,30,5,6,-93.36380982478883,21.472972996717807
2013-10-03 17:30:00,34,-17.0,-34.29785959120125,22.28974821846014,-34.0,-70.96449541056819,2.368776228165679,-77.98576609938313,9.390046916980625,3,30,5,6,-91.71625100195457,23.12053181955207
2013-10-03 18:30:00,34,-15.0,-32.519943552647,22.28974821846014,-34.0,-69.18657937201394,4.146692266719931,-76.20785006082887,11.167962955534875,3,30,5,6,-89.93833496340032,24.898447858106323
2013-10-03 19:30:00,34,-15.0,-30.73335120875576,22.28974821846014,-32.0,-67.39998702812268,5.933284610611178,-74.42125771693763,12.954555299426122,3,30,5,6,-88.15174261950908,26.685040201997563
2013-10-03 20:30:00,34,-25.0,-29.762366754119828,22.28974821846014,-31.0,-66.42900257348676,6.904269065247103,-73.4502732623017,13.925539754062047,3,30,5,6,-87.18075816487315,27.656024656633495
2013-10-03 21:30:00,34,-25.0,-28.40010065950265,22.28974821846014,-26.0,-65.06673647886959,8.266535159864276,-72.08800716768454,15.28780584867922,3,30,5,6,-85.81849207025597,29.01829075125067
2013-10-03 22:30:00,34,-27.0,-27.44893964801016,22.28974821846014,-20.0,-64.11557546737708,9.21769617135677,-71.13684615619204,16.238966860171715,3,30,5,6,-84.86733105876348,29.969451762743162
2013-10-03 23:30:00,34,-27.0,-26.88229520032377,22.28974821846014,-17.0,-63.54893101969071,9.784340619043157,-70.57020170850565,16.8056113078581,3,30,5,6,-84.3006866110771,30.53609621042955
2013-10-04 00:30:00,34,-26.0,-26.170827138256115,22.28974821846014,-15.0,-62.837462957623046,10.495808681110816,-69.858733646438,17.51707936992576,3,30,5,6,-83.58921854900944,31.247564272497208
2013-10-04 01:30:00,34,-25.0,-25.759889384902003,22.28974821846014,-15.0,-62.42652520426893,10.906746434464928,-69.44779589308388,17.928017123279872,3,30,5,6,-83.17828079565533,31.65850202585132
2013-10-04 02:30:00,34,-21.0,-25.61409682845582,22.28974821846014,-25.0,-62.28073264782275,11.05253899091111,-69.3020033366377,18.07380967972605,3,30,5,6,-83.03248823920914,31.8042945822975
2013-10-04 03:30:00,34,-19.0,-25.07243223879196,22.28974821846014,-25.0,-61.73906805815889,11.59420358057497,-68.76033874697384,18.61547426938992,3,30,5,6,-82.49082364954529,32.34595917196136
2013-10-04 04:30:00,34,-21.0,-24.5426106099651,22.28974821846014,-27.0,-61.209246429332026,12.124025209401832,-68.23051711814698,19.145295898216776,3,30,5,6,-81.96100202071842,32.87578080078822
2013-10-04 05:30:00,34,-20.0,-24.682863161624944,22.28974821846014,-27.0,-61.34949898099188,11.983772657741987,-68.37076966980682,19.00504334655693,3,30,5,6,-82.10125457237827,32.73552824912838
2013-10-04 06:30:00,34,-20.0,-23.51719927808088,22.28974821846014,-26.0,-60.183835097447805,13.149436541286056,-67.20510578626275,20.170707230101,3,30,5,6,-80.9355906888342,33.90119213267244
2013-10-04 07:30:00,34,-20.0,-22.39743086980087,22.28974821846014,-25.0,-59.0640666891678,14.26920494956606,-66.08533737798274,21.290475638381004,3,30,5,6,-79.81582228055419,35.02096054095245
2013-10-04 08:30:00,34,-20.0,-20.81186712288088,22.28974821846014,-21.0,-57.4785029422478,15.854768696486058,-64.49977363106275,22.876039385301,3,30,5,6,-78.2302585336342,36.606524287872446
2013-10-04 09:30:00,34,-16.0,-19.627427268475515,22.28974821846014,-19.0,-56.294063087842446,17.039208550891416,-63.31533377665739,24.06047923970636,3,30,5,6,-77.04581867922883,37.79096414227781
2013-10-04 10:30:00,34,-18.0,-19.422470650446243,22.28974821846014,-21.0,-56.08910646981317,17.244165168920688,-63.11037715862812,24.265435857735632,3,30,5,6,-76.84086206119957,37.99592076030708
2013-10-04 11:30:00,34,-20.0,-19.244429358254934,22.28974821846014,-20.0,-55.911065177621865,17.422206461111998,-62.93233586643681,24.44347714992694,3,30,5,6,-76.66282076900825,38.17396205249839
2013-10-04 12:30:00,34,-21.0,-19.32767863746272,22.28974821846014,-20.0,-55.99431445682965,17.338957181904213,-63.01558514564459,24.36022787071916,3,30,5,6,-76.74607004821604,38.090712773290605
2013-10-04 13:30:00,34,-21.0,-19.012923486015705,22.28974821846014,-20.0,-55.67955930538264,17.653712333351226,-62.700829994197576,24.67498302216617,3,30,5,6,-76.43131489676902,38.40546792473762
2013-10-04 14:30:00,34,-21.0,-18.99576402947218,22.28974821846014,-20.0,-55.66239984883912,17.67087178989475,-62.68367053765405,24.69214247870969,3,30,5,6,-76.4141554402255,38.422627381281146
2013-10-04 15:30:00,34,-20.0,-17.73366262285431,22.28974821846014,-16.0,-54.40029844222124,18.93297319651262,-61.421569131036186,25.954243885327564,3,30,5,6,-75.15205403360764,39.68472878789901
2013-10-04 16:30:00,34,-18.0,-17.24947671549605,22.28974821846014,-18.0,-53.91611253486298,19.41715910387088,-60.93738322367793,26.438429792685824,3,30,5,6,-74.66786812624937,40.16891469525727
2013-10-04 17:30:00,34,-18.0,-17.378527233707217,22.28974821846014,-20.0,-54.04516305307415,19.28810858565972,-61.06643374188909,26.30937927447465,3,30,5,6,-74.79691864446053,40.039864177046105
2013-10-04 18:30:00,34,-17.0,-17.573488767318793,22.28974821846014,-21.0,-54.24012458668573,19.09314705204814,-61.26139527550067,26.11441774086308,3,30,5,6,-74.99188017807211,39.84490264343453
2013-10-04 19:30:00,34,-16.0,-17.75456495036677,22.28974821846014,-21.0,-54.4212007697337,18.91207086900016,-61.442471458548646,25.933341557815105,3,30,5,6,-75.1729563611201,39.66382646038655
2013-10-04 20:30:00,34,-16.0,-18.35923795778648,22.28974821846014,-21.0,-55.02587377715341,18.30739786158045,-62.04714446596835,25.3286685503954,3,30,5,6,-75.7776293685398,39.05915345296684
2013-10-04 21:30:00,34,-15.0,-18.602937760525865,22.28974821846014,-20.0,-55.26957357989279,18.063698058841062,-62.290844268707744,25.08496874765601,3,30,5,6,-76.02132917127919,38.815453650227454
2013-10-04 22:30:00,34,-14.0,-17.641816097095536,22.28974821846014,-18.0,-54.30845191646247,19.0248197222714,-61.32972260527741,26.04609041108634,3,30,5,6,-75.06020750784886,39.77657531365779
2013-10-04 23:30:00,34,-15.0,-16.615408035531075,22.28974821846014,-18.0,-53.282043854898006,20.051227783835856,-60.30331454371295,27.0724984726508,3,30,5,6,-74.0337994462844,40.80298337522225
2013-10-05 00:30:00,34,-17.0,-15.894143026824576,22.28974821846014,-17.0,-52.56077884619151,20.772492792542355,-59.58204953500645,27.7937634813573,3,30,5,6,-73.3125344375779,41.52424838392875
2013-10-05 01:30:00,34,-17.0,-14.828245139407716,22.28974821846014,-16.0,-51.49488095877464,21.83839067995921,-58.5161516475896,28.85966136877416,3,30,5,6,-72.24663655016104,42.5901462713456
2013-10-05 02:30:00,34,-15.0,-14.339632544112018,22.28974821846014,-16.0,-51.00626836347895,22.32700327525492,-58.02753905229389,29.348273964069858,3,30,5,6,-71.75802395486534,43.07875886664131
2013-10-05 03:30:00,34,-14.0,-13.961133811260163,22.28974821846014,-15.0,-50.6277696306271,22.70550200810677,-57.64904031944204,29.72677269692171,3,30,5,6,-71.37952522201348,43.45725759949316
2013-10-05 04:30:00,34,-14.0,-13.873646316636297,22.28974821846014,-14.0,-50.54028213600323,22.792989502730634,-57.56155282481817,29.81426019154558,3,30,5,6,-71.29203772738961,43.544745094117026
2013-10-05 05:30:00,34,-14.0,-14.04189187034595,22.28974821846014,-15.0,-50.70852768971288,22.62474394902098,-57.72979837852783,29.646014637835925,3,30,5,6,-71.46028328109927,43.37649954040737
2013-10-05 06:30:00,34,-14.0,-14.578200095116078,22.28974821846014,-17.0,-51.244835914483005,22.088435724250854,-58.26610660329796,29.1097064130658,3,30,5,6,-71.9965915058694,42.84019131563724
2013-10-05 07:30:00,34,-13.0,-14.448074317007444,22.28974821846014,-17.0,-51.11471013637437,22.21856150235949,-58.13598082518932,29.23983219117444,3,30,5,6,-71.86646572776077,42.97031709374588
2013-10-05 08:30:00,34,-15.0,-13.907278996440468,22.28974821846014,-15.0,-50.5739148158074,22.759356822926463,-57.59518550462234,29.780627511741407,3,30,5,6,-71.3256704071938,43.511112414312855
2013-10-05 09:30:00,34,-15.0,-13.393906427730489,22.28974821846014,-14.0,-50.060542247097416,23.27272939163644,-57.08181293591237,30.294000080451383,3,30,5,6,-70.81229783848381,44.02448498302283
2013-10-05 10:30:00,34,-14.0,-13.167376954949315,22.28974821846014,-14.0,-49.83401277431625,23.499258864417616,-56.85528346313119,30.52052955323256,3,30,5,6,-70.58576836570263,44.25101445580401
2013-10-05 11:30:00,34,-14.0,-12.98161312201125,22.28974821846014,-14.0,-49.648248941378185,23.68502269735568,-56.66951963019312,30.706293386170625,3,30,5,6,-70.40000453276457,44.436778288742076
2013-10-05 12:30:00,34,-13.0,-12.902502989330124,22.28974821846014,-14.0,-49.569138808697055,23.764132830036807,-56.590409497512,30.78540351885175,3,30,5,6,-70.32089440008345,44.5158884214232
2013-10-05 13:30:00,34,-12.0,-12.323976919776715,22.28974821846014,-13.0,-48.99061273914364,24.342658899590216,-56.011883427958594,31.36392958840516,3,30,5,6,-69.74236833053004,45.094414490976604
2013-10-05 14:30:00,34,-12.0,-12.332279375973794,22.28974821846014,-15.0,-48.99891519534073,24.334356443393137,-56.02018588415567,31.35562713220808,3,30,5,6,-69.75067078672711,45.08611203477953
2013-10-05 15:30:00,34,-12.0,-12.42578590970911,22.28974821846014,-15.0,-49.09242172907604,24.240849909657825,-56.11369241789099,31.26212059847277,3,30,5,6,-69.84417732046244,44.99260550104421
2013-10-05 16:30:00,34,-12.0,-12.036106890237969,22.28974821846014,-14.0,-48.7027427096049,24.630528929128964,-55.72401339841984,31.651799617943908,3,30,5,6,-69.45449830099129,45.382284520515356
2013-10-05 17:30:00,34,-12.0,-11.775285083827884,22.28974821846014,-14.0,-48.44192090319481,24.89135073553905,-55.46319159200976,31.91262142435399,3,30,5,6,-69.19367649458121,45.64310632692544
2013-10-05 18:30:00,34,-13.0,-11.48413853199483,22.28974821846014,-13.0,-48.15077435136176,25.1824972873721,-55.17204504017671,32.203767976187045,3,30,5,6,-68.90252994274815,45.93425287875849
2013-10-05 19:30:00,34,-12.0,-11.196406232375534,22.28974821846014,-12.0,-47.86304205174247,25.4702295869914,-54.884312740557405,32.491500275806345,3,30,5,6,-68.61479764312885,46.22198517837779
2013-10-05 20:30:00,34,-11.0,-11.28928694068738,22.28974821846014,-12.0,-47.95592276005431,25.377348878679552,-54.97719344886926,32.39861956749449,3,30,5,6,-68.7076783514407,46.12910447006594
2013-10-05 21:30:00,34,-8.0,-11.91366740816045,22.28974821846014,-12.0,-48.58030322752738,24.75296841120648,-55.601573916342325,31.774239100021425,3,30,5,6,-69.33205881891377,45.50472400259287
2013-10-05 22:30:00,34,-7.0,-12.532364704220385,22.28974821846014,-12.0,-49.19900052358732,24.134271115146547,-56.22027121240226,31.15554180396149,3,30,5,6,-69.9507561149737,44.88602670653294
2013-10-05 23:30:00,34,-7.0,-12.771164221404572,22.28974821846014,-12.0,-49.43780004077151,23.89547159796236,-56.45907072958644,30.916742286777303,3,30,5,6,-70.18955563215789,44.647227189348754
2013-10-06 00:30:00,34,-9.0,-12.978619308498974,22.28974821846014,-13.0,-49.64525512786591,23.68801651086796,-56.666525816680846,30.7092871996829,3,30,5,6,-70.3970107192523,44.43977210225435
2013-10-06 01:30:00,34,-9.0,-12.277576434808005,22.28974821846014,-12.0,-48.944212254174936,24.389059384558927,-55.96548294298988,31.41033007337387,3,30,5,6,-69.69596784556133,45.14081497594532
2013-10-06 02:30:00,34,-8.0,-10.93302796535529,22.28974821846014,-11.0,-47.59966378472223,25.73360785401164,-54.62093447353716,32.75487854282659,3,30,5,6,-68.35141937610861,46.485363445398036
2013-10-06 03:30:00,34,-7.0,-9.674152338429824,22.28974821846014,-8.0,-46.34078815779675,26.992483480937107,-53.3620588466117,34.01375416975205,3,30,5,6,-67.09254374918315,47.744239072323495
2013-10-06 04:30:00,34,-6.0,-8.902292122997299,22.28974821846014,-7.0,-45.56892794236423,27.764343696369632,-52.59019863117918,34.78561438518457,3,30,5,6,-66.32068353375062,48.51609928775602
2013-10-06 05:30:00,34,-5.0,-8.50784813157603,22.28974821846014,-7.0,-45.17448395094296,28.158787687790905,-52.19575463975791,35.18005837660584,3,30,5,6,-65.92623954232936,48.91054327917729
2013-10-06 06:30:00,34,-3.0,-8.765789691249523,22.28974821846014,-9.0,-45.43242551061645,27.900846128117408,-52.4536961994314,34.92211681693235,3,30,5,6,-66.18418110200284,48.6526017195038
2013-10-06 07:30:00,34,-3.0,-8.911947715245123,22.28974821846014,-9.0,-45.57858353461205,27.754688104121808,-52.599854223427,34.77595879293675,3,30,5,6,-66.33033912599845,48.506443695508196
2013-10-06 08:30:00,34,-4.0,-8.744504377908413,22.28974821846014,-8.0,-45.411140197275344,27.92213144145852,-52.43241088609029,34.94340213027346,3,30,5,6,-66.16289578866173,48.67388703284491
2013-10-06 09:30:00,34,-4.0,-8.108779314438461,22.28974821846014,-7.0,-44.7754151338054,28.55785650492847,-51.79668582262033,35.57912719374342,3,30,5,6,-65.52717072519178,49.309612096314865
2013-10-06 10:30:00,34,-3.0,-7.613734490272964,22.28974821846014,-6.0,-44.28037030963989,29.052901329093967,-51.30164099845484,36.07417201790891,3,30,5,6,-65.03212590102629,49.80465692048036
2013-10-06 11:30:00,34,-2.0,-6.93086471700639,22.28974821846014,-5.0,-43.59750053637332,29.73577110236054,-50.61877122518827,36.75704179117548,3,30,5,6,-64.34925612775972,50.48752669374693
2013-10-06 12:30:00,34,-3.0,-6.054713956776979,22.28974821846014,-3.0,-42.72134977614391,30.611921862589952,-49.74262046495885,37.633192551404896,3,30,5,6,-63.4731053675303,51.363677453976344
2013-10-06 13:30:00,34,-4.0,-6.50639077051606,22.28974821846014,-3.0,-43.173026589882994,30.16024504885087,-50.19429727869793,37.18151573766582,3,30,5,6,-63.924782181269386,50.91200064023726
2013-10-06 14:30:00,34,-5.0,-7.995169045092059,22.28974821846014,-4.0,-44.661804864458986,28.671466774274872,-51.68307555327394,35.69273746308981,3,30,5,6,-65.41356045584538,49.42322236566126
2013-10-06 15:30:00,34,-6.0,-7.28962457771798,22.28974821846014,-4.0,-43.95626039708491,29.37701124164895,-50.977531085899855,36.398281930463895,3,30,5,6,-64.7080159884713,50.12876683303534
2013-10-06 16:30:00,34,-4.0,-6.242466416446767,22.28974821846014,-3.0,-42.9091022358137,30.424169402920164,-49.93037292462864,37.44544009173511,3,30,5,6,-63.66085782720009,51.175924994306556
2013-10-06 17:30:00,34,-2.0,-6.2776552027092976,22.28974821846014,-2.0,-42.94429102207623,30.38898061665764,-49.96556171089117,37.41025130547258,3,30,5,6,-63.69604661346262,51.140736208044025
2013-10-06 18:30:00,34,-3.0,-6.799277068700075,22.28974821846014,-3.0,-43.46591288806701,29.867358750666856,-50.48718357688195,36.88862943948181,3,30,5,6,-64.2176684794534,50.61911434205325
2013-10-06 19:30:00,34,-5.0,-6.581748366970743,22.28974821846014,-4.0,-43.24838418633768,30.084887452396188,-50.26965487515262,37.10615814121113,3,30,5,6,-64.00013977772406,50.83664304378258
2013-10-06 20:30:00,34,-7.0,-7.043015532469486,22.28974821846014,-5.0,-43.70965135183641,29.623620286897445,-50.730922040651365,36.64489097571239,3,30,5,6,-64.46140694322281,50.37537587828383
2013-10-06 21:30:00,34,-9.0,-6.437987326836463,22.28974821846014,-6.0,-43.104623146203394,30.228648492530468,-50.12589383501834,37.24991918134541,3,30,5,6,-63.856378737589786,50.98040408391686
2013-10-06 22:30:00,34,-10.0,-6.54815434819659,22.28974821846014,-4.0,-43.21479016756352,30.11848147117034,-50.23606085637847,37.139752159985285,3,30,5,6,-63.96654575894991,50.87023706255673
2013-10-06 23:30:00,34,-8.0,-5.140192124251406,22.28974821846014,-2.0,-41.80682794361834,31.526443695115525,-48.82809863243328,38.54771438393047,3,30,5,6,-62.55858353500473,52.278199286501916
2013-10-07 00:30:00,34,-6.0,-5.388490173248957,22.28974821846014,-3.0,-42.055125992615885,31.278145646117974,-49.07639668143084,38.299416334932914,3,30,5,6,-62.806881584002284,52.02990123750436
2013-10-07 01:30:00,34,-3.0,-5.995591576616874,22.28974821846014,-5.0,-42.662227395983805,30.671044242750057,-49.68349808479875,37.692314931565,3,30,5,6,-63.4139829873702,51.42279983413645
2013-10-07 02:30:00,34,0.0,-8.206006972313329,22.28974821846014,-7.0,-44.87264279168026,28.4606288470536,-51.8939134804952,35.48189953586855,3,30,5,6,-65.62439838306665,49.21238443844
2013-10-07 03:30:00,34,-5.0,-8.894613075909316,22.28974821846014,-9.0,-45.56124889527625,27.77202274345761,-52.58251958409119,34.79329343227256,3,30,5,6,-66.31300448666263,48.52377833484401
2013-10-07 04:30:00,34,-9.0,-7.6317094529185,22.28974821846014,-10.0,-44.29834527228543,29.03492636644843,-51.319615961100375,36.056197055263375,3,30,5,6,-65.05010086367182,49.78668195783482
2013-10-07 05:30:00,34,-11.0,-5.79696086962484,22.28974821846014,-8.0,-42.46359668899177,30.86967494974209,-49.48486737780672,37.89094563855704,3,30,5,6,-63.21535228037816,51.62143054112848
2013-10-07 06:30:00,34,-13.0,-4.535763164583717,22.28974821846014,-6.0,-41.20239898395064,32.13087265478322,-48.2236696727656,39.15214334359816,3,30,5,6,-61.95415457533704,52.8826282461696
2013-10-07 07:30:00,34,-14.0,-3.733599950557608,22.28974821846014,-3.0,-40.400235769924535,32.93303586880933,-47.421506458739486,39.95430655762426,3,30,5,6,-61.151991361310934,53.68479146019571
2013-10-07 08:30:00,34,-15.0,-5.733276487922218,22.28974821846014,0.0,-42.39991230728915,30.93335933144472,-49.42118299610409,37.95463002025966,3,30,5,6,-63.15166789867554,51.685114922831104
2013-10-07 09:30:00,34,-17.0,-8.588014193639612,22.28974821846014,-5.0,-45.25465001300654,28.07862162572732,-52.27592070182149,35.09989231454226,3,30,5,6,-66.00640560439294,48.83037721711371
2013-10-07 10:30:00,34,-14.0,-11.085978249062762,22.28974821846014,-9.0,-47.75261406842969,25.58065757030417,-54.77388475724464,32.60192825911911,3,30,5,6,-68.50436965981609,46.33241316169056
2013-10-07 11:30:00,34,-11.0,-12.114564618037484,22.28974821846014,-11.0,-48.781200437404415,24.552071201329447,-55.80247112621936,31.57334189014439,3,30,5,6,-69.5329560287908,45.30382679271584
2013-10-07 12:30:00,34,-10.0,-13.28910120797144,22.28974821846014,-13.0,-49.95573702733837,23.37753461139549,-56.97700771615332,30.39880530021044,3,30,5,6,-70.70749261872476,44.12929020278188
2013-10-07 13:30:00,34,-10.0,-14.835373266817896,22.28974821846014,-14.0,-51.50200908618483,21.831262552549035,-58.52327977499977,28.85253324136398,3,30,5,6,-72.25376467757121,42.583018143935426
2013-10-07 14:30:00,34,-12.0,-16.12234458915417,22.28974821846014,-15.0,-52.7889804085211,20.54429123021276,-59.81025109733605,27.565561919027704,3,30,5,6,-73.5407359999075,41.29604682159915
2013-10-07 15:30:00,34,-11.0,-16.253115523201284,22.28974821846014,-17.0,-52.91975134256822,20.413520296165647,-59.94102203138316,27.43479098498059,3,30,5,6,-73.6715069339546,41.16527588755204
2013-10-07 16:30:00,34,-11.0,-12.91858839413337,22.28974821846014,-14.0,-49.5852242135003,23.74804742523356,-56.60649490231525,30.769318114048502,3,30,5,6,-70.3369798048867,44.49980301661995
2013-10-07 17:30:00,34,-12.0,-10.951925960092588,22.28974821846014,-11.0,-47.61856177945952,25.714709859274343,-54.63983246827446,32.73598054808929,3,30,5,6,-68.37031737084591,46.466465450660735
2013-10-07 18:30:00,34,-14.0,-9.495202512033014,22.28974821846014,-10.0,-46.16183833139995,27.17143330733392,-53.183109020214886,34.192703996148865,3,30,5,6,-66.91359392278633,47.92318889872031
2013-10-07 19:30:00,34,-15.0,-10.163864356766757,22.28974821846014,-10.0,-46.83050017613368,26.502771462600176,-53.85177086494864,33.52404215141512,3,30,5,6,-67.58225576752008,47.254527053986564
2013-10-07 20:30:00,34,-12.0,-10.69856573247662,22.28974821846014,-12.0,-47.36520155184356,25.96807008689031,-54.38647224065849,32.98934077570526,3,30,5,6,-68.11695714322994,46.719825678276706
2013-10-07 21:30:00,34,-10.0,-11.508809101777183,22.28974821846014,-11.0,-48.17544492114412,25.157826717589742,-55.19671560995906,32.17909740640469,3,30,5,6,-68.9272005125305,45.90958230897614
2013-10-07 22:30:00,34,-10.0,-11.605720222468754,22.28974821846014,-11.0,-48.272356041835685,25.060915596898177,-55.29362673065063,32.08218628571312,3,30,5,6,-69.02411163322208,45.81267118828457
2013-10-07 23:30:00,34,-12.0,-12.229711663327231,22.28974821846014,-12.0,-48.89634748269417,24.43692415603969,-55.91761817150911,31.45819484485464,3,30,5,6,-69.64810307408055,45.18867974742609
2013-10-08 00:30:00,34,-12.0,-13.222299780723354,22.28974821846014,-14.0,-49.888935600090285,23.444336038643577,-56.91020628890523,30.46560672745852,3,30,5,6,-70.64069119147668,44.19609163002997
2013-10-08 01:30:00,34,-11.0,-13.218728468075136,22.28974821846014,-15.0,-49.88536428744207,23.4479073512918,-56.90663497625701,30.46917804010674,3,30,5,6,-70.63711987882846,44.19966294267819
2013-10-08 02:30:00,34,-11.0,-11.929900208140651,22.28974821846014,-12.0,-48.59653602750758,24.73673561122628,-55.61780671632253,31.758006300041224,3,30,5,6,-69.34829161889397,45.48849120261267
2013-10-08 03:30:00,34,-12.0,-10.104862792325466,22.28974821846014,-10.0,-46.7714986116924,26.561773027041465,-53.79276930050735,33.583043715856405,3,30,5,6,-67.52325420307879,47.31352861842785
2013-10-08 04:30:00,34,-9.0,-10.646083384222678,22.28974821846014,-10.0,-47.31271920358961,26.020552435144253,-54.33398989240455,33.0418231239592,3,30,5,6,-68.06447479497601,46.772308026530645
2013-10-08 05:30:00,34,-6.0,-10.505891240422244,22.28974821846014,-12.0,-47.172527059789175,26.160744578944687,-54.19379774860412,33.18201526775963,3,30,5,6,-67.92428265117556,46.91250017033108
2013-10-08 06:30:00,34,-3.0,-9.691291256301149,22.28974821846014,-12.0,-46.35792707566808,26.975344563065786,-53.379197764483024,33.996615251880726,3,30,5,6,-67.10968266705447,47.727100154452174
2013-10-08 07:30:00,34,-4.0,-8.59893351830626,22.28974821846014,-11.0,-45.26556933767319,28.06770230106067,-52.286840026488136,35.088972989875614,3,30,5,6,-66.01732492905958,48.81945789244706
2013-10-08 08:30:00,34,-6.0,-10.797397823097374,22.28974821846014,-11.0,-47.4640336424643,25.86923799626956,-54.48530433127925,32.8905086850845,3,30,5,6,-68.2157892338507,46.620993587655946
2013-10-08 09:30:00,34,-7.0,-12.931858792688187,22.28974821846014,-12.0,-49.59849461205512,23.734777026678746,-56.619765300870064,30.75604771549369,3,30,5,6,-70.3502502034415,44.486532618065134
2013-10-08 10:30:00,34,-7.0,-11.63321063112829,22.28974821846014,-9.0,-48.29984645049522,25.03342518823864,-55.32111713931016,32.05469587705359,3,30,5,6,-69.05160204188161,45.78518077962504
2013-10-08 11:30:00,34,-8.0,-10.30898336558053,22.28974821846014,-6.0,-46.97561918494746,26.3576524537864,-53.996889873762406,33.378923142601344,3,30,5,6,-67.72737477633385,47.10940804517279
2013-10-08 12:30:00,34,-10.0,-9.15943146629785,22.28974821846014,-3.0,-45.82606728566478,27.50720435306908,-52.84733797447973,34.52847504188402,3,30,5,6,-66.57782287705118,48.25895994445547
2013-10-08 13:30:00,34,-9.0,-9.10392389244474,22.28974821846014,-4.0,-45.77055971181167,27.56271192692219,-52.791830400626615,34.583982615737135,3,30,5,6,-66.52231530319807,48.31446751830858
2013-10-08 14:30:00,34,-2.0,-10.143110632588437,22.28974821846014,-6.0,-46.80974645195536,26.523525186778496,-53.83101714077032,33.54479587559344,3,30,5,6,-67.56150204334176,47.275280778164884
2013-10-08 15:30:00,34,4.0,-11.50070961598772,22.28974821846014,-7.0,-48.16734543535465,25.16592620337921,-55.1886161241696,32.18719689219415,3,30,5,6,-68.91910102674105,45.9176817947656
2013-10-08 16:30:00,34,7.0,-11.739965816589034,22.28974821846014,-7.0,-48.406601635955965,24.926670002777897,-55.42787232477091,31.94794069159284,3,30,5,6,-69.15835722734235,45.67842559416429
2013-10-08 17:30:00,34,10.0,-12.11693260612629,22.28974821846014,-8.0,-48.78356842549322,24.54970321324064,-55.804839114308166,31.570973902055584,3,30,5,6,-69.53532401687961,45.30145880462703
2013-10-08 18:30:00,34,11.0,-10.057807486160767,22.28974821846014,-10.0,-46.7244433055277,26.60882833320616,-53.74571399434264,33.630099022021106,3,30,5,6,-67.47619889691408,47.360583924592554
2013-10-08 19:30:00,34,5.0,-8.704135013623024,22.28974821846014,-9.0,-45.37077083298996,27.962500805743908,-52.3920415218049,34.98377149455885,3,30,5,6,-66.12252642437635,48.7142563971303
2013-10-08 20:30:00,34,17.0,-6.0528920557372246,22.28974821846014,-2.0,-42.71952787510416,30.613743763629707,-49.7407985639191,37.63501445244465,3,30,5,6,-63.47128346649055,51.3654993550161
2013-10-08 21:30:00,34,10.0,-4.1059588285791975,22.28974821846014,4.0,-40.77259464794613,32.560676990787734,-47.79386533676107,39.58194767960268,3,30,5,6,-61.52435023933252,53.312432582174125
2013-10-08 22:30:00,34,-33.0,-3.5546573731039253,22.28974821846014,7.0,-40.22129319247085,33.11197844626301,-47.24256388128581,40.133249135077946,3,30,5,6,-60.97304878385725,53.863734037649394
2013-10-08 23:30:00,34,-19.0,-3.363427837046597,22.28974821846014,10.0,-40.03006365641353,33.30320798232033,-47.05133434522847,40.32447867113528,3,30,5,6,-60.781819247799916,54.05496357370673
2013-10-09 00:30:00,34,-66.0,-4.356011121813964,22.28974821846014,11.0,-41.022646941180895,32.31062469755297,-48.04391762999584,39.33189538636791,3,30,5,6,-61.77440253256729,53.06238028893936
2013-10-09 01:30:00,34,-69.0,-6.5461898846086335,22.28974821846014,5.0,-43.21282570397557,30.120445934758298,-50.234096392790505,37.141716623573245,3,30,5,6,-63.96458129536195,50.87220152614469
2013-10-09 02:30:00,34,-61.0,-5.755170712486169,22.28974821846014,17.0,-42.4218065318531,30.91146510688076,-49.44307722066805,37.932735795695706,3,30,5,6,-63.17356212323949,51.66322069826715
2013-10-09 03:30:00,34,-63.0,-9.3254419292094,22.28974821846014,10.0,-45.992077748576335,27.34119389015753,-53.01334843739127,34.36246457897248,3,30,5,6,-66.74383333996272,48.092949481543926
2013-10-09 04:30:00,34,-56.0,-15.2106099752617,22.28974821846014,-33.0,-51.87724579462864,21.45602584410523,-58.89851648344357,28.47729653292017,3,30,5,6,-72.62900138601502,42.207781435491626
2013-10-09 05:30:00,34,-53.0,-24.672603490783032,22.28974821846014,-19.0,-61.33923931014997,11.9940323285839,-68.36050999896491,19.015303017398843,3,30,5,6,-82.09099490153636,32.74578791997029
2013-10-09 06:30:00,34,-53.0,-59.46888002155017,22.28974821846014,-66.0,-96.1355158409171,-22.80224420218324,-103.15678652973205,-15.780973513368297,3,30,5,6,-116.88727143230349,-2.0504886107968474
2013-10-09 07:30:00,34,-48.0,-75.03334194314458,22.28974821846014,-69.0,-111.69997776251152,-38.36670612377765,-118.72124845132646,-31.345435434962702,3,30,5,6,-132.4517333538979,-17.614950532391255
2013-10-09 08:30:00,34,-45.0,-71.22249521817055,22.28974821846014,-61.0,-107.88913103753748,-34.55585939880362,-114.91040172635245,-27.534588709988675,3,30,5,6,-128.64088662892388,-13.804103807417228
2013-10-09 09:30:00,34,-34.0,-68.15605696099954,22.28974821846014,-63.0,-104.82269278036648,-31.489421141632604,-111.8439634691814,-24.46815045281766,3,30,5,6,-125.57444837175285,-10.737665550246213
2013-10-09 10:30:00,34,-33.0,-60.13509413982069,22.28974821846014,-56.0,-96.8017299591876,-23.46845832045376,-103.82300064800256,-16.447187631638812,3,30,5,6,-117.55348555057401,-2.7167027290673644
2013-10-09 11:30:00,34,-43.0,-54.73298962309884,22.28974821846014,-53.0,-91.39962544246578,-18.066353803731907,-98.42089613128071,-11.045083114916965,3,30,5,6,-112.15138103385216,2.6854017876544845
2013-10-09 12:30:00,34,-44.0,-53.647392732728925,22.28974821846014,-53.0,-90.31402855209586,-16.980756913361994,-97.3352992409108,-9.95948622454705,3,30,5,6,-111.06578414348225,3.770998678024398
2013-10-09 13:30:00,34,-40.0,-48.43208381518384,22.28974821846014,-48.0,-85.09871963455078,-11.765447995816906,-92.11999032336573,-4.744177307001962,3,30,5,6,-105.85047522593716,8.986307595569485
2013-10-09 14:30:00,34,-30.0,-43.294068565987466,22.28974821846014,-45.0,-79.9607043853544,-6.627432746620535,-86.98197507416934,0.3938379421944091,3,30,5,6,-100.71245997674079,14.124322844765857
2013-10-09 15:30:00,34,-19.0,-37.5003018397701,22.28974821846014,-34.0,-74.16693765913703,-0.8336660204031716,-81.18820834795198,6.1876046684117725,3,30,5,6,-94.91869325052343,19.91808957098322
2013-10-09 16:30:00,34,-20.0,-36.35598835903566,22.28974821846014,-33.0,-73.0226241784026,0.3106474603312676,-80.04389486721755,7.331918149146212,3,30,5,6,-93.774379769789,21.06240305171766
2013-10-09 17:30:00,34,-27.0,-39.70090730113794,22.28974821846014,-43.0,-76.36754312050488,-3.0342714817710075,-83.38881380931981,3.9869992070439366,3,30,5,6,-97.11929871189126,17.717484109615384
2013-10-09 18:30:00,34,-30.0,-40.60812612550034,22.28974821846014,-44.0,-77.27476194486727,-3.94149030613341,-84.29603263368222,3.079780382681534,3,30,5,6,-98.02651753625366,16.81026528525298
2013-10-09 19:30:00,34,-28.0,-38.87794928558911,22.28974821846014,-40.0,-75.54458510495604,-2.21131346622218,-82.565855793771,4.8099572225927645,3,30,5,6,-96.29634069634244,18.540442125164212
2013-10-09 20:30:00,34,-23.0,-33.56335703071349,22.28974821846014,-30.0,-70.22999285008042,3.1032787886534408,-77.25126353889536,10.124549477468385,3,30,5,6,-90.9817484414668,23.855034380039832
2013-10-09 21:30:00,34,-8.0,-29.53719645817534,22.28974821846014,-19.0,-66.20383227754228,7.12943936119159,-73.22510296635721,14.150710050006534,3,30,5,6,-86.95558786892866,27.88119495257798
2013-10-09 22:30:00,34,-11.0,-28.61646530178119,22.28974821846014,-20.0,-65.28310112114812,8.050170517585741,-72.30437180996307,15.071441206400683,3,30,5,6,-86.03485671253452,28.801926108972133
2013-10-09 23:30:00,34,-13.0,-28.77530535178097,22.28974821846014,-27.0,-65.4419411711479,7.891330467585959,-72.46321185996285,14.912601156400903,3,30,5,6,-86.19369676253429,28.643086058972354
2013-10-10 00:30:00,34,-26.0,-28.840989233630005,22.28974821846014,-30.0,-65.50762505299693,7.825646585736926,-72.52889574181188,14.84691727455187,3,30,5,6,-86.25938064438333,28.577402177123318
2013-10-10 01:30:00,34,-37.0,-28.612747198034608,22.28974821846014,-28.0,-65.27938301740154,8.053888621332323,-72.30065370621648,15.075159310147267,3,30,5,6,-86.03113860878793,28.805644212718715
2013-10-10 02:30:00,34,-33.0,-27.679832380476395,22.28974821846014,-23.0,-64.34646819984333,8.986803438890536,-71.36773888865827,16.00807412770548,3,30,5,6,-85.09822379122971,29.738559030276928
2013-10-10 03:30:00,34,-32.0,-26.01050407530786,22.28974821846014,-8.0,-62.6771398946748,10.65613174405907,-69.69841058348973,17.677402432874015,3,30,5,6,-83.42889548606118,31.407887335445462
2013-10-10 04:30:00,34,-39.0,-25.2440280123844,22.28974821846014,-11.0,-61.910663831751336,11.42260780698253,-68.93193452056627,18.44387849579748,3,30,5,6,-82.66241942313772,32.174363398368925
2013-10-10 05:30:00,34,-41.0,-27.082976150064127,22.28974821846014,-13.0,-63.74961196943106,9.583659669302804,-70.770882658246,16.60493035811775,3,30,5,6,-84.50136756081744,30.335415260689196
2013-10-10 06:30:00,34,-38.0,-32.607557299697035,22.28974821846014,-26.0,-69.27419311906397,4.059078519669896,-76.29546380787892,11.08034920848484,3,30,5,6,-90.02594871045036,24.810834111056288
2013-10-10 07:30:00,34,-32.0,-34.70705299210513,22.28974821846014,-37.0,-71.37368881147206,1.9595828272617977,-78.394959500287,8.980853516076742,3,30,5,6,-92.12544440285845,22.71133841864819
2013-10-10 08:30:00,34,-29.0,-30.90110020986107,22.28974821846014,-33.0,-67.567736029228,5.765535609505861,-74.58900671804295,12.786806298320805,3,30,5,6,-88.3194916206144,26.517291200892252
2013-10-10 09:30:00,34,-27.0,-34.56454133752307,22.28974821846014,-32.0,-71.23117715689,2.102094481843864,-78.25244784570495,9.123365170658808,3,30,5,6,-91.9829327482764,22.853850073230255
2013-10-10 10:30:00,34,-27.0,-41.10858772241898,22.28974821846014,-39.0,-77.77522354178592,-4.4419519030520505,-84.79649423060086,2.5793187857628936,3,30,5,6,-98.5269791331723,16.30980368833434
2013-10-10 11:30:00,34,-29.0,-41.74370749913766,22.28974821846014,-41.0,-78.4103433185046,-5.077071679770732,-85.43161400731954,1.944199009044212,3,30,5,6,-99.16209890989099,15.67468391161566
2013-10-10 12:30:00,34,-30.0,-36.76133068339243,22.28974821846014,-38.0,-73.42796650275936,-0.0946948640254987,-80.4492371915743,6.926575824789445,3,30,5,6,-94.17972209414575,20.657060727360893
2013-10-10 13:30:00,34,-28.0,-31.76220911105852,22.28974821846014,-32.0,-68.42884493042544,4.904426708308414,-75.45011561924039,11.925697397123358,3,30,5,6,-89.18060052181184,25.6561822996948
2013-10-10 14:30:00,34,-27.0,-27.930088852275965,22.28974821846014,-29.0,-64.5967246716429,8.736546967090966,-71.61799536045784,15.75781765590591,3,30,5,6,-85.34848026302929,29.488302558477358
2013-10-10 15:30:00,34,-26.0,-25.219103729592533,22.28974821846014,-27.0,-61.88573954895946,11.447532089774398,-68.90701023777441,18.468802778589342,3,30,5,6,-82.63749514034586,32.19928768116079
2013-10-10 16:30:00,34,-23.0,-24.62678171310745,22.28974821846014,-27.0,-61.29341753247438,12.03985410625948,-68.31468822128933,19.061124795074424,3,30,5,6,-82.04517312386078,32.79160969764587
2013-10-10 17:30:00,34,-23.0,-25.98378809540594,22.28974821846014,-29.0,-62.65042391477287,10.68284772396099,-69.67169460358781,17.704118412775934,3,30,5,6,-83.40217950615926,31.43460331534738
2013-10-10 18:30:00,34,-23.0,-26.952377982494923,22.28974821846014,-30.0,-63.619013801861854,9.714257836872008,-70.6402844906768,16.735528525686952,3,30,5,6,-84.37076939324825,30.4660134282584
2013-10-10 19:30:00,34,-23.0,-26.87483241337248,22.28974821846014,-28.0,-63.541468232739405,9.791803405994456,-70.56273892155434,16.8130740948094,3,30,5,6,-84.2932238241258,30.543558997380842
2013-10-10 20:30:00,34,-22.0,-27.16504022707032,22.28974821846014,-27.0,-63.83167604643725,9.50159559229661,-70.8529467352522,16.522866281111554,3,30,5,6,-84.58343163782365,30.253351183683
2013-10-10 21:30:00,34,-23.0,-26.424166827199887,22.28974821846014,-26.0,-63.090802646566814,10.242468992167044,-70.11207333538177,17.26373968098199,3,30,5,6,-83.84255823795321,30.994224583553436
2013-10-10 22:30:00,34,-19.0,-24.95343238022915,22.28974821846014,-23.0,-61.62006819959608,11.713203439137782,-68.64133888841103,18.734474127952726,3,30,5,6,-82.37182379098248,32.46495903052417
2013-10-10 23:30:00,34,-19.0,-24.21032872218936,22.28974821846014,-23.0,-60.87696454155629,12.456307097177572,-67.89823523037123,19.47757778599252,3,30,5,6,-81.62872013294268,33.20806268856396
2013-10-11 00:30:00,34,-23.0,-24.118078671929737,22.28974821846014,-23.0,-60.78471449129667,12.548557147437194,-67.8059851801116,19.56982783625213,3,30,5,6,-81.53647008268305,33.300312738823585
2013-10-11 01:30:00,34,-26.0,-24.07330074206473,22.28974821846014,-23.0,-60.73993656143166,12.5933350773022,-67.7612072502466,19.614605766117144,3,30,5,6,-81.49169215281805,33.34509066868859
2013-10-11 02:30:00,34,-25.0,-23.65312783516428,22.28974821846014,-22.0,-60.3197636545312,13.013507984202658,-67.34103434334615,20.0347786730176,3,30,5,6,-81.0715192459176,33.765263575589046
2013-10-11 03:30:00,34,-24.0,-22.799805205005264,22.28974821846014,-23.0,-59.4664410243722,13.866830614361668,-66.48771171318714,20.88810130317661,3,30,5,6,-80.21819661575859,34.61858620574806
2013-10-11 04:30:00,34,-26.0,-21.37552681823389,22.28974821846014,-19.0,-58.042162637600825,15.291109001133036,-65.06343332641578,22.31237968994798,3,30,5,6,-78.79391822898721,36.042864592519436
2013-10-11 05:30:00,34,-24.0,-21.263406206700505,22.28974821846014,-19.0,-57.93004202606743,15.40322961266643,-64.95131271488238,22.424500301481373,3,30,5,6,-78.68179761745382,36.15498520405282
2013-10-11 06:30:00,34,-22.0,-22.34873005354589,22.28974821846014,-23.0,-59.01536587291282,14.317905765821042,-66.03663656172776,21.339176454635982,3,30,5,6,-79.76712146429921,35.06966135720744
2013-10-11 07:30:00,34,-25.0,-24.48528959217255,22.28974821846014,-26.0,-61.15192541153948,12.181346227194382,-68.17319610035443,19.20261691600933,3,30,5,6,-81.90368100292588,32.933101818580774
2013-10-11 08:30:00,34,-25.0,-25.57488910730686,22.28974821846014,-25.0,-62.24152492667379,11.091746712060072,-69.26279561548873,18.113017400875016,3,30,5,6,-82.99328051806017,31.843502303446463
2013-10-11 09:30:00,34,-24.0,-25.35606103252165,22.28974821846014,-24.0,-62.02269685188858,11.31057478684528,-69.04396754070353,18.331845475660224,3,30,5,6,-82.77445244327498,32.06233037823167
2013-10-11 10:30:00,34,-24.0,-24.4198835864768,22.28974821846014,-26.0,-61.08651940584373,12.246752232890138,-68.10779009465867,19.26802292170508,3,30,5,6,-81.83827499723012,32.99850782427652
2013-10-11 11:30:00,34,-21.0,-24.53791812744626,22.28974821846014,-24.0,-61.20455394681319,12.12871769192067,-68.22582463562813,19.14998838073561,3,30,5,6,-81.95630953819958,32.88047328330706
2013-10-11 12:30:00,34,-19.0,-23.795675885481632,22.28974821846014,-22.0,-60.46231170484856,12.8709599338853,-67.48358239366351,19.892230622700243,3,30,5,6,-81.21406729623496,33.62271552527169
2013-10-11 13:30:00,34,-14.0,-23.22731766682383,22.28974821846014,-25.0,-59.89395348619076,13.439318152543102,-66.9152241750057,20.46058884135805,3,30,5,6,-80.64570907757715,34.19107374392949
2013-10-11 14:30:00,34,-12.0,-23.04610979464234,22.28974821846014,-25.0,-59.71274561400927,13.62052602472459,-66.73401630282422,20.64179671353953,3,30,5,6,-80.46450120539566,34.37228161611098
2013-10-11 15:30:00,34,-12.0,-23.291739024411232,22.28974821846014,-24.0,-59.95837484377816,13.3748967949557,-66.97964553259311,20.396167483770643,3,30,5,6,-80.71013043516456,34.12665238634209
2013-10-11 16:30:00,34,-10.0,-22.700260301643493,22.28974821846014,-24.0,-59.36689612101043,13.96637551772344,-66.38816680982536,20.987646206538383,3,30,5,6,-80.11865171239681,34.718131109109834
2013-10-11 17:30:00,34,-9.0,-22.295839348162342,22.28974821846014,-21.0,-58.96247516752928,14.370796471204583,-65.98374585634423,21.39206716001953,3,30,5,6,-79.71423075891566,35.122552062590984
2013-10-11 18:30:00,34,-6.0,-20.51474381743796,22.28974821846014,-19.0,-57.18137963680489,16.15189200192897,-64.20265032561983,23.173162690743915,3,30,5,6,-77.93313522819128,36.90364759331536
2013-10-11 19:30:00,34,-9.0,-18.48844795274648,22.28974821846014,-14.0,-55.15508377211341,18.17818786662045,-62.17635446092835,25.1994585554354,3,30,5,6,-75.9068393634998,38.929943458006846
2013-10-11 20:30:00,34,-11.0,-18.220440027381184,22.28974821846014,-12.0,-54.88707584674812,18.446195791985748,-61.908346535563055,25.46746648080069,3,30,5,6,-75.6388314381345,39.19795138337214
2013-10-11 21:30:00,34,-10.0,-18.06982269520406,22.28974821846014,-12.0,-54.73645851457099,18.59681312416287,-61.757729203385935,25.61808381297781,3,30,5,6,-75.48821410595738,39.34856871554926
2013-10-11 22:30:00,34,-11.0,-17.413381360428623,22.28974821846014,-10.0,-54.080017179795554,19.253254458938308,-61.1012878686105,26.27452514775325,3,30,5,6,-74.83177277118195,40.0050100503247
2013-10-11 23:30:00,34,-12.0,-16.762265582538625,22.28974821846014,-9.0,-53.42890140190556,19.904370236828303,-60.4501720907205,26.92564092564325,3,30,5,6,-74.18065699329195,40.6561258282147
2013-10-12 00:30:00,34,-13.0,-15.930269343065124,22.28974821846014,-6.0,-52.59690516243205,20.736366476301807,-59.618175851247,27.75763716511675,3,30,5,6,-73.34866075381845,41.488122067688195
2013-10-12 01:30:00,34,-14.0,-15.78738300873508,22.28974821846014,-9.0,-52.45401882810201,20.87925281063185,-59.47528951691696,27.900523499446795,3,30,5,6,-73.2057744194884,41.63100840201824
2013-10-12 02:30:00,34,-15.0,-15.748922532806994,22.28974821846014,-11.0,-52.415558352173925,20.917713286559938,-59.43682904098887,27.93898397537488,3,30,5,6,-73.16731394356032,41.66946887794633
2013-10-12 03:30:00,34,-15.0,-14.974179654323509,22.28974821846014,-10.0,-51.64081547369044,21.692456165043424,-58.66208616250538,28.71372685385837,3,30,5,6,-72.39257106507684,42.444211756429816
2013-10-12 04:30:00,34,-15.0,-14.857169630649604,22.28974821846014,-11.0,-51.52380545001654,21.809466188717327,-58.54507613883148,28.83073687753227,3,30,5,6,-72.27556104140292,42.56122178010372
