time,event_no,DST_true,DST_pred,sigma_nT,DST_persist,DST_p10,DST_p90,DST_p025,DST_p975,fold,L_value,L_idx,H,DST_p005,DST_p995
2001-11-15 20:30:00,15,-24.0,-23.99998197172224,0.043742681930017,,-24.07193868349712,-23.928025259947365,-24.08571762830508,-23.91424631513941,3,36,6,2,-24.112663120373963,-23.887300823070515
2001-11-15 21:30:00,15,-20.0,-19.999824274278968,0.043742681930017,,-20.071780986053845,-19.92786756250409,-20.0855599308618,-19.91408861769613,3,36,6,2,-20.112505422930692,-19.887143125627244
2001-11-15 22:30:00,15,-22.0,-21.999910571857008,0.043742681930017,-24.0,-22.071867283631885,-21.92795386008213,-22.08564622843984,-21.91417491527417,3,36,6,2,-22.112591720508732,-21.887229423205284
2001-11-15 23:30:00,15,-16.0,-16.00000688410335,0.043742681930017,-20.0,-16.071963595878227,-15.928050172328472,-16.085742540686184,-15.914271227520516,3,36,6,2,-16.112688032755074,-15.887325735451626
2001-11-16 00:30:00,15,-12.0,-12.000094635374868,0.043742681930017,-22.0,-12.072051347149744,-11.92813792359999,-12.085830291957702,-11.914358978792034,3,36,6,2,-12.112775784026592,-11.887413486723144
2001-11-16 01:30:00,15,-16.0,-15.999982433659252,0.043742681930017,-16.0,-16.07193914543413,-15.928025721884374,-16.085718090242086,-15.914246777076418,3,36,6,2,-16.112663582310976,-15.887301285007528
2001-11-16 02:30:00,15,-23.0,-22.999886781578724,0.043742681930017,-12.0,-23.0718434933536,-22.92793006980385,-23.08562243816156,-22.91415112499589,3,36,6,2,-23.112567930230448,-22.887205632927
2001-11-16 03:30:00,15,-27.0,-26.99986184512588,0.043742681930017,-16.0,-27.071818556900755,-26.927905133351,-27.085597501708712,-26.914126188543044,3,36,6,2,-27.112542993777605,-26.887180696474157
2001-11-16 04:30:00,15,-27.0,-26.999871771875554,0.043742681930017,-23.0,-27.07182848365043,-26.92791506010068,-27.08560742845839,-26.91413611529272,3,36,6,2,-27.11255292052728,-26.88719062322383
2001-11-16 05:30:00,15,-29.0,-28.999943736796247,0.037882307770458,-27.0,-29.06226013307865,-28.93762734051384,-29.074193060026342,-28.92569441356615,3,36,6,2,-29.097528561612947,-28.902358911979547
2001-11-16 06:30:00,15,-31.0,-30.99995661871082,0.037882307770458,-27.0,-31.062273014993224,-30.937640222428413,-31.07420594194092,-30.92570729548072,3,36,6,2,-31.09754144352752,-30.90237179389412
2001-11-16 07:30:00,15,-32.0,-31.99992864780328,0.043742681930017,-29.0,-32.07188535957816,-31.927971936028403,-32.085664304386114,-31.91419299122045,3,36,6,2,-32.112609796455004,-31.887247499151556
2001-11-16 08:30:00,15,-33.0,-32.9999126926473,0.043742681930017,-31.0,-33.07186940442218,-32.92795598087242,-33.085648349230134,-32.914177036064466,3,36,6,2,-33.112593841299024,-32.887231543995576
2001-11-16 09:30:00,15,-33.0,-32.99995382826798,0.043742681930017,-32.0,-33.07191054004286,-32.927997116493096,-33.08568948485081,-32.91421817168514,3,36,6,2,-33.1126349769197,-32.88727267961625
2001-11-16 10:30:00,15,-32.0,-31.999960052914755,0.043742681930017,-33.0,-32.07191676468963,-31.92800334113988,-32.085695709497585,-31.91422439633192,3,36,6,2,-32.112641201566476,-31.88727890426303
2001-11-16 11:30:00,15,-29.0,-28.999991698686493,0.043742681930017,-33.0,-29.07194841046137,-28.928034986911616,-29.085727355269327,-28.91425604210366,3,36,6,2,-29.112672847338217,-28.88731055003477
2001-11-16 12:30:00,15,-32.0,-31.999964988635725,0.043742681930017,-32.0,-32.071921700410606,-31.928008276860847,-32.08570064521856,-31.91422933205289,3,36,6,2,-32.11264613728745,-31.887283839984
2001-11-16 13:30:00,15,-33.0,-32.99994083321914,0.043742681930017,-29.0,-33.07189754499402,-32.92798412144426,-33.085676489801976,-32.91420517663631,3,36,6,2,-33.112621981870866,-32.88725968456742
2001-11-16 14:30:00,15,-23.0,-23.000087139448503,0.043742681930017,-32.0,-23.07204385122338,-22.928130427673626,-23.085822796031337,-22.91435148286567,3,36,6,2,-23.112768288100227,-22.88740599079678
2001-11-16 15:30:00,15,-26.0,-26.00002476279228,0.043742681930017,-33.0,-26.07198147456716,-25.928068051017405,-26.08576041937512,-25.91428910620945,3,36,6,2,-26.112705911444003,-25.887343614140555
2001-11-16 16:30:00,15,-27.0,-26.999947848547563,0.043742681930017,-23.0,-27.07190456032244,-26.92799113677269,-27.0856835051304,-26.91421219196473,3,36,6,2,-27.112628997199288,-26.88726669989584
2001-11-16 17:30:00,15,-21.0,-21.000016898502125,0.043742681930017,-26.0,-21.071973610277,-20.928060186727247,-21.08575255508496,-20.91428124191929,3,36,6,2,-21.11269804715385,-20.8873357498504
2001-11-16 18:30:00,15,-17.0,-17.000055611716153,0.043742681930017,-27.0,-17.07201232349103,-16.928098899941276,-17.085791268298987,-16.91431995513332,3,36,6,2,-17.112736760367877,-16.88737446306443
2001-11-16 19:30:00,15,-21.0,-20.99998228187543,0.043742681930017,-21.0,-21.071938993650303,-20.92802557010055,-21.085717938458263,-20.914246625292595,3,36,6,2,-21.112663430527153,-20.887301133223705
2001-11-16 20:30:00,15,-23.0,-22.99994286268234,0.043742681930017,-17.0,-23.071899574457216,-22.92798615090746,-23.085678519265173,-22.914207206099505,3,36,6,2,-23.112624011334063,-22.887261714030615
2001-11-16 21:30:00,15,-23.0,-22.999997848988592,0.043742681930017,-21.0,-23.07195456076347,-22.928041137213715,-23.085733505571422,-22.91426219240576,3,36,6,2,-23.112678997640316,-22.887316700336868
2001-11-16 22:30:00,15,-20.0,-20.00004121867679,0.043742681930017,-23.0,-20.07199793045167,-19.928084506901914,-20.085776875259626,-19.91430556209396,3,36,6,2,-20.112722367328516,-19.887360070025068
2001-11-16 23:30:00,15,-20.0,-20.00000146794595,0.043742681930017,-23.0,-20.071958179720827,-19.928044756171072,-20.085737124528784,-19.91426581136312,3,36,6,2,-20.112682616597674,-19.887320319294226
2001-11-17 00:30:00,15,-23.0,-22.99998198774469,0.043742681930017,-20.0,-23.071938699519567,-22.92802527596981,-23.085717644327524,-22.914246331161856,3,36,6,2,-23.112663136396414,-22.887300839092966
2001-11-17 01:30:00,15,-26.0,-25.999963702163708,0.043742681930017,-20.0,-26.071920413938585,-25.92800699038883,-26.08569935874654,-25.91422804558088,3,36,6,2,-26.112644850815432,-25.887282553511984
2001-11-17 02:30:00,15,-28.0,-27.999896320904085,0.043742681930017,-23.0,-28.071853032678963,-27.927939609129208,-28.08563197748692,-27.91416066432125,3,36,6,2,-28.11257746955581,-27.88721517225236
2001-11-17 03:30:00,15,-34.0,-33.99996380933489,0.043742681930017,-26.0,-34.071920521109774,-33.92800709756001,-34.08569946591773,-33.91422815275206,3,36,6,2,-34.11264495798662,-33.88728266068317
2001-11-17 04:30:00,15,-39.0,-38.99991621791075,0.043742681930017,-28.0,-39.07187292968563,-38.92795950613587,-39.08565187449359,-38.91418056132792,3,36,6,2,-39.112597366562476,-38.88723506925903
2001-11-17 05:30:00,15,-34.0,-34.0000279690738,0.043742681930017,-34.0,-34.07198468084868,-33.92807125729892,-34.08576362565663,-33.914292312490964,3,36,6,2,-34.11270911772552,-33.887346820422074
2001-11-17 06:30:00,15,-35.0,-34.999976336360426,0.043742681930017,-39.0,-35.07193304813531,-34.928019624585545,-35.08571199294326,-34.91424067977759,3,36,6,2,-35.11265748501215,-34.8872951877087
2001-11-17 07:30:00,15,-36.0,-35.999938184558424,0.043742681930017,-34.0,-36.071894896333305,-35.92798147278354,-36.08567384114126,-35.91420252797559,3,36,6,2,-36.11261933321015,-35.8872570359067
2001-11-17 08:30:00,15,-37.0,-36.99994897724053,0.043742681930017,-35.0,-37.07190568901541,-36.92799226546565,-37.08568463382336,-36.914213320657694,3,36,6,2,-37.11263012589225,-36.887267828588804
2001-11-17 09:30:00,15,-38.0,-37.99995817681405,0.043742681930017,-36.0,-38.07191488858893,-37.928001465039166,-38.08569383339688,-37.91422252023121,3,36,6,2,-38.11263932546577,-37.88727702816232
2001-11-17 10:30:00,15,-36.0,-36.00000816916528,0.043742681930017,-37.0,-36.07196488094016,-35.9280514573904,-36.08574382574811,-35.91427251258244,3,36,6,2,-36.112689317817,-35.88732702051355
2001-11-17 11:30:00,15,-34.0,-34.000043921482394,0.043742681930017,-38.0,-34.072000633257275,-33.92808720970751,-34.08577957806523,-33.91430826489956,3,36,6,2,-34.11272507013412,-33.88736277283067
2001-11-17 12:30:00,15,-38.0,-37.99997471357631,0.043742681930017,-36.0,-38.07193142535119,-37.92801800180143,-38.08571037015914,-37.91423905699347,3,36,6,2,-38.11265586222803,-37.88729356492458
2001-11-17 13:30:00,15,-33.0,-33.00006909371625,0.043742681930017,-34.0,-33.07202580549113,-32.92811238194137,-33.08580475029908,-32.914333437133415,3,36,6,2,-33.11275024236797,-32.887387945064525
2001-11-17 14:30:00,15,-37.0,-37.00005829833054,0.043742681930017,-38.0,-37.072015010105424,-36.92810158655566,-37.08579395491338,-36.91432264174771,3,36,6,2,-37.11273944698227,-36.88737714967882
2001-11-17 15:30:00,15,-36.0,-35.99998174980833,0.043742681930017,-33.0,-36.07193846158321,-35.92802503803345,-36.08571740639116,-35.91424609322549,3,36,6,2,-36.11266289846005,-35.8873006011566
2001-11-17 16:30:00,15,-31.0,-30.99997726519665,0.043742681930017,-37.0,-31.071933976971533,-30.92802055342177,-31.08571292177949,-30.91424160861382,3,36,6,2,-31.112658413848376,-30.887296116544928
2001-11-17 17:30:00,15,-26.0,-26.000073745154832,0.043742681930017,-36.0,-26.07203045692971,-25.928117033379955,-26.085809401737663,-25.914338088572,3,36,6,2,-26.112754893806557,-25.88739259650311
2001-11-17 18:30:00,15,-33.0,-32.99997958878276,0.043742681930017,-31.0,-33.07193630055764,-32.92802287700788,-33.08571524536559,-32.91424393219992,3,36,6,2,-33.11266073743448,-32.88729844013103
2001-11-17 19:30:00,15,-32.0,-32.00000942559969,0.043742681930017,-26.0,-32.071966137374574,-31.92805271382481,-32.08574508218253,-31.91427376901686,3,36,6,2,-32.11269057425142,-31.88732827694797
2001-11-17 20:30:00,15,-29.0,-28.999961033129853,0.043742681930017,-33.0,-29.07191774490473,-28.928004321354976,-29.085696689712687,-28.91422537654702,3,36,6,2,-29.112642181781577,-28.88727988447813
2001-11-17 21:30:00,15,-24.0,-24.00008347901476,0.043742681930017,-32.0,-24.07204019078964,-23.928126767239885,-24.0858191355976,-23.914347822431928,3,36,6,2,-24.112764627666483,-23.887402330363035
2001-11-17 22:30:00,15,-29.0,-28.999941391945057,0.043742681930017,-29.0,-29.07189810371993,-28.92798468017018,-29.08567704852789,-28.914205735362223,3,36,6,2,-29.11262254059678,-28.887260243293333
2001-11-17 23:30:00,15,-28.0,-27.999963315264708,0.043742681930017,-24.0,-28.071920027039585,-27.92800660348983,-28.085698971847545,-27.91422765868188,3,36,6,2,-28.112644463916432,-27.887282166612984
2001-11-18 00:30:00,15,-23.0,-23.00005592206641,0.043742681930017,-29.0,-23.07201263384129,-22.92809921029153,-23.085791578649243,-22.91432026548357,3,36,6,2,-23.112737070718133,-22.887374773414685
2001-11-18 01:30:00,15,-23.0,-23.00001098741772,0.043742681930017,-28.0,-23.071967699192594,-22.92805427564284,-23.08574664400055,-22.914275330834883,3,36,6,2,-23.112692136069445,-22.887329838765996
2001-11-18 02:30:00,15,-23.0,-22.99999414016996,0.043742681930017,-23.0,-23.07195085194484,-22.928037428395083,-23.0857297967528,-22.91425848358713,3,36,6,2,-23.112675288821684,-22.887312991518236
2001-11-18 03:30:00,15,-28.0,-27.999929284062823,0.043742681930017,-23.0,-28.0718859958377,-27.927972572287945,-28.085664940645657,-27.91419362747999,3,36,6,2,-28.112610432714547,-27.8872481354111
2001-11-18 04:30:00,15,-33.0,-32.99992353941487,0.043742681930017,-23.0,-33.071880251189754,-32.92796682763999,-33.08565919599771,-32.91418788283204,3,36,6,2,-33.1126046880666,-32.88724239076315
2001-11-18 05:30:00,15,-38.0,-37.99985565770344,0.043742681930017,-28.0,-38.07181236947832,-37.92789894592856,-38.08559131428628,-37.91412000112061,3,36,6,2,-38.112536806355166,-37.88717450905172
2001-11-18 06:30:00,15,-38.0,-37.999922672524,0.043742681930017,-33.0,-38.07187938429888,-37.92796596074911,-38.08565832910683,-37.91418701594116,3,36,6,2,-38.112603821175725,-37.88724152387228
2001-11-18 07:30:00,15,-37.0,-36.99994989100894,0.043742681930017,-38.0,-37.07190660278382,-36.92799317923406,-37.08568554759177,-36.914214234426105,3,36,6,2,-37.11263103966066,-36.887268742357215
2001-11-18 08:30:00,15,-33.0,-33.00002501745768,0.043742681930017,-38.0,-33.07198172923256,-32.9280683056828,-33.085760674040515,-32.91428936087485,3,36,6,2,-33.112706166109405,-32.88734386880596
2001-11-18 09:30:00,15,-29.0,-29.000033665481283,0.043742681930017,-37.0,-29.07199037725616,-28.928076953706405,-29.08576932206412,-28.91429800889845,3,36,6,2,-29.112714814133007,-28.88735251682956
2001-11-18 10:30:00,15,-30.0,-30.00003741762135,0.043742681930017,-33.0,-30.071994129396227,-29.928080705846472,-30.085773074204184,-29.91430176103852,3,36,6,2,-30.112718566273074,-29.887356268969626
2001-11-18 11:30:00,15,-28.0,-28.000015529302093,0.043742681930017,-29.0,-28.07197224107697,-27.928058817527216,-28.085751185884927,-27.91427987271926,3,36,6,2,-28.112696677953817,-27.88733438065037
2001-11-18 12:30:00,15,-33.0,-32.99991041797312,0.043742681930017,-30.0,-33.071867129748,-32.92795370619824,-33.08564607455595,-32.914174761390285,3,36,6,2,-33.11259156662484,-32.887229269321395
2001-11-18 13:30:00,15,-31.0,-30.999962103679128,0.043742681930017,-28.0,-31.071918815454005,-30.92800539190425,-31.08569776026196,-30.914226447096294,3,36,6,2,-31.11264325233085,-30.887280955027403
2001-11-18 14:30:00,15,-26.0,-26.000070936290808,0.043742681930017,-33.0,-26.072027648065685,-25.92811422451593,-26.08580659287364,-25.914335279707974,3,36,6,2,-26.11275208494253,-25.887389787639083
2001-11-18 15:30:00,15,-26.0,-26.000020840667982,0.043742681930017,-31.0,-26.071977552442863,-25.92806412889311,-26.08575649725082,-25.914285184085152,3,36,6,2,-26.112701989319707,-25.88733969201626
2001-11-18 16:30:00,15,-29.0,-28.99997014887048,0.043742681930017,-26.0,-29.07192686064536,-28.928013437095604,-29.08570580545332,-28.914234492287648,3,36,6,2,-29.112651297522206,-28.887289000218757
2001-11-18 17:30:00,15,-27.0,-27.00002165001342,0.043742681930017,-26.0,-27.071978361788297,-26.928064938238546,-27.085757306596253,-26.914285993430585,3,36,6,2,-27.112702798665143,-26.887340501361695
2001-11-18 18:30:00,15,-26.0,-26.00011697408193,0.043742681930017,-29.0,-26.072073685856807,-25.928160262307053,-26.085852630664764,-25.914381317499096,3,36,6,2,-26.112798122733654,-25.887435825430206
2001-11-18 19:30:00,15,-27.0,-26.9999713321301,0.043742681930017,-27.0,-27.07192804390498,-26.928014620355224,-27.085706988712936,-26.914235675547268,3,36,6,2,-27.112652480781826,-26.887290183478378
2001-11-18 20:30:00,15,-30.0,-29.99995489508509,0.043742681930017,-26.0,-30.071911606859963,-29.92799818331021,-30.08569055166792,-29.91421923850225,3,36,6,2,-30.112636043736813,-29.887273746433365
2001-11-18 21:30:00,15,-27.0,-26.99997052833668,0.043742681930017,-27.0,-27.07192724011156,-26.928013816561805,-27.08570618491952,-26.914234871753848,3,36,6,2,-27.112651676988403,-26.887289379684955
2001-11-18 22:30:00,15,-24.0,-24.0000073102802,0.043742681930017,-30.0,-24.07196402205508,-23.92805059850532,-24.08574296686303,-23.91427165369736,3,36,6,2,-24.112688458931924,-23.887326161628476
2001-11-18 23:30:00,15,-29.0,-28.9999554935542,0.043742681930017,-27.0,-29.07191220532908,-28.92799878177932,-29.08569115013703,-28.914219836971363,3,36,6,2,-29.112636642205924,-28.887274344902476
2001-11-19 00:30:00,15,-35.0,-34.99997240034949,0.043742681930017,-24.0,-35.07192911212437,-34.92801568857461,-35.085708056932326,-34.91423674376666,3,36,6,2,-35.112653549001216,-34.88729125169777
2001-11-19 01:30:00,15,-28.0,-28.00005734905945,0.043742681930017,-29.0,-28.072014060834324,-27.92810063728457,-28.08579300564228,-27.91432169247661,3,36,6,2,-28.112738497711174,-27.887376200407726
2001-11-19 02:30:00,15,-33.0,-32.999979703454784,0.043742681930017,-35.0,-33.071936415229665,-32.9280229916799,-33.08571536003762,-32.91424404687195,3,36,6,2,-33.11266085210651,-32.88729855480306
2001-11-19 03:30:00,15,-36.0,-35.99998226818279,0.043742681930017,-28.0,-36.07193897995767,-35.92802555640791,-36.085717924765625,-35.91424661159996,3,36,6,2,-36.112663416834515,-35.88730111953107
2001-11-19 04:30:00,15,-37.0,-36.99991424102945,0.043742681930017,-33.0,-37.07187095280433,-36.92795752925457,-37.085649897612285,-36.91417858444662,3,36,6,2,-37.112595389681175,-36.88723309237773
2001-11-19 05:30:00,15,-39.0,-38.99989002822174,0.043742681930017,-36.0,-39.07184673999662,-38.92793331644686,-39.085625684804576,-38.91415437163891,3,36,6,2,-39.112571176873466,-38.88720887957002
2001-11-19 06:30:00,15,-39.0,-38.999976346266855,0.043742681930017,-37.0,-39.071933058041736,-38.92801963449197,-39.08571200284969,-38.91424068968402,3,36,6,2,-39.11265749491858,-38.88729519761513
2001-11-19 07:30:00,15,-35.0,-34.99997684166063,0.043742681930017,-39.0,-35.071933553435514,-34.92802012988575,-35.08571249824347,-34.9142411850778,3,36,6,2,-35.11265799031236,-34.88729569300891
2001-11-19 08:30:00,15,-29.0,-29.00008135905452,0.043742681930017,-39.0,-29.0720380708294,-28.92812464727964,-29.08581701563736,-28.914345702471685,3,36,6,2,-29.112762507706243,-28.887400210402795
2001-11-19 09:30:00,15,-31.0,-30.99999845411776,0.043742681930017,-35.0,-31.07195516589264,-30.92804174234288,-31.085734110700592,-30.914262797534924,3,36,6,2,-31.112679602769482,-30.887317305466034
2001-11-19 10:30:00,15,-28.0,-28.000048000173347,0.043742681930017,-29.0,-28.072004711948225,-27.92809128839847,-28.08578365675618,-27.91431234359052,3,36,6,2,-28.11272914882507,-27.887366851521623
2001-11-19 11:30:00,15,-25.0,-25.00003600997553,0.043742681930017,-31.0,-25.07199272175041,-24.928079298200657,-25.08577166655837,-24.9143003533927,3,36,6,2,-25.112717158627255,-24.887354861323807
2001-11-19 12:30:00,15,-30.0,-29.99995205272848,0.043742681930017,-28.0,-30.071908764503355,-29.9279953409536,-30.085687709311312,-29.914216396145644,3,36,6,2,-30.112633201380206,-29.887270904076757
2001-11-19 13:30:00,15,-33.0,-32.99994178890986,0.043742681930017,-25.0,-33.07189850068474,-32.92798507713498,-33.08567744549269,-32.914206132327024,3,36,6,2,-33.11262293756158,-32.887260640258134
2001-11-19 14:30:00,15,-36.0,-35.99991791916755,0.043742681930017,-30.0,-36.07187463094243,-35.92796120739267,-36.08565357575039,-35.91418226258472,3,36,6,2,-36.112599067819275,-35.88723677051583
2001-11-19 15:30:00,15,-48.0,-47.99979452506956,0.043742681930017,-33.0,-48.07175123684444,-47.92783781329468,-48.0855301816524,-47.91405886848673,3,36,6,2,-48.112475673721285,-47.88711337641784
2001-11-19 16:30:00,15,-47.0,-46.99996246302161,0.043742681930017,-36.0,-47.07191917479649,-46.92800575124673,-47.08569811960445,-46.914226806438776,3,36,6,2,-47.112643611673334,-46.887281314369886
2001-11-19 17:30:00,15,-46.0,-46.00005055500827,0.043742681930017,-48.0,-46.07200726678315,-45.92809384323339,-46.08578621159111,-45.91431489842544,3,36,6,2,-46.112731703659996,-45.88736940635655
2001-11-19 18:30:00,15,-36.0,-36.000067850011334,0.043742681930017,-47.0,-36.072024561786215,-35.92811113823645,-36.08580350659417,-35.9143321934285,3,36,6,2,-36.11274899866306,-35.88738670135961
2001-11-19 19:30:00,15,-32.0,-32.000074920577106,0.043742681930017,-46.0,-32.07203163235199,-31.92811820880223,-32.08581057715994,-31.914339263994272,3,36,6,2,-32.11275606922883,-31.88739377192538
2001-11-19 20:30:00,15,-40.0,-39.99993958734064,0.043742681930017,-36.0,-40.07189629911552,-39.92798287556575,-40.08567524392347,-39.9142039307578,3,36,6,2,-40.112620735992365,-39.88725843868892
2001-11-19 21:30:00,15,-47.0,-46.9999015818899,0.043742681930017,-32.0,-47.07185829366478,-46.92794487011502,-47.085637238472735,-46.91416592530707,3,36,6,2,-47.112582730541625,-46.88722043323818
2001-11-19 22:30:00,15,-39.0,-39.00000593295147,0.043742681930017,-40.0,-39.07196264472635,-38.928049221176586,-39.0857415895343,-38.91427027636863,3,36,6,2,-39.11268708160319,-38.88732478429974
2001-11-19 23:30:00,15,-36.0,-36.00003274635148,0.043742681930017,-47.0,-36.07198945812636,-35.9280760345766,-36.08576840293431,-35.914297089768645,3,36,6,2,-36.1127138950032,-35.887351597699755
2001-11-20 00:30:00,15,-34.0,-34.00004191520497,0.043742681930017,-39.0,-34.07199862697985,-33.928085203430086,-34.0857775717878,-33.91430625862213,3,36,6,2,-34.11272306385669,-33.88736076655324
2001-11-20 01:30:00,15,-39.0,-38.99995618202506,0.043742681930017,-36.0,-39.07191289379994,-38.92799947025018,-39.08569183860789,-38.91422052544223,3,36,6,2,-39.11263733067678,-38.887275033373335
2001-11-20 02:30:00,15,-35.0,-35.000065762776025,0.043742681930017,-34.0,-35.072022474550906,-34.928109051001144,-35.08580141935886,-34.91433010619319,3,36,6,2,-35.11274691142775,-34.8873846141243
2001-11-20 03:30:00,15,-26.0,-26.00012534293633,0.043742681930017,-39.0,-26.07208205471121,-25.92816863116145,-26.085860999519163,-25.91438968635349,3,36,6,2,-26.112806491588053,-25.887444194284605
2001-11-20 04:30:00,15,-30.0,-30.000021126754937,0.043742681930017,-35.0,-30.07197783852981,-29.92806441498006,-30.08575678333777,-29.914285470172103,3,36,6,2,-30.11270227540666,-29.887339978103213
2001-11-20 05:30:00,15,-38.0,-37.99989081530317,0.043742681930017,-26.0,-38.07184752707805,-37.92793410352829,-38.085626471886,-37.914155158720334,3,36,6,2,-38.11257196395489,-37.887209666651444
2001-11-20 06:30:00,15,-40.0,-39.99992093427077,0.043742681930017,-30.0,-40.07187764604565,-39.92796422249589,-40.0856565908536,-39.914185277687935,3,36,6,2,-40.11260208292249,-39.887239785619045
2001-11-20 07:30:00,15,-39.0,-39.00003340201398,0.043742681930017,-38.0,-39.071990113788864,-38.9280766902391,-39.08576905859682,-38.91429774543115,3,36,6,2,-39.11271455066571,-38.88735225336226
2001-11-20 08:30:00,15,-34.0,-34.0000605021554,0.043742681930017,-40.0,-34.07201721393028,-33.92810379038052,-34.08579615873823,-33.914324845572565,3,36,6,2,-34.11274165080712,-33.887379353503675
2001-11-20 09:30:00,15,-33.0,-32.99999645007639,0.043742681930017,-39.0,-33.07195316185127,-32.92803973830151,-33.08573210665922,-32.914260793493554,3,36,6,2,-33.11267759872811,-32.887315301424664
2001-11-20 10:30:00,15,-35.0,-34.999944068029755,0.043742681930017,-34.0,-35.07190077980464,-34.927987356254874,-35.08567972461259,-34.91420841144692,3,36,6,2,-35.11262521668148,-34.88726291937803
2001-11-20 11:30:00,15,-34.0,-33.99995663416389,0.043742681930017,-33.0,-34.07191334593877,-33.927999922389006,-34.08569229074672,-33.91422097758105,3,36,6,2,-34.11263778281561,-33.88727548551216
2001-11-20 12:30:00,15,-33.0,-32.99998704627154,0.043742681930017,-35.0,-33.07194375804642,-32.92803033449666,-33.085722702854376,-32.91425138968871,3,36,6,2,-33.112668194923266,-32.88730589761982
2001-11-20 13:30:00,15,-31.0,-31.0000022647332,0.043742681930017,-34.0,-31.071958976508075,-30.92804555295832,-31.08573792131603,-30.914266608150363,3,36,6,2,-31.112683413384925,-30.887321116081477
2001-11-20 14:30:00,15,-32.0,-31.99998188784216,0.043742681930017,-33.0,-32.07193859961704,-31.928025176067283,-32.085717544424995,-31.914246231259327,3,36,6,2,-32.112663036493885,-31.887300739190437
2001-11-20 15:30:00,15,-31.0,-30.999967245591904,0.043742681930017,-31.0,-31.07192395736678,-30.928010533817027,-31.08570290217473,-30.91423158900907,3,36,6,2,-31.112648394243628,-30.88728609694018
2001-11-20 16:30:00,15,-31.0,-30.999968714880435,0.043742681930017,-32.0,-31.071925426655312,-30.92801200310556,-31.08570437146327,-30.9142330582976,3,36,6,2,-31.11264986353216,-30.88728756622871
2001-11-20 17:30:00,15,-30.0,-29.99997094776522,0.043742681930017,-31.0,-30.071927659540098,-29.928014235990343,-30.08570660434805,-29.914235291182383,3,36,6,2,-30.112652096416944,-29.887289799113496
2001-11-20 18:30:00,15,-28.0,-27.999995786007496,0.043742681930017,-31.0,-28.071952497782373,-27.92803907423262,-28.08573144259033,-27.91426012942466,3,36,6,2,-28.11267693465922,-27.88731463735577
2001-11-20 19:30:00,15,-27.0,-26.99999697854188,0.043742681930017,-30.0,-27.07195369031676,-26.928040266767,-27.08573263512471,-26.91426132195904,3,36,6,2,-27.112678127193604,-26.887315829890156
2001-11-20 20:30:00,15,-28.0,-27.99997221213372,0.043742681930017,-28.0,-28.07192892390859,-27.92801550035884,-28.085707868716547,-27.91423655555088,3,36,6,2,-28.112653360785444,-27.887291063481996
2001-11-20 21:30:00,15,-28.0,-27.9999571348154,0.043742681930017,-27.0,-28.07191384659028,-27.92800042304052,-28.08569279139823,-27.91422147823256,3,36,6,2,-28.112638283467124,-27.887275986163676
2001-11-20 22:30:00,15,-26.0,-25.99998211315632,0.043742681930017,-28.0,-26.0719388249312,-25.928025401381444,-26.085717769739155,-25.914246456573487,3,36,6,2,-26.112663261808045,-25.887300964504597
2001-11-20 23:30:00,15,-24.0,-24.000013079773467,0.043742681930017,-28.0,-24.071969791548344,-23.92805636799859,-24.0857487363563,-23.91427742319064,3,36,6,2,-24.11269422842519,-23.887331931121743
2001-11-21 00:30:00,15,-24.0,-24.000005666956262,0.043742681930017,-26.0,-24.07196237873114,-23.928048955181385,-24.085741323539096,-23.91427001037343,3,36,6,2,-24.112686815607987,-23.88732451830454
2001-11-21 01:30:00,15,-25.0,-24.999973782097925,0.043742681930017,-24.0,-25.0719304938728,-24.928017070323047,-25.08570943868076,-24.91423812551509,3,36,6,2,-25.11265493074965,-24.8872926334462
2001-11-21 02:30:00,15,-26.0,-25.99996410861269,0.043742681930017,-24.0,-26.07192082038757,-25.92800739683782,-26.08569976519553,-25.914228452029864,3,36,6,2,-26.112645257264415,-25.887282959960967
2001-11-21 03:30:00,15,-26.0,-25.99997291987845,0.043742681930017,-25.0,-26.07192963165333,-25.92801620810357,-26.08570857646129,-25.91423726329561,3,36,6,2,-26.112654068530173,-25.887291771226725
2001-11-21 04:30:00,15,-25.0,-24.9999912922263,0.043742681930017,-26.0,-25.07194800400118,-24.928034580451424,-25.08572694880913,-24.914255635643467,3,36,6,2,-25.112672440878026,-24.887310143574577
2001-11-21 05:30:00,15,-26.0,-25.99996767490596,0.043742681930017,-26.0,-26.07192438668083,-25.92801096313108,-26.085703331488787,-25.91423201832312,3,36,6,2,-26.112648823557684,-25.887286526254236
2001-11-21 06:30:00,15,-29.0,-28.999950110934723,0.043742681930017,-25.0,-29.0719068227096,-28.927993399159845,-29.08568576751756,-28.91421445435189,3,36,6,2,-29.112631259586447,-28.887268962283
2001-11-21 07:30:00,15,-26.0,-25.99999965495354,0.043742681930017,-26.0,-26.07195636672842,-25.928042943178664,-26.08573531153637,-25.914263998370707,3,36,6,2,-26.112680803605265,-25.887318506301817
2001-11-21 08:30:00,15,-21.0,-21.000087250510745,0.043742681930017,-29.0,-21.072043962285623,-20.928130538735868,-21.08582290709358,-20.91435159392791,3,36,6,2,-21.11276839916247,-20.88740610185902
2001-11-21 09:30:00,15,-20.0,-20.00003399368393,0.043742681930017,-26.0,-20.07199070545881,-19.92807728190905,-20.08576965026677,-19.914298337101098,3,36,6,2,-20.112715142335656,-19.887352845032208
2001-11-21 10:30:00,15,-21.0,-21.000006303993857,0.043742681930017,-21.0,-21.07196301576873,-20.92804959221898,-21.08574196057669,-20.914270647411023,3,36,6,2,-21.11268745264558,-20.887325155342133
2001-11-21 11:30:00,15,-20.0,-20.000005206382497,0.043742681930017,-20.0,-20.07196191815737,-19.92804849460762,-20.08574086296533,-19.914269549799663,3,36,6,2,-20.11268635503422,-19.887324057730773
2001-11-21 12:30:00,15,-20.0,-20.000011184574408,0.043742681930017,-21.0,-20.071967896349285,-19.92805447279953,-20.08574684115724,-19.91427552799157,3,36,6,2,-20.112692333226132,-19.887330035922684
2001-11-21 13:30:00,15,-21.0,-21.00001083731692,0.043742681930017,-20.0,-21.0719675490918,-20.928054125542044,-21.085746493899755,-20.914275180734087,3,36,6,2,-21.112691985968645,-20.887329688665197
2001-11-21 14:30:00,15,-19.0,-19.00003241552311,0.043742681930017,-20.0,-19.071989127297982,-18.92807570374823,-19.085768072105942,-18.914296758940274,3,36,6,2,-19.112713564174832,-18.887351266871384
2001-11-21 15:30:00,15,-14.0,-14.000037470980963,0.043742681930017,-21.0,-14.07199418275584,-13.928080759206086,-14.085773127563796,-13.91430181439813,3,36,6,2,-14.112718619632687,-13.88735632232924
2001-11-21 16:30:00,15,-16.0,-16.00002007064133,0.043742681930017,-19.0,-16.071976782416208,-15.928063358866453,-16.085755727224164,-15.914284414058496,3,36,6,2,-16.112701219293054,-15.887338921989606
2001-11-21 17:30:00,15,-19.0,-18.999999350514315,0.043742681930017,-14.0,-19.0719560622892,-18.92804263873944,-19.08573500709715,-18.91426369393148,3,36,6,2,-19.11268049916604,-18.88731820186259
2001-11-21 18:30:00,15,-16.0,-16.00006221599033,0.043742681930017,-16.0,-16.072018927765207,-15.928105504215452,-16.085797872573163,-15.914326559407495,3,36,6,2,-16.112743364642053,-15.887381067338605
2001-11-21 19:30:00,15,-11.0,-11.000038713071945,0.043742681930017,-19.0,-11.071995424846822,-10.928082001297067,-11.08577436965478,-10.91430305648911,3,36,6,2,-11.112719861723669,-10.88735756442022
2001-11-21 20:30:00,15,-10.0,-10.000032847047866,0.043742681930017,-16.0,-10.071989558822745,-9.928076135272988,-10.0857685036307,-9.914297190465032,3,36,6,2,-10.11271399569959,-9.887351698396142
2001-11-21 21:30:00,15,-12.0,-12.00000306379637,0.043742681930017,-11.0,-12.071959775571248,-11.928046352021491,-12.085738720379204,-11.914267407213536,3,36,6,2,-12.112684212448094,-11.887321915144646
2001-11-21 22:30:00,15,-12.0,-12.000004754144015,0.043742681930017,-10.0,-12.071961465918893,-11.928048042369138,-12.08574041072685,-11.91426909756118,3,36,6,2,-12.11268590279574,-11.887323605492291
2001-11-21 23:30:00,15,-12.0,-11.999987556912073,0.043742681930017,-12.0,-12.071944268686948,-11.928030845137194,-12.085723213494903,-11.914251900329235,3,36,6,2,-12.112668705563797,-11.887306408260349
2001-11-22 00:30:00,15,-12.0,-12.00000574290123,0.043742681930017,-12.0,-12.071962454676108,-11.928049031126353,-12.085741399484064,-11.914270086318396,3,36,6,2,-12.112686891552954,-11.887324594249506
2001-11-22 01:30:00,15,-13.0,-12.9999748137906,0.043742681930017,-12.0,-13.071931525565478,-12.928018102015724,-13.085710470373437,-12.914239157207769,3,36,6,2,-13.112655962442323,-12.887293665138875
2001-11-22 02:30:00,15,-15.0,-14.99993391887136,0.043742681930017,-12.0,-15.071890630646235,-14.927977207096482,-15.085669575454194,-14.914198262288526,3,36,6,2,-15.112615067523084,-14.887252770219636
2001-11-22 03:30:00,15,-18.0,-17.999958432815177,0.043742681930017,-13.0,-18.07191514459005,-17.9280017210403,-18.08569408939801,-17.914222776232343,3,36,6,2,-18.1126395814669,-17.887277284163453
2001-11-22 04:30:00,15,-21.0,-20.999945855653245,0.043742681930017,-15.0,-21.07190256742812,-20.927989143878367,-21.08568151223608,-20.91421019907041,3,36,6,2,-21.11262700430497,-20.88726470700152
2001-11-22 05:30:00,15,-16.0,-16.00006296352069,0.043742681930017,-18.0,-16.072019675295568,-15.928106251745811,-16.085798620103525,-15.914327306937857,3,36,6,2,-16.112744112172415,-15.887381814868967
2001-11-22 06:30:00,15,-19.0,-19.00000002427305,0.043742681930017,-21.0,-19.071956736047927,-18.92804331249817,-19.085735680855883,-18.91426436769021,3,36,6,2,-19.112681172924773,-18.887318875621325
2001-11-22 07:30:00,15,-19.0,-18.999950256475003,0.043742681930017,-16.0,-19.07190696824988,-18.92799354470013,-19.08568591305784,-18.91421459989217,3,36,6,2,-19.112631405126727,-18.88726910782328
2001-11-22 08:30:00,15,-18.0,-17.999993938559005,0.043742681930017,-19.0,-18.07195065033388,-17.928037226784127,-18.08572959514184,-17.91425828197617,3,36,6,2,-18.11267508721073,-17.88731278990728
2001-11-22 09:30:00,15,-21.0,-20.99998388557946,0.043742681930017,-19.0,-21.07194059735433,-20.928027173804583,-21.08571954216229,-20.914248228996627,3,36,6,2,-21.112665034231185,-20.887302736927737
2001-11-22 10:30:00,15,-18.0,-18.00010813516164,0.043742681930017,-18.0,-18.07206484693652,-17.928151423386762,-18.08584379174448,-17.914372478578805,3,36,6,2,-18.112789283813363,-17.887426986509915
2001-11-22 11:30:00,15,-16.0,-15.999998389644006,0.043742681930017,-21.0,-16.071955101418883,-15.928041677869128,-16.08573404622684,-15.914262733061172,3,36,6,2,-16.11267953829573,-15.887317240992282
2001-11-22 12:30:00,15,-15.0,-15.00003225824457,0.043742681930017,-18.0,-15.071988970019447,-14.928075546469692,-15.085767914827404,-14.914296601661736,3,36,6,2,-15.112713406896294,-14.887351109592846
2001-11-22 13:30:00,15,-14.0,-14.000002753647586,0.043742681930017,-16.0,-14.071959465422465,-13.928046041872708,-14.08573841023042,-13.914267097064752,3,36,6,2,-14.11268390229931,-13.887321604995861
2001-11-22 14:30:00,15,-16.0,-16.00000980647963,0.043742681930017,-15.0,-16.071966518254506,-15.928053094704753,-16.085745463062462,-15.914274149896794,3,36,6,2,-16.112690955131352,-15.887328657827904
2001-11-22 15:30:00,15,-15.0,-14.999987100209957,0.043742681930017,-14.0,-15.071943811984834,-14.92803038843508,-15.08572275679279,-14.914251443627125,3,36,6,2,-15.11266824886168,-14.887305951558233
2001-11-22 16:30:00,15,-15.0,-14.99999581987451,0.043742681930017,-16.0,-15.071952531649387,-14.928039108099632,-15.085731476457344,-14.914260163291676,3,36,6,2,-15.112676968526234,-14.887314671222786
2001-11-22 17:30:00,15,-11.0,-11.00006207504548,0.043742681930017,-15.0,-11.072018786820358,-10.928105363270603,-11.085797731628316,-10.914326418462649,3,36,6,2,-11.112743223697205,-10.887380926393757
2001-11-22 18:30:00,15,-9.0,-9.000035985794273,0.043742681930017,-15.0,-9.07199269756915,-8.928079274019396,-9.085771642377107,-8.91430032921144,3,36,6,2,-9.112717134445997,-8.88735483714255
2001-11-22 19:30:00,15,-6.0,-6.00005114577451,0.043742681930017,-11.0,-6.072007857549388,-5.928094433999632,-6.085786802357343,-5.914315489191677,3,36,6,2,-6.112732294426234,-5.887369997122786
2001-11-22 20:30:00,15,-17.0,-16.999935413818204,0.043742681930017,-9.0,-17.07189212559308,-16.927978702043326,-17.085671070401037,-16.91419975723537,3,36,6,2,-17.112616562469928,-16.88725426516648
2001-11-22 21:30:00,15,-23.0,-22.999919834538343,0.043742681930017,-6.0,-23.07187654631322,-22.927963122763465,-23.085655491121177,-22.91418417795551,3,36,6,2,-23.112600983190067,-22.88723868588662
2001-11-22 22:30:00,15,-29.0,-28.999886708212493,0.043742681930017,-17.0,-29.07184341998737,-28.927929996437616,-29.085622364795327,-28.91415105162966,3,36,6,2,-29.112567856864217,-28.88720555956077
2001-11-22 23:30:00,15,-28.0,-28.000006552160134,0.043742681930017,-23.0,-28.07196326393501,-27.928049840385256,-28.085742208742968,-27.9142708955773,3,36,6,2,-28.112687700811858,-27.88732540350841
2001-11-23 00:30:00,15,-33.0,-32.99998600365675,0.043742681930017,-29.0,-33.07194271543163,-32.92802929188187,-33.085721660239585,-32.91425034707392,3,36,6,2,-33.112667152308475,-32.88730485500503
2001-11-23 01:30:00,15,-39.0,-38.99983357646506,0.043742681930017,-28.0,-39.07179028823994,-38.92787686469018,-39.08556923304789,-38.914097919882224,3,36,6,2,-39.11251472511678,-38.887152427813334
2001-11-23 02:30:00,15,-42.0,-41.99994324787781,0.043742681930017,-33.0,-42.07189995965269,-41.92798653610293,-42.08567890446064,-41.914207591294975,3,36,6,2,-42.11262439652953,-41.887262099226085
2001-11-23 03:30:00,15,-37.0,-36.999991137038855,0.043742681930017,-39.0,-37.071947848813736,-36.92803442526397,-37.08572679362169,-36.91425548045602,3,36,6,2,-37.11267228569058,-36.88730998838713
2001-11-23 04:30:00,15,-31.0,-31.00002333132561,0.043742681930017,-42.0,-31.07198004310049,-30.928066619550734,-31.085758987908445,-30.914287674742777,3,36,6,2,-31.112704479977335,-30.887342182673887
2001-11-23 05:30:00,15,-34.0,-34.00003417847429,0.043742681930017,-37.0,-34.07199089024917,-33.928077466699406,-34.08576983505712,-33.91429852189145,3,36,6,2,-34.11271532712601,-33.88735302982256
2001-11-23 06:30:00,15,-33.0,-32.99996658106136,0.043742681930017,-31.0,-33.07192329283624,-32.92800986928648,-33.08570223764419,-32.914230924478524,3,36,6,2,-33.11264772971308,-32.887285432409634
2001-11-23 07:30:00,15,-26.0,-26.00001941064564,0.043742681930017,-34.0,-26.07197612242052,-25.928062698870765,-26.08575506722848,-25.914283754062808,3,36,6,2,-26.112700559297362,-25.887338261993914
2001-11-23 08:30:00,15,-24.0,-24.0000448161452,0.043742681930017,-33.0,-24.07200152792008,-23.928088104370325,-24.08578047272804,-23.914309159562368,3,36,6,2,-24.112725964796923,-23.887363667493474
2001-11-23 09:30:00,15,-30.0,-29.999950942484368,0.043742681930017,-26.0,-30.071907654259245,-29.92799423070949,-30.0856865990672,-29.91421528590153,3,36,6,2,-30.112632091136092,-29.887269793832644
2001-11-23 10:30:00,15,-34.0,-33.99994816595527,0.043742681930017,-24.0,-34.07190487773015,-33.927991454180386,-34.0856838225381,-33.91421250937243,3,36,6,2,-34.11262931460699,-33.88726701730354
2001-11-23 11:30:00,15,-30.0,-30.00003653659646,0.043742681930017,-30.0,-30.07199324837134,-29.928079824821584,-30.08577219317929,-29.914300880013627,3,36,6,2,-30.112717685248185,-29.887355387944737
2001-11-23 12:30:00,15,-26.0,-26.000057358927435,0.043742681930017,-34.0,-26.07201407070232,-25.92810064715256,-26.08579301551027,-25.9143217023446,3,36,6,2,-26.11273850757916,-25.88737621027571
2001-11-23 13:30:00,15,-31.0,-31.000023095664265,0.043742681930017,-30.0,-31.071979807439146,-30.928066383889387,-31.0857587522471,-30.91428743908143,3,36,6,2,-31.11270424431599,-30.88734194701254
2001-11-23 14:30:00,15,-29.0,-28.999918776213622,0.043742681930017,-26.0,-29.0718754879885,-28.927962064438745,-29.085654432796456,-28.91418311963079,3,36,6,2,-29.112599924865346,-28.8872376275619
2001-11-23 15:30:00,15,-31.0,-30.99999233725344,0.043742681930017,-31.0,-31.07194904902832,-30.92803562547856,-31.085727993836272,-30.914256680670604,3,36,6,2,-31.112673485905162,-30.887311188601714
2001-11-23 16:30:00,15,-37.0,-36.99993842968811,0.043742681930017,-29.0,-37.07189514146299,-36.92798171791323,-37.08567408627094,-36.91420277310527,3,36,6,2,-37.11261957833983,-36.88725728103638
2001-11-23 17:30:00,15,-33.0,-32.99991059914545,0.043742681930017,-31.0,-33.07186731092033,-32.92795388737057,-33.085646255728285,-32.91417494256262,3,36,6,2,-33.112591747797175,-32.88722945049373
2001-11-23 18:30:00,15,-27.0,-27.000055657961752,0.043742681930017,-37.0,-27.07201236973663,-26.928098946186875,-27.085791314544583,-26.91432000137892,3,36,6,2,-27.112736806613476,-26.88737450931003
2001-11-23 19:30:00,15,-25.0,-25.000086988219067,0.043742681930017,-33.0,-25.072043699993944,-24.92813027644419,-25.0858226448019,-24.91435133163624,3,36,6,2,-25.11276813687079,-24.887405839567343
2001-11-23 20:30:00,15,-24.0,-23.99998588587461,0.043742681930017,-27.0,-24.071942597649493,-23.928029174099738,-24.08572154245745,-23.91425022929178,3,36,6,2,-24.112667034526336,-23.887304737222887
2001-11-23 21:30:00,15,-25.0,-24.99998602741264,0.043742681930017,-25.0,-25.07194273918752,-24.92802931563776,-25.08572168399548,-24.914250370829805,3,36,6,2,-25.112667176064363,-24.887304878760915
2001-11-23 22:30:00,15,-31.0,-30.999948553186204,0.043742681930017,-24.0,-31.07190526496108,-30.927991841411327,-31.08568420976904,-30.91421289660337,3,36,6,2,-31.11262970183793,-30.88726740453448
2001-11-23 23:30:00,15,-35.0,-34.99989317810349,0.043742681930017,-25.0,-35.07184988987837,-34.92793646632861,-35.085628834686325,-34.91415752152066,3,36,6,2,-35.112574326755215,-34.88721202945177
2001-11-24 00:30:00,15,-29.0,-29.00000905479704,0.043742681930017,-31.0,-29.07196576657192,-28.928052343022163,-29.08574471137988,-28.91427339821421,3,36,6,2,-29.112690203448764,-28.887327906145316
2001-11-24 01:30:00,15,-31.0,-30.999991800901427,0.043742681930017,-35.0,-31.071948512676304,-30.92803508912655,-31.08572745748426,-30.9142561443186,3,36,6,2,-31.11267294955315,-30.887310652249703
2001-11-24 02:30:00,15,-34.0,-33.99990553923997,0.043742681930017,-29.0,-34.07186225101485,-33.92794882746509,-34.0856411958228,-33.914169882657134,3,36,6,2,-34.11258668789169,-33.887224390588244
2001-11-24 03:30:00,15,-34.0,-33.99993833493388,0.043742681930017,-31.0,-34.07189504670876,-33.927981623159,-34.085673991516714,-33.914202678351046,3,36,6,2,-34.112619483585604,-33.887257186282156
2001-11-24 04:30:00,15,-39.0,-38.99998309598181,0.043742681930017,-34.0,-39.071939807756685,-38.92802638420692,-39.08571875256464,-38.91424743939897,3,36,6,2,-39.112664244633535,-38.88730194733009
2001-11-24 05:30:00,15,-24.0,-24.00007924655876,0.043742681930017,-34.0,-24.07203595833364,-23.928122534783885,-24.0858149031416,-23.91434358997593,3,36,6,2,-24.112760395210483,-23.887398097907035
2001-11-24 06:30:00,15,2.0,1.999612540982234,0.043742681930017,-39.0,1.927655829207356,2.071569252757112,1.9138768843994007,2.085348197565068,3,36,6,2,1.8869313923305102,2.1122936896339577
2001-11-24 07:30:00,15,-91.0,-90.9993132136333,0.043742681930017,-24.0,-91.07126992540816,-90.92735650185844,-91.08504887021611,-90.91357755705047,3,36,6,2,-91.11199436228502,-90.88663206498158
2001-11-24 08:30:00,15,-92.0,-91.99955895907632,0.043742681930017,2.0,-92.07151567085118,-91.92760224730144,-92.08529461565914,-91.91382330249348,3,36,6,2,-92.11224010772804,-91.88687781042461
2001-11-24 09:30:00,15,-72.0,-71.99993091139336,0.043742681930017,-91.0,-72.07188762316824,-71.92797419961849,-72.08566656797619,-71.91419525481054,3,36,6,2,-72.11261206004508,-71.88724976274165
2001-11-24 10:30:00,15,-96.0,-95.99972543716056,0.043742681930017,-92.0,-96.07168214893542,-95.92776872538568,-96.08546109374338,-95.91398978057772,3,36,6,2,-96.11240658581228,-95.88704428850885
2001-11-24 11:30:00,15,-132.0,-131.99935292474686,0.043742681930017,-72.0,-132.07130963652173,-131.92739621297198,-132.0850885813297,-131.91361726816402,3,36,6,2,-132.11203407339858,-131.88667177609514
2001-11-24 12:30:00,15,-196.0,-195.9989435121776,0.043742681930017,-96.0,-196.0709002239524,-195.92698680040263,-196.0846791687604,-195.9132078555947,3,36,6,2,-196.1116246608293,-195.88626236352587
2001-11-24 13:30:00,15,-179.0,-179.00014212802046,0.043742681930017,-132.0,-179.07209883979533,-178.92818541624558,-179.0858777846033,-178.91440647143762,3,36,6,2,-179.11282327667217,-178.88746097936874
2001-11-24 14:30:00,15,-202.0,-201.9998413064384,0.043742681930017,-196.0,-202.0717980182133,-201.9278845946636,-202.08557696302125,-201.9141056498556,3,36,6,2,-202.11252245509013,-201.8871601577867
2001-11-24 15:30:00,15,-211.0,-210.99968065338288,0.043742681930017,-179.0,-211.07163736515776,-210.927723941608,-211.08541630996567,-210.91394499680004,3,36,6,2,-211.1123618020346,-210.88699950473116
2001-11-24 16:30:00,15,-221.0,-220.999711894991,0.043742681930017,-202.0,-221.07166860676588,-220.9277551832161,-221.08544755157385,-220.91397623840817,3,36,6,2,-221.11239304364273,-220.8870307463393
2001-11-24 17:30:00,15,-216.0,-215.99966305500047,0.043742681930017,-211.0,-216.0716197667754,-215.92770634322565,-216.08539871158337,-215.91392739841768,3,36,6,2,-216.11234420365219,-215.88698190634875
2001-11-24 18:30:00,15,-205.0,-204.99987509270235,0.043742681930017,-221.0,-205.0718318044772,-204.92791838092745,-205.0856107492852,-204.91413943611948,3,36,6,2,-205.11255624135407,-204.88719394405064
2001-11-24 19:30:00,15,-187.0,-186.9999274420135,0.043742681930017,-216.0,-187.0718841537884,-186.92797073023863,-187.0856630985964,-186.91419178543063,3,36,6,2,-187.11260859066522,-186.88724629336178
2001-11-24 20:30:00,15,-177.0,-176.99997820133206,0.043742681930017,-205.0,-177.07193491310693,-176.92802148955718,-177.0857138579149,-176.9142425447492,3,36,6,2,-177.11265934998377,-176.88729705268034
2001-11-24 21:30:00,15,-172.0,-171.99993002342742,0.043742681930017,-187.0,-172.0718867352023,-171.92797331165255,-172.0856656800103,-171.91419436684458,3,36,6,2,-172.11261117207914,-171.8872488747757
2001-11-24 22:30:00,15,-153.0,-153.0000614734298,0.043742681930017,-177.0,-153.07201818520468,-152.92810476165494,-153.08579713001265,-152.91432581684697,3,36,6,2,-153.11274262208153,-152.8873803247781
2001-11-24 23:30:00,15,-150.0,-150.0000335066018,0.043742681930017,-172.0,-150.07199021837667,-149.92807679482692,-150.08576916318464,-149.91429785001895,3,36,6,2,-150.1127146552535,-149.88735235795008
2001-11-25 00:30:00,15,-145.0,-144.9999550823562,0.043742681930017,-153.0,-145.07191179413107,-144.92799837058132,-145.08569073893904,-144.91421942577335,3,36,6,2,-145.1126362310079,-144.88727393370448
2001-11-25 01:30:00,15,-145.0,-144.9998966699607,0.043742681930017,-150.0,-145.07185338173556,-144.92793995818582,-145.08563232654353,-144.91416101337785,3,36,6,2,-145.1125778186124,-144.88721552130897
2001-11-25 02:30:00,15,-144.0,-143.9998875370883,0.043742681930017,-145.0,-144.0718442488632,-143.92793082531344,-144.08562319367115,-143.91415188050547,3,36,6,2,-144.11256868574003,-143.8872063884366
2001-11-25 03:30:00,15,-134.0,-133.99998405908318,0.043742681930017,-145.0,-134.07194077085805,-133.9280273473083,-134.08571971566602,-133.91424840250033,3,36,6,2,-134.1126652077349,-133.88730291043146
2001-11-25 04:30:00,15,-124.0,-124.00007625559512,0.043742681930017,-144.0,-124.07203296737,-123.92811954382026,-124.08581191217796,-123.9143405990123,3,36,6,2,-124.11275740424684,-123.8873951069434
2001-11-25 05:30:00,15,-118.0,-118.00004286725166,0.043742681930017,-134.0,-118.07199957902654,-117.9280861554768,-118.08577852383448,-117.91430721066884,3,36,6,2,-118.11272401590338,-117.88736171859995
2001-11-25 06:30:00,15,-111.0,-111.00003111731482,0.043742681930017,-124.0,-111.0719878290897,-110.92807440553996,-111.08576677389765,-110.914295460732,3,36,6,2,-111.11271226596654,-110.8873499686631
2001-11-25 07:30:00,15,-114.0,-113.99994658405316,0.043742681930017,-118.0,-114.07190329582804,-113.92798987227827,-114.085682240636,-113.91421092747034,3,36,6,2,-114.11262773270488,-113.88726543540145
2001-11-25 08:30:00,15,-113.0,-112.99990130999036,0.043742681930017,-111.0,-113.07185802176522,-112.92794459821548,-113.08563696657318,-112.91416565340752,3,36,6,2,-113.11258245864208,-112.88722016133865
2001-11-25 09:30:00,15,-106.0,-105.99997689024624,0.043742681930017,-114.0,-106.07193360202112,-105.92802017847136,-106.08571254682909,-105.91424123366342,3,36,6,2,-106.11265803889796,-105.88729574159453
2001-11-25 10:30:00,15,-103.0,-102.99999061499688,0.043742681930017,-113.0,-103.07194732677176,-102.928033903222,-103.0857262715797,-102.91425495841403,3,36,6,2,-103.11267176364859,-102.88730946634516
2001-11-25 11:30:00,15,-107.0,-106.99990401324658,0.043742681930017,-106.0,-107.07186072502144,-106.9279473014717,-107.0856396698294,-106.91416835666377,3,36,6,2,-107.1125851618983,-106.88722286459486
2001-11-25 12:30:00,15,-104.0,-103.99992426456508,0.043742681930017,-103.0,-104.07188097633994,-103.9279675527902,-104.0856599211479,-103.91418860798224,3,36,6,2,-104.1126054132168,-103.88724311591336
2001-11-25 13:30:00,15,-98.0,-97.99998697331452,0.043742681930017,-107.0,-98.0719436850894,-97.92803026153965,-98.08572262989736,-97.9142513167317,3,36,6,2,-98.11266812196624,-97.8873058246628
2001-11-25 14:30:00,15,-96.0,-95.99998516843604,0.043742681930017,-104.0,-96.07194188021091,-95.92802845666117,-96.08572082501888,-95.9142495118532,3,36,6,2,-96.11266631708776,-95.88730401978432
2001-11-25 15:30:00,15,-92.0,-91.99999438549274,0.043742681930017,-98.0,-92.0719510972676,-91.92803767371788,-92.08573004207555,-91.91425872890991,3,36,6,2,-92.11267553414446,-91.88731323684102
2001-11-25 16:30:00,15,-89.0,-89.0000160598812,0.043742681930017,-96.0,-89.07197277165608,-88.92805934810633,-89.08575171646403,-88.91428040329838,3,36,6,2,-89.11269720853292,-88.88733491122949
2001-11-25 17:30:00,15,-90.0,-89.99996113009098,0.043742681930017,-92.0,-90.07191784186585,-89.9280044183161,-90.0856967866738,-89.91422547350815,3,36,6,2,-90.1126422787427,-89.88727998143926
2001-11-25 18:30:00,15,-88.0,-87.99996086704064,0.043742681930017,-89.0,-88.07191757881552,-87.92800415526577,-88.08569652362347,-87.91422521045781,3,36,6,2,-88.11264201569236,-87.88727971838892
2001-11-25 19:30:00,15,-86.0,-85.99997413411737,0.043742681930017,-90.0,-86.07193084589224,-85.92801742234249,-86.0857097907002,-85.91423847753454,3,36,6,2,-86.11265528276908,-85.88729298546565
2001-11-25 20:30:00,15,-85.0,-84.99994925306865,0.043742681930017,-88.0,-85.07190596484352,-84.92799254129378,-85.08568490965148,-84.91421359648582,3,36,6,2,-85.11263040172037,-84.88726810441693
2001-11-25 21:30:00,15,-84.0,-83.99992988648205,0.043742681930017,-86.0,-84.07188659825692,-83.92797317470718,-84.08566554306488,-83.91419422989922,3,36,6,2,-84.11261103513377,-83.88724873783033
2001-11-25 22:30:00,15,-83.0,-82.99994360869434,0.043742681930017,-85.0,-83.07190032046921,-82.92798689691946,-83.08567926527716,-82.91420795211151,3,36,6,2,-83.11262475734605,-82.88726246004262
2001-11-25 23:30:00,15,-81.0,-80.99995894544762,0.043742681930017,-84.0,-81.07191565722249,-80.92800223367274,-81.08569460203044,-80.91422328886479,3,36,6,2,-81.11264009409933,-80.8872777967959
2001-11-26 00:30:00,15,-83.0,-82.99996160339157,0.043742681930017,-83.0,-83.07191831516644,-82.9280048916167,-83.0856972599744,-82.91422594680874,3,36,6,2,-83.11264275204329,-82.88728045473985
2001-11-26 01:30:00,15,-86.0,-85.99988697532679,0.043742681930017,-81.0,-86.07184368710166,-85.92793026355191,-86.08562263190962,-85.91415131874396,3,36,6,2,-86.1125681239785,-85.88720582667507
2001-11-26 02:30:00,15,-85.0,-84.9999087835438,0.043742681930017,-83.0,-85.07186549531868,-84.92795207176893,-85.08564444012663,-84.91417312696097,3,36,6,2,-85.11258993219552,-84.88722763489208
2001-11-26 03:30:00,15,-82.0,-81.99999081416595,0.043742681930017,-86.0,-82.07194752594083,-81.92803410239108,-82.08572647074878,-81.91425515758313,3,36,6,2,-82.11267196281767,-81.88730966551424
2001-11-26 04:30:00,15,-78.0,-77.99999679849117,0.043742681930017,-85.0,-78.07195351026604,-77.9280400867163,-78.085732455074,-77.91426114190834,3,36,6,2,-78.11267794714288,-77.88731564983945
2001-11-26 05:30:00,15,-75.0,-75.00001560097655,0.043742681930017,-82.0,-75.07197231275143,-74.92805888920168,-75.08575125755938,-74.91427994439373,3,36,6,2,-75.11269674962827,-74.88733445232484
2001-11-26 06:30:00,15,-75.0,-74.99998845542314,0.043742681930017,-78.0,-75.07194516719801,-74.92803174364826,-75.08572411200596,-74.91425279884031,3,36,6,2,-75.11266960407485,-74.88730730677142
2001-11-26 07:30:00,15,-73.0,-72.99998922046416,0.043742681930017,-75.0,-73.07194593223903,-72.92803250868928,-73.08572487704699,-72.91425356388133,3,36,6,2,-73.11267036911588,-72.88730807181244
2001-11-26 08:30:00,15,-67.0,-67.00004831780822,0.043742681930017,-75.0,-67.0720050295831,-66.92809160603335,-67.08578397439105,-66.9143126612254,3,36,6,2,-67.11272946645994,-66.8873671691565
2001-11-26 09:30:00,15,-63.0,-63.00005908795734,0.043742681930017,-73.0,-63.07201579973222,-62.92810237618246,-63.08579474454017,-62.914323431374505,3,36,6,2,-63.11274023660906,-62.887377939305615
2001-11-26 10:30:00,15,-60.0,-60.00004006822546,0.043742681930017,-67.0,-60.07199678000034,-59.92808335645058,-60.08577572480829,-59.91430441164263,3,36,6,2,-60.11272121687718,-59.887358919573735
2001-11-26 11:30:00,15,-57.0,-57.00004030746,0.043742681930017,-63.0,-57.07199701923488,-56.92808359568512,-57.08577596404283,-56.91430465087716,3,36,6,2,-57.11272145611172,-56.88735915880827
2001-11-26 12:30:00,15,-56.0,-56.000018549507935,0.043742681930017,-60.0,-56.071975261282816,-55.928061837733054,-56.08575420609077,-55.9142828929251,3,36,6,2,-56.11269969815966,-55.88733740085621
2001-11-26 13:30:00,15,-54.0,-54.00001866325161,0.043742681930017,-57.0,-54.07197537502649,-53.92806195147673,-54.08575431983444,-53.914283006668775,3,36,6,2,-54.11269981190333,-53.887337514599885
2001-11-26 14:30:00,15,-50.0,-50.000051344598845,0.043742681930017,-56.0,-50.072008056373726,-49.92809463282397,-50.08578700118168,-49.91431568801601,3,36,6,2,-50.11273249325057,-49.88737019594712
2001-11-26 15:30:00,15,-50.0,-50.00004368160217,0.043742681930017,-54.0,-50.07200039337705,-49.92808696982729,-50.085779338185006,-49.91430802501934,3,36,6,2,-50.112724830253896,-49.88736253295045
2001-11-26 16:30:00,15,-50.0,-50.00000427612636,0.043742681930017,-50.0,-50.07196098790124,-49.92804756435148,-50.0857399327092,-49.91426861954353,3,36,6,2,-50.112685424778086,-49.88732312747464
2001-11-26 17:30:00,15,-48.0,-48.00001104098068,0.043742681930017,-50.0,-48.07196775275556,-47.9280543292058,-48.08574669756352,-47.91427538439785,3,36,6,2,-48.112692189632405,-47.88732989232896
2001-11-26 18:30:00,15,-45.0,-45.00004938798624,0.043742681930017,-50.0,-45.07200609976112,-44.92809267621136,-45.08578504456907,-44.9143137314034,3,36,6,2,-45.11273053663796,-44.88736823933451
2001-11-26 19:30:00,15,-45.0,-45.00003302117662,0.043742681930017,-48.0,-45.0719897329515,-44.92807630940174,-45.085768677759454,-44.914297364593786,3,36,6,2,-45.112714169828344,-44.887351872524896
2001-11-26 20:30:00,15,-45.0,-45.00000396670607,0.043742681930017,-45.0,-45.07196067848095,-44.92804725493119,-45.0857396232889,-44.914268310123234,3,36,6,2,-45.11268511535779,-44.88732281805434
2001-11-26 21:30:00,15,-43.0,-43.000021955256834,0.043742681930017,-45.0,-43.07197866703172,-42.92806524348195,-43.08575761183967,-42.914286298674,3,36,6,2,-43.11270310390856,-42.88734080660511
2001-11-26 22:30:00,15,-43.0,-43.00000277749611,0.043742681930017,-45.0,-43.07195948927099,-42.928046065721226,-43.08573843407894,-42.91426712091327,3,36,6,2,-43.11268392614783,-42.88732162884438
2001-11-26 23:30:00,15,-43.0,-42.99997804880615,0.043742681930017,-43.0,-43.07193476058103,-42.92802133703127,-43.08571370538898,-42.91424239222332,3,36,6,2,-43.11265919745787,-42.887296900154425
2001-11-27 00:30:00,15,-50.0,-49.99993438075681,0.043742681930017,-43.0,-50.07189109253169,-49.92797766898193,-50.085670037339646,-49.91419872417398,3,36,6,2,-50.11261552940854,-49.88725323210509
2001-11-27 01:30:00,15,-55.0,-54.99986910072433,0.043742681930017,-43.0,-55.07182581249921,-54.92791238894945,-55.085604757307166,-54.9141334441415,3,36,6,2,-55.112550249376056,-54.88718795207261
2001-11-27 02:30:00,15,-53.0,-52.99992193865096,0.043742681930017,-50.0,-53.07187865042584,-52.92796522687608,-53.08565759523379,-52.91418628206812,3,36,6,2,-53.11260308730268,-52.88724078999923
2001-11-27 03:30:00,15,-48.0,-48.00001952996045,0.043742681930017,-55.0,-48.071976241735335,-47.92806281818557,-48.08575518654329,-47.91428387337762,3,36,6,2,-48.11270067861217,-47.88733838130872
2001-11-27 04:30:00,15,-42.0,-42.00007302467901,0.043742681930017,-53.0,-42.072029736453885,-41.92811631290412,-42.08580868126184,-41.91433736809617,3,36,6,2,-42.112754173330735,-41.88739187602729
2001-11-27 05:30:00,15,-37.0,-37.00008230641756,0.043742681930017,-48.0,-37.07203901819244,-36.92812559464268,-37.0858179630004,-36.91434664983473,3,36,6,2,-37.112763455069285,-36.88740115776584
2001-11-27 06:30:00,15,-36.0,-36.000042792676496,0.043742681930017,-42.0,-36.07199950445138,-35.928086080901615,-36.08577844925933,-35.91430713609366,3,36,6,2,-36.11272394132822,-35.88736164402477
2001-11-27 07:30:00,15,-33.0,-33.000032621289094,0.043742681930017,-37.0,-33.071989333063975,-32.92807590951421,-33.08576827787193,-32.91429696470626,3,36,6,2,-33.11271376994082,-32.88735147263737
2001-11-27 08:30:00,15,-29.0,-29.000064736737865,0.043742681930017,-36.0,-29.072021448512743,-28.928108024962988,-29.0858003933207,-28.91432908015503,3,36,6,2,-29.11274588538959,-28.88738358808614
2001-11-27 09:30:00,15,-31.0,-31.000020144390184,0.043742681930017,-33.0,-31.07197685616506,-30.928063432615307,-31.08575580097302,-30.91428448780735,3,36,6,2,-31.11270129304191,-30.88733899573846
2001-11-27 10:30:00,15,-30.0,-29.99999788662836,0.043742681930017,-29.0,-30.07195459840324,-29.928041174853483,-30.085733543211195,-29.914262230045527,3,36,6,2,-30.112679035280085,-29.887316737976636
2001-11-27 11:30:00,15,-30.0,-30.00000611060932,0.043742681930017,-31.0,-30.0719628223842,-29.92804939883444,-30.08574176719216,-29.91427045402649,3,36,6,2,-30.112687259261044,-29.887324961957596
2001-11-27 12:30:00,15,-30.0,-29.99999057467072,0.043742681930017,-30.0,-30.0719472864456,-29.928033862895845,-30.08572623125356,-29.914254918087888,3,36,6,2,-30.112671723322443,-29.887309426018994
2001-11-27 13:30:00,15,-29.0,-29.00000164117514,0.043742681930017,-30.0,-29.071958352950016,-28.92804492940026,-29.085737297757973,-28.914265984592305,3,36,6,2,-29.112682789826863,-28.887320492523415
2001-11-27 14:30:00,15,-28.0,-28.00000655125818,0.043742681930017,-30.0,-28.07196326303306,-27.928049839483304,-28.08574220784101,-27.914270894675347,3,36,6,2,-28.112687699909905,-27.887325402606457
2001-11-27 15:30:00,15,-26.0,-26.000024480735064,0.043742681930017,-29.0,-26.07198119250994,-25.928067768960187,-26.08576013731789,-25.91428882415223,3,36,6,2,-26.112705629386788,-25.88734333208334
2001-11-27 16:30:00,15,-27.0,-27.00000627783592,0.043742681930017,-28.0,-27.0719629896108,-26.928049566061045,-27.08574193441876,-26.914270621253088,3,36,6,2,-27.112687426487643,-26.887325129184195
2001-11-27 17:30:00,15,-27.0,-26.99999129506348,0.043742681930017,-26.0,-27.07194800683836,-26.928034583288603,-27.085726951646315,-26.914255638480647,3,36,6,2,-27.112672443715205,-26.887310146411757
2001-11-27 18:30:00,15,-25.0,-25.000035480889814,0.043742681930017,-27.0,-25.07199219266469,-24.928078769114936,-25.085771137472648,-24.91429982430698,3,36,6,2,-25.112716629541538,-24.88735433223809
2001-11-27 19:30:00,15,-25.0,-25.000005220074144,0.043742681930017,-27.0,-25.07196193184902,-24.928048508299263,-25.085740876656978,-24.91426956349131,3,36,6,2,-25.112686368725868,-24.88732407142242
2001-11-27 20:30:00,15,-25.0,-25.000001071079595,0.043742681930017,-25.0,-25.071957782854472,-24.92804435930472,-25.08573672766243,-24.91426541449676,3,36,6,2,-25.11268221973132,-24.88731992242787
2001-11-27 21:30:00,15,-26.0,-25.999991643611,0.043742681930017,-25.0,-26.07194835538587,-25.92803493183612,-26.085727300193827,-25.91425598702816,3,36,6,2,-26.112672792262725,-25.887310494959276
2001-11-27 22:30:00,15,-26.0,-25.999981700602625,0.043742681930017,-25.0,-26.071938412377506,-25.928024988827747,-26.08571735718546,-25.91424604401979,3,36,6,2,-26.11266284925435,-25.8873005519509
2001-11-27 23:30:00,15,-28.0,-27.99998991872148,0.043742681930017,-26.0,-28.07194663049636,-27.928033206946605,-28.08572557530432,-27.91425426213865,3,36,6,2,-28.112671067373203,-27.887308770069755
2001-11-28 00:30:00,15,-30.0,-29.999945771122857,0.043742681930017,-26.0,-30.07190248289773,-29.92798905934798,-30.08568142770569,-29.914210114540023,3,36,6,2,-30.11262691977458,-29.887264622471132
2001-11-28 01:30:00,15,-31.0,-30.999946981279425,0.043742681930017,-28.0,-31.071903693054303,-30.927990269504548,-31.08568263786226,-30.91421132469659,3,36,6,2,-31.11262812993115,-30.8872658326277
2001-11-28 02:30:00,15,-33.0,-32.99995456162763,0.043742681930017,-30.0,-33.07191127340251,-32.92799784985275,-33.085690218210466,-32.9142189050448,3,36,6,2,-33.112635710279356,-32.88727341297591
2001-11-28 03:30:00,15,-33.0,-32.99994921094653,0.043742681930017,-31.0,-33.07190592272141,-32.92799249917165,-33.085684867529366,-32.9142135543637,3,36,6,2,-33.112630359598256,-32.88726806229481
2001-11-28 04:30:00,15,-32.0,-31.999978539164857,0.043742681930017,-33.0,-32.07193525093974,-31.92802182738998,-32.08571419574769,-31.914242882582023,3,36,6,2,-32.11265968781658,-31.887297390513133
2001-11-28 05:30:00,15,-28.0,-28.0000219708095,0.043742681930017,-33.0,-28.071978682584376,-27.92806525903462,-28.085757627392333,-27.914286314226665,3,36,6,2,-28.112703119461223,-27.887340822157775
2001-11-28 06:30:00,15,-25.0,-25.000044637333247,0.043742681930017,-32.0,-25.072001349108124,-24.92808792555837,-25.08578029391608,-24.914308980750413,3,36,6,2,-25.11272578598497,-24.887363488681522
2001-11-28 07:30:00,15,-20.0,-20.000067480601704,0.043742681930017,-28.0,-20.07202419237658,-19.928110768826823,-20.08580313718453,-19.91433182401887,3,36,6,2,-20.112748629253428,-19.88738633194998
2001-11-28 08:30:00,15,-17.0,-17.000069384113154,0.043742681930017,-25.0,-17.07202609588803,-16.928112672338276,-17.085805040695988,-16.91433372753032,3,36,6,2,-17.112750532764878,-16.88738823546143
2001-11-28 09:30:00,15,-16.0,-16.000040205097864,0.043742681930017,-20.0,-16.07199691687274,-15.928083493322989,-16.0857758616807,-15.91430454851503,3,36,6,2,-16.11272135374959,-15.88735905644614
2001-11-28 10:30:00,15,-17.0,-17.000006189811867,0.043742681930017,-17.0,-17.071962901586744,-16.92804947803699,-17.0857418463947,-16.914270533229033,3,36,6,2,-17.11268733846359,-16.887325041160143
2001-11-28 11:30:00,15,-16.0,-16.000002505479323,0.043742681930017,-16.0,-16.0719592172542,-15.928045793704444,-16.085738162062157,-15.914266848896489,3,36,6,2,-16.112683654131047,-15.887321356827599
2001-11-28 12:30:00,15,-16.0,-16.00000615828502,0.043742681930017,-17.0,-16.0719628700599,-15.928049446510144,-16.085741814867855,-15.914270501702187,3,36,6,2,-16.112687306936746,-15.887325009633297
2001-11-28 13:30:00,15,-16.0,-16.00001231518223,0.043742681930017,-16.0,-16.071969026957106,-15.928055603407351,-16.085747971765063,-15.914276658599396,3,36,6,2,-16.112693463833953,-15.887331166530505
2001-11-28 14:30:00,15,-15.0,-15.000014760506511,0.043742681930017,-16.0,-15.07197147228139,-14.928058048731636,-15.085750417089349,-14.91427910392368,3,36,6,2,-15.112695909158235,-14.887333611854787
2001-11-28 15:30:00,15,-13.0,-13.000016882655387,0.043742681930017,-16.0,-13.071973594430265,-12.92806017088051,-13.08575253923822,-12.914281226072552,3,36,6,2,-13.112698031307112,-12.887335734003663
2001-11-28 16:30:00,15,-13.0,-13.000004682084622,0.043742681930017,-15.0,-13.0719613938595,-12.928047970309745,-13.085740338667456,-12.914269025501788,3,36,6,2,-13.112685830736346,-12.887323533432898
2001-11-28 17:30:00,15,-14.0,-13.999999916938568,0.043742681930017,-13.0,-14.071956628713444,-13.92804320516369,-14.0857355735214,-13.914264260355733,3,36,6,2,-14.112681065590293,-13.887318768286844
2001-11-28 18:30:00,15,-13.0,-13.000010044469388,0.043742681930017,-13.0,-13.071966756244263,-12.92805333269451,-13.085745701052222,-12.914274387886554,3,36,6,2,-13.112691193121112,-12.887328895817664
2001-11-28 19:30:00,15,-13.0,-13.00001827222824,0.043742681930017,-14.0,-13.071974984003116,-12.928061560453362,-13.085753928811071,-12.914282615645403,3,36,6,2,-13.112699420879965,-12.887337123576517
2001-11-28 20:30:00,15,-13.0,-13.000007592049766,0.043742681930017,-13.0,-13.071964303824643,-12.928050880274888,-13.0857432486326,-12.914271935466932,3,36,6,2,-13.11268874070149,-12.887326443398042
2001-11-28 21:30:00,15,-12.0,-11.999998804604983,0.043742681930017,-13.0,-12.071955516379862,-11.928042092830108,-12.08573446118782,-11.914263148022153,3,36,6,2,-12.112679953256707,-11.88731765595326
2001-11-28 22:30:00,15,-14.0,-13.999986009330172,0.043742681930017,-13.0,-14.07194272110505,-13.928029297555296,-14.085721665913006,-13.914250352747338,3,36,6,2,-14.112667157981896,-13.887304860678448
2001-11-28 23:30:00,15,-15.0,-15.000001532281452,0.043742681930017,-12.0,-15.07195824405633,-14.928044820506576,-15.085737188864286,-14.914265875698618,3,36,6,2,-15.112682680933176,-14.887320383629728
2001-11-29 00:30:00,15,-15.0,-14.999994885874102,0.043742681930017,-14.0,-15.07195159764898,-14.928038174099225,-15.085730542456936,-14.914259229291268,3,36,6,2,-15.112676034525826,-14.887313737222378
2001-11-29 01:30:00,15,-15.0,-15.000000521798196,0.043742681930017,-15.0,-15.071957233573071,-14.928043810023318,-15.08573617838103,-14.914264865215362,3,36,6,2,-15.11268167044992,-14.887319373146472
2001-11-29 02:30:00,15,-17.0,-16.99995860257322,0.043742681930017,-15.0,-17.071915314348097,-16.928001890798342,-17.085694259156053,-16.914222945990385,3,36,6,2,-17.112639751224943,-16.887277453921495
2001-11-29 03:30:00,15,-19.0,-18.999966772960043,0.043742681930017,-15.0,-19.07192348473492,-18.92801006118517,-19.08570242954288,-18.91423111637721,3,36,6,2,-19.112647921611767,-18.88728562430832
2001-11-29 04:30:00,15,-20.0,-19.99997777101432,0.043742681930017,-17.0,-20.0719344827892,-19.928021059239445,-20.08571342759716,-19.914242114431488,3,36,6,2,-20.112658919666043,-19.887296622362594
2001-11-29 05:30:00,15,-18.0,-17.999993668951817,0.043742681930017,-19.0,-18.07195038072669,-17.92803695717694,-18.08572932553465,-17.914258012368983,3,36,6,2,-18.11267481760354,-17.887312520300092
2001-11-29 06:30:00,15,-18.0,-17.99998987031914,0.043742681930017,-20.0,-18.07194658209401,-17.928033158544263,-18.08572552690197,-17.914254213736307,3,36,6,2,-18.112671018970865,-17.887308721667416
2001-11-29 07:30:00,15,-19.0,-18.999976665223805,0.043742681930017,-18.0,-19.071933376998683,-18.928019953448928,-19.08571232180664,-18.91424100864097,3,36,6,2,-19.11265781387553,-18.88729551657208
2001-11-29 08:30:00,15,-17.0,-17.000015671041776,0.043742681930017,-18.0,-17.071972382816654,-16.9280589592669,-17.08575132762461,-16.914280014458942,3,36,6,2,-17.1126968196935,-16.887334522390052
2001-11-29 09:30:00,15,-17.0,-17.000017825058634,0.043742681930017,-19.0,-17.071974536833512,-16.928061113283757,-17.08575348164147,-16.9142821684758,3,36,6,2,-17.11269897371036,-16.88733667640691
2001-11-29 10:30:00,15,-17.0,-16.999977555899513,0.043742681930017,-17.0,-17.07193426767439,-16.928020844124635,-17.085713212482347,-16.91424189931668,3,36,6,2,-17.112658704551237,-16.88729640724779
2001-11-29 11:30:00,15,-16.0,-15.999987429010478,0.043742681930017,-17.0,-16.071944140785355,-15.9280307172356,-16.08572308559331,-15.914251772427644,3,36,6,2,-16.112668577662202,-15.887306280358754
2001-11-29 12:30:00,15,-17.0,-16.999957475791803,0.043742681930017,-17.0,-17.07191418756668,-16.928000764016925,-17.085693132374637,-16.91422181920897,3,36,6,2,-17.112638624443527,-16.88727632714008
2001-11-29 13:30:00,15,-16.0,-16.000010343674788,0.043742681930017,-16.0,-16.071967055449665,-15.92805363189991,-16.085746000257622,-15.914274687091954,3,36,6,2,-16.112691492326512,-15.887329195023064
2001-11-29 14:30:00,15,-12.0,-12.000029828225149,0.043742681930017,-17.0,-12.071986540000026,-11.928073116450271,-12.085765484807984,-11.914294171642316,3,36,6,2,-12.112710976876873,-11.887348679573424
2001-11-29 15:30:00,15,-12.0,-12.00002089600174,0.043742681930017,-16.0,-12.071977607776615,-11.928064184226862,-12.085756552584574,-11.914285239418906,3,36,6,2,-12.112702044653464,-11.887339747350016
2001-11-29 16:30:00,15,-14.0,-13.999956559939717,0.043742681930017,-12.0,-14.071913271714592,-13.927999848164838,-14.085692216522547,-13.91422090335688,3,36,6,2,-14.112637708591441,-13.887275411287993
2001-11-29 17:30:00,15,-14.0,-13.99997201674796,0.043742681930017,-12.0,-14.071928728522838,-13.928015304973083,-14.085707673330797,-13.914236360165129,3,36,6,2,-14.112653165399685,-13.887290868096237
2001-11-29 18:30:00,15,-14.0,-13.999979053088689,0.043742681930017,-14.0,-14.071935764863564,-13.92802234131381,-14.08571470967152,-13.914243396505851,3,36,6,2,-14.112660201740413,-13.887297904436965
2001-11-29 19:30:00,15,-14.0,-13.9999559150059,0.043742681930017,-14.0,-14.071912626780776,-13.92799920323102,-14.085691571588733,-13.914220258423065,3,36,6,2,-14.112637063657624,-13.887274766354176
2001-11-29 20:30:00,15,-14.0,-13.999996394340076,0.043742681930017,-14.0,-14.071953106114954,-13.9280396825652,-14.08573205092291,-13.914260737757242,3,36,6,2,-14.1126775429918,-13.887315245688352
2001-11-29 21:30:00,15,-14.0,-13.999963274736306,0.043742681930017,-14.0,-14.071919986511183,-13.928006562961428,-14.08569893131914,-13.914227618153472,3,36,6,2,-14.11264442338803,-13.887282126084582
2001-11-29 22:30:00,15,-15.0,-14.999971620048644,0.043742681930017,-14.0,-15.07192833182352,-14.928014908273768,-15.085707276631478,-14.91423596346581,3,36,6,2,-15.112652768700368,-14.88729047139692
2001-11-29 23:30:00,15,-17.0,-16.9999499735654,0.043742681930017,-14.0,-17.071906685340277,-16.927993261790522,-17.085685630148234,-16.914214316982566,3,36,6,2,-17.112631122217124,-16.887268824913676
2001-11-30 00:30:00,15,-19.0,-18.999941056759504,0.043742681930017,-15.0,-19.07189776853438,-18.927984344984623,-19.085676713342338,-18.91420540017667,3,36,6,2,-19.112622205411228,-18.88725990810778
2001-11-30 01:30:00,15,-22.0,-21.99992811751348,0.043742681930017,-17.0,-22.071884829288354,-21.9279714057386,-22.08566377409631,-21.914192460930643,3,36,6,2,-22.112609266165205,-21.887246968861756
2001-11-30 02:30:00,15,-22.0,-21.999934729489205,0.043742681930017,-19.0,-22.07189144126408,-21.927978017714327,-22.08567038607204,-21.91419907290637,3,36,6,2,-22.11261587814093,-21.88725358083748
2001-11-30 03:30:00,15,-20.0,-19.99999929475104,0.043742681930017,-22.0,-20.07195600652592,-19.928042582976165,-20.08573495133388,-19.914263638168208,3,36,6,2,-20.112680443402763,-19.887318146099314
2001-11-30 04:30:00,15,-16.0,-16.000022083117543,0.043742681930017,-22.0,-16.07197879489242,-15.928065371342663,-16.085757739700377,-15.914286426534709,3,36,6,2,-16.112703231769267,-15.887340934465819
2001-11-30 05:30:00,15,-13.0,-13.000028878868116,0.043742681930017,-20.0,-13.071985590642992,-12.928072167093235,-13.085764535450949,-12.91429322228528,3,36,6,2,-13.11271002751984,-12.887347730216392
2001-11-30 06:30:00,15,-13.0,-13.000005079303303,0.043742681930017,-16.0,-13.07196179107818,-12.928048367528426,-13.085740735886136,-12.91426942272047,3,36,6,2,-13.112686227955027,-12.88732393065158
2001-11-30 07:30:00,15,-12.0,-11.999993100029492,0.043742681930017,-13.0,-12.07194981180437,-11.928036388254617,-12.085728756612326,-11.914257443446658,3,36,6,2,-12.112674248681216,-11.887311951377768
2001-11-30 08:30:00,15,-13.0,-13.000002457049554,0.043742681930017,-13.0,-13.071959168824431,-12.928045745274677,-13.085738113632388,-12.91426680046672,3,36,6,2,-13.112683605701278,-12.88732130839783
2001-11-30 09:30:00,15,-16.0,-15.99994605386462,0.043742681930017,-12.0,-16.071902765639496,-15.927989342089742,-16.085681710447453,-15.914210397281783,3,36,6,2,-16.112627202516343,-15.887264905212897
2001-11-30 10:30:00,15,-17.0,-16.999937120990836,0.043742681930017,-13.0,-17.071893832765713,-16.92798040921596,-17.08567277757367,-16.914201464408002,3,36,6,2,-17.11261826964256,-16.887255972339112
2001-11-30 11:30:00,15,-16.0,-15.99997648528247,0.043742681930017,-16.0,-16.071933197057348,-15.928019773507591,-16.085712141865304,-15.914240828699636,3,36,6,2,-16.112657633934194,-15.887295336630746
2001-11-30 12:30:00,15,-13.0,-12.99999303274132,0.043742681930017,-17.0,-13.071949744516196,-12.928036320966442,-13.085728689324151,-12.914257376158483,3,36,6,2,-13.112674181393045,-12.887311884089597
2001-11-30 13:30:00,15,-9.0,-9.000041828657892,0.043742681930017,-16.0,-9.07199854043277,-8.928085116883015,-9.085777485240726,-8.914306172075058,3,36,6,2,-9.112722977309616,-8.887360680006168
2001-11-30 14:30:00,15,0.0,-0.000107617529288,0.043742681930017,-13.0,-0.072064329304166,0.07184909424559,-0.0858432741121213,0.0856280390535453,3,36,6,2,-0.1127887661810118,0.11257353112243579
2001-11-30 15:30:00,15,-5.0,-5.000031717858672,0.043742681930017,-9.0,-5.07198842963355,-4.928075006083794,-5.085767374441505,-4.914296061275839,3,36,6,2,-5.112712866510396,-4.887350569206948
2001-11-30 16:30:00,15,-5.0,-4.99997668118278,0.043742681930017,0.0,-5.071933392957658,-4.928019969407901,-5.085712337765613,-4.914241024599947,3,36,6,2,-5.112657829834504,-4.887295532531056
2001-11-30 17:30:00,15,-7.0,-6.999991459769227,0.043742681930017,-5.0,-7.071948171544105,-6.9280347479943485,-7.08572711635206,-6.914255803186394,3,36,6,2,-7.112672608420951,-6.887310311117503
2001-11-30 18:30:00,15,-5.0,-5.000000849575084,0.043742681930017,-5.0,-5.071957561349962,-4.928044137800206,-5.085736506157917,-4.914265192992251,3,36,6,2,-5.112681998226808,-4.88731970092336
2001-11-30 19:30:00,15,-1.0,-1.0000646718364763,0.043742681930017,-7.0,-1.0720213836113544,-0.9281079600615982,-1.0858003284193096,-0.914329015253643,3,36,6,2,-1.1127458204882001,-0.8873835231847524
2001-11-30 20:30:00,15,0.0,-3.1646536967855354e-05,0.043742681930017,-5.0,-0.0719883583118458,0.0719250652379101,-0.0857673031198012,0.0857040100458655,3,36,6,2,-0.11271279518869165,0.11264950211475594
2001-11-30 21:30:00,15,3.0,2.9999502470170256,0.043742681930017,-1.0,2.927993535242148,3.0719069587919035,2.914214590434192,3.085685903599859,3,36,6,2,2.887269098365302,3.1126313956687492
2001-11-30 22:30:00,15,2.0,1.9999537954330435,0.043742681930017,0.0,1.9279970836581648,2.0719105072079214,1.9142181388502104,2.085689452015877,3,36,6,2,1.8872726467813197,2.112634944084767
2001-11-30 23:30:00,15,1.0,0.9999761774155048,0.043742681930017,3.0,0.9280194656406268,1.0719328891903828,0.9142405208326714,1.085711833998338,3,36,6,2,0.8872950287637811,1.1126573260672286
2001-12-01 00:30:00,15,1.0,0.9999868154654196,0.043742681930017,2.0,0.9280301036905414,1.0719435272402975,0.914251158882586,1.0857224720482528,3,36,6,2,0.8873056668136958,1.1126679641171433
2001-12-01 01:30:00,15,-3.0,-2.999977852204079,0.043742681930017,1.0,-3.071934563978957,-2.9280211404292014,-3.0857135087869128,-2.9142421956212456,3,36,6,2,-3.112659000855803,-2.8872967035523556
2001-12-01 02:30:00,15,-3.0,-2.9999714052903883,0.043742681930017,1.0,-3.071928117065266,-2.9280146935155105,-3.085707061873222,-2.9142357487075548,3,36,6,2,-3.112652553942112,-2.8872902566386647
2001-12-01 03:30:00,15,-5.0,-5.000038087397975,0.043742681930017,-3.0,-5.071994799172853,-4.928081375623097,-5.085773743980808,-4.914302430815142,3,36,6,2,-5.112719236049699,-4.887356938746251
2001-12-01 04:30:00,15,-4.0,-3.999944125058306,0.043742681930017,-3.0,-4.071900836833184,-3.927987413283428,-4.085679781641139,-3.914208468475473,3,36,6,2,-4.11262527371003,-3.8872629764065825
2001-12-01 05:30:00,15,4.0,3.999938041099768,0.043742681930017,-5.0,3.9279813293248895,4.071894752874646,3.914202384516934,4.0856736976826005,3,36,6,2,3.887256892448044,4.112619189751491
2001-12-01 06:30:00,15,8.0,7.999877871322923,0.043742681930017,-4.0,7.9279211595480445,8.0718345830978,7.91414221474009,8.085613527905757,3,36,6,2,7.887196722671199,8.112559019974647
2001-12-01 07:30:00,15,7.0,6.99993933217177,0.043742681930017,4.0,6.927982620396892,7.071896043946649,6.914203675588937,7.085674988754604,3,36,6,2,6.8872581835200455,7.112620480823494
2001-12-01 08:30:00,15,9.0,8.999929374868039,0.043742681930017,8.0,8.927972663093161,9.071886086642916,8.914193718285205,9.085665031450873,3,36,6,2,8.887248226216315,9.112610523519763
2001-12-01 09:30:00,15,6.0,5.999987292932168,0.043742681930017,7.0,5.92803058115729,6.071944004707047,5.914251636349335,6.085722949515001,3,36,6,2,5.887306144280444,6.112668441583892
2001-12-01 10:30:00,15,8.0,7.999988047569758,0.043742681930017,9.0,7.92803133579488,8.071944759344635,7.914252390986925,8.085723704152592,3,36,6,2,7.887306898918034,8.112669196221482
2001-12-01 11:30:00,15,13.0,12.999935799024264,0.043742681930017,6.0,12.927979087249389,13.071892510799142,12.91420014244143,13.085671455607098,3,36,6,2,12.88725465037254,13.112616947675988
2001-12-01 12:30:00,15,7.0,7.0000016027169,0.043742681930017,8.0,6.928044890942021,7.071958314491778,6.9142659461340665,7.085737259299733,3,36,6,2,6.887320454065176,7.112682751368624
2001-12-01 13:30:00,15,-2.0,-1.9999106577010828,0.043742681930017,13.0,-2.0718673694759606,-1.9279539459262047,-2.0856463142839163,-1.9141750011182488,3,36,6,2,-2.1125918063528064,-1.887229509049359
2001-12-01 14:30:00,15,-2.0,-1.9999252590340468,0.043742681930017,7.0,-2.0718819708089247,-1.9279685472591688,-2.0856609156168804,-1.9141896024512133,3,36,6,2,-2.1126064076857705,-1.887244110382323
2001-12-01 15:30:00,15,-3.0,-2.9998950065061365,0.043742681930017,-2.0,-3.0718517182810143,-2.9279382947312587,-3.08563066308897,-2.914159349923303,3,36,6,2,-3.11257615515786,-2.887213857854413
2001-12-01 16:30:00,15,-9.0,-8.999853876536502,0.043742681930017,-2.0,-9.07181058831138,-8.927897164761625,-9.085589533119336,-8.914118219953668,3,36,6,2,-9.112535025188226,-8.887172727884778
2001-12-01 17:30:00,15,-1.0,-0.999976509165343,0.043742681930017,-3.0,-1.071933220940221,-0.9280197973904648,-1.0857121657481763,-0.9142408525825096,3,36,6,2,-1.1126576578170668,-0.8872953605136191
2001-12-01 18:30:00,15,-1.0,-1.0000338458062927,0.043742681930017,-9.0,-1.0719905575811708,-0.9280771340314148,-1.085769502389126,-0.9142981892234594,3,36,6,2,-1.1127149944580166,-0.8873526971545689
2001-12-01 19:30:00,15,-4.0,-3.999924534245398,0.043742681930017,-1.0,-4.0718812460202765,-3.92796782247052,-4.085660190828231,-3.9141888776625646,3,36,6,2,-4.112605682897122,-3.8872433855936745
2001-12-01 20:30:00,15,-6.0,-5.999902370690485,0.043742681930017,-1.0,-6.071859082465363,-5.927945658915607,-6.085638027273318,-5.914166714107652,3,36,6,2,-6.112583519342209,-5.887221222038761
2001-12-01 21:30:00,15,-4.0,-3.999933543314892,0.043742681930017,-4.0,-4.07189025508977,-3.9279768315400143,-4.085669199897725,-3.9141978867320586,3,36,6,2,-4.112614691966616,-3.8872523946631685
2001-12-01 22:30:00,15,-7.0,-6.999919871461973,0.043742681930017,-6.0,-7.071876583236851,-6.927963159687095,-7.085655528044806,-6.91418421487914,3,36,6,2,-7.112601020113697,-6.887238722810249
2001-12-01 23:30:00,15,-2.0,-1.9999709163274808,0.043742681930017,-4.0,-2.071927628102358,-1.9280142045526028,-2.0857065729103144,-1.914235259744648,3,36,6,2,-2.1126520649792044,-1.887289767675757
2001-12-02 00:30:00,15,-1.0,-1.0000099716444169,0.043742681930017,-7.0,-1.071966683419295,-0.9280532598695388,-1.0857456282272502,-0.9142743150615836,3,36,6,2,-1.1126911202961407,-0.887328822992693
2001-12-02 01:30:00,15,-2.0,-1.999977789654384,0.043742681930017,-2.0,-2.071934501429262,-1.928021077879506,-2.085713446237217,-1.9142421330715509,3,36,6,2,-2.1126589383061076,-1.8872966410026601
2001-12-02 02:30:00,15,-3.0,-2.9999435562603125,0.043742681930017,-1.0,-3.0719002680351903,-2.9279868444854347,-3.085679212843146,-2.914207899677479,3,36,6,2,-3.112624704912036,-2.887262407608589
2001-12-02 03:30:00,15,-2.0,-1.9999749812806835,0.043742681930017,-2.0,-2.071931693055561,-1.9280182695058048,-2.085710637863517,-1.91423932469785,3,36,6,2,-2.1126561299324074,-1.8872938326289597
2001-12-02 04:30:00,15,0.0,-3.109359802522249e-06,0.043742681930017,-3.0,-0.0719598211346805,0.0719536024150755,-0.0857387659426359,0.0857325472230308,3,36,6,2,-0.11268425801152632,0.11267803929192127
2001-12-02 05:30:00,15,3.0,2.9999698161830395,0.043742681930017,-2.0,2.9280131044081616,3.0719265279579173,2.914234159600206,3.085705472765873,3,36,6,2,2.887288667531316,3.112650964834763
2001-12-02 06:30:00,15,0.0,4.113276403927557e-06,0.043742681930017,0.0,-0.071952598498474,0.0719608250512819,-0.0857315433064294,0.0857397698592373,3,36,6,2,-0.11267703537531987,0.11268526192812772
2001-12-02 07:30:00,15,3.0,2.999990518513819,0.043742681930017,3.0,2.928033806738941,3.0719472302886968,2.9142548619309854,3.0857261750966525,3,36,6,2,2.8873093698620953,3.1126716671655426
2001-12-02 08:30:00,15,6.0,5.99994791035801,0.043742681930017,0.0,5.927991198583132,6.071904622132888,5.914212253775177,6.085683566940843,3,36,6,2,5.887266761706286,6.112629059009734
2001-12-02 09:30:00,15,10.0,9.999920423032414,0.043742681930017,3.0,9.927963711257537,10.071877134807291,9.91418476644958,10.085656079615248,3,36,6,2,9.88723927438069,10.112601571684138
2001-12-02 10:30:00,15,12.0,11.999910791930049,0.043742681930017,6.0,11.927954080155171,12.071867503704926,11.914175135347216,12.085646448512884,3,36,6,2,11.887229643278324,12.112591940581773
2001-12-02 11:30:00,15,13.0,12.99992107287614,0.043742681930017,10.0,12.927964361101264,13.07187778465102,12.914185416293307,13.085656729458975,3,36,6,2,12.887239924224415,13.112602221527863
2001-12-02 12:30:00,15,16.0,15.999914375488316,0.043742681930017,12.0,15.92795766371344,16.071871087263194,15.914178718905482,16.08565003207115,3,36,6,2,15.887233226836592,16.11259552414004
2001-12-02 13:30:00,15,15.0,14.99993962785399,0.043742681930017,13.0,14.927982916079111,15.071896339628868,14.914203971271156,15.085675284436824,3,36,6,2,14.887258479202266,15.112620776505715
2001-12-02 14:30:00,15,16.0,15.99993070570595,0.043742681930017,16.0,15.927973993931072,16.071887417480827,15.914195049123116,16.085666362288784,3,36,6,2,15.887249557054226,16.112611854357674
2001-12-02 15:30:00,15,13.0,12.99997856235884,0.043742681930017,15.0,12.928021850583963,13.071935274133718,12.914242905776009,13.085714218941677,3,36,6,2,12.887297413707117,13.112659711010565
2001-12-02 16:30:00,15,9.0,9.000030073975857,0.043742681930017,16.0,8.92807336220098,9.071986785750736,8.914294417393023,9.085765730558691,3,36,6,2,8.887348925324133,9.112711222627581
2001-12-02 17:30:00,15,6.0,6.000029819240233,0.043742681930017,13.0,5.928073107465354,6.071986531015111,5.9142941626574,6.085765475823066,3,36,6,2,5.8873486705885085,6.112710967891957
2001-12-02 18:30:00,15,5.0,5.000057805293878,0.043742681930017,9.0,4.928101093519,5.072014517068756,4.914322148711045,5.085793461876711,3,36,6,2,4.887376656642154,5.112738953945602
2001-12-02 19:30:00,15,5.0,4.999982994172093,0.043742681930017,6.0,4.928026282397215,5.071939705946972,4.91424733758926,5.085718650754926,3,36,6,2,4.887301845520369,5.112664142823817
2001-12-02 20:30:00,15,0.0,4.938120638797727e-05,0.043742681930017,5.0,-0.07190733056849,0.0720060929812659,-0.0856862753764454,0.0857850377892213,3,36,6,2,-0.11263176744533582,0.11273052985811177
2001-12-02 21:30:00,15,0.0,4.425656189965821e-05,0.043742681930017,5.0,-0.0719124552129783,0.0720009683367776,-0.0856914000209337,0.085779913144733,3,36,6,2,-0.11263689208982414,0.11272540521362345
2001-12-02 22:30:00,15,-1.0,-0.9999761586682112,0.043742681930017,0.0,-1.0719328704430893,-0.9280194468933332,-1.0857118152510443,-0.914240502085378,3,36,6,2,-1.112657307319935,-0.8872950100164874
2001-12-02 23:30:00,15,-2.0,-1.9999679666193977,0.043742681930017,0.0,-2.0719246783942755,-1.92801125484452,-2.0857036232022312,-1.9142323100365644,3,36,6,2,-2.1126491152711213,-1.8872868179676738
2001-12-03 00:30:00,15,2.0,1.9999786262065984,0.043742681930017,-1.0,1.92802191443172,2.071935337981476,1.9142429696237648,2.085714282789432,3,36,6,2,1.8872974775548745,2.1126597748583222
2001-12-03 01:30:00,15,3.0,3.000017977371684,0.043742681930017,-2.0,2.928061265596806,3.0719746891465616,2.91428232078885,3.0857536339545173,3,36,6,2,2.8873368287199606,3.112699126023408
2001-12-03 02:30:00,15,5.0,4.999987353880428,0.043742681930017,2.0,4.92803064210555,5.071944065655306,4.914251697297595,5.085723010463261,3,36,6,2,4.887306205228704,5.112668502532152
2001-12-03 03:30:00,15,8.0,7.999945595670567,0.043742681930017,3.0,7.927988883895689,8.071902307445445,7.914209939087734,8.085681252253401,3,36,6,2,7.887264447018843,8.112626744322291
2001-12-03 04:30:00,15,10.0,9.99993516928587,0.043742681930017,5.0,9.927978457510992,10.071891881060749,9.914199512703036,10.085670825868704,3,36,6,2,9.887254020634145,10.112616317937594
2001-12-03 05:30:00,15,6.0,5.999999862141692,0.043742681930017,8.0,5.928043150366814,6.07195657391657,5.914264205558859,6.085735518724525,3,36,6,2,5.887318713489968,6.112681010793416
2001-12-03 06:30:00,15,6.0,6.000009829105316,0.043742681930017,10.0,5.928053117330438,6.071966540880195,5.914274172522483,6.085745485688149,3,36,6,2,5.887328680453592,6.11269097775704
2001-12-03 07:30:00,15,5.0,5.000057725480488,0.043742681930017,6.0,4.92810101370561,5.072014437255366,4.914322068897655,5.085793382063321,3,36,6,2,4.887376576828764,5.112738874132212
2001-12-03 08:30:00,15,2.0,2.000075287533818,0.043742681930017,6.0,1.92811857575894,2.072031999308696,1.9143396309509848,2.0858109441166515,3,36,6,2,1.887394138882094,2.1127564361855415
2001-12-03 09:30:00,15,-2.0,-1.9999003488487936,0.043742681930017,5.0,-2.0718570606236715,-1.927943637073916,-2.085636005431627,-1.9141646922659603,3,36,6,2,-2.1125814975005173,-1.8872192001970698
2001-12-03 10:30:00,15,-3.0,-2.999911137161352,0.043742681930017,2.0,-3.071867848936229,-2.9279544253864738,-3.085646793744185,-2.914175480578518,3,36,6,2,-3.1125922858130757,-2.8872299885096284
2001-12-03 11:30:00,15,-1.0,-0.9999766690200858,0.043742681930017,-2.0,-1.0719333807949638,-0.9280199572452076,-1.085712325602919,-0.9142410124372524,3,36,6,2,-1.1126578176718096,-0.8872955203683619
2001-12-03 12:30:00,15,5.0,4.999964044008507,0.043742681930017,-3.0,4.928007332233629,5.071920755783386,4.914228387425674,5.0856997005913405,3,36,6,2,4.887282895356783,5.112645192660231
2001-12-03 13:30:00,15,5.0,4.9999535268728295,0.043742681930017,-1.0,4.927996815097951,5.071910238647708,4.914217870289996,5.085689183455663,3,36,6,2,4.887272378221105,5.1126346755245535
2001-12-03 14:30:00,15,6.0,5.999985746613014,0.043742681930017,5.0,5.928029034838136,6.071942458387892,5.914250090030181,6.085721403195847,3,36,6,2,5.88730459796129,6.112666895264738
2001-12-03 15:30:00,15,6.0,5.999994030491088,0.043742681930017,5.0,5.92803731871621,6.071950742265966,5.914258373908255,6.085729687073921,3,36,6,2,5.887312881839364,6.112675179142812
2001-12-03 16:30:00,15,5.0,5.000005463126641,0.043742681930017,6.0,4.928048751351763,5.071962174901519,4.914269806543808,5.085741119709474,3,36,6,2,4.887324314474917,5.112686611778365
2001-12-03 17:30:00,15,1.0,1.0000417708913147,0.043742681930017,6.0,0.9280850591164368,1.0719984826661928,0.9143061143084814,1.085777427474148,3,36,6,2,0.8873606222395909,1.1127229195430386
2001-12-03 18:30:00,15,1.0,0.9999487846960732,0.043742681930017,5.0,0.9279920729211952,1.0719054964709511,0.91421312811324,1.0856844412789066,3,36,6,2,0.8872676360443494,1.112629933347797
2001-12-03 19:30:00,15,-20.0,-19.99974499894881,0.043742681930017,1.0,-20.071701710723687,-19.92778828717393,-20.085480655531644,-19.914009342365976,3,36,6,2,-20.112426147600534,-19.887063850297086
2001-12-03 20:30:00,15,-29.0,-28.999992992797026,0.043742681930017,1.0,-29.071949704571903,-28.92803628102215,-29.08572864937986,-28.91425733621419,3,36,6,2,-29.11267414144875,-28.8873118441453
2001-12-03 21:30:00,15,-32.0,-32.00001612292173,0.043742681930017,-20.0,-32.07197283469661,-31.92805941114685,-32.08575177950456,-31.91428046633889,3,36,6,2,-32.11269727157345,-31.887334974270004
2001-12-03 22:30:00,15,-25.0,-25.00007333249701,0.043742681930017,-29.0,-25.072030044271887,-24.928116620722133,-25.085808989079844,-24.914337675914176,3,36,6,2,-25.112754481148734,-24.887392183845286
2001-12-03 23:30:00,15,-24.0,-23.99995937592608,0.043742681930017,-32.0,-24.07191608770096,-23.928002664151204,-24.08569503250892,-23.914223719343248,3,36,6,2,-24.112640524577802,-23.887278227274354
2001-12-04 00:30:00,15,-27.0,-26.999941600971905,0.043742681930017,-25.0,-27.071898312746782,-26.927984889197027,-27.08567725755474,-26.91420594438907,3,36,6,2,-27.11262274962363,-26.88726045232018
2001-12-04 01:30:00,15,-30.0,-30.000099105499327,0.043742681930017,-24.0,-30.072055817274205,-29.92814239372445,-30.08583476208216,-29.914363448916493,3,36,6,2,-30.11278025415105,-29.887417956847603
2001-12-04 02:30:00,15,-28.0,-27.99997725033179,0.043742681930017,-27.0,-28.071933962106662,-27.92802053855691,-28.085712906914623,-27.914241593748955,3,36,6,2,-28.112658398983513,-27.887296101680064
2001-12-04 03:30:00,15,-25.0,-25.000060937067204,0.043742681930017,-30.0,-25.07201764884208,-24.928104225292326,-25.08579659365004,-24.91432528048437,3,36,6,2,-25.112742085718928,-24.88737978841548
2001-12-04 04:30:00,15,-23.0,-23.000044265853056,0.043742681930017,-28.0,-23.072000977627933,-22.92808755407818,-23.08577992243589,-22.914308609270226,3,36,6,2,-23.11272541450478,-22.887363117201332
2001-12-04 05:30:00,15,-22.0,-21.999994960259976,0.043742681930017,-25.0,-22.071951672034853,-21.92803824848509,-22.08573061684281,-21.91425930367714,3,36,6,2,-22.1126761089117,-21.88731381160825
2001-12-04 06:30:00,15,-22.0,-21.999961695071697,0.043742681930017,-23.0,-22.07191840684657,-21.92800498329682,-22.08569735165453,-21.914226038488863,3,36,6,2,-22.11264284372342,-21.887280546419973
2001-12-04 07:30:00,15,-25.0,-24.999957425587034,0.043742681930017,-22.0,-25.07191413736191,-24.92800071381216,-25.08569308216987,-24.9142217690042,3,36,6,2,-25.11263857423876,-24.88727627693531
2005-05-06 21:30:00,28,17.0,16.076099163764397,9.598949925993162,-22.0,0.2858265355056453,31.86637179202315,-2.737842691182202,34.890041018711,3,36,6,2,-8.65079584559399,40.802994173122784
2005-05-06 22:30:00,28,17.0,16.752657380677903,9.598949925993162,-25.0,0.9623847524191512,32.54293000893665,-2.061284474268696,35.5665992356245,3,36,6,2,-7.974237628680484,41.47955239003629
2005-05-06 23:30:00,28,13.0,17.32858368962394,9.598949925993162,17.0,1.5383110613651887,33.11885631788269,-1.4853581653226584,36.14252554457054,3,36,6,2,-7.398311319734447,42.05547869898233
2005-05-07 00:30:00,28,10.0,11.681458550882567,9.598949925993162,17.0,-4.108814077376184,27.47173117914132,-7.132483304064031,30.49540040582917,3,36,6,2,-13.04543645847582,36.408353560240954
2005-05-07 01:30:00,28,13.0,12.923438611303254,9.598949925993162,13.0,-2.8668340169554973,28.71371123956201,-5.890503243643344,31.737380466249853,3,36,6,2,-11.803456398055133,37.65033362066164
2005-05-07 02:30:00,28,12.0,13.10354350169046,9.598949925993162,10.0,-2.6867291265682915,28.89381612994921,-5.710398353256139,31.91748535663706,3,36,6,2,-11.623351507667927,37.83043851104885
2005-05-07 03:30:00,28,11.0,12.88776891106592,9.598949925993162,13.0,-2.9025037171928325,28.67804153932467,-5.92617294388068,31.70171076601252,3,36,6,2,-11.839126098292466,37.614663920424306
2005-05-07 04:30:00,28,9.0,12.191837189031638,9.598949925993162,12.0,-3.5984354392271136,27.98210981729039,-6.622104665914961,31.00577904397824,3,36,6,2,-12.535057820326749,36.918732198390025
2005-05-07 05:30:00,28,10.0,10.679281259515427,9.598949925993162,11.0,-5.110991368743324,26.46955388777418,-8.134660595431171,29.493223114462022,3,36,6,2,-14.04761374984296,35.406176268873814
2005-05-07 06:30:00,28,11.0,7.2274055330612015,9.598949925993162,9.0,-8.56286709519755,23.01767816131996,-11.586536321885395,26.0413473880078,3,36,6,2,-17.499489476297185,31.95430054241959
2005-05-07 07:30:00,28,11.0,13.432147953931183,9.598949925993162,10.0,-2.3581246743275663,29.222420582189937,-5.381793901015413,32.246089808877784,3,36,6,2,-11.294747055427203,38.15904296328957
2005-05-07 08:30:00,28,10.0,11.799030179486351,9.598949925993162,11.0,-3.9912424487724,27.589302807745103,-7.014911675460247,30.61297203443295,3,36,6,2,-12.927864829872036,36.52592518884474
2005-05-07 09:30:00,28,10.0,9.071048084680015,9.598949925993162,11.0,-6.719224543578736,24.861320712938767,-9.742893770266583,27.88498993962661,3,36,6,2,-15.655846924678372,33.7979430940384
2005-05-07 10:30:00,28,7.0,11.130378133244008,9.598949925993162,10.0,-4.659894495014743,26.92065076150276,-7.6835637217025905,29.944319988190607,3,36,6,2,-13.596516876114379,35.857273142602395
2005-05-07 11:30:00,28,5.0,9.784151777162243,9.598949925993162,10.0,-6.006120851096508,25.574424405420995,-9.029790077784355,28.59809363210884,3,36,6,2,-14.942743232196143,34.51104678652063
2005-05-07 12:30:00,28,3.0,6.105116380775492,9.598949925993162,7.0,-9.68515624748326,21.895389009034243,-12.708825474171109,24.91905823572209,3,36,6,2,-18.621778628582895,30.83201139013388
2005-05-07 13:30:00,28,8.0,8.359657234558611,9.598949925993162,5.0,-7.4306153937001405,24.149929862817363,-10.454284620387988,27.17359908950521,3,36,6,2,-16.367237774799776,33.086552243917
2005-05-07 14:30:00,28,7.0,5.5177493493374286,9.598949925993162,3.0,-10.272523278921325,21.30802197759618,-13.29619250560917,24.331691204284027,3,36,6,2,-19.20914566002096,30.244644358695815
2005-05-07 15:30:00,28,5.0,4.381121190451971,9.598949925993162,8.0,-11.40915143780678,20.17139381871072,-14.432820664494628,23.19506304539857,3,36,6,2,-20.345773818906416,29.108016199810358
2005-05-07 16:30:00,28,5.0,7.575059308393946,9.598949925993162,7.0,-8.215213319864805,23.36533193665269,-11.238882546552652,26.389001163340545,3,36,6,2,-17.15183570096444,32.30195431775233
2005-05-07 17:30:00,28,8.0,7.0010780916203785,9.598949925993162,5.0,-8.789194536638373,22.79135071987913,-11.81286376332622,25.815019946566977,3,36,6,2,-17.72581691773801,31.727973100978765
2005-05-07 18:30:00,28,15.0,3.9782113141004416,9.598949925993162,5.0,-11.81206131415831,19.7684839423592,-14.835730540846155,22.79215316904704,3,36,6,2,-20.748683695257945,28.70510632345883
2005-05-07 19:30:00,28,25.0,4.230395901236918,9.598949925993162,8.0,-11.559876727021834,20.02066852949567,-14.58354595370968,23.04433775618352,3,36,6,2,-20.49649910812147,28.957290910595304
2005-05-07 20:30:00,28,13.0,8.268804011368637,9.598949925993162,15.0,-7.521468616890115,24.05907663962739,-10.545137843577962,27.08274586631524,3,36,6,2,-16.45809099798975,32.995699020727024
2005-05-07 21:30:00,28,6.0,9.087247509041738,9.598949925993162,25.0,-6.703025119217013,24.87752013730049,-9.72669434590486,27.901189363988337,3,36,6,2,-15.639647500316649,33.814142518400125
2005-05-07 22:30:00,28,-2.0,4.407167039119578,9.598949925993162,13.0,-11.383105589139172,20.19743966737833,-14.40677481582702,23.221108894066177,3,36,6,2,-20.31972797023881,29.134062048477965
2005-05-07 23:30:00,28,-19.0,8.305949465617424,9.598949925993162,6.0,-7.484323162641328,24.09622209387617,-10.507992389329177,27.119891320564022,3,36,6,2,-16.420945543740963,33.03284447497581
2005-05-08 00:30:00,28,-31.0,-31.657313121528976,9.598949925993162,-2.0,-47.44758574978773,-15.867040493270224,-50.47125497647558,-12.843371266582375,3,36,6,2,-56.38420813088736,-6.930418112170589
2005-05-08 01:30:00,28,-68.0,-33.478237075199644,9.598949925993162,-19.0,-49.26850970345839,-17.687964446940892,-52.29217893014624,-14.664295220253043,3,36,6,2,-58.20513208455803,-8.751342065841257
2005-05-08 02:30:00,28,-82.0,-59.11108796887446,9.598949925993162,-31.0,-74.9013605971332,-43.32081534061571,-77.92502982382106,-40.29714611392786,3,36,6,2,-83.83798297823284,-34.38419295951607
2005-05-08 03:30:00,28,-82.0,-79.55955408500077,9.598949925993162,-68.0,-95.34982671325952,-63.76928145674202,-98.37349593994736,-60.74561223005417,3,36,6,2,-104.28644909435916,-54.83265907564238
2005-05-08 04:30:00,28,-81.0,-82.36568340288542,9.598949925993162,-82.0,-98.15595603114416,-66.57541077462668,-101.179625257832,-63.551741547938825,3,36,6,2,-107.09257841224381,-57.63878839352704
2005-05-08 05:30:00,28,-76.0,-76.42039305284106,9.598949925993162,-82.0,-92.2106656810998,-60.63012042458232,-95.23433490778766,-57.60645119789447,3,36,6,2,-101.14728806219945,-51.69349804348268
2005-05-08 06:30:00,28,-80.0,-79.04661102184821,9.598949925993162,-81.0,-94.83688365010696,-63.25633839358946,-97.8605528767948,-60.23266916690161,3,36,6,2,-103.7735060312066,-54.31971601248982
2005-05-08 07:30:00,28,-81.0,-73.89690207864388,9.598949925993162,-76.0,-89.68717470690262,-58.10662945038513,-92.71084393359048,-55.08296022369728,3,36,6,2,-98.62379708800226,-49.17000706928549
2005-05-08 08:30:00,28,-65.0,-72.09480805061948,9.598949925993162,-80.0,-87.88508067887823,-56.30453542236073,-90.90874990556608,-53.28086619567288,3,36,6,2,-96.82170305997786,-47.36791304126109
2005-05-08 09:30:00,28,-56.0,-69.45669211730366,9.598949925993162,-81.0,-85.24696474556241,-53.66641948904491,-88.27063397225027,-50.64275026235706,3,36,6,2,-94.18358712666205,-44.729797107945274
2005-05-08 10:30:00,28,-40.0,-57.319220190368725,9.598949925993162,-65.0,-73.10949281862747,-41.52894756210998,-76.13316204531532,-38.505278335422126,3,36,6,2,-82.04611519972711,-32.59232518101034
2005-05-08 11:30:00,28,-33.0,-55.14573210157825,9.598949925993162,-56.0,-70.936004729837,-39.3554594733195,-73.95967395652485,-36.33179024663165,3,36,6,2,-79.87262711093663,-30.41883709221986
2005-05-08 12:30:00,28,-48.0,-39.94100767596024,9.598949925993162,-40.0,-55.73128030421898,-24.150735047701485,-58.75494953090684,-21.12706582101364,3,36,6,2,-64.66790268531864,-15.214112666601856
2005-05-08 13:30:00,28,-62.0,-47.22491638630357,9.598949925993162,-33.0,-63.01518901456232,-31.434643758044817,-66.03885824125017,-28.41097453135697,3,36,6,2,-71.95181139566196,-22.498021376945182
2005-05-08 14:30:00,28,-85.0,-55.777751578572506,9.598949925993162,-48.0,-71.56802420683125,-39.98747895031376,-74.59169343351911,-36.96380972362591,3,36,6,2,-80.50464658793089,-31.05085656921412
2005-05-08 15:30:00,28,-83.0,-87.66961105955482,9.598949925993162,-62.0,-103.45988368781356,-71.87933843129608,-106.48355291450142,-68.85566920460823,3,36,6,2,-112.39650606891321,-62.94271605019644
2005-05-08 16:30:00,28,-98.0,-89.47026320333198,9.598949925993162,-85.0,-105.26053583159072,-73.67999057507323,-108.2842050582786,-70.65632134838538,3,36,6,2,-114.19715821269037,-64.7433681939736
2005-05-08 17:30:00,28,-105.0,-69.00827095494665,9.598949925993162,-83.0,-84.7985435832054,-53.21799832668791,-87.82221280989324,-50.19432910000005,3,36,6,2,-93.73516596430504,-44.281375945588266
2005-05-08 18:30:00,28,-110.0,-90.77701676851083,9.598949925993162,-98.0,-106.5672893967696,-74.9867441402521,-109.59095862345744,-71.96307491356424,3,36,6,2,-115.50391177786922,-66.05012175915245
2005-05-08 19:30:00,28,-106.0,-88.37816652655917,9.598949925993162,-105.0,-104.16843915481792,-72.58789389830042,-107.19210838150576,-69.56422467161258,3,36,6,2,-113.10506153591756,-63.65127151720078
2005-05-08 20:30:00,28,-104.0,-101.93495092217556,9.598949925993162,-110.0,-117.7252235504343,-86.1446782939168,-120.74889277712214,-83.12100906722895,3,36,6,2,-126.66184593153395,-77.20805591281717
2005-05-08 21:30:00,28,-94.0,-99.27699214557796,9.598949925993162,-106.0,-115.06726477383673,-83.48671951731922,-118.09093400052456,-80.46305029063137,3,36,6,2,-124.00388715493635,-74.55009713621958
2005-05-08 22:30:00,28,-81.0,-93.80727683170124,9.598949925993162,-104.0,-109.59754945996,-78.0170042034425,-112.62121868664784,-74.99333497675465,3,36,6,2,-118.53417184105963,-69.08038182234286
2005-05-08 23:30:00,28,-70.0,-87.1435749132712,9.598949925993162,-94.0,-102.93384754152994,-71.35330228501245,-105.9575167682178,-68.32963305832459,3,36,6,2,-111.87046992262958,-62.41667990391281
2005-05-09 00:30:00,28,-64.0,-78.10390903641125,9.598949925993162,-81.0,-93.89418166467,-62.3136364081525,-96.91785089135786,-59.289967181464654,3,36,6,2,-102.83080404576964,-53.377014027052866
2005-05-09 01:30:00,28,-61.0,-68.41153409517034,9.598949925993162,-70.0,-84.20180672342909,-52.62126146691159,-87.22547595011693,-49.59759224022374,3,36,6,2,-93.13842910452873,-43.68463908581195
2005-05-09 02:30:00,28,-64.0,-63.647130008741634,9.598949925993162,-64.0,-79.43740263700039,-47.85685738048288,-82.46107186368823,-44.83318815379504,3,36,6,2,-88.37402501810001,-38.92023499938325
2005-05-09 03:30:00,28,-60.0,-62.96586389460472,9.598949925993162,-61.0,-78.75613652286347,-47.175591266345975,-81.77980574955131,-44.151922039658125,3,36,6,2,-87.69275890396311,-38.23896888524634
2005-05-09 04:30:00,28,-56.0,-58.41944077201112,9.598949925993162,-64.0,-74.20971340026988,-42.629168143752366,-77.23338262695772,-39.60549891706452,3,36,6,2,-83.14633578136952,-33.692545762652735
2005-05-09 05:30:00,28,-51.0,-55.00310894381293,9.598949925993162,-60.0,-70.79338157207168,-39.212836315554185,-73.81705079875954,-36.189167088866334,3,36,6,2,-79.73000395317132,-30.276213934454546
2005-05-09 06:30:00,28,-53.0,-51.96886192552276,9.598949925993162,-56.0,-67.75913455378151,-36.17858929726401,-70.78280378046935,-33.15492007057616,3,36,6,2,-76.69575693488115,-27.241966916164372
2005-05-09 07:30:00,28,-53.0,-50.659508855941766,9.598949925993162,-51.0,-66.44978148420051,-34.86923622768302,-69.47345071088836,-31.845567000995167,3,36,6,2,-75.38640386530015,-25.93261384658338
2005-05-09 08:30:00,28,-51.0,-51.90130868083155,9.598949925993162,-53.0,-67.6915813090903,-36.1110360525728,-70.71525053577815,-33.08736682588495,3,36,6,2,-76.62820369018993,-27.17441367147316
2005-05-09 09:30:00,28,-47.0,-51.0387510249261,9.598949925993162,-53.0,-66.82902365318485,-35.24847839666735,-69.8526928798727,-32.2248091699795,3,36,6,2,-75.76564603428449,-26.311856015567713
2005-05-09 10:30:00,28,-43.0,-51.23368845276278,9.598949925993162,-51.0,-67.02396108102153,-35.44341582450403,-70.04763030770937,-32.41974659781618,3,36,6,2,-75.96058346212116,-26.50679344340439
2005-05-09 11:30:00,28,-41.0,-48.23975492130826,9.598949925993162,-47.0,-64.03002754956701,-32.44948229304951,-67.05369677625487,-29.425813066361663,3,36,6,2,-72.96664993066665,-23.512859911949874
2005-05-09 12:30:00,28,-39.0,-44.898460346054414,9.598949925993162,-43.0,-60.68873297431317,-29.108187717795666,-63.71240220100101,-26.08451849110781,3,36,6,2,-69.62535535541281,-20.171565336696027
2005-05-09 13:30:00,28,-37.0,-44.64716121132481,9.598949925993162,-41.0,-60.43743383958356,-28.856888583066056,-63.461103066271406,-25.83321935637821,3,36,6,2,-69.3740562206832,-19.92026620196642
2005-05-09 14:30:00,28,-39.0,-39.69640991600392,9.598949925993162,-39.0,-55.48668254426268,-23.90613728774517,-58.51035177095052,-20.882468061057324,3,36,6,2,-64.42330492536232,-14.969514906645536
2005-05-09 15:30:00,28,-41.0,-36.05174310681471,9.598949925993162,-37.0,-51.84201573507346,-20.26147047855596,-54.8656849617613,-17.237801251868106,3,36,6,2,-60.7786381161731,-11.324848097456325
2005-05-09 16:30:00,28,-43.0,-37.28861321776645,9.598949925993162,-39.0,-53.0788858460252,-21.498340589507706,-56.10255507271305,-18.47467136281985,3,36,6,2,-62.01550822712484,-12.561718208408067
2005-05-09 17:30:00,28,-44.0,-40.514315126353175,9.598949925993162,-41.0,-56.30458775461193,-24.724042498094423,-59.32825698129977,-21.700373271406576,3,36,6,2,-65.24121013571155,-15.787420116994788
2005-05-09 18:30:00,28,-44.0,-44.74976724269119,9.598949925993162,-43.0,-60.54003987094994,-28.95949461443244,-63.56370909763779,-25.9358253877446,3,36,6,2,-69.47666225204958,-20.022872233332805
2005-05-09 19:30:00,28,-42.0,-42.54713119772298,9.598949925993162,-44.0,-58.33740382598174,-26.75685856946423,-61.36107305266958,-23.733189342776384,3,36,6,2,-67.27402620708136,-17.820236188364596
2005-05-09 20:30:00,28,-43.0,-47.4643925540595,9.598949925993162,-44.0,-63.25466518231825,-31.67411992580075,-66.2783344090061,-28.650450699112906,3,36,6,2,-72.19128756341789,-22.737497544701114
2005-05-09 21:30:00,28,-44.0,-38.65002290528402,9.598949925993162,-42.0,-54.440295533542766,-22.859750277025267,-57.46396476023062,-19.83608105033742,3,36,6,2,-63.376917914642405,-13.923127895925631
2005-05-09 22:30:00,28,-52.0,-41.184664289708685,9.598949925993162,-43.0,-56.97493691796744,-25.394391661449934,-59.99860614465528,-22.370722434762087,3,36,6,2,-65.91155929906708,-16.4577692803503
2005-05-09 23:30:00,28,-49.0,-44.44251828159399,9.598949925993162,-44.0,-60.23279090985274,-28.65224565333524,-63.25646013654059,-25.628576426647392,3,36,6,2,-69.16941329095238,-19.715623272235604
2005-05-10 00:30:00,28,-49.0,-52.92614847334988,9.598949925993162,-52.0,-68.71642110160863,-37.135875845091135,-71.74009032829647,-34.112206618403285,3,36,6,2,-77.65304348270827,-28.199253463991496
2005-05-10 01:30:00,28,-52.0,-48.5015948105098,9.598949925993162,-49.0,-64.29186743876855,-32.71132218225105,-67.31553666545639,-29.6876529555632,3,36,6,2,-73.22848981986819,-23.774699801151414
2005-05-10 02:30:00,28,-52.0,-49.50514866586467,9.598949925993162,-49.0,-65.29542129412341,-33.71487603760592,-68.31909052081127,-30.691206810918068,3,36,6,2,-74.23204367522305,-24.77825365650628
2005-05-10 03:30:00,28,-55.0,-50.17472608245025,9.598949925993162,-52.0,-65.964998710709,-34.3844534541915,-68.98866793739685,-31.36078422750365,3,36,6,2,-74.90162109180864,-25.447831073091862
2005-05-10 04:30:00,28,-55.0,-50.7217880944937,9.598949925993162,-52.0,-66.51206072275245,-34.93151546623496,-69.53572994944031,-31.907846239547105,3,36,6,2,-75.44868310385209,-25.99489308513531
2005-05-10 05:30:00,28,-54.0,-52.816101980570046,9.598949925993162,-55.0,-68.6063746088288,-37.02582935231129,-71.63004383551664,-34.00216012562345,3,36,6,2,-77.54299698992844,-28.08920697121166
2005-05-10 06:30:00,28,-52.0,-53.48147712712631,9.598949925993162,-55.0,-69.27174975538506,-37.69120449886756,-72.2954189820729,-34.66753527217971,3,36,6,2,-78.2083721364847,-28.754582117767924
2005-05-10 07:30:00,28,-51.0,-50.87929701362367,9.598949925993162,-54.0,-66.66956964188242,-35.08902438536492,-69.69323886857026,-32.06535515867707,3,36,6,2,-75.60619202298206,-26.152402004265284
2005-05-10 08:30:00,28,-44.0,-47.19858385427472,9.598949925993162,-52.0,-62.98885648253348,-31.40831122601597,-66.01252570922132,-28.384641999328124,3,36,6,2,-71.92547886363312,-22.471688844916336
2005-05-10 09:30:00,28,-39.0,-47.33552052055823,9.598949925993162,-51.0,-63.12579314881698,-31.545247892299475,-66.14946237550483,-28.521578665611628,3,36,6,2,-72.06241552991662,-22.60862551119984
2005-05-10 10:30:00,28,-39.0,-41.79027260843578,9.598949925993162,-44.0,-57.58054523669453,-25.999999980177027,-60.60421446338238,-22.97633075348918,3,36,6,2,-66.51716761779417,-17.06337759907739
2005-05-10 11:30:00,28,-38.0,-36.84835693664552,9.598949925993162,-39.0,-52.63862956490428,-21.05808430838677,-55.66229879159212,-18.034415081698924,3,36,6,2,-61.57525194600391,-12.121461927287136
2005-05-10 12:30:00,28,-39.0,-38.51047161416794,9.598949925993162,-39.0,-54.30074424242669,-22.72019898590919,-57.32441346911454,-19.69652975922134,3,36,6,2,-63.23736662352633,-13.783576604809554
2005-05-10 13:30:00,28,-33.0,-36.66964675476258,9.598949925993162,-38.0,-52.45991938302133,-20.87937412650383,-55.48358860970918,-17.855704899815983,3,36,6,2,-61.39654176412097,-11.942751745404195
2005-05-10 14:30:00,28,-31.0,-35.85341068873017,9.598949925993162,-39.0,-51.64368331698893,-20.06313806047142,-54.66735254367677,-17.039468833783573,3,36,6,2,-60.58030569808856,-11.126515679371785
2005-05-10 15:30:00,28,-32.0,-32.91133206867009,9.598949925993162,-33.0,-48.70160469692884,-17.12105944041134,-51.72527392361669,-14.097390213723491,3,36,6,2,-57.63822707802848,-8.184437059311705
2005-05-10 16:30:00,28,-32.0,-30.77648212302195,9.598949925993162,-31.0,-46.5667547512807,-14.986209494763198,-49.59042397796855,-11.962540268075353,3,36,6,2,-55.503377132380336,-6.049587113663563
2005-05-10 17:30:00,28,-32.0,-32.8761053970448,9.598949925993162,-32.0,-48.66637802530354,-17.085832768786045,-51.6900472519914,-14.062163542098196,3,36,6,2,-57.60300040640319,-8.149210387686416
2005-05-10 18:30:00,28,-31.0,-29.40247288322304,9.598949925993162,-32.0,-45.19274551148179,-13.612200254964286,-48.21641473816963,-10.58853102827644,3,36,6,2,-54.12936789258143,-4.675577873864654
2005-05-10 19:30:00,28,-29.0,-29.974437639392445,9.598949925993162,-32.0,-45.7647102676512,-14.184165011133691,-48.78837949433904,-11.160495784445846,3,36,6,2,-54.701332648750835,-5.247542630034058
2005-05-10 20:30:00,28,-34.0,-29.04266107217795,9.598949925993162,-31.0,-44.8329337004367,-13.252388443919198,-47.85660292712455,-10.228719217231353,3,36,6,2,-53.76955608153634,-4.315766062819563
2005-05-10 21:30:00,28,-38.0,-27.17600643505604,9.598949925993162,-29.0,-42.96627906331479,-11.38573380679729,-45.98994829000264,-8.362064580109443,3,36,6,2,-51.902901444414425,-2.4491114256976516
2005-05-10 22:30:00,28,-34.0,-30.34724213391045,9.598949925993162,-34.0,-46.1375147621692,-14.556969505651695,-49.16118398885705,-11.53330027896385,3,36,6,2,-55.074137143268835,-5.620347124552062
2005-05-10 23:30:00,28,-31.0,-35.169278648206685,9.598949925993162,-38.0,-50.95955127646543,-19.379006019947933,-53.98322050315328,-16.355336793260086,3,36,6,2,-59.89617365756507,-10.442383638848298
2005-05-11 00:30:00,28,-27.0,-31.62875244286973,9.598949925993162,-34.0,-47.41902507112849,-15.83847981461098,-50.44269429781633,-12.814810587923134,3,36,6,2,-56.35564745222811,-6.901857433511342
2005-05-11 01:30:00,28,-24.0,-31.326592413843148,9.598949925993162,-31.0,-47.1168650421019,-15.536319785584396,-50.14053426878975,-12.51265055889655,3,36,6,2,-56.05348742320153,-6.599697404484761
2005-05-11 02:30:00,28,-17.0,-27.98335093196518,9.598949925993162,-27.0,-43.77362356022393,-12.193078303706429,-46.79729278691178,-9.169409077018582,3,36,6,2,-52.710245941323564,-3.2564559226067935
2005-05-11 03:30:00,28,-16.0,-23.69719759307569,9.598949925993162,-24.0,-39.48747022133443,-7.906924964816934,-42.51113944802229,-4.883255738129087,3,36,6,2,-48.42409260243407,1.0296974162826977
2005-05-11 04:30:00,28,-17.0,-19.595399799980136,9.598949925993162,-17.0,-35.38567242823889,-3.805127171721384,-38.409341654926735,-0.7814579450335373,3,36,6,2,-44.32229480933852,5.131495209378251
2005-05-11 05:30:00,28,-18.0,-19.24549368532828,9.598949925993162,-16.0,-35.03576631358703,-3.455221057069526,-38.05943554027488,-0.4315518303816787,3,36,6,2,-43.97238869468667,5.481401324030106
2005-05-11 06:30:00,28,-17.0,-16.7612142209959,9.598949925993162,-17.0,-32.55148684925465,-0.970941592737148,-35.5751560759425,2.052727633950699,3,36,6,2,-41.48810923035428,7.965680788362487
2005-05-11 07:30:00,28,-22.0,-21.056587393553635,9.598949925993162,-18.0,-36.84686002181239,-5.266314765294883,-39.87052924850023,-2.242645538607036,3,36,6,2,-45.78348240291202,3.6703076158047523
2005-05-11 08:30:00,28,-28.0,-24.50559205267493,9.598949925993162,-17.0,-40.29586468093369,-8.715319424416183,-43.31953390762153,-5.691650197728336,3,36,6,2,-49.232487062033314,0.22130295668345568
2005-05-11 09:30:00,28,-31.0,-23.387632786851498,9.598949925993162,-22.0,-39.177905415110246,-7.597360158592746,-42.201574641798096,-4.573690931904899,3,36,6,2,-48.114527796209885,1.339262222506889
2005-05-11 10:30:00,28,-34.0,-30.17901645849817,9.598949925993162,-28.0,-45.96928908675693,-14.388743830239424,-48.99295831344477,-11.365074603551577,3,36,6,2,-54.905911467856555,-5.452121449139785
2005-05-11 11:30:00,28,-32.0,-28.311498142389244,9.598949925993162,-31.0,-44.101770770648,-12.521225514130492,-47.125439997335846,-9.497556287442643,3,36,6,2,-53.03839315174763,-3.584603133030857
2005-05-11 12:30:00,28,-26.0,-31.640873282323177,9.598949925993162,-34.0,-47.43114591058193,-15.850600654064426,-50.454815137269776,-12.82693142737658,3,36,6,2,-56.367768291681564,-6.9139782729647905
2005-05-11 13:30:00,28,-23.0,-29.064512513440068,9.598949925993162,-32.0,-44.85478514169882,-13.274239885181316,-47.87845436838667,-10.25057065849347,3,36,6,2,-53.79140752279845,-4.337617504081681
2005-05-11 14:30:00,28,-21.0,-26.87107513353747,9.598949925993162,-26.0,-42.66134776179622,-11.08080250527872,-45.68501698848407,-8.057133278590872,3,36,6,2,-51.59797014289586,-2.1441801241790834
2005-05-11 15:30:00,28,-26.0,-23.95788470066008,9.598949925993162,-23.0,-39.74815732891884,-8.16761207240133,-42.77182655560668,-5.143942845713482,3,36,6,2,-48.68477971001847,0.7690103086983058
2005-05-11 16:30:00,28,-28.0,-22.40344759807966,9.598949925993162,-21.0,-38.193720226338414,-6.613174969820907,-41.21738945302626,-3.58950574313306,3,36,6,2,-47.130342607438045,2.3234474112787282
2005-05-11 17:30:00,28,-25.0,-23.904591836330304,9.598949925993162,-26.0,-39.69486446458906,-8.114319208071553,-42.7185336912769,-5.090649981383706,3,36,6,2,-48.63148684568869,0.8223031730280823
2005-05-11 18:30:00,28,-26.0,-25.73578362070336,9.598949925993162,-28.0,-41.526056248962114,-9.94551099244461,-44.54972547564997,-6.921841765756764,3,36,6,2,-50.462678630061745,-1.0088886113449718
2005-05-11 19:30:00,28,-23.0,-27.95390359126463,9.598949925993162,-25.0,-43.74417621952338,-12.16363096300588,-46.767845446211226,-9.139961736318032,3,36,6,2,-52.68079860062302,-3.2270085819062437
2005-05-11 20:30:00,28,-19.0,-27.08951757290976,9.598949925993162,-26.0,-42.8797902011685,-11.299244944651004,-45.90345942785636,-8.275575717963157,3,36,6,2,-51.81641258226814,-2.3626225635513727
2005-05-11 21:30:00,28,-23.0,-22.662386783904594,9.598949925993162,-23.0,-38.45265941216334,-6.872114155645843,-41.47632863885119,-3.848444928957996,3,36,6,2,-47.38928179326298,2.0645082254537925
2005-05-11 22:30:00,28,-22.0,-23.93856925799222,9.598949925993162,-19.0,-39.728841886250976,-8.14829662973347,-42.75251111293882,-5.124627403045622,3,36,6,2,-48.66546426735061,0.7883257513661661
2005-05-11 23:30:00,28,-23.0,-27.48001176141416,9.598949925993162,-23.0,-43.27028438967291,-11.689739133155404,-46.29395361636075,-8.666069906467555,3,36,6,2,-52.20690677077255,-2.7531167520557744
2005-05-12 00:30:00,28,-22.0,-25.59131637524096,9.598949925993162,-22.0,-41.381589003499705,-9.801043746982202,-44.40525823018756,-6.777374520294355,3,36,6,2,-50.31821138459935,-0.8644213658825741
2005-05-12 01:30:00,28,-23.0,-25.382733666153342,9.598949925993162,-23.0,-41.1730062944121,-9.592461037894594,-44.19667552109995,-6.568791811206747,3,36,6,2,-50.10962867551173,-0.6558386567949555
2005-05-12 02:30:00,28,-20.0,-21.8528461956776,9.598949925993162,-22.0,-37.64311882393635,-6.062573567418848,-40.6667880506242,-3.038904340731001,3,36,6,2,-46.57974120503599,2.874048813680787
2005-05-12 03:30:00,28,-24.0,-18.341980226701864,9.598949925993162,-23.0,-34.13225285496061,-2.5517075984431123,-37.15592208164846,0.4719616282447347,3,36,6,2,-43.06887523606025,6.384914782656523
2005-05-12 04:30:00,28,-32.0,-18.652361536170087,9.598949925993162,-20.0,-34.44263416442884,-2.8620889079113354,-37.46630339111668,0.1615803187765117,3,36,6,2,-43.37925654552848,6.0745334731883
2005-05-12 05:30:00,28,-27.0,-38.169455707800616,9.598949925993162,-24.0,-53.95972833605937,-22.379183079541864,-56.983397562747214,-19.355513852854017,3,36,6,2,-62.896350717159,-13.442560698442229
2005-05-12 06:30:00,28,-22.0,-26.951744444414025,9.598949925993162,-32.0,-42.74201707267278,-11.161471816155274,-45.765686299360624,-8.137802589467427,3,36,6,2,-51.67863945377241,-2.2248494350556385
2005-05-12 07:30:00,28,-23.0,-20.42414575414135,9.598949925993162,-27.0,-36.2144183824001,-4.633873125882598,-39.23808760908795,-1.610203899194751,3,36,6,2,-45.151040763499736,4.302749255217037
2005-05-12 08:30:00,28,-31.0,-24.149224675685254,9.598949925993162,-22.0,-39.93949730394401,-8.358952047426502,-42.96316653063185,-5.335282820738655,3,36,6,2,-48.87611968504364,0.577670333673133
2005-05-12 09:30:00,28,-30.0,-22.24095861397828,9.598949925993162,-23.0,-38.03123124223703,-6.450685985719527,-41.05490046892488,-3.42701675903168,3,36,6,2,-46.967853623336666,2.485936395380108
2005-05-12 10:30:00,28,-27.0,-31.673967973255703,9.598949925993162,-31.0,-47.46424060151446,-15.883695344996957,-50.48790982820231,-12.860026118309108,3,36,6,2,-56.400862982614086,-6.947072963897316
2005-05-12 11:30:00,28,-23.0,-25.850596073159515,9.598949925993162,-30.0,-41.64086870141827,-10.060323444900764,-44.664537928106114,-7.036654218212917,3,36,6,2,-50.5774910825179,-1.1237010638011284
2005-05-12 12:30:00,28,-20.0,-24.29008116235736,9.598949925993162,-27.0,-40.08035379061611,-8.499808534098605,-43.10402301730396,-5.476139307410758,3,36,6,2,-49.01697617171575,0.43681384700102655
2005-05-12 13:30:00,28,-17.0,-21.33933460434029,9.598949925993162,-23.0,-37.12960723259904,-5.549061976081543,-40.15327645928689,-2.525392749393696,3,36,6,2,-46.06622961369868,3.387560405018096
2005-05-12 14:30:00,28,-15.0,-19.5294964966591,9.598949925993162,-20.0,-35.319769124917855,-3.739223868400348,-38.3434383516057,-0.7155546417125009,3,36,6,2,-44.256391506017486,5.197398512699287
2005-05-12 15:30:00,28,-20.0,-18.51645910732904,9.598949925993162,-17.0,-34.30673173558779,-2.7261864790702823,-37.33040096227563,0.2974827476175647,3,36,6,2,-43.24335411668743,6.210435902029346
2005-05-12 16:30:00,28,-23.0,-19.67438529972232,9.598949925993162,-15.0,-35.46465792798107,-3.884112671463569,-38.48832715466892,-0.8604434447757221,3,36,6,2,-44.401280309080704,5.052509709636066
2005-05-12 17:30:00,28,-23.0,-21.32950874381981,9.598949925993162,-20.0,-37.11978137207856,-5.53923611556106,-40.14345059876641,-2.515566888873213,3,36,6,2,-46.0564037531782,3.397386265538575
2005-05-12 18:30:00,28,-20.0,-25.306592621786503,9.598949925993162,-23.0,-41.096865250045255,-9.516319993527752,-44.1205344767331,-6.492650766839905,3,36,6,2,-50.033487631144894,-0.5796976124281166
2005-05-12 19:30:00,28,-23.0,-23.9584254072528,9.598949925993162,-23.0,-39.74869803551155,-8.168152778994049,-42.7723672621994,-5.144483552306202,3,36,6,2,-48.68532041661119,0.7684696021055863
2005-05-12 20:30:00,28,-21.0,-24.05750172533607,9.598949925993162,-20.0,-39.84777435359482,-8.267229097077319,-42.87144358028267,-5.243559870389472,3,36,6,2,-48.784396734694454,0.6693932840223162
2005-05-12 21:30:00,28,-24.0,-21.88174678161325,9.598949925993162,-23.0,-37.67201940987201,-6.0914741533545005,-40.69568863655985,-3.0678049266666534,3,36,6,2,-46.60864179097163,2.8451482277451383
2005-05-12 22:30:00,28,-20.0,-26.93932936138412,9.598949925993162,-21.0,-42.72960198964287,-11.149056733125366,-45.75327121633072,-8.12538750643752,3,36,6,2,-51.66622437074251,-2.212434352025735
2005-05-12 23:30:00,28,-12.0,-26.03723117504737,9.598949925993162,-24.0,-41.82750380330612,-10.24695854678862,-44.85117302999397,-7.223289320100772,3,36,6,2,-50.764126184405754,-1.3103361656889838
2005-05-13 00:30:00,28,-21.0,-18.284012125278444,9.598949925993162,-20.0,-34.0742847535372,-2.4937394970196927,-37.09795398022504,0.5299297296681544,3,36,6,2,-43.01090713463683,6.442882884079943
2005-05-13 01:30:00,28,-23.0,-16.965041252299898,9.598949925993162,-12.0,-32.755313880558646,-1.174768624041146,-35.778983107246496,1.848900602646701,3,36,6,2,-41.691936261658284,7.761853757058489
2005-05-13 02:30:00,28,-32.0,-31.29401998257819,9.598949925993162,-21.0,-47.08429261083694,-15.50374735431944,-50.10796183752479,-12.480078127631591,3,36,6,2,-56.02091499193658,-6.567124973219805
2005-05-13 03:30:00,28,-32.0,-30.84428031868637,9.598949925993162,-23.0,-46.63455294694512,-15.054007690427618,-49.65822217363296,-12.03033846373977,3,36,6,2,-55.57117532804476,-6.117385309327982
2005-05-13 04:30:00,28,-38.0,-35.91483154044574,9.598949925993162,-32.0,-51.705104168704494,-20.124558912186988,-54.72877339539234,-17.10088968549914,3,36,6,2,-60.641726549804126,-11.187936531087352
2005-05-13 05:30:00,28,-37.0,-29.281143525245025,9.598949925993162,-32.0,-45.071416153503776,-13.490870896986271,-48.09508538019162,-10.467201670298426,3,36,6,2,-54.008038534603415,-4.554248515886638
2005-05-13 06:30:00,28,-42.0,-39.28755952493911,9.598949925993162,-38.0,-55.07783215319786,-23.49728689668036,-58.1015013798857,-20.473617669992507,3,36,6,2,-64.0144545342975,-14.560664515580726
2005-05-13 07:30:00,28,-41.0,-34.80214597835297,9.598949925993162,-37.0,-50.59241860661172,-19.011873350094216,-53.61608783329957,-15.98820412340637,3,36,6,2,-59.529040987711355,-10.075250968994581
2005-05-13 08:30:00,28,-38.0,-40.29698313139279,9.598949925993162,-42.0,-56.08725575965154,-24.50671050313404,-59.11092498633938,-21.483041276446187,3,36,6,2,-65.02387814075118,-15.570088122034406
2005-05-13 09:30:00,28,-38.0,-37.76487290702464,9.598949925993162,-41.0,-53.55514553528339,-21.974600278765887,-56.57881476197124,-18.95093105207804,3,36,6,2,-62.491767916383026,-13.037977897666252
2005-05-13 10:30:00,28,-38.0,-35.43484012895369,9.598949925993162,-38.0,-51.22511275721244,-19.644567500694937,-54.24878198390029,-16.62089827400709,3,36,6,2,-60.161735138312075,-10.707945119595301
2005-05-13 11:30:00,28,-33.0,-33.12091514543595,9.598949925993162,-38.0,-48.91118777369471,-17.3306425171772,-51.93485700038255,-14.306973290489353,3,36,6,2,-57.84781015479434,-8.394020136077565
2005-05-13 12:30:00,28,-30.0,-29.68531444549568,9.598949925993162,-38.0,-45.475587073754426,-13.895041817236924,-48.49925630044227,-10.871372590549075,3,36,6,2,-54.412209454854064,-4.958419436137294
2005-05-13 13:30:00,28,-21.0,-31.49518974943576,9.598949925993162,-33.0,-47.28546237769452,-15.704917121177008,-50.30913160438236,-12.68124789448916,3,36,6,2,-56.222084758794146,-6.768294740077373
2005-05-13 14:30:00,28,-23.0,-29.081462515969086,9.598949925993162,-30.0,-44.87173514422784,-13.291189887710336,-47.895404370915685,-10.267520661022488,3,36,6,2,-53.80835752532747,-4.3545675066106995
2005-05-13 15:30:00,28,-24.0,-24.25248270001244,9.598949925993162,-21.0,-40.042755328271184,-8.462210071753685,-43.06642455495904,-5.4385408450658375,3,36,6,2,-48.97937770937082,0.47441230934594714
2005-05-13 16:30:00,28,-27.0,-29.815980366864963,9.598949925993162,-23.0,-45.60625299512371,-14.025707738606211,-48.62992222181156,-11.002038511918364,3,36,6,2,-54.54287537622335,-5.089085357506576
2005-05-13 17:30:00,28,-26.0,-21.600397908234164,9.598949925993162,-24.0,-37.39067053649292,-5.810125279975413,-40.41433976318076,-2.7864560532875657,3,36,6,2,-46.32729291759255,3.1264971011242224
2005-05-13 18:30:00,28,-25.0,-25.84300985079657,9.598949925993162,-27.0,-41.633282479055325,-10.052737222537818,-44.65695170574317,-7.029067995849971,3,36,6,2,-50.569904860154956,-1.1161148414381827
2005-05-13 19:30:00,28,-26.0,-24.186373758837345,9.598949925993162,-26.0,-39.976646387096096,-8.396101130578593,-43.00031561378394,-5.372431903890746,3,36,6,2,-48.913268768195735,0.5405212505210422
2005-05-13 20:30:00,28,-24.0,-23.13565867610682,9.598949925993162,-25.0,-38.92593130436558,-7.34538604784807,-41.94960053105342,-4.321716821160223,3,36,6,2,-47.86255368546521,1.5912363332515653
2005-05-13 21:30:00,28,-27.0,-25.70820637484027,9.598949925993162,-26.0,-41.49847900309902,-9.917933746581518,-44.52214822978687,-6.894264519893671,3,36,6,2,-50.43510138419866,-0.9813113654818828
2005-05-13 22:30:00,28,-23.0,-23.270732505359483,9.598949925993162,-24.0,-39.06100513361824,-7.480459877100731,-42.08467436030608,-4.456790650412884,3,36,6,2,-47.99762751471787,1.456162503998904
2005-05-13 23:30:00,28,-22.0,-23.11187968237155,9.598949925993162,-27.0,-38.9021523106303,-7.3216070541128,-41.92582153731815,-4.297937827424953,3,36,6,2,-47.83877469172994,1.6150153269868355
2005-05-14 00:30:00,28,-20.0,-21.58961522687511,9.598949925993162,-23.0,-37.37988785513386,-5.799342598616359,-40.40355708182171,-2.7756733719285123,3,36,6,2,-46.3165102362335,3.137279782483276
2005-05-14 01:30:00,28,-18.0,-22.17426300010192,9.598949925993162,-22.0,-37.964535628360665,-6.383990371843165,-40.98820485504852,-3.360321145155318,3,36,6,2,-46.9011580094603,2.5526320092564667
2005-05-14 02:30:00,28,-16.0,-19.71851881210564,9.598949925993162,-20.0,-35.50879144036439,-3.928246183846888,-38.53246066705224,-0.9045769571590404,3,36,6,2,-44.44541382146403,5.008376197252748
2005-05-14 03:30:00,28,-17.0,-18.70196622510568,9.598949925993162,-18.0,-34.49223885336443,-2.911693596846927,-37.51590808005228,0.11197562984092,3,36,6,2,-43.428861234464065,6.024928784252708
2005-05-14 04:30:00,28,-17.0,-16.558677869634703,9.598949925993162,-16.0,-32.348950497893455,-0.7684052413759517,-35.3726197245813,2.2552639853118954,3,36,6,2,-41.285572878993094,8.168217139723684
2005-05-14 05:30:00,28,-17.0,-16.455525083503417,9.598949925993162,-17.0,-32.245797711762165,-0.6652524552446657,-35.269466938450016,2.3584167714431814,3,36,6,2,-41.182420092861804,8.27136992585497
2005-05-14 06:30:00,28,-18.0,-15.43921442339058,9.598949925993162,-17.0,-31.229487051649333,0.3510582048681705,-34.25315627833718,3.3747274315560176,3,36,6,2,-40.16610943274897,9.287680585967808
2005-05-14 07:30:00,28,-18.0,-19.312705813108643,9.598949925993162,-17.0,-35.1029784413674,-3.522433184849892,-38.12664766805524,-0.4987639581620442,3,36,6,2,-44.03960082246703,5.414189196249744
2005-05-14 08:30:00,28,-16.0,-18.76986179634217,9.598949925993162,-18.0,-34.56013442460092,-2.979589168083418,-37.58380365128877,0.0440800586044289,3,36,6,2,-43.49675680570056,5.957033213016217
2005-05-14 09:30:00,28,-16.0,-18.7500637095345,9.598949925993162,-18.0,-34.54033633779325,-2.9597910812757497,-37.5640055644811,0.0638781454120973,3,36,6,2,-43.47695871889289,5.9768312998238855
2005-05-14 10:30:00,28,-20.0,-18.671396343648883,9.598949925993162,-16.0,-34.461668971907635,-2.881123715390132,-37.485338198595485,0.1425455112977154,3,36,6,2,-43.39829135300727,6.055498665709504
2005-05-14 11:30:00,28,-19.0,-18.370313494087213,9.598949925993162,-16.0,-34.16058612234596,-2.5800408658284617,-37.18425534903381,0.4436283608593854,3,36,6,2,-43.0972085034456,6.3565815152711735
2005-05-14 12:30:00,28,-19.0,-18.53666000240376,9.598949925993162,-20.0,-34.32693263066251,-2.7463873741450087,-37.35060185735036,0.2772818525428384,3,36,6,2,-43.26355501176215,6.190235006954627
2005-05-14 13:30:00,28,-19.0,-21.698373458981024,9.598949925993162,-19.0,-37.48864608723977,-5.908100830722272,-40.51231531392762,-2.8844316040344253,3,36,6,2,-46.42526846833941,3.028521550377363
2005-05-14 14:30:00,28,-20.0,-17.683376613716153,9.598949925993162,-19.0,-33.473649241974904,-1.893103985457401,-36.49731846866276,1.130565241230446,3,36,6,2,-42.410271623074536,7.043518395642234
2005-05-14 15:30:00,28,-21.0,-18.97755965784013,9.598949925993162,-19.0,-34.76783228609888,-3.187287029581377,-37.79150151278672,-0.1636178028935297,3,36,6,2,-43.70445466719852,5.749335351518258
2005-05-14 16:30:00,28,-21.0,-14.329204270260774,9.598949925993162,-20.0,-30.11947689851953,1.461068357997977,-33.14314612520737,4.484737584685824,3,36,6,2,-39.05609927961916,10.397690739097612
2005-05-14 17:30:00,28,-20.0,-19.76366962704931,9.598949925993162,-21.0,-35.55394225530806,-3.973396998790559,-38.57761148199591,-0.9497277721027118,3,36,6,2,-44.4905646364077,4.963225382309076
2005-05-14 18:30:00,28,-23.0,-20.28903079731788,9.598949925993162,-21.0,-36.07930342557663,-4.498758169059126,-39.10297265226448,-1.4750889423712792,3,36,6,2,-45.015925806676265,4.437864212040505
2005-05-14 19:30:00,28,-28.0,-17.707774940282455,9.598949925993162,-20.0,-33.49804756854121,-1.917502312023704,-36.521716795229054,1.1061669146641435,3,36,6,2,-42.43466994964084,7.019120069075932
2005-05-14 20:30:00,28,-26.0,-22.95025074835389,9.598949925993162,-23.0,-38.74052337661264,-7.159978120095143,-41.76419260330049,-4.136308893407296,3,36,6,2,-47.67714575771228,1.7766442610044955
2005-05-14 21:30:00,28,-19.0,-28.391893471066133,9.598949925993162,-28.0,-44.18216609932489,-12.601620842807382,-47.20583532601273,-9.577951616119536,3,36,6,2,-53.11878848042452,-3.6649984617077465
2005-05-14 22:30:00,28,-14.0,-24.926887162813333,9.598949925993162,-26.0,-40.717159791072085,-9.136614534554582,-43.740829017759935,-6.112945307866735,3,36,6,2,-49.65378217217172,-0.19999215345494648
2005-05-14 23:30:00,28,-11.0,-18.68790906332943,9.598949925993162,-19.0,-34.478181691588176,-2.8976364350706767,-37.50185091827603,0.1260327916171704,3,36,6,2,-43.414804072687815,6.0389859460289586
2005-05-15 00:30:00,28,-14.0,-11.409129807810311,9.598949925993162,-14.0,-27.199402436069064,4.381142820448439,-30.22307166275691,7.404812047136286,3,36,6,2,-36.136024817168696,13.317765201548076
2005-05-15 01:30:00,28,-12.0,-14.329638529023155,9.598949925993162,-11.0,-30.11991115728191,1.4606340992355946,-33.14358038396976,4.484303325923442,3,36,6,2,-39.056533538381544,10.397256480335232
2005-05-15 02:30:00,28,11.0,-14.434339647232026,9.598949925993162,-14.0,-30.224612275490777,1.3559329810267258,-33.24828150217863,4.379602207714573,3,36,6,2,-39.16123465659041,10.292555362126361
2005-05-15 03:30:00,28,52.0,-17.72332721022112,9.598949925993162,-12.0,-33.51359983847988,-1.93305458196237,-36.53726906516772,1.090614644725477,3,36,6,2,-42.45022221957951,7.003567799137265
2005-05-15 04:30:00,28,42.0,0.8030128528349749,9.598949925993162,11.0,-14.987259775423777,16.593285481093726,-18.010929002111624,19.616954707781574,3,36,6,2,-23.923882156523412,25.52990786219336
2005-05-15 05:30:00,28,37.0,13.379703043340768,9.598949925993162,52.0,-2.410569584917983,29.16997567159952,-5.43423881160583,32.19364489828737,3,36,6,2,-11.347191966017618,38.106598052699155
2005-05-15 06:30:00,28,-58.0,4.534154462170164,9.598949925993162,42.0,-11.256118166088587,20.32442709042892,-14.279787392776434,23.348096317116763,3,36,6,2,-20.192740547188222,29.26104947152855
2005-05-15 07:30:00,28,-229.0,7.05392943938115,9.598949925993162,37.0,-8.736343188877601,22.844202067639905,-11.760012415565448,25.86787129432775,3,36,6,2,-17.672965569977237,31.780824448739537
2005-05-15 08:30:00,28,-247.0,-244.51851977168377,9.598949925993162,-58.0,-260.30879239994255,-228.72824714342505,-263.3324616266304,-225.7045779167372,3,36,6,2,-269.24541478104214,-219.7916247623254
2005-05-15 09:30:00,28,-222.0,-307.2682383795492,9.598949925993162,-229.0,-323.058511007808,-291.4779657512904,-326.0821802344958,-288.45429652460257,3,36,6,2,-331.99513338890756,-282.5413433701908
2005-05-15 10:30:00,28,-184.0,-237.41281743048097,9.598949925993162,-247.0,-253.2030900587397,-221.62254480222225,-256.2267592854276,-218.5988755755344,3,36,6,2,-262.13971243983934,-212.6859224211226
2005-05-15 11:30:00,28,-175.0,-205.1346805466368,9.598949925993162,-222.0,-220.9249531748956,-189.34440791837804,-223.94862240158332,-186.3207386916902,3,36,6,2,-229.86157555599516,-180.40778553727841
2005-05-15 12:30:00,28,-162.0,-180.07404525707247,9.598949925993162,-184.0,-195.8643178853312,-164.28377262881372,-198.88798711201903,-161.26010340212588,3,36,6,2,-204.80094026643087,-155.34715024771407
2005-05-15 13:30:00,28,-157.0,-170.75558283549256,9.598949925993162,-175.0,-186.5458554637513,-154.9653102072338,-189.56952469043915,-151.94164098054597,3,36,6,2,-195.48247784485096,-146.02868782613416
2005-05-15 14:30:00,28,-146.0,-150.69532469878737,9.598949925993162,-162.0,-166.4855973270461,-134.9050520705286,-169.50926655373394,-131.88138284384075,3,36,6,2,-175.42221970814575,-125.96842968942899
2005-05-15 15:30:00,28,-135.0,-140.53750178087373,9.598949925993162,-157.0,-156.32777440913247,-124.74722915261498,-159.35144363582032,-121.72355992592712,3,36,6,2,-165.26439679023213,-115.81060677151534
2005-05-15 16:30:00,28,-118.0,-132.48538145724777,9.598949925993162,-146.0,-148.27565408550652,-116.69510882898902,-151.29932331219436,-113.67143960230118,3,36,6,2,-157.21227646660617,-107.75848644788938
2005-05-15 17:30:00,28,-100.0,-121.72797661936528,9.598949925993162,-135.0,-137.51824924762403,-105.93770399110652,-140.54191847431187,-102.91403476441867,3,36,6,2,-146.45487162872365,-97.00108161000689
2005-05-15 18:30:00,28,-105.0,-110.64561074816214,9.598949925993162,-118.0,-126.43588337642088,-94.8553381199034,-129.45955260310873,-91.83166889321556,3,36,6,2,-135.3725057575205,-85.91871573880375
2005-05-15 19:30:00,28,-115.0,-100.35971173620592,9.598949925993162,-100.0,-116.14998436446469,-84.56943910794718,-119.17365359115252,-81.54576988125933,3,36,6,2,-125.08660674556431,-75.63281672684754
2005-05-15 20:30:00,28,-120.0,-105.46001437052207,9.598949925993162,-105.0,-121.25028699878084,-89.66974174226334,-124.27395622546868,-86.6460725155755,3,36,6,2,-130.18690937988046,-80.73311936116369
2005-05-15 21:30:00,28,-108.0,-112.48193259217663,9.598949925993162,-115.0,-128.27220522043538,-96.69165996391789,-131.29587444712325,-93.66799073723004,3,36,6,2,-137.208827601535,-87.75503758281825
2005-05-15 22:30:00,28,-94.0,-118.724880107061,9.598949925993162,-120.0,-134.51515273531976,-102.93460747880226,-137.5388219620076,-99.91093825211442,3,36,6,2,-143.45177511641938,-93.99798509770261
2005-05-15 23:30:00,28,-102.0,-108.90796604286716,9.598949925993162,-108.0,-124.69823867112592,-93.11769341460842,-127.72190789781376,-90.09402418792058,3,36,6,2,-133.63486105222555,-84.18107103350877
2005-05-16 00:30:00,28,-99.0,-97.02574633599744,9.598949925993162,-94.0,-112.8160189642562,-81.23547370773869,-115.83968819094405,-78.21180448105085,3,36,6,2,-121.75264134535583,-72.29885132663905
2005-05-16 01:30:00,28,-101.0,-101.36924360494156,9.598949925993162,-102.0,-117.15951623320032,-85.57897097668283,-120.18318545988816,-82.55530174999498,3,36,6,2,-126.09613861429995,-76.64234859558317
2005-05-16 02:30:00,28,-99.0,-98.8175536327814,9.598949925993162,-99.0,-114.60782626104016,-83.02728100452265,-117.631495487728,-80.0036117778348,3,36,6,2,-123.54444864213978,-74.09065862342301
2005-05-16 03:30:00,28,-99.0,-101.86027776919632,9.598949925993162,-101.0,-117.65055039745508,-86.07000514093758,-120.67421962414292,-83.04633591424974,3,36,6,2,-126.5871727785547,-77.13338275983793
2005-05-16 04:30:00,28,-97.0,-94.2589301372702,9.598949925993162,-99.0,-110.04920276552896,-78.46865750901145,-113.0728719922168,-75.4449882823236,3,36,6,2,-118.98582514662859,-69.53203512791181
2005-05-16 05:30:00,28,-91.0,-94.84668183245878,9.598949925993162,-99.0,-110.63695446071752,-79.05640920420004,-113.66062368740538,-76.0327399775122,3,36,6,2,-119.57357684181717,-70.1197868231004
2005-05-16 06:30:00,28,-97.0,-91.14929870095268,9.598949925993162,-97.0,-106.93957132921142,-75.35902607269392,-109.96324055589926,-72.33535684600608,3,36,6,2,-115.87619371031107,-66.4224036915943
2005-05-16 07:30:00,28,-87.0,-96.83343381488604,9.598949925993162,-91.0,-112.62370644314478,-81.04316118662729,-115.64737566983264,-78.01949195993944,3,36,6,2,-121.56032882424442,-72.10653880552765
2005-05-16 08:30:00,28,-87.0,-95.85041229444126,9.598949925993162,-97.0,-111.6406849227,-80.06013966618251,-114.66435414938786,-77.03647043949465,3,36,6,2,-120.57730730379964,-71.12351728508287
2005-05-16 09:30:00,28,-88.0,-76.63389353072665,9.598949925993162,-87.0,-92.4241661589854,-60.843620902467904,-95.44783538567324,-57.81995167578005,3,36,6,2,-101.36078854008504,-51.906998521368266
2005-05-16 10:30:00,28,-86.0,-78.72587887051444,9.598949925993162,-87.0,-94.51615149877318,-62.93560624225569,-97.53982072546104,-59.91193701556784,3,36,6,2,-103.45277387987282,-53.99898386115605
2005-05-16 11:30:00,28,-88.0,-80.59772042009625,9.598949925993162,-88.0,-96.387993048355,-64.8074477918375,-99.41166227504286,-61.78377856514965,3,36,6,2,-105.32461542945464,-55.870825410737865
2005-05-16 12:30:00,28,-85.0,-77.94962258341775,9.598949925993162,-86.0,-93.7398952116765,-62.159349955159,-96.76356443836434,-59.13568072847115,3,36,6,2,-102.67651759277614,-53.22272757405936
2005-05-16 13:30:00,28,-83.0,-81.66604052240268,9.598949925993162,-88.0,-97.45631315066144,-65.87576789414393,-100.47998237734927,-62.85209866745608,3,36,6,2,-106.39293553176107,-56.939145513044295
2005-05-16 14:30:00,28,-81.0,-80.33124763100632,9.598949925993162,-85.0,-96.12152025926508,-64.54097500274757,-99.14518948595293,-61.51730577605972,3,36,6,2,-105.05814264036471,-55.604352621647934
2005-05-16 15:30:00,28,-82.0,-79.65497004928187,9.598949925993162,-83.0,-95.44524267754062,-63.86469742102312,-98.46891190422846,-60.84102819433527,3,36,6,2,-104.38186505864026,-54.928075039923485
2005-05-16 16:30:00,28,-78.0,-79.84016508137414,9.598949925993162,-81.0,-95.63043770963289,-64.04989245311539,-98.65410693632074,-61.02622322642754,3,36,6,2,-104.56706009073253,-55.11327007201575
2005-05-16 17:30:00,28,-74.0,-82.30169857977926,9.598949925993162,-82.0,-98.091971208038,-66.51142595152051,-101.11564043472586,-63.48775672483266,3,36,6,2,-107.02859358913764,-57.57480357042087
2005-05-16 18:30:00,28,-70.0,-75.00295793680367,9.598949925993162,-78.0,-90.79323056506242,-59.21268530854492,-93.81689979175027,-56.18901608185707,3,36,6,2,-99.72985294616205,-50.27606292744528
2005-05-16 19:30:00,28,-71.0,-70.90218107517177,9.598949925993162,-74.0,-86.69245370343052,-55.11190844691302,-89.71612293011836,-52.08823922022517,3,36,6,2,-95.62907608453015,-46.17528606581338
2005-05-16 20:30:00,28,-74.0,-68.06055140587078,9.598949925993162,-70.0,-83.85082403412953,-52.27027877761204,-86.87449326081739,-49.24660955092418,3,36,6,2,-92.78744641522917,-43.333656396512396
2005-05-16 21:30:00,28,-77.0,-69.18214138945271,9.598949925993162,-71.0,-84.97241401771146,-53.39186876119396,-87.9960832443993,-50.36819953450611,3,36,6,2,-93.9090363988111,-44.45524638009432
2005-05-16 22:30:00,28,-76.0,-72.48974885530919,9.598949925993162,-74.0,-88.28002148356794,-56.69947622705044,-91.30369071025578,-53.67580700036259,3,36,6,2,-97.21664386466757,-47.7628538459508
2005-05-16 23:30:00,28,-71.0,-74.05426826091045,9.598949925993162,-77.0,-89.8445408891692,-58.2639956326517,-92.86821011585704,-55.24032640596385,3,36,6,2,-98.78116327026883,-49.32737325155206
2005-05-17 00:30:00,28,-66.0,-72.97021565313443,9.598949925993162,-76.0,-88.76048828139318,-57.17994302487568,-91.78415750808102,-54.15627379818783,3,36,6,2,-97.69711066249282,-48.243320643776045
2005-05-17 01:30:00,28,-65.0,-68.44603045000514,9.598949925993162,-71.0,-84.23630307826389,-52.65575782174639,-87.25997230495173,-49.63208859505854,3,36,6,2,-93.17292545936353,-43.71913544064675
2005-05-17 02:30:00,28,-67.0,-65.3861028926469,9.598949925993162,-66.0,-81.17637552090565,-49.59583026438816,-84.2000447475935,-46.57216103770031,3,36,6,2,-90.11299790200529,-40.659207883288516
2005-05-17 03:30:00,28,-68.0,-66.47633431312002,9.598949925993162,-65.0,-82.26660694137877,-50.68606168486127,-85.29027616806661,-47.66239245817342,3,36,6,2,-91.2032293224784,-41.74943930376163
2005-05-17 04:30:00,28,-74.0,-66.52950016583407,9.598949925993162,-67.0,-82.31977279409281,-50.73922753757532,-85.34344202078066,-47.71555831088747,3,36,6,2,-91.25639517519245,-41.80260515647568
2005-05-17 05:30:00,28,-80.0,-66.13615849786822,9.598949925993162,-68.0,-81.92643112612697,-50.34588586960948,-84.95010035281481,-47.32221664292162,3,36,6,2,-90.86305350722661,-41.409263488509836
2005-05-17 06:30:00,28,-76.0,-70.98262660367774,9.598949925993162,-74.0,-86.77289923193649,-55.192353975419,-89.79656845862434,-52.168684748731145,3,36,6,2,-95.70952161303613,-46.25573159431936
2005-05-17 07:30:00,28,-72.0,-77.16115866559687,9.598949925993162,-80.0,-92.95143129385562,-61.37088603733813,-95.97510052054346,-58.34721681065027,3,36,6,2,-101.88805367495526,-52.434263656238485
2005-05-17 08:30:00,28,-69.0,-73.1862829752924,9.598949925993162,-76.0,-88.97655560355115,-57.39601034703365,-92.000224830239,-54.3723411203458,3,36,6,2,-97.91317798465079,-48.45938796593401
2005-05-17 09:30:00,28,-65.0,-68.72303189722263,9.598949925993162,-72.0,-84.51330452548137,-52.93275926896388,-87.53697375216922,-49.90909004227603,3,36,6,2,-93.44992690658101,-43.99613688786424
2005-05-17 10:30:00,28,-64.0,-65.03785397717184,9.598949925993162,-69.0,-80.82812660543058,-49.24758134891309,-83.85179583211843,-46.22391212222524,3,36,6,2,-89.76474898653022,-40.31095896781345
2005-05-17 11:30:00,28,-63.0,-61.01785650315014,9.598949925993162,-65.0,-76.80812913140889,-45.227583874891394,-79.83179835809673,-42.20391464820354,3,36,6,2,-85.74475151250853,-36.290961493791755
2005-05-17 12:30:00,28,-65.0,-60.9556280692445,9.598949925993162,-64.0,-76.74590069750325,-45.16535544098575,-79.7695699241911,-42.1416862142979,3,36,6,2,-85.68252307860288,-36.22873305988611
2005-05-17 13:30:00,28,-66.0,-63.09657457244813,9.598949925993162,-63.0,-78.88684720070688,-47.306301944189386,-81.91051642739473,-44.282632717501535,3,36,6,2,-87.8234695818065,-38.36967956308974
2005-05-17 14:30:00,28,-64.0,-64.84181578199875,9.598949925993162,-65.0,-80.6320884102575,-49.05154315374,-83.65575763694534,-46.02787392705215,3,36,6,2,-89.56871079135713,-40.11492077264036
2005-05-17 15:30:00,28,-59.0,-63.89572198160434,9.598949925993162,-66.0,-79.68599460986309,-48.10544935334559,-82.70966383655093,-45.08178012665774,3,36,6,2,-88.62261699096273,-39.16882697224595
2005-05-17 16:30:00,28,-63.0,-61.50791812131867,9.598949925993162,-64.0,-77.29819074957742,-45.71764549305992,-80.32185997626527,-42.69397626637207,3,36,6,2,-86.23481313067705,-36.78102311196028
2005-05-17 17:30:00,28,-69.0,-56.56293254853513,9.598949925993162,-59.0,-72.35320517679388,-40.77265992027638,-75.37687440348174,-37.74899069358853,3,36,6,2,-81.28982755789352,-31.836037539176743
2005-05-17 18:30:00,28,-72.0,-68.19985774601365,9.598949925993162,-63.0,-83.9901303742724,-52.4095851177549,-87.01379960096025,-49.38591589106705,3,36,6,2,-92.92675275537204,-43.47296273665526
2005-05-17 19:30:00,28,-70.0,-66.12368958610594,9.598949925993162,-69.0,-81.91396221436469,-50.33341695784719,-84.93763144105253,-47.30974773115934,3,36,6,2,-90.85058459546433,-41.39679457674755
2005-05-17 20:30:00,28,-64.0,-63.576913149023206,9.598949925993162,-72.0,-79.36718577728196,-47.78664052076445,-82.3908550039698,-44.76297129407661,3,36,6,2,-88.3038081583816,-38.85001813966482
2005-05-17 21:30:00,28,-63.0,-65.14958065218275,9.598949925993162,-70.0,-80.9398532804415,-49.359308023924,-83.96352250712934,-46.33563879723615,3,36,6,2,-89.87647566154114,-40.42268564282436
2005-05-17 22:30:00,28,-61.0,-61.90850791882269,9.598949925993162,-64.0,-77.69878054708144,-46.118235290563945,-80.72244977376928,-43.094566063876094,3,36,6,2,-86.63540292818108,-37.181612909464306
2005-05-17 23:30:00,28,-58.0,-61.28849043469857,9.598949925993162,-63.0,-77.07876306295732,-45.49821780643983,-80.10243228964518,-42.474548579751975,3,36,6,2,-86.01538544405696,-36.56159542534019
2005-05-18 00:30:00,28,-59.0,-57.50267818741145,9.598949925993162,-61.0,-73.2929508156702,-41.7124055591527,-76.31662004235804,-38.68873633246485,3,36,6,2,-82.22957319676983,-32.77578317805306
2005-05-18 01:30:00,28,-63.0,-54.581049344711225,9.598949925993162,-58.0,-70.37132197296998,-38.79077671645247,-73.39499119965782,-35.767107489764626,3,36,6,2,-79.3079443540696,-29.85415433535284
2005-05-18 02:30:00,28,-64.0,-57.66661994246999,9.598949925993162,-59.0,-73.45689257072874,-41.876347314211245,-76.48056179741658,-38.852678087523394,3,36,6,2,-82.39351495182838,-32.939724933111606
2005-05-18 03:30:00,28,-64.0,-61.60705008258598,9.598949925993162,-63.0,-77.39732271084473,-45.81677745432722,-80.42099193753258,-42.79310822763938,3,36,6,2,-86.33394509194437,-36.88015507322759
2005-05-18 04:30:00,28,-62.0,-60.46495679532042,9.598949925993162,-64.0,-76.25522942357917,-44.67468416706167,-79.27889865026702,-41.65101494037382,3,36,6,2,-85.1918518046788,-35.73806178596203
2005-05-18 05:30:00,28,-59.0,-60.90779428512264,9.598949925993162,-64.0,-76.6980669133814,-45.117521656863886,-79.72173614006924,-42.09385243017604,3,36,6,2,-85.63468929448103,-36.180899275764254
2005-05-18 06:30:00,28,-55.0,-59.60602925235624,9.598949925993162,-62.0,-75.396301880615,-43.81575662409749,-78.41997110730284,-40.792087397409645,3,36,6,2,-84.33292426171462,-34.87913424299785
2005-05-18 07:30:00,28,-53.0,-57.38256632649288,9.598949925993162,-59.0,-73.17283895475163,-41.59229369823413,-76.19650818143947,-38.56862447154628,3,36,6,2,-82.10946133585126,-32.65567131713449
2005-05-18 08:30:00,28,-53.0,-54.06071541515706,9.598949925993162,-55.0,-69.85098804341581,-38.27044278689832,-72.87465727010365,-35.246773560210464,3,36,6,2,-78.78761042451545,-29.333820405798676
2005-05-18 09:30:00,28,-49.0,-54.70025035089978,9.598949925993162,-53.0,-70.49052297915853,-38.90997772264103,-73.51419220584637,-35.88630849595318,3,36,6,2,-79.42714536025817,-29.973355341541392
2005-05-18 10:30:00,28,-49.0,-51.26420511030441,9.598949925993162,-53.0,-67.05447773856316,-35.473932482045655,-70.07814696525101,-32.45026325535781,3,36,6,2,-75.9911001196628,-26.537310100946023
2005-05-18 11:30:00,28,-49.0,-48.30311920194895,9.598949925993162,-49.0,-64.0933918302077,-32.5128465736902,-67.11706105689555,-29.489177347002347,3,36,6,2,-73.03001421130733,-23.576224192590566
2005-05-18 12:30:00,28,-50.0,-50.2027400063446,9.598949925993162,-49.0,-65.99301263460335,-34.41246737808585,-69.0166818612912,-31.388798151398,3,36,6,2,-74.92963501570298,-25.47584499698621
2005-05-18 13:30:00,28,-49.0,-52.25404534006274,9.598949925993162,-49.0,-68.0443179683215,-36.46377271180398,-71.06798719500934,-33.44010348511614,3,36,6,2,-76.98094034942113,-27.52715033070435
2005-05-18 14:30:00,28,-48.0,-52.82045787417269,9.598949925993162,-50.0,-68.61073050243144,-37.03018524591394,-71.63439972911928,-34.00651601922609,3,36,6,2,-77.54735288353108,-28.093562864814302
2005-05-18 15:30:00,28,-46.0,-48.78959062511258,9.598949925993162,-49.0,-64.57986325337133,-32.99931799685383,-67.60353248005919,-29.975648770165986,3,36,6,2,-73.51648563447097,-24.062695615754194
2005-05-18 16:30:00,28,-49.0,-47.04051971293881,9.598949925993162,-48.0,-62.830792341197565,-31.25024708468006,-65.85446156788541,-28.22657785799221,3,36,6,2,-71.76741472229719,-22.313624703580423
2005-05-18 17:30:00,28,-48.0,-42.75577438853237,9.598949925993162,-46.0,-58.54604701679112,-26.96550176027362,-61.56971624347897,-23.94183253358577,3,36,6,2,-67.48266939789076,-18.028879379173986
2005-05-18 18:30:00,28,-49.0,-43.19649441325505,9.598949925993162,-49.0,-58.9867670415138,-27.4062217849963,-62.01043626820165,-24.38255255830845,3,36,6,2,-67.92338942261344,-18.469599403896666
2005-05-18 19:30:00,28,-49.0,-43.22102096107153,9.598949925993162,-48.0,-59.01129358933028,-27.43074833281278,-62.03496281601813,-24.40707910612493,3,36,6,2,-67.94791597042992,-18.494125951713144
2005-05-18 20:30:00,28,-49.0,-44.468106888444936,9.598949925993162,-49.0,-60.25837951670368,-28.677834260186184,-63.282048743391535,-25.654165033498337,3,36,6,2,-69.19500189780332,-19.74121187908655
2005-05-18 21:30:00,28,-45.0,-44.19380050674998,9.598949925993162,-49.0,-59.98407313500873,-28.40352787849123,-63.00774236169658,-25.37985865180338,3,36,6,2,-68.92069551610837,-19.466905497391593
2005-05-18 22:30:00,28,-41.0,-44.51862968991716,9.598949925993162,-49.0,-60.30890231817591,-28.728357061658404,-63.33257154486376,-25.70468783497056,3,36,6,2,-69.24552469927555,-19.791734680558775
2005-05-18 23:30:00,28,-39.0,-42.70497518559161,9.598949925993162,-45.0,-58.49524781385036,-26.914702557332856,-61.518917040538206,-23.89103333064501,3,36,6,2,-67.43187019495,-17.97808017623322
2005-05-19 00:30:00,28,-39.0,-41.15579394463392,9.598949925993162,-41.0,-56.94606657289268,-25.36552131637517,-59.96973579958052,-22.34185208968732,3,36,6,2,-65.8826889539923,-16.428898935275534
2005-05-19 01:30:00,28,-40.0,-37.91711628745638,9.598949925993162,-39.0,-53.70738891571513,-22.12684365919763,-56.73105814240298,-19.103174432509785,3,36,6,2,-62.64401129681477,-13.190221278097994
2005-05-19 02:30:00,28,-36.0,-40.87318523699014,9.598949925993162,-39.0,-56.66345786524889,-25.082912608731387,-59.68712709193674,-22.05924338204354,3,36,6,2,-65.60008024634853,-16.146290227631752
2005-05-19 03:30:00,28,-32.0,-37.64902984602934,9.598949925993162,-40.0,-53.4393024742881,-21.85875721777059,-56.46297170097594,-18.835087991082744,3,36,6,2,-62.37592485538773,-12.922134836670956
2005-05-19 04:30:00,28,-26.0,-35.32069645313612,9.598949925993162,-36.0,-51.11096908139487,-19.53042382487737,-54.13463830808272,-16.506754598189524,3,36,6,2,-60.04759146249451,-10.593801443777735
2005-05-19 05:30:00,28,-29.0,-34.07771439959091,9.598949925993162,-32.0,-49.86798702784967,-18.28744177133216,-52.89165625453751,-15.263772544644311,3,36,6,2,-58.8046094089493,-9.350819390232523
2005-05-19 06:30:00,28,-31.0,-34.98384456210909,9.598949925993162,-26.0,-50.774117190367846,-19.19357193385034,-53.79778641705569,-16.169902707162493,3,36,6,2,-59.71073957146748,-10.256949552750704
2005-05-19 07:30:00,28,-30.0,-32.19485848585455,9.598949925993162,-29.0,-47.9851311141133,-16.4045858575958,-51.00880034080115,-13.380916630907954,3,36,6,2,-56.92175349521294,-7.467963476496166
2005-05-19 08:30:00,28,-32.0,-35.599396983122745,9.598949925993162,-31.0,-51.38966961138149,-19.809124354864,-54.41333883806934,-16.785455128176146,3,36,6,2,-60.32629199248113,-10.872501973764358
2005-05-19 09:30:00,28,-34.0,-32.60592023987198,9.598949925993162,-30.0,-48.396192868130726,-16.815647611613226,-51.419862094818576,-13.79197838492538,3,36,6,2,-57.332815249230364,-7.879025230513591
2005-05-19 10:30:00,28,-39.0,-34.04958718587145,9.598949925993162,-32.0,-49.83985981413021,-18.2593145576127,-52.86352904081805,-15.235645330924854,3,36,6,2,-58.77648219522984,-9.322692176513065
2005-05-19 11:30:00,28,-43.0,-35.26109897412793,9.598949925993162,-34.0,-51.05137160238668,-19.47082634586918,-54.07504082907453,-16.447157119181334,3,36,6,2,-59.98799398348632,-10.534203964769546
2005-05-19 12:30:00,28,-37.0,-36.60437306616528,9.598949925993162,-39.0,-52.39464569442403,-20.81410043790653,-55.41831492111188,-17.79043121121868,3,36,6,2,-61.33126807552367,-11.877478056806893
2005-05-19 13:30:00,28,-28.0,-42.01958482284648,9.598949925993162,-43.0,-57.80985745110523,-26.22931219458773,-60.83352667779308,-23.205642967899884,3,36,6,2,-66.74647983220487,-17.292689813488096
2005-05-19 14:30:00,28,-25.0,-35.24945095053451,9.598949925993162,-37.0,-51.03972357879326,-19.45917832227576,-54.06339280548111,-16.43550909558791,3,36,6,2,-59.976345959892896,-10.522555941176122
2005-05-19 15:30:00,28,-26.0,-28.12536140988886,9.598949925993162,-28.0,-43.915634038147616,-12.335088781630107,-46.93930326483546,-9.311419554942262,3,36,6,2,-52.85225641924725,-3.3984664005304737
2005-05-19 16:30:00,28,-30.0,-27.951620406267413,9.598949925993162,-25.0,-43.74189303452616,-12.16134777800866,-46.765562261214015,-9.137678551320814,3,36,6,2,-52.678515415625796,-3.224725396909026
2005-05-19 17:30:00,28,-31.0,-28.57191187259119,9.598949925993162,-26.0,-44.36218450084994,-12.78163924433244,-47.38585372753779,-9.757970017644592,3,36,6,2,-53.298806881949574,-3.8450168632328037
2005-05-19 18:30:00,28,-31.0,-29.46905358182801,9.598949925993162,-30.0,-45.25932621008677,-13.678780953569262,-48.28299543677461,-10.655111726881415,3,36,6,2,-54.195948591186394,-4.742158572469624
2005-05-19 19:30:00,28,-29.0,-26.905135415158227,9.598949925993162,-31.0,-42.695408043416975,-11.114862786899476,-45.719077270104826,-8.091193560211629,3,36,6,2,-51.632030424516614,-2.1782404057998406
2005-05-19 20:30:00,28,-21.0,-27.511927361180568,9.598949925993162,-31.0,-43.30219998943932,-11.721654732921817,-46.32586921612717,-8.69798550623397,3,36,6,2,-52.238822370538955,-2.7850323518221813
2005-05-19 21:30:00,28,-16.0,-26.56678191418368,9.598949925993162,-29.0,-42.357054542442434,-10.77650928592493,-45.380723769130284,-7.752840059237084,3,36,6,2,-51.293676923542066,-1.839886904825292
2005-05-19 22:30:00,28,-10.0,-22.94654563807761,9.598949925993162,-21.0,-38.73681826633637,-7.156273009818861,-41.760487493024215,-4.132603783131014,3,36,6,2,-47.673440647435996,1.7803493712807779
2005-05-19 23:30:00,28,-11.0,-19.9258973301126,9.598949925993162,-16.0,-35.71616995837135,-4.135624701853846,-38.7398391850592,-1.111955475165999,3,36,6,2,-44.65279233947099,4.800997679245786
2005-05-20 00:30:00,28,-12.0,-12.80896474280955,9.598949925993162,-10.0,-28.599237371068305,2.981307885449201,-31.62290659775615,6.004977112137048,3,36,6,2,-37.53585975216794,11.917930266548836
2005-05-20 01:30:00,28,-12.0,-13.483110948658446,9.598949925993162,-11.0,-29.2733835769172,2.3071616796003056,-32.29705280360504,5.330830906288153,3,36,6,2,-38.210005958016836,11.24378406069994
2005-05-20 02:30:00,28,-10.0,-17.90930245652435,9.598949925993162,-12.0,-33.699575084783106,-2.1190298282655995,-36.72324431147095,0.9046393984222476,3,36,6,2,-42.63619746588274,6.817592552834036
2005-05-20 03:30:00,28,-3.0,-16.93335487825903,9.598949925993162,-12.0,-32.723627506517786,-1.1430822500002795,-35.74729673320563,1.880586976687568,3,36,6,2,-41.66024988761742,7.7935401310993555
2005-05-20 04:30:00,28,8.0,-14.819632407663292,9.598949925993162,-10.0,-30.609905035922043,0.9706402205954596,-33.63357426260989,3.9943094472833054,3,36,6,2,-39.54652741702168,9.907262601695095
2005-05-20 05:30:00,28,-18.0,-5.922315101551781,9.598949925993162,-3.0,-21.712587729810533,9.86795752670697,-24.73625695649838,12.891626753394815,3,36,6,2,-30.64921011091017,18.804579907806605
2005-05-20 06:30:00,28,-54.0,-11.92355830204982,9.598949925993162,8.0,-27.71383093030857,3.866714326208932,-30.73750015699642,6.890383552896779,3,36,6,2,-36.65045331140821,12.803336707308567
2005-05-20 07:30:00,28,-74.0,-47.500504980500274,9.598949925993162,-18.0,-63.29077760875903,-31.710232352241523,-66.31444683544687,-28.686563125553675,3,36,6,2,-72.22739998985867,-22.773609971141887
2005-05-20 08:30:00,28,-83.0,-87.35986722743418,9.598949925993162,-54.0,-103.15013985569291,-71.56959459917543,-106.1738090823808,-68.54592537248757,3,36,6,2,-112.08676223679257,-62.63297221807579
2005-05-20 09:30:00,28,-81.0,-74.59744492714671,9.598949925993162,-74.0,-90.38771755540546,-58.80717229888796,-93.4113867820933,-55.78350307220011,3,36,6,2,-99.3243399365051,-49.870549917788324
2005-05-20 10:30:00,28,-72.0,-93.26011079109632,9.598949925993162,-83.0,-109.05038341935509,-77.46983816283758,-112.07405264604292,-74.44616893614972,3,36,6,2,-117.98700580045471,-68.53321578173794
2005-05-20 11:30:00,28,-63.0,-70.93341625556816,9.598949925993162,-81.0,-86.72368888382691,-55.14314362730941,-89.74735811051477,-52.11947440062156,3,36,6,2,-95.66031126492655,-46.206521246209775
2005-05-20 12:30:00,28,-65.0,-67.4294173812834,9.598949925993162,-72.0,-83.21969000954215,-51.63914475302465,-86.24335923622999,-48.6154755263368,3,36,6,2,-92.15631239064179,-42.70252237192501
2005-05-20 13:30:00,28,-63.0,-61.62373819925969,9.598949925993162,-63.0,-77.41401082751844,-45.83346557100094,-80.43768005420628,-42.80979634431309,3,36,6,2,-86.35063320861808,-36.896843189901304
2005-05-20 14:30:00,28,-49.0,-58.780768255004034,9.598949925993162,-65.0,-74.57104088326278,-42.990495626745286,-77.59471010995063,-39.96682640005744,3,36,6,2,-83.50766326436242,-34.05387324564565
2005-05-20 15:30:00,28,-39.0,-55.60364405571707,9.598949925993162,-63.0,-71.39391668397582,-39.81337142745832,-74.41758591066366,-36.78970220077047,3,36,6,2,-80.33053906507546,-30.876749046358682
2005-05-20 16:30:00,28,-36.0,-47.71485946029741,9.598949925993162,-49.0,-63.50513208855615,-31.924586832038653,-66.52880131524401,-28.90091760535081,3,36,6,2,-72.44175446965579,-22.987964450939025
2005-05-20 17:30:00,28,-36.0,-40.43694690785141,9.598949925993162,-39.0,-56.22721953611016,-24.646674279592656,-59.250888762798006,-21.62300505290481,3,36,6,2,-65.1638419172098,-15.71005189849302
2005-05-20 18:30:00,28,-34.0,-35.81074446291725,9.598949925993162,-36.0,-51.601017091176,-20.020471834658498,-54.62468631786385,-16.99680260797065,3,36,6,2,-60.537639472275636,-11.083849453558862
2005-05-20 19:30:00,28,-38.0,-32.199143615842715,9.598949925993162,-36.0,-47.98941624410146,-16.408870987583963,-51.01308547078931,-13.385201760896116,3,36,6,2,-56.9260386252011,-7.472248606484328
2005-05-20 20:30:00,28,-41.0,-30.04857129541339,9.598949925993162,-34.0,-45.838843923672144,-14.258298667154635,-48.86251315035999,-11.23462944046679,3,36,6,2,-54.775466304771776,-5.321676286055002
2005-05-20 21:30:00,28,-39.0,-35.71487473451848,9.598949925993162,-38.0,-51.50514736277724,-19.92460210625973,-54.52881658946508,-16.900932879571883,3,36,6,2,-60.44176974387687,-10.987979725160095
2005-05-20 22:30:00,28,-43.0,-36.713466971827074,9.598949925993162,-41.0,-52.50373960008582,-20.923194343568323,-55.52740882677367,-17.899525116880476,3,36,6,2,-61.44036198118546,-11.986571962468688
2005-05-20 23:30:00,28,-49.0,-37.25194919802304,9.598949925993162,-39.0,-53.04222182628179,-21.46167656976429,-56.06589105296964,-18.438007343076443,3,36,6,2,-61.97884420738143,-12.525054188664654
2005-05-21 00:30:00,28,-47.0,-46.49964377139908,9.598949925993162,-43.0,-62.28991639965783,-30.709371143140327,-65.31358562634568,-27.68570191645248,3,36,6,2,-71.22653878075747,-21.772748762040692
2005-05-21 01:30:00,28,-41.0,-47.763594422073794,9.598949925993162,-49.0,-63.55386705033254,-31.97332179381504,-66.57753627702039,-28.949652567127195,3,36,6,2,-72.49048943143218,-23.036699412715407
2005-05-21 02:30:00,28,-36.0,-40.39866439723315,9.598949925993162,-47.0,-56.188937025491896,-24.6083917689744,-59.21260625217975,-21.58472254228655,3,36,6,2,-65.12555940659153,-15.671769387874761
2005-05-21 03:30:00,28,-44.0,-37.78953553871512,9.598949925993162,-41.0,-53.57980816697388,-21.99926291045637,-56.60347739366172,-18.975593683768523,3,36,6,2,-62.51643054807351,-13.062640529356734
2005-05-21 04:30:00,28,-51.0,-39.94443457031633,9.598949925993162,-36.0,-55.73470719857508,-24.15416194205758,-58.75837642526293,-21.130492715369734,3,36,6,2,-64.67132957967472,-15.217539560957945
2005-05-21 05:30:00,28,-61.0,-50.9302443967828,9.598949925993162,-44.0,-66.72051702504154,-35.13997176852405,-69.74418625172939,-32.1163025418362,3,36,6,2,-75.65713940614118,-26.20334938742441
2005-05-21 06:30:00,28,-63.0,-54.107252471163946,9.598949925993162,-51.0,-69.8975250994227,-38.3169798429052,-72.92119432611054,-35.29331061621735,3,36,6,2,-78.83414748052233,-29.38035746180556
2005-05-21 07:30:00,28,-59.0,-62.44479934585145,9.598949925993162,-61.0,-78.2350719741102,-46.6545267175927,-81.25874120079806,-43.63085749090485,3,36,6,2,-87.17169435520984,-37.71790433649306
2005-05-21 08:30:00,28,-57.0,-59.985051267873295,9.598949925993162,-63.0,-75.77532389613205,-44.19477863961454,-78.7989931228199,-41.1711094129267,3,36,6,2,-84.71194627723168,-35.25815625851491
2005-05-21 09:30:00,28,-58.0,-52.88301290937595,9.598949925993162,-59.0,-68.6732855376347,-37.0927402811172,-71.69695476432256,-34.06907105442935,3,36,6,2,-77.60990791873434,-28.156117900017563
2005-05-21 10:30:00,28,-56.0,-53.996290285116345,9.598949925993162,-57.0,-69.78656291337509,-38.2060176568576,-72.81023214006294,-35.182348430169746,3,36,6,2,-78.72318529447473,-29.269395275757958
2005-05-21 11:30:00,28,-56.0,-55.01320213354368,9.598949925993162,-58.0,-70.80347476180243,-39.22292950528493,-73.82714398849028,-36.19926027859708,3,36,6,2,-79.74009714290207,-30.286307124185292
2005-05-21 12:30:00,28,-55.0,-54.22959005944404,9.598949925993162,-56.0,-70.01986268770278,-38.43931743118529,-73.04353191439063,-35.41564820449744,3,36,6,2,-78.95648506880244,-29.502695050085656
2005-05-21 13:30:00,28,-49.0,-53.21756634377101,9.598949925993162,-56.0,-69.00783897202976,-37.42729371551226,-72.0315081987176,-34.40362448882441,3,36,6,2,-77.9444613531294,-28.490671334412625
2005-05-21 14:30:00,28,-48.0,-51.40398804641491,9.598949925993162,-55.0,-67.19426067467366,-35.61371541815616,-70.21792990136152,-32.59004619146831,3,36,6,2,-76.1308830557733,-26.677093037056522
2005-05-21 15:30:00,28,-50.0,-48.89907826678317,9.598949925993162,-49.0,-64.68935089504191,-33.108805638524416,-67.71302012172976,-30.085136411836565,3,36,6,2,-73.62597327614156,-24.172183257424784
2005-05-21 16:30:00,28,-48.0,-48.94686124625873,9.598949925993162,-48.0,-64.73713387451748,-33.15658861799997,-67.76080310120533,-30.13291939131213,3,36,6,2,-73.67375625561712,-24.21996623690034
2005-05-21 17:30:00,28,-52.0,-51.43972306691177,9.598949925993162,-50.0,-67.22999569517052,-35.64945043865302,-70.25366492185836,-32.62578121196517,3,36,6,2,-76.16661807627015,-26.71282805755338
2005-05-21 18:30:00,28,-56.0,-50.47816771916136,9.598949925993162,-48.0,-66.26844034742011,-34.687895090902614,-69.29210957410797,-31.664225864214764,3,36,6,2,-75.20506272851975,-25.751272709802976
2005-05-21 19:30:00,28,-56.0,-49.652945430111096,9.598949925993162,-52.0,-65.44321805836985,-33.86267280185234,-68.4668872850577,-30.839003575164497,3,36,6,2,-74.37984043946949,-24.92605042075271
2005-05-21 20:30:00,28,-48.0,-55.1444498890765,9.598949925993162,-56.0,-70.93472251733525,-39.35417726081775,-73.95839174402309,-36.3305080341299,3,36,6,2,-79.87134489843488,-30.41755487971811
2005-05-21 21:30:00,28,-44.0,-53.81780630487286,9.598949925993162,-56.0,-69.60807893313161,-38.02753367661411,-72.63174815981947,-35.00386444992626,3,36,6,2,-78.54470131423125,-29.090911295514474
2005-05-21 22:30:00,28,-38.0,-46.12446960302171,9.598949925993162,-48.0,-61.91474223128046,-30.33419697476296,-64.9384114579683,-27.31052774807511,3,36,6,2,-70.8513646123801,-21.39757459366332
2005-05-21 23:30:00,28,-34.0,-40.93621021517164,9.598949925993162,-44.0,-56.72648284343039,-25.14593758691289,-59.75015207011824,-22.122268360225043,3,36,6,2,-65.66310522453003,-16.209315205813255
2005-05-22 00:30:00,28,-36.0,-36.66114000059414,9.598949925993162,-38.0,-52.45141262885289,-20.870867372335383,-55.475081855540736,-17.84719814564754,3,36,6,2,-61.388035009952524,-11.93424499123575
2005-05-22 01:30:00,28,-38.0,-36.86284533309807,9.598949925993162,-34.0,-52.65311796135683,-21.07257270483932,-55.67678718804467,-18.04890347815148,3,36,6,2,-61.58974034245646,-12.135950323739685
2005-05-22 02:30:00,28,-33.0,-36.28188573526545,9.598949925993162,-36.0,-52.0721583635242,-20.491613107006696,-55.095827590212046,-17.46794388031885,3,36,6,2,-61.008780744623834,-11.55499072590706
2005-05-22 03:30:00,28,-35.0,-42.436222840407765,9.598949925993162,-38.0,-58.22649546866651,-26.64595021214901,-61.25016469535437,-23.622280985461167,3,36,6,2,-67.16311784976615,-17.70932783104938
2005-05-22 04:30:00,28,-35.0,-33.5413932987174,9.598949925993162,-33.0,-49.33166592697616,-17.75112067045865,-52.355335153664,-14.727451443770804,3,36,6,2,-58.26828830807579,-8.814498289359015
2005-05-22 05:30:00,28,-38.0,-39.452883892157566,9.598949925993162,-35.0,-55.24315652041632,-23.66261126389881,-58.26682574710416,-20.638942037210967,3,36,6,2,-64.17977890151596,-14.725988882799179
2005-05-22 06:30:00,28,-38.0,-34.774312289989524,9.598949925993162,-35.0,-50.56458491824827,-18.984039661730773,-53.58825414493612,-15.960370435042924,3,36,6,2,-59.50120729934791,-10.047417280631137
2005-05-22 07:30:00,28,-37.0,-34.97584479597347,9.598949925993162,-38.0,-50.76611742423222,-19.18557216771472,-53.78978665092007,-16.161902941026874,3,36,6,2,-59.70273980533186,-10.248949786615086
2005-05-22 08:30:00,28,-39.0,-39.48380214833182,9.598949925993162,-38.0,-55.27407477659057,-23.693529520073067,-58.29774400327842,-20.66986029338522,3,36,6,2,-64.2106971576902,-14.756907138973432
2005-05-22 09:30:00,28,-41.0,-36.926275538815496,9.598949925993162,-37.0,-52.71654816707425,-21.136002910556744,-55.740217393762094,-18.112333683868897,3,36,6,2,-61.65317054817388,-12.199380529457109
2005-05-22 10:30:00,28,-40.0,-32.97468274092338,9.598949925993162,-39.0,-48.76495536918213,-17.184410112664626,-51.788624595869976,-14.16074088597678,3,36,6,2,-57.701577750281764,-8.24778773156499
2005-05-22 11:30:00,28,-38.0,-36.28363486665935,9.598949925993162,-41.0,-52.0739074949181,-20.4933622384006,-55.09757672160595,-17.46969301171275,3,36,6,2,-61.010529876017735,-11.556739857300961
2005-05-22 12:30:00,28,-34.0,-37.70140399300527,9.598949925993162,-40.0,-53.49167662126402,-21.91113136474652,-56.51534584795187,-18.88746213805868,3,36,6,2,-62.42829900236366,-12.974508983646885
2005-05-22 13:30:00,28,-30.0,-32.87614017403482,9.598949925993162,-38.0,-48.66641280229358,-17.085867545776072,-51.69008202898142,-14.062198319088225,3,36,6,2,-57.60303518339321,-8.149245164676437
2005-05-22 14:30:00,28,-28.0,-31.60135361808589,9.598949925993162,-34.0,-47.39162624634464,-15.81108098982714,-50.41529547303249,-12.787411763139293,3,36,6,2,-56.32824862744428,-6.874458608727505
2005-05-22 15:30:00,28,-28.0,-29.688542959804323,9.598949925993162,-30.0,-45.47881558806307,-13.898270331545572,-48.50248481475092,-10.874601104857724,3,36,6,2,-54.41543796916271,-4.961647950445936
2005-05-22 16:30:00,28,-29.0,-25.14254078999432,9.598949925993162,-28.0,-40.93281341825306,-9.352268161735562,-43.95648264494091,-6.328598935047715,3,36,6,2,-49.86943579935271,-0.41564578063593416
2005-05-22 17:30:00,28,-28.0,-25.70072720512488,9.598949925993162,-28.0,-41.490999833383626,-9.910454576866126,-44.51466906007148,-6.886785350178279,3,36,6,2,-50.427622214483264,-0.9738321957664944
2005-05-22 18:30:00,28,-28.0,-27.730234321496063,9.598949925993162,-29.0,-43.52050694975482,-11.939961693237317,-46.54417617644266,-8.916292466549468,3,36,6,2,-52.45712933085445,-3.003339312137676
2005-05-22 19:30:00,28,-29.0,-25.62056049735632,9.598949925993162,-28.0,-41.41083312561507,-9.830287869097567,-44.434502352302914,-6.80661864240972,3,36,6,2,-50.34745550671471,-0.8936654879979322
2005-05-22 20:30:00,28,-31.0,-25.585775039891413,9.598949925993162,-28.0,-41.37604766815016,-9.79550241163266,-44.39971689483801,-6.771833184944814,3,36,6,2,-50.3126700492498,-0.858880030533026
2005-05-22 21:30:00,28,-29.0,-26.42549237838363,9.598949925993162,-29.0,-42.21576500664239,-10.63521975012488,-45.23943423333023,-7.611550523437032,3,36,6,2,-51.15238738774202,-1.6985973690252436
2005-05-22 22:30:00,28,-27.0,-25.734891515307098,9.598949925993162,-31.0,-41.525164143565846,-9.944618887048346,-44.548833370253696,-6.920949660360499,3,36,6,2,-50.461786524665484,-1.0079965059487108
2005-05-22 23:30:00,28,-25.0,-28.528573694849285,9.598949925993162,-29.0,-44.31884632310803,-12.738301066590534,-47.34251554979589,-9.714631839902689,3,36,6,2,-53.25546870420767,-3.8016786854908986
2005-05-23 00:30:00,28,-22.0,-25.15729409638826,9.598949925993162,-27.0,-40.94756672464701,-9.367021468129508,-43.97123595133486,-6.343352241441661,3,36,6,2,-49.88418910574664,-0.4303990870298726
2005-05-23 01:30:00,28,-18.0,-27.766422350089066,9.598949925993162,-25.0,-43.55669497834782,-11.976149721830314,-46.580364205035664,-8.952480495142467,3,36,6,2,-52.49331735944745,-3.039527340730679
2005-05-23 02:30:00,28,-18.0,-20.286260734460324,9.598949925993162,-22.0,-36.07653336271908,-4.4959881062015725,-39.10020258940692,-1.4723188795137254,3,36,6,2,-45.013155743818714,4.440634274898063
2005-05-23 03:30:00,28,-18.0,-18.92562642261598,9.598949925993162,-18.0,-34.71589905087473,-3.135353794357229,-37.73956827756258,-0.111684567669382,3,36,6,2,-43.652521431974364,5.801268586742406
2005-05-23 04:30:00,28,-18.0,-17.306732739499516,9.598949925993162,-18.0,-33.09700536775827,-1.5164601112407643,-36.12067459444612,1.5072091154470826,3,36,6,2,-42.0336277488579,7.420162269858871
2005-05-23 05:30:00,28,-19.0,-17.596909524989705,9.598949925993162,-18.0,-33.38718215324846,-1.8066368967309536,-36.410851379936304,1.2170323299568937,3,36,6,2,-42.32380453434809,7.129985484368682
2005-05-23 06:30:00,28,-18.0,-21.04746312100581,9.598949925993162,-18.0,-36.83773574926456,-5.257190492747057,-39.86140497595241,-2.23352126605921,3,36,6,2,-45.77435813036419,3.6794318883525783
2005-05-23 07:30:00,28,-18.0,-17.491890272924273,9.598949925993162,-19.0,-33.28216290118303,-1.7016176446655216,-36.30583212787087,1.3220515820223255,3,36,6,2,-42.21878528228266,7.235004736434114
2005-05-23 08:30:00,28,-17.0,-18.48073013500435,9.598949925993162,-18.0,-34.2710027632631,-2.6904575067455987,-37.29467198995095,0.3332117199422484,3,36,6,2,-43.20762514436274,6.2461648743540366
2005-05-23 09:30:00,28,-16.0,-19.04991152233741,9.598949925993162,-18.0,-34.84018415059616,-3.259638894078659,-37.86385337728401,-0.2359696673908118,3,36,6,2,-43.7768065316958,5.676983487020976
2005-05-23 10:30:00,28,-16.0,-16.321059700371872,9.598949925993162,-17.0,-32.111332328630624,-0.5307870721131209,-35.13500155531847,2.492882154574726,3,36,6,2,-41.04795470973026,8.405835308986514
2005-05-23 11:30:00,28,-13.0,-18.332333392077857,9.598949925993162,-16.0,-34.122606020336605,-2.542060763819105,-37.146275247024455,0.481608462868742,3,36,6,2,-43.05922840143624,6.39456161728053
2005-05-23 12:30:00,28,-11.0,-14.795571569104524,9.598949925993162,-16.0,-30.58584419736328,0.9947010591542274,-33.60951342405112,4.0183702858420745,3,36,6,2,-39.52246657846291,9.931323440253863
2005-05-23 13:30:00,28,-13.0,-15.029689056310694,9.598949925993162,-13.0,-30.81996168456945,0.7605835719480574,-33.84363091125729,3.784252798635905,3,36,6,2,-39.75658406566908,9.697205953047693
2005-05-23 14:30:00,28,-22.0,-20.47229767211977,9.598949925993162,-11.0,-36.26257030037853,-4.682025043861021,-39.28623952706637,-1.6583558171731738,3,36,6,2,-45.19919268147815,4.254597337238618
2005-05-23 15:30:00,28,-27.0,-17.03730602311782,9.598949925993162,-13.0,-32.82757865137657,-1.24703339485907,-35.85124787806442,1.7766358318287772,3,36,6,2,-41.76420103247621,7.689588986240565
2005-05-23 16:30:00,28,-27.0,-27.58131683094504,9.598949925993162,-22.0,-43.37158945920379,-11.791044202686289,-46.39525868589163,-8.76737497599844,3,36,6,2,-52.30821184030343,-2.8544218215866515
2005-05-23 17:30:00,28,-23.0,-24.07074480313716,9.598949925993162,-27.0,-39.86101743139591,-8.280472174878401,-42.88468665808375,-5.256802948190554,3,36,6,2,-48.79763981249555,0.656150206221227
2005-05-23 18:30:00,28,-21.0,-22.634208349727004,9.598949925993162,-27.0,-38.42448097798575,-6.843935721468252,-41.4481502046736,-3.820266494780405,3,36,6,2,-47.36110335908539,2.092686659631383
2005-05-23 19:30:00,28,-22.0,-21.230213481903697,9.598949925993162,-23.0,-37.02048611016245,-5.439940853644945,-40.044155336850295,-2.416271626957098,3,36,6,2,-45.95710849126208,3.4966815274546903
2005-05-23 20:30:00,28,-25.0,-20.368780786023365,9.598949925993162,-21.0,-36.15905341428211,-4.578508157764613,-39.18272264096996,-1.554838931076766,3,36,6,2,-45.09567579538175,4.358114223335022
2005-05-23 21:30:00,28,-24.0,-21.52617715853385,9.598949925993162,-22.0,-37.3164497867926,-5.735904530275104,-40.34011901348045,-2.7122353035872564,3,36,6,2,-46.25307216789224,3.2007178508245353
2005-05-23 22:30:00,28,-24.0,-22.022594196027093,9.598949925993162,-25.0,-37.81286682428585,-6.2323215677683415,-40.83653605097369,-3.2086523410804944,3,36,6,2,-46.74948920538548,2.704300813331294
2005-05-23 23:30:00,28,-21.0,-24.481515488868503,9.598949925993162,-24.0,-40.27178811712726,-8.691242860609755,-43.2954573438151,-5.667573633921908,3,36,6,2,-49.20841049822689,0.24537952048988387
2005-05-24 00:30:00,28,-16.0,-21.025698168605835,9.598949925993162,-24.0,-36.81597079686459,-5.235425540347084,-39.839640023552434,-2.2117563136592366,3,36,6,2,-45.75259317796422,3.7011968407525515
2005-05-24 01:30:00,28,-11.0,-18.25431318061529,9.598949925993162,-21.0,-34.04458580887405,-2.46404055235654,-37.06825503556189,0.5596286743313073,3,36,6,2,-42.98120818997368,6.472581828743095
2005-05-24 02:30:00,28,-9.0,-14.899012248231486,9.598949925993162,-16.0,-30.68928487649024,0.8912603800272656,-33.712954103178085,3.9149296067151127,3,36,6,2,-39.62590725758987,9.8278827611269
2005-05-24 03:30:00,28,-11.0,-10.743230889543426,9.598949925993162,-11.0,-26.533503517802178,5.0470417387153255,-29.557172744490025,8.070710965403173,3,36,6,2,-35.47012589890181,13.98366411981496
2005-05-24 04:30:00,28,-11.0,-9.975937993614632,9.598949925993162,-9.0,-25.766210621873384,5.814334634644119,-28.78987984856123,8.838003861331966,3,36,6,2,-34.70283300297302,14.750957015743754
2005-05-24 05:30:00,28,-11.0,-11.150599478424615,9.598949925993162,-11.0,-26.94087210668337,4.639673149834135,-29.964541333371216,7.663342376521982,3,36,6,2,-35.877494487783004,13.576295530933772
2005-05-24 06:30:00,28,-10.0,-10.193885087685532,9.598949925993162,-11.0,-25.984157715944285,5.596387540573218,-29.00782694263213,8.620056767261065,3,36,6,2,-34.92078009704392,14.533009921672855
2005-05-24 07:30:00,28,-9.0,-9.89658597463846,9.598949925993162,-11.0,-25.68685860289721,5.893686653620293,-28.710527829585057,8.91735588030814,3,36,6,2,-34.62348098399685,14.830309034719926
2005-05-24 08:30:00,28,-9.0,-9.044514639655333,9.598949925993162,-10.0,-24.834787267914084,6.745757988603419,-27.85845649460193,9.769427215291266,3,36,6,2,-33.77140964901372,15.682380369703054
2005-05-24 09:30:00,28,-7.0,-9.213452184932962,9.598949925993162,-9.0,-25.00372481319172,6.57682044332579,-28.02739403987956,9.600489670013635,3,36,6,2,-33.94034719429135,15.513442824425425
2005-05-24 10:30:00,28,-7.0,-9.334318857739357,9.598949925993162,-9.0,-25.124591485998103,6.455953770519397,-28.14826071268596,9.479622997207244,3,36,6,2,-34.06121386709774,15.39257615161903
2005-05-24 11:30:00,28,-7.0,-7.70119624475678,9.598949925993162,-7.0,-23.49146887301553,8.089076383501972,-26.51513809970338,11.11274561018982,3,36,6,2,-32.42809125411517,17.025698764601607
2005-05-24 12:30:00,28,-6.0,-7.745449510949225,9.598949925993162,-7.0,-23.535722139207977,8.044823117309527,-26.559391365895824,11.068492343997374,3,36,6,2,-32.472344520307615,16.981445498409162
2005-05-24 13:30:00,28,-4.0,-8.083764908439047,9.598949925993162,-7.0,-23.8740375366978,7.706507719819704,-26.89770676338565,10.730176946507552,3,36,6,2,-32.81065991779744,16.64313010091934
2005-05-24 14:30:00,28,-5.0,-7.147546563576981,9.598949925993162,-6.0,-22.93781919183573,8.64272606468177,-25.96148841852358,11.666395291369618,3,36,6,2,-31.874441572935368,17.579348445781406
2005-05-24 15:30:00,28,-7.0,-6.547417888843206,9.598949925993162,-4.0,-22.33769051710196,9.242854739415543,-25.361359743789805,12.266523966103392,3,36,6,2,-31.274312898201593,18.17947712051518
2005-05-24 16:30:00,28,-7.0,-6.6786632251071545,9.598949925993162,-5.0,-22.468935853365902,9.111609403151595,-25.49260508005376,12.135278629839444,3,36,6,2,-31.40555823446554,18.048231784251232
2005-05-24 17:30:00,28,-10.0,-7.208236342480525,9.598949925993162,-7.0,-22.99850897073928,8.582036285778226,-26.022178197427124,11.605705512466074,3,36,6,2,-31.935131351838912,17.51865866687786
2005-05-24 18:30:00,28,-11.0,-7.651025446905319,9.598949925993162,-7.0,-23.44129807516407,8.139247181353433,-26.46496730185192,11.16291640804128,3,36,6,2,-32.37792045626371,17.075869562453068
2005-05-24 19:30:00,28,-7.0,-10.218624531162678,9.598949925993162,-10.0,-26.00889715942143,5.571648097096073,-29.03256638610928,8.59531732378392,3,36,6,2,-34.94551954052106,14.508270478195708
2005-05-24 20:30:00,28,-6.0,-5.636645413968683,9.598949925993162,-11.0,-21.426918042227435,10.153627214290069,-24.45058726891528,13.177296440977916,3,36,6,2,-30.36354042332707,19.090249595389704
2005-05-24 21:30:00,28,-6.0,-5.788565822006117,9.598949925993162,-7.0,-21.57883845026487,10.001706806252637,-24.602507676952715,13.025376032940482,3,36,6,2,-30.515460831364503,18.93832918735227
2005-05-24 22:30:00,28,-6.0,-8.00952480458777,9.598949925993162,-6.0,-23.79979743284652,7.780747823670982,-26.82346665953437,10.804417050358827,3,36,6,2,-32.736419813946156,16.717370204770617
2005-05-24 23:30:00,28,-5.0,-7.919482036469651,9.598949925993162,-6.0,-23.709754664728404,7.870790591789099,-26.73342389141625,10.894459818476946,3,36,6,2,-32.64637704582804,16.807412972888734
2005-05-25 00:30:00,28,-6.0,-7.39576838830239,9.598949925993162,-6.0,-23.18604101656114,8.394504239956362,-26.20971024324899,11.418173466644207,3,36,6,2,-32.12266339766077,17.331126621055997
2005-05-25 01:30:00,28,-4.0,-7.007378963715954,9.598949925993162,-5.0,-22.797651591974702,8.782893664542797,-25.82132081866256,11.806562891230644,3,36,6,2,-31.73427397307434,17.719516045642433
2005-05-25 02:30:00,28,-3.0,-11.671405165408668,9.598949925993162,-6.0,-27.46167779366742,4.118867462850083,-30.485347020355267,7.1425366895379305,3,36,6,2,-36.39830017476706,13.055489843949719
2005-05-25 03:30:00,28,-2.0,-1.719769275582948,9.598949925993162,-4.0,-17.5100419038417,14.070503352675804,-20.533711130529547,17.09417257936365,3,36,6,2,-26.446664284941335,23.00712573377544
2005-05-25 04:30:00,28,-1.0,-5.0319346439928125,9.598949925993162,-3.0,-20.822207272251564,10.75833798426594,-23.84587649893941,13.782007210953786,3,36,6,2,-29.7588296533512,19.694960365365574
2005-05-25 05:30:00,28,-2.0,-2.33623769227297,9.598949925993162,-2.0,-18.12651032053172,13.45403493598578,-21.15017954721957,16.47770416267363,3,36,6,2,-27.063132701631357,22.390657317085417
2005-05-25 06:30:00,28,-4.0,-3.49915604598203,9.598949925993162,-1.0,-19.28942867424078,12.291116582276722,-22.31309790092863,15.314785808964569,3,36,6,2,-28.226051055340417,21.227738963376357
2005-05-25 07:30:00,28,-6.0,-5.390649316604801,9.598949925993162,-2.0,-21.180921944863552,10.39962331165395,-24.2045911715514,13.423292538341798,3,36,6,2,-30.117544325963188,19.336245692753586
2005-05-25 08:30:00,28,-4.0,-2.422714458074904,9.598949925993162,-4.0,-18.21298708633365,13.367558170183848,-21.236656313021506,16.391227396871695,3,36,6,2,-27.14960946743329,22.304180551283483
2013-09-23 17:30:00,34,8.0,0.2728929806967031,9.598949925993162,-6.0,-15.517379647562048,16.063165608955455,-18.541048874249896,19.0868348356433,3,36,6,2,-24.454002028661684,24.99978799005509
2013-09-23 18:30:00,34,8.0,2.929995336113897,9.598949925993162,-4.0,-12.860277292144854,18.72026796437265,-15.8839465188327,21.743937191060496,3,36,6,2,-21.79689967324449,27.656890345472284
2013-09-23 19:30:00,34,7.0,6.965239042562054,9.598949925993162,8.0,-8.825033585696698,22.755511670820805,-11.848702812384545,25.77918089750865,3,36,6,2,-17.761655966796333,31.69213405192044
2013-09-23 20:30:00,34,4.0,1.728784794711089,9.598949925993162,8.0,-14.061487833547664,17.51905742296984,-17.08515706023551,20.542726649657688,3,36,6,2,-22.998110214647298,26.455679804069476
2013-09-23 21:30:00,34,1.0,3.722884096700248,9.598949925993162,7.0,-12.067388531558503,19.513156724959,-15.09105775824635,22.536825951646847,3,36,6,2,-21.00401091265814,28.449779106058635
2013-09-23 22:30:00,34,-2.0,1.250209865143141,9.598949925993162,4.0,-14.54006276311561,17.040482493401893,-17.563731989803458,20.06415172008974,3,36,6,2,-23.476685144215246,25.977104874501528
2013-09-23 23:30:00,34,-7.0,-3.081447501945224,9.598949925993162,1.0,-18.87172013020397,12.708825126313528,-21.895389356891823,15.732494353001377,3,36,6,2,-27.80834251130361,21.645447507413163
2013-09-24 00:30:00,34,-7.0,-5.06187551554309,9.598949925993162,-2.0,-20.85214814380184,10.728397112715662,-23.87581737048969,13.752066339403507,3,36,6,2,-29.788770524901476,19.665019493815297
2013-09-24 01:30:00,34,-8.0,-8.56074553982086,9.598949925993162,-7.0,-24.35101816807961,7.229527088437891,-27.37468739476746,10.253196315125738,3,36,6,2,-33.287640549179244,16.166149469537526
2013-09-24 02:30:00,34,-8.0,-5.731896867966547,9.598949925993162,-7.0,-21.5221694962253,10.058375760292204,-24.545838722913143,13.082044986980051,3,36,6,2,-30.458791877324934,18.99499814139184
2013-09-24 03:30:00,34,-4.0,-6.283107926124153,9.598949925993162,-8.0,-22.073380554382904,9.5071647021346,-25.09704978107075,12.530833928822446,3,36,6,2,-31.01000293548254,18.443787083234234
2013-09-24 04:30:00,34,-2.0,-5.1446314458210765,9.598949925993162,-8.0,-20.934904074079828,10.645641182437677,-23.958573300767675,13.669310409125522,3,36,6,2,-29.871526455179463,19.58226356353731
2013-09-24 05:30:00,34,1.0,-3.162555910121906,9.598949925993162,-4.0,-18.952828538380658,12.627716718136844,-21.976497765068505,15.651385944824693,3,36,6,2,-27.889450919480293,21.56433909923648
2013-09-24 06:30:00,34,2.0,0.706827561052819,9.598949925993162,-2.0,-15.083445067205933,16.49710018931157,-18.10711429389378,19.520769415999418,3,36,6,2,-24.020067448305568,25.433722570411206
2013-09-24 07:30:00,34,4.0,1.7384425160450192,9.598949925993162,1.0,-14.051830112213732,17.52871514430377,-17.07549933890158,20.55238437099161,3,36,6,2,-22.988452493313368,26.465337525403406
2013-09-24 08:30:00,34,8.0,2.534870666989974,9.598949925993162,2.0,-13.255401961268776,18.32514329524873,-16.279071187956625,21.348812521936573,3,36,6,2,-22.192024342368413,27.26176567634836
2013-09-24 09:30:00,34,15.0,5.964266547092784,9.598949925993162,4.0,-9.826006081165968,21.75453917535153,-12.849675307853817,24.778208402039382,3,36,6,2,-18.762628462265603,30.69116155645117
2013-09-24 10:30:00,34,10.0,7.606045304096597,9.598949925993162,8.0,-8.184227324162155,23.39631793235535,-11.207896550850002,26.419987159043195,3,36,6,2,-17.12084970526179,32.33294031345498
2013-09-24 11:30:00,34,-11.0,8.407945841228262,9.598949925993162,15.0,-7.38232678703049,24.198218469487013,-10.405996013718337,27.22188769617486,3,36,6,2,-16.318949168130125,33.13484085058665
2013-09-24 12:30:00,34,-22.0,-3.058718470900068,9.598949925993162,10.0,-18.84899109915882,12.731554157358683,-21.872660325846667,15.75522338404653,3,36,6,2,-27.785613480258455,21.66817653845832
2013-09-24 13:30:00,34,-11.0,-17.46031276598261,9.598949925993162,-11.0,-33.25058539424136,-1.6700401377238592,-36.27425462092921,1.353629088963988,3,36,6,2,-42.187207775340994,7.266582243375776
2013-09-24 14:30:00,34,-19.0,-21.23013848456869,9.598949925993162,-22.0,-37.020411112827446,-5.43986585630994,-40.04408033951529,-2.4161966296220925,3,36,6,2,-45.95703349392708,3.4967565247896957
2013-09-24 15:30:00,34,-18.0,-8.873549747063617,9.598949925993162,-11.0,-24.66382237532237,6.916722881195135,-27.687491602010216,9.940392107882982,3,36,6,2,-33.60044475642201,15.85334526229477
2013-09-24 16:30:00,34,-17.0,-15.244137887593803,9.598949925993162,-19.0,-31.03441051585256,0.5461347406649466,-34.0580797425404,3.5698039673527937,3,36,6,2,-39.97103289695219,9.482757121764584
2013-09-24 17:30:00,34,-11.0,-14.19542474985422,9.598949925993162,-18.0,-29.98569737811297,1.5948478784045328,-33.00936660480082,4.61851710509238,3,36,6,2,-38.922319759212606,10.531470259504166
2013-09-24 18:30:00,34,-8.0,-12.90413394166579,9.598949925993162,-17.0,-28.694406569924546,2.886138686592961,-31.71807579661239,5.909807913280808,3,36,6,2,-37.63102895102418,11.822761067692596
2013-09-24 19:30:00,34,-9.0,-10.50929968604034,9.598949925993162,-11.0,-26.29957231429909,5.280972942218412,-29.32324154098694,8.304642168906259,3,36,6,2,-35.23619469539872,14.217595323318047
2013-09-24 20:30:00,34,-13.0,-8.112309861850626,9.598949925993162,-8.0,-23.902582490109378,7.677962766408125,-26.926251716797225,10.701631993095972,3,36,6,2,-32.83920487120901,16.61458514750776
2013-09-24 21:30:00,34,-19.0,-5.519315712252023,9.598949925993162,-9.0,-21.30958834051077,10.270956916006728,-24.333257567198626,13.294626142694575,3,36,6,2,-30.24621072161041,19.207579297106363
2013-09-24 22:30:00,34,-23.0,-12.29006060115828,9.598949925993162,-13.0,-28.080333229417032,3.50021202710047,-31.10400245610488,6.523881253788318,3,36,6,2,-37.01695561051667,12.436834408200108
2013-09-24 23:30:00,34,-22.0,-12.752167567519804,9.598949925993162,-19.0,-28.54244019577856,3.038105060738946,-31.566109422466404,6.061774287426793,3,36,6,2,-37.47906257687819,11.974727441838583
2013-09-25 00:30:00,34,-19.0,-18.31518077578087,9.598949925993162,-23.0,-34.10545340403962,-2.524908147522119,-37.129122630727466,0.4987610791657282,3,36,6,2,-43.04207578513926,6.411714233577516
2013-09-25 01:30:00,34,-13.0,-15.066852655076012,9.598949925993162,-22.0,-30.857125283334764,0.7234199731827395,-33.88079451002261,3.747089199870586,3,36,6,2,-39.7937476644344,9.660042354282375
2013-09-25 02:30:00,34,-11.0,-14.722126195077449,9.598949925993162,-19.0,-30.5123988233362,1.0681464331813046,-33.53606805002404,4.091815659869152,3,36,6,2,-39.44902120443584,10.004768814280938
2013-09-25 03:30:00,34,-8.0,-13.135343467688749,9.598949925993162,-13.0,-28.9256160959475,2.6549291605700027,-31.949285322635347,5.67859838725785,3,36,6,2,-37.862238477047136,11.591551541669638
2013-09-25 04:30:00,34,-9.0,-10.111932354672792,9.598949925993162,-11.0,-25.902204982931543,5.67834027358596,-28.92587420961939,8.702009500273807,3,36,6,2,-34.838827364031175,14.614962654685595
2013-09-25 05:30:00,34,-10.0,-6.177581837230196,9.598949925993162,-8.0,-21.967854465488948,9.612690791028555,-24.991523692176795,12.636360017716402,3,36,6,2,-30.904476846588583,18.54931317212819
2013-09-25 06:30:00,34,-9.0,-8.002869395923032,9.598949925993162,-9.0,-23.793142024181783,7.78740323233572,-26.81681125086963,10.811072459023569,3,36,6,2,-32.729764405281415,16.724025613435355
2013-09-25 07:30:00,34,-11.0,-10.89252881012445,9.598949925993162,-10.0,-26.6828014383832,4.897743818134302,-29.70647066507105,7.921413044822149,3,36,6,2,-35.61942381948283,13.834366199233937
2013-09-25 08:30:00,34,-10.0,-12.401158266262666,9.598949925993162,-9.0,-28.191430894521417,3.3891143619960857,-31.215100121209264,6.412783588683933,3,36,6,2,-37.128053275621056,12.325736743095721
2013-09-25 09:30:00,34,-10.0,-10.349323112661729,9.598949925993162,-11.0,-26.13959574092048,5.440949515597023,-29.163264967608328,8.46461874228487,3,36,6,2,-35.076218122020116,14.377571896696658
2013-09-25 10:30:00,34,-9.0,-8.019509127219315,9.598949925993162,-10.0,-23.809781755478067,7.770763501039436,-26.83345098216592,10.794432727727283,3,36,6,2,-32.7464041365777,16.70738588213907
2013-09-25 11:30:00,34,-8.0,-9.543559003142718,9.598949925993162,-10.0,-25.33383163140147,6.246713625116033,-28.35750085808932,9.27038285180388,3,36,6,2,-34.270454012501105,15.183336006215669
2013-09-25 12:30:00,34,-8.0,-7.367199242202094,9.598949925993162,-9.0,-23.15747187046085,8.423073386056657,-26.181141097148693,11.446742612744504,3,36,6,2,-32.09409425156048,17.359695767156293
2013-09-25 13:30:00,34,-6.0,-6.728197755245482,9.598949925993162,-8.0,-22.51847038350424,9.06207487301327,-25.54213961019208,12.085744099701117,3,36,6,2,-31.45509276460387,17.998697254112905
2013-09-25 14:30:00,34,-4.0,-7.075304775813336,9.598949925993162,-8.0,-22.865577404072088,8.714967852445415,-25.88924663075993,11.738637079133262,3,36,6,2,-31.802199785171723,17.65159023354505
2013-09-25 15:30:00,34,-3.0,-7.733699122041685,9.598949925993162,-6.0,-23.52397175030044,8.056573506217067,-26.547640976988284,11.080242732904914,3,36,6,2,-32.46059413140007,16.993195887316702
2013-09-25 16:30:00,34,0.0,-5.613272857403782,9.598949925993162,-4.0,-21.403545485662534,10.17699977085497,-24.42721471235038,13.200668997542817,3,36,6,2,-30.34016786676217,19.113622151954605
2013-09-25 17:30:00,34,2.0,-1.1155230052303509,9.598949925993162,-3.0,-16.905795633489102,14.6747496230284,-19.92946486017695,17.698418849716248,3,36,6,2,-25.842418014588738,23.611372004128036
2013-09-25 18:30:00,34,2.0,-0.6779909720627302,9.598949925993162,0.0,-16.46826360032148,15.11228165619602,-19.49193282700933,18.13595088288387,3,36,6,2,-25.404885981421117,24.048904037295657
2013-09-25 19:30:00,34,-1.0,-0.1759321995617995,9.598949925993162,2.0,-15.966204827820553,15.614340428696952,-18.9898740545084,18.6380096553848,3,36,6,2,-24.902827208920186,24.550962809796587
2013-09-25 20:30:00,34,-5.0,1.0778659892948212,9.598949925993162,2.0,-14.71240663896393,16.868138617553573,-17.736075865651777,19.89180784424142,3,36,6,2,-23.649029020063566,25.804760998653208
2013-09-25 21:30:00,34,-5.0,-0.6870583917920783,9.598949925993162,-1.0,-16.47733102005083,15.103214236466671,-19.50100024673868,18.12688346315452,3,36,6,2,-25.413953401150465,24.03983661756631
2013-09-25 22:30:00,34,-8.0,-4.747123796859,9.598949925993162,-5.0,-20.537396425117752,11.043148831399751,-23.5610656518056,14.066818058087598,3,36,6,2,-29.474018806217387,19.979771212499386
2013-09-25 23:30:00,34,-11.0,-1.0445537528929665,9.598949925993162,-5.0,-16.834826381151718,14.745718875365784,-19.858495607839565,17.769388102053632,3,36,6,2,-25.771448762251353,23.68234125646542
2013-09-26 00:30:00,34,-12.0,-4.600985441423791,9.598949925993162,-8.0,-20.391258069682543,11.18928718683496,-23.41492729637039,14.212956413522807,3,36,6,2,-29.327880450782178,20.125909567934595
2013-09-26 01:30:00,34,-8.0,-6.957612183765988,9.598949925993162,-11.0,-22.74788481202474,8.832660444492763,-25.771554038712587,11.85632967118061,3,36,6,2,-31.684507193124375,17.7692828255924
2013-09-26 02:30:00,34,-4.0,-8.111809073194284,9.598949925993162,-12.0,-23.902081701453035,7.678463555064468,-26.92575092814088,10.702132781752317,3,36,6,2,-32.83870408255267,16.615085936164103
2013-09-26 03:30:00,34,-3.0,-5.731062220205974,9.598949925993162,-8.0,-21.52133484846473,10.059210408052778,-24.545004075152573,13.082879634740625,3,36,6,2,-30.45795722956436,18.995832789152413
2013-09-26 04:30:00,34,-3.0,-2.897251627896779,9.598949925993162,-4.0,-18.68752425615553,12.893021000361973,-21.711193482843377,15.91669022704982,3,36,6,2,-27.624146637255166,21.829643381461608
2013-09-26 05:30:00,34,-3.0,-1.902368432176381,9.598949925993162,-3.0,-17.692641060435133,13.88790419608237,-20.71631028712298,16.911573422770218,3,36,6,2,-26.629263441534768,22.824526577182006
2013-09-26 06:30:00,34,-2.0,-2.1355569201360005,9.598949925993162,-3.0,-17.925829548394752,13.654715708122753,-20.9494987750826,16.678384934810598,3,36,6,2,-26.862451929494387,22.591338089222386
2013-09-26 07:30:00,34,-1.0,-1.3468873644610682,9.598949925993162,-3.0,-17.13715999271982,14.443385263797683,-20.160829219407667,17.46705449048553,3,36,6,2,-26.073782373819455,23.38000764489732
2013-09-26 08:30:00,34,-2.0,-0.9333302858072798,9.598949925993162,-2.0,-16.72360291406603,14.856942342451472,-19.74727214075388,17.88061156913932,3,36,6,2,-25.660225295165667,23.793564723551107
2013-09-26 09:30:00,34,-2.0,0.8164591492212381,9.598949925993162,-1.0,-14.973813479037512,16.60673177747999,-17.99748270572536,19.63040100416784,3,36,6,2,-23.91043586013715,25.543354158579625
2013-09-26 10:30:00,34,-2.0,0.2532872257642964,9.598949925993162,-2.0,-15.536985402494455,16.043559854023048,-18.560654629182302,19.06722908071089,3,36,6,2,-24.47360778359409,24.980182235122683
2013-09-26 11:30:00,34,0.0,-0.6950177863784077,9.598949925993162,-2.0,-16.48529041463716,15.095254841880344,-19.508959641325006,18.11892406856819,3,36,6,2,-25.421912795736795,24.03187722297998
2013-09-26 12:30:00,34,2.0,0.2049889420191633,9.598949925993162,-2.0,-15.585283686239588,15.995261570277917,-18.608952912927435,19.01893079696576,3,36,6,2,-24.521906067339224,24.93188395137755
2013-09-26 13:30:00,34,3.0,1.6567728374902089,9.598949925993162,0.0,-14.133499790768544,17.44704546574896,-17.15716901745639,20.470714692436808,3,36,6,2,-23.070122171868178,26.383667846848596
2013-09-26 14:30:00,34,3.0,2.0276951408264026,9.598949925993162,2.0,-13.762577487432347,17.817967769085154,-16.786246714120196,20.841636995773,3,36,6,2,-22.699199868531984,26.75459015018479
2013-09-26 15:30:00,34,1.0,2.945551234955872,9.598949925993162,3.0,-12.84472139330288,18.735823863214623,-15.868390619990729,21.75949308990247,3,36,6,2,-21.781343774402515,27.67244624431426
2013-09-26 16:30:00,34,-1.0,4.540674391778119,9.598949925993162,3.0,-11.249598236480631,20.33094702003687,-14.27326746316848,23.35461624672472,3,36,6,2,-20.18622061758027,29.267569401136505
2013-09-26 17:30:00,34,-3.0,2.546584766864441,9.598949925993162,1.0,-13.24368786139431,18.3368573951232,-16.267357088082157,21.36052662181104,3,36,6,2,-22.180310242493945,27.27347977622283
2013-09-26 18:30:00,34,-1.0,1.0317498860715375,9.598949925993162,-1.0,-14.758522742187214,16.82202251433029,-17.78219196887506,19.845691741018136,3,36,6,2,-23.69514512328685,25.758644895429924
2013-09-26 19:30:00,34,-2.0,0.2967106827339094,9.598949925993162,-3.0,-15.493561945524842,16.08698331099266,-18.51723117221269,19.110652537680508,3,36,6,2,-24.430184326624477,25.023605692092296
2013-09-26 20:30:00,34,-3.0,1.4646296651997943,9.598949925993162,-1.0,-14.325642963058955,17.254902293458546,-17.349312189746804,20.2785715201464,3,36,6,2,-23.262265344158592,26.19152467455818
2013-09-26 21:30:00,34,-3.0,-0.2953908578851383,9.598949925993162,-2.0,-16.08566348614389,15.494881770373611,-19.109332712831737,18.51855099706146,3,36,6,2,-25.022285867243525,24.43150415147325
2013-09-26 22:30:00,34,-1.0,0.5253291717957893,9.598949925993162,-3.0,-15.264943456462962,16.31560180005454,-18.28861268315081,19.339271026742388,3,36,6,2,-24.201565837562597,25.252224181154176
2013-09-26 23:30:00,34,2.0,-0.3003334241890485,9.598949925993162,-3.0,-16.0906060524478,15.489939204069705,-19.114275279135647,18.51360843075755,3,36,6,2,-25.027228433547435,24.42656158516934
2013-09-27 00:30:00,34,5.0,1.2466124123316291,9.598949925993162,-1.0,-14.543660215927122,17.03688504059038,-17.56732944261497,20.060554267278228,3,36,6,2,-23.480282597026758,25.973507421690016
2013-09-27 01:30:00,34,6.0,2.8537327234862744,9.598949925993162,2.0,-12.936539904772475,18.644005351745022,-15.960209131460324,21.66767457843288,3,36,6,2,-21.873162285872112,27.58062773284466
2013-09-27 02:30:00,34,6.0,4.548665236859776,9.598949925993162,5.0,-11.241607391398976,20.338937865118528,-14.265276618086824,23.36260709180637,3,36,6,2,-20.17822977249861,29.275560246218163
2013-09-27 03:30:00,34,5.0,4.773420153534303,9.598949925993162,6.0,-11.016852474724448,20.56369278179305,-14.040521701412295,23.587362008480905,3,36,6,2,-19.953474855824084,29.50031516289269
2013-09-27 04:30:00,34,5.0,5.761522138608655,9.598949925993162,6.0,-10.028750489650095,21.55179476686741,-13.052419716337944,24.575463993555253,3,36,6,2,-18.965372870749732,30.48841714796704
2013-09-27 05:30:00,34,7.0,4.99067533670803,9.598949925993162,5.0,-10.799597291550722,20.78094796496678,-13.823266518238569,23.80461719165463,3,36,6,2,-19.736219672650357,29.717570346066417
2013-09-27 06:30:00,34,6.0,6.348470636531992,9.598949925993162,5.0,-9.44180199172676,22.138743264790744,-12.465471218414606,25.16241249147859,3,36,6,2,-18.378424372826395,31.07536564589038
2013-09-27 07:30:00,34,5.0,5.456234599748797,9.598949925993162,7.0,-10.334038028509957,21.246507228007548,-13.357707255197802,24.270176454695395,3,36,6,2,-19.27066040960959,30.183129609107183
2013-09-27 08:30:00,34,4.0,6.713693142407578,9.598949925993162,6.0,-9.076579485851171,22.50396577066633,-12.10024871253902,25.527634997354177,3,36,6,2,-18.01320186695081,31.440588151765965
2013-09-27 09:30:00,34,4.0,6.719276814962363,9.598949925993162,5.0,-9.070995813296388,22.509549443221115,-12.094665039984235,25.53321866990896,3,36,6,2,-18.007618194396024,31.44617182432075
2013-09-27 10:30:00,34,4.0,6.175120344833253,9.598949925993162,4.0,-9.615152283425498,21.965392973092005,-12.638821510113344,24.98906219977985,3,36,6,2,-18.551774664525134,30.90201535419164
2013-09-27 11:30:00,34,4.0,6.076670617387627,9.598949925993162,4.0,-9.713602010871124,21.86694324564638,-12.737271237558971,24.890612472334222,3,36,6,2,-18.65022439197076,30.803565626746014
2013-09-27 12:30:00,34,4.0,5.655628320846276,9.598949925993162,4.0,-10.134644307412476,21.445900949105027,-13.158313534100325,24.469570175792875,3,36,6,2,-19.07126668851211,30.382523330204663
2013-09-27 13:30:00,34,2.0,5.725915339361968,9.598949925993162,4.0,-10.064357288896783,21.51618796762072,-13.08802651558463,24.539857194308567,3,36,6,2,-19.00097966999642,30.452810348720355
2013-09-27 14:30:00,34,2.0,5.217254382111463,9.598949925993162,4.0,-10.573018246147289,21.00752701037021,-13.596687472835136,24.03119623705806,3,36,6,2,-19.509640627246924,29.94414939146985
2013-09-27 15:30:00,34,3.0,4.042133236215946,9.598949925993162,2.0,-11.748139392042804,19.832405864474698,-14.771808618730653,22.856075091162545,3,36,6,2,-20.68476177314244,28.769028245574333
2013-09-27 16:30:00,34,4.0,3.5181413721284898,9.598949925993162,2.0,-12.272131256130262,19.30841400038724,-15.295800482818107,22.33208322707509,3,36,6,2,-21.208753637229897,28.245036381486877
2013-09-27 17:30:00,34,1.0,4.0417388953899405,9.598949925993162,3.0,-11.748533732868813,19.83201152364869,-14.772202959556658,22.85568075033654,3,36,6,2,-20.685156113968446,28.768633904748327
2013-09-27 18:30:00,34,2.0,3.7284387380285793,9.598949925993162,4.0,-12.061833890230172,19.51871136628733,-15.08550311691802,22.54238059297517,3,36,6,2,-20.998456271329808,28.455333747386966
2013-09-27 19:30:00,34,3.0,2.5763175812917964,9.598949925993162,1.0,-13.213955046966957,18.366590209550548,-16.237624273654802,21.390259436238395,3,36,6,2,-22.15057742806659,27.303212590650183
2013-09-27 20:30:00,34,2.0,2.520722782631047,9.598949925993162,2.0,-13.269549845627704,18.3109954108898,-16.29321907231555,21.33466463757765,3,36,6,2,-22.20617222672734,27.247617791989434
2013-09-27 21:30:00,34,2.0,4.383961412106785,9.598949925993162,3.0,-11.406311216151966,20.174234040365537,-14.429980442839812,23.197903267053384,3,36,6,2,-20.3429335972516,29.110856421465172
2013-09-27 22:30:00,34,3.0,0.5840012804607326,9.598949925993162,2.0,-15.20627134779802,16.374273908719484,-18.229940574485862,19.39794313540733,3,36,6,2,-24.142893728897654,25.31089628981912
2013-09-27 23:30:00,34,3.0,2.0162132907635666,9.598949925993162,2.0,-13.774059337495183,17.806485919022318,-16.797728564183032,20.830155145710165,3,36,6,2,-22.71068171859482,26.743108300121953
2013-09-28 00:30:00,34,5.0,3.125992403716176,9.598949925993162,3.0,-12.664280224542576,18.916265031974927,-15.687949451230423,21.93993425866277,3,36,6,2,-21.60090260564221,27.852887413074562
2013-09-28 01:30:00,34,7.0,4.233303862420129,9.598949925993162,3.0,-11.556968765838622,20.02357649067888,-14.58063799252647,23.047245717366728,3,36,6,2,-20.493591146938257,28.960198871778516
2013-09-28 02:30:00,34,6.0,4.142436123616925,9.598949925993162,5.0,-11.647836504641829,19.93270875187568,-14.671505731329674,22.956377978563523,3,36,6,2,-20.584458885741462,28.86933113297531
2013-09-28 03:30:00,34,3.0,4.469869649723982,9.598949925993162,7.0,-11.32040297853477,20.26014227798273,-14.344072205222616,23.28381150467058,3,36,6,2,-20.257025359634405,29.19676465908237
2013-09-28 04:30:00,34,1.0,6.786363140761431,9.598949925993162,6.0,-9.003909487497321,22.576635769020186,-12.027578714185168,25.60030499570803,3,36,6,2,-17.940531868596956,31.513258150119817
2013-09-28 05:30:00,34,1.0,5.1931052402389,9.598949925993162,3.0,-10.597167388019852,20.98337786849765,-13.6208366147077,24.0070470951855,3,36,6,2,-19.533789769119487,29.920000249597287
2013-09-28 06:30:00,34,1.0,5.329489103585324,9.598949925993162,1.0,-10.460783524673428,21.11976173184408,-13.484452751361276,24.143430958531923,3,36,6,2,-19.397405905773063,30.05638411294371
2013-09-28 07:30:00,34,1.0,3.633891291272242,9.598949925993162,1.0,-12.15638133698651,19.424163919531,-15.180050563674357,22.44783314621884,3,36,6,2,-21.093003718086145,28.36078630063063
2013-09-28 08:30:00,34,0.0,3.880893804486554,9.598949925993162,1.0,-11.909378823772196,19.671166432745306,-14.933048050460044,22.69483565943316,3,36,6,2,-20.846001204871833,28.60778881384494
2013-09-28 09:30:00,34,0.0,5.427863833695945,9.598949925993162,1.0,-10.362408794562809,21.218136461954696,-13.386078021250654,24.241805688642543,3,36,6,2,-19.299031175662442,30.15475884305433
2013-09-28 10:30:00,34,0.0,4.422519719376368,9.598949925993162,0.0,-11.367752908882384,20.21279234763512,-14.391422135570233,23.236461574322966,3,36,6,2,-20.30437528998202,29.149414728734754
2013-09-28 11:30:00,34,1.0,3.192730354797781,9.598949925993162,0.0,-12.59754227346097,18.983002983056533,-15.621211500148815,22.00667220974438,3,36,6,2,-21.534164654560605,27.91962536415617
2013-09-28 12:30:00,34,0.0,5.276439375777109,9.598949925993162,0.0,-10.513833252481644,21.06671200403586,-13.53750247916949,24.090381230723708,3,36,6,2,-19.450455633581278,30.003334385135496
2013-09-28 13:30:00,34,0.0,5.330493100166883,9.598949925993162,1.0,-10.459779528091868,21.120765728425635,-13.483448754779715,24.14443495511348,3,36,6,2,-19.396401909191503,30.05738810952527
2013-09-28 14:30:00,34,1.0,4.186732936649058,9.598949925993162,0.0,-11.603539691609694,19.97700556490781,-14.62720891829754,23.000674791595657,3,36,6,2,-20.54016207270933,28.913627946007445
2013-09-28 15:30:00,34,3.0,3.64224260741571,9.598949925993162,0.0,-12.14803002084304,19.43251523567446,-15.171699247530888,22.45618446236231,3,36,6,2,-21.084652401942677,28.369137616774097
2013-09-28 16:30:00,34,4.0,4.229152397037112,9.598949925993162,1.0,-11.56112023122164,20.019425025295863,-14.584789457909489,23.04309425198371,3,36,6,2,-20.497742612321275,28.9560474063955
2013-09-28 17:30:00,34,3.0,5.276482922616793,9.598949925993162,3.0,-10.513789705641958,21.066755550875545,-13.537458932329804,24.090424777563392,3,36,6,2,-19.450412086741593,30.00337793197518
2013-09-28 18:30:00,34,3.0,5.73070307245812,9.598949925993162,4.0,-10.059569555800632,21.52097570071687,-13.08323878248848,24.54464492740472,3,36,6,2,-18.996191936900267,30.457598081816506
2013-09-28 19:30:00,34,2.0,4.4319814799317285,9.598949925993162,3.0,-11.358291148327025,20.22225410819048,-14.38196037501487,23.245923334878327,3,36,6,2,-20.29491352942666,29.158876489290115
2013-09-28 20:30:00,34,3.0,4.249929078103186,9.598949925993162,3.0,-11.540343550155566,20.040201706361938,-14.564012776843413,23.063870933049785,3,36,6,2,-20.4769659312552,28.976824087461573
2013-09-28 21:30:00,34,6.0,4.00121372252805,9.598949925993162,2.0,-11.789058905730702,19.7914863507868,-14.812728132418547,22.81515557747465,3,36,6,2,-20.725681286830337,28.728108731886437
2013-09-28 22:30:00,34,7.0,4.637316925376936,9.598949925993162,3.0,-11.152955702881815,20.427589553635688,-14.176624929569662,23.45125878032353,3,36,6,2,-20.08957808398145,29.364211934735323
2013-09-28 23:30:00,34,6.0,5.327483529691079,9.598949925993162,6.0,-10.462789098567672,21.11775615794983,-13.48645832525552,24.14142538463768,3,36,6,2,-19.399411479667307,30.054378539049466
2013-09-29 00:30:00,34,7.0,7.141458587142068,9.598949925993162,7.0,-8.648814041116683,22.93173121540082,-11.67248326780453,25.955400442088667,3,36,6,2,-17.58543642221632,31.868353596500455
2013-09-29 01:30:00,34,8.0,5.032422240349888,9.598949925993162,6.0,-10.757850387908864,20.82269486860864,-13.78151961459671,23.846364095296487,3,36,6,2,-19.6944727690085,29.759317249708275
2013-09-29 02:30:00,34,8.0,7.149451851492593,9.598949925993162,7.0,-8.640820776766159,22.939724479751344,-11.664490003454006,25.96339370643919,3,36,6,2,-17.577443157865794,31.87634686085098
2013-09-29 03:30:00,34,6.0,7.508621346652376,9.598949925993162,8.0,-8.281651281606376,23.298893974911127,-11.305320508294225,26.32256320159897,3,36,6,2,-17.21827366270601,32.23551635601076
2013-09-29 04:30:00,34,3.0,7.20848201195048,9.598949925993162,8.0,-8.581790616308272,22.99875464020923,-11.60545984299612,26.02242386689708,3,36,6,2,-17.518412997407907,31.935377021308867
2013-09-29 05:30:00,34,3.0,6.182433794630967,9.598949925993162,6.0,-9.607838833627785,21.97270642288972,-12.631508060315632,24.99637564957757,3,36,6,2,-18.54446121472742,30.909328803989354
2013-09-29 06:30:00,34,4.0,4.016259155638196,9.598949925993162,3.0,-11.774013472620556,19.806531783896947,-14.797682699308403,22.8302010105848,3,36,6,2,-20.71063585372019,28.743154164996582
2013-09-29 07:30:00,34,5.0,5.7526119713559325,9.598949925993162,3.0,-10.03766065690282,21.542884599614684,-13.061329883590666,24.56655382630253,3,36,6,2,-18.974283038002454,30.47950698071432
2013-09-29 08:30:00,34,6.0,5.427871091502553,9.598949925993162,4.0,-10.3624015367562,21.218143719761304,-13.386070763444046,24.24181294644915,3,36,6,2,-19.299023917855834,30.15476610086094
2013-09-29 09:30:00,34,8.0,6.498445952396963,9.598949925993162,5.0,-9.291826675861788,22.288718580655715,-12.315495902549635,25.31238780734356,3,36,6,2,-18.228449056961423,31.22534096175535
2013-09-29 10:30:00,34,9.0,7.883312870889931,9.598949925993162,6.0,-7.906959757368821,23.67358549914868,-10.930628984056668,26.69725472583653,3,36,6,2,-16.843582138468456,32.61020788024832
2013-09-29 11:30:00,34,7.0,7.207291731665833,9.598949925993162,8.0,-8.582980896592918,22.997564359924585,-11.606650123280764,26.021233586612432,3,36,6,2,-17.519603277692553,31.93418674102422
2013-09-29 12:30:00,34,7.0,7.901568673792191,9.598949925993162,9.0,-7.88870395446656,23.691841302050943,-10.912373181154408,26.71551052873879,3,36,6,2,-16.825326335566196,32.62846368315058
2013-09-29 13:30:00,34,5.0,6.853875257881832,9.598949925993162,7.0,-8.93639737037692,22.644147886140583,-11.960066597064769,25.66781711282843,3,36,6,2,-17.873019751476555,31.58077026724022
2013-09-29 14:30:00,34,6.0,8.857286325756334,9.598949925993162,7.0,-6.932986302502417,24.64755895401509,-9.956655529190265,27.671228180702933,3,36,6,2,-15.869608683602053,33.58418133511472
2013-09-29 15:30:00,34,8.0,6.5595034601689335,9.598949925993162,5.0,-9.230769168089818,22.349776088427685,-12.254438394777663,25.37344531511553,3,36,6,2,-18.167391549189453,31.28639846952732
2013-09-29 16:30:00,34,9.0,7.705215973665844,9.598949925993162,6.0,-8.085056654592908,23.495488601924595,-11.108725881280757,26.519157828612443,3,36,6,2,-17.021679035692543,32.43211098302423
2013-09-29 17:30:00,34,8.0,8.961643907785486,9.598949925993162,8.0,-6.828628720473265,24.75191653604424,-9.852297947161112,27.775585762732085,3,36,6,2,-15.7652511015729,33.68853891714387
2013-09-29 18:30:00,34,8.0,9.225803875834522,9.598949925993162,9.0,-6.564468752424229,25.01607650409328,-9.588137979112076,28.03974573078112,3,36,6,2,-15.501091133523865,33.95269888519291
2013-09-29 19:30:00,34,10.0,8.080705856630907,9.598949925993162,8.0,-7.709566771627845,23.87097848488966,-10.733235998315692,26.894647711577505,3,36,6,2,-16.64618915272748,32.80760086598929
2013-09-29 20:30:00,34,14.0,8.555521242372976,9.598949925993162,8.0,-7.234751385885776,24.345793870631727,-10.258420612573625,27.36946309731957,3,36,6,2,-16.17137376698541,33.28241625173136
2013-09-29 21:30:00,34,11.0,10.190124447904736,9.598949925993162,10.0,-5.600148180354015,25.980397076163488,-8.623817407041862,29.00406630285133,3,36,6,2,-14.53677056145365,34.91701945726312
2013-09-29 22:30:00,34,10.0,13.75872505885782,9.598949925993162,14.0,-2.0315475694009315,29.54899768711657,-5.055216796088779,32.57266691380442,3,36,6,2,-10.968169950500567,38.48562006821621
2013-09-29 23:30:00,34,11.0,10.76514595029294,9.598949925993162,11.0,-5.025126677965812,26.55541857855169,-8.048795904653659,29.57908780523954,3,36,6,2,-13.961749059065447,35.49204095965133
2013-09-30 00:30:00,34,9.0,10.87173409822136,9.598949925993162,10.0,-4.918538530037392,26.66200672648011,-7.942207756725239,29.68567595316796,3,36,6,2,-13.855160911137027,35.59862910757975
2013-09-30 01:30:00,34,6.0,12.038813594388929,9.598949925993162,11.0,-3.751459033869825,27.82908622264768,-6.775128260557672,30.852755449335525,3,36,6,2,-12.688081414969458,36.76570860374731
2013-09-30 02:30:00,34,8.0,10.783474331261338,9.598949925993162,9.0,-5.006798296997413,26.57374695952009,-8.03046752368526,29.597416186207937,3,36,6,2,-13.943420678097048,35.510369340619725
2013-09-30 03:30:00,34,8.0,6.564854882912087,9.598949925993162,6.0,-9.225417745346665,22.35512751117084,-12.249086972034512,25.37879673785869,3,36,6,2,-18.1620401264463,31.291749892270474
2013-09-30 04:30:00,34,8.0,7.002437720726,9.598949925993162,8.0,-8.787834907532751,22.792710348984752,-11.811504134220598,25.8163795756726,3,36,6,2,-17.724457288632387,31.729332730084387
2013-09-30 05:30:00,34,6.0,12.4852703104225,9.598949925993162,8.0,-3.3050023178362515,28.27554293868125,-6.328671544524099,31.2992121653691,3,36,6,2,-12.241624698935887,37.21216531978089
2013-09-30 06:30:00,34,4.0,6.3454030036032805,9.598949925993162,8.0,-9.444869624655473,22.135675631862032,-12.468538851343318,25.15934485854988,3,36,6,2,-18.381492005755106,31.072298012961667
2013-09-30 07:30:00,34,6.0,5.361970207450391,9.598949925993162,6.0,-10.42830242080836,21.152242835709146,-13.451971647496208,24.17591206239699,3,36,6,2,-19.364924801907996,30.088865216808777
2013-09-30 08:30:00,34,7.0,9.861490964437555,9.598949925993162,4.0,-5.928781663821194,25.65176359269631,-8.952450890509041,28.67543281938416,3,36,6,2,-14.865404044920831,34.588385973795944
2013-09-30 09:30:00,34,5.0,8.932975571661473,9.598949925993162,6.0,-6.857297056597279,24.723248199920224,-9.880966283285126,27.74691742660807,3,36,6,2,-15.793919437696914,33.65987058101986
2013-09-30 10:30:00,34,3.0,4.846477234907546,9.598949925993162,7.0,-10.943795393351206,20.636749863166298,-13.967464620039053,23.660419089854145,3,36,6,2,-19.88041777445084,29.573372244265933
2013-09-30 11:30:00,34,2.0,6.431940251126996,9.598949925993162,5.0,-9.358332377131756,22.222212879385747,-12.382001603819605,25.245882106073594,3,36,6,2,-18.29495475823139,31.158835260485382
2013-09-30 12:30:00,34,2.0,9.150787186675586,9.598949925993162,3.0,-6.639485441583165,24.94105981493433,-9.663154668271012,27.964729041622185,3,36,6,2,-15.5761078226828,33.87768219603397
2013-09-30 13:30:00,34,3.0,6.24081317176249,9.598949925993162,2.0,-9.549459456496262,22.03108580002124,-12.573128683184107,25.05475502670909,3,36,6,2,-18.486081837595897,30.967708181120877
2013-09-30 14:30:00,34,2.0,6.051398934758815,9.598949925993162,2.0,-9.738873693499936,21.841671563017567,-12.762542920187784,24.865340789705414,3,36,6,2,-18.67549607459957,30.778293944117202
2013-09-30 15:30:00,34,2.0,7.323895652721127,9.598949925993162,3.0,-8.466376975537624,23.11416828097988,-11.490046202225471,26.13783750766773,3,36,6,2,-17.40299935663726,32.050790662079514
2013-09-30 16:30:00,34,2.0,7.049352182676792,9.598949925993162,2.0,-8.74092044558196,22.839624810935543,-11.764589672269809,25.86329403762339,3,36,6,2,-17.677542826681595,31.77624719203518
2013-09-30 17:30:00,34,5.0,7.784737341463007,9.598949925993162,2.0,-8.005535286795745,23.57500996972176,-11.029204513483592,26.59867919640961,3,36,6,2,-16.94215766789538,32.511632350821394
2013-09-30 18:30:00,34,8.0,5.290030828295649,9.598949925993162,2.0,-10.500241799963105,21.0803034565544,-13.52391102665095,24.103972683242247,3,36,6,2,-19.436864181062738,30.016925837654036
2013-09-30 19:30:00,34,8.0,7.637873205366432,9.598949925993162,5.0,-8.15239942289232,23.428145833625184,-11.176068649580166,26.45181506031303,3,36,6,2,-17.089021803991955,32.36476821472482
2013-09-30 20:30:00,34,7.0,10.0188837586617,9.598949925993162,8.0,-5.77138886959705,25.809156386920453,-8.795058096284897,28.8328256136083,3,36,6,2,-14.708011250696687,34.74577876802009
2013-09-30 21:30:00,34,8.0,7.666827015217251,9.598949925993162,8.0,-8.1234456130415,23.457099643476003,-11.147114839729348,26.48076887016385,3,36,6,2,-17.060067994141136,32.39372202457564
2013-09-30 22:30:00,34,8.0,9.20206600967007,9.598949925993162,7.0,-6.588206618588682,24.99233863792882,-9.61187584527653,28.016007864616668,3,36,6,2,-15.524828999688317,33.928961019028456
2013-09-30 23:30:00,34,8.0,8.743604881497475,9.598949925993162,8.0,-7.046667746761276,24.533877509756227,-10.070336973449123,27.55754673644408,3,36,6,2,-15.983290127860911,33.47049989085586
2013-10-01 00:30:00,34,10.0,9.039326631240511,9.598949925993162,8.0,-6.750945997018238,24.829599259499265,-9.774615223706084,27.853268486187112,3,36,6,2,-15.687568378117875,33.7662216405989
2013-10-01 01:30:00,34,12.0,9.149645291768364,9.598949925993162,8.0,-6.640627336490386,24.93991792002712,-9.664296563178231,27.963587146714964,3,36,6,2,-15.577249717590023,33.87654030112675
2013-10-01 02:30:00,34,13.0,10.1963661615925,9.598949925993162,10.0,-5.593906466666251,25.98663878985125,-8.617575693354098,29.0103080165391,3,36,6,2,-14.530528847765886,34.92326117095089
2013-10-01 03:30:00,34,13.0,11.58975374504992,9.598949925993162,12.0,-4.200518883208833,27.38002637330867,-7.22418810989668,30.40369559999652,3,36,6,2,-13.137141264308466,36.316648754408305
2013-10-01 04:30:00,34,16.0,13.271740750693487,9.598949925993162,13.0,-2.5185318775652625,29.06201337895224,-5.54220110425311,32.08568260564009,3,36,6,2,-11.4551542586649,37.998635760051876
2013-10-01 05:30:00,34,16.0,11.01510481006789,9.598949925993162,13.0,-4.775167818190862,26.80537743832664,-7.798837044878709,29.829046665014488,3,36,6,2,-13.711790199290498,35.741999819426276
2013-10-01 06:30:00,34,16.0,15.169405576206756,9.598949925993162,16.0,-0.6208670520519952,30.959678204465508,-3.6445362787398414,33.983347431153355,3,36,6,2,-9.55748943315163,39.89630058556514
2013-10-01 07:30:00,34,18.0,12.480107590651308,9.598949925993162,16.0,-3.310165037607444,28.27038021891006,-6.333834264295291,31.294049445597903,3,36,6,2,-12.246787418707079,37.207002600009695
2013-10-01 08:30:00,34,16.0,16.395626519200285,9.598949925993162,16.0,0.605353890941533,32.18589914745904,-2.418315335746314,35.20956837414688,3,36,6,2,-8.331268490158102,41.12252152855867
2013-10-01 09:30:00,34,16.0,17.800524983946993,9.598949925993162,18.0,2.010252355688241,33.59079761220575,-1.013416870999606,36.61446683889359,3,36,6,2,-6.926370025411394,42.52741999330538
2013-10-01 10:30:00,34,17.0,15.48013163148913,9.598949925993162,16.0,-0.310140996769622,31.27040425974788,-3.333810223457469,34.29407348643573,3,36,6,2,-9.246763377869257,40.207026640847516
2013-10-01 11:30:00,34,14.0,16.619205671203403,9.598949925993162,16.0,0.8289330429446515,32.40947829946215,-2.194736183743196,35.43314752615,3,36,6,2,-8.107689338154984,41.34610068056179
2013-10-01 12:30:00,34,13.0,15.98690555902008,9.598949925993162,17.0,0.1966329307613286,31.77717818727883,-2.8270362959265185,34.80084741396668,3,36,6,2,-8.739989450338307,40.71380056837847
2013-10-01 13:30:00,34,10.0,15.276719504796546,9.598949925993162,14.0,-0.5135531234622057,31.066992133055297,-3.537222350150053,34.090661359743144,3,36,6,2,-9.450175504561841,40.00361451415493
2013-10-01 14:30:00,34,9.0,9.286082379029963,9.598949925993162,13.0,-6.504190249228788,25.076355007288715,-9.527859475916635,28.10002423397656,3,36,6,2,-15.440812630328423,34.01297738838835
2013-10-01 15:30:00,34,3.0,12.12686530422603,9.598949925993162,10.0,-3.663407324032722,27.91713793248478,-6.687076550720569,30.94080715917263,3,36,6,2,-12.600029705132357,36.85376031358442
2013-10-01 16:30:00,34,8.0,10.22659734540732,9.598949925993162,9.0,-5.563675282851431,26.016869973666072,-8.587344509539278,29.04053920035392,3,36,6,2,-14.500297663951066,34.95349235476571
2013-10-01 17:30:00,34,15.0,9.573578614610838,9.598949925993162,3.0,-6.216694013647913,25.36385124286959,-9.24036324033576,28.38752046955744,3,36,6,2,-15.153316394747549,34.300473623969225
2013-10-01 18:30:00,34,15.0,9.465921149841328,9.598949925993162,8.0,-6.324351478417423,25.25619377810008,-9.34802070510527,28.279863004787927,3,36,6,2,-15.260973859517058,34.192816159199715
2013-10-01 19:30:00,34,9.0,8.21653328813695,9.598949925993162,15.0,-7.573739340121801,24.006805916395702,-10.597408566809648,27.03047514308355,3,36,6,2,-16.510361721221436,32.94342829749534
2013-10-01 20:30:00,34,5.0,10.307986388773068,9.598949925993162,15.0,-5.482286239485685,26.09825901703182,-8.505955466173532,29.121928243719665,3,36,6,2,-14.418908620585318,35.03488139813145
2013-10-01 21:30:00,34,-2.0,8.458416628419755,9.598949925993162,9.0,-7.331855999838996,24.248689256678507,-10.355525226526844,27.27235848336636,3,36,6,2,-16.26847838093863,33.18531163777814
2013-10-01 22:30:00,34,-7.0,4.015876911156546,9.598949925993162,5.0,-11.774395717102204,19.806149539415298,-14.798064943790052,22.829818766103145,3,36,6,2,-20.71101809820184,28.742771920514933
2013-10-01 23:30:00,34,-8.0,-2.751275363475944,9.598949925993162,-2.0,-18.541547991734696,13.038997264782807,-21.565217218422543,16.062666491470655,3,36,6,2,-27.47817037283433,21.975619645882443
2013-10-02 00:30:00,34,-5.0,-5.039231158908425,9.598949925993162,-7.0,-20.829503787167177,10.751041469350326,-23.853173013855024,13.774710696038174,3,36,6,2,-29.766126168266812,19.68766385044996
2013-10-02 01:30:00,34,-3.0,-6.236522484739847,9.598949925993162,-8.0,-22.0267951129986,9.553750143518904,-25.05046433968645,12.577419370206751,3,36,6,2,-30.963417494098234,18.49037252461854
2013-10-02 02:30:00,34,26.0,-2.764170066559572,9.598949925993162,-5.0,-18.554442694818324,13.02610256169918,-21.57811192150617,16.049771788387027,3,36,6,2,-27.49106507591796,21.962724942798815
2013-10-02 03:30:00,34,-10.0,-6.751928363603327,9.598949925993162,-3.0,-22.54220099186208,9.038344264655423,-25.565870218549925,12.062013491343272,3,36,6,2,-31.478823372961713,17.97496664575506
2013-10-02 04:30:00,34,-19.0,9.652224207076614,9.598949925993162,26.0,-6.138048421182138,25.44249683533537,-9.161717647869985,28.466166062023213,3,36,6,2,-15.074670802281773,34.379119216435
2013-10-02 05:30:00,34,-39.0,-12.292915338426326,9.598949925993162,-10.0,-28.08318796668508,3.4973572898324257,-31.106857193372925,6.521026516520273,3,36,6,2,-37.01981034778471,12.433979670932061
2013-10-02 06:30:00,34,-68.0,-54.03102614756939,9.598949925993162,-19.0,-69.82129877582814,-38.24075351931064,-72.844968002516,-35.21708429262279,3,36,6,2,-78.75792115692778,-29.304131138211005
2013-10-02 07:30:00,34,-72.0,-58.8113574906118,9.598949925993162,-39.0,-74.60163011887055,-43.02108486235305,-77.6252993455584,-39.9974156356652,3,36,6,2,-83.53825249997018,-34.08446248125341
2013-10-02 08:30:00,34,-68.0,-72.92792683326542,9.598949925993162,-68.0,-88.71819946152416,-57.13765420500667,-91.741868688212,-54.11398497831882,3,36,6,2,-97.6548218426238,-48.20103182390703
2013-10-02 09:30:00,34,-62.0,-63.312663668025934,9.598949925993162,-72.0,-79.10293629628468,-47.52239103976719,-82.12660552297254,-44.498721813079335,3,36,6,2,-88.03955867738432,-38.58576865866755
2013-10-02 10:30:00,34,-64.0,-58.69508984792961,9.598949925993162,-68.0,-74.48536247618836,-42.90481721967086,-77.5090317028762,-39.88114799298301,3,36,6,2,-83.421984857288,-33.96819483857122
2013-10-02 11:30:00,34,-60.0,-62.33515082280093,9.598949925993162,-62.0,-78.12542345105967,-46.54487819454218,-81.14909267774752,-43.52120896785433,3,36,6,2,-87.06204583215931,-37.60825581344254
2013-10-02 12:30:00,34,-64.0,-63.94703225509415,9.598949925993162,-64.0,-79.7373048833529,-48.1567596268354,-82.76097411004075,-45.13309040014755,3,36,6,2,-88.67392726445254,-39.22013724573576
2013-10-02 13:30:00,34,-61.0,-58.50656348260167,9.598949925993162,-60.0,-74.29683611086043,-42.71629085434292,-77.32050533754827,-39.69262162765507,3,36,6,2,-83.23345849196005,-33.779668473243284
2013-10-02 14:30:00,34,-58.0,-57.22937580229805,9.598949925993162,-64.0,-73.0196484305568,-41.4391031740393,-76.04331765724464,-38.41543394735145,3,36,6,2,-81.95627081165644,-32.502480792939664
2013-10-02 15:30:00,34,-55.0,-55.76383110548748,9.598949925993162,-61.0,-71.55410373374623,-39.97355847722872,-74.57777296043407,-36.94988925054088,3,36,6,2,-80.49072611484587,-31.036936096129097
2013-10-02 16:30:00,34,-49.0,-53.86717874399682,9.598949925993162,-58.0,-69.65745137225557,-38.07690611573807,-72.68112059894341,-35.05323688905022,3,36,6,2,-78.5940737533552,-29.14028373463843
2013-10-02 17:30:00,34,-43.0,-52.41120467484081,9.598949925993162,-55.0,-68.20147730309957,-36.620932046582055,-71.22514652978741,-33.59726281989421,3,36,6,2,-77.1380996841992,-27.684309665482424
2013-10-02 18:30:00,34,-42.0,-47.96588884654787,9.598949925993162,-49.0,-63.75616147480662,-32.17561621828912,-66.77983070149446,-29.15194699160127,3,36,6,2,-72.69278385590626,-23.238993837189483
2013-10-02 19:30:00,34,-47.0,-42.58092959348843,9.598949925993162,-43.0,-58.37120222174718,-26.79065696522968,-61.39487144843503,-23.76698773854183,3,36,6,2,-67.30782460284681,-17.85403458413004
2013-10-02 20:30:00,34,-50.0,-41.71384427589048,9.598949925993162,-42.0,-57.50411690414923,-25.92357164763173,-60.52778613083708,-22.89990242094388,3,36,6,2,-66.44073928524887,-16.986949266532093
2013-10-02 21:30:00,34,-54.0,-47.26372024936358,9.598949925993162,-47.0,-63.053992877622335,-31.473447621104828,-66.07766210431018,-28.44977839441698,3,36,6,2,-71.99061525872196,-22.536825240005193
2013-10-02 22:30:00,34,-53.0,-54.81691233440798,9.598949925993162,-50.0,-70.60718496266674,-39.026639706149226,-73.63085418935458,-36.00297047946138,3,36,6,2,-79.54380734376636,-30.090017325049594
2013-10-02 23:30:00,34,-46.0,-54.630765320014895,9.598949925993162,-54.0,-70.42103794827365,-38.84049269175614,-73.4447071749615,-35.816823465068296,3,36,6,2,-79.35766032937329,-29.903870310656508
2013-10-03 00:30:00,34,-46.0,-47.504932242534615,9.598949925993162,-53.0,-63.29520487079337,-31.714659614275863,-66.31887409748121,-28.690990387588016,3,36,6,2,-72.23182725189301,-22.778037233176228
2013-10-03 01:30:00,34,-53.0,-45.96938962983846,9.598949925993162,-46.0,-61.75966225809721,-30.17911700157971,-64.78333148478507,-27.15544777489186,3,36,6,2,-70.69628463919685,-21.242494620480073
2013-10-03 02:30:00,34,-53.0,-44.87842154199406,9.598949925993162,-46.0,-60.668694170252806,-29.088148913735303,-63.69236339694066,-26.06447968704746,3,36,6,2,-69.60531655135244,-20.15152653263567
2013-10-03 03:30:00,34,-50.0,-44.85211683155723,9.598949925993162,-53.0,-60.64238945981599,-29.06184420329848,-63.66605868650383,-26.03817497661064,3,36,6,2,-69.57901184091563,-20.125221822198846
2013-10-03 04:30:00,34,-49.0,-46.90269880388288,9.598949925993162,-53.0,-62.69297143214163,-31.11242617562413,-65.71664065882948,-28.08875694893628,3,36,6,2,-71.62959381324126,-22.17580379452449
2013-10-03 05:30:00,34,-48.0,-44.75553357004576,9.598949925993162,-50.0,-60.5458061983045,-28.965260941787005,-63.56947542499236,-25.94159171509916,3,36,6,2,-69.48242857940414,-20.028638560687376
2013-10-03 06:30:00,34,-46.0,-44.45386828150334,9.598949925993162,-49.0,-60.244140909762095,-28.663595653244588,-63.26781013644994,-25.63992642655674,3,36,6,2,-69.18076329086173,-19.726973272144953
2013-10-03 07:30:00,34,-45.0,-44.01344643166904,9.598949925993162,-48.0,-59.803719059927786,-28.223173803410287,-62.82738828661564,-25.19950457672244,3,36,6,2,-68.74034144102743,-19.28655142231065
2013-10-03 08:30:00,34,-42.0,-42.53323552214388,9.598949925993162,-46.0,-58.32350815040263,-26.74296289388513,-61.34717737709048,-23.719293667197284,3,36,6,2,-67.26013053150227,-17.806340512785496
2013-10-03 09:30:00,34,-39.0,-42.10833146766684,9.598949925993162,-45.0,-57.89860409592559,-26.318058839408085,-60.92227332261344,-23.29438961272024,3,36,6,2,-66.83522647702523,-17.38143645830845
2013-10-03 10:30:00,34,-36.0,-40.18546935204255,9.598949925993162,-42.0,-55.975741980301294,-24.3951967237838,-58.99941120698914,-21.371527497095947,3,36,6,2,-64.91236436140093,-15.458574342684166
2013-10-03 11:30:00,34,-34.0,-36.52319389437412,9.598949925993162,-39.0,-52.31346652263287,-20.732921266115365,-55.33713574932072,-17.70925203942752,3,36,6,2,-61.250088903732504,-11.79629888501573
2013-10-03 12:30:00,34,-34.0,-34.62831901508444,9.598949925993162,-36.0,-50.41859164334319,-18.838046386825685,-53.44226087003104,-15.814377160137838,3,36,6,2,-59.35521402444283,-9.901424005726057
2013-10-03 13:30:00,34,-32.0,-31.72590907110369,9.598949925993162,-34.0,-47.516181699362434,-15.935636442844936,-50.539850926050285,-12.911967216157088,3,36,6,2,-56.45280408046207,-6.999014061745303
2013-10-03 14:30:00,34,-31.0,-29.82890893971279,9.598949925993162,-34.0,-45.61918156797154,-14.038636311454038,-48.64285079465939,-11.014967084766193,3,36,6,2,-54.555803949071176,-5.102013930354403
2013-10-03 15:30:00,34,-26.0,-28.624573912562795,9.598949925993162,-32.0,-44.41484654082154,-12.834301284304043,-47.438515767509394,-9.810632057616196,3,36,6,2,-53.35146892192118,-3.897678903204408
2013-10-03 16:30:00,34,-20.0,-28.38531910790858,9.598949925993162,-31.0,-44.17559173616733,-12.595046479649827,-47.19926096285518,-9.57137725296198,3,36,6,2,-53.112214117266966,-3.658424098550192
2013-10-03 17:30:00,34,-17.0,-24.80409354235101,9.598949925993162,-26.0,-40.59436617060976,-9.01382091409226,-43.61803539729761,-5.990151687404413,3,36,6,2,-49.5309885517094,-0.0771985329926217
2013-10-03 18:30:00,34,-15.0,-21.25481744632405,9.598949925993162,-20.0,-37.0450900745828,-5.464544818065303,-40.06875930127065,-2.440875591377456,3,36,6,2,-45.98171245568244,3.472077563034336
2013-10-03 19:30:00,34,-15.0,-19.56699153525978,9.598949925993162,-17.0,-35.357264163518536,-3.7767189070010296,-38.38093339020638,-0.7530496803131825,3,36,6,2,-44.29388654461817,5.159903474098606
2013-10-03 20:30:00,34,-25.0,-16.261111427377354,9.598949925993162,-15.0,-32.051384055636106,-0.4708387991186029,-35.07505328232395,2.552830427569244,3,36,6,2,-40.988006436735745,8.465783581981032
2013-10-03 21:30:00,34,-25.0,-16.67912600892637,9.598949925993162,-15.0,-32.46939863718512,-0.8888533806676193,-35.493067863872966,2.134815846020228,3,36,6,2,-41.40602101828476,8.047769000432016
2013-10-03 22:30:00,34,-27.0,-19.452333916011384,9.598949925993162,-25.0,-35.24260654427013,-3.662061287752632,-38.26627577095798,-0.6383920610647849,3,36,6,2,-44.17922892536977,5.274561093347003
2013-10-03 23:30:00,34,-27.0,-21.05475116848037,9.598949925993162,-25.0,-36.84502379673913,-5.264478540221621,-39.86869302342697,-2.2408093135337737,3,36,6,2,-45.78164617783875,3.672143840878018
2013-10-04 00:30:00,34,-26.0,-23.665311629352946,9.598949925993162,-27.0,-39.45558425761169,-7.875039001094191,-42.47925348429954,-4.851369774406344,3,36,6,2,-48.39220663871133,1.061583380005441
2013-10-04 01:30:00,34,-25.0,-25.38398926669751,9.598949925993162,-27.0,-41.17426189495626,-9.59371663843876,-44.19793112164411,-6.570047411750913,3,36,6,2,-50.1108842760559,-0.657094257339125
2013-10-04 02:30:00,34,-21.0,-23.64268541723481,9.598949925993162,-26.0,-39.43295804549357,-7.852412788976061,-42.45662727218141,-4.8287435622882136,3,36,6,2,-48.369580426593195,1.0842095921235781
2013-10-04 03:30:00,34,-19.0,-23.30453211075936,9.598949925993162,-25.0,-39.09480473901812,-7.514259482500609,-42.11847396570596,-4.490590255812762,3,36,6,2,-48.03142712011775,1.422362898599026
2013-10-04 04:30:00,34,-21.0,-20.684440940168606,9.598949925993162,-21.0,-36.47471356842736,-4.894168311909855,-39.498382795115205,-1.870499085222008,3,36,6,2,-45.41133594952699,4.04245406918978
2013-10-04 05:30:00,34,-20.0,-18.62541088094464,9.598949925993162,-19.0,-34.41568350920339,-2.8351382526858906,-37.43935273589124,0.1885309740019565,3,36,6,2,-43.35230589030303,6.101484128413748
2013-10-04 06:30:00,34,-20.0,-19.81265135425056,9.598949925993162,-21.0,-35.60292398250931,-4.0223787259918105,-38.62659320919716,-0.9987094993039634,3,36,6,2,-44.53954636360895,4.914243655107828
2013-10-04 07:30:00,34,-20.0,-19.16337402276342,9.598949925993162,-20.0,-34.95364665102217,-3.373101394504669,-37.97731587771002,-0.3494321678168219,3,36,6,2,-43.89026903212181,5.563520986594966
2013-10-04 08:30:00,34,-20.0,-19.37993245650224,9.598949925993162,-20.0,-35.170205084760994,-3.589659828243488,-38.19387431144884,-0.5659906015556402,3,36,6,2,-44.106827465860626,5.346962552856148
2013-10-04 09:30:00,34,-16.0,-18.713900478447435,9.598949925993162,-20.0,-34.50417310670619,-2.923627850188684,-37.527842333394034,0.1000413764991634,3,36,6,2,-43.44079548780582,6.012994530910952
2013-10-04 10:30:00,34,-18.0,-19.375778571850347,9.598949925993162,-20.0,-35.166051200109095,-3.5855059435915955,-38.18972042679695,-0.5618367169037484,3,36,6,2,-44.102673581208734,5.35111643750804
2013-10-04 11:30:00,34,-20.0,-15.819269466715646,9.598949925993162,-16.0,-31.6095420949744,-0.0289968384568943,-34.633211321662245,2.9946723882309527,3,36,6,2,-40.54616447607403,8.90762554264274
2013-10-04 12:30:00,34,-21.0,-16.786505257775687,9.598949925993162,-18.0,-32.576777886034435,-0.9962326295169356,-35.600447112722286,2.027436597170912,3,36,6,2,-41.513400267134074,7.9403897515827
2013-10-04 13:30:00,34,-21.0,-18.383809385485343,9.598949925993162,-20.0,-34.1740820137441,-2.593536757226591,-37.19775124043194,0.430132469461256,3,36,6,2,-43.11070439484373,6.343085623873044
2013-10-04 14:30:00,34,-21.0,-18.859450951546933,9.598949925993162,-21.0,-34.64972357980568,-3.069178323288181,-37.67339280649353,-0.0455090966003339,3,36,6,2,-43.58634596090532,5.867444057811454
2013-10-04 15:30:00,34,-20.0,-19.08715132807217,9.598949925993162,-21.0,-34.87742395633093,-3.2968786998134227,-37.90109318301877,-0.2732094731255756,3,36,6,2,-43.814046337430554,5.639743681286216
2013-10-04 16:30:00,34,-18.0,-19.85575909663248,9.598949925993162,-21.0,-35.64603172489123,-4.065486468373731,-38.66970095157908,-1.0418172416858835,3,36,6,2,-44.58265410599087,4.871135912725908
2013-10-04 17:30:00,34,-18.0,-19.01880698246008,9.598949925993162,-20.0,-34.809079610718825,-3.228534354201326,-37.83274883740668,-0.2048651275134787,3,36,6,2,-43.745701991818464,5.708088026898306
2013-10-04 18:30:00,34,-17.0,-16.79915803397219,9.598949925993162,-18.0,-32.58943066223094,-1.008885405713439,-35.61309988891879,2.014783820974408,3,36,6,2,-41.52605304333058,7.927736975386196
2013-10-04 19:30:00,34,-16.0,-16.23904648563735,9.598949925993162,-18.0,-32.0293191138961,-0.4487738573785975,-35.05298834058395,2.5748953693092496,3,36,6,2,-40.96594149499573,8.487848523721038
2013-10-04 20:30:00,34,-16.0,-15.940636928178382,9.598949925993162,-17.0,-31.730909556437133,-0.1503642999196301,-34.754578783124984,2.873304926768217,3,36,6,2,-40.667531937536765,8.786258081180005
2013-10-04 21:30:00,34,-15.0,-14.246414470218587,9.598949925993162,-16.0,-30.03668709847734,1.5438581580401625,-33.06035632516519,4.56752738472801,3,36,6,2,-38.973309479576976,10.4804805391398
2013-10-04 22:30:00,34,-14.0,-14.55997832788691,9.598949925993162,-16.0,-30.35025095614566,1.2302943003718418,-33.37392018283351,4.253963527059689,3,36,6,2,-39.2868733372453,10.166916681471477
2013-10-04 23:30:00,34,-15.0,-13.909069199546128,9.598949925993162,-15.0,-29.69934182780488,1.881203428712624,-32.72301105449273,4.904872655400471,3,36,6,2,-38.63596420890451,10.817825809812259
2013-10-05 00:30:00,34,-17.0,-13.621260878280868,9.598949925993162,-14.0,-29.41153350653962,2.169011749977884,-32.43520273322747,5.192680976665731,3,36,6,2,-38.34815588763925,11.105634131077519
2013-10-05 01:30:00,34,-17.0,-13.885812767887046,9.598949925993162,-15.0,-29.6760853961458,1.9044598603717056,-32.699754622833645,4.928129087059553,3,36,6,2,-38.61270777724543,10.84108224147134
2013-10-05 02:30:00,34,-15.0,-14.82266859009668,9.598949925993162,-17.0,-30.61294121835543,0.9676040381620724,-33.636610445043274,3.99127326484992,3,36,6,2,-39.54956359945507,9.904226419261708
2013-10-05 03:30:00,34,-14.0,-14.15217668987777,9.598949925993162,-17.0,-29.94244931813652,1.6380959383809817,-32.96611854482437,4.661765165068829,3,36,6,2,-38.87907169923616,10.574718319480617
2013-10-05 04:30:00,34,-14.0,-13.426359739477252,9.598949925993162,-15.0,-29.216632367736004,2.363912888781499,-32.240301594423855,5.387582115469346,3,36,6,2,-38.153254748835636,11.300535269881134
2013-10-05 05:30:00,34,-14.0,-12.738943843869691,9.598949925993162,-14.0,-28.529216472128443,3.05132878438906,-31.55288569881629,6.074998011076907,3,36,6,2,-37.46583885322808,11.987951165488695
2013-10-05 06:30:00,34,-14.0,-12.52793521292146,9.598949925993162,-14.0,-28.31820784118021,3.262337415337292,-31.34187706786805,6.286006642025139,3,36,6,2,-37.25483022227985,12.198959796436927
2013-10-05 07:30:00,34,-13.0,-12.288531623231666,9.598949925993162,-14.0,-28.078804251490418,3.5017410050270854,-31.102473478178265,6.5254102317149325,3,36,6,2,-37.01542663259005,12.43836338612672
2013-10-05 08:30:00,34,-15.0,-12.228570044258358,9.598949925993162,-14.0,-28.01884267251711,3.5617025840003933,-31.04251189920496,6.58537181068824,3,36,6,2,-36.95546505361675,12.498324965100029
2013-10-05 09:30:00,34,-15.0,-10.97556053705376,9.598949925993162,-13.0,-26.76583316531251,4.814712091204992,-29.78950239200036,7.838381317892839,3,36,6,2,-35.702455546412146,13.751334472304627
2013-10-05 10:30:00,34,-14.0,-12.248981415724884,9.598949925993162,-15.0,-28.03925404398364,3.541291212533867,-31.062923270671483,6.564960439221714,3,36,6,2,-36.97587642508327,12.477913593633502
2013-10-05 11:30:00,34,-14.0,-12.516581584108804,9.598949925993162,-15.0,-28.30685421236756,3.273691044149949,-31.3305234390554,6.297360270837796,3,36,6,2,-37.24347659346719,12.210313425249582
2013-10-05 12:30:00,34,-13.0,-11.314117861430702,9.598949925993162,-14.0,-27.10439048968945,4.476154766828049,-30.1280597163773,7.499823993515896,3,36,6,2,-36.04101287078909,13.412777147927684
2013-10-05 13:30:00,34,-12.0,-11.363028220200256,9.598949925993162,-14.0,-27.153300848459008,4.427244408058495,-30.17697007514685,7.4509136347463425,3,36,6,2,-36.08992322955864,13.36386678915813
2013-10-05 14:30:00,34,-12.0,-10.814802539829738,9.598949925993162,-13.0,-26.60507516808849,4.975470088429013,-29.628744394776337,7.99913931511686,3,36,6,2,-35.54169754918813,13.912092469528648
2013-10-05 15:30:00,34,-12.0,-10.110618691675718,9.598949925993162,-12.0,-25.90089131993447,5.679653936583033,-28.92456054662232,8.70332316327088,3,36,6,2,-34.837513701034105,14.616276317682669
2013-10-05 16:30:00,34,-12.0,-10.350837574975111,9.598949925993162,-12.0,-26.141110203233865,5.439435053283638,-29.164779429921712,8.463104279971486,3,36,6,2,-35.077732584333496,14.376057434383275
2013-10-05 17:30:00,34,-12.0,-10.875937464205592,9.598949925993162,-12.0,-26.666210092464343,4.91433516405316,-29.68987931915219,7.938004390741007,3,36,6,2,-35.60283247356398,13.850957545152795
2013-10-05 18:30:00,34,-13.0,-10.740717269186224,9.598949925993162,-12.0,-26.53098989744497,5.049555359072528,-29.554659124132822,8.073224585760375,3,36,6,2,-35.46761227854461,13.986177740172163
2013-10-05 19:30:00,34,-12.0,-10.468876122471045,9.598949925993162,-12.0,-26.2591487507298,5.321396505787707,-29.282817977417643,8.345065732475554,3,36,6,2,-35.19577113182943,14.258018886887342
2013-10-05 20:30:00,34,-11.0,-11.129121209385882,9.598949925993162,-13.0,-26.91939383764464,4.661151418872869,-29.94306306433248,7.684820645560716,3,36,6,2,-35.85601621874427,13.597773799972504
2013-10-05 21:30:00,34,-8.0,-10.245500189053114,9.598949925993162,-12.0,-26.035772817311862,5.544772439205637,-29.05944204399972,8.568441665893484,3,36,6,2,-34.972395198411505,14.481394820305272
2013-10-05 22:30:00,34,-7.0,-9.146041677105153,9.598949925993162,-11.0,-24.936314305363904,6.644230951153599,-27.95998353205175,9.667900177841446,3,36,6,2,-33.87293668646354,15.580853332253234
2013-10-05 23:30:00,34,-7.0,-8.01705356931502,9.598949925993162,-8.0,-23.80732619757377,7.773219058943731,-26.83099542426162,10.796888285631578,3,36,6,2,-32.74394857867341,16.709841440043366
2013-10-06 00:30:00,34,-9.0,-6.957379933954353,9.598949925993162,-7.0,-22.747652562213105,8.832892694304398,-25.771321788900952,11.856561920992243,3,36,6,2,-31.68427494331274,17.769515075404033
2013-10-06 01:30:00,34,-9.0,-6.611596253459059,9.598949925993162,-7.0,-22.40186888171781,9.178676374799691,-25.425538108405657,12.20234560148754,3,36,6,2,-31.338491262817445,18.115298755899328
2013-10-06 02:30:00,34,-8.0,-7.824811207000884,9.598949925993162,-9.0,-23.61508383525964,7.965461421257867,-26.638753061947483,10.989130647945714,3,36,6,2,-32.55170621635927,16.902083802357502
2013-10-06 03:30:00,34,-7.0,-7.37291839381367,9.598949925993162,-9.0,-23.16319102207242,8.417354234445082,-26.18686024876027,11.441023461132929,3,36,6,2,-32.09981340317206,17.353976615544717
2013-10-06 04:30:00,34,-6.0,-6.616657363937662,9.598949925993162,-8.0,-22.40692999219641,9.17361526432109,-25.43059921888426,12.197284491008936,3,36,6,2,-31.34355237329605,18.110237645420725
2013-10-06 05:30:00,34,-5.0,-5.364313155672647,9.598949925993162,-7.0,-21.1545857839314,10.425959472586104,-24.17825501061925,13.449628699273951,3,36,6,2,-30.091208165031034,19.36258185368574
2013-10-06 06:30:00,34,-3.0,-5.004422718389243,9.598949925993162,-6.0,-20.794695346647995,10.785849909869508,-23.81836457333584,13.809519136557356,3,36,6,2,-29.73131772774763,19.722472290969144
2013-10-06 07:30:00,34,-3.0,-3.624108863911921,9.598949925993162,-5.0,-19.41438149217068,12.16616376434683,-22.43805071885852,15.189832991034676,3,36,6,2,-28.351003873270308,21.102786145446466
2013-10-06 08:30:00,34,-4.0,-2.043738408666403,9.598949925993162,-3.0,-17.834011036925155,13.746534219592348,-20.857680263613,16.770203446280195,3,36,6,2,-26.77063341802479,22.683156600691984
2013-10-06 09:30:00,34,-4.0,-4.284978122195536,9.598949925993162,-3.0,-20.075250750454288,11.505294506063215,-23.09891997714213,14.528963732751064,3,36,6,2,-29.011873131553923,20.44191688716285
2013-10-06 10:30:00,34,-3.0,-5.744491581710143,9.598949925993162,-4.0,-21.53476420996889,10.045781046548608,-24.558433436656745,13.069450273236455,3,36,6,2,-30.47138659106853,18.982403427648244
2013-10-06 11:30:00,34,-2.0,-1.7001683591882824,9.598949925993162,-4.0,-17.490440987447034,14.09010426907047,-20.51411021413488,17.113773495758316,3,36,6,2,-26.42706336854667,23.026726650170104
2013-10-06 12:30:00,34,-3.0,-1.943665351808189,9.598949925993162,-3.0,-17.73393798006694,13.846607276450564,-20.757607206754788,16.87027650313841,3,36,6,2,-26.670560361166576,22.783229657550198
2013-10-06 13:30:00,34,-4.0,-3.581544247391591,9.598949925993162,-2.0,-19.371816875650342,12.20872838086716,-22.39548610233819,15.232397607555008,3,36,6,2,-28.308439256749978,21.145350761966796
2013-10-06 14:30:00,34,-5.0,-4.099231496800634,9.598949925993162,-3.0,-19.889504125059386,11.691041131458118,-22.91317335174724,14.714710358145965,3,36,6,2,-28.82612650615902,20.627663512557753
2013-10-06 15:30:00,34,-6.0,-2.9620372289993107,9.598949925993162,-4.0,-18.752309857258066,12.82823539925944,-21.77597908394591,15.851904625947288,3,36,6,2,-27.688932238357697,21.764857780359076
2013-10-06 16:30:00,34,-4.0,-4.916927440392527,9.598949925993162,-5.0,-20.70720006865128,10.873345187866224,-23.73086929533913,13.897014414554071,3,36,6,2,-29.643822449750914,19.80996756896586
2013-10-06 17:30:00,34,-2.0,-3.496540816332235,9.598949925993162,-6.0,-19.286813444590987,12.293731811926516,-22.31048267127884,15.317401038614364,3,36,6,2,-28.223435825690622,21.23035419302615
2013-10-06 18:30:00,34,-3.0,-4.806032993873323,9.598949925993162,-4.0,-20.596305622132075,10.984239634385428,-23.61997484881992,14.007908861073275,3,36,6,2,-29.53292800323171,19.920862015485064
2013-10-06 19:30:00,34,-5.0,-1.231519689798965,9.598949925993162,-2.0,-17.021792318057717,14.558752938459786,-20.045461544745564,17.582422165147634,3,36,6,2,-25.958414699157352,23.49537531955942
2013-10-06 20:30:00,34,-7.0,-3.589786696435855,9.598949925993162,-3.0,-19.380059324694606,12.200485931822897,-22.403728551382454,15.224155158510744,3,36,6,2,-28.31668170579424,21.137108312922532
2013-10-06 21:30:00,34,-9.0,-4.023602732617277,9.598949925993162,-5.0,-19.81387536087603,11.766669895641474,-22.83754458756388,14.79033912232932,3,36,6,2,-28.750497741975664,20.70329227674111
2013-10-06 22:30:00,34,-10.0,-8.512065011594075,9.598949925993162,-7.0,-24.302337639852823,7.278207616664677,-27.32600686654068,10.301876843352524,3,36,6,2,-33.23896002095246,16.214829997764312
2013-10-06 23:30:00,34,-8.0,-6.151102939434644,9.598949925993162,-9.0,-21.941375567693395,9.639169688824108,-24.96504479438124,12.662838915511957,3,36,6,2,-30.87799794879303,18.575792069923743
2013-10-07 00:30:00,34,-6.0,-5.167355638328495,9.598949925993162,-10.0,-20.95762826658725,10.622916989930255,-23.981297493275093,13.646586216618104,3,36,6,2,-29.89425064768688,19.559539371029892
2013-10-07 01:30:00,34,-3.0,-4.710994435536126,9.598949925993162,-8.0,-20.50126706379488,11.079278192722626,-23.524936290482724,14.102947419410471,3,36,6,2,-29.437889444894513,20.01590057382226
2013-10-07 02:30:00,34,0.0,-3.9449910099156966,9.598949925993162,-6.0,-19.735263638174448,11.845281618343057,-22.75893286486229,14.868950845030902,3,36,6,2,-28.671886019274083,20.78190399944269
2013-10-07 03:30:00,34,-5.0,-2.457864015504928,9.598949925993162,-3.0,-18.24813664376368,13.332408612753824,-21.271805870451526,16.35607783944167,3,36,6,2,-27.184759024863315,22.26903099385346
2013-10-07 04:30:00,34,-9.0,-7.049321828136382,9.598949925993162,0.0,-22.839594456395133,8.74095080012237,-25.86326368308298,11.764620026810215,3,36,6,2,-31.77621683749477,17.677573181222005
2013-10-07 05:30:00,34,-11.0,-8.309499629006421,9.598949925993162,-5.0,-24.09977225726517,7.480772999252331,-27.12344148395302,10.504442225940178,3,36,6,2,-33.03639463836481,16.417395380351966
2013-10-07 06:30:00,34,-13.0,-9.706944326360889,9.598949925993162,-9.0,-25.49721695461964,6.083328301897865,-28.520886181307485,9.106997528585712,3,36,6,2,-34.43383933571928,15.019950682997498
2013-10-07 07:30:00,34,-14.0,-9.249075919061749,9.598949925993162,-11.0,-25.0393485473205,6.541196709197003,-28.063017774008348,9.56486593588485,3,36,6,2,-33.97597092842014,15.477819090296638
2013-10-07 08:30:00,34,-15.0,-11.96958005378713,9.598949925993162,-13.0,-27.75985268204588,3.8206925744716216,-30.78352190873373,6.844361801159469,3,36,6,2,-36.69647506314551,12.757314955571257
2013-10-07 09:30:00,34,-17.0,-14.731454895844887,9.598949925993162,-14.0,-30.52172752410364,1.058817732413864,-33.54539675079148,4.082486959101711,3,36,6,2,-39.45834990520328,9.9954401135135
2013-10-07 10:30:00,34,-14.0,-15.90746633268502,9.598949925993162,-15.0,-31.69773896094377,-0.1171937044262669,-34.72140818763162,2.90647552226158,3,36,6,2,-40.634361342043405,8.819428676673366
2013-10-07 11:30:00,34,-11.0,-14.775742031801531,9.598949925993162,-17.0,-30.566014660060283,1.0145305964572202,-33.58968388674813,4.038199823145067,3,36,6,2,-39.502637041159915,9.951152977556855
2013-10-07 12:30:00,34,-10.0,-9.970240615422895,9.598949925993162,-14.0,-25.760513243681647,5.820032012835856,-28.78418247036949,8.843701239523703,3,36,6,2,-34.69713562478128,14.756654393935491
2013-10-07 13:30:00,34,-10.0,-10.232922410191616,9.598949925993162,-11.0,-26.023195038450368,5.557350218067136,-29.04686426513821,8.581019444754983,3,36,6,2,-34.959817419550006,14.49397259916677
2013-10-07 14:30:00,34,-12.0,-7.937597521777384,9.598949925993162,-10.0,-23.727870150036136,7.852675106481367,-26.751539376723983,10.876344333169214,3,36,6,2,-32.66449253113577,16.789297487581003
2013-10-07 15:30:00,34,-11.0,-11.338409740166671,9.598949925993162,-10.0,-27.128682368425423,4.45186288809208,-30.15235159511327,7.475532114779927,3,36,6,2,-36.065304749525055,13.388485269191715
2013-10-07 16:30:00,34,-11.0,-9.688908676925903,9.598949925993162,-12.0,-25.479181305184657,6.101363951332846,-28.502850531872504,9.125033178020692,3,36,6,2,-34.41580368628429,15.037986332432483
2013-10-07 17:30:00,34,-12.0,-11.392190087173995,9.598949925993162,-11.0,-27.18246271543275,4.398082541084754,-30.2061319421206,7.4217517677726015,3,36,6,2,-36.11908509653238,13.334704922184391
2013-10-07 18:30:00,34,-14.0,-9.68081622255166,9.598949925993162,-11.0,-25.47108885081041,6.109456405707093,-28.494758077498258,9.13312563239494,3,36,6,2,-34.40771123191005,15.046078786806726
2013-10-07 19:30:00,34,-15.0,-11.585138875998537,9.598949925993162,-12.0,-27.375411504257286,4.205133752260217,-30.399080730945133,7.228802978948064,3,36,6,2,-36.312033885356925,13.14175613335985
2013-10-07 20:30:00,34,-12.0,-13.013501829527254,9.598949925993162,-14.0,-28.803774457786005,2.776770798731498,-31.82744368447385,5.800440025419345,3,36,6,2,-37.740396838885644,11.713393179831133
2013-10-07 21:30:00,34,-10.0,-11.070623288079666,9.598949925993162,-15.0,-26.86089591633841,4.719649340179085,-29.884565143026265,7.743318566866932,3,36,6,2,-35.79751829743805,13.65627172127872
2013-10-07 22:30:00,34,-10.0,-8.674956803962512,9.598949925993162,-12.0,-24.465229432221264,7.115315824296239,-27.48889865890911,10.138985050984086,3,36,6,2,-33.4018518133209,16.051938205395874
2013-10-07 23:30:00,34,-12.0,-6.45839847145762,9.598949925993162,-10.0,-22.24867109971637,9.331874156801131,-25.27234032640422,12.355543383488978,3,36,6,2,-31.185293480816007,18.268496537900766
2013-10-08 00:30:00,34,-12.0,-10.533550437205498,9.598949925993162,-10.0,-26.32382306546425,5.256722191053253,-29.347492292152097,8.2803914177411,3,36,6,2,-35.260445446563885,14.193344572152888
2013-10-08 01:30:00,34,-11.0,-7.46154347037325,9.598949925993162,-12.0,-23.251816098632,8.328729157885501,-26.27548532531985,11.352398384573348,3,36,6,2,-32.18843847973164,17.265351538985136
2013-10-08 02:30:00,34,-11.0,-6.70139225615231,9.598949925993162,-12.0,-22.491664884411065,9.08888037210644,-25.51533411109891,12.112549598794288,3,36,6,2,-31.428287265510697,18.025502753206077
2013-10-08 03:30:00,34,-12.0,-6.003733176143982,9.598949925993162,-11.0,-21.794005804402733,9.78653945211477,-24.81767503109058,12.810208678802615,3,36,6,2,-30.73062818550237,18.723161833214405
2013-10-08 04:30:00,34,-9.0,-13.23248437067504,9.598949925993162,-11.0,-29.02275699893379,2.557788257583713,-32.04642622562164,5.58145748427156,3,36,6,2,-37.959379380033425,11.494410638683346
2013-10-08 05:30:00,34,-6.0,-11.218982532338655,9.598949925993162,-12.0,-27.00925516059741,4.571290095920094,-30.032924387285256,7.594959322607941,3,36,6,2,-35.945877541697044,13.507912477019731
2013-10-08 06:30:00,34,-3.0,-4.797749417258249,9.598949925993162,-9.0,-20.588022045517,10.992523211000504,-23.611691272204848,14.01619243768835,3,36,6,2,-29.524644426616636,19.929145592100138
2013-10-08 07:30:00,34,-4.0,-4.613430160497373,9.598949925993162,-6.0,-20.403702788756124,11.17684246776138,-23.42737201544397,14.200511694449226,3,36,6,2,-29.34032516985576,20.113464848861014
2013-10-08 08:30:00,34,-6.0,-3.4595356796779804,9.598949925993162,-3.0,-19.24980830793673,12.330736948580771,-22.27347753462458,15.354406175268618,3,36,6,2,-28.186430689036367,21.267359329680406
2013-10-08 09:30:00,34,-7.0,-5.099654818236136,9.598949925993162,-4.0,-20.889927446494887,10.690617810022616,-23.91359667318273,13.714287036710465,3,36,6,2,-29.826549827594523,19.62724019112225
2013-10-08 10:30:00,34,-7.0,-9.052928856789451,9.598949925993162,-6.0,-24.843201485048205,6.737343771469298,-27.86687071173605,9.761012998157144,3,36,6,2,-33.77982386614784,15.673966152568935
2013-10-08 11:30:00,34,-8.0,-10.47149619065858,9.598949925993162,-7.0,-26.26176881891733,5.318776437600171,-29.28543804560518,8.342445664288018,3,36,6,2,-35.19839120001697,14.255398818699806
2013-10-08 12:30:00,34,-10.0,-8.596330565647708,9.598949925993162,-7.0,-24.38660319390646,7.193942062611043,-27.410272420594307,10.21761128929889,3,36,6,2,-33.32322557500609,16.13056444371068
2013-10-08 13:30:00,34,-9.0,-10.54855958128258,9.598949925993162,-8.0,-26.33883220954133,5.241713046976173,-29.362501436229177,8.26538227366402,3,36,6,2,-35.27545459064097,14.178335428075806
2013-10-08 14:30:00,34,-2.0,-5.47326734855713,9.598949925993162,-10.0,-21.26353997681588,10.317005279701622,-24.28720920350373,13.340674506389467,3,36,6,2,-30.200162357915517,19.253627660801257
2013-10-08 15:30:00,34,4.0,-7.104048109272359,9.598949925993162,-9.0,-22.89432073753111,8.686224518986393,-25.91798996421896,11.70989374567424,3,36,6,2,-31.830943118630746,17.622846900086028
2013-10-08 16:30:00,34,7.0,-2.1707766363632928,9.598949925993162,-2.0,-17.961049264622044,13.61949599189546,-20.98471849130989,16.643165218583306,3,36,6,2,-26.89767164572168,22.556118372995094
2013-10-08 17:30:00,34,10.0,0.8276990723969533,9.598949925993162,4.0,-14.962573555861798,16.617971700655705,-17.986242782549645,19.641640927343552,3,36,6,2,-23.899195936961434,25.55459408175534
2013-10-08 18:30:00,34,11.0,2.3187356053036154,9.598949925993162,7.0,-13.471537022955136,18.109008233562367,-16.495206249642983,21.13267746025021,3,36,6,2,-22.40815940405477,27.045630614662002
2013-10-08 19:30:00,34,5.0,4.389760399591111,9.598949925993162,10.0,-11.40051222866764,20.180033027849863,-14.424181455355487,23.20370225453771,3,36,6,2,-20.337134609767276,29.116655408949498
2013-10-08 20:30:00,34,17.0,1.3485749181782651,9.598949925993162,11.0,-14.441697710080486,17.138847546437017,-17.465366936768334,20.162516773124864,3,36,6,2,-23.37832009118012,26.075469927536652
2013-10-08 21:30:00,34,10.0,-3.9045408343888175,9.598949925993162,5.0,-19.69481346264757,11.885731793869931,-22.718482689335417,14.90940102055778,3,36,6,2,-28.631435843747205,20.82235417496957
2013-10-08 22:30:00,34,-33.0,7.937170634501136,9.598949925993162,17.0,-7.853101993757615,23.727443262759888,-10.876771220445464,26.75111248944773,3,36,6,2,-16.78972437485725,32.66406564385952
2013-10-08 23:30:00,34,-19.0,-8.339704200863661,9.598949925993162,10.0,-24.129976829122413,7.45056842739509,-27.15364605581026,10.474237654082938,3,36,6,2,-33.06659921022205,16.387190808494726
2013-10-09 00:30:00,34,-66.0,-14.492723862901292,9.598949925993162,-33.0,-30.282996491160045,1.2975487653574582,-33.30666571784789,4.321217992045305,3,36,6,2,-39.21961887225968,10.234171146457095
2013-10-09 01:30:00,34,-69.0,-30.708722635659463,9.598949925993162,-19.0,-46.49899526391822,-14.918450007400716,-49.52266449060606,-11.894780780712868,3,36,6,2,-55.43561764501785,-5.981827626301076
2013-10-09 02:30:00,34,-61.0,-71.8690902649342,9.598949925993162,-66.0,-87.65936289319295,-56.07881763667545,-90.6830321198808,-53.0551484099876,3,36,6,2,-96.59598527429259,-47.142195255575814
2013-10-09 03:30:00,34,-63.0,-67.23039380832321,9.598949925993162,-69.0,-83.02066643658196,-51.44012118006447,-86.0443356632698,-48.416451953376615,3,36,6,2,-91.9572888176816,-42.50349879896483
2013-10-09 04:30:00,34,-56.0,-61.90309843362663,9.598949925993162,-61.0,-77.69337106188539,-46.11282580536788,-80.71704028857323,-43.08915657868003,3,36,6,2,-86.62999344298501,-37.176203424268245
2013-10-09 05:30:00,34,-53.0,-64.01578061860775,9.598949925993162,-63.0,-79.8060532468665,-48.225507990349,-82.82972247355434,-45.20183876366115,3,36,6,2,-88.74267562796614,-39.28888560924936
2013-10-09 06:30:00,34,-53.0,-56.57130805736732,9.598949925993162,-56.0,-72.36158068562607,-40.78103542910857,-75.38524991231392,-37.75736620242072,3,36,6,2,-81.2982030667257,-31.84441304800893
2013-10-09 07:30:00,34,-48.0,-52.65324526760024,9.598949925993162,-53.0,-68.44351789585899,-36.86297263934149,-71.46718712254685,-33.83930341265364,3,36,6,2,-77.38014027695863,-27.926350258241854
2013-10-09 08:30:00,34,-45.0,-52.49904711792055,9.598949925993162,-53.0,-68.2893197461793,-36.70877448966179,-71.31298897286715,-33.68510526297395,3,36,6,2,-77.22594212727893,-27.77215210856216
2013-10-09 09:30:00,34,-34.0,-44.567955558115344,9.598949925993162,-48.0,-60.35822818637409,-28.777682929856592,-63.38189741306194,-25.754013703168745,3,36,6,2,-69.29485056747373,-19.841060548756957
2013-10-09 10:30:00,34,-33.0,-40.6610044702738,9.598949925993162,-45.0,-56.45127709853256,-24.87073184201505,-59.4749463252204,-21.847062615327204,3,36,6,2,-65.38789947963218,-15.934109460915415
2013-10-09 11:30:00,34,-43.0,-35.19184452980734,9.598949925993162,-34.0,-50.98211715806609,-19.40157190154859,-54.00578638475394,-16.377902674860742,3,36,6,2,-59.91873953916573,-10.464949520448954
2013-10-09 12:30:00,34,-44.0,-36.37091331768348,9.598949925993162,-33.0,-52.16118594594224,-20.58064068942473,-55.18485517263008,-17.556971462736882,3,36,6,2,-61.09780832704187,-11.644018308325094
2013-10-09 13:30:00,34,-40.0,-43.352799746121576,9.598949925993162,-43.0,-59.14307237438032,-27.562527117862825,-62.166741601068175,-24.538857891174978,3,36,6,2,-68.07969475547996,-18.62590473676319
2013-10-09 14:30:00,34,-30.0,-39.835749521093774,9.598949925993162,-44.0,-55.62602214935252,-24.045476892835023,-58.64969137604037,-21.021807666147176,3,36,6,2,-64.56264453045216,-15.108854511735387
2013-10-09 15:30:00,34,-19.0,-35.7503569414183,9.598949925993162,-40.0,-51.54062956967705,-19.960084313159552,-54.5642987963649,-16.936415086471705,3,36,6,2,-60.47725195077669,-11.023461932059917
2013-10-09 16:30:00,34,-20.0,-27.76615562569601,9.598949925993162,-30.0,-43.55642825395476,-11.97588299743726,-46.58009748064261,-8.952213770749413,3,36,6,2,-52.493050635054395,-3.0392606163376215
2013-10-09 17:30:00,34,-27.0,-21.54541034606009,9.598949925993162,-19.0,-37.33568297431884,-5.755137717801343,-40.35935220100669,-2.731468491113496,3,36,6,2,-46.27230535541848,3.1814846632982956
2013-10-09 18:30:00,34,-30.0,-21.86314744253128,9.598949925993162,-20.0,-37.653420070790034,-6.072874814272527,-40.67708929747788,-3.04920558758468,3,36,6,2,-46.590042451889666,2.863747566827108
2013-10-09 19:30:00,34,-28.0,-23.489897701307044,9.598949925993162,-27.0,-39.28017032956579,-7.699625073048292,-42.30383955625364,-4.675955846360445,3,36,6,2,-48.21679271066543,1.2369973080513432
2013-10-09 20:30:00,34,-23.0,-24.44758463813236,9.598949925993162,-30.0,-40.23785726639112,-8.65731200987361,-43.26152649307896,-5.633642783185763,3,36,6,2,-49.17447964749074,0.2793103712260283
2013-10-09 21:30:00,34,-8.0,-24.175174963232443,9.598949925993162,-28.0,-39.9654475914912,-8.384902334973692,-42.98911681817904,-5.361233108285845,3,36,6,2,-48.90206997259083,0.5517200461259435
2013-10-09 22:30:00,34,-11.0,-20.595783203479265,9.598949925993162,-23.0,-36.38605583173802,-4.805510575220513,-39.40972505842586,-1.7818413485326658,3,36,6,2,-45.32267821283765,4.131111805879122
2013-10-09 23:30:00,34,-13.0,-13.051036786064303,9.598949925993162,-8.0,-28.841309414323057,2.7392358421944465,-31.864978641010904,5.762905068882294,3,36,6,2,-37.77793179542269,11.675858223294084
2013-10-10 00:30:00,34,-26.0,-12.220567102832348,9.598949925993162,-11.0,-28.0108397310911,3.569705525426404,-31.034508957778947,6.593374752114251,3,36,6,2,-36.947462112190735,12.506327906526039
2013-10-10 01:30:00,34,-37.0,-27.46590500462604,9.598949925993162,-13.0,-43.25617763288479,-11.67563237636729,-46.27984685957264,-8.651963149679442,3,36,6,2,-52.192800013984424,-2.7390099952676543
2013-10-10 02:30:00,34,-33.0,-34.58019438948297,9.598949925993162,-26.0,-50.37046701774172,-18.789921761224218,-53.39413624442957,-15.76625253453637,3,36,6,2,-59.307089398841356,-9.853299380124582
2013-10-10 03:30:00,34,-32.0,-24.71105027601536,9.598949925993162,-37.0,-40.501322904274105,-8.920777647756605,-43.52499213096196,-5.897108421068758,3,36,6,2,-49.43794528537374,0.015844733343026718
2013-10-10 04:30:00,34,-39.0,-26.32750231202354,9.598949925993162,-33.0,-42.11777494028229,-10.537229683764789,-45.14144416697014,-7.513560457076942,3,36,6,2,-51.05439732138193,-1.6006073026651535
2013-10-10 05:30:00,34,-41.0,-35.7337776918438,9.598949925993162,-32.0,-51.52405032010255,-19.943505063585047,-54.5477195467904,-16.9198358368972,3,36,6,2,-60.460672701202185,-11.006882682485411
2013-10-10 06:30:00,34,-38.0,-40.24825119370249,9.598949925993162,-39.0,-56.03852382196124,-24.45797856544373,-59.062193048649085,-21.434309338755888,3,36,6,2,-64.97514620306087,-15.5213561843441
2013-10-10 07:30:00,34,-32.0,-36.43182476209735,9.598949925993162,-41.0,-52.2220973903561,-20.6415521338386,-55.24576661704395,-17.61788290715075,3,36,6,2,-61.158719771455736,-11.704929752738963
2013-10-10 08:30:00,34,-29.0,-33.181292989859415,9.598949925993162,-38.0,-48.97156561811816,-17.391020361600663,-51.99523484480601,-14.367351134912816,3,36,6,2,-57.9081879992178,-8.454397980501028
2013-10-10 09:30:00,34,-27.0,-31.183326335375305,9.598949925993162,-32.0,-46.97359896363405,-15.39305370711655,-49.997268190321904,-12.369384480428703,3,36,6,2,-55.91022134473369,-6.456431326016919
2013-10-10 10:30:00,34,-27.0,-28.703268495223213,9.598949925993162,-29.0,-44.49354112348196,-12.912995866964462,-47.51721035016981,-9.889326640276614,3,36,6,2,-53.4301635045816,-3.9763734858648263
2013-10-10 11:30:00,34,-29.0,-25.86999981914117,9.598949925993162,-27.0,-41.66027244739992,-10.07972719088242,-44.68394167408777,-7.056057964194572,3,36,6,2,-50.59689482849956,-1.143104809782784
2013-10-10 12:30:00,34,-30.0,-26.3277490774484,9.598949925993162,-27.0,-42.11802170570715,-10.53747644918965,-45.141690932395,-7.5138072225018036,3,36,6,2,-51.05464408680679,-1.6008540680900119
2013-10-10 13:30:00,34,-28.0,-29.17222925029692,9.598949925993162,-29.0,-44.96250187855567,-13.381956622038167,-47.98617110524352,-10.35828739535032,3,36,6,2,-53.89912425965531,-4.445334240938532
2013-10-10 14:30:00,34,-27.0,-28.20432634584564,9.598949925993162,-30.0,-43.99459897410439,-12.414053717586883,-47.01826820079224,-9.390384490899038,3,36,6,2,-52.93122135520403,-3.4774313364872533
2013-10-10 15:30:00,34,-26.0,-26.479336231198825,9.598949925993162,-28.0,-42.26960885945758,-10.689063602940074,-45.29327808614542,-7.665394376252227,3,36,6,2,-51.206231240557216,-1.7524412218404386
2013-10-10 16:30:00,34,-23.0,-27.383278505232663,9.598949925993162,-27.0,-43.173551133491415,-11.593005876973912,-46.19722036017926,-8.569336650286065,3,36,6,2,-52.110173514591054,-2.6563834958742767
2013-10-10 17:30:00,34,-23.0,-24.701112524309583,9.598949925993162,-26.0,-40.491385152568334,-8.910839896050831,-43.515054379256185,-5.887170669362984,3,36,6,2,-49.428007533667966,0.025782485048804205
2013-10-10 18:30:00,34,-23.0,-22.35001804505866,9.598949925993162,-23.0,-38.14029067331741,-6.55974541679991,-41.16395990000526,-3.5360761901120625,3,36,6,2,-47.07691305441705,2.3768769642997256
2013-10-10 19:30:00,34,-23.0,-22.29970088144049,9.598949925993162,-23.0,-38.08997350969924,-6.5094282531817385,-41.11364273638709,-3.485759026493892,3,36,6,2,-47.02659589079887,2.427194127917897
2013-10-10 20:30:00,34,-22.0,-23.282421202910804,9.598949925993162,-23.0,-39.07269383116956,-7.492148574652052,-42.0963630578574,-4.468479347964205,3,36,6,2,-48.00931621226919,1.4444738064475828
2013-10-10 21:30:00,34,-23.0,-22.97005730260261,9.598949925993162,-23.0,-38.76032993086136,-7.1797846743438605,-41.78399915754921,-4.156115447656013,3,36,6,2,-47.696952311961,1.7568377067557783
2013-10-10 22:30:00,34,-19.0,-21.541082274049472,9.598949925993162,-22.0,-37.33135490230822,-5.750809645790721,-40.35502412899607,-2.7271404191028736,3,36,6,2,-46.26797728340786,3.1858127353089145
2013-10-10 23:30:00,34,-19.0,-19.99854434541217,9.598949925993162,-23.0,-35.78881697367092,-4.208271717153419,-38.81248620035877,-1.184602490465572,3,36,6,2,-44.72543935477056,4.728350663946216
2013-10-11 00:30:00,34,-23.0,-17.9050276084289,9.598949925993162,-19.0,-33.69530023668765,-2.114754980170148,-36.7189694633755,0.9089142465176998,3,36,6,2,-42.63192261778728,6.821867400929488
2013-10-11 01:30:00,34,-26.0,-19.77285317168448,9.598949925993162,-19.0,-35.56312579994323,-3.982580543425726,-38.58679502663108,-0.9589113167378792,3,36,6,2,-44.49974818104287,4.9540418376739055
2013-10-11 02:30:00,34,-25.0,-22.71363899494149,9.598949925993162,-23.0,-38.50391162320024,-6.923366366682739,-41.52758084988809,-3.899697139994892,3,36,6,2,-47.44053400429988,2.0132560144168963
2013-10-11 03:30:00,34,-24.0,-26.651951669977933,9.598949925993162,-26.0,-42.44222429823668,-10.861679041719182,-45.46589352492453,-7.838009815031334,3,36,6,2,-51.37884667933632,-1.9250566606195463
2013-10-11 04:30:00,34,-26.0,-24.71885907111445,9.598949925993162,-25.0,-40.5091316993732,-8.9285864428557,-43.53280092606105,-5.904917216167853,3,36,6,2,-49.44575408047284,0.008035938243935448
2013-10-11 05:30:00,34,-24.0,-23.01212717863877,9.598949925993162,-24.0,-38.802399806897526,-7.221854550380023,-41.82606903358537,-4.198185323692176,3,36,6,2,-47.73902218799716,1.714767830719616
2013-10-11 06:30:00,34,-22.0,-22.52638032650208,9.598949925993162,-26.0,-38.316652954760826,-6.736107698243327,-41.34032218144868,-3.71243847155548,3,36,6,2,-47.253275335860465,2.2005146828563085
2013-10-11 07:30:00,34,-25.0,-24.75289213596041,9.598949925993162,-24.0,-40.54316476421916,-8.962619507701657,-43.56683399090701,-5.93895028101381,3,36,6,2,-49.479787145318795,-0.02599712660202158
2013-10-11 08:30:00,34,-25.0,-22.65550275433152,9.598949925993162,-22.0,-38.44577538259027,-6.86523012607277,-41.46944460927812,-3.8415608993849233,3,36,6,2,-47.38239776368991,2.0713922550268684
2013-10-11 09:30:00,34,-24.0,-22.026438414263467,9.598949925993162,-25.0,-37.816711042522215,-6.236165786004715,-40.84038026921007,-3.212496559316868,3,36,6,2,-46.753333423621854,2.70045659509492
2013-10-11 10:30:00,34,-24.0,-23.067571982629502,9.598949925993162,-25.0,-38.85784461088826,-7.277299354370754,-41.88151383757611,-4.253630127682907,3,36,6,2,-47.79446699198789,1.6593230267288845
2013-10-11 11:30:00,34,-21.0,-23.515358086907817,9.598949925993162,-24.0,-39.30563071516657,-7.725085458649065,-42.329299941854416,-4.701416231961218,3,36,6,2,-48.242253096266204,1.2115369224505699
2013-10-11 12:30:00,34,-19.0,-21.692859945223503,9.598949925993162,-24.0,-37.48313257348225,-5.902587316964752,-40.5068018001701,-2.8789180902769047,3,36,6,2,-46.41975495458189,3.0340350641348834
2013-10-11 13:30:00,34,-14.0,-21.41464886357039,9.598949925993162,-21.0,-37.20492149182914,-5.62437623531164,-40.22859071851699,-2.600707008623793,3,36,6,2,-46.14154387292878,3.312246145787995
2013-10-11 14:30:00,34,-12.0,-17.01562332585947,9.598949925993162,-19.0,-32.80589595411822,-1.2253506976007174,-35.82956518080607,1.7983185290871295,3,36,6,2,-41.74251833521785,7.711271683498918
2013-10-11 15:30:00,34,-12.0,-13.859300000327291,9.598949925993162,-14.0,-29.649572628586043,1.9309726279314603,-32.673241855273886,4.954641854619307,3,36,6,2,-38.58619500968568,10.867595009031096
2013-10-11 16:30:00,34,-10.0,-16.15642845368502,9.598949925993162,-12.0,-31.94670108194377,-0.3661558254262687,-34.970370308631615,2.6575134012615784,3,36,6,2,-40.88332346304341,8.570466555673367
2013-10-11 17:30:00,34,-9.0,-14.878851271093133,9.598949925993162,-12.0,-30.669123899351884,0.9114213571656188,-33.69279312603973,3.9350905838534658,3,36,6,2,-39.60574628045152,9.848043738265254
2013-10-11 18:30:00,34,-6.0,-12.524741778011444,9.598949925993162,-10.0,-28.3150144062702,3.265530850247309,-31.33868363295804,6.289200076935156,3,36,6,2,-37.25163678736983,12.202153231346943
2013-10-11 19:30:00,34,-9.0,-11.161057977754922,9.598949925993162,-9.0,-26.95133060601368,4.62921465050383,-29.97499983270152,7.652883877191677,3,36,6,2,-35.88795298711331,13.565837031603465
2013-10-11 20:30:00,34,-11.0,-8.72759041752488,9.598949925993162,-6.0,-24.51786304578363,7.062682210733872,-27.54153227247148,10.08635143742172,3,36,6,2,-33.45448542688327,15.999304591833507
2013-10-11 21:30:00,34,-10.0,-12.13220330731086,9.598949925993162,-9.0,-27.92247593556961,3.658069320947892,-30.94614516225746,6.681738547635739,3,36,6,2,-36.85909831666925,12.594691702047527
2013-10-11 22:30:00,34,-11.0,-12.24423964873728,9.598949925993162,-11.0,-28.03451227699604,3.5460329795214705,-31.05818150368388,6.5697022062093176,3,36,6,2,-36.971134658095664,12.482655360621107
2013-10-11 23:30:00,34,-12.0,-9.562180115644534,9.598949925993162,-10.0,-25.352452743903285,6.228092512614218,-28.37612197059113,9.251761739302063,3,36,6,2,-34.289075125002924,15.164714893713853
2013-10-12 00:30:00,34,-13.0,-11.719476037879907,9.598949925993162,-11.0,-27.50974866613866,4.070796590378844,-30.533417892826503,7.094465817066691,3,36,6,2,-36.446371047238294,13.00741897147848
2013-10-12 01:30:00,34,-14.0,-10.807421350503637,9.598949925993162,-12.0,-26.597693978762383,4.982851277755117,-29.62136320545024,8.006520504442964,3,36,6,2,-35.534316359862025,13.91947365885475
2013-10-12 02:30:00,34,-15.0,-12.10457041826373,9.598949925993162,-13.0,-27.89484304652248,3.685702209995021,-30.91851227321033,6.7093714366828685,3,36,6,2,-36.83146542762212,12.622324591094657
2013-10-12 03:30:00,34,-15.0,-11.98066514375508,9.598949925993162,-14.0,-27.77093777201383,3.809607484503673,-30.79460699870168,6.83327671119152,3,36,6,2,-36.70756015311347,12.746229865603306
2013-10-12 04:30:00,34,-15.0,-13.179758824895565,9.598949925993162,-15.0,-28.97003145315432,2.6105138033631867,-31.993700679842163,5.634183030051034,3,36,6,2,-37.90665383425395,11.547136184462822
