time,event_no,DST_true,DST_pred,sigma_nT,DST_persist,fold,L_value,L_idx,H,DST_p005,DST_p995
2003-10-21 23:30:00,19,-46.0,-49.10558888950537,19.68492246492282,,5,42,7,6,-99.81394915914656,1.6027713801358203
2003-10-22 00:30:00,19,-46.0,-49.07713367455195,19.68492246492282,,5,42,7,6,-99.78549394419315,1.6312265950892382
2003-10-22 01:30:00,19,-47.0,-45.83567057273911,19.68492246492282,,5,42,7,6,-96.5440308423803,4.8726896969020785
2003-10-22 02:30:00,19,-49.0,-49.53036927448514,19.68492246492282,,5,42,7,6,-100.23872954412633,1.1779909951560512
2003-10-22 03:30:00,19,-56.0,-56.588373183623446,19.68492246492282,,5,42,7,6,-107.29673345326464,-5.880012913982256
2003-10-22 04:30:00,19,-51.0,-52.47868796971632,19.68492246492282,,5,42,7,6,-103.18704823935751,-1.7703277000751285
2003-10-22 05:30:00,19,-51.0,-45.22814165681392,19.68492246492282,-46.0,5,42,7,6,-95.93650192645511,5.480218612827272
2003-10-22 06:30:00,19,-61.0,-44.6224698819454,19.68492246492282,-46.0,5,42,7,6,-95.33083015158658,6.085890387695791
2003-10-22 07:30:00,19,-50.0,-44.400869830072985,19.68492246492282,-47.0,5,42,7,6,-95.10923009971418,6.307490439568205
2003-10-22 08:30:00,19,-51.0,-46.2315428343864,19.68492246492282,-49.0,5,42,7,6,-96.9399031040276,4.476817435254787
2003-10-22 09:30:00,19,-48.0,-52.59846598328119,19.68492246492282,-56.0,5,42,7,6,-103.30682625292238,-1.890105713639997
2003-10-22 10:30:00,19,-36.0,-52.44565816343195,19.68492246492282,-51.0,5,42,7,6,-103.15401843307313,-1.7372978937907604
2003-10-22 11:30:00,19,-22.0,-54.224533835065145,19.68492246492282,-51.0,5,42,7,6,-104.93289410470634,-3.516173565423955
2003-10-22 12:30:00,19,-24.0,-59.69105128913161,19.68492246492282,-61.0,5,42,7,6,-110.3994115587728,-8.982691019490417
2003-10-22 13:30:00,19,-24.0,-52.22690558337804,19.68492246492282,-50.0,5,42,7,6,-102.93526585301923,-1.5185453137368512
2003-10-22 14:30:00,19,-15.0,-48.623801641973465,19.68492246492282,-51.0,5,42,7,6,-99.33216191161466,2.0845586276677253
2003-10-22 15:30:00,19,-20.0,-45.83958205419451,19.68492246492282,-48.0,5,42,7,6,-96.5479423238357,4.868778215446682
2003-10-22 16:30:00,19,-33.0,-41.69994854460113,19.68492246492282,-36.0,5,42,7,6,-92.40830881424232,9.008411725040062
2003-10-22 17:30:00,19,-33.0,-36.9768418654724,19.68492246492282,-22.0,5,42,7,6,-87.6852021351136,13.731518404168789
2003-10-22 18:30:00,19,-34.0,-35.11910162619015,19.68492246492282,-24.0,5,42,7,6,-85.82746189583133,15.58925864345104
2003-10-22 19:30:00,19,-32.0,-33.26309311135004,19.68492246492282,-24.0,5,42,7,6,-83.97145338099122,17.445267158291152
2003-10-22 20:30:00,19,-30.0,-31.553051522424568,19.68492246492282,-15.0,5,42,7,6,-82.26141179206576,19.155308747216623
2003-10-22 21:30:00,19,-28.0,-28.000042698368976,0.0865345357833512,-20.0,5,42,7,6,-28.222955662546887,-27.777129734191064
2003-10-22 22:30:00,19,-24.0,-24.00011879810923,0.0865345357833512,-33.0,5,42,7,6,-24.223031762287142,-23.77720583393132
2003-10-22 23:30:00,19,-24.0,-24.000066578217783,0.0865345357833512,-33.0,5,42,7,6,-24.222979542395695,-23.77715361403987
2003-10-23 00:30:00,19,-16.0,-16.00009998957533,0.0865345357833512,-34.0,5,42,7,6,-16.22301295375324,-15.777187025397415
2003-10-23 01:30:00,19,-13.0,-13.00011352000462,0.0865345357833512,-32.0,5,42,7,6,-13.223026484182533,-12.777200555826706
2003-10-23 02:30:00,19,-20.0,-20.000040021349463,0.0865345357833512,-30.0,5,42,7,6,-20.222952985527375,-19.77712705717155
2003-10-23 03:30:00,19,-18.0,-18.000052803030343,0.0865345357833512,-28.0,5,42,7,6,-18.222965767208255,-17.77713983885243
2003-10-23 04:30:00,19,-17.0,-17.00005604484675,0.0865345357833512,-24.0,5,42,7,6,-17.222969009024663,-16.77714308066884
2003-10-23 05:30:00,19,-18.0,-18.00004593758279,0.0865345357833512,-24.0,5,42,7,6,-18.222958901760702,-17.77713297340488
2003-10-23 06:30:00,19,-19.0,-19.00002744410429,0.0865345357833512,-16.0,5,42,7,6,-19.222940408282202,-18.77711447992638
2003-10-23 07:30:00,19,-21.0,-20.999998821708623,0.0865345357833512,-13.0,5,42,7,6,-21.222911785886534,-20.77708585753071
2003-10-23 08:30:00,19,-18.0,-18.0000232300483,0.0865345357833512,-20.0,5,42,7,6,-18.22293619422621,-17.777110265870387
2003-10-23 09:30:00,19,-19.0,-19.000009101149253,0.0865345357833512,-18.0,5,42,7,6,-19.222922065327165,-18.77709613697134
2003-10-23 10:30:00,19,-18.0,-18.000015619441697,0.0865345357833512,-17.0,5,42,7,6,-18.22292858361961,-17.777102655263786
2003-10-23 11:30:00,19,-17.0,-17.00002541972282,0.0865345357833512,-18.0,5,42,7,6,-17.222938383900733,-16.77711245554491
2003-10-23 12:30:00,19,-19.0,-19.000008323297024,0.0865345357833512,-19.0,5,42,7,6,-19.222921287474936,-18.777095359119112
2003-10-23 13:30:00,19,-15.0,-15.00004647758418,0.0865345357833512,-21.0,5,42,7,6,-15.222959441762093,-14.777133513406266
2003-10-23 14:30:00,19,-14.0,-14.000051483435604,0.0865345357833512,-18.0,5,42,7,6,-14.222964447613517,-13.77713851925769
2003-10-23 15:30:00,19,-14.0,-14.000046784964884,0.0865345357833512,-19.0,5,42,7,6,-14.222959749142797,-13.77713382078697
2003-10-23 16:30:00,19,-12.0,-12.000058349728532,0.0865345357833512,-18.0,5,42,7,6,-12.222971313906445,-11.777145385550618
2003-10-23 17:30:00,19,-11.0,-11.000061124222013,0.0865345357833512,-17.0,5,42,7,6,-11.222974088399926,-10.7771481600441
2003-10-23 18:30:00,19,-12.0,-12.000049650683138,0.0865345357833512,-19.0,5,42,7,6,-12.222962614861052,-11.777136686505225
2003-10-23 19:30:00,19,-11.0,-11.0000537787887,0.0865345357833512,-15.0,5,42,7,6,-11.222966742966614,-10.777140814610787
2003-10-23 20:30:00,19,-11.0,-11.00004805630391,0.0865345357833512,-14.0,5,42,7,6,-11.222961020481824,-10.777135092125997
2003-10-23 21:30:00,19,-9.0,-9.000064979012063,0.0865345357833512,-14.0,5,42,7,6,-9.222977943189976,-8.777152014834149
2003-10-23 22:30:00,19,-10.0,-10.000049027857418,0.0865345357833512,-12.0,5,42,7,6,-10.222961992035332,-9.777136063679505
2003-10-23 23:30:00,19,-10.0,-10.000042294084675,0.0865345357833512,-11.0,5,42,7,6,-10.222955258262589,-9.777129329906762
2003-10-24 00:30:00,19,-10.0,-10.000036765925383,0.0865345357833512,-12.0,5,42,7,6,-10.222949730103297,-9.77712380174747
2003-10-24 01:30:00,19,-8.0,-8.000048839674204,0.0865345357833512,-11.0,5,42,7,6,-8.222961803852117,-7.777135875496291
2003-10-24 02:30:00,19,-8.0,-8.00004446920472,0.0865345357833512,-11.0,5,42,7,6,-8.222957433382634,-7.777131505026808
2003-10-24 03:30:00,19,-7.0,-7.000049377067008,0.0865345357833512,-9.0,5,42,7,6,-7.22296234124492,-6.777136412889095
2003-10-24 04:30:00,19,-7.0,-7.000046698408511,0.0865345357833512,-10.0,5,42,7,6,-7.222959662586423,-6.777133734230598
2003-10-24 05:30:00,19,-9.0,-9.000027396900908,0.0865345357833512,-10.0,5,42,7,6,-9.222940361078821,-8.777114432722994
2003-10-24 06:30:00,19,-12.0,-11.999999189967312,0.0865345357833512,-10.0,5,42,7,6,-12.222912154145225,-11.777086225789398
2003-10-24 07:30:00,19,-13.0,-12.999988501401784,0.0865345357833512,-8.0,5,42,7,6,-13.222901465579698,-12.77707553722387
2003-10-24 08:30:00,19,-15.0,-14.999968332234308,0.0865345357833512,-8.0,5,42,7,6,-15.222881296412222,-14.777055368056395
2003-10-24 09:30:00,19,-15.0,-14.99997633819629,0.0865345357833512,-7.0,5,42,7,6,-15.222889302374204,-14.777063374018377
2003-10-24 10:30:00,19,-20.0,-19.999940374822884,0.0865345357833512,-7.0,5,42,7,6,-20.222853339000796,-19.777027410644973
2003-10-24 11:30:00,19,-24.0,-23.999915505856286,0.0865345357833512,-9.0,5,42,7,6,-24.222828470034198,-23.777002541678375
2003-10-24 12:30:00,19,-37.0,-36.99979629244234,0.0865345357833512,-12.0,5,42,7,6,-37.222709256620256,-36.776883328264425
2003-10-24 13:30:00,19,-43.0,-42.99974031067749,0.0865345357833512,-13.0,5,42,7,6,-43.2226532748554,-42.77682734649957
2003-10-24 14:30:00,19,-44.0,-43.99973041430693,0.0865345357833512,-15.0,5,42,7,6,-44.22264337848485,-43.776817450129016
2003-10-24 15:30:00,19,-30.0,-29.999918049285856,0.0865345357833512,-15.0,5,42,7,6,-30.222831013463768,-29.777005085107945
2003-10-24 16:30:00,19,-26.0,-26.00001984121446,0.0865345357833512,-20.0,5,42,7,6,-26.22293280539237,-25.777106877036548
2003-10-24 17:30:00,19,-9.0,-9.000270667726284,0.0865345357833512,-24.0,5,42,7,6,-9.223183631904197,-8.77735770354837
2003-10-24 18:30:00,19,5.0,4.999491239845966,0.0865345357833512,-37.0,5,42,7,6,4.7765782756680535,5.222404204023879
2003-10-24 19:30:00,19,-26.0,-26.00025099744133,0.0865345357833512,-43.0,5,42,7,6,-26.223163961619242,-25.77733803326342
2003-10-24 20:30:00,19,-34.0,-34.00014301981462,0.0865345357833512,-44.0,5,42,7,6,-34.22305598399254,-33.77723005563671
2003-10-24 21:30:00,19,-22.0,-22.00017100939271,0.0865345357833512,-30.0,5,42,7,6,-22.22308397357062,-21.777258045214797
2003-10-24 22:30:00,19,-18.0,-18.000106421293005,0.0865345357833512,-26.0,5,42,7,6,-18.223019385470916,-17.777193457115093
2003-10-24 23:30:00,19,-36.0,-35.99989190434086,0.0865345357833512,-9.0,5,42,7,6,-36.22280486851878,-35.77697894016295
2003-10-25 00:30:00,19,-29.0,-28.99995659372531,0.0865345357833512,5.0,5,42,7,6,-29.222869557903223,-28.7770436295474
2003-10-25 01:30:00,19,-19.0,-19.00006283084987,0.0865345357833512,-26.0,5,42,7,6,-19.222975795027782,-18.77714986667196
2003-10-25 02:30:00,19,0.0,-0.0002516809180193,0.0865345357833512,-34.0,5,42,7,6,-0.223164645095932,0.2226612832598934
2003-10-25 03:30:00,19,-3.0,-3.00021469690596,0.0865345357833512,-22.0,5,42,7,6,-3.223127661083873,-2.7773017327280476
2003-10-25 04:30:00,19,-11.0,-11.00011795529874,0.0865345357833512,-18.0,5,42,7,6,-11.223030919476653,-10.777204991120826
2003-10-25 05:30:00,19,-10.0,-10.000129923536775,0.0865345357833512,-36.0,5,42,7,6,-10.223042887714689,-9.777216959358862
2003-10-25 06:30:00,19,-13.0,-13.000104078032075,0.0865345357833512,-29.0,5,42,7,6,-13.223017042209989,-12.777191113854162
2003-10-25 07:30:00,19,-19.0,-19.000044747445035,0.0865345357833512,-19.0,5,42,7,6,-19.222957711622946,-18.777131783267123
2003-10-25 08:30:00,19,-20.0,-20.00002975320044,0.0865345357833512,0.0,5,42,7,6,-20.222942717378352,-19.77711678902253
2003-10-25 09:30:00,19,-18.0,-18.000058866697877,0.0865345357833512,-3.0,5,42,7,6,-18.22297183087579,-17.777145902519965
2003-10-25 10:30:00,19,-21.0,-21.00004135140821,0.0865345357833512,-11.0,5,42,7,6,-21.222954315586122,-20.7771283872303
2003-10-25 11:30:00,19,-20.0,-20.00006078818787,0.0865345357833512,-10.0,5,42,7,6,-20.22297375236578,-19.77714782400996
2003-10-25 12:30:00,19,-26.0,-26.00000196102301,0.0865345357833512,-13.0,5,42,7,6,-26.22291492520092,-25.777088996845098
2003-10-25 13:30:00,19,-27.0,-27.000002020398888,0.0865345357833512,-19.0,5,42,7,6,-27.2229149845768,-26.777089056220976
2003-10-25 14:30:00,19,-41.0,-40.99987133082392,0.0865345357833512,-20.0,5,42,7,6,-41.22278429500184,-40.77695836664601
2003-10-25 15:30:00,19,-49.0,-48.99979172271448,0.0865345357833512,-18.0,5,42,7,6,-49.22270468689239,-48.77687875853656
2003-10-25 16:30:00,19,-43.0,-42.99986961881597,0.0865345357833512,-21.0,5,42,7,6,-43.22278258299389,-42.776956654638056
2003-10-25 17:30:00,19,-30.0,-29.999999635970298,0.0865345357833512,-20.0,5,42,7,6,-30.22291260014821,-29.777086671792386
2003-10-25 18:30:00,19,-33.0,-33.000031155728564,0.0865345357833512,-26.0,5,42,7,6,-33.22294411990648,-32.77711819155065
2003-10-25 19:30:00,19,-38.0,-38.00009001570143,0.0865345357833512,-27.0,5,42,7,6,-38.22300297987935,-37.777177051523516
2003-10-25 20:30:00,19,-41.0,-41.00019746825247,0.0865345357833512,-41.0,5,42,7,6,-41.22311043243039,-40.77728450407456
2003-10-25 21:30:00,19,-39.0,-39.00016828538776,0.0865345357833512,-49.0,5,42,7,6,-39.22308124956567,-38.77725532120984
2003-10-25 22:30:00,19,-33.0,-33.00012603166951,0.0865345357833512,-43.0,5,42,7,6,-33.223038995847425,-32.777213067491594
2003-10-25 23:30:00,19,-32.0,-32.00005483354907,0.0865345357833512,-30.0,5,42,7,6,-32.22296779772699,-31.77714186937116
2003-10-26 00:30:00,19,-31.0,-31.000029578692125,0.0865345357833512,-33.0,5,42,7,6,-31.222942542870037,-30.777116614514213
2003-10-26 01:30:00,19,-33.0,-33.00000396745988,0.0865345357833512,-38.0,5,42,7,6,-33.2229169316378,-32.77709100328197
2003-10-26 02:30:00,19,-32.0,-32.00001361729925,0.0865345357833512,-41.0,5,42,7,6,-32.22292658147717,-31.77710065312134
2003-10-26 03:30:00,19,-29.0,-29.000033027361123,0.0865345357833512,-39.0,5,42,7,6,-29.222945991539035,-28.77712006318321
2003-10-26 04:30:00,19,-27.0,-27.00003280028413,0.0865345357833512,-33.0,5,42,7,6,-27.222945764462043,-26.77711983610622
2003-10-26 05:30:00,19,-25.0,-25.00003350902557,0.0865345357833512,-32.0,5,42,7,6,-25.222946473203482,-24.77712054484766
2003-10-26 06:30:00,19,-24.0,-24.0000379873806,0.0865345357833512,-31.0,5,42,7,6,-24.222950951558513,-23.77712502320269
2003-10-26 07:30:00,19,-24.0,-24.000044049165624,0.0865345357833512,-33.0,5,42,7,6,-24.222957013343535,-23.77713108498771
2003-10-26 08:30:00,19,-19.0,-19.000068131026,0.0865345357833512,-32.0,5,42,7,6,-19.222981095203913,-18.77715516684809
2003-10-26 09:30:00,19,-11.0,-11.000121684205446,0.0865345357833512,-29.0,5,42,7,6,-11.22303464838336,-10.777208720027533
2003-10-26 10:30:00,19,-4.0,-4.000170942437308,0.0865345357833512,-27.0,5,42,7,6,-4.223083906615221,-3.777257978259396
2003-10-26 11:30:00,19,-4.0,-4.0001658560951725,0.0865345357833512,-25.0,5,42,7,6,-4.223078820273085,-3.77725289191726
2003-10-26 12:30:00,19,-4.0,-4.000165151468686,0.0865345357833512,-24.0,5,42,7,6,-4.223078115646598,-3.777252187290773
2003-10-26 13:30:00,19,-4.0,-4.00015580906841,0.0865345357833512,-24.0,5,42,7,6,-4.223068773246323,-3.7772428448904973
2003-10-26 14:30:00,19,-6.0,-6.000123660291152,0.0865345357833512,-19.0,5,42,7,6,-6.2230366244690645,-5.777210696113239
2003-10-26 15:30:00,19,-6.0,-6.00011384195269,0.0865345357833512,-11.0,5,42,7,6,-6.223026806130602,-5.777200877774777
2003-10-26 16:30:00,19,-5.0,-5.000118874275962,0.0865345357833512,-4.0,5,42,7,6,-5.223031838453875,-4.77720591009805
2003-10-26 17:30:00,19,-5.0,-5.000124242556577,0.0865345357833512,-4.0,5,42,7,6,-5.22303720673449,-4.777211278378664
2003-10-26 18:30:00,19,-7.0,-7.000121459885939,0.0865345357833512,-4.0,5,42,7,6,-7.223034424063852,-6.7772084957080265
2003-10-26 19:30:00,19,-8.0,-8.000117287736977,0.0865345357833512,-4.0,5,42,7,6,-8.22303025191489,-7.777204323559064
2003-10-26 20:30:00,19,-15.0,-15.00006406126025,0.0865345357833512,-6.0,5,42,7,6,-15.222977025438164,-14.777151097082337
2003-10-26 21:30:00,19,-18.0,-18.000046691644073,0.0865345357833512,-6.0,5,42,7,6,-18.222959655821985,-17.77713372746616
2003-10-26 22:30:00,19,-29.0,-28.99993087170411,0.0865345357833512,-5.0,5,42,7,6,-29.22284383588202,-28.777017907526197
2003-10-26 23:30:00,19,-33.0,-32.99988274532633,0.0865345357833512,-5.0,5,42,7,6,-33.22279570950425,-32.776969781148416
2003-10-27 00:30:00,19,-43.0,-42.999794701936125,0.0865345357833512,-7.0,5,42,7,6,-43.22270766611404,-42.77688173775821
2003-10-27 01:30:00,19,-49.0,-48.99977390415605,0.0865345357833512,-8.0,5,42,7,6,-49.222686868333966,-48.776860939978135
2003-10-27 02:30:00,19,-47.0,-46.99993013240177,0.0865345357833512,-15.0,5,42,7,6,-47.22284309657969,-46.77701716822386
2003-10-27 03:30:00,19,-49.0,-48.99999449713732,0.0865345357833512,-18.0,5,42,7,6,-49.22290746131524,-48.77708153295941
2003-10-27 04:30:00,19,-52.0,-52.00001367245162,0.0865345357833512,-29.0,5,42,7,6,-52.22292663662954,-51.77710070827371
2003-10-27 05:30:00,19,-52.0,-51.99999391174553,0.0865345357833512,-33.0,5,42,7,6,-52.22290687592344,-51.77708094756761
2003-10-27 06:30:00,19,-50.0,-50.00001737535287,0.0865345357833512,-43.0,5,42,7,6,-50.222930339530784,-49.77710441117495
2003-10-27 07:30:00,19,-46.0,-46.0000510816088,0.0865345357833512,-49.0,5,42,7,6,-46.22296404578672,-45.77713811743089
2003-10-27 08:30:00,19,-48.0,-48.00000657247837,0.0865345357833512,-47.0,5,42,7,6,-48.222919536656285,-47.777093608300454
2003-10-27 09:30:00,19,-51.0,-50.99997622160555,0.0865345357833512,-49.0,5,42,7,6,-51.222889185783465,-50.777063257427635
2003-10-27 10:30:00,19,-49.0,-49.00000698764829,0.0865345357833512,-52.0,5,42,7,6,-49.222919951826206,-48.777094023470376
2003-10-27 11:30:00,19,-41.0,-41.00008659765364,0.0865345357833512,-52.0,5,42,7,6,-41.22299956183156,-40.777173633475726
2003-10-27 12:30:00,19,-36.0,-36.00010899967916,0.0865345357833512,-50.0,5,42,7,6,-36.22302196385708,-35.77719603550125
2003-10-27 13:30:00,19,-35.0,-35.000086596799264,0.0865345357833512,-46.0,5,42,7,6,-35.22299956097718,-34.77717363262135
2003-10-27 14:30:00,19,-34.0,-34.00010845242469,0.0865345357833512,-48.0,5,42,7,6,-34.223021416602606,-33.777195488246775
2003-10-27 15:30:00,19,-34.0,-34.00008878486541,0.0865345357833512,-51.0,5,42,7,6,-34.22300174904333,-33.777175820687496
2003-10-27 16:30:00,19,-30.0,-30.00005533849077,0.0865345357833512,-49.0,5,42,7,6,-30.222968302668683,-29.77714237431286
2003-10-27 17:30:00,19,-30.0,-30.00001668154464,0.0865345357833512,-41.0,5,42,7,6,-30.22292964572255,-29.777103717366728
2003-10-27 18:30:00,19,-30.0,-29.99999717033245,0.0865345357833512,-36.0,5,42,7,6,-30.22291013451036,-29.777084206154537
2003-10-27 19:30:00,19,-27.0,-27.000015944783,0.0865345357833512,-35.0,5,42,7,6,-27.222928908960913,-26.77710298060509
2003-10-27 20:30:00,19,-27.0,-27.00002097112973,0.0865345357833512,-34.0,5,42,7,6,-27.22293393530764,-26.777108006951817
2003-10-27 21:30:00,19,-27.0,-27.00003855598716,0.0865345357833512,-34.0,5,42,7,6,-27.222951520165072,-26.77712559180925
2003-10-27 22:30:00,19,-25.0,-25.000083672220512,0.0865345357833512,-30.0,5,42,7,6,-25.222996636398424,-24.7771707080426
2003-10-27 23:30:00,19,-24.0,-24.000098140540963,0.0865345357833512,-30.0,5,42,7,6,-24.223011104718875,-23.77718517636305
2003-10-28 00:30:00,19,-24.0,-24.000042608214702,0.0865345357833512,-30.0,5,42,7,6,-24.222955572392614,-23.77712964403679
2003-10-28 01:30:00,19,-24.0,-24.000023669283784,0.0865345357833512,-27.0,5,42,7,6,-24.222936633461696,-23.777110705105873
2003-10-28 02:30:00,19,-14.0,-14.000125837080503,0.0865345357833512,-27.0,5,42,7,6,-14.223038801258417,-13.77721287290259
2003-10-28 03:30:00,19,-18.0,-18.000084760662688,0.0865345357833512,-27.0,5,42,7,6,-18.2229977248406,-17.777171796484776
2003-10-28 04:30:00,19,-4.0,-4.000214624418067,0.0865345357833512,-25.0,5,42,7,6,-4.22312758859598,-3.7773016602401546
2003-10-28 05:30:00,19,-1.0,-1.0002470757449409,0.0865345357833512,-24.0,5,42,7,6,-1.2231600399228535,-0.7773341115670281
2003-10-28 06:30:00,19,-1.0,-1.000247262393966,0.0865345357833512,-24.0,5,42,7,6,-1.2231602265718786,-0.7773342982160533
2003-10-28 07:30:00,19,-5.0,-5.000211766811372,0.0865345357833512,-24.0,5,42,7,6,-5.2231247309892845,-4.777298802633459
2003-10-28 08:30:00,19,-14.0,-14.000138968384046,0.0865345357833512,-14.0,5,42,7,6,-14.22305193256196,-13.777226004206133
2003-10-28 09:30:00,19,-32.0,-31.99999722926915,0.0865345357833512,-18.0,5,42,7,6,-32.22291019344706,-31.77708426509124
2003-10-28 10:30:00,19,-32.0,-31.999962334988,0.0865345357833512,-4.0,5,42,7,6,-32.22287529916591,-31.777049370810087
2003-10-28 11:30:00,19,-24.0,-24.00006222077452,0.0865345357833512,-1.0,5,42,7,6,-24.222975184952432,-23.77714925659661
2003-10-28 12:30:00,19,-20.0,-20.000119880023806,0.0865345357833512,-1.0,5,42,7,6,-20.223032844201718,-19.777206915845895
2003-10-28 13:30:00,19,-16.0,-16.000231418073216,0.0865345357833512,-5.0,5,42,7,6,-16.223144382251128,-15.777318453895303
2003-10-28 14:30:00,19,-8.0,-8.000369592565946,0.0865345357833512,-14.0,5,42,7,6,-8.22328255674386,-7.777456628388033
2003-10-28 15:30:00,19,-4.0,-4.000368185464318,0.0865345357833512,-32.0,5,42,7,6,-4.22328114964223,-3.777455221286405
2003-10-28 16:30:00,19,-4.0,-4.000320635205984,0.0865345357833512,-32.0,5,42,7,6,-4.223233599383897,-3.7774076710280715
2003-10-28 17:30:00,19,-9.0,-9.00021934999139,0.0865345357833512,-24.0,5,42,7,6,-9.223132314169304,-8.777306385813477
2003-10-28 18:30:00,19,-16.0,-16.000150712774236,0.0865345357833512,-20.0,5,42,7,6,-16.223063676952147,-15.777237748596322
2003-10-28 19:30:00,19,-18.0,-18.000143595025826,0.0865345357833512,-16.0,5,42,7,6,-18.223056559203737,-17.777230630847914
2003-10-28 20:30:00,19,-19.0,-19.00009547657882,0.0865345357833512,-8.0,5,42,7,6,-19.223008440756733,-18.77718251240091
2003-10-28 21:30:00,19,-22.0,-21.99997673453163,0.0865345357833512,-4.0,5,42,7,6,-22.22288969870954,-21.777063770353717
2003-10-28 22:30:00,19,-14.0,-14.000019004725146,0.0865345357833512,-4.0,5,42,7,6,-14.22293196890306,-13.777106040547233
2003-10-28 23:30:00,19,-20.0,-19.99995016089395,0.0865345357833512,-9.0,5,42,7,6,-20.22286312507186,-19.777037196716037
2003-10-29 00:30:00,19,-34.0,-33.9998247107623,0.0865345357833512,-16.0,5,42,7,6,-34.22273767494021,-33.77691174658438
2003-10-29 01:30:00,19,-42.0,-41.99975957086647,0.0865345357833512,-18.0,5,42,7,6,-42.22267253504439,-41.77684660668856
2003-10-29 02:30:00,19,-32.0,-31.999866459115992,0.0865345357833512,-19.0,5,42,7,6,-32.22277942329391,-31.77695349493808
2003-10-29 03:30:00,19,-25.0,-24.999945898855422,0.0865345357833512,-22.0,5,42,7,6,-25.222858863033334,-24.77703293467751
2003-10-29 04:30:00,19,-28.0,-27.9999228109949,0.0865345357833512,-14.0,5,42,7,6,-28.22283577517281,-27.777009846816988
2003-10-29 05:30:00,19,-30.0,-29.99991657521393,0.0865345357833512,-20.0,5,42,7,6,-30.222829539391842,-29.77700361103602
2003-10-29 06:30:00,19,-10.0,-10.000138683500836,0.0865345357833512,-34.0,5,42,7,6,-10.22305164767875,-9.777225719322923
2003-10-29 07:30:00,19,-105.0,-104.99925347019769,0.0865345357833512,-42.0,5,42,7,6,-105.2221664343756,-104.77634050601978
2003-10-29 08:30:00,19,-130.0,-129.99899967857897,0.0865345357833512,-32.0,5,42,7,6,-130.22191264275688,-129.77608671440106
2003-10-29 09:30:00,19,-151.0,-150.99878914721089,0.0865345357833512,-25.0,5,42,7,6,-151.2217021113888,-150.77587618303298
2003-10-29 10:30:00,19,-151.0,-150.99880175243285,0.0865345357833512,-28.0,5,42,7,6,-151.22171471661076,-150.77588878825495
2003-10-29 11:30:00,19,-147.0,-146.99884600450468,0.0865345357833512,-30.0,5,42,7,6,-147.2217589686826,-146.77593304032678
2003-10-29 12:30:00,19,-111.0,-110.99918734109256,0.0865345357833512,-10.0,5,42,7,6,-111.22210030527047,-110.77627437691466
2003-10-29 13:30:00,19,-79.0,-78.99966590845587,0.0865345357833512,-105.0,5,42,7,6,-79.22257887263378,-78.77675294427796
2003-10-29 14:30:00,19,-99.0,-98.99974031016106,0.0865345357833512,-130.0,5,42,7,6,-99.22265327433897,-98.77682734598315
2003-10-29 15:30:00,19,-107.0,-106.99994673136244,0.0865345357833512,-151.0,5,42,7,6,-107.22285969554035,-106.77703376718453
2003-10-29 16:30:00,19,-124.0,-123.9999953686144,0.0865345357833512,-151.0,5,42,7,6,-124.22290833279231,-123.7770824044365
2003-10-29 17:30:00,19,-126.0,-126.00028166399024,0.0865345357833512,-147.0,5,42,7,6,-126.22319462816814,-125.77736869981233
2003-10-29 18:30:00,19,-169.0,-169.0000667048702,0.0865345357833512,-111.0,5,42,7,6,-169.2229796690481,-168.77715374069228
2003-10-29 19:30:00,19,-213.0,-212.99976839772532,0.0865345357833512,-79.0,5,42,7,6,-213.22268136190323,-212.7768554335474
2003-10-29 20:30:00,19,-253.0,-252.9997746632807,0.0865345357833512,-99.0,5,42,7,6,-253.2226876274586,-252.7768616991028
2003-10-29 21:30:00,19,-268.0,-267.9999974230834,0.0865345357833512,-107.0,5,42,7,6,-268.2229103872613,-267.7770844589055
2003-10-29 22:30:00,19,-281.0,-281.0001996658366,0.0865345357833512,-124.0,5,42,7,6,-281.2231126300145,-280.7772867016587
2003-10-29 23:30:00,19,-350.0,-349.99970678779744,0.0865345357833512,-126.0,5,42,7,6,-350.22261975197534,-349.7767938236195
2003-10-30 00:30:00,19,-353.0,-353.000012465061,0.0865345357833512,-169.0,5,42,7,6,-353.2229254292389,-352.7770995008831
2003-10-30 01:30:00,19,-341.0,-341.000348274274,0.0865345357833512,-213.0,5,42,7,6,-341.2232612384519,-340.7774353100961
2003-10-30 02:30:00,19,-335.0,-335.0003506706682,0.0865345357833512,-253.0,5,42,7,6,-335.2232636348461,-334.7774377064903
2003-10-30 03:30:00,19,-303.0,-303.0004317030824,0.0865345357833512,-268.0,5,42,7,6,-303.22334466726033,-302.7775187389045
2003-10-30 04:30:00,19,-273.0,-273.0004646473191,0.0865345357833512,-281.0,5,42,7,6,-273.223377611497,-272.7775516831412
2003-10-30 05:30:00,19,-244.0,-244.0004849175919,0.0865345357833512,-350.0,5,42,7,6,-244.2233978817698,-243.777571953414
2003-10-30 06:30:00,19,-220.0,-220.00029583699416,0.0865345357833512,-353.0,5,42,7,6,-220.22320880117206,-219.77738287281625
2003-10-30 07:30:00,19,-203.0,-203.0002250097355,0.0865345357833512,-341.0,5,42,7,6,-203.2231379739134,-202.77731204555758
2003-10-30 08:30:00,19,-192.0,-192.0001430866811,0.0865345357833512,-335.0,5,42,7,6,-192.22305605085901,-191.7772301225032
2003-10-30 09:30:00,19,-178.0,-178.00007942887902,0.0865345357833512,-303.0,5,42,7,6,-178.22299239305693,-177.7771664647011
2003-10-30 10:30:00,19,-164.0,-164.00012446530363,0.0865345357833512,-273.0,5,42,7,6,-164.22303742948154,-163.77721150112572
2003-10-30 11:30:00,19,-155.0,-155.00016010996916,0.0865345357833512,-244.0,5,42,7,6,-155.22307307414707,-154.77724714579125
2003-10-30 12:30:00,19,-156.0,-156.0001220839184,0.0865345357833512,-220.0,5,42,7,6,-156.2230350480963,-155.7772091197405
2003-10-30 13:30:00,19,-148.0,-148.00018528830375,0.0865345357833512,-203.0,5,42,7,6,-148.22309825248166,-147.77727232412585
2003-10-30 14:30:00,19,-138.0,-138.00028585087765,0.0865345357833512,-192.0,5,42,7,6,-138.22319881505555,-137.77737288669974
2003-10-30 15:30:00,19,-129.0,-129.00041612453035,0.0865345357833512,-178.0,5,42,7,6,-129.22332908870825,-128.77750316035244
2003-10-30 16:30:00,19,-111.0,-111.00065008058512,0.0865345357833512,-164.0,5,42,7,6,-111.22356304476303,-110.77773711640721
2003-10-30 17:30:00,19,-97.0,-97.00088843162416,0.0865345357833512,-155.0,5,42,7,6,-97.22380139580207,-96.77797546744625
2003-10-30 18:30:00,19,-111.0,-111.00089670436662,0.0865345357833512,-156.0,5,42,7,6,-111.22380966854453,-110.77798374018872
2003-10-30 19:30:00,19,-142.0,-142.00069770001565,0.0865345357833512,-148.0,5,42,7,6,-142.22361066419356,-141.77778473583774
2003-10-30 20:30:00,19,-240.0,-239.99984951322145,0.0865345357833512,-138.0,5,42,7,6,-240.22276247739936,-239.77693654904354
2003-10-30 21:30:00,19,-316.0,-315.9991941777253,0.0865345357833512,-129.0,5,42,7,6,-316.2221071419032,-315.7762812135474
2003-10-30 22:30:00,19,-383.0,-382.998638763283,0.0865345357833512,-111.0,5,42,7,6,-383.2215517274609,-382.7757257991051
2003-10-30 23:30:00,19,-371.0,-370.9988140889458,0.0865345357833512,-97.0,5,42,7,6,-371.2217270531237,-370.77590112476787
2003-10-31 00:30:00,19,-307.0,-306.99957483669186,0.0865345357833512,-111.0,5,42,7,6,-307.22248780086977,-306.77666187251396
2003-10-31 01:30:00,19,-246.0,-246.00043686626475,0.0865345357833512,-142.0,5,42,7,6,-246.22334983044266,-245.77752390208684
2003-10-31 02:30:00,19,-244.0,-244.00066009654915,0.0865345357833512,-240.0,5,42,7,6,-244.22357306072706,-243.77774713237125
2003-10-31 03:30:00,19,-241.0,-241.0004872767908,0.0865345357833512,-316.0,5,42,7,6,-241.22340024096872,-240.7775743126129
2003-10-31 04:30:00,19,-196.0,-196.00035707897257,0.0865345357833512,-383.0,5,42,7,6,-196.22327004315048,-195.77744411479466
2003-10-31 05:30:00,19,-131.0,-131.00068068721313,0.0865345357833512,-371.0,5,42,7,6,-131.22359365139104,-130.77776772303523
2003-10-31 06:30:00,19,-106.0,-106.00076145679937,0.0865345357833512,-307.0,5,42,7,6,-106.22367442097728,-105.77784849262146
2003-10-31 07:30:00,19,-113.0,-113.00014106245553,0.0865345357833512,-246.0,5,42,7,6,-113.22305402663343,-112.77722809827762
2003-10-31 08:30:00,19,-113.0,-113.00006762148078,0.0865345357833512,-244.0,5,42,7,6,-113.22298058565869,-112.77715465730287
2003-10-31 09:30:00,19,-109.0,-109.00005801317158,0.0865345357833512,-241.0,5,42,7,6,-109.22297097734949,-108.77714504899367
2003-10-31 10:30:00,19,-113.0,-112.99995084211238,0.0865345357833512,-196.0,5,42,7,6,-113.22286380629029,-112.77703787793448
2003-10-31 11:30:00,19,-55.0,-55.00040855168915,0.0865345357833512,-131.0,5,42,7,6,-55.22332151586706,-54.77749558751123
2003-10-31 12:30:00,19,-77.0,-77.00013892193476,0.0865345357833512,-106.0,5,42,7,6,-77.22305188611267,-76.77722595775685
2003-10-31 13:30:00,19,-80.0,-80.00010134610758,0.0865345357833512,-113.0,5,42,7,6,-80.22301431028549,-79.77718838192968
2003-10-31 14:30:00,19,-88.0,-88.00001798905797,0.0865345357833512,-113.0,5,42,7,6,-88.22293095323587,-87.77710502488006
2003-10-31 15:30:00,19,-80.0,-80.00008917116263,0.0865345357833512,-109.0,5,42,7,6,-80.22300213534054,-79.77717620698472
2003-10-31 16:30:00,19,-76.0,-76.0001397014895,0.0865345357833512,-113.0,5,42,7,6,-76.22305266566741,-75.7772267373116
2003-10-31 17:30:00,19,-68.0,-68.00009693065032,0.0865345357833512,-55.0,5,42,7,6,-68.22300989482822,-67.7771839664724
2003-10-31 18:30:00,19,-70.0,-70.00007504624749,0.0865345357833512,-77.0,5,42,7,6,-70.2229880104254,-69.77716208206958
2003-10-31 19:30:00,19,-66.0,-66.00009907362225,0.0865345357833512,-80.0,5,42,7,6,-66.22301203780016,-65.77718610944434
2003-10-31 20:30:00,19,-63.0,-63.00014769188137,0.0865345357833512,-88.0,5,42,7,6,-63.22306065605928,-62.77723472770345
2003-10-31 21:30:00,19,-52.0,-52.00024228144824,0.0865345357833512,-80.0,5,42,7,6,-52.22315524562615,-51.77732931727032
2003-10-31 22:30:00,19,-55.0,-55.00019118466607,0.0865345357833512,-76.0,5,42,7,6,-55.22310414884399,-54.77727822048816
2003-10-31 23:30:00,19,-66.0,-66.00005695830798,0.0865345357833512,-68.0,5,42,7,6,-66.22296992248589,-65.77714399413007
2003-11-01 00:30:00,19,-69.0,-69.00001544123248,0.0865345357833512,-70.0,5,42,7,6,-69.22292840541039,-68.77710247705457
2003-11-01 01:30:00,19,-69.0,-68.99999461424346,0.0865345357833512,-66.0,5,42,7,6,-69.22290757842137,-68.77708165006555
2003-11-01 02:30:00,19,-61.0,-61.00005357941865,0.0865345357833512,-63.0,5,42,7,6,-61.22296654359656,-60.77714061524073
2003-11-01 03:30:00,19,-62.0,-62.000012620308624,0.0865345357833512,-52.0,5,42,7,6,-62.22292558448654,-61.77709965613071
2003-11-01 04:30:00,19,-61.0,-61.00001776629129,0.0865345357833512,-55.0,5,42,7,6,-61.22293073046921,-60.77710480211338
2003-11-01 05:30:00,19,-62.0,-62.00005184291469,0.0865345357833512,-66.0,5,42,7,6,-62.2229648070926,-61.77713887873677
2003-11-01 06:30:00,19,-56.0,-56.0001175347608,0.0865345357833512,-69.0,5,42,7,6,-56.22303049893871,-55.77720457058288
2003-11-01 07:30:00,19,-48.0,-48.00019957543984,0.0865345357833512,-69.0,5,42,7,6,-48.22311253961775,-47.77728661126192
2003-11-01 08:30:00,19,-47.0,-47.00017951839324,0.0865345357833512,-61.0,5,42,7,6,-47.223092482571154,-46.77726655421532
2003-11-01 09:30:00,19,-44.0,-44.00018088660731,0.0865345357833512,-62.0,5,42,7,6,-44.223093850785226,-43.777267922429395
2003-11-01 10:30:00,19,-41.0,-41.00018745507782,0.0865345357833512,-61.0,5,42,7,6,-41.223100419255736,-40.777274490899906
2003-11-01 11:30:00,19,-38.0,-38.00020543931199,0.0865345357833512,-62.0,5,42,7,6,-38.223118403489906,-37.777292475134075
2003-11-01 12:30:00,19,-43.0,-43.00012724416791,0.0865345357833512,-56.0,5,42,7,6,-43.22304020834583,-42.77721427999
2003-11-01 13:30:00,19,-46.0,-46.000048808202,0.0865345357833512,-48.0,5,42,7,6,-46.22296177237992,-45.77713584402409
2003-11-01 14:30:00,19,-46.0,-46.00002728110897,0.0865345357833512,-47.0,5,42,7,6,-46.222940245286885,-45.777114316931055
2003-11-01 15:30:00,19,-39.0,-39.00007196308041,0.0865345357833512,-44.0,5,42,7,6,-39.222984927258324,-38.77715899890249
2003-11-01 16:30:00,19,-35.0,-35.000088694966465,0.0865345357833512,-41.0,5,42,7,6,-35.22300165914438,-34.77717573078855
2003-11-01 17:30:00,19,-31.0,-31.00010375667868,0.0865345357833512,-38.0,5,42,7,6,-31.22301672085659,-30.777190792500768
2003-11-01 18:30:00,19,-28.0,-28.00012798863173,0.0865345357833512,-43.0,5,42,7,6,-28.22304095280964,-27.777215024453817
2003-11-01 19:30:00,19,-32.0,-32.00009499158094,0.0865345357833512,-46.0,5,42,7,6,-32.22300795575885,-31.777182027403025
2003-11-01 20:30:00,19,-36.0,-36.000061347058455,0.0865345357833512,-46.0,5,42,7,6,-36.22297431123637,-35.77714838288054
2003-11-01 21:30:00,19,-33.0,-33.00006651226485,0.0865345357833512,-39.0,5,42,7,6,-33.22297947644277,-32.777153548086936
2003-11-01 22:30:00,19,-31.0,-31.000062646566693,0.0865345357833512,-35.0,5,42,7,6,-31.222975610744605,-30.77714968238878
2003-11-01 23:30:00,19,-37.0,-36.99998554225952,0.0865345357833512,-31.0,5,42,7,6,-37.22289850643744,-36.77707257808161
2003-11-02 00:30:00,19,-41.0,-40.99994515460246,0.0865345357833512,-28.0,5,42,7,6,-41.22285811878037,-40.77703219042454
2003-11-02 01:30:00,19,-40.0,-39.99996280830908,0.0865345357833512,-32.0,5,42,7,6,-40.222875772486994,-39.77704984413116
2003-11-02 02:30:00,19,-31.0,-31.0000806624185,0.0865345357833512,-36.0,5,42,7,6,-31.222993626596413,-30.77716769824059
2003-11-02 03:30:00,19,-23.0,-23.000120472441548,0.0865345357833512,-33.0,5,42,7,6,-23.22303343661946,-22.777207508263636
2003-11-02 04:30:00,19,-27.0,-27.00007515007893,0.0865345357833512,-31.0,5,42,7,6,-27.222988114256843,-26.77716218590102
2003-11-02 05:30:00,19,-30.0,-30.00006884565768,0.0865345357833512,-37.0,5,42,7,6,-30.22298180983559,-29.777155881479768
2003-11-02 06:30:00,19,-26.0,-26.00010205199219,0.0865345357833512,-41.0,5,42,7,6,-26.223015016170102,-25.77718908781428
2003-11-02 07:30:00,19,-23.0,-23.000111083557293,0.0865345357833512,-40.0,5,42,7,6,-23.223024047735205,-22.77719811937938
2003-11-02 08:30:00,19,-23.0,-23.00008116718427,0.0865345357833512,-31.0,5,42,7,6,-23.22299413136218,-22.777168203006358
2003-11-02 09:30:00,19,-22.0,-22.000083157564926,0.0865345357833512,-23.0,5,42,7,6,-22.22299612174284,-21.777170193387015
2003-11-02 10:30:00,19,-27.0,-27.000044084164443,0.0865345357833512,-27.0,5,42,7,6,-27.222957048342355,-26.77713111998653
2003-11-02 11:30:00,19,-31.0,-30.99999753794236,0.0865345357833512,-30.0,5,42,7,6,-31.22291050212027,-30.777084573764448
2003-11-02 12:30:00,19,-25.0,-25.000041674765363,0.0865345357833512,-26.0,5,42,7,6,-25.222954638943275,-24.77712871058745
2003-11-02 13:30:00,19,-25.0,-25.00002130451972,0.0865345357833512,-23.0,5,42,7,6,-25.22293426869763,-24.777108340341808
2003-11-02 14:30:00,19,-28.0,-27.9999852133499,0.0865345357833512,-23.0,5,42,7,6,-28.22289817752781,-27.777072249171987
2003-11-02 15:30:00,19,-29.0,-28.99997904926562,0.0865345357833512,-22.0,5,42,7,6,-29.22289201344353,-28.777066085087707
2003-11-02 16:30:00,19,-28.0,-27.999999346029345,0.0865345357833512,-27.0,5,42,7,6,-28.222912310207256,-27.777086381851433
2003-11-02 17:30:00,19,-23.0,-23.000069407021986,0.0865345357833512,-31.0,5,42,7,6,-23.222982371199897,-22.777156442844074
2003-11-02 18:30:00,19,-23.0,-23.000040310019337,0.0865345357833512,-25.0,5,42,7,6,-23.22295327419725,-22.777127345841425
2003-11-02 19:30:00,19,-21.0,-21.00006491235858,0.0865345357833512,-25.0,5,42,7,6,-21.222977876536493,-20.77715194818067
2003-11-02 20:30:00,19,-23.0,-23.000064145567084,0.0865345357833512,-28.0,5,42,7,6,-23.222977109744996,-22.777151181389172
2003-11-02 21:30:00,19,-22.0,-22.000064447313896,0.0865345357833512,-29.0,5,42,7,6,-22.222977411491808,-21.777151483135984
2003-11-02 22:30:00,19,-26.0,-26.00002162106704,0.0865345357833512,-28.0,5,42,7,6,-26.222934585244953,-25.77710865688913
2003-11-02 23:30:00,19,-32.0,-31.9999689686434,0.0865345357833512,-23.0,5,42,7,6,-32.222881932821316,-31.77705600446549
2003-11-03 00:30:00,19,-36.0,-35.99994513361759,0.0865345357833512,-23.0,5,42,7,6,-36.2228580977955,-35.77703216943967
2003-11-03 01:30:00,19,-38.0,-37.99988627358452,0.0865345357833512,-21.0,5,42,7,6,-38.22279923776244,-37.77697330940661
2003-11-03 02:30:00,19,-32.0,-31.99993482968581,0.0865345357833512,-23.0,5,42,7,6,-32.22284779386372,-31.777021865507898
2003-11-03 03:30:00,19,-26.0,-25.99998830653708,0.0865345357833512,-22.0,5,42,7,6,-26.222901270714992,-25.77707534235917
2003-11-03 04:30:00,19,-26.0,-26.000004081438178,0.0865345357833512,-26.0,5,42,7,6,-26.22291704561609,-25.777091117260266
2003-11-03 05:30:00,19,-28.0,-28.00002119685493,0.0865345357833512,-32.0,5,42,7,6,-28.222934161032843,-27.77710823267702
2003-11-03 06:30:00,19,-21.0,-21.00009718441768,0.0865345357833512,-36.0,5,42,7,6,-21.22301014859559,-20.777184220239768
2003-11-03 07:30:00,19,-18.0,-18.000115458163904,0.0865345357833512,-38.0,5,42,7,6,-18.223028422341816,-17.777202493985993
2003-11-03 08:30:00,19,-17.0,-17.0001100446042,0.0865345357833512,-32.0,5,42,7,6,-17.22302300878211,-16.777197080426287
2003-11-03 09:30:00,19,-14.0,-14.000102960484943,0.0865345357833512,-26.0,5,42,7,6,-14.223015924662857,-13.77718999630703
2003-11-03 10:30:00,19,-7.0,-7.000226226150225,0.0865345357833512,-26.0,5,42,7,6,-7.223139190328138,-6.777313261972313
2003-11-03 11:30:00,19,-5.0,-5.000168454492517,0.0865345357833512,-28.0,5,42,7,6,-5.2230814186704295,-4.777255490314604
2003-11-03 12:30:00,19,-7.0,-7.000105331002157,0.0865345357833512,-21.0,5,42,7,6,-7.223018295180069,-6.777192366824244
2003-11-03 13:30:00,19,-9.0,-9.000065425130462,0.0865345357833512,-18.0,5,42,7,6,-9.222978389308375,-8.777152460952548
2003-11-03 14:30:00,19,-6.0,-6.00009122782355,0.0865345357833512,-17.0,5,42,7,6,-6.223004192001462,-5.777178263645637
2003-11-03 15:30:00,19,-4.0,-4.000113929545826,0.0865345357833512,-14.0,5,42,7,6,-4.2230268937237385,-3.7772009653679133
2003-11-03 16:30:00,19,-2.0,-2.0001330744179207,0.0865345357833512,-7.0,5,42,7,6,-2.2230460385958333,-1.777220110240008
2003-11-03 17:30:00,19,-3.0,-3.000127891689342,0.0865345357833512,-5.0,5,42,7,6,-3.2230408558672545,-2.7772149275114293
2003-11-03 18:30:00,19,-2.0,-2.000115216408592,0.0865345357833512,-7.0,5,42,7,6,-2.2230281805865046,-1.7772022522306794
2003-11-03 19:30:00,19,-4.0,-4.000072006531301,0.0865345357833512,-9.0,5,42,7,6,-4.222984970709214,-3.7771590423533885
2003-11-03 20:30:00,19,-5.0,-5.000072301721215,0.0865345357833512,-6.0,5,42,7,6,-5.222985265899128,-4.777159337543303
2003-11-03 21:30:00,19,-6.0,-6.000071864571432,0.0865345357833512,-4.0,5,42,7,6,-6.222984828749345,-5.77715890039352
2003-11-03 22:30:00,19,-6.0,-6.0000892985321,0.0865345357833512,-2.0,5,42,7,6,-6.223002262710013,-5.777176334354188
2003-11-03 23:30:00,19,-11.0,-11.000021333007536,0.0865345357833512,-3.0,5,42,7,6,-11.22293429718545,-10.777108368829623
2003-11-04 00:30:00,19,-20.0,-19.999912735154176,0.0865345357833512,-2.0,5,42,7,6,-20.222825699332088,-19.776999770976264
2003-11-04 01:30:00,19,-15.0,-14.99994884383928,0.0865345357833512,-4.0,5,42,7,6,-15.222861808017193,-14.777035879661366
2003-11-04 02:30:00,19,-12.0,-11.999967418111698,0.0865345357833512,-5.0,5,42,7,6,-12.222880382289611,-11.777054453933784
2003-11-04 03:30:00,19,-12.0,-11.999942946999166,0.0865345357833512,-6.0,5,42,7,6,-12.22285591117708,-11.777029982821253
2003-11-04 04:30:00,19,-14.0,-13.999883217206818,0.0865345357833512,-6.0,5,42,7,6,-14.222796181384732,-13.776970253028905
2003-11-04 05:30:00,19,-15.0,-14.99984949618566,0.0865345357833512,-11.0,5,42,7,6,-15.222762460363574,-14.776936532007747
2003-11-04 06:30:00,19,14.0,13.99985506739656,0.0865345357833512,-20.0,5,42,7,6,13.776942103218646,14.222768031574473
2003-11-04 07:30:00,19,10.0,9.99985695061995,0.0865345357833512,-15.0,5,42,7,6,9.776943986442037,10.222769914797864
2003-11-04 08:30:00,19,6.0,5.999827706333328,0.0865345357833512,-12.0,5,42,7,6,5.776914742155415,6.22274067051124
2003-11-04 09:30:00,19,-15.0,-15.00007223816378,0.0865345357833512,-12.0,5,42,7,6,-15.222985202341693,-14.777159273985866
2003-11-04 10:30:00,19,-69.0,-68.99967457092,0.0865345357833512,-14.0,5,42,7,6,-69.22258753509792,-68.7767616067421
2003-11-04 11:30:00,19,-63.0,-62.99980000747646,0.0865345357833512,-15.0,5,42,7,6,-63.222712971654374,-62.776887043298544
2003-11-04 12:30:00,19,-55.0,-54.99987607880394,0.0865345357833512,14.0,5,42,7,6,-55.22278904298186,-54.77696311462603
2003-11-04 13:30:00,19,-58.0,-57.99988943679176,0.0865345357833512,10.0,5,42,7,6,-58.22280240096968,-57.776976472613846
2003-11-04 14:30:00,19,-61.0,-60.99986215375578,0.0865345357833512,6.0,5,42,7,6,-61.22277511793369,-60.77694918957786
2003-11-04 15:30:00,19,-59.0,-59.00009704263277,0.0865345357833512,-15.0,5,42,7,6,-59.22301000681068,-58.77718407845485
2003-11-04 16:30:00,19,-55.0,-55.00013737941421,0.0865345357833512,-69.0,5,42,7,6,-55.22305034359213,-54.7772244152363
2003-11-04 17:30:00,19,-50.0,-50.00003020547072,0.0865345357833512,-63.0,5,42,7,6,-50.22294316964864,-49.77711724129281
2003-11-04 18:30:00,19,-45.0,-45.00000010189761,0.0865345357833512,-55.0,5,42,7,6,-45.22291306607553,-44.7770871377197
2003-11-04 19:30:00,19,-41.0,-41.00003569281325,0.0865345357833512,-58.0,5,42,7,6,-41.222948656991164,-40.777122728635334
2003-11-04 20:30:00,19,-39.0,-39.00007430708488,0.0865345357833512,-61.0,5,42,7,6,-39.222987271262795,-38.777161342906965
2003-11-04 21:30:00,19,-36.0,-36.000113907073555,0.0865345357833512,-59.0,5,42,7,6,-36.22302687125147,-35.77720094289564
2003-11-04 22:30:00,19,-39.0,-39.000083305323365,0.0865345357833512,-55.0,5,42,7,6,-39.22299626950128,-38.77717034114545
2003-11-04 23:30:00,19,-42.0,-42.0000304137531,0.0865345357833512,-50.0,5,42,7,6,-42.22294337793102,-41.77711744957519
2003-11-05 00:30:00,19,-41.0,-41.00001375182678,0.0865345357833512,-45.0,5,42,7,6,-41.22292671600469,-40.77710078764886
2003-11-05 01:30:00,19,-36.0,-36.00003573586773,0.0865345357833512,-41.0,5,42,7,6,-36.22294870004565,-35.77712277168982
2003-11-05 02:30:00,19,-31.0,-31.00006096381084,0.0865345357833512,-39.0,5,42,7,6,-31.22297392798875,-30.777147999632927
2003-11-05 03:30:00,19,-31.0,-31.00003421307524,0.0865345357833512,-36.0,5,42,7,6,-31.22294717725315,-30.777121248897327
2003-11-05 04:30:00,19,-31.0,-31.00002460371256,0.0865345357833512,-39.0,5,42,7,6,-31.222937567890472,-30.77711163953465
2003-11-05 05:30:00,19,-30.0,-30.000026117160942,0.0865345357833512,-42.0,5,42,7,6,-30.222939081338854,-29.77711315298303
2003-11-05 06:30:00,19,-27.0,-27.0000489105094,0.0865345357833512,-41.0,5,42,7,6,-27.22296187468731,-26.777135946331487
2003-11-05 07:30:00,19,-24.0,-24.000058485610488,0.0865345357833512,-36.0,5,42,7,6,-24.2229714497884,-23.777145521432576
2003-11-05 08:30:00,19,-25.0,-25.00003216070403,0.0865345357833512,-31.0,5,42,7,6,-25.222945124881942,-24.77711919652612
2003-11-05 09:30:00,19,-28.0,-27.999995825084007,0.0865345357833512,-31.0,5,42,7,6,-28.22290878926192,-27.777082860906095
2003-11-05 10:30:00,19,-29.0,-28.999983147198297,0.0865345357833512,-31.0,5,42,7,6,-29.22289611137621,-28.777070183020385
2003-11-05 11:30:00,19,-28.0,-27.99998993469734,0.0865345357833512,-30.0,5,42,7,6,-28.22290289887525,-27.777076970519428
2003-11-05 12:30:00,19,-27.0,-26.99999805697321,0.0865345357833512,-27.0,5,42,7,6,-27.222911021151123,-26.7770850927953
2003-11-05 13:30:00,19,-25.0,-25.000007701469777,0.0865345357833512,-24.0,5,42,7,6,-25.22292066564769,-24.777094737291865
2003-11-05 14:30:00,19,-22.0,-22.00003360586758,0.0865345357833512,-25.0,5,42,7,6,-22.22294657004549,-21.777120641689667
2003-11-05 15:30:00,19,-19.0,-19.00006051919204,0.0865345357833512,-28.0,5,42,7,6,-19.22297348336995,-18.77714755501413
2003-11-05 16:30:00,19,-17.0,-17.000076172365798,0.0865345357833512,-29.0,5,42,7,6,-17.22298913654371,-16.777163208187886
2003-11-05 17:30:00,19,-16.0,-16.000082222943565,0.0865345357833512,-28.0,5,42,7,6,-16.222995187121477,-15.777169258765651
2003-11-05 18:30:00,19,-17.0,-17.000069515166373,0.0865345357833512,-27.0,5,42,7,6,-17.222982479344285,-16.77715655098846
2003-11-05 19:30:00,19,-12.0,-12.000113008397854,0.0865345357833512,-25.0,5,42,7,6,-12.223025972575767,-11.77720004421994
2003-11-05 20:30:00,19,-17.0,-17.000063399774177,0.0865345357833512,-22.0,5,42,7,6,-17.22297636395209,-16.777150435596266
2003-11-05 21:30:00,19,-18.0,-18.000044548863585,0.0865345357833512,-19.0,5,42,7,6,-18.222957513041496,-17.777131584685673
2003-11-05 22:30:00,19,-17.0,-17.000056314652234,0.0865345357833512,-17.0,5,42,7,6,-17.222969278830146,-16.777143350474322
2003-11-05 23:30:00,19,-22.0,-22.000011737612205,0.0865345357833512,-16.0,5,42,7,6,-22.222924701790117,-21.777098773434293
2003-11-06 00:30:00,19,-24.0,-23.99998740946335,0.0865345357833512,-17.0,5,42,7,6,-24.222900373641263,-23.77707444528544
2003-11-06 01:30:00,19,-24.0,-23.999983927667365,0.0865345357833512,-12.0,5,42,7,6,-24.222896891845277,-23.777070963489454
2003-11-06 02:30:00,19,-21.0,-21.000018572891047,0.0865345357833512,-17.0,5,42,7,6,-21.22293153706896,-20.777105608713136
2003-11-06 03:30:00,19,-21.0,-21.00003378036969,0.0865345357833512,-18.0,5,42,7,6,-21.222946744547603,-20.77712081619178
2003-11-06 04:30:00,19,-25.0,-24.99999463574173,0.0865345357833512,-17.0,5,42,7,6,-25.22290759991964,-24.777081671563817
2003-11-06 05:30:00,19,-25.0,-25.000000809926902,0.0865345357833512,-22.0,5,42,7,6,-25.222913774104814,-24.77708784574899
2003-11-06 06:30:00,19,-20.0,-20.000048069285853,0.0865345357833512,-24.0,5,42,7,6,-20.222961033463765,-19.77713510510794
2003-11-06 07:30:00,19,-17.0,-17.000070141091342,0.0865345357833512,-24.0,5,42,7,6,-17.222983105269254,-16.77715717691343
2003-11-06 08:30:00,19,-16.0,-16.000062820786496,0.0865345357833512,-21.0,5,42,7,6,-16.222975784964408,-15.777149856608583
2003-11-06 09:30:00,19,-14.0,-14.000076745471793,0.0865345357833512,-21.0,5,42,7,6,-14.222989709649706,-13.77716378129388
2003-11-06 10:30:00,19,-15.0,-15.000077479614308,0.0865345357833512,-25.0,5,42,7,6,-15.222990443792222,-14.777164515436395
2003-11-06 11:30:00,19,-13.0,-13.00008538453703,0.0865345357833512,-25.0,5,42,7,6,-13.222998348714944,-12.777172420359117
2003-11-06 12:30:00,19,-12.0,-12.000076969772536,0.0865345357833512,-20.0,5,42,7,6,-12.22298993395045,-11.777164005594623
2003-11-06 13:30:00,19,-11.0,-11.000072975763896,0.0865345357833512,-17.0,5,42,7,6,-11.22298593994181,-10.777160011585982
2003-11-06 14:30:00,19,-7.0,-7.0001023088262,0.0865345357833512,-16.0,5,42,7,6,-7.223015273004113,-6.777189344648288
2003-11-06 15:30:00,19,-5.0,-5.000117808447563,0.0865345357833512,-14.0,5,42,7,6,-5.223030772625475,-4.77720484426965
2003-11-06 16:30:00,19,-10.0,-10.000061995430048,0.0865345357833512,-15.0,5,42,7,6,-10.222974959607962,-9.777149031252135
2003-11-06 17:30:00,19,-10.0,-10.00006744125006,0.0865345357833512,-13.0,5,42,7,6,-10.222980405427974,-9.777154477072147
2003-11-06 18:30:00,19,-9.0,-9.000069620986253,0.0865345357833512,-12.0,5,42,7,6,-9.222982585164166,-8.777156656808339
2003-11-06 19:30:00,19,-1.0,-1.0001458982728764,0.0865345357833512,-11.0,5,42,7,6,-1.223058862450789,-0.7772329340949636
2003-11-06 20:30:00,19,5.0,4.999799701860681,0.0865345357833512,-7.0,5,42,7,6,4.776886737682768,5.222712666038594
2003-11-06 21:30:00,19,-9.0,-9.000062700490034,0.0865345357833512,-5.0,5,42,7,6,-9.222975664667947,-8.77714973631212
2003-11-06 22:30:00,19,-21.0,-20.999939590965305,0.0865345357833512,-10.0,5,42,7,6,-21.222852555143216,-20.777026626787393
2003-11-06 23:30:00,19,-18.0,-17.999965777984926,0.0865345357833512,-10.0,5,42,7,6,-18.222878742162838,-17.777052813807014
2003-11-07 00:30:00,19,-16.0,-15.999976903194517,0.0865345357833512,-9.0,5,42,7,6,-16.22288986737243,-15.777063939016603
2003-11-07 01:30:00,19,-20.0,-19.999951250479263,0.0865345357833512,-1.0,5,42,7,6,-20.222864214657175,-19.77703828630135
2003-11-07 02:30:00,19,-15.0,-15.000059291954145,0.0865345357833512,5.0,5,42,7,6,-15.222972256132058,-14.777146327776231
2003-11-07 03:30:00,19,-10.0,-10.00011685865693,0.0865345357833512,-9.0,5,42,7,6,-10.223029822834844,-9.777203894479017
2003-11-07 04:30:00,19,-14.0,-14.000222990843994,0.0865345357833512,-21.0,5,42,7,6,-14.223135955021908,-13.77731002666608
2003-11-07 05:30:00,19,-15.0,-15.00014162238427,0.0865345357833512,-18.0,5,42,7,6,-15.223054586562183,-14.777228658206356
2003-11-07 06:30:00,19,-14.0,-14.00006859740122,0.0865345357833512,-16.0,5,42,7,6,-14.222981561579134,-13.777155633223307
2003-11-07 07:30:00,19,-12.0,-12.000069212822927,0.0865345357833512,-20.0,5,42,7,6,-12.22298217700084,-11.777156248645014
2003-11-07 08:30:00,19,-11.0,-11.00006557176984,0.0865345357833512,-15.0,5,42,7,6,-11.222978535947753,-10.777152607591926
2003-11-07 09:30:00,19,-15.0,-15.000026779141804,0.0865345357833512,-10.0,5,42,7,6,-15.222939743319717,-14.77711381496389
2003-11-07 10:30:00,19,-13.0,-13.00005317222083,0.0865345357833512,-14.0,5,42,7,6,-13.222966136398744,-12.777140208042917
2003-11-07 11:30:00,19,-11.0,-11.0000693058742,0.0865345357833512,-15.0,5,42,7,6,-11.222982270052114,-10.777156341696287
2003-11-07 12:30:00,19,-8.0,-8.000096915281862,0.0865345357833512,-14.0,5,42,7,6,-8.223009879459775,-7.777183951103949
2003-11-07 13:30:00,19,-8.0,-8.00009021278403,0.0865345357833512,-12.0,5,42,7,6,-8.223003176961944,-7.777177248606118
2003-11-07 14:30:00,19,-7.0,-7.00009672064872,0.0865345357833512,-11.0,5,42,7,6,-7.223009684826633,-6.777183756470808
2003-11-07 15:30:00,19,-7.0,-7.000089026172901,0.0865345357833512,-15.0,5,42,7,6,-7.223001990350814,-6.777176061994989
2003-11-07 16:30:00,19,-6.0,-6.000087664890465,0.0865345357833512,-13.0,5,42,7,6,-6.223000629068378,-5.7771747007125525
2003-11-07 17:30:00,19,-4.0,-4.000096158930198,0.0865345357833512,-11.0,5,42,7,6,-4.223009123108111,-3.7771831947522854
2003-11-07 18:30:00,19,-3.0,-3.0000983299710207,0.0865345357833512,-8.0,5,42,7,6,-3.2230112941489333,-2.777185365793108
2003-11-07 19:30:00,19,-4.0,-4.000081155221537,0.0865345357833512,-8.0,5,42,7,6,-4.222994119399449,-3.777168191043624
2003-11-07 20:30:00,19,-4.0,-4.000078280627992,0.0865345357833512,-7.0,5,42,7,6,-4.222991244805905,-3.7771653164500796
2003-11-07 21:30:00,19,-3.0,-3.0000903522921334,0.0865345357833512,-7.0,5,42,7,6,-3.223003316470046,-2.7771773881142208
2003-11-07 22:30:00,19,-1.0,-1.0000960907054548,0.0865345357833512,-6.0,5,42,7,6,-1.2230090548833674,-0.7771831265275421
2003-11-07 23:30:00,19,-3.0,-3.000063608525984,0.0865345357833512,-4.0,5,42,7,6,-3.222976572703897,-2.7771506443480716
2003-11-08 00:30:00,19,-5.0,-5.000041734421682,0.0865345357833512,-3.0,5,42,7,6,-5.222954698599595,-4.7771287702437695
2003-11-08 01:30:00,19,-3.0,-3.000049519127049,0.0865345357833512,-4.0,5,42,7,6,-3.2229624833049617,-2.7771365549491365
2003-11-08 02:30:00,19,3.0,2.999904809163489,0.0865345357833512,-4.0,5,42,7,6,2.7769918449855764,3.2228177733414016
2003-11-08 03:30:00,19,5.0,4.99990064292399,0.0865345357833512,-3.0,5,42,7,6,4.776987678746077,5.2228136071019025
2003-11-08 04:30:00,19,4.0,3.999915008941713,0.0865345357833512,-1.0,5,42,7,6,3.7770020447638,4.222827973119625
2003-11-08 05:30:00,19,3.0,2.999922090248006,0.0865345357833512,-3.0,5,42,7,6,2.7770091260700935,3.2228350544259188
2003-11-08 06:30:00,19,3.0,2.9999295360331857,0.0865345357833512,-5.0,5,42,7,6,2.777016571855273,3.2228425002110983
2003-11-08 07:30:00,19,4.0,3.999928590874603,0.0865345357833512,-3.0,5,42,7,6,3.7770156266966906,4.222841555052516
2003-11-08 08:30:00,19,5.0,4.999929180974796,0.0865345357833512,3.0,5,42,7,6,4.777016216796883,5.2228421451527085
2003-11-08 09:30:00,19,5.0,4.999936162656994,0.0865345357833512,5.0,5,42,7,6,4.777023198479081,5.222849126834906
2003-11-08 10:30:00,19,6.0,5.999928482047338,0.0865345357833512,4.0,5,42,7,6,5.777015517869425,6.22284144622525
2003-11-08 11:30:00,19,5.0,4.999928781099257,0.0865345357833512,3.0,5,42,7,6,4.777015816921344,5.22284174527717
2003-11-08 12:30:00,19,11.0,10.9998778944735,0.0865345357833512,3.0,5,42,7,6,10.776964930295586,11.222790858651413
2003-11-08 13:30:00,19,15.0,14.99983352372154,0.0865345357833512,4.0,5,42,7,6,14.776920559543626,15.222746487899453
2003-11-08 14:30:00,19,21.0,20.99979109969238,0.0865345357833512,5.0,5,42,7,6,20.77687813551447,21.222704063870292
2003-11-08 15:30:00,19,12.0,11.999875205960237,0.0865345357833512,5.0,5,42,7,6,11.776962241782323,12.22278817013815
2003-11-08 16:30:00,19,7.0,6.99991367028418,0.0865345357833512,6.0,5,42,7,6,6.777000706106268,7.222826634462093
2003-11-08 17:30:00,19,4.0,3.999950388523097,0.0865345357833512,5.0,5,42,7,6,3.7770374243451843,4.22286335270101
2003-11-08 18:30:00,19,5.0,4.999955160455585,0.0865345357833512,11.0,5,42,7,6,4.777042196277672,5.222868124633497
2003-11-08 19:30:00,19,-5.0,-4.999938739193787,0.0865345357833512,15.0,5,42,7,6,-5.2228517033717,-4.777025775015875
2003-11-08 20:30:00,19,-5.0,-4.999971291946803,0.0865345357833512,21.0,5,42,7,6,-5.222884256124716,-4.7770583277688905
2003-11-08 21:30:00,19,2.0,1.9999650876875,0.0865345357833512,12.0,5,42,7,6,1.7770521235095873,2.2228780518654125
2003-11-08 22:30:00,19,1.0,1.0000028312667482,0.0865345357833512,7.0,5,42,7,6,0.7770898670888354,1.2229157954446608
2003-11-08 23:30:00,19,2.0,1.9999868816918536,0.0865345357833512,4.0,5,42,7,6,1.777073917513941,2.222899845869766
2003-11-09 00:30:00,19,2.0,1.9999479694518385,0.0865345357833512,5.0,5,42,7,6,1.7770350052739259,2.222860933629751
2004-10-31 05:30:00,23,-4.0,-18.63454591874592,19.68492246492282,-5.0,5,42,7,6,-69.3429061883871,32.07381435089527
2004-10-31 06:30:00,23,-4.0,-15.76363663338135,19.68492246492282,-5.0,5,42,7,6,-66.47199690302254,34.94472363625984
2004-10-31 07:30:00,23,-6.0,-15.51074039581422,19.68492246492282,2.0,5,42,7,6,-66.21910066545541,35.197619873826966
2004-10-31 08:30:00,23,-4.0,-16.685153492940174,19.68492246492282,1.0,5,42,7,6,-67.39351376258136,34.02320677670102
2004-10-31 09:30:00,23,-4.0,-15.937323746207229,19.68492246492282,2.0,5,42,7,6,-66.64568401584842,34.77103652343396
2004-10-31 10:30:00,23,-13.0,-14.784006644631614,19.68492246492282,2.0,5,42,7,6,-65.49236691427281,35.92435362500957
2004-10-31 11:30:00,23,-16.0,-13.44260904528453,19.68492246492282,-4.0,5,42,7,6,-64.15096931492572,37.26575122435666
2004-10-31 12:30:00,23,-18.0,-13.076232170944444,19.68492246492282,-4.0,5,42,7,6,-63.784592440585634,37.63212809869675
2004-10-31 13:30:00,23,-20.0,-12.763944259001534,19.68492246492282,-6.0,5,42,7,6,-63.472304528642724,37.94441601063966
2004-10-31 14:30:00,23,-18.0,-10.974843476427996,19.68492246492282,-4.0,5,42,7,6,-61.68320374606918,39.7335167932132
2004-10-31 15:30:00,23,-16.0,-12.855748137326618,19.68492246492282,-4.0,5,42,7,6,-63.564108406967804,37.852612132314576
2004-10-31 16:30:00,23,-14.0,-14.425623928235565,19.68492246492282,-13.0,5,42,7,6,-65.13398419787676,36.282736341405624
2004-10-31 17:30:00,23,-14.0,-19.218920164670543,19.68492246492282,-16.0,5,42,7,6,-69.92728043431174,31.489440104970647
2004-10-31 18:30:00,23,-12.0,-23.815342112893035,19.68492246492282,-18.0,5,42,7,6,-74.52370238253422,26.893018156748155
2004-10-31 19:30:00,23,-14.0,-20.23150844785532,19.68492246492282,-20.0,5,42,7,6,-70.93986871749651,30.47685182178587
2004-10-31 20:30:00,23,-13.0,-16.630436093079247,19.68492246492282,-18.0,5,42,7,6,-67.33879636272044,34.07792417656194
2004-10-31 21:30:00,23,-16.0,-14.799236501511718,19.68492246492282,-16.0,5,42,7,6,-65.5075967711529,35.909123768129476
2004-10-31 22:30:00,23,-16.0,-14.656503184314095,19.68492246492282,-14.0,5,42,7,6,-65.36486345395528,36.05185708532709
2004-10-31 23:30:00,23,-19.0,-13.011082709185278,19.68492246492282,-14.0,5,42,7,6,-63.719442978826464,37.697277560455916
2004-11-01 00:30:00,23,-19.0,-13.608642223207088,19.68492246492282,-12.0,5,42,7,6,-64.31700249284827,37.099718046434106
2004-11-01 01:30:00,23,-16.0,-14.47203295142058,19.68492246492282,-14.0,5,42,7,6,-65.18039322106176,36.23632731822061
2004-11-01 02:30:00,23,-14.0,-17.778804791384268,19.68492246492282,-13.0,5,42,7,6,-68.48716506102545,32.92955547825692
2004-11-01 03:30:00,23,-12.0,-20.108467977043293,19.68492246492282,-16.0,5,42,7,6,-70.81682824668448,30.599892292597897
2004-11-01 04:30:00,23,-8.0,-19.86237186623908,19.68492246492282,-16.0,5,42,7,6,-70.57073213588026,30.84598840340211
2004-11-01 05:30:00,23,-7.0,-18.91068350734308,19.68492246492282,-19.0,5,42,7,6,-69.61904377698427,31.79767676229811
2004-11-01 06:30:00,23,-7.0,-15.590855337313569,19.68492246492282,-19.0,5,42,7,6,-66.29921560695476,35.11750493232762
2004-11-01 07:30:00,23,-5.0,-13.137940395833148,19.68492246492282,-16.0,5,42,7,6,-63.84630066547434,37.57041987380804
2004-11-01 08:30:00,23,-6.0,-13.74911316553521,19.68492246492282,-14.0,5,42,7,6,-64.4574734351764,36.959247104105984
2004-11-01 09:30:00,23,-8.0,-14.49401742752312,19.68492246492282,-12.0,5,42,7,6,-65.20237769716431,36.21434284211807
2004-11-01 10:30:00,23,-8.0,-12.753364839353177,19.68492246492282,-8.0,5,42,7,6,-63.461725108994365,37.954995430288015
2004-11-01 11:30:00,23,-10.0,-12.619340798592829,19.68492246492282,-7.0,5,42,7,6,-63.32770106823402,38.08901947104836
2004-11-01 12:30:00,23,-9.0,-11.234522504552142,19.68492246492282,-7.0,5,42,7,6,-61.942882774193336,39.473837765089044
2004-11-01 13:30:00,23,-9.0,-10.490274851362564,19.68492246492282,-5.0,5,42,7,6,-61.198635121003754,40.218085418278626
2004-11-01 14:30:00,23,-7.0,-10.06836794251015,19.68492246492282,-6.0,5,42,7,6,-60.77672821215134,40.63999232713104
2004-11-01 15:30:00,23,-7.0,-9.9490298351699,19.68492246492282,-8.0,5,42,7,6,-60.65739010481109,40.75933043447129
2004-11-01 16:30:00,23,-1.0,-12.315330924965512,19.68492246492282,-8.0,5,42,7,6,-63.0236911946067,38.39302934467568
2004-11-01 17:30:00,23,-1.0,-11.836470245691512,19.68492246492282,-10.0,5,42,7,6,-62.544830515332706,38.871890023949675
2004-11-01 18:30:00,23,-4.0,-11.26624559431706,19.68492246492282,-9.0,5,42,7,6,-61.974605863958246,39.442114675324135
2004-11-01 19:30:00,23,-2.0,-11.631226904082476,19.68492246492282,-9.0,5,42,7,6,-62.339587173723665,39.077133365558716
2004-11-01 20:30:00,23,-1.0,-10.979597930895116,19.68492246492282,-7.0,5,42,7,6,-61.68795820053631,39.72876233874607
2004-11-01 21:30:00,23,-2.0,-10.084143889875993,19.68492246492282,-7.0,5,42,7,6,-60.79250415951718,40.6242163797652
2004-11-01 22:30:00,23,-3.0,-8.882621300779338,19.68492246492282,-1.0,5,42,7,6,-59.590981570420524,41.825738968861856
2004-11-01 23:30:00,23,-3.0,-8.272659898464294,19.68492246492282,-1.0,5,42,7,6,-58.98102016810549,42.43570037117689
2004-11-02 00:30:00,23,-3.0,-7.831754674975016,19.68492246492282,-4.0,5,42,7,6,-58.54011494461621,42.876605594666174
2004-11-02 01:30:00,23,-5.0,-7.0685953881780605,19.68492246492282,-2.0,5,42,7,6,-57.77695565781925,43.63976488146313
2004-11-02 02:30:00,23,-4.0,-6.61153715484469,19.68492246492282,-1.0,5,42,7,6,-57.31989742448588,44.0968231147965
2004-11-02 03:30:00,23,-5.0,-6.203835099698743,19.68492246492282,-2.0,5,42,7,6,-56.91219536933993,44.50452516994245
2004-11-02 04:30:00,23,-7.0,-5.340522384411788,19.68492246492282,-3.0,5,42,7,6,-56.048882654052974,45.367837885229406
2004-11-02 05:30:00,23,-7.0,-6.374442868952251,19.68492246492282,-3.0,5,42,7,6,-57.08280313859344,44.33391740068894
2004-11-02 06:30:00,23,-6.0,-7.502919354503867,19.68492246492282,-3.0,5,42,7,6,-58.21127962414506,43.20544091513732
2004-11-02 07:30:00,23,-4.0,-5.951534794209309,19.68492246492282,-5.0,5,42,7,6,-56.6598950638505,44.75682547543188
2004-11-02 08:30:00,23,-2.0,-4.465232517876064,19.68492246492282,-4.0,5,42,7,6,-55.17359278751725,46.24312775176513
2004-11-02 09:30:00,23,-3.0,-3.000009015760096,0.0865345357833512,-5.0,5,42,7,6,-3.2229219799380084,-2.777096051582183
2004-11-02 10:30:00,23,-4.0,-3.9999962728649656,0.0865345357833512,-7.0,5,42,7,6,-4.222909237042878,-3.777083308687053
2004-11-02 11:30:00,23,-2.0,-2.000005618610356,0.0865345357833512,-7.0,5,42,7,6,-2.2229185827882687,-1.7770926544324435
2004-11-02 12:30:00,23,-2.0,-1.9999980921741844,0.0865345357833512,-6.0,5,42,7,6,-2.222911056352097,-1.7770851279962718
2004-11-02 13:30:00,23,1.0,0.9999781194816252,0.0865345357833512,-4.0,5,42,7,6,0.7770651553037125,1.222891083659538
2004-11-02 14:30:00,23,-1.0,-1.000014843198283,0.0865345357833512,-2.0,5,42,7,6,-1.2229278073761956,-0.7771018790203702
2004-11-02 15:30:00,23,-4.0,-4.000006184701835,0.0865345357833512,-3.0,5,42,7,6,-4.222919148879748,-3.7770932205239225
2004-11-02 16:30:00,23,-6.0,-5.999995261189159,0.0865345357833512,-4.0,5,42,7,6,-6.222908225367072,-5.777082297011247
2004-11-02 17:30:00,23,-5.0,-5.000004714155722,0.0865345357833512,-2.0,5,42,7,6,-5.222917678333634,-4.777091749977809
2004-11-02 18:30:00,23,0.0,-5.457175773670997e-05,0.0865345357833512,-2.0,5,42,7,6,-0.2229675359356494,0.222858392420176
2004-11-02 19:30:00,23,3.0,2.999921651886922,0.0865345357833512,1.0,5,42,7,6,2.777008687709009,3.2228346160648345
2004-11-02 20:30:00,23,2.0,1.99990775793529,0.0865345357833512,-1.0,5,42,7,6,1.7769947937573773,2.2228207221132026
2004-11-02 21:30:00,23,1.0,0.9998914165922628,0.0865345357833512,-4.0,5,42,7,6,0.77697845241435,1.2228043807701754
2004-11-02 22:30:00,23,-1.0,-1.0000865389397582,0.0865345357833512,-6.0,5,42,7,6,-1.2229995031176708,-0.7771735747618455
2004-11-02 23:30:00,23,0.0,-8.50385125445996e-05,0.0865345357833512,-5.0,5,42,7,6,-0.2229980026904573,0.2228279256653681
2004-11-03 00:30:00,23,2.0,1.999928595024812,0.0865345357833512,0.0,5,42,7,6,1.7770156308468994,2.222841559202725
2004-11-03 01:30:00,23,3.0,2.999932502528182,0.0865345357833512,3.0,5,42,7,6,2.7770195383502694,3.2228454667060946
2004-11-03 02:30:00,23,3.0,2.9999397786019983,0.0865345357833512,2.0,5,42,7,6,2.7770268144240857,3.222852742779911
2004-11-03 03:30:00,23,3.0,2.99994162735905,0.0865345357833512,1.0,5,42,7,6,2.777028663181137,3.2228545915369624
2004-11-03 04:30:00,23,4.0,3.9999316005742,0.0865345357833512,-1.0,5,42,7,6,3.777018636396287,4.222844564752113
2004-11-03 05:30:00,23,6.0,5.999919381809001,0.0865345357833512,0.0,5,42,7,6,5.777006417631088,6.222832345986913
2004-11-03 06:30:00,23,8.0,7.999911246698879,0.0865345357833512,2.0,5,42,7,6,7.7769982825209665,8.222824210876793
2004-11-03 07:30:00,23,8.0,7.999918907288901,0.0865345357833512,3.0,5,42,7,6,7.777005943110988,8.222831871466814
2004-11-03 08:30:00,23,8.0,7.999917465953416,0.0865345357833512,3.0,5,42,7,6,7.777004501775504,8.22283043013133
2004-11-03 09:30:00,23,7.0,6.999938697516363,0.0865345357833512,3.0,5,42,7,6,6.7770257333384505,7.222851661694276
2004-11-03 10:30:00,23,4.0,3.99997744559429,0.0865345357833512,4.0,5,42,7,6,3.777064481416377,4.222890409772202
2004-11-03 11:30:00,23,3.0,3.0000009151718814,0.0865345357833512,6.0,5,42,7,6,2.7770879509939688,3.222913879349794
2004-11-03 12:30:00,23,1.0,1.0000279046967648,0.0865345357833512,8.0,5,42,7,6,0.7771149405188521,1.2229408688746775
2004-11-03 13:30:00,23,7.0,6.999971109823157,0.0865345357833512,8.0,5,42,7,6,6.777058145645245,7.22288407400107
2004-11-03 14:30:00,23,12.0,11.99993075594513,0.0865345357833512,8.0,5,42,7,6,11.777017791767216,12.222843720123043
2004-11-03 15:30:00,23,14.0,13.99990244378349,0.0865345357833512,7.0,5,42,7,6,13.776989479605577,14.222815407961404
2004-11-03 16:30:00,23,14.0,13.999866548018352,0.0865345357833512,4.0,5,42,7,6,13.776953583840438,14.222779512196265
2004-11-03 17:30:00,23,7.0,6.999927227009813,0.0865345357833512,3.0,5,42,7,6,6.777014262831901,7.222840191187726
2004-11-03 18:30:00,23,3.0,3.000017268595684,0.0865345357833512,1.0,5,42,7,6,2.7771043044177715,3.2229302327735967
2004-11-03 19:30:00,23,3.0,3.0000321107108547,0.0865345357833512,7.0,5,42,7,6,2.777119146532942,3.2229450748887674
2004-11-03 20:30:00,23,-7.0,-6.999862005615579,0.0865345357833512,12.0,5,42,7,6,-7.222774969793492,-6.776949041437667
2004-11-03 21:30:00,23,-19.0,-18.99974017387161,0.0865345357833512,14.0,5,42,7,6,-19.222653138049523,-18.7768272096937
2004-11-03 22:30:00,23,-17.0,-16.999790867851576,0.0865345357833512,14.0,5,42,7,6,-17.222703832029488,-16.776877903673665
2004-11-03 23:30:00,23,-12.0,-11.999923142968818,0.0865345357833512,7.0,5,42,7,6,-12.222836107146732,-11.777010178790905
2004-11-04 00:30:00,23,-3.0,-2.999993276404755,0.0865345357833512,3.0,5,42,7,6,-3.2229062405826676,-2.7770803122268424
2004-11-04 01:30:00,23,-3.0,-3.0000590471854665,0.0865345357833512,3.0,5,42,7,6,-3.222972011363379,-2.777146083007554
2004-11-04 02:30:00,23,-7.0,-7.000125475660592,0.0865345357833512,-7.0,5,42,7,6,-7.223038439838505,-6.77721251148268
2004-11-04 03:30:00,23,-9.0,-9.000144464790914,0.0865345357833512,-19.0,5,42,7,6,-9.223057428968827,-8.777231500613
2004-11-04 04:30:00,23,-8.0,-7.99999751536869,0.0865345357833512,-17.0,5,42,7,6,-8.222910479546604,-7.777084551190778
2004-11-04 05:30:00,23,-9.0,-8.999940932439657,0.0865345357833512,-12.0,5,42,7,6,-9.22285389661757,-8.777027968261743
2004-11-04 06:30:00,23,-11.0,-10.99990451088195,0.0865345357833512,-3.0,5,42,7,6,-11.222817475059864,-10.776991546704037
2004-11-04 07:30:00,23,-13.0,-12.999890914493218,0.0865345357833512,-3.0,5,42,7,6,-13.222803878671131,-12.776977950315304
2004-11-04 08:30:00,23,-10.0,-9.999948342839488,0.0865345357833512,-7.0,5,42,7,6,-10.222861307017402,-9.777035378661575
2004-11-04 09:30:00,23,-5.0,-5.000056752846934,0.0865345357833512,-9.0,5,42,7,6,-5.222969717024847,-4.777143788669021
2004-11-04 10:30:00,23,-2.0,-2.000100142330389,0.0865345357833512,-8.0,5,42,7,6,-2.2230131065083016,-1.7771871781524764
2004-11-04 11:30:00,23,0.0,-0.0001320713756385,0.0865345357833512,-9.0,5,42,7,6,-0.2230450355535512,0.2227808928022742
2004-11-04 12:30:00,23,1.0,0.9998802738212405,0.0865345357833512,-11.0,5,42,7,6,0.7769673096433277,1.222793237999153
2004-11-04 13:30:00,23,-1.0,-1.000084753829082,0.0865345357833512,-13.0,5,42,7,6,-1.2229977180069946,-0.7771717896511693
2004-11-04 14:30:00,23,-2.0,-2.0000644640081084,0.0865345357833512,-10.0,5,42,7,6,-2.222977428186021,-1.7771514998301958
2004-11-04 15:30:00,23,0.0,-7.243338319540271e-05,0.0865345357833512,-5.0,5,42,7,6,-0.2229853975611081,0.2228405307947173
2004-11-04 16:30:00,23,-1.0,-1.000055374139997,0.0865345357833512,-2.0,5,42,7,6,-1.2229683383179095,-0.7771424099620842
2004-11-04 17:30:00,23,-9.0,-8.999968649048263,0.0865345357833512,0.0,5,42,7,6,-9.222881613226177,-8.77705568487035
2004-11-04 18:30:00,23,-13.0,-12.999927045700318,0.0865345357833512,1.0,5,42,7,6,-13.222840009878231,-12.777014081522404
2004-11-04 19:30:00,23,-12.0,-11.999957168413076,0.0865345357833512,-1.0,5,42,7,6,-12.22287013259099,-11.777044204235162
2004-11-04 20:30:00,23,-7.0,-7.000007408053541,0.0865345357833512,-2.0,5,42,7,6,-7.222920372231454,-6.777094443875629
2004-11-04 21:30:00,23,-4.0,-4.0000171092741645,0.0865345357833512,0.0,5,42,7,6,-4.222930073452077,-3.777104145096252
2004-11-04 22:30:00,23,-1.0,-1.0000570571123752,0.0865345357833512,-1.0,5,42,7,6,-1.2229700212902879,-0.7771440929344625
2004-11-04 23:30:00,23,-5.0,-5.000041155551962,0.0865345357833512,-9.0,5,42,7,6,-5.2229541197298746,-4.777128191374049
2004-11-05 00:30:00,23,-8.0,-8.000031416456277,0.0865345357833512,-13.0,5,42,7,6,-8.22294438063419,-7.777118452278365
2004-11-05 01:30:00,23,-6.0,-6.000027514846586,0.0865345357833512,-12.0,5,42,7,6,-6.222940479024499,-5.777114550668673
2004-11-05 02:30:00,23,-5.0,-5.000007845430311,0.0865345357833512,-7.0,5,42,7,6,-5.222920809608223,-4.777094881252398
2004-11-05 03:30:00,23,-6.0,-5.999996027471369,0.0865345357833512,-4.0,5,42,7,6,-6.222908991649281,-5.777083063293456
2004-11-05 04:30:00,23,-5.0,-5.000015880826531,0.0865345357833512,-1.0,5,42,7,6,-5.222928845004444,-4.7771029166486185
2004-11-05 05:30:00,23,-4.0,-4.000042838363125,0.0865345357833512,-5.0,5,42,7,6,-4.222955802541038,-3.7771298741852126
2004-11-05 06:30:00,23,-4.0,-4.000025051549361,0.0865345357833512,-8.0,5,42,7,6,-4.222938015727274,-3.7771120873714485
2004-11-05 07:30:00,23,-3.0,-3.0000230609355327,0.0865345357833512,-6.0,5,42,7,6,-3.2229360251134453,-2.77711009675762
2004-11-05 08:30:00,23,-2.0,-2.000033707046107,0.0865345357833512,-5.0,5,42,7,6,-2.22294667122402,-1.7771207428681945
2004-11-05 09:30:00,23,0.0,-3.8898333656334216e-05,0.0865345357833512,-6.0,5,42,7,6,-0.22295186251156904,0.22287406584425637
2004-11-05 10:30:00,23,1.0,0.999957963104798,0.0865345357833512,-5.0,5,42,7,6,0.7770449989268853,1.2228709272827107
2004-11-05 11:30:00,23,0.0,-3.594182343391594e-05,0.0865345357833512,-4.0,5,42,7,6,-0.22294890600134662,0.2228770223544788
2004-11-05 12:30:00,23,-3.0,-2.999994849825061,0.0865345357833512,-4.0,5,42,7,6,-3.2229078140029737,-2.7770818856471484
2004-11-05 13:30:00,23,-3.0,-2.999986927591017,0.0865345357833512,-3.0,5,42,7,6,-3.2228998917689298,-2.7770739634131045
2004-11-05 14:30:00,23,-3.0,-2.999979654297721,0.0865345357833512,-2.0,5,42,7,6,-3.2228926184756337,-2.7770666901198084
2004-11-05 15:30:00,23,-2.0,-1.999984714797208,0.0865345357833512,0.0,5,42,7,6,-2.2228976789751207,-1.7770717506192955
2004-11-05 16:30:00,23,0.0,3.109165625403421e-06,0.0865345357833512,1.0,5,42,7,6,-0.2229098550122873,0.2229160733435381
2004-11-05 17:30:00,23,-1.0,-0.9999842089780132,0.0865345357833512,0.0,5,42,7,6,-1.222897173155926,-0.7770712448001005
2004-11-05 18:30:00,23,-1.0,-0.9999923021521866,0.0865345357833512,-3.0,5,42,7,6,-1.2229052663300992,-0.7770793379742739
2004-11-05 19:30:00,23,1.0,0.9999921472333496,0.0865345357833512,-3.0,5,42,7,6,0.7770791830554369,1.2229051114112623
2004-11-05 20:30:00,23,2.0,1.9999814836462373,0.0865345357833512,-3.0,5,42,7,6,1.7770685194683247,2.22289444782415
2004-11-05 21:30:00,23,4.0,3.9999599652975206,0.0865345357833512,-2.0,5,42,7,6,3.777047001119608,4.222872929475433
2004-11-05 22:30:00,23,4.0,3.9999563488364975,0.0865345357833512,0.0,5,42,7,6,3.777043384658585,4.22286931301441
2004-11-05 23:30:00,23,5.0,4.99994312677083,0.0865345357833512,-1.0,5,42,7,6,4.777030162592918,5.222856090948743
2004-11-06 00:30:00,23,6.0,5.999927158156666,0.0865345357833512,-1.0,5,42,7,6,5.777014193978753,6.222840122334579
2004-11-06 01:30:00,23,6.0,5.999938905027008,0.0865345357833512,1.0,5,42,7,6,5.777025940849096,6.222851869204921
2004-11-06 02:30:00,23,6.0,5.999944344714486,0.0865345357833512,2.0,5,42,7,6,5.777031380536573,6.222857308892398
2004-11-06 03:30:00,23,5.0,4.999951971578518,0.0865345357833512,4.0,5,42,7,6,4.777039007400606,5.222864935756431
2004-11-06 04:30:00,23,4.0,3.999963648393539,0.0865345357833512,4.0,5,42,7,6,3.7770506842156264,4.222876612571452
2004-11-06 05:30:00,23,6.0,5.999948095340315,0.0865345357833512,5.0,5,42,7,6,5.777035131162402,6.222861059518228
2004-11-06 06:30:00,23,7.0,6.999944787800565,0.0865345357833512,6.0,5,42,7,6,6.777031823622653,7.222857751978478
2004-11-06 07:30:00,23,7.0,6.999945364464445,0.0865345357833512,6.0,5,42,7,6,6.777032400286532,7.222858328642357
2004-11-06 08:30:00,23,6.0,5.999952134588604,0.0865345357833512,6.0,5,42,7,6,5.777039170410691,6.222865098766516
2004-11-06 09:30:00,23,6.0,5.9999542636857655,0.0865345357833512,5.0,5,42,7,6,5.777041299507853,6.222867227863678
2004-11-06 10:30:00,23,6.0,5.999958376102548,0.0865345357833512,4.0,5,42,7,6,5.777045411924635,6.22287134028046
2004-11-06 11:30:00,23,6.0,5.9999634674510745,0.0865345357833512,6.0,5,42,7,6,5.777050503273162,6.222876431628987
2004-11-06 12:30:00,23,7.0,6.999960144809734,0.0865345357833512,7.0,5,42,7,6,6.777047180631821,7.222873108987646
2004-11-06 13:30:00,23,7.0,6.999963647945499,0.0865345357833512,7.0,5,42,7,6,6.777050683767587,7.222876612123412
2004-11-06 14:30:00,23,5.0,4.999983555975213,0.0865345357833512,6.0,5,42,7,6,4.7770705917973,5.222896520153125
2004-11-06 15:30:00,23,5.0,4.999984889825853,0.0865345357833512,6.0,5,42,7,6,4.777071925647941,5.222897854003766
2004-11-06 16:30:00,23,4.0,3.999999362774744,0.0865345357833512,6.0,5,42,7,6,3.7770863985968313,4.222912326952657
2004-11-06 17:30:00,23,5.0,4.999992828713232,0.0865345357833512,6.0,5,42,7,6,4.777079864535319,5.222905792891145
2004-11-06 18:30:00,23,6.0,5.999986712980601,0.0865345357833512,7.0,5,42,7,6,5.777073748802688,6.222899677158513
2004-11-06 19:30:00,23,1.0,1.0000374804923453,0.0865345357833512,7.0,5,42,7,6,0.7771245163144326,1.222950444670258
2004-11-06 20:30:00,23,2.0,2.000030333485199,0.0865345357833512,5.0,5,42,7,6,1.7771173693072866,2.222943297663112
2004-11-06 21:30:00,23,5.0,5.000000526888499,0.0865345357833512,5.0,5,42,7,6,4.777087562710586,5.222913491066412
2004-11-06 22:30:00,23,7.0,6.999985956865473,0.0865345357833512,4.0,5,42,7,6,6.77707299268756,7.222898921043385
2004-11-06 23:30:00,23,10.0,9.999960060391253,0.0865345357833512,5.0,5,42,7,6,9.77704709621334,10.222873024569166
2004-11-07 00:30:00,23,12.0,11.999918353349187,0.0865345357833512,6.0,5,42,7,6,11.777005389171274,12.2228313175271
2004-11-07 01:30:00,23,9.0,8.999930814907472,0.0865345357833512,1.0,5,42,7,6,8.777017850729559,9.222843779085386
2004-11-07 02:30:00,23,8.0,7.999937109393556,0.0865345357833512,2.0,5,42,7,6,7.777024145215643,8.222850073571468
2004-11-07 03:30:00,23,19.0,18.99985147398897,0.0865345357833512,5.0,5,42,7,6,18.776938509811057,19.22276443816688
2004-11-07 04:30:00,23,14.0,13.999921837384512,0.0865345357833512,7.0,5,42,7,6,13.777008873206599,14.222834801562426
2004-11-07 05:30:00,23,16.0,15.999896473046585,0.0865345357833512,10.0,5,42,7,6,15.776983508868671,16.222809437224498
2004-11-07 06:30:00,23,17.0,16.99988690351673,0.0865345357833512,12.0,5,42,7,6,16.77697393933882,17.222799867694643
2004-11-07 07:30:00,23,16.0,15.999897281819557,0.0865345357833512,9.0,5,42,7,6,15.776984317641643,16.22281024599747
2004-11-07 08:30:00,23,17.0,16.9998997636701,0.0865345357833512,8.0,5,42,7,6,16.77698679949219,17.222812727848012
2004-11-07 09:30:00,23,16.0,15.999901546196044,0.0865345357833512,19.0,5,42,7,6,15.77698858201813,16.222814510373958
2004-11-07 10:30:00,23,25.0,24.999822041665503,0.0865345357833512,14.0,5,42,7,6,24.77690907748759,25.222735005843415
2004-11-07 11:30:00,23,50.0,49.999594140926014,0.0865345357833512,16.0,5,42,7,6,49.7766811767481,50.22250710510393
2004-11-07 12:30:00,23,55.0,54.99956562123223,0.0865345357833512,17.0,5,42,7,6,54.77665265705431,55.222478585410144
2004-11-07 13:30:00,23,44.0,43.99967066452444,0.0865345357833512,16.0,5,42,7,6,43.77675770034652,44.22258362870235
2004-11-07 14:30:00,23,43.0,42.99969739803039,0.0865345357833512,17.0,5,42,7,6,42.77678443385248,43.22261036220831
2004-11-07 15:30:00,23,30.0,29.99982845591793,0.0865345357833512,16.0,5,42,7,6,29.776915491740017,30.22274142009584
2004-11-07 16:30:00,23,8.0,8.000049397355603,0.0865345357833512,25.0,5,42,7,6,7.777136433177691,8.222962361533517
2004-11-07 17:30:00,23,-15.0,-14.999715668555844,0.0865345357833512,50.0,5,42,7,6,-15.222628632733757,-14.77680270437793
2004-11-07 18:30:00,23,18.0,17.99992921483438,0.0865345357833512,55.0,5,42,7,6,17.77701625065647,18.222842179012293
2004-11-07 19:30:00,23,61.0,60.99951383665336,0.0865345357833512,44.0,5,42,7,6,60.77660087247544,61.22242680083127
2004-11-07 20:30:00,23,22.0,21.99988794255234,0.0865345357833512,43.0,5,42,7,6,21.77697497837443,22.222800906730253
2004-11-07 21:30:00,23,-74.0,-73.99952565230122,0.0865345357833512,30.0,5,42,7,6,-74.22243861647912,-73.77661268812331
2004-11-07 22:30:00,23,-77.0,-76.99962061428619,0.0865345357833512,8.0,5,42,7,6,-77.2225335784641,-76.77670765010828
2004-11-07 23:30:00,23,-117.0,-116.99898216653392,0.0865345357833512,-15.0,5,42,7,6,-117.22189513071183,-116.77606920235601
2004-11-08 00:30:00,23,-179.0,-178.9981916664857,0.0865345357833512,18.0,5,42,7,6,-179.2211046306636,-178.7752787023078
2004-11-08 01:30:00,23,-186.0,-185.99813513982176,0.0865345357833512,61.0,5,42,7,6,-186.22104810399966,-185.77522217564385
2004-11-08 02:30:00,23,-224.0,-223.9981815784745,0.0865345357833512,22.0,5,42,7,6,-224.2210945426524,-223.77526861429658
2004-11-08 03:30:00,23,-272.0,-271.9990499779756,0.0865345357833512,-74.0,5,42,7,6,-272.2219629421535,-271.77613701379767
2004-11-08 04:30:00,23,-342.0,-341.99824324767565,0.0865345357833512,-77.0,5,42,7,6,-342.22115621185355,-341.77533028349774
2004-11-08 05:30:00,23,-368.0,-367.9989143913235,0.0865345357833512,-117.0,5,42,7,6,-368.22182735550143,-367.7760014271456
2004-11-08 06:30:00,23,-374.0,-373.99899230263696,0.0865345357833512,-179.0,5,42,7,6,-374.2219052668149,-373.77607933845906
2004-11-08 07:30:00,23,-343.0,-342.99907018520184,0.0865345357833512,-186.0,5,42,7,6,-343.22198314937975,-342.77615722102394
2004-11-08 08:30:00,23,-320.0,-319.99924037472886,0.0865345357833512,-224.0,5,42,7,6,-320.22215333890676,-319.77632741055095
2004-11-08 09:30:00,23,-299.0,-298.9993885276166,0.0865345357833512,-272.0,5,42,7,6,-299.2223014917945,-298.7764755634387
2004-11-08 10:30:00,23,-234.0,-233.9999624579143,0.0865345357833512,-342.0,5,42,7,6,-234.22287542209222,-233.7770494937364
2004-11-08 11:30:00,23,-215.0,-214.9998543271732,0.0865345357833512,-368.0,5,42,7,6,-215.22276729135112,-214.7769413629953
2004-11-08 12:30:00,23,-181.0,-181.000031058466,0.0865345357833512,-374.0,5,42,7,6,-181.2229440226439,-180.77711809428808
2004-11-08 13:30:00,23,-168.0,-168.0000111636611,0.0865345357833512,-343.0,5,42,7,6,-168.222924127839,-167.7770981994832
2004-11-08 14:30:00,23,-160.0,-159.99998314319615,0.0865345357833512,-320.0,5,42,7,6,-160.22289610737405,-159.77707017901824
2004-11-08 15:30:00,23,-149.0,-149.00003463480297,0.0865345357833512,-299.0,5,42,7,6,-149.22294759898088,-148.77712167062506
2004-11-08 16:30:00,23,-145.0,-144.9999171937016,0.0865345357833512,-234.0,5,42,7,6,-145.2228301578795,-144.7770042295237
2004-11-08 17:30:00,23,-135.0,-134.99992100271683,0.0865345357833512,-215.0,5,42,7,6,-135.22283396689474,-134.77700803853892
2004-11-08 18:30:00,23,-128.0,-127.99987037212,0.0865345357833512,-181.0,5,42,7,6,-128.2227833362979,-127.77695740794209
2004-11-08 19:30:00,23,-125.0,-124.99984388706444,0.0865345357833512,-168.0,5,42,7,6,-125.22275685124235,-124.77693092288654
2004-11-08 20:30:00,23,-125.0,-124.9998061074119,0.0865345357833512,-160.0,5,42,7,6,-125.22271907158981,-124.77689314323399
2004-11-08 21:30:00,23,-118.0,-117.9998398923413,0.0865345357833512,-149.0,5,42,7,6,-118.22275285651921,-117.77692692816339
2004-11-08 22:30:00,23,-122.0,-121.9997923014246,0.0865345357833512,-145.0,5,42,7,6,-122.22270526560251,-121.7768793372467
2004-11-08 23:30:00,23,-126.0,-125.9997421940339,0.0865345357833512,-135.0,5,42,7,6,-126.22265515821181,-125.77682922985599
2004-11-09 00:30:00,23,-127.0,-126.99974786026117,0.0865345357833512,-128.0,5,42,7,6,-127.22266082443907,-126.77683489608326
2004-11-09 01:30:00,23,-129.0,-128.99974241603772,0.0865345357833512,-125.0,5,42,7,6,-129.22265538021563,-128.7768294518598
2004-11-09 02:30:00,23,-129.0,-128.99974109221583,0.0865345357833512,-125.0,5,42,7,6,-129.22265405639374,-128.77682812803792
2004-11-09 03:30:00,23,-122.0,-121.9997807149027,0.0865345357833512,-118.0,5,42,7,6,-122.2226936790806,-121.77686775072479
2004-11-09 04:30:00,23,-125.0,-124.99976576838812,0.0865345357833512,-122.0,5,42,7,6,-125.22267873256602,-124.77685280421021
2004-11-09 05:30:00,23,-118.0,-117.9998383416881,0.0865345357833512,-126.0,5,42,7,6,-118.22275130586601,-117.7769253775102
2004-11-09 06:30:00,23,-116.0,-115.99986865844426,0.0865345357833512,-127.0,5,42,7,6,-116.22278162262216,-115.77695569426635
2004-11-09 07:30:00,23,-103.0,-103.0000041356289,0.0865345357833512,-129.0,5,42,7,6,-103.2229170998068,-102.77709117145099
2004-11-09 08:30:00,23,-104.0,-103.99998818105382,0.0865345357833512,-129.0,5,42,7,6,-104.22290114523173,-103.77707521687591
2004-11-09 09:30:00,23,-93.0,-93.00006169657291,0.0865345357833512,-122.0,5,42,7,6,-93.22297466075082,-92.777148732395
2004-11-09 10:30:00,23,-78.0,-78.00021448952987,0.0865345357833512,-125.0,5,42,7,6,-78.22312745370778,-77.77730152535196
2004-11-09 11:30:00,23,-70.0,-70.00026663115992,0.0865345357833512,-118.0,5,42,7,6,-70.22317959533783,-69.77735366698201
2004-11-09 12:30:00,23,-92.0,-92.00003399423642,0.0865345357833512,-116.0,5,42,7,6,-92.22294695841433,-91.77712103005851
2004-11-09 13:30:00,23,-106.0,-105.99984210297907,0.0865345357833512,-103.0,5,42,7,6,-106.22275506715698,-105.77692913880117
2004-11-09 14:30:00,23,-118.0,-117.99970147842782,0.0865345357833512,-104.0,5,42,7,6,-118.22261444260573,-117.77678851424992
2004-11-09 15:30:00,23,-138.0,-137.9994544294741,0.0865345357833512,-93.0,5,42,7,6,-138.222367393652,-137.7765414652962
2004-11-09 16:30:00,23,-139.0,-138.99941642618649,0.0865345357833512,-78.0,5,42,7,6,-139.2223293903644,-138.77650346200858
2004-11-09 17:30:00,23,-129.0,-128.9994928027407,0.0865345357833512,-70.0,5,42,7,6,-129.2224057669186,-128.77657983856278
2004-11-09 18:30:00,23,-110.0,-109.99975373767572,0.0865345357833512,-92.0,5,42,7,6,-110.22266670185363,-109.77684077349781
2004-11-09 19:30:00,23,-106.0,-105.99990989067643,0.0865345357833512,-106.0,5,42,7,6,-106.22282285485434,-105.77699692649853
2004-11-09 20:30:00,23,-181.0,-180.99927390609267,0.0865345357833512,-118.0,5,42,7,6,-181.22218687027058,-180.77636094191476
2004-11-09 21:30:00,23,-214.0,-213.99904345350544,0.0865345357833512,-138.0,5,42,7,6,-214.22195641768334,-213.77613048932753
2004-11-09 22:30:00,23,-182.0,-181.9993274821264,0.0865345357833512,-139.0,5,42,7,6,-182.2222404463043,-181.7764145179485
2004-11-09 23:30:00,23,-173.0,-172.99934126116253,0.0865345357833512,-129.0,5,42,7,6,-173.22225422534044,-172.77642829698462
2004-11-10 00:30:00,23,-151.0,-150.99945683794652,0.0865345357833512,-110.0,5,42,7,6,-151.22236980212443,-150.77654387376862
2004-11-10 01:30:00,23,-135.0,-134.99974709862687,0.0865345357833512,-106.0,5,42,7,6,-135.22266006280478,-134.77683413444896
2004-11-10 02:30:00,23,-148.0,-147.99999279481315,0.0865345357833512,-181.0,5,42,7,6,-148.22290575899106,-147.77707983063524
2004-11-10 03:30:00,23,-155.0,-154.99958162614604,0.0865345357833512,-214.0,5,42,7,6,-155.22249459032395,-154.77666866196813
2004-11-10 04:30:00,23,-152.0,-151.99957144754333,0.0865345357833512,-182.0,5,42,7,6,-152.22248441172124,-151.77665848336542
2004-11-10 05:30:00,23,-197.0,-196.9992007622268,0.0865345357833512,-173.0,5,42,7,6,-197.2221137264047,-196.77628779804888
2004-11-10 06:30:00,23,-240.0,-239.9988210857964,0.0865345357833512,-151.0,5,42,7,6,-240.22173404997432,-239.7759081216185
2004-11-10 07:30:00,23,-259.0,-258.9987466910208,0.0865345357833512,-135.0,5,42,7,6,-259.2216596551987,-258.7758337268429
2004-11-10 08:30:00,23,-258.0,-257.9989372444749,0.0865345357833512,-148.0,5,42,7,6,-258.2218502086528,-257.776024280297
2004-11-10 09:30:00,23,-258.0,-257.99910426558915,0.0865345357833512,-155.0,5,42,7,6,-258.22201722976706,-257.77619130141125
2004-11-10 10:30:00,23,-263.0,-262.9991301774652,0.0865345357833512,-152.0,5,42,7,6,-263.2220431416431,-262.7762172132873
2004-11-10 11:30:00,23,-232.0,-231.9996453244145,0.0865345357833512,-197.0,5,42,7,6,-232.2225582885924,-231.7767323602366
2004-11-10 12:30:00,23,-234.0,-233.9997525370926,0.0865345357833512,-240.0,5,42,7,6,-234.2226655012705,-233.7768395729147
2004-11-10 13:30:00,23,-206.0,-205.99995013455185,0.0865345357833512,-259.0,5,42,7,6,-206.22286309872976,-205.77703717037394
2004-11-10 14:30:00,23,-176.0,-176.00006629404035,0.0865345357833512,-258.0,5,42,7,6,-176.22297925821826,-175.77715332986244
2004-11-10 15:30:00,23,-171.0,-170.9999699485645,0.0865345357833512,-258.0,5,42,7,6,-171.22288291274242,-170.7770569843866
2004-11-10 16:30:00,23,-164.0,-163.99996408227506,0.0865345357833512,-263.0,5,42,7,6,-164.22287704645296,-163.77705111809715
2004-11-10 17:30:00,23,-135.0,-135.00005703963893,0.0865345357833512,-232.0,5,42,7,6,-135.22297000381684,-134.77714407546102
2004-11-10 18:30:00,23,-118.0,-118.000181173328,0.0865345357833512,-234.0,5,42,7,6,-118.22309413750591,-117.7772682091501
2004-11-10 19:30:00,23,-122.0,-122.00006012050486,0.0865345357833512,-206.0,5,42,7,6,-122.22297308468276,-121.77714715632695
2004-11-10 20:30:00,23,-120.0,-119.99998861450084,0.0865345357833512,-176.0,5,42,7,6,-120.22290157867874,-119.77707565032293
2004-11-10 21:30:00,23,-118.0,-117.99996878092976,0.0865345357833512,-171.0,5,42,7,6,-118.22288174510767,-117.77705581675185
2004-11-10 22:30:00,23,-112.0,-111.99998885802418,0.0865345357833512,-164.0,5,42,7,6,-112.22290182220209,-111.77707589384627
2004-11-10 23:30:00,23,-109.0,-108.99993186103488,0.0865345357833512,-135.0,5,42,7,6,-109.22284482521279,-108.77701889685697
2004-11-11 00:30:00,23,-105.0,-104.99990344228443,0.0865345357833512,-118.0,5,42,7,6,-105.22281640646234,-104.77699047810653
2004-11-11 01:30:00,23,-97.0,-96.9999586419132,0.0865345357833512,-122.0,5,42,7,6,-97.2228716060911,-96.77704567773529
2004-11-11 02:30:00,23,-97.0,-96.99995169161156,0.0865345357833512,-120.0,5,42,7,6,-97.22286465578946,-96.77703872743365
2004-11-11 03:30:00,23,-97.0,-96.99993041590002,0.0865345357833512,-118.0,5,42,7,6,-97.22284338007793,-96.77701745172212
2004-11-11 04:30:00,23,-103.0,-102.999848570512,0.0865345357833512,-112.0,5,42,7,6,-103.22276153468991,-102.77693560633409
2004-11-11 05:30:00,23,-106.0,-105.99980649923484,0.0865345357833512,-109.0,5,42,7,6,-106.22271946341274,-105.77689353505693
2004-11-11 06:30:00,23,-103.0,-102.99983193662575,0.0865345357833512,-105.0,5,42,7,6,-103.22274490080366,-102.77691897244785
2004-11-11 07:30:00,23,-99.0,-98.99985354307458,0.0865345357833512,-97.0,5,42,7,6,-99.22276650725249,-98.77694057889667
2004-11-11 08:30:00,23,-90.0,-89.999934036187,0.0865345357833512,-97.0,5,42,7,6,-90.22284700036491,-89.77702107200909
2004-11-11 09:30:00,23,-80.0,-80.00001765168443,0.0865345357833512,-97.0,5,42,7,6,-80.22293061586234,-79.77710468750652
2004-11-11 10:30:00,23,-85.0,-85.00002746777704,0.0865345357833512,-103.0,5,42,7,6,-85.22294043195495,-84.77711450359914
2004-11-11 11:30:00,23,-82.0,-82.00010274063102,0.0865345357833512,-106.0,5,42,7,6,-82.22301570480893,-81.77718977645311
2004-11-11 12:30:00,23,-76.0,-76.00013319713892,0.0865345357833512,-103.0,5,42,7,6,-76.22304616131683,-75.77722023296101
2004-11-11 13:30:00,23,-77.0,-77.00004508191464,0.0865345357833512,-99.0,5,42,7,6,-77.22295804609254,-76.77713211773673
2004-11-11 14:30:00,23,-81.0,-80.99997050461039,0.0865345357833512,-90.0,5,42,7,6,-81.2228834687883,-80.77705754043248
2004-11-11 15:30:00,23,-75.0,-74.99999622140152,0.0865345357833512,-80.0,5,42,7,6,-75.22290918557943,-74.77708325722361
2004-11-11 16:30:00,23,-73.0,-73.00000959844681,0.0865345357833512,-85.0,5,42,7,6,-73.22292256262472,-72.7770966342689
2004-11-11 17:30:00,23,-58.0,-58.00013429372491,0.0865345357833512,-82.0,5,42,7,6,-58.22304725790283,-57.777221329547
2004-11-11 18:30:00,23,-52.0,-52.00016492710765,0.0865345357833512,-76.0,5,42,7,6,-52.22307789128556,-51.77725196292973
2004-11-11 19:30:00,23,-61.0,-61.00007287750528,0.0865345357833512,-77.0,5,42,7,6,-61.2229858416832,-60.77715991332737
2004-11-11 20:30:00,23,-59.0,-59.00009975814567,0.0865345357833512,-81.0,5,42,7,6,-59.22301272232359,-58.77718679396776
2004-11-11 21:30:00,23,-44.0,-44.0002224672105,0.0865345357833512,-75.0,5,42,7,6,-44.223135431388414,-43.77730950303258
2004-11-11 22:30:00,23,-40.0,-40.0002397663055,0.0865345357833512,-73.0,5,42,7,6,-40.22315273048341,-39.77732680212758
2004-11-11 23:30:00,23,-46.0,-46.000128792996485,0.0865345357833512,-58.0,5,42,7,6,-46.2230417571744,-45.77721582881857
2004-11-12 00:30:00,23,-60.0,-59.99994780157676,0.0865345357833512,-52.0,5,42,7,6,-60.222860765754675,-59.777034837398844
2004-11-12 01:30:00,23,-64.0,-63.99991167264567,0.0865345357833512,-61.0,5,42,7,6,-64.22282463682359,-63.77699870846776
2004-11-12 02:30:00,23,-68.0,-67.99986752646001,0.0865345357833512,-59.0,5,42,7,6,-68.22278049063792,-67.7769545622821
2004-11-12 03:30:00,23,-82.0,-81.99969171300467,0.0865345357833512,-44.0,5,42,7,6,-82.22260467718257,-81.77677874882676
2004-11-12 04:30:00,23,-80.0,-79.99968879710589,0.0865345357833512,-40.0,5,42,7,6,-80.2226017612838,-79.77677583292798
2004-11-12 05:30:00,23,-73.0,-72.99978650408994,0.0865345357833512,-46.0,5,42,7,6,-73.22269946826785,-72.77687353991203
2004-11-12 06:30:00,23,-62.0,-61.99997087014334,0.0865345357833512,-60.0,5,42,7,6,-62.22288383432126,-61.77705790596543
2004-11-12 07:30:00,23,-51.0,-51.00012653178428,0.0865345357833512,-64.0,5,42,7,6,-51.2230394959622,-50.77721356760637
2004-11-12 08:30:00,23,-62.0,-62.000104547316624,0.0865345357833512,-68.0,5,42,7,6,-62.22301751149454,-61.77719158313871
2004-11-12 09:30:00,23,-83.0,-82.99988774661935,0.0865345357833512,-82.0,5,42,7,6,-83.22280071079726,-82.77697478244144
2004-11-12 10:30:00,23,-92.0,-91.99979297666022,0.0865345357833512,-80.0,5,42,7,6,-92.22270594083813,-91.77688001248231
2004-11-12 11:30:00,23,-87.0,-86.99977959979711,0.0865345357833512,-73.0,5,42,7,6,-87.22269256397502,-86.7768666356192
2004-11-12 12:30:00,23,-80.0,-79.99978529557814,0.0865345357833512,-62.0,5,42,7,6,-80.22269825975604,-79.77687233140023
2004-11-12 13:30:00,23,-74.0,-73.99981059304285,0.0865345357833512,-51.0,5,42,7,6,-74.22272355722076,-73.77689762886494
2004-11-12 14:30:00,23,-63.0,-62.999942892707445,0.0865345357833512,-62.0,5,42,7,6,-63.22285585688536,-62.77702992852953
2004-11-12 15:30:00,23,-61.0,-61.00006340008543,0.0865345357833512,-83.0,5,42,7,6,-61.222976364263346,-60.777150435907515
2004-11-12 16:30:00,23,-71.0,-70.9999637771934,0.0865345357833512,-92.0,5,42,7,6,-71.22287674137131,-70.77705081301549
2004-11-12 17:30:00,23,-71.0,-70.99997337768396,0.0865345357833512,-87.0,5,42,7,6,-71.22288634186187,-70.77706041350605
2004-11-12 18:30:00,23,-69.0,-68.99998780742436,0.0865345357833512,-80.0,5,42,7,6,-69.22290077160227,-68.77707484324645
2004-11-12 19:30:00,23,-78.0,-77.9998803550624,0.0865345357833512,-74.0,5,42,7,6,-78.22279331924031,-77.7769673908845
2004-11-12 20:30:00,23,-81.0,-80.99983103037673,0.0865345357833512,-63.0,5,42,7,6,-81.22274399455463,-80.77691806619882
2004-11-12 21:30:00,23,-80.0,-79.99982013709962,0.0865345357833512,-61.0,5,42,7,6,-80.22273310127753,-79.77690717292171
2004-11-12 22:30:00,23,-71.0,-70.99995357649334,0.0865345357833512,-71.0,5,42,7,6,-71.22286654067125,-70.77704061231543
2004-11-12 23:30:00,23,-67.0,-66.99998218434575,0.0865345357833512,-71.0,5,42,7,6,-67.22289514852366,-66.77706922016785
2004-11-13 00:30:00,23,-64.0,-64.00001604102692,0.0865345357833512,-69.0,5,42,7,6,-64.22292900520483,-63.77710307684901
2004-11-13 01:30:00,23,-64.0,-64.00003617077024,0.0865345357833512,-78.0,5,42,7,6,-64.22294913494815,-63.77712320659233
2004-11-13 02:30:00,23,-64.0,-64.00004505505439,0.0865345357833512,-81.0,5,42,7,6,-64.2229580192323,-63.77713209087647
2004-11-13 03:30:00,23,-64.0,-64.00003021774832,0.0865345357833512,-80.0,5,42,7,6,-64.22294318192623,-63.7771172535704
2004-11-13 04:30:00,23,-61.0,-61.000012163957024,0.0865345357833512,-71.0,5,42,7,6,-61.22292512813494,-60.77709919977911
2004-11-13 05:30:00,23,-59.0,-59.00000145301529,0.0865345357833512,-67.0,5,42,7,6,-59.2229144171932,-58.77708848883737
2004-11-13 06:30:00,23,-59.0,-58.99998002575271,0.0865345357833512,-64.0,5,42,7,6,-59.22289298993063,-58.7770670615748
2004-11-13 07:30:00,23,-58.0,-57.99997896764768,0.0865345357833512,-64.0,5,42,7,6,-58.22289193182559,-57.77706600346976
2004-11-13 08:30:00,23,-60.0,-59.99995356522197,0.0865345357833512,-64.0,5,42,7,6,-60.22286652939989,-59.77704060104406
2004-11-13 09:30:00,23,-58.0,-57.9999688721426,0.0865345357833512,-64.0,5,42,7,6,-58.22288183632052,-57.77705590796469
2004-11-13 10:30:00,23,-55.0,-54.99998289210824,0.0865345357833512,-61.0,5,42,7,6,-55.22289585628616,-54.77706992793033
2004-11-13 11:30:00,23,-51.0,-51.00000737890433,0.0865345357833512,-59.0,5,42,7,6,-51.222920343082244,-50.77709441472641
2004-11-13 12:30:00,23,-51.0,-50.99999961856199,0.0865345357833512,-59.0,5,42,7,6,-51.22291258273991,-50.77708665438408
2004-11-13 13:30:00,23,-49.0,-49.00001817894105,0.0865345357833512,-58.0,5,42,7,6,-49.22293114311896,-48.77710521476313
2004-11-13 14:30:00,23,-48.0,-48.00003318286712,0.0865345357833512,-60.0,5,42,7,6,-48.222946147045036,-47.777120218689205
2004-11-13 15:30:00,23,-48.0,-48.00001745698239,0.0865345357833512,-58.0,5,42,7,6,-48.22293042116031,-47.777104492804476
2004-11-13 16:30:00,23,-51.0,-50.99996993808317,0.0865345357833512,-55.0,5,42,7,6,-51.222882902261084,-50.77705697390525
2004-11-13 17:30:00,23,-50.0,-49.9999630482901,0.0865345357833512,-51.0,5,42,7,6,-50.222876012468014,-49.77705008411218
2004-11-13 18:30:00,23,-48.0,-47.99997147572692,0.0865345357833512,-51.0,5,42,7,6,-48.22288443990484,-47.77705851154901
2004-11-13 19:30:00,23,-48.0,-47.99995445574771,0.0865345357833512,-49.0,5,42,7,6,-48.22286741992563,-47.7770414915698
2004-11-13 20:30:00,23,-51.0,-50.99991505400151,0.0865345357833512,-48.0,5,42,7,6,-51.22282801817943,-50.7770020898236
2004-11-13 21:30:00,23,-52.0,-51.9999018907903,0.0865345357833512,-48.0,5,42,7,6,-52.22281485496821,-51.77698892661238
2004-11-13 22:30:00,23,-49.0,-48.999942931910425,0.0865345357833512,-51.0,5,42,7,6,-49.22285589608834,-48.77702996773251
2004-11-13 23:30:00,23,-44.0,-43.99998627087717,0.0865345357833512,-50.0,5,42,7,6,-44.22289923505509,-43.77707330669926
2004-11-14 00:30:00,23,-48.0,-47.999934141604015,0.0865345357833512,-48.0,5,42,7,6,-48.22284710578193,-47.7770211774261
2004-11-14 01:30:00,23,-58.0,-57.99983211870352,0.0865345357833512,-48.0,5,42,7,6,-58.22274508288144,-57.77691915452561
2004-11-14 02:30:00,23,-58.0,-57.99984742361666,0.0865345357833512,-51.0,5,42,7,6,-58.22276038779457,-57.77693445943874
2004-11-14 03:30:00,23,-58.0,-57.99984450587569,0.0865345357833512,-52.0,5,42,7,6,-58.22275747005361,-57.77693154169778
2004-11-14 04:30:00,23,-56.0,-55.999869927478144,0.0865345357833512,-49.0,5,42,7,6,-56.22278289165606,-55.77695696330023
2004-11-14 05:30:00,23,-53.0,-52.99991049202213,0.0865345357833512,-44.0,5,42,7,6,-53.22282345620005,-52.776997527844216
2004-11-14 06:30:00,23,-52.0,-51.999953892743584,0.0865345357833512,-48.0,5,42,7,6,-52.2228668569215,-51.77704092856567
2004-11-14 07:30:00,23,-57.0,-56.99998078005065,0.0865345357833512,-58.0,5,42,7,6,-57.222893744228564,-56.77706781587273
2004-11-14 08:30:00,23,-57.0,-56.9999876863525,0.0865345357833512,-58.0,5,42,7,6,-57.22290065053041,-56.77707472217458
2004-11-14 09:30:00,23,-54.0,-53.99998287593979,0.0865345357833512,-58.0,5,42,7,6,-54.22289584011771,-53.77706991176188
2004-11-14 10:30:00,23,-54.0,-53.99993736974771,0.0865345357833512,-56.0,5,42,7,6,-54.22285033392563,-53.7770244055698
2004-11-14 11:30:00,23,-53.0,-52.99991821634095,0.0865345357833512,-53.0,5,42,7,6,-53.22283118051887,-52.777005252163036
2004-11-14 12:30:00,23,-52.0,-51.999922081886055,0.0865345357833512,-52.0,5,42,7,6,-52.22283504606397,-51.77700911770814
2004-11-14 13:30:00,23,-51.0,-50.9999604338001,0.0865345357833512,-57.0,5,42,7,6,-51.22287339797801,-50.77704746962218
2004-11-14 14:30:00,23,-48.0,-47.99999208310126,0.0865345357833512,-57.0,5,42,7,6,-48.22290504727918,-47.777079118923346
2004-11-14 15:30:00,23,-45.0,-45.000014791512406,0.0865345357833512,-54.0,5,42,7,6,-45.22292775569032,-44.77710182733449
2004-11-14 16:30:00,23,-44.0,-44.000024793935545,0.0865345357833512,-54.0,5,42,7,6,-44.22293775811346,-43.77711182975763
2004-11-14 17:30:00,23,-41.0,-41.00005281102888,0.0865345357833512,-53.0,5,42,7,6,-41.222965775206795,-40.777139846850964
2004-11-14 18:30:00,23,-43.0,-43.00003454350328,0.0865345357833512,-52.0,5,42,7,6,-43.2229475076812,-42.77712157932537
2004-11-14 19:30:00,23,-44.0,-44.00001719714114,0.0865345357833512,-51.0,5,42,7,6,-44.222930161319056,-43.777104232963225
2004-11-14 20:30:00,23,-44.0,-43.99999024622978,0.0865345357833512,-48.0,5,42,7,6,-44.222903210407694,-43.77707728205186
2004-11-14 21:30:00,23,-42.0,-41.99999266934153,0.0865345357833512,-45.0,5,42,7,6,-42.222905633519446,-41.777079705163615
2004-11-14 22:30:00,23,-41.0,-40.99998704039884,0.0865345357833512,-44.0,5,42,7,6,-41.22290000457676,-40.77707407622093
2004-11-14 23:30:00,23,-40.0,-39.99998302058788,0.0865345357833512,-41.0,5,42,7,6,-40.22289598476579,-39.77707005640996
2004-11-15 00:30:00,23,-39.0,-38.99999484891457,0.0865345357833512,-43.0,5,42,7,6,-39.22290781309248,-38.77708188473665
2004-11-15 01:30:00,23,-39.0,-38.99998921564014,0.0865345357833512,-44.0,5,42,7,6,-39.22290217981806,-38.777076251462226
2004-11-15 02:30:00,23,-41.0,-40.9999703155008,0.0865345357833512,-44.0,5,42,7,6,-41.22288327967872,-40.77705735132289
2004-11-15 03:30:00,23,-39.0,-38.99998011994968,0.0865345357833512,-42.0,5,42,7,6,-39.2228930841276,-38.77706715577177
2004-11-15 04:30:00,23,-40.0,-39.999960224441104,0.0865345357833512,-41.0,5,42,7,6,-40.22287318861902,-39.77704726026319
2004-11-15 05:30:00,23,-41.0,-40.99994578974428,0.0865345357833512,-40.0,5,42,7,6,-41.222858753922196,-40.777032825566366
2004-11-15 06:30:00,23,-38.0,-37.99996545025827,0.0865345357833512,-39.0,5,42,7,6,-38.22287841443619,-37.77705248608036
2004-11-15 07:30:00,23,-38.0,-37.99996369873756,0.0865345357833512,-39.0,5,42,7,6,-38.222876662915475,-37.777050734559644
2004-11-15 08:30:00,23,-38.0,-37.99997082679324,0.0865345357833512,-41.0,5,42,7,6,-38.22288379097115,-37.77705786261532
2004-11-15 09:30:00,23,-36.0,-35.99998294351802,0.0865345357833512,-39.0,5,42,7,6,-36.222895907695936,-35.777069979340105
2004-11-15 10:30:00,23,-37.0,-36.99997522835132,0.0865345357833512,-40.0,5,42,7,6,-37.22288819252923,-36.7770622641734
2004-11-15 11:30:00,23,-39.0,-38.999957763697125,0.0865345357833512,-41.0,5,42,7,6,-39.22287072787504,-38.77704479951921
2004-11-15 12:30:00,23,-41.0,-40.99992962844268,0.0865345357833512,-38.0,5,42,7,6,-41.222842592620594,-40.777016664264764
2004-11-15 13:30:00,23,-41.0,-40.999925220683735,0.0865345357833512,-38.0,5,42,7,6,-41.22283818486165,-40.77701225650582
2004-11-15 14:30:00,23,-40.0,-39.99993368939647,0.0865345357833512,-38.0,5,42,7,6,-40.222846653574386,-39.777020725218556
2004-11-15 15:30:00,23,-40.0,-39.99993037346685,0.0865345357833512,-36.0,5,42,7,6,-40.22284333764477,-39.77701740928894
2004-11-15 16:30:00,23,-41.0,-40.99992158452643,0.0865345357833512,-37.0,5,42,7,6,-41.22283454870435,-40.77700862034852
2004-11-15 17:30:00,23,-41.0,-40.99992206629501,0.0865345357833512,-39.0,5,42,7,6,-41.22283503047292,-40.77700910211709
2004-11-15 18:30:00,23,-41.0,-40.999929960963,0.0865345357833512,-41.0,5,42,7,6,-41.22284292514092,-40.777016996785086
2004-11-15 19:30:00,23,-38.0,-37.999958945612754,0.0865345357833512,-41.0,5,42,7,6,-38.22287190979067,-37.77704598143484
2004-11-15 20:30:00,23,-36.0,-35.99997453350681,0.0865345357833512,-40.0,5,42,7,6,-36.222887497684724,-35.77706156932889
2004-11-15 21:30:00,23,-31.0,-31.00002006044666,0.0865345357833512,-40.0,5,42,7,6,-31.22293302462457,-30.777107096268747
2004-11-15 22:30:00,23,-28.0,-28.000047617811624,0.0865345357833512,-41.0,5,42,7,6,-28.222960581989536,-27.777134653633713
2004-11-15 23:30:00,23,-27.0,-27.00006332221865,0.0865345357833512,-41.0,5,42,7,6,-27.222976286396563,-26.77715035804074
2004-11-16 00:30:00,23,-24.0,-24.000090398388927,0.0865345357833512,-41.0,5,42,7,6,-24.22300336256684,-23.777177434211016
2004-11-16 01:30:00,23,-23.0,-23.00008737980503,0.0865345357833512,-38.0,5,42,7,6,-23.223000343982942,-22.77717441562712
2004-11-16 02:30:00,23,-23.0,-23.000075238071336,0.0865345357833512,-36.0,5,42,7,6,-23.222988202249248,-22.777162273893424
2004-11-16 03:30:00,23,-20.0,-20.00008485156509,0.0865345357833512,-31.0,5,42,7,6,-20.222997815743003,-19.77717188738718
2004-11-16 04:30:00,23,-21.0,-21.00005810464297,0.0865345357833512,-28.0,5,42,7,6,-21.222971068820883,-20.77714514046506
2004-11-16 05:30:00,23,-22.0,-22.00003909883368,0.0865345357833512,-27.0,5,42,7,6,-22.22295206301159,-21.777126134655767
2004-11-16 06:30:00,23,-23.0,-23.00001495243277,0.0865345357833512,-24.0,5,42,7,6,-23.222927916610683,-22.77710198825486
2004-11-16 07:30:00,23,-29.0,-28.999948949551097,0.0865345357833512,-23.0,5,42,7,6,-29.22286191372901,-28.777035985373185
2004-11-16 08:30:00,23,-34.0,-33.999903793584096,0.0865345357833512,-23.0,5,42,7,6,-34.22281675776201,-33.77699082940618
2004-11-16 09:30:00,23,-41.0,-40.99983930806731,0.0865345357833512,-20.0,5,42,7,6,-41.22275227224522,-40.77692634388939
2004-11-16 10:30:00,23,-38.0,-37.99986382308615,0.0865345357833512,-21.0,5,42,7,6,-38.22277678726407,-37.776950858908236
2004-11-16 11:30:00,23,-37.0,-36.999884718321525,0.0865345357833512,-22.0,5,42,7,6,-37.22279768249944,-36.77697175414361
2004-11-16 12:30:00,23,-35.0,-34.999914268994715,0.0865345357833512,-23.0,5,42,7,6,-35.22282723317263,-34.7770013048168
2004-11-16 13:30:00,23,-35.0,-34.999939699878205,0.0865345357833512,-29.0,5,42,7,6,-35.22285266405612,-34.77702673570029
2004-11-16 14:30:00,23,-36.0,-36.00002379817076,0.0865345357833512,-34.0,5,42,7,6,-36.222936762348674,-35.77711083399284
2004-11-16 15:30:00,23,-36.0,-35.99998824200966,0.0865345357833512,-41.0,5,42,7,6,-36.22290120618757,-35.77707527783174
2004-11-16 16:30:00,23,-34.0,-33.99996142574616,0.0865345357833512,-38.0,5,42,7,6,-34.22287438992407,-33.77704846156824
2004-11-16 17:30:00,23,-33.0,-32.999961554023415,0.0865345357833512,-37.0,5,42,7,6,-33.22287451820133,-32.7770485898455
2004-11-16 18:30:00,23,-32.0,-31.999972534507496,0.0865345357833512,-35.0,5,42,7,6,-32.22288549868541,-31.777059570329584
2004-11-16 19:30:00,23,-34.0,-33.999957630345385,0.0865345357833512,-35.0,5,42,7,6,-34.2228705945233,-33.77704466616747
2004-11-16 20:30:00,23,-32.0,-31.999985750632685,0.0865345357833512,-36.0,5,42,7,6,-32.2228987148106,-31.777072786454774
2004-11-16 21:30:00,23,-35.0,-34.99994024925988,0.0865345357833512,-36.0,5,42,7,6,-35.222853213437794,-34.777027285081964
2004-11-16 22:30:00,23,-35.0,-34.999938918421094,0.0865345357833512,-34.0,5,42,7,6,-35.22285188259901,-34.77702595424318
2004-11-16 23:30:00,23,-31.0,-30.9999828751992,0.0865345357833512,-33.0,5,42,7,6,-31.222895839377113,-30.77706991102129
2004-11-17 00:30:00,23,-29.0,-29.000024385717538,0.0865345357833512,-32.0,5,42,7,6,-29.22293734989545,-28.777111421539626
2004-11-17 01:30:00,23,-27.0,-27.00002163434568,0.0865345357833512,-34.0,5,42,7,6,-27.22293459852359,-26.777108670167767
2004-11-17 02:30:00,23,-30.0,-30.00001867349918,0.0865345357833512,-32.0,5,42,7,6,-30.222931637677092,-29.77710570932127
2004-11-17 03:30:00,23,-31.0,-30.99998594997425,0.0865345357833512,-35.0,5,42,7,6,-31.22289891415216,-30.777072985796337
2004-11-17 04:30:00,23,-31.0,-30.99997092465008,0.0865345357833512,-35.0,5,42,7,6,-31.22288388882799,-30.777057960472167
2004-11-17 05:30:00,23,-34.0,-33.99994564870224,0.0865345357833512,-31.0,5,42,7,6,-34.22285861288015,-33.77703268452432
2004-11-17 06:30:00,23,-35.0,-34.99991861603221,0.0865345357833512,-29.0,5,42,7,6,-35.222831580210126,-34.777005651854296
2004-11-17 07:30:00,23,-40.0,-39.99985991035009,0.0865345357833512,-27.0,5,42,7,6,-40.222772874528005,-39.776946946172174
2004-11-17 08:30:00,23,-40.0,-39.9998996117353,0.0865345357833512,-30.0,5,42,7,6,-40.22281257591322,-39.776986647557386
2004-11-17 09:30:00,23,-43.0,-42.99988124844235,0.0865345357833512,-31.0,5,42,7,6,-43.222794212620265,-42.776968284264434
2004-11-17 10:30:00,23,-46.0,-45.99983822345041,0.0865345357833512,-31.0,5,42,7,6,-46.222751187628326,-45.776925259272495
2004-11-17 11:30:00,23,-46.0,-45.99985199926256,0.0865345357833512,-34.0,5,42,7,6,-46.222764963440476,-45.776939035084645
2004-11-17 12:30:00,23,-41.0,-40.999902076286816,0.0865345357833512,-35.0,5,42,7,6,-41.22281504046473,-40.7769891121089
2004-11-17 13:30:00,23,-37.0,-37.0000064794776,0.0865345357833512,-40.0,5,42,7,6,-37.22291944365551,-36.77709351529968
2004-11-17 14:30:00,23,-34.0,-34.00004129789573,0.0865345357833512,-40.0,5,42,7,6,-34.22295426207364,-33.77712833371781
2004-11-17 15:30:00,23,-33.0,-33.000056074503725,0.0865345357833512,-43.0,5,42,7,6,-33.22296903868164,-32.77714311032581
2004-11-17 16:30:00,23,-33.0,-33.00001868981713,0.0865345357833512,-46.0,5,42,7,6,-33.22293165399505,-32.77710572563922
2004-11-17 17:30:00,23,-31.0,-31.000022347631333,0.0865345357833512,-46.0,5,42,7,6,-31.222935311809245,-30.77710938345342
2004-11-17 18:30:00,23,-29.0,-29.000030404773376,0.0865345357833512,-41.0,5,42,7,6,-29.222943368951288,-28.777117440595465
2004-11-17 19:30:00,23,-29.0,-29.000023654069345,0.0865345357833512,-37.0,5,42,7,6,-29.222936618247257,-28.777110689891433
2004-11-17 20:30:00,23,-30.0,-30.00000269742577,0.0865345357833512,-34.0,5,42,7,6,-30.222915661603682,-29.77708973324786
2004-11-17 21:30:00,23,-30.0,-29.999997293714795,0.0865345357833512,-33.0,5,42,7,6,-30.222910257892707,-29.777084329536883
2004-11-17 22:30:00,23,-30.0,-29.99999126348583,0.0865345357833512,-33.0,5,42,7,6,-30.22290422766374,-29.777078299307917
2004-11-17 23:30:00,23,-29.0,-28.999992236171863,0.0865345357833512,-31.0,5,42,7,6,-29.222905200349775,-28.77707927199395
2004-11-18 00:30:00,23,-27.0,-27.000003657025243,0.0865345357833512,-29.0,5,42,7,6,-27.222916621203154,-26.77709069284733
2004-11-18 01:30:00,23,-24.0,-24.000035030308904,0.0865345357833512,-29.0,5,42,7,6,-24.222947994486816,-23.777122066130993
2004-11-18 02:30:00,23,-23.0,-23.00004894600262,0.0865345357833512,-30.0,5,42,7,6,-23.222961910180533,-22.77713598182471
2004-11-18 03:30:00,23,-24.0,-24.00004160437988,0.0865345357833512,-30.0,5,42,7,6,-24.222954568557792,-23.77712864020197
2004-11-18 04:30:00,23,-24.0,-24.000039272197853,0.0865345357833512,-30.0,5,42,7,6,-24.222952236375765,-23.77712630801994
2004-11-18 05:30:00,23,-24.0,-24.00002321852397,0.0865345357833512,-29.0,5,42,7,6,-24.222936182701883,-23.77711025434606
2004-11-18 06:30:00,23,-23.0,-23.00003109262672,0.0865345357833512,-27.0,5,42,7,6,-23.222944056804632,-22.77711812844881
2015-03-09 21:30:00,35,-4.0,-10.435449100214782,19.68492246492282,-24.0,5,42,7,6,-61.14380936985597,40.27291116942641
2015-03-09 22:30:00,35,-4.0,-10.63538322876801,19.68492246492282,-23.0,5,42,7,6,-61.3437434984092,40.072977040873184
2015-03-09 23:30:00,35,-3.0,-10.17810179178372,19.68492246492282,-24.0,5,42,7,6,-60.88646206142491,40.53025847785747
2015-03-10 00:30:00,35,-1.0,-8.607016800513488,19.68492246492282,-24.0,5,42,7,6,-59.31537707015468,42.1013434691277
2015-03-10 01:30:00,35,-4.0,-8.113342333300906,19.68492246492282,-24.0,5,42,7,6,-58.821702602942096,42.595017936340284
2015-03-10 02:30:00,35,-4.0,-8.271504873746437,19.68492246492282,-23.0,5,42,7,6,-58.97986514338763,42.43685539589475
2015-03-10 03:30:00,35,-6.0,-8.829084929945111,19.68492246492282,-4.0,5,42,7,6,-59.5374451995863,41.87927533969608
2015-03-10 04:30:00,35,-6.0,-7.821825363047779,19.68492246492282,-4.0,5,42,7,6,-58.53018563268897,42.88653490659341
2015-03-10 05:30:00,35,-4.0,-7.390535232753866,19.68492246492282,-3.0,5,42,7,6,-58.09889550239505,43.31782503688733
2015-03-10 06:30:00,35,-2.0,-6.759137611847759,19.68492246492282,-1.0,5,42,7,6,-57.46749788148895,43.94922265779343
2015-03-10 07:30:00,35,-1.0,-6.661974678874913,19.68492246492282,-4.0,5,42,7,6,-57.3703349485161,44.04638559076628
2015-03-10 08:30:00,35,1.0,-6.91403661153327,19.68492246492282,-4.0,5,42,7,6,-57.62239688117446,43.79432365810792
2015-03-10 09:30:00,35,-3.0,-7.344930176117302,19.68492246492282,-6.0,5,42,7,6,-58.05329044575849,43.36343009352389
2015-03-10 10:30:00,35,-7.0,-6.060609867658812,19.68492246492282,-6.0,5,42,7,6,-56.7689701373,44.64775040198238
2015-03-10 11:30:00,35,-3.0,-5.814444412031012,19.68492246492282,-4.0,5,42,7,6,-56.5228046816722,44.89391585761018
2015-03-10 12:30:00,35,-5.0,-5.148835955813837,19.68492246492282,-2.0,5,42,7,6,-55.85719622545503,45.55952431382735
2015-03-10 13:30:00,35,-6.0,-4.8557912324160775,19.68492246492282,-1.0,5,42,7,6,-55.56415150205727,45.85256903722511
2015-03-10 14:30:00,35,-6.0,-5.837271861145268,19.68492246492282,1.0,5,42,7,6,-56.54563213078646,44.87108840849592
2015-03-10 15:30:00,35,-7.0,-6.724209491017724,19.68492246492282,-3.0,5,42,7,6,-57.432569760658915,43.984150778623466
2015-03-10 16:30:00,35,-7.0,-6.927142783191048,19.68492246492282,-7.0,5,42,7,6,-57.635503052832235,43.781217486450146
2015-03-10 17:30:00,35,-6.0,-5.631436921510012,19.68492246492282,-3.0,5,42,7,6,-56.339797191151206,45.076923348131174
2015-03-10 18:30:00,35,-6.0,-5.2897186330320025,19.68492246492282,-5.0,5,42,7,6,-55.99807890267319,45.41864163660919
2015-03-10 19:30:00,35,-8.0,-3.2561231716739414,19.68492246492282,-6.0,5,42,7,6,-53.96448344131513,47.45223709796725
2015-03-10 20:30:00,35,-6.0,-2.568070829897973,19.68492246492282,-6.0,5,42,7,6,-53.27643109953917,48.14028943974321
2015-03-10 21:30:00,35,-4.0,-2.418476709216801,19.68492246492282,-7.0,5,42,7,6,-53.126836978857995,48.289883560424386
2015-03-10 22:30:00,35,-4.0,-2.987620014748458,19.68492246492282,-7.0,5,42,7,6,-53.69598028438965,47.72074025489273
2015-03-10 23:30:00,35,-5.0,-2.1280085794204133,19.68492246492282,-6.0,5,42,7,6,-52.8363688490616,48.58035169022078
2015-03-11 00:30:00,35,-6.0,-1.7680244310046689,19.68492246492282,-6.0,5,42,7,6,-52.47638470064586,48.94033583863652
2015-03-11 01:30:00,35,-6.0,-1.9651175888166,19.68492246492282,-8.0,5,42,7,6,-52.67347785845779,48.74324268082459
2015-03-11 02:30:00,35,-6.0,-0.9776841403876908,19.68492246492282,-6.0,5,42,7,6,-51.686044410028884,49.730676129253496
2015-03-11 03:30:00,35,-6.0,-0.4122594510208373,19.68492246492282,-4.0,5,42,7,6,-51.12061972066203,50.29610081862035
2015-03-11 04:30:00,35,-5.0,-0.9244056456161758,19.68492246492282,-4.0,5,42,7,6,-51.632765915257366,49.783954624025014
2015-03-11 05:30:00,35,5.0,-0.9948924917657358,19.68492246492282,-5.0,5,42,7,6,-51.70325276140693,49.71346777787545
2015-03-11 06:30:00,35,6.0,-1.082700374631667,19.68492246492282,-6.0,5,42,7,6,-51.79106064427286,49.62565989500952
2015-03-11 07:30:00,35,8.0,-3.260400880478912,19.68492246492282,-6.0,5,42,7,6,-53.9687611501201,47.44795938916228
2015-03-11 08:30:00,35,0.0,-5.674107825298588,19.68492246492282,-6.0,5,42,7,6,-56.38246809493978,45.0342524443426
2015-03-11 09:30:00,35,2.0,-4.472223342903842,19.68492246492282,-6.0,5,42,7,6,-55.180583612545036,46.236136926737345
2015-03-11 10:30:00,35,1.0,-5.963535782741182,19.68492246492282,-5.0,5,42,7,6,-56.67189605238237,44.74482448690001
2015-03-11 11:30:00,35,2.0,-4.359819717922207,19.68492246492282,5.0,5,42,7,6,-55.0681799875634,46.34854055171898
2015-03-11 12:30:00,35,-6.0,-3.055099029174972,19.68492246492282,6.0,5,42,7,6,-53.76345929881616,47.65326124046622
2015-03-11 13:30:00,35,-11.0,-3.7911271537438544,19.68492246492282,8.0,5,42,7,6,-54.49948742338505,46.91723311589733
2015-03-11 14:30:00,35,-14.0,-5.190997608554202,19.68492246492282,0.0,5,42,7,6,-55.89935787819539,45.51736266108699
2015-03-11 15:30:00,35,-14.0,-6.363191671325399,19.68492246492282,2.0,5,42,7,6,-57.071551940966586,44.345168598315794
2015-03-11 16:30:00,35,-12.0,-5.71907794339419,19.68492246492282,1.0,5,42,7,6,-56.42743821303538,44.989282326247
2015-03-11 17:30:00,35,-12.0,-7.366255876395773,19.68492246492282,2.0,5,42,7,6,-58.07461614603696,43.34210439324542
2015-03-11 18:30:00,35,-15.0,-11.21863387184797,19.68492246492282,-6.0,5,42,7,6,-61.92699414148916,39.48972639779322
2015-03-11 19:30:00,35,-20.0,-15.602405584492132,19.68492246492282,-11.0,5,42,7,6,-66.31076585413332,35.10595468514906
2015-03-11 20:30:00,35,-19.0,-18.895531663389512,19.68492246492282,-14.0,5,42,7,6,-69.6038919330307,31.812828606251678
2015-03-11 21:30:00,35,-16.0,-11.478308565920646,19.68492246492282,-14.0,5,42,7,6,-62.18666883556183,39.23005170372055
2015-03-11 22:30:00,35,-15.0,-10.378543004359418,19.68492246492282,-12.0,5,42,7,6,-61.086903274000605,40.329817265281775
2015-03-11 23:30:00,35,-14.0,-12.423606365918037,19.68492246492282,-12.0,5,42,7,6,-63.13196663555922,38.28475390372316
2015-03-12 00:30:00,35,-15.0,-11.375931769024415,19.68492246492282,-15.0,5,42,7,6,-62.08429203866561,39.33242850061677
2015-03-12 01:30:00,35,-12.0,-10.83380477335676,19.68492246492282,-20.0,5,42,7,6,-61.54216504299795,39.87455549628443
2015-03-12 02:30:00,35,-8.0,-11.215708387102932,19.68492246492282,-19.0,5,42,7,6,-61.924068656744126,39.492651882538254
2015-03-12 03:30:00,35,-10.0,-8.376902504520139,19.68492246492282,-16.0,5,42,7,6,-59.08526277416133,42.33145776512105
2015-03-12 04:30:00,35,-11.0,-7.381097835668939,19.68492246492282,-15.0,5,42,7,6,-58.08945810531013,43.32726243397225
2015-03-12 05:30:00,35,-7.0,-7.580758918979296,19.68492246492282,-14.0,5,42,7,6,-58.28911918862049,43.12760135066189
2015-03-12 06:30:00,35,-12.0,-7.869881325792964,19.68492246492282,-15.0,5,42,7,6,-58.57824159543415,42.83847894384823
2015-03-12 07:30:00,35,-22.0,-7.048576404419041,19.68492246492282,-12.0,5,42,7,6,-57.75693667406023,43.65978386522215
2015-03-12 08:30:00,35,-24.0,-9.216345431313307,19.68492246492282,-8.0,5,42,7,6,-59.9247057009545,41.49201483832788
2015-03-12 09:30:00,35,-23.0,-11.397478505928069,19.68492246492282,-10.0,5,42,7,6,-62.10583877556926,39.31088176371312
2015-03-12 10:30:00,35,-19.0,-9.278244354466874,19.68492246492282,-11.0,5,42,7,6,-59.98660462410807,41.43011591517431
2015-03-12 11:30:00,35,-19.0,-11.605747015466047,19.68492246492282,-7.0,5,42,7,6,-62.31410728510724,39.10261325417514
2015-03-12 12:30:00,35,-15.0,-14.958551899649368,19.68492246492282,-12.0,5,42,7,6,-65.66691216929055,35.749808369991825
2015-03-12 13:30:00,35,-17.0,-18.11724978748644,19.68492246492282,-22.0,5,42,7,6,-68.82561005712763,32.59111048215475
2015-03-12 14:30:00,35,-18.0,-25.31930239844476,19.68492246492282,-24.0,5,42,7,6,-76.02766266808595,25.38905787119643
2015-03-12 15:30:00,35,-13.0,-22.002774608612803,19.68492246492282,-23.0,5,42,7,6,-72.711134878254,28.705585661028387
2015-03-12 16:30:00,35,-9.0,-14.018493967884204,19.68492246492282,-19.0,5,42,7,6,-64.7268542375254,36.689866301756986
2015-03-12 17:30:00,35,-9.0,-16.46513970390729,19.68492246492282,-19.0,5,42,7,6,-67.17349997354847,34.2432205657339
2015-03-12 18:30:00,35,-9.0,-16.98717837099234,19.68492246492282,-15.0,5,42,7,6,-67.69553864063353,33.72118189864885
2015-03-12 19:30:00,35,-8.0,-18.619858901812947,19.68492246492282,-17.0,5,42,7,6,-69.32821917145414,32.08850136782824
2015-03-12 20:30:00,35,-8.0,-17.224598794258206,19.68492246492282,-18.0,5,42,7,6,-67.9329590638994,33.483761475382984
2015-03-12 21:30:00,35,-11.0,-17.638022880862877,19.68492246492282,-13.0,5,42,7,6,-68.34638315050407,33.07033738877831
2015-03-12 22:30:00,35,-13.0,-14.626704413403695,19.68492246492282,-9.0,5,42,7,6,-65.33506468304489,36.0816558562375
2015-03-12 23:30:00,35,-15.0,-13.653809540644763,19.68492246492282,-9.0,5,42,7,6,-64.36216981028595,37.054550728996425
2015-03-13 00:30:00,35,-13.0,-12.528258539838188,19.68492246492282,-9.0,5,42,7,6,-63.23661880947938,38.180101729803
2015-03-13 01:30:00,35,-12.0,-11.95361098893438,19.68492246492282,-8.0,5,42,7,6,-62.66197125857557,38.75474928070681
2015-03-13 02:30:00,35,-9.0,-11.57678254946442,19.68492246492282,-8.0,5,42,7,6,-62.28514281910561,39.13157772017677
2015-03-13 03:30:00,35,-3.0,-11.698164162074722,19.68492246492282,-11.0,5,42,7,6,-62.40652443171591,39.01019610756647
2015-03-13 04:30:00,35,-2.0,-10.989585752517256,19.68492246492282,-13.0,5,42,7,6,-61.69794602215845,39.71877451712393
2015-03-13 05:30:00,35,1.0,-10.504282505726962,19.68492246492282,-15.0,5,42,7,6,-61.21264277536815,40.20407776391423
2015-03-13 06:30:00,35,1.0,-10.639803961271625,19.68492246492282,-13.0,5,42,7,6,-61.348164230912815,40.068556308369565
2015-03-13 07:30:00,35,0.0,-10.443144208607109,19.68492246492282,-12.0,5,42,7,6,-61.1515044782483,40.26521606103408
2015-03-13 08:30:00,35,-1.0,-9.468580726030634,19.68492246492282,-9.0,5,42,7,6,-60.17694099567183,41.23977954361055
2015-03-13 09:30:00,35,-2.0,-8.435379694034879,19.68492246492282,-3.0,5,42,7,6,-59.14373996367607,42.27298057560631
2015-03-13 10:30:00,35,-2.0,-7.930464864324133,19.68492246492282,-2.0,5,42,7,6,-58.63882513396533,42.777895405317054
2015-03-13 11:30:00,35,0.0,-7.371831633617244,19.68492246492282,1.0,5,42,7,6,-58.08019190325844,43.33652863602394
2015-03-13 12:30:00,35,-3.0,-7.137099405778205,19.68492246492282,1.0,5,42,7,6,-57.84545967541939,43.57126086386299
2015-03-13 13:30:00,35,-16.0,-7.696742470478565,19.68492246492282,0.0,5,42,7,6,-58.40510274011976,43.01161779916262
2015-03-13 14:30:00,35,-20.0,-7.382764278460744,19.68492246492282,-1.0,5,42,7,6,-58.09112454810193,43.32559599118045
2015-03-13 15:30:00,35,-11.0,-6.599744200783576,19.68492246492282,-2.0,5,42,7,6,-57.308104470424766,44.108616068857614
2015-03-13 16:30:00,35,-7.0,-7.222428211200935,19.68492246492282,-2.0,5,42,7,6,-57.930788480842125,43.485932058440255
2015-03-13 17:30:00,35,-10.0,-6.980856850135716,19.68492246492282,0.0,5,42,7,6,-57.689217119776906,43.727503419505474
2015-03-13 18:30:00,35,-15.0,-16.27194502539634,19.68492246492282,-3.0,5,42,7,6,-66.98030529503754,34.43641524424485
2015-03-13 19:30:00,35,-15.0,-21.50909255681014,19.68492246492282,-16.0,5,42,7,6,-72.21745282645134,29.199267712831052
2015-03-13 20:30:00,35,-11.0,-11.88436151448068,19.68492246492282,-20.0,5,42,7,6,-62.59272178412187,38.82399875516051
2015-03-13 21:30:00,35,-10.0,-8.588040156134,19.68492246492282,-11.0,5,42,7,6,-59.29640042577519,42.12032011350719
2015-03-13 22:30:00,35,-7.0,-8.345224922295703,19.68492246492282,-7.0,5,42,7,6,-59.05358519193689,42.36313534734549
2015-03-13 23:30:00,35,-10.0,-8.317441485320774,19.68492246492282,-10.0,5,42,7,6,-59.02580175496196,42.39091878432042
2015-03-14 00:30:00,35,-12.0,-9.094476237912165,19.68492246492282,-15.0,5,42,7,6,-59.80283650755335,41.61388403172903
2015-03-14 01:30:00,35,-11.0,-12.312652481154498,19.68492246492282,-15.0,5,42,7,6,-63.02101275079569,38.39570778848669
2015-03-14 02:30:00,35,-12.0,-8.645312479338926,19.68492246492282,-11.0,5,42,7,6,-59.35367274898012,42.063047790302264
2015-03-14 03:30:00,35,-13.0,-7.896115339365892,19.68492246492282,-10.0,5,42,7,6,-58.60447560900708,42.8122449302753
2015-03-14 04:30:00,35,-14.0,-6.953569662054573,19.68492246492282,-7.0,5,42,7,6,-57.66192993169577,43.754790607586614
2015-03-14 05:30:00,35,-15.0,-6.595596513522828,19.68492246492282,-10.0,5,42,7,6,-57.30395678316402,44.11276375611836
2015-03-14 06:30:00,35,-12.0,-5.654002160510085,19.68492246492282,-12.0,5,42,7,6,-56.36236243015128,45.0543581091311
2015-03-14 07:30:00,35,-9.0,-5.2449998899219,19.68492246492282,-11.0,5,42,7,6,-55.95336015956309,45.46336037971929
2015-03-14 08:30:00,35,-8.0,-7.773348997309601,19.68492246492282,-12.0,5,42,7,6,-58.48170926695079,42.93501127233159
2015-03-14 09:30:00,35,-7.0,-10.963117700164728,19.68492246492282,-13.0,5,42,7,6,-61.67147796980592,39.74524256947646
2015-03-14 10:30:00,35,-5.0,-10.430848504574993,19.68492246492282,-14.0,5,42,7,6,-61.139208774216186,40.277511765066194
2015-03-14 11:30:00,35,-4.0,-8.81636448886853,19.68492246492282,-15.0,5,42,7,6,-59.52472475850972,41.89199578077266
2015-03-14 12:30:00,35,-4.0,-11.290949687719614,19.68492246492282,-12.0,5,42,7,6,-61.99930995736081,39.41741058192157
2015-03-14 13:30:00,35,-4.0,-6.870045989070821,19.68492246492282,-9.0,5,42,7,6,-57.57840625871201,43.83831428057037
2015-03-14 14:30:00,35,1.0,-6.678532922531836,19.68492246492282,-8.0,5,42,7,6,-57.38689319217303,44.029827347109354
2015-03-14 15:30:00,35,3.0,-5.725386155314791,19.68492246492282,-7.0,5,42,7,6,-56.433746424955984,44.982974114326396
2015-03-14 16:30:00,35,4.0,-6.717459205846762,19.68492246492282,-5.0,5,42,7,6,-57.425819475487955,43.990901063794425
2015-03-14 17:30:00,35,2.0,-6.733731402106393,19.68492246492282,-4.0,5,42,7,6,-57.44209167174758,43.9746288675348
2015-03-14 18:30:00,35,3.0,-9.227444937138564,19.68492246492282,-4.0,5,42,7,6,-59.935805206779754,41.480915332502626
2015-03-14 19:30:00,35,2.0,-7.534434409798024,19.68492246492282,-4.0,5,42,7,6,-58.242794679439214,43.173925859843166
2015-03-14 20:30:00,35,-1.0,-5.290039352841088,19.68492246492282,1.0,5,42,7,6,-55.99839962248228,45.4183209168001
2015-03-14 21:30:00,35,-3.0,-5.353604718786457,19.68492246492282,3.0,5,42,7,6,-56.06196498842765,45.35475555085473
2015-03-14 22:30:00,35,-5.0,-5.783052877203865,19.68492246492282,4.0,5,42,7,6,-56.491413146845055,44.925307392437325
2015-03-14 23:30:00,35,-11.0,-5.972024022553271,19.68492246492282,2.0,5,42,7,6,-56.68038429219446,44.73633624708792
2015-03-15 00:30:00,35,-11.0,-5.8911961295864295,19.68492246492282,3.0,5,42,7,6,-56.59955639922762,44.81716414005476
2015-03-15 01:30:00,35,-11.0,-6.161172864013118,19.68492246492282,2.0,5,42,7,6,-56.86953313365431,44.54718740562807
2015-03-15 02:30:00,35,-11.0,-5.730732207808135,19.68492246492282,-1.0,5,42,7,6,-56.43909247744932,44.97762806183306
2015-03-15 03:30:00,35,-12.0,-6.204251168640262,19.68492246492282,-3.0,5,42,7,6,-56.91261143828145,44.50410910100093
2015-03-15 04:30:00,35,-11.0,-9.808316185959228,19.68492246492282,-5.0,5,42,7,6,-60.51667645560042,40.90004408368196
2015-03-15 05:30:00,35,-11.0,-11.371092800553544,19.68492246492282,-11.0,5,42,7,6,-62.07945307019473,39.33726746908765
2015-03-15 06:30:00,35,-9.0,-12.21706930994397,19.68492246492282,-11.0,5,42,7,6,-62.925429579585156,38.491290959697224
2015-03-15 07:30:00,35,-9.0,-12.135006212307,19.68492246492282,-11.0,5,42,7,6,-62.84336648194819,38.57335405733419
2015-03-15 08:30:00,35,-7.0,-7.691699801588413,19.68492246492282,-11.0,5,42,7,6,-58.4000600712296,43.01666046805278
2015-03-15 09:30:00,35,-6.0,-5.920784699000336,19.68492246492282,-12.0,5,42,7,6,-56.629144968641526,44.787575570640854
2015-03-15 10:30:00,35,-7.0,-7.768819913519135,19.68492246492282,-11.0,5,42,7,6,-58.47718018316033,42.93954035612205
2015-03-15 11:30:00,35,-5.0,-10.879936417247432,19.68492246492282,-11.0,5,42,7,6,-61.588296686888626,39.828423852393755
2015-03-15 12:30:00,35,-5.0,-12.203518898010092,19.68492246492282,-9.0,5,42,7,6,-62.91187916765128,38.5048413716311
2015-03-15 13:30:00,35,-3.0,-10.752701668121311,19.68492246492282,-9.0,5,42,7,6,-61.4610619377625,39.95565860151988
2015-03-15 14:30:00,35,1.0,-11.300306904852269,19.68492246492282,-7.0,5,42,7,6,-62.00866717449346,39.40805336478892
2015-03-15 15:30:00,35,4.0,-11.090460800577702,19.68492246492282,-6.0,5,42,7,6,-61.79882107021889,39.61789946906349
2015-03-15 16:30:00,35,-1.0,-12.274248451042205,19.68492246492282,-7.0,5,42,7,6,-62.982608720683395,38.434111818598986
2015-03-15 17:30:00,35,0.0,-12.068376671969418,19.68492246492282,-5.0,5,42,7,6,-62.77673694161061,38.63998359767177
2015-03-15 18:30:00,35,2.0,-11.620331098676504,19.68492246492282,-5.0,5,42,7,6,-62.32869136831769,39.08802917096469
2015-03-15 19:30:00,35,1.0,-8.087151660242721,19.68492246492282,-3.0,5,42,7,6,-58.795511929883915,42.621208609398465
2015-03-15 20:30:00,35,-2.0,-5.801128038876737,19.68492246492282,1.0,5,42,7,6,-56.50948830851793,44.90723223076445
2015-03-15 21:30:00,35,-7.0,-5.467148199305793,19.68492246492282,4.0,5,42,7,6,-56.17550846894699,45.24121207033539
2015-03-15 22:30:00,35,-7.0,-6.774993739165875,19.68492246492282,-1.0,5,42,7,6,-57.48335400880707,43.93336653047531
2015-03-15 23:30:00,35,-2.0,-5.034911078764779,19.68492246492282,0.0,5,42,7,6,-55.74327134840597,45.67344919087641
2015-03-16 00:30:00,35,4.0,-2.4930830712925243,19.68492246492282,2.0,5,42,7,6,-53.201443340933714,48.215277198348666
2015-03-16 01:30:00,35,10.0,0.450942745953526,19.68492246492282,1.0,5,42,7,6,-50.257417523687664,51.159303015594716
2015-03-16 02:30:00,35,15.0,-1.4236580370759668,19.68492246492282,-2.0,5,42,7,6,-52.13201830671716,49.28470223256522
2015-03-16 03:30:00,35,10.0,-0.2929213436805895,19.68492246492282,-7.0,5,42,7,6,-51.00128161332178,50.4154389259606
2015-03-16 04:30:00,35,7.0,0.5774753787408429,19.68492246492282,-7.0,5,42,7,6,-50.13088489090035,51.28583564838203
2015-03-16 05:30:00,35,15.0,1.880187234629816,19.68492246492282,-2.0,5,42,7,6,-48.828173035011375,52.588547504271006
2015-03-16 06:30:00,35,1.0,2.7172572682408926,19.68492246492282,4.0,5,42,7,6,-47.9911030014003,53.42561753788208
2015-03-16 07:30:00,35,-10.0,2.313809084616807,19.68492246492282,10.0,5,42,7,6,-48.39455118502438,53.022169354258
2015-03-16 08:30:00,35,-2.0,2.9851926644232663,19.68492246492282,15.0,5,42,7,6,-47.723167605217924,53.693552934064456
2015-03-16 09:30:00,35,5.0,-0.5967145147341952,19.68492246492282,10.0,5,42,7,6,-51.305074784375385,50.111645754906995
2015-03-16 10:30:00,35,11.0,1.924398893717445,19.68492246492282,7.0,5,42,7,6,-48.783961375923745,52.632759163358635
2015-03-16 11:30:00,35,19.0,0.2961672667350328,19.68492246492282,15.0,5,42,7,6,-50.41219300290616,51.00452753637622
2015-03-16 12:30:00,35,17.0,-16.239430971237397,19.68492246492282,1.0,5,42,7,6,-66.94779124087859,34.46892929840379
2015-03-16 13:30:00,35,11.0,-0.1561321780797442,19.68492246492282,-10.0,5,42,7,6,-50.864492447720934,50.552228091561446
2015-03-16 14:30:00,35,7.0,0.7597157421509166,19.68492246492282,-2.0,5,42,7,6,-49.94864452749027,51.46807601179211
2015-03-16 15:30:00,35,12.0,2.280519235243993,19.68492246492282,5.0,5,42,7,6,-48.4278410343972,52.98887950488518
2015-03-16 16:30:00,35,17.0,2.3540940930688734,19.68492246492282,11.0,5,42,7,6,-48.35426617657232,53.06245436271006
2015-03-16 17:30:00,35,17.0,4.727880089760312,19.68492246492282,19.0,5,42,7,6,-45.98048017988088,55.4362403594015
2015-03-16 18:30:00,35,15.0,5.288099583306732,19.68492246492282,17.0,5,42,7,6,-45.42026068633446,55.99645985294792
2015-03-16 19:30:00,35,16.0,4.511987983679333,19.68492246492282,11.0,5,42,7,6,-46.19637228596186,55.22034825332052
2015-03-16 20:30:00,35,11.0,4.660468253131647,19.68492246492282,7.0,5,42,7,6,-46.04789201650954,55.36882852277284
2015-03-16 21:30:00,35,9.0,5.707306378090763,19.68492246492282,12.0,5,42,7,6,-45.00105389155043,56.41566664773195
2015-03-16 22:30:00,35,6.0,6.517969036069957,19.68492246492282,17.0,5,42,7,6,-44.19039123357123,57.22632930571115
2015-03-16 23:30:00,35,3.0,6.92154290718679,19.68492246492282,17.0,5,42,7,6,-43.7868173624544,57.62990317682798
2015-03-17 00:30:00,35,4.0,6.32462266575741,19.68492246492282,15.0,5,42,7,6,-44.38373760388378,57.0329829353986
2015-03-17 01:30:00,35,3.0,5.518138033399282,19.68492246492282,16.0,5,42,7,6,-45.19022223624191,56.22649830304047
2015-03-17 02:30:00,35,3.0,3.0167965677726443,19.68492246492282,11.0,5,42,7,6,-47.691563701868546,53.725156837413834
2015-03-17 03:30:00,35,2.0,0.6292759619596779,19.68492246492282,9.0,5,42,7,6,-50.07908430768151,51.33763623160087
2015-03-17 04:30:00,35,13.0,0.0569081221312615,19.68492246492282,6.0,5,42,7,6,-50.65145214750993,50.76526839177245
2015-03-17 05:30:00,35,45.0,-2.478585669111549,19.68492246492282,3.0,5,42,7,6,-53.18694593875274,48.22977460052964
2015-03-17 06:30:00,35,25.0,-3.048028024194924,19.68492246492282,4.0,5,42,7,6,-53.75638829383611,47.66033224544627
2015-03-17 07:30:00,35,-18.0,-3.989219310420573,19.68492246492282,3.0,5,42,7,6,-54.69757958006176,46.71914095922062
2015-03-17 08:30:00,35,-54.0,-7.201282374058639,19.68492246492282,3.0,5,42,7,6,-57.909642643699826,43.507077895582555
2015-03-17 09:30:00,35,-83.0,-8.267428698335017,19.68492246492282,2.0,5,42,7,6,-58.97578896797621,42.44093157130617
2015-03-17 10:30:00,35,-75.0,-1.7616555423634317,19.68492246492282,13.0,5,42,7,6,-52.47001581200462,48.94670472727776
2015-03-17 11:30:00,35,-54.0,6.929400542509391,19.68492246492282,45.0,5,42,7,6,-43.7789597271318,57.63776081215058
2015-03-17 12:30:00,35,-55.0,-2.875729974866509,19.68492246492282,25.0,5,42,7,6,-53.5840902445077,47.83263029477468
2015-03-17 13:30:00,35,-75.0,-52.134825409271485,19.68492246492282,-18.0,5,42,7,6,-102.84318567891268,-1.4264651396302952
2015-03-17 14:30:00,35,-93.0,-131.49071196856733,19.68492246492282,-54.0,5,42,7,6,-182.19907223820852,-80.78235169892613
2015-03-17 15:30:00,35,-118.0,-127.21427737473157,19.68492246492282,-83.0,5,42,7,6,-177.92263764437274,-76.50591710509038
2015-03-17 16:30:00,35,-143.0,-78.72086147805572,19.68492246492282,-75.0,5,42,7,6,-129.42922174769691,-28.012501208414534
2015-03-17 17:30:00,35,-162.0,-61.41519764226232,19.68492246492282,-54.0,5,42,7,6,-112.1235579119035,-10.70683737262113
2015-03-17 18:30:00,35,-154.0,-71.90492409536355,19.68492246492282,-55.0,5,42,7,6,-122.61328436500474,-21.196563825722365
2015-03-17 19:30:00,35,-177.0,-90.32553134098062,19.68492246492282,-75.0,5,42,7,6,-141.03389161062182,-39.61717107133943
2015-03-17 20:30:00,35,-182.0,-116.48218642914532,19.68492246492282,-93.0,5,42,7,6,-167.1905466987865,-65.77382615950413
2015-03-17 21:30:00,35,-198.0,-130.1602275108321,19.68492246492282,-118.0,5,42,7,6,-180.8685877804733,-79.45186724119091
2015-03-17 22:30:00,35,-234.0,-134.50652701443093,19.68492246492282,-143.0,5,42,7,6,-185.21488728407212,-83.79816674478974
2015-03-17 23:30:00,35,-225.0,-137.07893392207893,19.68492246492282,-162.0,5,42,7,6,-187.78729419172012,-86.37057365243774
2015-03-18 00:30:00,35,-200.0,-120.85144773745408,19.68492246492282,-154.0,5,42,7,6,-171.55980800709528,-70.14308746781289
2015-03-18 01:30:00,35,-189.0,-123.62923667635827,19.68492246492282,-177.0,5,42,7,6,-174.33759694599945,-72.92087640671708
2015-03-18 02:30:00,35,-172.0,-126.39488160303196,19.68492246492282,-182.0,5,42,7,6,-177.10324187267315,-75.68652133339077
2015-03-18 03:30:00,35,-155.0,-133.69744628523978,19.68492246492282,-198.0,5,42,7,6,-184.40580655488097,-82.98908601559859
2015-03-18 04:30:00,35,-148.0,-145.56891602286083,19.68492246492282,-234.0,5,42,7,6,-196.27727629250202,-94.86055575321964
2015-03-18 05:30:00,35,-136.0,-140.35135081952004,19.68492246492282,-225.0,5,42,7,6,-191.05971108916123,-89.64299054987885
2015-03-18 06:30:00,35,-133.0,-122.90991415319644,19.68492246492282,-200.0,5,42,7,6,-173.61827442283763,-72.20155388355525
2015-03-18 07:30:00,35,-124.0,-117.66393490839124,19.68492246492282,-189.0,5,42,7,6,-168.37229517803243,-66.95557463875005
2015-03-18 08:30:00,35,-123.0,-110.3597319547262,19.68492246492282,-172.0,5,42,7,6,-161.06809222436738,-59.65137168508501
2015-03-18 09:30:00,35,-117.0,-105.98058900905642,19.68492246492282,-155.0,5,42,7,6,-156.6889492786976,-55.272228739415226
2015-03-18 10:30:00,35,-111.0,-102.31004180915,19.68492246492282,-148.0,5,42,7,6,-153.01840207879118,-51.6016815395088
2015-03-18 11:30:00,35,-99.0,-97.99863141991796,19.68492246492282,-136.0,5,42,7,6,-148.70699168955915,-47.290271150276766
2015-03-18 12:30:00,35,-97.0,-93.43178070490347,19.68492246492282,-133.0,5,42,7,6,-144.14014097454466,-42.723420435262284
2015-03-18 13:30:00,35,-91.0,-92.95508705136652,19.68492246492282,-124.0,5,42,7,6,-143.6634473210077,-42.24672678172533
2015-03-18 14:30:00,35,-88.0,-93.0457684103598,19.68492246492282,-123.0,5,42,7,6,-143.75412868000097,-42.33740814071861
2015-03-18 15:30:00,35,-91.0,-91.74572199612744,19.68492246492282,-117.0,5,42,7,6,-142.45408226576865,-41.03736172648625
2015-03-18 16:30:00,35,-86.0,-89.50143312343161,19.68492246492282,-111.0,5,42,7,6,-140.2097933930728,-38.79307285379042
2015-03-18 17:30:00,35,-82.0,-84.92990163282508,19.68492246492282,-99.0,5,42,7,6,-135.63826190246627,-34.22154136318389
2015-03-18 18:30:00,35,-88.0,-81.49360124699257,19.68492246492282,-97.0,5,42,7,6,-132.20196151663376,-30.78524097735138
2015-03-18 19:30:00,35,-94.0,-77.78642697807825,19.68492246492282,-91.0,5,42,7,6,-128.49478724771944,-27.078066708437063
2015-03-18 20:30:00,35,-95.0,-80.71100157230839,19.68492246492282,-88.0,5,42,7,6,-131.41936184194958,-30.0026413026672
2015-03-18 21:30:00,35,-94.0,-80.64457789941584,19.68492246492282,-91.0,5,42,7,6,-131.35293816905704,-29.936217629774646
2015-03-18 22:30:00,35,-94.0,-74.17480120796267,19.68492246492282,-86.0,5,42,7,6,-124.88316147760386,-23.466440938321483
2015-03-18 23:30:00,35,-93.0,-72.48316024088795,19.68492246492282,-82.0,5,42,7,6,-123.19152051052914,-21.774799971246765
2015-03-19 00:30:00,35,-99.0,-78.654381462494,19.68492246492282,-88.0,5,42,7,6,-129.3627417321352,-27.94602119285281
2015-03-19 01:30:00,35,-94.0,-80.7059914088043,19.68492246492282,-94.0,5,42,7,6,-131.41435167844548,-29.997631139163104
2015-03-19 02:30:00,35,-86.0,-81.29857759875955,19.68492246492282,-95.0,5,42,7,6,-132.00693786840074,-30.59021732911836
2015-03-19 03:30:00,35,-81.0,-83.05801613304412,19.68492246492282,-94.0,5,42,7,6,-133.7663764026853,-32.34965586340293
2015-03-19 04:30:00,35,-86.0,-85.41709235903235,19.68492246492282,-94.0,5,42,7,6,-136.12545262867354,-34.70873208939116
2015-03-19 05:30:00,35,-84.0,-85.6891190998063,19.68492246492282,-93.0,5,42,7,6,-136.3974793694475,-34.980758830165115
2015-03-19 06:30:00,35,-81.0,-85.43543839892236,19.68492246492282,-99.0,5,42,7,6,-136.14379866856353,-34.72707812928117
2015-03-19 07:30:00,35,-73.0,-82.62334110854891,19.68492246492282,-94.0,5,42,7,6,-133.3317013781901,-31.914980838907724
2015-03-19 08:30:00,35,-71.0,-78.16032126470023,19.68492246492282,-86.0,5,42,7,6,-128.86868153434142,-27.45196099505904
2015-03-19 09:30:00,35,-76.0,-73.99320011714502,19.68492246492282,-81.0,5,42,7,6,-124.70156038678621,-23.284839847503832
2015-03-19 10:30:00,35,-75.0,-73.84925326553464,19.68492246492282,-86.0,5,42,7,6,-124.55761353517583,-23.140892995893452
2015-03-19 11:30:00,35,-76.0,-70.58783619073489,19.68492246492282,-84.0,5,42,7,6,-121.29619646037608,-19.8794759210937
2015-03-19 12:30:00,35,-77.0,-70.06085020389213,19.68492246492282,-81.0,5,42,7,6,-120.76921047353332,-19.35248993425094
2015-03-19 13:30:00,35,-83.0,-67.39614967010246,19.68492246492282,-73.0,5,42,7,6,-118.10450993974365,-16.68778940046127
2015-03-19 14:30:00,35,-84.0,-68.39718120503147,19.68492246492282,-71.0,5,42,7,6,-119.10554147467266,-17.688820935390282
2015-03-19 15:30:00,35,-80.0,-69.86040465726495,19.68492246492282,-76.0,5,42,7,6,-120.56876492690614,-19.15204438762376
2015-03-19 16:30:00,35,-73.0,-67.46988488783188,19.68492246492282,-75.0,5,42,7,6,-118.17824515747307,-16.76152461819069
2015-03-19 17:30:00,35,-72.0,-71.38163072037676,19.68492246492282,-76.0,5,42,7,6,-122.08999099001795,-20.673270450735572
2015-03-19 18:30:00,35,-71.0,-69.7314427886264,19.68492246492282,-77.0,5,42,7,6,-120.43980305826759,-19.023082518985206
2015-03-19 19:30:00,35,-70.0,-71.43251681873454,19.68492246492282,-83.0,5,42,7,6,-122.14087708837573,-20.72415654909335
2015-03-19 20:30:00,35,-71.0,-69.02266284567537,19.68492246492282,-84.0,5,42,7,6,-119.73102311531656,-18.31430257603418
2015-03-19 21:30:00,35,-69.0,-63.48915395797325,19.68492246492282,-80.0,5,42,7,6,-114.19751422761445,-12.78079368833206
2015-03-19 22:30:00,35,-65.0,-61.246841412749625,19.68492246492282,-73.0,5,42,7,6,-111.95520168239082,-10.538481143108434
2015-03-19 23:30:00,35,-70.0,-62.1398488817116,19.68492246492282,-72.0,5,42,7,6,-112.84820915135279,-11.43148861207041
2015-03-20 00:30:00,35,-75.0,-62.07086595142356,19.68492246492282,-71.0,5,42,7,6,-112.77922622106476,-11.362505681782373
2015-03-20 01:30:00,35,-81.0,-62.05730903841248,19.68492246492282,-70.0,5,42,7,6,-112.76566930805367,-11.348948768771287
2015-03-20 02:30:00,35,-74.0,-66.04622049042854,19.68492246492282,-71.0,5,42,7,6,-116.75458076006973,-15.337860220787348
2015-03-20 03:30:00,35,-69.0,-64.104944659521,19.68492246492282,-69.0,5,42,7,6,-114.81330492916219,-13.396584389879806
2015-03-20 04:30:00,35,-65.0,-60.36663456481649,19.68492246492282,-65.0,5,42,7,6,-111.07499483445768,-9.658274295175303
2015-03-20 05:30:00,35,-64.0,-61.264494004403765,19.68492246492282,-70.0,5,42,7,6,-111.97285427404495,-10.556133734762575
2015-03-20 06:30:00,35,-71.0,-67.25992393119324,19.68492246492282,-75.0,5,42,7,6,-117.96828420083443,-16.551563661552052
2015-03-20 07:30:00,35,-68.0,-67.50497336856647,19.68492246492282,-81.0,5,42,7,6,-118.21333363820766,-16.796613098925278
2015-03-20 08:30:00,35,-63.0,-65.79917305532575,19.68492246492282,-74.0,5,42,7,6,-116.50753332496694,-15.090812785684562
2015-03-20 09:30:00,35,-61.0,-63.47031817026666,19.68492246492282,-69.0,5,42,7,6,-114.17867843990786,-12.761957900625468
2015-03-20 10:30:00,35,-62.0,-60.67486797160535,19.68492246492282,-65.0,5,42,7,6,-111.38322824124654,-9.966507701964161
2015-03-20 11:30:00,35,-65.0,-61.87916652067119,19.68492246492282,-64.0,5,42,7,6,-112.58752679031238,-11.170806251030001
2015-03-20 12:30:00,35,-58.0,-57.754835463320106,19.68492246492282,-71.0,5,42,7,6,-108.4631957329613,-7.046475193678916
2015-03-20 13:30:00,35,-57.0,-58.04015040591375,19.68492246492282,-68.0,5,42,7,6,-108.74851067555494,-7.331790136272559
2015-03-20 14:30:00,35,-55.0,-57.5968267817019,19.68492246492282,-63.0,5,42,7,6,-108.3051870513431,-6.88846651206071
2015-03-20 15:30:00,35,-56.0,-58.00924211782596,19.68492246492282,-61.0,5,42,7,6,-108.71760238746715,-7.300881848184773
2015-03-20 16:30:00,35,-62.0,-56.55807816381926,19.68492246492282,-62.0,5,42,7,6,-107.26643843346045,-5.84971789417807
2015-03-20 17:30:00,35,-66.0,-54.63068863383482,19.68492246492282,-65.0,5,42,7,6,-105.33904890347601,-3.922328364193632
2015-03-20 18:30:00,35,-64.0,-52.99701885576525,19.68492246492282,-58.0,5,42,7,6,-103.70537912540644,-2.2886585861240576
2015-03-20 19:30:00,35,-60.0,-51.33053922452361,19.68492246492282,-57.0,5,42,7,6,-102.03889949416481,-0.6221789548824219
2015-03-20 20:30:00,35,-59.0,-51.22888296368495,19.68492246492282,-55.0,5,42,7,6,-101.93724323332614,-0.5205226940437626
2015-03-20 21:30:00,35,-56.0,-51.60513389079598,19.68492246492282,-56.0,5,42,7,6,-102.31349416043717,-0.896773621154793
2015-03-20 22:30:00,35,-56.0,-55.83581715375796,19.68492246492282,-62.0,5,42,7,6,-106.54417742339915,-5.127456884116768
2015-03-20 23:30:00,35,-65.0,-56.96051651344987,19.68492246492282,-66.0,5,42,7,6,-107.66887678309106,-6.2521562438086775
2015-03-21 00:30:00,35,-69.0,-54.68714615536261,19.68492246492282,-64.0,5,42,7,6,-105.3955064250038,-3.9787858857214218
2015-03-21 01:30:00,35,-65.0,-55.18427269457435,19.68492246492282,-60.0,5,42,7,6,-105.89263296421554,-4.475912424933156
2015-03-21 02:30:00,35,-64.0,-53.04597521770418,19.68492246492282,-59.0,5,42,7,6,-103.75433548734537,-2.337614948062992
2015-03-21 03:30:00,35,-58.0,-52.89759788197437,19.68492246492282,-56.0,5,42,7,6,-103.60595815161557,-2.18923761233318
2015-03-21 04:30:00,35,-48.0,-55.11654663921381,19.68492246492282,-56.0,5,42,7,6,-105.824906908855,-4.4081863695726184
2015-03-21 05:30:00,35,-46.0,-60.887945111253885,19.68492246492282,-65.0,5,42,7,6,-111.59630538089507,-10.179584841612694
2015-03-21 06:30:00,35,-49.0,-62.577159009503085,19.68492246492282,-69.0,5,42,7,6,-113.28551927914427,-11.868798739861894
2015-03-21 07:30:00,35,-46.0,-57.08256990403866,19.68492246492282,-65.0,5,42,7,6,-107.79093017367984,-6.374209634397467
2015-03-21 08:30:00,35,-45.0,-55.515515580639374,19.68492246492282,-64.0,5,42,7,6,-106.22387585028056,-4.8071553109981835
2015-03-21 09:30:00,35,-44.0,-52.94136096673443,19.68492246492282,-58.0,5,42,7,6,-103.64972123637563,-2.233000697093239
2015-03-21 10:30:00,35,-50.0,-49.92315352445712,19.68492246492282,-48.0,5,42,7,6,-100.63151379409831,0.7852067451840696
2015-03-21 11:30:00,35,-48.0,-48.56538946323085,19.68492246492282,-46.0,5,42,7,6,-99.27374973287203,2.1429708064103394
2015-03-21 12:30:00,35,-46.0,-49.096014969799015,19.68492246492282,-49.0,5,42,7,6,-99.8043752394402,1.6123452998421755
2015-03-21 13:30:00,35,-45.0,-49.05384898300717,19.68492246492282,-46.0,5,42,7,6,-99.76220925264836,1.654511286634019
2015-03-21 14:30:00,35,-46.0,-47.884124246063365,19.68492246492282,-45.0,5,42,7,6,-98.59248451570456,2.824236023577825
2015-03-21 15:30:00,35,-46.0,-47.23248877179879,19.68492246492282,-44.0,5,42,7,6,-97.94084904143998,3.475871497842398
2015-03-21 16:30:00,35,-46.0,-47.436081923309054,19.68492246492282,-50.0,5,42,7,6,-98.14444219295024,3.2722783463321363
2015-03-21 17:30:00,35,-44.0,-47.13525215995088,19.68492246492282,-48.0,5,42,7,6,-97.84361242959207,3.5731081096903097
2015-03-21 18:30:00,35,-44.0,-45.911345278503205,19.68492246492282,-46.0,5,42,7,6,-96.6197055481444,4.797014991137985
2015-03-21 19:30:00,35,-44.0,-45.305310526823725,19.68492246492282,-45.0,5,42,7,6,-96.01367079646491,5.4030497428174655
2015-03-21 20:30:00,35,-47.0,-44.59655225413008,19.68492246492282,-46.0,5,42,7,6,-95.30491252377126,6.111808015511109
2015-03-21 21:30:00,35,-40.0,-44.44341938042028,19.68492246492282,-46.0,5,42,7,6,-95.15177965006147,6.2649408892209095
2015-03-21 22:30:00,35,-43.0,-44.43385846286834,19.68492246492282,-46.0,5,42,7,6,-95.14221873250953,6.274501806772847
2015-03-21 23:30:00,35,-41.0,-43.28798076064808,19.68492246492282,-44.0,5,42,7,6,-93.99634103028927,7.420379508993108
2015-03-22 00:30:00,35,-39.0,-42.9666325140985,19.68492246492282,-44.0,5,42,7,6,-93.6749927837397,7.741727755542691
2015-03-22 01:30:00,35,-42.0,-42.94242141905112,19.68492246492282,-44.0,5,42,7,6,-93.65078168869232,7.765938850590068
2015-03-22 02:30:00,35,-36.0,-43.419122657178136,19.68492246492282,-47.0,5,42,7,6,-94.12748292681933,7.2892376124630545
2015-03-22 03:30:00,35,-33.0,-41.46016335449968,19.68492246492282,-40.0,5,42,7,6,-92.16852362414087,9.248196915141513
2015-03-22 04:30:00,35,-40.0,-41.01099905417001,19.68492246492282,-43.0,5,42,7,6,-91.7193593238112,9.697361215471183
2015-03-22 05:30:00,35,-43.0,-39.97352248039502,19.68492246492282,-41.0,5,42,7,6,-90.68188275003621,10.734837789246171
2015-03-22 06:30:00,35,-45.0,-39.48881516568242,19.68492246492282,-39.0,5,42,7,6,-90.1971754353236,11.219545103958772
2015-03-22 07:30:00,35,-56.0,-39.922735523464695,19.68492246492282,-42.0,5,42,7,6,-90.63109579310589,10.785624746176495
2015-03-22 08:30:00,35,-50.0,-39.47052926075662,19.68492246492282,-36.0,5,42,7,6,-90.17888953039781,11.23783100888457
2015-03-22 09:30:00,35,-50.0,-41.69056423964676,19.68492246492282,-33.0,5,42,7,6,-92.39892450928795,9.017796029994429
2015-03-22 10:30:00,35,-45.0,-44.60581628915604,19.68492246492282,-40.0,5,42,7,6,-95.31417655879723,6.102543980485152
2015-03-22 11:30:00,35,-33.0,-45.16066805995175,19.68492246492282,-43.0,5,42,7,6,-95.86902832959294,5.547692209689437
2015-03-22 12:30:00,35,-41.0,-53.66620615498718,19.68492246492282,-45.0,5,42,7,6,-104.37456642462837,-2.9578458853459892
2015-03-22 13:30:00,35,-48.0,-57.17046663495981,19.68492246492282,-56.0,5,42,7,6,-107.878826904601,-6.462106365318618
2015-03-22 14:30:00,35,-55.0,-47.053281160907744,19.68492246492282,-50.0,5,42,7,6,-97.76164143054893,3.655079108733446
2015-03-22 15:30:00,35,-51.0,-48.54868819587527,19.68492246492282,-50.0,5,42,7,6,-99.25704846551646,2.1596720737659183
2015-03-22 16:30:00,35,-49.0,-45.91358381608959,19.68492246492282,-45.0,5,42,7,6,-96.62194408573077,4.794776453551599
2015-03-22 17:30:00,35,-52.0,-42.35038348660736,19.68492246492282,-33.0,5,42,7,6,-93.05874375624856,8.357976783033827
2015-03-22 18:30:00,35,-54.0,-43.53796884967607,19.68492246492282,-41.0,5,42,7,6,-94.24632911931727,7.170391419965121
2015-03-22 19:30:00,35,-52.0,-45.44089157557615,19.68492246492282,-48.0,5,42,7,6,-96.14925184521735,5.2674686940650375
2015-03-22 20:30:00,35,-47.0,-48.30213809317914,19.68492246492282,-55.0,5,42,7,6,-99.01049836282033,2.4062221764620517
2015-03-22 21:30:00,35,-46.0,-47.12219691339793,19.68492246492282,-51.0,5,42,7,6,-97.83055718303912,3.5861633562432615
2015-03-22 22:30:00,35,-45.0,-45.9430174431633,19.68492246492282,-49.0,5,42,7,6,-96.65137771280449,4.765342826477891
2015-03-22 23:30:00,35,-44.0,-46.159364624649065,19.68492246492282,-52.0,5,42,7,6,-96.86772489429026,4.548995644992125
2015-03-23 00:30:00,35,-40.0,-45.98899847876524,19.68492246492282,-54.0,5,42,7,6,-96.69735874840643,4.719361790875951
2015-03-23 01:30:00,35,-45.0,-44.91073197954145,19.68492246492282,-52.0,5,42,7,6,-95.61909224918264,5.797628290099738
2015-03-23 02:30:00,35,-46.0,-42.97159608654925,19.68492246492282,-47.0,5,42,7,6,-93.67995635619044,7.7367641830919425
2015-03-23 03:30:00,35,-47.0,-40.750769059752216,19.68492246492282,-46.0,5,42,7,6,-91.4591293293934,9.957591209888975
2015-03-23 04:30:00,35,-50.0,-39.0144109748367,19.68492246492282,-45.0,5,42,7,6,-89.72277124447788,11.69394929480449
2015-03-23 05:30:00,35,-47.0,-37.94157612562287,19.68492246492282,-44.0,5,42,7,6,-88.64993639526406,12.766784144018317
2015-03-23 06:30:00,35,-44.0,-37.73299448086588,19.68492246492282,-40.0,5,42,7,6,-88.44135475050706,12.975365788775314
2015-03-23 07:30:00,35,-46.0,-42.14939076598158,19.68492246492282,-45.0,5,42,7,6,-92.85775103562277,8.558969503659611
2015-03-23 08:30:00,35,-47.0,-44.16721894807674,19.68492246492282,-46.0,5,42,7,6,-94.87557921771793,6.541141321564453
2015-03-23 09:30:00,35,-44.0,-44.6264604598402,19.68492246492282,-47.0,5,42,7,6,-95.3348207294814,6.081899809800987
2015-03-23 10:30:00,35,-46.0,-47.13060714028348,19.68492246492282,-50.0,5,42,7,6,-97.83896740992466,3.57775312935771
2015-03-23 11:30:00,35,-42.0,-41.89960854439861,19.68492246492282,-47.0,5,42,7,6,-92.6079688140398,8.80875172524258
2015-03-23 12:30:00,35,-36.0,-40.08195719773922,19.68492246492282,-44.0,5,42,7,6,-90.79031746738042,10.626403071901969
2015-03-23 13:30:00,35,-35.0,-40.64893835334172,19.68492246492282,-46.0,5,42,7,6,-91.35729862298291,10.05942191629947
2015-03-23 14:30:00,35,-32.0,-42.53604883419487,19.68492246492282,-47.0,5,42,7,6,-93.24440910383606,8.172311435446318
2015-03-23 15:30:00,35,-37.0,-43.52403379067386,19.68492246492282,-44.0,5,42,7,6,-94.23239406031504,7.1843264789673285
2015-03-23 16:30:00,35,-39.0,-43.48925411110682,19.68492246492282,-46.0,5,42,7,6,-94.197614380748,7.219106158534373
2015-03-23 17:30:00,35,-35.0,-41.8778916959746,19.68492246492282,-42.0,5,42,7,6,-92.58625196561579,8.830468573666593
2015-03-23 18:30:00,35,-36.0,-40.45789498963125,19.68492246492282,-36.0,5,42,7,6,-91.16625525927245,10.25046528000994
2015-03-23 19:30:00,35,-37.0,-40.301947149489,19.68492246492282,-35.0,5,42,7,6,-91.01030741913019,10.406413120152187
2015-03-23 20:30:00,35,-40.0,-39.32089234131714,19.68492246492282,-32.0,5,42,7,6,-90.02925261095834,11.38746792832405
2015-03-23 21:30:00,35,-50.0,-36.94620797701858,19.68492246492282,-37.0,5,42,7,6,-87.65456824665978,13.76215229262261
2015-03-23 22:30:00,35,-47.0,-35.415213639079624,19.68492246492282,-39.0,5,42,7,6,-86.12357390872081,15.293146630561566
2015-03-23 23:30:00,35,-47.0,-34.24153475736121,19.68492246492282,-35.0,5,42,7,6,-84.9498950270024,16.466825512279982
2015-03-24 00:30:00,35,-48.0,-33.83211262553647,19.68492246492282,-36.0,5,42,7,6,-84.54047289517766,16.876247644104723
2015-03-24 01:30:00,35,-48.0,-34.62760752546683,19.68492246492282,-37.0,5,42,7,6,-85.33596779510802,16.08075274417436
2015-03-24 02:30:00,35,-45.0,-38.71425840702136,19.68492246492282,-40.0,5,42,7,6,-89.42261867666255,11.994101862619829
2015-03-24 03:30:00,35,-40.0,-40.06805139358447,19.68492246492282,-50.0,5,42,7,6,-90.77641166322566,10.640308876056721
2015-03-24 04:30:00,35,-34.0,-41.08407007851102,19.68492246492282,-47.0,5,42,7,6,-91.79243034815221,9.624290191130171
2015-03-24 05:30:00,35,-33.0,-39.99686676514757,19.68492246492282,-47.0,5,42,7,6,-90.70522703478876,10.711493504493617
2015-03-24 06:30:00,35,-32.0,-40.13475352928424,19.68492246492282,-48.0,5,42,7,6,-90.84311379892543,10.57360674035695
2015-03-24 07:30:00,35,-29.0,-40.34755220612556,19.68492246492282,-48.0,5,42,7,6,-91.05591247576675,10.360808063515627
2015-03-24 08:30:00,35,-30.0,-39.41769446450477,19.68492246492282,-45.0,5,42,7,6,-90.12605473414595,11.29066580513642
2015-03-24 09:30:00,35,-29.0,-37.43424506221529,19.68492246492282,-40.0,5,42,7,6,-88.14260533185649,13.2741152074259
2015-03-24 10:30:00,35,-26.0,-35.716022680254184,19.68492246492282,-34.0,5,42,7,6,-86.42438294989537,14.992337589387006
2015-03-24 11:30:00,35,-31.0,-34.16445785050612,19.68492246492282,-33.0,5,42,7,6,-84.87281812014731,16.543902419135073
2015-03-24 12:30:00,35,-32.0,-32.60450500588631,19.68492246492282,-32.0,5,42,7,6,-83.3128652755275,18.10385526375488
2015-03-24 13:30:00,35,-30.0,-31.429014761529924,19.68492246492282,-29.0,5,42,7,6,-82.13737503117112,19.279345508111266
2015-03-24 14:30:00,35,-28.0,-30.86906614620064,19.68492246492282,-30.0,5,42,7,6,-81.57742641584183,19.83929412344055
2015-03-24 15:30:00,35,-26.0,-30.369721114390583,19.68492246492282,-29.0,5,42,7,6,-81.07808138403178,20.338639155250608
2015-03-24 16:30:00,35,-33.0,-30.36951958099704,19.68492246492282,-26.0,5,42,7,6,-81.07787985063823,20.33884068864415
2015-03-24 17:30:00,35,-34.0,-32.82628898406816,19.68492246492282,-31.0,5,42,7,6,-83.53464925370935,17.882071285573033
2015-03-24 18:30:00,35,-31.0,-33.00694064673475,19.68492246492282,-32.0,5,42,7,6,-83.71530091637594,17.701419622906442
2015-03-24 19:30:00,35,-31.0,-32.69077687382199,19.68492246492282,-30.0,5,42,7,6,-83.39913714346318,18.0175833958192
2015-03-24 20:30:00,35,-28.0,-31.85446529921888,19.68492246492282,-28.0,5,42,7,6,-82.56282556886006,18.85389497042231
2015-03-24 21:30:00,35,-28.0,-32.597348538828754,19.68492246492282,-26.0,5,42,7,6,-83.30570880846994,18.111011730812436
2015-03-24 22:30:00,35,-34.0,-34.03230368207864,19.68492246492282,-33.0,5,42,7,6,-84.74066395171982,16.67605658756255
2015-03-24 23:30:00,35,-34.0,-32.10027807140797,19.68492246492282,-34.0,5,42,7,6,-82.80863834104916,18.60808219823322
2015-03-25 00:30:00,35,-30.0,-30.436545687044504,19.68492246492282,-31.0,5,42,7,6,-81.14490595668569,20.271814582596686
2015-03-25 01:30:00,35,-30.0,-27.844204309641228,19.68492246492282,-31.0,5,42,7,6,-78.55256457928242,22.864155959999962
2015-03-25 02:30:00,35,-36.0,-27.10718477079764,19.68492246492282,-28.0,5,42,7,6,-77.81554504043883,23.60117549884355
2015-03-25 03:30:00,35,-34.0,-27.416617084575527,19.68492246492282,-28.0,5,42,7,6,-78.12497735421672,23.291743185065663
2015-03-25 04:30:00,35,-32.0,-28.962725478956763,19.68492246492282,-34.0,5,42,7,6,-79.67108574859796,21.745634790684427
2015-03-25 05:30:00,35,-34.0,-29.481519566756987,19.68492246492282,-34.0,5,42,7,6,-80.18987983639818,21.226840702884203
2015-03-25 06:30:00,35,-33.0,-28.992774541339795,19.68492246492282,-30.0,5,42,7,6,-79.70113481098099,21.715585728301395
2015-03-25 07:30:00,35,-32.0,-30.743330437128133,19.68492246492282,-30.0,5,42,7,6,-81.45169070676933,19.965029832513057
2015-03-25 08:30:00,35,-31.0,-31.39199979491509,19.68492246492282,-36.0,5,42,7,6,-82.10036006455628,19.3163604747261
2015-03-25 09:30:00,35,-28.0,-31.08650225811928,19.68492246492282,-34.0,5,42,7,6,-81.79486252776047,19.621858011521912
2015-03-25 10:30:00,35,-17.0,-32.086772354379924,19.68492246492282,-32.0,5,42,7,6,-82.79513262402111,18.621587915261266
2015-03-25 11:30:00,35,-13.0,-32.458577357313146,19.68492246492282,-34.0,5,42,7,6,-83.16693762695434,18.249782912328044
2015-03-25 12:30:00,35,-5.0,-31.56942936118888,19.68492246492282,-33.0,5,42,7,6,-82.27778963083007,19.13893090845231
2015-03-25 13:30:00,35,-5.0,-29.775843918852484,19.68492246492282,-32.0,5,42,7,6,-80.48420418849368,20.932516350788706
2015-03-25 14:30:00,35,-4.0,-29.048406426061767,19.68492246492282,-31.0,5,42,7,6,-79.75676669570296,21.659953843579423
2015-03-25 15:30:00,35,-12.0,-28.5033306501224,19.68492246492282,-28.0,5,42,7,6,-79.21169091976358,22.20502961951879
2015-03-25 16:30:00,35,-22.0,-26.695123201625147,19.68492246492282,-17.0,5,42,7,6,-77.40348347126634,24.013237068016043
2015-03-25 17:30:00,35,-17.0,-25.05959736601177,19.68492246492282,-13.0,5,42,7,6,-75.76795763565296,25.64876290362942
2015-03-25 18:30:00,35,-17.0,-24.32661066206486,19.68492246492282,-5.0,5,42,7,6,-75.03497093170606,26.38174960757633
2015-03-25 19:30:00,35,-22.0,-24.87930949279079,19.68492246492282,-5.0,5,42,7,6,-75.58766976243197,25.8290507768504
2015-03-25 20:30:00,35,-28.0,-27.16347597310011,19.68492246492282,-4.0,5,42,7,6,-77.8718362427413,23.54488429654108
2015-03-25 21:30:00,35,-32.0,-29.657473388503835,19.68492246492282,-12.0,5,42,7,6,-80.36583365814502,21.050886881137355
2015-03-25 22:30:00,35,-33.0,-29.94606812455053,19.68492246492282,-22.0,5,42,7,6,-80.65442839419171,20.76229214509066
2015-03-25 23:30:00,35,-31.0,-26.338010362311017,19.68492246492282,-17.0,5,42,7,6,-77.04637063195221,24.370349907330173
2015-03-26 00:30:00,35,-29.0,-25.468193319274256,19.68492246492282,-17.0,5,42,7,6,-76.17655358891545,25.240166950366934
2015-03-26 01:30:00,35,-25.0,-26.08418988826703,19.68492246492282,-22.0,5,42,7,6,-76.79255015790822,24.62417038137416
2015-03-26 02:30:00,35,-25.0,-25.26091839103672,19.68492246492282,-28.0,5,42,7,6,-75.96927866067792,25.44744187860447
2015-03-26 03:30:00,35,-23.0,-24.105276070845235,19.68492246492282,-32.0,5,42,7,6,-74.81363634048643,26.603084198795955
2015-03-26 04:30:00,35,-23.0,-24.16022534246003,19.68492246492282,-33.0,5,42,7,6,-74.86858561210121,26.54813492718116
2015-03-26 05:30:00,35,-26.0,-24.714147459214534,19.68492246492282,-31.0,5,42,7,6,-75.42250772885572,25.994212810426657
2015-03-26 06:30:00,35,-27.0,-24.649923317445094,19.68492246492282,-29.0,5,42,7,6,-75.35828358708628,26.058436952196097
2015-03-26 07:30:00,35,-21.0,-23.187478910964085,19.68492246492282,-25.0,5,42,7,6,-73.89583918060528,27.520881358677105
2015-03-26 08:30:00,35,-18.0,-22.338794702915195,19.68492246492282,-25.0,5,42,7,6,-73.04715497255638,28.369565566725996
2015-03-26 09:30:00,35,-15.0,-21.25243219553773,19.68492246492282,-23.0,5,42,7,6,-71.96079246517891,29.45592807410346
2015-03-26 10:30:00,35,-15.0,-21.25094344885636,19.68492246492282,-23.0,5,42,7,6,-71.95930371849755,29.45741682078483
2015-03-26 11:30:00,35,-10.0,-22.344210100232125,19.68492246492282,-26.0,5,42,7,6,-73.05257036987331,28.364150169409065
2015-03-26 12:30:00,35,-9.0,-22.839571596981017,19.68492246492282,-27.0,5,42,7,6,-73.5479318666222,27.868788672660173
2015-03-26 13:30:00,35,-13.0,-19.35099713280613,19.68492246492282,-21.0,5,42,7,6,-70.05935740244732,31.357363136835062
2015-03-26 14:30:00,35,-11.0,-17.926005432138847,19.68492246492282,-18.0,5,42,7,6,-68.63436570178004,32.78235483750234
2015-03-26 15:30:00,35,-16.0,-16.994222288150674,19.68492246492282,-15.0,5,42,7,6,-67.70258255779186,33.714137981490516
2015-03-26 16:30:00,35,-20.0,-16.38356418706116,19.68492246492282,-15.0,5,42,7,6,-67.09192445670234,34.32479608258003
2015-03-26 17:30:00,35,-20.0,-15.263677791531276,19.68492246492282,-10.0,5,42,7,6,-65.97203806117247,35.44468247810991
2015-03-26 18:30:00,35,-21.0,-14.271290522267428,19.68492246492282,-9.0,5,42,7,6,-64.97965079190863,36.43706974737376
2015-03-26 19:30:00,35,-20.0,-14.597763784685174,19.68492246492282,-13.0,5,42,7,6,-65.30612405432636,36.11059648495602
2015-03-26 20:30:00,35,-27.0,-14.164919896937786,19.68492246492282,-11.0,5,42,7,6,-64.87328016657898,36.5434403727034
2015-03-26 21:30:00,35,-30.0,-14.957986305931996,19.68492246492282,-16.0,5,42,7,6,-65.66634657557319,35.750373963709194
2015-03-26 22:30:00,35,-31.0,-15.386929547352665,19.68492246492282,-20.0,5,42,7,6,-66.09528981699385,35.321430722288525
2015-03-26 23:30:00,35,-29.0,-15.833603393354014,19.68492246492282,-20.0,5,42,7,6,-66.5419636629952,34.87475687628718
2015-03-27 00:30:00,35,-28.0,-15.879223619170736,19.68492246492282,-21.0,5,42,7,6,-66.58758388881192,34.82913665047045
2015-03-27 01:30:00,35,-29.0,-17.556610974459893,19.68492246492282,-20.0,5,42,7,6,-68.26497124410108,33.1517492951813
2015-03-27 02:30:00,35,-27.0,-21.721501169018783,19.68492246492282,-27.0,5,42,7,6,-72.42986143865997,28.986859100622407
2015-03-27 03:30:00,35,-27.0,-22.01758948006426,19.68492246492282,-30.0,5,42,7,6,-72.72594974970545,28.69077078957693
2015-03-27 04:30:00,35,-25.0,-24.369472264118297,19.68492246492282,-31.0,5,42,7,6,-75.07783253375949,26.338888005522893
2015-03-27 05:30:00,35,-30.0,-25.41516619948824,19.68492246492282,-29.0,5,42,7,6,-76.12352646912943,25.29319407015295
2015-03-27 06:30:00,35,-35.0,-25.57505044188187,19.68492246492282,-28.0,5,42,7,6,-76.28341071152306,25.13330982775932
2015-03-27 07:30:00,35,-29.0,-25.71283968986037,19.68492246492282,-29.0,5,42,7,6,-76.42119995950156,24.99552057978082
2015-03-27 08:30:00,35,-23.0,-26.239619267501688,19.68492246492282,-27.0,5,42,7,6,-76.94797953714288,24.468741002139502
2015-03-27 09:30:00,35,-27.0,-25.912306282610828,19.68492246492282,-27.0,5,42,7,6,-76.62066655225202,24.796053987030362
2015-03-27 10:30:00,35,-23.0,-27.11520710007625,19.68492246492282,-25.0,5,42,7,6,-77.82356736971744,23.59315316956494
2015-03-27 11:30:00,35,-22.0,-29.19832776762924,19.68492246492282,-30.0,5,42,7,6,-79.90668803727043,21.51003250201195
2015-03-27 12:30:00,35,-22.0,-27.149950481962208,19.68492246492282,-35.0,5,42,7,6,-77.8583107516034,23.558409787678983
2015-03-27 13:30:00,35,-23.0,-25.50913710355039,19.68492246492282,-29.0,5,42,7,6,-76.21749737319158,25.1992231660908
2015-03-27 14:30:00,35,-29.0,-25.11929459101648,19.68492246492282,-23.0,5,42,7,6,-75.82765486065767,25.58906567862471
2015-03-27 15:30:00,35,-30.0,-24.717463008592247,19.68492246492282,-27.0,5,42,7,6,-75.42582327823344,25.990897261048943
2015-03-27 16:30:00,35,-26.0,-25.17890730201744,19.68492246492282,-23.0,5,42,7,6,-75.88726757165863,25.52945296762375
2015-03-27 17:30:00,35,-23.0,-23.47078285367373,19.68492246492282,-22.0,5,42,7,6,-74.17914312331492,27.23757741596746
2015-03-27 18:30:00,35,-23.0,-24.64455776172012,19.68492246492282,-22.0,5,42,7,6,-75.35291803136131,26.06380250792107
2015-03-27 19:30:00,35,-23.0,-27.89987032501856,19.68492246492282,-23.0,5,42,7,6,-78.60823059465974,22.80848994462263
2015-03-27 20:30:00,35,-21.0,-27.870464869279434,19.68492246492282,-29.0,5,42,7,6,-78.57882513892062,22.837895400361756
2015-03-27 21:30:00,35,-20.0,-25.035818592598943,19.68492246492282,-30.0,5,42,7,6,-75.74417886224013,25.672541677042247
2015-03-27 22:30:00,35,-21.0,-22.32232314028776,19.68492246492282,-26.0,5,42,7,6,-73.03068340992895,28.38603712935343
