time,event_no,DST_true,DST_pred,sigma_nT,DST_persist,fold,L_value,L_idx,H,DST_p005,DST_p995
2003-10-21 21:30:00,19,-60.0,-48.37991846427259,15.377283932913436,,5,42,7,4,-87.99180187545761,-8.76803505308758
2003-10-21 22:30:00,19,-54.0,-49.74237674573382,15.377283932913436,,5,42,7,4,-89.35426015691883,-10.13049333454881
2003-10-21 23:30:00,19,-46.0,-46.39665320850272,15.377283932913436,,5,42,7,4,-86.00853661968773,-6.784769797317708
2003-10-22 00:30:00,19,-46.0,-51.41318956252229,15.377283932913436,,5,42,7,4,-91.0250729737073,-11.801306151337279
2003-10-22 01:30:00,19,-47.0,-59.50187245357655,15.377283932913436,-60.0,5,42,7,4,-99.11375586476157,-19.88998904239154
2003-10-22 02:30:00,19,-49.0,-51.4447868127734,15.377283932913436,-54.0,5,42,7,4,-91.0566702239584,-11.83290340158839
2003-10-22 03:30:00,19,-56.0,-44.59284951318303,15.377283932913436,-46.0,5,42,7,4,-84.20473292436805,-4.980966101998021
2003-10-22 04:30:00,19,-51.0,-45.43986141845888,15.377283932913436,-46.0,5,42,7,4,-85.0517448296439,-5.82797800727387
2003-10-22 05:30:00,19,-51.0,-45.19666430870082,15.377283932913436,-47.0,5,42,7,4,-84.80854771988584,-5.584780897515806
2003-10-22 06:30:00,19,-61.0,-47.64668371234101,15.377283932913436,-49.0,5,42,7,4,-87.25856712352602,-8.034800301155997
2003-10-22 07:30:00,19,-50.0,-53.82716213053355,15.377283932913436,-56.0,5,42,7,4,-93.43904554171857,-14.21527871934854
2003-10-22 08:30:00,19,-51.0,-50.65948693427223,15.377283932913436,-51.0,5,42,7,4,-90.27137034545724,-11.047603523087218
2003-10-22 09:30:00,19,-48.0,-53.07334696413192,15.377283932913436,-51.0,5,42,7,4,-92.68523037531693,-13.46146355294691
2003-10-22 10:30:00,19,-36.0,-60.282092965890094,15.377283932913436,-61.0,5,42,7,4,-99.8939763770751,-20.67020955470508
2003-10-22 11:30:00,19,-22.0,-49.58172853435438,15.377283932913436,-50.0,5,42,7,4,-89.1936119455394,-9.969845123169371
2003-10-22 12:30:00,19,-24.0,-48.12627261997943,15.377283932913436,-51.0,5,42,7,4,-87.73815603116444,-8.51438920879442
2003-10-22 13:30:00,19,-24.0,-45.43765285723414,15.377283932913436,-48.0,5,42,7,4,-85.04953626841916,-5.825769446049129
2003-10-22 14:30:00,19,-15.0,-39.6745611296874,15.377283932913436,-36.0,5,42,7,4,-79.28644454087241,-0.06267771850238546
2003-10-22 15:30:00,19,-20.0,-33.559108526942055,15.377283932913436,-22.0,5,42,7,4,-73.17099193812706,6.052774884242957
2003-10-22 16:30:00,19,-33.0,-32.48230954181886,15.377283932913436,-24.0,5,42,7,4,-72.09419295300387,7.129573869366155
2003-10-22 17:30:00,19,-33.0,-30.53167818581176,15.377283932913436,-24.0,5,42,7,4,-70.14356159699678,9.080205225373252
2003-10-22 18:30:00,19,-34.0,-28.228257579214173,15.377283932913436,-15.0,5,42,7,4,-67.84014099039919,11.38362583197084
2003-10-22 19:30:00,19,-32.0,-31.99998459625812,0.0677121511336626,-20.0,5,42,7,4,-32.174411097578435,-31.825558094937804
2003-10-22 20:30:00,19,-30.0,-30.00005513693514,0.0677121511336626,-33.0,5,42,7,4,-30.174481638255454,-29.825628635614823
2003-10-22 21:30:00,19,-28.0,-27.999995829901728,0.0677121511336626,-33.0,5,42,7,4,-28.174422331222043,-27.825569328581413
2003-10-22 22:30:00,19,-24.0,-24.000017132372378,0.0677121511336626,-34.0,5,42,7,4,-24.174443633692693,-23.825590631052062
2003-10-22 23:30:00,19,-24.0,-24.00001118938543,0.0677121511336626,-32.0,5,42,7,4,-24.174437690705744,-23.825584688065113
2003-10-23 00:30:00,19,-16.0,-16.000091218106647,0.0677121511336626,-30.0,5,42,7,4,-16.174517719426962,-15.825664716786331
2003-10-23 01:30:00,19,-13.0,-13.00012148122575,0.0677121511336626,-28.0,5,42,7,4,-13.174547982546066,-12.825694979905435
2003-10-23 02:30:00,19,-20.0,-20.000045458368987,0.0677121511336626,-24.0,5,42,7,4,-20.174471959689303,-19.825618957048672
2003-10-23 03:30:00,19,-18.0,-18.000064480647115,0.0677121511336626,-24.0,5,42,7,4,-18.17449098196743,-17.8256379793268
2003-10-23 04:30:00,19,-17.0,-17.000050083697474,0.0677121511336626,-16.0,5,42,7,4,-17.17447658501779,-16.82562358237716
2003-10-23 05:30:00,19,-18.0,-18.000019604285278,0.0677121511336626,-13.0,5,42,7,4,-18.174446105605593,-17.825593102964962
2003-10-23 06:30:00,19,-19.0,-19.000010894353096,0.0677121511336626,-20.0,5,42,7,4,-19.17443739567341,-18.82558439303278
2003-10-23 07:30:00,19,-21.0,-20.99998676125644,0.0677121511336626,-18.0,5,42,7,4,-21.174413262576756,-20.825560259936125
2003-10-23 08:30:00,19,-18.0,-18.00001453372819,0.0677121511336626,-17.0,5,42,7,4,-18.174441035048506,-17.825588032407875
2003-10-23 09:30:00,19,-19.0,-19.0000110617906,0.0677121511336626,-18.0,5,42,7,4,-19.174437563110917,-18.825584560470286
2003-10-23 10:30:00,19,-18.0,-18.000027963178358,0.0677121511336626,-19.0,5,42,7,4,-18.174454464498673,-17.825601461858042
2003-10-23 11:30:00,19,-17.0,-17.0000409455353,0.0677121511336626,-21.0,5,42,7,4,-17.174467446855616,-16.825614444214985
2003-10-23 12:30:00,19,-19.0,-19.000012613608927,0.0677121511336626,-18.0,5,42,7,4,-19.174439114929243,-18.82558611228861
2003-10-23 13:30:00,19,-15.0,-15.000047510939536,0.0677121511336626,-19.0,5,42,7,4,-15.174474012259852,-14.825621009619221
2003-10-23 14:30:00,19,-14.0,-14.000048511326412,0.0677121511336626,-18.0,5,42,7,4,-14.174475012646727,-13.825622010006096
2003-10-23 15:30:00,19,-14.0,-14.000039583070023,0.0677121511336626,-17.0,5,42,7,4,-14.174466084390339,-13.825613081749708
2003-10-23 16:30:00,19,-12.0,-12.000061125860553,0.0677121511336626,-19.0,5,42,7,4,-12.174487627180868,-11.825634624540237
2003-10-23 17:30:00,19,-11.0,-11.000057786478385,0.0677121511336626,-15.0,5,42,7,4,-11.1744842877987,-10.82563128515807
2003-10-23 18:30:00,19,-12.0,-12.000039064392066,0.0677121511336626,-14.0,5,42,7,4,-12.174465565712381,-11.82561256307175
2003-10-23 19:30:00,19,-11.0,-11.000046398939435,0.0677121511336626,-14.0,5,42,7,4,-11.174472900259751,-10.82561989761912
2003-10-23 20:30:00,19,-11.0,-11.000034295355462,0.0677121511336626,-12.0,5,42,7,4,-11.174460796675778,-10.825607794035147
2003-10-23 21:30:00,19,-9.0,-9.00004334379285,0.0677121511336626,-11.0,5,42,7,4,-9.174469845113165,-8.825616842472535
2003-10-23 22:30:00,19,-10.0,-10.000025903597798,0.0677121511336626,-12.0,5,42,7,4,-10.174452404918114,-9.825599402277483
2003-10-23 23:30:00,19,-10.0,-10.000017991155437,0.0677121511336626,-11.0,5,42,7,4,-10.174444492475752,-9.825591489835121
2003-10-24 00:30:00,19,-10.0,-10.000015228170852,0.0677121511336626,-11.0,5,42,7,4,-10.174441729491168,-9.825588726850537
2003-10-24 01:30:00,19,-8.0,-8.000027767496988,0.0677121511336626,-9.0,5,42,7,4,-8.174454268817303,-7.825601266176673
2003-10-24 02:30:00,19,-8.0,-8.000027507460242,0.0677121511336626,-10.0,5,42,7,4,-8.174454008780558,-7.8256010061399275
2003-10-24 03:30:00,19,-7.0,-7.000036680668259,0.0677121511336626,-10.0,5,42,7,4,-7.174463181988574,-6.825610179347945
2003-10-24 04:30:00,19,-7.0,-7.00003687889977,0.0677121511336626,-10.0,5,42,7,4,-7.174463380220085,-6.825610377579456
2003-10-24 05:30:00,19,-9.0,-9.00001549344148,0.0677121511336626,-8.0,5,42,7,4,-9.174441994761796,-8.825588992121165
2003-10-24 06:30:00,19,-12.0,-11.99998428144595,0.0677121511336626,-8.0,5,42,7,4,-12.174410782766266,-11.825557780125635
2003-10-24 07:30:00,19,-13.0,-12.999980375288796,0.0677121511336626,-7.0,5,42,7,4,-13.174406876609112,-12.825553873968481
2003-10-24 08:30:00,19,-15.0,-14.99996323355956,0.0677121511336626,-7.0,5,42,7,4,-15.174389734879876,-14.825536732239245
2003-10-24 09:30:00,19,-15.0,-14.999972533959887,0.0677121511336626,-9.0,5,42,7,4,-15.174399035280203,-14.825546032639572
2003-10-24 10:30:00,19,-20.0,-19.999928877642983,0.0677121511336626,-12.0,5,42,7,4,-20.1743553789633,-19.825502376322667
2003-10-24 11:30:00,19,-24.0,-23.999896466772512,0.0677121511336626,-13.0,5,42,7,4,-24.174322968092827,-23.825469965452196
2003-10-24 12:30:00,19,-37.0,-36.999777517897165,0.0677121511336626,-15.0,5,42,7,4,-37.17420401921748,-36.82535101657685
2003-10-24 13:30:00,19,-43.0,-42.99978985664941,0.0677121511336626,-15.0,5,42,7,4,-43.17421635796972,-42.825363355329095
2003-10-24 14:30:00,19,-44.0,-43.99982925390567,0.0677121511336626,-20.0,5,42,7,4,-44.174255755225985,-43.82540275258536
2003-10-24 15:30:00,19,-30.0,-30.000052651340408,0.0677121511336626,-24.0,5,42,7,4,-30.174479152660723,-29.825626150020092
2003-10-24 16:30:00,19,-26.0,-26.000206450057973,0.0677121511336626,-37.0,5,42,7,4,-26.17463295137829,-25.825779948737658
2003-10-24 17:30:00,19,-9.0,-9.000410770232627,0.0677121511336626,-43.0,5,42,7,4,-9.174837271552942,-8.825984268912311
2003-10-24 18:30:00,19,5.0,4.999489960046837,0.0677121511336626,-44.0,5,42,7,4,4.825063458726523,5.173916461367152
2003-10-24 19:30:00,19,-26.0,-26.000109058326863,0.0677121511336626,-30.0,5,42,7,4,-26.17453555964718,-25.825682557006548
2003-10-24 20:30:00,19,-34.0,-33.99994381452202,0.0677121511336626,-26.0,5,42,7,4,-34.17437031584233,-33.82551731320171
2003-10-24 21:30:00,19,-22.0,-22.00002608138667,0.0677121511336626,-9.0,5,42,7,4,-22.174452582706987,-21.825599580066356
2003-10-24 22:30:00,19,-18.0,-18.000068781176083,0.0677121511336626,5.0,5,42,7,4,-18.174495282496398,-17.825642279855767
2003-10-24 23:30:00,19,-36.0,-35.999918636430266,0.0677121511336626,-26.0,5,42,7,4,-36.17434513775058,-35.825492135109954
2003-10-25 00:30:00,19,-29.0,-28.99998943176045,0.0677121511336626,-34.0,5,42,7,4,-29.174415933080766,-28.825562930440135
2003-10-25 01:30:00,19,-19.0,-19.00006697121368,0.0677121511336626,-22.0,5,42,7,4,-19.174493472533996,-18.825640469893365
2003-10-25 02:30:00,19,0.0,-0.0002345391815623,0.0677121511336626,-18.0,5,42,7,4,-0.17466104050187714,0.17419196213875254
2003-10-25 03:30:00,19,-3.0,-3.000251631473656,0.0677121511336626,-36.0,5,42,7,4,-3.174678132793971,-2.825825130153341
2003-10-25 04:30:00,19,-11.0,-11.000185340027093,0.0677121511336626,-29.0,5,42,7,4,-11.174611841347408,-10.825758838706777
2003-10-25 05:30:00,19,-10.0,-10.00017951852458,0.0677121511336626,-19.0,5,42,7,4,-10.174606019844896,-9.825753017204265
2003-10-25 06:30:00,19,-13.0,-13.000127200039891,0.0677121511336626,0.0,5,42,7,4,-13.174553701360207,-12.825700698719576
2003-10-25 07:30:00,19,-19.0,-19.000077492672894,0.0677121511336626,-3.0,5,42,7,4,-19.17450399399321,-18.82565099135258
2003-10-25 08:30:00,19,-20.0,-20.00004203652528,0.0677121511336626,-11.0,5,42,7,4,-20.174468537845595,-19.825615535204964
2003-10-25 09:30:00,19,-18.0,-18.000062775401794,0.0677121511336626,-10.0,5,42,7,4,-18.17448927672211,-17.82563627408148
2003-10-25 10:30:00,19,-21.0,-21.000026505470863,0.0677121511336626,-13.0,5,42,7,4,-21.17445300679118,-20.825600004150548
2003-10-25 11:30:00,19,-20.0,-20.00005747681767,0.0677121511336626,-19.0,5,42,7,4,-20.174483978137985,-19.825630975497354
2003-10-25 12:30:00,19,-26.0,-26.00001059598053,0.0677121511336626,-20.0,5,42,7,4,-26.174437097300846,-25.825584094660215
2003-10-25 13:30:00,19,-27.0,-26.99999945852197,0.0677121511336626,-18.0,5,42,7,4,-27.174425959842285,-26.825572957201654
2003-10-25 14:30:00,19,-41.0,-40.99988561282016,0.0677121511336626,-21.0,5,42,7,4,-41.17431211414047,-40.825459111499846
2003-10-25 15:30:00,19,-49.0,-48.99979767184151,0.0677121511336626,-20.0,5,42,7,4,-49.174224173161825,-48.8253711705212
2003-10-25 16:30:00,19,-43.0,-42.99993273731344,0.0677121511336626,-26.0,5,42,7,4,-43.174359238633755,-42.82550623599313
2003-10-25 17:30:00,19,-30.0,-30.000147456675325,0.0677121511336626,-27.0,5,42,7,4,-30.17457395799564,-29.82572095535501
2003-10-25 18:30:00,19,-33.0,-33.00024767315961,0.0677121511336626,-41.0,5,42,7,4,-33.174674174479925,-32.8258211718393
2003-10-25 19:30:00,19,-38.0,-38.00012622459384,0.0677121511336626,-49.0,5,42,7,4,-38.174552725914154,-37.82569972327353
2003-10-25 20:30:00,19,-41.0,-41.00003558662711,0.0677121511336626,-43.0,5,42,7,4,-41.17446208794742,-40.825609085306795
2003-10-25 21:30:00,19,-39.0,-38.99998247997614,0.0677121511336626,-30.0,5,42,7,4,-39.17440898129645,-38.82555597865583
2003-10-25 22:30:00,19,-33.0,-33.000021933471274,0.0677121511336626,-33.0,5,42,7,4,-33.174448434791586,-32.82559543215096
2003-10-25 23:30:00,19,-32.0,-32.000037273463505,0.0677121511336626,-38.0,5,42,7,4,-32.17446377478382,-31.82561077214319
2003-10-26 00:30:00,19,-31.0,-31.000043796639872,0.0677121511336626,-41.0,5,42,7,4,-31.174470297960188,-30.825617295319557
2003-10-26 01:30:00,19,-33.0,-33.00000445132284,0.0677121511336626,-39.0,5,42,7,4,-33.17443095264315,-32.825577950002526
2003-10-26 02:30:00,19,-32.0,-31.99998765289035,0.0677121511336626,-33.0,5,42,7,4,-32.174414154210666,-31.825561151570035
2003-10-26 03:30:00,19,-29.0,-28.99999663388228,0.0677121511336626,-32.0,5,42,7,4,-29.174423135202595,-28.825570132561964
2003-10-26 04:30:00,19,-27.0,-27.000011772923628,0.0677121511336626,-31.0,5,42,7,4,-27.174438274243943,-26.825585271603313
2003-10-26 05:30:00,19,-25.0,-25.0000317095176,0.0677121511336626,-33.0,5,42,7,4,-25.174458210837916,-24.825605208197285
2003-10-26 06:30:00,19,-24.0,-24.00001215764506,0.0677121511336626,-32.0,5,42,7,4,-24.174438658965375,-23.825585656324744
2003-10-26 07:30:00,19,-24.0,-23.99998999823703,0.0677121511336626,-29.0,5,42,7,4,-24.174416499557346,-23.825563496916715
2003-10-26 08:30:00,19,-19.0,-19.00002137055719,0.0677121511336626,-27.0,5,42,7,4,-19.174447871877504,-18.825594869236873
2003-10-26 09:30:00,19,-11.0,-11.000091182262974,0.0677121511336626,-25.0,5,42,7,4,-11.17451768358329,-10.825664680942658
2003-10-26 10:30:00,19,-4.0,-4.0001509384798695,0.0677121511336626,-24.0,5,42,7,4,-4.174577439800184,-3.8257244371595545
2003-10-26 11:30:00,19,-4.0,-4.000137437583735,0.0677121511336626,-24.0,5,42,7,4,-4.17456393890405,-3.82571093626342
2003-10-26 12:30:00,19,-4.0,-4.000119891515951,0.0677121511336626,-19.0,5,42,7,4,-4.174546392836265,-3.8256933901956356
2003-10-26 13:30:00,19,-4.0,-4.000108960978931,0.0677121511336626,-11.0,5,42,7,4,-4.174535462299246,-3.825682459658616
2003-10-26 14:30:00,19,-6.0,-6.000087255136847,0.0677121511336626,-4.0,5,42,7,4,-6.174513756457162,-5.825660753816533
2003-10-26 15:30:00,19,-6.0,-6.000098073552799,0.0677121511336626,-4.0,5,42,7,4,-6.1745245748731135,-5.825671572232484
2003-10-26 16:30:00,19,-5.0,-5.000116902865912,0.0677121511336626,-4.0,5,42,7,4,-5.174543404186227,-4.8256904015455975
2003-10-26 17:30:00,19,-5.0,-5.000105247692247,0.0677121511336626,-4.0,5,42,7,4,-5.174531749012561,-4.825678746371932
2003-10-26 18:30:00,19,-7.0,-7.000089758070949,0.0677121511336626,-6.0,5,42,7,4,-7.174516259391264,-6.825663256750635
2003-10-26 19:30:00,19,-8.0,-8.000071446728487,0.0677121511336626,-6.0,5,42,7,4,-8.174497948048803,-7.825644945408173
2003-10-26 20:30:00,19,-15.0,-14.999986881261425,0.0677121511336626,-5.0,5,42,7,4,-15.17441338258174,-14.825560379941109
2003-10-26 21:30:00,19,-18.0,-17.999959563522356,0.0677121511336626,-5.0,5,42,7,4,-18.174386064842672,-17.82553306220204
2003-10-26 22:30:00,19,-29.0,-28.999873057919977,0.0677121511336626,-7.0,5,42,7,4,-29.174299559240293,-28.825446556599662
2003-10-26 23:30:00,19,-33.0,-32.9998780196424,0.0677121511336626,-8.0,5,42,7,4,-33.174304520962714,-32.82545151832209
2003-10-27 00:30:00,19,-43.0,-42.9999459791896,0.0677121511336626,-15.0,5,42,7,4,-43.17437248050991,-42.825519477869285
2003-10-27 01:30:00,19,-49.0,-48.99994494333215,0.0677121511336626,-18.0,5,42,7,4,-49.174371444652465,-48.82551844201184
2003-10-27 02:30:00,19,-47.0,-47.0000427055432,0.0677121511336626,-29.0,5,42,7,4,-47.17446920686351,-46.82561620422289
2003-10-27 03:30:00,19,-49.0,-49.0000115103172,0.0677121511336626,-33.0,5,42,7,4,-49.17443801163751,-48.82558500899689
2003-10-27 04:30:00,19,-52.0,-52.00003105424763,0.0677121511336626,-43.0,5,42,7,4,-52.17445755556794,-51.82560455292732
2003-10-27 05:30:00,19,-52.0,-52.00003214064802,0.0677121511336626,-49.0,5,42,7,4,-52.17445864196833,-51.825605639327705
2003-10-27 06:30:00,19,-50.0,-50.00001340168544,0.0677121511336626,-47.0,5,42,7,4,-50.174439903005755,-49.82558690036513
2003-10-27 07:30:00,19,-46.0,-46.00005709226495,0.0677121511336626,-49.0,5,42,7,4,-46.174483593585265,-45.82563059094464
2003-10-27 08:30:00,19,-48.0,-48.00004439724028,0.0677121511336626,-52.0,5,42,7,4,-48.17447089856059,-47.82561789591997
2003-10-27 09:30:00,19,-51.0,-51.00000674869287,0.0677121511336626,-52.0,5,42,7,4,-51.17443325001318,-50.82558024737256
2003-10-27 10:30:00,19,-49.0,-48.99999307058773,0.0677121511336626,-50.0,5,42,7,4,-49.17441957190804,-48.825566569267416
2003-10-27 11:30:00,19,-41.0,-41.00003578626821,0.0677121511336626,-46.0,5,42,7,4,-41.17446228758852,-40.825609284947895
2003-10-27 12:30:00,19,-36.0,-36.00010838573091,0.0677121511336626,-48.0,5,42,7,4,-36.17453488705122,-35.8256818844106
2003-10-27 13:30:00,19,-35.0,-35.00009298951271,0.0677121511336626,-51.0,5,42,7,4,-35.17451949083302,-34.8256664881924
2003-10-27 14:30:00,19,-34.0,-34.00002234950244,0.0677121511336626,-49.0,5,42,7,4,-34.17444885082275,-33.825595848182125
2003-10-27 15:30:00,19,-34.0,-33.99998132640776,0.0677121511336626,-41.0,5,42,7,4,-34.174407827728075,-33.82555482508745
2003-10-27 16:30:00,19,-30.0,-30.00000319649648,0.0677121511336626,-36.0,5,42,7,4,-30.174429697816795,-29.825576695176164
2003-10-27 17:30:00,19,-30.0,-30.000000351496,0.0677121511336626,-35.0,5,42,7,4,-30.174426852816314,-29.825573850175683
2003-10-27 18:30:00,19,-30.0,-30.000014451949447,0.0677121511336626,-34.0,5,42,7,4,-30.174440953269762,-29.82558795062913
2003-10-27 19:30:00,19,-27.0,-27.000043365980897,0.0677121511336626,-34.0,5,42,7,4,-27.174469867301212,-26.82561686466058
2003-10-27 20:30:00,19,-27.0,-27.00004304941568,0.0677121511336626,-30.0,5,42,7,4,-27.174469550735996,-26.825616548095365
2003-10-27 21:30:00,19,-27.0,-27.00003239370582,0.0677121511336626,-30.0,5,42,7,4,-27.174458895026135,-26.825605892385504
2003-10-27 22:30:00,19,-25.0,-25.00001348734734,0.0677121511336626,-30.0,5,42,7,4,-25.174439988667654,-24.825586986027023
2003-10-27 23:30:00,19,-24.0,-24.00001186160572,0.0677121511336626,-27.0,5,42,7,4,-24.174438362926036,-23.825585360285405
2003-10-28 00:30:00,19,-24.0,-24.0000237347407,0.0677121511336626,-27.0,5,42,7,4,-24.174450236061016,-23.825597233420385
2003-10-28 01:30:00,19,-24.0,-24.00001470809415,0.0677121511336626,-27.0,5,42,7,4,-24.174441209414464,-23.825588206773833
2003-10-28 02:30:00,19,-14.0,-14.000098547036352,0.0677121511336626,-25.0,5,42,7,4,-14.174525048356667,-13.825672045716036
2003-10-28 03:30:00,19,-18.0,-18.00006231296482,0.0677121511336626,-24.0,5,42,7,4,-18.174488814285134,-17.825635811644503
2003-10-28 04:30:00,19,-4.0,-4.000197077100232,0.0677121511336626,-24.0,5,42,7,4,-4.1746235784205465,-3.825770575779917
2003-10-28 05:30:00,19,-1.0,-1.0002266115110423,0.0677121511336626,-24.0,5,42,7,4,-1.174653112831357,-0.8258001101907275
2003-10-28 06:30:00,19,-1.0,-1.0002207169797082,0.0677121511336626,-14.0,5,42,7,4,-1.174647218300023,-0.8257942156593934
2003-10-28 07:30:00,19,-5.0,-5.000219112292481,0.0677121511336626,-18.0,5,42,7,4,-5.174645613612795,-4.825792610972166
2003-10-28 08:30:00,19,-14.0,-14.000086401876086,0.0677121511336626,-4.0,5,42,7,4,-14.174512903196401,-13.82565990055577
2003-10-28 09:30:00,19,-32.0,-31.999938709628232,0.0677121511336626,-1.0,5,42,7,4,-32.174365210948544,-31.825512208307916
2003-10-28 10:30:00,19,-32.0,-31.99996017563268,0.0677121511336626,-1.0,5,42,7,4,-32.17438667695299,-31.825533674312364
2003-10-28 11:30:00,19,-24.0,-24.00013261617452,0.0677121511336626,-5.0,5,42,7,4,-24.174559117494834,-23.825706114854203
2003-10-28 12:30:00,19,-20.0,-20.000212441881253,0.0677121511336626,-14.0,5,42,7,4,-20.17463894320157,-19.825785940560937
2003-10-28 13:30:00,19,-16.0,-16.00020670394349,0.0677121511336626,-32.0,5,42,7,4,-16.174633205263806,-15.825780202623175
2003-10-28 14:30:00,19,-8.0,-8.00026839297644,0.0677121511336626,-32.0,5,42,7,4,-8.174694894296756,-7.825841891656126
2003-10-28 15:30:00,19,-4.0,-4.000260200859604,0.0677121511336626,-24.0,5,42,7,4,-4.174686702179919,-3.8258336995392894
2003-10-28 16:30:00,19,-4.0,-4.000255816834844,0.0677121511336626,-20.0,5,42,7,4,-4.174682318155159,-3.8258293155145293
2003-10-28 17:30:00,19,-9.0,-9.00021572030149,0.0677121511336626,-16.0,5,42,7,4,-9.174642221621806,-8.825789218981175
2003-10-28 18:30:00,19,-16.0,-16.00012174081219,0.0677121511336626,-8.0,5,42,7,4,-16.174548242132506,-15.825695239491875
2003-10-28 19:30:00,19,-18.0,-18.000025836825102,0.0677121511336626,-4.0,5,42,7,4,-18.174452338145418,-17.825599335504787
2003-10-28 20:30:00,19,-19.0,-19.00000345234258,0.0677121511336626,-4.0,5,42,7,4,-19.174429953662894,-18.825576951022263
2003-10-28 21:30:00,19,-22.0,-21.999964609104467,0.0677121511336626,-9.0,5,42,7,4,-22.174391110424782,-21.82553810778415
2003-10-28 22:30:00,19,-14.0,-14.000061628681646,0.0677121511336626,-16.0,5,42,7,4,-14.174488130001961,-13.82563512736133
2003-10-28 23:30:00,19,-20.0,-20.00002720778026,0.0677121511336626,-18.0,5,42,7,4,-20.174453709100575,-19.825600706459944
2003-10-29 00:30:00,19,-34.0,-33.99990522193092,0.0677121511336626,-19.0,5,42,7,4,-34.174331723251235,-33.82547872061061
2003-10-29 01:30:00,19,-42.0,-41.99984133911608,0.0677121511336626,-22.0,5,42,7,4,-42.17426784043639,-41.82541483779577
2003-10-29 02:30:00,19,-32.0,-31.99993757086926,0.0677121511336626,-14.0,5,42,7,4,-32.174364072189576,-31.825511069548945
2003-10-29 03:30:00,19,-25.0,-25.00003157278166,0.0677121511336626,-20.0,5,42,7,4,-25.174458074101974,-24.825605071461343
2003-10-29 04:30:00,19,-28.0,-28.00007347937188,0.0677121511336626,-34.0,5,42,7,4,-28.174499980692197,-27.825646978051566
2003-10-29 05:30:00,19,-30.0,-30.000085705694183,0.0677121511336626,-42.0,5,42,7,4,-30.174512207014498,-29.825659204373867
2003-10-29 06:30:00,19,-10.0,-10.000256927329616,0.0677121511336626,-32.0,5,42,7,4,-10.174683428649931,-9.8258304260093
2003-10-29 07:30:00,19,-105.0,-104.99932390919432,0.0677121511336626,-25.0,5,42,7,4,-105.17375041051463,-104.824897407874
2003-10-29 08:30:00,19,-130.0,-129.99909156016056,0.0677121511336626,-28.0,5,42,7,4,-130.17351806148088,-129.82466505884025
2003-10-29 09:30:00,19,-151.0,-150.99888663698428,0.0677121511336626,-30.0,5,42,7,4,-151.1733131383046,-150.82446013566397
2003-10-29 10:30:00,19,-151.0,-150.99887460158456,0.0677121511336626,-10.0,5,42,7,4,-151.17330110290487,-150.82444810026425
2003-10-29 11:30:00,19,-147.0,-146.9991869705268,0.0677121511336626,-105.0,5,42,7,4,-147.17361347184712,-146.8247604692065
2003-10-29 12:30:00,19,-111.0,-110.9997479877317,0.0677121511336626,-130.0,5,42,7,4,-111.174174489052,-110.82532148641138
2003-10-29 13:30:00,19,-79.0,-79.00019602479674,0.0677121511336626,-151.0,5,42,7,4,-79.17462252611705,-78.82576952347642
2003-10-29 14:30:00,19,-99.0,-99.0001311015103,0.0677121511336626,-151.0,5,42,7,4,-99.17455760283062,-98.82570460019
2003-10-29 15:30:00,19,-107.0,-107.00030485728342,0.0677121511336626,-147.0,5,42,7,4,-107.17473135860374,-106.82587835596311
2003-10-29 16:30:00,19,-124.0,-124.00028015641934,0.0677121511336626,-111.0,5,42,7,4,-124.17470665773965,-123.82585365509902
2003-10-29 17:30:00,19,-126.0,-126.00035912725662,0.0677121511336626,-79.0,5,42,7,4,-126.17478562857693,-125.8259326259363
2003-10-29 18:30:00,19,-169.0,-169.00033884506507,0.0677121511336626,-99.0,5,42,7,4,-169.17476534638539,-168.82591234374476
2003-10-29 19:30:00,19,-213.0,-213.0001952171783,0.0677121511336626,-107.0,5,42,7,4,-213.1746217184986,-212.82576871585798
2003-10-29 20:30:00,19,-253.0,-253.0000759077388,0.0677121511336626,-124.0,5,42,7,4,-253.1745024090591,-252.82564940641848
2003-10-29 21:30:00,19,-268.0,-268.00004497431206,0.0677121511336626,-126.0,5,42,7,4,-268.1744714756324,-267.8256184729917
2003-10-29 22:30:00,19,-281.0,-281.0004467592581,0.0677121511336626,-169.0,5,42,7,4,-281.17487326057847,-280.8260202579378
2003-10-29 23:30:00,19,-350.0,-350.000120942568,0.0677121511336626,-213.0,5,42,7,4,-350.17454744388834,-349.82569444124766
2003-10-30 00:30:00,19,-353.0,-353.0001219549626,0.0677121511336626,-253.0,5,42,7,4,-353.17454845628293,-352.82569545364225
2003-10-30 01:30:00,19,-341.0,-341.0000889882824,0.0677121511336626,-268.0,5,42,7,4,-341.17451548960275,-340.8256624869621
2003-10-30 02:30:00,19,-335.0,-334.9999547431118,0.0677121511336626,-281.0,5,42,7,4,-335.17438124443214,-334.82552824179146
2003-10-30 03:30:00,19,-303.0,-303.00014396208485,0.0677121511336626,-350.0,5,42,7,4,-303.1745704634052,-302.8257174607645
2003-10-30 04:30:00,19,-273.0,-272.99997020082384,0.0677121511336626,-353.0,5,42,7,4,-273.1743967021442,-272.8255436995035
2003-10-30 05:30:00,19,-244.0,-244.00000333955177,0.0677121511336626,-341.0,5,42,7,4,-244.17442984087208,-243.82557683823146
2003-10-30 06:30:00,19,-220.0,-220.00002912082363,0.0677121511336626,-335.0,5,42,7,4,-220.17445562214394,-219.82560261950331
2003-10-30 07:30:00,19,-203.0,-202.9999557633999,0.0677121511336626,-303.0,5,42,7,4,-203.1743822647202,-202.82552926207958
2003-10-30 08:30:00,19,-192.0,-191.9999632051175,0.0677121511336626,-273.0,5,42,7,4,-192.1743897064378,-191.82553670379718
2003-10-30 09:30:00,19,-178.0,-177.99999352802925,0.0677121511336626,-244.0,5,42,7,4,-178.17442002934956,-177.82556702670894
2003-10-30 10:30:00,19,-164.0,-164.00004953296985,0.0677121511336626,-220.0,5,42,7,4,-164.17447603429017,-163.82562303164954
2003-10-30 11:30:00,19,-155.0,-155.00006319395868,0.0677121511336626,-203.0,5,42,7,4,-155.174489695279,-154.82563669263837
2003-10-30 12:30:00,19,-156.0,-155.99998952092727,0.0677121511336626,-192.0,5,42,7,4,-156.17441602224758,-155.82556301960696
2003-10-30 13:30:00,19,-148.0,-148.00002930048257,0.0677121511336626,-178.0,5,42,7,4,-148.17445580180288,-147.82560279916225
2003-10-30 14:30:00,19,-138.0,-138.00010247947108,0.0677121511336626,-164.0,5,42,7,4,-138.1745289807914,-137.82567597815077
2003-10-30 15:30:00,19,-129.0,-129.00020177104776,0.0677121511336626,-155.0,5,42,7,4,-129.17462827236807,-128.82577526972744
2003-10-30 16:30:00,19,-111.0,-111.00044237702669,0.0677121511336626,-156.0,5,42,7,4,-111.174868878347,-110.82601587570637
2003-10-30 17:30:00,19,-97.0,-97.00062882335774,0.0677121511336626,-148.0,5,42,7,4,-97.17505532467806,-96.82620232203743
2003-10-30 18:30:00,19,-111.0,-111.00058688160668,0.0677121511336626,-138.0,5,42,7,4,-111.17501338292699,-110.82616038028637
2003-10-30 19:30:00,19,-142.0,-142.0003914678894,0.0677121511336626,-129.0,5,42,7,4,-142.1748179692097,-141.82596496656907
2003-10-30 20:30:00,19,-240.0,-239.99952870639007,0.0677121511336626,-111.0,5,42,7,4,-240.17395520771038,-239.82510220506975
2003-10-30 21:30:00,19,-316.0,-315.9988801613431,0.0677121511336626,-97.0,5,42,7,4,-316.17330666266344,-315.82445366002275
2003-10-30 22:30:00,19,-383.0,-382.9984283782687,0.0677121511336626,-111.0,5,42,7,4,-383.17285487958907,-382.8240018769484
2003-10-30 23:30:00,19,-371.0,-370.9990041889394,0.0677121511336626,-142.0,5,42,7,4,-371.17343069025975,-370.82457768761907
2003-10-31 00:30:00,19,-307.0,-307.0000108177626,0.0677121511336626,-240.0,5,42,7,4,-307.1744373190829,-306.82558431644225
2003-10-31 01:30:00,19,-246.0,-246.0006205238866,0.0677121511336626,-316.0,5,42,7,4,-246.1750470252069,-245.82619402256628
2003-10-31 02:30:00,19,-244.0,-244.0002098670828,0.0677121511336626,-383.0,5,42,7,4,-244.1746363684031,-243.82578336576248
2003-10-31 03:30:00,19,-241.0,-240.9999414274,0.0677121511336626,-371.0,5,42,7,4,-241.1743679287203,-240.82551492607968
2003-10-31 04:30:00,19,-196.0,-196.0001304906175,0.0677121511336626,-307.0,5,42,7,4,-196.1745569919378,-195.82570398929718
2003-10-31 05:30:00,19,-131.0,-131.00015721675453,0.0677121511336626,-246.0,5,42,7,4,-131.17458371807484,-130.82573071543422
2003-10-31 06:30:00,19,-106.0,-106.00032901708394,0.0677121511336626,-244.0,5,42,7,4,-106.17475551840425,-105.82590251576363
2003-10-31 07:30:00,19,-113.0,-113.00019839650724,0.0677121511336626,-241.0,5,42,7,4,-113.17462489782756,-112.82577189518693
2003-10-31 08:30:00,19,-113.0,-113.0001146133103,0.0677121511336626,-196.0,5,42,7,4,-113.17454111463061,-112.82568811198999
2003-10-31 09:30:00,19,-109.0,-108.99999851752924,0.0677121511336626,-131.0,5,42,7,4,-109.17442501884955,-108.82557201620892
2003-10-31 10:30:00,19,-113.0,-112.99985229125494,0.0677121511336626,-106.0,5,42,7,4,-113.17427879257525,-112.82542578993463
2003-10-31 11:30:00,19,-55.0,-55.00037087005408,0.0677121511336626,-113.0,5,42,7,4,-55.17479737137439,-54.825944368733765
2003-10-31 12:30:00,19,-77.0,-77.00012243933818,0.0677121511336626,-113.0,5,42,7,4,-77.1745489406585,-76.82569593801787
2003-10-31 13:30:00,19,-80.0,-80.00006950554874,0.0677121511336626,-109.0,5,42,7,4,-80.17449600686905,-79.82564300422843
2003-10-31 14:30:00,19,-88.0,-88.00000507709349,0.0677121511336626,-113.0,5,42,7,4,-88.1744315784138,-87.82557857577318
2003-10-31 15:30:00,19,-80.0,-79.99993712329811,0.0677121511336626,-55.0,5,42,7,4,-80.17436362461842,-79.8255106219778
2003-10-31 16:30:00,19,-76.0,-75.99999416982808,0.0677121511336626,-77.0,5,42,7,4,-76.1744206711484,-75.82556766850777
2003-10-31 17:30:00,19,-68.0,-68.00007163642996,0.0677121511336626,-80.0,5,42,7,4,-68.17449813775028,-67.82564513510965
2003-10-31 18:30:00,19,-70.0,-70.00010853183838,0.0677121511336626,-88.0,5,42,7,4,-70.17453503315869,-69.82568203051807
2003-10-31 19:30:00,19,-66.0,-66.0001277714052,0.0677121511336626,-80.0,5,42,7,4,-66.17455427272552,-65.82570127008489
2003-10-31 20:30:00,19,-63.0,-63.00013145404557,0.0677121511336626,-76.0,5,42,7,4,-63.174557955365884,-62.82570495272526
2003-10-31 21:30:00,19,-52.0,-52.00020203029099,0.0677121511336626,-68.0,5,42,7,4,-52.174628531611305,-51.82577552897068
2003-10-31 22:30:00,19,-55.0,-55.00015834265302,0.0677121511336626,-70.0,5,42,7,4,-55.174584843973335,-54.82573184133271
2003-10-31 23:30:00,19,-66.0,-66.00001816862763,0.0677121511336626,-66.0,5,42,7,4,-66.17444466994795,-65.82559166730732
2003-11-01 00:30:00,19,-69.0,-68.9999666534053,0.0677121511336626,-63.0,5,42,7,4,-69.1743931547256,-68.82554015208498
2003-11-01 01:30:00,19,-69.0,-68.99992760223628,0.0677121511336626,-52.0,5,42,7,4,-69.1743541035566,-68.82550110091597
2003-11-01 02:30:00,19,-61.0,-61.00000741565823,0.0677121511336626,-55.0,5,42,7,4,-61.17443391697854,-60.82558091433792
2003-11-01 03:30:00,19,-62.0,-62.00005881559412,0.0677121511336626,-66.0,5,42,7,4,-62.174485316914435,-61.82563231427381
2003-11-01 04:30:00,19,-61.0,-61.000057575223565,0.0677121511336626,-69.0,5,42,7,4,-61.17448407654388,-60.82563107390325
2003-11-01 05:30:00,19,-62.0,-62.00005112052149,0.0677121511336626,-69.0,5,42,7,4,-62.1744776218418,-61.82562461920118
2003-11-01 06:30:00,19,-56.0,-56.00007615512931,0.0677121511336626,-61.0,5,42,7,4,-56.17450265644962,-55.825649653808995
2003-11-01 07:30:00,19,-48.0,-48.00013312574314,0.0677121511336626,-62.0,5,42,7,4,-48.17455962706345,-47.82570662442283
2003-11-01 08:30:00,19,-47.0,-47.00012799746165,0.0677121511336626,-61.0,5,42,7,4,-47.17455449878196,-46.825701496141335
2003-11-01 09:30:00,19,-44.0,-44.0001546267538,0.0677121511336626,-62.0,5,42,7,4,-44.17458112807411,-43.825728125433486
2003-11-01 10:30:00,19,-41.0,-41.00015400469421,0.0677121511336626,-56.0,5,42,7,4,-41.17458050601452,-40.8257275033739
2003-11-01 11:30:00,19,-38.0,-38.00012402141963,0.0677121511336626,-48.0,5,42,7,4,-38.17455052273994,-37.82569752009932
2003-11-01 12:30:00,19,-43.0,-43.00006305034819,0.0677121511336626,-47.0,5,42,7,4,-43.1744895516685,-42.82563654902788
2003-11-01 13:30:00,19,-46.0,-46.00000830792495,0.0677121511336626,-44.0,5,42,7,4,-46.17443480924526,-45.82558180660464
2003-11-01 14:30:00,19,-46.0,-45.9999863579744,0.0677121511336626,-41.0,5,42,7,4,-46.17441285929471,-45.82555985665409
2003-11-01 15:30:00,19,-39.0,-39.00002929979202,0.0677121511336626,-38.0,5,42,7,4,-39.17445580111233,-38.82560279847171
2003-11-01 16:30:00,19,-35.0,-35.000075610383306,0.0677121511336626,-43.0,5,42,7,4,-35.17450211170362,-34.825649109062994
2003-11-01 17:30:00,19,-31.0,-31.000131883083288,0.0677121511336626,-46.0,5,42,7,4,-31.174558384403603,-30.825705381762972
2003-11-01 18:30:00,19,-28.0,-28.00015948695058,0.0677121511336626,-46.0,5,42,7,4,-28.174585988270895,-27.825732985630264
2003-11-01 19:30:00,19,-32.0,-32.00007661347366,0.0677121511336626,-39.0,5,42,7,4,-32.17450311479397,-31.825650112153344
2003-11-01 20:30:00,19,-36.0,-36.00000793989673,0.0677121511336626,-35.0,5,42,7,4,-36.174434441217045,-35.82558143857642
2003-11-01 21:30:00,19,-33.0,-33.00001410373639,0.0677121511336626,-31.0,5,42,7,4,-33.1744406050567,-32.82558760241608
2003-11-01 22:30:00,19,-31.0,-31.000034337441324,0.0677121511336626,-28.0,5,42,7,4,-31.17446083876164,-30.82560783612101
2003-11-01 23:30:00,19,-37.0,-36.99999662199102,0.0677121511336626,-32.0,5,42,7,4,-37.174423123311335,-36.82557012067071
2003-11-02 00:30:00,19,-41.0,-40.99998829003328,0.0677121511336626,-36.0,5,42,7,4,-41.17441479135359,-40.82556178871297
2003-11-02 01:30:00,19,-40.0,-39.99993700412131,0.0677121511336626,-33.0,5,42,7,4,-40.17436350544162,-39.825510502800995
2003-11-02 02:30:00,19,-31.0,-31.000026043690305,0.0677121511336626,-31.0,5,42,7,4,-31.17445254501062,-30.82559954236999
2003-11-02 03:30:00,19,-23.0,-23.000144236655725,0.0677121511336626,-37.0,5,42,7,4,-23.17457073797604,-22.82571773533541
2003-11-02 04:30:00,19,-27.0,-27.000095203994103,0.0677121511336626,-41.0,5,42,7,4,-27.17452170531442,-26.825668702673788
2003-11-02 05:30:00,19,-30.0,-30.000045613919493,0.0677121511336626,-40.0,5,42,7,4,-30.17447211523981,-29.825619112599178
2003-11-02 06:30:00,19,-26.0,-26.00004546408772,0.0677121511336626,-31.0,5,42,7,4,-26.174471965408035,-25.825618962767404
2003-11-02 07:30:00,19,-23.0,-23.000057950145845,0.0677121511336626,-23.0,5,42,7,4,-23.17448445146616,-22.82563144882553
2003-11-02 08:30:00,19,-23.0,-23.00007446516551,0.0677121511336626,-27.0,5,42,7,4,-23.174500966485827,-22.825647963845196
2003-11-02 09:30:00,19,-22.0,-22.00006773506525,0.0677121511336626,-30.0,5,42,7,4,-22.174494236385566,-21.825641233744935
2003-11-02 10:30:00,19,-27.0,-26.99999870574037,0.0677121511336626,-26.0,5,42,7,4,-27.174425207060686,-26.825572204420055
2003-11-02 11:30:00,19,-31.0,-30.99993755325607,0.0677121511336626,-23.0,5,42,7,4,-31.174364054576387,-30.825511051935756
2003-11-02 12:30:00,19,-25.0,-24.999992612147167,0.0677121511336626,-23.0,5,42,7,4,-25.174419113467483,-24.825566110826852
2003-11-02 13:30:00,19,-25.0,-25.00000130327341,0.0677121511336626,-22.0,5,42,7,4,-25.174427804593726,-24.825574801953096
2003-11-02 14:30:00,19,-28.0,-27.99999063731824,0.0677121511336626,-27.0,5,42,7,4,-28.174417138638557,-27.825564135997926
2003-11-02 15:30:00,19,-29.0,-29.000000857941387,0.0677121511336626,-31.0,5,42,7,4,-29.174427359261703,-28.825574356621072
2003-11-02 16:30:00,19,-28.0,-27.999971099423995,0.0677121511336626,-25.0,5,42,7,4,-28.17439760074431,-27.82554459810368
2003-11-02 17:30:00,19,-23.0,-23.000037373431017,0.0677121511336626,-25.0,5,42,7,4,-23.174463874751332,-22.8256108721107
2003-11-02 18:30:00,19,-23.0,-23.00006036384628,0.0677121511336626,-28.0,5,42,7,4,-23.174486865166596,-22.825633862525965
2003-11-02 19:30:00,19,-21.0,-21.00006319217494,0.0677121511336626,-29.0,5,42,7,4,-21.174489693495257,-20.825636690854626
2003-11-02 20:30:00,19,-23.0,-23.00004248164756,0.0677121511336626,-28.0,5,42,7,4,-23.174468982967877,-22.825615980327246
2003-11-02 21:30:00,19,-22.0,-22.00005563258356,0.0677121511336626,-23.0,5,42,7,4,-22.174482133903876,-21.825629131263245
2003-11-02 22:30:00,19,-26.0,-26.000029672886694,0.0677121511336626,-23.0,5,42,7,4,-26.17445617420701,-25.825603171566378
2003-11-02 23:30:00,19,-32.0,-31.99992576811496,0.0677121511336626,-21.0,5,42,7,4,-32.174352269435275,-31.825499266794644
2003-11-03 00:30:00,19,-36.0,-35.99988886543499,0.0677121511336626,-23.0,5,42,7,4,-36.1743153667553,-35.82546236411468
2003-11-03 01:30:00,19,-38.0,-37.99986700400758,0.0677121511336626,-22.0,5,42,7,4,-38.17429350532789,-37.825440502687265
2003-11-03 02:30:00,19,-32.0,-31.9999472232262,0.0677121511336626,-26.0,5,42,7,4,-32.17437372454651,-31.825520721905885
2003-11-03 03:30:00,19,-26.0,-26.000048688790624,0.0677121511336626,-32.0,5,42,7,4,-26.17447519011094,-25.82562218747031
2003-11-03 04:30:00,19,-26.0,-26.00004915467419,0.0677121511336626,-36.0,5,42,7,4,-26.174475655994506,-25.825622653353875
2003-11-03 05:30:00,19,-28.0,-28.00001775520852,0.0677121511336626,-38.0,5,42,7,4,-28.174444256528837,-27.825591253888206
2003-11-03 06:30:00,19,-21.0,-21.00007060594202,0.0677121511336626,-32.0,5,42,7,4,-21.174497107262336,-20.825644104621706
2003-11-03 07:30:00,19,-18.0,-18.000066913699534,0.0677121511336626,-26.0,5,42,7,4,-18.17449341501985,-17.82564041237922
2003-11-03 08:30:00,19,-17.0,-17.00013245166873,0.0677121511336626,-26.0,5,42,7,4,-17.174558952989045,-16.825705950348414
2003-11-03 09:30:00,19,-14.0,-14.000103134742648,0.0677121511336626,-28.0,5,42,7,4,-14.174529636062964,-13.825676633422333
2003-11-03 10:30:00,19,-7.0,-7.000142656870253,0.0677121511336626,-21.0,5,42,7,4,-7.174569158190567,-6.825716155549938
2003-11-03 11:30:00,19,-5.0,-5.000152480310959,0.0677121511336626,-18.0,5,42,7,4,-5.1745789816312735,-4.825725978990644
2003-11-03 12:30:00,19,-7.0,-7.000137036781329,0.0677121511336626,-17.0,5,42,7,4,-7.174563538101643,-6.825710535461014
2003-11-03 13:30:00,19,-9.0,-9.000121026092849,0.0677121511336626,-14.0,5,42,7,4,-9.174547527413164,-8.825694524772533
2003-11-03 14:30:00,19,-6.0,-6.000134002030141,0.0677121511336626,-7.0,5,42,7,4,-6.174560503350455,-5.825707500709826
2003-11-03 15:30:00,19,-4.0,-4.000155437894318,0.0677121511336626,-5.0,5,42,7,4,-4.174581939214632,-3.8257289365740026
2003-11-03 16:30:00,19,-2.0,-2.000118186129473,0.0677121511336626,-7.0,5,42,7,4,-2.174544687449788,-1.825691684809158
2003-11-03 17:30:00,19,-3.0,-3.0000673512775045,0.0677121511336626,-9.0,5,42,7,4,-3.1744938525978195,-2.8256408499571894
2003-11-03 18:30:00,19,-2.0,-2.0001704651340795,0.0677121511336626,-6.0,5,42,7,4,-2.1745969664543945,-1.8257439638137647
2003-11-03 19:30:00,19,-4.0,-4.000146251676309,0.0677121511336626,-4.0,5,42,7,4,-4.174572752996624,-3.825719750355994
2003-11-03 20:30:00,19,-5.0,-5.000137812958336,0.0677121511336626,-2.0,5,42,7,4,-5.17456431427865,-4.825711311638021
2003-11-03 21:30:00,19,-6.0,-6.000077618641388,0.0677121511336626,-3.0,5,42,7,4,-6.174504119961703,-5.825651117321073
2003-11-03 22:30:00,19,-6.0,-6.000031477816513,0.0677121511336626,-2.0,5,42,7,4,-6.174457979136828,-5.825604976496199
2003-11-03 23:30:00,19,-11.0,-10.999969981259625,0.0677121511336626,-4.0,5,42,7,4,-11.17439648257994,-10.82554347993931
2003-11-04 00:30:00,19,-20.0,-19.99986857038688,0.0677121511336626,-5.0,5,42,7,4,-20.174295071707196,-19.825442069066565
2003-11-04 01:30:00,19,-15.0,-14.999898148185451,0.0677121511336626,-6.0,5,42,7,4,-15.174324649505767,-14.825471646865136
2003-11-04 02:30:00,19,-12.0,-11.999909080122508,0.0677121511336626,-6.0,5,42,7,4,-12.174335581442824,-11.825482578802193
2003-11-04 03:30:00,19,-12.0,-11.999887948158882,0.0677121511336626,-11.0,5,42,7,4,-12.174314449479198,-11.825461446838567
2003-11-04 04:30:00,19,-14.0,-13.999863489268735,0.0677121511336626,-20.0,5,42,7,4,-14.17428999058905,-13.82543698794842
2003-11-04 05:30:00,19,-15.0,-14.99985508208884,0.0677121511336626,-15.0,5,42,7,4,-15.174281583409156,-14.825428580768525
2003-11-04 06:30:00,19,14.0,13.999842677780483,0.0677121511336626,-12.0,5,42,7,4,13.825416176460168,14.174269179100799
2003-11-04 07:30:00,19,10.0,9.999846391566024,0.0677121511336626,-12.0,5,42,7,4,9.825419890245708,10.17427289288634
2003-11-04 08:30:00,19,6.0,5.999823094325237,0.0677121511336626,-14.0,5,42,7,4,5.825396593004922,6.174249595645551
2003-11-04 09:30:00,19,-15.0,-15.000035747494625,0.0677121511336626,-15.0,5,42,7,4,-15.17446224881494,-14.82560924617431
2003-11-04 10:30:00,19,-69.0,-68.99954812649361,0.0677121511336626,14.0,5,42,7,4,-69.17397462781392,-68.8251216251733
2003-11-04 11:30:00,19,-63.0,-62.99974092641314,0.0677121511336626,10.0,5,42,7,4,-63.17416742773345,-62.82531442509283
2003-11-04 12:30:00,19,-55.0,-54.99987448221825,0.0677121511336626,6.0,5,42,7,4,-55.174300983538565,-54.82544798089794
2003-11-04 13:30:00,19,-58.0,-58.0003071652113,0.0677121511336626,-15.0,5,42,7,4,-58.17473366653161,-57.825880663890985
2003-11-04 14:30:00,19,-61.0,-61.00007920704563,0.0677121511336626,-69.0,5,42,7,4,-61.17450570836594,-60.82565270572532
2003-11-04 15:30:00,19,-59.0,-58.999952811523286,0.0677121511336626,-63.0,5,42,7,4,-59.1743793128436,-58.825526310202974
2003-11-04 16:30:00,19,-55.0,-54.99996185785763,0.0677121511336626,-55.0,5,42,7,4,-55.17438835917794,-54.825535356537316
2003-11-04 17:30:00,19,-50.0,-50.00003771725632,0.0677121511336626,-58.0,5,42,7,4,-50.17446421857663,-49.82561121593601
2003-11-04 18:30:00,19,-45.0,-45.00013505995129,0.0677121511336626,-61.0,5,42,7,4,-45.1745615612716,-44.82570855863098
2003-11-04 19:30:00,19,-41.0,-41.000170195123154,0.0677121511336626,-59.0,5,42,7,4,-41.174596696443466,-40.82574369380284
2003-11-04 20:30:00,19,-39.0,-39.00016657134816,0.0677121511336626,-55.0,5,42,7,4,-39.17459307266847,-38.82574007002785
2003-11-04 21:30:00,19,-36.0,-36.00015036636995,0.0677121511336626,-50.0,5,42,7,4,-36.17457686769026,-35.82572386504964
2003-11-04 22:30:00,19,-39.0,-39.00008608837408,0.0677121511336626,-45.0,5,42,7,4,-39.174512589694395,-38.82565958705377
2003-11-04 23:30:00,19,-42.0,-42.00002096887405,0.0677121511336626,-41.0,5,42,7,4,-42.17444747019436,-41.825594467553735
2003-11-05 00:30:00,19,-41.0,-40.99999613840176,0.0677121511336626,-39.0,5,42,7,4,-41.174422639722074,-40.82556963708145
2003-11-05 01:30:00,19,-36.0,-36.00000286575614,0.0677121511336626,-36.0,5,42,7,4,-36.17442936707645,-35.825576364435825
2003-11-05 02:30:00,19,-31.0,-31.000054100885336,0.0677121511336626,-39.0,5,42,7,4,-31.17448060220565,-30.82562759956502
2003-11-05 03:30:00,19,-31.0,-31.000044013430745,0.0677121511336626,-42.0,5,42,7,4,-31.17447051475106,-30.82561751211043
2003-11-05 04:30:00,19,-31.0,-31.00003713281525,0.0677121511336626,-41.0,5,42,7,4,-31.174463634135567,-30.825610631494936
2003-11-05 05:30:00,19,-30.0,-30.0000251707069,0.0677121511336626,-36.0,5,42,7,4,-30.174451672027214,-29.825598669386583
2003-11-05 06:30:00,19,-27.0,-27.000031752131648,0.0677121511336626,-31.0,5,42,7,4,-27.174458253451963,-26.825605250811332
2003-11-05 07:30:00,19,-24.0,-24.000058451078907,0.0677121511336626,-31.0,5,42,7,4,-24.174484952399222,-23.82563194975859
2003-11-05 08:30:00,19,-25.0,-25.000044251501368,0.0677121511336626,-31.0,5,42,7,4,-25.174470752821684,-24.825617750181053
2003-11-05 09:30:00,19,-28.0,-28.00000974765736,0.0677121511336626,-30.0,5,42,7,4,-28.174436248977674,-27.825583246337043
2003-11-05 10:30:00,19,-29.0,-28.99999388982967,0.0677121511336626,-27.0,5,42,7,4,-29.174420391149987,-28.825567388509356
2003-11-05 11:30:00,19,-28.0,-27.99998991272781,0.0677121511336626,-24.0,5,42,7,4,-28.174416414048125,-27.825563411407494
2003-11-05 12:30:00,19,-27.0,-26.99999744709136,0.0677121511336626,-25.0,5,42,7,4,-27.174423948411675,-26.825570945771045
2003-11-05 13:30:00,19,-25.0,-25.00001608425318,0.0677121511336626,-28.0,5,42,7,4,-25.174442585573495,-24.825589582932864
2003-11-05 14:30:00,19,-22.0,-22.0000477110897,0.0677121511336626,-29.0,5,42,7,4,-22.174474212410015,-21.825621209769384
2003-11-05 15:30:00,19,-19.0,-19.00007213777616,0.0677121511336626,-28.0,5,42,7,4,-19.174498639096477,-18.825645636455846
2003-11-05 16:30:00,19,-17.0,-17.000089927263335,0.0677121511336626,-27.0,5,42,7,4,-17.17451642858365,-16.82566342594302
2003-11-05 17:30:00,19,-16.0,-16.000090064267248,0.0677121511336626,-25.0,5,42,7,4,-16.174516565587563,-15.825663562946932
2003-11-05 18:30:00,19,-17.0,-17.00007320769093,0.0677121511336626,-22.0,5,42,7,4,-17.174499709011247,-16.825646706370616
2003-11-05 19:30:00,19,-12.0,-12.000099857137918,0.0677121511336626,-19.0,5,42,7,4,-12.174526358458234,-11.825673355817603
2003-11-05 20:30:00,19,-17.0,-17.00004836429837,0.0677121511336626,-17.0,5,42,7,4,-17.174474865618684,-16.825621862978053
2003-11-05 21:30:00,19,-18.0,-18.000029150325943,0.0677121511336626,-16.0,5,42,7,4,-18.17445565164626,-17.825602649005628
2003-11-05 22:30:00,19,-17.0,-17.000029740542004,0.0677121511336626,-17.0,5,42,7,4,-17.17445624186232,-16.82560323922169
2003-11-05 23:30:00,19,-22.0,-21.99997557480295,0.0677121511336626,-12.0,5,42,7,4,-22.174402076123265,-21.825549073482634
2003-11-06 00:30:00,19,-24.0,-23.999965184859736,0.0677121511336626,-17.0,5,42,7,4,-24.17439168618005,-23.82553868353942
2003-11-06 01:30:00,19,-24.0,-23.9999893667935,0.0677121511336626,-18.0,5,42,7,4,-24.174415868113815,-23.825562865473184
2003-11-06 02:30:00,19,-21.0,-21.00000962917621,0.0677121511336626,-17.0,5,42,7,4,-21.174436130496524,-20.825583127855893
2003-11-06 03:30:00,19,-21.0,-21.00002986895477,0.0677121511336626,-22.0,5,42,7,4,-21.174456370275085,-20.825603367634454
2003-11-06 04:30:00,19,-25.0,-24.99999588279151,0.0677121511336626,-24.0,5,42,7,4,-25.174422384111825,-24.825569381471194
2003-11-06 05:30:00,19,-25.0,-24.999992607379944,0.0677121511336626,-24.0,5,42,7,4,-25.17441910870026,-24.82556610605963
2003-11-06 06:30:00,19,-20.0,-20.000020605952667,0.0677121511336626,-21.0,5,42,7,4,-20.174447107272982,-19.82559410463235
2003-11-06 07:30:00,19,-17.0,-17.00004836482986,0.0677121511336626,-21.0,5,42,7,4,-17.174474866150174,-16.825621863509543
2003-11-06 08:30:00,19,-16.0,-16.000077718077065,0.0677121511336626,-25.0,5,42,7,4,-16.17450421939738,-15.82565121675675
2003-11-06 09:30:00,19,-14.0,-14.000075053191274,0.0677121511336626,-25.0,5,42,7,4,-14.17450155451159,-13.825648551870959
2003-11-06 10:30:00,19,-15.0,-15.000045504522536,0.0677121511336626,-20.0,5,42,7,4,-15.174472005842851,-14.82561900320222
2003-11-06 11:30:00,19,-13.0,-13.000052453610907,0.0677121511336626,-17.0,5,42,7,4,-13.174478954931223,-12.825625952290592
2003-11-06 12:30:00,19,-12.0,-12.0000535219868,0.0677121511336626,-16.0,5,42,7,4,-12.174480023307115,-11.825627020666484
2003-11-06 13:30:00,19,-11.0,-11.000053583302009,0.0677121511336626,-14.0,5,42,7,4,-11.174480084622324,-10.825627081981693
2003-11-06 14:30:00,19,-7.0,-7.000078110342734,0.0677121511336626,-15.0,5,42,7,4,-7.174504611663049,-6.82565160902242
2003-11-06 15:30:00,19,-5.0,-5.0000961477187005,0.0677121511336626,-13.0,5,42,7,4,-5.174522649039015,-4.825669646398386
2003-11-06 16:30:00,19,-10.0,-10.00003477060356,0.0677121511336626,-12.0,5,42,7,4,-10.174461271923876,-9.825608269283245
2003-11-06 17:30:00,19,-10.0,-10.000032254165138,0.0677121511336626,-11.0,5,42,7,4,-10.174458755485453,-9.825605752844822
2003-11-06 18:30:00,19,-9.0,-9.00003134772679,0.0677121511336626,-7.0,5,42,7,4,-9.174457849047105,-8.825604846406474
2003-11-06 19:30:00,19,-1.0,-1.0001099284872763,0.0677121511336626,-5.0,5,42,7,4,-1.174536429807591,-0.8256834271669615
2003-11-06 20:30:00,19,5.0,4.999831015641099,0.0677121511336626,-10.0,5,42,7,4,4.825404514320785,5.174257516961414
2003-11-06 21:30:00,19,-9.0,-9.000032956959785,0.0677121511336626,-10.0,5,42,7,4,-9.1744594582801,-8.82560645563947
2003-11-06 22:30:00,19,-21.0,-20.999907044442185,0.0677121511336626,-9.0,5,42,7,4,-21.1743335457625,-20.82548054312187
2003-11-06 23:30:00,19,-18.0,-17.99995890687007,0.0677121511336626,-1.0,5,42,7,4,-18.174385408190386,-17.825532405549755
2003-11-07 00:30:00,19,-16.0,-16.00004396490083,0.0677121511336626,5.0,5,42,7,4,-16.174470466221145,-15.825617463580514
2003-11-07 01:30:00,19,-20.0,-20.00001086667187,0.0677121511336626,-9.0,5,42,7,4,-20.174437367992187,-19.825584365351556
2003-11-07 02:30:00,19,-15.0,-15.000264859788828,0.0677121511336626,-21.0,5,42,7,4,-15.174691361109144,-14.825838358468513
2003-11-07 03:30:00,19,-10.0,-10.000160890301434,0.0677121511336626,-18.0,5,42,7,4,-10.174587391621749,-9.825734388981118
2003-11-07 04:30:00,19,-14.0,-14.00005987686173,0.0677121511336626,-16.0,5,42,7,4,-14.174486378182046,-13.825633375541415
2003-11-07 05:30:00,19,-15.0,-15.0000599179621,0.0677121511336626,-20.0,5,42,7,4,-15.174486419282415,-14.825633416641784
2003-11-07 06:30:00,19,-14.0,-14.00003477138965,0.0677121511336626,-15.0,5,42,7,4,-14.174461272709966,-13.825608270069335
2003-11-07 07:30:00,19,-12.0,-12.00004454102982,0.0677121511336626,-10.0,5,42,7,4,-12.174471042350136,-11.825618039709505
2003-11-07 08:30:00,19,-11.0,-11.00006451272522,0.0677121511336626,-14.0,5,42,7,4,-11.174491014045536,-10.825638011404905
2003-11-07 09:30:00,19,-15.0,-15.000009487836529,0.0677121511336626,-15.0,5,42,7,4,-15.174435989156844,-14.825582986516213
2003-11-07 10:30:00,19,-13.0,-13.000027577450895,0.0677121511336626,-14.0,5,42,7,4,-13.17445407877121,-12.82560107613058
2003-11-07 11:30:00,19,-11.0,-11.000034532727671,0.0677121511336626,-12.0,5,42,7,4,-11.174461034047987,-10.825608031407356
2003-11-07 12:30:00,19,-8.0,-8.000059711013439,0.0677121511336626,-11.0,5,42,7,4,-8.174486212333754,-7.825633209693124
2003-11-07 13:30:00,19,-8.0,-8.000057694941837,0.0677121511336626,-15.0,5,42,7,4,-8.174484196262153,-7.825631193621523
2003-11-07 14:30:00,19,-7.0,-7.000057375747975,0.0677121511336626,-13.0,5,42,7,4,-7.1744838770682895,-6.82563087442766
2003-11-07 15:30:00,19,-7.0,-7.000047316889802,0.0677121511336626,-11.0,5,42,7,4,-7.174473818210116,-6.825620815569487
2003-11-07 16:30:00,19,-6.0,-6.000048889796556,0.0677121511336626,-8.0,5,42,7,4,-6.174475391116871,-5.8256223884762415
2003-11-07 17:30:00,19,-4.0,-4.000061038219503,0.0677121511336626,-8.0,5,42,7,4,-4.174487539539817,-3.8256345368991878
2003-11-07 18:30:00,19,-3.0,-3.0000657793642844,0.0677121511336626,-7.0,5,42,7,4,-3.1744922806845994,-2.8256392780439694
2003-11-07 19:30:00,19,-4.0,-4.000058491268991,0.0677121511336626,-7.0,5,42,7,4,-4.1744849925893055,-3.825631989948676
2003-11-07 20:30:00,19,-4.0,-4.000043686861549,0.0677121511336626,-6.0,5,42,7,4,-4.174470188181863,-3.8256171855412338
2003-11-07 21:30:00,19,-3.0,-3.00004436488885,0.0677121511336626,-4.0,5,42,7,4,-3.174470866209165,-2.825617863568535
2003-11-07 22:30:00,19,-1.0,-1.000061871367432,0.0677121511336626,-3.0,5,42,7,4,-1.1744883726877469,-0.8256353700471173
2003-11-07 23:30:00,19,-3.0,-3.0000309776758805,0.0677121511336626,-4.0,5,42,7,4,-3.1744574789961955,-2.8256044763555654
2003-11-08 00:30:00,19,-5.0,-5.000002722736838,0.0677121511336626,-4.0,5,42,7,4,-5.174429224057152,-4.825576221416523
2003-11-08 01:30:00,19,-3.0,-3.000009588882918,0.0677121511336626,-3.0,5,42,7,4,-3.174436090203233,-2.825583087562603
2003-11-08 02:30:00,19,3.0,2.999937484791893,0.0677121511336626,-1.0,5,42,7,4,2.825510983471578,3.174363986112208
2003-11-08 03:30:00,19,5.0,4.999910356616411,0.0677121511336626,-3.0,5,42,7,4,4.825483855296096,5.1743368579367255
2003-11-08 04:30:00,19,4.0,3.999931544256796,0.0677121511336626,-5.0,5,42,7,4,3.825505042936481,4.174358045577111
2003-11-08 05:30:00,19,3.0,2.999947370957756,0.0677121511336626,-3.0,5,42,7,4,2.825520869637441,3.174373872278071
2003-11-08 06:30:00,19,3.0,2.999961070136252,0.0677121511336626,3.0,5,42,7,4,2.825534568815937,3.174387571456567
2003-11-08 07:30:00,19,4.0,3.999958075991025,0.0677121511336626,5.0,5,42,7,4,3.82553157467071,4.17438457731134
2003-11-08 08:30:00,19,5.0,4.999947678186352,0.0677121511336626,4.0,5,42,7,4,4.8255211768660375,5.174374179506667
2003-11-08 09:30:00,19,5.0,4.999937018579281,0.0677121511336626,3.0,5,42,7,4,4.825510517258967,5.174363519899596
2003-11-08 10:30:00,19,6.0,5.999942327733393,0.0677121511336626,3.0,5,42,7,4,5.825515826413079,6.174368829053708
2003-11-08 11:30:00,19,5.0,4.999941028705003,0.0677121511336626,4.0,5,42,7,4,4.825514527384688,5.174367530025317
2003-11-08 12:30:00,19,11.0,10.999906271001358,0.0677121511336626,5.0,5,42,7,4,10.825479769681042,11.174332772321673
2003-11-08 13:30:00,19,15.0,14.999856176883505,0.0677121511336626,5.0,5,42,7,4,14.82542967556319,15.17428267820382
2003-11-08 14:30:00,19,21.0,20.999794189836336,0.0677121511336626,6.0,5,42,7,4,20.82536768851602,21.174220691156652
2003-11-08 15:30:00,19,12.0,11.99989391191916,0.0677121511336626,5.0,5,42,7,4,11.825467410598845,12.174320413239476
2003-11-08 16:30:00,19,7.0,6.999962692832504,0.0677121511336626,11.0,5,42,7,4,6.82553619151219,7.174389194152819
2003-11-08 17:30:00,19,4.0,3.999999588663293,0.0677121511336626,15.0,5,42,7,4,3.825573087342978,4.174426089983608
2003-11-08 18:30:00,19,5.0,4.999931358157284,0.0677121511336626,21.0,5,42,7,4,4.82550485683697,5.174357859477599
2003-11-08 19:30:00,19,-5.0,-4.999933005069117,0.0677121511336626,12.0,5,42,7,4,-5.174359506389432,-4.8255065037488025
2003-11-08 20:30:00,19,-5.0,-4.9999114624909815,0.0677121511336626,7.0,5,42,7,4,-5.174337963811296,-4.825484961170667
2003-11-08 21:30:00,19,2.0,1.999972288934309,0.0677121511336626,4.0,5,42,7,4,1.8255457876139942,2.174398790254624
2003-11-08 22:30:00,19,1.0,0.9999383250433668,0.0677121511336626,5.0,5,42,7,4,0.8255118237230519,1.1743648263636817
2003-11-08 23:30:00,19,2.0,1.9999543636191248,0.0677121511336626,-5.0,5,42,7,4,1.82552786229881,2.17438086493944
2003-11-09 00:30:00,19,2.0,1.999960191242934,0.0677121511336626,-5.0,5,42,7,4,1.825533689922619,2.1743866925632487
2004-10-31 03:30:00,23,-14.0,-17.014669941035585,15.377283932913436,2.0,5,42,7,4,-56.6265533522206,22.597213470149427
2004-10-31 04:30:00,23,-9.0,-13.596906837427184,15.377283932913436,1.0,5,42,7,4,-53.208790248612196,26.014976573757828
2004-10-31 05:30:00,23,-4.0,-12.762020917984,15.377283932913436,2.0,5,42,7,4,-52.37390432916901,26.849862493201012
2004-10-31 06:30:00,23,-4.0,-16.1261336220222,15.377283932913436,2.0,5,42,7,4,-55.738017033207214,23.485749789162814
2004-10-31 07:30:00,23,-6.0,-13.51897633165375,15.377283932913436,-14.0,5,42,7,4,-53.130859742838766,26.092907079531262
2004-10-31 08:30:00,23,-4.0,-11.775455212164156,15.377283932913436,-9.0,5,42,7,4,-51.387338623349166,27.836428199020858
2004-10-31 09:30:00,23,-4.0,-10.332555958471191,15.377283932913436,-4.0,5,42,7,4,-49.9444393696562,29.279327452713822
2004-10-31 10:30:00,23,-13.0,-9.88368455572586,15.377283932913436,-4.0,5,42,7,4,-49.49556796691087,29.72819885545915
2004-10-31 11:30:00,23,-16.0,-9.774178441653545,15.377283932913436,-6.0,5,42,7,4,-49.38606185283856,29.837704969531465
2004-10-31 12:30:00,23,-18.0,-7.57074852378296,15.377283932913436,-4.0,5,42,7,4,-47.18263193496797,32.04113488740205
2004-10-31 13:30:00,23,-20.0,-12.125639312755345,15.377283932913436,-4.0,5,42,7,4,-51.73752272394036,27.486244098429665
2004-10-31 14:30:00,23,-18.0,-13.81887102785555,15.377283932913436,-13.0,5,42,7,4,-53.43075443904056,25.79301238332946
2004-10-31 15:30:00,23,-16.0,-19.59900687487849,15.377283932913436,-16.0,5,42,7,4,-59.2108902860635,20.01287653630652
2004-10-31 16:30:00,23,-14.0,-23.74063917559234,15.377283932913436,-18.0,5,42,7,4,-63.352522586777354,15.871244235592673
2004-10-31 17:30:00,23,-14.0,-19.0744254306582,15.377283932913436,-20.0,5,42,7,4,-58.686308841843214,20.537457980526813
2004-10-31 18:30:00,23,-12.0,-17.083800829033606,15.377283932913436,-18.0,5,42,7,4,-56.69568424021862,22.528082582151406
2004-10-31 19:30:00,23,-14.0,-15.666773447130154,15.377283932913436,-16.0,5,42,7,4,-55.278656858315166,23.945109964054858
2004-10-31 20:30:00,23,-13.0,-15.289017499402044,15.377283932913436,-14.0,5,42,7,4,-54.900900910587055,24.32286591178297
2004-10-31 21:30:00,23,-16.0,-12.718834402315448,15.377283932913436,-14.0,5,42,7,4,-52.330717813500456,26.893049008869564
2004-10-31 22:30:00,23,-16.0,-13.266678780984318,15.377283932913436,-12.0,5,42,7,4,-52.878562192169326,26.345204630200694
2004-10-31 23:30:00,23,-19.0,-13.719450063520917,15.377283932913436,-14.0,5,42,7,4,-53.33133347470593,25.892433347664095
2004-11-01 00:30:00,23,-19.0,-16.157198480248525,15.377283932913436,-13.0,5,42,7,4,-55.76908189143354,23.454684930936487
2004-11-01 01:30:00,23,-16.0,-17.386549016636515,15.377283932913436,-16.0,5,42,7,4,-56.99843242782153,22.225334394548497
2004-11-01 02:30:00,23,-14.0,-16.492076310127317,15.377283932913436,-16.0,5,42,7,4,-56.10395972131233,23.119807101057695
2004-11-01 03:30:00,23,-12.0,-16.522331759340364,15.377283932913436,-19.0,5,42,7,4,-56.13421517052538,23.089551651844648
2004-11-01 04:30:00,23,-8.0,-14.013059936796058,15.377283932913436,-19.0,5,42,7,4,-53.62494334798107,25.598823474388954
2004-11-01 05:30:00,23,-7.0,-12.442442866231936,15.377283932913436,-16.0,5,42,7,4,-52.05432627741695,27.169440544953076
2004-11-01 06:30:00,23,-7.0,-13.031166728461985,15.377283932913436,-14.0,5,42,7,4,-52.643050139646995,26.58071668272303
2004-11-01 07:30:00,23,-5.0,-12.623133689568595,15.377283932913436,-12.0,5,42,7,4,-52.23501710075361,26.988749721616415
2004-11-01 08:30:00,23,-6.0,-10.288142344111382,15.377283932913436,-8.0,5,42,7,4,-49.9000257552964,29.32374106707363
2004-11-01 09:30:00,23,-8.0,-10.165523371184854,15.377283932913436,-7.0,5,42,7,4,-49.777406782369866,29.446360040000158
2004-11-01 10:30:00,23,-8.0,-9.127588327559517,15.377283932913436,-7.0,5,42,7,4,-48.73947173874453,30.484295083625497
2004-11-01 11:30:00,23,-10.0,-8.45352375511358,15.377283932913436,-5.0,5,42,7,4,-48.06540716629859,31.158359656071433
2004-11-01 12:30:00,23,-9.0,-8.026108183805885,15.377283932913436,-6.0,5,42,7,4,-47.63799159499089,31.585775227379127
2004-11-01 13:30:00,23,-9.0,-7.981999720972471,15.377283932913436,-8.0,5,42,7,4,-47.59388313215749,31.62988369021254
2004-11-01 14:30:00,23,-7.0,-10.561843785533105,15.377283932913436,-8.0,5,42,7,4,-50.17372719671812,29.050039625651905
2004-11-01 15:30:00,23,-7.0,-9.103963972508756,15.377283932913436,-10.0,5,42,7,4,-48.71584738369377,30.507919438676254
2004-11-01 16:30:00,23,-1.0,-8.977302282906265,15.377283932913436,-9.0,5,42,7,4,-48.58918569409128,30.634581128278747
2004-11-01 17:30:00,23,-1.0,-9.944247394837298,15.377283932913436,-9.0,5,42,7,4,-49.55613080602231,29.667636016347714
2004-11-01 18:30:00,23,-4.0,-9.006923622919068,15.377283932913436,-7.0,5,42,7,4,-48.61880703410408,30.604959788265944
2004-11-01 19:30:00,23,-2.0,-8.100407169995663,15.377283932913436,-7.0,5,42,7,4,-47.712290581180675,31.51147624118935
2004-11-01 20:30:00,23,-1.0,-6.187769343220296,15.377283932913436,-1.0,5,42,7,4,-45.79965275440531,33.424114067964716
2004-11-01 21:30:00,23,-2.0,-5.621107287090236,15.377283932913436,-1.0,5,42,7,4,-45.232990698275245,33.99077612409478
2004-11-01 22:30:00,23,-3.0,-5.497583680560631,15.377283932913436,-4.0,5,42,7,4,-45.10946709174564,34.11429973062438
2004-11-01 23:30:00,23,-3.0,-4.444083744893785,15.377283932913436,-2.0,5,42,7,4,-44.05596715607879,35.16779966629123
2004-11-02 00:30:00,23,-3.0,-3.821674184022744,15.377283932913436,-1.0,5,42,7,4,-43.43355759520776,35.790209227162265
2004-11-02 01:30:00,23,-5.0,-3.658028562259897,15.377283932913436,-2.0,5,42,7,4,-43.269911973444906,35.95385484892512
2004-11-02 02:30:00,23,-4.0,-3.3269997535846407,15.377283932913436,-3.0,5,42,7,4,-42.93888316476965,36.284883657600375
2004-11-02 03:30:00,23,-5.0,-5.324564929288364,15.377283932913436,-3.0,5,42,7,4,-44.936448340473376,34.28731848189665
2004-11-02 04:30:00,23,-7.0,-5.541036392241573,15.377283932913436,-3.0,5,42,7,4,-45.152919803426585,34.07084701894344
2004-11-02 05:30:00,23,-7.0,-4.105960704278587,15.377283932913436,-5.0,5,42,7,4,-43.7178441154636,35.505922706906425
2004-11-02 06:30:00,23,-6.0,-3.4653264554373706,15.377283932913436,-4.0,5,42,7,4,-43.07720986662238,36.14655695574764
2004-11-02 07:30:00,23,-4.0,-3.999998377989311,0.0677121511336626,-5.0,5,42,7,4,-4.174424879309626,-3.825571876668996
2004-11-02 08:30:00,23,-2.0,-2.0000207060047828,0.0677121511336626,-7.0,5,42,7,4,-2.1744472073250978,-1.825594204684468
2004-11-02 09:30:00,23,-3.0,-3.0000013514870574,0.0677121511336626,-7.0,5,42,7,4,-3.1744278528073724,-2.8255748501667424
2004-11-02 10:30:00,23,-4.0,-3.999987291359471,0.0677121511336626,-6.0,5,42,7,4,-4.174413792679786,-3.825560790039156
2004-11-02 11:30:00,23,-2.0,-1.999999289467663,0.0677121511336626,-4.0,5,42,7,4,-2.174425790787978,-1.8255727881473482
2004-11-02 12:30:00,23,-2.0,-2.000007000528143,0.0677121511336626,-2.0,5,42,7,4,-2.174433501848458,-1.8255804992078282
2004-11-02 13:30:00,23,1.0,0.9999602181638708,0.0677121511336626,-3.0,5,42,7,4,0.8255337168435559,1.1743867194841857
2004-11-02 14:30:00,23,-1.0,-1.0000202474868765,0.0677121511336626,-4.0,5,42,7,4,-1.1744467488071912,-0.8255937461665617
2004-11-02 15:30:00,23,-4.0,-3.999987319849591,0.0677121511336626,-2.0,5,42,7,4,-4.174413821169906,-3.825560818529276
2004-11-02 16:30:00,23,-6.0,-5.999972709378042,0.0677121511336626,-2.0,5,42,7,4,-6.174399210698357,-5.825546208057728
2004-11-02 17:30:00,23,-5.0,-4.999972673976174,0.0677121511336626,1.0,5,42,7,4,-5.174399175296489,-4.8255461726558595
2004-11-02 18:30:00,23,0.0,-5.6534788441808814e-05,0.0677121511336626,-1.0,5,42,7,4,-0.17448303610875665,0.17436996653187303
2004-11-02 19:30:00,23,3.0,2.999887123320839,0.0677121511336626,-4.0,5,42,7,4,2.825460622000524,3.174313624641154
2004-11-02 20:30:00,23,2.0,1.9999083497831336,0.0677121511336626,-6.0,5,42,7,4,1.8254818484628188,2.1743348511034486
2004-11-02 21:30:00,23,1.0,0.9999281986352528,0.0677121511336626,-5.0,5,42,7,4,0.825501697314938,1.1743546999555676
2004-11-02 22:30:00,23,-1.0,-1.0000155877175985,0.0677121511336626,0.0,5,42,7,4,-1.1744420890379133,-0.8255890863972837
2004-11-02 23:30:00,23,0.0,-1.5757137660443732e-05,0.0677121511336626,3.0,5,42,7,4,-0.17444225845797529,0.1744107441826544
2004-11-03 00:30:00,23,2.0,1.9999659573018391,0.0677121511336626,2.0,5,42,7,4,1.8255394559815243,2.174392458622154
2004-11-03 01:30:00,23,3.0,2.9999579114280976,0.0677121511336626,1.0,5,42,7,4,2.8255314101077826,3.1743844127484127
2004-11-03 02:30:00,23,3.0,2.9999586837878383,0.0677121511336626,-1.0,5,42,7,4,2.8255321824675232,3.1743851851081533
2004-11-03 03:30:00,23,3.0,2.999965451781975,0.0677121511336626,0.0,5,42,7,4,2.82553895046166,3.17439195310229
2004-11-03 04:30:00,23,4.0,3.999968254082965,0.0677121511336626,2.0,5,42,7,4,3.82554175276265,4.17439475540328
2004-11-03 05:30:00,23,6.0,5.999953089460277,0.0677121511336626,3.0,5,42,7,4,5.8255265881399625,6.174379590780592
2004-11-03 06:30:00,23,8.0,7.999930109135377,0.0677121511336626,3.0,5,42,7,4,7.825503607815063,8.174356610455693
2004-11-03 07:30:00,23,8.0,7.999946756644832,0.0677121511336626,3.0,5,42,7,4,7.825520255324517,8.174373257965147
2004-11-03 08:30:00,23,8.0,7.99995419081646,0.0677121511336626,4.0,5,42,7,4,7.825527689496146,8.174380692136776
2004-11-03 09:30:00,23,7.0,6.999976062048795,0.0677121511336626,6.0,5,42,7,4,6.82554956072848,7.174402563369109
2004-11-03 10:30:00,23,4.0,4.000013812687122,0.0677121511336626,8.0,5,42,7,4,3.825587311366807,4.174440314007437
2004-11-03 11:30:00,23,3.0,3.000022605316701,0.0677121511336626,8.0,5,42,7,4,2.825596103996386,3.174449106637016
2004-11-03 12:30:00,23,1.0,1.0000510356401549,0.0677121511336626,8.0,5,42,7,4,0.8256245343198401,1.1744775369604696
2004-11-03 13:30:00,23,7.0,6.999975103834302,0.0677121511336626,7.0,5,42,7,4,6.8255486025139875,7.174401605154617
2004-11-03 14:30:00,23,12.0,11.999888170193223,0.0677121511336626,4.0,5,42,7,4,11.825461668872908,12.174314671513539
2004-11-03 15:30:00,23,14.0,13.99987812727072,0.0677121511336626,3.0,5,42,7,4,13.825451625950404,14.174304628591035
2004-11-03 16:30:00,23,14.0,13.999913022404115,0.0677121511336626,1.0,5,42,7,4,13.8254865210838,14.17433952372443
2004-11-03 17:30:00,23,7.0,6.999985420665659,0.0677121511336626,7.0,5,42,7,4,6.825558919345345,7.174411921985974
2004-11-03 18:30:00,23,3.0,3.000040137759868,0.0677121511336626,12.0,5,42,7,4,2.825613636439553,3.1744666390801832
2004-11-03 19:30:00,23,3.0,3.000055613424003,0.0677121511336626,14.0,5,42,7,4,2.825629112103688,3.174482114744318
2004-11-03 20:30:00,23,-7.0,-6.999897700985212,0.0677121511336626,14.0,5,42,7,4,-7.1743242023055265,-6.825471199664897
2004-11-03 21:30:00,23,-19.0,-18.999843641849672,0.0677121511336626,7.0,5,42,7,4,-19.174270143169988,-18.825417140529357
2004-11-03 22:30:00,23,-17.0,-16.999812689199437,0.0677121511336626,3.0,5,42,7,4,-17.174239190519753,-16.825386187879122
2004-11-03 23:30:00,23,-12.0,-11.999955634108414,0.0677121511336626,3.0,5,42,7,4,-12.17438213542873,-11.825529132788098
2004-11-04 00:30:00,23,-3.0,-3.0001668171604727,0.0677121511336626,-7.0,5,42,7,4,-3.1745933184807877,-2.8257403158401577
2004-11-04 01:30:00,23,-3.0,-3.000194137157454,0.0677121511336626,-19.0,5,42,7,4,-3.174620638477769,-2.825767635837139
2004-11-04 02:30:00,23,-7.0,-7.000017192253313,0.0677121511336626,-17.0,5,42,7,4,-7.174443693573628,-6.825590690932999
2004-11-04 03:30:00,23,-9.0,-8.99998669611314,0.0677121511336626,-12.0,5,42,7,4,-9.174413197433456,-8.825560194792825
2004-11-04 04:30:00,23,-8.0,-7.999969003980567,0.0677121511336626,-3.0,5,42,7,4,-8.174395505300883,-7.8255425026602525
2004-11-04 05:30:00,23,-9.0,-8.999966699486162,0.0677121511336626,-3.0,5,42,7,4,-9.174393200806477,-8.825540198165847
2004-11-04 06:30:00,23,-11.0,-10.999968626341785,0.0677121511336626,-7.0,5,42,7,4,-11.1743951276621,-10.82554212502147
2004-11-04 07:30:00,23,-13.0,-12.999971065390987,0.0677121511336626,-9.0,5,42,7,4,-13.174397566711303,-12.825544564070672
2004-11-04 08:30:00,23,-10.0,-9.999983406913032,0.0677121511336626,-8.0,5,42,7,4,-10.174409908233347,-9.825556905592716
2004-11-04 09:30:00,23,-5.0,-5.000042221343293,0.0677121511336626,-9.0,5,42,7,4,-5.174468722663607,-4.825615720022978
2004-11-04 10:30:00,23,-2.0,-2.0000640492012494,0.0677121511336626,-11.0,5,42,7,4,-2.1744905505215644,-1.8256375478809346
2004-11-04 11:30:00,23,0.0,-8.687576404753372e-05,0.0677121511336626,-13.0,5,42,7,4,-0.17451337708436238,0.1743396255562673
2004-11-04 12:30:00,23,1.0,0.9999104729149764,0.0677121511336626,-10.0,5,42,7,4,0.8254839715946616,1.1743369742352912
2004-11-04 13:30:00,23,-1.0,-1.000055723583916,0.0677121511336626,-5.0,5,42,7,4,-1.1744822249042308,-0.8256292222636012
2004-11-04 14:30:00,23,-2.0,-2.000041799853733,0.0677121511336626,-2.0,5,42,7,4,-2.174468301174048,-1.8256152985334182
2004-11-04 15:30:00,23,0.0,-5.232725386150605e-05,0.0677121511336626,0.0,5,42,7,4,-0.17447882857417635,0.17437417406645334
2004-11-04 16:30:00,23,-1.0,-1.0000366755745809,0.0677121511336626,1.0,5,42,7,4,-1.1744631768948957,-0.8256101742542661
2004-11-04 17:30:00,23,-9.0,-8.999969082895198,0.0677121511336626,-1.0,5,42,7,4,-9.174395584215514,-8.825542581574883
2004-11-04 18:30:00,23,-13.0,-12.999914645324882,0.0677121511336626,-2.0,5,42,7,4,-13.174341146645197,-12.825488144004566
2004-11-04 19:30:00,23,-12.0,-11.999911672642416,0.0677121511336626,0.0,5,42,7,4,-12.174338173962731,-11.8254851713221
2004-11-04 20:30:00,23,-7.0,-6.999970000984433,0.0677121511336626,-1.0,5,42,7,4,-7.174396502304748,-6.825543499664119
2004-11-04 21:30:00,23,-4.0,-4.000031519753094,0.0677121511336626,-9.0,5,42,7,4,-4.174458021073408,-3.825605018432779
2004-11-04 22:30:00,23,-1.0,-1.0000754282362934,0.0677121511336626,-13.0,5,42,7,4,-1.1745019295566081,-0.8256489269159786
2004-11-04 23:30:00,23,-5.0,-5.000024845102406,0.0677121511336626,-12.0,5,42,7,4,-5.17445134642272,-4.825598343782091
2004-11-05 00:30:00,23,-8.0,-7.9999746286171955,0.0677121511336626,-7.0,5,42,7,4,-8.174401129937511,-7.825548127296881
2004-11-05 01:30:00,23,-6.0,-5.999992938605384,0.0677121511336626,-4.0,5,42,7,4,-6.174419439925699,-5.82556643728507
2004-11-05 02:30:00,23,-5.0,-5.00000132748707,0.0677121511336626,-1.0,5,42,7,4,-5.174427828807384,-4.825574826166755
2004-11-05 03:30:00,23,-6.0,-6.000001855779075,0.0677121511336626,-5.0,5,42,7,4,-6.17442835709939,-5.825575354458761
2004-11-05 04:30:00,23,-5.0,-4.999992424974384,0.0677121511336626,-8.0,5,42,7,4,-5.174418926294699,-4.82556592365407
2004-11-05 05:30:00,23,-4.0,-3.999997547992482,0.0677121511336626,-6.0,5,42,7,4,-4.174424049312797,-3.825571046672167
2004-11-05 06:30:00,23,-4.0,-4.000003549284063,0.0677121511336626,-5.0,5,42,7,4,-4.174430050604378,-3.825577047963748
2004-11-05 07:30:00,23,-3.0,-2.99999832893894,0.0677121511336626,-6.0,5,42,7,4,-3.174424830259255,-2.825571827618625
2004-11-05 08:30:00,23,-2.0,-2.0000084323108425,0.0677121511336626,-5.0,5,42,7,4,-2.1744349336311575,-1.8255819309905277
2004-11-05 09:30:00,23,0.0,-3.3607797135459805e-05,0.0677121511336626,-4.0,5,42,7,4,-0.1744601091174503,0.17439289352317938
2004-11-05 10:30:00,23,1.0,0.9999763296181996,0.0677121511336626,-4.0,5,42,7,4,0.8255498282978848,1.1744028309385144
2004-11-05 11:30:00,23,0.0,-1.1538633614804894e-05,0.0677121511336626,-3.0,5,42,7,4,-0.17443803995392965,0.17441496268670004
2004-11-05 12:30:00,23,-3.0,-2.9999747645993047,0.0677121511336626,-2.0,5,42,7,4,-3.1744012659196197,-2.8255482632789897
2004-11-05 13:30:00,23,-3.0,-2.9999687907744352,0.0677121511336626,0.0,5,42,7,4,-3.1743952920947502,-2.8255422894541202
2004-11-05 14:30:00,23,-3.0,-2.99995886120211,0.0677121511336626,1.0,5,42,7,4,-3.174385362522425,-2.825532359881795
2004-11-05 15:30:00,23,-2.0,-1.9999709498672864,0.0677121511336626,0.0,5,42,7,4,-2.1743974511876014,-1.8255444485469716
2004-11-05 16:30:00,23,0.0,-5.5120584718793e-06,0.0677121511336626,-3.0,5,42,7,4,-0.17443201337878672,0.17442098926184296
2004-11-05 17:30:00,23,-1.0,-0.9999906128057852,0.0677121511336626,-3.0,5,42,7,4,-1.1744171141261,-0.8255641114854704
2004-11-05 18:30:00,23,-1.0,-0.9999952061528106,0.0677121511336626,-3.0,5,42,7,4,-1.1744217074731254,-0.8255687048324958
2004-11-05 19:30:00,23,1.0,0.9999862925703482,0.0677121511336626,-2.0,5,42,7,4,0.8255597912500334,1.174412793890663
2004-11-05 20:30:00,23,2.0,1.999977294039681,0.0677121511336626,0.0,5,42,7,4,1.8255507927193662,2.174403795359996
2004-11-05 21:30:00,23,4.0,3.9999590132417424,0.0677121511336626,-1.0,5,42,7,4,3.8255325119214274,4.174385514562057
2004-11-05 22:30:00,23,4.0,3.999956271193199,0.0677121511336626,-1.0,5,42,7,4,3.825529769872884,4.174382772513514
2004-11-05 23:30:00,23,5.0,4.999958382651073,0.0677121511336626,1.0,5,42,7,4,4.825531881330758,5.1743848839713875
2004-11-06 00:30:00,23,6.0,5.999953395015581,0.0677121511336626,2.0,5,42,7,4,5.825526893695266,6.174379896335895
2004-11-06 01:30:00,23,6.0,5.999954959839229,0.0677121511336626,4.0,5,42,7,4,5.825528458518915,6.174381461159544
2004-11-06 02:30:00,23,6.0,5.999962233491949,0.0677121511336626,4.0,5,42,7,4,5.825535732171635,6.174388734812264
2004-11-06 03:30:00,23,5.0,4.999978363691575,0.0677121511336626,5.0,5,42,7,4,4.8255518623712605,5.17440486501189
2004-11-06 04:30:00,23,4.0,4.000001434265307,0.0677121511336626,6.0,5,42,7,4,3.8255749329449924,4.174427935585622
2004-11-06 05:30:00,23,6.0,5.999979774739352,0.0677121511336626,6.0,5,42,7,4,5.825553273419038,6.174406276059667
2004-11-06 06:30:00,23,7.0,6.999969511345817,0.0677121511336626,6.0,5,42,7,4,6.825543010025503,7.174396012666132
2004-11-06 07:30:00,23,7.0,6.999971054230514,0.0677121511336626,5.0,5,42,7,4,6.825544552910199,7.174397555550828
2004-11-06 08:30:00,23,6.0,5.999978831568299,0.0677121511336626,4.0,5,42,7,4,5.825552330247985,6.174405332888614
2004-11-06 09:30:00,23,6.0,5.999983199115718,0.0677121511336626,6.0,5,42,7,4,5.825556697795403,6.1744097004360325
2004-11-06 10:30:00,23,6.0,5.999987967990435,0.0677121511336626,7.0,5,42,7,4,5.825561466670121,6.17441446931075
2004-11-06 11:30:00,23,6.0,5.999987786810472,0.0677121511336626,7.0,5,42,7,4,5.825561285490157,6.174414288130786
2004-11-06 12:30:00,23,7.0,6.999975118933207,0.0677121511336626,6.0,5,42,7,4,6.825548617612893,7.174401620253522
2004-11-06 13:30:00,23,7.0,6.999974433954868,0.0677121511336626,6.0,5,42,7,4,6.825547932634554,7.174400935275183
2004-11-06 14:30:00,23,5.0,4.999995130059283,0.0677121511336626,6.0,5,42,7,4,4.825568628738968,5.174421631379597
2004-11-06 15:30:00,23,5.0,4.999996133469985,0.0677121511336626,6.0,5,42,7,4,4.82556963214967,5.174422634790299
2004-11-06 16:30:00,23,4.0,4.000014399993965,0.0677121511336626,7.0,5,42,7,4,3.8255878986736502,4.17444090131428
2004-11-06 17:30:00,23,5.0,5.000002569217095,0.0677121511336626,7.0,5,42,7,4,4.8255760678967805,5.17442907053741
2004-11-06 18:30:00,23,6.0,5.999994759795271,0.0677121511336626,5.0,5,42,7,4,5.825568258474957,6.174421261115586
2004-11-06 19:30:00,23,1.0,1.0000402262918584,0.0677121511336626,5.0,5,42,7,4,0.8256137249715436,1.1744667276121732
2004-11-06 20:30:00,23,2.0,2.000029927066784,0.0677121511336626,4.0,5,42,7,4,1.825603425746469,2.174456428387099
2004-11-06 21:30:00,23,5.0,5.0000031442003205,0.0677121511336626,5.0,5,42,7,4,4.825576642880006,5.174429645520635
2004-11-06 22:30:00,23,7.0,6.999965283420558,0.0677121511336626,6.0,5,42,7,4,6.825538782100243,7.174391784740872
2004-11-06 23:30:00,23,10.0,9.999927229325152,0.0677121511336626,1.0,5,42,7,4,9.825500728004837,10.174353730645468
2004-11-07 00:30:00,23,12.0,11.999911179098518,0.0677121511336626,2.0,5,42,7,4,11.825484677778203,12.174337680418834
2004-11-07 01:30:00,23,9.0,8.999956718074316,0.0677121511336626,5.0,5,42,7,4,8.825530216754,9.174383219394631
2004-11-07 02:30:00,23,8.0,7.999986236924158,0.0677121511336626,7.0,5,42,7,4,7.825559735603844,8.174412738244474
2004-11-07 03:30:00,23,19.0,18.999869816905395,0.0677121511336626,10.0,5,42,7,4,18.82544331558508,19.17429631822571
2004-11-07 04:30:00,23,14.0,13.999930927046693,0.0677121511336626,12.0,5,42,7,4,13.825504425726377,14.174357428367008
2004-11-07 05:30:00,23,16.0,15.999913224397815,0.0677121511336626,9.0,5,42,7,4,15.8254867230775,16.17433972571813
2004-11-07 06:30:00,23,17.0,16.99991206828927,0.0677121511336626,8.0,5,42,7,4,16.825485566968954,17.174338569609585
2004-11-07 07:30:00,23,16.0,15.999922792086238,0.0677121511336626,19.0,5,42,7,4,15.825496290765923,16.174349293406554
2004-11-07 08:30:00,23,17.0,16.999921560386113,0.0677121511336626,14.0,5,42,7,4,16.825495059065798,17.17434806170643
2004-11-07 09:30:00,23,16.0,15.999935391295216,0.0677121511336626,16.0,5,42,7,4,15.8255088899749,16.17436189261553
2004-11-07 10:30:00,23,25.0,24.999855994098503,0.0677121511336626,17.0,5,42,7,4,24.825429492778188,25.17428249541882
2004-11-07 11:30:00,23,50.0,49.99960262934928,0.0677121511336626,16.0,5,42,7,4,49.82517612802897,50.174029130669595
2004-11-07 12:30:00,23,55.0,54.99957432108828,0.0677121511336626,17.0,5,42,7,4,54.82514781976797,55.174000822408594
2004-11-07 13:30:00,23,44.0,43.9996854268692,0.0677121511336626,16.0,5,42,7,4,43.82525892554889,44.17411192818951
2004-11-07 14:30:00,23,43.0,42.999720849724746,0.0677121511336626,25.0,5,42,7,4,42.825294348404434,43.17414735104506
2004-11-07 15:30:00,23,30.0,29.999897930245595,0.0677121511336626,50.0,5,42,7,4,29.82547142892528,30.17432443156591
2004-11-07 16:30:00,23,8.0,8.00008805268611,0.0677121511336626,55.0,5,42,7,4,7.825661551365795,8.174514554006425
2004-11-07 17:30:00,23,-15.0,-14.999661062658056,0.0677121511336626,44.0,5,42,7,4,-15.174087563978372,-14.82523456133774
2004-11-07 18:30:00,23,18.0,18.00002672152918,0.0677121511336626,43.0,5,42,7,4,17.825600220208866,18.174453222849497
2004-11-07 19:30:00,23,61.0,60.999116953815054,0.0677121511336626,30.0,5,42,7,4,60.82469045249474,61.173543455135366
2004-11-07 20:30:00,23,22.0,21.99966237625593,0.0677121511336626,8.0,5,42,7,4,21.825235874935615,22.174088877576246
2004-11-07 21:30:00,23,-74.0,-73.999360308065,0.0677121511336626,-15.0,5,42,7,4,-74.1737868093853,-73.82493380674468
2004-11-07 22:30:00,23,-77.0,-76.99919148641942,0.0677121511336626,18.0,5,42,7,4,-77.17361798773973,-76.82476498509911
2004-11-07 23:30:00,23,-117.0,-116.9987531400718,0.0677121511336626,61.0,5,42,7,4,-117.17317964139211,-116.82432663875149
2004-11-08 00:30:00,23,-179.0,-178.9990115856381,0.0677121511336626,22.0,5,42,7,4,-179.1734380869584,-178.8245850843178
2004-11-08 01:30:00,23,-186.0,-185.99987618874783,0.0677121511336626,-74.0,5,42,7,4,-186.17430269006815,-185.82544968742752
2004-11-08 02:30:00,23,-224.0,-223.99911846077265,0.0677121511336626,-77.0,5,42,7,4,-224.17354496209296,-223.82469195945234
2004-11-08 03:30:00,23,-272.0,-272.00030162110096,0.0677121511336626,-117.0,5,42,7,4,-272.1747281224213,-271.8258751197806
2004-11-08 04:30:00,23,-342.0,-341.99963927883107,0.0677121511336626,-179.0,5,42,7,4,-342.1740657801514,-341.8252127775107
2004-11-08 05:30:00,23,-368.0,-367.999448910372,0.0677121511336626,-186.0,5,42,7,4,-368.17387541169234,-367.82502240905166
2004-11-08 06:30:00,23,-374.0,-373.9995497030364,0.0677121511336626,-224.0,5,42,7,4,-374.17397620435673,-373.82512320171605
2004-11-08 07:30:00,23,-343.0,-342.999743009839,0.0677121511336626,-272.0,5,42,7,4,-343.17416951115933,-342.82531650851865
2004-11-08 08:30:00,23,-320.0,-319.9998847246129,0.0677121511336626,-342.0,5,42,7,4,-320.17431122593325,-319.82545822329257
2004-11-08 09:30:00,23,-299.0,-298.9995891724382,0.0677121511336626,-368.0,5,42,7,4,-299.17401567375856,-298.8251626711179
2004-11-08 10:30:00,23,-234.0,-234.0000047167293,0.0677121511336626,-374.0,5,42,7,4,-234.17443121804962,-233.825578215409
2004-11-08 11:30:00,23,-215.0,-214.999882061422,0.0677121511336626,-343.0,5,42,7,4,-215.1743085627423,-214.8254555601017
2004-11-08 12:30:00,23,-181.0,-181.00006841921868,0.0677121511336626,-320.0,5,42,7,4,-181.174494920539,-180.82564191789837
2004-11-08 13:30:00,23,-168.0,-168.00009053114954,0.0677121511336626,-299.0,5,42,7,4,-168.17451703246985,-167.82566402982923
2004-11-08 14:30:00,23,-160.0,-159.99995532320705,0.0677121511336626,-234.0,5,42,7,4,-160.17438182452736,-159.82552882188673
2004-11-08 15:30:00,23,-149.0,-148.9999470373257,0.0677121511336626,-215.0,5,42,7,4,-149.17437353864602,-148.8255205360054
2004-11-08 16:30:00,23,-145.0,-144.99985246749074,0.0677121511336626,-181.0,5,42,7,4,-145.17427896881105,-144.82542596617043
2004-11-08 17:30:00,23,-135.0,-134.99987270234624,0.0677121511336626,-168.0,5,42,7,4,-135.17429920366655,-134.82544620102593
2004-11-08 18:30:00,23,-128.0,-127.99988026356158,0.0677121511336626,-160.0,5,42,7,4,-128.1743067648819,-127.82545376224127
2004-11-08 19:30:00,23,-125.0,-124.99987080415328,0.0677121511336626,-149.0,5,42,7,4,-125.17429730547359,-124.82544430283296
2004-11-08 20:30:00,23,-125.0,-124.99986268557176,0.0677121511336626,-145.0,5,42,7,4,-125.17428918689207,-124.82543618425144
2004-11-08 21:30:00,23,-118.0,-117.9999257492073,0.0677121511336626,-135.0,5,42,7,4,-118.17435225052762,-117.825499247887
2004-11-08 22:30:00,23,-122.0,-121.99990067880938,0.0677121511336626,-128.0,5,42,7,4,-122.1743271801297,-121.82547417748907
2004-11-08 23:30:00,23,-126.0,-125.9998868686933,0.0677121511336626,-125.0,5,42,7,4,-126.1743133700136,-125.82546036737298
2004-11-09 00:30:00,23,-127.0,-126.99987671557687,0.0677121511336626,-125.0,5,42,7,4,-127.17430321689719,-126.82545021425656
2004-11-09 01:30:00,23,-129.0,-128.9998247944956,0.0677121511336626,-118.0,5,42,7,4,-129.1742512958159,-128.82539829317528
2004-11-09 02:30:00,23,-129.0,-128.99984871534346,0.0677121511336626,-122.0,5,42,7,4,-129.17427521666377,-128.82542221402315
2004-11-09 03:30:00,23,-122.0,-121.99992378456584,0.0677121511336626,-126.0,5,42,7,4,-122.17435028588615,-121.82549728324553
2004-11-09 04:30:00,23,-125.0,-124.99989602002256,0.0677121511336626,-127.0,5,42,7,4,-125.17432252134287,-124.82546951870225
2004-11-09 05:30:00,23,-118.0,-117.99996205586444,0.0677121511336626,-129.0,5,42,7,4,-118.17438855718476,-117.82553555454413
2004-11-09 06:30:00,23,-116.0,-115.99995531657515,0.0677121511336626,-129.0,5,42,7,4,-116.17438181789547,-115.82552881525484
2004-11-09 07:30:00,23,-103.0,-103.00002857716308,0.0677121511336626,-122.0,5,42,7,4,-103.17445507848339,-102.82560207584277
2004-11-09 08:30:00,23,-104.0,-104.0000269292054,0.0677121511336626,-125.0,5,42,7,4,-104.17445343052572,-103.82560042788509
2004-11-09 09:30:00,23,-93.0,-93.00009062027036,0.0677121511336626,-118.0,5,42,7,4,-93.17451712159067,-92.82566411895004
2004-11-09 10:30:00,23,-78.0,-78.00021023109417,0.0677121511336626,-116.0,5,42,7,4,-78.17463673241448,-77.82578372977386
2004-11-09 11:30:00,23,-70.0,-70.0002162104642,0.0677121511336626,-103.0,5,42,7,4,-70.17464271178451,-69.82578970914389
2004-11-09 12:30:00,23,-92.0,-91.99998239044412,0.0677121511336626,-104.0,5,42,7,4,-92.17440889176443,-91.8255558891238
2004-11-09 13:30:00,23,-106.0,-105.99978225460308,0.0677121511336626,-93.0,5,42,7,4,-106.17420875592339,-105.82535575328276
2004-11-09 14:30:00,23,-118.0,-117.999634011041,0.0677121511336626,-78.0,5,42,7,4,-118.17406051236131,-117.82520750972068
2004-11-09 15:30:00,23,-138.0,-137.9994113507082,0.0677121511336626,-70.0,5,42,7,4,-138.1738378520285,-137.82498484938787
2004-11-09 16:30:00,23,-139.0,-138.99953140077454,0.0677121511336626,-92.0,5,42,7,4,-139.17395790209486,-138.82510489945423
2004-11-09 17:30:00,23,-129.0,-128.99973932354854,0.0677121511336626,-106.0,5,42,7,4,-129.17416582486885,-128.82531282222823
2004-11-09 18:30:00,23,-110.0,-110.00000722970556,0.0677121511336626,-118.0,5,42,7,4,-110.17443373102587,-109.82558072838525
2004-11-09 19:30:00,23,-106.0,-106.00013690442296,0.0677121511336626,-138.0,5,42,7,4,-106.17456340574327,-105.82571040310265
2004-11-09 20:30:00,23,-181.0,-180.99939938481185,0.0677121511336626,-139.0,5,42,7,4,-181.17382588613216,-180.82497288349154
2004-11-09 21:30:00,23,-214.0,-213.9989978332172,0.0677121511336626,-129.0,5,42,7,4,-214.17342433453751,-213.8245713318969
2004-11-09 22:30:00,23,-182.0,-181.9992028551223,0.0677121511336626,-110.0,5,42,7,4,-182.1736293564426,-181.82477635380198
2004-11-09 23:30:00,23,-173.0,-172.99948028563713,0.0677121511336626,-106.0,5,42,7,4,-173.17390678695745,-172.82505378431682
2004-11-10 00:30:00,23,-151.0,-151.00009431867218,0.0677121511336626,-181.0,5,42,7,4,-151.1745208199925,-150.82566781735187
2004-11-10 01:30:00,23,-135.0,-134.9999381193741,0.0677121511336626,-214.0,5,42,7,4,-135.1743646206944,-134.82551161805378
2004-11-10 02:30:00,23,-148.0,-147.9998236283415,0.0677121511336626,-182.0,5,42,7,4,-148.1742501296618,-147.82539712702118
2004-11-10 03:30:00,23,-155.0,-154.99980912528892,0.0677121511336626,-173.0,5,42,7,4,-155.17423562660923,-154.8253826239686
2004-11-10 04:30:00,23,-152.0,-151.999846408143,0.0677121511336626,-151.0,5,42,7,4,-152.1742729094633,-151.82541990682267
2004-11-10 05:30:00,23,-197.0,-196.99949380316903,0.0677121511336626,-135.0,5,42,7,4,-197.17392030448934,-196.82506730184872
2004-11-10 06:30:00,23,-240.0,-239.9992596594746,0.0677121511336626,-148.0,5,42,7,4,-240.17368616079492,-239.8248331581543
2004-11-10 07:30:00,23,-259.0,-258.99925360783686,0.0677121511336626,-155.0,5,42,7,4,-259.1736801091572,-258.8248271065165
2004-11-10 08:30:00,23,-258.0,-257.99934222465754,0.0677121511336626,-152.0,5,42,7,4,-258.1737687259779,-257.8249157233372
2004-11-10 09:30:00,23,-258.0,-257.9997159684998,0.0677121511336626,-197.0,5,42,7,4,-258.17414246982014,-257.82528946717946
2004-11-10 10:30:00,23,-263.0,-262.9998123336633,0.0677121511336626,-240.0,5,42,7,4,-263.1742388349836,-262.82538583234293
2004-11-10 11:30:00,23,-232.0,-232.00006793907664,0.0677121511336626,-259.0,5,42,7,4,-232.17449444039696,-231.82564143775633
2004-11-10 12:30:00,23,-234.0,-233.9998334872299,0.0677121511336626,-258.0,5,42,7,4,-234.1742599885502,-233.82540698590958
2004-11-10 13:30:00,23,-206.0,-205.9999126911336,0.0677121511336626,-258.0,5,42,7,4,-206.1743391924539,-205.8254861898133
2004-11-10 14:30:00,23,-176.0,-176.00008927763136,0.0677121511336626,-263.0,5,42,7,4,-176.17451577895167,-175.82566277631105
2004-11-10 15:30:00,23,-171.0,-170.9999054456925,0.0677121511336626,-232.0,5,42,7,4,-171.1743319470128,-170.82547894437218
2004-11-10 16:30:00,23,-164.0,-163.9999372512615,0.0677121511336626,-234.0,5,42,7,4,-164.17436375258183,-163.8255107499412
2004-11-10 17:30:00,23,-135.0,-135.00008879504915,0.0677121511336626,-206.0,5,42,7,4,-135.17451529636946,-134.82566229372884
2004-11-10 18:30:00,23,-118.0,-118.00012489584262,0.0677121511336626,-176.0,5,42,7,4,-118.17455139716293,-117.8256983945223
2004-11-10 19:30:00,23,-122.0,-122.00002398627907,0.0677121511336626,-171.0,5,42,7,4,-122.17445048759939,-121.82559748495876
2004-11-10 20:30:00,23,-120.0,-119.99999368860928,0.0677121511336626,-164.0,5,42,7,4,-120.17442018992959,-119.82556718728897
2004-11-10 21:30:00,23,-118.0,-117.99991038976825,0.0677121511336626,-135.0,5,42,7,4,-118.17433689108856,-117.82548388844793
2004-11-10 22:30:00,23,-112.0,-111.99988361757872,0.0677121511336626,-118.0,5,42,7,4,-112.17431011889903,-111.8254571162584
2004-11-10 23:30:00,23,-109.0,-108.99989669600087,0.0677121511336626,-122.0,5,42,7,4,-109.17432319732119,-108.82547019468056
2004-11-11 00:30:00,23,-105.0,-104.99993135773168,0.0677121511336626,-120.0,5,42,7,4,-105.174357859052,-104.82550485641137
2004-11-11 01:30:00,23,-97.0,-96.99999043840056,0.0677121511336626,-118.0,5,42,7,4,-97.17441693972087,-96.82556393708025
2004-11-11 02:30:00,23,-97.0,-96.99996985356783,0.0677121511336626,-112.0,5,42,7,4,-97.17439635488815,-96.82554335224752
2004-11-11 03:30:00,23,-97.0,-96.99996464616852,0.0677121511336626,-109.0,5,42,7,4,-97.17439114748883,-96.82553814484821
2004-11-11 04:30:00,23,-103.0,-102.99990102857797,0.0677121511336626,-105.0,5,42,7,4,-103.17432752989828,-102.82547452725765
2004-11-11 05:30:00,23,-106.0,-105.99983850774468,0.0677121511336626,-97.0,5,42,7,4,-106.174265009065,-105.82541200642437
2004-11-11 06:30:00,23,-103.0,-102.99985897739418,0.0677121511336626,-97.0,5,42,7,4,-103.1742854787145,-102.82543247607387
2004-11-11 07:30:00,23,-99.0,-98.99987704045702,0.0677121511336626,-97.0,5,42,7,4,-99.17430354177733,-98.82545053913671
2004-11-11 08:30:00,23,-90.0,-90.0000366977352,0.0677121511336626,-103.0,5,42,7,4,-90.17446319905551,-89.82561019641489
2004-11-11 09:30:00,23,-80.0,-80.00016378834223,0.0677121511336626,-106.0,5,42,7,4,-80.17459028966255,-79.82573728702192
2004-11-11 10:30:00,23,-85.0,-85.00006607128486,0.0677121511336626,-103.0,5,42,7,4,-85.17449257260517,-84.82563956996455
2004-11-11 11:30:00,23,-82.0,-82.00002131065327,0.0677121511336626,-99.0,5,42,7,4,-82.17444781197358,-81.82559480933296
2004-11-11 12:30:00,23,-76.0,-76.00004581341629,0.0677121511336626,-90.0,5,42,7,4,-76.1744723147366,-75.82561931209598
2004-11-11 13:30:00,23,-77.0,-76.99999575632094,0.0677121511336626,-80.0,5,42,7,4,-77.17442225764125,-76.82556925500063
2004-11-11 14:30:00,23,-81.0,-80.99995117704452,0.0677121511336626,-85.0,5,42,7,4,-81.17437767836483,-80.82552467572421
2004-11-11 15:30:00,23,-75.0,-74.99998606082418,0.0677121511336626,-82.0,5,42,7,4,-75.1744125621445,-74.82555955950387
2004-11-11 16:30:00,23,-73.0,-72.99997026132368,0.0677121511336626,-76.0,5,42,7,4,-73.174396762644,-72.82554376000337
2004-11-11 17:30:00,23,-58.0,-58.00011429140268,0.0677121511336626,-77.0,5,42,7,4,-58.17454079272299,-57.82568779008237
2004-11-11 18:30:00,23,-52.0,-52.000180404218256,0.0677121511336626,-81.0,5,42,7,4,-52.17460690553857,-51.825753902897944
2004-11-11 19:30:00,23,-61.0,-61.000063495197054,0.0677121511336626,-75.0,5,42,7,4,-61.174489996517366,-60.82563699387674
2004-11-11 20:30:00,23,-59.0,-59.00006269553244,0.0677121511336626,-73.0,5,42,7,4,-59.174489196852754,-58.82563619421213
2004-11-11 21:30:00,23,-44.0,-44.00014522885529,0.0677121511336626,-58.0,5,42,7,4,-44.1745717301756,-43.825718727534976
2004-11-11 22:30:00,23,-40.0,-40.00013802780819,0.0677121511336626,-52.0,5,42,7,4,-40.1745645291285,-39.82571152648788
2004-11-11 23:30:00,23,-46.0,-46.00009544490496,0.0677121511336626,-61.0,5,42,7,4,-46.17452194622527,-45.825668943584645
2004-11-12 00:30:00,23,-60.0,-59.999948446312246,0.0677121511336626,-59.0,5,42,7,4,-60.17437494763256,-59.825521944991934
2004-11-12 01:30:00,23,-64.0,-63.99984921859224,0.0677121511336626,-44.0,5,42,7,4,-64.17427571991256,-63.82542271727193
2004-11-12 02:30:00,23,-68.0,-67.99979271992162,0.0677121511336626,-40.0,5,42,7,4,-68.17421922124193,-67.8253662186013
2004-11-12 03:30:00,23,-82.0,-81.99972843268355,0.0677121511336626,-46.0,5,42,7,4,-82.17415493400387,-81.82530193136324
2004-11-12 04:30:00,23,-80.0,-79.99980974120305,0.0677121511336626,-60.0,5,42,7,4,-80.17423624252336,-79.82538323988274
2004-11-12 05:30:00,23,-73.0,-72.99991084105329,0.0677121511336626,-64.0,5,42,7,4,-73.1743373423736,-72.82548433973298
2004-11-12 06:30:00,23,-62.0,-62.00011185054703,0.0677121511336626,-68.0,5,42,7,4,-62.17453835186734,-61.82568534922672
2004-11-12 07:30:00,23,-51.0,-51.000203319687685,0.0677121511336626,-82.0,5,42,7,4,-51.174629821008,-50.82577681836737
2004-11-12 08:30:00,23,-62.0,-62.00011077035813,0.0677121511336626,-80.0,5,42,7,4,-62.17453727167844,-61.825684269037815
2004-11-12 09:30:00,23,-83.0,-82.99984724083131,0.0677121511336626,-73.0,5,42,7,4,-83.17427374215163,-82.825420739511
2004-11-12 10:30:00,23,-92.0,-91.99967740066852,0.0677121511336626,-62.0,5,42,7,4,-92.17410390198883,-91.8252508993482
2004-11-12 11:30:00,23,-87.0,-86.99969542384193,0.0677121511336626,-51.0,5,42,7,4,-87.17412192516224,-86.82526892252162
2004-11-12 12:30:00,23,-80.0,-79.99980681705256,0.0677121511336626,-62.0,5,42,7,4,-80.17423331837287,-79.82538031573225
2004-11-12 13:30:00,23,-74.0,-73.99998052697734,0.0677121511336626,-83.0,5,42,7,4,-74.17440702829765,-73.82555402565703
2004-11-12 14:30:00,23,-63.0,-63.00007467812222,0.0677121511336626,-92.0,5,42,7,4,-63.17450117944253,-62.825648176801906
2004-11-12 15:30:00,23,-61.0,-61.00011055248912,0.0677121511336626,-87.0,5,42,7,4,-61.17453705380943,-60.82568405116881
2004-11-12 16:30:00,23,-71.0,-71.00000269027763,0.0677121511336626,-80.0,5,42,7,4,-71.17442919159794,-70.82557618895731
2004-11-12 17:30:00,23,-71.0,-70.999970868709,0.0677121511336626,-74.0,5,42,7,4,-71.17439737002931,-70.82554436738869
2004-11-12 18:30:00,23,-69.0,-68.99996080469292,0.0677121511336626,-63.0,5,42,7,4,-69.17438730601323,-68.8255343033726
2004-11-12 19:30:00,23,-78.0,-77.99984466621976,0.0677121511336626,-61.0,5,42,7,4,-78.17427116754007,-77.82541816489945
2004-11-12 20:30:00,23,-81.0,-80.99987391307255,0.0677121511336626,-71.0,5,42,7,4,-81.17430041439286,-80.82544741175224
2004-11-12 21:30:00,23,-80.0,-79.99984882749193,0.0677121511336626,-71.0,5,42,7,4,-80.17427532881224,-79.82542232617162
2004-11-12 22:30:00,23,-71.0,-70.99995017624512,0.0677121511336626,-69.0,5,42,7,4,-71.17437667756543,-70.82552367492481
2004-11-12 23:30:00,23,-67.0,-67.0000159941701,0.0677121511336626,-78.0,5,42,7,4,-67.17444249549041,-66.82558949284979
2004-11-13 00:30:00,23,-64.0,-64.00005926817335,0.0677121511336626,-81.0,5,42,7,4,-64.17448576949366,-63.82563276685303
2004-11-13 01:30:00,23,-64.0,-64.00004880029977,0.0677121511336626,-80.0,5,42,7,4,-64.17447530162008,-63.825622298979454
2004-11-13 02:30:00,23,-64.0,-64.00000480689243,0.0677121511336626,-71.0,5,42,7,4,-64.17443130821275,-63.82557830557212
2004-11-13 03:30:00,23,-64.0,-63.9999771714879,0.0677121511336626,-67.0,5,42,7,4,-64.17440367280821,-63.82555067016759
2004-11-13 04:30:00,23,-61.0,-60.9999860231564,0.0677121511336626,-64.0,5,42,7,4,-61.174412524476715,-60.82555952183609
2004-11-13 05:30:00,23,-59.0,-58.99999566008551,0.0677121511336626,-64.0,5,42,7,4,-59.17442216140582,-58.8255691587652
2004-11-13 06:30:00,23,-59.0,-58.99998849232675,0.0677121511336626,-64.0,5,42,7,4,-59.17441499364706,-58.82556199100644
2004-11-13 07:30:00,23,-58.0,-57.99999139691725,0.0677121511336626,-64.0,5,42,7,4,-58.174417898237564,-57.82556489559694
2004-11-13 08:30:00,23,-60.0,-59.99995374630156,0.0677121511336626,-61.0,5,42,7,4,-60.17438024762187,-59.825527244981245
2004-11-13 09:30:00,23,-58.0,-57.99995965106037,0.0677121511336626,-59.0,5,42,7,4,-58.174386152380684,-57.82553314974006
2004-11-13 10:30:00,23,-55.0,-54.99998654965566,0.0677121511336626,-59.0,5,42,7,4,-55.17441305097597,-54.82556004833535
2004-11-13 11:30:00,23,-51.0,-51.00002341470854,0.0677121511336626,-58.0,5,42,7,4,-51.17444991602885,-50.825596913388225
2004-11-13 12:30:00,23,-51.0,-51.0000287698664,0.0677121511336626,-60.0,5,42,7,4,-51.17445527118671,-50.825602268546085
2004-11-13 13:30:00,23,-49.0,-49.00002678438064,0.0677121511336626,-58.0,5,42,7,4,-49.17445328570095,-48.825600283060325
2004-11-13 14:30:00,23,-48.0,-48.00002119673552,0.0677121511336626,-55.0,5,42,7,4,-48.17444769805583,-47.825594695415205
2004-11-13 15:30:00,23,-48.0,-48.00000022713064,0.0677121511336626,-51.0,5,42,7,4,-48.17442672845095,-47.82557372581033
2004-11-13 16:30:00,23,-51.0,-50.99995999885213,0.0677121511336626,-51.0,5,42,7,4,-51.17438650017244,-50.825533497531815
2004-11-13 17:30:00,23,-50.0,-49.999950315091056,0.0677121511336626,-49.0,5,42,7,4,-50.17437681641137,-49.825523813770744
2004-11-13 18:30:00,23,-48.0,-47.99996427869662,0.0677121511336626,-48.0,5,42,7,4,-48.174390780016935,-47.82553777737631
2004-11-13 19:30:00,23,-48.0,-47.99996051870348,0.0677121511336626,-48.0,5,42,7,4,-48.174387020023794,-47.82553401738317
2004-11-13 20:30:00,23,-51.0,-50.99994627977284,0.0677121511336626,-51.0,5,42,7,4,-51.174372781093155,-50.82551977845253
2004-11-13 21:30:00,23,-52.0,-51.99992341910688,0.0677121511336626,-50.0,5,42,7,4,-52.17434992042719,-51.825496917786566
2004-11-13 22:30:00,23,-49.0,-48.99993970905798,0.0677121511336626,-48.0,5,42,7,4,-49.174366210378295,-48.82551320773767
2004-11-13 23:30:00,23,-44.0,-43.99999060522255,0.0677121511336626,-48.0,5,42,7,4,-44.17441710654286,-43.82556410390224
2004-11-14 00:30:00,23,-48.0,-47.99997250795724,0.0677121511336626,-51.0,5,42,7,4,-48.17439900927755,-47.82554600663693
2004-11-14 01:30:00,23,-58.0,-57.99986819967955,0.0677121511336626,-52.0,5,42,7,4,-58.17429470099986,-57.825441698359235
2004-11-14 02:30:00,23,-58.0,-57.99987594736494,0.0677121511336626,-49.0,5,42,7,4,-58.17430244868525,-57.82544944604463
2004-11-14 03:30:00,23,-58.0,-57.9998750482474,0.0677121511336626,-44.0,5,42,7,4,-58.17430154956771,-57.825448546927085
2004-11-14 04:30:00,23,-56.0,-55.99991330669812,0.0677121511336626,-48.0,5,42,7,4,-56.17433980801843,-55.82548680537781
2004-11-14 05:30:00,23,-53.0,-53.00001540703974,0.0677121511336626,-58.0,5,42,7,4,-53.17444190836005,-52.82558890571943
2004-11-14 06:30:00,23,-52.0,-52.00001608708208,0.0677121511336626,-58.0,5,42,7,4,-52.17444258840239,-51.82558958576177
2004-11-14 07:30:00,23,-57.0,-56.99994626886176,0.0677121511336626,-58.0,5,42,7,4,-57.174372770182075,-56.82551976754145
2004-11-14 08:30:00,23,-57.0,-56.99992434003443,0.0677121511336626,-56.0,5,42,7,4,-57.174350841354745,-56.82549783871412
2004-11-14 09:30:00,23,-54.0,-53.999927767476976,0.0677121511336626,-53.0,5,42,7,4,-54.17435426879729,-53.825501266156664
2004-11-14 10:30:00,23,-54.0,-53.99992878860128,0.0677121511336626,-52.0,5,42,7,4,-54.17435528992159,-53.82550228728097
2004-11-14 11:30:00,23,-53.0,-52.99997976825856,0.0677121511336626,-57.0,5,42,7,4,-53.174406269578874,-52.82555326693825
2004-11-14 12:30:00,23,-52.0,-51.99997420490021,0.0677121511336626,-57.0,5,42,7,4,-52.174400706220524,-51.8255477035799
2004-11-14 13:30:00,23,-51.0,-50.99997506179892,0.0677121511336626,-54.0,5,42,7,4,-51.17440156311923,-50.82554856047861
2004-11-14 14:30:00,23,-48.0,-48.000004868555024,0.0677121511336626,-54.0,5,42,7,4,-48.174431369875336,-47.82557836723471
2004-11-14 15:30:00,23,-45.0,-45.00003420523689,0.0677121511336626,-53.0,5,42,7,4,-45.1744607065572,-44.825607703916575
2004-11-14 16:30:00,23,-44.0,-44.00004153355893,0.0677121511336626,-52.0,5,42,7,4,-44.17446803487924,-43.825615032238616
2004-11-14 17:30:00,23,-41.0,-41.0000549997185,0.0677121511336626,-51.0,5,42,7,4,-41.17448150103881,-40.82562849839819
2004-11-14 18:30:00,23,-43.0,-43.000002459362186,0.0677121511336626,-48.0,5,42,7,4,-43.1744289606825,-42.825575958041874
2004-11-14 19:30:00,23,-44.0,-43.9999792530022,0.0677121511336626,-45.0,5,42,7,4,-44.174405754322514,-43.82555275168189
2004-11-14 20:30:00,23,-44.0,-43.999964823481626,0.0677121511336626,-44.0,5,42,7,4,-44.17439132480194,-43.825538322161314
2004-11-14 21:30:00,23,-42.0,-41.99997086331262,0.0677121511336626,-41.0,5,42,7,4,-42.17439736463293,-41.82554436199231
2004-11-14 22:30:00,23,-41.0,-40.99998756442146,0.0677121511336626,-43.0,5,42,7,4,-41.17441406574177,-40.82556106310115
2004-11-14 23:30:00,23,-40.0,-39.999988150087525,0.0677121511336626,-44.0,5,42,7,4,-40.17441465140784,-39.82556164876721
2004-11-15 00:30:00,23,-39.0,-39.00000165955498,0.0677121511336626,-44.0,5,42,7,4,-39.174428160875294,-38.82557515823467
2004-11-15 01:30:00,23,-39.0,-38.9999900946784,0.0677121511336626,-42.0,5,42,7,4,-39.174416595998714,-38.82556359335809
2004-11-15 02:30:00,23,-41.0,-40.99996046341521,0.0677121511336626,-41.0,5,42,7,4,-41.174386964735525,-40.8255339620949
2004-11-15 03:30:00,23,-39.0,-38.99997713846483,0.0677121511336626,-40.0,5,42,7,4,-39.17440363978514,-38.82555063714452
2004-11-15 04:30:00,23,-40.0,-39.99995825764586,0.0677121511336626,-39.0,5,42,7,4,-40.17438475896617,-39.825531756325546
2004-11-15 05:30:00,23,-41.0,-40.99995204580762,0.0677121511336626,-39.0,5,42,7,4,-41.17437854712793,-40.825525544487306
2004-11-15 06:30:00,23,-38.0,-37.9999930839986,0.0677121511336626,-41.0,5,42,7,4,-38.174419585318915,-37.82556658267829
2004-11-15 07:30:00,23,-38.0,-37.99997780993978,0.0677121511336626,-39.0,5,42,7,4,-38.17440431126009,-37.82555130861947
2004-11-15 08:30:00,23,-38.0,-37.999985200194246,0.0677121511336626,-40.0,5,42,7,4,-38.17441170151456,-37.825558698873934
2004-11-15 09:30:00,23,-36.0,-36.00000728235709,0.0677121511336626,-41.0,5,42,7,4,-36.1744337836774,-35.82558078103678
2004-11-15 10:30:00,23,-37.0,-36.99998366451575,0.0677121511336626,-38.0,5,42,7,4,-37.174410165836065,-36.82555716319544
2004-11-15 11:30:00,23,-39.0,-38.99996186225926,0.0677121511336626,-38.0,5,42,7,4,-39.174388363579574,-38.82553536093895
2004-11-15 12:30:00,23,-41.0,-40.99994630827465,0.0677121511336626,-38.0,5,42,7,4,-41.17437280959496,-40.82551980695434
2004-11-15 13:30:00,23,-41.0,-40.9999365297691,0.0677121511336626,-36.0,5,42,7,4,-41.17436303108941,-40.82551002844879
2004-11-15 14:30:00,23,-40.0,-39.99994883151488,0.0677121511336626,-37.0,5,42,7,4,-40.17437533283519,-39.825522330194566
2004-11-15 15:30:00,23,-40.0,-39.999951670898696,0.0677121511336626,-39.0,5,42,7,4,-40.17437817221901,-39.825525169578384
2004-11-15 16:30:00,23,-41.0,-40.99995657819055,0.0677121511336626,-41.0,5,42,7,4,-41.17438307951086,-40.82553007687024
2004-11-15 17:30:00,23,-41.0,-40.99995340086065,0.0677121511336626,-41.0,5,42,7,4,-41.17437990218096,-40.825526899540336
2004-11-15 18:30:00,23,-41.0,-40.999949578409456,0.0677121511336626,-40.0,5,42,7,4,-41.17437607972977,-40.825523077089144
2004-11-15 19:30:00,23,-38.0,-37.99997651051746,0.0677121511336626,-40.0,5,42,7,4,-38.174403011837775,-37.82555000919715
2004-11-15 20:30:00,23,-36.0,-35.999996107889174,0.0677121511336626,-41.0,5,42,7,4,-36.174422609209486,-35.82556960656886
2004-11-15 21:30:00,23,-31.0,-31.000054837165067,0.0677121511336626,-41.0,5,42,7,4,-31.174481338485382,-30.82562833584475
2004-11-15 22:30:00,23,-28.0,-28.00007741478527,0.0677121511336626,-41.0,5,42,7,4,-28.174503916105586,-27.825650913464955
2004-11-15 23:30:00,23,-27.0,-27.00007090696265,0.0677121511336626,-38.0,5,42,7,4,-27.174497408282967,-26.825644405642336
2004-11-16 00:30:00,23,-24.0,-24.00008533016513,0.0677121511336626,-36.0,5,42,7,4,-24.174511831485447,-23.825658828844816
2004-11-16 01:30:00,23,-23.0,-23.000068875537828,0.0677121511336626,-31.0,5,42,7,4,-23.174495376858143,-22.825642374217512
2004-11-16 02:30:00,23,-23.0,-23.00004359284076,0.0677121511336626,-28.0,5,42,7,4,-23.174470094161077,-22.825617091520446
2004-11-16 03:30:00,23,-20.0,-20.00005705095176,0.0677121511336626,-27.0,5,42,7,4,-20.174483552272076,-19.825630549631445
2004-11-16 04:30:00,23,-21.0,-21.000025927090725,0.0677121511336626,-24.0,5,42,7,4,-21.17445242841104,-20.82559942577041
2004-11-16 05:30:00,23,-22.0,-22.00000722229624,0.0677121511336626,-23.0,5,42,7,4,-22.174433723616556,-21.825580720975925
2004-11-16 06:30:00,23,-23.0,-22.999998949330863,0.0677121511336626,-23.0,5,42,7,4,-23.174425450651178,-22.825572448010547
2004-11-16 07:30:00,23,-29.0,-28.999931178417963,0.0677121511336626,-20.0,5,42,7,4,-29.17435767973828,-28.825504677097648
2004-11-16 08:30:00,23,-34.0,-33.99987690502699,0.0677121511336626,-21.0,5,42,7,4,-34.1743034063473,-33.825450403706675
2004-11-16 09:30:00,23,-41.0,-40.99981894113412,0.0677121511336626,-22.0,5,42,7,4,-41.174245442454435,-40.82539243981381
2004-11-16 10:30:00,23,-38.0,-37.99985810651285,0.0677121511336626,-23.0,5,42,7,4,-38.174284607833165,-37.82543160519254
2004-11-16 11:30:00,23,-37.0,-36.99990511172583,0.0677121511336626,-29.0,5,42,7,4,-37.17433161304614,-36.82547861040552
2004-11-16 12:30:00,23,-35.0,-35.00004211544137,0.0677121511336626,-34.0,5,42,7,4,-35.17446861676168,-34.825615614121055
2004-11-16 13:30:00,23,-35.0,-34.999992467128244,0.0677121511336626,-41.0,5,42,7,4,-35.174418968448556,-34.82556596580793
2004-11-16 14:30:00,23,-36.0,-35.999970455380655,0.0677121511336626,-38.0,5,42,7,4,-36.17439695670097,-35.82554395406034
2004-11-16 15:30:00,23,-36.0,-35.999974363901856,0.0677121511336626,-37.0,5,42,7,4,-36.17440086522217,-35.825547862581544
2004-11-16 16:30:00,23,-34.0,-33.99999263590361,0.0677121511336626,-35.0,5,42,7,4,-34.17441913722392,-33.8255661345833
2004-11-16 17:30:00,23,-33.0,-33.00000241121406,0.0677121511336626,-35.0,5,42,7,4,-33.174428912534374,-32.82557590989375
2004-11-16 18:30:00,23,-32.0,-32.00001759153373,0.0677121511336626,-36.0,5,42,7,4,-32.17444409285404,-31.82559109021341
2004-11-16 19:30:00,23,-34.0,-33.999971430493694,0.0677121511336626,-36.0,5,42,7,4,-34.174397931814006,-33.82554492917338
2004-11-16 20:30:00,23,-32.0,-31.999992108914498,0.0677121511336626,-34.0,5,42,7,4,-32.17441861023481,-31.825565607594182
2004-11-16 21:30:00,23,-35.0,-34.99996500632333,0.0677121511336626,-33.0,5,42,7,4,-35.17439150764364,-34.82553850500302
2004-11-16 22:30:00,23,-35.0,-34.99997630611257,0.0677121511336626,-32.0,5,42,7,4,-35.174402807432884,-34.82554980479226
2004-11-16 23:30:00,23,-31.0,-30.99998327697536,0.0677121511336626,-34.0,5,42,7,4,-31.174409778295676,-30.825556775655045
2004-11-17 00:30:00,23,-29.0,-29.00002905872379,0.0677121511336626,-32.0,5,42,7,4,-29.174455560044105,-28.825602557403474
2004-11-17 01:30:00,23,-27.0,-27.000023001263152,0.0677121511336626,-35.0,5,42,7,4,-27.174449502583467,-26.825596499942836
2004-11-17 02:30:00,23,-30.0,-29.99999001358266,0.0677121511336626,-35.0,5,42,7,4,-30.174416514902976,-29.825563512262345
2004-11-17 03:30:00,23,-31.0,-30.99998400076163,0.0677121511336626,-31.0,5,42,7,4,-31.174410502081944,-30.825557499441313
2004-11-17 04:30:00,23,-31.0,-30.99995862751849,0.0677121511336626,-29.0,5,42,7,4,-31.174385128838807,-30.825532126198176
2004-11-17 05:30:00,23,-34.0,-33.99991605160753,0.0677121511336626,-27.0,5,42,7,4,-34.17434255292784,-33.825489550287216
2004-11-17 06:30:00,23,-35.0,-34.999955804105184,0.0677121511336626,-30.0,5,42,7,4,-35.174382305425496,-34.82552930278487
2004-11-17 07:30:00,23,-40.0,-39.99989662635949,0.0677121511336626,-31.0,5,42,7,4,-40.1743231276798,-39.825470125039175
2004-11-17 08:30:00,23,-40.0,-39.99988458196953,0.0677121511336626,-31.0,5,42,7,4,-40.174311083289844,-39.82545808064922
2004-11-17 09:30:00,23,-43.0,-42.99987999487356,0.0677121511336626,-34.0,5,42,7,4,-43.17430649619387,-42.82545349355325
2004-11-17 10:30:00,23,-46.0,-45.99985723345754,0.0677121511336626,-35.0,5,42,7,4,-46.17428373477785,-45.82543073213723
2004-11-17 11:30:00,23,-46.0,-45.999923784350045,0.0677121511336626,-40.0,5,42,7,4,-46.17435028567036,-45.82549728302973
2004-11-17 12:30:00,23,-41.0,-40.999956603052674,0.0677121511336626,-40.0,5,42,7,4,-41.174383104372986,-40.82553010173236
2004-11-17 13:30:00,23,-37.0,-37.00000652311252,0.0677121511336626,-43.0,5,42,7,4,-37.17443302443283,-36.825580021792206
2004-11-17 14:30:00,23,-34.0,-34.000027999177966,0.0677121511336626,-46.0,5,42,7,4,-34.17445450049828,-33.825601497857654
2004-11-17 15:30:00,23,-33.0,-33.00004124010197,0.0677121511336626,-46.0,5,42,7,4,-33.17446774142228,-32.82561473878166
2004-11-17 16:30:00,23,-33.0,-33.00002724095227,0.0677121511336626,-41.0,5,42,7,4,-33.17445374227258,-32.82560073963196
2004-11-17 17:30:00,23,-31.0,-31.00003119167956,0.0677121511336626,-37.0,5,42,7,4,-31.174457692999876,-30.825604690359246
2004-11-17 18:30:00,23,-29.0,-29.00002892501042,0.0677121511336626,-34.0,5,42,7,4,-29.174455426330734,-28.825602423690103
2004-11-17 19:30:00,23,-29.0,-29.00001741795116,0.0677121511336626,-33.0,5,42,7,4,-29.174443919271475,-28.825590916630844
2004-11-17 20:30:00,23,-30.0,-29.999997591469484,0.0677121511336626,-33.0,5,42,7,4,-30.1744240927898,-29.825571090149168
2004-11-17 21:30:00,23,-30.0,-29.99998438850352,0.0677121511336626,-31.0,5,42,7,4,-30.174410889823836,-29.825557887183205
2004-11-17 22:30:00,23,-30.0,-29.999972070595472,0.0677121511336626,-29.0,5,42,7,4,-30.174398571915788,-29.825545569275157
2004-11-17 23:30:00,23,-29.0,-28.99998168752741,0.0677121511336626,-29.0,5,42,7,4,-29.174408188847725,-28.825555186207094
2004-11-18 00:30:00,23,-27.0,-27.000003848200983,0.0677121511336626,-30.0,5,42,7,4,-27.174430349521298,-26.825577346880667
2004-11-18 01:30:00,23,-24.0,-24.00003210432596,0.0677121511336626,-30.0,5,42,7,4,-24.174458605646276,-23.825605603005645
2004-11-18 02:30:00,23,-23.0,-23.00004057608406,0.0677121511336626,-30.0,5,42,7,4,-23.174467077404376,-22.825614074763745
2004-11-18 03:30:00,23,-24.0,-24.000017748162406,0.0677121511336626,-29.0,5,42,7,4,-24.174444249482722,-23.82559124684209
2004-11-18 04:30:00,23,-24.0,-24.00001638547789,0.0677121511336626,-27.0,5,42,7,4,-24.174442886798204,-23.825589884157573
2004-11-18 05:30:00,23,-24.0,-23.99998377330212,0.0677121511336626,-24.0,5,42,7,4,-24.174410274622435,-23.825557271981804
2004-11-18 06:30:00,23,-23.0,-22.99999016434801,0.0677121511336626,-23.0,5,42,7,4,-23.174416665668325,-22.825563663027694
2015-03-09 19:30:00,35,-4.0,-8.101075906319473,15.377283932913436,-24.0,5,42,7,4,-47.712959317504485,31.51080750486554
2015-03-09 20:30:00,35,-4.0,-8.455932504396422,15.377283932913436,-24.0,5,42,7,4,-48.067815915581434,31.15595090678859
2015-03-09 21:30:00,35,-4.0,-8.194759589118785,15.377283932913436,-24.0,5,42,7,4,-47.806643000303794,31.417123822066227
2015-03-09 22:30:00,35,-4.0,-7.072353841757074,15.377283932913436,-23.0,5,42,7,4,-46.68423725294208,32.53952956942794
2015-03-09 23:30:00,35,-3.0,-7.200599722262567,15.377283932913436,-4.0,5,42,7,4,-46.81248313344758,32.411283688922445
2015-03-10 00:30:00,35,-1.0,-7.568486939775262,15.377283932913436,-4.0,5,42,7,4,-47.180370350960274,32.04339647140975
2015-03-10 01:30:00,35,-4.0,-7.620442774486108,15.377283932913436,-4.0,5,42,7,4,-47.23232618567112,31.991440636698904
2015-03-10 02:30:00,35,-4.0,-6.253121546359523,15.377283932913436,-4.0,5,42,7,4,-45.865004957544535,33.35876186482549
2015-03-10 03:30:00,35,-6.0,-5.734227607184426,15.377283932913436,-3.0,5,42,7,4,-45.34611101836944,33.87765580400058
2015-03-10 04:30:00,35,-6.0,-4.7355986771933765,15.377283932913436,-1.0,5,42,7,4,-44.347482088378385,34.87628473399164
2015-03-10 05:30:00,35,-4.0,-5.342941110924127,15.377283932913436,-4.0,5,42,7,4,-44.95482452210914,34.26894230026088
2015-03-10 06:30:00,35,-2.0,-5.834722012349509,15.377283932913436,-4.0,5,42,7,4,-45.44660542353452,33.7771613988355
2015-03-10 07:30:00,35,-1.0,-6.529424350438905,15.377283932913436,-6.0,5,42,7,4,-46.14130776162392,33.0824590607461
2015-03-10 08:30:00,35,1.0,-5.306931066613977,15.377283932913436,-6.0,5,42,7,4,-44.91881447779899,34.304952344571035
2015-03-10 09:30:00,35,-3.0,-5.399783698447781,15.377283932913436,-4.0,5,42,7,4,-45.011667109632796,34.21209971273723
2015-03-10 10:30:00,35,-7.0,-4.134690395859646,15.377283932913436,-2.0,5,42,7,4,-43.746573807044655,35.47719301532537
2015-03-10 11:30:00,35,-3.0,-3.707365720751305,15.377283932913436,-1.0,5,42,7,4,-43.31924913193632,35.90451769043371
2015-03-10 12:30:00,35,-5.0,-4.111466416925083,15.377283932913436,1.0,5,42,7,4,-43.723349828110095,35.50041699425993
2015-03-10 13:30:00,35,-6.0,-4.843866871598319,15.377283932913436,-3.0,5,42,7,4,-44.45575028278333,34.7680165395867
2015-03-10 14:30:00,35,-6.0,-5.454459926553536,15.377283932913436,-7.0,5,42,7,4,-45.066343337738545,34.15742348463148
2015-03-10 15:30:00,35,-7.0,-4.0414871643997685,15.377283932913436,-3.0,5,42,7,4,-43.65337057558478,35.57039624678524
2015-03-10 16:30:00,35,-7.0,-4.587838248364992,15.377283932913436,-5.0,5,42,7,4,-44.19972165955001,35.024045162820016
2015-03-10 17:30:00,35,-6.0,-2.881461211482236,15.377283932913436,-6.0,5,42,7,4,-42.49334462266725,36.73042219970277
2015-03-10 18:30:00,35,-6.0,-3.231619341730749,15.377283932913436,-6.0,5,42,7,4,-42.84350275291576,36.38026406945426
2015-03-10 19:30:00,35,-8.0,-3.989858123167547,15.377283932913436,-7.0,5,42,7,4,-43.601741534352556,35.62202528801747
2015-03-10 20:30:00,35,-6.0,-4.481255962038514,15.377283932913436,-7.0,5,42,7,4,-44.09313937322352,35.1306274491465
2015-03-10 21:30:00,35,-4.0,-2.8104539662261487,15.377283932913436,-6.0,5,42,7,4,-42.42233737741116,36.80142944495886
2015-03-10 22:30:00,35,-4.0,-2.70289346365902,15.377283932913436,-6.0,5,42,7,4,-42.31477687484403,36.908989947525995
2015-03-10 23:30:00,35,-5.0,-3.351929118354676,15.377283932913436,-8.0,5,42,7,4,-42.96381252953969,36.259954292830336
2015-03-11 00:30:00,35,-6.0,-2.0317721967159272,15.377283932913436,-6.0,5,42,7,4,-41.64365560790094,37.580111214469085
2015-03-11 01:30:00,35,-6.0,-1.386526047855181,15.377283932913436,-4.0,5,42,7,4,-40.99840945904019,38.225357363329834
2015-03-11 02:30:00,35,-6.0,-2.5842479531613307,15.377283932913436,-4.0,5,42,7,4,-42.19613136434634,37.02763545802368
2015-03-11 03:30:00,35,-6.0,-1.807397092809499,15.377283932913436,-5.0,5,42,7,4,-41.419280503994514,37.80448631837551
2015-03-11 04:30:00,35,-5.0,-1.940155320354272,15.377283932913436,-6.0,5,42,7,4,-41.552038731539284,37.67172809083074
2015-03-11 05:30:00,35,5.0,-3.697867067918967,15.377283932913436,-6.0,5,42,7,4,-43.30975047910398,35.91401634326604
2015-03-11 06:30:00,35,6.0,-4.381616413986389,15.377283932913436,-6.0,5,42,7,4,-43.9934998251714,35.230266997198626
2015-03-11 07:30:00,35,8.0,-3.08963947834214,15.377283932913436,-6.0,5,42,7,4,-42.701522889527155,36.52224393284287
2015-03-11 08:30:00,35,0.0,-4.385940476041302,15.377283932913436,-5.0,5,42,7,4,-43.99782388722632,35.225942935143706
2015-03-11 09:30:00,35,2.0,-1.290864290622341,15.377283932913436,5.0,5,42,7,4,-40.90274770180735,38.321019120562674
2015-03-11 10:30:00,35,1.0,-0.0807631886424715,15.377283932913436,6.0,5,42,7,4,-39.692646599827484,39.53112022254254
2015-03-11 11:30:00,35,2.0,-0.9748961165017036,15.377283932913436,8.0,5,42,7,4,-40.586779527686716,38.63698729468331
2015-03-11 12:30:00,35,-6.0,-2.705778335890852,15.377283932913436,0.0,5,42,7,4,-42.31766174707587,36.90610507529416
2015-03-11 13:30:00,35,-11.0,-2.680333892657817,15.377283932913436,2.0,5,42,7,4,-42.29221730384283,36.93154951852719
2015-03-11 14:30:00,35,-14.0,-1.79785732026793,15.377283932913436,1.0,5,42,7,4,-41.40974073145294,37.81402609091708
2015-03-11 15:30:00,35,-14.0,-3.569203497735497,15.377283932913436,2.0,5,42,7,4,-43.181086908920506,36.04267991344952
2015-03-11 16:30:00,35,-12.0,-8.0759712417364,15.377283932913436,-6.0,5,42,7,4,-47.687854652921416,31.53591216944861
2015-03-11 17:30:00,35,-12.0,-12.510998078300728,15.377283932913436,-11.0,5,42,7,4,-52.12288148948574,27.100885332884282
2015-03-11 18:30:00,35,-15.0,-15.484488694011986,15.377283932913436,-14.0,5,42,7,4,-55.096372105197,24.127394717173026
2015-03-11 19:30:00,35,-20.0,-9.147327952185568,15.377283932913436,-14.0,5,42,7,4,-48.75921136337058,30.464555458999442
2015-03-11 20:30:00,35,-19.0,-9.943875153258997,15.377283932913436,-12.0,5,42,7,4,-49.555758564444005,29.668008257926015
2015-03-11 21:30:00,35,-16.0,-12.10611394345634,15.377283932913436,-12.0,5,42,7,4,-51.717997354641355,27.505769467728673
2015-03-11 22:30:00,35,-15.0,-10.394858810541663,15.377283932913436,-15.0,5,42,7,4,-50.006742221726675,29.21702460064335
2015-03-11 23:30:00,35,-14.0,-11.274569541436968,15.377283932913436,-20.0,5,42,7,4,-50.88645295262198,28.337313869748044
2015-03-12 00:30:00,35,-15.0,-11.83904143200168,15.377283932913436,-19.0,5,42,7,4,-51.45092484318669,27.772841979183333
2015-03-12 01:30:00,35,-12.0,-8.709896485387315,15.377283932913436,-16.0,5,42,7,4,-48.32177989657232,30.901986925797697
2015-03-12 02:30:00,35,-8.0,-7.677335138499885,15.377283932913436,-15.0,5,42,7,4,-47.2892185496849,31.934548272685127
2015-03-12 03:30:00,35,-10.0,-8.47119440910675,15.377283932913436,-14.0,5,42,7,4,-48.08307782029176,31.14068900207826
2015-03-12 04:30:00,35,-11.0,-8.655577349493303,15.377283932913436,-15.0,5,42,7,4,-48.26746076067832,30.95630606169171
2015-03-12 05:30:00,35,-7.0,-6.582126832501576,15.377283932913436,-12.0,5,42,7,4,-46.19401024368659,33.02975657868343
2015-03-12 06:30:00,35,-12.0,-8.041911137321883,15.377283932913436,-8.0,5,42,7,4,-47.653794548506895,31.56997227386313
2015-03-12 07:30:00,35,-22.0,-8.169722014587617,15.377283932913436,-10.0,5,42,7,4,-47.781605425772625,31.442161396597395
2015-03-12 08:30:00,35,-24.0,-6.528199415942872,15.377283932913436,-11.0,5,42,7,4,-46.140082827127884,33.08368399524214
2015-03-12 09:30:00,35,-23.0,-8.14436413916349,15.377283932913436,-7.0,5,42,7,4,-47.756247550348505,31.467519272021523
2015-03-12 10:30:00,35,-19.0,-10.707697558370306,15.377283932913436,-12.0,5,42,7,4,-50.31958096955532,28.904185852814706
2015-03-12 11:30:00,35,-19.0,-14.534126727974726,15.377283932913436,-22.0,5,42,7,4,-54.14601013915974,25.077756683210286
2015-03-12 12:30:00,35,-15.0,-22.85884973518565,15.377283932913436,-24.0,5,42,7,4,-62.47073314637066,16.75303367599936
2015-03-12 13:30:00,35,-17.0,-17.86556874093137,15.377283932913436,-23.0,5,42,7,4,-57.477452152116385,21.746314670253643
2015-03-12 14:30:00,35,-18.0,-13.503755546652648,15.377283932913436,-19.0,5,42,7,4,-53.11563895783766,26.108127864532364
2015-03-12 15:30:00,35,-13.0,-16.943022093993584,15.377283932913436,-19.0,5,42,7,4,-56.554905505178596,22.66886131719143
2015-03-12 16:30:00,35,-9.0,-15.10396582269168,15.377283932913436,-15.0,5,42,7,4,-54.715849233876696,24.50791758849333
2015-03-12 17:30:00,35,-9.0,-15.763864655307575,15.377283932913436,-17.0,5,42,7,4,-55.37574806649259,23.848018755877437
2015-03-12 18:30:00,35,-9.0,-14.303603145440668,15.377283932913436,-18.0,5,42,7,4,-53.91548655662568,25.308280265744344
2015-03-12 19:30:00,35,-8.0,-13.939628792890574,15.377283932913436,-13.0,5,42,7,4,-53.551512204075586,25.67225461829444
2015-03-12 20:30:00,35,-8.0,-11.599391438213583,15.377283932913436,-9.0,5,42,7,4,-51.21127484939859,28.01249197297143
2015-03-12 21:30:00,35,-11.0,-11.30330139721325,15.377283932913436,-9.0,5,42,7,4,-50.915184808398266,28.308582013971762
2015-03-12 22:30:00,35,-13.0,-10.688579057773165,15.377283932913436,-9.0,5,42,7,4,-50.30046246895817,28.923304353411847
2015-03-12 23:30:00,35,-15.0,-10.070194900016304,15.377283932913436,-8.0,5,42,7,4,-49.682078311201316,29.541688511168708
2015-03-13 00:30:00,35,-13.0,-9.320024238369657,15.377283932913436,-8.0,5,42,7,4,-48.93190764955467,30.291859172815357
2015-03-13 01:30:00,35,-12.0,-9.529823487451342,15.377283932913436,-11.0,5,42,7,4,-49.14170689863636,30.08205992373367
2015-03-13 02:30:00,35,-9.0,-9.500818943077004,15.377283932913436,-13.0,5,42,7,4,-49.11270235426201,30.111064468108008
2015-03-13 03:30:00,35,-3.0,-10.545625306534347,15.377283932913436,-15.0,5,42,7,4,-50.15750871771936,29.066258104650665
2015-03-13 04:30:00,35,-2.0,-11.43866531580613,15.377283932913436,-13.0,5,42,7,4,-51.05054872699114,28.173218095378882
2015-03-13 05:30:00,35,1.0,-10.998206139891352,15.377283932913436,-12.0,5,42,7,4,-50.61008955107636,28.61367727129366
2015-03-13 06:30:00,35,1.0,-9.134959576487958,15.377283932913436,-9.0,5,42,7,4,-48.74684298767297,30.476923834697054
2015-03-13 07:30:00,35,0.0,-6.872202574978086,15.377283932913436,-3.0,5,42,7,4,-46.484085986163095,32.73968083620693
2015-03-13 08:30:00,35,-1.0,-6.333512742101146,15.377283932913436,-2.0,5,42,7,4,-45.945396153286154,33.27837066908387
2015-03-13 09:30:00,35,-2.0,-4.867499883429971,15.377283932913436,1.0,5,42,7,4,-44.47938329461498,34.74438352775504
2015-03-13 10:30:00,35,-2.0,-4.403797250823622,15.377283932913436,1.0,5,42,7,4,-44.015680662008634,35.20808616036139
2015-03-13 11:30:00,35,0.0,-4.938398918924921,15.377283932913436,0.0,5,42,7,4,-44.55028233010994,34.67348449226009
2015-03-13 12:30:00,35,-3.0,-4.246291450907517,15.377283932913436,-1.0,5,42,7,4,-43.858174862092525,35.3655919602775
2015-03-13 13:30:00,35,-16.0,-4.102205825567239,15.377283932913436,-2.0,5,42,7,4,-43.71408923675225,35.50967758561777
2015-03-13 14:30:00,35,-20.0,-5.7345587290534965,15.377283932913436,-2.0,5,42,7,4,-45.34644214023851,33.877324682131515
2015-03-13 15:30:00,35,-11.0,-4.793449779690796,15.377283932913436,0.0,5,42,7,4,-44.40533319087581,34.818433631494216
2015-03-13 16:30:00,35,-7.0,-16.7638364684343,15.377283932913436,-3.0,5,42,7,4,-56.37571987961931,22.848046942750713
2015-03-13 17:30:00,35,-10.0,-18.5614765357598,15.377283932913436,-16.0,5,42,7,4,-58.173359946944814,21.05040687542521
2015-03-13 18:30:00,35,-15.0,-11.9501988270289,15.377283932913436,-20.0,5,42,7,4,-51.56208223821391,27.661684584156113
2015-03-13 19:30:00,35,-15.0,-9.857402568941652,15.377283932913436,-11.0,5,42,7,4,-49.469285980126664,29.75448084224336
2015-03-13 20:30:00,35,-11.0,-9.52479606194906,15.377283932913436,-7.0,5,42,7,4,-49.13667947313407,30.08708734923595
2015-03-13 21:30:00,35,-10.0,-9.515249796821829,15.377283932913436,-10.0,5,42,7,4,-49.12713320800684,30.096633614363185
2015-03-13 22:30:00,35,-7.0,-11.309655474387036,15.377283932913436,-15.0,5,42,7,4,-50.92153888557205,28.302227936797976
2015-03-13 23:30:00,35,-10.0,-12.774590563837318,15.377283932913436,-15.0,5,42,7,4,-52.38647397502233,26.837292847347694
2015-03-14 00:30:00,35,-12.0,-7.693702946969005,15.377283932913436,-11.0,5,42,7,4,-47.30558635815402,31.918180464216007
2015-03-14 01:30:00,35,-11.0,-7.701764574173481,15.377283932913436,-10.0,5,42,7,4,-47.31364798535849,31.91011883701153
2015-03-14 02:30:00,35,-12.0,-6.213694237792765,15.377283932913436,-7.0,5,42,7,4,-45.82557764897778,33.39818917339225
2015-03-14 03:30:00,35,-13.0,-6.546993287256612,15.377283932913436,-10.0,5,42,7,4,-46.158876698441624,33.0648901239284
2015-03-14 04:30:00,35,-14.0,-5.672513416214521,15.377283932913436,-12.0,5,42,7,4,-45.28439682739953,33.93936999497049
2015-03-14 05:30:00,35,-15.0,-5.74865196834358,15.377283932913436,-11.0,5,42,7,4,-45.36053537952859,33.86323144284143
2015-03-14 06:30:00,35,-12.0,-8.351122693957318,15.377283932913436,-12.0,5,42,7,4,-47.96300610514233,31.260760717227694
2015-03-14 07:30:00,35,-9.0,-8.786303397723984,15.377283932913436,-13.0,5,42,7,4,-48.398186808908996,30.82558001346103
2015-03-14 08:30:00,35,-8.0,-7.799449853939528,15.377283932913436,-14.0,5,42,7,4,-47.41133326512454,31.812433557245484
2015-03-14 09:30:00,35,-7.0,-7.630240086259175,15.377283932913436,-15.0,5,42,7,4,-47.24212349744418,31.981643324925837
2015-03-14 10:30:00,35,-5.0,-9.193888448206271,15.377283932913436,-12.0,5,42,7,4,-48.805771859391285,30.41799496297874
2015-03-14 11:30:00,35,-4.0,-5.18840675104876,15.377283932913436,-9.0,5,42,7,4,-44.80029016223377,34.42347666013625
2015-03-14 12:30:00,35,-4.0,-5.428710331794104,15.377283932913436,-8.0,5,42,7,4,-45.04059374297911,34.18317307939091
2015-03-14 13:30:00,35,-4.0,-4.247345413980959,15.377283932913436,-7.0,5,42,7,4,-43.85922882516597,35.36453799720405
2015-03-14 14:30:00,35,1.0,-5.170472065238421,15.377283932913436,-5.0,5,42,7,4,-44.78235547642343,34.44141134594659
2015-03-14 15:30:00,35,3.0,-4.038305797422432,15.377283932913436,-4.0,5,42,7,4,-43.65018920860744,35.57357761376258
2015-03-14 16:30:00,35,4.0,-5.040336842303532,15.377283932913436,-4.0,5,42,7,4,-44.652220253488544,34.57154656888148
2015-03-14 17:30:00,35,2.0,-3.239416937118058,15.377283932913436,-4.0,5,42,7,4,-42.85130034830307,36.372466474066954
2015-03-14 18:30:00,35,3.0,-1.7892438232816694,15.377283932913436,1.0,5,42,7,4,-41.401127234466685,37.82263958790334
2015-03-14 19:30:00,35,2.0,-1.6564271624658815,15.377283932913436,3.0,5,42,7,4,-41.26831057365089,37.95545624871913
2015-03-14 20:30:00,35,-1.0,-1.1954189529117691,15.377283932913436,4.0,5,42,7,4,-40.807302364096785,38.41646445827324
2015-03-14 21:30:00,35,-3.0,-0.887893304354801,15.377283932913436,2.0,5,42,7,4,-40.49977671553981,38.723990106830215
2015-03-14 22:30:00,35,-5.0,-0.2919193881287825,15.377283932913436,3.0,5,42,7,4,-39.903802799313794,39.31996402305623
2015-03-14 23:30:00,35,-11.0,-0.8627172213293797,15.377283932913436,2.0,5,42,7,4,-40.474600632514395,38.74916618985563
2015-03-15 00:30:00,35,-11.0,-1.2531596814528356,15.377283932913436,-1.0,5,42,7,4,-40.86504309263785,38.358723729732176
2015-03-15 01:30:00,35,-11.0,-3.019547687665245,15.377283932913436,-3.0,5,42,7,4,-42.63143109885026,36.59233572351977
2015-03-15 02:30:00,35,-11.0,-8.148530214967145,15.377283932913436,-5.0,5,42,7,4,-47.76041362615216,31.463353196217867
2015-03-15 03:30:00,35,-12.0,-9.710187517309382,15.377283932913436,-11.0,5,42,7,4,-49.3220709284944,29.90169589387563
2015-03-15 04:30:00,35,-11.0,-10.494539478303022,15.377283932913436,-11.0,5,42,7,4,-50.10642288948803,29.11734393288199
2015-03-15 05:30:00,35,-11.0,-10.653432527356864,15.377283932913436,-11.0,5,42,7,4,-50.265315938541875,28.95845088382815
2015-03-15 06:30:00,35,-9.0,-7.66384787387215,15.377283932913436,-11.0,5,42,7,4,-47.27573128505716,31.94803553731286
2015-03-15 07:30:00,35,-9.0,-7.215943866391356,15.377283932913436,-12.0,5,42,7,4,-46.82782727757637,32.395939544793656
2015-03-15 08:30:00,35,-7.0,-9.524220386019827,15.377283932913436,-11.0,5,42,7,4,-49.13610379720484,30.087663025165185
2015-03-15 09:30:00,35,-6.0,-10.628273757893226,15.377283932913436,-11.0,5,42,7,4,-50.24015716907824,28.983609653291786
2015-03-15 10:30:00,35,-7.0,-9.48879251022458,15.377283932913436,-9.0,5,42,7,4,-49.10067592140959,30.123090900960435
2015-03-15 11:30:00,35,-5.0,-7.707378496581111,15.377283932913436,-9.0,5,42,7,4,-47.31926190776612,31.9045049146039
2015-03-15 12:30:00,35,-5.0,-8.257068933774924,15.377283932913436,-7.0,5,42,7,4,-47.868952344959936,31.354814477410088
2015-03-15 13:30:00,35,-3.0,-7.906884833183739,15.377283932913436,-6.0,5,42,7,4,-47.51876824436875,31.704998578001273
2015-03-15 14:30:00,35,1.0,-9.660311474207528,15.377283932913436,-7.0,5,42,7,4,-49.27219488539254,29.951571936977484
2015-03-15 15:30:00,35,4.0,-9.19566958087454,15.377283932913436,-5.0,5,42,7,4,-48.807552992059556,30.416213830310472
2015-03-15 16:30:00,35,-1.0,-9.3162974941962,15.377283932913436,-5.0,5,42,7,4,-48.92818090538121,30.295585916988813
2015-03-15 17:30:00,35,0.0,-5.41060900295162,15.377283932913436,-3.0,5,42,7,4,-45.022492414136636,34.20127440823339
2015-03-15 18:30:00,35,2.0,-3.628866031634303,15.377283932913436,1.0,5,42,7,4,-43.240749442819315,35.98301737955071
2015-03-15 19:30:00,35,1.0,-4.082431573817626,15.377283932913436,4.0,5,42,7,4,-43.694314985002634,35.52945183736739
2015-03-15 20:30:00,35,-2.0,-7.211985553329079,15.377283932913436,-1.0,5,42,7,4,-46.82386896451409,32.39989785785593
2015-03-15 21:30:00,35,-7.0,-2.585801845331215,15.377283932913436,0.0,5,42,7,4,-42.19768525651622,37.0260815658538
2015-03-15 22:30:00,35,-7.0,-0.4816046068108939,15.377283932913436,2.0,5,42,7,4,-40.09348801799591,39.130278804374115
2015-03-15 23:30:00,35,-2.0,1.0197776943845156,15.377283932913436,1.0,5,42,7,4,-38.592105716800496,40.63166110556953
2015-03-16 00:30:00,35,4.0,-3.329930073916149,15.377283932913436,-2.0,5,42,7,4,-42.941813485101164,36.28195333726886
2015-03-16 01:30:00,35,10.0,-0.9639972293602952,15.377283932913436,-7.0,5,42,7,4,-40.57588064054531,38.64788618182472
2015-03-16 02:30:00,35,15.0,-1.2783119583308036,15.377283932913436,-7.0,5,42,7,4,-40.890195369515816,38.33357145285421
2015-03-16 03:30:00,35,10.0,0.7728516762577726,15.377283932913436,-2.0,5,42,7,4,-38.83903173492724,40.384735087442785
2015-03-16 04:30:00,35,7.0,2.810233715668339,15.377283932913436,4.0,5,42,7,4,-36.80164969551667,42.42211712685335
2015-03-16 05:30:00,35,15.0,2.875345693137845,15.377283932913436,10.0,5,42,7,4,-36.73653771804717,42.48722910432286
2015-03-16 06:30:00,35,1.0,7.003928978756548,15.377283932913436,15.0,5,42,7,4,-32.607954432428464,46.61581238994156
2015-03-16 07:30:00,35,-10.0,-0.0788543684560707,15.377283932913436,10.0,5,42,7,4,-39.69073777964108,39.53302904272894
2015-03-16 08:30:00,35,-2.0,6.162347039294396,15.377283932913436,7.0,5,42,7,4,-33.449536371890616,45.77423045047941
2015-03-16 09:30:00,35,5.0,4.189882199783298,15.377283932913436,15.0,5,42,7,4,-35.422001211401714,43.80176561096831
2015-03-16 10:30:00,35,11.0,-17.29492456559158,15.377283932913436,1.0,5,42,7,4,-56.90680797677659,22.316958845593433
2015-03-16 11:30:00,35,19.0,0.5432825038169184,15.377283932913436,-10.0,5,42,7,4,-39.06860090736809,40.15516591500193
2015-03-16 12:30:00,35,17.0,-2.420457330318566,15.377283932913436,-2.0,5,42,7,4,-42.032340741503575,37.19142608086645
2015-03-16 13:30:00,35,11.0,1.0616873348716922,15.377283932913436,5.0,5,42,7,4,-38.55019607631332,40.673570746056704
2015-03-16 14:30:00,35,7.0,1.58560869954907,15.377283932913436,11.0,5,42,7,4,-38.02627471163594,41.19749211073408
2015-03-16 15:30:00,35,12.0,7.587508548942289,15.377283932913436,19.0,5,42,7,4,-32.02437486224272,47.1993919601273
2015-03-16 16:30:00,35,17.0,6.4492067876700006,15.377283932913436,17.0,5,42,7,4,-33.16267662351501,46.06109019885501
2015-03-16 17:30:00,35,17.0,4.562660498499248,15.377283932913436,11.0,5,42,7,4,-35.049222912685764,44.17454390968426
2015-03-16 18:30:00,35,15.0,5.25019935040158,15.377283932913436,7.0,5,42,7,4,-34.36168406078343,44.86208276158659
2015-03-16 19:30:00,35,16.0,6.801130901220226,15.377283932913436,12.0,5,42,7,4,-32.810752509964786,46.41301431240524
2015-03-16 20:30:00,35,11.0,7.799158184939365,15.377283932913436,17.0,5,42,7,4,-31.812725226245647,47.41104159612438
2015-03-16 21:30:00,35,9.0,8.300848936289398,15.377283932913436,17.0,5,42,7,4,-31.311034474895614,47.91273234747441
2015-03-16 22:30:00,35,6.0,7.098374458274243,15.377283932913436,15.0,5,42,7,4,-32.51350895291077,46.710257869459255
2015-03-16 23:30:00,35,3.0,6.577894164000924,15.377283932913436,16.0,5,42,7,4,-33.03398924718409,46.189777575185936
2015-03-17 00:30:00,35,4.0,3.745179037036849,15.377283932913436,11.0,5,42,7,4,-35.86670437414816,43.35706244822186
2015-03-17 01:30:00,35,3.0,2.5350952486187595,15.377283932913436,9.0,5,42,7,4,-37.07678816256625,42.14697865980377
2015-03-17 02:30:00,35,3.0,1.9868504938336928,15.377283932913436,6.0,5,42,7,4,-37.62503291735132,41.598733905018705
2015-03-17 03:30:00,35,2.0,-1.5113827986419572,15.377283932913436,3.0,5,42,7,4,-41.123266209826966,38.10050061254306
2015-03-17 04:30:00,35,13.0,-1.4493656203408811,15.377283932913436,4.0,5,42,7,4,-41.06124903152589,38.162517790844134
2015-03-17 05:30:00,35,45.0,-2.7632052561246283,15.377283932913436,3.0,5,42,7,4,-42.37508866730964,36.848678155060384
2015-03-17 06:30:00,35,25.0,-5.469076901087508,15.377283932913436,3.0,5,42,7,4,-45.08096031227252,34.1428065100975
2015-03-17 07:30:00,35,-18.0,-4.580748344815497,15.377283932913436,2.0,5,42,7,4,-44.19263175600051,35.031135066369515
2015-03-17 08:30:00,35,-54.0,2.915876741268171,15.377283932913436,13.0,5,42,7,4,-36.69600666991684,42.52776015245318
2015-03-17 09:30:00,35,-83.0,8.666887931081924,15.377283932913436,45.0,5,42,7,4,-30.94499548010309,48.278771342266936
2015-03-17 10:30:00,35,-75.0,-10.631372885452098,15.377283932913436,25.0,5,42,7,4,-50.243256296637114,28.980510525732914
2015-03-17 11:30:00,35,-54.0,-56.41819724859066,15.377283932913436,-18.0,5,42,7,4,-96.03008065977568,-16.806313837405646
2015-03-17 12:30:00,35,-55.0,-120.53794314918744,15.377283932913436,-54.0,5,42,7,4,-160.14982656037245,-80.92605973800244
2015-03-17 13:30:00,35,-75.0,-106.39893545853492,15.377283932913436,-83.0,5,42,7,4,-146.01081886971994,-66.7870520473499
2015-03-17 14:30:00,35,-93.0,-77.36420488922985,15.377283932913436,-75.0,5,42,7,4,-116.97608830041486,-37.75232147804484
2015-03-17 15:30:00,35,-118.0,-67.17126957267709,15.377283932913436,-54.0,5,42,7,4,-106.7831529838621,-27.55938616149208
2015-03-17 16:30:00,35,-143.0,-86.5111716694907,15.377283932913436,-55.0,5,42,7,4,-126.1230550806757,-46.89928825830568
2015-03-17 17:30:00,35,-162.0,-98.71294761885731,15.377283932913436,-75.0,5,42,7,4,-138.32483103004233,-59.1010642076723
2015-03-17 18:30:00,35,-154.0,-125.1515398977702,15.377283932913436,-93.0,5,42,7,4,-164.76342330895523,-85.53965648658519
2015-03-17 19:30:00,35,-177.0,-132.10343704630566,15.377283932913436,-118.0,5,42,7,4,-171.71532045749066,-92.49155363512065
2015-03-17 20:30:00,35,-182.0,-137.21073000908586,15.377283932913436,-143.0,5,42,7,4,-176.82261342027087,-97.59884659790086
2015-03-17 21:30:00,35,-198.0,-142.2030436080756,15.377283932913436,-162.0,5,42,7,4,-181.8149270192606,-102.5911601968906
2015-03-17 22:30:00,35,-234.0,-126.03131988291264,15.377283932913436,-154.0,5,42,7,4,-165.64320329409765,-86.41943647172764
2015-03-17 23:30:00,35,-225.0,-135.00072310193357,15.377283932913436,-177.0,5,42,7,4,-174.61260651311858,-95.38883969074857
2015-03-18 00:30:00,35,-200.0,-136.61536856010787,15.377283932913436,-182.0,5,42,7,4,-176.22725197129287,-97.00348514892286
2015-03-18 01:30:00,35,-189.0,-145.264263123431,15.377283932913436,-198.0,5,42,7,4,-184.876146534616,-105.65237971224599
2015-03-18 02:30:00,35,-172.0,-162.07985224090265,15.377283932913436,-234.0,5,42,7,4,-201.69173565208766,-122.46796882971765
2015-03-18 03:30:00,35,-155.0,-159.44081527280653,15.377283932913436,-225.0,5,42,7,4,-199.05269868399154,-119.82893186162153
2015-03-18 04:30:00,35,-148.0,-143.50681540768346,15.377283932913436,-200.0,5,42,7,4,-183.11869881886847,-103.89493199649846
2015-03-18 05:30:00,35,-136.0,-139.2180297349012,15.377283932913436,-189.0,5,42,7,4,-178.8299131460862,-99.60614632371619
2015-03-18 06:30:00,35,-133.0,-128.43114402465562,15.377283932913436,-172.0,5,42,7,4,-168.04302743584063,-88.81926061347062
2015-03-18 07:30:00,35,-124.0,-121.42491691925004,15.377283932913436,-155.0,5,42,7,4,-161.03680033043506,-81.81303350806502
2015-03-18 08:30:00,35,-123.0,-115.93471722411176,15.377283932913436,-148.0,5,42,7,4,-155.54660063529678,-76.32283381292675
2015-03-18 09:30:00,35,-117.0,-110.06364514012468,15.377283932913436,-136.0,5,42,7,4,-149.6755285513097,-70.45176172893966
2015-03-18 10:30:00,35,-111.0,-105.03512888344996,15.377283932913436,-133.0,5,42,7,4,-144.64701229463498,-65.42324547226494
2015-03-18 11:30:00,35,-99.0,-103.86744167944414,15.377283932913436,-124.0,5,42,7,4,-143.47932509062915,-64.25555826825914
2015-03-18 12:30:00,35,-97.0,-103.19663205661313,15.377283932913436,-123.0,5,42,7,4,-142.80851546779814,-63.584748645428114
2015-03-18 13:30:00,35,-91.0,-100.63730672695873,15.377283932913436,-117.0,5,42,7,4,-140.24919013814375,-61.025423315773715
2015-03-18 14:30:00,35,-88.0,-97.12830656325022,15.377283932913436,-111.0,5,42,7,4,-136.74018997443522,-57.51642315206521
2015-03-18 15:30:00,35,-91.0,-90.43913838635751,15.377283932913436,-99.0,5,42,7,4,-130.05102179754252,-50.8272549751725
2015-03-18 16:30:00,35,-86.0,-86.54678133768464,15.377283932913436,-97.0,5,42,7,4,-126.15866474886965,-46.93489792649962
2015-03-18 17:30:00,35,-82.0,-82.40065075720045,15.377283932913436,-91.0,5,42,7,4,-122.01253416838546,-42.78876734601544
2015-03-18 18:30:00,35,-88.0,-85.82170235544973,15.377283932913436,-88.0,5,42,7,4,-125.43358576663474,-46.20981894426472
2015-03-18 19:30:00,35,-94.0,-83.47834206706641,15.377283932913436,-91.0,5,42,7,4,-123.09022547825143,-43.866458655881395
2015-03-18 20:30:00,35,-95.0,-76.08210966897235,15.377283932913436,-86.0,5,42,7,4,-115.69399308015736,-36.47022625778734
2015-03-18 21:30:00,35,-94.0,-75.21294722559239,15.377283932913436,-82.0,5,42,7,4,-114.82483063677739,-35.601063814407375
2015-03-18 22:30:00,35,-94.0,-82.49358995684318,15.377283932913436,-88.0,5,42,7,4,-122.10547336802819,-42.88170654565817
2015-03-18 23:30:00,35,-93.0,-82.31251607095209,15.377283932913436,-94.0,5,42,7,4,-121.92439948213709,-42.700632659767074
2015-03-19 00:30:00,35,-99.0,-83.03959044118233,15.377283932913436,-95.0,5,42,7,4,-122.65147385236733,-43.427707029997315
2015-03-19 01:30:00,35,-94.0,-84.89597217733939,15.377283932913436,-94.0,5,42,7,4,-124.5078555885244,-45.284088766154376
2015-03-19 02:30:00,35,-86.0,-87.0239128016477,15.377283932913436,-94.0,5,42,7,4,-126.6357962128327,-47.412029390462685
2015-03-19 03:30:00,35,-81.0,-86.55701798108791,15.377283932913436,-93.0,5,42,7,4,-126.16890139227291,-46.9451345699029
2015-03-19 04:30:00,35,-86.0,-86.98029561112983,15.377283932913436,-99.0,5,42,7,4,-126.59217902231484,-47.36841219994482
2015-03-19 05:30:00,35,-84.0,-84.11579711312551,15.377283932913436,-94.0,5,42,7,4,-123.72768052431053,-44.5039137019405
2015-03-19 06:30:00,35,-81.0,-79.25190253025907,15.377283932913436,-86.0,5,42,7,4,-118.86378594144409,-39.64001911907406
2015-03-19 07:30:00,35,-73.0,-75.17206124944553,15.377283932913436,-81.0,5,42,7,4,-114.78394466063054,-35.56017783826052
2015-03-19 08:30:00,35,-71.0,-75.96597462493298,15.377283932913436,-86.0,5,42,7,4,-115.57785803611799,-36.35409121374797
2015-03-19 09:30:00,35,-76.0,-72.31602475476188,15.377283932913436,-84.0,5,42,7,4,-111.92790816594689,-32.70414134357687
2015-03-19 10:30:00,35,-75.0,-72.41252621974112,15.377283932913436,-81.0,5,42,7,4,-112.02440963092613,-32.80064280855611
2015-03-19 11:30:00,35,-76.0,-68.51607451370694,15.377283932913436,-73.0,5,42,7,4,-108.12795792489194,-28.904191102521928
2015-03-19 12:30:00,35,-77.0,-70.1049790339027,15.377283932913436,-71.0,5,42,7,4,-109.71686244508771,-30.493095622717682
2015-03-19 13:30:00,35,-83.0,-71.48820709691597,15.377283932913436,-76.0,5,42,7,4,-111.10009050810098,-31.87632368573096
2015-03-19 14:30:00,35,-84.0,-68.14959402308898,15.377283932913436,-75.0,5,42,7,4,-107.76147743427398,-28.537710611903968
2015-03-19 15:30:00,35,-80.0,-74.38227715844297,15.377283932913436,-76.0,5,42,7,4,-113.99416056962798,-34.77039374725796
2015-03-19 16:30:00,35,-73.0,-70.81899897854973,15.377283932913436,-77.0,5,42,7,4,-110.43088238973473,-31.207115567364717
2015-03-19 17:30:00,35,-72.0,-74.26522882401963,15.377283932913436,-83.0,5,42,7,4,-113.87711223520463,-34.65334541283462
2015-03-19 18:30:00,35,-71.0,-71.35284967090875,15.377283932913436,-84.0,5,42,7,4,-110.96473308209377,-31.74096625972374
2015-03-19 19:30:00,35,-70.0,-66.5961303638598,15.377283932913436,-80.0,5,42,7,4,-106.2080137750448,-26.984246952674788
2015-03-19 20:30:00,35,-71.0,-64.31639741502325,15.377283932913436,-73.0,5,42,7,4,-103.92828082620827,-24.704514003838234
2015-03-19 21:30:00,35,-69.0,-65.76314460782214,15.377283932913436,-72.0,5,42,7,4,-105.37502801900715,-26.15126119663713
2015-03-19 22:30:00,35,-65.0,-64.5235217188097,15.377283932913436,-71.0,5,42,7,4,-104.13540512999472,-24.911638307624692
2015-03-19 23:30:00,35,-70.0,-63.98030438952692,15.377283932913436,-70.0,5,42,7,4,-103.59218780071194,-24.36842097834191
2015-03-20 00:30:00,35,-75.0,-68.08567668138238,15.377283932913436,-71.0,5,42,7,4,-107.69756009256739,-28.47379327019737
2015-03-20 01:30:00,35,-81.0,-64.26458874558753,15.377283932913436,-69.0,5,42,7,4,-103.87647215677254,-24.65270533440252
2015-03-20 02:30:00,35,-74.0,-60.77917181722059,15.377283932913436,-65.0,5,42,7,4,-100.3910552284056,-21.16728840603558
2015-03-20 03:30:00,35,-69.0,-63.04030567231345,15.377283932913436,-70.0,5,42,7,4,-102.65218908349846,-23.42842226112844
2015-03-20 04:30:00,35,-65.0,-69.50483038509213,15.377283932913436,-75.0,5,42,7,4,-109.11671379627714,-29.892946973907122
2015-03-20 05:30:00,35,-64.0,-69.26200335271713,15.377283932913436,-81.0,5,42,7,4,-108.87388676390214,-29.650119941532118
2015-03-20 06:30:00,35,-71.0,-67.40164815413124,15.377283932913436,-74.0,5,42,7,4,-107.01353156531624,-27.789764742946225
2015-03-20 07:30:00,35,-68.0,-64.80293447142407,15.377283932913436,-69.0,5,42,7,4,-104.41481788260907,-25.191051060239054
2015-03-20 08:30:00,35,-63.0,-61.73346937227029,15.377283932913436,-65.0,5,42,7,4,-101.3453527834553,-22.12158596108528
2015-03-20 09:30:00,35,-61.0,-63.183300543261495,15.377283932913436,-64.0,5,42,7,4,-102.79518395444651,-23.571417132076483
2015-03-20 10:30:00,35,-62.0,-59.143178737369794,15.377283932913436,-71.0,5,42,7,4,-98.7550621485548,-19.531295326184782
2015-03-20 11:30:00,35,-65.0,-60.70514984801932,15.377283932913436,-68.0,5,42,7,4,-100.31703325920432,-21.093266436834305
2015-03-20 12:30:00,35,-58.0,-59.34417404028562,15.377283932913436,-63.0,5,42,7,4,-98.95605745147063,-19.73229062910061
2015-03-20 13:30:00,35,-57.0,-59.2402688634496,15.377283932913436,-61.0,5,42,7,4,-98.85215227463462,-19.628385452264588
2015-03-20 14:30:00,35,-55.0,-57.40000605331105,15.377283932913436,-62.0,5,42,7,4,-97.01188946449606,-17.78812264212604
2015-03-20 15:30:00,35,-56.0,-56.037740385224645,15.377283932913436,-65.0,5,42,7,4,-95.64962379640966,-16.425856974039633
2015-03-20 16:30:00,35,-62.0,-54.4472343605641,15.377283932913436,-58.0,5,42,7,4,-94.05911777174911,-14.835350949379091
2015-03-20 17:30:00,35,-66.0,-52.59312935778131,15.377283932913436,-57.0,5,42,7,4,-92.20501276896633,-12.981245946596296
2015-03-20 18:30:00,35,-64.0,-52.79110127997106,15.377283932913436,-55.0,5,42,7,4,-92.40298469115606,-13.179217868786047
2015-03-20 19:30:00,35,-60.0,-53.08274173559356,15.377283932913436,-56.0,5,42,7,4,-92.69462514677858,-13.470858324408546
2015-03-20 20:30:00,35,-59.0,-57.80659773818613,15.377283932913436,-62.0,5,42,7,4,-97.41848114937113,-18.194714327001115
2015-03-20 21:30:00,35,-56.0,-57.96625041976314,15.377283932913436,-66.0,5,42,7,4,-97.57813383094816,-18.35436700857813
2015-03-20 22:30:00,35,-56.0,-55.97442468978996,15.377283932913436,-64.0,5,42,7,4,-95.58630810097497,-16.36254127860495
2015-03-20 23:30:00,35,-65.0,-56.97310556046635,15.377283932913436,-60.0,5,42,7,4,-96.58498897165137,-17.36122214928134
2015-03-21 00:30:00,35,-69.0,-53.98180686436528,15.377283932913436,-59.0,5,42,7,4,-93.5936902755503,-14.36992345318027
2015-03-21 01:30:00,35,-65.0,-54.30761346996822,15.377283932913436,-56.0,5,42,7,4,-93.91949688115324,-14.695730058783205
2015-03-21 02:30:00,35,-64.0,-56.339699723668886,15.377283932913436,-56.0,5,42,7,4,-95.9515831348539,-16.727816312483874
2015-03-21 03:30:00,35,-58.0,-61.31069383552002,15.377283932913436,-65.0,5,42,7,4,-100.92257724670503,-21.698810424335008
2015-03-21 04:30:00,35,-48.0,-62.30447063982183,15.377283932913436,-69.0,5,42,7,4,-101.91635405100683,-22.692587228636818
2015-03-21 05:30:00,35,-46.0,-57.90215561404828,15.377283932913436,-65.0,5,42,7,4,-97.5140390252333,-18.29027220286327
2015-03-21 06:30:00,35,-49.0,-57.34133688501946,15.377283932913436,-64.0,5,42,7,4,-96.95322029620448,-17.729453473834447
2015-03-21 07:30:00,35,-46.0,-53.9860551795874,15.377283932913436,-58.0,5,42,7,4,-93.59793859077242,-14.374171768402391
2015-03-21 08:30:00,35,-45.0,-50.25840745462931,15.377283932913436,-48.0,5,42,7,4,-89.87029086581433,-10.646524043444295
2015-03-21 09:30:00,35,-44.0,-48.66391822866143,15.377283932913436,-46.0,5,42,7,4,-88.27580163984643,-9.052034817476418
2015-03-21 10:30:00,35,-50.0,-49.51323933023989,15.377283932913436,-49.0,5,42,7,4,-89.1251227414249,-9.901355919054879
2015-03-21 11:30:00,35,-48.0,-48.70036868669939,15.377283932913436,-46.0,5,42,7,4,-88.3122520978844,-9.08848527551438
2015-03-21 12:30:00,35,-46.0,-46.62529177699783,15.377283932913436,-45.0,5,42,7,4,-86.23717518818285,-7.013408365812815
2015-03-21 13:30:00,35,-45.0,-46.02992058914132,15.377283932913436,-44.0,5,42,7,4,-85.64180400032633,-6.4180371779563075
2015-03-21 14:30:00,35,-46.0,-46.88249122984662,15.377283932913436,-50.0,5,42,7,4,-86.49437464103164,-7.27060781866161
2015-03-21 15:30:00,35,-46.0,-46.6790060203271,15.377283932913436,-48.0,5,42,7,4,-86.29088943151211,-7.067122609142089
2015-03-21 16:30:00,35,-46.0,-45.33394137587055,15.377283932913436,-46.0,5,42,7,4,-84.94582478705556,-5.72205796468554
2015-03-21 17:30:00,35,-44.0,-44.79244674598501,15.377283932913436,-45.0,5,42,7,4,-84.40433015717002,-5.180563334799999
2015-03-21 18:30:00,35,-44.0,-44.15132122482824,15.377283932913436,-46.0,5,42,7,4,-83.76320463601326,-4.539437813643225
2015-03-21 19:30:00,35,-44.0,-44.16271030218759,15.377283932913436,-46.0,5,42,7,4,-83.77459371337261,-4.550826891002579
2015-03-21 20:30:00,35,-47.0,-44.0409818955952,15.377283932913436,-46.0,5,42,7,4,-83.65286530678021,-4.42909848441019
2015-03-21 21:30:00,35,-40.0,-42.31144418248814,15.377283932913436,-44.0,5,42,7,4,-81.92332759367315,-2.699560771303126
2015-03-21 22:30:00,35,-43.0,-42.23511842747232,15.377283932913436,-44.0,5,42,7,4,-81.84700183865733,-2.6232350162873104
2015-03-21 23:30:00,35,-41.0,-42.30170313979086,15.377283932913436,-44.0,5,42,7,4,-81.91358655097588,-2.6898197286058476
2015-03-22 00:30:00,35,-39.0,-42.91668680580409,15.377283932913436,-47.0,5,42,7,4,-82.5285702169891,-3.3048033946190785
2015-03-22 01:30:00,35,-42.0,-39.61882282277611,15.377283932913436,-40.0,5,42,7,4,-79.23070623396112,-0.006939411591098121
2015-03-22 02:30:00,35,-36.0,-39.93649421853699,15.377283932913436,-43.0,5,42,7,4,-79.54837762972201,-0.32461080735198067
2015-03-22 03:30:00,35,-33.0,-38.65861268637805,15.377283932913436,-41.0,5,42,7,4,-78.27049609756307,0.9532707248069627
2015-03-22 04:30:00,35,-40.0,-38.24582545162925,15.377283932913436,-39.0,5,42,7,4,-77.85770886281426,1.3660579595557607
2015-03-22 05:30:00,35,-43.0,-39.60732986404608,15.377283932913436,-42.0,5,42,7,4,-79.21921327523108,0.004553547138932856
2015-03-22 06:30:00,35,-45.0,-38.29159385219845,15.377283932913436,-36.0,5,42,7,4,-77.90347726338346,1.320289558986559
2015-03-22 07:30:00,35,-56.0,-40.925791679776665,15.377283932913436,-33.0,5,42,7,4,-80.53767509096167,-1.3139082685916534
2015-03-22 08:30:00,35,-50.0,-41.58703826496748,15.377283932913436,-40.0,5,42,7,4,-81.1989216761525,-1.9751548537824704
2015-03-22 09:30:00,35,-50.0,-41.77136385418063,15.377283932913436,-43.0,5,42,7,4,-81.38324726536564,-2.1594804429956156
2015-03-22 10:30:00,35,-45.0,-50.15956757671197,15.377283932913436,-45.0,5,42,7,4,-89.77145098789698,-10.54768416552696
2015-03-22 11:30:00,35,-33.0,-52.681612479460526,15.377283932913436,-56.0,5,42,7,4,-92.29349589064554,-13.069729068275514
2015-03-22 12:30:00,35,-41.0,-45.23211599064352,15.377283932913436,-50.0,5,42,7,4,-84.84399940182854,-5.620232579458509
2015-03-22 13:30:00,35,-48.0,-49.2085184786915,15.377283932913436,-50.0,5,42,7,4,-88.8204018898765,-9.59663506750649
2015-03-22 14:30:00,35,-55.0,-45.61545664414375,15.377283932913436,-45.0,5,42,7,4,-85.22734005532877,-6.003573232958736
2015-03-22 15:30:00,35,-51.0,-40.86969844484886,15.377283932913436,-33.0,5,42,7,4,-80.48158185603387,-1.2578150336638458
2015-03-22 16:30:00,35,-49.0,-43.67593951270271,15.377283932913436,-41.0,5,42,7,4,-83.28782292388772,-4.0640561015177
2015-03-22 17:30:00,35,-52.0,-44.73696543725642,15.377283932913436,-48.0,5,42,7,4,-84.34884884844143,-5.125082026071411
2015-03-22 18:30:00,35,-54.0,-47.530793222361794,15.377283932913436,-55.0,5,42,7,4,-87.14267663354681,-7.918909811176782
2015-03-22 19:30:00,35,-52.0,-46.268021019149984,15.377283932913436,-51.0,5,42,7,4,-85.87990443033499,-6.656137607964972
2015-03-22 20:30:00,35,-47.0,-45.70365300995596,15.377283932913436,-49.0,5,42,7,4,-85.31553642114096,-6.091769598770945
2015-03-22 21:30:00,35,-46.0,-46.55070819913627,15.377283932913436,-52.0,5,42,7,4,-86.16259161032127,-6.938824787951255
2015-03-22 22:30:00,35,-45.0,-46.62594644605269,15.377283932913436,-54.0,5,42,7,4,-86.2378298572377,-7.014063034867675
2015-03-22 23:30:00,35,-44.0,-45.57458365316824,15.377283932913436,-52.0,5,42,7,4,-85.18646706435325,-5.962700241983228
2015-03-23 00:30:00,35,-40.0,-43.2495724939804,15.377283932913436,-47.0,5,42,7,4,-82.86145590516541,-3.63768908279539
2015-03-23 01:30:00,35,-45.0,-40.964037878800646,15.377283932913436,-46.0,5,42,7,4,-80.57592128998566,-1.3521544676156338
2015-03-23 02:30:00,35,-46.0,-39.41800823016137,15.377283932913436,-45.0,5,42,7,4,-79.02989164134638,0.19387518102364254
2015-03-23 03:30:00,35,-47.0,-38.56720681905061,15.377283932913436,-44.0,5,42,7,4,-78.17909023023563,1.044676592134401
2015-03-23 04:30:00,35,-50.0,-38.72969676056454,15.377283932913436,-40.0,5,42,7,4,-78.34158017174956,0.8821866506204685
2015-03-23 05:30:00,35,-47.0,-44.64408358878711,15.377283932913436,-45.0,5,42,7,4,-84.25596699997212,-5.0322001776021
2015-03-23 06:30:00,35,-44.0,-43.03088273092395,15.377283932913436,-46.0,5,42,7,4,-82.64276614210897,-3.418999319738937
2015-03-23 07:30:00,35,-46.0,-43.1550783200702,15.377283932913436,-47.0,5,42,7,4,-82.76696173125521,-3.543194908885191
2015-03-23 08:30:00,35,-47.0,-46.1072732547903,15.377283932913436,-50.0,5,42,7,4,-85.7191566659753,-6.495389843605288
2015-03-23 09:30:00,35,-44.0,-41.83435492033191,15.377283932913436,-47.0,5,42,7,4,-81.44623833151692,-2.2224715091468994
2015-03-23 10:30:00,35,-46.0,-40.6605890329944,15.377283932913436,-44.0,5,42,7,4,-80.27247244417941,-1.0487056218093898
2015-03-23 11:30:00,35,-42.0,-42.373605279771525,15.377283932913436,-46.0,5,42,7,4,-81.98548869095654,-2.7617218685865126
2015-03-23 12:30:00,35,-36.0,-44.515157068884086,15.377283932913436,-47.0,5,42,7,4,-84.1270404800691,-4.903273657699074
2015-03-23 13:30:00,35,-35.0,-44.08070028841941,15.377283932913436,-44.0,5,42,7,4,-83.69258369960443,-4.468816877234396
2015-03-23 14:30:00,35,-32.0,-43.86750649913095,15.377283932913436,-46.0,5,42,7,4,-83.47938991031596,-4.255623087945935
2015-03-23 15:30:00,35,-37.0,-41.88406432040162,15.377283932913436,-42.0,5,42,7,4,-81.49594773158663,-2.2721809092166083
2015-03-23 16:30:00,35,-39.0,-39.430038991404246,15.377283932913436,-36.0,5,42,7,4,-79.04192240258925,0.1818444197807665
2015-03-23 17:30:00,35,-35.0,-39.26253352746175,15.377283932913436,-35.0,5,42,7,4,-78.87441693864676,0.3493498837232636
2015-03-23 18:30:00,35,-36.0,-37.47111552140145,15.377283932913436,-32.0,5,42,7,4,-77.08299893258646,2.140767889783561
2015-03-23 19:30:00,35,-37.0,-35.24223872557821,15.377283932913436,-37.0,5,42,7,4,-74.85412213676322,4.369644685606801
2015-03-23 20:30:00,35,-40.0,-34.62880786963726,15.377283932913436,-39.0,5,42,7,4,-74.24069128082226,4.9830755415477554
2015-03-23 21:30:00,35,-50.0,-33.39983904318167,15.377283932913436,-35.0,5,42,7,4,-73.01172245436669,6.21204436800334
2015-03-23 22:30:00,35,-47.0,-33.5002570590185,15.377283932913436,-36.0,5,42,7,4,-73.11214047020351,6.11162635216651
2015-03-23 23:30:00,35,-47.0,-35.29674398226137,15.377283932913436,-37.0,5,42,7,4,-74.90862739344638,4.3151394289236435
2015-03-24 00:30:00,35,-48.0,-39.33718473642402,15.377283932913436,-40.0,5,42,7,4,-78.94906814760904,0.27469867476099097
2015-03-24 01:30:00,35,-48.0,-40.91845505797178,15.377283932913436,-50.0,5,42,7,4,-80.53033846915679,-1.3065716467867645
2015-03-24 02:30:00,35,-45.0,-42.219214838878464,15.377283932913436,-47.0,5,42,7,4,-81.83109825006348,-2.6073314276934525
2015-03-24 03:30:00,35,-40.0,-41.17905554361302,15.377283932913436,-47.0,5,42,7,4,-80.79093895479804,-1.5671721324280057
2015-03-24 04:30:00,35,-34.0,-41.841808408678816,15.377283932913436,-48.0,5,42,7,4,-81.45369181986382,-2.2299249974938036
2015-03-24 05:30:00,35,-33.0,-42.07472775532438,15.377283932913436,-48.0,5,42,7,4,-81.6866111665094,-2.46284434413937
2015-03-24 06:30:00,35,-32.0,-40.68624178001761,15.377283932913436,-45.0,5,42,7,4,-80.29812519120262,-1.0743583688325984
2015-03-24 07:30:00,35,-29.0,-37.95484453450085,15.377283932913436,-40.0,5,42,7,4,-77.56672794568587,1.6570388766841617
2015-03-24 08:30:00,35,-30.0,-35.450399137827524,15.377283932913436,-34.0,5,42,7,4,-75.06228254901254,4.1614842733574875
2015-03-24 09:30:00,35,-29.0,-33.49526862284578,15.377283932913436,-33.0,5,42,7,4,-73.10715203403079,6.116614788339234
2015-03-24 10:30:00,35,-26.0,-31.72956213523521,15.377283932913436,-32.0,5,42,7,4,-71.34144554642022,7.882321275949803
2015-03-24 11:30:00,35,-31.0,-30.53707514764832,15.377283932913436,-29.0,5,42,7,4,-70.14895855883333,9.074808263536692
2015-03-24 12:30:00,35,-32.0,-30.214435300704963,15.377283932913436,-30.0,5,42,7,4,-69.82631871188997,9.397448110480049
2015-03-24 13:30:00,35,-30.0,-29.62855897833916,15.377283932913436,-29.0,5,42,7,4,-69.24044238952418,9.983324432845851
2015-03-24 14:30:00,35,-28.0,-29.01520116398697,15.377283932913436,-26.0,5,42,7,4,-68.62708457517198,10.596682247198043
2015-03-24 15:30:00,35,-26.0,-31.60461935768833,15.377283932913436,-31.0,5,42,7,4,-71.21650276887334,8.007264053496684
2015-03-24 16:30:00,35,-33.0,-31.219647983087807,15.377283932913436,-32.0,5,42,7,4,-70.83153139427282,8.392235428097205
2015-03-24 17:30:00,35,-34.0,-30.954597371019936,15.377283932913436,-30.0,5,42,7,4,-70.56648078220495,8.657286040165076
2015-03-24 18:30:00,35,-31.0,-30.23183164295366,15.377283932913436,-28.0,5,42,7,4,-69.84371505413867,9.38005176823135
2015-03-24 19:30:00,35,-31.0,-31.440683463241243,15.377283932913436,-26.0,5,42,7,4,-71.05256687442625,8.17119994794377
2015-03-24 20:30:00,35,-28.0,-33.702760501664585,15.377283932913436,-33.0,5,42,7,4,-73.31464391284959,5.909122909520427
2015-03-24 21:30:00,35,-28.0,-31.27107386049349,15.377283932913436,-34.0,5,42,7,4,-70.8829572716785,8.340809550691521
2015-03-24 22:30:00,35,-34.0,-29.869420921451955,15.377283932913436,-31.0,5,42,7,4,-69.48130433263697,9.742462489733057
2015-03-24 23:30:00,35,-34.0,-27.709707206030675,15.377283932913436,-31.0,5,42,7,4,-67.32159061721569,11.902176205154337
2015-03-25 00:30:00,35,-30.0,-27.03465305531917,15.377283932913436,-28.0,5,42,7,4,-66.64653646650419,12.577230355865844
2015-03-25 01:30:00,35,-30.0,-27.73940321077865,15.377283932913436,-28.0,5,42,7,4,-67.35128662196367,11.872480200406361
2015-03-25 02:30:00,35,-36.0,-30.33575954383952,15.377283932913436,-34.0,5,42,7,4,-69.94764295502453,9.276123867345493
2015-03-25 03:30:00,35,-34.0,-30.525491292718925,15.377283932913436,-34.0,5,42,7,4,-70.13737470390393,9.086392118466087
2015-03-25 04:30:00,35,-32.0,-29.383807164838,15.377283932913436,-30.0,5,42,7,4,-68.99569057602301,10.228076246347012
2015-03-25 05:30:00,35,-34.0,-31.58018424100227,15.377283932913436,-30.0,5,42,7,4,-71.19206765218729,8.03169917018274
2015-03-25 06:30:00,35,-33.0,-32.459306175534806,15.377283932913436,-36.0,5,42,7,4,-72.07118958671981,7.152577235650206
2015-03-25 07:30:00,35,-32.0,-32.033526330028856,15.377283932913436,-34.0,5,42,7,4,-71.64540974121387,7.578357081156156
2015-03-25 08:30:00,35,-31.0,-32.742263812292826,15.377283932913436,-32.0,5,42,7,4,-72.35414722347784,6.869619598892186
2015-03-25 09:30:00,35,-28.0,-32.79873551086019,15.377283932913436,-34.0,5,42,7,4,-72.4106189220452,6.813147900324822
2015-03-25 10:30:00,35,-17.0,-31.602185449636025,15.377283932913436,-33.0,5,42,7,4,-71.21406886082104,8.009697961548987
2015-03-25 11:30:00,35,-13.0,-29.787904885243343,15.377283932913436,-32.0,5,42,7,4,-69.39978829642835,9.82397852594167
2015-03-25 12:30:00,35,-5.0,-29.173563985211256,15.377283932913436,-31.0,5,42,7,4,-68.78544739639626,10.438319425973756
2015-03-25 13:30:00,35,-5.0,-27.9553141471692,15.377283932913436,-28.0,5,42,7,4,-67.56719755835421,11.656569264015811
2015-03-25 14:30:00,35,-4.0,-24.630453992933525,15.377283932913436,-17.0,5,42,7,4,-64.24233740411853,14.981429418251487
2015-03-25 15:30:00,35,-12.0,-23.28092082639094,15.377283932913436,-13.0,5,42,7,4,-62.89280423757595,16.330962584794072
2015-03-25 16:30:00,35,-22.0,-22.62343723564356,15.377283932913436,-5.0,5,42,7,4,-62.23532064682857,16.98844617554145
2015-03-25 17:30:00,35,-17.0,-22.66874574472795,15.377283932913436,-5.0,5,42,7,4,-62.28062915591296,16.943137666457062
2015-03-25 18:30:00,35,-17.0,-25.55746104622525,15.377283932913436,-4.0,5,42,7,4,-65.16934445741026,14.054422364959763
2015-03-25 19:30:00,35,-22.0,-27.76428063486335,15.377283932913436,-12.0,5,42,7,4,-67.37616404604836,11.847602776321661
2015-03-25 20:30:00,35,-28.0,-27.11809793051999,15.377283932913436,-22.0,5,42,7,4,-66.729981341705,12.493785480665021
2015-03-25 21:30:00,35,-32.0,-22.98655997737353,15.377283932913436,-17.0,5,42,7,4,-62.59844338855854,16.62532343381148
2015-03-25 22:30:00,35,-33.0,-23.720399621869845,15.377283932913436,-17.0,5,42,7,4,-63.33228303305486,15.891483789315167
2015-03-25 23:30:00,35,-31.0,-26.44812801543536,15.377283932913436,-22.0,5,42,7,4,-66.06001142662038,13.163755395749654
2015-03-26 00:30:00,35,-29.0,-27.033047222463946,15.377283932913436,-28.0,5,42,7,4,-66.64493063364895,12.578836188721066
2015-03-26 01:30:00,35,-25.0,-26.76848517746759,15.377283932913436,-32.0,5,42,7,4,-66.3803685886526,12.843398233717423
2015-03-26 02:30:00,35,-25.0,-27.81749278490096,15.377283932913436,-33.0,5,42,7,4,-67.42937619608597,11.794390626284052
2015-03-26 03:30:00,35,-23.0,-28.099190386621675,15.377283932913436,-31.0,5,42,7,4,-67.71107379780669,11.512693024563337
2015-03-26 04:30:00,35,-23.0,-27.041562248567573,15.377283932913436,-29.0,5,42,7,4,-66.65344565975258,12.57032116261744
2015-03-26 05:30:00,35,-26.0,-23.899589575819583,15.377283932913436,-25.0,5,42,7,4,-63.511472987004595,15.71229383536543
2015-03-26 06:30:00,35,-27.0,-22.77968780233052,15.377283932913436,-25.0,5,42,7,4,-62.39157121351553,16.83219560885449
2015-03-26 07:30:00,35,-21.0,-21.035898322633308,15.377283932913436,-23.0,5,42,7,4,-60.64778173381832,18.575985088551704
2015-03-26 08:30:00,35,-18.0,-21.54886344899588,15.377283932913436,-23.0,5,42,7,4,-61.16074686018089,18.06301996218913
2015-03-26 09:30:00,35,-15.0,-22.1220776061626,15.377283932913436,-26.0,5,42,7,4,-61.73396101734761,17.489805805022414
2015-03-26 10:30:00,35,-15.0,-21.98229223672979,15.377283932913436,-27.0,5,42,7,4,-61.5941756479148,17.62959117445522
2015-03-26 11:30:00,35,-10.0,-18.41233967876979,15.377283932913436,-21.0,5,42,7,4,-58.0242230899548,21.199543732415222
2015-03-26 12:30:00,35,-9.0,-16.935932190444092,15.377283932913436,-18.0,5,42,7,4,-56.547815601629104,22.67595122074092
2015-03-26 13:30:00,35,-13.0,-15.849104730445609,15.377283932913436,-15.0,5,42,7,4,-55.46098814163062,23.7627786807394
2015-03-26 14:30:00,35,-11.0,-15.13903877047041,15.377283932913436,-15.0,5,42,7,4,-54.750922181655426,24.4728446407146
2015-03-26 15:30:00,35,-16.0,-13.80839199458734,15.377283932913436,-10.0,5,42,7,4,-53.42027540577235,25.803491416597673
2015-03-26 16:30:00,35,-20.0,-12.896101468809832,15.377283932913436,-9.0,5,42,7,4,-52.507984879994844,26.71578194237518
2015-03-26 17:30:00,35,-20.0,-13.228889768201125,15.377283932913436,-13.0,5,42,7,4,-52.84077317938613,26.382993642983887
2015-03-26 18:30:00,35,-21.0,-12.424055863620058,15.377283932913436,-11.0,5,42,7,4,-52.035939274805074,27.187827547564954
2015-03-26 19:30:00,35,-20.0,-13.518069533855446,15.377283932913436,-16.0,5,42,7,4,-53.12995294504046,26.093813877329566
2015-03-26 20:30:00,35,-27.0,-14.687804066541917,15.377283932913436,-20.0,5,42,7,4,-54.29968747772693,24.924079344643097
2015-03-26 21:30:00,35,-30.0,-15.528117787603575,15.377283932913436,-20.0,5,42,7,4,-55.14000119878859,24.083765623581435
2015-03-26 22:30:00,35,-31.0,-16.16313270354911,15.377283932913436,-21.0,5,42,7,4,-55.77501611473412,23.448750707635902
2015-03-26 23:30:00,35,-29.0,-17.706632407973075,15.377283932913436,-20.0,5,42,7,4,-57.31851581915809,21.905251003211937
2015-03-27 00:30:00,35,-28.0,-22.212812572971018,15.377283932913436,-27.0,5,42,7,4,-61.82469598415603,17.399070838213994
2015-03-27 01:30:00,35,-29.0,-23.060261645681848,15.377283932913436,-30.0,5,42,7,4,-62.67214505686686,16.551621765503164
2015-03-27 02:30:00,35,-27.0,-25.827918359008173,15.377283932913436,-31.0,5,42,7,4,-65.43980177019318,13.783965052176839
2015-03-27 03:30:00,35,-27.0,-26.105903824873188,15.377283932913436,-29.0,5,42,7,4,-65.7177872360582,13.505979586311824
2015-03-27 04:30:00,35,-25.0,-25.80693432212908,15.377283932913436,-28.0,5,42,7,4,-65.41881773331409,13.804949089055931
2015-03-27 05:30:00,35,-30.0,-25.845355820966105,15.377283932913436,-29.0,5,42,7,4,-65.45723923215112,13.766527590218907
2015-03-27 06:30:00,35,-35.0,-25.545798198170232,15.377283932913436,-27.0,5,42,7,4,-65.15768160935525,14.06608521301478
2015-03-27 07:30:00,35,-29.0,-24.845019881993164,15.377283932913436,-27.0,5,42,7,4,-64.45690329317817,14.766863529191848
2015-03-27 08:30:00,35,-23.0,-25.396586676445043,15.377283932913436,-25.0,5,42,7,4,-65.00847008763006,14.215296734739969
2015-03-27 09:30:00,35,-27.0,-27.62820036765176,15.377283932913436,-30.0,5,42,7,4,-67.24008377883678,11.98368304353325
2015-03-27 10:30:00,35,-23.0,-26.546134678191976,15.377283932913436,-35.0,5,42,7,4,-66.15801808937698,13.065748732993036
2015-03-27 11:30:00,35,-22.0,-25.31885203033925,15.377283932913436,-29.0,5,42,7,4,-64.93073544152426,14.293031380845761
2015-03-27 12:30:00,35,-22.0,-23.98824907940945,15.377283932913436,-23.0,5,42,7,4,-63.60013249059446,15.623634331775563
2015-03-27 13:30:00,35,-23.0,-23.69925002405622,15.377283932913436,-27.0,5,42,7,4,-63.31113343524123,15.912633387128793
2015-03-27 14:30:00,35,-29.0,-23.23291140166865,15.377283932913436,-23.0,5,42,7,4,-62.844794812853664,16.37897200951636
2015-03-27 15:30:00,35,-30.0,-21.042452587865192,15.377283932913436,-22.0,5,42,7,4,-60.654335999050204,18.56943082331982
2015-03-27 16:30:00,35,-26.0,-22.475017809369863,15.377283932913436,-22.0,5,42,7,4,-62.08690122055488,17.13686560181515
2015-03-27 17:30:00,35,-23.0,-25.98251169320336,15.377283932913436,-23.0,5,42,7,4,-65.59439510438837,13.629371717981652
2015-03-27 18:30:00,35,-23.0,-25.233602216322726,15.377283932913436,-29.0,5,42,7,4,-64.84548562750774,14.378281194862286
2015-03-27 19:30:00,35,-23.0,-23.368998161465903,15.377283932913436,-30.0,5,42,7,4,-62.980881572650915,16.24288524971911
2015-03-27 20:30:00,35,-21.0,-21.526978024806542,15.377283932913436,-26.0,5,42,7,4,-61.13886143599156,18.08490538637847
2015-03-27 21:30:00,35,-20.0,-19.097158137277216,15.377283932913436,-23.0,5,42,7,4,-58.709041548462224,20.514725273907796
2015-03-27 22:30:00,35,-21.0,-19.57547341602709,15.377283932913436,-23.0,5,42,7,4,-59.1873568272121,20.03640999515792
