time,event_no,DST_true,DST_pred,sigma_nT,DST_persist,DST_p10,DST_p90,DST_p025,DST_p975,fold,L_value,L_idx,H,DST_p005,DST_p995
2001-11-15 23:30:00,15,-16.0,-16.00013404337752,0.087127645063495,,-16.14345901950697,-15.856809067248072,-16.17090422770197,-15.829363859053071,3,36,6,5,-16.224574857061086,-15.775693229693958
2001-11-16 00:30:00,15,-12.0,-12.000046525343784,0.087127645063495,,-12.143371501473233,-11.856721549214337,-12.170816709668234,-11.829276341019334,3,36,6,5,-12.224487339027347,-11.775605711660221
2001-11-16 01:30:00,15,-16.0,-15.99990408051369,0.087127645063495,,-16.14322905664314,-15.856579104384242,-16.17067426483814,-15.82913389618924,3,36,6,5,-16.224344894197255,-15.775463266830128
2001-11-16 02:30:00,15,-23.0,-22.99978755746997,0.087127645063495,,-23.14311253359942,-22.856462581340523,-23.170557741794426,-22.82901737314552,3,36,6,5,-23.224228371153533,-22.775346743786404
2001-11-16 03:30:00,15,-27.0,-26.999766717069363,0.087127645063495,,-27.14309169319881,-26.85644174093992,-27.170536901393813,-26.82899653274492,3,36,6,5,-27.224207530752928,-26.7753259033858
2001-11-16 04:30:00,15,-27.0,-26.999769958309447,0.087127645063495,-16.0,-27.143094934438896,-26.85644498218,-27.170540142633897,-26.828999773985,3,36,6,5,-27.22421077199301,-26.775329144625882
2001-11-16 05:30:00,15,-29.0,-28.999772736179253,0.087127645063495,-12.0,-29.143097712308705,-28.856447760049804,-29.170542920503703,-28.829002551854803,3,36,6,5,-29.224213549862817,-28.77533192249569
2001-11-16 06:30:00,15,-31.0,-30.99980500085967,0.087127645063495,-16.0,-31.14312997698912,-30.85648002473022,-31.17057518518412,-30.82903481653522,3,36,6,5,-31.224245814543234,-30.775364187176105
2001-11-16 07:30:00,15,-32.0,-18.94360708096368,19.418486786141195,-23.0,-50.88701784416594,12.999803682238593,-57.00384118180041,19.116627019873064,3,36,6,5,-68.9656290420634,31.078414880136037
2001-11-16 08:30:00,15,-33.0,-32.99991650187562,0.087127645063495,-27.0,-33.143241478005066,-32.85659152574617,-33.17068668620007,-32.829146317551164,3,36,6,5,-33.22435731555918,-32.77547568819205
2001-11-16 09:30:00,15,-33.0,-32.99996736399417,0.087127645063495,-27.0,-33.14329234012362,-32.856642387864724,-33.17073754831863,-32.82919717966972,3,36,6,5,-33.22440817767774,-32.77552655031061
2001-11-16 10:30:00,15,-32.0,-32.0000159763372,0.087127645063495,-29.0,-32.14334095246665,-31.85669100020776,-32.170786160661656,-31.82924579201276,3,36,6,5,-32.22445679002077,-31.775575162653638
2001-11-16 11:30:00,15,-29.0,-29.0000458517202,0.087127645063495,-31.0,-29.143370827849647,-28.85672087559075,-29.17081603604465,-28.82927566739575,3,36,6,5,-29.224486665403763,-28.775605038036634
2001-11-16 12:30:00,15,-32.0,-32.00002448991696,0.087127645063495,-32.0,-32.14334946604641,-31.85669951378751,-32.170794674241414,-31.82925430559251,3,36,6,5,-32.224465303600525,-31.775583676233396
2001-11-16 13:30:00,15,-33.0,-33.00000699705224,0.087127645063495,-33.0,-33.14333197318169,-32.85668202092279,-33.17077718137669,-32.829236812727785,3,36,6,5,-33.2244478107358,-32.775566183368674
2001-11-16 14:30:00,15,-23.0,-23.000090423311818,0.087127645063495,-33.0,-23.143415399441267,-22.85676544718237,-23.170860607636268,-22.829320238987368,3,36,6,5,-23.224531236995382,-22.775649609628253
2001-11-16 15:30:00,15,-26.0,-26.000047503800324,0.087127645063495,-32.0,-26.143372479929774,-25.856722527670875,-26.17081768812477,-25.829277319475874,3,36,6,5,-26.22448831748389,-25.77560669011676
2001-11-16 16:30:00,15,-27.0,-27.000021471351165,0.087127645063495,-29.0,-27.143346447480614,-26.85669649522172,-27.17079165567561,-26.829251287026715,3,36,6,5,-27.22446228503473,-26.7755806576676
2001-11-16 17:30:00,15,-21.0,-21.000101446470723,0.087127645063495,-32.0,-21.14342642260017,-20.85677647034128,-21.170871630795173,-20.82933126214628,3,36,6,5,-21.224542260154287,-20.775660632787158
2001-11-16 18:30:00,15,-17.0,-17.00013446143644,0.087127645063495,-33.0,-17.143459437565888,-16.85680948530699,-17.17090464576089,-16.82936427711199,3,36,6,5,-17.224575275120003,-16.775693647752874
2001-11-16 19:30:00,15,-21.0,-21.00004833521716,0.087127645063495,-23.0,-21.143373311346608,-20.85672335908771,-21.17081851954161,-20.82927815089271,3,36,6,5,-21.224489148900723,-20.775607521533594
2001-11-16 20:30:00,15,-23.0,-23.000010971531456,0.087127645063495,-26.0,-23.143335947660905,-22.856685995402007,-23.170781155855902,-22.82924078720701,3,36,6,5,-23.22445178521502,-22.77557015784789
2001-11-16 21:30:00,15,-23.0,-23.000000623606432,0.087127645063495,-27.0,-23.14332559973588,-22.856675647476983,-23.17077080793088,-22.829230439281982,3,36,6,5,-23.224441437289997,-22.775559809922868
2001-11-16 22:30:00,15,-20.0,-20.000018764903096,0.087127645063495,-21.0,-20.143343741032545,-19.856693788773647,-20.170788949227543,-19.829248580578646,3,36,6,5,-20.22445957858666,-19.77557795121953
2001-11-16 23:30:00,15,-20.0,-20.00000950786439,0.087127645063495,-17.0,-20.14333448399384,-19.856684531734945,-20.17077969218884,-19.82923932353994,3,36,6,5,-20.224450321547955,-19.775568694180826
2001-11-17 00:30:00,15,-23.0,-22.99999238159978,0.087127645063495,-21.0,-23.14331735772923,-22.856667405470333,-23.170762565924232,-22.82922219727533,3,36,6,5,-23.224433195283346,-22.775551567916217
2001-11-17 01:30:00,15,-26.0,-25.99998199429528,0.087127645063495,-23.0,-26.143306970424728,-25.85665701816583,-26.17075217861973,-25.82921180997083,3,36,6,5,-26.224422807978844,-25.775541180611715
2001-11-17 02:30:00,15,-28.0,-27.999965857142364,0.087127645063495,-23.0,-28.143290833271813,-27.856640881012915,-28.170736041466814,-27.82919567281792,3,36,6,5,-28.22440667082593,-27.7755250434588
2001-11-17 03:30:00,15,-34.0,-33.99990727593132,0.087127645063495,-20.0,-34.14323225206077,-33.85658229980187,-34.170677460255774,-33.82913709160687,3,36,6,5,-34.224348089614885,-33.775466462247756
2001-11-17 04:30:00,15,-39.0,-38.99986256480803,0.087127645063495,-20.0,-39.14318754093748,-38.85653758867858,-39.17063274913249,-38.82909238048358,3,36,6,5,-39.2243033784916,-38.77542175112447
2001-11-17 05:30:00,15,-34.0,-33.99988556225543,0.087127645063495,-23.0,-34.14321053838488,-33.85656058612598,-34.17065574657988,-33.829115377930975,3,36,6,5,-34.22432637593899,-33.775444748571864
2001-11-17 06:30:00,15,-35.0,-34.999908439413794,0.087127645063495,-26.0,-35.14323341554324,-34.856583463284345,-35.17067862373825,-34.82913825508934,3,36,6,5,-35.22434925309736,-34.77546762573023
2001-11-17 07:30:00,15,-36.0,-35.99992899925645,0.087127645063495,-28.0,-36.143253975385896,-35.856604023127,-36.1706991835809,-35.82915881493199,3,36,6,5,-36.22436981294001,-35.77548818557288
2001-11-17 08:30:00,15,-37.0,-36.99997186055096,0.087127645063495,-34.0,-37.14329683668041,-36.85664688442152,-37.17074204487542,-36.82920167622651,3,36,6,5,-37.22441267423452,-36.77553104686739
2001-11-17 09:30:00,15,-38.0,-37.99996715658858,0.087127645063495,-39.0,-38.14329213271803,-37.85664218045913,-38.17073734091304,-37.82919697226413,3,36,6,5,-38.224407970272146,-37.77552634290502
2001-11-17 10:30:00,15,-36.0,-35.99994767803366,0.087127645063495,-34.0,-36.14327265416311,-35.85662270190421,-36.17071786235811,-35.8291774937092,3,36,6,5,-36.22438849171722,-35.77550686435009
2001-11-17 11:30:00,15,-34.0,-33.999951661276924,0.087127645063495,-35.0,-34.14327663740637,-33.856626685147475,-34.17072184560138,-33.82918147695247,3,36,6,5,-34.22439247496049,-33.77551084759336
2001-11-17 12:30:00,15,-38.0,-37.99991841764464,0.087127645063495,-36.0,-38.143243393774085,-37.85659344151519,-38.17068860196909,-37.82914823332018,3,36,6,5,-38.22435923132821,-37.77547760396108
2001-11-17 13:30:00,15,-33.0,-32.99999478681273,0.087127645063495,-37.0,-33.14331976294218,-32.85666981068328,-33.17076497113718,-32.829224602488274,3,36,6,5,-33.22443560049629,-32.77555397312916
2001-11-17 14:30:00,15,-37.0,-36.99997884151069,0.087127645063495,-38.0,-37.14330381764014,-36.85665386538124,-37.17074902583514,-36.82920865718624,3,36,6,5,-37.224419655194254,-36.775538027827125
2001-11-17 15:30:00,15,-36.0,-35.999988571755566,0.087127645063495,-36.0,-36.143313547885015,-35.85666359562612,-36.17075875608002,-35.82921838743111,3,36,6,5,-36.22442938543913,-35.775547758072
2001-11-17 16:30:00,15,-31.0,-31.00005149520932,0.087127645063495,-34.0,-31.143376471338765,-30.856726519079867,-31.170821679533766,-30.829281310884863,3,36,6,5,-31.224492308892884,-30.775610681525755
2001-11-17 17:30:00,15,-26.0,-26.00012525402093,0.087127645063495,-38.0,-26.14345023015038,-25.85680027789148,-26.17089543834538,-25.82935506969648,3,36,6,5,-26.224566067704494,-25.775684440337365
2001-11-17 18:30:00,15,-33.0,-33.000026215550015,0.087127645063495,-33.0,-33.143351191679464,-32.856701239420566,-33.17079639987447,-32.82925603122556,3,36,6,5,-33.22446702923358,-32.77558540186645
2001-11-17 19:30:00,15,-32.0,-31.999986564063228,0.087127645063495,-37.0,-32.14331154019268,-31.85666158793378,-32.17075674838768,-31.82921637973877,3,36,6,5,-32.22442737774679,-31.775545750379663
2001-11-17 20:30:00,15,-29.0,-29.000006765627965,0.087127645063495,-36.0,-29.14333174175741,-28.85668178949852,-29.17077694995241,-28.829236581303515,3,36,6,5,-29.22444757931153,-28.7755659519444
2001-11-17 21:30:00,15,-24.0,-24.00004684240833,0.087127645063495,-31.0,-24.14337181853778,-23.85672186627888,-24.17081702673278,-23.82927665808388,3,36,6,5,-24.224487656091895,-23.775606028724766
2001-11-17 22:30:00,15,-29.0,-29.00000590858173,0.087127645063495,-26.0,-29.14333088471118,-28.85668093245228,-29.17077609290618,-28.82923572425728,3,36,6,5,-29.224446722265295,-28.775565094898166
2001-11-17 23:30:00,15,-28.0,-27.9999959437487,0.087127645063495,-33.0,-28.14332091987815,-27.85667096761925,-28.17076612807315,-27.82922575942425,3,36,6,5,-28.224436757432265,-27.775555130065136
2001-11-18 00:30:00,15,-23.0,-23.00005188961392,0.087127645063495,-32.0,-23.143376865743363,-22.856726913484465,-23.170822073938364,-22.829281705289464,3,36,6,5,-23.224492703297486,-22.775611075930357
2001-11-18 01:30:00,15,-23.0,-23.0000240534946,0.087127645063495,-29.0,-23.143349029624048,-22.85669907736515,-23.17079423781905,-22.82925386917015,3,36,6,5,-23.224464867178163,-22.775583239811034
2001-11-18 02:30:00,15,-23.0,-23.00001616687856,0.087127645063495,-24.0,-23.14334114300801,-22.85669119074911,-23.17078635120301,-22.82924598255411,3,36,6,5,-23.224456980562124,-22.775575353194995
2001-11-18 03:30:00,15,-28.0,-27.999978089822964,0.087127645063495,-29.0,-28.143303065952413,-27.856653113693515,-28.17074827414741,-27.82920790549852,3,36,6,5,-28.22441890350653,-27.7755372761394
2001-11-18 04:30:00,15,-33.0,-32.99991874170911,0.087127645063495,-28.0,-33.14324371783856,-32.85659376557966,-33.17068892603356,-32.829148557384656,3,36,6,5,-33.224359555392674,-32.775477928025545
2001-11-18 05:30:00,15,-38.0,-37.99985834672434,0.087127645063495,-23.0,-38.14318332285379,-37.85653337059489,-38.17062853104879,-37.82908816239989,3,36,6,5,-38.2242991604079,-37.77541753304077
2001-11-18 06:30:00,15,-38.0,-37.999847609323886,0.087127645063495,-23.0,-38.143172585453335,-37.85652263319444,-38.17061779364834,-37.82907742499943,3,36,6,5,-38.22428842300745,-37.77540679564032
2001-11-18 07:30:00,15,-37.0,-36.9998720675583,0.087127645063495,-23.0,-37.14319704368775,-36.85654709142885,-37.170642251882754,-36.82910188323385,3,36,6,5,-37.224312881241865,-36.775431253874736
2001-11-18 08:30:00,15,-33.0,-32.999917385649965,0.087127645063495,-28.0,-33.143242361779414,-32.85659240952052,-33.17068756997442,-32.82914720132551,3,36,6,5,-33.22435819933353,-32.7754765719664
2001-11-18 09:30:00,15,-29.0,-28.99998776120184,0.087127645063495,-33.0,-29.14331273733129,-28.856662785072388,-29.170757945526287,-28.829217576877387,3,36,6,5,-29.224428574885405,-28.775546947518276
2001-11-18 10:30:00,15,-30.0,-30.000008835399186,0.087127645063495,-38.0,-30.143333811528635,-29.856683859269737,-30.17077901972364,-29.829238651074736,3,36,6,5,-30.22444964908275,-29.77556802171562
2001-11-18 11:30:00,15,-28.0,-28.00005430639179,0.087127645063495,-38.0,-28.14337928252124,-27.85672933026234,-28.17082449071624,-27.82928412206734,3,36,6,5,-28.224495120075353,-27.775613492708224
2001-11-18 12:30:00,15,-33.0,-32.999994027656776,0.087127645063495,-37.0,-33.143319003786225,-32.85666905152733,-33.17076421198123,-32.82922384333232,3,36,6,5,-33.22443484134034,-32.77555321397321
2001-11-18 13:30:00,15,-31.0,-31.000012932074377,0.087127645063495,-33.0,-31.143337908203826,-30.856687955944928,-31.170783116398827,-30.829242747749927,3,36,6,5,-31.22445374575794,-30.775572118390812
2001-11-18 14:30:00,15,-26.0,-26.00004589103965,0.087127645063495,-29.0,-26.143370867169104,-25.85672091491021,-26.170816075364105,-25.829275706715205,3,36,6,5,-26.224486704723216,-25.775605077356087
2001-11-18 15:30:00,15,-26.0,-26.000001435688112,0.087127645063495,-30.0,-26.14332641181756,-25.856676459558663,-26.17077162001256,-25.829231251363662,3,36,6,5,-26.224442249371677,-25.775560622004548
2001-11-18 16:30:00,15,-29.0,-28.99996444567941,0.087127645063495,-28.0,-29.14328942180886,-28.85663946954996,-29.17073463000386,-28.82919426135496,3,36,6,5,-29.224405259362975,-28.775523631995846
2001-11-18 17:30:00,15,-27.0,-27.00001117611873,0.087127645063495,-33.0,-27.14333615224817,-26.85668619998928,-27.17078136044318,-26.82924099179428,3,36,6,5,-27.224451989802294,-26.775570362435165
2001-11-18 18:30:00,15,-26.0,-26.00001679087485,0.087127645063495,-31.0,-26.1433417670043,-25.856691814745403,-26.170786975199302,-25.8292466065504,3,36,6,5,-26.224457604558413,-25.775575977191284
2001-11-18 19:30:00,15,-27.0,-26.99999424415316,0.087127645063495,-26.0,-27.143319220282603,-26.856669268023705,-27.170764428477604,-26.829224059828704,3,36,6,5,-27.224435057836725,-26.775553430469596
2001-11-18 20:30:00,15,-30.0,-29.99997043706847,0.087127645063495,-26.0,-30.14329541319792,-29.85664546093902,-30.17074062139292,-29.82920025274402,3,36,6,5,-30.224411250752034,-29.775529623384905
2001-11-18 21:30:00,15,-27.0,-27.00003703109757,0.087127645063495,-29.0,-27.14336200722701,-26.85671205496812,-27.170807215422016,-26.82926684677312,3,36,6,5,-27.224477844781134,-26.775596217414005
2001-11-18 22:30:00,15,-24.0,-24.00003982403201,0.087127645063495,-27.0,-24.143364800161464,-23.85671484790257,-24.170810008356465,-23.829269639707565,3,36,6,5,-24.224480637715576,-23.775599010348447
2001-11-18 23:30:00,15,-29.0,-28.99997573379297,0.087127645063495,-26.0,-29.14330070992242,-28.856650757663523,-29.170745918117422,-28.82920554946852,3,36,6,5,-29.224416547476533,-28.775534920109404
2001-11-19 00:30:00,15,-35.0,-34.99989975160259,0.087127645063495,-27.0,-35.14322472773204,-34.85657477547314,-35.170669935927044,-34.82912956727814,3,36,6,5,-35.224340565286155,-34.775458937919026
2001-11-19 01:30:00,15,-28.0,-27.99995399040859,0.087127645063495,-30.0,-28.14327896653804,-27.85662901427914,-28.17072417473304,-27.82918380608414,3,36,6,5,-28.224394804092153,-27.775513176725024
2001-11-19 02:30:00,15,-33.0,-32.99989129174372,0.087127645063495,-27.0,-33.14321626787317,-32.85656631561427,-33.170661476068176,-32.82912110741927,3,36,6,5,-33.22433210542729,-32.77545047806016
2001-11-19 03:30:00,15,-36.0,-35.99989085967073,0.087127645063495,-24.0,-36.14321583580018,-35.85656588354128,-36.17066104399518,-35.829120675346275,3,36,6,5,-36.22433167335429,-35.775450045987164
2001-11-19 04:30:00,15,-37.0,-36.99991607071588,0.087127645063495,-29.0,-37.143241046845326,-36.85659109458643,-37.17068625504033,-36.82914588639142,3,36,6,5,-37.22435688439944,-36.77547525703231
2001-11-19 05:30:00,15,-39.0,-38.9999184703721,0.087127645063495,-35.0,-39.14324344650155,-38.85659349424265,-39.17068865469656,-38.82914828604765,3,36,6,5,-39.224359284055666,-38.77547765668854
2001-11-19 06:30:00,15,-39.0,-38.99992776632153,0.087127645063495,-28.0,-39.143252742450976,-38.85660279019208,-39.17069795064598,-38.82915758199707,3,36,6,5,-39.22436858000509,-38.77548695263796
2001-11-19 07:30:00,15,-35.0,-34.999954532640494,0.087127645063495,-33.0,-35.14327950876994,-34.856629556511045,-35.17072471696495,-34.82918434831604,3,36,6,5,-35.22439534632406,-34.77551371895693
2001-11-19 08:30:00,15,-29.0,-28.999991756535863,0.087127645063495,-36.0,-29.143316732665312,-28.85666678040641,-29.17076194086032,-28.829221572211413,3,36,6,5,-29.224432570219427,-28.7755509428523
2001-11-19 09:30:00,15,-31.0,-30.999995673811046,0.087127645063495,-37.0,-31.14332064994049,-30.8566706976816,-31.170765858135496,-30.8292254894866,3,36,6,5,-31.22443648749461,-30.77555486012748
2001-11-19 10:30:00,15,-28.0,-28.00002350435528,0.087127645063495,-39.0,-28.14334848048472,-27.856698528225824,-28.170793688679723,-27.829253320030823,3,36,6,5,-28.224464318038844,-27.775582690671715
2001-11-19 11:30:00,15,-25.0,-25.000069537678737,0.087127645063495,-39.0,-25.143394513808182,-24.856744561549288,-25.170839722003187,-24.829299353354287,3,36,6,5,-25.2245103513623,-24.775628723995172
2001-11-19 12:30:00,15,-30.0,-29.999991736563555,0.087127645063495,-35.0,-30.143316712693004,-29.856666760434106,-30.170761920888005,-29.829221552239105,3,36,6,5,-30.22443255024712,-29.77555092287999
2001-11-19 13:30:00,15,-33.0,-32.999961259000564,0.087127645063495,-29.0,-33.14328623513001,-32.856636282871115,-33.17073144332502,-32.82919107467611,3,36,6,5,-33.22440207268413,-32.775520445317
2001-11-19 14:30:00,15,-36.0,-35.999922331138045,0.087127645063495,-31.0,-36.14324730726749,-35.8565973550086,-36.1706925154625,-35.82915214681359,3,36,6,5,-36.22436314482161,-35.77548151745448
2001-11-19 15:30:00,15,-48.0,-47.99978259925975,0.087127645063495,-28.0,-48.1431075753892,-47.8564576231303,-48.1705527835842,-47.82901241493529,3,36,6,5,-48.22422341294332,-47.77534178557619
2001-11-19 16:30:00,15,-47.0,-46.99979411969086,0.087127645063495,-25.0,-47.14311909582031,-46.85646914356141,-47.17056430401532,-46.82902393536641,3,36,6,5,-47.224234933374426,-46.7753533060073
2001-11-19 17:30:00,15,-46.0,-45.99981426447183,0.087127645063495,-30.0,-46.14313924060128,-45.85648928834238,-46.17058444879628,-45.829044080147376,3,36,6,5,-46.224255078155394,-45.775373450788265
2001-11-19 18:30:00,15,-36.0,-35.9999170956439,0.087127645063495,-33.0,-36.14324207177335,-35.85659211951445,-36.17068727996836,-35.82914691131945,3,36,6,5,-36.224357909327466,-35.77547628196034
2001-11-19 19:30:00,15,-32.0,-32.000017093966285,0.087127645063495,-36.0,-32.143342070095734,-31.85669211783684,-32.17078727829074,-31.829246909641835,3,36,6,5,-32.22445790764985,-31.77557628028272
2001-11-19 20:30:00,15,-40.0,-40.0000316937405,0.087127645063495,-48.0,-40.14335666986995,-39.856706717611054,-40.17080187806496,-39.82926150941605,3,36,6,5,-40.22447250742407,-39.77559088005694
2001-11-19 21:30:00,15,-47.0,-46.99996306639317,0.087127645063495,-47.0,-47.14328804252261,-46.85663809026372,-47.17073325071762,-46.82919288206871,3,36,6,5,-47.224403880076736,-46.77552225270961
2001-11-19 22:30:00,15,-39.0,-39.0000044925016,0.087127645063495,-46.0,-39.14332946863105,-38.85667951637216,-39.170774676826056,-38.82923430817715,3,36,6,5,-39.22444530618517,-38.77556367881804
2001-11-19 23:30:00,15,-36.0,-35.99996855138161,0.087127645063495,-36.0,-36.14329352751106,-35.856643575252164,-36.17073873570607,-35.82919836705716,3,36,6,5,-36.22440936506518,-35.77552773769805
2001-11-20 00:30:00,15,-34.0,-33.999991718927035,0.087127645063495,-32.0,-34.143316695056484,-33.856666742797586,-34.17076190325149,-33.82922153460258,3,36,6,5,-34.2244325326106,-33.77555090524347
2001-11-20 01:30:00,15,-39.0,-38.99996978450355,0.087127645063495,-40.0,-39.143294760633,-38.8566448083741,-39.170739968828,-38.829199600179095,3,36,6,5,-39.22441059818711,-38.775528970819984
2001-11-20 02:30:00,15,-35.0,-35.0000146223769,0.087127645063495,-47.0,-35.14333959850635,-34.85668964624745,-35.17078480670136,-34.82924443805245,3,36,6,5,-35.22445543606047,-34.77557380869334
2001-11-20 03:30:00,15,-26.0,-26.000088944423297,0.087127645063495,-39.0,-26.143413920552742,-25.856763968293848,-26.170859128747747,-25.829318760098847,3,36,6,5,-26.22452975810686,-25.775648130739732
2001-11-20 04:30:00,15,-30.0,-30.000028696411075,0.087127645063495,-36.0,-30.143353672540524,-29.856703720281622,-30.170798880735525,-29.829258512086625,3,36,6,5,-30.22446951009464,-29.77558788272751
2001-11-20 05:30:00,15,-38.0,-37.9999687219836,0.087127645063495,-34.0,-38.14329369811305,-37.85664374585415,-38.17073890630805,-37.829198537659146,3,36,6,5,-38.224409535667164,-37.775527908300035
2001-11-20 06:30:00,15,-40.0,-39.999965442781615,0.087127645063495,-39.0,-40.14329041891106,-39.856640466652166,-40.17073562710607,-39.82919525845716,3,36,6,5,-40.22440625646518,-39.77552462909805
2001-11-20 07:30:00,15,-39.0,-38.99995550302339,0.087127645063495,-35.0,-39.14328047915284,-38.85663052689394,-39.17072568734785,-38.82918531869894,3,36,6,5,-39.22439631670696,-38.77551468933983
2001-11-20 08:30:00,15,-34.0,-33.99997818172491,0.087127645063495,-26.0,-34.14330315785436,-33.856653205595464,-34.17074836604937,-33.82920799740046,3,36,6,5,-34.22441899540848,-33.77553736804135
2001-11-20 09:30:00,15,-33.0,-32.99998963938722,0.087127645063495,-30.0,-33.14331461551667,-32.856664663257774,-33.17075982371168,-32.82921945506277,3,36,6,5,-33.22443045307079,-32.77554882570366
2001-11-20 10:30:00,15,-35.0,-35.00000705985279,0.087127645063495,-38.0,-35.14333203598224,-34.85668208372334,-35.170777244177245,-34.82923687552834,3,36,6,5,-35.224447873536356,-34.77556624616923
2001-11-20 11:30:00,15,-34.0,-34.000041336199345,0.087127645063495,-40.0,-34.143366312328794,-33.856716360069896,-34.1708115205238,-33.82927115187489,3,36,6,5,-34.22448214988291,-33.77560052251578
2001-11-20 12:30:00,15,-33.0,-33.000020938556176,0.087127645063495,-39.0,-33.143345914685625,-32.85669596242673,-33.17079112288063,-32.82925075423172,3,36,6,5,-33.22446175223974,-32.77558012487261
2001-11-20 13:30:00,15,-31.0,-30.999995393031945,0.087127645063495,-34.0,-31.1433203691614,-30.856670416902496,-31.170765577356395,-30.82922520870749,3,36,6,5,-31.22443620671551,-30.77555457934838
2001-11-20 14:30:00,15,-32.0,-31.999962733433925,0.087127645063495,-33.0,-32.143287709563374,-31.85663775730448,-32.17073291775838,-31.829192549109475,3,36,6,5,-32.22440354711749,-31.77552191975036
2001-11-20 15:30:00,15,-31.0,-30.999966747222675,0.087127645063495,-35.0,-31.143291723352124,-30.856641771093223,-31.170736931547125,-30.829196562898225,3,36,6,5,-31.22440756090624,-30.77552593353911
2001-11-20 16:30:00,15,-31.0,-30.99996003581085,0.087127645063495,-34.0,-31.1432850119403,-30.8566350596814,-31.1707302201353,-30.8291898514864,3,36,6,5,-31.224400849494415,-30.775519222127286
2001-11-20 17:30:00,15,-30.0,-29.99996423279676,0.087127645063495,-33.0,-30.143289208926205,-29.856639256667307,-30.170734417121206,-29.829194048472303,3,36,6,5,-30.224405046480324,-29.775523419113195
2001-11-20 18:30:00,15,-28.0,-27.9999751784436,0.087127645063495,-31.0,-28.143300154573048,-27.85665020231415,-28.17074536276805,-27.82920499411915,3,36,6,5,-28.224415992127163,-27.775534364760034
2001-11-20 19:30:00,15,-27.0,-26.999982654039304,0.087127645063495,-32.0,-27.14330763016876,-26.85665767790985,-27.17075283836376,-26.829212469714854,3,36,6,5,-27.22442346772287,-26.77554184035574
2001-11-20 20:30:00,15,-28.0,-27.99997036115881,0.087127645063495,-31.0,-28.14329533728826,-27.856645385029363,-28.170740545483262,-27.82920017683436,3,36,6,5,-28.224411174842373,-27.775529547475244
2001-11-20 21:30:00,15,-28.0,-27.9999732193824,0.087127645063495,-31.0,-28.143298195511846,-27.85664824325295,-28.170743403706847,-27.829203035057947,3,36,6,5,-28.224414033065965,-27.775532405698836
2001-11-20 22:30:00,15,-26.0,-25.999993236372607,0.087127645063495,-30.0,-26.143318212502056,-25.85666826024316,-26.170763420697057,-25.82922305204816,3,36,6,5,-26.22443405005617,-25.775552422689042
2001-11-20 23:30:00,15,-24.0,-24.00000671893336,0.087127645063495,-28.0,-24.1433316950628,-23.856681742803904,-24.170776903257803,-23.829236534608903,3,36,6,5,-24.224447532616924,-23.775565905249795
2001-11-21 00:30:00,15,-24.0,-23.999996187281297,0.087127645063495,-27.0,-24.143321163410747,-23.85667121115185,-24.170766371605747,-23.829226002956847,3,36,6,5,-24.224437000964862,-23.775555373597733
2001-11-21 01:30:00,15,-25.0,-24.99998109484269,0.087127645063495,-28.0,-25.143306070972145,-24.856656118713246,-25.170751279167145,-24.829210910518245,3,36,6,5,-25.224421908526253,-24.775540281159124
2001-11-21 02:30:00,15,-26.0,-25.99997233237688,0.087127645063495,-28.0,-26.143297308506323,-25.856647356247425,-26.170742516701324,-25.829202148052424,3,36,6,5,-26.224413146060446,-25.775531518693317
2001-11-21 03:30:00,15,-26.0,-25.99997266595803,0.087127645063495,-26.0,-26.14329764208748,-25.85664768982858,-26.17074285028248,-25.82920248163358,3,36,6,5,-26.224413479641594,-25.775531852274465
2001-11-21 04:30:00,15,-25.0,-24.99997525607715,0.087127645063495,-24.0,-25.1433002322066,-24.8566502799477,-25.1707454404016,-24.8292050717527,3,36,6,5,-25.224416069760714,-24.775534442393585
2001-11-21 05:30:00,15,-26.0,-25.99996242032501,0.087127645063495,-24.0,-26.14328739645446,-25.856637444195563,-26.170732604649466,-25.82919223600056,3,36,6,5,-26.224403234008573,-25.775521606641444
2001-11-21 06:30:00,15,-29.0,-28.99993501994028,0.087127645063495,-25.0,-29.143259996069723,-28.856610043810825,-29.170705204264724,-28.829164835615824,3,36,6,5,-29.224375833623846,-28.775494206256717
2001-11-21 07:30:00,15,-26.0,-25.99996977582308,0.087127645063495,-26.0,-26.14329475195253,-25.85664479969364,-26.17073996014753,-25.829199591498632,3,36,6,5,-26.224410589506643,-25.775528962139514
2001-11-21 08:30:00,15,-21.0,-21.00001367252042,0.087127645063495,-26.0,-21.14333864864987,-20.85668869639097,-21.17078385684487,-20.82924348819597,3,36,6,5,-21.224454486203985,-20.775572858836856
2001-11-21 09:30:00,15,-20.0,-20.000024360151,0.087127645063495,-25.0,-20.14334933628045,-19.85669938402156,-20.17079454447545,-19.829254175826552,3,36,6,5,-20.224465173834563,-19.775583546467434
2001-11-21 10:30:00,15,-21.0,-21.00002813329106,0.087127645063495,-26.0,-21.14335310942051,-20.85670315716161,-21.17079831761551,-20.82925794896661,3,36,6,5,-21.224468946974625,-20.775587319607496
2001-11-21 11:30:00,15,-20.0,-20.00006964368051,0.087127645063495,-29.0,-20.14339461980996,-19.856744667551062,-20.17083982800496,-19.82929945935606,3,36,6,5,-20.224510457364076,-19.775628829996947
2001-11-21 12:30:00,15,-20.0,-20.000050651805424,0.087127645063495,-26.0,-20.14337562793488,-19.85672567567597,-20.17082083612988,-19.829280467480974,3,36,6,5,-20.22449146548899,-19.77560983812186
2001-11-21 13:30:00,15,-21.0,-21.000020185574645,0.087127645063495,-21.0,-21.143345161704094,-20.8566952094452,-21.17079036989909,-20.829250001250195,3,36,6,5,-21.22446099925821,-20.77557937189108
2001-11-21 14:30:00,15,-19.0,-19.0000272913825,0.087127645063495,-20.0,-19.14335226751195,-18.85670231525305,-19.17079747570695,-18.82925710705805,3,36,6,5,-19.224468105066066,-18.775586477698937
2001-11-21 15:30:00,15,-14.0,-14.000076823784596,0.087127645063495,-21.0,-14.143401799914043,-13.856751847655149,-14.170847008109046,-13.829306639460146,3,36,6,5,-14.224517637468159,-13.775636010101033
2001-11-21 16:30:00,15,-16.0,-16.000063537793686,0.087127645063495,-20.0,-16.143388513923135,-15.856738561664235,-16.170833722118136,-15.829293353469236,3,36,6,5,-16.22450435147725,-15.775622724110123
2001-11-21 17:30:00,15,-19.0,-19.00003988529821,0.087127645063495,-20.0,-19.143364861427663,-18.856714909168765,-19.170810069622664,-18.829269700973764,3,36,6,5,-19.224480698981775,-18.775599071614646
2001-11-21 18:30:00,15,-16.0,-16.00005186607892,0.087127645063495,-21.0,-16.14337684220837,-15.85672688994947,-16.17082205040337,-15.82928168175447,3,36,6,5,-16.224492679762484,-15.775611052395357
2001-11-21 19:30:00,15,-11.0,-11.000089405768945,0.087127645063495,-19.0,-11.143414381898392,-10.856764429639494,-11.170859590093391,-10.829319221444493,3,36,6,5,-11.224530219452507,-10.775648592085382
2001-11-21 20:30:00,15,-10.0,-10.000101541385389,0.087127645063495,-14.0,-10.143426517514836,-9.856776565255938,-10.170871725709835,-9.829331357060935,3,36,6,5,-10.224542355068952,-9.775660727701826
2001-11-21 21:30:00,15,-12.0,-12.00009683865505,0.087127645063495,-16.0,-12.1434218147845,-11.8567718625256,-12.1708670229795,-11.8293266543306,3,36,6,5,-12.224537652338613,-11.775656024971488
2001-11-21 22:30:00,15,-12.0,-12.00008077693537,0.087127645063495,-19.0,-12.14340575306482,-11.85675580080592,-12.17085096125982,-11.82931059261092,3,36,6,5,-12.224521590618933,-11.775639963251807
2001-11-21 23:30:00,15,-12.0,-12.000052973316382,0.087127645063495,-16.0,-12.143377949445831,-11.856727997186931,-12.170823157640832,-11.829282788991932,3,36,6,5,-12.224493786999945,-11.77561215963282
2001-11-22 00:30:00,15,-12.0,-12.000037784872012,0.087127645063495,-11.0,-12.143362761001464,-11.856712808742564,-12.170807969196463,-11.829267600547563,3,36,6,5,-12.224478598555574,-11.775596971188449
2001-11-22 01:30:00,15,-13.0,-13.00002234910392,0.087127645063495,-10.0,-13.143347325233368,-12.85669737297447,-13.170792533428369,-12.829252164779469,3,36,6,5,-13.224463162787483,-12.775581535420358
2001-11-22 02:30:00,15,-15.0,-14.999998325780089,0.087127645063495,-12.0,-15.143323301909536,-14.856673349650638,-15.170768510104535,-14.829228141455635,3,36,6,5,-15.224439139463652,-14.775557512096526
2001-11-22 03:30:00,15,-18.0,-17.99996943773316,0.087127645063495,-12.0,-18.14329441386261,-17.85664446160371,-18.17073962205761,-17.82919925340871,3,36,6,5,-18.224410251416725,-17.775528624049596
2001-11-22 04:30:00,15,-21.0,-20.999935343830472,0.087127645063495,-12.0,-21.14326031995992,-20.856610367701023,-21.17070552815492,-20.829165159506022,3,36,6,5,-21.224376157514037,-20.775494530146908
2001-11-22 05:30:00,15,-16.0,-15.999971729849644,0.087127645063495,-12.0,-16.143296705979093,-15.856646753720195,-16.170741914174094,-15.829201545525194,3,36,6,5,-16.22441254353321,-15.775530916166081
2001-11-22 06:30:00,15,-19.0,-18.999949045896496,0.087127645063495,-13.0,-19.143274022025945,-18.856624069767047,-19.170719230220943,-18.829178861572046,3,36,6,5,-19.22438985958006,-18.775508232212932
2001-11-22 07:30:00,15,-19.0,-18.99996926463401,0.087127645063495,-15.0,-19.143294240763467,-18.85664428850457,-19.170739448958468,-18.829199080309568,3,36,6,5,-19.224410078317575,-18.775528450950446
2001-11-22 08:30:00,15,-18.0,-18.000026858510044,0.087127645063495,-18.0,-18.143351834639493,-17.856701882380595,-18.170797042834494,-17.829256674185594,3,36,6,5,-18.224467672193608,-17.77558604482648
2001-11-22 09:30:00,15,-21.0,-21.00001533072581,0.087127645063495,-21.0,-21.14334030685526,-20.856690354596363,-21.170785515050262,-20.82924514640136,3,36,6,5,-21.224456144409373,-20.775574517042244
2001-11-22 10:30:00,15,-18.0,-18.00000112288996,0.087127645063495,-16.0,-18.143326099019408,-17.85667614676051,-18.17077130721441,-17.82923093856551,3,36,6,5,-18.224441936573523,-17.775560309206394
2001-11-22 11:30:00,15,-16.0,-16.000010259181888,0.087127645063495,-19.0,-16.143335235311337,-15.85668528305244,-16.170780443506338,-15.829240074857438,3,36,6,5,-16.224451072865453,-15.775569445498325
2001-11-22 12:30:00,15,-15.0,-15.000026553981112,0.087127645063495,-19.0,-15.14335153011056,-14.856701577851664,-15.170796738305562,-14.829256369656662,3,36,6,5,-15.224467367664674,-14.775585740297549
2001-11-22 13:30:00,15,-14.0,-14.000086757744835,0.087127645063495,-18.0,-14.143411733874284,-13.856761781615386,-14.170856942069284,-13.829316573420384,3,36,6,5,-14.224527571428398,-13.775645944061273
2001-11-22 14:30:00,15,-16.0,-16.000040716575235,0.087127645063495,-21.0,-16.143365692704684,-15.856715740445786,-16.170810900899685,-15.829270532250783,3,36,6,5,-16.2244815302588,-15.775599902891672
2001-11-22 15:30:00,15,-15.0,-15.00003817538434,0.087127645063495,-18.0,-15.143363151513787,-14.85671319925489,-15.17080835970879,-14.82926799105989,3,36,6,5,-15.224478989067903,-14.775597361700777
2001-11-22 16:30:00,15,-15.0,-15.000008620573356,0.087127645063495,-16.0,-15.143333596702806,-14.856683644443908,-15.170778804897807,-14.829238436248907,3,36,6,5,-15.224449434256918,-14.775567806889793
2001-11-22 17:30:00,15,-11.0,-11.000053758442084,0.087127645063495,-15.0,-11.143378734571534,-10.856728782312636,-11.170823942766535,-10.829283574117635,3,36,6,5,-11.224494572125646,-10.775612944758521
2001-11-22 18:30:00,15,-9.0,-9.000070072865878,0.087127645063495,-14.0,-9.143395048995329,-8.856745096736429,-9.170840257190328,-8.829299888541428,3,36,6,5,-9.22451088654944,-8.775629259182315
2001-11-22 19:30:00,15,-6.0,-6.000100412058934,0.087127645063495,-16.0,-6.143425388188383,-5.856775435929485,-6.170870596383384,-5.829330227734484,3,36,6,5,-6.224541225742497,-5.775659598375372
2001-11-22 20:30:00,15,-17.0,-17.00000157035375,0.087127645063495,-15.0,-17.1433265464832,-16.8566765942243,-17.1707717546782,-16.8292313860293,3,36,6,5,-17.224442384037314,-16.775560756670185
2001-11-22 21:30:00,15,-23.0,-22.999932623020925,0.087127645063495,-15.0,-23.14325759915037,-22.85660764689148,-23.17070280734537,-22.829162438696475,3,36,6,5,-23.22437343670449,-22.77549180933736
2001-11-22 22:30:00,15,-29.0,-28.99986019118812,0.087127645063495,-11.0,-29.14318516731757,-28.85653521505867,-29.17063037551257,-28.82909000686367,3,36,6,5,-29.224301004871684,-28.775419377504555
2001-11-22 23:30:00,15,-28.0,-27.99986914511869,0.087127645063495,-9.0,-28.143194121248143,-27.856544168989245,-28.170639329443144,-27.829098960794244,3,36,6,5,-28.224309958802255,-27.775428331435126
2001-11-23 00:30:00,15,-33.0,-32.99983326868584,0.087127645063495,-6.0,-33.14315824481529,-32.85650829255639,-33.170603453010294,-32.82906308436139,3,36,6,5,-33.224274082369405,-32.775392455002276
2001-11-23 01:30:00,15,-39.0,-38.99979168320705,0.087127645063495,-17.0,-39.1431166593365,-38.8564667070776,-39.170561867531504,-38.8290214988826,3,36,6,5,-39.224232496890615,-38.775350869523486
2001-11-23 02:30:00,15,-42.0,-41.99982187260501,0.087127645063495,-23.0,-42.14314684873446,-41.85649689647556,-42.170592056929465,-41.82905168828056,3,36,6,5,-42.224262686288576,-41.77538105892145
2001-11-23 03:30:00,15,-37.0,-36.99994206392061,0.087127645063495,-29.0,-37.14326704005006,-36.856617087791165,-37.17071224824507,-36.82917187959616,3,36,6,5,-37.22438287760417,-36.77550125023704
2001-11-23 04:30:00,15,-31.0,-30.999972984909267,0.087127645063495,-28.0,-31.14329796103872,-30.856648008779818,-31.17074316923372,-30.829202800584817,3,36,6,5,-31.22441379859283,-30.775532171225702
2001-11-23 05:30:00,15,-34.0,-33.99999053725915,0.087127645063495,-33.0,-34.1433155133886,-33.8566655611297,-34.170760721583605,-33.8292203529347,3,36,6,5,-34.224431350942716,-33.77554972357559
2001-11-23 06:30:00,15,-33.0,-33.000033285627175,0.087127645063495,-39.0,-33.143358261756624,-32.856708309497726,-33.17080346995163,-32.82926310130272,3,36,6,5,-33.22447409931074,-32.77559247194361
2001-11-23 07:30:00,15,-26.0,-26.00007323653537,0.087127645063495,-42.0,-26.143398212664824,-25.85674826040593,-26.170843420859825,-25.829303052210925,3,36,6,5,-26.224514050218936,-25.775632422851807
2001-11-23 08:30:00,15,-24.0,-24.00009615714019,0.087127645063495,-37.0,-24.14342113326964,-23.856771181010743,-24.17086634146464,-23.82932597281574,3,36,6,5,-24.224536970823756,-23.775655343456627
2001-11-23 09:30:00,15,-30.0,-30.000002954211727,0.087127645063495,-31.0,-30.143327930341176,-29.85667797808228,-30.170773138536177,-29.82923276988728,3,36,6,5,-30.22444376789529,-29.775562140528162
2001-11-23 10:30:00,15,-34.0,-33.999932246168825,0.087127645063495,-34.0,-34.143257222298274,-33.856607270039376,-34.17070243049328,-33.82916206184437,3,36,6,5,-34.22437305985239,-33.77549143248526
2001-11-23 11:30:00,15,-30.0,-29.99995731506568,0.087127645063495,-33.0,-30.14328229119513,-29.85663233893624,-30.17072749939013,-29.829187130741232,3,36,6,5,-30.224398128749243,-29.775516501382114
2001-11-23 12:30:00,15,-26.0,-25.9999812430639,0.087127645063495,-26.0,-26.14330621919335,-25.85665626693445,-26.17075142738835,-25.82921105873945,3,36,6,5,-26.224422056747464,-25.775540429380335
2001-11-23 13:30:00,15,-31.0,-30.999945326369364,0.087127645063495,-24.0,-31.143270302498813,-30.856620350239915,-31.17071551069381,-30.82917514204492,3,36,6,5,-31.22438614005293,-30.7755045126858
2001-11-23 14:30:00,15,-29.0,-29.0000062945961,0.087127645063495,-30.0,-29.14333127072555,-28.85668131846665,-29.17077647892055,-28.82923611027165,3,36,6,5,-29.224447108279666,-28.775565480912537
2001-11-23 15:30:00,15,-31.0,-31.00000818386141,0.087127645063495,-34.0,-31.14333315999086,-30.85668320773196,-31.17077836818586,-30.82923799953696,3,36,6,5,-31.224448997544975,-30.775567370177846
2001-11-23 16:30:00,15,-37.0,-36.9999545635154,0.087127645063495,-30.0,-37.14327953964485,-36.85662958738595,-37.170724747839856,-36.82918437919095,3,36,6,5,-37.22439537719897,-36.77551374983184
2001-11-23 17:30:00,15,-33.0,-32.99993628323993,0.087127645063495,-26.0,-33.14326125936938,-32.856611307110484,-33.170706467564386,-32.82916609891548,3,36,6,5,-33.2243770969235,-32.77549546955637
2001-11-23 18:30:00,15,-27.0,-27.000006079915902,0.087127645063495,-31.0,-27.143331056045355,-26.856681103786457,-27.17077626424036,-26.829235895591456,3,36,6,5,-27.224446893599467,-26.775565266232338
2001-11-23 19:30:00,15,-25.0,-25.00003783853609,0.087127645063495,-29.0,-25.143362814665547,-24.85671286240665,-25.170808022860548,-24.829267654211648,3,36,6,5,-25.224478652219656,-24.775597024852527
2001-11-23 20:30:00,15,-24.0,-24.0000223812159,0.087127645063495,-31.0,-24.14334735734535,-23.85669740508645,-24.17079256554035,-23.82925219689145,3,36,6,5,-24.224463194899464,-23.775581567532335
2001-11-23 21:30:00,15,-25.0,-25.00003117321676,0.087127645063495,-37.0,-25.14335614934621,-24.85670619708732,-25.17080135754121,-24.82926098889231,3,36,6,5,-25.224471986900326,-24.775590359533197
2001-11-23 22:30:00,15,-31.0,-30.99998894426497,0.087127645063495,-33.0,-31.14331392039442,-30.85666396813552,-31.17075912858942,-30.82921875994052,3,36,6,5,-31.224429757948535,-30.775548130581406
2001-11-23 23:30:00,15,-35.0,-34.999899224860506,0.087127645063495,-27.0,-35.143224200989955,-34.85657424873106,-35.17066940918496,-34.82912904053605,3,36,6,5,-35.22434003854407,-34.77545841117694
2001-11-24 00:30:00,15,-29.0,-28.99994205202212,0.087127645063495,-25.0,-29.143267028151563,-28.856617075892665,-29.170712236346564,-28.829171867697664,3,36,6,5,-29.224382865705685,-28.775501238338556
2001-11-24 01:30:00,15,-31.0,-30.99992850341021,0.087127645063495,-24.0,-31.14325347953966,-30.85660352728076,-31.17069868773466,-30.82915831908576,3,36,6,5,-31.224369317093775,-30.775487689726646
2001-11-24 02:30:00,15,-34.0,-33.99990525661354,0.087127645063495,-25.0,-34.14323023274299,-33.85658028048409,-34.17067544093799,-33.829135072289084,3,36,6,5,-34.2243460702971,-33.77546444292997
2001-11-24 03:30:00,15,-34.0,-33.999933200316946,0.087127645063495,-31.0,-34.143258176446395,-33.8566082241875,-34.1707033846414,-33.82916301599249,3,36,6,5,-34.22437401400051,-33.77549238663338
2001-11-24 04:30:00,15,-39.0,-38.99990783773622,0.087127645063495,-35.0,-39.14323281386567,-38.85658286160677,-39.17067802206067,-38.82913765341176,3,36,6,5,-39.22434865141978,-38.77546702405265
2001-11-24 05:30:00,15,-24.0,-24.000027638251066,0.087127645063495,-29.0,-24.14335261438051,-23.856702662121613,-24.170797822575512,-23.82925745392661,3,36,6,5,-24.22446845193463,-23.7755868245675
2001-11-24 06:30:00,15,2.0,1.999712113581936,0.087127645063495,-31.0,1.8563871374524863,2.143037089711385,1.828941929257485,2.1704822979063856,3,36,6,5,1.7752712998983728,2.224152927265499
2001-11-24 07:30:00,15,-91.0,-90.99939497031522,0.087127645063495,-34.0,-91.14271994644469,-90.85606999418576,-91.17016515463968,-90.82862478599075,3,36,6,5,-91.22383578399878,-90.77495415663167
2001-11-24 08:30:00,15,-92.0,-91.99939773017736,0.087127645063495,-34.0,-92.1427227063068,-91.8560727540479,-92.1701679145018,-91.8286275458529,3,36,6,5,-92.22383854386092,-91.7749569164938
2001-11-24 09:30:00,15,-72.0,-71.99962389665427,0.087127645063495,-39.0,-72.14294887278372,-71.85629892052482,-72.17039408097872,-71.82885371232982,3,36,6,5,-72.22406471033783,-71.77518308297071
2001-11-24 10:30:00,15,-96.0,-95.9993236626731,0.087127645063495,-24.0,-96.14264863880256,-95.85599868654366,-96.17009384699756,-95.82855347834864,3,36,6,5,-96.22376447635666,-95.77488284898955
2001-11-24 11:30:00,15,-132.0,-131.99904559967203,0.087127645063495,2.0,-132.1423705758015,-131.85572062354257,-132.16981578399648,-131.82827541534758,3,36,6,5,-132.2234864133556,-131.77460478598846
2001-11-24 12:30:00,15,-196.0,-195.9986758304489,0.087127645063495,-91.0,-196.14200080657832,-195.8553508543194,-196.1694460147733,-195.8279056461244,3,36,6,5,-196.22311664413246,-195.77423501676532
2001-11-24 13:30:00,15,-179.0,-178.99881577566848,0.087127645063495,-92.0,-179.14214075179794,-178.855490799539,-179.16958595999293,-178.82804559134402,3,36,6,5,-179.22325658935205,-178.7743749619849
2001-11-24 14:30:00,15,-202.0,-201.99842360179915,0.087127645063495,-72.0,-202.1417485779286,-201.85509862566968,-202.1691937861236,-201.8276534174747,3,36,6,5,-202.22286441548272,-201.77398278811557
2001-11-24 15:30:00,15,-211.0,-210.9985661763709,0.087127645063495,-96.0,-211.1418911525004,-210.85524120024144,-211.16933636069533,-210.82779599204645,3,36,6,5,-211.22300699005447,-210.77412536268733
2001-11-24 16:30:00,15,-221.0,-220.99927274549907,0.087127645063495,-132.0,-221.14259772162853,-220.8559477693696,-221.17004292982352,-220.82850256117464,3,36,6,5,-221.22371355918264,-220.7748319318155
2001-11-24 17:30:00,15,-216.0,-215.99982373805537,0.087127645063495,-196.0,-216.14314871418483,-215.8564987619259,-216.17059392237985,-215.8290535537309,3,36,6,5,-216.22426455173894,-215.7753829243718
2001-11-24 18:30:00,15,-205.0,-204.99987660774624,0.087127645063495,-179.0,-205.1432015838757,-204.8565516316168,-205.1706467920707,-204.8291064234218,3,36,6,5,-205.22431742142982,-204.77543579406267
2001-11-24 19:30:00,15,-187.0,-187.0000486576797,0.087127645063495,-202.0,-187.1433736338092,-186.85672368155028,-187.1708188420042,-186.8292784733553,3,36,6,5,-187.22448947136328,-186.77560784399614
2001-11-24 20:30:00,15,-177.0,-177.0000012276838,0.087127645063495,-211.0,-177.14332620381327,-176.85667625155435,-177.17077141200826,-176.82923104335936,3,36,6,5,-177.22444204136738,-176.77556041400024
2001-11-24 21:30:00,15,-172.0,-172.00006945135854,0.087127645063495,-221.0,-172.143394427488,-171.85674447522908,-172.170839635683,-171.8292992670341,3,36,6,5,-172.2245102650421,-171.77562863767497
2001-11-24 22:30:00,15,-153.0,-153.00016255038815,0.087127645063495,-216.0,-153.14348752651762,-152.8568375742587,-153.1709327347126,-152.8293923660637,3,36,6,5,-153.22460336407173,-152.77572173670458
2001-11-24 23:30:00,15,-150.0,-150.0001469482548,0.087127645063495,-205.0,-150.14347192438427,-149.85682197212537,-150.17091713257926,-149.82937676393036,3,36,6,5,-150.22458776193838,-149.77570613457124
2001-11-25 00:30:00,15,-145.0,-145.0001601726199,0.087127645063495,-187.0,-145.14348514874936,-144.85683519649044,-145.17093035694435,-144.82938998829545,3,36,6,5,-145.22460098630347,-144.77571935893633
2001-11-25 01:30:00,15,-145.0,-145.00014853054248,0.087127645063495,-177.0,-145.14347350667194,-144.856823554413,-145.17091871486693,-144.82937834621802,3,36,6,5,-145.22458934422605,-144.7757077168589
2001-11-25 02:30:00,15,-144.0,-144.00013638229532,0.087127645063495,-172.0,-144.1434613584248,-143.85681140616586,-144.17090656661978,-143.82936619797087,3,36,6,5,-144.2245771959789,-143.77569556861175
2001-11-25 03:30:00,15,-134.0,-134.00012804409863,0.087127645063495,-153.0,-134.1434530202281,-133.85680306796917,-134.17089822842308,-133.82935785977418,3,36,6,5,-134.2245688577822,-133.77568723041506
2001-11-25 04:30:00,15,-124.0,-124.00015263656928,0.087127645063495,-150.0,-124.14347761269872,-123.85682766043983,-124.17092282089374,-123.82938245224484,3,36,6,5,-124.22459345025284,-123.77571182288573
2001-11-25 05:30:00,15,-118.0,-118.00017146613884,0.087127645063495,-145.0,-118.1434964422683,-117.8568464900094,-118.1709416504633,-117.8294012818144,3,36,6,5,-118.2246122798224,-117.77573065245528
2001-11-25 06:30:00,15,-111.0,-111.0002222452789,0.087127645063495,-145.0,-111.14354722140835,-110.85689726914946,-111.17099242960336,-110.82945206095444,3,36,6,5,-111.22466305896246,-110.77578143159535
2001-11-25 07:30:00,15,-114.0,-114.00016739787787,0.087127645063495,-144.0,-114.14349237400732,-113.85684242174842,-114.17093758220231,-113.82939721355342,3,36,6,5,-114.22460821156143,-113.77572658419432
2001-11-25 08:30:00,15,-113.0,-113.00009589347216,0.087127645063495,-134.0,-113.1434208696016,-112.8567709173427,-113.1708660777966,-112.8293257091477,3,36,6,5,-113.22453670715572,-112.7756550797886
2001-11-25 09:30:00,15,-106.0,-106.00007009039196,0.087127645063495,-124.0,-106.14339506652142,-105.85674511426252,-106.17084027471644,-105.82929990606752,3,36,6,5,-106.22451090407552,-105.7756292767084
2001-11-25 10:30:00,15,-103.0,-103.00003242513117,0.087127645063495,-118.0,-103.14335740126062,-102.85670744900172,-103.17080260945562,-102.82926224080671,3,36,6,5,-103.22447323881472,-102.77559161144761
2001-11-25 11:30:00,15,-107.0,-106.9999367159204,0.087127645063495,-111.0,-107.14326169204983,-106.85661173979096,-107.17070690024484,-106.82916653159594,3,36,6,5,-107.22437752960396,-106.77549590223684
2001-11-25 12:30:00,15,-104.0,-103.9999543223185,0.087127645063495,-114.0,-104.14327929844796,-103.85662934618904,-104.17072450664296,-103.82918413799403,3,36,6,5,-104.22439513600206,-103.77551350863494
2001-11-25 13:30:00,15,-98.0,-98.00000117192796,0.087127645063495,-113.0,-98.1433261480574,-97.8566761957985,-98.1707713562524,-97.8292309876035,3,36,6,5,-98.22444198561152,-97.7755603582444
2001-11-25 14:30:00,15,-96.0,-95.99999231426474,0.087127645063495,-106.0,-96.1433172903942,-95.8566673381353,-96.1707624985892,-95.82922212994028,3,36,6,5,-96.2244331279483,-95.77555150058119
2001-11-25 15:30:00,15,-92.0,-92.00001716269534,0.087127645063495,-103.0,-92.1433421388248,-91.8566921865659,-92.1707873470198,-91.82924697837088,3,36,6,5,-92.2244579763789,-91.77557634901179
2001-11-25 16:30:00,15,-89.0,-89.0000503541644,0.087127645063495,-107.0,-89.14337533029385,-88.85672537803495,-89.17082053848885,-88.82928016983995,3,36,6,5,-89.22449116784796,-88.77560954048084
2001-11-25 17:30:00,15,-90.0,-90.00002889783994,0.087127645063495,-104.0,-90.1433538739694,-89.85670392171049,-90.1707990821644,-89.82925871351549,3,36,6,5,-90.2244697115235,-89.77558808415638
2001-11-25 18:30:00,15,-88.0,-88.00002477511234,0.087127645063495,-98.0,-88.14334975124179,-87.85669979898289,-88.17079495943679,-87.82925459078788,3,36,6,5,-88.2244655887959,-87.77558396142878
2001-11-25 19:30:00,15,-86.0,-86.00003485132791,0.087127645063495,-96.0,-86.14335982745736,-85.85670987519846,-86.17080503565236,-85.82926466700346,3,36,6,5,-86.22447566501147,-85.77559403764435
2001-11-25 20:30:00,15,-85.0,-85.00001674529281,0.087127645063495,-92.0,-85.14334172142226,-84.85669176916336,-85.17078692961726,-84.82924656096836,3,36,6,5,-85.22445755897637,-84.77557593160925
2001-11-25 21:30:00,15,-84.0,-84.00000353120095,0.087127645063495,-89.0,-84.1433285073304,-83.8566785550715,-84.1707737155254,-83.82923334687649,3,36,6,5,-84.2244443448845,-83.77556271751739
2001-11-25 22:30:00,15,-83.0,-83.00000327260915,0.087127645063495,-90.0,-83.1433282487386,-82.8566782964797,-83.1707734569336,-82.8292330882847,3,36,6,5,-83.2244440862927,-82.77556245892559
2001-11-25 23:30:00,15,-81.0,-80.99999320089417,0.087127645063495,-88.0,-81.14331817702362,-80.85666822476472,-81.17076338521862,-80.82922301656971,3,36,6,5,-81.22443401457772,-80.77555238721061
2001-11-26 00:30:00,15,-83.0,-82.99993840433524,0.087127645063495,-86.0,-83.14326338046469,-82.85661342820579,-83.17070858865969,-82.82916822001079,3,36,6,5,-83.2243792180188,-82.77549759065168
2001-11-26 01:30:00,15,-86.0,-85.99989275835813,0.087127645063495,-85.0,-86.14321773448758,-85.85656778222868,-86.17066294268258,-85.82912257403368,3,36,6,5,-86.22433357204169,-85.77545194467457
2001-11-26 02:30:00,15,-85.0,-84.99989225467723,0.087127645063495,-84.0,-85.14321723080668,-84.85656727854779,-85.17066243900169,-84.82912207035278,3,36,6,5,-85.22433306836079,-84.77545144099368
2001-11-26 03:30:00,15,-82.0,-81.99993430220128,0.087127645063495,-83.0,-82.14325927833073,-81.85660932607183,-82.17070448652574,-81.82916411787683,3,36,6,5,-82.22437511588484,-81.77549348851772
2001-11-26 04:30:00,15,-78.0,-77.99996351820843,0.087127645063495,-81.0,-78.14328849433788,-77.85663854207898,-78.17073370253289,-77.82919333388398,3,36,6,5,-78.22440433189199,-77.77552270452487
2001-11-26 05:30:00,15,-75.0,-74.99999301669553,0.087127645063495,-83.0,-75.14331799282498,-74.85666804056608,-75.17076320101998,-74.82922283237107,3,36,6,5,-75.22443383037908,-74.77555220301197
2001-11-26 06:30:00,15,-75.0,-75.00002164411526,0.087127645063495,-86.0,-75.14334662024471,-74.85669666798582,-75.17079182843972,-74.82925145979081,3,36,6,5,-75.22446245779882,-74.77558083043171
2001-11-26 07:30:00,15,-73.0,-73.00003059131632,0.087127645063495,-85.0,-73.14335556744577,-72.85670561518687,-73.17080077564077,-72.82926040699186,3,36,6,5,-73.22447140499987,-72.77558977763276
2001-11-26 08:30:00,15,-67.0,-67.00007591763216,0.087127645063495,-82.0,-67.14340089376161,-66.85675094150271,-67.17084610195661,-66.8293057333077,3,36,6,5,-67.22451673131572,-66.7756351039486
2001-11-26 09:30:00,15,-63.0,-63.00008774247893,0.087127645063495,-78.0,-63.14341271860838,-62.85676276634948,-63.170857926803386,-62.82931755815448,3,36,6,5,-63.2245285561625,-62.77564692879537
2001-11-26 10:30:00,15,-60.0,-60.00009466005619,0.087127645063495,-75.0,-60.14341963618564,-59.85676968392674,-60.170864844380645,-59.82932447573174,3,36,6,5,-60.224535473739756,-59.77565384637263
2001-11-26 11:30:00,15,-57.0,-57.00011510555321,0.087127645063495,-75.0,-57.14344008168266,-56.85679012942376,-57.17088528987767,-56.82934492122876,3,36,6,5,-57.22455591923678,-56.77567429186965
2001-11-26 12:30:00,15,-56.0,-56.00010584491639,0.087127645063495,-73.0,-56.14343082104584,-55.85678086878694,-56.17087602924085,-55.82933566059194,3,36,6,5,-56.224546658599955,-55.775665031232826
2001-11-26 13:30:00,15,-54.0,-54.00008627485324,0.087127645063495,-67.0,-54.14341125098269,-53.85676129872379,-54.17085645917769,-53.82931609052879,3,36,6,5,-54.2245270885368,-53.775645461169674
2001-11-26 14:30:00,15,-50.0,-50.00009102171147,0.087127645063495,-63.0,-50.14341599784092,-49.85676604558202,-50.17086120603592,-49.829320837387016,3,36,6,5,-50.224531835395034,-49.775650208027905
2001-11-26 15:30:00,15,-50.0,-50.00006109827777,0.087127645063495,-60.0,-50.14338607440722,-49.85673612214832,-50.17083128260222,-49.82929091395332,3,36,6,5,-50.22450191196133,-49.775620284594204
2001-11-26 16:30:00,15,-50.0,-50.00003492267366,0.087127645063495,-57.0,-50.14335989880311,-49.85670994654421,-50.17080510699812,-49.82926473834921,3,36,6,5,-50.22447573635723,-49.7755941089901
2001-11-26 17:30:00,15,-48.0,-48.0000396560079,0.087127645063495,-56.0,-48.14336463213735,-47.85671467987845,-48.17080984033235,-47.829269471683446,3,36,6,5,-48.224480469691464,-47.775598842324335
2001-11-26 18:30:00,15,-45.0,-45.00005877662584,0.087127645063495,-54.0,-45.14338375275529,-44.85673380049639,-45.170828960950296,-44.82928859230139,3,36,6,5,-45.22449959030941,-44.77561796294228
2001-11-26 19:30:00,15,-45.0,-45.00003772605005,0.087127645063495,-50.0,-45.1433627021795,-44.85671274992061,-45.170807910374506,-44.8292675417256,3,36,6,5,-45.22447853973362,-44.77559691236649
2001-11-26 20:30:00,15,-45.0,-45.00002303050843,0.087127645063495,-50.0,-45.14334800663788,-44.85669805437898,-45.17079321483288,-44.82925284618398,3,36,6,5,-45.224463844191995,-44.775582216824866
2001-11-26 21:30:00,15,-43.0,-43.00003683569316,0.087127645063495,-50.0,-43.14336181182261,-42.85671185956371,-43.17080702001761,-42.82926665136871,3,36,6,5,-43.22447764937672,-42.775596022009594
2001-11-26 22:30:00,15,-43.0,-43.00002759306571,0.087127645063495,-48.0,-43.14335256919516,-42.85670261693626,-43.17079777739016,-42.829257408741256,3,36,6,5,-43.224468406749274,-42.775586779382145
2001-11-26 23:30:00,15,-43.0,-43.0000131084911,0.087127645063495,-45.0,-43.14333808462055,-42.85668813236165,-43.17078329281556,-42.82924292416665,3,36,6,5,-43.22445392217467,-42.77557229480754
2001-11-27 00:30:00,15,-50.0,-49.99993388483775,0.087127645063495,-45.0,-50.1432588609672,-49.856608908708296,-50.1707040691622,-49.82916370051329,3,36,6,5,-50.224374698521316,-49.77549307115419
2001-11-27 01:30:00,15,-55.0,-54.99987511472956,0.087127645063495,-45.0,-55.14320009085901,-54.85655013860011,-55.170645299054016,-54.82910493040511,3,36,6,5,-55.22431592841313,-54.775434301046
2001-11-27 02:30:00,15,-53.0,-52.99988046479182,0.087127645063495,-43.0,-53.14320544092127,-52.85655548866237,-53.17065064911628,-52.82911028046737,3,36,6,5,-53.22432127847539,-52.77543965110826
2001-11-27 03:30:00,15,-48.0,-47.99992863037495,0.087127645063495,-43.0,-48.1432536065044,-47.8566036542455,-48.1706988146994,-47.82915844605049,3,36,6,5,-48.22436944405852,-47.77548781669139
2001-11-27 04:30:00,15,-42.0,-41.99998760883817,0.087127645063495,-43.0,-42.14331258496762,-41.85666263270872,-42.17075779316262,-41.82921742451372,3,36,6,5,-42.22442842252173,-41.775546795154604
2001-11-27 05:30:00,15,-37.0,-37.000055011521226,0.087127645063495,-50.0,-37.14337998765068,-36.85673003539178,-37.17082519584568,-36.82928482719677,3,36,6,5,-37.22449582520479,-36.77561419783766
2001-11-27 06:30:00,15,-36.0,-36.000097728702364,0.087127645063495,-55.0,-36.14342270483181,-35.856772752572915,-36.17086791302682,-35.82932754437791,3,36,6,5,-36.22453854238593,-35.7756569150188
2001-11-27 07:30:00,15,-33.0,-33.00013670382676,0.087127645063495,-53.0,-33.14346167995621,-32.85681172769731,-33.170906888151215,-32.82936651950231,3,36,6,5,-33.224577517510326,-32.7756958901432
2001-11-27 08:30:00,15,-29.0,-29.00015063973475,0.087127645063495,-48.0,-29.1434756158642,-28.8568256636053,-29.1709208240592,-28.8293804554103,3,36,6,5,-29.224591453418313,-28.775709826051184
2001-11-27 09:30:00,15,-31.0,-31.0000858126002,0.087127645063495,-42.0,-31.143410788729646,-30.856760836470748,-31.170855996924647,-30.829315628275747,3,36,6,5,-31.224526626283765,-30.775644998916636
2001-11-27 10:30:00,15,-30.0,-30.00005794483566,0.087127645063495,-37.0,-30.14338292096511,-29.85673296870621,-30.17082812916011,-29.82928776051121,3,36,6,5,-30.224498758519225,-29.775617131152096
2001-11-27 11:30:00,15,-30.0,-30.00004021846801,0.087127645063495,-36.0,-30.143365194597465,-29.856715242338566,-30.170810402792466,-29.829270034143565,3,36,6,5,-30.224481032151573,-29.775599404784444
2001-11-27 12:30:00,15,-30.0,-30.00002666409948,0.087127645063495,-33.0,-30.14335164022893,-29.85670168797003,-30.17079684842393,-29.82925647977503,3,36,6,5,-30.224467477783044,-29.775585850415915
2001-11-27 13:30:00,15,-29.0,-29.00002410237501,0.087127645063495,-29.0,-29.143349078504464,-28.85669912624557,-29.170794286699465,-28.829253918050565,3,36,6,5,-29.224464916058576,-28.775583288691447
2001-11-27 14:30:00,15,-28.0,-28.000030633996904,0.087127645063495,-31.0,-28.14335561012636,-27.85670565786745,-28.17080081832136,-27.829260449672454,3,36,6,5,-28.224471447680468,-27.77558982031334
2001-11-27 15:30:00,15,-26.0,-26.00004406267952,0.087127645063495,-30.0,-26.143369038808967,-25.85671908655007,-26.170814247003968,-25.829273878355067,3,36,6,5,-26.224484876363086,-25.775603248995957
2001-11-27 16:30:00,15,-27.0,-27.00002880741092,0.087127645063495,-30.0,-27.14335378354037,-26.856703831281468,-27.170798991735367,-26.829258623086467,3,36,6,5,-27.224469621094485,-26.775587993727356
2001-11-27 17:30:00,15,-27.0,-27.00002367169434,0.087127645063495,-30.0,-27.14334864782379,-26.85669869556489,-27.17079385601879,-26.82925348736989,3,36,6,5,-27.224464485377904,-26.775582858010775
2001-11-27 18:30:00,15,-25.0,-25.000040341665624,0.087127645063495,-29.0,-25.14336531779508,-24.85671536553617,-25.17081052599008,-24.82927015734117,3,36,6,5,-25.22448115534919,-24.77559952798206
2001-11-27 19:30:00,15,-25.0,-25.00003564592529,0.087127645063495,-28.0,-25.14336062205474,-24.85671066979584,-25.17080583024974,-24.82926546160084,3,36,6,5,-25.224476459608855,-24.775594832241726
2001-11-27 20:30:00,15,-25.0,-25.000028155003363,0.087127645063495,-26.0,-25.14335313113281,-24.856703178873914,-25.170798339327813,-24.82925797067892,3,36,6,5,-25.224468968686928,-24.7755873413198
2001-11-27 21:30:00,15,-26.0,-26.00002605009724,0.087127645063495,-27.0,-26.14335102622669,-25.856701073967788,-26.170796234421687,-25.829255865772787,3,36,6,5,-26.224466863780805,-25.775585236413676
2001-11-27 22:30:00,15,-26.0,-26.000018036438338,0.087127645063495,-27.0,-26.143343012567787,-25.85669306030889,-26.170788220762788,-25.829247852113888,3,36,6,5,-26.224458850121902,-25.775577222754773
2001-11-27 23:30:00,15,-28.0,-27.999989676870754,0.087127645063495,-25.0,-28.143314653000203,-27.856664700741305,-28.170759861195204,-27.829219492546304,3,36,6,5,-28.22443049055432,-27.77554886318719
2001-11-28 00:30:00,15,-30.0,-29.99996546417145,0.087127645063495,-25.0,-30.1432904403009,-29.856640488042,-30.1707356484959,-29.829195279847,3,36,6,5,-30.224406277855014,-29.775524650487885
2001-11-28 01:30:00,15,-31.0,-30.999947973972827,0.087127645063495,-25.0,-31.14327295010228,-30.856622997843377,-31.17071815829728,-30.829177789648377,3,36,6,5,-31.22438878765639,-30.775507160289262
2001-11-28 02:30:00,15,-33.0,-32.99993629848476,0.087127645063495,-26.0,-33.14326127461421,-32.85661132235531,-33.170706482809216,-32.82916611416031,3,36,6,5,-33.22437711216833,-32.7754954848012
2001-11-28 03:30:00,15,-33.0,-32.99993312885944,0.087127645063495,-26.0,-33.14325810498889,-32.85660815272999,-33.17070331318389,-32.829162944534986,3,36,6,5,-33.224373942543004,-32.775492315175875
2001-11-28 04:30:00,15,-32.0,-31.99994115101228,0.087127645063495,-28.0,-32.14326612714173,-31.856616174882827,-32.170711335336726,-31.829170966687823,3,36,6,5,-32.224381964695844,-31.775500337328715
2001-11-28 05:30:00,15,-28.0,-27.999992076464352,0.087127645063495,-30.0,-28.1433170525938,-27.856667100334903,-28.1707622607888,-27.829221892139905,3,36,6,5,-28.224432890147916,-27.775551262780787
2001-11-28 06:30:00,15,-25.0,-25.00002244072794,0.087127645063495,-31.0,-25.143347416857388,-24.85669746459849,-25.17079262505239,-24.82925225640349,3,36,6,5,-25.224463254411503,-24.775581627044374
2001-11-28 07:30:00,15,-20.0,-20.00008120880928,0.087127645063495,-33.0,-20.143406184938726,-19.856756232679828,-20.170851393133727,-19.829311024484827,3,36,6,5,-20.224522022492845,-19.775640395125716
2001-11-28 08:30:00,15,-17.0,-17.00011595566076,0.087127645063495,-33.0,-17.14344093179021,-16.85679097953131,-17.17088613998521,-16.82934577133631,3,36,6,5,-17.224556769344325,-16.775675141977196
2001-11-28 09:30:00,15,-16.0,-16.000123038243792,0.087127645063495,-32.0,-16.14344801437324,-15.856798062114343,-16.170893222568242,-15.829352853919342,3,36,6,5,-16.224563851927357,-15.77568222456023
2001-11-28 10:30:00,15,-17.0,-17.00009458518206,0.087127645063495,-28.0,-17.14341956131151,-16.856769609052613,-17.17086476950651,-16.82932440085761,3,36,6,5,-17.224535398865626,-16.775653771498497
2001-11-28 11:30:00,15,-16.0,-16.000082528594838,0.087127645063495,-25.0,-16.143407504724287,-15.856757552465387,-16.170852712919288,-15.829312344270388,3,36,6,5,-16.224523342278403,-15.775641714911275
2001-11-28 12:30:00,15,-16.0,-16.00006174290895,0.087127645063495,-20.0,-16.1433867190384,-15.856736766779502,-16.1708319272334,-15.8292915585845,3,36,6,5,-16.224502556592515,-15.775620929225388
2001-11-28 13:30:00,15,-16.0,-16.000050723945247,0.087127645063495,-17.0,-16.143375700074696,-15.856725747815798,-16.170820908269697,-15.829280539620797,3,36,6,5,-16.22449153762881,-15.775609910261684
2001-11-28 14:30:00,15,-15.0,-15.000051504707011,0.087127645063495,-16.0,-15.143376480836462,-14.856726528577564,-15.170821689031465,-14.829281320382565,3,36,6,5,-15.224492318390574,-14.775610691023449
2001-11-28 15:30:00,15,-13.0,-13.000066304810389,0.087127645063495,-17.0,-13.143391280939838,-12.85674132868094,-13.17083648913484,-12.82929612048594,3,36,6,5,-13.224507118493952,-12.775625491126826
2001-11-28 16:30:00,15,-13.0,-13.000067279579856,0.087127645063495,-16.0,-13.143392255709305,-12.856742303450408,-13.170837463904306,-12.829297095255406,3,36,6,5,-13.224508093263418,-12.775626465896293
2001-11-28 17:30:00,15,-14.0,-14.00005888180365,0.087127645063495,-16.0,-14.1433838579331,-13.8567339056742,-14.1708290661281,-13.8292886974792,3,36,6,5,-14.224499695487212,-13.775618068120087
2001-11-28 18:30:00,15,-13.0,-13.00006041644756,0.087127645063495,-16.0,-13.14338539257701,-12.856735440318111,-13.17083060077201,-12.82929023212311,3,36,6,5,-13.224501230131123,-12.775619602763998
2001-11-28 19:30:00,15,-13.0,-13.000047264330131,0.087127645063495,-15.0,-13.14337224045958,-12.856722288200682,-13.17081744865458,-12.82927708000568,3,36,6,5,-13.224488078013694,-12.775606450646569
2001-11-28 20:30:00,15,-13.0,-13.000042544352844,0.087127645063495,-13.0,-13.143367520482292,-12.856717568223395,-13.170812728677294,-12.829272360028394,3,36,6,5,-13.224483358036407,-12.775601730669282
2001-11-28 21:30:00,15,-12.0,-12.00005413688794,0.087127645063495,-13.0,-12.143379113017389,-11.85672916075849,-12.17082432121239,-11.82928395256349,3,36,6,5,-12.224494950571502,-11.775613323204377
2001-11-28 22:30:00,15,-14.0,-14.000035540090714,0.087127645063495,-14.0,-14.143360516220165,-13.856710563961265,-14.170805724415164,-13.829265355766264,3,36,6,5,-14.224476353774277,-13.775594726407151
2001-11-28 23:30:00,15,-15.0,-15.00002224509448,0.087127645063495,-13.0,-15.14334722122393,-14.856697268965032,-15.170792429418931,-14.829252060770033,3,36,6,5,-15.224463058778042,-14.775581431410917
2001-11-29 00:30:00,15,-15.0,-15.000008446749325,0.087127645063495,-13.0,-15.143333422878772,-14.856683470619874,-15.170778631073771,-14.829238262424871,3,36,6,5,-15.224449260432888,-14.775567633065762
2001-11-29 01:30:00,15,-15.0,-15.000001248965011,0.087127645063495,-13.0,-15.143326225094462,-14.856676272835564,-15.170771433289463,-14.829231064640563,3,36,6,5,-15.224442062648574,-14.775560435281449
2001-11-29 02:30:00,15,-17.0,-16.999989740101654,0.087127645063495,-12.0,-17.143314716231103,-16.856664763972205,-17.170759924426104,-16.829219555777204,3,36,6,5,-17.22443055378522,-16.77554892641809
2001-11-29 03:30:00,15,-19.0,-18.99997596407141,0.087127645063495,-14.0,-19.143300940200863,-18.856650987941965,-19.170746148395864,-18.829205779746964,3,36,6,5,-19.224416777754975,-18.775535150387846
2001-11-29 04:30:00,15,-20.0,-19.999969575841,0.087127645063495,-15.0,-20.14329455197044,-19.856644599711544,-20.170739760165443,-19.829199391516543,3,36,6,5,-20.224410389524564,-19.775528762157435
2001-11-29 05:30:00,15,-18.0,-17.999973890861884,0.087127645063495,-15.0,-18.143298866991334,-17.856648914732435,-18.17074407518633,-17.829203706537434,3,36,6,5,-18.22441470454545,-17.77553307717832
2001-11-29 06:30:00,15,-18.0,-17.9999779489724,0.087127645063495,-15.0,-18.14330292510185,-17.85665297284295,-18.17074813329685,-17.82920776464795,3,36,6,5,-18.224418762655965,-17.775537135288836
2001-11-29 07:30:00,15,-19.0,-18.99998449634284,0.087127645063495,-17.0,-19.14330947247229,-18.85665952021339,-19.17075468066729,-18.82921431201839,3,36,6,5,-19.224425310026405,-18.775543682659276
2001-11-29 08:30:00,15,-17.0,-17.00001363748359,0.087127645063495,-19.0,-17.14333861361304,-16.85668866135414,-17.17078382180804,-16.82924345315914,3,36,6,5,-17.224454451167155,-16.775572823800026
2001-11-29 09:30:00,15,-17.0,-17.000006789937064,0.087127645063495,-20.0,-17.143331766066513,-16.856681813807615,-17.170776974261514,-16.829236605612614,3,36,6,5,-17.22444760362063,-16.7755659762535
2001-11-29 10:30:00,15,-17.0,-16.999993746226437,0.087127645063495,-18.0,-17.143318722355886,-16.856668770096988,-17.170763930550887,-16.829223561901987,3,36,6,5,-17.22443455991,-16.775552932542872
2001-11-29 11:30:00,15,-16.0,-16.00001408113978,0.087127645063495,-18.0,-16.14333905726923,-15.856689105010332,-16.17078426546423,-15.829243896815331,3,36,6,5,-16.224454894823346,-15.775573267456219
2001-11-29 12:30:00,15,-17.0,-17.000016634441497,0.087127645063495,-19.0,-17.143341610570946,-16.856691658312048,-17.170786818765947,-16.829246450117047,3,36,6,5,-17.22445744812506,-16.775575820757933
2001-11-29 13:30:00,15,-16.0,-16.000008703920052,0.087127645063495,-17.0,-16.1433336800495,-15.856683727790603,-16.170778888244502,-15.829238519595602,3,36,6,5,-16.224449517603617,-15.77556789023649
2001-11-29 14:30:00,15,-12.0,-12.00003295058487,0.087127645063495,-17.0,-12.14335792671432,-11.85670797445542,-12.17080313490932,-11.82926276626042,3,36,6,5,-12.224473764268433,-11.775592136901308
2001-11-29 15:30:00,15,-12.0,-12.000014777104184,0.087127645063495,-17.0,-12.143339753233631,-11.856689800974737,-12.170784961428634,-11.829244592779734,3,36,6,5,-12.224455590787747,-11.775573963420621
2001-11-29 16:30:00,15,-14.0,-14.00000175639451,0.087127645063495,-16.0,-14.14332673252396,-13.856676780265062,-14.17077194071896,-13.82923157207006,3,36,6,5,-14.224442570078073,-13.775560942710948
2001-11-29 17:30:00,15,-14.0,-14.00000695841656,0.087127645063495,-17.0,-14.143331934546008,-13.85668198228711,-14.17077714274101,-13.82923677409211,3,36,6,5,-14.224447772100122,-13.775566144732997
2001-11-29 18:30:00,15,-14.0,-14.000006171670153,0.087127645063495,-16.0,-14.1433311477996,-13.856681195540702,-14.1707763559946,-13.8292359873457,3,36,6,5,-14.224446985353715,-13.77556535798659
2001-11-29 19:30:00,15,-14.0,-13.999990949412004,0.087127645063495,-12.0,-14.143315925541454,-13.856665973282556,-14.170761133736455,-13.829220765087555,3,36,6,5,-14.224431763095566,-13.775550135728441
2001-11-29 20:30:00,15,-14.0,-13.99998890447479,0.087127645063495,-12.0,-14.14331388060424,-13.85666392834534,-14.17075908879924,-13.82921872015034,3,36,6,5,-14.224429718158353,-13.775548090791228
2001-11-29 21:30:00,15,-14.0,-13.999990488539527,0.087127645063495,-14.0,-14.143315464668976,-13.856665512410078,-14.170760672863976,-13.829220304215076,3,36,6,5,-14.22443130222309,-13.775549674855965
2001-11-29 22:30:00,15,-15.0,-14.99997060478865,0.087127645063495,-14.0,-15.1432955809181,-14.8566456286592,-15.1707407891131,-14.8292004204642,3,36,6,5,-15.224411418472213,-14.775529791105088
2001-11-29 23:30:00,15,-17.0,-16.999955179836224,0.087127645063495,-14.0,-17.143280155965673,-16.856630203706775,-17.170725364160674,-16.829184995511774,3,36,6,5,-17.22439599351979,-16.77551436615266
2001-11-30 00:30:00,15,-19.0,-18.999928222199948,0.087127645063495,-14.0,-19.1432531983294,-18.8566032460705,-19.1706984065244,-18.82915803787549,3,36,6,5,-19.224369035883512,-18.775487408516383
2001-11-30 01:30:00,15,-22.0,-21.99989838762582,0.087127645063495,-14.0,-22.14322336375527,-21.85657341149637,-22.17066857195027,-21.82912820330137,3,36,6,5,-22.224339201309384,-21.775457573942255
2001-11-30 02:30:00,15,-22.0,-21.99990051587521,0.087127645063495,-14.0,-22.14322549200466,-21.85657553974576,-22.17067070019966,-21.82913033155076,3,36,6,5,-22.224341329558776,-21.775459702191647
2001-11-30 03:30:00,15,-20.0,-19.999929175810653,0.087127645063495,-15.0,-20.143254151940106,-19.856604199681204,-20.170699360135103,-19.829158991486203,3,36,6,5,-20.224369989494217,-19.77548836212709
2001-11-30 04:30:00,15,-16.0,-15.99998765654606,0.087127645063495,-17.0,-16.14331263267551,-15.856662680416612,-16.17075784087051,-15.829217472221613,3,36,6,5,-16.224428470229622,-15.775546842862497
2001-11-30 05:30:00,15,-13.0,-13.00002995913945,0.087127645063495,-19.0,-13.1433549352689,-12.85670498301,-13.1708001434639,-12.829259774815,3,36,6,5,-13.224470772823013,-12.775589145455887
2001-11-30 06:30:00,15,-13.0,-13.000058301477512,0.087127645063495,-22.0,-13.14338327760696,-12.856733325348063,-13.170828485801962,-12.829288117153062,3,36,6,5,-13.224499115161075,-12.77561748779395
2001-11-30 07:30:00,15,-12.0,-12.00007180295832,0.087127645063495,-22.0,-12.14339677908777,-11.856746826828871,-12.17084198728277,-11.82930161863387,3,36,6,5,-12.224512616641883,-11.775630989274758
2001-11-30 08:30:00,15,-13.0,-13.000031063683512,0.087127645063495,-20.0,-13.14335603981296,-12.856706087554064,-13.170801248007962,-12.829260879359062,3,36,6,5,-13.224471877367074,-12.775590249999949
2001-11-30 09:30:00,15,-16.0,-15.999965600191208,0.087127645063495,-16.0,-16.143290576320656,-15.856640624061756,-16.170735784515657,-15.829195415866756,3,36,6,5,-16.22440641387477,-15.775524786507646
2001-11-30 10:30:00,15,-17.0,-16.99993142472451,0.087127645063495,-13.0,-17.14325640085396,-16.856606448595063,-17.17070160904896,-16.82916124040006,3,36,6,5,-17.224372238408076,-16.775490611040947
2001-11-30 11:30:00,15,-16.0,-15.99994562506764,0.087127645063495,-13.0,-16.143270601197088,-15.85662064893819,-16.17071580939209,-15.829175440743189,3,36,6,5,-16.224386438751203,-15.775504811384078
2001-11-30 12:30:00,15,-13.0,-12.999977078628753,0.087127645063495,-12.0,-13.143302054758202,-12.856652102499304,-13.170747262953205,-12.829206894304304,3,36,6,5,-13.224417892312315,-12.77553626494519
2001-11-30 13:30:00,15,-9.0,-9.000023409049646,0.087127645063495,-13.0,-9.143348385179095,-8.856698432920197,-9.170793593374096,-8.829253224725196,3,36,6,5,-9.224464222733209,-8.775582595366084
2001-11-30 14:30:00,15,0.0,-0.0001305573678465,0.087127645063495,-16.0,-0.1434555334972958,0.1431944187616028,-0.1709007416922967,0.1706396269566037,3,36,6,5,-0.22457137105140965,0.22431025631571663
2001-11-30 15:30:00,15,-5.0,-5.0000800843015725,0.087127645063495,-17.0,-5.1434050604310215,-4.856755108172123,-5.170850268626023,-4.8293098999771225,3,36,6,5,-5.224520897985135,-4.77563927061801
2001-11-30 16:30:00,15,-5.0,-5.00007866289231,0.087127645063495,-16.0,-5.143403639021759,-4.856753686762861,-5.17084884721676,-4.82930847856786,3,36,6,5,-5.224519476575873,-4.7756378492087475
2001-11-30 17:30:00,15,-7.0,-7.000039816336013,0.087127645063495,-13.0,-7.143364792465462,-6.856714840206564,-7.170810000660463,-6.829269632011563,3,36,6,5,-7.224480630019576,-6.77559900265245
2001-11-30 18:30:00,15,-5.0,-5.000044970818443,0.087127645063495,-9.0,-5.143369946947892,-4.856719994688994,-5.170815155142893,-4.829274786493993,3,36,6,5,-5.224485784502006,-4.775604157134881
2001-11-30 19:30:00,15,-1.0,-1.000073635599378,0.087127645063495,0.0,-1.1433986117288273,-0.8567486594699287,-1.1708438199238282,-0.8293034512749278,3,36,6,5,-1.2245144492829412,-0.7756328219158148
2001-11-30 20:30:00,15,0.0,-8.989461424846468e-05,0.087127645063495,-5.0,-0.1434148707436977,0.1432350815152008,-0.1708600789386987,0.1706802897102017,3,36,6,5,-0.2245307082978116,0.22435091906931467
2001-11-30 21:30:00,15,3.0,2.999875670099655,0.087127645063495,-5.0,2.8565506939702057,3.1432006462291047,2.829105485775205,3.170645854424105,3,36,6,5,2.775434856416092,3.2243164837832183
2001-11-30 22:30:00,15,2.0,1.9998786667136488,0.087127645063495,-7.0,1.8565536905841995,2.143203642843098,1.8291084823891983,2.1706488510380986,3,36,6,5,1.7754378530300856,2.2243194803972117
2001-11-30 23:30:00,15,1.0,0.9998996131432492,0.087127645063495,-5.0,0.8565746370137999,1.1432245892726984,0.8291294288187989,1.1706697974676994,3,36,6,5,0.775458799459686,1.2243404268268123
2001-12-01 00:30:00,15,1.0,0.9999108482757606,0.087127645063495,-1.0,0.8565858721463113,1.14323582440521,0.8291406639513104,1.1706810326002108,3,36,6,5,0.7754700345921974,1.2243516619593238
2001-12-01 01:30:00,15,-3.0,-3.0000454996138224,0.087127645063495,0.0,-3.143370475743272,-2.856720523484373,-3.1708156839382724,-2.8292753152893724,3,36,6,5,-3.2244863132973856,-2.775604685930259
2001-12-01 02:30:00,15,-3.0,-3.0000474431386976,0.087127645063495,3.0,-3.143372419268147,-2.856722467009248,-3.170817627463148,-2.829277258814248,3,36,6,5,-3.224488256822261,-2.7756066294551345
2001-12-01 03:30:00,15,-5.0,-5.000026665467281,0.087127645063495,2.0,-5.14335164159673,-4.856701689337832,-5.170796849791731,-4.829256481142831,3,36,6,5,-5.224467479150844,-4.775585851783719
2001-12-01 04:30:00,15,-4.0,-4.000036344114871,0.087127645063495,1.0,-4.1433613202443205,-3.856711367985422,-4.170806528439321,-3.829266159790421,3,36,6,5,-4.224477157798434,-3.7755955304313082
2001-12-01 05:30:00,15,4.0,3.999886228615331,0.087127645063495,1.0,3.8565612524858817,4.14321120474478,3.829116044290881,4.170656412939781,3,36,6,5,3.775445414931768,4.224327042298894
2001-12-01 06:30:00,15,8.0,7.9998251934365,0.087127645063495,-3.0,7.856500217307051,8.14315016956595,7.82905500911205,8.17059537776095,3,36,6,5,7.775384379752937,8.224266007120063
2001-12-01 07:30:00,15,7.0,6.999869912360296,0.087127645063495,-3.0,6.856544936230847,7.143194888489745,6.829099728035846,7.170640096684746,3,36,6,5,6.775429098676733,7.224310726043859
2001-12-01 08:30:00,15,9.0,8.99987200426532,0.087127645063495,-5.0,8.856547028135871,9.14319698039477,8.82910181994087,9.17064218858977,3,36,6,5,8.775431190581758,9.224312817948883
2001-12-01 09:30:00,15,6.0,5.999906925238307,0.087127645063495,-4.0,5.8565819491088575,6.143231901367756,5.829136740913857,6.170677109562757,3,36,6,5,5.775466111554744,6.224347738921869
2001-12-01 10:30:00,15,8.0,7.999897575115398,0.087127645063495,4.0,7.856572598985949,8.143222551244847,7.829127390790948,8.170667759439848,3,36,6,5,7.775456761431835,8.22433838879896
2001-12-01 11:30:00,15,13.0,12.9998441046207,0.087127645063495,8.0,12.85651912849125,13.143169080750148,12.82907392029625,13.17061428894515,3,36,6,5,12.775403290937136,13.224284918304262
2001-12-01 12:30:00,15,7.0,6.999905572560792,0.087127645063495,7.0,6.856580596431343,7.143230548690241,6.829135388236342,7.170675756885242,3,36,6,5,6.775464758877229,7.224346386244354
2001-12-01 13:30:00,15,-2.0,-1.9999910021323544,0.087127645063495,9.0,-2.143315978261804,-1.856666026002905,-2.1707611864568044,-1.829220817807904,3,36,6,5,-2.2244318158159175,-1.7755501884487912
2001-12-01 14:30:00,15,-2.0,-1.9999728537989192,0.087127645063495,6.0,-2.1432978299283687,-1.85664787766947,-2.170743038123369,-1.829202669474469,3,36,6,5,-2.2244136674824824,-1.775532040115356
2001-12-01 15:30:00,15,-3.0,-2.9999443136287063,0.087127645063495,8.0,-3.143269289758156,-2.856619337499257,-3.1707144979531563,-2.8291741293042563,3,36,6,5,-3.2243851273122695,-2.775503499945143
2001-12-01 16:30:00,15,-9.0,-8.999887402362212,0.087127645063495,13.0,-9.14321237849166,-8.856562426232763,-9.170657586686662,-8.829117218037762,3,36,6,5,-9.224328216045775,-8.77544658867865
2001-12-01 17:30:00,15,-1.0,-0.9999870457533576,0.087127645063495,7.0,-1.1433120218828068,-0.8566620696239082,-1.1707572300778075,-0.8292168614289073,3,36,6,5,-1.2244278594369207,-0.7755462320697945
2001-12-01 18:30:00,15,-1.0,-0.999975335167072,0.087127645063495,-2.0,-1.1433003112965212,-0.8566503590376227,-1.1707455194915222,-0.8292051508426217,3,36,6,5,-1.224416148850635,-0.7755345214835089
2001-12-01 19:30:00,15,-4.0,-3.999907082781743,0.087127645063495,-2.0,-4.143232058911192,-3.856582106652293,-4.170677267106193,-3.8291368984572927,3,36,6,5,-4.224347896465306,-3.77546626909818
2001-12-01 20:30:00,15,-6.0,-5.999887524424498,0.087127645063495,-3.0,-6.143212500553947,-5.856562548295049,-6.170657708748948,-5.829117340100048,3,36,6,5,-6.2243283381080605,-5.775446710740935
2001-12-01 21:30:00,15,-4.0,-3.9999757820825854,0.087127645063495,-9.0,-4.143300758212035,-3.856650805953137,-4.170745966407036,-3.829205597758136,3,36,6,5,-4.224416595766148,-3.7755349683990223
2001-12-01 22:30:00,15,-7.0,-6.999935882807929,0.087127645063495,-1.0,-7.143260858937378,-6.85661090667848,-7.170706067132379,-6.829165698483479,3,36,6,5,-7.2243766964914915,-6.775495069124366
2001-12-01 23:30:00,15,-2.0,-1.9999807699090968,0.087127645063495,-1.0,-2.1433057460385467,-1.856655793779648,-2.1707509542335472,-1.829210585584647,3,36,6,5,-2.22442158359266,-1.7755399562255336
2001-12-02 00:30:00,15,-1.0,-0.9999977175884852,0.087127645063495,-4.0,-1.1433226937179344,-0.8566727414590358,-1.1707679019129351,-0.8292275332640349,3,36,6,5,-1.2244385312720483,-0.775556903904922
2001-12-02 01:30:00,15,-2.0,-1.9999946858760644,0.087127645063495,-6.0,-2.143319662005514,-1.8566697097466152,-2.1707648702005145,-1.8292245015516144,3,36,6,5,-2.2244354995596276,-1.7755538721925013
2001-12-02 02:30:00,15,-3.0,-2.999982907896825,0.087127645063495,-4.0,-3.143307884026275,-2.856657931767376,-3.1707530922212754,-2.8292127235723754,3,36,6,5,-3.224423721580388,-2.775542094213262
2001-12-02 03:30:00,15,-2.0,-2.000022768904241,0.087127645063495,-7.0,-2.14334774503369,-1.856697792774792,-2.170792953228691,-1.829252584579791,3,36,6,5,-2.2244635825878043,-1.775581955220678
2001-12-02 04:30:00,15,0.0,-4.998897482266784e-05,0.087127645063495,-2.0,-0.1433749651042719,0.1432749871546266,-0.1708201732992729,0.1707201953496275,3,36,6,5,-0.2244908026583858,0.22439082470874047
2001-12-02 05:30:00,15,3.0,2.9999461454495204,0.087127645063495,-1.0,2.856621169320071,3.14327112157897,2.8291759611250704,3.1707163297739704,3,36,6,5,2.7755053317659573,3.2243869591330836
2001-12-02 06:30:00,15,0.0,-2.4516731635060296e-05,0.087127645063495,-2.0,-0.1433494928610843,0.1433004593978142,-0.1707947010560853,0.1707456675928151,3,36,6,5,-0.2244653304151982,0.22441629695192808
2001-12-02 07:30:00,15,3.0,2.9999399762871306,0.087127645063495,-3.0,2.856615000157681,3.14326495241658,2.8291697919626806,3.1707101606115806,3,36,6,5,2.7754991626035674,3.2243807899706938
2001-12-02 08:30:00,15,6.0,5.99991706576327,0.087127645063495,-2.0,5.856592089633821,6.143242041892719,5.82914688143882,6.17068725008772,3,36,6,5,5.775476252079708,6.224357879446833
2001-12-02 09:30:00,15,10.0,9.999880307192974,0.087127645063495,0.0,9.856555331063523,10.143205283322423,9.829110122868524,10.170650491517424,3,36,6,5,9.775439493509412,10.224321120876537
2001-12-02 10:30:00,15,12.0,11.99986926484378,0.087127645063495,3.0,11.856544288714332,12.14319424097323,11.829099080519333,12.170639449168233,3,36,6,5,11.775428451160217,12.224310078527342
2001-12-02 11:30:00,15,13.0,12.999854950850498,0.087127645063495,0.0,12.856529974721049,13.143179926979949,12.829084766526048,13.170625135174948,3,36,6,5,12.775414137166935,13.22429576453406
2001-12-02 12:30:00,15,16.0,15.999828000146737,0.087127645063495,3.0,15.856503024017286,16.143152976276184,15.829057815822283,16.170598184471185,3,36,6,5,15.775387186463174,16.2242688138303
2001-12-02 13:30:00,15,15.0,14.99984583745475,0.087127645063495,6.0,14.8565208613253,15.1431708135842,14.8290756531303,15.1706160217792,3,36,6,5,14.775405023771187,15.224286651138312
2001-12-02 14:30:00,15,16.0,15.999840898877338,0.087127645063495,10.0,15.856515922747889,16.143165875006787,15.829070714552888,16.170611083201788,3,36,6,5,15.775400085193775,16.224281712560902
2001-12-02 15:30:00,15,13.0,12.999876356960144,0.087127645063495,12.0,12.856551380830696,13.143201333089593,12.829106172635694,13.170646541284594,3,36,6,5,12.775435543276581,13.224317170643706
2001-12-02 16:30:00,15,9.0,8.999918574453574,0.087127645063495,13.0,8.856593598324125,9.143243550583025,8.829148390129124,9.170688758778024,3,36,6,5,8.775477760770011,9.224359388137136
2001-12-02 17:30:00,15,6.0,5.999938834636275,0.087127645063495,16.0,5.856613858506826,6.143263810765724,5.829168650311825,6.170709018960725,3,36,6,5,5.775498020952712,6.224379648319838
2001-12-02 18:30:00,15,5.0,4.999945477348753,0.087127645063495,15.0,4.856620501219304,5.143270453478202,4.829175293024303,5.170715661673203,3,36,6,5,4.77550466366519,5.2243862910323156
2001-12-02 19:30:00,15,5.0,4.9999496892773365,0.087127645063495,16.0,4.856624713147888,5.143274665406786,4.829179504952887,5.1707198736017865,3,36,6,5,4.775508875593774,5.224390502960899
2001-12-02 20:30:00,15,0.0,-8.087274814272405e-06,0.087127645063495,13.0,-0.1433330634042635,0.143316888854635,-0.1707782715992645,0.1707620970496359,3,36,6,5,-0.2244489009583774,0.22443272640874887
2001-12-02 21:30:00,15,0.0,7.01853454643242e-06,0.087127645063495,9.0,-0.1433179575949028,0.1433319946639957,-0.1707631657899038,0.1707772028589966,3,36,6,5,-0.2244337951490167,0.22444783221810957
2001-12-02 22:30:00,15,-1.0,-0.999998842703718,0.087127645063495,6.0,-1.1433238188331674,-0.8566738665742688,-1.1707690270281683,-0.8292286583792678,3,36,6,5,-1.224439656387281,-0.7755580290201548
2001-12-02 23:30:00,15,-2.0,-2.000000854446082,0.087127645063495,5.0,-2.1433258305755314,-1.8566758783166328,-2.170771038770532,-1.829230670121632,3,36,6,5,-2.224441668129645,-1.7755600407625187
2001-12-03 00:30:00,15,2.0,1.9999451473333707,0.087127645063495,5.0,1.8566201712039208,2.14327012346282,1.8291749630089205,2.1707153316578207,3,36,6,5,1.7755043336498075,2.224385961016934
2001-12-03 01:30:00,15,3.0,2.9999041469154832,0.087127645063495,0.0,2.8565791707860337,3.1432291230449327,2.829133962591033,3.1706743312399333,3,36,6,5,2.77546333323192,3.2243449605990464
2001-12-03 02:30:00,15,5.0,4.999869953825495,0.087127645063495,0.0,4.856544977696046,5.143194929954944,4.829099769501045,5.170640138149945,3,36,6,5,4.775429140141933,5.224310767509058
2001-12-03 03:30:00,15,8.0,7.999833355811397,0.087127645063495,-1.0,7.856508379681948,8.143158331940846,7.829063171486947,8.170603540135847,3,36,6,5,7.775392542127834,8.22427416949496
2001-12-03 04:30:00,15,10.0,9.999888312868066,0.087127645063495,-2.0,9.856563336738615,10.143213288997517,9.829118128543616,10.170658497192516,3,36,6,5,9.775447499184503,10.224329126551629
2001-12-03 05:30:00,15,6.0,6.000001183476158,0.087127645063495,2.0,5.856676207346709,6.143326159605607,5.829230999151708,6.170771367800608,3,36,6,5,5.775560369792595,6.224441997159721
2001-12-03 06:30:00,15,6.0,6.000030448751161,0.087127645063495,3.0,5.856705472621712,6.14335542488061,5.829260264426711,6.170800633075611,3,36,6,5,5.775589635067599,6.224471262434724
2001-12-03 07:30:00,15,5.0,5.000049515548504,0.087127645063495,5.0,4.856724539419055,5.143374491677953,4.829279331224054,5.170819699872954,3,36,6,5,4.775608701864941,5.224490329232067
2001-12-03 08:30:00,15,2.0,2.0000776204755084,0.087127645063495,8.0,1.8567526443460591,2.143402596604958,1.8293074361510584,2.1708478047999584,3,36,6,5,1.7756368067919452,2.2245184341590716
2001-12-03 09:30:00,15,-2.0,-1.9999163087844456,0.087127645063495,10.0,-2.143241284913896,-1.8565913326549963,-2.170686493108896,-1.829146124459996,3,36,6,5,-2.2243571224680085,-1.7754754951008824
2001-12-03 10:30:00,15,-3.0,-2.9999098127483315,0.087127645063495,6.0,-3.143234788877781,-2.856584836618882,-3.170679997072781,-2.829139628423881,3,36,6,5,-3.2243506264318946,-2.7754689990647683
2001-12-03 11:30:00,15,-1.0,-0.9999250070183904,0.087127645063495,6.0,-1.1432499831478398,-0.8566000308889412,-1.1706951913428407,-0.8291548226939403,3,36,6,5,-1.2243658207019534,-0.7754841933348272
2001-12-03 12:30:00,15,5.0,5.000007976964731,0.087127645063495,5.0,4.856683000835282,5.1433329530941805,4.829237792640281,5.170778161289181,3,36,6,5,4.775567163281169,5.224448790648294
2001-12-03 13:30:00,15,5.0,4.999987888564327,0.087127645063495,2.0,4.856662912434878,5.143312864693776,4.829217704239877,5.170758072888777,3,36,6,5,4.775547074880764,5.22442870224789
2001-12-03 14:30:00,15,6.0,5.9999205721711135,0.087127645063495,-2.0,5.8565955960416645,6.143245548300563,5.829150387846664,6.170690756495564,3,36,6,5,5.775479758487551,6.224361385854676
2001-12-03 15:30:00,15,6.0,5.999886023870317,0.087127645063495,-3.0,5.856561047740868,6.143210999999766,5.829115839545867,6.170656208194767,3,36,6,5,5.775445210186755,6.22432683755388
2001-12-03 16:30:00,15,5.0,4.99986697755201,0.087127645063495,-1.0,4.856542001422561,5.143191953681459,4.82909679322756,5.17063716187646,3,36,6,5,4.775426163868447,5.224307791235573
2001-12-03 17:30:00,15,1.0,0.9999324562384332,0.087127645063495,5.0,0.8566074801089838,1.1432574323678824,0.8291622719139828,1.170702640562883,3,36,6,5,0.77549164255487,1.2243732699219962
2001-12-03 18:30:00,15,1.0,0.9999567768154448,0.087127645063495,5.0,0.8566318006859956,1.1432817529448942,0.8291865924909947,1.1707269611398952,3,36,6,5,0.7755159631318816,1.2243975904990079
2001-12-03 19:30:00,15,-20.0,-19.99981409898557,0.087127645063495,6.0,-20.143139075115023,-19.856489122856125,-20.170584283310024,-19.829043914661124,3,36,6,5,-20.224254912669135,-19.775373285302006
2001-12-03 20:30:00,15,-29.0,-28.999728820644968,0.087127645063495,6.0,-29.143053796774417,-28.85640384451552,-29.17049900496941,-28.82895863632052,3,36,6,5,-29.224169634328533,-28.775288006961404
2001-12-03 21:30:00,15,-32.0,-31.99977096037188,0.087127645063495,5.0,-32.14309593650133,-31.85644598424243,-32.17054114469633,-31.82900077604743,3,36,6,5,-32.22421177405544,-31.775330146688315
2001-12-03 22:30:00,15,-25.0,-24.999836073551727,0.087127645063495,1.0,-25.143161049681176,-24.85651109742228,-25.170606257876177,-24.82906588922728,3,36,6,5,-25.22427688723529,-24.775395259868162
2001-12-03 23:30:00,15,-24.0,-23.99999267168977,0.087127645063495,1.0,-24.143317647819224,-23.85666769556033,-24.170762856014225,-23.829222487365325,3,36,6,5,-24.224433485373336,-23.775551858006207
2001-12-04 00:30:00,15,-27.0,-27.000149705559384,0.087127645063495,-20.0,-27.14347468168884,-26.85682472942993,-27.17091988988384,-26.829379521234934,3,36,6,5,-27.22459051924295,-26.77570889187582
2001-12-04 01:30:00,15,-30.0,-30.00018367945432,0.087127645063495,-29.0,-30.14350865558376,-29.856858703324864,-30.170953863778763,-29.829413495129863,3,36,6,5,-30.224624493137885,-29.775742865770756
2001-12-04 02:30:00,15,-28.0,-28.00005509645676,0.087127645063495,-32.0,-28.14338007258621,-27.85673012032732,-28.17082528078121,-27.829284912132312,3,36,6,5,-28.224495910140323,-27.775614282773194
2001-12-04 03:30:00,15,-25.0,-24.999922344925068,0.087127645063495,-25.0,-25.14324732105452,-24.85659736879562,-25.17069252924952,-24.82915216060061,3,36,6,5,-25.224363158608632,-24.775481531241503
2001-12-04 04:30:00,15,-23.0,-23.000030332349745,0.087127645063495,-24.0,-23.1433553084792,-22.856705356220296,-23.170800516674195,-22.82926014802529,3,36,6,5,-23.22447114603331,-22.77558951866618
2001-12-04 05:30:00,15,-22.0,-22.000052605441503,0.087127645063495,-27.0,-22.143377581570952,-21.85672762931205,-22.17082278976596,-21.829282421117053,3,36,6,5,-22.224493419125068,-21.77561179175794
2001-12-04 06:30:00,15,-22.0,-22.00009924595323,0.087127645063495,-30.0,-22.14342422208268,-21.85677426982378,-22.17086943027768,-21.82932906162878,3,36,6,5,-22.224540059636794,-21.775658432269665
2001-12-04 07:30:00,15,-25.0,-25.000073118186748,0.087127645063495,-28.0,-25.1433980943162,-24.8567481420573,-25.1708433025112,-24.82930293386229,3,36,6,5,-25.224513931870312,-24.775632304503183
2005-05-07 00:30:00,28,10.0,7.307190805261705,19.418486786141195,-25.0,-24.63621995794056,39.25060156846397,-30.75304329557504,45.36742490609844,3,36,6,5,-42.71483115583801,57.32921276636142
2005-05-07 01:30:00,28,13.0,6.044180175236441,19.418486786141195,-23.0,-25.899230587965825,37.98759093843871,-32.016053925600296,44.10441427607318,3,36,6,5,-43.977841785863276,56.06620213633616
2005-05-07 02:30:00,28,12.0,7.051839231428751,19.418486786141195,-22.0,-24.891571531773515,38.99524999463102,-31.008394869407987,45.11207333226549,3,36,6,5,-42.97018272967097,57.07386119252847
2005-05-07 03:30:00,28,11.0,2.5125163792623084,19.418486786141195,-22.0,-29.43089438393996,34.455927142464574,-35.54771772157443,40.572750480099046,3,36,6,5,-47.50950558183741,52.534538340362026
2005-05-07 04:30:00,28,9.0,-0.9687101729719032,19.418486786141195,-25.0,-32.91212093617417,30.974700590230363,-39.02894427380864,37.091523927864834,3,36,6,5,-50.99073213407162,49.053311788127814
2005-05-07 05:30:00,28,10.0,-0.4914395740877708,19.418486786141195,10.0,-32.43485033729004,31.45197118911449,-38.55167367492451,37.56879452674897,3,36,6,5,-50.51346153518749,49.53058238701195
2005-05-07 06:30:00,28,11.0,2.3599927969195065,19.418486786141195,13.0,-29.58341796628276,34.30340356012177,-35.70024130391723,40.42022689775624,3,36,6,5,-47.66202916418021,52.382014758019224
2005-05-07 07:30:00,28,11.0,4.361602449400571,19.418486786141195,12.0,-27.58180831380169,36.30501321260284,-33.698631651436166,42.42183655023731,3,36,6,5,-45.660419511699146,54.38362441050029
2005-05-07 08:30:00,28,10.0,3.726752425288417,19.418486786141195,11.0,-28.21665833791385,35.67016318849068,-34.33348167554832,41.78698652612516,3,36,6,5,-46.2952695358113,53.748774386388135
2005-05-07 09:30:00,28,10.0,-2.176581576899938,19.418486786141195,9.0,-34.1199923401022,29.766829186302328,-40.23681567773667,35.8836525239368,3,36,6,5,-52.19860353799966,47.845440384199776
2005-05-07 10:30:00,28,7.0,0.7644793031656079,19.418486786141195,10.0,-31.17893146003665,32.707890066367874,-37.29575479767113,38.824713404002345,3,36,6,5,-49.25754265793411,50.786501264265326
2005-05-07 11:30:00,28,5.0,2.117646809338765,19.418486786141195,11.0,-29.8257639538635,34.06105757254103,-35.94258729149797,40.1778809101755,3,36,6,5,-47.90437515176095,52.13966877043848
2005-05-07 12:30:00,28,3.0,-1.0789353037169462,19.418486786141195,11.0,-33.02234606691921,30.86447545948532,-39.13916940455368,36.98129879711979,3,36,6,5,-51.100957264816664,48.94308665738277
2005-05-07 13:30:00,28,8.0,-2.3599007199808177,19.418486786141195,10.0,-34.30331148318308,29.583510043221448,-40.42013482081755,35.70033338085592,3,36,6,5,-52.38192268108054,47.662121241118896
2005-05-07 14:30:00,28,7.0,-3.484008974285981,19.418486786141195,10.0,-35.42741973748825,28.459401788916285,-41.54424307512272,34.57622512655075,3,36,6,5,-53.506030935385695,46.53801298681374
2005-05-07 15:30:00,28,5.0,-7.168307842906231,19.418486786141195,7.0,-39.1117186061085,24.775102920296035,-45.22854194374297,30.891926257930507,3,36,6,5,-57.19032980400595,42.85371411819349
2005-05-07 16:30:00,28,5.0,-5.458444077184534,19.418486786141195,5.0,-37.4018548403868,26.48496668601773,-43.51867817802128,32.6017900236522,3,36,6,5,-55.48046603828425,44.56357788391519
2005-05-07 17:30:00,28,8.0,-4.581926702120526,19.418486786141195,3.0,-36.52533746532279,27.36148406108174,-42.642160802957264,33.47830739871621,3,36,6,5,-54.603948663220244,45.44009525897919
2005-05-07 18:30:00,28,15.0,-4.191856062644131,19.418486786141195,8.0,-36.1352668258464,27.75155470055813,-42.25209016348087,33.8683780381926,3,36,6,5,-54.213878023743845,45.83016589845559
2005-05-07 19:30:00,28,25.0,-1.317800854872388,19.418486786141195,7.0,-33.261211618074654,30.62560990832988,-39.378034955709126,36.74243324596435,3,36,6,5,-51.339822815972106,48.70422110622733
2005-05-07 20:30:00,28,13.0,1.132610589910918,19.418486786141195,5.0,-30.810800173291348,33.076021353113184,-36.92762351092582,39.192844690747656,3,36,6,5,-48.8894113711888,51.154632551010636
2005-05-07 21:30:00,28,6.0,-0.0235632451092513,19.418486786141195,5.0,-31.96697400831152,31.91984751809301,-38.08379734594599,38.036670855727486,3,36,6,5,-50.04558520620897,49.998458715990466
2005-05-07 22:30:00,28,-2.0,-1.3388046585365032,19.418486786141195,8.0,-33.28221542173877,30.604606104665763,-39.39903875937324,36.72142944230024,3,36,6,5,-51.36082661963622,48.683217302563214
2005-05-07 23:30:00,28,-19.0,1.051993405803401,19.418486786141195,15.0,-30.891417357398865,32.99540416900567,-37.00824069503334,39.11222750664014,3,36,6,5,-48.97002855529632,51.07401536690312
2005-05-08 00:30:00,28,-31.0,4.838058684330044,19.418486786141195,25.0,-27.105352078872222,36.78146944753231,-33.222175416506694,42.89829278516678,3,36,6,5,-45.183963276769674,54.86008064542976
2005-05-08 01:30:00,28,-68.0,2.3093471147864264,19.418486786141195,13.0,-29.63406364841584,34.25275787798869,-35.75088698605031,40.36958121562317,3,36,6,5,-47.71267484631329,52.331369075886144
2005-05-08 02:30:00,28,-82.0,3.2464425037877547,19.418486786141195,6.0,-28.69696825941451,35.18985326699002,-34.81379159704898,41.30667660462449,3,36,6,5,-46.77557945731196,53.26846446488747
2005-05-08 03:30:00,28,-82.0,-16.035661244685667,19.418486786141195,-2.0,-47.979072007887936,15.9077495185166,-54.09589534552241,22.02457285615107,3,36,6,5,-66.05768320578538,33.986360716414055
2005-05-08 04:30:00,28,-81.0,-36.58816912688587,19.418486786141195,-19.0,-68.53157989008814,-4.644758363683607,-74.64840322772261,1.4720649739508644,3,36,6,5,-86.61019108798558,13.433852834213845
2005-05-08 05:30:00,28,-76.0,-60.625377938489976,19.418486786141195,-31.0,-92.56878870169224,-28.68196717528771,-98.68561203932671,-22.56514383765324,3,36,6,5,-110.64739989958969,-10.603355977390258
2005-05-08 06:30:00,28,-80.0,-90.63166973496166,19.418486786141195,-68.0,-122.57508049816391,-58.6882589717594,-128.6919038357984,-52.57143563412493,3,36,6,5,-140.65369169606137,-40.609647773861944
2005-05-08 07:30:00,28,-81.0,-100.26727252062376,19.418486786141195,-82.0,-132.21068328382603,-68.32386175742148,-138.3275066214605,-62.20703841978701,3,36,6,5,-150.2892944817235,-50.245250559524045
2005-05-08 08:30:00,28,-65.0,-89.03976755755434,19.418486786141195,-82.0,-120.9831783207566,-57.09635679435208,-127.10000165839108,-50.9795334567176,3,36,6,5,-139.06178951865405,-39.017745596454624
2005-05-08 09:30:00,28,-56.0,-81.79780826266904,19.418486786141195,-81.0,-113.7412190258713,-49.85439749946677,-119.85804236350576,-43.7375741618323,3,36,6,5,-131.81983022376875,-31.77578630156932
2005-05-08 10:30:00,28,-40.0,-75.63195337540395,19.418486786141195,-76.0,-107.57536413860622,-43.68854261220169,-113.69218747624068,-37.571719274567215,3,36,6,5,-125.65397533650366,-25.609931414304235
2005-05-08 11:30:00,28,-33.0,-73.29953260336198,19.418486786141195,-80.0,-105.24294336656423,-41.35612184015972,-111.35976670419872,-35.239298502525244,3,36,6,5,-123.3215545644617,-23.277510642262264
2005-05-08 12:30:00,28,-48.0,-69.8871295001061,19.418486786141195,-81.0,-101.83054026330836,-37.94371873690383,-107.94736360094284,-31.82689539926936,3,36,6,5,-119.90915146120582,-19.86510753900638
2005-05-08 13:30:00,28,-62.0,-58.00474988496784,19.418486786141195,-65.0,-89.9481606481701,-26.06133912176557,-96.06498398580456,-19.9445157841311,3,36,6,5,-108.02677184606756,-7.982727923868126
2005-05-08 14:30:00,28,-85.0,-53.96052880910959,19.418486786141195,-56.0,-85.90393957231186,-22.017118045907324,-92.02076290994631,-15.900294708272853,3,36,6,5,-103.98255077020931,-3.9385068480098724
2005-05-08 15:30:00,28,-83.0,-42.8520367152038,19.418486786141195,-40.0,-74.79544747840606,-10.908625952001527,-80.91227081604053,-4.791802614367057,3,36,6,5,-92.87405867630352,7.169985245895916
2005-05-08 16:30:00,28,-98.0,-43.51149761784772,19.418486786141195,-33.0,-75.45490838104999,-11.568086854645458,-81.57173171868446,-5.451263517010986,3,36,6,5,-93.53351957894745,6.510524343251994
2005-05-08 17:30:00,28,-105.0,-49.00045730628759,19.418486786141195,-48.0,-80.94386806948987,-17.057046543085328,-87.06069140712432,-10.940223205450856,3,36,6,5,-99.02247926738731,1.0215646548121242
2005-05-08 18:30:00,28,-110.0,-67.2494288879629,19.418486786141195,-62.0,-99.19283965116516,-35.30601812476064,-105.30966298879964,-29.18919478712617,3,36,6,5,-117.27145084906263,-17.22740692686319
2005-05-08 19:30:00,28,-106.0,-82.66436906890634,19.418486786141195,-85.0,-114.6077798321086,-50.72095830570407,-120.72460316974308,-44.6041349680696,3,36,6,5,-132.68639103000606,-32.64234710780662
2005-05-08 20:30:00,28,-104.0,-73.16151730266392,19.418486786141195,-83.0,-105.1049280658662,-41.21810653946166,-111.22175140350066,-35.10128320182719,3,36,6,5,-123.18353926376363,-23.139495341564206
2005-05-08 21:30:00,28,-94.0,-80.62918144550875,19.418486786141195,-98.0,-112.572592208711,-48.68577068230648,-118.68941554634549,-42.56894734467201,3,36,6,5,-130.65120340660846,-30.60715948440903
2005-05-08 22:30:00,28,-81.0,-81.21105903333162,19.418486786141195,-105.0,-113.15446979653387,-49.26764827012936,-119.27129313416836,-43.150824932494885,3,36,6,5,-131.23308099443133,-31.189037072231905
2005-05-08 23:30:00,28,-70.0,-90.90231486996709,19.418486786141195,-110.0,-122.84572563316937,-58.95890410676482,-128.96254897080382,-52.84208076913035,3,36,6,5,-140.9243368310668,-40.88029290886737
2005-05-09 00:30:00,28,-64.0,-94.10679825234486,19.418486786141195,-106.0,-126.05020901554713,-62.16338748914259,-132.16703235318158,-56.04656415150812,3,36,6,5,-144.12882021344458,-44.08477629124514
2005-05-09 01:30:00,28,-61.0,-91.71375099232064,19.418486786141195,-104.0,-123.6571617555229,-59.770340229118375,-129.77398509315736,-53.6535168914839,3,36,6,5,-141.73577295342037,-41.69172903122092
2005-05-09 02:30:00,28,-64.0,-85.4139817085578,19.418486786141195,-94.0,-117.35739247176006,-53.47057094535553,-123.47421580939454,-47.35374760772106,3,36,6,5,-135.4360036696575,-35.39195974745808
2005-05-09 03:30:00,28,-60.0,-78.13997622257546,19.418486786141195,-81.0,-110.08338698577772,-46.19656545937319,-116.2002103234122,-40.07974212173872,3,36,6,5,-128.16199818367517,-28.117954261475738
2005-05-09 04:30:00,28,-56.0,-69.9643922803051,19.418486786141195,-70.0,-101.90780304350736,-38.02098151710284,-108.02462638114184,-31.904158179468368,3,36,6,5,-119.98641424140482,-19.942370319205388
2005-05-09 05:30:00,28,-51.0,-64.52172651661557,19.418486786141195,-64.0,-96.46513727981784,-32.57831575341331,-102.58196061745232,-26.461492415778835,3,36,6,5,-114.5437484777153,-14.499704555515855
2005-05-09 06:30:00,28,-53.0,-61.49868148437575,19.418486786141195,-61.0,-93.44209224757802,-29.55527072117349,-99.55891558521247,-23.43844738353901,3,36,6,5,-111.52070344547548,-11.476659523276034
2005-05-09 07:30:00,28,-53.0,-59.2244489558565,19.418486786141195,-64.0,-91.16785971905875,-27.28103819265424,-97.28468305669324,-21.164214855019765,3,36,6,5,-109.24647091695621,-9.202426994756784
2005-05-09 08:30:00,28,-51.0,-56.2842218293636,19.418486786141195,-60.0,-88.22763259256587,-24.340811066161336,-94.34445593020034,-18.223987728526865,3,36,6,5,-106.30624379046333,-6.262199868263885
2005-05-09 09:30:00,28,-47.0,-52.99677511910414,19.418486786141195,-56.0,-84.94018588230641,-21.05336435590188,-91.05700921994088,-14.936541018267404,3,36,6,5,-103.01879708020385,-2.9747531580044253
2005-05-09 10:30:00,28,-43.0,-50.38331516497465,19.418486786141195,-51.0,-82.32672592817691,-18.43990440177238,-88.44354926581138,-12.32308106413791,3,36,6,5,-100.40533712607436,-0.36129320387492925
2005-05-09 11:30:00,28,-41.0,-49.94328717480304,19.418486786141195,-53.0,-81.88669793800531,-17.999876411600773,-88.00352127563977,-11.883053073966302,3,36,6,5,-99.96530913590276,0.0787347862966783
2005-05-09 12:30:00,28,-39.0,-49.45243414853213,19.418486786141195,-53.0,-81.3958449117344,-17.50902338532987,-87.51266824936887,-11.392200047695397,3,36,6,5,-99.47445610963184,0.5695878125675904
2005-05-09 13:30:00,28,-37.0,-49.274144187611775,19.418486786141195,-51.0,-81.21755495081405,-17.33073342440951,-87.3343782884485,-11.213910086775035,3,36,6,5,-99.29616614871149,0.7478777734879429
2005-05-09 14:30:00,28,-39.0,-48.15787661007252,19.418486786141195,-47.0,-80.10128737327479,-16.214465846870254,-86.21811071090926,-10.097642509235785,3,36,6,5,-98.17989857117223,1.8641453510271973
2005-05-09 15:30:00,28,-41.0,-46.39490225703353,19.418486786141195,-43.0,-78.3383130202358,-14.451491493831265,-84.45513635787026,-8.334668156196791,3,36,6,5,-96.41692421813325,3.627119704066189
2005-05-09 16:30:00,28,-43.0,-45.2799677157296,19.418486786141195,-41.0,-77.22337847893186,-13.336556952527332,-83.34020181656633,-7.21973361489286,3,36,6,5,-95.30198967682932,4.74205424537012
2005-05-09 17:30:00,28,-44.0,-43.2327173262535,19.418486786141195,-39.0,-75.17612808945577,-11.289306563051234,-81.29295142709023,-5.172483225416762,3,36,6,5,-93.25473928735322,6.789304634846218
2005-05-09 18:30:00,28,-44.0,-40.83788925100401,19.418486786141195,-37.0,-72.78130001420627,-8.894478487801742,-78.89812335184075,-2.77765515016727,3,36,6,5,-90.85991121210373,9.18413271009571
2005-05-09 19:30:00,28,-42.0,-39.82423789397116,19.418486786141195,-39.0,-71.76764865717342,-7.880827130768893,-77.8844719948079,-1.764003793134421,3,36,6,5,-89.84625985507088,10.19778406712856
2005-05-09 20:30:00,28,-43.0,-40.02658007005559,19.418486786141195,-41.0,-71.96999083325785,-8.083169306853321,-78.08681417089232,-1.9663459692188496,3,36,6,5,-90.0486020311553,9.99544189104413
2005-05-09 21:30:00,28,-44.0,-41.76181969533046,19.418486786141195,-43.0,-73.70523045853272,-9.818408932128191,-79.8220537961672,-3.7015855944937215,3,36,6,5,-91.78384165643018,8.260202265769259
2005-05-09 22:30:00,28,-52.0,-42.55586272444093,19.418486786141195,-44.0,-74.4992734876432,-10.612451961238662,-80.61609682527767,-4.495628623604191,3,36,6,5,-92.57788468554065,7.46615923665879
2005-05-09 23:30:00,28,-49.0,-45.06537433071704,19.418486786141195,-44.0,-77.0087850939193,-13.121963567514776,-83.12560843155379,-7.005140229880304,3,36,6,5,-95.08739629181676,4.956647630382676
2005-05-10 00:30:00,28,-49.0,-42.164104582275726,19.418486786141195,-42.0,-74.10751534547799,-10.22069381907346,-80.22433868311246,-4.103870481438989,3,36,6,5,-92.18612654337545,7.857917378823991
2005-05-10 01:30:00,28,-52.0,-41.41759277791219,19.418486786141195,-43.0,-73.36100354111446,-9.474182014709925,-79.47782687874893,-3.357358677075453,3,36,6,5,-91.43961473901192,8.604429183187527
2005-05-10 02:30:00,28,-52.0,-42.44724935568949,19.418486786141195,-44.0,-74.39066011889176,-10.503838592487227,-80.50748345652623,-4.387015254852756,3,36,6,5,-92.46927131678922,7.5747726054102245
2005-05-10 03:30:00,28,-55.0,-47.81596978162928,19.418486786141195,-52.0,-79.75938054483154,-15.872559018427012,-85.87620388246602,-9.75573568079254,3,36,6,5,-97.837991742729,2.20605217947044
2005-05-10 04:30:00,28,-55.0,-48.06281052502528,19.418486786141195,-49.0,-80.00622128822755,-16.11939976182302,-86.12304462586202,-10.002576424188549,3,36,6,5,-98.084832486125,1.9592114360744404
2005-05-10 05:30:00,28,-54.0,-48.07666319521248,19.418486786141195,-49.0,-80.02007395841474,-16.133252432010217,-86.13689729604923,-10.016429094375743,3,36,6,5,-98.0986851563122,1.945358765887235
2005-05-10 06:30:00,28,-52.0,-48.41212539938353,19.418486786141195,-52.0,-80.35553616258579,-16.46871463618126,-86.47235950022026,-10.35189129854679,3,36,6,5,-98.43414736048325,1.6098965617161909
2005-05-10 07:30:00,28,-51.0,-48.27514744324678,19.418486786141195,-52.0,-80.21855820644905,-16.331736680044514,-86.33538154408352,-10.214913342410044,3,36,6,5,-98.2971694043465,1.7468745178529375
2005-05-10 08:30:00,28,-44.0,-49.22997221417784,19.418486786141195,-55.0,-81.1733829773801,-17.286561450975576,-87.29020631501459,-11.169738113341104,3,36,6,5,-99.25199417527756,0.7920497469218759
2005-05-10 09:30:00,28,-39.0,-49.7955528280984,19.418486786141195,-55.0,-81.73896359130066,-17.852142064896135,-87.85578692893515,-11.735318727261664,3,36,6,5,-99.81757478919812,0.22646913300131644
2005-05-10 10:30:00,28,-39.0,-48.61105924418448,19.418486786141195,-54.0,-80.55447000738674,-16.66764848098221,-86.67129334502121,-10.550825143347735,3,36,6,5,-98.6330812052842,1.4109627169152361
2005-05-10 11:30:00,28,-38.0,-45.95071640565885,19.418486786141195,-52.0,-77.89412716886112,-14.007305642456586,-84.01095050649559,-7.890482304822115,3,36,6,5,-95.97273836675856,4.0713055554408655
2005-05-10 12:30:00,28,-39.0,-44.597211398947934,19.418486786141195,-51.0,-76.5406221621502,-12.653800635745668,-82.65744549978467,-6.536977298111196,3,36,6,5,-94.61923336004764,5.424810562151784
2005-05-10 13:30:00,28,-33.0,-41.04955480370335,19.418486786141195,-44.0,-72.99296556690561,-9.106144040501086,-79.1097889045401,-2.989320702866614,3,36,6,5,-91.07157676480307,8.972467157396366
2005-05-10 14:30:00,28,-31.0,-37.191677954291805,19.418486786141195,-39.0,-69.13508871749407,-5.248267191089539,-75.25191205512854,0.8685561465449325,3,36,6,5,-87.21369991539152,12.830344006807913
2005-05-10 15:30:00,28,-32.0,-36.47488634427607,19.418486786141195,-39.0,-68.41829710747834,-4.531475581073806,-74.53512044511281,1.5853477565606653,3,36,6,5,-86.4969083053758,13.547135616823645
2005-05-10 16:30:00,28,-32.0,-35.645998353899955,19.418486786141195,-38.0,-67.58940911710222,-3.702587590697689,-73.70623245473669,2.4142357469367823,3,36,6,5,-85.66802031499967,14.376023607199762
2005-05-10 17:30:00,28,-32.0,-35.01981147476277,19.418486786141195,-39.0,-66.96322223796503,-3.0764007115605025,-73.08004557559951,3.040422626073969,3,36,6,5,-85.04183343586249,15.00221048633695
2005-05-10 18:30:00,28,-31.0,-33.83999662081272,19.418486786141195,-33.0,-65.78340738401499,-1.8965858576104533,-71.90023072164945,4.220237480024018,3,36,6,5,-83.86201858191244,16.182025340286998
2005-05-10 19:30:00,28,-29.0,-32.5598520822033,19.418486786141195,-31.0,-64.50326284540557,-0.6164413190010336,-70.62008618304003,5.500382018633438,3,36,6,5,-82.58187404330302,17.462169878896418
2005-05-10 20:30:00,28,-34.0,-32.5044180733204,19.418486786141195,-32.0,-64.44782883652266,-0.5610073101181356,-70.56465217415715,5.555816027516336,3,36,6,5,-82.52644003442012,17.517603887779316
2005-05-10 21:30:00,28,-38.0,-31.490444666851616,19.418486786141195,-32.0,-63.43385543005388,0.4529660963506501,-69.55067876768835,6.569789433985122,3,36,6,5,-81.51246662795134,18.531577294248102
2005-05-10 22:30:00,28,-34.0,-30.836422552047782,19.418486786141195,-32.0,-62.77983331525005,1.10698821115448,-68.89665665288453,7.223811548788952,3,36,6,5,-80.8584445131475,19.185599409051935
2005-05-10 23:30:00,28,-31.0,-30.092666497137987,19.418486786141195,-31.0,-62.03607726034025,1.8507442660642788,-68.15290059797472,7.96756760369875,3,36,6,5,-80.11468845823771,19.92935546396173
2005-05-11 00:30:00,28,-27.0,-28.932060316635383,19.418486786141195,-29.0,-60.87547107983765,3.01135044656688,-66.99229441747212,9.128173784201351,3,36,6,5,-78.9540822777351,21.089961644464335
2005-05-11 01:30:00,28,-24.0,-29.10989098598013,19.418486786141195,-34.0,-61.0533017491824,2.83351977722214,-67.17012508681687,8.950343114856611,3,36,6,5,-79.13191294707985,20.912130975119588
2005-05-11 02:30:00,28,-17.0,-30.98703262146734,19.418486786141195,-38.0,-62.9304433846696,0.9563781417349267,-69.04726672230407,7.073201479369399,3,36,6,5,-81.00905458256706,19.03498933963238
2005-05-11 03:30:00,28,-16.0,-30.496237461087564,19.418486786141195,-34.0,-62.43964822428983,1.4471733021147024,-68.5564715619243,7.563996639749174,3,36,6,5,-80.51825942218728,19.525784500012154
2005-05-11 04:30:00,28,-17.0,-30.1916038405977,19.418486786141195,-31.0,-62.135014603799966,1.7518069226045654,-68.25183794143445,7.868630260239037,3,36,6,5,-80.21362580169742,19.830418120502017
2005-05-11 05:30:00,28,-18.0,-29.09117697501295,19.418486786141195,-27.0,-61.034587738215215,2.8522337881893165,-67.1514110758497,8.969057125823788,3,36,6,5,-79.11319893611267,20.93084498608677
2005-05-11 06:30:00,28,-17.0,-27.22669251858008,19.418486786141195,-24.0,-59.170103281782346,4.716718244622186,-65.28692661941682,10.833541582256656,3,36,6,5,-77.24871447967979,22.795329442519638
2005-05-11 07:30:00,28,-22.0,-25.34036323380372,19.418486786141195,-17.0,-57.28377399700599,6.603047529398545,-63.40059733464046,12.719870867033016,3,36,6,5,-75.36238519490344,24.681658727295996
2005-05-11 08:30:00,28,-28.0,-24.47420112658588,19.418486786141195,-16.0,-56.41761188978815,7.469209636616384,-62.53443522742262,13.586032974250855,3,36,6,5,-74.49622308768559,25.54782083451384
2005-05-11 09:30:00,28,-31.0,-23.36048086010721,19.418486786141195,-17.0,-55.30389162330948,8.582929903095057,-61.42071496094395,14.699753240729528,3,36,6,5,-73.38250282120693,26.66154110099251
2005-05-11 10:30:00,28,-34.0,-23.522459304911777,19.418486786141195,-18.0,-55.46587006811404,8.420951458290489,-61.58269340574852,14.53777479592496,3,36,6,5,-73.5444812660115,26.49956265618794
2005-05-11 11:30:00,28,-32.0,-25.121884654090778,19.418486786141195,-17.0,-57.06529541729304,6.821526109111488,-63.18211875492752,12.93834944674596,3,36,6,5,-75.1439066151905,24.90013730700894
2005-05-11 12:30:00,28,-26.0,-26.15334810189249,19.418486786141195,-22.0,-58.09675886509476,5.790062661309772,-64.21358220272923,11.906885998944244,3,36,6,5,-76.17537006299222,23.868673859207227
2005-05-11 13:30:00,28,-23.0,-28.9530562432672,19.418486786141195,-28.0,-60.89646700646946,2.9903545199350674,-67.01329034410394,9.10717785756954,3,36,6,5,-78.97507820436692,21.06896571783252
2005-05-11 14:30:00,28,-21.0,-29.775957689095613,19.418486786141195,-31.0,-61.71936845229788,2.1674530741066533,-67.83619178993234,8.284276411741125,3,36,6,5,-79.79797965019533,20.246064272004105
2005-05-11 15:30:00,28,-26.0,-31.48382190046433,19.418486786141195,-34.0,-63.4272326636666,0.4595888627379345,-69.54405600130107,6.576412200372406,3,36,6,5,-81.50584386156405,18.538200060635386
2005-05-11 16:30:00,28,-28.0,-30.04439058987596,19.418486786141195,-32.0,-61.98780135307823,1.8990201733263063,-68.1046246907127,8.015843510960778,3,36,6,5,-80.06641255097568,19.977631371223758
2005-05-11 17:30:00,28,-25.0,-27.88189497637773,19.418486786141195,-26.0,-59.82530573957999,4.06151578682454,-65.94212907721446,10.178339124459011,3,36,6,5,-77.90391693747745,22.140126984721988
2005-05-11 18:30:00,28,-26.0,-25.371565976519136,19.418486786141195,-23.0,-57.3149767397214,6.57184478668313,-63.431800077355874,12.6886681243176,3,36,6,5,-75.39358793761886,24.65045598458058
2005-05-11 19:30:00,28,-23.0,-24.01544640101031,19.418486786141195,-21.0,-55.958857164212574,7.927964362191957,-62.075680501847046,14.04478769982643,3,36,6,5,-74.03746836211002,26.00657556008941
2005-05-11 20:30:00,28,-19.0,-23.825951664606546,19.418486786141195,-26.0,-55.76936242780881,8.117459098595724,-61.88618576544328,14.234282436230195,3,36,6,5,-73.84797362570626,26.196070296493172
2005-05-11 21:30:00,28,-23.0,-24.54551614147313,19.418486786141195,-28.0,-56.4889269046754,7.397894621729137,-62.60575024230987,13.514717959363608,3,36,6,5,-74.56753810257285,25.47650581962659
2005-05-11 22:30:00,28,-22.0,-26.190454983279245,19.418486786141195,-25.0,-58.13386574648151,5.75295577992302,-64.25068908411598,11.869779117557492,3,36,6,5,-76.21247694437896,23.831566977820472
2005-05-11 23:30:00,28,-23.0,-27.17758831107547,19.418486786141195,-26.0,-59.12099907427773,4.765822452126795,-65.2378224119122,10.882645789761266,3,36,6,5,-77.19961027217519,22.844433650024246
2005-05-12 00:30:00,28,-22.0,-25.565390656985443,19.418486786141195,-23.0,-57.50880142018771,6.378020106216823,-63.62562475782218,12.494843443851297,3,36,6,5,-75.58741261808515,24.456631304114275
2005-05-12 01:30:00,28,-23.0,-25.197918617251048,19.418486786141195,-19.0,-57.141329380453314,6.745492145951218,-63.258152718087786,12.86231548358569,3,36,6,5,-75.21994057835076,24.82410334384867
2005-05-12 02:30:00,28,-20.0,-26.538475600638108,19.418486786141195,-23.0,-58.48188636384037,5.404935162564158,-64.59870970147485,11.52175850019863,3,36,6,5,-76.56049756173783,23.48354636046161
2005-05-12 03:30:00,28,-24.0,-26.625533167538894,19.418486786141195,-22.0,-58.56894393074116,5.317877595663372,-64.68576726837563,11.434700933297844,3,36,6,5,-76.64755512863861,23.396488793560824
2005-05-12 04:30:00,28,-32.0,-26.43266039612972,19.418486786141195,-23.0,-58.37607115933199,5.51075036707255,-64.49289449696646,11.627573704707022,3,36,6,5,-76.45468235722944,23.589361564969998
2005-05-12 05:30:00,28,-27.0,-24.688524268798005,19.418486786141195,-22.0,-56.63193503200027,7.254886494404261,-62.74875836963474,13.371709832038732,3,36,6,5,-74.71054622989772,25.333497692301712
2005-05-12 06:30:00,28,-22.0,-21.270456973393145,19.418486786141195,-23.0,-53.21386773659541,10.67295378980912,-59.33069107422988,16.789777127443593,3,36,6,5,-71.29247893449286,28.751564987706573
2005-05-12 07:30:00,28,-23.0,-19.52651231853887,19.418486786141195,-20.0,-51.469923081741136,12.416898444663396,-57.58674641937561,18.533721782297867,3,36,6,5,-69.54853427963859,30.495509642560847
2005-05-12 08:30:00,28,-31.0,-24.20660258530373,19.418486786141195,-24.0,-56.150013348506,7.736808177898531,-62.26683668614047,13.853631515533005,3,36,6,5,-74.22862454640345,25.815419375795987
2005-05-12 09:30:00,28,-30.0,-27.216127600489628,19.418486786141195,-32.0,-59.15953836369189,4.727283162712638,-65.27636170132637,10.84410650034711,3,36,6,5,-77.23814956158935,22.80589436061009
2005-05-12 10:30:00,28,-27.0,-22.32847207930014,19.418486786141195,-27.0,-54.27188284250241,9.614938683902125,-60.38870618013688,15.731762021536596,3,36,6,5,-72.35049404039987,27.693549881799576
2005-05-12 11:30:00,28,-23.0,-22.191610460871203,19.418486786141195,-22.0,-54.13502122407347,9.751800302331064,-60.25184456170794,15.868623639965534,3,36,6,5,-72.21363242197091,27.830411500228514
2005-05-12 12:30:00,28,-20.0,-22.192903506019466,19.418486786141195,-23.0,-54.13631426922173,9.750507257182804,-60.2531376068562,15.867330594817275,3,36,6,5,-72.21492546711919,27.829118455080252
2005-05-12 13:30:00,28,-17.0,-27.438389579408625,19.418486786141195,-31.0,-59.38180034261089,4.505021183793641,-65.49862368024536,10.621844521428113,3,36,6,5,-77.46041154050835,22.583632381691093
2005-05-12 14:30:00,28,-15.0,-28.251939776046285,19.418486786141195,-30.0,-60.19535053924855,3.6914709871559808,-66.31217387688302,9.808294324790452,3,36,6,5,-78.27396173714601,21.770082185053433
2005-05-12 15:30:00,28,-20.0,-26.580274769573176,19.418486786141195,-27.0,-58.523685532775445,5.36313599362909,-64.64050887040992,11.47995933126356,3,36,6,5,-76.60229673067289,23.44174719152654
2005-05-12 16:30:00,28,-23.0,-22.733311548412733,19.418486786141195,-23.0,-54.676722311615,9.210099214789532,-60.79354564924947,15.326922552424003,3,36,6,5,-72.75533350951245,27.288710412686985
2005-05-12 17:30:00,28,-23.0,-20.63442539443605,19.418486786141195,-20.0,-52.57783615763832,11.308985368766216,-58.69465949527279,17.425808706400687,3,36,6,5,-70.65644735553576,29.387596566663667
2005-05-12 18:30:00,28,-20.0,-20.02900759854858,19.418486786141195,-17.0,-51.97241836175085,11.914403164653685,-58.08924169938532,18.03122650228816,3,36,6,5,-70.0510295596483,29.993014362551136
2005-05-12 19:30:00,28,-23.0,-20.76835554499841,19.418486786141195,-15.0,-52.71176630820068,11.175055218203855,-58.82858964583515,17.291878555838327,3,36,6,5,-70.79037750609812,29.253666416101307
2005-05-12 20:30:00,28,-21.0,-22.01158755284493,19.418486786141195,-20.0,-53.9549983160472,9.931823210357337,-60.07182165368167,16.048646547991808,3,36,6,5,-72.03360951394464,28.01043440825479
2005-05-12 21:30:00,28,-24.0,-24.072130737289385,19.418486786141195,-23.0,-56.01554150049165,7.871280025912881,-62.13236483812612,13.988103363547353,3,36,6,5,-74.09415269838911,25.949891223810333
2005-05-12 22:30:00,28,-20.0,-24.848709173940502,19.418486786141195,-23.0,-56.79211993714277,7.09470158926176,-62.90894327477724,13.211524926896232,3,36,6,5,-74.87073113504022,25.173312787159215
2005-05-12 23:30:00,28,-12.0,-25.26329495570996,19.418486786141195,-20.0,-57.20670571891222,6.68011580749231,-63.32352905654669,12.796939145126782,3,36,6,5,-75.28531691680968,24.75872700538976
2005-05-13 00:30:00,28,-21.0,-24.36497334931508,19.418486786141195,-23.0,-56.30838411251735,7.578437413887187,-62.42520745015182,13.695260751521658,3,36,6,5,-74.38699531041479,25.65704861178464
2005-05-13 01:30:00,28,-23.0,-25.42049749523872,19.418486786141195,-21.0,-57.363908258440986,6.522913267963549,-63.48073159607546,12.63973660559802,3,36,6,5,-75.44251945633843,24.601524465860997
2005-05-13 02:30:00,28,-32.0,-26.203939250725043,19.418486786141195,-24.0,-58.14735001392731,5.739471512477223,-64.26417335156178,11.856294850111697,3,36,6,5,-76.22596121182477,23.818082710374675
2005-05-13 03:30:00,28,-32.0,-22.46908558880593,19.418486786141195,-20.0,-54.4124963520082,9.474325174396334,-60.52931968964267,15.591148512030806,3,36,6,5,-72.49110754990565,27.552936372293786
2005-05-13 04:30:00,28,-38.0,-20.89292899303997,19.418486786141195,-12.0,-52.83633975624223,11.0504817701623,-58.953163093876704,17.16730510779677,3,36,6,5,-70.91495095413968,29.129092968059748
2005-05-13 05:30:00,28,-37.0,-24.53249116560296,19.418486786141195,-21.0,-56.47590192880522,7.41091959759931,-62.59272526643969,13.527742935233782,3,36,6,5,-74.55451312670267,25.48953079549676
2005-05-13 06:30:00,28,-42.0,-27.924188580570984,19.418486786141195,-23.0,-59.86759934377325,4.019222182631282,-65.98442268140772,10.136045520265752,3,36,6,5,-77.9462105416707,22.097833380528733
2005-05-13 07:30:00,28,-41.0,-33.07803326018656,19.418486786141195,-32.0,-65.02144402338882,-1.1346224969842922,-71.1382673610233,4.982200840650179,3,36,6,5,-83.10005522128628,16.94398870091316
2005-05-13 08:30:00,28,-38.0,-32.16266212034197,19.418486786141195,-32.0,-64.10607288354424,-0.2192513571397043,-70.2228962211787,5.897571980494767,3,36,6,5,-82.18468408144169,17.859359840757747
2005-05-13 09:30:00,28,-38.0,-35.148136435177705,19.418486786141195,-38.0,-67.09154719837997,-3.2047256719754387,-73.20837053601444,2.912097665659033,3,36,6,5,-85.17015839627743,14.873885525922013
2005-05-13 10:30:00,28,-38.0,-34.88852565909152,19.418486786141195,-37.0,-66.83193642229378,-2.9451148958892546,-72.94875975992827,3.171708441745217,3,36,6,5,-84.91054762019124,15.133496302008197
2005-05-13 11:30:00,28,-33.0,-37.24467780871274,19.418486786141195,-42.0,-69.18808857191502,-5.301267045510478,-75.30491190954947,0.8155562921239934,3,36,6,5,-87.26669976981245,12.77734415238698
2005-05-13 12:30:00,28,-30.0,-36.92039220448649,19.418486786141195,-41.0,-68.86380296768876,-4.976981441284224,-74.98062630532323,1.139841896350248,3,36,6,5,-86.9424141655862,13.101629756613228
2005-05-13 13:30:00,28,-21.0,-35.00154637889597,19.418486786141195,-38.0,-66.94495714209825,-3.058135615693708,-73.0617804797327,3.058687721940764,3,36,6,5,-85.02356833999569,15.020475582203744
2005-05-13 14:30:00,28,-23.0,-33.00324371664823,19.418486786141195,-38.0,-64.9466544798505,-1.0598329534459623,-71.06347781748497,5.056990384188509,3,36,6,5,-83.02526567774794,17.01877824445149
2005-05-13 15:30:00,28,-24.0,-28.63524889218181,19.418486786141195,-38.0,-60.57865965538407,3.308161871020456,-66.69548299301854,9.424985208654928,3,36,6,5,-78.65727085328153,21.386773068917908
2005-05-13 16:30:00,28,-27.0,-27.37073132528508,19.418486786141195,-33.0,-59.314142088487344,4.572679437917188,-65.43096542612182,10.68950277555166,3,36,6,5,-77.3927532863848,22.651290635814636
2005-05-13 17:30:00,28,-26.0,-26.495731793752647,19.418486786141195,-30.0,-58.43914255695491,5.447678969449619,-64.55596589458938,11.56450230708409,3,36,6,5,-76.51775375485236,23.52629016734707
2005-05-13 18:30:00,28,-25.0,-25.37152962098545,19.418486786141195,-21.0,-57.31494038418772,6.571881142216817,-63.431763721822186,12.688704479851287,3,36,6,5,-75.39355158208517,24.65049234011427
2005-05-13 19:30:00,28,-26.0,-27.23246638325569,19.418486786141195,-23.0,-59.17587714645796,4.710944379946575,-65.29270048409242,10.827767717581049,3,36,6,5,-77.25448834435541,22.789555577844027
2005-05-13 20:30:00,28,-24.0,-26.46657404980732,19.418486786141195,-24.0,-58.40998481300959,5.476836713394945,-64.52680815064406,11.593660051029415,3,36,6,5,-76.48859601090703,23.555447911292397
2005-05-13 21:30:00,28,-27.0,-27.004435992991134,19.418486786141195,-27.0,-58.9478467561934,4.938974770211132,-65.06467009382787,11.055798107845604,3,36,6,5,-77.02645795409086,23.017585968108584
2005-05-13 22:30:00,28,-23.0,-26.46563850074035,19.418486786141195,-26.0,-58.40904926394262,5.477772262461915,-64.52587260157709,11.594595600096389,3,36,6,5,-76.48766046184006,23.556383460359367
2005-05-13 23:30:00,28,-22.0,-25.52216816890639,19.418486786141195,-25.0,-57.465578932108656,6.421242594295876,-63.58240226974313,12.538065931930348,3,36,6,5,-75.54419013000611,24.499853792193328
2005-05-14 00:30:00,28,-20.0,-25.85761886049177,19.418486786141195,-26.0,-57.80102962369404,6.085791902710497,-63.91785296132851,12.202615240344969,3,36,6,5,-75.8796408215915,24.16440310060795
2005-05-14 01:30:00,28,-18.0,-25.272812228504563,19.418486786141195,-24.0,-57.21622299170683,6.670598534697703,-63.3330463293413,12.787421872332176,3,36,6,5,-75.29483418960427,24.749209732595155
2005-05-14 02:30:00,28,-16.0,-24.479693235875395,19.418486786141195,-27.0,-56.42310399907766,7.463717527326871,-62.53992733671213,13.580540864961344,3,36,6,5,-74.50171519697511,25.542328725224323
2005-05-14 03:30:00,28,-17.0,-23.37619493361936,19.418486786141195,-23.0,-55.319605696821625,8.567215829582906,-61.4364290344561,14.684039167217378,3,36,6,5,-73.39821689471907,26.645827027480358
2005-05-14 04:30:00,28,-17.0,-22.935464069796403,19.418486786141195,-22.0,-54.87887483299867,9.007946693405865,-60.99569817063314,15.124770031040336,3,36,6,5,-72.95748603089612,27.086557891303315
2005-05-14 05:30:00,28,-17.0,-22.15794281297157,19.418486786141195,-20.0,-54.10135357617384,9.785467950230696,-60.21817691380831,15.902291287865168,3,36,6,5,-72.1799647740713,27.86407914812815
2005-05-14 06:30:00,28,-18.0,-21.68383756922076,19.418486786141195,-18.0,-53.62724833242302,10.259573193981511,-59.74407167005749,16.376396531615985,3,36,6,5,-71.70585953032048,28.338184391878958
2005-05-14 07:30:00,28,-18.0,-21.151706469997684,19.418486786141195,-16.0,-53.09511723319995,10.791704293204582,-59.21194057083442,16.908527630839053,3,36,6,5,-71.1737284310974,28.870315491102033
2005-05-14 08:30:00,28,-16.0,-20.75717379468634,19.418486786141195,-17.0,-52.70058455788861,11.186236968515924,-58.81740789552308,17.303060306150396,3,36,6,5,-70.77919575578606,29.264848166413376
2005-05-14 09:30:00,28,-16.0,-20.17218417317956,19.418486786141195,-17.0,-52.11559493638183,11.771226590022708,-58.2324182740163,17.88804992765718,3,36,6,5,-70.19420613427928,29.84983778792016
2005-05-14 10:30:00,28,-20.0,-20.59953983615779,19.418486786141195,-17.0,-52.54295059936005,11.343870927044478,-58.659773936994526,17.46069426467895,3,36,6,5,-70.6215617972575,29.42248212494193
2005-05-14 11:30:00,28,-19.0,-21.075677354241904,19.418486786141195,-18.0,-53.01908811744417,10.867733408960362,-59.13591145507864,16.984556746594833,3,36,6,5,-71.09769931534163,28.946344606857814
2005-05-14 12:30:00,28,-19.0,-21.43767667430476,19.418486786141195,-18.0,-53.38108743750702,10.505734088897512,-59.49791077514149,16.622557426531984,3,36,6,5,-71.45969863540448,28.584345286794957
2005-05-14 13:30:00,28,-19.0,-21.46163012360229,19.418486786141195,-16.0,-53.40504088680456,10.481780639599975,-59.52186422443903,16.598603977234447,3,36,6,5,-71.48365208470202,28.560391837497427
2005-05-14 14:30:00,28,-20.0,-21.15262990055342,19.418486786141195,-16.0,-53.09604066375569,10.790780862648845,-59.21286400139016,16.907604200283316,3,36,6,5,-71.17465186165313,28.869392060546296
2005-05-14 15:30:00,28,-21.0,-20.44593043520877,19.418486786141195,-20.0,-52.38934119841103,11.497480327993497,-58.5061645360455,17.61430366562797,3,36,6,5,-70.46795239630849,29.57609152589095
2005-05-14 16:30:00,28,-21.0,-21.10405890754294,19.418486786141195,-19.0,-53.0474696707452,10.839351855659327,-59.16429300837967,16.9561751932938,3,36,6,5,-71.12608086864266,28.91796305355678
2005-05-14 17:30:00,28,-20.0,-19.7679942562689,19.418486786141195,-19.0,-51.711405019471165,12.175416506933368,-57.82822835710564,18.29223984456784,3,36,6,5,-69.79001621736862,30.25402770483082
2005-05-14 18:30:00,28,-23.0,-19.242072682200167,19.418486786141195,-19.0,-51.18548344540243,12.7013380810021,-57.3023067830369,18.81816141863657,3,36,6,5,-69.26409464329988,30.77994927889955
2005-05-14 19:30:00,28,-28.0,-15.933946944377563,19.418486786141195,-20.0,-47.87735770757983,16.009463818824702,-53.99418104521431,22.12628715645917,3,36,6,5,-65.95596890547728,34.08807501672216
2005-05-14 20:30:00,28,-26.0,-15.795090619000142,19.418486786141195,-21.0,-47.73850138220241,16.148320144202124,-53.85532471983688,22.2651434818366,3,36,6,5,-65.81711258009986,34.226931342099576
2005-05-14 21:30:00,28,-19.0,-17.0829163244714,19.418486786141195,-21.0,-49.026327087673664,14.860494438730864,-55.143150425308136,20.977317776365336,3,36,6,5,-67.10493828557112,32.93910563662831
2005-05-14 22:30:00,28,-14.0,-17.10682614712851,19.418486786141195,-20.0,-49.05023691033077,14.836584616073758,-55.167060247965246,20.95340795370823,3,36,6,5,-67.12884810822823,32.91519581397121
2005-05-14 23:30:00,28,-11.0,-19.97348542749648,19.418486786141195,-23.0,-51.91689619069875,11.969925335705785,-58.03371952833322,18.086748673340256,3,36,6,5,-69.9955073885962,30.048536533603237
2005-05-15 00:30:00,28,-14.0,-24.963928343163506,19.418486786141195,-28.0,-56.90733910636577,6.979482420038764,-63.02416244400024,13.096305757673235,3,36,6,5,-74.98595030426323,25.058093617936212
2005-05-15 01:30:00,28,-12.0,-25.706830043031573,19.418486786141195,-26.0,-57.65024080623384,6.236580720170693,-63.76706414386831,12.353404057805164,3,36,6,5,-75.72885200413128,24.315191918068145
2005-05-15 02:30:00,28,11.0,-21.66761573008806,19.418486786141195,-19.0,-53.611026493290325,10.275795033114209,-59.7278498309248,16.39261837074868,3,36,6,5,-71.68963769118778,28.35440623101166
2005-05-15 03:30:00,28,52.0,-14.326736663584306,19.418486786141195,-14.0,-46.27014742678657,17.61667409961796,-52.38697076442104,23.73349743725243,3,36,6,5,-64.34875862468402,35.69528529751541
2005-05-15 04:30:00,28,42.0,-13.142326697397866,19.418486786141195,-11.0,-45.08573746060013,18.8010840658044,-51.2025607982346,24.91790740343887,3,36,6,5,-63.16434865849759,36.87969526370185
2005-05-15 05:30:00,28,37.0,-13.42770309465466,19.418486786141195,-14.0,-45.371113857856926,18.51570766854761,-51.4879371954914,24.63253100618208,3,36,6,5,-63.44972505575438,36.59431886644506
2005-05-15 06:30:00,28,-58.0,-15.179878642336462,19.418486786141195,-12.0,-47.12328940553873,16.763532120865804,-53.2401127431732,22.88035545850028,3,36,6,5,-65.20190060343617,34.842143318763256
2005-05-15 07:30:00,28,-229.0,-11.42738769917298,19.418486786141195,11.0,-43.37079846237525,20.516023064029287,-49.48762180000972,26.63284640166376,3,36,6,5,-61.4494096602727,38.594634261926736
2005-05-15 08:30:00,28,-247.0,-10.346290464925897,19.418486786141195,52.0,-42.289701228128166,21.59712029827637,-48.40652456576264,27.71394363591084,3,36,6,5,-60.36831242602561,39.675731496173825
2005-05-15 09:30:00,28,-222.0,-13.330599887869637,19.418486786141195,42.0,-45.274010651071904,18.61281087533263,-51.390833988706376,24.729634212967103,3,36,6,5,-63.352621848969356,36.69142207323008
2005-05-15 10:30:00,28,-184.0,-15.795238464837151,19.418486786141195,37.0,-47.73864922803942,16.148172298365115,-53.85547256567389,22.264995635999583,3,36,6,5,-65.81726042593687,34.22678349626257
2005-05-15 11:30:00,28,-175.0,-104.33722119582362,19.418486786141195,-58.0,-136.28063195902587,-72.39381043262135,-142.39745529666035,-66.27698709498688,3,36,6,5,-154.35924315692333,-54.3151992347239
2005-05-15 12:30:00,28,-162.0,-258.52953707722617,19.418486786141195,-229.0,-290.47294784042845,-226.5861263140239,-296.5897711780629,-220.46930297638943,3,36,6,5,-308.5515590383259,-208.50751511612646
2005-05-15 13:30:00,28,-157.0,-256.9882369553115,19.418486786141195,-247.0,-288.9316477185138,-225.0448261921092,-295.04847105614823,-218.9280028544748,3,36,6,5,-307.0102589164112,-206.96621499421178
2005-05-15 14:30:00,28,-146.0,-168.49697746492996,19.418486786141195,-222.0,-200.44038822813224,-136.55356670172768,-206.5572115657667,-130.43674336409322,3,36,6,5,-218.51899942602967,-118.47495550383024
2005-05-15 15:30:00,28,-135.0,-128.40288305994503,19.418486786141195,-184.0,-160.34629382314728,-96.45947229674276,-166.46311716078176,-90.34264895910827,3,36,6,5,-178.42490502104474,-78.38086109884532
2005-05-15 16:30:00,28,-118.0,-131.48057773042837,19.418486786141195,-175.0,-163.42398849363065,-99.5371669672261,-169.5408118312651,-93.42034362959164,3,36,6,5,-181.50259969152808,-81.45855576932865
2005-05-15 17:30:00,28,-100.0,-129.81891655497577,19.418486786141195,-162.0,-161.76232731817805,-97.8755057917735,-167.8791506558125,-91.75868245413903,3,36,6,5,-179.84093851607548,-79.79689459387606
2005-05-15 18:30:00,28,-105.0,-130.5956743455931,19.418486786141195,-157.0,-162.53908510879535,-98.65226358239084,-168.65590844642983,-92.53544024475636,3,36,6,5,-180.6176963066928,-80.57365238449339
2005-05-15 19:30:00,28,-115.0,-131.71695656307938,19.418486786141195,-146.0,-163.66036732628163,-99.77354579987713,-169.77719066391612,-93.65672246224264,3,36,6,5,-181.7389785241791,-81.69493460197967
2005-05-15 20:30:00,28,-120.0,-127.44210809999996,19.418486786141195,-135.0,-159.3855188632022,-95.49869733679768,-165.5023422008367,-89.38187399916322,3,36,6,5,-177.46413006109967,-77.42008613890025
2005-05-15 21:30:00,28,-108.0,-119.38931860832258,19.418486786141195,-118.0,-151.33272937152486,-87.44590784512032,-157.44955270915932,-81.32908450748585,3,36,6,5,-169.4113405694223,-69.36729664722287
2005-05-15 22:30:00,28,-94.0,-110.26430748002308,19.418486786141195,-100.0,-142.20771824322537,-78.32089671682083,-148.32454158085983,-72.20407337918635,3,36,6,5,-160.2863294411228,-60.24228551892336
2005-05-15 23:30:00,28,-102.0,-109.30107003859608,19.418486786141195,-105.0,-141.24448080179832,-77.3576592753938,-147.3613041394328,-71.24083593775933,3,36,6,5,-159.3230919996958,-59.27904807749636
2005-05-16 00:30:00,28,-99.0,-112.93088408072548,19.418486786141195,-115.0,-144.87429484392777,-80.98747331752323,-150.99111818156223,-74.87064997988875,3,36,6,5,-162.9529060418252,-62.90886211962576
2005-05-16 01:30:00,28,-101.0,-117.05923913265028,19.418486786141195,-120.0,-149.00264989585253,-85.11582836944801,-155.119473233487,-78.99900503181354,3,36,6,5,-167.08126109375,-67.03721717155057
2005-05-16 02:30:00,28,-99.0,-110.52070609322632,19.418486786141195,-108.0,-142.46411685642855,-78.57729533002406,-148.58094019406306,-72.46047199238959,3,36,6,5,-160.54272805432603,-60.498684132126606
2005-05-16 03:30:00,28,-99.0,-97.79975458538794,19.418486786141195,-94.0,-129.7431653485902,-65.85634382218568,-135.85998868622468,-59.73952048455121,3,36,6,5,-147.82177654648765,-47.77773262428823
2005-05-16 04:30:00,28,-97.0,-95.74134789447336,19.418486786141195,-102.0,-127.68475865767564,-63.7979371312711,-133.8015819953101,-57.68111379363663,3,36,6,5,-145.76336985557307,-45.719325933373646
2005-05-16 05:30:00,28,-91.0,-93.0230058612002,19.418486786141195,-99.0,-124.96641662440246,-61.07959509799792,-131.08323996203694,-54.96277176036345,3,36,6,5,-143.04502782229991,-43.000983900100486
2005-05-16 06:30:00,28,-97.0,-93.20875840133608,19.418486786141195,-101.0,-125.15216916453836,-61.26534763813382,-131.2689925021728,-55.14852430049935,3,36,6,5,-143.2307803624358,-43.186736440236366
2005-05-16 07:30:00,28,-87.0,-89.38303650665986,19.418486786141195,-99.0,-121.32644726986211,-57.4396257434576,-127.4432706074966,-51.322802405823126,3,36,6,5,-139.40505846775957,-39.361014545560145
2005-05-16 08:30:00,28,-87.0,-87.57321926031182,19.418486786141195,-99.0,-119.51663002351408,-55.62980849710955,-125.63345336114855,-49.51298515947508,3,36,6,5,-137.59524122141153,-37.5511972992121
2005-05-16 09:30:00,28,-88.0,-84.93594037235943,19.418486786141195,-97.0,-116.87935113556168,-52.99252960915716,-122.99617447319616,-46.87570627152269,3,36,6,5,-134.95796233345914,-34.91391841125971
2005-05-16 10:30:00,28,-86.0,-85.42377346563177,19.418486786141195,-91.0,-117.36718422883403,-53.4803627024295,-123.4840075664685,-47.36353936479503,3,36,6,5,-135.44579542673148,-35.40175150453205
2005-05-16 11:30:00,28,-88.0,-86.66787921813798,19.418486786141195,-97.0,-118.61128998134024,-54.72446845493572,-124.72811331897472,-48.607645117301246,3,36,6,5,-136.6899011792377,-36.645857257038266
2005-05-16 12:30:00,28,-85.0,-76.70931810819215,19.418486786141195,-87.0,-108.65272887139442,-44.76590734498989,-114.76955220902887,-38.64908400735541,3,36,6,5,-126.73134006929186,-26.687296147092432
2005-05-16 13:30:00,28,-83.0,-73.60317402074487,19.418486786141195,-87.0,-105.54658478394714,-41.65976325754261,-111.6634081215816,-35.542939919908136,3,36,6,5,-123.6251959818446,-23.581152059645156
2005-05-16 14:30:00,28,-81.0,-73.56479711938121,19.418486786141195,-88.0,-105.50820788258348,-41.62138635617895,-111.62503122021796,-35.504563018544474,3,36,6,5,-123.58681908048092,-23.542775158281493
2005-05-16 15:30:00,28,-82.0,-72.84822955034184,19.418486786141195,-86.0,-104.79164031354412,-40.904818787139575,-110.90846365117858,-34.787995449505104,3,36,6,5,-122.87025151144155,-22.826207589242124
2005-05-16 16:30:00,28,-78.0,-74.74297817079534,19.418486786141195,-88.0,-106.6863889339976,-42.799567407593074,-112.80321227163208,-36.6827440699586,3,36,6,5,-124.76500013189505,-24.720956209695622
2005-05-16 17:30:00,28,-74.0,-75.11414878015718,19.418486786141195,-85.0,-107.05755954335945,-43.170738016954914,-113.17438288099392,-37.05391467932044,3,36,6,5,-125.1361707412569,-25.092126819057462
2005-05-16 18:30:00,28,-70.0,-74.93117865019974,19.418486786141195,-83.0,-106.874589413402,-42.987767886997474,-112.99141275103648,-36.870944549363,3,36,6,5,-124.95320061129945,-24.909156689100023
2005-05-16 19:30:00,28,-71.0,-74.54544159033924,19.418486786141195,-81.0,-106.4888523535415,-42.60203082713697,-112.60567569117596,-36.4852074895025,3,36,6,5,-124.56746355143895,-24.52341962923952
2005-05-16 20:30:00,28,-74.0,-75.69109655761163,19.418486786141195,-82.0,-107.6345073208139,-43.74768579440936,-113.75133065844835,-37.63086245677489,3,36,6,5,-125.71311851871135,-25.669074596511912
2005-05-16 21:30:00,28,-77.0,-72.62080387378766,19.418486786141195,-78.0,-104.56421463698992,-40.6773931105854,-110.6810379746244,-34.56056977295093,3,36,6,5,-122.64282583488739,-22.598781912687947
2005-05-16 22:30:00,28,-76.0,-68.97374761387994,19.418486786141195,-74.0,-100.9171583770822,-37.03033685067767,-107.03398171471667,-30.9135135130432,3,36,6,5,-118.99576957497965,-18.95172565278022
2005-05-16 23:30:00,28,-71.0,-65.67986355045502,19.418486786141195,-70.0,-97.62327431365728,-33.73645278725276,-103.74009765129176,-27.619629449618287,3,36,6,5,-115.70188551155474,-15.657841589355307
2005-05-17 00:30:00,28,-66.0,-64.76025759686105,19.418486786141195,-71.0,-96.70366836006332,-32.816846833658786,-102.8204916976978,-26.700023496024315,3,36,6,5,-114.78227955796078,-14.738235635761335
2005-05-17 01:30:00,28,-65.0,-66.10438469365653,19.418486786141195,-74.0,-98.0477954568588,-34.16097393045426,-104.16461879449326,-28.04415059281979,3,36,6,5,-116.12640665475624,-16.08236273255681
2005-05-17 02:30:00,28,-67.0,-68.23479473089623,19.418486786141195,-77.0,-100.17820549409848,-36.29138396769396,-106.29502883173296,-30.17456063005949,3,36,6,5,-118.25681669199594,-18.21277276979651
2005-05-17 03:30:00,28,-68.0,-68.5537151672381,19.418486786141195,-76.0,-100.49712593044036,-36.61030440403583,-106.61394926807483,-30.49348106640136,3,36,6,5,-118.5757371283378,-18.531693206138378
2005-05-17 04:30:00,28,-74.0,-65.88019708330305,19.418486786141195,-71.0,-97.82360784650533,-33.93678632010078,-103.94043118413978,-27.819962982466308,3,36,6,5,-115.90221904440276,-15.858175122203328
2005-05-17 05:30:00,28,-80.0,-63.14360941952175,19.418486786141195,-66.0,-95.08702018272402,-31.20019865631949,-101.20384352035848,-25.08337531868501,3,36,6,5,-113.16563138062148,-13.121587458422034
2005-05-17 06:30:00,28,-76.0,-61.91489902368234,19.418486786141195,-65.0,-93.8583097868846,-29.971488260480072,-99.97513312451908,-23.8546649228456,3,36,6,5,-111.93692098478206,-11.89287706258262
2005-05-17 07:30:00,28,-72.0,-61.735283297633394,19.418486786141195,-67.0,-93.67869406083564,-29.79187253443113,-99.79551739847014,-23.675049196796657,3,36,6,5,-111.75730525873311,-11.713261336533677
2005-05-17 08:30:00,28,-69.0,-61.67558751131362,19.418486786141195,-68.0,-93.61899827451587,-29.73217674811136,-99.73582161215036,-23.615353410476885,3,36,6,5,-111.69760947241335,-11.653565550213905
2005-05-17 09:30:00,28,-65.0,-64.45354292503019,19.418486786141195,-74.0,-96.39695368823246,-32.510132161827926,-102.51377702586691,-26.39330882419345,3,36,6,5,-114.47556488612992,-14.431520963930474
2005-05-17 10:30:00,28,-64.0,-69.51185313913948,19.418486786141195,-80.0,-101.45526390234174,-37.56844237593721,-107.5720872399762,-31.45161903830273,3,36,6,5,-119.53387510023919,-19.489831178039758
2005-05-17 11:30:00,28,-63.0,-69.1413175397661,19.418486786141195,-76.0,-101.08472830296836,-37.19790677656384,-107.20155164060284,-31.08108343892937,3,36,6,5,-119.16333950086582,-19.11929557866639
2005-05-17 12:30:00,28,-65.0,-66.05451459624217,19.418486786141195,-72.0,-97.99792535944444,-34.111103833039905,-104.11474869707892,-27.99428049540544,3,36,6,5,-116.07653655734188,-16.032492635142454
2005-05-17 13:30:00,28,-66.0,-62.69148230773796,19.418486786141195,-69.0,-94.63489307094022,-30.74807154453569,-100.7517164085747,-24.63124820690122,3,36,6,5,-112.71350426883768,-12.669460346638239
2005-05-17 14:30:00,28,-64.0,-59.01323784732829,19.418486786141195,-65.0,-90.95664861053056,-27.069827084126025,-97.07347194816504,-20.95300374649156,3,36,6,5,-109.03525980842801,-8.991215886228574
2005-05-17 15:30:00,28,-59.0,-57.24394974993838,19.418486786141195,-64.0,-89.18736051314065,-25.300538986736115,-95.30418385077512,-19.183715649101643,3,36,6,5,-107.2659717110381,-7.221927788838663
2005-05-17 16:30:00,28,-63.0,-57.2263488242277,19.418486786141195,-63.0,-89.16975958742997,-25.28293806102544,-95.28658292506444,-19.16611472339096,3,36,6,5,-107.24837078532741,-7.2043268631279815
2005-05-17 17:30:00,28,-69.0,-58.5137031196121,19.418486786141195,-65.0,-90.45711388281435,-26.57029235640984,-96.57393722044884,-20.453469018775365,3,36,6,5,-108.53572508071181,-8.491681158512385
2005-05-17 18:30:00,28,-72.0,-58.95285372957065,19.418486786141195,-66.0,-90.89626449277291,-27.009442966368383,-97.0130878304074,-20.89261962873391,3,36,6,5,-108.97487569067036,-8.93083176847093
2005-05-17 19:30:00,28,-70.0,-57.86895469552715,19.418486786141195,-64.0,-89.81236545872942,-25.925543932324885,-95.92918879636387,-19.808720594690413,3,36,6,5,-107.89097665662686,-7.846932734427433
2005-05-17 20:30:00,28,-64.0,-54.66623698023561,19.418486786141195,-59.0,-86.60964774343788,-22.722826217033344,-92.72647108107236,-16.606002879398872,3,36,6,5,-104.68825894133533,-4.644215019135892
2005-05-17 21:30:00,28,-63.0,-57.976164740678136,19.418486786141195,-63.0,-89.9195755038804,-26.03275397747587,-96.03639884151488,-19.9159306398414,3,36,6,5,-107.99818670177785,-7.954142779578419
2005-05-17 22:30:00,28,-61.0,-60.22550584713063,19.418486786141195,-69.0,-92.1689166103329,-28.28209508392836,-98.28573994796736,-22.16527174629389,3,36,6,5,-110.24752780823034,-10.20348388603091
2005-05-17 23:30:00,28,-58.0,-59.8917087264026,19.418486786141195,-72.0,-91.83511948960486,-27.94829796320033,-97.95194282723934,-21.83147462556586,3,36,6,5,-109.91373068750232,-9.86968676530288
2005-05-18 00:30:00,28,-59.0,-59.81354917637256,19.418486786141195,-70.0,-91.75695993957484,-27.87013841317029,-97.8737832772093,-21.753315075535824,3,36,6,5,-109.83557113747227,-9.791527215272843
2005-05-18 01:30:00,28,-63.0,-57.8896385704948,19.418486786141195,-64.0,-89.83304933369706,-25.94622780729253,-95.94987267133152,-19.82940446965806,3,36,6,5,-107.91166053159452,-7.8676166093950854
2005-05-18 02:30:00,28,-64.0,-56.78989821857123,19.418486786141195,-63.0,-88.73330898177349,-24.846487455368965,-94.85013231940798,-18.72966411773449,3,36,6,5,-106.81192017967095,-6.767876257471514
2005-05-18 03:30:00,28,-64.0,-54.7979046047513,19.418486786141195,-61.0,-86.74131536795358,-22.85449384154904,-92.85813870558805,-16.737670503914565,3,36,6,5,-104.81992656585102,-4.775882643651585
2005-05-18 04:30:00,28,-62.0,-52.241613727350085,19.418486786141195,-58.0,-84.18502449055235,-20.29820296414782,-90.30184782818682,-14.181379626513348,3,36,6,5,-102.2636356884498,-2.2195917662503675
2005-05-18 05:30:00,28,-59.0,-52.191983576458085,19.418486786141195,-59.0,-84.13539433966035,-20.24857281325582,-90.25221767729482,-14.131749475621348,3,36,6,5,-102.2140055375578,-2.1699616153583676
2005-05-18 06:30:00,28,-55.0,-54.4492926040444,19.418486786141195,-63.0,-86.39270336724667,-22.505881840842136,-92.50952670488114,-16.389058503207664,3,36,6,5,-104.47131456514413,-4.427270642944684
2005-05-18 07:30:00,28,-53.0,-55.54547132551743,19.418486786141195,-64.0,-87.48888208871969,-23.60206056231516,-93.60570542635416,-17.485237224680688,3,36,6,5,-105.56749328661715,-5.523449364417715
2005-05-18 08:30:00,28,-53.0,-56.22592694294204,19.418486786141195,-64.0,-88.1693377061443,-24.282516179739773,-94.28616104377878,-18.1656928421053,3,36,6,5,-106.24794890404175,-6.203904981842321
2005-05-18 09:30:00,28,-49.0,-55.71895023747941,19.418486786141195,-62.0,-87.66236100068167,-23.775539474277146,-93.77918433831616,-17.658716136642674,3,36,6,5,-105.74097219857913,-5.696928276379694
2005-05-18 10:30:00,28,-49.0,-54.23165504901084,19.418486786141195,-59.0,-86.1750658122131,-22.28824428580857,-92.29188914984758,-16.171420948174102,3,36,6,5,-104.25367701011055,-4.209633087911122
2005-05-18 11:30:00,28,-49.0,-51.56926175838508,19.418486786141195,-55.0,-83.51267252158735,-19.62585099518281,-89.6294958592218,-13.509027657548335,3,36,6,5,-101.5912837194848,-1.5472397972853642
2005-05-18 12:30:00,28,-50.0,-50.27340269181934,19.418486786141195,-53.0,-82.21681345502161,-18.32999192861708,-88.33363679265608,-12.213168590982605,3,36,6,5,-100.29542465291905,-0.2513807307196245
2005-05-18 13:30:00,28,-49.0,-48.877333232189166,19.418486786141195,-53.0,-80.82074399539144,-16.9339224689869,-86.9375673330259,-10.817099131352428,3,36,6,5,-98.89935519328888,1.1446887289105518
2005-05-18 14:30:00,28,-48.0,-46.87921492279351,19.418486786141195,-49.0,-78.82262568599577,-14.935804159591244,-84.93944902363025,-8.818980821956771,3,36,6,5,-96.90123688389323,3.142807038306209
2005-05-18 15:30:00,28,-46.0,-46.40043193370785,19.418486786141195,-49.0,-78.34384269691012,-14.457021170505584,-84.46066603454459,-8.340197832871112,3,36,6,5,-96.42245389480757,3.6215900273918677
2005-05-18 16:30:00,28,-49.0,-46.9071832348616,19.418486786141195,-49.0,-78.85059399806386,-14.963772471659333,-84.96741733569834,-8.846949134024861,3,36,6,5,-96.92920519596132,3.114838726238119
2005-05-18 17:30:00,28,-48.0,-48.00519791078598,19.418486786141195,-50.0,-79.94860867398825,-16.061787147583715,-86.06543201162272,-9.944963809949243,3,36,6,5,-98.0272198718857,2.016824050313737
2005-05-18 18:30:00,28,-49.0,-46.80880516069516,19.418486786141195,-49.0,-78.75221592389742,-14.865394397492892,-84.8690392615319,-8.74857105985842,3,36,6,5,-96.83082712179487,3.2132168004045596
2005-05-18 19:30:00,28,-49.0,-45.17936831845466,19.418486786141195,-48.0,-77.12277908165693,-13.235957555252398,-83.2396024192914,-7.119134217617926,3,36,6,5,-95.20139027955437,4.842653642645061
2005-05-18 20:30:00,28,-49.0,-42.61801796261486,19.418486786141195,-46.0,-74.56142872581712,-10.674607199412591,-80.6782520634516,-4.55778386177812,3,36,6,5,-92.64003992371457,7.4040039984848605
2005-05-18 21:30:00,28,-45.0,-41.29311567203492,19.418486786141195,-49.0,-73.23652643523718,-9.34970490883265,-79.35334977287165,-3.232881571198177,3,36,6,5,-91.31513763313464,8.728906289064795
2005-05-18 22:30:00,28,-41.0,-40.31127389216734,19.418486786141195,-48.0,-72.2546846553696,-8.367863128965077,-78.37150799300409,-2.251039791330605,3,36,6,5,-90.33329585326706,9.710748068932375
2005-05-18 23:30:00,28,-39.0,-40.39604530192456,19.418486786141195,-49.0,-72.33945606512683,-8.452634538722293,-78.4562794027613,-2.3358112010878216,3,36,6,5,-90.41806726302428,9.625976659175159
2005-05-19 00:30:00,28,-39.0,-40.31232638486768,19.418486786141195,-49.0,-72.25573714806995,-8.368915621665415,-78.37256048570441,-2.252092284030944,3,36,6,5,-90.3343483459674,9.709695576232036
2005-05-19 01:30:00,28,-40.0,-40.235506536254135,19.418486786141195,-49.0,-72.1789172994564,-8.29209577305187,-78.29574063709087,-2.175272435417398,3,36,6,5,-90.25752849735386,9.786515424845582
2005-05-19 02:30:00,28,-36.0,-38.89841605300447,19.418486786141195,-45.0,-70.84182681620673,-6.955005289802202,-76.9586501538412,-0.8381819521677301,3,36,6,5,-88.92043801410418,11.12360590809525
2005-05-19 03:30:00,28,-32.0,-37.5851425343196,19.418486786141195,-41.0,-69.52855329752187,-5.641731771117335,-75.64537663515634,0.4750915665171362,3,36,6,5,-87.60716449541931,12.436879426780116
2005-05-19 04:30:00,28,-26.0,-35.484791555297974,19.418486786141195,-39.0,-67.42820231850024,-3.5413807920957083,-73.54502565613471,2.575442545538764,3,36,6,5,-85.5068135163977,14.537230405801743
2005-05-19 05:30:00,28,-29.0,-36.45000976738557,19.418486786141195,-39.0,-68.39342053058783,-4.506599004183308,-74.51024386822232,1.610224333451164,3,36,6,5,-86.47203172848529,13.572012193714144
2005-05-19 06:30:00,28,-31.0,-36.657281299394256,19.418486786141195,-40.0,-68.60069206259652,-4.71387053619199,-74.717515400231,1.4029528014424812,3,36,6,5,-86.67930326049398,13.364740661705461
2005-05-19 07:30:00,28,-30.0,-35.22058187994064,19.418486786141195,-36.0,-67.1639926431429,-3.277171116738373,-73.28081598077738,2.839652220896099,3,36,6,5,-85.24260384104036,14.801440081159079
2005-05-19 08:30:00,28,-32.0,-34.246655835867905,19.418486786141195,-32.0,-66.19006659907018,-2.30324507266564,-72.30688993670464,3.813578264968832,3,36,6,5,-84.26867779696762,15.775366125231812
2005-05-19 09:30:00,28,-34.0,-34.72698454106097,19.418486786141195,-26.0,-66.67039530426324,-2.783573777858706,-72.78721864189771,3.3332495597757656,3,36,6,5,-84.74900650216068,15.295037420038746
2005-05-19 10:30:00,28,-39.0,-35.01176713126749,19.418486786141195,-29.0,-66.95517789446976,-3.068356368065224,-73.07200123210423,3.0484669695692475,3,36,6,5,-85.03378909236721,15.010254829832228
2005-05-19 11:30:00,28,-43.0,-37.09281695745285,19.418486786141195,-31.0,-69.03622772065512,-5.149406194250581,-75.15305105828958,0.9674171433838908,3,36,6,5,-87.11483891855256,12.92920500364687
2005-05-19 12:30:00,28,-37.0,-36.47534760510977,19.418486786141195,-30.0,-68.41875836831204,-4.531936841907502,-74.5355817059465,1.5848864957269695,3,36,6,5,-86.49736956620949,13.54667435598995
2005-05-19 13:30:00,28,-28.0,-36.28273553317343,19.418486786141195,-32.0,-68.2261462963757,-4.339324769971164,-74.34296963401016,1.777498567663308,3,36,6,5,-86.30475749427315,13.739286427926288
2005-05-19 14:30:00,28,-25.0,-36.17162310018425,19.418486786141195,-34.0,-68.11503386338651,-4.228212336981983,-74.23185720102099,1.8886110006524888,3,36,6,5,-86.19364506128397,13.850398860915469
2005-05-19 15:30:00,28,-26.0,-36.18406858399554,19.418486786141195,-39.0,-68.1274793471978,-4.240657820793274,-74.24430268483228,1.8761655168411977,3,36,6,5,-86.20609054509526,13.837953377104178
2005-05-19 16:30:00,28,-30.0,-38.54215605986022,19.418486786141195,-43.0,-70.48556682306248,-6.5987452966579525,-76.60239016069696,-0.4819219590234809,3,36,6,5,-88.56417802095993,11.4798659012395
2005-05-19 17:30:00,28,-31.0,-35.7622887995157,19.418486786141195,-37.0,-67.70569956271797,-3.818878036313436,-73.82252290035244,2.297945301321036,3,36,6,5,-85.78431076061543,14.259733161584016
2005-05-19 18:30:00,28,-31.0,-30.98765157442842,19.418486786141195,-28.0,-62.931062337630685,0.9557591887738468,-69.04788567526515,7.072582526408318,3,36,6,5,-81.00967353552814,19.0343703866713
2005-05-19 19:30:00,28,-29.0,-29.52612246157463,19.418486786141195,-25.0,-61.469533224776896,2.417288301627636,-67.58635656241137,8.534111639262107,3,36,6,5,-79.54814442267434,20.495899499525088
2005-05-19 20:30:00,28,-21.0,-29.37280329896957,19.418486786141195,-26.0,-61.31621406217184,2.570607464232694,-67.43303739980631,8.687430801867166,3,36,6,5,-79.39482526006928,20.64921866213015
2005-05-19 21:30:00,28,-16.0,-29.40657819569359,19.418486786141195,-30.0,-61.34998895889586,2.536832567508675,-67.46681229653032,8.653655905143147,3,36,6,5,-79.42860015679331,20.615443765406127
2005-05-19 22:30:00,28,-10.0,-28.60153337616282,19.418486786141195,-31.0,-60.544944139365086,3.341877387039446,-66.66176747699956,9.458700724673918,3,36,6,5,-78.62355533726253,21.420488584936898
2005-05-19 23:30:00,28,-11.0,-27.936007764573763,19.418486786141195,-31.0,-59.879418527776025,4.007402998628503,-65.9962418654105,10.124226336262977,3,36,6,5,-77.95802972567348,22.086014196525955
2005-05-20 00:30:00,28,-12.0,-26.90289801702143,19.418486786141195,-29.0,-58.846308780223694,5.040512746180838,-64.96313211785817,11.15733608381531,3,36,6,5,-76.92491997812115,23.11912394407829
2005-05-20 01:30:00,28,-12.0,-25.34572325132082,19.418486786141195,-21.0,-57.289134014523086,6.597687511881446,-63.40595735215756,12.714510849515918,3,36,6,5,-75.36774521242054,24.676298709778898
2005-05-20 02:30:00,28,-10.0,-24.32005487558937,19.418486786141195,-16.0,-56.26346563879164,7.623355887612895,-62.38028897642611,13.740179225247369,3,36,6,5,-74.34207683668909,25.701967085510347
2005-05-20 03:30:00,28,-3.0,-22.118856978700936,19.418486786141195,-10.0,-54.0622677419032,9.82455378450133,-60.17909107953767,15.9413771221358,3,36,6,5,-72.14087893980066,27.90316498239878
2005-05-20 04:30:00,28,8.0,-21.09774273948977,19.418486786141195,-11.0,-53.04115350269204,10.845668023712488,-59.15797684032651,16.96249136134696,3,36,6,5,-71.11976470058949,28.924279221609947
2005-05-20 05:30:00,28,-18.0,-21.42768132624212,19.418486786141195,-12.0,-53.37109208944439,10.515729436960148,-59.48791542707886,16.63255277459462,3,36,6,5,-71.44970328734183,28.5943406348576
2005-05-20 06:30:00,28,-54.0,-21.59982841381992,19.418486786141195,-12.0,-53.54323917702218,10.343582349382352,-59.66006251465665,16.460405687016824,3,36,6,5,-71.62185037491963,28.422193547279797
2005-05-20 07:30:00,28,-74.0,-21.265684703670708,19.418486786141195,-10.0,-53.209095466872974,10.677726059531558,-59.325918804507445,16.79454939716603,3,36,6,5,-71.28770666477043,28.75633725742901
2005-05-20 08:30:00,28,-83.0,-18.285797325474856,19.418486786141195,-3.0,-50.229208088677126,13.65761343772741,-56.3460314263116,19.77443677536188,3,36,6,5,-68.30781928657457,31.73622463562486
2005-05-20 09:30:00,28,-81.0,-18.909584360684995,19.418486786141195,8.0,-50.85299512388726,13.03382640251727,-56.96981846152173,19.150649740151746,3,36,6,5,-68.93160632178471,31.112437600414722
2005-05-20 10:30:00,28,-72.0,-30.25591314414279,19.418486786141195,-18.0,-62.19932390734506,1.6874976190594744,-68.31614724497953,7.804320956693946,3,36,6,5,-80.2779351052425,19.766108816956926
2005-05-20 11:30:00,28,-63.0,-67.13237861169304,19.418486786141195,-54.0,-99.07578937489532,-35.188967848490776,-105.19261271252978,-29.072144510856305,3,36,6,5,-117.15440057279275,-17.110356650593324
2005-05-20 12:30:00,28,-65.0,-83.22505380428991,19.418486786141195,-74.0,-115.16846456749218,-51.28164304108765,-121.28528790512664,-45.164819703453176,3,36,6,5,-133.24707576538964,-33.203031843190196
2005-05-20 13:30:00,28,-63.0,-91.83653090070013,19.418486786141195,-83.0,-123.7799416639024,-59.89312013749786,-129.89676500153686,-53.77629679986339,3,36,6,5,-141.85855286179984,-41.81450893960041
2005-05-20 14:30:00,28,-49.0,-74.15620955183996,19.418486786141195,-81.0,-106.09962031504224,-42.2127987886377,-112.2164436526767,-36.09597545100323,3,36,6,5,-124.17823151293967,-24.134187590740247
2005-05-20 15:30:00,28,-39.0,-57.6273503608337,19.418486786141195,-72.0,-89.57076112403597,-25.68393959763144,-95.68758446167044,-19.567116259996965,3,36,6,5,-107.64937232193341,-7.605328399733985
2005-05-20 16:30:00,28,-36.0,-50.21352876338449,19.418486786141195,-63.0,-82.15693952658675,-18.270118000182222,-88.27376286422123,-12.15329466254775,3,36,6,5,-100.2355507244842,-0.19150680228477057
2005-05-20 17:30:00,28,-36.0,-47.72910186942924,19.418486786141195,-65.0,-79.67251263263151,-15.785691106226976,-85.78933597026598,-9.668867768592506,3,36,6,5,-97.75112383052897,2.2929200916704744
2005-05-20 18:30:00,28,-34.0,-45.0326670748324,19.418486786141195,-63.0,-76.97607783803467,-13.089256311630136,-83.09290117566914,-6.972432973995666,3,36,6,5,-95.05468903593211,4.989354886267314
2005-05-20 19:30:00,28,-38.0,-39.05805168662546,19.418486786141195,-49.0,-71.00146244982773,-7.114640923423195,-77.1182857874622,-0.9978175857887236,3,36,6,5,-89.08007364772519,10.963970274474256
2005-05-20 20:30:00,28,-41.0,-33.51542153564945,19.418486786141195,-39.0,-65.45883229885172,-1.572010772447186,-71.57565563648619,4.544812565187286,3,36,6,5,-83.53744349674918,16.506600425450266
2005-05-20 21:30:00,28,-39.0,-31.292147043890257,19.418486786141195,-36.0,-63.23555780709252,0.6512637193120092,-69.35238114472699,6.768087056946481,3,36,6,5,-81.31416900498998,18.72987491720946
2005-05-20 22:30:00,28,-43.0,-29.7037495399307,19.418486786141195,-36.0,-61.64716030313296,2.2396612232715647,-67.76398364076744,8.356484560906036,3,36,6,5,-79.72577150103042,20.318272421169016
2005-05-20 23:30:00,28,-49.0,-28.630383915848466,19.418486786141195,-34.0,-60.57379467905073,3.313026847353804,-66.69061801668519,9.429850184988275,3,36,6,5,-78.65240587694818,21.391638045251252
2005-05-21 00:30:00,28,-47.0,-30.44934669965914,19.418486786141195,-38.0,-62.39275746286141,1.4940640635431244,-68.50958080049588,7.610887401177596,3,36,6,5,-80.47136866075886,19.572675261440576
2005-05-21 01:30:00,28,-41.0,-33.18801132478389,19.418486786141195,-41.0,-65.13142208798615,-1.2446005615816276,-71.24824542562064,4.872222776052844,3,36,6,5,-83.21003328588361,16.834010636315824
2005-05-21 02:30:00,28,-36.0,-35.46513851119185,19.418486786141195,-39.0,-67.40854927439412,-3.521727747989587,-73.52537261202859,2.5950955896448846,3,36,6,5,-85.48716047229158,14.556883449907865
2005-05-21 03:30:00,28,-44.0,-43.11348450611108,19.418486786141195,-43.0,-75.05689526931334,-11.170073742908812,-81.17371860694782,-5.0532504052743406,3,36,6,5,-93.1355064672108,6.90853745498864
2005-05-21 04:30:00,28,-51.0,-51.23674919984745,19.418486786141195,-49.0,-83.18015996304972,-19.293338436645183,-89.29698330068419,-13.176515099010714,3,36,6,5,-101.25877116094716,-1.2147272387477344
2005-05-21 05:30:00,28,-61.0,-47.57927344398404,19.418486786141195,-47.0,-79.5226842071863,-15.63586268078177,-85.63950754482077,-9.519039343147298,3,36,6,5,-97.60129540508376,2.4427485171156746
2005-05-21 06:30:00,28,-63.0,-41.33360361805488,19.418486786141195,-41.0,-73.27701438125715,-9.390192854852614,-79.39383771889162,-3.2733695172181427,3,36,6,5,-91.3556255791546,8.688418343044837
2005-05-21 07:30:00,28,-59.0,-39.79846575910076,19.418486786141195,-36.0,-71.74187652230302,-7.855054995898492,-77.8586998599375,-1.73823165826402,3,36,6,5,-89.82048772020048,10.22355620199896
2005-05-21 08:30:00,28,-57.0,-45.65386862567159,19.418486786141195,-44.0,-77.59727938887386,-13.71045786246932,-83.71410272650832,-7.593634524834847,3,36,6,5,-95.67589058677132,4.368153335428126
2005-05-21 09:30:00,28,-58.0,-50.96785640156591,19.418486786141195,-51.0,-82.91126716476818,-19.024445638363645,-89.02809050240265,-12.907622300729171,3,36,6,5,-100.98987836266562,-0.9458344404661929
2005-05-21 10:30:00,28,-56.0,-57.7719920634724,19.418486786141195,-61.0,-89.71540282667466,-25.82858130027013,-95.83222616430912,-19.71175796263566,3,36,6,5,-107.79401402457212,-7.749970102372686
2005-05-21 11:30:00,28,-56.0,-58.07753851082067,19.418486786141195,-63.0,-90.02094927402294,-26.134127747618408,-96.1377726116574,-20.017304409983936,3,36,6,5,-108.0995604719204,-8.055516549720956
2005-05-21 12:30:00,28,-55.0,-52.43439742770172,19.418486786141195,-59.0,-84.37780819090398,-20.49098666449945,-90.49463152853846,-14.37416332686498,3,36,6,5,-102.45641938880144,-2.4123754666020005
2005-05-21 13:30:00,28,-49.0,-49.55941636567199,19.418486786141195,-57.0,-81.50282712887426,-17.616005602469727,-87.61965046650873,-11.499182264835255,3,36,6,5,-99.58143832677172,0.46260559542772484
2005-05-21 14:30:00,28,-48.0,-49.05904546068093,19.418486786141195,-58.0,-81.0024562238832,-17.11563469747866,-87.11927956151766,-10.99881135984419,3,36,6,5,-99.08106742178065,0.9629765004187902
2005-05-21 15:30:00,28,-50.0,-48.5527692051674,19.418486786141195,-56.0,-80.49617996836966,-16.609358441965135,-86.61300330600415,-10.492535104330663,3,36,6,5,-98.57479116626712,1.4692527559323167
2005-05-21 16:30:00,28,-48.0,-48.10726728347313,19.418486786141195,-56.0,-80.05067804667539,-16.163856520270862,-86.16750138430987,-10.04703318263639,3,36,6,5,-98.12928924457285,1.9147546776265898
2005-05-21 17:30:00,28,-52.0,-47.092926080188505,19.418486786141195,-55.0,-79.03633684339077,-15.14951531698624,-85.15316018102524,-9.032691979351767,3,36,6,5,-97.11494804128822,2.9290958809112126
2005-05-21 18:30:00,28,-56.0,-44.79268116731373,19.418486786141195,-49.0,-76.736091930516,-12.849270404111463,-82.85291526815047,-6.732447066476993,3,36,6,5,-94.81470312841344,5.229340793785987
2005-05-21 19:30:00,28,-56.0,-43.8455661932273,19.418486786141195,-48.0,-75.78897695642956,-11.902155430025031,-81.90580029406404,-5.785332092390561,3,36,6,5,-93.86758815432702,6.176455767872419
2005-05-21 20:30:00,28,-48.0,-44.75451512804546,19.418486786141195,-50.0,-76.69792589124773,-12.811104364843196,-82.81474922888219,-6.694281027208724,3,36,6,5,-94.77653708914518,5.267506833054256
2005-05-21 21:30:00,28,-44.0,-44.82350823618101,19.418486786141195,-48.0,-76.76691899938328,-12.880097472978749,-82.88374233701775,-6.763274135344275,3,36,6,5,-94.84553019728074,5.198513724918705
2005-05-21 22:30:00,28,-38.0,-44.897523861295895,19.418486786141195,-52.0,-76.84093462449816,-12.954113098093629,-82.95775796213263,-6.837289760459157,3,36,6,5,-94.9195458223956,5.124498099803823
2005-05-21 23:30:00,28,-34.0,-47.58119301616289,19.418486786141195,-56.0,-79.52460377936515,-15.637782252960626,-85.64142711699964,-9.520958915326156,3,36,6,5,-97.60321497726261,2.4408289449368255
2005-05-22 00:30:00,28,-36.0,-48.22895531399078,19.418486786141195,-56.0,-80.17236607719305,-16.285544550788515,-86.28918941482752,-10.168721213154043,3,36,6,5,-98.25097727509049,1.7930666471089367
2005-05-22 01:30:00,28,-38.0,-43.79602693116953,19.418486786141195,-48.0,-75.73943769437179,-11.852616167967264,-81.85626103200627,-5.735792830332791,3,36,6,5,-93.81804889226925,6.225995029930189
2005-05-22 02:30:00,28,-33.0,-39.204216383163015,19.418486786141195,-44.0,-71.14762714636528,-7.260805619960749,-77.26445048399975,-1.1439822823262773,3,36,6,5,-89.22623834426273,10.817805577936703
2005-05-22 03:30:00,28,-35.0,-35.69224198682869,19.418486786141195,-38.0,-67.63565275003096,-3.748831223626425,-73.75247608766543,2.3679921140080467,3,36,6,5,-85.7142639479284,14.329779974271027
2005-05-22 04:30:00,28,-35.0,-34.28254298909934,19.418486786141195,-34.0,-66.2259537523016,-2.3391322258970746,-72.34277708993608,3.777691111737397,3,36,6,5,-84.30456495019905,15.739478972000377
2005-05-22 05:30:00,28,-38.0,-33.84963159464765,19.418486786141195,-36.0,-65.79304235784991,-1.9062208314453808,-71.90986569548438,4.21060250618909,3,36,6,5,-83.87165355574737,16.17239036645207
2005-05-22 06:30:00,28,-38.0,-35.566081316778764,19.418486786141195,-38.0,-67.50949207998103,-3.622670553576498,-73.6263154176155,2.494152784057974,3,36,6,5,-85.58810327787847,14.455940644320954
2005-05-22 07:30:00,28,-37.0,-33.92942547739847,19.418486786141195,-33.0,-65.87283624060073,-1.9860147141962017,-71.9896595782352,4.13080862343827,3,36,6,5,-83.95144743849818,16.09259648370125
2005-05-22 08:30:00,28,-39.0,-34.68989265633187,19.418486786141195,-35.0,-66.63330341953414,-2.746481893129605,-72.7501267571686,3.3703414445048665,3,36,6,5,-84.71191461743159,15.332129304767847
2005-05-22 09:30:00,28,-41.0,-33.83503469638953,19.418486786141195,-35.0,-65.7784454595918,-1.8916239331872613,-71.89526879722627,4.22519940444721,3,36,6,5,-83.85705665748924,16.18698726471019
2005-05-22 10:30:00,28,-40.0,-32.93848784596431,19.418486786141195,-38.0,-64.88189860916657,-0.9950770827620444,-70.99872194680106,5.121746254872427,3,36,6,5,-82.96050980706403,17.083534115135407
2005-05-22 11:30:00,28,-38.0,-33.89401352128864,19.418486786141195,-38.0,-65.83742428449091,-1.950602758086376,-71.95424762212538,4.166220579548096,3,36,6,5,-83.91603548238837,16.128008439811076
2005-05-22 12:30:00,28,-34.0,-33.75318536265269,19.418486786141195,-37.0,-65.69659612585495,-1.8097745994504209,-71.81341946348942,4.307048738184051,3,36,6,5,-83.7752073237524,16.26883659844703
2005-05-22 13:30:00,28,-30.0,-31.5449470651837,19.418486786141195,-39.0,-63.488357828385965,0.3984636980185669,-69.60518116602043,6.515287035653039,3,36,6,5,-81.56696902628342,18.47707489591602
2005-05-22 14:30:00,28,-28.0,-31.43443593757362,19.418486786141195,-41.0,-63.37784670077589,0.5089748256286448,-69.49467003841036,6.625798163263116,3,36,6,5,-81.45645789867334,18.587586023526097
2005-05-22 15:30:00,28,-28.0,-32.251877994092844,19.418486786141195,-40.0,-64.19528875729512,-0.308467230890578,-70.31211209492957,5.808356106743894,3,36,6,5,-82.27389995519256,17.770143967006874
2005-05-22 16:30:00,28,-29.0,-30.4373648246431,19.418486786141195,-38.0,-62.38077558784536,1.506045938559165,-68.49759892547983,7.622869276193636,3,36,6,5,-80.45938678574282,19.584657136456617
2005-05-22 17:30:00,28,-28.0,-28.898934366187746,19.418486786141195,-34.0,-60.84234512939001,3.0444763970145203,-66.95916846702448,9.161299734648992,3,36,6,5,-78.92095632728746,21.123087594911972
2005-05-22 18:30:00,28,-28.0,-27.73382373506089,19.418486786141195,-30.0,-59.67723449826316,4.209587028141375,-65.79405783589763,10.326410365775846,3,36,6,5,-77.7558456961606,22.288198226038826
2005-05-22 19:30:00,28,-29.0,-25.842805192364025,19.418486786141195,-28.0,-57.78621595556629,6.1006055708382405,-63.90303929320076,12.217428908472712,3,36,6,5,-75.86482715346375,24.179216768735692
2005-05-22 20:30:00,28,-31.0,-25.129395707351232,19.418486786141195,-28.0,-57.0728064705535,6.8140150558510335,-63.18962980818797,12.930838393485503,3,36,6,5,-75.15141766845095,24.892626253748485
2005-05-22 21:30:00,28,-29.0,-25.760738634313377,19.418486786141195,-29.0,-57.70414939751564,6.182672128888889,-63.820972735150114,12.29949546652336,3,36,6,5,-75.7827605954131,24.26128332678634
2005-05-22 22:30:00,28,-27.0,-25.43950962158216,19.418486786141195,-28.0,-57.38292038478442,6.503901141620112,-63.49974372241889,12.620724479254584,3,36,6,5,-75.46153158268189,24.582512339517557
2005-05-22 23:30:00,28,-25.0,-25.169172296761985,19.418486786141195,-28.0,-57.11258305996425,6.774238466440281,-63.22940639759872,12.891061804074752,3,36,6,5,-75.1911942578617,24.852849664337732
2005-05-23 00:30:00,28,-22.0,-25.51809756098418,19.418486786141195,-29.0,-57.46150832418645,6.425313202218085,-63.57833166182092,12.542136539852557,3,36,6,5,-75.5401195220839,24.503924400115537
2005-05-23 01:30:00,28,-18.0,-24.4666779548142,19.418486786141195,-31.0,-56.41008871801647,7.476732808388064,-62.52691205565094,13.593556146022536,3,36,6,5,-74.48869991591391,25.555344006285516
2005-05-23 02:30:00,28,-18.0,-25.137505415066457,19.418486786141195,-29.0,-57.08091617826872,6.805905348135809,-63.1977395159032,12.92272868577028,3,36,6,5,-75.15952737616618,24.88451654603326
2005-05-23 03:30:00,28,-18.0,-24.12835335829059,19.418486786141195,-27.0,-56.071764121492855,7.815057404911677,-62.188587459127326,13.931880742546149,3,36,6,5,-74.1503753193903,25.89366860280913
2005-05-23 04:30:00,28,-18.0,-25.283291105165283,19.418486786141195,-25.0,-57.22670186836755,6.660119658036983,-63.34352520600202,12.776942995671456,3,36,6,5,-75.305313066265,24.738730855934435
2005-05-23 05:30:00,28,-19.0,-23.42978541398137,19.418486786141195,-22.0,-55.37319617718365,8.513625349220892,-61.49001951481812,14.630448686855363,3,36,6,5,-73.45180737508109,26.592236547118347
2005-05-23 06:30:00,28,-18.0,-22.11915994148169,19.418486786141195,-18.0,-54.06257070468396,9.824250821720575,-60.17939404231843,15.941074159355049,3,36,6,5,-72.14118190258141,27.902862019618027
2005-05-23 07:30:00,28,-18.0,-21.123703014247027,19.418486786141195,-18.0,-53.06711377744929,10.819707748955238,-59.183937115083765,16.93653108658971,3,36,6,5,-71.14572497534675,28.89831894685269
2005-05-23 08:30:00,28,-17.0,-20.5410910446436,19.418486786141195,-18.0,-52.48450180784587,11.402319718558664,-58.60132514548034,17.519143056193137,3,36,6,5,-70.56311300574332,29.480930916456117
2005-05-23 09:30:00,28,-16.0,-21.40115875256379,19.418486786141195,-18.0,-53.34456951576605,10.542252010638476,-59.461392853400525,16.659075348272946,3,36,6,5,-71.42318071366351,28.620863208535926
2005-05-23 10:30:00,28,-16.0,-21.0644144099046,19.418486786141195,-19.0,-53.00782517310686,10.878996353297673,-59.12464851074133,16.995819690932144,3,36,6,5,-71.08643637100431,28.957607551195117
2005-05-23 11:30:00,28,-13.0,-21.01558892815828,19.418486786141195,-18.0,-52.95899969136055,10.92782183504399,-59.07582302899502,17.04464517267846,3,36,6,5,-71.03761088925799,29.006433032941437
2005-05-23 12:30:00,28,-11.0,-21.33832184813316,19.418486786141195,-18.0,-53.28173261133543,10.605088915069103,-59.3985559489699,16.721912252703575,3,36,6,5,-71.36034380923287,28.68370011296656
2005-05-23 13:30:00,28,-13.0,-20.222884388613178,19.418486786141195,-17.0,-52.16629515181545,11.720526374589088,-58.28311848944992,17.83734971222356,3,36,6,5,-70.24490634971289,29.79913757248654
2005-05-23 14:30:00,28,-22.0,-20.439370685079883,19.418486786141195,-16.0,-52.38278144828215,11.504040078122385,-58.49960478591662,17.620863415756855,3,36,6,5,-70.4613926461796,29.582651276019835
2005-05-23 15:30:00,28,-27.0,-19.03047014575921,19.418486786141195,-16.0,-50.97388090896148,12.912940617443052,-57.09070424659595,19.029763955077524,3,36,6,5,-69.05249210685892,30.991551815340507
2005-05-23 16:30:00,28,-27.0,-18.4892331971978,19.418486786141195,-13.0,-50.432643960400064,13.454177566004468,-56.549467298034536,19.57100090363894,3,36,6,5,-68.51125515829752,31.532788763901916
2005-05-23 17:30:00,28,-23.0,-20.160046272331428,19.418486786141195,-11.0,-52.103457035533694,11.783364490870838,-58.220280373168166,17.90018782850531,3,36,6,5,-70.18206823343115,29.86197568876829
2005-05-23 18:30:00,28,-21.0,-20.9406759272868,19.418486786141195,-13.0,-52.88408669048906,11.002734835915469,-59.000910028123535,17.11955817354994,3,36,6,5,-70.96269788838651,29.081346033812917
2005-05-23 19:30:00,28,-22.0,-24.94010456193613,19.418486786141195,-22.0,-56.8835153251384,7.003306201266135,-63.00033866277287,13.120129538900606,3,36,6,5,-74.96212652303585,25.081917399163586
2005-05-23 20:30:00,28,-25.0,-26.528720199097823,19.418486786141195,-27.0,-58.47213096230009,5.41469056410444,-64.58895429993456,11.531513901738911,3,36,6,5,-76.55074216019754,23.493301762001895
2005-05-23 21:30:00,28,-24.0,-24.69680363567045,19.418486786141195,-27.0,-56.64021439887272,7.246607127531817,-62.75703773650719,13.363430465166289,3,36,6,5,-74.71882559677016,25.32521832542927
2005-05-23 22:30:00,28,-24.0,-20.84951563840904,19.418486786141195,-23.0,-52.7929264016113,11.093895124793228,-58.909749739245775,17.2107184624277,3,36,6,5,-70.87153759950876,29.172506322690676
2005-05-23 23:30:00,28,-21.0,-18.33923632444649,19.418486786141195,-21.0,-50.28264708764876,13.604174438755772,-56.399470425283226,19.720997776390245,3,36,6,5,-68.3612582855462,31.68278563665323
2005-05-24 00:30:00,28,-16.0,-18.10441229678631,19.418486786141195,-22.0,-50.04782305998857,13.838998466415957,-56.164646397623045,19.955821804050423,3,36,6,5,-68.12643425788603,31.917609664313407
2005-05-24 01:30:00,28,-11.0,-18.266172608388736,19.418486786141195,-25.0,-50.209583371591,13.67723815481353,-56.32640670922547,19.794061492448,3,36,6,5,-68.28819456948845,31.75584935271098
2005-05-24 02:30:00,28,-9.0,-20.504368320062845,19.418486786141195,-24.0,-52.44777908326511,11.43904244313942,-58.56460242089958,17.555865780773892,3,36,6,5,-70.52639028116256,29.517653641036873
2005-05-24 03:30:00,28,-11.0,-20.958900956325834,19.418486786141195,-24.0,-52.9023117195281,10.984509806876432,-59.01913505716257,17.101333144510903,3,36,6,5,-70.98092291742554,29.063121004773883
2005-05-24 04:30:00,28,-11.0,-19.23908304547968,19.418486786141195,-21.0,-51.18249380868195,12.704327717722585,-57.29931714631642,18.821151055357056,3,36,6,5,-69.2611050065794,30.782938915620036
2005-05-24 05:30:00,28,-11.0,-17.16797251924253,19.418486786141195,-16.0,-49.11138328244479,14.775438243959735,-55.22820662007926,20.89226158159421,3,36,6,5,-67.18999448034225,32.854049441857185
2005-05-24 06:30:00,28,-10.0,-15.235521998500865,19.418486786141195,-11.0,-47.17893276170313,16.7078887647014,-53.2957560993376,22.82471210233588,3,36,6,5,-65.25754395960058,34.78649996259885
2005-05-24 07:30:00,28,-9.0,-14.492197968516422,19.418486786141195,-9.0,-46.43560873171869,17.451212794685844,-52.55243206935316,23.56803613232032,3,36,6,5,-64.51421992961613,35.529823992583296
2005-05-24 08:30:00,28,-9.0,-14.67938534038197,19.418486786141195,-11.0,-46.62279610358424,17.264025422820296,-52.73961944121871,23.380848760454768,3,36,6,5,-64.70140730148168,35.34263662071775
2005-05-24 09:30:00,28,-7.0,-14.645501982982442,19.418486786141195,-11.0,-46.588912746184704,17.297908780219824,-52.705736083819176,23.414732117854296,3,36,6,5,-64.66752394408216,35.37651997811727
2005-05-24 10:30:00,28,-7.0,-14.486938534642531,19.418486786141195,-11.0,-46.4303492978448,17.456472228559733,-52.54717263547927,23.573295566194204,3,36,6,5,-64.50896049574224,35.535083426457184
2005-05-24 11:30:00,28,-7.0,-14.139185736381858,19.418486786141195,-10.0,-46.08259649958413,17.804225026820408,-52.1994198372186,23.92104836445488,3,36,6,5,-64.16120769748157,35.88283622471786
2005-05-24 12:30:00,28,-6.0,-14.060934085666467,19.418486786141195,-9.0,-46.00434484886873,17.8824766775358,-52.121168186503205,23.99930001517027,3,36,6,5,-64.08295604676618,35.96108787543325
2005-05-24 13:30:00,28,-4.0,-14.080357635466168,19.418486786141195,-9.0,-46.02376839866844,17.863053127736098,-52.14059173630291,23.97987646537057,3,36,6,5,-64.10237959656588,35.94166432563355
2005-05-24 14:30:00,28,-5.0,-13.603726893974985,19.418486786141195,-7.0,-45.547137657177245,18.339683869227283,-51.66396099481172,24.456507206861755,3,36,6,5,-63.625748855074704,36.41829506712473
2005-05-24 15:30:00,28,-7.0,-13.218222509530111,19.418486786141195,-7.0,-45.16163327273237,18.725188253672155,-51.278456610366845,24.842011591306623,3,36,6,5,-63.24024447062983,36.8037994515696
2005-05-24 16:30:00,28,-7.0,-13.025087372352804,19.418486786141195,-7.0,-44.968498135555066,18.918323390849466,-51.08532147318954,25.035146728483934,3,36,6,5,-63.047109333452525,36.99693458874691
2005-05-24 17:30:00,28,-10.0,-12.528272038556665,19.418486786141195,-6.0,-44.47168280175893,19.4151387246456,-50.5885061393934,25.53196206228008,3,36,6,5,-62.55029399965638,37.49374992254305
2005-05-24 18:30:00,28,-11.0,-12.228256479733837,19.418486786141195,-4.0,-44.1716672429361,19.71515428346843,-50.288490580570574,25.8319776211029,3,36,6,5,-62.250278440833554,37.79376548136588
2005-05-24 19:30:00,28,-7.0,-12.062392840228878,19.418486786141195,-5.0,-44.00580360343115,19.88101792297339,-50.12262694106562,25.99784126060786,3,36,6,5,-62.08441480132859,37.959629120870844
2005-05-24 20:30:00,28,-6.0,-11.859810111696536,19.418486786141195,-7.0,-43.8032208748988,20.08360065150573,-49.92004421253327,26.2004239891402,3,36,6,5,-61.88183207279626,38.16221184940318
2005-05-24 21:30:00,28,-6.0,-11.612907563893256,19.418486786141195,-7.0,-43.556318327095525,20.33050319930901,-49.67314166473,26.44732653694348,3,36,6,5,-61.63492952499297,38.409114397206466
2005-05-24 22:30:00,28,-6.0,-12.089901860721344,19.418486786141195,-10.0,-44.03331262392361,19.85350890248092,-50.15013596155808,25.9703322401154,3,36,6,5,-62.111923821821065,37.93212010037837
2005-05-24 23:30:00,28,-5.0,-9.728285171423664,19.418486786141195,-11.0,-41.67169593462593,22.2151255917786,-47.7885192722604,28.33194892941308,3,36,6,5,-59.75030713252338,40.29373678967605
2005-05-25 00:30:00,28,-6.0,-7.898986206422002,19.418486786141195,-7.0,-39.84239696962427,24.044424556780264,-45.95922030725874,30.161247894414736,3,36,6,5,-57.92100816752172,42.123035754677716
2005-05-25 01:30:00,28,-4.0,-7.984004833808314,19.418486786141195,-6.0,-39.92741559701058,23.959405929393952,-46.04423893464505,30.076229267028424,3,36,6,5,-58.00602679490803,42.038017127291404
2005-05-25 02:30:00,28,-3.0,-8.811209562974554,19.418486786141195,-6.0,-40.75462032617682,23.132201200227712,-46.87144366381129,29.249024537862184,3,36,6,5,-58.83323152407427,41.210812398125164
2005-05-25 03:30:00,28,-2.0,-9.680121360390515,19.418486786141195,-6.0,-41.62353212359278,22.26328940281175,-47.74035546122725,28.380112740446226,3,36,6,5,-59.70214332149023,40.3419006007092
2005-05-25 04:30:00,28,-1.0,-9.929534863720686,19.418486786141195,-5.0,-41.87294562692296,22.01387589948158,-47.98976896455743,28.13069923711605,3,36,6,5,-59.9515568248204,40.092487097379035
2005-05-25 05:30:00,28,-2.0,-11.96631243579168,19.418486786141195,-6.0,-43.90972319899394,19.977098327410587,-50.026546536628416,26.09392166504506,3,36,6,5,-61.988334396891396,38.05570952530804
2005-05-25 06:30:00,28,-4.0,-7.480446760363712,19.418486786141195,-4.0,-39.42385752356598,24.46296400283856,-45.54068086120045,30.579787340473025,3,36,6,5,-57.50246872146343,42.541575200736006
2005-05-25 07:30:00,28,-6.0,-6.410178627751904,19.418486786141195,-3.0,-38.35358939095417,25.53323213545036,-44.47041272858864,31.65005547308484,3,36,6,5,-56.43220058885162,43.611843333347814
2005-05-25 08:30:00,28,-4.0,-5.191802898289566,19.418486786141195,-2.0,-37.13521366149183,26.7516078649127,-43.252036999126304,32.86843120254717,3,36,6,5,-55.213824859389284,44.83021906281015
2013-09-23 20:30:00,34,4.0,0.6432408694145906,19.418486786141195,-1.0,-31.300169893787675,32.58665163261686,-37.41699323142215,38.70347497025133,3,36,6,5,-49.37878109168513,50.66526283051431
2013-09-23 21:30:00,34,1.0,-0.6392854110957202,19.418486786141195,-2.0,-32.582696174297986,31.304125352106546,-38.69951951193246,37.42094868974102,3,36,6,5,-50.66130737219544,49.382736550004
2013-09-23 22:30:00,34,-2.0,0.952461649367848,19.418486786141195,-4.0,-30.99094911383441,32.895872412570114,-37.10777245146889,39.012695750204585,3,36,6,5,-49.06956031173187,50.974483610467566
2013-09-23 23:30:00,34,-7.0,-0.3543210432207502,19.418486786141195,-6.0,-32.297731806423016,31.58908971998152,-38.41455514405749,37.70591305761599,3,36,6,5,-50.37634300432047,49.66770091787897
2013-09-24 00:30:00,34,-7.0,-0.7656378565858617,19.418486786141195,-4.0,-32.70904861978813,31.177772906616404,-38.8258719574226,37.29459624425088,3,36,6,5,-50.78765981768558,49.256384104513856
2013-09-24 01:30:00,34,-8.0,-1.551542699479718,19.418486786141195,4.0,-33.494953462681984,30.391868063722548,-39.611776800316456,36.50869140135702,3,36,6,5,-51.573564660579436,48.47047926162
2013-09-24 02:30:00,34,-8.0,-3.8343260495229607,19.418486786141195,1.0,-35.77773681272522,28.109084713679305,-41.894560150359695,34.22590805131378,3,36,6,5,-53.85634801062268,46.18769591157675
2013-09-24 03:30:00,34,-4.0,-6.119445848531377,19.418486786141195,-2.0,-38.06285661173364,25.82396491467089,-44.17967994936812,31.94078825230536,3,36,6,5,-56.141467809631095,43.90257611256834
2013-09-24 04:30:00,34,-2.0,-8.973985405818066,19.418486786141195,-7.0,-40.917396169020336,22.9694253573842,-47.03421950665481,29.08624869501867,3,36,6,5,-58.99600736691778,41.048036555281655
2013-09-24 05:30:00,34,1.0,-7.893557113390891,19.418486786141195,-7.0,-39.83696787659316,24.04985364981137,-45.95379121422763,30.166676987445847,3,36,6,5,-57.91557907449061,42.12846484770883
2013-09-24 06:30:00,34,2.0,-6.5139518631180096,19.418486786141195,-8.0,-38.45736262632028,25.429458900084256,-44.57418596395475,31.546282237718728,3,36,6,5,-56.53597382421773,43.50807009798171
2013-09-24 07:30:00,34,4.0,-4.505812756786135,19.418486786141195,-8.0,-36.4492235199884,27.43759800641613,-42.56604685762287,33.5544213440506,3,36,6,5,-54.52783471788585,45.51620920431358
2013-09-24 08:30:00,34,8.0,-1.9290100872767475,19.418486786141195,-4.0,-33.87242085047902,30.01440067592552,-39.98924418811349,36.13122401355999,3,36,6,5,-51.95103204837646,48.093011873822974
2013-09-24 09:30:00,34,15.0,1.5090309383376592,19.418486786141195,-2.0,-30.434379824864607,33.452441701539925,-36.55120316249908,39.5692650391744,3,36,6,5,-48.51299102276206,51.53105289943738
2013-09-24 10:30:00,34,10.0,3.4195675552218248,19.418486786141195,1.0,-28.52384320798044,35.36297831842409,-34.64066654561491,41.47980165605856,3,36,6,5,-46.60245440587789,53.44158951632154
2013-09-24 11:30:00,34,-11.0,3.769089656122105,19.418486786141195,2.0,-28.17432110708016,35.71250041932437,-34.29114444471463,41.82932375695884,3,36,6,5,-46.25293230497761,53.79111161722182
2013-09-24 12:30:00,34,-22.0,5.218793222754727,19.418486786141195,4.0,-26.72461754044754,37.16220398595699,-32.84144087808201,43.27902732359146,3,36,6,5,-44.80322873834499,55.240815183854444
2013-09-24 13:30:00,34,-11.0,6.798833801369959,19.418486786141195,8.0,-25.144576961832307,38.74224456457223,-31.26140029946678,44.8590679022067,3,36,6,5,-43.22318815972976,56.82085576246968
2013-09-24 14:30:00,34,-19.0,6.21644238867092,19.418486786141195,15.0,-25.726968374531346,38.15985315187319,-31.843791712165817,44.27667648950766,3,36,6,5,-43.8055795724288,56.23846434977064
2013-09-24 15:30:00,34,-18.0,1.2752115352584568,19.418486786141195,10.0,-30.66819922794381,33.21862229846072,-36.78502256557828,39.3354456360952,3,36,6,5,-48.74681042584126,51.297233496358174
2013-09-24 16:30:00,34,-17.0,-14.731136230739246,19.418486786141195,-11.0,-46.67454699394151,17.21227453246302,-52.79137033157598,23.32909787009749,3,36,6,5,-64.75315819183896,35.29088573036047
2013-09-24 17:30:00,34,-11.0,-29.008788064563586,19.418486786141195,-22.0,-60.95219882776585,2.934622698638684,-67.06902216540033,9.051446036273155,3,36,6,5,-79.0308100256633,21.013233896536132
2013-09-24 18:30:00,34,-8.0,-22.122059901219068,19.418486786141195,-11.0,-54.06547066442133,9.821350861983198,-60.182294002055805,15.93817419961767,3,36,6,5,-72.14408186231879,27.89996205988065
2013-09-24 19:30:00,34,-9.0,-20.50428227863312,19.418486786141195,-19.0,-52.44769304183538,11.439128484569151,-58.56451637946985,17.555951822203625,3,36,6,5,-70.52630423973284,29.517739682466598
2013-09-24 20:30:00,34,-13.0,-16.202747641973748,19.418486786141195,-18.0,-48.14615840517601,15.740663121228518,-54.26298174281048,21.85748645886299,3,36,6,5,-66.22476960307347,33.81927431912597
2013-09-24 21:30:00,34,-19.0,-11.384696607811373,19.418486786141195,-17.0,-43.32810737101364,20.55871415539089,-49.44493070864811,26.675537493025367,3,36,6,5,-61.40671856891109,38.63732535328835
2013-09-24 22:30:00,34,-23.0,-7.791548333259893,19.418486786141195,-11.0,-39.73495909646216,24.151862429942373,-45.85178243409664,30.268685767576844,3,36,6,5,-57.81357029435961,42.23047362783983
2013-09-24 23:30:00,34,-22.0,-6.132034557997265,19.418486786141195,-8.0,-38.07544532119953,25.811376205205,-44.192268658834,31.928199542839472,3,36,6,5,-56.15405651909698,43.88998740310245
2013-09-25 00:30:00,34,-19.0,-4.631331448703644,19.418486786141195,-9.0,-36.57474221190592,27.31207931449862,-42.69156554954039,33.42890265213309,3,36,6,5,-54.65335340980336,45.39069051239608
2013-09-25 01:30:00,34,-13.0,-8.358117817696833,19.418486786141195,-13.0,-40.3015285808991,23.58529294550544,-46.41835191853357,29.702116283139905,3,36,6,5,-58.38013977879655,41.66390414340289
2013-09-25 02:30:00,34,-11.0,-12.414425896656049,19.418486786141195,-19.0,-44.35783665985832,19.528984866546217,-50.47465999749279,25.64580820418069,3,36,6,5,-62.436447857755766,37.60759606444367
2013-09-25 03:30:00,34,-8.0,-17.91705041835905,19.418486786141195,-23.0,-49.86046118156132,14.026360344843216,-55.97728451919579,20.143183682477687,3,36,6,5,-67.93907237945876,32.10497154274067
2013-09-25 04:30:00,34,-9.0,-17.63332819788517,19.418486786141195,-22.0,-49.57673896108744,14.310082565317096,-55.69356229872191,20.426905902951567,3,36,6,5,-67.65535015898489,32.38869376321455
2013-09-25 05:30:00,34,-10.0,-15.844566864799518,19.418486786141195,-19.0,-47.78797762800178,16.098843898402748,-53.904800965636255,22.21566723603722,3,36,6,5,-65.86658882589924,34.1774550963002
2013-09-25 06:30:00,34,-9.0,-14.223351220577566,19.418486786141195,-13.0,-46.16676198377984,17.7200595426247,-52.28358532141431,23.83688288025917,3,36,6,5,-64.24537318167728,35.798670740522155
2013-09-25 07:30:00,34,-11.0,-12.421188025922476,19.418486786141195,-11.0,-44.36459878912474,19.52222273727979,-50.48142212675921,25.639046074914265,3,36,6,5,-62.44320998702219,37.60083393517724
2013-09-25 08:30:00,34,-10.0,-9.874051471904522,19.418486786141195,-8.0,-41.81746223510679,22.069359291297744,-47.93428557274126,28.18618262893221,3,36,6,5,-59.89607343300424,40.147970489195195
2013-09-25 09:30:00,34,-10.0,-9.463951357066918,19.418486786141195,-9.0,-41.407362120269184,22.479459406135348,-47.524185457903656,28.59628274376982,3,36,6,5,-59.485973318166636,40.5580706040328
2013-09-25 10:30:00,34,-9.0,-10.817084931408631,19.418486786141195,-10.0,-42.760495694610896,21.12632583179364,-48.87731903224537,27.243149169428104,3,36,6,5,-60.83910689250835,39.20493702969109
2013-09-25 11:30:00,34,-8.0,-12.833770011860018,19.418486786141195,-9.0,-44.77718077506229,19.109640751342248,-50.89400411269676,25.22646408897672,3,36,6,5,-62.855791972959736,37.1882519492397
2013-09-25 12:30:00,34,-8.0,-13.634241305252528,19.418486786141195,-11.0,-45.5776520684548,18.30916945794974,-51.69447540608927,24.42599279558421,3,36,6,5,-63.65626326635225,36.38778065584719
2013-09-25 13:30:00,34,-6.0,-12.422346555596082,19.418486786141195,-10.0,-44.36575731879834,19.521064207606184,-50.482580656432816,25.63788754524065,3,36,6,5,-62.4443685166958,37.59967540550363
2013-09-25 14:30:00,34,-4.0,-12.02949350594124,19.418486786141195,-10.0,-43.97290426914351,19.913917257261023,-50.08972760677798,26.03074059489549,3,36,6,5,-62.05151546704096,37.99252845515848
2013-09-25 15:30:00,34,-3.0,-11.00037014265807,19.418486786141195,-9.0,-42.943780905860336,20.943040620544195,-49.06060424349481,27.059863958178667,3,36,6,5,-61.02239210375779,39.02165181844165
2013-09-25 16:30:00,34,0.0,-10.093823096765725,19.418486786141195,-8.0,-42.03723385996799,21.84958766643654,-48.15405719760246,27.966411004071013,3,36,6,5,-60.11584505786544,39.92819886433399
2013-09-25 17:30:00,34,2.0,-9.650857579471923,19.418486786141195,-8.0,-41.59426834267419,22.29255318373034,-47.71109168030866,28.409376521364813,3,36,6,5,-59.67287954057164,40.37116438162779
2013-09-25 18:30:00,34,2.0,-9.95319019764196,19.418486786141195,-6.0,-41.89660096084423,21.990220565560307,-48.0134242984787,28.10704390319478,3,36,6,5,-59.97521215874168,40.06883176345776
2013-09-25 19:30:00,34,-1.0,-10.240694605470772,19.418486786141195,-4.0,-42.18410536867304,21.70271615773149,-48.30092870630751,27.81953949536597,3,36,6,5,-60.26271656657049,39.781327355628946
2013-09-25 20:30:00,34,-5.0,-8.89227270829534,19.418486786141195,-3.0,-40.8356834714976,23.051138054906925,-46.95250680913208,29.1679613925414,3,36,6,5,-58.91429466939506,41.12974925280437
2013-09-25 21:30:00,34,-5.0,-7.6364216947048575,19.418486786141195,0.0,-39.57983245790712,24.30698906849741,-45.6966557955416,30.42381240613188,3,36,6,5,-57.658443655804575,42.38560026639486
2013-09-25 22:30:00,34,-8.0,-7.088059061540111,19.418486786141195,2.0,-39.03146982474237,24.855351701662155,-45.148293162376845,30.972175039296623,3,36,6,5,-57.11008102263983,42.9339628995596
2013-09-25 23:30:00,34,-11.0,-6.40735743833752,19.418486786141195,2.0,-38.350768201539786,25.536053324864746,-44.46759153917426,31.652876662499217,3,36,6,5,-56.42937939943724,43.6146645227622
2013-09-26 00:30:00,34,-12.0,-6.343134176222165,19.418486786141195,-1.0,-38.28654493942443,25.6002765869801,-44.4033682770589,31.717099924614573,3,36,6,5,-56.36515613732188,43.67888778487755
2013-09-26 01:30:00,34,-8.0,-7.085742002192905,19.418486786141195,-5.0,-39.02915276539517,24.85766876100936,-45.14597610302964,30.974492098643832,3,36,6,5,-57.107763963292626,42.93627995890681
2013-09-26 02:30:00,34,-4.0,-6.03103403800062,19.418486786141195,-5.0,-37.974444801202885,25.912376725201646,-44.09126813883736,32.02920006283612,3,36,6,5,-56.05305599910034,43.9909879230991
2013-09-26 03:30:00,34,-3.0,-6.533991033288203,19.418486786141195,-8.0,-38.47740179649047,25.409419729914063,-44.59422513412494,31.52624306754853,3,36,6,5,-56.55601299438792,43.488030927811515
2013-09-26 04:30:00,34,-3.0,-7.941599739311737,19.418486786141195,-11.0,-39.88501050251401,24.00181102389053,-46.00183384014848,30.118634361525,3,36,6,5,-57.96362170041145,42.080422221787984
2013-09-26 05:30:00,34,-3.0,-8.885893523983786,19.418486786141195,-12.0,-40.82930428718605,23.05751723921848,-46.94612762482052,29.174340576852952,3,36,6,5,-58.90791548508351,41.13612843711593
2013-09-26 06:30:00,34,-2.0,-7.04975002383933,19.418486786141195,-8.0,-38.9931607870416,24.893660739362936,-45.10998412467607,31.010484076997407,3,36,6,5,-57.07177198493905,42.97227193726039
2013-09-26 07:30:00,34,-1.0,-4.098286613733816,19.418486786141195,-4.0,-36.041697376936085,27.84512414946845,-42.15852071457056,33.96194748710292,3,36,6,5,-54.12030857483353,45.923735347365906
2013-09-26 08:30:00,34,-2.0,-2.4057135398353147,19.418486786141195,-3.0,-34.349124303037584,29.53769722336695,-40.465947640672056,35.65452056100142,3,36,6,5,-52.42773550093503,47.61630842126441
2013-09-26 09:30:00,34,-2.0,-2.1288491848665814,19.418486786141195,-3.0,-34.07225994806885,29.814561578335685,-40.18908328570332,35.93138491597016,3,36,6,5,-52.1508711459663,47.893172776233136
2013-09-26 10:30:00,34,-2.0,-1.875591689774204,19.418486786141195,-3.0,-33.81900245297647,30.067819073428065,-39.93582579061094,36.18464241106253,3,36,6,5,-51.89761365087392,48.146430271325514
2013-09-26 11:30:00,34,0.0,-1.7161072345808035,19.418486786141195,-2.0,-33.65951799778307,30.227303528621466,-39.77634133541754,36.344126866255934,3,36,6,5,-51.73812919568052,48.305914726518914
2013-09-26 12:30:00,34,2.0,-0.6862470658148396,19.418486786141195,-1.0,-32.629657829017106,31.257163697387423,-38.74648116665158,37.3739870350219,3,36,6,5,-50.70826902691456,49.33577489528488
2013-09-26 13:30:00,34,3.0,-0.2184095160722563,19.418486786141195,-2.0,-32.16182027927452,31.72500124713001,-38.278643616908994,37.84182458476448,3,36,6,5,-50.240431477171974,49.80361244502746
2013-09-26 14:30:00,34,3.0,-0.5876169266148139,19.418486786141195,-2.0,-32.53102768981708,31.35579383658745,-38.64785102745155,37.47261717422192,3,36,6,5,-50.60963888771453,49.434405034484904
2013-09-26 15:30:00,34,1.0,-0.661001783220172,19.418486786141195,-2.0,-32.60441254642244,31.28240897998209,-38.72123588405691,37.399232317616566,3,36,6,5,-50.68302374431989,49.361020177879546
2013-09-26 16:30:00,34,-1.0,0.0903265234317913,19.418486786141195,0.0,-31.853084239770475,32.03373728663406,-37.96990757740495,38.15056062426853,3,36,6,5,-49.931695437667926,50.11234848453151
2013-09-26 17:30:00,34,-3.0,0.4715942763506007,19.418486786141195,2.0,-31.471816486851665,32.41500503955287,-37.58863982448614,38.53182837718734,3,36,6,5,-49.55042768474912,50.49361623745032
2013-09-26 18:30:00,34,-1.0,0.781673046898959,19.418486786141195,3.0,-31.161737716303307,32.725083810101225,-37.27856105393778,38.8419071477357,3,36,6,5,-49.24034891420076,50.80369500799868
2013-09-26 19:30:00,34,-2.0,1.8477287850071635,19.418486786141195,3.0,-30.095681978195103,33.79113954820943,-36.21250531582957,39.9079628858439,3,36,6,5,-48.174293176092554,51.86975074610688
2013-09-26 20:30:00,34,-3.0,1.8284118781062872,19.418486786141195,1.0,-30.11499888509598,33.77182264130855,-36.23182222273045,39.88864597894303,3,36,6,5,-48.19361008299343,51.850433839206005
2013-09-26 21:30:00,34,-3.0,0.9432418860239408,19.418486786141195,-1.0,-31.000168877178325,32.88665264922621,-37.1169922148128,39.00347598686068,3,36,6,5,-49.07878007507578,50.96526384712366
2013-09-26 22:30:00,34,-1.0,-0.493058607188118,19.418486786141195,-3.0,-32.436469370390384,31.450352156014148,-38.553292708024856,37.56717549364862,3,36,6,5,-50.515080568287836,49.5289633539116
2013-09-26 23:30:00,34,2.0,-0.4549725500939701,19.418486786141195,-1.0,-32.39838331329624,31.488438213108296,-38.51520665093071,37.60526155074277,3,36,6,5,-50.47699451119369,49.56704941100575
2013-09-27 00:30:00,34,5.0,-1.7150505004015315,19.418486786141195,-2.0,-33.6584612636038,30.22836026280073,-39.77528460123827,36.345183600435206,3,36,6,5,-51.73707246150125,48.306971460698186
2013-09-27 01:30:00,34,6.0,-1.976655226029248,19.418486786141195,-3.0,-33.92006598923152,29.96675553717301,-40.03688932686599,36.083578874807486,3,36,6,5,-51.99867718712897,48.045366735070466
2013-09-27 02:30:00,34,6.0,-2.078242281969434,19.418486786141195,-3.0,-34.0216530451717,29.865168481232832,-40.138476382806175,35.9819918188673,3,36,6,5,-52.10026424306915,47.94377967913029
2013-09-27 03:30:00,34,5.0,-0.7532430432996549,19.418486786141195,-1.0,-32.69665380650192,31.19016771990261,-38.81347714413639,37.30699105753708,3,36,6,5,-50.77526500439937,49.26877891780006
2013-09-27 04:30:00,34,5.0,1.2376683874674228,19.418486786141195,2.0,-30.705742375734843,33.18107915066969,-36.82256571336932,39.29790248830416,3,36,6,5,-48.784353573632295,51.25969034856714
2013-09-27 05:30:00,34,7.0,3.2612270874885496,19.418486786141195,5.0,-28.68218367571372,35.204637850690816,-34.79900701334819,41.32146118832529,3,36,6,5,-46.76079487361117,53.28324904858827
2013-09-27 06:30:00,34,6.0,3.882334719865703,19.418486786141195,6.0,-28.061076043336563,35.82574548306797,-34.177899380971034,41.94256882070244,3,36,6,5,-46.139687241234014,53.90435668096542
2013-09-27 07:30:00,34,5.0,4.361873904052132,19.418486786141195,6.0,-27.58153685915013,36.3052846672544,-33.698360196784606,42.42210800488887,3,36,6,5,-45.660148057047586,54.38389586515185
2013-09-27 08:30:00,34,4.0,3.953111672854334,19.418486786141195,5.0,-27.99029909034793,35.8965224360566,-34.107122427982404,42.01334577369107,3,36,6,5,-46.068910288245384,53.97513363395405
2013-09-27 09:30:00,34,4.0,4.136343562654353,19.418486786141195,5.0,-27.807067200547912,36.07975432585662,-33.923890538182384,42.19657766349109,3,36,6,5,-45.885678398445364,54.15836552375407
2013-09-27 10:30:00,34,4.0,3.5218720270268378,19.418486786141195,7.0,-28.421538736175428,35.465282790229104,-34.5383620738099,41.582106127863575,3,36,6,5,-46.50014993407288,53.543893988126555
2013-09-27 11:30:00,34,4.0,3.089105448784345,19.418486786141195,6.0,-28.85430531441792,35.03251621198661,-34.97112865205239,41.14933954962108,3,36,6,5,-46.93291651231537,53.11112740988406
2013-09-27 12:30:00,34,4.0,3.017010001773876,19.418486786141195,5.0,-28.92640076142839,34.96042076497614,-35.04322409906286,41.07724410261061,3,36,6,5,-47.00501195932584,53.039031962873594
2013-09-27 13:30:00,34,2.0,3.0029040547019648,19.418486786141195,4.0,-28.9405067085003,34.94631481790423,-35.05733004613477,41.0631381555387,3,36,6,5,-47.01911790639775,53.02492601580168
2013-09-27 14:30:00,34,2.0,3.477644308441242,19.418486786141195,4.0,-28.465766454761024,35.42105507164351,-34.582589792395495,41.53787840927798,3,36,6,5,-46.544377652658476,53.49966626954096
2013-09-27 15:30:00,34,3.0,3.6975855924596672,19.418486786141195,4.0,-28.2458251707426,35.64099635566193,-34.36264850837707,41.757819693296405,3,36,6,5,-46.32443636864005,53.719607553559385
2013-09-27 16:30:00,34,4.0,3.9091844933472473,19.418486786141195,4.0,-28.03422626985502,35.85259525654951,-34.15104960748949,41.96941859418399,3,36,6,5,-46.11283746775247,53.931206454446965
2013-09-27 17:30:00,34,1.0,3.1704061169252427,19.418486786141195,4.0,-28.773004646277023,35.11381688012751,-34.889827983911495,41.23064021776198,3,36,6,5,-46.851615844174475,53.19242807802496
2013-09-27 18:30:00,34,2.0,1.1925923730957209,19.418486786141195,2.0,-30.750818390106545,33.13600313629799,-36.86764172774102,39.25282647393246,3,36,6,5,-48.829429588004,51.21461433419544
2013-09-27 19:30:00,34,3.0,-0.5781402508328242,19.418486786141195,2.0,-32.52155101403509,31.36527051236944,-38.63837435166956,37.48209385000391,3,36,6,5,-50.60016221193254,49.44388171026689
2013-09-27 20:30:00,34,2.0,-1.2478915872878389,19.418486786141195,3.0,-33.191302350490105,30.695519175914427,-39.308125688124576,36.8123425135489,3,36,6,5,-51.26991354838756,48.77413037381188
2013-09-27 21:30:00,34,2.0,-1.4642457919821368,19.418486786141195,4.0,-33.4076565551844,30.47916497122013,-39.52447989281888,36.5959883088546,3,36,6,5,-51.486267753081854,48.55777616911758
2013-09-27 22:30:00,34,3.0,-2.246316337922771,19.418486786141195,1.0,-34.18972710112504,29.69709442527949,-40.30655043875951,35.81391776291397,3,36,6,5,-52.26833829902249,47.77570562317695
2013-09-27 23:30:00,34,3.0,-1.696586736691259,19.418486786141195,2.0,-33.639997499893525,30.246824026511007,-39.756820837528,36.36364736414548,3,36,6,5,-51.71860869779098,48.32543522440846
2013-09-28 00:30:00,34,5.0,0.8215720332731351,19.418486786141195,3.0,-31.12183872992913,32.7649827964754,-37.2386620675636,38.88180613410987,3,36,6,5,-49.20044992782658,50.84359399437285
2013-09-28 01:30:00,34,7.0,-0.035691451148395,19.418486786141195,2.0,-31.97910221435066,31.90771931205387,-38.09592555198513,38.02454264968834,3,36,6,5,-50.05771341224811,49.98633050995132
2013-09-28 02:30:00,34,6.0,-0.1811717547642217,19.418486786141195,2.0,-32.12458251796649,31.762239008438044,-38.24140585560096,37.87906234607252,3,36,6,5,-50.20319371586394,49.840850206335496
2013-09-28 03:30:00,34,3.0,0.6431439213247501,19.418486786141195,3.0,-31.30026684187752,32.586554684527016,-37.41709017951199,38.70337802216149,3,36,6,5,-49.37887803977497,50.66516588242447
2013-09-28 04:30:00,34,1.0,2.022409853283186,19.418486786141195,3.0,-29.92100090991908,33.96582061648545,-36.03782424755355,40.08264395411992,3,36,6,5,-47.99961210781653,52.044431814382904
2013-09-28 05:30:00,34,1.0,2.8453294768784403,19.418486786141195,5.0,-29.098081286323826,34.788740240080706,-35.2149046239583,40.90556357771518,3,36,6,5,-47.17669248422128,52.86735143797816
2013-09-28 06:30:00,34,1.0,2.8755191120550165,19.418486786141195,7.0,-29.06789165114725,34.81892987525728,-35.18471498878172,40.93575321289176,3,36,6,5,-47.1465028490447,52.897541073154734
2013-09-28 07:30:00,34,1.0,3.641074550891183,19.418486786141195,6.0,-28.302336212311083,35.58448531409345,-34.419159549945554,41.70130865172792,3,36,6,5,-46.380947410208535,53.6630965119909
2013-09-28 08:30:00,34,0.0,3.485278970516248,19.418486786141195,3.0,-28.45813179268601,35.428689733718514,-34.57495513032049,41.545513071352985,3,36,6,5,-46.53674299058347,53.507300931615966
2013-09-28 09:30:00,34,0.0,3.83182961246289,19.418486786141195,1.0,-28.111581150739376,35.77524037566516,-34.22840448837385,41.89206371329963,3,36,6,5,-46.19019234863683,53.85385157356261
2013-09-28 10:30:00,34,0.0,3.364646462326739,19.418486786141195,1.0,-28.578764300875527,35.308057225529005,-34.69558763851,41.42488056316348,3,36,6,5,-46.65737549877298,53.38666842342646
2013-09-28 11:30:00,34,1.0,2.7292486815069807,19.418486786141195,1.0,-29.214162081695285,34.67265944470925,-35.33098541932976,40.78948278234372,3,36,6,5,-47.29277327959274,52.7512706426067
2013-09-28 12:30:00,34,0.0,3.096555909488643,19.418486786141195,1.0,-28.846854853713623,35.03996667269091,-34.963678191348095,41.15679001032538,3,36,6,5,-46.925466051611075,53.11857787058836
2013-09-28 13:30:00,34,0.0,2.734067001572093,19.418486786141195,0.0,-29.209343761630173,34.67747776477436,-35.326167099264644,40.79430110240883,3,36,6,5,-47.287954959527625,52.75608896267181
2013-09-28 14:30:00,34,1.0,1.4447592021773872,19.418486786141195,0.0,-30.49865156102488,33.38816996537965,-36.61547489865935,39.504993303014125,3,36,6,5,-48.57726275892233,51.466781163277105
2013-09-28 15:30:00,34,3.0,1.8174131173137908,19.418486786141195,0.0,-30.125997645888475,33.76082388051606,-36.24282098352295,39.87764721815053,3,36,6,5,-48.20460884378593,51.83943507841351
2013-09-28 16:30:00,34,4.0,2.5777915281524386,19.418486786141195,1.0,-29.365619235049827,34.521202291354705,-35.4824425726843,40.638025628989176,3,36,6,5,-47.44423043294728,52.599813489252156
2013-09-28 17:30:00,34,3.0,2.2469367819510992,19.418486786141195,0.0,-29.696473981251167,34.190347545153365,-35.81329731888564,40.30717088278784,3,36,6,5,-47.77508517914862,52.26895874305082
2013-09-28 18:30:00,34,3.0,1.5160936066825954,19.418486786141195,0.0,-30.42731715651967,33.45950436988486,-36.54414049415414,39.57632770751933,3,36,6,5,-48.50592835441712,51.53811556778231
2013-09-28 19:30:00,34,2.0,1.359609694869789,19.418486786141195,1.0,-30.58380106833248,33.303020458072055,-36.70062440596695,39.41984379570653,3,36,6,5,-48.66241226622993,51.38163165596951
2013-09-28 20:30:00,34,3.0,1.9355298225719155,19.418486786141195,3.0,-30.00788094063035,33.87894058577418,-36.12470427826482,39.99576392340865,3,36,6,5,-48.0864921385278,51.95755178367163
2013-09-28 21:30:00,34,6.0,2.4934079107545912,19.418486786141195,4.0,-29.450002852447675,34.43681867395686,-35.566826190082146,40.55364201159133,3,36,6,5,-47.528614050345126,52.51542987185431
2013-09-28 22:30:00,34,7.0,1.9033091249131715,19.418486786141195,3.0,-30.04010163828909,33.84671988811544,-36.156924975923566,39.96354322574991,3,36,6,5,-48.118712836186546,51.92533108601289
2013-09-28 23:30:00,34,6.0,1.4192860915715857,19.418486786141195,3.0,-30.52412467163068,33.36269685477385,-36.64094800926515,39.47952019240832,3,36,6,5,-48.60273586952813,51.4413080526713
2013-09-29 00:30:00,34,7.0,1.212069244344832,19.418486786141195,2.0,-30.73134151885744,33.1554800075471,-36.84816485649191,39.27230334518157,3,36,6,5,-48.809952716754886,51.23409120544455
2013-09-29 01:30:00,34,8.0,1.943901290129716,19.418486786141195,3.0,-29.99950947307255,33.88731205333198,-36.11633281070702,40.00413539096645,3,36,6,5,-48.07812067097,51.965923251229434
2013-09-29 02:30:00,34,8.0,2.9204593991009418,19.418486786141195,6.0,-29.022951364101324,34.86387016230321,-35.1397747017358,40.98069349993768,3,36,6,5,-47.101562561998776,52.94248136020066
2013-09-29 03:30:00,34,6.0,4.407056561322655,19.418486786141195,7.0,-27.53635420187961,36.35046732452492,-33.65317753951408,42.46729066215939,3,36,6,5,-45.61496539977706,54.42907852242237
2013-09-29 04:30:00,34,3.0,3.883119999393422,19.418486786141195,6.0,-28.060290763808844,35.82653076259569,-34.17711410144332,41.94335410023016,3,36,6,5,-46.138901961706296,53.90514196049314
2013-09-29 05:30:00,34,3.0,4.468560429517964,19.418486786141195,7.0,-27.4748503336843,36.41197119272023,-33.59167367131877,42.5287945303547,3,36,6,5,-45.55346153158175,54.49058239061768
2013-09-29 06:30:00,34,4.0,4.962263729630202,19.418486786141195,8.0,-26.981147033572064,36.90567449283247,-33.097970371206536,43.02249783046694,3,36,6,5,-45.059758231469516,54.98428569072992
2013-09-29 07:30:00,34,5.0,4.91540387040542,19.418486786141195,8.0,-27.02800689279685,36.858814633607686,-33.14483023043132,42.97563797124216,3,36,6,5,-45.1066180906943,54.93742583150514
2013-09-29 08:30:00,34,6.0,4.216417837458764,19.418486786141195,6.0,-27.726992925743502,36.15982860066103,-33.843816263377974,42.2766519382955,3,36,6,5,-45.805604123640954,54.23843979855848
2013-09-29 09:30:00,34,8.0,2.244706975884746,19.418486786141195,3.0,-29.69870378731752,34.18811773908701,-35.81552712495199,40.30494107672149,3,36,6,5,-47.77731498521497,52.266728936984464
2013-09-29 10:30:00,34,9.0,2.175796273625565,19.418486786141195,3.0,-29.7676144895767,34.11920703682783,-35.88443782721117,40.2360303744623,3,36,6,5,-47.84622568747415,52.19781823472528
2013-09-29 11:30:00,34,7.0,2.5270052712890845,19.418486786141195,4.0,-29.41640549191318,34.47041603449135,-35.53322882954765,40.58723937212582,3,36,6,5,-47.49501668981063,52.5490272323888
2013-09-29 12:30:00,34,7.0,3.390420112011043,19.418486786141195,5.0,-28.552990651191223,35.33383087521331,-34.669813988825695,41.45065421284778,3,36,6,5,-46.631601849088675,53.41244207311076
2013-09-29 13:30:00,34,5.0,4.872877590796541,19.418486786141195,6.0,-27.070533172405725,36.81628835399881,-33.1873565100402,42.93311169163328,3,36,6,5,-45.149144370303176,54.89489955189626
2013-09-29 14:30:00,34,6.0,5.017713189614923,19.418486786141195,8.0,-26.925697573587343,36.96112395281719,-33.042520911221814,43.07794729045166,3,36,6,5,-45.004308771484794,55.03973515071464
2013-09-29 15:30:00,34,8.0,4.648985672117085,19.418486786141195,9.0,-27.29442509108518,36.59239643531935,-33.41124842871965,42.70921977295382,3,36,6,5,-45.37303628898263,54.6710076332168
2013-09-29 16:30:00,34,9.0,3.3541178997699745,19.418486786141195,7.0,-28.58929286343229,35.29752866297224,-34.70611620106676,41.41435200060671,3,36,6,5,-46.66790406132974,53.37613986086969
2013-09-29 17:30:00,34,8.0,3.935471967907717,19.418486786141195,7.0,-28.00793879529455,35.87888273110998,-34.12476213292902,41.99570606874445,3,36,6,5,-46.086549993192,53.957493929007434
2013-09-29 18:30:00,34,8.0,3.5355853343348898,19.418486786141195,5.0,-28.407825428867376,35.47899609753716,-34.52464876650185,41.59581943517163,3,36,6,5,-46.48643662676483,53.55760729543461
2013-09-29 19:30:00,34,10.0,4.29586679708369,19.418486786141195,6.0,-27.647543966118576,36.23927756028596,-33.76436730375305,42.35610089792043,3,36,6,5,-45.72615516401603,54.31788875818341
2013-09-29 20:30:00,34,14.0,5.854627269978771,19.418486786141195,8.0,-26.08878349322349,37.79803803318104,-32.20560683085797,43.91486137081551,3,36,6,5,-44.16739469112095,55.87664923107849
2013-09-29 21:30:00,34,11.0,6.770646144248609,19.418486786141195,9.0,-25.172764618953657,38.71405690745088,-31.28958795658813,44.83088024508535,3,36,6,5,-43.25137581685111,56.792668105348326
2013-09-29 22:30:00,34,10.0,6.135873678608327,19.418486786141195,8.0,-25.80753708459394,38.07928444181059,-31.92436042222841,44.196107779445065,3,36,6,5,-43.88614828249139,56.157895639708045
2013-09-29 23:30:00,34,11.0,5.529356733752287,19.418486786141195,8.0,-26.41405402944998,37.47276749695455,-32.53087736708445,43.58959083458903,3,36,6,5,-44.49266522734743,55.551378694852005
2013-09-30 00:30:00,34,9.0,6.191158326840316,19.418486786141195,10.0,-25.75225243636195,38.13456909004258,-31.86907577399642,44.251392427677054,3,36,6,5,-43.8308636342594,56.213180287940034
2013-09-30 01:30:00,34,6.0,9.55696817811848,19.418486786141195,14.0,-22.386442585083785,41.50037894132075,-28.503265922718256,47.61720227895522,3,36,6,5,-40.46505378298124,59.5789901392182
2013-09-30 02:30:00,34,8.0,9.571738219605798,19.418486786141195,11.0,-22.371672543596468,41.515148982808064,-28.48849588123094,47.631972320442536,3,36,6,5,-40.45028374149392,59.593760180705516
2013-09-30 03:30:00,34,8.0,9.008246837021318,19.418486786141195,10.0,-22.935163926180948,40.951657600223584,-29.05198726381542,47.068480937858055,3,36,6,5,-41.0137751240784,59.030268798121035
2013-09-30 04:30:00,34,8.0,9.262522287057031,19.418486786141195,11.0,-22.680888476145235,41.2059330502593,-28.797711813779703,47.32275638789377,3,36,6,5,-40.75949967404269,59.28454424815675
2013-09-30 05:30:00,34,6.0,8.002909687580704,19.418486786141195,9.0,-23.94050107562156,39.94632045078297,-30.05732441325604,46.06314378841744,3,36,6,5,-42.01911227351901,58.02493164868042
2013-09-30 06:30:00,34,4.0,3.3965811631204588,19.418486786141195,6.0,-28.546829600081807,35.339991926322725,-34.66365293771628,41.4568152639572,3,36,6,5,-46.62544079797926,53.418603124220176
2013-09-30 07:30:00,34,6.0,-0.0109260615984396,19.418486786141195,8.0,-31.954336824800706,31.932484701603823,-38.07116016243518,38.0493080392383,3,36,6,5,-50.03294802269816,50.01109589950128
2013-09-30 08:30:00,34,7.0,3.368490454088949,19.418486786141195,8.0,-28.57492030911332,35.311901217291215,-34.69174364674779,41.42872455492569,3,36,6,5,-46.65353150701077,53.39051241518867
2013-09-30 09:30:00,34,5.0,2.153803599445069,19.418486786141195,8.0,-29.7896071637572,34.097214362647335,-35.90643050139167,40.21403770028181,3,36,6,5,-47.86821836165465,52.17582556054479
2013-09-30 10:30:00,34,3.0,-0.3937837631906475,19.418486786141195,6.0,-32.33719452639291,31.54962700001162,-38.454017864027385,37.66645033764609,3,36,6,5,-50.415805724290365,49.62823819790907
2013-09-30 11:30:00,34,2.0,3.295425526180068,19.418486786141195,4.0,-28.6479852370222,35.238836289382334,-34.76480857465667,41.355659627016806,3,36,6,5,-46.72659643491965,53.317447487279786
2013-09-30 12:30:00,34,2.0,7.179107836367891,19.418486786141195,6.0,-24.76430292683437,39.12251859957016,-30.881126264468847,45.23934193720463,3,36,6,5,-42.84291412473183,57.20112979746761
2013-09-30 13:30:00,34,3.0,5.372121474243201,19.418486786141195,7.0,-26.571289288959065,37.31553223744547,-32.688112626593536,43.43235557507994,3,36,6,5,-44.64990048685652,55.39414343534292
2013-09-30 14:30:00,34,2.0,3.126881271990996,19.418486786141195,5.0,-28.81652949121127,35.07029203519326,-34.93335282884574,41.18711537282773,3,36,6,5,-46.89514068910872,53.148903233090714
2013-09-30 15:30:00,34,2.0,4.5724112233559495,19.418486786141195,3.0,-27.37099953984632,36.515821986558215,-33.48782287748079,42.63264532419269,3,36,6,5,-45.44961073774377,54.59443318445567
2013-09-30 16:30:00,34,2.0,4.011716793163387,19.418486786141195,2.0,-27.93169397003888,35.95512755636565,-34.04851730767335,42.071950894000125,3,36,6,5,-46.01030516793633,54.033738754263105
2013-09-30 17:30:00,34,5.0,3.1070650824274395,19.418486786141195,2.0,-28.836345680774823,35.050475845629705,-34.9531690184093,41.16729918326418,3,36,6,5,-46.91495687867228,53.12908704352716
2013-09-30 18:30:00,34,8.0,3.417303817324033,19.418486786141195,3.0,-28.52610694587824,35.3607145805263,-34.642930283512705,41.47753791816077,3,36,6,5,-46.604718143775685,53.43932577842375
2013-09-30 19:30:00,34,8.0,3.3184652397308483,19.418486786141195,2.0,-28.624945523471418,35.261876002933114,-34.74176886110589,41.37869934056759,3,36,6,5,-46.70355672136887,53.340487200830566
2013-09-30 20:30:00,34,7.0,4.388495849522542,19.418486786141195,2.0,-27.554914913679724,36.33190661272481,-33.6717382513142,42.44872995035928,3,36,6,5,-45.633526111577176,54.41051781062226
2013-09-30 21:30:00,34,8.0,2.627453187173636,19.418486786141195,2.0,-29.31595757602863,34.5708639503759,-35.4327809136631,40.68768728801037,3,36,6,5,-47.39456877392608,52.64947514827335
2013-09-30 22:30:00,34,8.0,2.5646162827430103,19.418486786141195,5.0,-29.378794480459256,34.50802704594528,-35.49561781809373,40.62485038357975,3,36,6,5,-47.45740567835671,52.58663824384273
2013-09-30 23:30:00,34,8.0,4.25471233294607,19.418486786141195,8.0,-27.6886984302562,36.198123096148336,-33.80552176789067,42.31494643378281,3,36,6,5,-45.76730962815365,54.27673429404579
2013-10-01 00:30:00,34,10.0,3.305013692265369,19.418486786141195,8.0,-28.638397070936897,35.248424455467635,-34.75522040857137,41.36524779310211,3,36,6,5,-46.71700826883435,53.32703565336509
2013-10-01 01:30:00,34,12.0,3.5527693832592533,19.418486786141195,7.0,-28.390641379943013,35.49618014646152,-34.507464717577484,41.61300348409599,3,36,6,5,-46.469252577840464,53.57479134435897
2013-10-01 02:30:00,34,13.0,4.19292731529022,19.418486786141195,8.0,-27.75048344791205,36.136338078492486,-33.86730678554652,42.25316141612696,3,36,6,5,-45.8290946458095,54.21494927638994
2013-10-01 03:30:00,34,13.0,5.043099046939858,19.418486786141195,8.0,-26.900311716262408,36.98650981014213,-33.01713505389688,43.1033331477766,3,36,6,5,-44.97892291415986,55.065121008039576
2013-10-01 04:30:00,34,16.0,5.973572881405033,19.418486786141195,8.0,-25.96983788179724,37.9169836446073,-32.086661219431704,44.03380698224177,3,36,6,5,-44.048449079694684,55.99559484250475
2013-10-01 05:30:00,34,16.0,7.465133785826623,19.418486786141195,10.0,-24.478276977375643,39.40854454902889,-30.595100315010114,45.52536788666336,3,36,6,5,-42.556888175273095,57.48715574692634
2013-10-01 06:30:00,34,16.0,8.966607632434489,19.418486786141195,12.0,-22.976803130767777,40.910018395636754,-29.09362646840225,47.026841733271226,3,36,6,5,-41.05541432866523,58.988629593534206
2013-10-01 07:30:00,34,18.0,11.48963319650892,19.418486786141195,13.0,-20.453777566693347,43.43304395971119,-26.57060090432782,49.549867297345656,3,36,6,5,-38.5323887645908,61.51165515760864
2013-10-01 08:30:00,34,16.0,10.841152270965075,19.418486786141195,13.0,-21.10225849223719,42.78456303416734,-27.219081829871666,48.90138637180181,3,36,6,5,-39.18086969013464,60.86317423206479
2013-10-01 09:30:00,34,16.0,12.481853269394,19.418486786141195,16.0,-19.461557493808264,44.42526403259627,-25.578380831442736,50.54208737023074,3,36,6,5,-37.540168691705716,62.50387523049372
2013-10-01 10:30:00,34,17.0,10.415157516797995,19.418486786141195,16.0,-21.52825324640427,42.35856828000026,-27.64507658403874,48.475391617634735,3,36,6,5,-39.60686444430172,60.437179477897715
2013-10-01 11:30:00,34,14.0,10.068791076222048,19.418486786141195,16.0,-21.874619686980218,42.01220183942432,-27.99144302461469,48.12902517705879,3,36,6,5,-39.95323088487767,60.090813037321766
2013-10-01 12:30:00,34,13.0,11.59919908024304,19.418486786141195,18.0,-20.344211682959227,43.542609843445305,-26.46103502059369,49.65943318107978,3,36,6,5,-38.42282288085668,61.62122104134276
2013-10-01 13:30:00,34,10.0,10.534355193257852,19.418486786141195,16.0,-21.40905556994441,42.47776595646012,-27.525878907578885,48.59458929409459,3,36,6,5,-39.487666767841866,60.55637715435757
2013-10-01 14:30:00,34,9.0,10.611036284917809,19.418486786141195,16.0,-21.332374478284457,42.55444704812008,-27.44919781591893,48.67127038575455,3,36,6,5,-39.41098567618191,60.63305824601753
2013-10-01 15:30:00,34,3.0,9.883940153321674,19.418486786141195,17.0,-22.05947060988059,41.82735091652394,-28.176293947515063,47.94417425415841,3,36,6,5,-40.13808180777804,59.90596211442139
2013-10-01 16:30:00,34,8.0,7.96240962304951,19.418486786141195,14.0,-23.98100114015276,39.905820386251776,-30.097824477787228,46.02264372388625,3,36,6,5,-42.05961233805021,57.98443158414923
2013-10-01 17:30:00,34,15.0,0.587127315014456,19.418486786141195,13.0,-31.35628344818781,32.53053807821672,-37.47310678582228,38.6473614158512,3,36,6,5,-49.43489464608526,50.609149276114174
2013-10-01 18:30:00,34,15.0,-3.6574200225850815,19.418486786141195,10.0,-35.60083078578735,28.285990740617184,-41.71765412342182,34.40281407825165,3,36,6,5,-53.6794419836848,46.36460193851464
2013-10-01 19:30:00,34,9.0,-5.372111803180875,19.418486786141195,9.0,-37.31552256638314,26.57129896002139,-43.43234590401761,32.688122297655866,3,36,6,5,-55.394133764280596,44.64991015791884
2013-10-01 20:30:00,34,5.0,-3.090002242362029,19.418486786141195,3.0,-35.0334130055643,28.85340852084024,-41.15023634319877,34.970231858474705,3,36,6,5,-53.11202420346174,46.93201971873769
2013-10-01 21:30:00,34,-2.0,3.7786487377804576,19.418486786141195,8.0,-28.16476202542181,35.72205950098272,-34.28158536305628,41.8388828386172,3,36,6,5,-46.24337322331926,53.800670698880175
2013-10-01 22:30:00,34,-7.0,4.477848056524763,19.418486786141195,15.0,-27.465562706677503,36.42125881972703,-33.582386044311974,42.5380821573615,3,36,6,5,-45.544173904574954,54.49987001762448
2013-10-01 23:30:00,34,-8.0,2.1277051736597983,19.418486786141195,15.0,-29.815705589542468,34.071115936862064,-35.93252892717694,40.187939274496536,3,36,6,5,-47.89431678743992,52.149727134759516
2013-10-02 00:30:00,34,-5.0,-2.807897843137379,19.418486786141195,9.0,-34.75130860633965,29.135512920064887,-40.86813194397412,35.252336257699355,3,36,6,5,-52.82991980423709,47.21412411796234
2013-10-02 01:30:00,34,-3.0,-9.77648776169275,19.418486786141195,5.0,-41.719898524895015,22.16692300150952,-47.83672186252949,28.28374633914399,3,36,6,5,-59.79850972279247,40.24553419940697
2013-10-02 02:30:00,34,26.0,-18.776661258405863,19.418486786141195,-2.0,-50.72007202160813,13.166749504796403,-56.83689535924261,19.283572842430875,3,36,6,5,-68.79868321950558,31.245360702693855
2013-10-02 03:30:00,34,-10.0,-24.09825097639488,19.418486786141195,-7.0,-56.04166173959714,7.845159786807393,-62.15848507723161,13.961983124441865,3,36,6,5,-74.1202729374946,25.923770984704838
2013-10-02 04:30:00,34,-19.0,-24.53466522651765,19.418486786141195,-8.0,-56.47807598971991,7.40874553668462,-62.59489932735438,13.525568874319092,3,36,6,5,-74.55668718761737,25.487356734582068
2013-10-02 05:30:00,34,-39.0,-18.033352982486026,19.418486786141195,-5.0,-49.97676374568829,13.910057780716244,-56.09358708332276,20.026881118350715,3,36,6,5,-68.05537494358575,31.988668978613692
2013-10-02 06:30:00,34,-68.0,-16.60494406378704,19.418486786141195,-3.0,-48.54835482698931,15.338466699415225,-54.66517816462378,21.455290037049696,3,36,6,5,-66.62696602488676,33.41707789731268
2013-10-02 07:30:00,34,-72.0,0.3673217583218076,19.418486786141195,26.0,-31.57608900488046,32.31073252152407,-37.69291234251493,38.42755585915855,3,36,6,5,-49.65470020277791,50.389343719421525
2013-10-02 08:30:00,34,-68.0,-11.760472251440667,19.418486786141195,-10.0,-43.70388301464293,20.1829385117616,-49.820706352277405,26.29976184939607,3,36,6,5,-61.782494212540385,38.26154970965905
2013-10-02 09:30:00,34,-62.0,-41.83666967994354,19.418486786141195,-19.0,-73.7800804431458,-9.893258916741274,-79.89690378078028,-3.7764355791068014,3,36,6,5,-91.85869164104327,8.185352281156177
2013-10-02 10:30:00,34,-64.0,-67.92512798972969,19.418486786141195,-39.0,-99.86853875293195,-35.98171722652742,-105.98536209056644,-29.86489388889295,3,36,6,5,-117.94714995082941,-17.90310602862997
2013-10-02 11:30:00,34,-60.0,-90.02864292133992,19.418486786141195,-68.0,-121.9720536845422,-58.08523215813766,-128.08887702217666,-51.96840882050319,3,36,6,5,-140.05066488243963,-40.006620960240205
2013-10-02 12:30:00,34,-64.0,-84.33206526295157,19.418486786141195,-72.0,-116.27547602615384,-52.38865449974931,-122.39229936378833,-46.27183116211484,3,36,6,5,-134.35408722405128,-34.310043301851856
2013-10-02 13:30:00,34,-61.0,-64.0016000146171,19.418486786141195,-68.0,-95.94501077781936,-32.05818925141483,-102.06183411545383,-25.94136591378036,3,36,6,5,-114.02362197571682,-13.979578053517379
2013-10-02 14:30:00,34,-58.0,-57.269999701678735,19.418486786141195,-62.0,-89.21341046488101,-25.32658893847647,-95.33023380251548,-19.209765600842,3,36,6,5,-107.29202166277845,-7.247977740579017
2013-10-02 15:30:00,34,-55.0,-59.21849149573576,19.418486786141195,-64.0,-91.16190225893804,-27.275080732533496,-97.2787255965725,-21.158257394899024,3,36,6,5,-109.24051345683549,-9.196469534636044
2013-10-02 16:30:00,34,-49.0,-58.57284630181978,19.418486786141195,-60.0,-90.51625706502205,-26.62943553861752,-96.63308040265652,-20.51261220098304,3,36,6,5,-108.5948682629195,-8.550824340720062
2013-10-02 17:30:00,34,-43.0,-58.61217329446389,19.418486786141195,-64.0,-90.55558405766617,-26.668762531261628,-96.67240739530064,-20.55193919362716,3,36,6,5,-108.63419525556361,-8.590151333364169
2013-10-02 18:30:00,34,-42.0,-57.79155134059788,19.418486786141195,-61.0,-89.73496210380014,-25.84814057739561,-95.8517854414346,-19.73131723976114,3,36,6,5,-107.8135733016976,-7.7695293794981595
2013-10-02 19:30:00,34,-47.0,-56.60395662966015,19.418486786141195,-58.0,-88.54736739286241,-24.66054586645788,-94.66419073049688,-18.54372252882341,3,36,6,5,-106.62597859075987,-6.581934668560436
2013-10-02 20:30:00,34,-50.0,-55.62472154155817,19.418486786141195,-55.0,-87.56813230476044,-23.681310778355908,-93.68495564239493,-17.564487440721436,3,36,6,5,-105.6467435026579,-5.602699580458456
2013-10-02 21:30:00,34,-54.0,-52.598351189836805,19.418486786141195,-49.0,-84.54176195303907,-20.65494042663454,-90.65858529067354,-14.538117089000067,3,36,6,5,-102.62037315093653,-2.5763292287370874
2013-10-02 22:30:00,34,-53.0,-47.94071046512581,19.418486786141195,-43.0,-79.88412122832807,-15.997299701923538,-86.00094456596254,-9.880476364289066,3,36,6,5,-97.96273242622553,2.0813114959739067
2013-10-02 23:30:00,34,-46.0,-45.01187292141257,19.418486786141195,-42.0,-76.95528368461484,-13.068462158210302,-83.0721070222493,-6.95163882057583,3,36,6,5,-95.03389488251229,5.01014903968715
2013-10-03 00:30:00,34,-46.0,-45.85953066790752,19.418486786141195,-47.0,-77.80294143110979,-13.916119904705248,-83.91976476874424,-7.799296567070776,3,36,6,5,-95.88155262900725,4.162491293192197
2013-10-03 01:30:00,34,-53.0,-49.44475101241222,19.418486786141195,-50.0,-81.38816177561449,-17.501340249209953,-87.50498511324895,-11.38451691157548,3,36,6,5,-99.46677297351194,0.5772709486874987
2013-10-03 02:30:00,34,-53.0,-51.7683264831073,19.418486786141195,-54.0,-83.71173724630957,-19.82491571990504,-89.82856058394404,-13.708092382270564,3,36,6,5,-101.79034844420701,-1.7463045220075841
2013-10-03 03:30:00,34,-50.0,-49.02979137457132,19.418486786141195,-53.0,-80.97320213777358,-17.08638061136905,-87.09002547540805,-10.96955727373458,3,36,6,5,-99.05181333567103,0.9922305865284002
2013-10-03 04:30:00,34,-49.0,-45.624597573646255,19.418486786141195,-46.0,-77.56800833684852,-13.68118681044399,-83.684831674483,-7.564363472809518,3,36,6,5,-95.64661953474598,4.397424387453462
2013-10-03 05:30:00,34,-48.0,-43.37027151759924,19.418486786141195,-46.0,-75.31368228080152,-11.426860754396976,-81.43050561843597,-5.310037416762505,3,36,6,5,-93.39229347869896,6.651750443500475
2013-10-03 06:30:00,34,-46.0,-43.0260221809352,19.418486786141195,-53.0,-74.96943294413747,-11.082611417732934,-81.08625628177194,-4.965788080098463,3,36,6,5,-93.04804414203491,6.995999780164517
2013-10-03 07:30:00,34,-45.0,-43.18226917585346,19.418486786141195,-53.0,-75.12567993905573,-11.238858412651195,-81.2425032766902,-5.122035075016726,3,36,6,5,-93.20429113695317,6.8397527852462545
2013-10-03 08:30:00,34,-42.0,-41.75527388148949,19.418486786141195,-50.0,-73.69868464469175,-9.81186311828722,-79.81550798232622,-3.695039780652749,3,36,6,5,-91.77729584258921,8.266748079610231
2013-10-03 09:30:00,34,-39.0,-40.762249745384274,19.418486786141195,-49.0,-72.70566050858653,-8.818838982182008,-78.82248384622102,-2.7020156445475365,3,36,6,5,-90.78427170648399,9.259772215715444
2013-10-03 10:30:00,34,-36.0,-40.31137326395943,19.418486786141195,-48.0,-72.25478402716169,-8.367962500757166,-78.37160736479618,-2.2511391631226942,3,36,6,5,-90.33339522505915,9.710648697140286
2013-10-03 11:30:00,34,-34.0,-39.55591315090354,19.418486786141195,-46.0,-71.49932391410582,-7.6125023877012765,-77.61614725174027,-1.495679050066805,3,36,6,5,-89.57793511200326,10.466108810196175
2013-10-03 12:30:00,34,-34.0,-39.24545234428866,19.418486786141195,-45.0,-71.18886310749093,-7.302041581086392,-77.30568644512539,-1.1852182434519207,3,36,6,5,-89.26747430538838,10.77656961681106
2013-10-03 13:30:00,34,-32.0,-38.53141360558024,19.418486786141195,-42.0,-70.4748243687825,-6.588002842377975,-76.59164770641698,-0.4711795047435032,3,36,6,5,-88.55343556667995,11.490608355519477
2013-10-03 14:30:00,34,-31.0,-36.272544471154426,19.418486786141195,-39.0,-68.2159552343567,-4.32913370795216,-74.33277857199116,1.787689629682312,3,36,6,5,-86.29456643225414,13.749477489945292
2013-10-03 15:30:00,34,-26.0,-34.34755047037268,19.418486786141195,-36.0,-66.29096123357495,-2.404139707170416,-72.40778457120942,3.712683630464056,3,36,6,5,-84.36957243147239,15.674471490727036
2013-10-03 16:30:00,34,-20.0,-32.413564988702326,19.418486786141195,-34.0,-64.3569757519046,-0.4701542255000603,-70.47379908953906,5.646669112134411,3,36,6,5,-82.43558694980204,17.60845697239739
2013-10-03 17:30:00,34,-17.0,-30.458838826542944,19.418486786141195,-34.0,-62.40224958974521,1.4845719366593215,-68.51907292737968,7.601395274293793,3,36,6,5,-80.48086078764265,19.563183134556773
2013-10-03 18:30:00,34,-15.0,-28.72516460995623,19.418486786141195,-32.0,-60.6685753731585,3.218246153246035,-66.78539871079298,9.335069490880509,3,36,6,5,-78.74718657105595,21.296857351143487
2013-10-03 19:30:00,34,-15.0,-27.60860800592414,19.418486786141195,-31.0,-59.552018769126406,4.334802757278126,-65.66884210676088,10.451626094912598,3,36,6,5,-77.63062996702385,22.413413955175578
2013-10-03 20:30:00,34,-25.0,-25.91663237462928,19.418486786141195,-26.0,-57.860043137831546,6.0267783885729855,-63.97686647546602,12.143601726207455,3,36,6,5,-75.938654335729,24.105389586470437
2013-10-03 21:30:00,34,-25.0,-24.18143728488318,19.418486786141195,-20.0,-56.12484804808545,7.761973478319085,-62.24167138571992,13.878796815953557,3,36,6,5,-74.2034592459829,25.840584676216537
2013-10-03 22:30:00,34,-27.0,-23.32400898870892,19.418486786141195,-17.0,-55.26741975191119,8.619401774493344,-61.38424308954566,14.736225112127816,3,36,6,5,-73.34603094980864,26.6980129723908
2013-10-03 23:30:00,34,-27.0,-22.433449894682525,19.418486786141195,-15.0,-54.37686065788479,9.50996086851974,-60.49368399551926,15.626784206154213,3,36,6,5,-72.45547185578224,27.588572066417193
2013-10-04 00:30:00,34,-26.0,-22.10652639352425,19.418486786141195,-15.0,-54.049937156726514,9.836884369678016,-60.166760494360986,15.953707707312487,3,36,6,5,-72.12854835462397,27.91549556757547
2013-10-04 01:30:00,34,-25.0,-22.14676712191512,19.418486786141195,-25.0,-54.09017788511738,9.796643641287147,-60.207001222751856,15.91346697892162,3,36,6,5,-72.16878908301484,27.8752548391846
2013-10-04 02:30:00,34,-21.0,-21.758224626704845,19.418486786141195,-25.0,-53.70163538990711,10.18518613649742,-59.81845872754158,16.302009474131893,3,36,6,5,-71.78024658780456,28.263797334394873
2013-10-04 03:30:00,34,-19.0,-21.61641744384288,19.418486786141195,-27.0,-53.55982820704514,10.326993319359383,-59.676651544679615,16.443816656993857,3,36,6,5,-71.6384394049426,28.405604517256837
2013-10-04 04:30:00,34,-21.0,-22.19060220073685,19.418486786141195,-27.0,-54.13401296393912,9.752808562465413,-60.25083630157359,15.869631900099884,3,36,6,5,-72.21262416183657,27.831419760362866
2013-10-04 05:30:00,34,-20.0,-21.436663566765915,19.418486786141195,-26.0,-53.38007432996818,10.50674719643635,-59.49689766760265,16.623570534070822,3,36,6,5,-71.45868552786564,28.585358394333802
2013-10-04 06:30:00,34,-20.0,-20.71553095454614,19.418486786141195,-25.0,-52.658941717748405,11.227879808656128,-58.77576505538288,17.3447031462906,3,36,6,5,-70.73755291564586,29.30649100655358
2013-10-04 07:30:00,34,-20.0,-19.434933941023672,19.418486786141195,-21.0,-51.37834470422594,12.508476822178594,-57.49516804186041,18.625300159813065,3,36,6,5,-69.45695590212338,30.587088020076045
2013-10-04 08:30:00,34,-20.0,-18.45302187379096,19.418486786141195,-19.0,-50.396432636993225,13.490388889411308,-56.5132559746277,19.60721222704578,3,36,6,5,-68.47504383489067,31.56900008730876
2013-10-04 09:30:00,34,-16.0,-18.65492717754553,19.418486786141195,-21.0,-50.5983379407478,13.288483585656731,-56.71516127838227,19.405306923291203,3,36,6,5,-68.67694913864526,31.367094783554187
2013-10-04 10:30:00,34,-18.0,-18.792709802827964,19.418486786141195,-20.0,-50.73612056603023,13.1507009603743,-56.8529439036647,19.267524298008773,3,36,6,5,-68.81473176392768,31.229312158271753
2013-10-04 11:30:00,34,-20.0,-19.22537337372501,19.418486786141195,-20.0,-51.16878413692727,12.71803738947726,-57.28560747456174,18.83486072711173,3,36,6,5,-69.24739533482473,30.79664858737471
2013-10-04 12:30:00,34,-21.0,-19.11102673731058,19.418486786141195,-20.0,-51.05443750051285,12.832384025891685,-57.17126083814732,18.94920736352616,3,36,6,5,-69.1330486984103,30.910995223789136
2013-10-04 13:30:00,34,-21.0,-19.39703814455584,19.418486786141195,-20.0,-51.3404489077581,12.54637261864643,-57.45727224539257,18.6631959562809,3,36,6,5,-69.41906010565556,30.624983816543878
2013-10-04 14:30:00,34,-21.0,-18.183100213905988,19.418486786141195,-16.0,-50.12651097710825,13.760310549296278,-56.243334314742725,19.87713388693075,3,36,6,5,-68.2051221750057,31.83892174719373
2013-10-04 15:30:00,34,-20.0,-17.893176951235635,19.418486786141195,-18.0,-49.8365877144379,14.050233811966631,-55.95341105207237,20.167057149601103,3,36,6,5,-67.91519891233536,32.12884500986408
2013-10-04 16:30:00,34,-18.0,-18.076469433591807,19.418486786141195,-20.0,-50.01988019679408,13.86694132961046,-56.13670353442855,19.98376466724493,3,36,6,5,-68.09849139469152,31.94555252750791
2013-10-04 17:30:00,34,-18.0,-18.22564830683508,19.418486786141195,-21.0,-50.16905907003734,13.71776245636719,-56.28588240767181,19.83458579400166,3,36,6,5,-68.2476702679348,31.796373654264638
2013-10-04 18:30:00,34,-17.0,-18.3899147265599,19.418486786141195,-21.0,-50.33332548976217,13.553496036642365,-56.45014882739664,19.67031937427684,3,36,6,5,-68.41193668765962,31.632107234539816
2013-10-04 19:30:00,34,-16.0,-18.98742277016744,19.418486786141195,-21.0,-50.93083353336971,12.955987993034825,-57.04765687100418,19.072811330669296,3,36,6,5,-69.00944473126717,31.034599190932276
2013-10-04 20:30:00,34,-16.0,-19.22422090330701,19.418486786141195,-20.0,-51.16763166650928,12.719189859895252,-57.28445500414375,18.836013197529724,3,36,6,5,-69.24624286440672,30.797801057792707
2013-10-04 21:30:00,34,-15.0,-18.359011311071868,19.418486786141195,-18.0,-50.30242207427413,13.584399452130398,-56.419245411908605,19.70122278976487,3,36,6,5,-68.38103327217158,31.66301065002785
2013-10-04 22:30:00,34,-14.0,-17.430060773468323,19.418486786141195,-18.0,-49.37347153667059,14.513349989733944,-55.49029487430506,20.63017332736841,3,36,6,5,-67.45208273456804,32.5919611876314
2013-10-04 23:30:00,34,-15.0,-16.87767358272404,19.418486786141195,-17.0,-48.82108434592631,15.065737180478228,-54.93790768356078,21.18256051811269,3,36,6,5,-66.89969554382375,33.14434837837568
2013-10-05 00:30:00,34,-17.0,-16.051031152478878,19.418486786141195,-16.0,-47.99444191568114,15.892379610723388,-54.111265253315615,22.00920294835786,3,36,6,5,-66.0730531135786,33.97099080862084
2013-10-05 01:30:00,34,-17.0,-15.661293772061311,19.418486786141195,-16.0,-47.60470453526358,16.282116991140953,-53.72152787289805,22.398940328775424,3,36,6,5,-65.68331573316102,34.360728189038404
2013-10-05 02:30:00,34,-15.0,-15.347998748632474,19.418486786141195,-15.0,-47.29140951183474,16.595412014569792,-53.408232849469215,22.712235352204264,3,36,6,5,-65.37002070973219,34.67402321246725
2013-10-05 03:30:00,34,-14.0,-15.22277090098449,19.418486786141195,-14.0,-47.16618166418675,16.720639862217777,-53.28300500182122,22.837463199852248,3,36,6,5,-65.24479286208421,34.799251060115225
2013-10-05 04:30:00,34,-14.0,-15.247640509731024,19.418486786141195,-15.0,-47.191051272933294,16.69577025347124,-53.307874610567765,22.81259359110572,3,36,6,5,-65.26966247083074,34.7743814513687
2013-10-05 05:30:00,34,-14.0,-15.435813116559585,19.418486786141195,-17.0,-47.37922387976185,16.507597646642683,-53.49604721739632,22.624420984277155,3,36,6,5,-65.4578350776593,34.58620884454013
2013-10-05 06:30:00,34,-14.0,-14.942832079716666,19.418486786141195,-17.0,-46.88624284291893,17.0005786834856,-53.00306618055341,23.11740202112007,3,36,6,5,-64.96485404081639,35.07918988138305
2013-10-05 07:30:00,34,-13.0,-14.252968862024076,19.418486786141195,-15.0,-46.19637962522634,17.69044190117819,-52.313202962860814,23.80726523881266,3,36,6,5,-64.2749908231238,35.76905309907564
2013-10-05 08:30:00,34,-15.0,-13.71266746252963,19.418486786141195,-14.0,-45.656078225731896,18.23074330067264,-51.77290156336637,24.347566638307107,3,36,6,5,-63.73468942362935,36.30935449857009
2013-10-05 09:30:00,34,-15.0,-13.43718946524563,19.418486786141195,-14.0,-45.380600228447896,18.506221297956635,-51.49742356608237,24.623044635591107,3,36,6,5,-63.45921142634535,36.58483249585409
2013-10-05 10:30:00,34,-14.0,-13.161992617422168,19.418486786141195,-14.0,-45.10540338062444,18.781418145780098,-51.22222671825891,24.89824148341457,3,36,6,5,-63.18401457852188,36.86002934367755
2013-10-05 11:30:00,34,-14.0,-12.98687043533737,19.418486786141195,-14.0,-44.93028119853963,18.956540327864897,-51.0471045361741,25.073363665499368,3,36,6,5,-63.00889239643709,37.035151525762345
2013-10-05 12:30:00,34,-13.0,-12.341705134466103,19.418486786141195,-13.0,-44.28511589766837,19.601705628736163,-50.40193923530284,25.718528966370634,3,36,6,5,-62.36372709556582,37.680316826633614
2013-10-05 13:30:00,34,-12.0,-12.162021544754271,19.418486786141195,-15.0,-44.10543230795653,19.781389218447995,-50.222255645591005,25.898212556082463,3,36,6,5,-62.18404350585399,37.86000041634544
2013-10-05 14:30:00,34,-12.0,-12.077812433918131,19.418486786141195,-15.0,-44.0212231971204,19.865598329284133,-50.13804653475487,25.982421666918604,3,36,6,5,-62.09983439501785,37.944209527181584
2013-10-05 15:30:00,34,-12.0,-11.5557663597408,19.418486786141195,-14.0,-43.49917712294307,20.387644403461465,-49.61600046057754,26.504467741095937,3,36,6,5,-61.57778832084052,38.46625560135892
2013-10-05 16:30:00,34,-12.0,-11.226608205111685,19.418486786141195,-14.0,-43.170018968313954,20.71680255809058,-49.286842305948426,26.833625895725053,3,36,6,5,-61.2486301662114,38.79541375598804
2013-10-05 17:30:00,34,-12.0,-10.929103601815743,19.418486786141195,-13.0,-42.872514365018006,21.01430716138652,-48.98933770265248,27.131130499021,3,36,6,5,-60.951125562915465,39.09291835928397
2013-10-05 18:30:00,34,-13.0,-10.692409687872749,19.418486786141195,-12.0,-42.63582045107501,21.25100107532952,-48.75264378870949,27.36782441296399,3,36,6,5,-60.714431648972464,39.32961227322697
2013-10-05 19:30:00,34,-12.0,-10.786832279973662,19.418486786141195,-12.0,-42.73024304317593,21.156578483228603,-48.8470663808104,27.273401820863075,3,36,6,5,-60.80885424107338,39.23518968112606
2013-10-05 20:30:00,34,-11.0,-11.413902219876055,19.418486786141195,-12.0,-43.35731298307832,20.52950854332621,-49.4741363207128,26.64633188096068,3,36,6,5,-61.435924180975775,38.60811974122366
2013-10-05 21:30:00,34,-8.0,-12.231751458372614,19.418486786141195,-12.0,-44.17516222157488,19.71165930482965,-50.29198555920935,25.828482642464124,3,36,6,5,-62.25377341947233,37.790270502727104
2013-10-05 22:30:00,34,-7.0,-12.594128875985849,19.418486786141195,-12.0,-44.53753963918811,19.349281887216417,-50.65436297682258,25.46610522485089,3,36,6,5,-62.61615083708557,37.427893085113865
2013-10-05 23:30:00,34,-7.0,-12.86172014616126,19.418486786141195,-13.0,-44.80513090936353,19.081690617041005,-50.921954246998,25.19851395467548,3,36,6,5,-62.88374210726098,37.16030181493846
2013-10-06 00:30:00,34,-9.0,-12.175225874590655,19.418486786141195,-12.0,-44.11863663779292,19.76818488861161,-50.23545997542739,25.88500822624608,3,36,6,5,-62.197247835690376,37.84679608650906
2013-10-06 01:30:00,34,-9.0,-10.783458486447188,19.418486786141195,-11.0,-42.726869249649454,21.15995227675508,-48.843692587283925,27.27677561438955,3,36,6,5,-60.805480447546906,39.23856347465253
2013-10-06 02:30:00,34,-8.0,-9.94245804409653,19.418486786141195,-8.0,-41.88586880729879,22.000952719105737,-48.00269214493326,28.117776056740208,3,36,6,5,-59.96448000519625,40.079563917003185
2013-10-06 03:30:00,34,-7.0,-9.462065716719504,19.418486786141195,-7.0,-41.405476479921774,22.48134504648276,-47.522299817556245,28.59816838411724,3,36,6,5,-59.48408767781922,40.55995624438022
2013-10-06 04:30:00,34,-6.0,-9.324152211515791,19.418486786141195,-7.0,-41.26756297471806,22.619258551686475,-47.38438631235253,28.736081889320943,3,36,6,5,-59.346174172615505,40.69786974958393
2013-10-06 05:30:00,34,-5.0,-9.617231134510476,19.418486786141195,-9.0,-41.56064189771274,22.32617962869179,-47.67746523534721,28.44300296632626,3,36,6,5,-59.639253095610194,40.40479082658924
2013-10-06 06:30:00,34,-3.0,-9.623358253788446,19.418486786141195,-9.0,-41.56676901699071,22.32005250941382,-47.68359235462518,28.43687584704829,3,36,6,5,-59.64538021488816,40.39866370731127
2013-10-06 07:30:00,34,-3.0,-9.305523636052786,19.418486786141195,-8.0,-41.24893439925505,22.63788712714948,-47.36575773688952,28.75471046478395,3,36,6,5,-59.32754559715251,40.71649832504693
2013-10-06 08:30:00,34,-4.0,-8.60652790829715,19.418486786141195,-7.0,-40.54993867149942,23.33688285490512,-46.66676200913389,29.453706192539588,3,36,6,5,-58.62854986939686,41.41549405280257
2013-10-06 09:30:00,34,-4.0,-8.070487377351228,19.418486786141195,-6.0,-40.01389814055349,23.87292338585104,-46.130721478187965,29.98974672348551,3,36,6,5,-58.092509338450945,41.95153458374849
2013-10-06 10:30:00,34,-3.0,-7.379131159075083,19.418486786141195,-5.0,-39.32254192227735,24.564279604127183,-45.439365259911824,30.68110294176165,3,36,6,5,-57.4011531201748,42.64289080202464
2013-10-06 11:30:00,34,-2.0,-6.578165430424384,19.418486786141195,-3.0,-38.52157619362665,25.36524533277788,-44.63839953126112,31.48206867041236,3,36,6,5,-56.6001873915241,43.44385653067533
2013-10-06 12:30:00,34,-3.0,-7.017728069764754,19.418486786141195,-3.0,-38.96113883296702,24.925682693437512,-45.077962170601495,31.042506031071984,3,36,6,5,-57.03975003086447,43.00429389133497
2013-10-06 13:30:00,34,-4.0,-8.202966942119339,19.418486786141195,-4.0,-40.146377705321605,23.740443821082927,-46.26320104295608,29.8572671587174,3,36,6,5,-58.22498890321906,41.81905501898038
2013-10-06 14:30:00,34,-5.0,-7.289909831994151,19.418486786141195,-4.0,-39.23332059519642,24.653500931208114,-45.35014393283089,30.770324268842582,3,36,6,5,-57.31193179309387,42.732112129105566
2013-10-06 15:30:00,34,-6.0,-6.165127788464588,19.418486786141195,-3.0,-38.10853855166685,25.77828297473768,-44.225361889301325,31.89510631237215,3,36,6,5,-56.187149749564306,43.85689417263513
2013-10-06 16:30:00,34,-4.0,-6.2123318134083085,19.418486786141195,-2.0,-38.15574257661058,25.73107894979396,-44.27256591424505,31.84790228742843,3,36,6,5,-56.23435377450802,43.80969014769141
2013-10-06 17:30:00,34,-2.0,-6.668763420381062,19.418486786141195,-3.0,-38.61217418358333,25.274647342821204,-44.7289975212178,31.39147068045568,3,36,6,5,-56.69078538148078,43.353258540718656
2013-10-06 18:30:00,34,-3.0,-6.401099439138267,19.418486786141195,-4.0,-38.34451020234053,25.542311324064,-44.461333539975,31.65913466169847,3,36,6,5,-56.42312140023799,43.62092252196145
2013-10-06 19:30:00,34,-5.0,-6.760393907494549,19.418486786141195,-5.0,-38.70380467069681,25.18301685570772,-44.82062800833128,31.299840193342188,3,36,6,5,-56.78241586859427,43.261628053605165
2013-10-06 20:30:00,34,-7.0,-6.008396659022679,19.418486786141195,-6.0,-37.95180742222495,25.935014104179587,-44.06863075985942,32.05183744181406,3,36,6,5,-56.0304186201224,44.01362530207704
2013-10-06 21:30:00,34,-9.0,-6.036249845234082,19.418486786141195,-4.0,-37.97966060843635,25.907160917968184,-44.09648394607082,32.023984255602656,3,36,6,5,-56.0582718063338,43.985772115865636
2013-10-06 22:30:00,34,-10.0,-4.593667115800304,19.418486786141195,-2.0,-36.53707787900257,27.34974364740196,-42.65390121663704,33.46656698503644,3,36,6,5,-54.615689076900026,45.42835484529941
2013-10-06 23:30:00,34,-8.0,-4.898777296744292,19.418486786141195,-3.0,-36.84218805994656,27.044633466457974,-42.95901139758103,33.161456804092445,3,36,6,5,-54.92079925784401,45.123244664355425
2013-10-07 00:30:00,34,-6.0,-5.508188142082098,19.418486786141195,-5.0,-37.45159890528437,26.435222621120168,-43.56842224291884,32.55204595875464,3,36,6,5,-55.530210103181815,44.51383381901762
2013-10-07 01:30:00,34,-3.0,-8.019260006679094,19.418486786141195,-7.0,-39.96267076988136,23.92415075652317,-46.07949410751583,30.040974094157644,3,36,6,5,-58.041281967778815,42.00276195442062
2013-10-07 02:30:00,34,0.0,-8.55504847259143,19.418486786141195,-9.0,-40.498459235793696,23.38836229061084,-46.61528257342817,29.505185628245307,3,36,6,5,-58.57707043369115,41.46697348850829
2013-10-07 03:30:00,34,-5.0,-6.977979352929829,19.418486786141195,-10.0,-38.921390116132095,24.96543141027244,-45.038213453766566,31.08225474790691,3,36,6,5,-57.00000131402955,43.04404260816989
2013-10-07 04:30:00,34,-9.0,-4.847065185622956,19.418486786141195,-8.0,-36.79047594882522,27.09634557757931,-42.90729928645969,33.213168915213785,3,36,6,5,-54.86908714672268,45.17495677547676
2013-10-07 05:30:00,34,-11.0,-3.5784945826452947,19.418486786141195,-6.0,-35.52190534584756,28.36491618055697,-41.63872868348203,34.481739518191446,3,36,6,5,-53.600516543745016,46.44352737845442
2013-10-07 06:30:00,34,-13.0,-2.9629711602430007,19.418486786141195,-3.0,-34.90638192344527,28.980439602959265,-41.02320526107974,35.09726294059374,3,36,6,5,-52.98499312134272,47.05905080085672
2013-10-07 07:30:00,34,-14.0,-5.270452036173307,19.418486786141195,0.0,-37.213862799375576,26.67295872702896,-43.33068613701005,32.78978206466343,3,36,6,5,-55.29247399727302,44.751569924926415
2013-10-07 08:30:00,34,-15.0,-8.564869314092352,19.418486786141195,-5.0,-40.50828007729461,23.37854144910992,-46.625103414929086,29.495364786744386,3,36,6,5,-58.58689127519207,41.45715264700736
2013-10-07 09:30:00,34,-17.0,-11.198517496080171,19.418486786141195,-9.0,-43.14192825928244,20.74489326712209,-49.25875159691691,26.86171660475657,3,36,6,5,-61.22053945717989,38.823504465019546
2013-10-07 10:30:00,34,-14.0,-11.910227965818496,19.418486786141195,-11.0,-43.85363872902076,20.03318279738377,-49.97046206665523,26.15000613501824,3,36,6,5,-61.93224992691822,38.11179399528122
2013-10-07 11:30:00,34,-11.0,-12.888904390552756,19.418486786141195,-13.0,-44.83231515375502,19.05450637264951,-50.94913849138949,25.17132971028398,3,36,6,5,-62.91092635165248,37.13311757054696
2013-10-07 12:30:00,34,-10.0,-14.431173993365828,19.418486786141195,-14.0,-46.3745847565681,17.512236769836438,-52.49140809420257,23.62906010747091,3,36,6,5,-64.45319595446554,35.59084796773389
2013-10-07 13:30:00,34,-10.0,-15.844219063527213,19.418486786141195,-15.0,-47.78762982672948,16.099191699675053,-53.90445316436395,22.216015037309525,3,36,6,5,-65.86624102462693,34.177802897572505
2013-10-07 14:30:00,34,-12.0,-16.048033032800536,19.418486786141195,-17.0,-47.9914437960028,15.89537773040173,-54.10826713363727,22.0122010680362,3,36,6,5,-66.07005499390026,33.97398892829918
2013-10-07 15:30:00,34,-11.0,-12.55655664376786,19.418486786141195,-14.0,-44.49996740697013,19.386854119434407,-50.6167907446046,25.50367745706888,3,36,6,5,-62.57857860486758,37.465465317331855
2013-10-07 16:30:00,34,-11.0,-10.369170214128438,19.418486786141195,-11.0,-42.312580977330704,21.574240549073828,-48.429404314965176,27.6910638867083,3,36,6,5,-60.391192175228156,39.65285174697128
2013-10-07 17:30:00,34,-12.0,-8.52847015376144,19.418486786141195,-10.0,-40.471880916963705,23.414940609440823,-46.58870425459818,29.53176394707529,3,36,6,5,-58.55049211486116,41.49355180733828
2013-10-07 18:30:00,34,-14.0,-9.515110864076163,19.418486786141195,-10.0,-41.45852162727843,22.428299899126102,-47.5753449649129,28.54512323676057,3,36,6,5,-59.53713282517588,40.506911097023554
2013-10-07 19:30:00,34,-15.0,-10.148147958908286,19.418486786141195,-12.0,-42.09155872211055,21.79526280429398,-48.20838205974502,27.91208614192845,3,36,6,5,-60.17016992000801,39.87387400219143
2013-10-07 20:30:00,34,-12.0,-11.078238848418586,19.418486786141195,-11.0,-43.02164961162085,20.86517191478368,-49.13847294925532,26.98199525241815,3,36,6,5,-61.1002608095183,38.94378311268113
2013-10-07 21:30:00,34,-10.0,-10.902607688862124,19.418486786141195,-11.0,-42.84601845206439,21.040803074340143,-48.96284178969886,27.15762641197461,3,36,6,5,-60.924629649961844,39.11941427223759
2013-10-07 22:30:00,34,-10.0,-11.52955159624772,19.418486786141195,-12.0,-43.47296235944999,20.413859166954545,-49.58978569708446,26.530682504589016,3,36,6,5,-61.55157355734744,38.492470364852
2013-10-07 23:30:00,34,-12.0,-12.554176568162257,19.418486786141195,-14.0,-44.49758733136452,19.38923419504001,-50.61441066899899,25.506057532674483,3,36,6,5,-62.57619852926197,37.46784539293746
2013-10-08 00:30:00,34,-12.0,-12.21408751640353,19.418486786141195,-15.0,-44.1574982796058,19.72932324679873,-50.27432161724027,25.846146584433207,3,36,6,5,-62.23610947750325,37.80793444469619
2013-10-08 01:30:00,34,-11.0,-10.11276675352071,19.418486786141195,-12.0,-42.056177516722975,21.83064400968156,-48.17300085435745,27.947467347316028,3,36,6,5,-60.13478871462043,39.90925520757901
2013-10-08 02:30:00,34,-11.0,-7.54215421954769,19.418486786141195,-10.0,-39.48556498274996,24.401256543654576,-45.60238832038443,30.518079881289047,3,36,6,5,-57.56417618064741,42.47986774155203
2013-10-08 03:30:00,34,-12.0,-8.30989099040529,19.418486786141195,-10.0,-40.25330175360756,23.633519772796976,-46.37012509124203,29.750343110431448,3,36,6,5,-58.331912951505004,41.71213097069443
2013-10-08 04:30:00,34,-9.0,-8.053104584842686,19.418486786141195,-12.0,-39.99651534804495,23.89030617835958,-46.11333868567942,30.00712951599405,3,36,6,5,-58.0751265459424,41.96891737625703
2013-10-08 05:30:00,34,-6.0,-6.9691328397318095,19.418486786141195,-12.0,-38.91254360293408,24.974277923470456,-45.02936694056855,31.091101261104928,3,36,6,5,-56.991154800831524,43.05288912136791
2013-10-08 06:30:00,34,-3.0,-5.722065323080948,19.418486786141195,-11.0,-37.66547608628321,26.22134544012132,-43.782299423917685,32.33816877775579,3,36,6,5,-55.744087284180665,44.29995663801877
2013-10-08 07:30:00,34,-4.0,-8.237931270720598,19.418486786141195,-11.0,-40.18134203392286,23.70547949248167,-46.29816537155733,29.82230283011614,3,36,6,5,-58.25995323182032,41.78409069037912
2013-10-08 08:30:00,34,-6.0,-10.98435431821629,19.418486786141195,-12.0,-42.92776508141856,20.959056444985976,-49.04458841905303,27.075879782620447,3,36,6,5,-61.00637627931601,39.03766764288343
2013-10-08 09:30:00,34,-7.0,-9.220039657835237,19.418486786141195,-9.0,-41.1634504210375,22.72337110536703,-47.28027375867197,28.8401944430015,3,36,6,5,-59.242061618934954,40.80198230326448
2013-10-08 10:30:00,34,-7.0,-7.372596857819779,19.418486786141195,-6.0,-39.316007621022045,24.570813905382487,-45.43283095865652,30.68763724301696,3,36,6,5,-57.3946188189195,42.64942510327994
2013-10-08 11:30:00,34,-8.0,-6.422893369734588,19.418486786141195,-3.0,-38.36630413293685,25.52051739346768,-44.483127470571326,31.63734073110215,3,36,6,5,-56.444915330834306,43.59912859136513
2013-10-08 12:30:00,34,-10.0,-6.760020657348658,19.418486786141195,-4.0,-38.70343142055093,25.183390105853608,-44.8202547581854,31.30021344348808,3,36,6,5,-56.78204261844837,43.26200130375106
2013-10-08 13:30:00,34,-9.0,-8.35852984707866,19.418486786141195,-6.0,-40.30194061028092,23.584880916123605,-46.418763947915394,29.70170425375808,3,36,6,5,-58.38055180817838,41.663492114021054
2013-10-08 14:30:00,34,-2.0,-10.154061792388603,19.418486786141195,-7.0,-42.09747255559087,21.789348970813663,-48.21429589322534,27.90617230844813,3,36,6,5,-60.17608375348832,39.867960168711114
2013-10-08 15:30:00,34,4.0,-10.448711274438718,19.418486786141195,-7.0,-42.39212203764099,21.494699488763548,-48.50894537527546,27.61152282639802,3,36,6,5,-60.47073323553843,39.573310686661
2013-10-08 16:30:00,34,7.0,-10.923509697031903,19.418486786141195,-8.0,-42.86692046023417,21.01990106617036,-48.98374379786864,27.13672440380484,3,36,6,5,-60.94553165813162,39.098512264067814
2013-10-08 17:30:00,34,10.0,-8.471319254800004,19.418486786141195,-10.0,-40.414730018002274,23.47209150840226,-46.531553355636746,29.588914846036733,3,36,6,5,-58.49334121589972,41.55070270629972
2013-10-08 18:30:00,34,11.0,-6.731023483677131,19.418486786141195,-9.0,-38.6744342468794,25.21238727952513,-44.79125758451387,31.329210617159607,3,36,6,5,-56.753045444776845,43.29099847742259
2013-10-08 19:30:00,34,5.0,-4.363604451202452,19.418486786141195,-2.0,-36.30701521440472,27.57980631199981,-42.42383855203919,33.69662964963429,3,36,6,5,-54.38562641230217,45.65841750989726
2013-10-08 20:30:00,34,17.0,-3.097433313448363,19.418486786141195,4.0,-35.04084407665063,28.845977449753903,-41.1576674142851,34.962800787388375,3,36,6,5,-53.11945527454808,46.924588647651355
2013-10-08 21:30:00,34,10.0,-2.9797965012349543,19.418486786141195,7.0,-34.923207264437224,28.96361426196731,-41.040030602071695,35.08043759960178,3,36,6,5,-53.00181846233467,47.04222545986477
2013-10-08 22:30:00,34,-33.0,-3.3047616509784383,19.418486786141195,10.0,-35.2481724141807,28.638649112223828,-41.36499575181517,34.7554724498583,3,36,6,5,-53.32678361207816,46.717260310121276
2013-10-08 23:30:00,34,-19.0,-4.97981135763813,19.418486786141195,11.0,-36.92322212084039,26.96359940556413,-43.040045458474864,33.08042274319861,3,36,6,5,-55.00183331873785,45.042210603461584
2013-10-09 00:30:00,34,-66.0,-7.317578816834853,19.418486786141195,5.0,-39.26098958003712,24.625831946367413,-45.37781291767159,30.742655284001884,3,36,6,5,-57.33960077793457,42.704443144264864
2013-10-09 01:30:00,34,-69.0,-6.252909436411375,19.418486786141195,17.0,-38.19632019961364,25.69050132679089,-44.31314353724811,31.80732466442536,3,36,6,5,-56.2749313975111,43.76911252468834
2013-10-09 02:30:00,34,-61.0,-10.665409644851952,19.418486786141195,10.0,-42.60882040805421,21.27800111835032,-48.725643745688686,27.394824455984786,3,36,6,5,-60.68743160595167,39.35661231624776
2013-10-09 03:30:00,34,-63.0,-18.38834416750447,19.418486786141195,-33.0,-50.33175493070674,13.555066595697795,-56.44857826834121,19.671889933332267,3,36,6,5,-68.41036612860418,31.633677793595247
2013-10-09 04:30:00,34,-56.0,-28.889476474098164,19.418486786141195,-19.0,-60.832887237300426,3.0539342891041024,-66.9497105749349,9.170757626738574,3,36,6,5,-78.91149843519788,21.132545487001554
2013-10-09 05:30:00,34,-53.0,-67.24178937848342,19.418486786141195,-66.0,-99.18520014168568,-35.29837861528115,-105.30202347932016,-29.18155527764668,3,36,6,5,-117.26381133958313,-17.2197674173837
2013-10-09 06:30:00,34,-53.0,-78.66926431906393,19.418486786141195,-69.0,-110.6126750822662,-46.72585355586166,-116.72949841990066,-40.60903021822719,3,36,6,5,-128.69128628016364,-28.64724235796421
2013-10-09 07:30:00,34,-48.0,-70.81735611694218,19.418486786141195,-61.0,-102.76076688014444,-38.87394535373991,-108.87759021777892,-32.75712201610544,3,36,6,5,-120.8393780780419,-20.79533415584246
2013-10-09 08:30:00,34,-45.0,-68.10875736669806,19.418486786141195,-63.0,-100.05216812990032,-36.16534660349579,-106.1689914675348,-30.04852326586132,3,36,6,5,-118.13077932779777,-18.08673540559834
2013-10-09 09:30:00,34,-34.0,-60.20119126619844,19.418486786141195,-56.0,-92.1446020294007,-28.25778050299617,-98.26142536703516,-22.14095716536169,3,36,6,5,-110.22321322729816,-10.179169305098725
2013-10-09 10:30:00,34,-33.0,-55.08696260571982,19.418486786141195,-53.0,-87.03037336892208,-23.14355184251756,-93.14719670655656,-17.02672850488308,3,36,6,5,-105.10898456681954,-5.064940644620101
2013-10-09 11:30:00,34,-43.0,-54.60826444621277,19.418486786141195,-53.0,-86.55167520941504,-22.664853683010502,-92.66849854704952,-16.548030345376034,3,36,6,5,-104.6302864073125,-4.586242485113054
2013-10-09 12:30:00,34,-44.0,-50.002841174541416,19.418486786141195,-48.0,-81.94625193774368,-18.05943041133915,-88.06307527537815,-11.94260707370468,3,36,6,5,-100.02486313564114,0.019180786558301577
2013-10-09 13:30:00,34,-40.0,-45.66290176394255,19.418486786141195,-45.0,-77.60631252714481,-13.719491000740284,-83.7231358647793,-7.602667663105812,3,36,6,5,-95.68492372504227,4.359120197157168
2013-10-09 14:30:00,34,-30.0,-40.00864315862104,19.418486786141195,-34.0,-71.9520539218233,-8.065232395418775,-78.06887725945778,-1.948409057784304,3,36,6,5,-90.03066511972077,10.013378802478677
2013-10-09 15:30:00,34,-19.0,-38.60513990123951,19.418486786141195,-33.0,-70.54855066444178,-6.661729138037245,-76.66537400207625,-0.5449058004027734,3,36,6,5,-88.62716186233922,11.416882059860207
2013-10-09 16:30:00,34,-20.0,-40.73551752146167,19.418486786141195,-43.0,-72.67892828466393,-8.7921067582594,-78.79575162229841,-2.675283420624929,3,36,6,5,-90.75753948256138,9.286504439638051
2013-10-09 17:30:00,34,-27.0,-40.94956557346886,19.418486786141195,-44.0,-72.89297633667113,-9.006154810266594,-79.0097996743056,-2.889331472632122,3,36,6,5,-90.97158753456858,9.072456387630858
2013-10-09 18:30:00,34,-30.0,-38.81468835002695,19.418486786141195,-40.0,-70.7580991132292,-6.871277586824682,-76.87492245086369,-0.7544542491902106,3,36,6,5,-88.83671031112667,11.20733361107277
2013-10-09 19:30:00,34,-28.0,-34.25150626998778,19.418486786141195,-30.0,-66.19491703319005,-2.308095506785513,-72.31174037082451,3.808727830848959,3,36,6,5,-84.2735282310875,15.770515691111939
2013-10-09 20:30:00,34,-23.0,-31.301838217321016,19.418486786141195,-19.0,-63.245248980523286,0.6415725458812496,-69.36207231815776,6.758395883515721,3,36,6,5,-81.32386017842073,18.7201837437787
2013-10-09 21:30:00,34,-8.0,-29.927249424771865,19.418486786141195,-20.0,-61.87066018797413,2.016161338430404,-67.9874835256086,8.132984676064876,3,36,6,5,-79.94927138587158,20.094772536327852
2013-10-09 22:30:00,34,-11.0,-29.28542580337232,19.418486786141195,-27.0,-61.22883656657458,2.657984959829953,-67.34565990420904,8.774808297464425,3,36,6,5,-79.30744776447204,20.736596157727398
2013-10-09 23:30:00,34,-13.0,-28.404200386695383,19.418486786141195,-30.0,-60.34761114989765,3.53921037650688,-66.46443448753212,9.656033714141351,3,36,6,5,-78.4262223477951,21.617821574404335
2013-10-10 00:30:00,34,-26.0,-27.2588192977768,19.418486786141195,-28.0,-59.20223006097906,4.68459146542547,-65.31905339861353,10.801414803059942,3,36,6,5,-77.28084125887652,22.763202663322918
2013-10-10 01:30:00,34,-37.0,-25.247290037928284,19.418486786141195,-23.0,-57.19070080113055,6.696120725273982,-63.30752413876502,12.812944062908452,3,36,6,5,-75.269311999028,24.774731923171434
2013-10-10 02:30:00,34,-33.0,-22.57507893542941,19.418486786141195,-8.0,-54.51848969863168,9.368331827772856,-60.63531303626615,15.485155165407328,3,36,6,5,-72.59710089652913,27.446943025670308
2013-10-10 03:30:00,34,-32.0,-21.227379301523293,19.418486786141195,-11.0,-53.17079006472556,10.716031461678972,-59.28761340236003,16.832854799313445,3,36,6,5,-71.24940126262301,28.794642659576425
2013-10-10 04:30:00,34,-39.0,-23.001176696941947,19.418486786141195,-13.0,-54.94458746014421,8.942234066260319,-61.06141079777869,15.05905740389479,3,36,6,5,-73.02319865804166,27.02084526415777
2013-10-10 05:30:00,34,-41.0,-30.856726208725576,19.418486786141195,-26.0,-62.80013697192784,1.0866845544766903,-68.91696030956231,7.203507892111162,3,36,6,5,-80.87874816982529,19.165295752374142
2013-10-10 06:30:00,34,-38.0,-33.16096765512267,19.418486786141195,-37.0,-65.10437841832493,-1.2175568919204025,-71.22120175595941,4.899266445714069,3,36,6,5,-83.18298961622239,16.86105430597705
2013-10-10 07:30:00,34,-32.0,-27.99510671421545,19.418486786141195,-33.0,-59.93851747741771,3.94830404898682,-66.05534081505218,10.065127386621292,3,36,6,5,-78.01712867531516,22.02691524688427
2013-10-10 08:30:00,34,-29.0,-32.01202720797439,19.418486786141195,-32.0,-63.95543797117666,-0.0686164447721253,-70.07226130881114,6.048206892862346,3,36,6,5,-82.03404916907411,18.009994753125326
2013-10-10 09:30:00,34,-27.0,-38.65066217978726,19.418486786141195,-39.0,-70.59407294298953,-6.707251416584995,-76.710896280624,-0.5904280789505236,3,36,6,5,-88.67268414088699,11.371359781312457
2013-10-10 10:30:00,34,-27.0,-39.02185157284151,19.418486786141195,-41.0,-70.96526233604376,-7.07844080963924,-77.08208567367825,-0.961617472004768,3,36,6,5,-89.04387353394122,11.000170388258205
2013-10-10 11:30:00,34,-29.0,-34.763015753094656,19.418486786141195,-38.0,-66.70642651629691,-2.8196049898923903,-72.8232498539314,3.2972183477420813,3,36,6,5,-84.78503771419437,15.259006208005061
2013-10-10 12:30:00,34,-30.0,-30.766090954346865,19.418486786141195,-32.0,-62.70950171754913,1.177319808855401,-68.8263250551836,7.294143146489873,3,36,6,5,-80.78811291544659,19.255931006752853
2013-10-10 13:30:00,34,-28.0,-27.75978279796702,19.418486786141195,-29.0,-59.703193561169286,4.183627965235246,-65.82001689880376,10.300451302869718,3,36,6,5,-77.78180475906674,22.262239163132698
2013-10-10 14:30:00,34,-27.0,-25.51498855692808,19.418486786141195,-27.0,-57.45839932013035,6.428422206274185,-63.57522265776482,12.545245543908656,3,36,6,5,-75.5370105180278,24.507033404171636
2013-10-10 15:30:00,34,-26.0,-25.00905889083574,19.418486786141195,-27.0,-56.952469654038005,6.934351872366527,-63.06929299167248,13.051175210001,3,36,6,5,-75.03108085193546,25.01296307026398
2013-10-10 16:30:00,34,-23.0,-26.24918613610509,19.418486786141195,-29.0,-58.19259689930736,5.694224627097174,-64.30942023694183,11.811047964731646,3,36,6,5,-76.2712080972048,23.772835824994626
2013-10-10 17:30:00,34,-23.0,-27.013787848107448,19.418486786141195,-30.0,-58.957198611309714,4.929622915094818,-65.07402194894419,11.04644625272929,3,36,6,5,-77.03580980920717,23.00823411299227
2013-10-10 18:30:00,34,-23.0,-26.7426458541416,19.418486786141195,-28.0,-58.686056617343866,5.200764909060666,-64.80287995497834,11.317588246695138,3,36,6,5,-76.76466781524132,23.279376106958118
2013-10-10 19:30:00,34,-23.0,-26.950273518899056,19.418486786141195,-27.0,-58.89368428210132,4.99313724430321,-65.01050761973579,11.10996058193768,3,36,6,5,-76.97229547999878,23.07174844220066
2013-10-10 20:30:00,34,-22.0,-26.135118225448963,19.418486786141195,-26.0,-58.07852898865123,5.808292537753303,-64.1953523262857,11.925115875387776,3,36,6,5,-76.15714018654867,23.886903735650755
2013-10-10 21:30:00,34,-23.0,-24.61443047928568,19.418486786141195,-23.0,-56.557841242487946,7.328980283916586,-62.67466458012242,13.445803621551056,3,36,6,5,-74.6364524403854,25.407591481814038
2013-10-10 22:30:00,34,-19.0,-23.7106403946982,19.418486786141195,-23.0,-55.65405115790046,8.23277036850407,-61.77087449553493,14.349593706138542,3,36,6,5,-73.73266235579791,26.31138156640152
2013-10-10 23:30:00,34,-19.0,-23.72110351729432,19.418486786141195,-23.0,-55.66451428049658,8.222307245907949,-61.781337618131055,14.33913058354242,3,36,6,5,-73.74312547839403,26.300918443805397
2013-10-11 00:30:00,34,-23.0,-23.75177304551561,19.418486786141195,-23.0,-55.69518380871787,8.19163771768666,-61.81200714635234,14.308461055321132,3,36,6,5,-73.77379500661533,26.27024891558411
2013-10-11 01:30:00,34,-26.0,-23.16582242606827,19.418486786141195,-22.0,-55.10923318927054,8.777588337133995,-61.22605652690501,14.894411674768469,3,36,6,5,-73.18784438716798,26.856199535031447
2013-10-11 02:30:00,34,-25.0,-21.933728541893394,19.418486786141195,-23.0,-53.87713930509566,10.009682221308871,-59.99396264273013,16.126505558943343,3,36,6,5,-71.95575050299311,28.088293419206323
2013-10-11 03:30:00,34,-24.0,-20.26693154138144,19.418486786141195,-19.0,-52.210342304583705,11.676479221820829,-58.327165642218176,17.7933025594553,3,36,6,5,-70.28895350248115,29.75509041971828
2013-10-11 04:30:00,34,-26.0,-20.193699378017584,19.418486786141195,-19.0,-52.13711014121985,11.749711385184682,-58.25393347885432,17.866534722819154,3,36,6,5,-70.2157213391173,29.828322583082134
2013-10-11 05:30:00,34,-24.0,-21.440840817586952,19.418486786141195,-23.0,-53.38425158078922,10.502569945615312,-59.50107491842369,16.619393283249785,3,36,6,5,-71.46286277868667,28.581181143512765
2013-10-11 06:30:00,34,-22.0,-23.99279205611665,19.418486786141195,-26.0,-55.93620281931892,7.950618707085617,-62.053026156953386,14.067442044720089,3,36,6,5,-74.01481401721637,26.02922990498307
2013-10-11 07:30:00,34,-25.0,-25.021613668470188,19.418486786141195,-25.0,-56.96502443167245,6.921797094732078,-63.081847769306925,13.03862043236655,3,36,6,5,-75.0436356295699,25.00040829262953
2013-10-11 08:30:00,34,-25.0,-24.833359867616387,19.418486786141195,-24.0,-56.77677063081865,7.110050895585879,-62.893593968453125,13.22687423322035,3,36,6,5,-74.8553818287161,25.18866209348333
2013-10-11 09:30:00,34,-24.0,-23.721594316999138,19.418486786141195,-26.0,-55.66500508020141,8.221816446203128,-61.78182841783588,14.3386397838376,3,36,6,5,-73.74361627809886,26.30042764410058
2013-10-11 10:30:00,34,-24.0,-24.05083972490912,19.418486786141195,-24.0,-55.99425048811138,7.892571038293148,-62.111073825745855,14.00939437592762,3,36,6,5,-74.07286168600884,25.971182236190597
2013-10-11 11:30:00,34,-21.0,-23.34686934829349,19.418486786141195,-22.0,-55.29028011149576,8.59654141490877,-61.40710344913023,14.713364752543242,3,36,6,5,-73.3688913093932,26.675152612806226
2013-10-11 12:30:00,34,-19.0,-22.62660078592443,19.418486786141195,-25.0,-54.5700115491267,9.316809977277837,-60.68683488676117,15.433633314912306,3,36,6,5,-72.64862274702415,27.395421175175287
2013-10-11 13:30:00,34,-14.0,-22.40323238693012,19.418486786141195,-25.0,-54.34664315013239,9.540178376272143,-60.46346648776686,15.657001713906617,3,36,6,5,-72.42525434802984,27.618789574169597
2013-10-11 14:30:00,34,-12.0,-22.75590166519688,19.418486786141195,-24.0,-54.69931242839914,9.187509098005393,-60.81613576603361,15.304332435639864,3,36,6,5,-72.7779236262966,27.266120295902837
2013-10-11 15:30:00,34,-12.0,-21.941237171451604,19.418486786141195,-24.0,-53.88464793465387,10.002173591750662,-60.00147127228834,16.118996929385133,3,36,6,5,-71.96325913255131,28.080784789648114
2013-10-11 16:30:00,34,-10.0,-21.496327844956483,19.418486786141195,-21.0,-53.43973860815875,10.447082918245783,-59.55656194579322,16.563906255880255,3,36,6,5,-71.5183498060562,28.525694116143235
2013-10-11 17:30:00,34,-9.0,-19.325885517719072,19.418486786141195,-19.0,-51.26929628092134,12.617525245483192,-57.38611961855581,18.734348583117665,3,36,6,5,-69.3479074788188,30.696136443380645
2013-10-11 18:30:00,34,-6.0,-17.327226722722553,19.418486786141195,-14.0,-49.27063748592482,14.616184040479713,-55.387460823559294,20.733007378114184,3,36,6,5,-67.34924868382227,32.69479523837717
2013-10-11 19:30:00,34,-9.0,-17.352159347727486,19.418486786141195,-12.0,-49.29557011092975,14.59125141547478,-55.412393448564224,20.70807475310925,3,36,6,5,-67.3741813088272,32.66986261337223
2013-10-11 20:30:00,34,-11.0,-17.342333658822074,19.418486786141195,-12.0,-49.28574442202434,14.601077104380192,-55.40256775965881,20.717900442014663,3,36,6,5,-67.3643556199218,32.67968830227764
2013-10-11 21:30:00,34,-10.0,-16.696495780577532,19.418486786141195,-10.0,-48.6399065437798,15.246914982624734,-54.75672988141427,21.363738320259205,3,36,6,5,-66.71851774167725,33.32552618052219
2013-10-11 22:30:00,34,-11.0,-15.977511780398869,19.418486786141195,-9.0,-47.92092254360114,15.9658989828034,-54.03774588123561,22.08272232043787,3,36,6,5,-65.99953374149858,34.04451018070085
2013-10-11 23:30:00,34,-12.0,-14.923806017085315,19.418486786141195,-6.0,-46.86721678028758,17.01960474611695,-52.98404011792205,23.136428083751422,3,36,6,5,-64.94582797818504,35.0982159440144
2013-10-12 00:30:00,34,-13.0,-15.083170499017536,19.418486786141195,-9.0,-47.02658126221981,16.86024026418473,-53.14340459985428,22.9770636018192,3,36,6,5,-65.10519246011725,34.938851462082184
2013-10-12 01:30:00,34,-14.0,-15.177637929610004,19.418486786141195,-11.0,-47.121048692812266,16.765772833592262,-53.23787203044674,22.882596171226734,3,36,6,5,-65.19965989070973,34.84438403148971
2013-10-12 02:30:00,34,-15.0,-14.150232971219271,19.418486786141195,-10.0,-46.09364373442153,17.793177791982995,-52.210467072056005,23.910001129617463,3,36,6,5,-64.17225493231899,35.87178898988044
2013-10-12 03:30:00,34,-15.0,-13.906733301369416,19.418486786141195,-11.0,-45.85014406457168,18.03667746183285,-51.96696740220615,24.15350079946732,3,36,6,5,-63.92875526246913,36.115288659730304
2013-10-12 04:30:00,34,-15.0,-13.102873672236957,19.418486786141195,-12.0,-45.04628443543922,18.84053709096531,-51.16310777307369,24.95736042859978,3,36,6,5,-63.12489563333668,36.91914828886276
