time,event_no,DST_true,DST_pred,sigma_nT,DST_persist,fold,L_value,L_idx,H,DST_p005,DST_p995
2003-10-22 01:30:00,19,-47.0,-41.83019987665787,9.852826955076022,,5,48,8,2,-67.21108211293371,-16.449317640382038
2003-10-22 02:30:00,19,-49.0,-46.5926760372789,9.852826955076022,,5,48,8,2,-71.97355827355473,-21.211793801003065
2003-10-22 03:30:00,19,-56.0,-45.64987635025294,9.852826955076022,-47.0,5,48,8,2,-71.03075858652878,-20.268994113977104
2003-10-22 04:30:00,19,-51.0,-50.9378228499765,9.852826955076022,-49.0,5,48,8,2,-76.31870508625234,-25.556940613700664
2003-10-22 05:30:00,19,-51.0,-56.69264171265724,9.852826955076022,-56.0,5,48,8,2,-82.07352394893307,-31.311759476381408
2003-10-22 06:30:00,19,-61.0,-51.079530225091794,9.852826955076022,-51.0,5,48,8,2,-76.46041246136762,-25.69864798881596
2003-10-22 07:30:00,19,-50.0,-54.38068569238425,9.852826955076022,-51.0,5,48,8,2,-79.76156792866009,-28.999803456108413
2003-10-22 08:30:00,19,-51.0,-62.51733033457069,9.852826955076022,-61.0,5,48,8,2,-87.89821257084652,-37.13644809829485
2003-10-22 09:30:00,19,-48.0,-48.22927537133202,9.852826955076022,-50.0,5,48,8,2,-73.61015760760786,-22.848393135056188
2003-10-22 10:30:00,19,-36.0,-49.319322589984246,9.852826955076022,-51.0,5,48,8,2,-74.70020482626008,-23.938440353708412
2003-10-22 11:30:00,19,-22.0,-46.19534256460283,9.852826955076022,-48.0,5,48,8,2,-71.57622480087866,-20.814460328326998
2003-10-22 12:30:00,19,-24.0,-36.96163926523481,9.852826955076022,-36.0,5,48,8,2,-62.342521501510646,-11.580757028958974
2003-10-22 13:30:00,19,-24.0,-27.11601607860745,9.852826955076022,-22.0,5,48,8,2,-52.49689831488328,-1.7351338423316172
2003-10-22 14:30:00,19,-15.0,-28.42431530590021,9.852826955076022,-24.0,5,48,8,2,-53.805197542176046,-3.043433069624374
2003-10-22 15:30:00,19,-20.0,-24.39002800935661,9.852826955076022,-24.0,5,48,8,2,-49.77091024563244,0.9908542269192253
2003-10-22 16:30:00,19,-33.0,-19.025287910781927,9.852826955076022,-15.0,5,48,8,2,-44.406170147057765,6.355594325493907
2003-10-22 17:30:00,19,-33.0,-32.023102989394104,9.852826955076022,-20.0,5,48,8,2,-57.40398522566994,-6.64222075311827
2003-10-22 18:30:00,19,-34.0,-38.45149469359866,9.852826955076022,-33.0,5,48,8,2,-63.8323769298745,-13.070612457322827
2003-10-22 19:30:00,19,-32.0,-24.771190668829107,9.852826955076022,-33.0,5,48,8,2,-50.152072905104944,0.6096915674467276
2003-10-22 20:30:00,19,-30.0,-25.207300897816964,9.852826955076022,-34.0,5,48,8,2,-50.5881831340928,0.17358133845887025
2003-10-22 21:30:00,19,-28.0,-25.235126976646885,9.852826955076022,-32.0,5,48,8,2,-50.61600921292272,0.14575525962894886
2003-10-22 22:30:00,19,-24.0,-27.34576388488783,9.852826955076022,-30.0,5,48,8,2,-52.72664612116367,-1.9648816486119962
2003-10-22 23:30:00,19,-24.0,-24.000028032166178,0.043769967667016,-28.0,5,48,8,2,-24.11277946887641,-23.887276595455944
2003-10-23 00:30:00,19,-16.0,-16.000075073949294,0.043769967667016,-24.0,5,48,8,2,-16.112826510659527,-15.88732363723906
2003-10-23 01:30:00,19,-13.0,-13.00009606678621,0.043769967667016,-24.0,5,48,8,2,-13.112847503496443,-12.887344630075976
2003-10-23 02:30:00,19,-20.0,-19.99998337805875,0.043769967667016,-16.0,5,48,8,2,-20.112734814768984,-19.887231941348517
2003-10-23 03:30:00,19,-18.0,-17.999977095398012,0.043769967667016,-13.0,5,48,8,2,-18.112728532108246,-17.88722565868778
2003-10-23 04:30:00,19,-17.0,-16.999999353716753,0.043769967667016,-20.0,5,48,8,2,-17.112750790426986,-16.88724791700652
2003-10-23 05:30:00,19,-18.0,-17.999992531018485,0.043769967667016,-18.0,5,48,8,2,-18.11274396772872,-17.88724109430825
2003-10-23 06:30:00,19,-19.0,-18.99998627593796,0.043769967667016,-17.0,5,48,8,2,-19.112737712648194,-18.887234839227727
2003-10-23 07:30:00,19,-21.0,-20.999976944783747,0.043769967667016,-18.0,5,48,8,2,-21.11272838149398,-20.887225508073513
2003-10-23 08:30:00,19,-18.0,-18.000013179992777,0.043769967667016,-19.0,5,48,8,2,-18.11276461670301,-17.887261743282544
2003-10-23 09:30:00,19,-19.0,-19.000009261065628,0.043769967667016,-21.0,5,48,8,2,-19.11276069777586,-18.887257824355395
2003-10-23 10:30:00,19,-18.0,-18.00000244802021,0.043769967667016,-18.0,5,48,8,2,-18.112753884730445,-17.887251011309978
2003-10-23 11:30:00,19,-17.0,-17.000012534610452,0.043769967667016,-19.0,5,48,8,2,-17.112763971320685,-16.88726109790022
2003-10-23 12:30:00,19,-19.0,-18.999982872319595,0.043769967667016,-18.0,5,48,8,2,-19.11273430902983,-18.887231435609362
2003-10-23 13:30:00,19,-15.0,-15.000015624830189,0.043769967667016,-17.0,5,48,8,2,-15.112767061540422,-14.887264188119955
2003-10-23 14:30:00,19,-14.0,-14.000033491768754,0.043769967667016,-19.0,5,48,8,2,-14.112784928478987,-13.88728205505852
2003-10-23 15:30:00,19,-14.0,-14.000014117673864,0.043769967667016,-15.0,5,48,8,2,-14.112765554384097,-13.88726268096363
2003-10-23 16:30:00,19,-12.0,-12.000027010655424,0.043769967667016,-14.0,5,48,8,2,-12.112778447365658,-11.88727557394519
2003-10-23 17:30:00,19,-11.0,-11.000034786922775,0.043769967667016,-14.0,5,48,8,2,-11.112786223633009,-10.887283350212542
2003-10-23 18:30:00,19,-12.0,-12.000011724300446,0.043769967667016,-12.0,5,48,8,2,-12.11276316101068,-11.887260287590212
2003-10-23 19:30:00,19,-11.0,-11.000007567863744,0.043769967667016,-11.0,5,48,8,2,-11.112759004573977,-10.88725613115351
2003-10-23 20:30:00,19,-11.0,-11.000001146774338,0.043769967667016,-12.0,5,48,8,2,-11.112752583484571,-10.887249710064104
2003-10-23 21:30:00,19,-9.0,-9.000011587395122,0.043769967667016,-11.0,5,48,8,2,-9.112763024105355,-8.887260150684888
2003-10-23 22:30:00,19,-10.0,-10.000003902090125,0.043769967667016,-11.0,5,48,8,2,-10.112755338800358,-9.887252465379891
2003-10-23 23:30:00,19,-10.0,-9.999991713067462,0.043769967667016,-9.0,5,48,8,2,-10.112743149777696,-9.887240276357229
2003-10-24 00:30:00,19,-10.0,-9.99999599766416,0.043769967667016,-10.0,5,48,8,2,-10.112747434374393,-9.887244560953926
2003-10-24 01:30:00,19,-8.0,-8.000018732536123,0.043769967667016,-10.0,5,48,8,2,-8.112770169246357,-7.88726729582589
2003-10-24 02:30:00,19,-8.0,-8.000017016402548,0.043769967667016,-10.0,5,48,8,2,-8.112768453112782,-7.887265579692315
2003-10-24 03:30:00,19,-7.0,-7.00001468055148,0.043769967667016,-8.0,5,48,8,2,-7.112766117261714,-6.887263243841247
2003-10-24 04:30:00,19,-7.0,-7.000013517737504,0.043769967667016,-8.0,5,48,8,2,-7.112764954447737,-6.88726208102727
2003-10-24 05:30:00,19,-9.0,-9.000012211869198,0.043769967667016,-7.0,5,48,8,2,-9.112763648579431,-8.887260775158964
2003-10-24 06:30:00,19,-12.0,-11.999981289420749,0.043769967667016,-7.0,5,48,8,2,-12.112732726130982,-11.887229852710515
2003-10-24 07:30:00,19,-13.0,-12.999983965947283,0.043769967667016,-9.0,5,48,8,2,-13.112735402657517,-12.88723252923705
2003-10-24 08:30:00,19,-15.0,-14.999967323461568,0.043769967667016,-12.0,5,48,8,2,-15.112718760171802,-14.887215886751335
2003-10-24 09:30:00,19,-15.0,-14.999977849028618,0.043769967667016,-13.0,5,48,8,2,-15.112729285738851,-14.887226412318384
2003-10-24 10:30:00,19,-20.0,-19.999942473811068,0.043769967667016,-15.0,5,48,8,2,-20.1126939105213,-19.887191037100834
2003-10-24 11:30:00,19,-24.0,-24.00000789251908,0.043769967667016,-15.0,5,48,8,2,-24.112759329229313,-23.887256455808846
2003-10-24 12:30:00,19,-37.0,-36.99989660197373,0.043769967667016,-20.0,5,48,8,2,-37.112648038683965,-36.8871451652635
2003-10-24 13:30:00,19,-43.0,-42.99993865365023,0.043769967667016,-24.0,5,48,8,2,-43.112690090360466,-42.88718721694
2003-10-24 14:30:00,19,-44.0,-44.00004719247708,0.043769967667016,-37.0,5,48,8,2,-44.11279862918732,-43.88729575576685
2003-10-24 15:30:00,19,-30.0,-30.00021257652579,0.043769967667016,-43.0,5,48,8,2,-30.112964013236024,-29.887461139815557
2003-10-24 16:30:00,19,-26.0,-26.00020708999936,0.043769967667016,-44.0,5,48,8,2,-26.112958526709594,-25.887455653289127
2003-10-24 17:30:00,19,-9.0,-9.000248753104117,0.043769967667016,-30.0,5,48,8,2,-9.11300018981435,-8.887497316393883
2003-10-24 18:30:00,19,5.0,4.999729063908532,0.043769967667016,-26.0,5,48,8,2,4.8869776271982985,5.112480500618766
2003-10-24 19:30:00,19,-26.0,-25.99989034973106,0.043769967667016,-9.0,5,48,8,2,-26.112641786441294,-25.887138913020827
2003-10-24 20:30:00,19,-34.0,-33.99979174629031,0.043769967667016,5.0,5,48,8,2,-34.11254318300055,-33.88704030958008
2003-10-24 21:30:00,19,-22.0,-22.00005158794074,0.043769967667016,-26.0,5,48,8,2,-22.112803024650972,-21.887300151230505
2003-10-24 22:30:00,19,-18.0,-18.000125880361153,0.043769967667016,-34.0,5,48,8,2,-18.112877317071387,-17.88737444365092
2003-10-24 23:30:00,19,-36.0,-35.999862514259775,0.043769967667016,-22.0,5,48,8,2,-36.11261395097001,-35.88711107754954
2003-10-25 00:30:00,19,-29.0,-28.999891928803763,0.043769967667016,-18.0,5,48,8,2,-29.112643365513996,-28.88714049209353
2003-10-25 01:30:00,19,-19.0,-19.000095328825,0.043769967667016,-36.0,5,48,8,2,-19.112846765535235,-18.887343892114767
2003-10-25 02:30:00,19,0.0,-0.0002798606938938,0.043769967667016,-29.0,5,48,8,2,-0.11303129740412701,0.11247157601633942
2003-10-25 03:30:00,19,-3.0,-3.0002090438896047,0.043769967667016,-19.0,5,48,8,2,-3.112960480599838,-2.8874576071793716
2003-10-25 04:30:00,19,-11.0,-11.000078280998352,0.043769967667016,0.0,5,48,8,2,-11.112829717708586,-10.887326844288118
2003-10-25 05:30:00,19,-10.0,-10.000041347506556,0.043769967667016,-3.0,5,48,8,2,-10.11279278421679,-9.887289910796323
2003-10-25 06:30:00,19,-13.0,-12.99997755779632,0.043769967667016,-11.0,5,48,8,2,-13.112728994506554,-12.887226121086087
2003-10-25 07:30:00,19,-19.0,-18.999924736413163,0.043769967667016,-10.0,5,48,8,2,-19.112676173123397,-18.88717329970293
2003-10-25 08:30:00,19,-20.0,-19.999920694451323,0.043769967667016,-13.0,5,48,8,2,-20.112672131161556,-19.88716925774109
2003-10-25 09:30:00,19,-18.0,-17.99997971232743,0.043769967667016,-19.0,5,48,8,2,-18.112731149037664,-17.887228275617197
2003-10-25 10:30:00,19,-21.0,-20.999982322207487,0.043769967667016,-20.0,5,48,8,2,-21.11273375891772,-20.887230885497253
2003-10-25 11:30:00,19,-20.0,-20.000001457932868,0.043769967667016,-18.0,5,48,8,2,-20.1127528946431,-19.887250021222634
2003-10-25 12:30:00,19,-26.0,-25.99996963954816,0.043769967667016,-21.0,5,48,8,2,-26.112721076258392,-25.887218202837925
2003-10-25 13:30:00,19,-27.0,-26.99994194270072,0.043769967667016,-20.0,5,48,8,2,-27.112693379410953,-26.887190505990485
2003-10-25 14:30:00,19,-41.0,-40.99990620773232,0.043769967667016,-26.0,5,48,8,2,-41.11265764444256,-40.88715477102209
2003-10-25 15:30:00,19,-49.0,-48.99989476067937,0.043769967667016,-27.0,5,48,8,2,-49.1126461973896,-48.887143323969134
2003-10-25 16:30:00,19,-43.0,-43.00008332688462,0.043769967667016,-41.0,5,48,8,2,-43.112834763594854,-42.88733189017439
2003-10-25 17:30:00,19,-30.0,-30.000122128230668,0.043769967667016,-49.0,5,48,8,2,-30.1128735649409,-29.887370691520434
2003-10-25 18:30:00,19,-33.0,-33.000071804238225,0.043769967667016,-43.0,5,48,8,2,-33.11282324094846,-32.88732036752799
2003-10-25 19:30:00,19,-38.0,-37.99993467047503,0.043769967667016,-30.0,5,48,8,2,-38.11268610718526,-37.887183233764794
2003-10-25 20:30:00,19,-41.0,-40.99992464830463,0.043769967667016,-33.0,5,48,8,2,-41.11267608501486,-40.887173211594394
2003-10-25 21:30:00,19,-39.0,-38.999988078135935,0.043769967667016,-38.0,5,48,8,2,-39.11273951484617,-38.8872366414257
2003-10-25 22:30:00,19,-33.0,-33.00005411645798,0.043769967667016,-41.0,5,48,8,2,-33.112805553168215,-32.88730267974775
2003-10-25 23:30:00,19,-32.0,-32.00002952990053,0.043769967667016,-39.0,5,48,8,2,-32.112780966610764,-31.887278093190297
2003-10-26 00:30:00,19,-31.0,-30.9999943784712,0.043769967667016,-33.0,5,48,8,2,-31.112745815181434,-30.887242941760967
2003-10-26 01:30:00,19,-33.0,-32.999954482962515,0.043769967667016,-32.0,5,48,8,2,-33.11270591967275,-32.88720304625228
2003-10-26 02:30:00,19,-32.0,-31.99999180185777,0.043769967667016,-31.0,5,48,8,2,-32.112743238568,-31.887240365147537
2003-10-26 03:30:00,19,-29.0,-29.00002856801584,0.043769967667016,-33.0,5,48,8,2,-29.112780004726073,-28.887277131305606
2003-10-26 04:30:00,19,-27.0,-26.99998255256686,0.043769967667016,-32.0,5,48,8,2,-27.112733989277093,-26.887231115856626
2003-10-26 05:30:00,19,-25.0,-24.9999799541348,0.043769967667016,-29.0,5,48,8,2,-25.112731390845035,-24.887228517424568
2003-10-26 06:30:00,19,-24.0,-24.000010413888727,0.043769967667016,-27.0,5,48,8,2,-24.11276185059896,-23.887258977178494
2003-10-26 07:30:00,19,-24.0,-24.00001383643591,0.043769967667016,-25.0,5,48,8,2,-24.112765273146145,-23.887262399725678
2003-10-26 08:30:00,19,-19.0,-19.000030074624675,0.043769967667016,-24.0,5,48,8,2,-19.11278151133491,-18.88727863791444
2003-10-26 09:30:00,19,-11.0,-11.000086239130113,0.043769967667016,-24.0,5,48,8,2,-11.112837675840346,-10.887334802419879
2003-10-26 10:30:00,19,-4.0,-4.000127009787899,0.043769967667016,-19.0,5,48,8,2,-4.112878446498133,-3.8873755730776662
2003-10-26 11:30:00,19,-4.0,-4.000073195294849,0.043769967667016,-11.0,5,48,8,2,-4.112824632005083,-3.887321758584616
2003-10-26 12:30:00,19,-4.0,-4.000045815985484,0.043769967667016,-4.0,5,48,8,2,-4.112797252695717,-3.8872943792752506
2003-10-26 13:30:00,19,-4.0,-4.0000792312542615,0.043769967667016,-4.0,5,48,8,2,-4.112830667964495,-3.8873277945440283
2003-10-26 14:30:00,19,-6.0,-6.000072848854522,0.043769967667016,-4.0,5,48,8,2,-6.112824285564756,-5.8873214121442885
2003-10-26 15:30:00,19,-6.0,-6.000044948645222,0.043769967667016,-4.0,5,48,8,2,-6.112796385355455,-5.887293511934988
2003-10-26 16:30:00,19,-5.0,-5.000088254678822,0.043769967667016,-6.0,5,48,8,2,-5.1128396913890555,-4.887336817968588
2003-10-26 17:30:00,19,-5.0,-5.000056613447651,0.043769967667016,-6.0,5,48,8,2,-5.112808050157884,-4.887305176737417
2003-10-26 18:30:00,19,-7.0,-7.00000307414625,0.043769967667016,-5.0,5,48,8,2,-7.112754510856483,-6.887251637436016
2003-10-26 19:30:00,19,-8.0,-7.9999959748785585,0.043769967667016,-5.0,5,48,8,2,-8.112747411588792,-7.887244538168325
2003-10-26 20:30:00,19,-15.0,-14.999949991712516,0.043769967667016,-7.0,5,48,8,2,-15.11270142842275,-14.887198555002282
2003-10-26 21:30:00,19,-18.0,-17.999960853586536,0.043769967667016,-8.0,5,48,8,2,-18.11271229029677,-17.887209416876303
2003-10-26 22:30:00,19,-29.0,-29.00002392480185,0.043769967667016,-15.0,5,48,8,2,-29.112775361512085,-28.887272488091618
2003-10-26 23:30:00,19,-33.0,-33.000013242506455,0.043769967667016,-18.0,5,48,8,2,-33.11276467921669,-32.88726180579622
2003-10-27 00:30:00,19,-43.0,-43.00002169285271,0.043769967667016,-29.0,5,48,8,2,-43.112773129562946,-42.88727025614248
2003-10-27 01:30:00,19,-49.0,-48.99994446678777,0.043769967667016,-33.0,5,48,8,2,-49.112695903498,-48.88719303007753
2003-10-27 02:30:00,19,-47.0,-47.0000460934679,0.043769967667016,-43.0,5,48,8,2,-47.112797530178135,-46.88729465675767
2003-10-27 03:30:00,19,-49.0,-49.00004120436931,0.043769967667016,-49.0,5,48,8,2,-49.112792641079544,-48.88728976765908
2003-10-27 04:30:00,19,-52.0,-51.99997751208221,0.043769967667016,-47.0,5,48,8,2,-52.112728948792444,-51.88722607537198
2003-10-27 05:30:00,19,-52.0,-52.000002069699775,0.043769967667016,-49.0,5,48,8,2,-52.11275350641001,-51.88725063298954
2003-10-27 06:30:00,19,-50.0,-50.000034769366295,0.043769967667016,-52.0,5,48,8,2,-50.11278620607653,-49.88728333265606
2003-10-27 07:30:00,19,-46.0,-46.00006963107697,0.043769967667016,-52.0,5,48,8,2,-46.1128210677872,-45.887318194366735
2003-10-27 08:30:00,19,-48.0,-48.000013512107735,0.043769967667016,-50.0,5,48,8,2,-48.11276494881797,-47.8872620753975
2003-10-27 09:30:00,19,-51.0,-50.99994442877957,0.043769967667016,-46.0,5,48,8,2,-51.112695865489805,-50.88719299206934
2003-10-27 10:30:00,19,-49.0,-49.0000120775956,0.043769967667016,-48.0,5,48,8,2,-49.11276351430583,-48.887260640885366
2003-10-27 11:30:00,19,-41.0,-41.00004863516811,0.043769967667016,-51.0,5,48,8,2,-41.11280007187835,-40.88729719845788
2003-10-27 12:30:00,19,-36.0,-36.00000496593071,0.043769967667016,-49.0,5,48,8,2,-36.11275640264094,-35.88725352922047
2003-10-27 13:30:00,19,-35.0,-34.99998522951271,0.043769967667016,-41.0,5,48,8,2,-35.11273666622294,-34.887233792802476
2003-10-27 14:30:00,19,-34.0,-33.999978841139985,0.043769967667016,-36.0,5,48,8,2,-34.11273027785022,-33.88722740442975
2003-10-27 15:30:00,19,-34.0,-33.99998638908831,0.043769967667016,-35.0,5,48,8,2,-34.11273782579855,-33.88723495237808
2003-10-27 16:30:00,19,-30.0,-30.000042461141337,0.043769967667016,-34.0,5,48,8,2,-30.11279389785157,-29.887291024431104
2003-10-27 17:30:00,19,-30.0,-30.00000350554007,0.043769967667016,-34.0,5,48,8,2,-30.112754942250305,-29.887252068829838
2003-10-27 18:30:00,19,-30.0,-30.00001277677568,0.043769967667016,-30.0,5,48,8,2,-30.112764213485914,-29.887261340065447
2003-10-27 19:30:00,19,-27.0,-27.00002223250388,0.043769967667016,-30.0,5,48,8,2,-27.112773669214114,-26.887270795793647
2003-10-27 20:30:00,19,-27.0,-26.99994860416097,0.043769967667016,-30.0,5,48,8,2,-27.112700040871204,-26.887197167450736
2003-10-27 21:30:00,19,-27.0,-26.999973167356,0.043769967667016,-27.0,5,48,8,2,-27.112724604066234,-26.887221730645766
2003-10-27 22:30:00,19,-25.0,-25.00003680644776,0.043769967667016,-27.0,5,48,8,2,-25.112788243157993,-24.887285369737526
2003-10-27 23:30:00,19,-24.0,-24.00000965997665,0.043769967667016,-27.0,5,48,8,2,-24.112761096686885,-23.887258223266418
2003-10-28 00:30:00,19,-24.0,-23.99999086266508,0.043769967667016,-25.0,5,48,8,2,-24.112742299375313,-23.887239425954846
2003-10-28 01:30:00,19,-24.0,-23.99999275030224,0.043769967667016,-24.0,5,48,8,2,-24.112744187012474,-23.887241313592007
2003-10-28 02:30:00,19,-14.0,-14.000088786240546,0.043769967667016,-24.0,5,48,8,2,-14.11284022295078,-13.887337349530313
2003-10-28 03:30:00,19,-18.0,-18.00005629581313,0.043769967667016,-24.0,5,48,8,2,-18.112807732523365,-17.887304859102898
2003-10-28 04:30:00,19,-4.0,-4.000172836663381,0.043769967667016,-14.0,5,48,8,2,-4.112924273373615,-3.887421399953148
2003-10-28 05:30:00,19,-1.0,-1.0002247663735844,0.043769967667016,-18.0,5,48,8,2,-1.1129762030838175,-0.8874733296633511
2003-10-28 06:30:00,19,-1.0,-1.0000866924163,0.043769967667016,-4.0,5,48,8,2,-1.1128381291265332,-0.8873352557060669
2003-10-28 07:30:00,19,-5.0,-5.000085484348421,0.043769967667016,-1.0,5,48,8,2,-5.112836921058655,-4.887334047638188
2003-10-28 08:30:00,19,-14.0,-13.999982167850728,0.043769967667016,-1.0,5,48,8,2,-14.112733604560962,-13.887230731140495
2003-10-28 09:30:00,19,-32.0,-31.99994564729663,0.043769967667016,-5.0,5,48,8,2,-32.11269708400686,-31.887194210586397
2003-10-28 10:30:00,19,-32.0,-31.99998846880585,0.043769967667016,-14.0,5,48,8,2,-32.11273990551608,-31.887237032095616
2003-10-28 11:30:00,19,-24.0,-24.00002115885799,0.043769967667016,-32.0,5,48,8,2,-24.112772595568224,-23.887269722147757
2003-10-28 12:30:00,19,-20.0,-20.000097464956283,0.043769967667016,-32.0,5,48,8,2,-20.112848901666517,-19.88734602824605
2003-10-28 13:30:00,19,-16.0,-16.000104269227815,0.043769967667016,-24.0,5,48,8,2,-16.11285570593805,-15.887352832517582
2003-10-28 14:30:00,19,-8.0,-8.000162590353597,0.043769967667016,-20.0,5,48,8,2,-8.11291402706383,-7.887411153643363
2003-10-28 15:30:00,19,-4.0,-4.000196276489561,0.043769967667016,-16.0,5,48,8,2,-4.1129477131997945,-3.8874448397793278
2003-10-28 16:30:00,19,-4.0,-4.00009862540162,0.043769967667016,-8.0,5,48,8,2,-4.112850062111853,-3.8873471886913866
2003-10-28 17:30:00,19,-9.0,-9.000007149922968,0.043769967667016,-4.0,5,48,8,2,-9.112758586633202,-8.887255713212735
2003-10-28 18:30:00,19,-16.0,-16.00008838044766,0.043769967667016,-4.0,5,48,8,2,-16.112839817157894,-15.887336943737427
2003-10-28 19:30:00,19,-18.0,-17.99998190197057,0.043769967667016,-9.0,5,48,8,2,-18.112733338680805,-17.887230465260338
2003-10-28 20:30:00,19,-19.0,-19.000037623421765,0.043769967667016,-16.0,5,48,8,2,-19.112789060132,-18.88728618671153
2003-10-28 21:30:00,19,-22.0,-22.00000674358221,0.043769967667016,-18.0,5,48,8,2,-22.112758180292445,-21.887255306871978
2003-10-28 22:30:00,19,-14.0,-14.000062426922888,0.043769967667016,-19.0,5,48,8,2,-14.112813863633122,-13.887310990212654
2003-10-28 23:30:00,19,-20.0,-20.00000590515475,0.043769967667016,-22.0,5,48,8,2,-20.112757341864985,-19.887254468444517
2003-10-29 00:30:00,19,-34.0,-33.99983181664054,0.043769967667016,-14.0,5,48,8,2,-34.11258325335077,-33.8870803799303
2003-10-29 01:30:00,19,-42.0,-41.9998450482531,0.043769967667016,-20.0,5,48,8,2,-42.11259648496333,-41.887093611542866
2003-10-29 02:30:00,19,-32.0,-32.00012385759409,0.043769967667016,-34.0,5,48,8,2,-32.112875294304324,-31.887372420883857
2003-10-29 03:30:00,19,-25.0,-25.000109307710687,0.043769967667016,-42.0,5,48,8,2,-25.11286074442092,-24.887357871000454
2003-10-29 04:30:00,19,-28.0,-27.99997112671071,0.043769967667016,-32.0,5,48,8,2,-28.112722563420945,-27.887219690000478
2003-10-29 05:30:00,19,-30.0,-29.999956906086364,0.043769967667016,-25.0,5,48,8,2,-30.112708342796598,-29.88720546937613
2003-10-29 06:30:00,19,-10.0,-10.000239866153674,0.043769967667016,-28.0,5,48,8,2,-10.112991302863907,-9.88748842944344
2003-10-29 07:30:00,19,-105.0,-104.99922959137572,0.043769967667016,-30.0,5,48,8,2,-105.11198102808595,-104.8864781546655
2003-10-29 08:30:00,19,-130.0,-129.9990018594386,0.043769967667016,-10.0,5,48,8,2,-130.11175329614883,-129.88625042272838
2003-10-29 09:30:00,19,-151.0,-150.99981795116048,0.043769967667016,-105.0,5,48,8,2,-151.1125693878707,-150.88706651445025
2003-10-29 10:30:00,19,-151.0,-150.99974627261557,0.043769967667016,-130.0,5,48,8,2,-151.1124977093258,-150.88699483590534
2003-10-29 11:30:00,19,-147.0,-147.00000569427135,0.043769967667016,-151.0,5,48,8,2,-147.11275713098158,-146.88725425756112
2003-10-29 12:30:00,19,-111.0,-111.00023842918915,0.043769967667016,-151.0,5,48,8,2,-111.11298986589938,-110.88748699247893
2003-10-29 13:30:00,19,-79.0,-79.00061279121145,0.043769967667016,-147.0,5,48,8,2,-79.11336422792168,-78.88786135450123
2003-10-29 14:30:00,19,-99.0,-99.00005818165556,0.043769967667016,-111.0,5,48,8,2,-99.11280961836579,-98.88730674494533
2003-10-29 15:30:00,19,-107.0,-106.99984302659855,0.043769967667016,-79.0,5,48,8,2,-107.11259446330878,-106.88709158988833
2003-10-29 16:30:00,19,-124.0,-124.000198271898,0.043769967667016,-99.0,5,48,8,2,-124.11294970860823,-123.88744683518777
2003-10-29 17:30:00,19,-126.0,-126.00009329515169,0.043769967667016,-107.0,5,48,8,2,-126.11284473186191,-125.88734185844146
2003-10-29 18:30:00,19,-169.0,-168.99994724090857,0.043769967667016,-124.0,5,48,8,2,-169.1126986776188,-168.88719580419834
2003-10-29 19:30:00,19,-213.0,-212.9994953838473,0.043769967667016,-126.0,5,48,8,2,-213.11224682055752,-212.88674394713706
2003-10-29 20:30:00,19,-253.0,-253.0000816654429,0.043769967667016,-169.0,5,48,8,2,-253.11283310215313,-252.88733022873268
2003-10-29 21:30:00,19,-268.0,-268.00026070875185,0.043769967667016,-213.0,5,48,8,2,-268.1130121454621,-267.8875092720416
2003-10-29 22:30:00,19,-281.0,-281.0003109962173,0.043769967667016,-253.0,5,48,8,2,-281.11306243292756,-280.88755955950705
2003-10-29 23:30:00,19,-350.0,-349.99963646050725,0.043769967667016,-268.0,5,48,8,2,-350.1123878972175,-349.886885023797
2003-10-30 00:30:00,19,-353.0,-352.99975522015893,0.043769967667016,-281.0,5,48,8,2,-353.1125066568692,-352.8870037834487
2003-10-30 01:30:00,19,-341.0,-341.00027641584967,0.043769967667016,-350.0,5,48,8,2,-341.1130278525599,-340.8875249791394
2003-10-30 02:30:00,19,-335.0,-334.9999829218716,0.043769967667016,-353.0,5,48,8,2,-335.11273435858186,-334.88723148516135
2003-10-30 03:30:00,19,-303.0,-303.0000217398174,0.043769967667016,-341.0,5,48,8,2,-303.11277317652764,-302.88727030310713
2003-10-30 04:30:00,19,-273.0,-273.000058423199,0.043769967667016,-335.0,5,48,8,2,-273.11280985990925,-272.88730698648874
2003-10-30 05:30:00,19,-244.0,-243.9998959764701,0.043769967667016,-303.0,5,48,8,2,-244.11264741318033,-243.88714453975987
2003-10-30 06:30:00,19,-220.0,-220.00002145983387,0.043769967667016,-273.0,5,48,8,2,-220.1127728965441,-219.88727002312365
2003-10-30 07:30:00,19,-203.0,-202.99999480786693,0.043769967667016,-244.0,5,48,8,2,-203.11274624457715,-202.8872433711567
2003-10-30 08:30:00,19,-192.0,-191.9999628164736,0.043769967667016,-220.0,5,48,8,2,-192.11271425318384,-191.8872113797634
2003-10-30 09:30:00,19,-178.0,-177.99998020591127,0.043769967667016,-203.0,5,48,8,2,-178.1127316426215,-177.88722876920104
2003-10-30 10:30:00,19,-164.0,-164.00002425072157,0.043769967667016,-192.0,5,48,8,2,-164.1127756874318,-163.88727281401134
2003-10-30 11:30:00,19,-155.0,-155.00004747922014,0.043769967667016,-178.0,5,48,8,2,-155.11279891593037,-154.88729604250992
2003-10-30 12:30:00,19,-156.0,-155.9999562090735,0.043769967667016,-164.0,5,48,8,2,-156.11270764578373,-155.88720477236328
2003-10-30 13:30:00,19,-148.0,-148.0000009679083,0.043769967667016,-155.0,5,48,8,2,-148.11275240461853,-147.88724953119808
2003-10-30 14:30:00,19,-138.0,-138.0001487718482,0.043769967667016,-156.0,5,48,8,2,-138.11290020855841,-137.88739733513796
2003-10-30 15:30:00,19,-129.0,-129.0001330116558,0.043769967667016,-148.0,5,48,8,2,-129.11288444836603,-128.88738157494558
2003-10-30 16:30:00,19,-111.0,-111.00029635113792,0.043769967667016,-138.0,5,48,8,2,-111.11304778784815,-110.88754491442769
2003-10-30 17:30:00,19,-97.0,-97.00039357279924,0.043769967667016,-129.0,5,48,8,2,-97.11314500950947,-96.88764213608901
2003-10-30 18:30:00,19,-111.0,-111.00022012261252,0.043769967667016,-111.0,5,48,8,2,-111.11297155932274,-110.88746868590229
2003-10-30 19:30:00,19,-142.0,-141.9999289821065,0.043769967667016,-97.0,5,48,8,2,-142.11268041881672,-141.88717754539627
2003-10-30 20:30:00,19,-240.0,-239.99930640710951,0.043769967667016,-111.0,5,48,8,2,-240.11205784381974,-239.8865549703993
2003-10-30 21:30:00,19,-316.0,-315.999430403374,0.043769967667016,-142.0,5,48,8,2,-316.11218184008425,-315.88667896666374
2003-10-30 22:30:00,19,-383.0,-382.9994481767555,0.043769967667016,-240.0,5,48,8,2,-383.11219961346575,-382.88669674004524
2003-10-30 23:30:00,19,-371.0,-370.9998549880282,0.043769967667016,-316.0,5,48,8,2,-371.11260642473843,-370.8871035513179
2003-10-31 00:30:00,19,-307.0,-307.0002200615816,0.043769967667016,-383.0,5,48,8,2,-307.11297149829187,-306.88746862487136
2003-10-31 01:30:00,19,-246.0,-246.0006142582435,0.043769967667016,-371.0,5,48,8,2,-246.11336569495373,-245.88786282153328
2003-10-31 02:30:00,19,-244.0,-244.00010964493995,0.043769967667016,-307.0,5,48,8,2,-244.11286108165018,-243.88735820822973
2003-10-31 03:30:00,19,-241.0,-240.99965628485364,0.043769967667016,-246.0,5,48,8,2,-241.11240772156387,-240.88690484814342
2003-10-31 04:30:00,19,-196.0,-195.99991543189915,0.043769967667016,-244.0,5,48,8,2,-196.11266686860938,-195.88716399518893
2003-10-31 05:30:00,19,-131.0,-131.00038208499106,0.043769967667016,-241.0,5,48,8,2,-131.1131335217013,-130.88763064828083
2003-10-31 06:30:00,19,-106.0,-106.00041068473588,0.043769967667016,-196.0,5,48,8,2,-106.11316212144611,-105.88765924802566
2003-10-31 07:30:00,19,-113.0,-113.00006252857104,0.043769967667016,-131.0,5,48,8,2,-113.11281396528126,-112.88731109186081
2003-10-31 08:30:00,19,-113.0,-112.9998978322292,0.043769967667016,-106.0,5,48,8,2,-113.11264926893942,-112.88714639551897
2003-10-31 09:30:00,19,-109.0,-108.99989009449364,0.043769967667016,-113.0,5,48,8,2,-109.11264153120386,-108.88713865778341
2003-10-31 10:30:00,19,-113.0,-112.9998287732174,0.043769967667016,-113.0,5,48,8,2,-113.11258020992763,-112.88707733650718
2003-10-31 11:30:00,19,-55.0,-55.00037951904091,0.043769967667016,-109.0,5,48,8,2,-55.113130955751146,-54.88762808233068
2003-10-31 12:30:00,19,-77.0,-77.00017183468918,0.043769967667016,-113.0,5,48,8,2,-77.11292327139941,-76.88742039797896
2003-10-31 13:30:00,19,-80.0,-79.99993798154492,0.043769967667016,-55.0,5,48,8,2,-80.11268941825514,-79.88718654483469
2003-10-31 14:30:00,19,-88.0,-87.99989073145127,0.043769967667016,-77.0,5,48,8,2,-88.1126421681615,-87.88713929474105
2003-10-31 15:30:00,19,-80.0,-79.99995027820131,0.043769967667016,-80.0,5,48,8,2,-80.11270171491154,-79.88719884149108
2003-10-31 16:30:00,19,-76.0,-76.00005125267695,0.043769967667016,-88.0,5,48,8,2,-76.11280268938718,-75.88729981596673
2003-10-31 17:30:00,19,-68.0,-68.00009519448409,0.043769967667016,-80.0,5,48,8,2,-68.11284663119432,-67.88734375777386
2003-10-31 18:30:00,19,-70.0,-70.00003925827045,0.043769967667016,-76.0,5,48,8,2,-70.11279069498067,-69.88728782156022
2003-10-31 19:30:00,19,-66.0,-66.00003760759975,0.043769967667016,-68.0,5,48,8,2,-66.11278904430998,-65.88728617088952
2003-10-31 20:30:00,19,-63.0,-63.00005517705136,0.043769967667016,-70.0,5,48,8,2,-63.11280661376159,-62.887303740341125
2003-10-31 21:30:00,19,-52.0,-52.000133156427175,0.043769967667016,-66.0,5,48,8,2,-52.11288459313741,-51.88738171971694
2003-10-31 22:30:00,19,-55.0,-55.0000870394541,0.043769967667016,-63.0,5,48,8,2,-55.112838476164335,-54.88733560274387
2003-10-31 23:30:00,19,-66.0,-65.99993376139096,0.043769967667016,-52.0,5,48,8,2,-66.11268519810119,-65.88718232468074
2003-11-01 00:30:00,19,-69.0,-68.99992361393089,0.043769967667016,-55.0,5,48,8,2,-69.11267505064112,-68.88717217722066
2003-11-01 01:30:00,19,-69.0,-69.00000249366792,0.043769967667016,-66.0,5,48,8,2,-69.11275393037815,-68.8872510569577
2003-11-01 02:30:00,19,-61.0,-61.00006451772818,0.043769967667016,-69.0,5,48,8,2,-61.11281595443841,-60.88731308101794
2003-11-01 03:30:00,19,-62.0,-62.0000672769557,0.043769967667016,-69.0,5,48,8,2,-62.11281871366593,-61.88731584024546
2003-11-01 04:30:00,19,-61.0,-61.00003762417586,0.043769967667016,-61.0,5,48,8,2,-61.112789060886094,-60.88728618746563
2003-11-01 05:30:00,19,-62.0,-62.00000632390839,0.043769967667016,-62.0,5,48,8,2,-62.11275776061862,-61.887254887198154
2003-11-01 06:30:00,19,-56.0,-56.00005438118468,0.043769967667016,-61.0,5,48,8,2,-56.112805817894916,-55.88730294447445
2003-11-01 07:30:00,19,-48.0,-48.00013817359002,0.043769967667016,-62.0,5,48,8,2,-48.11288961030025,-47.88738673687978
2003-11-01 08:30:00,19,-47.0,-47.00011133721314,0.043769967667016,-56.0,5,48,8,2,-47.112862773923375,-46.88735990050291
2003-11-01 09:30:00,19,-44.0,-44.00005633168513,0.043769967667016,-48.0,5,48,8,2,-44.11280776839536,-43.887304894974896
2003-11-01 10:30:00,19,-41.0,-41.00009823997179,0.043769967667016,-47.0,5,48,8,2,-41.112849676682025,-40.88734680326156
2003-11-01 11:30:00,19,-38.0,-38.00009484409063,0.043769967667016,-44.0,5,48,8,2,-38.112846280800866,-37.8873434073804
2003-11-01 12:30:00,19,-43.0,-43.00002243465568,0.043769967667016,-41.0,5,48,8,2,-43.11277387136592,-42.88727099794545
2003-11-01 13:30:00,19,-46.0,-45.99995380548593,0.043769967667016,-38.0,5,48,8,2,-46.112705242196164,-45.8872023687757
2003-11-01 14:30:00,19,-46.0,-45.99999017661955,0.043769967667016,-43.0,5,48,8,2,-46.11274161332978,-45.887238739909314
2003-11-01 15:30:00,19,-39.0,-39.00007646219015,0.043769967667016,-46.0,5,48,8,2,-39.112827898900385,-38.88732502547992
2003-11-01 16:30:00,19,-35.0,-35.00010937740539,0.043769967667016,-46.0,5,48,8,2,-35.11286081411562,-34.88735794069515
2003-11-01 17:30:00,19,-31.0,-31.00008162406389,0.043769967667016,-39.0,5,48,8,2,-31.112833060774122,-30.887330187353655
2003-11-01 18:30:00,19,-28.0,-28.000071104720817,0.043769967667016,-35.0,5,48,8,2,-28.11282254143105,-27.887319668010583
2003-11-01 19:30:00,19,-32.0,-32.00001069321021,0.043769967667016,-31.0,5,48,8,2,-32.11276212992044,-31.887259256499974
2003-11-01 20:30:00,19,-36.0,-35.99998214644551,0.043769967667016,-28.0,5,48,8,2,-36.112733583155745,-35.88723070973528
2003-11-01 21:30:00,19,-33.0,-33.0000420266502,0.043769967667016,-32.0,5,48,8,2,-33.11279346336043,-32.887290589939965
2003-11-01 22:30:00,19,-31.0,-31.000085578001777,0.043769967667016,-36.0,5,48,8,2,-31.11283701471201,-30.887334141291543
2003-11-01 23:30:00,19,-37.0,-36.9999506457901,0.043769967667016,-33.0,5,48,8,2,-37.112702082500334,-36.88719920907987
2003-11-02 00:30:00,19,-41.0,-40.99993547380387,0.043769967667016,-31.0,5,48,8,2,-41.11268691051411,-40.88718403709364
2003-11-02 01:30:00,19,-40.0,-39.99999131107411,0.043769967667016,-37.0,5,48,8,2,-40.112742747784345,-39.88723987436388
2003-11-02 02:30:00,19,-31.0,-31.00006317585649,0.043769967667016,-41.0,5,48,8,2,-31.112814612566723,-30.887311739146256
2003-11-02 03:30:00,19,-23.0,-23.00012219101529,0.043769967667016,-40.0,5,48,8,2,-23.112873627725524,-22.887370754305056
2003-11-02 04:30:00,19,-27.0,-27.000023087058725,0.043769967667016,-31.0,5,48,8,2,-27.11277452376896,-26.88727165034849
2003-11-02 05:30:00,19,-30.0,-29.9999959514636,0.043769967667016,-23.0,5,48,8,2,-30.112747388173833,-29.887244514753366
2003-11-02 06:30:00,19,-26.0,-26.000057142667465,0.043769967667016,-27.0,5,48,8,2,-26.1128085793777,-25.887305705957232
2003-11-02 07:30:00,19,-23.0,-23.00005988427633,0.043769967667016,-30.0,5,48,8,2,-23.112811320986562,-22.887308447566095
2003-11-02 08:30:00,19,-23.0,-23.00003788845525,0.043769967667016,-26.0,5,48,8,2,-23.112789325165483,-22.887286451745016
2003-11-02 09:30:00,19,-22.0,-22.00000603154045,0.043769967667016,-23.0,5,48,8,2,-22.112757468250685,-21.887254594830218
2003-11-02 10:30:00,19,-27.0,-26.9999788220498,0.043769967667016,-23.0,5,48,8,2,-27.112730258760035,-26.887227385339568
2003-11-02 11:30:00,19,-31.0,-30.99995316130346,0.043769967667016,-22.0,5,48,8,2,-31.112704598013693,-30.887201724593226
2003-11-02 12:30:00,19,-25.0,-25.0000351336838,0.043769967667016,-27.0,5,48,8,2,-25.112786570394032,-24.887283696973565
2003-11-02 13:30:00,19,-25.0,-25.000061992258026,0.043769967667016,-31.0,5,48,8,2,-25.11281342896826,-24.887310555547792
2003-11-02 14:30:00,19,-28.0,-27.99996369044205,0.043769967667016,-25.0,5,48,8,2,-28.112715127152285,-27.887212253731818
2003-11-02 15:30:00,19,-29.0,-28.99999424045764,0.043769967667016,-25.0,5,48,8,2,-29.112745677167872,-28.887242803747405
2003-11-02 16:30:00,19,-28.0,-28.00002397607768,0.043769967667016,-28.0,5,48,8,2,-28.112775412787915,-27.887272539367448
2003-11-02 17:30:00,19,-23.0,-23.000050747943284,0.043769967667016,-29.0,5,48,8,2,-23.112802184653518,-22.88729931123305
2003-11-02 18:30:00,19,-23.0,-23.000055676875988,0.043769967667016,-28.0,5,48,8,2,-23.11280711358622,-22.887304240165754
2003-11-02 19:30:00,19,-21.0,-21.000077123115588,0.043769967667016,-23.0,5,48,8,2,-21.11282855982582,-20.887325686405354
2003-11-02 20:30:00,19,-23.0,-23.0000614908208,0.043769967667016,-23.0,5,48,8,2,-23.112812927531035,-22.887310054110568
2003-11-02 21:30:00,19,-22.0,-21.99999052458244,0.043769967667016,-21.0,5,48,8,2,-22.112741961292674,-21.887239087872207
2003-11-02 22:30:00,19,-26.0,-25.99998858193799,0.043769967667016,-23.0,5,48,8,2,-26.112740018648225,-25.887237145227758
2003-11-02 23:30:00,19,-32.0,-31.999923005742712,0.043769967667016,-22.0,5,48,8,2,-32.11267444245294,-31.88717156903248
2003-11-03 00:30:00,19,-36.0,-35.99992812719337,0.043769967667016,-26.0,5,48,8,2,-36.112679563903605,-35.88717669048314
2003-11-03 01:30:00,19,-38.0,-37.9999623256542,0.043769967667016,-32.0,5,48,8,2,-38.112713762364436,-37.88721088894397
2003-11-03 02:30:00,19,-32.0,-32.00001176839011,0.043769967667016,-36.0,5,48,8,2,-32.11276320510034,-31.887260331679876
2003-11-03 03:30:00,19,-26.0,-26.00006596617648,0.043769967667016,-38.0,5,48,8,2,-26.112817402886712,-25.887314529466245
2003-11-03 04:30:00,19,-26.0,-26.00003981581862,0.043769967667016,-32.0,5,48,8,2,-26.112791252528854,-25.887288379108387
2003-11-03 05:30:00,19,-28.0,-27.99995145024593,0.043769967667016,-26.0,5,48,8,2,-28.112702886956164,-27.887200013535697
2003-11-03 06:30:00,19,-21.0,-21.000081220807765,0.043769967667016,-26.0,5,48,8,2,-21.112832657518,-20.88732978409753
2003-11-03 07:30:00,19,-18.0,-17.999995483846156,0.043769967667016,-28.0,5,48,8,2,-18.11274692055639,-17.887244047135923
2003-11-03 08:30:00,19,-17.0,-17.000058382776352,0.043769967667016,-21.0,5,48,8,2,-17.112809819486586,-16.88730694606612
2003-11-03 09:30:00,19,-14.0,-14.000053960572004,0.043769967667016,-18.0,5,48,8,2,-14.112805397282237,-13.88730252386177
2003-11-03 10:30:00,19,-7.0,-7.00014269434293,0.043769967667016,-17.0,5,48,8,2,-7.112894131053164,-6.8873912576326966
2003-11-03 11:30:00,19,-5.0,-5.000124053485539,0.043769967667016,-14.0,5,48,8,2,-5.112875490195773,-4.8873726167753055
2003-11-03 12:30:00,19,-7.0,-7.000030536125191,0.043769967667016,-7.0,5,48,8,2,-7.112781972835425,-6.8872790994149575
2003-11-03 13:30:00,19,-9.0,-9.000033786314642,0.043769967667016,-5.0,5,48,8,2,-9.112785223024876,-8.887282349604408
2003-11-03 14:30:00,19,-6.0,-6.00008859189392,0.043769967667016,-7.0,5,48,8,2,-6.112840028604154,-5.887337155183687
2003-11-03 15:30:00,19,-4.0,-4.000034191792775,0.043769967667016,-9.0,5,48,8,2,-4.112785628503008,-3.8872827550825417
2003-11-03 16:30:00,19,-2.0,-2.000087753279736,0.043769967667016,-6.0,5,48,8,2,-2.1128391899899692,-1.887336316569503
2003-11-03 17:30:00,19,-3.0,-3.0000440151238905,0.043769967667016,-4.0,5,48,8,2,-3.1127954518341237,-2.8872925784136574
2003-11-03 18:30:00,19,-2.0,-2.000094724533092,0.043769967667016,-2.0,5,48,8,2,-2.112846161243325,-1.8873432878228589
2003-11-03 19:30:00,19,-4.0,-4.000108139792221,0.043769967667016,-3.0,5,48,8,2,-4.112859576502455,-3.887356703081988
2003-11-03 20:30:00,19,-5.0,-5.000021837986253,0.043769967667016,-2.0,5,48,8,2,-5.112773274696487,-4.8872704012760195
2003-11-03 21:30:00,19,-6.0,-6.000021774544525,0.043769967667016,-4.0,5,48,8,2,-6.112773211254758,-5.887270337834291
2003-11-03 22:30:00,19,-6.0,-5.999992737973905,0.043769967667016,-5.0,5,48,8,2,-6.112744174684138,-5.887241301263671
2003-11-03 23:30:00,19,-11.0,-10.999979193424394,0.043769967667016,-6.0,5,48,8,2,-11.112730630134628,-10.88722775671416
2003-11-04 00:30:00,19,-20.0,-19.999877356513508,0.043769967667016,-6.0,5,48,8,2,-20.11262879322374,-19.887125919803275
2003-11-04 01:30:00,19,-15.0,-14.99991746547883,0.043769967667016,-11.0,5,48,8,2,-15.112668902189064,-14.887166028768597
2003-11-04 02:30:00,19,-12.0,-11.999990429384717,0.043769967667016,-20.0,5,48,8,2,-12.11274186609495,-11.887238992674483
2003-11-04 03:30:00,19,-12.0,-11.999947255348117,0.043769967667016,-15.0,5,48,8,2,-12.11269869205835,-11.887195818637883
2003-11-04 04:30:00,19,-14.0,-13.999905107168878,0.043769967667016,-12.0,5,48,8,2,-14.112656543879112,-13.887153670458645
2003-11-04 05:30:00,19,-15.0,-14.999886125984322,0.043769967667016,-12.0,5,48,8,2,-15.112637562694555,-14.887134689274088
2003-11-04 06:30:00,19,14.0,13.999794631392952,0.043769967667016,-14.0,5,48,8,2,13.887043194682718,14.112546068103185
2003-11-04 07:30:00,19,10.0,9.999848737320548,0.043769967667016,-15.0,5,48,8,2,9.887097300610314,10.112600174030781
2003-11-04 08:30:00,19,6.0,5.999989730766082,0.043769967667016,14.0,5,48,8,2,5.887238294055848,6.112741167476315
2003-11-04 09:30:00,19,-15.0,-14.999849611159451,0.043769967667016,10.0,5,48,8,2,-15.112601047869685,-14.887098174449218
2003-11-04 10:30:00,19,-69.0,-68.99934869188253,0.043769967667016,6.0,5,48,8,2,-69.11210012859276,-68.8865972551723
2003-11-04 11:30:00,19,-63.0,-63.00018777940328,0.043769967667016,-15.0,5,48,8,2,-63.11293921611351,-62.88743634269304
2003-11-04 12:30:00,19,-55.0,-54.99996531596545,0.043769967667016,-69.0,5,48,8,2,-55.11271675267568,-54.887213879255214
2003-11-04 13:30:00,19,-58.0,-58.00000526924346,0.043769967667016,-63.0,5,48,8,2,-58.11275670595369,-57.887253832533226
2003-11-04 14:30:00,19,-61.0,-60.99998588832701,0.043769967667016,-55.0,5,48,8,2,-61.112737325037244,-60.88723445161678
2003-11-04 15:30:00,19,-59.0,-59.00002913950922,0.043769967667016,-58.0,5,48,8,2,-59.11278057621946,-58.88727770279899
2003-11-04 16:30:00,19,-55.0,-55.00009146117064,0.043769967667016,-61.0,5,48,8,2,-55.112842897880874,-54.88734002446041
2003-11-04 17:30:00,19,-50.0,-50.000096214972544,0.043769967667016,-59.0,5,48,8,2,-50.11284765168278,-49.88734477826231
2003-11-04 18:30:00,19,-45.0,-45.00010095970343,0.043769967667016,-55.0,5,48,8,2,-45.112852396413665,-44.8873495229932
2003-11-04 19:30:00,19,-41.0,-41.00008328516874,0.043769967667016,-50.0,5,48,8,2,-41.112834721878976,-40.88733184845851
2003-11-04 20:30:00,19,-39.0,-39.000066821443625,0.043769967667016,-45.0,5,48,8,2,-39.11281825815386,-38.88731538473339
2003-11-04 21:30:00,19,-36.0,-36.000057024673616,0.043769967667016,-41.0,5,48,8,2,-36.11280846138385,-35.88730558796338
2003-11-04 22:30:00,19,-39.0,-39.000004988783,0.043769967667016,-39.0,5,48,8,2,-39.11275642549323,-38.887253552072764
2003-11-04 23:30:00,19,-42.0,-41.99993719768106,0.043769967667016,-36.0,5,48,8,2,-42.11268863439129,-41.88718576097082
2003-11-05 00:30:00,19,-41.0,-40.99998969690377,0.043769967667016,-39.0,5,48,8,2,-41.112741133614,-40.887238260193534
2003-11-05 01:30:00,19,-36.0,-36.00002590849357,0.043769967667016,-42.0,5,48,8,2,-36.1127773452038,-35.887274471783336
2003-11-05 02:30:00,19,-31.0,-31.00007300280165,0.043769967667016,-41.0,5,48,8,2,-31.112824439511883,-30.887321566091416
2003-11-05 03:30:00,19,-31.0,-31.00003211885565,0.043769967667016,-36.0,5,48,8,2,-31.112783555565883,-30.887280682145416
2003-11-05 04:30:00,19,-31.0,-30.99999321750899,0.043769967667016,-31.0,5,48,8,2,-31.112744654219224,-30.887241780798757
2003-11-05 05:30:00,19,-30.0,-30.00001130170248,0.043769967667016,-31.0,5,48,8,2,-30.112762738412712,-29.887259864992245
2003-11-05 06:30:00,19,-27.0,-27.000034894410724,0.043769967667016,-31.0,5,48,8,2,-27.112786331120958,-26.88728345770049
2003-11-05 07:30:00,19,-24.0,-24.00005469102221,0.043769967667016,-30.0,5,48,8,2,-24.112806127732444,-23.887303254311977
2003-11-05 08:30:00,19,-25.0,-25.000036750712383,0.043769967667016,-27.0,5,48,8,2,-25.112788187422616,-24.88728531400215
2003-11-05 09:30:00,19,-28.0,-27.99996014848677,0.043769967667016,-24.0,5,48,8,2,-28.112711585197005,-27.887208711776537
2003-11-05 10:30:00,19,-29.0,-28.99996062619846,0.043769967667016,-25.0,5,48,8,2,-29.112712062908695,-28.887209189488228
2003-11-05 11:30:00,19,-28.0,-27.999986004288065,0.043769967667016,-28.0,5,48,8,2,-28.1127374409983,-27.88723456757783
2003-11-05 12:30:00,19,-27.0,-27.000007005902145,0.043769967667016,-29.0,5,48,8,2,-27.112758442612378,-26.88725556919191
2003-11-05 13:30:00,19,-25.0,-25.00001515834408,0.043769967667016,-28.0,5,48,8,2,-25.112766595054314,-24.887263721633847
2003-11-05 14:30:00,19,-22.0,-22.00003957377641,0.043769967667016,-27.0,5,48,8,2,-22.112791010486642,-21.887288137066175
2003-11-05 15:30:00,19,-19.0,-19.00005242334003,0.043769967667016,-25.0,5,48,8,2,-19.112803860050263,-18.887300986629796
2003-11-05 16:30:00,19,-17.0,-17.00006232179217,0.043769967667016,-22.0,5,48,8,2,-17.112813758502405,-16.887310885081938
2003-11-05 17:30:00,19,-16.0,-16.00002933531617,0.043769967667016,-19.0,5,48,8,2,-16.112780772026404,-15.887277898605937
2003-11-05 18:30:00,19,-17.0,-17.000028571087455,0.043769967667016,-17.0,5,48,8,2,-17.11278000779769,-16.88727713437722
2003-11-05 19:30:00,19,-12.0,-12.00006798792288,0.043769967667016,-16.0,5,48,8,2,-12.112819424633114,-11.887316551212647
2003-11-05 20:30:00,19,-17.0,-16.999999337092923,0.043769967667016,-17.0,5,48,8,2,-17.112750773803157,-16.88724790038269
2003-11-05 21:30:00,19,-18.0,-17.999974240707118,0.043769967667016,-12.0,5,48,8,2,-18.11272567741735,-17.887222803996885
2003-11-05 22:30:00,19,-17.0,-17.00003749242513,0.043769967667016,-17.0,5,48,8,2,-17.112788929135363,-16.887286055714895
2003-11-05 23:30:00,19,-22.0,-22.000021972050487,0.043769967667016,-18.0,5,48,8,2,-22.11277340876072,-21.887270535340253
2003-11-06 00:30:00,19,-24.0,-23.99997094877465,0.043769967667016,-17.0,5,48,8,2,-24.112722385484883,-23.887219512064416
2003-11-06 01:30:00,19,-24.0,-24.00001055396757,0.043769967667016,-22.0,5,48,8,2,-24.112761990677804,-23.887259117257337
2003-11-06 02:30:00,19,-21.0,-21.00004293989139,0.043769967667016,-24.0,5,48,8,2,-21.112794376601624,-20.887291503181157
2003-11-06 03:30:00,19,-21.0,-21.000037410535604,0.043769967667016,-24.0,5,48,8,2,-21.112788847245838,-20.88728597382537
2003-11-06 04:30:00,19,-25.0,-24.99996785215429,0.043769967667016,-21.0,5,48,8,2,-25.112719288864522,-24.887216415444055
2003-11-06 05:30:00,19,-25.0,-24.999972458269724,0.043769967667016,-21.0,5,48,8,2,-25.112723894979958,-24.88722102155949
2003-11-06 06:30:00,19,-20.0,-20.0000599726202,0.043769967667016,-25.0,5,48,8,2,-20.112811409330433,-19.887308535909966
2003-11-06 07:30:00,19,-17.0,-17.00004332740235,0.043769967667016,-25.0,5,48,8,2,-17.112794764112582,-16.887291890692115
2003-11-06 08:30:00,19,-16.0,-16.000013647714873,0.043769967667016,-20.0,5,48,8,2,-16.112765084425106,-15.88726221100464
2003-11-06 09:30:00,19,-14.0,-14.000018698958712,0.043769967667016,-17.0,5,48,8,2,-14.112770135668946,-13.887267262248479
2003-11-06 10:30:00,19,-15.0,-15.00000704465348,0.043769967667016,-16.0,5,48,8,2,-15.112758481363713,-14.887255607943246
2003-11-06 11:30:00,19,-13.0,-13.000013990343692,0.043769967667016,-14.0,5,48,8,2,-13.112765427053926,-12.887262553633459
2003-11-06 12:30:00,19,-12.0,-12.00000670841031,0.043769967667016,-15.0,5,48,8,2,-12.112758145120544,-11.887255271700077
2003-11-06 13:30:00,19,-11.0,-11.000042888360497,0.043769967667016,-13.0,5,48,8,2,-11.11279432507073,-10.887291451650263
2003-11-06 14:30:00,19,-7.0,-7.000037366128872,0.043769967667016,-12.0,5,48,8,2,-7.1127888028391055,-6.887285929418638
2003-11-06 15:30:00,19,-5.0,-5.000079513047592,0.043769967667016,-11.0,5,48,8,2,-5.112830949757826,-4.887328076337359
2003-11-06 16:30:00,19,-10.0,-9.999994937456044,0.043769967667016,-7.0,5,48,8,2,-10.112746374166278,-9.88724350074581
2003-11-06 17:30:00,19,-10.0,-9.999999635814977,0.043769967667016,-5.0,5,48,8,2,-10.11275107252521,-9.887248199104743
2003-11-06 18:30:00,19,-9.0,-9.000003890568479,0.043769967667016,-10.0,5,48,8,2,-9.112755327278713,-8.887252453858245
2003-11-06 19:30:00,19,-1.0,-1.0000942026205737,0.043769967667016,-10.0,5,48,8,2,-1.1128456393308068,-0.8873427659103404
2003-11-06 20:30:00,19,5.0,4.999863337585161,0.043769967667016,-9.0,5,48,8,2,4.8871119008749275,5.112614774295395
2003-11-06 21:30:00,19,-9.0,-9.000025617182622,0.043769967667016,-1.0,5,48,8,2,-9.112777053892856,-8.887274180472389
2003-11-06 22:30:00,19,-21.0,-20.99991960118624,0.043769967667016,5.0,5,48,8,2,-21.112671037896472,-20.887168164476005
2003-11-06 23:30:00,19,-18.0,-17.999935046968602,0.043769967667016,-9.0,5,48,8,2,-18.112686483678836,-17.88718361025837
2003-11-07 00:30:00,19,-16.0,-16.00028341315826,0.043769967667016,-21.0,5,48,8,2,-16.113034849868495,-15.887531976448027
2003-11-07 01:30:00,19,-20.0,-19.9999715511766,0.043769967667016,-18.0,5,48,8,2,-20.112722987886833,-19.887220114466366
2003-11-07 02:30:00,19,-15.0,-15.00000951222717,0.043769967667016,-16.0,5,48,8,2,-15.112760948937403,-14.887258075516936
2003-11-07 03:30:00,19,-10.0,-10.00010455751114,0.043769967667016,-20.0,5,48,8,2,-10.112855994221373,-9.887353120800906
2003-11-07 04:30:00,19,-14.0,-14.000010060704836,0.043769967667016,-15.0,5,48,8,2,-14.11276149741507,-13.887258623994603
2003-11-07 05:30:00,19,-15.0,-14.99997696934729,0.043769967667016,-10.0,5,48,8,2,-15.112728406057524,-14.887225532637057
2003-11-07 06:30:00,19,-14.0,-14.000020653214698,0.043769967667016,-14.0,5,48,8,2,-14.112772089924931,-13.887269216504464
2003-11-07 07:30:00,19,-12.0,-12.000007856018932,0.043769967667016,-15.0,5,48,8,2,-12.112759292729166,-11.887256419308699
2003-11-07 08:30:00,19,-11.0,-11.000023233303146,0.043769967667016,-14.0,5,48,8,2,-11.11277467001338,-10.887271796592913
2003-11-07 09:30:00,19,-15.0,-14.99995329242546,0.043769967667016,-12.0,5,48,8,2,-15.112704729135693,-14.887201855715226
2003-11-07 10:30:00,19,-13.0,-12.999978320172414,0.043769967667016,-11.0,5,48,8,2,-13.112729756882647,-12.88722688346218
2003-11-07 11:30:00,19,-11.0,-10.999996331839288,0.043769967667016,-15.0,5,48,8,2,-11.112747768549522,-10.887244895129054
2003-11-07 12:30:00,19,-8.0,-8.000021442915056,0.043769967667016,-13.0,5,48,8,2,-8.11277287962529,-7.887270006204822
2003-11-07 13:30:00,19,-8.0,-8.000017282583492,0.043769967667016,-11.0,5,48,8,2,-8.112768719293726,-7.887265845873259
2003-11-07 14:30:00,19,-7.0,-6.99999901697311,0.043769967667016,-8.0,5,48,8,2,-7.1127504536833435,-6.887247580262876
2003-11-07 15:30:00,19,-7.0,-6.999994031907434,0.043769967667016,-8.0,5,48,8,2,-7.112745468617668,-6.8872425951972005
2003-11-07 16:30:00,19,-6.0,-6.000006203834243,0.043769967667016,-7.0,5,48,8,2,-6.112757640544476,-5.887254767124009
2003-11-07 17:30:00,19,-4.0,-4.000042537202205,0.043769967667016,-7.0,5,48,8,2,-4.112793973912439,-3.887291100491972
2003-11-07 18:30:00,19,-3.0,-3.0000082007693543,0.043769967667016,-6.0,5,48,8,2,-3.1127596374795874,-2.887256764059121
2003-11-07 19:30:00,19,-4.0,-3.9999880874240006,0.043769967667016,-4.0,5,48,8,2,-4.112739524134234,-3.8872366507137674
2003-11-07 20:30:00,19,-4.0,-4.000012609924045,0.043769967667016,-3.0,5,48,8,2,-4.112764046634279,-3.8872611732138123
2003-11-07 21:30:00,19,-3.0,-2.999993210533344,0.043769967667016,-4.0,5,48,8,2,-3.112744647243577,-2.887241773823111
2003-11-07 22:30:00,19,-1.0,-1.0000089881290035,0.043769967667016,-4.0,5,48,8,2,-1.1127604248392367,-0.8872575514187703
2003-11-07 23:30:00,19,-3.0,-2.9999707379992167,0.043769967667016,-3.0,5,48,8,2,-3.11272217470945,-2.8872193012889835
2003-11-08 00:30:00,19,-5.0,-4.999969442714047,0.043769967667016,-1.0,5,48,8,2,-5.11272087942428,-4.887218006003813
2003-11-08 01:30:00,19,-3.0,-3.0000029020565115,0.043769967667016,-3.0,5,48,8,2,-3.1127543387667447,-2.8872514653462784
2003-11-08 02:30:00,19,3.0,2.9999674509392094,0.043769967667016,-5.0,5,48,8,2,2.8872160142289762,3.1127188876494425
2003-11-08 03:30:00,19,5.0,4.99995036233512,0.043769967667016,-3.0,5,48,8,2,4.887198925624887,5.112701799045354
2003-11-08 04:30:00,19,4.0,3.999983786805899,0.043769967667016,3.0,5,48,8,2,3.887232350095666,4.1127352235161325
2003-11-08 05:30:00,19,3.0,3.000006311780247,0.043769967667016,5.0,5,48,8,2,2.8872548750700138,3.11275774849048
2003-11-08 06:30:00,19,3.0,2.999999985411101,0.043769967667016,4.0,5,48,8,2,2.887248548700868,3.112751422121334
2003-11-08 07:30:00,19,4.0,3.999960732066725,0.043769967667016,3.0,5,48,8,2,3.887209295356492,4.112712168776959
2003-11-08 08:30:00,19,5.0,4.999992433899763,0.043769967667016,3.0,5,48,8,2,4.887240997189529,5.112743870609997
2003-11-08 09:30:00,19,5.0,4.999956652580202,0.043769967667016,4.0,5,48,8,2,4.887205215869969,5.112708089290436
2003-11-08 10:30:00,19,6.0,6.000002235554604,0.043769967667016,5.0,5,48,8,2,5.88725079884437,6.112753672264837
2003-11-08 11:30:00,19,5.0,4.999970950834253,0.043769967667016,5.0,5,48,8,2,4.88721951412402,5.112722387544487
2003-11-08 12:30:00,19,11.0,10.999907706362931,0.043769967667016,6.0,5,48,8,2,10.887156269652698,11.112659143073165
2003-11-08 13:30:00,19,15.0,14.99990516571173,0.043769967667016,5.0,5,48,8,2,14.887153729001497,15.112656602421964
2003-11-08 14:30:00,19,21.0,20.999875878844712,0.043769967667016,11.0,5,48,8,2,20.88712444213448,21.112627315554946
2003-11-08 15:30:00,19,12.0,11.999975287240224,0.043769967667016,15.0,5,48,8,2,11.88722385052999,12.112726723950457
2003-11-08 16:30:00,19,7.0,6.999944035184974,0.043769967667016,21.0,5,48,8,2,6.887192598474741,7.112695471895208
2003-11-08 17:30:00,19,4.0,4.00006297894425,0.043769967667016,12.0,5,48,8,2,3.8873115422340168,4.1128144156544835
2003-11-08 18:30:00,19,5.0,5.000054595475454,0.043769967667016,7.0,5,48,8,2,4.887303158765221,5.112806032185688
2003-11-08 19:30:00,19,-5.0,-4.999956010494515,0.043769967667016,4.0,5,48,8,2,-5.112707447204748,-4.887204573784281
2003-11-08 20:30:00,19,-5.0,-4.999974546001013,0.043769967667016,5.0,5,48,8,2,-5.112725982711247,-4.88722310929078
2003-11-08 21:30:00,19,2.0,1.999994664375066,0.043769967667016,-5.0,5,48,8,2,1.8872432276648328,2.1127461010852993
2003-11-08 22:30:00,19,1.0,0.9999852715661106,0.043769967667016,-5.0,5,48,8,2,0.8872338348558774,1.1127367082763437
2003-11-08 23:30:00,19,2.0,1.999948694315755,0.043769967667016,2.0,5,48,8,2,1.8871972576055218,2.112700131025988
2003-11-09 00:30:00,19,2.0,1.999988573905085,0.043769967667016,1.0,5,48,8,2,1.887237137194852,2.1127400106153185
2004-10-31 07:30:00,23,-6.0,-4.146529896203532,9.852826955076022,2.0,5,48,8,2,-29.527412132479366,21.234352340072302
2004-10-31 08:30:00,23,-4.0,-4.937350083187184,9.852826955076022,2.0,5,48,8,2,-30.318232319463018,20.44353215308865
2004-10-31 09:30:00,23,-4.0,-6.737136153804013,9.852826955076022,-6.0,5,48,8,2,-32.11801839007985,18.64374608247182
2004-10-31 10:30:00,23,-13.0,-0.8778614206936801,9.852826955076022,-4.0,5,48,8,2,-26.258743656969514,24.503020815582154
2004-10-31 11:30:00,23,-16.0,-11.796831893651175,9.852826955076022,-4.0,5,48,8,2,-37.17771412992701,13.584050342624659
2004-10-31 12:30:00,23,-18.0,-10.264741586023147,9.852826955076022,-13.0,5,48,8,2,-35.64562382229898,15.116140650252687
2004-10-31 13:30:00,23,-20.0,-19.020760972634243,9.852826955076022,-16.0,5,48,8,2,-44.40164320891007,6.360121263641592
2004-10-31 14:30:00,23,-18.0,-21.924488588238205,9.852826955076022,-18.0,5,48,8,2,-47.30537082451404,3.456393648037629
2004-10-31 15:30:00,23,-16.0,-15.904036198230957,9.852826955076022,-20.0,5,48,8,2,-41.28491843450679,9.476846038044878
2004-10-31 16:30:00,23,-14.0,-15.987766654495305,9.852826955076022,-18.0,5,48,8,2,-41.36864889077114,9.39311558178053
2004-10-31 17:30:00,23,-14.0,-14.378455872827772,9.852826955076022,-16.0,5,48,8,2,-39.75933810910361,11.002426363448063
2004-10-31 18:30:00,23,-12.0,-14.514940942588895,9.852826955076022,-14.0,5,48,8,2,-39.89582317886473,10.865941293686939
2004-10-31 19:30:00,23,-14.0,-10.135704864529943,9.852826955076022,-14.0,5,48,8,2,-35.51658710080578,15.245177371745891
2004-10-31 20:30:00,23,-13.0,-13.24250574001757,9.852826955076022,-12.0,5,48,8,2,-38.6233879762934,12.138376496258264
2004-10-31 21:30:00,23,-16.0,-14.077323903850946,9.852826955076022,-14.0,5,48,8,2,-39.45820614012678,11.303558332424888
2004-10-31 22:30:00,23,-16.0,-17.1771895491497,9.852826955076022,-13.0,5,48,8,2,-42.55807178542553,8.203692687126136
2004-10-31 23:30:00,23,-19.0,-16.894469081309357,9.852826955076022,-16.0,5,48,8,2,-42.27535131758519,8.486413154966478
2004-11-01 00:30:00,23,-19.0,-15.682406071835349,9.852826955076022,-16.0,5,48,8,2,-41.06328830811118,9.698476164440486
2004-11-01 01:30:00,23,-16.0,-16.322421614758937,9.852826955076022,-19.0,5,48,8,2,-41.703303851034775,9.058460621516897
2004-11-01 02:30:00,23,-14.0,-13.7589151515192,9.852826955076022,-19.0,5,48,8,2,-39.139797387795035,11.621967084756633
2004-11-01 03:30:00,23,-12.0,-11.911605451289647,9.852826955076022,-16.0,5,48,8,2,-37.29248768756548,13.469276784986187
2004-11-01 04:30:00,23,-8.0,-14.50752079954308,9.852826955076022,-14.0,5,48,8,2,-39.88840303581891,10.873361436732754
2004-11-01 05:30:00,23,-7.0,-12.624952402051091,9.852826955076022,-12.0,5,48,8,2,-38.005834638326924,12.755929834224743
2004-11-01 06:30:00,23,-7.0,-5.683751384622013,9.852826955076022,-8.0,5,48,8,2,-31.064633620897848,19.69713085165382
2004-11-01 07:30:00,23,-5.0,-8.0543786061362,9.852826955076022,-7.0,5,48,8,2,-33.435260842412035,17.326503630139634
2004-11-01 08:30:00,23,-6.0,-3.9370388634749816,9.852826955076022,-7.0,5,48,8,2,-29.317921099750816,21.443843372800853
2004-11-01 09:30:00,23,-8.0,-4.678094190504876,9.852826955076022,-5.0,5,48,8,2,-30.05897642678071,20.70278804577096
2004-11-01 10:30:00,23,-8.0,-5.064063128305513,9.852826955076022,-6.0,5,48,8,2,-30.444945364581347,20.31681910797032
2004-11-01 11:30:00,23,-10.0,-6.476368027290437,9.852826955076022,-8.0,5,48,8,2,-31.85725026356627,18.904514208985397
2004-11-01 12:30:00,23,-9.0,-11.224105332137787,9.852826955076022,-8.0,5,48,8,2,-36.60498756841362,14.156776904138047
2004-11-01 13:30:00,23,-9.0,-6.924314686215851,9.852826955076022,-10.0,5,48,8,2,-32.30519692249169,18.456567550059983
2004-11-01 14:30:00,23,-7.0,-7.688923543335029,9.852826955076022,-9.0,5,48,8,2,-33.06980577961086,17.691958692940805
2004-11-01 15:30:00,23,-7.0,-8.787755603856407,9.852826955076022,-9.0,5,48,8,2,-34.16863784013224,16.593126632419427
2004-11-01 16:30:00,23,-1.0,-6.833135881683585,9.852826955076022,-7.0,5,48,8,2,-32.21401811795942,18.54774635459225
2004-11-01 17:30:00,23,-1.0,-6.024455280210713,9.852826955076022,-7.0,5,48,8,2,-31.405337516486547,19.35642695606512
2004-11-01 18:30:00,23,-4.0,-1.8699497333463384,9.852826955076022,-1.0,5,48,8,2,-27.250831969622173,23.510932502929496
2004-11-01 19:30:00,23,-2.0,-1.6268098706477474,9.852826955076022,-1.0,5,48,8,2,-27.00769210692358,23.754072365628087
2004-11-01 20:30:00,23,-1.0,-3.0104365676503413,9.852826955076022,-4.0,5,48,8,2,-28.391318803926175,22.370445668625493
2004-11-01 21:30:00,23,-2.0,-1.1506970430028147,9.852826955076022,-2.0,5,48,8,2,-26.53157927927865,24.23018519327302
2004-11-01 22:30:00,23,-3.0,-1.101439877046932,9.852826955076022,-1.0,5,48,8,2,-26.482322113322766,24.279442359228902
2004-11-01 23:30:00,23,-3.0,-1.1688308311832003,9.852826955076022,-2.0,5,48,8,2,-26.549713067459034,24.212051405092634
2004-11-02 00:30:00,23,-3.0,-0.6027129701720213,9.852826955076022,-3.0,5,48,8,2,-25.983595206447855,24.778169266103813
2004-11-02 01:30:00,23,-5.0,-5.328263613385893,9.852826955076022,-3.0,5,48,8,2,-30.709145849661727,20.05261862288994
2004-11-02 02:30:00,23,-4.0,-3.4266805569308865,9.852826955076022,-3.0,5,48,8,2,-28.80756279320672,21.954201679344948
2004-11-02 03:30:00,23,-5.0,-1.850898190631337,9.852826955076022,-5.0,5,48,8,2,-27.23178042690717,23.529984045644497
2004-11-02 04:30:00,23,-7.0,-1.67929978898324,9.852826955076022,-4.0,5,48,8,2,-27.060182025259074,23.701582447292594
2004-11-02 05:30:00,23,-7.0,-3.215928967737536,9.852826955076022,-5.0,5,48,8,2,-28.59681120401337,22.164953268538298
2004-11-02 06:30:00,23,-6.0,-3.8638094283631936,9.852826955076022,-7.0,5,48,8,2,-29.244691664639028,21.51707280791264
2004-11-02 07:30:00,23,-4.0,-2.629958969630099,9.852826955076022,-7.0,5,48,8,2,-28.010841205905933,22.750923266645735
2004-11-02 08:30:00,23,-2.0,-2.5118723832106475,9.852826955076022,-6.0,5,48,8,2,-27.89275461948648,22.869009853065187
2004-11-02 09:30:00,23,-3.0,-1.2864509466217022,9.852826955076022,-4.0,5,48,8,2,-26.667333182897536,24.094431289654132
2004-11-02 10:30:00,23,-4.0,-3.0210981416056413,9.852826955076022,-2.0,5,48,8,2,-28.401980377881475,22.359784094670193
2004-11-02 11:30:00,23,-2.0,-2.000008594827378,0.043769967667016,-3.0,5,48,8,2,-2.112760031537611,-1.8872571581171447
2004-11-02 12:30:00,23,-2.0,-2.0000040667563965,0.043769967667016,-4.0,5,48,8,2,-2.1127555034666297,-1.8872526300461634
2004-11-02 13:30:00,23,1.0,0.9999696016251036,0.043769967667016,-2.0,5,48,8,2,0.8872181649148704,1.1127210383353368
2004-11-02 14:30:00,23,-1.0,-1.000017700449419,0.043769967667016,-2.0,5,48,8,2,-1.1127691371596522,-0.8872662637391858
2004-11-02 15:30:00,23,-4.0,-3.999970289918604,0.043769967667016,1.0,5,48,8,2,-4.112721726628838,-3.887218853208371
2004-11-02 16:30:00,23,-6.0,-6.000005493867246,0.043769967667016,-1.0,5,48,8,2,-6.112756930577479,-5.887254057157012
2004-11-02 17:30:00,23,-5.0,-5.000030982784665,0.043769967667016,-4.0,5,48,8,2,-5.1127824194948985,-4.887279546074431
2004-11-02 18:30:00,23,0.0,-5.83198103356608e-05,0.043769967667016,-6.0,5,48,8,2,-0.11280975652056888,0.11269311689989756
2004-11-02 19:30:00,23,3.0,2.9999171668433675,0.043769967667016,-5.0,5,48,8,2,2.8871657301331344,3.1126686035536006
2004-11-02 20:30:00,23,2.0,1.9999845105445857,0.043769967667016,0.0,5,48,8,2,1.8872330738343526,2.112735947254819
2004-11-02 21:30:00,23,1.0,1.00000949772825,0.043769967667016,3.0,5,48,8,2,0.8872580610180169,1.1127609344384832
2004-11-02 22:30:00,23,-1.0,-0.9999685546667684,0.043769967667016,2.0,5,48,8,2,-1.1127199913770016,-0.8872171179565351
2004-11-02 23:30:00,23,0.0,1.4438902482538651e-05,0.043769967667016,1.0,5,48,8,2,-0.11273699780775068,0.11276587561271575
2004-11-03 00:30:00,23,2.0,1.999984418803713,0.043769967667016,-1.0,5,48,8,2,1.88723298209348,2.112735855513946
2004-11-03 01:30:00,23,3.0,2.9999910700153336,0.043769967667016,0.0,5,48,8,2,2.8872396333051005,3.1127425067255667
2004-11-03 02:30:00,23,3.0,3.0000104252605624,0.043769967667016,2.0,5,48,8,2,2.8872589885503293,3.1127618619707955
2004-11-03 03:30:00,23,3.0,3.0000171102385025,0.043769967667016,3.0,5,48,8,2,2.8872656735282693,3.1127685469487356
2004-11-03 04:30:00,23,4.0,3.99998862893203,0.043769967667016,3.0,5,48,8,2,3.887237192221797,4.112740065642264
2004-11-03 05:30:00,23,6.0,6.000009761186597,0.043769967667016,3.0,5,48,8,2,5.887258324476363,6.11276119789683
2004-11-03 06:30:00,23,8.0,7.999984898081685,0.043769967667016,4.0,5,48,8,2,7.887233461371451,8.112736334791919
2004-11-03 07:30:00,23,8.0,7.9999993002045855,0.043769967667016,6.0,5,48,8,2,7.887247863494352,8.112750736914819
2004-11-03 08:30:00,23,8.0,8.000004993767071,0.043769967667016,8.0,5,48,8,2,7.887253557056837,8.112756430477305
2004-11-03 09:30:00,23,7.0,7.000010800866392,0.043769967667016,8.0,5,48,8,2,6.887259364156159,7.112762237576626
2004-11-03 10:30:00,23,4.0,4.0000571713110205,0.043769967667016,8.0,5,48,8,2,3.8873057346007873,4.112808608021254
2004-11-03 11:30:00,23,3.0,3.000031629120336,0.043769967667016,7.0,5,48,8,2,2.887280192410103,3.1127830658305693
2004-11-03 12:30:00,23,1.0,1.00000749292861,0.043769967667016,4.0,5,48,8,2,0.8872560562183768,1.1127589296388432
2004-11-03 13:30:00,23,7.0,6.99997895698943,0.043769967667016,3.0,5,48,8,2,6.887227520279197,7.112730393699664
2004-11-03 14:30:00,23,12.0,11.999967797776243,0.043769967667016,1.0,5,48,8,2,11.88721636106601,12.112719234486477
2004-11-03 15:30:00,23,14.0,13.999933663088676,0.043769967667016,7.0,5,48,8,2,13.887182226378442,14.11268509979891
2004-11-03 16:30:00,23,14.0,13.999960356152869,0.043769967667016,12.0,5,48,8,2,13.887208919442635,14.112711792863102
2004-11-03 17:30:00,23,7.0,7.000048964286705,0.043769967667016,14.0,5,48,8,2,6.887297527576472,7.112800400996939
2004-11-03 18:30:00,23,3.0,2.9999945396770755,0.043769967667016,14.0,5,48,8,2,2.8872431029668424,3.1127459763873087
2004-11-03 19:30:00,23,3.0,2.999974482679619,0.043769967667016,7.0,5,48,8,2,2.8872230459693857,3.112725919389852
2004-11-03 20:30:00,23,-7.0,-6.999860359997125,0.043769967667016,3.0,5,48,8,2,-7.112611796707359,-6.887108923286892
2004-11-03 21:30:00,23,-19.0,-18.999888815670896,0.043769967667016,3.0,5,48,8,2,-19.11264025238113,-18.887137378960663
2004-11-03 22:30:00,23,-17.0,-17.00002348067367,0.043769967667016,-7.0,5,48,8,2,-17.112774917383902,-16.887272043963435
2004-11-03 23:30:00,23,-12.0,-12.00008311035512,0.043769967667016,-19.0,5,48,8,2,-12.112834547065354,-11.887331673644887
2004-11-04 00:30:00,23,-3.0,-3.000034579256237,0.043769967667016,-17.0,5,48,8,2,-3.11278601596647,-2.887283142546004
2004-11-04 01:30:00,23,-3.0,-3.000056718946162,0.043769967667016,-12.0,5,48,8,2,-3.112808155656395,-2.887305282235929
2004-11-04 02:30:00,23,-7.0,-6.999971311022435,0.043769967667016,-3.0,5,48,8,2,-7.112722747732668,-6.887219874312201
2004-11-04 03:30:00,23,-9.0,-8.999959306364481,0.043769967667016,-3.0,5,48,8,2,-9.112710743074715,-8.887207869654247
2004-11-04 04:30:00,23,-8.0,-7.999987334871307,0.043769967667016,-7.0,5,48,8,2,-8.11273877158154,-7.887235898161073
2004-11-04 05:30:00,23,-9.0,-8.999999829763528,0.043769967667016,-9.0,5,48,8,2,-9.112751266473762,-8.887248393053294
2004-11-04 06:30:00,23,-11.0,-10.9999309212223,0.043769967667016,-8.0,5,48,8,2,-11.112682357932533,-10.887179484512066
2004-11-04 07:30:00,23,-13.0,-12.999941800794035,0.043769967667016,-9.0,5,48,8,2,-13.112693237504269,-12.887190364083802
2004-11-04 08:30:00,23,-10.0,-9.99995839078512,0.043769967667016,-11.0,5,48,8,2,-10.112709827495353,-9.887206954074886
2004-11-04 09:30:00,23,-5.0,-5.000035615412756,0.043769967667016,-13.0,5,48,8,2,-5.1127870521229895,-4.887284178702522
2004-11-04 10:30:00,23,-2.0,-2.000058755315983,0.043769967667016,-10.0,5,48,8,2,-2.1128101920262163,-1.88730731860575
2004-11-04 11:30:00,23,0.0,-4.241297629192786e-05,0.043769967667016,-5.0,5,48,8,2,-0.11279384968652514,0.11270902373394129
2004-11-04 12:30:00,23,1.0,0.9999669774853928,0.043769967667016,-2.0,5,48,8,2,0.8872155407751595,1.112718414195626
2004-11-04 13:30:00,23,-1.0,-0.9999847127228172,0.043769967667016,0.0,5,48,8,2,-1.1127361494330503,-0.887233276012584
2004-11-04 14:30:00,23,-2.0,-1.9999809381548168,0.043769967667016,1.0,5,48,8,2,-2.11273237486505,-1.8872295014445837
2004-11-04 15:30:00,23,0.0,-5.81421068943655e-05,0.043769967667016,-1.0,5,48,8,2,-0.11280957881712758,0.11269329460333885
2004-11-04 16:30:00,23,-1.0,-0.9999910633535868,0.043769967667016,-2.0,5,48,8,2,-1.11274250006382,-0.8872396266433535
2004-11-04 17:30:00,23,-9.0,-8.999885112759959,0.043769967667016,0.0,5,48,8,2,-9.112636549470192,-8.887133676049725
2004-11-04 18:30:00,23,-13.0,-12.99991030802878,0.043769967667016,-1.0,5,48,8,2,-13.112661744739013,-12.887158871318546
2004-11-04 19:30:00,23,-12.0,-11.999951803390813,0.043769967667016,-9.0,5,48,8,2,-12.112703240101046,-11.88720036668058
2004-11-04 20:30:00,23,-7.0,-7.000028754510403,0.043769967667016,-13.0,5,48,8,2,-7.1127801912206365,-6.887277317800169
2004-11-04 21:30:00,23,-4.0,-4.00002960579333,0.043769967667016,-12.0,5,48,8,2,-4.112781042503563,-3.8872781690830966
2004-11-04 22:30:00,23,-1.0,-1.000027350085258,0.043769967667016,-7.0,5,48,8,2,-1.112778786795491,-0.8872759133750246
2004-11-04 23:30:00,23,-5.0,-4.999996599077278,0.043769967667016,-4.0,5,48,8,2,-5.1127480357875115,-4.887245162367044
2004-11-05 00:30:00,23,-8.0,-7.999963138352815,0.043769967667016,-1.0,5,48,8,2,-8.112714575063048,-7.887211701642581
2004-11-05 01:30:00,23,-6.0,-5.99999992541316,0.043769967667016,-5.0,5,48,8,2,-6.112751362123394,-5.887248488702927
2004-11-05 02:30:00,23,-5.0,-4.99996498528942,0.043769967667016,-8.0,5,48,8,2,-5.112716421999654,-4.8872135485791866
2004-11-05 03:30:00,23,-6.0,-5.999967157626777,0.043769967667016,-6.0,5,48,8,2,-6.112718594337011,-5.887215720916544
2004-11-05 04:30:00,23,-5.0,-4.99999214791778,0.043769967667016,-5.0,5,48,8,2,-5.112743584628014,-4.887240711207546
2004-11-05 05:30:00,23,-4.0,-3.999968691519296,0.043769967667016,-6.0,5,48,8,2,-4.11272012822953,-3.887217254809063
2004-11-05 06:30:00,23,-4.0,-3.999984350239572,0.043769967667016,-5.0,5,48,8,2,-4.112735786949806,-3.887232913529339
2004-11-05 07:30:00,23,-3.0,-3.000007702328592,0.043769967667016,-4.0,5,48,8,2,-3.112759139038825,-2.8872562656183587
2004-11-05 08:30:00,23,-2.0,-1.999970722349872,0.043769967667016,-4.0,5,48,8,2,-2.1127221590601053,-1.8872192856396388
2004-11-05 09:30:00,23,0.0,-2.8674803900230472e-06,0.043769967667016,-3.0,5,48,8,2,-0.11275430419062324,0.11274856922984319
2004-11-05 10:30:00,23,1.0,0.9999956874638868,0.043769967667016,-2.0,5,48,8,2,0.8872442507536535,1.11274712417412
2004-11-05 11:30:00,23,0.0,1.5163074792212685e-05,0.043769967667016,0.0,5,48,8,2,-0.112736273635441,0.11276659978502543
2004-11-05 12:30:00,23,-3.0,-2.999938551346567,0.043769967667016,1.0,5,48,8,2,-3.1126899880568,-2.8871871146363337
2004-11-05 13:30:00,23,-3.0,-2.9999466554144973,0.043769967667016,0.0,5,48,8,2,-3.1126980921247305,-2.887195218704264
2004-11-05 14:30:00,23,-3.0,-2.999978501639962,0.043769967667016,-3.0,5,48,8,2,-3.112729938350195,-2.887227064929729
2004-11-05 15:30:00,23,-2.0,-1.999976249982208,0.043769967667016,-3.0,5,48,8,2,-2.112727686692441,-1.8872248132719749
2004-11-05 16:30:00,23,0.0,-1.0544910011844875e-05,0.043769967667016,-3.0,5,48,8,2,-0.11276198162024506,0.11274089180022137
2004-11-05 17:30:00,23,-1.0,-0.999993133711385,0.043769967667016,-2.0,5,48,8,2,-1.1127445704216181,-0.8872416970011517
2004-11-05 18:30:00,23,-1.0,-0.9999912768399248,0.043769967667016,0.0,5,48,8,2,-1.112742713550158,-0.8872398401296916
2004-11-05 19:30:00,23,1.0,0.9999918775949794,0.043769967667016,-1.0,5,48,8,2,0.8872404408847462,1.1127433143052126
2004-11-05 20:30:00,23,2.0,1.9999775536614308,0.043769967667016,-1.0,5,48,8,2,1.8872261169511977,2.112728990371664
2004-11-05 21:30:00,23,4.0,3.9999892515931847,0.043769967667016,1.0,5,48,8,2,3.8872378148829516,4.112740688303418
2004-11-05 22:30:00,23,4.0,3.999985644201047,0.043769967667016,2.0,5,48,8,2,3.8872342074908137,4.11273708091128
2004-11-05 23:30:00,23,5.0,4.999976859325464,0.043769967667016,4.0,5,48,8,2,4.887225422615231,5.112728296035698
2004-11-06 00:30:00,23,6.0,5.999983114711043,0.043769967667016,4.0,5,48,8,2,5.887231678000809,6.112734551421276
2004-11-06 01:30:00,23,6.0,5.999988613428322,0.043769967667016,5.0,5,48,8,2,5.887237176718088,6.112740050138555
2004-11-06 02:30:00,23,6.0,6.000003179775057,0.043769967667016,6.0,5,48,8,2,5.887251743064823,6.11275461648529
2004-11-06 03:30:00,23,5.0,5.000005215748018,0.043769967667016,6.0,5,48,8,2,4.887253779037785,5.112756652458252
2004-11-06 04:30:00,23,4.0,4.000011830387102,0.043769967667016,6.0,5,48,8,2,3.887260393676869,4.1127632670973355
2004-11-06 05:30:00,23,6.0,5.999999330334624,0.043769967667016,5.0,5,48,8,2,5.887247893624391,6.112750767044858
2004-11-06 06:30:00,23,7.0,6.999981384160293,0.043769967667016,4.0,5,48,8,2,6.887229947450059,7.1127328208705265
2004-11-06 07:30:00,23,7.0,6.99998846487329,0.043769967667016,6.0,5,48,8,2,6.887237028163057,7.112739901583524
2004-11-06 08:30:00,23,6.0,6.000011541492924,0.043769967667016,7.0,5,48,8,2,5.8872601047826905,6.112762978203158
2004-11-06 09:30:00,23,6.0,6.000008625189253,0.043769967667016,7.0,5,48,8,2,5.887257188479019,6.112760061899486
2004-11-06 10:30:00,23,6.0,6.0000010079986765,0.043769967667016,6.0,5,48,8,2,5.887249571288443,6.11275244470891
2004-11-06 11:30:00,23,6.0,5.999999738869263,0.043769967667016,6.0,5,48,8,2,5.88724830215903,6.112751175579497
2004-11-06 12:30:00,23,7.0,6.999993902328036,0.043769967667016,6.0,5,48,8,2,6.887242465617803,7.11274533903827
2004-11-06 13:30:00,23,7.0,6.999991583318277,0.043769967667016,6.0,5,48,8,2,6.887240146608043,7.11274302002851
2004-11-06 14:30:00,23,5.0,5.00002101571949,0.043769967667016,7.0,5,48,8,2,4.887269579009256,5.112772452429724
2004-11-06 15:30:00,23,5.0,5.000019772758208,0.043769967667016,7.0,5,48,8,2,4.887268336047974,5.112771209468441
2004-11-06 16:30:00,23,4.0,4.000029704152887,0.043769967667016,5.0,5,48,8,2,3.8872782674426536,4.11278114086312
2004-11-06 17:30:00,23,5.0,5.000022556670373,0.043769967667016,5.0,5,48,8,2,4.88727111996014,5.112773993380607
2004-11-06 18:30:00,23,6.0,5.999996535269375,0.043769967667016,4.0,5,48,8,2,5.887245098559141,6.1127479719796085
2004-11-06 19:30:00,23,1.0,1.0000534899007434,0.043769967667016,5.0,5,48,8,2,0.8873020531905101,1.1128049266109765
2004-11-06 20:30:00,23,2.0,2.000014488028363,0.043769967667016,6.0,5,48,8,2,1.8872630513181297,2.112765924738596
2004-11-06 21:30:00,23,5.0,4.9999939608309845,0.043769967667016,1.0,5,48,8,2,4.887242524120751,5.112745397541218
2004-11-06 22:30:00,23,7.0,6.9999708850229965,0.043769967667016,2.0,5,48,8,2,6.887219448312763,7.11272232173323
2004-11-06 23:30:00,23,10.0,9.99997548735424,0.043769967667016,5.0,5,48,8,2,9.887224050644006,10.112726924064473
2004-11-07 00:30:00,23,12.0,11.999970153402074,0.043769967667016,7.0,5,48,8,2,11.88721871669184,12.112721590112308
2004-11-07 01:30:00,23,9.0,8.999973465749171,0.043769967667016,10.0,5,48,8,2,8.887222029038938,9.112724902459405
2004-11-07 02:30:00,23,8.0,8.000017260743952,0.043769967667016,12.0,5,48,8,2,7.887265824033719,8.112768697454186
2004-11-07 03:30:00,23,19.0,18.99990522239129,0.043769967667016,9.0,5,48,8,2,18.887153785681058,19.112656659101525
2004-11-07 04:30:00,23,14.0,13.99996541661016,0.043769967667016,8.0,5,48,8,2,13.887213979899926,14.112716853320393
2004-11-07 05:30:00,23,16.0,15.999943270356267,0.043769967667016,19.0,5,48,8,2,15.887191833646034,16.1126947070665
2004-11-07 06:30:00,23,17.0,16.999971589605614,0.043769967667016,14.0,5,48,8,2,16.88722015289538,17.112723026315848
2004-11-07 07:30:00,23,16.0,15.99998401865843,0.043769967667016,16.0,5,48,8,2,15.887232581948197,16.112735455368664
2004-11-07 08:30:00,23,17.0,16.99998320139708,0.043769967667016,17.0,5,48,8,2,16.887231764686845,17.112734638107312
2004-11-07 09:30:00,23,16.0,15.99996523269484,0.043769967667016,16.0,5,48,8,2,15.887213795984607,16.112716669405074
2004-11-07 10:30:00,23,25.0,24.99991366310703,0.043769967667016,17.0,5,48,8,2,24.887162226396796,25.112665099817264
2004-11-07 11:30:00,23,50.0,49.999658309423104,0.043769967667016,16.0,5,48,8,2,49.88690687271287,50.11240974613334
2004-11-07 12:30:00,23,55.0,54.99964137430175,0.043769967667016,25.0,5,48,8,2,54.88688993759152,55.112392811011986
2004-11-07 13:30:00,23,44.0,43.999884387704974,0.043769967667016,50.0,5,48,8,2,43.88713295099474,44.11263582441521
2004-11-07 14:30:00,23,43.0,42.99986246776309,0.043769967667016,55.0,5,48,8,2,42.887111031052854,43.11261390447332
2004-11-07 15:30:00,23,30.0,30.000031362389265,0.043769967667016,44.0,5,48,8,2,29.88727992567903,30.1127827990995
2004-11-07 16:30:00,23,8.0,8.00022900207398,0.043769967667016,43.0,5,48,8,2,7.887477565363746,8.112980438784213
2004-11-07 17:30:00,23,-15.0,-15.000160420158537,0.043769967667016,30.0,5,48,8,2,-15.11291185686877,-14.887408983448303
2004-11-07 18:30:00,23,18.0,17.999900437595116,0.043769967667016,8.0,5,48,8,2,17.887149000884882,18.11265187430535
2004-11-07 19:30:00,23,61.0,60.99940854782816,0.043769967667016,-15.0,5,48,8,2,60.88665711111793,61.112159984538394
2004-11-07 20:30:00,23,22.0,21.99993149123229,0.043769967667016,18.0,5,48,8,2,21.887180054522055,22.112682927942522
2004-11-07 21:30:00,23,-74.0,-73.99902034467549,0.043769967667016,61.0,5,48,8,2,-74.11177178138571,-73.88626890796526
2004-11-07 22:30:00,23,-77.0,-76.9999132904133,0.043769967667016,22.0,5,48,8,2,-77.11266472712353,-76.88716185370308
2004-11-07 23:30:00,23,-117.0,-117.00011313056189,0.043769967667016,-74.0,5,48,8,2,-117.11286456727211,-116.88736169385166
2004-11-08 00:30:00,23,-179.0,-178.9990030613304,0.043769967667016,-77.0,5,48,8,2,-179.11175449804063,-178.88625162462017
2004-11-08 01:30:00,23,-186.0,-186.000606990486,0.043769967667016,-117.0,5,48,8,2,-186.11335842719623,-185.88785555377578
2004-11-08 02:30:00,23,-224.0,-224.0000038158132,0.043769967667016,-179.0,5,48,8,2,-224.1127552525234,-223.88725237910296
2004-11-08 03:30:00,23,-272.0,-271.9997954818083,0.043769967667016,-186.0,5,48,8,2,-272.11254691851855,-271.88704404509804
2004-11-08 04:30:00,23,-342.0,-341.9996082746016,0.043769967667016,-224.0,5,48,8,2,-342.11235971131185,-341.88685683789134
2004-11-08 05:30:00,23,-368.0,-367.9996302654338,0.043769967667016,-272.0,5,48,8,2,-368.11238170214403,-367.8868788287235
2004-11-08 06:30:00,23,-374.0,-374.0000069463415,0.043769967667016,-342.0,5,48,8,2,-374.11275838305176,-373.88725550963125
2004-11-08 07:30:00,23,-343.0,-343.00005009506174,0.043769967667016,-368.0,5,48,8,2,-343.112801531772,-342.8872986583515
2004-11-08 08:30:00,23,-320.0,-320.0003228759253,0.043769967667016,-374.0,5,48,8,2,-320.11307431263555,-319.88757143921504
2004-11-08 09:30:00,23,-299.0,-299.0000744055722,0.043769967667016,-343.0,5,48,8,2,-299.11282584228246,-298.88732296886195
2004-11-08 10:30:00,23,-234.0,-234.00039332428315,0.043769967667016,-320.0,5,48,8,2,-234.11314476099338,-233.88764188757293
2004-11-08 11:30:00,23,-215.0,-215.00027391654967,0.043769967667016,-299.0,5,48,8,2,-215.1130253532599,-214.88752247983945
2004-11-08 12:30:00,23,-181.0,-181.0000794955729,0.043769967667016,-234.0,5,48,8,2,-181.11283093228312,-180.88732805886266
2004-11-08 13:30:00,23,-168.0,-168.0000061636305,0.043769967667016,-215.0,5,48,8,2,-168.11275760034073,-167.88725472692028
2004-11-08 14:30:00,23,-160.0,-159.99987018992212,0.043769967667016,-181.0,5,48,8,2,-160.11262162663235,-159.8871187532119
2004-11-08 15:30:00,23,-149.0,-148.9999006207323,0.043769967667016,-168.0,5,48,8,2,-149.11265205744252,-148.88714918402206
2004-11-08 16:30:00,23,-145.0,-144.99989333056035,0.043769967667016,-160.0,5,48,8,2,-145.11264476727058,-144.88714189385013
2004-11-08 17:30:00,23,-135.0,-134.99995968096695,0.043769967667016,-149.0,5,48,8,2,-135.11271111767718,-134.88720824425673
2004-11-08 18:30:00,23,-128.0,-128.00000786753847,0.043769967667016,-145.0,5,48,8,2,-128.1127593042487,-127.88725643082824
2004-11-08 19:30:00,23,-125.0,-125.0000074938892,0.043769967667016,-135.0,5,48,8,2,-125.11275893059943,-124.88725605717897
2004-11-08 20:30:00,23,-125.0,-125.00001560160116,0.043769967667016,-128.0,5,48,8,2,-125.11276703831139,-124.88726416489094
2004-11-08 21:30:00,23,-118.0,-118.00006229573052,0.043769967667016,-125.0,5,48,8,2,-118.11281373244074,-117.88731085902029
2004-11-08 22:30:00,23,-122.0,-122.00000714930992,0.043769967667016,-125.0,5,48,8,2,-122.11275858602015,-121.8872557125997
2004-11-08 23:30:00,23,-126.0,-125.99991982084028,0.043769967667016,-118.0,5,48,8,2,-126.1126712575505,-125.88716838413005
2004-11-09 00:30:00,23,-127.0,-126.99992961296688,0.043769967667016,-122.0,5,48,8,2,-127.11268104967711,-126.88717817625665
2004-11-09 01:30:00,23,-129.0,-128.99992789855122,0.043769967667016,-126.0,5,48,8,2,-129.11267933526145,-128.887176461841
2004-11-09 02:30:00,23,-129.0,-128.9999340357445,0.043769967667016,-127.0,5,48,8,2,-129.11268547245473,-128.88718259903428
2004-11-09 03:30:00,23,-122.0,-122.00000290994606,0.043769967667016,-129.0,5,48,8,2,-122.11275434665629,-121.88725147323584
2004-11-09 04:30:00,23,-125.0,-124.99995583743356,0.043769967667016,-129.0,5,48,8,2,-125.11270727414379,-124.88720440072333
2004-11-09 05:30:00,23,-118.0,-117.9999574242134,0.043769967667016,-122.0,5,48,8,2,-118.11270886092363,-117.88720598750318
2004-11-09 06:30:00,23,-116.0,-116.00000817585854,0.043769967667016,-125.0,5,48,8,2,-116.11275961256877,-115.88725673914831
2004-11-09 07:30:00,23,-103.0,-103.0000728534594,0.043769967667016,-118.0,5,48,8,2,-103.11282429016963,-102.88732141674917
2004-11-09 08:30:00,23,-104.0,-104.00003435654142,0.043769967667016,-116.0,5,48,8,2,-104.11278579325165,-103.8872829198312
2004-11-09 09:30:00,23,-93.0,-93.00004856851407,0.043769967667016,-103.0,5,48,8,2,-93.1128000052243,-92.88729713180385
2004-11-09 10:30:00,23,-78.0,-78.00019023636136,0.043769967667016,-104.0,5,48,8,2,-78.11294167307159,-77.88743879965114
2004-11-09 11:30:00,23,-70.0,-70.00018309083003,0.043769967667016,-93.0,5,48,8,2,-70.11293452754026,-69.88743165411981
2004-11-09 12:30:00,23,-92.0,-91.99990572028815,0.043769967667016,-78.0,5,48,8,2,-92.11265715699838,-91.88715428357793
2004-11-09 13:30:00,23,-106.0,-105.99975355011556,0.043769967667016,-70.0,5,48,8,2,-106.11250498682578,-105.88700211340533
2004-11-09 14:30:00,23,-118.0,-117.99981587716243,0.043769967667016,-92.0,5,48,8,2,-118.11256731387266,-117.8870644404522
2004-11-09 15:30:00,23,-138.0,-137.99972552876923,0.043769967667016,-106.0,5,48,8,2,-138.11247696547946,-137.886974092059
2004-11-09 16:30:00,23,-139.0,-138.99978679750723,0.043769967667016,-118.0,5,48,8,2,-139.11253823421745,-138.887035360797
2004-11-09 17:30:00,23,-129.0,-129.00000170800604,0.043769967667016,-138.0,5,48,8,2,-129.11275314471627,-128.8872502712958
2004-11-09 18:30:00,23,-110.0,-110.00016605779116,0.043769967667016,-139.0,5,48,8,2,-110.11291749450139,-109.88741462108094
2004-11-09 19:30:00,23,-106.0,-106.00012270184408,0.043769967667016,-129.0,5,48,8,2,-106.1128741385543,-105.88737126513385
2004-11-09 20:30:00,23,-181.0,-180.99924306709647,0.043769967667016,-110.0,5,48,8,2,-181.1119945038067,-180.88649163038625
2004-11-09 21:30:00,23,-214.0,-213.99916464473807,0.043769967667016,-106.0,5,48,8,2,-214.1119160814483,-213.88641320802785
2004-11-09 22:30:00,23,-182.0,-181.99999955685809,0.043769967667016,-181.0,5,48,8,2,-182.1127509935683,-181.88724812014786
2004-11-09 23:30:00,23,-173.0,-172.99975412793657,0.043769967667016,-214.0,5,48,8,2,-173.1125055646468,-172.88700269122634
2004-11-10 00:30:00,23,-151.0,-151.00004011911233,0.043769967667016,-182.0,5,48,8,2,-151.11279155582255,-150.8872886824021
2004-11-10 01:30:00,23,-135.0,-135.00020286756697,0.043769967667016,-173.0,5,48,8,2,-135.1129543042772,-134.88745143085674
2004-11-10 02:30:00,23,-148.0,-147.9999541724209,0.043769967667016,-151.0,5,48,8,2,-148.11270560913113,-147.88720273571067
2004-11-10 03:30:00,23,-155.0,-154.99988441592063,0.043769967667016,-135.0,5,48,8,2,-155.11263585263086,-154.8871329792104
2004-11-10 04:30:00,23,-152.0,-152.0000521804077,0.043769967667016,-148.0,5,48,8,2,-152.11280361711792,-151.88730074369747
2004-11-10 05:30:00,23,-197.0,-196.99975036831847,0.043769967667016,-155.0,5,48,8,2,-197.1125018050287,-196.88699893160825
2004-11-10 06:30:00,23,-240.0,-239.9994140096512,0.043769967667016,-152.0,5,48,8,2,-240.11216544636142,-239.88666257294096
2004-11-10 07:30:00,23,-259.0,-258.9997251216313,0.043769967667016,-197.0,5,48,8,2,-259.11247655834154,-258.88697368492103
2004-11-10 08:30:00,23,-258.0,-258.00006391740425,0.043769967667016,-240.0,5,48,8,2,-258.1128153541145,-257.887312480694
2004-11-10 09:30:00,23,-258.0,-258.0001482609744,0.043769967667016,-259.0,5,48,8,2,-258.11289969768467,-257.88739682426416
2004-11-10 10:30:00,23,-263.0,-263.00000066132407,0.043769967667016,-258.0,5,48,8,2,-263.1127520980343,-262.8872492246138
2004-11-10 11:30:00,23,-232.0,-232.0001607373167,0.043769967667016,-258.0,5,48,8,2,-232.11291217402692,-231.88740930060646
2004-11-10 12:30:00,23,-234.0,-234.0000708486556,0.043769967667016,-263.0,5,48,8,2,-234.11282228536584,-233.88731941194538
2004-11-10 13:30:00,23,-206.0,-205.9999186705052,0.043769967667016,-232.0,5,48,8,2,-206.11267010721542,-205.88716723379497
2004-11-10 14:30:00,23,-176.0,-176.00020433106735,0.043769967667016,-234.0,5,48,8,2,-176.11295576777758,-175.88745289435712
2004-11-10 15:30:00,23,-171.0,-171.00006129147712,0.043769967667016,-206.0,5,48,8,2,-171.11281272818735,-170.8873098547669
2004-11-10 16:30:00,23,-164.0,-163.9999256974,0.043769967667016,-176.0,5,48,8,2,-164.1126771341102,-163.88717426068976
2004-11-10 17:30:00,23,-135.0,-135.00016289855108,0.043769967667016,-171.0,5,48,8,2,-135.1129143352613,-134.88741146184086
2004-11-10 18:30:00,23,-118.0,-118.00026921761648,0.043769967667016,-164.0,5,48,8,2,-118.1130206543267,-117.88751778090625
2004-11-10 19:30:00,23,-122.0,-122.00004506574876,0.043769967667016,-135.0,5,48,8,2,-122.11279650245899,-121.88729362903854
2004-11-10 20:30:00,23,-120.0,-119.99995602338691,0.043769967667016,-118.0,5,48,8,2,-120.11270746009714,-119.88720458667669
2004-11-10 21:30:00,23,-118.0,-117.99996969688384,0.043769967667016,-122.0,5,48,8,2,-118.11272113359406,-117.88721826017361
2004-11-10 22:30:00,23,-112.0,-112.00002891581616,0.043769967667016,-120.0,5,48,8,2,-112.11278035252639,-111.88727747910593
2004-11-10 23:30:00,23,-109.0,-109.0000038501714,0.043769967667016,-118.0,5,48,8,2,-109.11275528688162,-108.88725241346117
2004-11-11 00:30:00,23,-105.0,-105.0000011270217,0.043769967667016,-112.0,5,48,8,2,-105.11275256373193,-104.88724969031148
2004-11-11 01:30:00,23,-97.0,-97.00006523501656,0.043769967667016,-109.0,5,48,8,2,-97.11281667172679,-96.88731379830634
2004-11-11 02:30:00,23,-97.0,-97.0000386892112,0.043769967667016,-105.0,5,48,8,2,-97.11279012592142,-96.88728725250097
2004-11-11 03:30:00,23,-97.0,-96.99997834740677,0.043769967667016,-97.0,5,48,8,2,-97.112729784117,-96.88722691069654
2004-11-11 04:30:00,23,-103.0,-102.99990366423924,0.043769967667016,-97.0,5,48,8,2,-103.11265510094947,-102.88715222752901
2004-11-11 05:30:00,23,-106.0,-105.99984821793156,0.043769967667016,-97.0,5,48,8,2,-106.11259965464178,-105.88709678122133
2004-11-11 06:30:00,23,-103.0,-102.99998448145368,0.043769967667016,-103.0,5,48,8,2,-103.1127359181639,-102.88723304474345
2004-11-11 07:30:00,23,-99.0,-99.00003554040347,0.043769967667016,-106.0,5,48,8,2,-99.1127869771137,-98.88728410369325
2004-11-11 08:30:00,23,-90.0,-90.00004877211836,0.043769967667016,-103.0,5,48,8,2,-90.11280020882859,-89.88729733540814
2004-11-11 09:30:00,23,-80.0,-80.00007601792714,0.043769967667016,-99.0,5,48,8,2,-80.11282745463737,-79.88732458121692
2004-11-11 10:30:00,23,-85.0,-85.00000901609505,0.043769967667016,-90.0,5,48,8,2,-85.11276045280528,-84.88725757938482
2004-11-11 11:30:00,23,-82.0,-81.99997814061568,0.043769967667016,-80.0,5,48,8,2,-82.11272957732591,-81.88722670390545
2004-11-11 12:30:00,23,-76.0,-76.00004041382701,0.043769967667016,-85.0,5,48,8,2,-76.11279185053723,-75.88728897711678
2004-11-11 13:30:00,23,-77.0,-76.99999405034467,0.043769967667016,-82.0,5,48,8,2,-77.1127454870549,-76.88724261363444
2004-11-11 14:30:00,23,-81.0,-80.9999121947689,0.043769967667016,-76.0,5,48,8,2,-81.11266363147912,-80.88716075805867
2004-11-11 15:30:00,23,-75.0,-74.99998853021395,0.043769967667016,-77.0,5,48,8,2,-75.11273996692418,-74.88723709350373
2004-11-11 16:30:00,23,-73.0,-73.00002296034131,0.043769967667016,-81.0,5,48,8,2,-73.11277439705154,-72.88727152363109
2004-11-11 17:30:00,23,-58.0,-58.00011656875834,0.043769967667016,-75.0,5,48,8,2,-58.11286800546857,-57.8873651320481
2004-11-11 18:30:00,23,-52.0,-52.00015654270423,0.043769967667016,-73.0,5,48,8,2,-52.112907979414466,-51.887405105994
2004-11-11 19:30:00,23,-61.0,-60.999965974460224,0.043769967667016,-58.0,5,48,8,2,-61.11271741117046,-60.88721453774999
2004-11-11 20:30:00,23,-59.0,-58.999937076344,0.043769967667016,-52.0,5,48,8,2,-59.11268851305423,-58.88718563963376
2004-11-11 21:30:00,23,-44.0,-44.00014410717623,0.043769967667016,-61.0,5,48,8,2,-44.11289554388647,-43.887392670466
2004-11-11 22:30:00,23,-40.0,-40.00015653446924,0.043769967667016,-59.0,5,48,8,2,-40.112907971179474,-39.88740509775901
2004-11-11 23:30:00,23,-46.0,-46.00000085536706,0.043769967667016,-44.0,5,48,8,2,-46.112752292077296,-45.88724941865683
2004-11-12 00:30:00,23,-60.0,-59.999850595889214,0.043769967667016,-40.0,5,48,8,2,-60.11260203259945,-59.88709915917898
2004-11-12 01:30:00,23,-64.0,-63.999942691588174,0.043769967667016,-46.0,5,48,8,2,-64.1126941282984,-63.88719125487794
2004-11-12 02:30:00,23,-68.0,-67.99993113580021,0.043769967667016,-60.0,5,48,8,2,-68.11268257251044,-67.88717969908998
2004-11-12 03:30:00,23,-82.0,-81.99982127304372,0.043769967667016,-64.0,5,48,8,2,-82.11257270975395,-81.8870698363335
2004-11-12 04:30:00,23,-80.0,-79.99994396512423,0.043769967667016,-68.0,5,48,8,2,-80.11269540183446,-79.887192528414
2004-11-12 05:30:00,23,-73.0,-72.99999485964452,0.043769967667016,-82.0,5,48,8,2,-73.11274629635474,-72.88724342293429
2004-11-12 06:30:00,23,-62.0,-62.00014558135919,0.043769967667016,-80.0,5,48,8,2,-62.112897018069425,-61.88739414464896
2004-11-12 07:30:00,23,-51.0,-51.00017144672696,0.043769967667016,-73.0,5,48,8,2,-51.11292288343719,-50.887420010016726
2004-11-12 08:30:00,23,-62.0,-61.99997815238629,0.043769967667016,-62.0,5,48,8,2,-62.112729589096524,-61.88722671567606
2004-11-12 09:30:00,23,-83.0,-82.99973769188485,0.043769967667016,-51.0,5,48,8,2,-83.11248912859507,-82.88698625517462
2004-11-12 10:30:00,23,-92.0,-91.99973983235498,0.043769967667016,-62.0,5,48,8,2,-92.1124912690652,-91.88698839564475
2004-11-12 11:30:00,23,-87.0,-86.9999005929578,0.043769967667016,-83.0,5,48,8,2,-87.11265202966803,-86.88714915624757
2004-11-12 12:30:00,23,-80.0,-79.9999290515413,0.043769967667016,-92.0,5,48,8,2,-80.11268048825153,-79.88717761483107
2004-11-12 13:30:00,23,-74.0,-74.00003295283591,0.043769967667016,-87.0,5,48,8,2,-74.11278438954614,-73.88728151612568
2004-11-12 14:30:00,23,-63.0,-63.00011713576447,0.043769967667016,-80.0,5,48,8,2,-63.1128685724747,-62.887365699054236
2004-11-12 15:30:00,23,-61.0,-61.00008419834546,0.043769967667016,-74.0,5,48,8,2,-61.112835635055696,-60.88733276163523
2004-11-12 16:30:00,23,-71.0,-70.99994434042065,0.043769967667016,-63.0,5,48,8,2,-71.11269577713088,-70.88719290371043
2004-11-12 17:30:00,23,-71.0,-70.99990113725003,0.043769967667016,-61.0,5,48,8,2,-71.11265257396026,-70.88714970053981
2004-11-12 18:30:00,23,-69.0,-69.0000705685589,0.043769967667016,-71.0,5,48,8,2,-69.11282200526912,-68.88731913184867
2004-11-12 19:30:00,23,-78.0,-77.99989302915563,0.043769967667016,-71.0,5,48,8,2,-78.11264446586586,-77.8871415924454
2004-11-12 20:30:00,23,-81.0,-80.99989858354998,0.043769967667016,-69.0,5,48,8,2,-81.1126500202602,-80.88714714683975
2004-11-12 21:30:00,23,-80.0,-79.99994662487737,0.043769967667016,-78.0,5,48,8,2,-80.1126980615876,-79.88719518816714
2004-11-12 22:30:00,23,-71.0,-71.00005459947285,0.043769967667016,-81.0,5,48,8,2,-71.11280603618307,-70.88730316276262
2004-11-12 23:30:00,23,-67.0,-67.00007869832984,0.043769967667016,-80.0,5,48,8,2,-67.11283013504007,-66.88732726161962
2004-11-13 00:30:00,23,-64.0,-64.0000412202966,0.043769967667016,-71.0,5,48,8,2,-64.11279265700682,-63.88728978358636
2004-11-13 01:30:00,23,-64.0,-64.000011975799,0.043769967667016,-67.0,5,48,8,2,-64.11276341250922,-63.887260539088764
2004-11-13 02:30:00,23,-64.0,-63.99998965330186,0.043769967667016,-64.0,5,48,8,2,-64.1127410900121,-63.887238216591626
2004-11-13 03:30:00,23,-64.0,-63.99998712901275,0.043769967667016,-64.0,5,48,8,2,-64.11273856572298,-63.88723569230252
2004-11-13 04:30:00,23,-61.0,-61.000009450516856,0.043769967667016,-64.0,5,48,8,2,-61.11276088722709,-60.88725801380662
2004-11-13 05:30:00,23,-59.0,-59.00002294501987,0.043769967667016,-64.0,5,48,8,2,-59.112774381730105,-58.88727150830964
2004-11-13 06:30:00,23,-59.0,-58.99999472323962,0.043769967667016,-61.0,5,48,8,2,-59.11274615994985,-58.88724328652938
2004-11-13 07:30:00,23,-58.0,-57.99998867053312,0.043769967667016,-59.0,5,48,8,2,-58.112740107243354,-57.88723723382289
2004-11-13 08:30:00,23,-60.0,-59.99997270709647,0.043769967667016,-59.0,5,48,8,2,-60.1127241438067,-59.887221270386235
2004-11-13 09:30:00,23,-58.0,-57.99998813070947,0.043769967667016,-58.0,5,48,8,2,-58.1127395674197,-57.887236693999235
2004-11-13 10:30:00,23,-55.0,-55.0000278344052,0.043769967667016,-60.0,5,48,8,2,-55.112779271115436,-54.88727639769497
2004-11-13 11:30:00,23,-51.0,-51.000037966340486,0.043769967667016,-58.0,5,48,8,2,-51.11278940305072,-50.88728652963025
2004-11-13 12:30:00,23,-51.0,-51.00001715984821,0.043769967667016,-55.0,5,48,8,2,-51.112768596558446,-50.88726572313798
2004-11-13 13:30:00,23,-49.0,-49.00000566267224,0.043769967667016,-51.0,5,48,8,2,-49.11275709938247,-48.887254225962
2004-11-13 14:30:00,23,-48.0,-48.00000216820223,0.043769967667016,-51.0,5,48,8,2,-48.11275360491246,-47.887250731491996
2004-11-13 15:30:00,23,-48.0,-47.99998103122599,0.043769967667016,-49.0,5,48,8,2,-48.112732467936226,-47.88722959451576
2004-11-13 16:30:00,23,-51.0,-50.99995509421025,0.043769967667016,-48.0,5,48,8,2,-51.112706530920484,-50.88720365750002
2004-11-13 17:30:00,23,-50.0,-49.99996282363307,0.043769967667016,-48.0,5,48,8,2,-50.1127142603433,-49.887211386922836
2004-11-13 18:30:00,23,-48.0,-48.000017443363,0.043769967667016,-51.0,5,48,8,2,-48.11276888007323,-47.887266006652766
2004-11-13 19:30:00,23,-48.0,-47.999979762466594,0.043769967667016,-50.0,5,48,8,2,-48.11273119917683,-47.88722832575636
2004-11-13 20:30:00,23,-51.0,-50.99993297556827,0.043769967667016,-48.0,5,48,8,2,-51.112684412278504,-50.88718153885804
2004-11-13 21:30:00,23,-52.0,-51.99993292689588,0.043769967667016,-48.0,5,48,8,2,-52.112684363606114,-51.88718149018565
2004-11-13 22:30:00,23,-49.0,-49.000002935339765,0.043769967667016,-51.0,5,48,8,2,-49.11275437205,-48.88725149862953
2004-11-13 23:30:00,23,-44.0,-44.00002581293092,0.043769967667016,-52.0,5,48,8,2,-44.112777249641155,-43.88727437622069
2004-11-14 00:30:00,23,-48.0,-48.00000670593428,0.043769967667016,-49.0,5,48,8,2,-48.112758142644516,-47.88725526922405
2004-11-14 01:30:00,23,-58.0,-57.999901207560896,0.043769967667016,-44.0,5,48,8,2,-58.11265264427113,-57.88714977085066
2004-11-14 02:30:00,23,-58.0,-57.99992128048848,0.043769967667016,-48.0,5,48,8,2,-58.11267271719871,-57.887169843778246
2004-11-14 03:30:00,23,-58.0,-58.00000907376568,0.043769967667016,-58.0,5,48,8,2,-58.112760510475916,-57.88725763705545
2004-11-14 04:30:00,23,-56.0,-56.00000197411185,0.043769967667016,-58.0,5,48,8,2,-56.11275341082209,-55.88725053740162
2004-11-14 05:30:00,23,-53.0,-53.00001213652016,0.043769967667016,-58.0,5,48,8,2,-53.112763573230396,-52.88726069980993
2004-11-14 06:30:00,23,-52.0,-51.99999601553746,0.043769967667016,-56.0,5,48,8,2,-52.112747452247696,-51.88724457882723
2004-11-14 07:30:00,23,-57.0,-56.99992036180087,0.043769967667016,-53.0,5,48,8,2,-57.1126717985111,-56.887168925090634
2004-11-14 08:30:00,23,-57.0,-56.99993446912622,0.043769967667016,-52.0,5,48,8,2,-57.11268590583645,-56.88718303241598
2004-11-14 09:30:00,23,-54.0,-54.0000320153592,0.043769967667016,-57.0,5,48,8,2,-54.112783452069436,-53.88728057864897
2004-11-14 10:30:00,23,-54.0,-53.99997074594746,0.043769967667016,-57.0,5,48,8,2,-54.11272218265769,-53.887219309237224
2004-11-14 11:30:00,23,-53.0,-52.99997393740502,0.043769967667016,-54.0,5,48,8,2,-53.11272537411525,-52.88722250069478
2004-11-14 12:30:00,23,-52.0,-51.99997977277921,0.043769967667016,-54.0,5,48,8,2,-52.112731209489446,-51.88722833606898
2004-11-14 13:30:00,23,-51.0,-51.00000140365787,0.043769967667016,-53.0,5,48,8,2,-51.1127528403681,-50.887249966947635
2004-11-14 14:30:00,23,-48.0,-48.0000322813297,0.043769967667016,-52.0,5,48,8,2,-48.112783718039935,-47.88728084461947
2004-11-14 15:30:00,23,-45.0,-45.00002934998603,0.043769967667016,-51.0,5,48,8,2,-45.11278078669626,-44.887277913275796
2004-11-14 16:30:00,23,-44.0,-43.99998765058835,0.043769967667016,-48.0,5,48,8,2,-44.112739087298586,-43.88723621387812
2004-11-14 17:30:00,23,-41.0,-41.00002476672151,0.043769967667016,-45.0,5,48,8,2,-41.11277620343174,-40.887273330011276
2004-11-14 18:30:00,23,-43.0,-42.99998775076653,0.043769967667016,-44.0,5,48,8,2,-43.11273918747676,-42.887236314056295
2004-11-14 19:30:00,23,-44.0,-43.99997283247282,0.043769967667016,-41.0,5,48,8,2,-44.112724269183055,-43.88722139576259
2004-11-14 20:30:00,23,-44.0,-43.99998338394891,0.043769967667016,-43.0,5,48,8,2,-44.11273482065914,-43.887231947238675
2004-11-14 21:30:00,23,-42.0,-41.999980905208304,0.043769967667016,-44.0,5,48,8,2,-42.11273234191854,-41.88722946849807
2004-11-14 22:30:00,23,-41.0,-41.00000296030489,0.043769967667016,-44.0,5,48,8,2,-41.112754397015124,-40.88725152359466
2004-11-14 23:30:00,23,-40.0,-39.99999207416841,0.043769967667016,-42.0,5,48,8,2,-40.112743510878644,-39.88724063745818
2004-11-15 00:30:00,23,-39.0,-38.99998688843287,0.043769967667016,-41.0,5,48,8,2,-39.112738325143106,-38.88723545172264
2004-11-15 01:30:00,23,-39.0,-38.99998821134992,0.043769967667016,-40.0,5,48,8,2,-39.112739648060156,-38.88723677463969
2004-11-15 02:30:00,23,-41.0,-40.99995540549587,0.043769967667016,-39.0,5,48,8,2,-41.1127068422061,-40.887203968785634
2004-11-15 03:30:00,23,-39.0,-38.99998909899304,0.043769967667016,-39.0,5,48,8,2,-39.112740535703274,-38.88723766228281
2004-11-15 04:30:00,23,-40.0,-39.99999503361313,0.043769967667016,-41.0,5,48,8,2,-40.112746470323366,-39.8872435969029
2004-11-15 05:30:00,23,-41.0,-40.99995003330229,0.043769967667016,-39.0,5,48,8,2,-41.112701470012524,-40.88719859659206
2004-11-15 06:30:00,23,-38.0,-38.00000057363673,0.043769967667016,-40.0,5,48,8,2,-38.112752010346966,-37.8872491369265
2004-11-15 07:30:00,23,-38.0,-37.999999370894585,0.043769967667016,-41.0,5,48,8,2,-38.11275080760482,-37.88724793418435
2004-11-15 08:30:00,23,-38.0,-37.99997342472856,0.043769967667016,-38.0,5,48,8,2,-38.11272486143879,-37.887221988018325
2004-11-15 09:30:00,23,-36.0,-36.00000345349954,0.043769967667016,-38.0,5,48,8,2,-36.11275489020977,-35.887252016789304
2004-11-15 10:30:00,23,-37.0,-37.00000492529871,0.043769967667016,-38.0,5,48,8,2,-37.112756362008945,-36.88725348858848
2004-11-15 11:30:00,23,-39.0,-38.99996036133808,0.043769967667016,-36.0,5,48,8,2,-39.112711798048316,-38.88720892462785
2004-11-15 12:30:00,23,-41.0,-40.99995425985254,0.043769967667016,-37.0,5,48,8,2,-41.11270569656277,-40.8872028231423
2004-11-15 13:30:00,23,-41.0,-40.999953683059566,0.043769967667016,-39.0,5,48,8,2,-41.1127051197698,-40.88720224634933
2004-11-15 14:30:00,23,-40.0,-39.9999868265991,0.043769967667016,-41.0,5,48,8,2,-40.11273826330933,-39.887235389888865
2004-11-15 15:30:00,23,-40.0,-39.99997028643339,0.043769967667016,-41.0,5,48,8,2,-40.11272172314362,-39.887218849723155
2004-11-15 16:30:00,23,-41.0,-40.99996211285984,0.043769967667016,-40.0,5,48,8,2,-41.112713549570074,-40.88721067614961
2004-11-15 17:30:00,23,-41.0,-40.99995900072051,0.043769967667016,-40.0,5,48,8,2,-41.11271043743074,-40.887207564010275
2004-11-15 18:30:00,23,-41.0,-40.99995936398711,0.043769967667016,-41.0,5,48,8,2,-41.11271080069734,-40.887207927276876
2004-11-15 19:30:00,23,-38.0,-38.00001066599512,0.043769967667016,-41.0,5,48,8,2,-38.112762102705354,-37.887259229284886
2004-11-15 20:30:00,23,-36.0,-36.000014649000235,0.043769967667016,-41.0,5,48,8,2,-36.11276608571047,-35.88726321229
2004-11-15 21:30:00,23,-31.0,-31.00004071759209,0.043769967667016,-38.0,5,48,8,2,-31.112792154302323,-30.887289280881856
2004-11-15 22:30:00,23,-28.0,-28.00005485208563,0.043769967667016,-36.0,5,48,8,2,-28.112806288795863,-27.887303415375396
2004-11-15 23:30:00,23,-27.0,-27.00003045086368,0.043769967667016,-31.0,5,48,8,2,-27.112781887573913,-26.887279014153446
2004-11-16 00:30:00,23,-24.0,-24.00003345178941,0.043769967667016,-28.0,5,48,8,2,-24.112784888499643,-23.887282015079176
2004-11-16 01:30:00,23,-23.0,-23.000032570682656,0.043769967667016,-27.0,5,48,8,2,-23.11278400739289,-22.887281133972422
2004-11-16 02:30:00,23,-23.0,-22.99999668879284,0.043769967667016,-24.0,5,48,8,2,-23.112748125503074,-22.887245252082607
2004-11-16 03:30:00,23,-20.0,-20.00002610275955,0.043769967667016,-23.0,5,48,8,2,-20.112777539469782,-19.887274666049315
2004-11-16 04:30:00,23,-21.0,-21.000035329229995,0.043769967667016,-23.0,5,48,8,2,-21.11278676594023,-20.88728389251976
2004-11-16 05:30:00,23,-22.0,-21.99999865991425,0.043769967667016,-20.0,5,48,8,2,-22.112750096624485,-21.887247223204017
2004-11-16 06:30:00,23,-23.0,-22.99997670395281,0.043769967667016,-21.0,5,48,8,2,-23.112728140663044,-22.887225267242577
2004-11-16 07:30:00,23,-29.0,-28.999951974707496,0.043769967667016,-22.0,5,48,8,2,-29.11270341141773,-28.887200537997263
2004-11-16 08:30:00,23,-34.0,-33.9999088692467,0.043769967667016,-23.0,5,48,8,2,-34.112660305956936,-33.88715743253647
2004-11-16 09:30:00,23,-41.0,-40.999888393380985,0.043769967667016,-29.0,5,48,8,2,-41.11263983009122,-40.88713695667075
2004-11-16 10:30:00,23,-38.0,-38.00004391842258,0.043769967667016,-34.0,5,48,8,2,-38.11279535513281,-37.88729248171234
2004-11-16 11:30:00,23,-37.0,-36.99996262341936,0.043769967667016,-41.0,5,48,8,2,-37.11271406012959,-36.88721118670912
2004-11-16 12:30:00,23,-35.0,-34.999990412868584,0.043769967667016,-38.0,5,48,8,2,-35.11274184957882,-34.88723897615835
2004-11-16 13:30:00,23,-35.0,-35.00000046785734,0.043769967667016,-37.0,5,48,8,2,-35.112751904567574,-34.88724903114711
2004-11-16 14:30:00,23,-36.0,-35.99998223049458,0.043769967667016,-35.0,5,48,8,2,-36.112733667204814,-35.88723079378435
2004-11-16 15:30:00,23,-36.0,-35.99997448023052,0.043769967667016,-35.0,5,48,8,2,-36.112725916940754,-35.88722304352029
2004-11-16 16:30:00,23,-34.0,-33.99999917515128,0.043769967667016,-36.0,5,48,8,2,-34.112750611861514,-33.88724773844105
2004-11-16 17:30:00,23,-33.0,-32.99996693232388,0.043769967667016,-36.0,5,48,8,2,-33.11271836903411,-32.887215495613646
2004-11-16 18:30:00,23,-32.0,-32.000011911779694,0.043769967667016,-34.0,5,48,8,2,-32.11276334848993,-31.88726047506946
2004-11-16 19:30:00,23,-34.0,-33.999984990998904,0.043769967667016,-33.0,5,48,8,2,-34.11273642770914,-33.88723355428867
2004-11-16 20:30:00,23,-32.0,-32.000017018887775,0.043769967667016,-32.0,5,48,8,2,-32.11276845559801,-31.88726558217754
2004-11-16 21:30:00,23,-35.0,-34.999922127442616,0.043769967667016,-34.0,5,48,8,2,-35.11267356415285,-34.88717069073238
2004-11-16 22:30:00,23,-35.0,-35.00000695395093,0.043769967667016,-32.0,5,48,8,2,-35.11275839066116,-34.887255517240696
2004-11-16 23:30:00,23,-31.0,-30.999971225180644,0.043769967667016,-35.0,5,48,8,2,-31.112722661890878,-30.88721978847041
2004-11-17 00:30:00,23,-29.0,-29.000017277504764,0.043769967667016,-35.0,5,48,8,2,-29.112768714214997,-28.88726584079453
2004-11-17 01:30:00,23,-27.0,-27.00004871607717,0.043769967667016,-31.0,5,48,8,2,-27.112800152787404,-26.887297279366937
2004-11-17 02:30:00,23,-30.0,-29.99996290530961,0.043769967667016,-29.0,5,48,8,2,-30.112714342019842,-29.887211468599375
2004-11-17 03:30:00,23,-31.0,-30.999944161345123,0.043769967667016,-27.0,5,48,8,2,-31.112695598055357,-30.88719272463489
2004-11-17 04:30:00,23,-31.0,-31.00006149699772,0.043769967667016,-30.0,5,48,8,2,-31.112812933707954,-30.887310060287486
2004-11-17 05:30:00,23,-34.0,-33.999953194717435,0.043769967667016,-31.0,5,48,8,2,-34.11270463142767,-33.8872017580072
2004-11-17 06:30:00,23,-35.0,-34.99992449296673,0.043769967667016,-31.0,5,48,8,2,-35.11267592967696,-34.88717305625649
2004-11-17 07:30:00,23,-40.0,-39.99993478524248,0.043769967667016,-34.0,5,48,8,2,-40.112686221952714,-39.88718334853225
2004-11-17 08:30:00,23,-40.0,-39.99992027409899,0.043769967667016,-35.0,5,48,8,2,-40.112671710809224,-39.88716883738876
2004-11-17 09:30:00,23,-43.0,-43.00000064170705,0.043769967667016,-40.0,5,48,8,2,-43.11275207841728,-42.88724920499681
2004-11-17 10:30:00,23,-46.0,-45.99991290638122,0.043769967667016,-40.0,5,48,8,2,-46.11266434309145,-45.887161469670986
2004-11-17 11:30:00,23,-46.0,-45.99993609463993,0.043769967667016,-43.0,5,48,8,2,-46.11268753135016,-45.887184657929694
2004-11-17 12:30:00,23,-41.0,-40.99997455673283,0.043769967667016,-46.0,5,48,8,2,-41.112725993443064,-40.8872231200226
2004-11-17 13:30:00,23,-37.0,-37.00003380941882,0.043769967667016,-46.0,5,48,8,2,-37.11278524612905,-36.88728237270858
2004-11-17 14:30:00,23,-34.0,-34.00003719762149,0.043769967667016,-41.0,5,48,8,2,-34.11278863433172,-33.887285760911254
2004-11-17 15:30:00,23,-33.0,-33.00002078271456,0.043769967667016,-37.0,5,48,8,2,-33.11277221942479,-32.887269346004324
2004-11-17 16:30:00,23,-33.0,-32.99998722179424,0.043769967667016,-34.0,5,48,8,2,-33.112738658504476,-32.88723578508401
2004-11-17 17:30:00,23,-31.0,-30.999998323355367,0.043769967667016,-33.0,5,48,8,2,-31.1127497600656,-30.887246886645134
2004-11-17 18:30:00,23,-29.0,-29.00000541201865,0.043769967667016,-33.0,5,48,8,2,-29.112756848728882,-28.887253975308415
2004-11-17 19:30:00,23,-29.0,-28.999991055962628,0.043769967667016,-31.0,5,48,8,2,-29.11274249267286,-28.887239619252394
2004-11-17 20:30:00,23,-30.0,-29.999971524688632,0.043769967667016,-29.0,5,48,8,2,-30.112722961398866,-29.8872200879784
2004-11-17 21:30:00,23,-30.0,-29.99998160727959,0.043769967667016,-29.0,5,48,8,2,-30.112733043989824,-29.887230170569357
2004-11-17 22:30:00,23,-30.0,-29.999987514229343,0.043769967667016,-30.0,5,48,8,2,-30.112738950939576,-29.88723607751911
2004-11-17 23:30:00,23,-29.0,-28.999994649567,0.043769967667016,-30.0,5,48,8,2,-29.112746086277234,-28.887243212856767
2004-11-18 00:30:00,23,-27.0,-27.000010604178627,0.043769967667016,-30.0,5,48,8,2,-27.11276204088886,-26.887259167468393
2004-11-18 01:30:00,23,-24.0,-24.00002053157316,0.043769967667016,-29.0,5,48,8,2,-24.112771968283393,-23.887269094862926
2004-11-18 02:30:00,23,-23.0,-23.000044063466195,0.043769967667016,-27.0,5,48,8,2,-23.11279550017643,-22.88729262675596
2004-11-18 03:30:00,23,-24.0,-23.99997130456032,0.043769967667016,-24.0,5,48,8,2,-24.112722741270552,-23.887219867850085
2004-11-18 04:30:00,23,-24.0,-23.99999363742166,0.043769967667016,-23.0,5,48,8,2,-24.112745074131894,-23.887242200711427
2004-11-18 05:30:00,23,-24.0,-23.99999926143091,0.043769967667016,-24.0,5,48,8,2,-24.112750698141145,-23.887247824720678
2004-11-18 06:30:00,23,-23.0,-22.99998230756965,0.043769967667016,-24.0,5,48,8,2,-23.112733744279883,-22.887230870859415
2015-03-09 23:30:00,35,-3.0,-6.569161038380038,9.852826955076022,-24.0,5,48,8,2,-31.950043274655872,18.811721197895796
2015-03-10 00:30:00,35,-1.0,-2.4532944761656346,9.852826955076022,-23.0,5,48,8,2,-27.83417671244147,22.9275877601102
2015-03-10 01:30:00,35,-4.0,-3.666628890266789,9.852826955076022,-3.0,5,48,8,2,-29.047511126542624,21.714253346009045
2015-03-10 02:30:00,35,-4.0,-1.356031059919733,9.852826955076022,-1.0,5,48,8,2,-26.736913296195567,24.0248511763561
2015-03-10 03:30:00,35,-6.0,-3.7700943234740407,9.852826955076022,-4.0,5,48,8,2,-29.150976559749875,21.610787912801793
2015-03-10 04:30:00,35,-6.0,-4.16273705075097,9.852826955076022,-4.0,5,48,8,2,-29.543619287026804,21.218145185524865
2015-03-10 05:30:00,35,-4.0,-5.269813714656582,9.852826955076022,-6.0,5,48,8,2,-30.650695950932416,20.111068521619252
2015-03-10 06:30:00,35,-2.0,-2.6065725012409686,9.852826955076022,-6.0,5,48,8,2,-27.987454737516803,22.774309735034866
2015-03-10 07:30:00,35,-1.0,-4.087329304639766,9.852826955076022,-4.0,5,48,8,2,-29.4682115409156,21.293552931636068
2015-03-10 08:30:00,35,1.0,-1.3621103700993729,9.852826955076022,-2.0,5,48,8,2,-26.742992606375207,24.01877186617646
2015-03-10 09:30:00,35,-3.0,-1.532350581821543,9.852826955076022,-1.0,5,48,8,2,-26.913232818097377,23.84853165445429
2015-03-10 10:30:00,35,-7.0,-3.103223069842532,9.852826955076022,1.0,5,48,8,2,-28.484105306118366,22.277659166433303
2015-03-10 11:30:00,35,-3.0,-3.250627899822831,9.852826955076022,-3.0,5,48,8,2,-28.631510136098665,22.130254336453003
2015-03-10 12:30:00,35,-5.0,-4.552123159691128,9.852826955076022,-7.0,5,48,8,2,-29.933005395966962,20.828759076584706
2015-03-10 13:30:00,35,-6.0,-2.376020846130629,9.852826955076022,-3.0,5,48,8,2,-27.756903082406463,23.004861390145205
2015-03-10 14:30:00,35,-6.0,-4.1345339982794655,9.852826955076022,-5.0,5,48,8,2,-29.5154162345553,21.24634823799637
2015-03-10 15:30:00,35,-7.0,-0.7722350335467745,9.852826955076022,-6.0,5,48,8,2,-26.15311726982261,24.60864720272906
2015-03-10 16:30:00,35,-7.0,-3.584169838629592,9.852826955076022,-6.0,5,48,8,2,-28.965052074905426,21.796712397646242
2015-03-10 17:30:00,35,-6.0,-5.311427265422292,9.852826955076022,-7.0,5,48,8,2,-30.692309501698126,20.069454970853542
2015-03-10 18:30:00,35,-6.0,-5.561177998255559,9.852826955076022,-7.0,5,48,8,2,-30.942060234531393,19.819704238020275
2015-03-10 19:30:00,35,-8.0,-1.4038063668989231,9.852826955076022,-6.0,5,48,8,2,-26.784688603174757,23.97707586937691
2015-03-10 20:30:00,35,-6.0,-2.736244925047746,9.852826955076022,-6.0,5,48,8,2,-28.11712716132358,22.644637311228088
2015-03-10 21:30:00,35,-4.0,-3.563028939846429,9.852826955076022,-8.0,5,48,8,2,-28.943911176122263,21.817853296429405
2015-03-10 22:30:00,35,-4.0,-1.1993532207646354,9.852826955076022,-6.0,5,48,8,2,-26.58023545704047,24.1815290155112
2015-03-10 23:30:00,35,-5.0,-1.0818763010691228,9.852826955076022,-4.0,5,48,8,2,-26.462758537344957,24.29900593520671
2015-03-11 00:30:00,35,-6.0,-4.520711220797178,9.852826955076022,-4.0,5,48,8,2,-29.901593457073012,20.860171015478656
2015-03-11 01:30:00,35,-6.0,-1.0692880934808713,9.852826955076022,-5.0,5,48,8,2,-26.450170329756705,24.311594142794963
2015-03-11 02:30:00,35,-6.0,-2.131796167197269,9.852826955076022,-6.0,5,48,8,2,-27.512678403473103,23.249086069078565
2015-03-11 03:30:00,35,-6.0,-5.2440102756963896,9.852826955076022,-6.0,5,48,8,2,-30.624892511972224,20.136871960579445
2015-03-11 04:30:00,35,-5.0,-4.594754268085048,9.852826955076022,-6.0,5,48,8,2,-29.97563650436088,20.786127968190787
2015-03-11 05:30:00,35,5.0,-1.874903004274288,9.852826955076022,-6.0,5,48,8,2,-27.25578524055012,23.505979232001547
2015-03-11 06:30:00,35,6.0,-5.239406315596032,9.852826955076022,-5.0,5,48,8,2,-30.620288551871866,20.141475920679802
2015-03-11 07:30:00,35,8.0,2.082558691339265,9.852826955076022,5.0,5,48,8,2,-23.29832354493657,27.4634409276151
2015-03-11 08:30:00,35,0.0,4.216255538282681,9.852826955076022,6.0,5,48,8,2,-21.164626697993153,29.597137774558515
2015-03-11 09:30:00,35,2.0,1.57218302773542,9.852826955076022,8.0,5,48,8,2,-23.808699208540414,26.953065264011254
2015-03-11 10:30:00,35,1.0,-1.9083674154844168,9.852826955076022,0.0,5,48,8,2,-27.28924965176025,23.472514820791417
2015-03-11 11:30:00,35,2.0,-1.283675986693165,9.852826955076022,2.0,5,48,8,2,-26.664558222969,24.09720624958267
2015-03-11 12:30:00,35,-6.0,1.1138698648705585,9.852826955076022,1.0,5,48,8,2,-24.267012371405276,26.494752101146393
2015-03-11 13:30:00,35,-11.0,-2.951567929854413,9.852826955076022,2.0,5,48,8,2,-28.332450166130247,22.42931430642142
2015-03-11 14:30:00,35,-14.0,-7.625270865943772,9.852826955076022,-6.0,5,48,8,2,-33.006153102219606,17.755611370332062
2015-03-11 15:30:00,35,-14.0,-12.989975707990826,9.852826955076022,-11.0,5,48,8,2,-38.37085794426666,12.390906528285008
2015-03-11 16:30:00,35,-12.0,-15.587428240848926,9.852826955076022,-14.0,5,48,8,2,-40.96831047712476,9.793453995426908
2015-03-11 17:30:00,35,-12.0,-7.177272135839093,9.852826955076022,-14.0,5,48,8,2,-32.55815437211493,18.20361010043674
2015-03-11 18:30:00,35,-15.0,-11.316345086947656,9.852826955076022,-12.0,5,48,8,2,-36.69722732322349,14.064537149328178
2015-03-11 19:30:00,35,-20.0,-13.447527329858875,9.852826955076022,-12.0,5,48,8,2,-38.82840956613471,11.933354906416959
2015-03-11 20:30:00,35,-19.0,-9.770481952403014,9.852826955076022,-15.0,5,48,8,2,-35.15136418867885,15.61040028387282
2015-03-11 21:30:00,35,-16.0,-13.435277584935877,9.852826955076022,-20.0,5,48,8,2,-38.81615982121171,11.945604651339957
2015-03-11 22:30:00,35,-15.0,-15.140607621175205,9.852826955076022,-19.0,5,48,8,2,-40.52148985745104,10.24027461510063
2015-03-11 23:30:00,35,-14.0,-8.59579520148171,9.852826955076022,-16.0,5,48,8,2,-33.976677437757544,16.785087034794124
2015-03-12 00:30:00,35,-15.0,-9.481311167230745,9.852826955076022,-15.0,5,48,8,2,-34.86219340350658,15.89957106904509
2015-03-12 01:30:00,35,-12.0,-12.00289490707786,9.852826955076022,-14.0,5,48,8,2,-37.3837771433537,13.377987329197975
2015-03-12 02:30:00,35,-8.0,-10.51485030821389,9.852826955076022,-15.0,5,48,8,2,-35.895732544489725,14.866031928061943
2015-03-12 03:30:00,35,-10.0,-6.084026878926775,9.852826955076022,-12.0,5,48,8,2,-31.46490911520261,19.29685535734906
2015-03-12 04:30:00,35,-11.0,-10.888905794124302,9.852826955076022,-8.0,5,48,8,2,-36.269788030400136,14.491976442151532
2015-03-12 05:30:00,35,-7.0,-7.431351285449086,9.852826955076022,-10.0,5,48,8,2,-32.81223352172492,17.949530950826748
2015-03-12 06:30:00,35,-12.0,-4.6182861018496375,9.852826955076022,-11.0,5,48,8,2,-29.99916833812547,20.762596134426197
2015-03-12 07:30:00,35,-22.0,-10.874612255414998,9.852826955076022,-7.0,5,48,8,2,-36.25549449169083,14.506269980860836
2015-03-12 08:30:00,35,-24.0,-13.154665999855922,9.852826955076022,-12.0,5,48,8,2,-38.53554823613176,12.226216236419912
2015-03-12 09:30:00,35,-23.0,-17.316594944214817,9.852826955076022,-22.0,5,48,8,2,-42.69747718049065,8.064287292061017
2015-03-12 10:30:00,35,-19.0,-29.69664717972518,9.852826955076022,-24.0,5,48,8,2,-55.07752941600101,-4.315764943449345
2015-03-12 11:30:00,35,-19.0,-17.81257943564823,9.852826955076022,-23.0,5,48,8,2,-43.19346167192407,7.5683028006276025
2015-03-12 12:30:00,35,-15.0,-12.623006241725918,9.852826955076022,-19.0,5,48,8,2,-38.003888478001755,12.757875994549916
2015-03-12 13:30:00,35,-17.0,-22.67716012751,9.852826955076022,-19.0,5,48,8,2,-48.05804236378583,2.7037221087658345
2015-03-12 14:30:00,35,-18.0,-14.681813884718345,9.852826955076022,-15.0,5,48,8,2,-40.062696120994175,10.69906835155749
2015-03-12 15:30:00,35,-13.0,-17.06848011426358,9.852826955076022,-17.0,5,48,8,2,-42.44936235053942,8.312402122012255
2015-03-12 16:30:00,35,-9.0,-13.016709919280457,9.852826955076022,-18.0,5,48,8,2,-38.39759215555629,12.364172316995377
2015-03-12 17:30:00,35,-9.0,-14.697760683369438,9.852826955076022,-13.0,5,48,8,2,-40.078642919645276,10.683121552906396
2015-03-12 18:30:00,35,-9.0,-5.648835489289766,9.852826955076022,-9.0,5,48,8,2,-31.0297177255656,19.732046746986068
2015-03-12 19:30:00,35,-8.0,-7.899367044717707,9.852826955076022,-9.0,5,48,8,2,-33.280249280993544,17.481515191558127
2015-03-12 20:30:00,35,-8.0,-6.25549076336176,9.852826955076022,-9.0,5,48,8,2,-31.636372999637594,19.125391472914075
2015-03-12 21:30:00,35,-11.0,-7.0028423638182495,9.852826955076022,-8.0,5,48,8,2,-32.383724600094084,18.378039872457585
2015-03-12 22:30:00,35,-13.0,-6.716016951345544,9.852826955076022,-8.0,5,48,8,2,-32.096899187621375,18.66486528493029
2015-03-12 23:30:00,35,-15.0,-8.984723517970792,9.852826955076022,-11.0,5,48,8,2,-34.36560575424663,16.396158718305042
2015-03-13 00:30:00,35,-13.0,-7.800716025960359,9.852826955076022,-13.0,5,48,8,2,-33.18159826223619,17.580166210315475
2015-03-13 01:30:00,35,-12.0,-10.750179494022149,9.852826955076022,-15.0,5,48,8,2,-36.131061730297986,14.630702742253685
2015-03-13 02:30:00,35,-9.0,-12.043380248959409,9.852826955076022,-13.0,5,48,8,2,-37.424262485235246,13.337501987316426
2015-03-13 03:30:00,35,-3.0,-9.435659930439224,9.852826955076022,-12.0,5,48,8,2,-34.81654216671506,15.94522230583661
2015-03-13 04:30:00,35,-2.0,-5.463444734032823,9.852826955076022,-9.0,5,48,8,2,-30.844326970308657,19.91743750224301
2015-03-13 05:30:00,35,1.0,-3.4268324312037564,9.852826955076022,-3.0,5,48,8,2,-28.80771466747959,21.954049805072078
2015-03-13 06:30:00,35,1.0,-3.4529569757694425,9.852826955076022,-2.0,5,48,8,2,-28.833839212045277,21.92792526050639
2015-03-13 07:30:00,35,0.0,-1.4054335912510751,9.852826955076022,1.0,5,48,8,2,-26.78631582752691,23.97544864502476
2015-03-13 08:30:00,35,-1.0,-0.8235034488019153,9.852826955076022,1.0,5,48,8,2,-26.20438568507775,24.55737878747392
2015-03-13 09:30:00,35,-2.0,-2.3918179401413227,9.852826955076022,0.0,5,48,8,2,-27.772700176417157,22.98906429613451
2015-03-13 10:30:00,35,-2.0,-0.3804449718303715,9.852826955076022,-1.0,5,48,8,2,-25.761327208106206,25.000437264445463
2015-03-13 11:30:00,35,0.0,-0.5244022558165753,9.852826955076022,-2.0,5,48,8,2,-25.90528449209241,24.85647998045926
2015-03-13 12:30:00,35,-3.0,-4.6962323179502015,9.852826955076022,-2.0,5,48,8,2,-30.077114554226036,20.684649918325633
2015-03-13 13:30:00,35,-16.0,-1.1147505722475373,9.852826955076022,0.0,5,48,8,2,-26.49563280852337,24.266131664028297
2015-03-13 14:30:00,35,-20.0,-19.320226663874465,9.852826955076022,-3.0,5,48,8,2,-44.7011089001503,6.0606555724013695
2015-03-13 15:30:00,35,-11.0,-15.023469164144938,9.852826955076022,-16.0,5,48,8,2,-40.40435140042077,10.357413072130896
2015-03-13 16:30:00,35,-7.0,-9.931989393435298,9.852826955076022,-20.0,5,48,8,2,-35.31287162971113,15.448892842840536
2015-03-13 17:30:00,35,-10.0,-9.01197844105311,9.852826955076022,-11.0,5,48,8,2,-34.39286067732894,16.368903795222725
2015-03-13 18:30:00,35,-15.0,-9.133343342134031,9.852826955076022,-7.0,5,48,8,2,-34.514225578409864,16.247538894141805
2015-03-13 19:30:00,35,-15.0,-8.304743344958347,9.852826955076022,-10.0,5,48,8,2,-33.68562558123418,17.076138891317488
2015-03-13 20:30:00,35,-11.0,-12.353346961352187,9.852826955076022,-15.0,5,48,8,2,-37.734229197628025,13.027535274923647
2015-03-13 21:30:00,35,-10.0,-15.103207496665338,9.852826955076022,-15.0,5,48,8,2,-40.48408973294117,10.277674739610497
2015-03-13 22:30:00,35,-7.0,-3.216343367539217,9.852826955076022,-11.0,5,48,8,2,-28.59722560381505,22.164538868736617
2015-03-13 23:30:00,35,-10.0,-7.057191657180134,9.852826955076022,-10.0,5,48,8,2,-32.438073893455964,18.3236905790957
2015-03-14 00:30:00,35,-12.0,-4.5427026155084,9.852826955076022,-7.0,5,48,8,2,-29.923584851784234,20.838179620767434
2015-03-14 01:30:00,35,-11.0,-7.103778005566017,9.852826955076022,-10.0,5,48,8,2,-32.48466024184185,18.277104230709817
2015-03-14 02:30:00,35,-12.0,-5.524098979351184,9.852826955076022,-12.0,5,48,8,2,-30.904981215627018,19.85678325692465
2015-03-14 03:30:00,35,-13.0,-7.309908277599259,9.852826955076022,-11.0,5,48,8,2,-32.69079051387509,18.070973958676575
2015-03-14 04:30:00,35,-14.0,-13.042218288224792,9.852826955076022,-12.0,5,48,8,2,-38.423100524500626,12.338663948051042
2015-03-14 05:30:00,35,-15.0,-10.363533630891016,9.852826955076022,-13.0,5,48,8,2,-35.74441586716685,15.017348605384818
2015-03-14 06:30:00,35,-12.0,-7.867460429620706,9.852826955076022,-14.0,5,48,8,2,-33.24834266589654,17.513421806655128
2015-03-14 07:30:00,35,-9.0,-8.843111606684158,9.852826955076022,-15.0,5,48,8,2,-34.22399384295999,16.537770629591677
2015-03-14 08:30:00,35,-8.0,-13.290087949706972,9.852826955076022,-12.0,5,48,8,2,-38.67097018598281,12.090794286568862
2015-03-14 09:30:00,35,-7.0,-3.198248632743283,9.852826955076022,-9.0,5,48,8,2,-28.579130869019117,22.18263360353255
2015-03-14 10:30:00,35,-5.0,-7.176473711090303,9.852826955076022,-8.0,5,48,8,2,-32.55735594736613,18.20440852518553
2015-03-14 11:30:00,35,-4.0,-3.925418311968144,9.852826955076022,-7.0,5,48,8,2,-29.30630054824398,21.45546392430769
2015-03-14 12:30:00,35,-4.0,-8.479225188158459,9.852826955076022,-5.0,5,48,8,2,-33.86010742443429,16.901657048117375
2015-03-14 13:30:00,35,-4.0,-3.1395058336305866,9.852826955076022,-4.0,5,48,8,2,-28.52038806990642,22.241376402645248
2015-03-14 14:30:00,35,1.0,-8.186776088324716,9.852826955076022,-4.0,5,48,8,2,-33.56765832460055,17.194106147951118
2015-03-14 15:30:00,35,3.0,-0.3507123284678428,9.852826955076022,-4.0,5,48,8,2,-25.731594564743677,25.03016990780799
2015-03-14 16:30:00,35,4.0,1.994551889477464,9.852826955076022,1.0,5,48,8,2,-23.38633034679837,27.375434125753298
2015-03-14 17:30:00,35,2.0,-0.2765369335993384,9.852826955076022,3.0,5,48,8,2,-25.657419169875173,25.104345302676496
2015-03-14 18:30:00,35,3.0,1.1690913504851963,9.852826955076022,4.0,5,48,8,2,-24.211790885790638,26.54997358676103
2015-03-14 19:30:00,35,2.0,1.178555287317316,9.852826955076022,2.0,5,48,8,2,-24.202326948958518,26.55943752359315
2015-03-14 20:30:00,35,-1.0,1.944209907286812,9.852826955076022,3.0,5,48,8,2,-23.436672328989022,27.325092143562646
2015-03-14 21:30:00,35,-3.0,0.3819790653919881,9.852826955076022,2.0,5,48,8,2,-24.998903170883846,25.762861301667822
2015-03-14 22:30:00,35,-5.0,0.0607562997472541,9.852826955076022,-1.0,5,48,8,2,-25.32012593652858,25.44163853602309
2015-03-14 23:30:00,35,-11.0,-3.0828936136029768,9.852826955076022,-3.0,5,48,8,2,-28.46377584987881,22.297988622672857
2015-03-15 00:30:00,35,-11.0,-8.298967783324443,9.852826955076022,-5.0,5,48,8,2,-33.67985001960028,17.08191445295139
2015-03-15 01:30:00,35,-11.0,-8.66387392911082,9.852826955076022,-11.0,5,48,8,2,-34.04475616538666,16.717008307165013
2015-03-15 02:30:00,35,-11.0,-10.187559080551864,9.852826955076022,-11.0,5,48,8,2,-35.5684413168277,15.19332315572397
2015-03-15 03:30:00,35,-12.0,-9.922755437644952,9.852826955076022,-11.0,5,48,8,2,-35.30363767392079,15.458126798630882
2015-03-15 04:30:00,35,-11.0,-5.91889832130283,9.852826955076022,-11.0,5,48,8,2,-31.299780557578664,19.461983914973004
2015-03-15 05:30:00,35,-11.0,-7.428938654142961,9.852826955076022,-12.0,5,48,8,2,-32.80982089041879,17.951943582132873
2015-03-15 06:30:00,35,-9.0,-12.798143313931831,9.852826955076022,-11.0,5,48,8,2,-38.17902555020767,12.582738922344003
2015-03-15 07:30:00,35,-9.0,-11.813067253420716,9.852826955076022,-11.0,5,48,8,2,-37.19394948969655,13.567814982855118
2015-03-15 08:30:00,35,-7.0,-8.862377943013641,9.852826955076022,-9.0,5,48,8,2,-34.24326017928948,16.518504293262193
2015-03-15 09:30:00,35,-6.0,-6.128897048029256,9.852826955076022,-9.0,5,48,8,2,-31.50977928430509,19.25198518824658
2015-03-15 10:30:00,35,-7.0,-8.95521434675263,9.852826955076022,-7.0,5,48,8,2,-34.336096583028464,16.425667889523204
2015-03-15 11:30:00,35,-5.0,-7.356824410120513,9.852826955076022,-6.0,5,48,8,2,-32.73770664639635,18.02405782615532
2015-03-15 12:30:00,35,-5.0,-10.15042799046822,9.852826955076022,-7.0,5,48,8,2,-35.531310226744054,15.230454245807614
2015-03-15 13:30:00,35,-3.0,-7.905708880426165,9.852826955076022,-5.0,5,48,8,2,-33.286591116702,17.47517335584967
2015-03-15 14:30:00,35,1.0,-7.553905145123316,9.852826955076022,-5.0,5,48,8,2,-32.93478738139915,17.826977091152518
2015-03-15 15:30:00,35,4.0,-0.4984621300108003,9.852826955076022,-3.0,5,48,8,2,-25.879344366286634,24.882420106265034
2015-03-15 16:30:00,35,-1.0,1.1120755788182564,9.852826955076022,1.0,5,48,8,2,-24.268806657457578,26.49295781509409
2015-03-15 17:30:00,35,0.0,0.8169469828846303,9.852826955076022,4.0,5,48,8,2,-24.563935253391204,26.197829219160464
2015-03-15 18:30:00,35,2.0,-3.890244230372023,9.852826955076022,-1.0,5,48,8,2,-29.271126466647857,21.49063800590381
2015-03-15 19:30:00,35,1.0,3.294658584565255,9.852826955076022,0.0,5,48,8,2,-22.08622365171058,28.67554082084109
2015-03-15 20:30:00,35,-2.0,5.603600985338055,9.852826955076022,2.0,5,48,8,2,-19.77728125093778,30.98448322161389
2015-03-15 21:30:00,35,-7.0,5.581349234730496,9.852826955076022,1.0,5,48,8,2,-19.79953300154534,30.96223147100633
2015-03-15 22:30:00,35,-7.0,-9.26686035467683,9.852826955076022,-2.0,5,48,8,2,-34.64774259095266,16.114021881599005
2015-03-15 23:30:00,35,-2.0,1.5480914287936829,9.852826955076022,-7.0,5,48,8,2,-23.83279080748215,26.928973665069517
2015-03-16 00:30:00,35,4.0,-1.1444984030373495,9.852826955076022,-7.0,5,48,8,2,-26.525380639313184,24.236383833238484
2015-03-16 01:30:00,35,10.0,2.667296338204004,9.852826955076022,-2.0,5,48,8,2,-22.71358589807183,28.048178574479838
2015-03-16 02:30:00,35,15.0,5.4560789952044,9.852826955076022,4.0,5,48,8,2,-19.924803241071434,30.836961231480235
2015-03-16 03:30:00,35,10.0,5.634270909927423,9.852826955076022,10.0,5,48,8,2,-19.74661132634841,31.015153146203257
2015-03-16 04:30:00,35,7.0,12.149690233739877,9.852826955076022,15.0,5,48,8,2,-13.231192002535957,37.53057247001571
2015-03-16 05:30:00,35,15.0,-0.3557545543270493,9.852826955076022,10.0,5,48,8,2,-25.736636790602883,25.025127681948785
2015-03-16 06:30:00,35,1.0,11.692019282086,9.852826955076022,7.0,5,48,8,2,-13.688862954189835,37.07290151836183
2015-03-16 07:30:00,35,-10.0,5.043866183052252,9.852826955076022,15.0,5,48,8,2,-20.337016053223582,30.424748419328086
2015-03-16 08:30:00,35,-2.0,-18.202659826978643,9.852826955076022,1.0,5,48,8,2,-43.58354206325448,7.178222409297192
2015-03-16 09:30:00,35,5.0,6.6020788656135,9.852826955076022,-10.0,5,48,8,2,-18.778803370662335,31.982961101889334
2015-03-16 10:30:00,35,11.0,-3.6015312376508213,9.852826955076022,-2.0,5,48,8,2,-28.982413473926655,21.779350998625013
2015-03-16 11:30:00,35,19.0,4.58592185770722,9.852826955076022,5.0,5,48,8,2,-20.794960378568614,29.966804093983054
2015-03-16 12:30:00,35,17.0,5.09821981567908,9.852826955076022,11.0,5,48,8,2,-20.282662420596754,30.479102051954914
2015-03-16 13:30:00,35,11.0,13.885313763335104,9.852826955076022,19.0,5,48,8,2,-11.49556847294073,39.266195999610936
2015-03-16 14:30:00,35,7.0,10.294298652561295,9.852826955076022,17.0,5,48,8,2,-15.086583583714539,35.67518088883713
2015-03-16 15:30:00,35,12.0,8.17727543114627,9.852826955076022,11.0,5,48,8,2,-17.203606805129564,33.55815766742211
2015-03-16 16:30:00,35,17.0,10.041037454392324,9.852826955076022,7.0,5,48,8,2,-15.33984478188351,35.42191969066816
2015-03-16 17:30:00,35,17.0,11.075739518379144,9.852826955076022,12.0,5,48,8,2,-14.30514271789669,36.456621754654975
2015-03-16 18:30:00,35,15.0,12.254179733472746,9.852826955076022,17.0,5,48,8,2,-13.126702502803088,37.63506196974858
2015-03-16 19:30:00,35,16.0,13.107786914492308,9.852826955076022,17.0,5,48,8,2,-12.273095321783526,38.488669150768146
2015-03-16 20:30:00,35,11.0,11.933616536098754,9.852826955076022,15.0,5,48,8,2,-13.44726570017708,37.31449877237459
2015-03-16 21:30:00,35,9.0,11.978840355293762,9.852826955076022,16.0,5,48,8,2,-13.402041880982072,37.35972259156959
2015-03-16 22:30:00,35,6.0,9.206618502933338,9.852826955076022,11.0,5,48,8,2,-16.174263733342496,34.587500739209176
2015-03-16 23:30:00,35,3.0,8.627847345359825,9.852826955076022,9.0,5,48,8,2,-16.75303489091601,34.00872958163566
2015-03-17 00:30:00,35,4.0,8.144583409095297,9.852826955076022,6.0,5,48,8,2,-17.236298827180537,33.52546564537113
2015-03-17 01:30:00,35,3.0,4.110516330247357,9.852826955076022,3.0,5,48,8,2,-21.270365906028477,29.49139856652319
2015-03-17 02:30:00,35,3.0,5.258894117843063,9.852826955076022,4.0,5,48,8,2,-20.12198811843277,30.639776354118897
2015-03-17 03:30:00,35,2.0,4.047132687282321,9.852826955076022,3.0,5,48,8,2,-21.333749548993513,29.428014923558155
2015-03-17 04:30:00,35,13.0,2.0583238966545494,9.852826955076022,3.0,5,48,8,2,-23.322558339621285,27.439206132930384
2015-03-17 05:30:00,35,45.0,4.101486319909142,9.852826955076022,2.0,5,48,8,2,-21.279395916366692,29.482368556184976
2015-03-17 06:30:00,35,25.0,10.679486522672905,9.852826955076022,13.0,5,48,8,2,-14.70139571360293,36.06036875894874
2015-03-17 07:30:00,35,-18.0,22.542099584870776,9.852826955076022,45.0,5,48,8,2,-2.838782651405058,47.92298182114661
2015-03-17 08:30:00,35,-54.0,-13.439530064576164,9.852826955076022,25.0,5,48,8,2,-38.820412300852,11.94135217169967
2015-03-17 09:30:00,35,-83.0,-45.56397083743788,9.852826955076022,-18.0,5,48,8,2,-70.94485307371372,-20.183088601162044
2015-03-17 10:30:00,35,-75.0,-110.99075995348365,9.852826955076022,-54.0,5,48,8,2,-136.37164218975948,-85.60987771720781
2015-03-17 11:30:00,35,-54.0,-77.47608703756583,9.852826955076022,-83.0,5,48,8,2,-102.85696927384167,-52.095204801289995
2015-03-17 12:30:00,35,-55.0,-63.30514341095156,9.852826955076022,-75.0,5,48,8,2,-88.6860256472274,-37.92426117467572
2015-03-17 13:30:00,35,-75.0,-61.366546424566266,9.852826955076022,-54.0,5,48,8,2,-86.7474286608421,-35.98566418829043
2015-03-17 14:30:00,35,-93.0,-87.13029195873182,9.852826955076022,-55.0,5,48,8,2,-112.51117419500765,-61.74940972245598
2015-03-17 15:30:00,35,-118.0,-87.43391466578366,9.852826955076022,-75.0,5,48,8,2,-112.8147969020595,-62.05303242950782
2015-03-17 16:30:00,35,-143.0,-125.3875297756896,9.852826955076022,-93.0,5,48,8,2,-150.76841201196544,-100.00664753941376
2015-03-17 17:30:00,35,-162.0,-135.93669073347957,9.852826955076022,-118.0,5,48,8,2,-161.3175729697554,-110.55580849720373
2015-03-17 18:30:00,35,-154.0,-155.3999429058974,9.852826955076022,-143.0,5,48,8,2,-180.78082514217323,-130.01906066962158
2015-03-17 19:30:00,35,-177.0,-173.79492012149478,9.852826955076022,-162.0,5,48,8,2,-199.1758023577706,-148.41403788521896
2015-03-17 20:30:00,35,-182.0,-149.79687573184967,9.852826955076022,-154.0,5,48,8,2,-175.1777579681255,-124.41599349557383
2015-03-17 21:30:00,35,-198.0,-176.43175256849122,9.852826955076022,-177.0,5,48,8,2,-201.81263480476704,-151.0508703322154
2015-03-17 22:30:00,35,-234.0,-175.32832088713442,9.852826955076022,-182.0,5,48,8,2,-200.70920312341025,-149.9474386508586
2015-03-17 23:30:00,35,-225.0,-189.91967202773827,9.852826955076022,-198.0,5,48,8,2,-215.3005542640141,-164.53878979146245
2015-03-18 00:30:00,35,-200.0,-216.16649707940843,9.852826955076022,-234.0,5,48,8,2,-241.54737931568425,-190.7856148431326
2015-03-18 01:30:00,35,-189.0,-199.84764985244024,9.852826955076022,-225.0,5,48,8,2,-225.22853208871607,-174.46676761616442
2015-03-18 02:30:00,35,-172.0,-166.6719299387082,9.852826955076022,-200.0,5,48,8,2,-192.052812174984,-141.29104770243237
2015-03-18 03:30:00,35,-155.0,-163.63829774862322,9.852826955076022,-189.0,5,48,8,2,-189.01917998489904,-138.2574155123474
2015-03-18 04:30:00,35,-148.0,-146.6897016795773,9.852826955076022,-172.0,5,48,8,2,-172.07058391585312,-121.30881944330146
2015-03-18 05:30:00,35,-136.0,-138.26815174965367,9.852826955076022,-155.0,5,48,8,2,-163.6490339859295,-112.88726951337783
2015-03-18 06:30:00,35,-133.0,-131.3362454377241,9.852826955076022,-148.0,5,48,8,2,-156.71712767399993,-105.95536320144826
2015-03-18 07:30:00,35,-124.0,-123.37488323311902,9.852826955076022,-136.0,5,48,8,2,-148.75576546939485,-97.99400099684318
2015-03-18 08:30:00,35,-123.0,-116.89266362535542,9.852826955076022,-133.0,5,48,8,2,-142.27354586163125,-91.51178138907959
2015-03-18 09:30:00,35,-117.0,-117.72350268323969,9.852826955076022,-124.0,5,48,8,2,-143.10438491951552,-92.34262044696385
2015-03-18 10:30:00,35,-111.0,-116.14938225541178,9.852826955076022,-123.0,5,48,8,2,-141.5302644916876,-90.76850001913594
2015-03-18 11:30:00,35,-99.0,-111.1349624059389,9.852826955076022,-117.0,5,48,8,2,-136.51584464221472,-85.75408016966306
2015-03-18 12:30:00,35,-97.0,-105.96236767090696,9.852826955076022,-111.0,5,48,8,2,-131.34324990718278,-80.58148543463112
2015-03-18 13:30:00,35,-91.0,-96.66629964222238,9.852826955076022,-99.0,5,48,8,2,-122.04718187849822,-71.28541740594655
2015-03-18 14:30:00,35,-88.0,-92.658116278736,9.852826955076022,-97.0,5,48,8,2,-118.03899851501184,-67.27723404246017
2015-03-18 15:30:00,35,-91.0,-87.02686557890901,9.852826955076022,-91.0,5,48,8,2,-112.40774781518485,-61.64598334263317
2015-03-18 16:30:00,35,-86.0,-96.1512202154246,9.852826955076022,-88.0,5,48,8,2,-121.53210245170044,-70.77033797914876
2015-03-18 17:30:00,35,-82.0,-88.04231432436117,9.852826955076022,-91.0,5,48,8,2,-113.42319656063701,-62.661432088085334
2015-03-18 18:30:00,35,-88.0,-76.96007032954118,9.852826955076022,-86.0,5,48,8,2,-102.34095256581702,-51.579188093265344
2015-03-18 19:30:00,35,-94.0,-79.55508528031976,9.852826955076022,-82.0,5,48,8,2,-104.9359675165956,-54.17420304404392
2015-03-18 20:30:00,35,-95.0,-90.9926152705562,9.852826955076022,-88.0,5,48,8,2,-116.37349750683204,-65.61173303428036
2015-03-18 21:30:00,35,-94.0,-86.19345767618083,9.852826955076022,-94.0,5,48,8,2,-111.57433991245667,-60.81257543990499
2015-03-18 22:30:00,35,-94.0,-87.60757638791029,9.852826955076022,-95.0,5,48,8,2,-112.98845862418612,-62.22669415163445
2015-03-18 23:30:00,35,-93.0,-89.67011579875032,9.852826955076022,-94.0,5,48,8,2,-115.05099803502615,-64.28923356247448
2015-03-19 00:30:00,35,-99.0,-91.45790597144308,9.852826955076022,-94.0,5,48,8,2,-116.83878820771892,-66.07702373516724
2015-03-19 01:30:00,35,-94.0,-89.41846880713868,9.852826955076022,-93.0,5,48,8,2,-114.79935104341452,-64.03758657086284
2015-03-19 02:30:00,35,-86.0,-90.57273931652163,9.852826955076022,-99.0,5,48,8,2,-115.95362155279747,-65.1918570802458
2015-03-19 03:30:00,35,-81.0,-87.76463174311509,9.852826955076022,-94.0,5,48,8,2,-113.14551397939093,-62.38374950683925
2015-03-19 04:30:00,35,-86.0,-82.10149612451579,9.852826955076022,-86.0,5,48,8,2,-107.48237836079163,-56.72061388823995
2015-03-19 05:30:00,35,-84.0,-77.9655083907789,9.852826955076022,-81.0,5,48,8,2,-103.34639062705473,-52.584626154503056
2015-03-19 06:30:00,35,-81.0,-81.03055685902277,9.852826955076022,-86.0,5,48,8,2,-106.4114390952986,-55.64967462274693
2015-03-19 07:30:00,35,-73.0,-75.0256737516169,9.852826955076022,-84.0,5,48,8,2,-100.40655598789274,-49.64479151534107
2015-03-19 08:30:00,35,-71.0,-77.3482132390763,9.852826955076022,-81.0,5,48,8,2,-102.72909547535214,-51.967331002800464
2015-03-19 09:30:00,35,-76.0,-70.80306561116626,9.852826955076022,-73.0,5,48,8,2,-96.1839478474421,-45.42218337489042
2015-03-19 10:30:00,35,-75.0,-75.20623924426161,9.852826955076022,-71.0,5,48,8,2,-100.58712148053745,-49.82535700798577
2015-03-19 11:30:00,35,-76.0,-75.4627331948102,9.852826955076022,-76.0,5,48,8,2,-100.84361543108604,-50.08185095853436
2015-03-19 12:30:00,35,-77.0,-70.40881301659692,9.852826955076022,-75.0,5,48,8,2,-95.78969525287276,-45.027930780321086
2015-03-19 13:30:00,35,-83.0,-80.3584828267293,9.852826955076022,-76.0,5,48,8,2,-105.73936506300514,-54.97760059045346
2015-03-19 14:30:00,35,-84.0,-73.25404734082218,9.852826955076022,-77.0,5,48,8,2,-98.63492957709802,-47.873165104546345
2015-03-19 15:30:00,35,-80.0,-79.2854346784759,9.852826955076022,-83.0,5,48,8,2,-104.66631691475173,-53.90455244220006
2015-03-19 16:30:00,35,-73.0,-75.14438302255512,9.852826955076022,-84.0,5,48,8,2,-100.52526525883096,-49.76350078627928
2015-03-19 17:30:00,35,-72.0,-69.93206665627089,9.852826955076022,-80.0,5,48,8,2,-95.31294889254673,-44.55118441999505
2015-03-19 18:30:00,35,-71.0,-67.9548393637655,9.852826955076022,-73.0,5,48,8,2,-93.33572160004134,-42.57395712748966
2015-03-19 19:30:00,35,-70.0,-71.14894841945974,9.852826955076022,-72.0,5,48,8,2,-96.52983065573558,-45.768066183183905
2015-03-19 20:30:00,35,-71.0,-66.40725354104005,9.852826955076022,-71.0,5,48,8,2,-91.78813577731589,-41.02637130476421
2015-03-19 21:30:00,35,-69.0,-65.45947563231273,9.852826955076022,-70.0,5,48,8,2,-90.84035786858857,-40.078593396036894
2015-03-19 22:30:00,35,-65.0,-73.11392379740965,9.852826955076022,-71.0,5,48,8,2,-98.49480603368549,-47.73304156113382
2015-03-19 23:30:00,35,-70.0,-64.61462942720516,9.852826955076022,-69.0,5,48,8,2,-89.995511663481,-39.23374719092932
2015-03-20 00:30:00,35,-75.0,-60.90949381816621,9.852826955076022,-65.0,5,48,8,2,-86.29037605444205,-35.528611581890374
2015-03-20 01:30:00,35,-81.0,-66.6966543072541,9.852826955076022,-70.0,5,48,8,2,-92.07753654352993,-41.315772070978255
2015-03-20 02:30:00,35,-74.0,-75.94218291719326,9.852826955076022,-75.0,5,48,8,2,-101.3230651534691,-50.56130068091743
2015-03-20 03:30:00,35,-69.0,-72.37933831440392,9.852826955076022,-81.0,5,48,8,2,-97.76022055067976,-46.998456078128086
2015-03-20 04:30:00,35,-65.0,-70.79332396137804,9.852826955076022,-74.0,5,48,8,2,-96.17420619765387,-45.4124417251022
2015-03-20 05:30:00,35,-64.0,-67.78973033283378,9.852826955076022,-69.0,5,48,8,2,-93.17061256910962,-42.408848096557946
2015-03-20 06:30:00,35,-71.0,-63.61332668545438,9.852826955076022,-65.0,5,48,8,2,-88.99420892173022,-38.232444449178544
2015-03-20 07:30:00,35,-68.0,-67.74928404433669,9.852826955076022,-64.0,5,48,8,2,-93.13016628061253,-42.36840180806085
2015-03-20 08:30:00,35,-63.0,-59.713492597864175,9.852826955076022,-71.0,5,48,8,2,-85.09437483414001,-34.33261036158834
2015-03-20 09:30:00,35,-61.0,-66.4659290815462,9.852826955076022,-68.0,5,48,8,2,-91.84681131782203,-41.085046845270355
2015-03-20 10:30:00,35,-62.0,-62.88662347721047,9.852826955076022,-63.0,5,48,8,2,-88.2675057134863,-37.50574124093464
2015-03-20 11:30:00,35,-65.0,-62.64776212974181,9.852826955076022,-61.0,5,48,8,2,-88.02864436601764,-37.26687989346597
2015-03-20 12:30:00,35,-58.0,-59.56399841181572,9.852826955076022,-62.0,5,48,8,2,-84.94488064809156,-34.18311617553988
2015-03-20 13:30:00,35,-57.0,-57.44739175983485,9.852826955076022,-65.0,5,48,8,2,-82.82827399611068,-32.06650952355902
2015-03-20 14:30:00,35,-55.0,-56.48990908507129,9.852826955076022,-58.0,5,48,8,2,-81.87079132134713,-31.109026848795455
2015-03-20 15:30:00,35,-56.0,-53.2707277565591,9.852826955076022,-57.0,5,48,8,2,-78.65160999283493,-27.889845520283263
2015-03-20 16:30:00,35,-62.0,-54.72279334018074,9.852826955076022,-55.0,5,48,8,2,-80.10367557645658,-29.34191110390491
2015-03-20 17:30:00,35,-66.0,-54.93941378520419,9.852826955076022,-56.0,5,48,8,2,-80.32029602148002,-29.558531548928354
2015-03-20 18:30:00,35,-64.0,-62.99330647537004,9.852826955076022,-62.0,5,48,8,2,-88.37418871164587,-37.61242423909421
2015-03-20 19:30:00,35,-60.0,-59.5054139958733,9.852826955076022,-66.0,5,48,8,2,-84.88629623214914,-34.12453175959746
2015-03-20 20:30:00,35,-59.0,-57.64445947704283,9.852826955076022,-64.0,5,48,8,2,-83.02534171331867,-32.26357724076699
2015-03-20 21:30:00,35,-56.0,-59.94171406770224,9.852826955076022,-60.0,5,48,8,2,-85.32259630397807,-34.56083183142641
2015-03-20 22:30:00,35,-56.0,-54.196946027436624,9.852826955076022,-59.0,5,48,8,2,-79.57782826371246,-28.81606379116079
2015-03-20 23:30:00,35,-65.0,-56.174650639085314,9.852826955076022,-56.0,5,48,8,2,-81.55553287536115,-30.79376840280948
2015-03-21 00:30:00,35,-69.0,-60.46367990795835,9.852826955076022,-56.0,5,48,8,2,-85.84456214423419,-35.08279767168251
2015-03-21 01:30:00,35,-65.0,-64.54891776860032,9.852826955076022,-65.0,5,48,8,2,-89.92980000487616,-39.16803553232448
2015-03-21 02:30:00,35,-64.0,-64.83584732343155,9.852826955076022,-69.0,5,48,8,2,-90.21672955970739,-39.45496508715571
2015-03-21 03:30:00,35,-58.0,-59.42285080187756,9.852826955076022,-65.0,5,48,8,2,-84.8037330381534,-34.04196856560172
2015-03-21 04:30:00,35,-48.0,-60.683841193172086,9.852826955076022,-64.0,5,48,8,2,-86.06472342944792,-35.30295895689625
2015-03-21 05:30:00,35,-46.0,-54.9220068239011,9.852826955076022,-58.0,5,48,8,2,-80.30288906017694,-29.541124587625266
2015-03-21 06:30:00,35,-49.0,-49.45833528157237,9.852826955076022,-48.0,5,48,8,2,-74.8392175178482,-24.077453045296533
2015-03-21 07:30:00,35,-46.0,-48.27226446908342,9.852826955076022,-46.0,5,48,8,2,-73.65314670535925,-22.891382232807583
2015-03-21 08:30:00,35,-45.0,-51.28271956031257,9.852826955076022,-49.0,5,48,8,2,-76.66360179658841,-25.901837324036737
2015-03-21 09:30:00,35,-44.0,-49.60231643151575,9.852826955076022,-46.0,5,48,8,2,-74.98319866779158,-24.22143419523992
2015-03-21 10:30:00,35,-50.0,-45.74648032077528,9.852826955076022,-45.0,5,48,8,2,-71.12736255705111,-20.365598084499442
2015-03-21 11:30:00,35,-48.0,-46.48051471713375,9.852826955076022,-44.0,5,48,8,2,-71.86139695340958,-21.099632480857917
2015-03-21 12:30:00,35,-46.0,-47.747762328470415,9.852826955076022,-50.0,5,48,8,2,-73.12864456474625,-22.36688009219458
2015-03-21 13:30:00,35,-45.0,-47.59753155219855,9.852826955076022,-48.0,5,48,8,2,-72.97841378847438,-22.216649315922712
2015-03-21 14:30:00,35,-46.0,-45.60012993217517,9.852826955076022,-46.0,5,48,8,2,-70.981012168451,-20.219247695899337
2015-03-21 15:30:00,35,-46.0,-44.85497508459409,9.852826955076022,-45.0,5,48,8,2,-70.23585732086993,-19.474092848318254
2015-03-21 16:30:00,35,-46.0,-43.843175660955694,9.852826955076022,-46.0,5,48,8,2,-69.22405789723153,-18.46229342467986
2015-03-21 17:30:00,35,-44.0,-44.27924792137534,9.852826955076022,-46.0,5,48,8,2,-69.66013015765117,-18.898365685099503
2015-03-21 18:30:00,35,-44.0,-44.31873197787219,9.852826955076022,-46.0,5,48,8,2,-69.69961421414803,-18.937849741596356
2015-03-21 19:30:00,35,-44.0,-41.09028523389884,9.852826955076022,-44.0,5,48,8,2,-66.47116747017468,-15.709402997623005
2015-03-21 20:30:00,35,-47.0,-41.98366232049312,9.852826955076022,-44.0,5,48,8,2,-67.36454455676895,-16.602780084217283
2015-03-21 21:30:00,35,-40.0,-42.66358337102076,9.852826955076022,-44.0,5,48,8,2,-68.0444656072966,-17.28270113474493
2015-03-21 22:30:00,35,-43.0,-43.442078960761215,9.852826955076022,-47.0,5,48,8,2,-68.82296119703705,-18.06119672448538
2015-03-21 23:30:00,35,-41.0,-37.94026799165864,9.852826955076022,-40.0,5,48,8,2,-63.32115022793447,-12.559385755382802
2015-03-22 00:30:00,35,-39.0,-40.46266317404936,9.852826955076022,-43.0,5,48,8,2,-65.84354541032519,-15.081780937773527
2015-03-22 01:30:00,35,-42.0,-40.05264060587521,9.852826955076022,-41.0,5,48,8,2,-65.43352284215105,-14.671758369599377
2015-03-22 02:30:00,35,-36.0,-40.74209936073894,9.852826955076022,-39.0,5,48,8,2,-66.12298159701477,-15.361217124463106
2015-03-22 03:30:00,35,-33.0,-43.13955300292271,9.852826955076022,-42.0,5,48,8,2,-68.52043523919855,-17.758670766646876
2015-03-22 04:30:00,35,-40.0,-39.609631488042346,9.852826955076022,-36.0,5,48,8,2,-64.99051372431818,-14.228749251766512
2015-03-22 05:30:00,35,-43.0,-42.07221586973724,9.852826955076022,-33.0,5,48,8,2,-67.45309810601307,-16.691333633461408
2015-03-22 06:30:00,35,-45.0,-39.72839011811924,9.852826955076022,-40.0,5,48,8,2,-65.10927235439507,-14.34750788184341
2015-03-22 07:30:00,35,-56.0,-40.29780148121917,9.852826955076022,-43.0,5,48,8,2,-65.678683717495,-14.916919244943333
2015-03-22 08:30:00,35,-50.0,-55.08766911111255,9.852826955076022,-45.0,5,48,8,2,-80.46855134738838,-29.706786874836713
2015-03-22 09:30:00,35,-50.0,-53.26398887810871,9.852826955076022,-56.0,5,48,8,2,-78.64487111438454,-27.883106641832878
2015-03-22 10:30:00,35,-45.0,-43.96603543880813,9.852826955076022,-50.0,5,48,8,2,-69.34691767508396,-18.585153202532293
2015-03-22 11:30:00,35,-33.0,-53.080021401751786,9.852826955076022,-50.0,5,48,8,2,-78.46090363802762,-27.699139165475952
2015-03-22 12:30:00,35,-41.0,-45.62847292594096,9.852826955076022,-45.0,5,48,8,2,-71.00935516221679,-20.247590689665127
2015-03-22 13:30:00,35,-48.0,-38.66844058349254,9.852826955076022,-33.0,5,48,8,2,-64.04932281976838,-13.287558347216706
2015-03-22 14:30:00,35,-55.0,-48.17240171059184,9.852826955076022,-41.0,5,48,8,2,-73.55328394686768,-22.791519474316008
2015-03-22 15:30:00,35,-51.0,-47.30757644488853,9.852826955076022,-48.0,5,48,8,2,-72.68845868116436,-21.926694208612698
2015-03-22 16:30:00,35,-49.0,-51.35704682945395,9.852826955076022,-55.0,5,48,8,2,-76.73792906572979,-25.976164593178115
2015-03-22 17:30:00,35,-52.0,-48.21074020114477,9.852826955076022,-51.0,5,48,8,2,-73.59162243742061,-22.82985796486894
2015-03-22 18:30:00,35,-54.0,-47.95351074518901,9.852826955076022,-49.0,5,48,8,2,-73.33439298146484,-22.572628508913173
2015-03-22 19:30:00,35,-52.0,-49.96044247583482,9.852826955076022,-52.0,5,48,8,2,-75.34132471211065,-24.579560239558983
2015-03-22 20:30:00,35,-47.0,-49.4123824658676,9.852826955076022,-54.0,5,48,8,2,-74.79326470214343,-24.031500229591767
2015-03-22 21:30:00,35,-46.0,-47.49225989996041,9.852826955076022,-52.0,5,48,8,2,-72.87314213623624,-22.111377663684575
2015-03-22 22:30:00,35,-45.0,-43.84738474794659,9.852826955076022,-47.0,5,48,8,2,-69.22826698422243,-18.466502511670758
2015-03-22 23:30:00,35,-44.0,-41.66213363667018,9.852826955076022,-46.0,5,48,8,2,-67.04301587294601,-16.281251400394343
2015-03-23 00:30:00,35,-40.0,-41.06318977880304,9.852826955076022,-45.0,5,48,8,2,-66.44407201507887,-15.682307542527209
2015-03-23 01:30:00,35,-45.0,-41.075286022228816,9.852826955076022,-44.0,5,48,8,2,-66.45616825850465,-15.694403785952982
2015-03-23 02:30:00,35,-46.0,-41.59830630386512,9.852826955076022,-40.0,5,48,8,2,-66.97918854014095,-16.21742406758929
2015-03-23 03:30:00,35,-47.0,-51.960161263335664,9.852826955076022,-45.0,5,48,8,2,-77.3410434996115,-26.57927902705983
2015-03-23 04:30:00,35,-50.0,-43.8281618042665,9.852826955076022,-46.0,5,48,8,2,-69.20904404054234,-18.447279567990666
2015-03-23 05:30:00,35,-47.0,-44.61001598506979,9.852826955076022,-47.0,5,48,8,2,-69.99089822134563,-19.22913374879396
2015-03-23 06:30:00,35,-44.0,-50.22348654680894,9.852826955076022,-50.0,5,48,8,2,-75.60436878308478,-24.84260431053311
2015-03-23 07:30:00,35,-46.0,-41.62038448387513,9.852826955076022,-47.0,5,48,8,2,-67.00126672015097,-16.239502247599294
2015-03-23 08:30:00,35,-47.0,-42.1911513248604,9.852826955076022,-44.0,5,48,8,2,-67.57203356113624,-16.810269088584565
2015-03-23 09:30:00,35,-44.0,-45.15840469435616,9.852826955076022,-46.0,5,48,8,2,-70.53928693063199,-19.777522458080323
2015-03-23 10:30:00,35,-46.0,-48.69082020176025,9.852826955076022,-47.0,5,48,8,2,-74.07170243803608,-23.30993796548442
2015-03-23 11:30:00,35,-42.0,-45.599441073866096,9.852826955076022,-44.0,5,48,8,2,-70.98032331014193,-20.218558837590262
2015-03-23 12:30:00,35,-36.0,-43.93434361732561,9.852826955076022,-46.0,5,48,8,2,-69.31522585360145,-18.553461381049775
2015-03-23 13:30:00,35,-35.0,-42.19444265731669,9.852826955076022,-42.0,5,48,8,2,-67.57532489359252,-16.813560421040858
2015-03-23 14:30:00,35,-32.0,-39.70013824891717,9.852826955076022,-36.0,5,48,8,2,-65.08102048519301,-14.319256012641336
2015-03-23 15:30:00,35,-37.0,-39.67732673313246,9.852826955076022,-35.0,5,48,8,2,-65.0582089694083,-14.296444496856626
2015-03-23 16:30:00,35,-39.0,-36.1576190343065,9.852826955076022,-32.0,5,48,8,2,-61.53850127058233,-10.776736798030665
2015-03-23 17:30:00,35,-35.0,-33.954246678037414,9.852826955076022,-37.0,5,48,8,2,-59.335128914313245,-8.57336444176158
2015-03-23 18:30:00,35,-36.0,-34.99858102877578,9.852826955076022,-39.0,5,48,8,2,-60.37946326505161,-9.617698792499947
2015-03-23 19:30:00,35,-37.0,-33.8395787543798,9.852826955076022,-35.0,5,48,8,2,-59.22046099065564,-8.458696518103967
2015-03-23 20:30:00,35,-40.0,-34.519114220537006,9.852826955076022,-36.0,5,48,8,2,-59.89999645681284,-9.138231984261171
2015-03-23 21:30:00,35,-50.0,-36.97049678979169,9.852826955076022,-37.0,5,48,8,2,-62.35137902606752,-11.589614553515855
2015-03-23 22:30:00,35,-47.0,-41.97895638766669,9.852826955076022,-40.0,5,48,8,2,-67.35983862394252,-16.598074151390858
2015-03-23 23:30:00,35,-47.0,-40.844875393229,9.852826955076022,-50.0,5,48,8,2,-66.22575762950484,-15.463993156953169
2015-03-24 00:30:00,35,-48.0,-44.18022372583323,9.852826955076022,-47.0,5,48,8,2,-69.56110596210907,-18.799341489557396
2015-03-24 01:30:00,35,-48.0,-42.105268593186274,9.852826955076022,-47.0,5,48,8,2,-67.4861508294621,-16.72438635691044
2015-03-24 02:30:00,35,-45.0,-44.052262057228674,9.852826955076022,-48.0,5,48,8,2,-69.43314429350451,-18.67137982095284
2015-03-24 03:30:00,35,-40.0,-44.397802063591975,9.852826955076022,-48.0,5,48,8,2,-69.7786842998678,-19.01691982731614
2015-03-24 04:30:00,35,-34.0,-42.036224921516336,9.852826955076022,-45.0,5,48,8,2,-67.41710715779217,-16.6553426852405
2015-03-24 05:30:00,35,-33.0,-37.3818596484239,9.852826955076022,-40.0,5,48,8,2,-62.762741884699736,-12.000977412148064
2015-03-24 06:30:00,35,-32.0,-34.16025348442293,9.852826955076022,-34.0,5,48,8,2,-59.54113572069876,-8.779371248147097
2015-03-24 07:30:00,35,-29.0,-31.565674087362613,9.852826955076022,-33.0,5,48,8,2,-56.94655632363845,-6.1847918510867785
2015-03-24 08:30:00,35,-30.0,-29.873467615523392,9.852826955076022,-32.0,5,48,8,2,-55.254349851799226,-4.492585379247558
2015-03-24 09:30:00,35,-29.0,-29.29682703703496,9.852826955076022,-29.0,5,48,8,2,-54.677709273310796,-3.9159448007591244
2015-03-24 10:30:00,35,-26.0,-30.690536829735667,9.852826955076022,-30.0,5,48,8,2,-56.0714190660115,-5.3096545934598325
2015-03-24 11:30:00,35,-31.0,-30.23110332290436,9.852826955076022,-29.0,5,48,8,2,-55.6119855591802,-4.850221086628526
2015-03-24 12:30:00,35,-32.0,-29.775689602630976,9.852826955076022,-26.0,5,48,8,2,-55.156571838906814,-4.394807366355142
2015-03-24 13:30:00,35,-30.0,-34.363484585068754,9.852826955076022,-31.0,5,48,8,2,-59.744366821344585,-8.98260234879292
2015-03-24 14:30:00,35,-28.0,-31.44912604156812,9.852826955076022,-32.0,5,48,8,2,-56.83000827784396,-6.068243805292287
2015-03-24 15:30:00,35,-26.0,-31.4282219039282,9.852826955076022,-30.0,5,48,8,2,-56.809104140204035,-6.047339667652366
2015-03-24 16:30:00,35,-33.0,-30.21428623042892,9.852826955076022,-28.0,5,48,8,2,-55.595168466704756,-4.8334039941530875
2015-03-24 17:30:00,35,-34.0,-31.64391510227497,9.852826955076022,-26.0,5,48,8,2,-57.024797338550805,-6.263032865999136
2015-03-24 18:30:00,35,-31.0,-34.29706942313566,9.852826955076022,-33.0,5,48,8,2,-59.67795165941149,-8.916187186859826
2015-03-24 19:30:00,35,-31.0,-30.97788431002136,9.852826955076022,-34.0,5,48,8,2,-56.35876654629719,-5.597002073745525
2015-03-24 20:30:00,35,-28.0,-29.47744704169545,9.852826955076022,-31.0,5,48,8,2,-54.85832927797128,-4.096564805419614
2015-03-24 21:30:00,35,-28.0,-26.731470962114948,9.852826955076022,-31.0,5,48,8,2,-52.11235319839078,-1.3505887258391134
2015-03-24 22:30:00,35,-34.0,-27.208251494152385,9.852826955076022,-28.0,5,48,8,2,-52.589133730428216,-1.8273692578765512
2015-03-24 23:30:00,35,-34.0,-28.760627865370573,9.852826955076022,-28.0,5,48,8,2,-54.1415101016464,-3.3797456290947387
2015-03-25 00:30:00,35,-30.0,-31.526508424430663,9.852826955076022,-34.0,5,48,8,2,-56.9073906607065,-6.145626188154829
2015-03-25 01:30:00,35,-30.0,-30.62347430371448,9.852826955076022,-34.0,5,48,8,2,-56.00435653999031,-5.242592067438647
2015-03-25 02:30:00,35,-36.0,-28.62703952616034,9.852826955076022,-30.0,5,48,8,2,-54.00792176243617,-3.246157289884504
2015-03-25 03:30:00,35,-34.0,-31.74673886667936,9.852826955076022,-30.0,5,48,8,2,-57.127621102955196,-6.365856630403528
2015-03-25 04:30:00,35,-32.0,-31.61965454320468,9.852826955076022,-36.0,5,48,8,2,-57.00053677948051,-6.238772306928844
2015-03-25 05:30:00,35,-34.0,-31.76793617590673,9.852826955076022,-34.0,5,48,8,2,-57.148818412182564,-6.387053939630896
2015-03-25 06:30:00,35,-33.0,-32.562494029426254,9.852826955076022,-32.0,5,48,8,2,-57.943376265702085,-7.18161179315042
2015-03-25 07:30:00,35,-32.0,-31.564940209179795,9.852826955076022,-34.0,5,48,8,2,-56.94582244545563,-6.184057972903961
2015-03-25 08:30:00,35,-31.0,-30.770183766488287,9.852826955076022,-33.0,5,48,8,2,-56.151066002764125,-5.389301530212453
2015-03-25 09:30:00,35,-28.0,-28.55459766763499,9.852826955076022,-32.0,5,48,8,2,-53.935479903910824,-3.173715431359156
2015-03-25 10:30:00,35,-17.0,-29.48795185970483,9.852826955076022,-31.0,5,48,8,2,-54.86883409598066,-4.107069623428995
2015-03-25 11:30:00,35,-13.0,-27.48719625908761,9.852826955076022,-28.0,5,48,8,2,-52.86807849536345,-2.1063140228117767
2015-03-25 12:30:00,35,-5.0,-19.75575868580919,9.852826955076022,-17.0,5,48,8,2,-45.13664092208502,5.625123550466643
2015-03-25 13:30:00,35,-5.0,-15.039613399350756,9.852826955076022,-13.0,5,48,8,2,-40.420495635626594,10.341268836925078
2015-03-25 14:30:00,35,-4.0,-11.885131595896365,9.852826955076022,-5.0,5,48,8,2,-37.2660138321722,13.49575064037947
2015-03-25 15:30:00,35,-12.0,-12.83263179166758,9.852826955076022,-5.0,5,48,8,2,-38.21351402794342,12.548250444608254
2015-03-25 16:30:00,35,-22.0,-17.331014321607356,9.852826955076022,-4.0,5,48,8,2,-42.71189655788319,8.049867914668479
2015-03-25 17:30:00,35,-17.0,-20.01707464452132,9.852826955076022,-12.0,5,48,8,2,-45.39795688079715,5.363807591754515
2015-03-25 18:30:00,35,-17.0,-22.31338652987272,9.852826955076022,-22.0,5,48,8,2,-47.694268766148554,3.0674957064031148
2015-03-25 19:30:00,35,-22.0,-17.97839142750008,9.852826955076022,-17.0,5,48,8,2,-43.35927366377591,7.402490808775756
2015-03-25 20:30:00,35,-28.0,-20.234462054622742,9.852826955076022,-17.0,5,48,8,2,-45.61534429089858,5.146420181653092
2015-03-25 21:30:00,35,-32.0,-23.25394715619012,9.852826955076022,-22.0,5,48,8,2,-48.63482939246595,2.1269350800857154
2015-03-25 22:30:00,35,-33.0,-24.9730885303224,9.852826955076022,-28.0,5,48,8,2,-50.35397076659824,0.4077937059534342
2015-03-25 23:30:00,35,-31.0,-26.74583989555257,9.852826955076022,-32.0,5,48,8,2,-52.1267221318284,-1.3649576592767367
2015-03-26 00:30:00,35,-29.0,-29.21553850211508,9.852826955076022,-33.0,5,48,8,2,-54.59642073839092,-3.8346562658392465
2015-03-26 01:30:00,35,-25.0,-28.676264690037296,9.852826955076022,-31.0,5,48,8,2,-54.05714692631313,-3.295382453761462
2015-03-26 02:30:00,35,-25.0,-25.93164137630155,9.852826955076022,-29.0,5,48,8,2,-51.31252361257738,-0.5507591400257148
2015-03-26 03:30:00,35,-23.0,-21.221541770719483,9.852826955076022,-25.0,5,48,8,2,-46.60242400699532,4.159340465556351
2015-03-26 04:30:00,35,-23.0,-21.08713737849664,9.852826955076022,-25.0,5,48,8,2,-46.46801961477247,4.2937448577791955
2015-03-26 05:30:00,35,-26.0,-19.5273582212924,9.852826955076022,-23.0,5,48,8,2,-44.90824045756823,5.853524014983435
2015-03-26 06:30:00,35,-27.0,-22.17329987021216,9.852826955076022,-23.0,5,48,8,2,-47.55418210648799,3.2075823660636757
2015-03-26 07:30:00,35,-21.0,-23.35169560784014,9.852826955076022,-26.0,5,48,8,2,-48.73257784411597,2.0291866284356956
2015-03-26 08:30:00,35,-18.0,-22.978484108960373,9.852826955076022,-27.0,5,48,8,2,-48.35936634523621,2.402398127315461
2015-03-26 09:30:00,35,-15.0,-16.18466839481937,9.852826955076022,-21.0,5,48,8,2,-41.565550631095206,9.196213841456466
2015-03-26 10:30:00,35,-15.0,-16.250301946655313,9.852826955076022,-18.0,5,48,8,2,-41.63118418293115,9.130580289620521
2015-03-26 11:30:00,35,-10.0,-14.516446667522754,9.852826955076022,-15.0,5,48,8,2,-39.89732890379859,10.86443556875308
2015-03-26 12:30:00,35,-9.0,-13.788055485217544,9.852826955076022,-15.0,5,48,8,2,-39.16893772149338,11.59282675105829
2015-03-26 13:30:00,35,-13.0,-9.88907840245281,9.852826955076022,-10.0,5,48,8,2,-35.26996063872865,15.491803833823024
2015-03-26 14:30:00,35,-11.0,-8.736758392659954,9.852826955076022,-9.0,5,48,8,2,-34.11764062893579,16.64412384361588
2015-03-26 15:30:00,35,-16.0,-14.428498445737628,9.852826955076022,-13.0,5,48,8,2,-39.80938068201346,10.952383790538207
2015-03-26 16:30:00,35,-20.0,-9.951559478310518,9.852826955076022,-11.0,5,48,8,2,-35.33244171458635,15.429322757965316
2015-03-26 17:30:00,35,-20.0,-15.392301259884942,9.852826955076022,-16.0,5,48,8,2,-40.773183496160776,9.988580976390892
2015-03-26 18:30:00,35,-21.0,-17.314744247718302,9.852826955076022,-20.0,5,48,8,2,-42.69562648399413,8.066137988557532
2015-03-26 19:30:00,35,-20.0,-18.052409524014543,9.852826955076022,-20.0,5,48,8,2,-43.43329176029037,7.328472712261291
2015-03-26 20:30:00,35,-27.0,-18.08035764467088,9.852826955076022,-21.0,5,48,8,2,-43.461239880946714,7.300524591604955
2015-03-26 21:30:00,35,-30.0,-19.95769614309505,9.852826955076022,-20.0,5,48,8,2,-45.33857837937089,5.423186093180785
2015-03-26 22:30:00,35,-31.0,-25.309306168372217,9.852826955076022,-27.0,5,48,8,2,-50.690188404648055,0.07157606790361726
2015-03-26 23:30:00,35,-29.0,-24.79831107469831,9.852826955076022,-30.0,5,48,8,2,-50.17919331097414,0.5825711615775226
2015-03-27 00:30:00,35,-28.0,-29.32751133543944,9.852826955076022,-31.0,5,48,8,2,-54.70839357171528,-3.946629099163605
2015-03-27 01:30:00,35,-29.0,-27.895696287676262,9.852826955076022,-29.0,5,48,8,2,-53.2765785239521,-2.5148140514004282
2015-03-27 02:30:00,35,-27.0,-26.5737337999066,9.852826955076022,-28.0,5,48,8,2,-51.95461603618243,-1.1928515636307644
2015-03-27 03:30:00,35,-27.0,-26.73748843776921,9.852826955076022,-29.0,5,48,8,2,-52.11837067404504,-1.3566062014933742
2015-03-27 04:30:00,35,-25.0,-26.814252746581992,9.852826955076022,-27.0,5,48,8,2,-52.19513498285782,-1.4333705103061583
2015-03-27 05:30:00,35,-30.0,-25.237279252056663,9.852826955076022,-27.0,5,48,8,2,-50.6181614883325,0.1436029842191715
2015-03-27 06:30:00,35,-35.0,-27.25205311926361,9.852826955076022,-25.0,5,48,8,2,-52.632935355539445,-1.8711708829877765
2015-03-27 07:30:00,35,-29.0,-30.062876801317973,9.852826955076022,-30.0,5,48,8,2,-55.44375903759381,-4.681994565042139
2015-03-27 08:30:00,35,-23.0,-27.510648901267064,9.852826955076022,-35.0,5,48,8,2,-52.8915311375429,-2.12976666499123
2015-03-27 09:30:00,35,-27.0,-26.431193285923,9.852826955076022,-29.0,5,48,8,2,-51.81207552219884,-1.050311049647167
2015-03-27 10:30:00,35,-23.0,-24.668525287595,9.852826955076022,-23.0,5,48,8,2,-50.04940752387083,0.712356948680835
2015-03-27 11:30:00,35,-22.0,-23.99536752388301,9.852826955076022,-27.0,5,48,8,2,-49.37624976015884,1.3855147123928226
2015-03-27 12:30:00,35,-22.0,-24.53933940386952,9.852826955076022,-23.0,5,48,8,2,-49.92022164014536,0.841542832406315
2015-03-27 13:30:00,35,-23.0,-19.2158434761326,9.852826955076022,-22.0,5,48,8,2,-44.596725712408436,6.165038760143233
2015-03-27 14:30:00,35,-29.0,-24.91221027045156,9.852826955076022,-22.0,5,48,8,2,-50.29309250672739,0.4686719658242744
2015-03-27 15:30:00,35,-30.0,-27.990946949945734,9.852826955076022,-23.0,5,48,8,2,-53.37182918622157,-2.6100647136698996
2015-03-27 16:30:00,35,-26.0,-25.59667615859477,9.852826955076022,-29.0,5,48,8,2,-50.977558394870606,-0.21579392231893735
2015-03-27 17:30:00,35,-23.0,-23.858446900403628,9.852826955076022,-30.0,5,48,8,2,-49.23932913667946,1.5224353358722063
2015-03-27 18:30:00,35,-23.0,-22.17228448221642,9.852826955076022,-26.0,5,48,8,2,-47.55316671849225,3.208597754059415
2015-03-27 19:30:00,35,-23.0,-19.110097759199867,9.852826955076022,-23.0,5,48,8,2,-44.4909799954757,6.270784477075967
2015-03-27 20:30:00,35,-21.0,-22.24080039078814,9.852826955076022,-23.0,5,48,8,2,-47.621682627063976,3.1400818454876926
2015-03-27 21:30:00,35,-20.0,-18.581883377431488,9.852826955076022,-23.0,5,48,8,2,-43.96276561370732,6.798998858844346
2015-03-27 22:30:00,35,-21.0,-20.118657921561244,9.852826955076022,-21.0,5,48,8,2,-45.499540157837075,5.26222431471459
