time,event_no,DST_true,DST_pred,sigma_nT,DST_persist,fold,L_value,L_idx,H,DST_p005,DST_p995
2003-10-21 00:30:00,19,-40.0,-32.39568288414843,5.78643376354808,,5,24,4,1,-47.301536259048284,-17.489829509248572
2003-10-21 01:30:00,19,-49.0,-40.41391907525387,5.78643376354808,-40.0,5,24,4,1,-55.31977245015373,-25.508065700354017
2003-10-21 02:30:00,19,-52.0,-54.77295096533989,5.78643376354808,-49.0,5,24,4,1,-69.67880434023974,-39.86709759044003
2003-10-21 03:30:00,19,-48.0,-51.06959884631178,5.78643376354808,-52.0,5,24,4,1,-65.97545222121163,-36.16374547141192
2003-10-21 04:30:00,19,-43.0,-45.13445255344347,5.78643376354808,-48.0,5,24,4,1,-60.04030592834332,-30.22859917854361
2003-10-21 05:30:00,19,-39.0,-42.30337653194715,5.78643376354808,-43.0,5,24,4,1,-57.20922990684701,-27.397523157047296
2003-10-21 06:30:00,19,-37.0,-39.907193207167815,5.78643376354808,-39.0,5,24,4,1,-54.81304658206767,-25.00133983226796
2003-10-21 07:30:00,19,-45.0,-38.83968579394177,5.78643376354808,-37.0,5,24,4,1,-53.745539168841624,-23.933832419041913
2003-10-21 08:30:00,19,-40.0,-43.68573017255847,5.78643376354808,-45.0,5,24,4,1,-58.59158354745833,-28.779876797658616
2003-10-21 09:30:00,19,-36.0,-37.12036122553246,5.78643376354808,-40.0,5,24,4,1,-52.02621460043232,-22.214507850632607
2003-10-21 10:30:00,19,-29.0,-36.17817922336248,5.78643376354808,-36.0,5,24,4,1,-51.08403259826233,-21.27232584846262
2003-10-21 11:30:00,19,-40.0,-30.34795317049477,5.78643376354808,-29.0,5,24,4,1,-45.253806545394625,-15.442099795594915
2003-10-21 12:30:00,19,-43.0,-42.61411089957556,5.78643376354808,-40.0,5,24,4,1,-57.51996427447541,-27.7082575246757
2003-10-21 13:30:00,19,-42.0,-43.08880929365975,5.78643376354808,-43.0,5,24,4,1,-57.994662668559606,-28.182955918759895
2003-10-21 14:30:00,19,-41.0,-44.32608773006732,5.78643376354808,-42.0,5,24,4,1,-59.23194110496718,-29.420234355167466
2003-10-21 15:30:00,19,-42.0,-39.951124166703096,5.78643376354808,-41.0,5,24,4,1,-54.85697754160295,-25.04527079180324
2003-10-21 16:30:00,19,-54.0,-43.00805815787668,5.78643376354808,-42.0,5,24,4,1,-57.91391153277654,-28.102204782976827
2003-10-21 17:30:00,19,-53.0,-57.53255246399089,5.78643376354808,-54.0,5,24,4,1,-72.43840583889074,-42.626699089091034
2003-10-21 18:30:00,19,-57.0,-50.01094024105792,5.78643376354808,-53.0,5,24,4,1,-64.91679361595777,-35.10508686615806
2003-10-21 19:30:00,19,-50.0,-55.45955541903977,5.78643376354808,-57.0,5,24,4,1,-70.36540879393962,-40.55370204413992
2003-10-21 20:30:00,19,-51.0,-47.506241881545314,5.78643376354808,-50.0,5,24,4,1,-62.41209525644517,-32.60038850664546
2003-10-21 21:30:00,19,-60.0,-53.43342392558078,5.78643376354808,-51.0,5,24,4,1,-68.33927730048063,-38.52757055068093
2003-10-21 22:30:00,19,-54.0,-54.00008573990736,0.0258732490181935,-60.0,5,24,4,1,-54.06673522937823,-53.93343625043649
2003-10-21 23:30:00,19,-46.0,-46.0000479969166,0.0258732490181935,-54.0,5,24,4,1,-46.06669748638747,-45.93339850744573
2003-10-22 00:30:00,19,-46.0,-45.99995382255115,0.0258732490181935,-46.0,5,24,4,1,-46.06660331202202,-45.93330433308028
2003-10-22 01:30:00,19,-47.0,-46.99998339415083,0.0258732490181935,-46.0,5,24,4,1,-47.0666328836217,-46.93333390467996
2003-10-22 02:30:00,19,-49.0,-48.99996049781805,0.0258732490181935,-47.0,5,24,4,1,-49.06660998728892,-48.93331100834718
2003-10-22 03:30:00,19,-56.0,-55.99993902554831,0.0258732490181935,-49.0,5,24,4,1,-56.06658851501918,-55.93328953607744
2003-10-22 04:30:00,19,-51.0,-51.000064512394864,0.0258732490181935,-56.0,5,24,4,1,-51.06671400186573,-50.933415022923995
2003-10-22 05:30:00,19,-51.0,-50.99998997196454,0.0258732490181935,-51.0,5,24,4,1,-51.06663946143541,-50.93334048249367
2003-10-22 06:30:00,19,-61.0,-60.99991820281323,0.0258732490181935,-51.0,5,24,4,1,-61.066567692284096,-60.93326871334236
2003-10-22 07:30:00,19,-50.0,-50.00013232508798,0.0258732490181935,-61.0,5,24,4,1,-50.06678181455885,-49.93348283561711
2003-10-22 08:30:00,19,-51.0,-50.9999571107366,0.0258732490181935,-50.0,5,24,4,1,-51.06660660020747,-50.93330762126573
2003-10-22 09:30:00,19,-48.0,-48.00001235325709,0.0258732490181935,-51.0,5,24,4,1,-48.06666184272796,-47.93336286378622
2003-10-22 10:30:00,19,-36.0,-36.000094262773004,0.0258732490181935,-48.0,5,24,4,1,-36.06674375224387,-35.933444773302135
2003-10-22 11:30:00,19,-22.0,-22.000119037905183,0.0258732490181935,-36.0,5,24,4,1,-22.06676852737605,-21.933469548434317
2003-10-22 12:30:00,19,-24.0,-23.999960444417106,0.0258732490181935,-22.0,5,24,4,1,-24.06660993388797,-23.93331095494624
2003-10-22 13:30:00,19,-24.0,-23.99999956923685,0.0258732490181935,-24.0,5,24,4,1,-24.066649058707714,-23.933350079765983
2003-10-22 14:30:00,19,-15.0,-15.000060184188268,0.0258732490181935,-24.0,5,24,4,1,-15.066709673659133,-14.933410694717402
2003-10-22 15:30:00,19,-20.0,-19.99993837681831,0.0258732490181935,-15.0,5,24,4,1,-20.066587866289176,-19.933288887347445
2003-10-22 16:30:00,19,-33.0,-32.99993703896537,0.0258732490181935,-20.0,5,24,4,1,-33.06658652843624,-32.9332875494945
2003-10-22 17:30:00,19,-33.0,-33.0000415355526,0.0258732490181935,-33.0,5,24,4,1,-33.06669102502347,-32.93339204608173
2003-10-22 18:30:00,19,-34.0,-33.999938959105954,0.0258732490181935,-33.0,5,24,4,1,-34.06658844857682,-33.933289469635085
2003-10-22 19:30:00,19,-32.0,-31.99995319879418,0.0258732490181935,-34.0,5,24,4,1,-32.06660268826505,-31.933303709323315
2003-10-22 20:30:00,19,-30.0,-29.99993603538092,0.0258732490181935,-32.0,5,24,4,1,-30.066585524851785,-29.933286545910054
2003-10-22 21:30:00,19,-28.0,-27.99996327518344,0.0258732490181935,-30.0,5,24,4,1,-28.066612764654305,-27.933313785712574
2003-10-22 22:30:00,19,-24.0,-23.999999008601847,0.0258732490181935,-28.0,5,24,4,1,-24.066648498072713,-23.93334951913098
2003-10-22 23:30:00,19,-24.0,-23.999972502745344,0.0258732490181935,-24.0,5,24,4,1,-24.06662199221621,-23.933323013274478
2003-10-23 00:30:00,19,-16.0,-16.000058221643613,0.0258732490181935,-24.0,5,24,4,1,-16.06670771111448,-15.933408732172747
2003-10-23 01:30:00,19,-13.0,-13.000023392705064,0.0258732490181935,-16.0,5,24,4,1,-13.06667288217593,-12.933373903234198
2003-10-23 02:30:00,19,-20.0,-19.999934206399416,0.0258732490181935,-13.0,5,24,4,1,-20.066583695870282,-19.93328471692855
2003-10-23 03:30:00,19,-18.0,-17.99998752912704,0.0258732490181935,-20.0,5,24,4,1,-18.066637018597905,-17.933338039656174
2003-10-23 04:30:00,19,-17.0,-16.99997909919361,0.0258732490181935,-18.0,5,24,4,1,-17.066628588664475,-16.933329609722744
2003-10-23 05:30:00,19,-18.0,-17.99996756865157,0.0258732490181935,-17.0,5,24,4,1,-18.066617058122436,-17.933318079180705
2003-10-23 06:30:00,19,-19.0,-18.99997266695903,0.0258732490181935,-18.0,5,24,4,1,-19.066622156429897,-18.933323177488166
2003-10-23 07:30:00,19,-21.0,-20.9999640209843,0.0258732490181935,-19.0,5,24,4,1,-21.066613510455166,-20.933314531513435
2003-10-23 08:30:00,19,-18.0,-18.000008838487346,0.0258732490181935,-21.0,5,24,4,1,-18.066658327958212,-17.93335934901648
2003-10-23 09:30:00,19,-19.0,-18.9999684988446,0.0258732490181935,-18.0,5,24,4,1,-19.066617988315464,-18.933319009373733
2003-10-23 10:30:00,19,-18.0,-17.999988782622015,0.0258732490181935,-19.0,5,24,4,1,-18.06663827209288,-17.93333929315115
2003-10-23 11:30:00,19,-17.0,-16.999983037488526,0.0258732490181935,-18.0,5,24,4,1,-17.066632526959392,-16.93333354801766
2003-10-23 12:30:00,19,-19.0,-18.999956332976858,0.0258732490181935,-17.0,5,24,4,1,-19.066605822447723,-18.933306843505992
2003-10-23 13:30:00,19,-15.0,-15.00001522690672,0.0258732490181935,-19.0,5,24,4,1,-15.066664716377588,-14.933365737435853
2003-10-23 14:30:00,19,-14.0,-13.999986998551105,0.0258732490181935,-15.0,5,24,4,1,-14.06663648802197,-13.93333750908024
2003-10-23 15:30:00,19,-14.0,-13.999982910158645,0.0258732490181935,-14.0,5,24,4,1,-14.066632399629512,-13.933333420687777
2003-10-23 16:30:00,19,-12.0,-12.000008268947845,0.0258732490181935,-14.0,5,24,4,1,-12.06665775841871,-11.933358779476979
2003-10-23 17:30:00,19,-11.0,-11.000002641951433,0.0258732490181935,-12.0,5,24,4,1,-11.066652131422298,-10.933353152480567
2003-10-23 18:30:00,19,-12.0,-11.999986453983212,0.0258732490181935,-11.0,5,24,4,1,-12.066635943454077,-11.933336964512346
2003-10-23 19:30:00,19,-11.0,-10.999998162334805,0.0258732490181935,-12.0,5,24,4,1,-11.06664765180567,-10.93334867286394
2003-10-23 20:30:00,19,-11.0,-10.999982406994786,0.0258732490181935,-11.0,5,24,4,1,-11.066631896465651,-10.93333291752392
2003-10-23 21:30:00,19,-9.0,-9.000006911643734,0.0258732490181935,-11.0,5,24,4,1,-9.0666564011146,-8.933357422172868
2003-10-23 22:30:00,19,-10.0,-9.999974451297993,0.0258732490181935,-9.0,5,24,4,1,-10.06662394076886,-9.933324961827125
2003-10-23 23:30:00,19,-10.0,-9.999987040089223,0.0258732490181935,-10.0,5,24,4,1,-10.066636529560089,-9.933337550618358
2003-10-24 00:30:00,19,-10.0,-9.999988505116736,0.0258732490181935,-10.0,5,24,4,1,-10.066637994587602,-9.93333901564587
2003-10-24 01:30:00,19,-8.0,-8.000006344787288,0.0258732490181935,-10.0,5,24,4,1,-8.066655834258153,-7.933356855316421
2003-10-24 02:30:00,19,-8.0,-7.999986145110277,0.0258732490181935,-8.0,5,24,4,1,-8.066635634581143,-7.933336655639411
2003-10-24 03:30:00,19,-7.0,-6.999996716114161,0.0258732490181935,-8.0,5,24,4,1,-7.066646205585028,-6.933347226643295
2003-10-24 04:30:00,19,-7.0,-7.000019165884343,0.0258732490181935,-7.0,5,24,4,1,-7.066668655355209,-6.933369676413476
2003-10-24 05:30:00,19,-9.0,-9.000002992214537,0.0258732490181935,-7.0,5,24,4,1,-9.066652481685402,-8.933353502743671
2003-10-24 06:30:00,19,-12.0,-11.999994211796778,0.0258732490181935,-9.0,5,24,4,1,-12.066643701267644,-11.933344722325913
2003-10-24 07:30:00,19,-13.0,-12.999993282532614,0.0258732490181935,-12.0,5,24,4,1,-13.06664277200348,-12.933343793061749
2003-10-24 08:30:00,19,-15.0,-14.999977531588858,0.0258732490181935,-13.0,5,24,4,1,-15.066627021059723,-14.933328042117992
2003-10-24 09:30:00,19,-15.0,-14.999992865011524,0.0258732490181935,-15.0,5,24,4,1,-15.06664235448239,-14.933343375540659
2003-10-24 10:30:00,19,-20.0,-20.000005086223887,0.0258732490181935,-15.0,5,24,4,1,-20.066654575694752,-19.93335559675302
2003-10-24 11:30:00,19,-24.0,-23.999998845478643,0.0258732490181935,-20.0,5,24,4,1,-24.06664833494951,-23.933349356007778
2003-10-24 12:30:00,19,-37.0,-36.999933404868266,0.0258732490181935,-24.0,5,24,4,1,-37.066582894339135,-36.933283915397396
2003-10-24 13:30:00,19,-43.0,-43.00001373260415,0.0258732490181935,-37.0,5,24,4,1,-43.06666322207502,-42.93336424313328
2003-10-24 14:30:00,19,-44.0,-44.00002730216025,0.0258732490181935,-43.0,5,24,4,1,-44.06667679163112,-43.93337781268938
2003-10-24 15:30:00,19,-30.0,-30.00014719201024,0.0258732490181935,-44.0,5,24,4,1,-30.066796681481105,-29.933497702539373
2003-10-24 16:30:00,19,-26.0,-26.00003409123072,0.0258732490181935,-30.0,5,24,4,1,-26.066683580701586,-25.933384601759855
2003-10-24 17:30:00,19,-9.0,-9.00010079871804,0.0258732490181935,-26.0,5,24,4,1,-9.066750288188906,-8.933451309247175
2003-10-24 18:30:00,19,5.0,4.999925778336287,0.0258732490181935,-9.0,5,24,4,1,4.933276288865421,5.066575267807154
2003-10-24 19:30:00,19,-26.0,-25.99972747696064,0.0258732490181935,5.0,5,24,4,1,-26.066376966431505,-25.933077987489774
2003-10-24 20:30:00,19,-34.0,-33.99991453111994,0.0258732490181935,-26.0,5,24,4,1,-34.06656402059081,-33.93326504164907
2003-10-24 21:30:00,19,-22.0,-22.000071173254376,0.0258732490181935,-34.0,5,24,4,1,-22.066720662725242,-21.93342168378351
2003-10-24 22:30:00,19,-18.0,-17.999983270407093,0.0258732490181935,-22.0,5,24,4,1,-18.066632759877958,-17.933333780936227
2003-10-24 23:30:00,19,-36.0,-35.999742939923784,0.0258732490181935,-18.0,5,24,4,1,-36.066392429394654,-35.933093450452915
2003-10-25 00:30:00,19,-29.0,-28.99998127033141,0.0258732490181935,-36.0,5,24,4,1,-29.066630759802276,-28.933331780860545
2003-10-25 01:30:00,19,-19.0,-19.00003305621769,0.0258732490181935,-29.0,5,24,4,1,-19.066682545688554,-18.933383566746823
2003-10-25 02:30:00,19,0.0,-0.0001733099266019,0.0258732490181935,-19.0,5,24,4,1,-0.06682279939746837,0.06647617954426456
2003-10-25 03:30:00,19,-3.0,-3.000093828906035,0.0258732490181935,0.0,5,24,4,1,-3.0667433183769015,-2.9334443394351686
2003-10-25 04:30:00,19,-11.0,-11.000013515034633,0.0258732490181935,-3.0,5,24,4,1,-11.0666630045055,-10.933364025563765
2003-10-25 05:30:00,19,-10.0,-10.000012027643624,0.0258732490181935,-11.0,5,24,4,1,-10.06666151711449,-9.933362538172759
2003-10-25 06:30:00,19,-13.0,-12.999985439293784,0.0258732490181935,-10.0,5,24,4,1,-13.06663492876465,-12.933335949822919
2003-10-25 07:30:00,19,-19.0,-18.999923292850475,0.0258732490181935,-13.0,5,24,4,1,-19.06657278232134,-18.93327380337961
2003-10-25 08:30:00,19,-20.0,-19.99995129794599,0.0258732490181935,-19.0,5,24,4,1,-20.066600787416856,-19.933301808475125
2003-10-25 09:30:00,19,-18.0,-17.999986922126755,0.0258732490181935,-20.0,5,24,4,1,-18.06663641159762,-17.93333743265589
2003-10-25 10:30:00,19,-21.0,-20.999957366329927,0.0258732490181935,-18.0,5,24,4,1,-21.066606855800792,-20.93330787685906
2003-10-25 11:30:00,19,-20.0,-20.00001808280632,0.0258732490181935,-21.0,5,24,4,1,-20.066667572277186,-19.933368593335455
2003-10-25 12:30:00,19,-26.0,-25.99992681002977,0.0258732490181935,-20.0,5,24,4,1,-26.066576299500635,-25.933277320558904
2003-10-25 13:30:00,19,-27.0,-27.000063127197187,0.0258732490181935,-26.0,5,24,4,1,-27.066712616668053,-26.93341363772632
2003-10-25 14:30:00,19,-41.0,-40.99995158631845,0.0258732490181935,-27.0,5,24,4,1,-41.06660107578932,-40.933302096847584
2003-10-25 15:30:00,19,-49.0,-49.00000977791414,0.0258732490181935,-41.0,5,24,4,1,-49.066659267385006,-48.93336028844327
2003-10-25 16:30:00,19,-43.0,-43.0000203743092,0.0258732490181935,-49.0,5,24,4,1,-43.06666986378007,-42.93337088483833
2003-10-25 17:30:00,19,-30.0,-30.000082527577145,0.0258732490181935,-43.0,5,24,4,1,-30.06673201704801,-29.93343303810628
2003-10-25 18:30:00,19,-33.0,-32.999924235559774,0.0258732490181935,-30.0,5,24,4,1,-33.06657372503064,-32.933274746088905
2003-10-25 19:30:00,19,-38.0,-37.99992815855536,0.0258732490181935,-33.0,5,24,4,1,-38.06657764802623,-37.933278669084494
2003-10-25 20:30:00,19,-41.0,-40.99996445169928,0.0258732490181935,-38.0,5,24,4,1,-41.06661394117015,-40.93331496222841
2003-10-25 21:30:00,19,-39.0,-39.00000669784779,0.0258732490181935,-41.0,5,24,4,1,-39.06665618731866,-38.93335720837692
2003-10-25 22:30:00,19,-33.0,-33.00003292424372,0.0258732490181935,-39.0,5,24,4,1,-33.06668241371459,-32.93338343477285
2003-10-25 23:30:00,19,-32.0,-31.999984930771607,0.0258732490181935,-33.0,5,24,4,1,-32.06663442024247,-31.93333544130074
2003-10-26 00:30:00,19,-31.0,-30.999978496515283,0.0258732490181935,-32.0,5,24,4,1,-31.06662798598615,-30.933329007044417
2003-10-26 01:30:00,19,-33.0,-32.99998643436632,0.0258732490181935,-31.0,5,24,4,1,-33.06663592383719,-32.93333694489545
2003-10-26 02:30:00,19,-32.0,-32.00001247799132,0.0258732490181935,-33.0,5,24,4,1,-32.06666196746219,-31.933362988520454
2003-10-26 03:30:00,19,-29.0,-28.999976289187483,0.0258732490181935,-32.0,5,24,4,1,-29.06662577865835,-28.933326799716617
2003-10-26 04:30:00,19,-27.0,-26.999957024410225,0.0258732490181935,-29.0,5,24,4,1,-27.06660651388109,-26.93330753493936
2003-10-26 05:30:00,19,-25.0,-24.999994521038968,0.0258732490181935,-27.0,5,24,4,1,-25.066644010509833,-24.933345031568102
2003-10-26 06:30:00,19,-24.0,-24.000009829133365,0.0258732490181935,-25.0,5,24,4,1,-24.06665931860423,-23.9333603396625
2003-10-26 07:30:00,19,-24.0,-23.999988626039148,0.0258732490181935,-24.0,5,24,4,1,-24.066638115510013,-23.933339136568282
2003-10-26 08:30:00,19,-19.0,-19.00002031348953,0.0258732490181935,-24.0,5,24,4,1,-19.066669802960394,-18.933370824018663
2003-10-26 09:30:00,19,-11.0,-11.000056617096064,0.0258732490181935,-19.0,5,24,4,1,-11.06670610656693,-10.933407127625198
2003-10-26 10:30:00,19,-4.0,-4.000040384925143,0.0258732490181935,-11.0,5,24,4,1,-4.066689874396009,-3.9333908954542762
2003-10-26 11:30:00,19,-4.0,-3.999964193910568,0.0258732490181935,-4.0,5,24,4,1,-4.066613683381434,-3.9333147044397014
2003-10-26 12:30:00,19,-4.0,-4.000005793971351,0.0258732490181935,-4.0,5,24,4,1,-4.066655283442217,-3.9333563045004842
2003-10-26 13:30:00,19,-4.0,-4.00002457776684,0.0258732490181935,-4.0,5,24,4,1,-4.066674067237707,-3.933375088295974
2003-10-26 14:30:00,19,-6.0,-5.999986187290848,0.0258732490181935,-4.0,5,24,4,1,-6.066635676761715,-5.933336697819982
2003-10-26 15:30:00,19,-6.0,-6.000050120043049,0.0258732490181935,-6.0,5,24,4,1,-6.066699609513916,-5.933400630572183
2003-10-26 16:30:00,19,-5.0,-5.000040842695192,0.0258732490181935,-6.0,5,24,4,1,-5.066690332166059,-4.933391353224326
2003-10-26 17:30:00,19,-5.0,-5.000012441732977,0.0258732490181935,-5.0,5,24,4,1,-5.066661931203844,-4.933362952262111
2003-10-26 18:30:00,19,-7.0,-6.999997700513202,0.0258732490181935,-5.0,5,24,4,1,-7.066647189984068,-6.933348211042335
2003-10-26 19:30:00,19,-8.0,-8.00001339071386,0.0258732490181935,-7.0,5,24,4,1,-8.066662880184726,-7.933363901242994
2003-10-26 20:30:00,19,-15.0,-14.999968182878876,0.0258732490181935,-8.0,5,24,4,1,-15.066617672349743,-14.933318693408008
2003-10-26 21:30:00,19,-18.0,-18.000063222455104,0.0258732490181935,-15.0,5,24,4,1,-18.06671271192597,-17.93341373298424
2003-10-26 22:30:00,19,-29.0,-28.999960974823395,0.0258732490181935,-18.0,5,24,4,1,-29.06661046429426,-28.93331148535253
2003-10-26 23:30:00,19,-33.0,-33.00004536707037,0.0258732490181935,-29.0,5,24,4,1,-33.06669485654124,-32.9333958775995
2003-10-27 00:30:00,19,-43.0,-42.99993551608271,0.0258732490181935,-33.0,5,24,4,1,-43.06658500555358,-42.93328602661184
2003-10-27 01:30:00,19,-49.0,-48.9999895779049,0.0258732490181935,-43.0,5,24,4,1,-49.06663906737577,-48.93334008843403
2003-10-27 02:30:00,19,-47.0,-47.00003690122957,0.0258732490181935,-49.0,5,24,4,1,-47.06668639070044,-46.9333874117587
2003-10-27 03:30:00,19,-49.0,-48.999983302040704,0.0258732490181935,-47.0,5,24,4,1,-49.06663279151157,-48.933333812569835
2003-10-27 04:30:00,19,-52.0,-51.9999883157566,0.0258732490181935,-49.0,5,24,4,1,-52.06663780522747,-51.933338826285734
2003-10-27 05:30:00,19,-52.0,-52.000010041446686,0.0258732490181935,-52.0,5,24,4,1,-52.066659530917555,-51.93336055197582
2003-10-27 06:30:00,19,-50.0,-50.00002266500279,0.0258732490181935,-52.0,5,24,4,1,-50.06667215447366,-49.93337317553192
2003-10-27 07:30:00,19,-46.0,-46.00002997816698,0.0258732490181935,-50.0,5,24,4,1,-46.06667946763785,-45.93338048869611
2003-10-27 08:30:00,19,-48.0,-47.999969702643696,0.0258732490181935,-46.0,5,24,4,1,-48.066619192114565,-47.93332021317283
2003-10-27 09:30:00,19,-51.0,-50.99998244989398,0.0258732490181935,-48.0,5,24,4,1,-51.06663193936485,-50.93333296042311
2003-10-27 10:30:00,19,-49.0,-48.99999215890156,0.0258732490181935,-51.0,5,24,4,1,-49.06664164837243,-48.933342669430694
2003-10-27 11:30:00,19,-41.0,-40.9999962183406,0.0258732490181935,-49.0,5,24,4,1,-41.06664570781147,-40.93334672886973
2003-10-27 12:30:00,19,-36.0,-35.99997291420286,0.0258732490181935,-41.0,5,24,4,1,-36.066622403673726,-35.93332342473199
2003-10-27 13:30:00,19,-35.0,-34.99995632583223,0.0258732490181935,-36.0,5,24,4,1,-35.0666058153031,-34.93330683636136
2003-10-27 14:30:00,19,-34.0,-33.99999529203899,0.0258732490181935,-35.0,5,24,4,1,-34.06664478150986,-33.93334580256812
2003-10-27 15:30:00,19,-34.0,-34.00002702422822,0.0258732490181935,-34.0,5,24,4,1,-34.066676513699086,-33.93337753475735
2003-10-27 16:30:00,19,-30.0,-30.000045851786226,0.0258732490181935,-34.0,5,24,4,1,-30.06669534125709,-29.93339636231536
2003-10-27 17:30:00,19,-30.0,-30.000023679501595,0.0258732490181935,-30.0,5,24,4,1,-30.06667316897246,-29.93337419003073
2003-10-27 18:30:00,19,-30.0,-30.00000793565744,0.0258732490181935,-30.0,5,24,4,1,-30.066657425128305,-29.933358446186574
2003-10-27 19:30:00,19,-27.0,-26.999972061255725,0.0258732490181935,-30.0,5,24,4,1,-27.06662155072659,-26.93332257178486
2003-10-27 20:30:00,19,-27.0,-26.9999716918322,0.0258732490181935,-27.0,5,24,4,1,-27.066621181303066,-26.933322202361335
2003-10-27 21:30:00,19,-27.0,-27.00001629988573,0.0258732490181935,-27.0,5,24,4,1,-27.066665789356595,-26.933366810414864
2003-10-27 22:30:00,19,-25.0,-25.00001173047714,0.0258732490181935,-27.0,5,24,4,1,-25.066661219948006,-24.933362241006275
2003-10-27 23:30:00,19,-24.0,-24.00000115904953,0.0258732490181935,-25.0,5,24,4,1,-24.066650648520394,-23.933351669578663
2003-10-28 00:30:00,19,-24.0,-24.00000086694236,0.0258732490181935,-24.0,5,24,4,1,-24.066650356413227,-23.933351377471496
2003-10-28 01:30:00,19,-24.0,-23.999999491685585,0.0258732490181935,-24.0,5,24,4,1,-24.06664898115645,-23.93335000221472
2003-10-28 02:30:00,19,-14.0,-14.0001030115758,0.0258732490181935,-24.0,5,24,4,1,-14.066752501046665,-13.933453522104934
2003-10-28 03:30:00,19,-18.0,-17.999994685786962,0.0258732490181935,-14.0,5,24,4,1,-18.066644175257828,-17.933345196316097
2003-10-28 04:30:00,19,-4.0,-4.000176905189395,0.0258732490181935,-18.0,5,24,4,1,-4.066826394660262,-3.9335274157185287
2003-10-28 05:30:00,19,-1.0,-1.000029454050562,0.0258732490181935,-4.0,5,24,4,1,-1.0666789435214286,-0.9333799645796956
2003-10-28 06:30:00,19,-1.0,-1.0000659355576111,0.0258732490181935,-1.0,5,24,4,1,-1.0667154250284776,-0.9334164460867447
2003-10-28 07:30:00,19,-5.0,-5.00000850927864,0.0258732490181935,-1.0,5,24,4,1,-5.066657998749506,-4.9333590198077735
2003-10-28 08:30:00,19,-14.0,-14.000018258615206,0.0258732490181935,-5.0,5,24,4,1,-14.066667748086072,-13.93336876914434
2003-10-28 09:30:00,19,-32.0,-31.999901057959374,0.0258732490181935,-14.0,5,24,4,1,-32.06655054743024,-31.933251568488508
2003-10-28 10:30:00,19,-32.0,-31.999996900785803,0.0258732490181935,-32.0,5,24,4,1,-32.06664639025667,-31.933347411314937
2003-10-28 11:30:00,19,-24.0,-24.00005480706447,0.0258732490181935,-32.0,5,24,4,1,-24.066704296535335,-23.933405317593603
2003-10-28 12:30:00,19,-20.0,-20.000022602588444,0.0258732490181935,-24.0,5,24,4,1,-20.06667209205931,-19.93337311311758
2003-10-28 13:30:00,19,-16.0,-16.00003812063927,0.0258732490181935,-20.0,5,24,4,1,-16.066687610110137,-15.933388631168405
2003-10-28 14:30:00,19,-8.0,-8.000125598292932,0.0258732490181935,-16.0,5,24,4,1,-8.066775087763798,-7.933476108822066
2003-10-28 15:30:00,19,-4.0,-4.00011542110013,0.0258732490181935,-8.0,5,24,4,1,-4.066764910570996,-3.9334659316292635
2003-10-28 16:30:00,19,-4.0,-4.000004908675038,0.0258732490181935,-4.0,5,24,4,1,-4.0666543981459045,-3.9333554192041715
2003-10-28 17:30:00,19,-9.0,-9.000032678968552,0.0258732490181935,-4.0,5,24,4,1,-9.066682168439417,-8.933383189497686
2003-10-28 18:30:00,19,-16.0,-15.999930160199783,0.0258732490181935,-9.0,5,24,4,1,-16.06657964967065,-15.933280670728916
2003-10-28 19:30:00,19,-18.0,-17.999979952009323,0.0258732490181935,-16.0,5,24,4,1,-18.06662944148019,-17.933330462538457
2003-10-28 20:30:00,19,-19.0,-18.999977176814987,0.0258732490181935,-18.0,5,24,4,1,-19.066626666285853,-18.93332768734412
2003-10-28 21:30:00,19,-22.0,-21.999949852671683,0.0258732490181935,-19.0,5,24,4,1,-22.06659934214255,-21.933300363200818
2003-10-28 22:30:00,19,-14.0,-14.000046070480604,0.0258732490181935,-22.0,5,24,4,1,-14.06669555995147,-13.933396581009738
2003-10-28 23:30:00,19,-20.0,-19.99993330013112,0.0258732490181935,-14.0,5,24,4,1,-20.066582789601984,-19.933283810660253
2003-10-29 00:30:00,19,-34.0,-33.99988403910689,0.0258732490181935,-20.0,5,24,4,1,-34.06653352857776,-33.93323454963602
2003-10-29 01:30:00,19,-42.0,-41.99996649212086,0.0258732490181935,-34.0,5,24,4,1,-42.06661598159173,-41.93331700264999
2003-10-29 02:30:00,19,-32.0,-32.000057127325086,0.0258732490181935,-42.0,5,24,4,1,-32.066706616795955,-31.93340763785422
2003-10-29 03:30:00,19,-25.0,-25.00000348437141,0.0258732490181935,-32.0,5,24,4,1,-25.066652973842274,-24.933353994900543
2003-10-29 04:30:00,19,-28.0,-27.999958790020628,0.0258732490181935,-25.0,5,24,4,1,-28.066608279491494,-27.933309300549762
2003-10-29 05:30:00,19,-30.0,-30.000007449902835,0.0258732490181935,-28.0,5,24,4,1,-30.0666569393737,-29.93335796043197
2003-10-29 06:30:00,19,-10.0,-10.00016544946052,0.0258732490181935,-30.0,5,24,4,1,-10.066814938931387,-9.933515959989652
2003-10-29 07:30:00,19,-105.0,-104.9991258591514,0.0258732490181935,-10.0,5,24,4,1,-105.06577534862227,-104.93247636968054
2003-10-29 08:30:00,19,-130.0,-130.00003400466497,0.0258732490181935,-105.0,5,24,4,1,-130.06668349413584,-129.9333845151941
2003-10-29 09:30:00,19,-151.0,-150.99977534052877,0.0258732490181935,-130.0,5,24,4,1,-151.06642482999965,-150.9331258510579
2003-10-29 10:30:00,19,-151.0,-151.00008986990764,0.0258732490181935,-151.0,5,24,4,1,-151.06673935937852,-150.93344038043676
2003-10-29 11:30:00,19,-147.0,-146.99993081612044,0.0258732490181935,-151.0,5,24,4,1,-147.06658030559132,-146.93328132664956
2003-10-29 12:30:00,19,-111.0,-111.000286450459,0.0258732490181935,-147.0,5,24,4,1,-111.06693593992986,-110.93363696098814
2003-10-29 13:30:00,19,-79.0,-79.00014113538695,0.0258732490181935,-111.0,5,24,4,1,-79.06679062485782,-78.93349164591609
2003-10-29 14:30:00,19,-99.0,-98.99973462055756,0.0258732490181935,-79.0,5,24,4,1,-99.06638411002842,-98.9330851310867
2003-10-29 15:30:00,19,-107.0,-107.00010667788442,0.0258732490181935,-99.0,5,24,4,1,-107.06675616735528,-106.93345718841356
2003-10-29 16:30:00,19,-124.0,-123.9998928977232,0.0258732490181935,-107.0,5,24,4,1,-124.06654238719406,-123.93324340825234
2003-10-29 17:30:00,19,-126.0,-126.00014318033888,0.0258732490181935,-124.0,5,24,4,1,-126.06679266980974,-125.93349369086802
2003-10-29 18:30:00,19,-169.0,-168.99968783188288,0.0258732490181935,-126.0,5,24,4,1,-169.06633732135376,-168.933038342412
2003-10-29 19:30:00,19,-213.0,-213.0000504007527,0.0258732490181935,-169.0,5,24,4,1,-213.0666998902236,-212.93340091128184
2003-10-29 20:30:00,19,-253.0,-253.00001803818208,0.0258732490181935,-213.0,5,24,4,1,-253.06666752765295,-252.9333685487112
2003-10-29 21:30:00,19,-268.0,-268.00013476125883,0.0258732490181935,-253.0,5,24,4,1,-268.0667842507297,-267.93348527178796
2003-10-29 22:30:00,19,-281.0,-280.99999193401425,0.0258732490181935,-268.0,5,24,4,1,-281.0666414234851,-280.93334244454337
2003-10-29 23:30:00,19,-350.0,-349.99944746248144,0.0258732490181935,-281.0,5,24,4,1,-350.0660969519523,-349.93279797301057
2003-10-30 00:30:00,19,-353.0,-353.00001099415783,0.0258732490181935,-350.0,5,24,4,1,-353.0666604836287,-352.93336150468696
2003-10-30 01:30:00,19,-341.0,-340.9999124412391,0.0258732490181935,-353.0,5,24,4,1,-341.06656193070995,-340.9332629517682
2003-10-30 02:30:00,19,-335.0,-334.99992146988103,0.0258732490181935,-341.0,5,24,4,1,-335.0665709593519,-334.93327198041015
2003-10-30 03:30:00,19,-303.0,-303.00006941780134,0.0258732490181935,-335.0,5,24,4,1,-303.0667189072722,-302.93341992833047
2003-10-30 04:30:00,19,-273.0,-272.99990305518577,0.0258732490181935,-303.0,5,24,4,1,-273.06655254465664,-272.9332535657149
2003-10-30 05:30:00,19,-244.0,-243.99998427193628,0.0258732490181935,-273.0,5,24,4,1,-244.06663376140716,-243.9333347824654
2003-10-30 06:30:00,19,-220.0,-219.99999296901305,0.0258732490181935,-244.0,5,24,4,1,-220.06664245848393,-219.93334347954217
2003-10-30 07:30:00,19,-203.0,-202.9999828750352,0.0258732490181935,-220.0,5,24,4,1,-203.06663236450606,-202.9333333855643
2003-10-30 08:30:00,19,-192.0,-191.9999510169703,0.0258732490181935,-203.0,5,24,4,1,-192.06660050644118,-191.93330152749942
2003-10-30 09:30:00,19,-178.0,-177.99998138711575,0.0258732490181935,-192.0,5,24,4,1,-178.06663087658663,-177.93333189764488
2003-10-30 10:30:00,19,-164.0,-164.00003851634995,0.0258732490181935,-178.0,5,24,4,1,-164.06668800582082,-163.93338902687907
2003-10-30 11:30:00,19,-155.0,-155.0000204756049,0.0258732490181935,-164.0,5,24,4,1,-155.0666699650758,-154.93337098613404
2003-10-30 12:30:00,19,-156.0,-155.99997947066382,0.0258732490181935,-155.0,5,24,4,1,-156.0666289601347,-155.93332998119294
2003-10-30 13:30:00,19,-148.0,-148.0001303602407,0.0258732490181935,-156.0,5,24,4,1,-148.06677984971157,-147.9334808707698
2003-10-30 14:30:00,19,-138.0,-138.00012210744617,0.0258732490181935,-148.0,5,24,4,1,-138.06677159691705,-137.9334726179753
2003-10-30 15:30:00,19,-129.0,-129.00014936991587,0.0258732490181935,-138.0,5,24,4,1,-129.06679885938675,-128.933499880445
2003-10-30 16:30:00,19,-111.0,-111.00023010499471,0.0258732490181935,-129.0,5,24,4,1,-111.06687959446558,-110.93358061552385
2003-10-30 17:30:00,19,-97.0,-97.0002216780767,0.0258732490181935,-111.0,5,24,4,1,-97.06687116754756,-96.93357218860584
2003-10-30 18:30:00,19,-111.0,-110.99998140242208,0.0258732490181935,-97.0,5,24,4,1,-111.06663089189294,-110.93333191295122
2003-10-30 19:30:00,19,-142.0,-141.99994103202243,0.0258732490181935,-111.0,5,24,4,1,-142.0665905214933,-141.93329154255156
2003-10-30 20:30:00,19,-240.0,-239.99958748189133,0.0258732490181935,-142.0,5,24,4,1,-240.0662369713622,-239.93293799242045
2003-10-30 21:30:00,19,-316.0,-315.9997193341377,0.0258732490181935,-240.0,5,24,4,1,-316.06636882360857,-315.9330698446668
2003-10-30 22:30:00,19,-383.0,-382.9995382045645,0.0258732490181935,-316.0,5,24,4,1,-383.06618769403536,-382.9328887150936
2003-10-30 23:30:00,19,-371.0,-370.9998540007823,0.0258732490181935,-383.0,5,24,4,1,-371.0665034902532,-370.93320451131143
2003-10-31 00:30:00,19,-307.0,-307.0003183946373,0.0258732490181935,-371.0,5,24,4,1,-307.0669678841082,-306.9336689051664
2003-10-31 01:30:00,19,-246.0,-246.00036851227264,0.0258732490181935,-307.0,5,24,4,1,-246.06701800174352,-245.93371902280177
2003-10-31 02:30:00,19,-244.0,-243.99989005108253,0.0258732490181935,-246.0,5,24,4,1,-244.0665395405534,-243.93324056161165
2003-10-31 03:30:00,19,-241.0,-240.9999738674054,0.0258732490181935,-244.0,5,24,4,1,-241.06662335687628,-240.93332437793453
2003-10-31 04:30:00,19,-196.0,-196.0002570760371,0.0258732490181935,-241.0,5,24,4,1,-196.06690656550796,-195.9336075865662
2003-10-31 05:30:00,19,-131.0,-131.0004935705726,0.0258732490181935,-196.0,5,24,4,1,-131.06714306004346,-130.9338440811017
2003-10-31 06:30:00,19,-106.0,-106.00022356818128,0.0258732490181935,-131.0,5,24,4,1,-106.06687305765215,-105.93357407871042
2003-10-31 07:30:00,19,-113.0,-112.99992917628803,0.0258732490181935,-106.0,5,24,4,1,-113.0665786657589,-112.93327968681717
2003-10-31 08:30:00,19,-113.0,-112.99994166582223,0.0258732490181935,-113.0,5,24,4,1,-113.0665911552931,-112.93329217635137
2003-10-31 09:30:00,19,-109.0,-108.99995501585362,0.0258732490181935,-113.0,5,24,4,1,-109.06660450532448,-108.93330552638275
2003-10-31 10:30:00,19,-113.0,-112.99987850928704,0.0258732490181935,-109.0,5,24,4,1,-113.0665279987579,-112.93322901981618
2003-10-31 11:30:00,19,-55.0,-55.000503848624,0.0258732490181935,-113.0,5,24,4,1,-55.06715333809487,-54.93385435915313
2003-10-31 12:30:00,19,-77.0,-76.9998567248406,0.0258732490181935,-55.0,5,24,4,1,-77.06650621431146,-76.93320723536974
2003-10-31 13:30:00,19,-80.0,-79.99999145799481,0.0258732490181935,-77.0,5,24,4,1,-80.06664094746567,-79.93334196852395
2003-10-31 14:30:00,19,-88.0,-87.99989495833246,0.0258732490181935,-80.0,5,24,4,1,-88.06654444780332,-87.9332454688616
2003-10-31 15:30:00,19,-80.0,-80.00006686101044,0.0258732490181935,-88.0,5,24,4,1,-80.0667163504813,-79.93341737153958
2003-10-31 16:30:00,19,-76.0,-76.0000321519117,0.0258732490181935,-80.0,5,24,4,1,-76.06668164138256,-75.93338266244083
2003-10-31 17:30:00,19,-68.0,-68.00007022798111,0.0258732490181935,-76.0,5,24,4,1,-68.06671971745197,-67.93342073851025
2003-10-31 18:30:00,19,-70.0,-69.99998365484676,0.0258732490181935,-68.0,5,24,4,1,-70.06663314431762,-69.9333341653759
2003-10-31 19:30:00,19,-66.0,-66.00003359628975,0.0258732490181935,-70.0,5,24,4,1,-66.06668308576062,-65.93338410681889
2003-10-31 20:30:00,19,-63.0,-63.00001592571904,0.0258732490181935,-66.0,5,24,4,1,-63.06666541518991,-62.93336643624817
2003-10-31 21:30:00,19,-52.0,-52.000103064313,0.0258732490181935,-63.0,5,24,4,1,-52.06675255378387,-51.93345357484213
2003-10-31 22:30:00,19,-55.0,-54.99997995497464,0.0258732490181935,-52.0,5,24,4,1,-55.06662944444551,-54.93333046550377
2003-10-31 23:30:00,19,-66.0,-65.99990777152424,0.0258732490181935,-55.0,5,24,4,1,-66.0665572609951,-65.93325828205337
2003-11-01 00:30:00,19,-69.0,-68.99999226868525,0.0258732490181935,-66.0,5,24,4,1,-69.06664175815611,-68.93334277921439
2003-11-01 01:30:00,19,-69.0,-68.99998438051327,0.0258732490181935,-69.0,5,24,4,1,-69.06663386998413,-68.9333348910424
2003-11-01 02:30:00,19,-61.0,-61.00007660124612,0.0258732490181935,-69.0,5,24,4,1,-61.06672609071699,-60.93342711177525
2003-11-01 03:30:00,19,-62.0,-61.99999180103183,0.0258732490181935,-61.0,5,24,4,1,-62.0666412905027,-61.93334231156096
2003-11-01 04:30:00,19,-61.0,-61.00000162011416,0.0258732490181935,-62.0,5,24,4,1,-61.06665110958503,-60.93335213064329
2003-11-01 05:30:00,19,-62.0,-61.99997903473757,0.0258732490181935,-61.0,5,24,4,1,-62.06662852420844,-61.9333295452667
2003-11-01 06:30:00,19,-56.0,-56.000049652316754,0.0258732490181935,-62.0,5,24,4,1,-56.06669914178762,-55.933400162845885
2003-11-01 07:30:00,19,-48.0,-48.00006497210829,0.0258732490181935,-56.0,5,24,4,1,-48.06671446157916,-47.93341548263742
2003-11-01 08:30:00,19,-47.0,-46.9999836488574,0.0258732490181935,-48.0,5,24,4,1,-47.06663313832827,-46.93333415938653
2003-11-01 09:30:00,19,-44.0,-44.00002523625176,0.0258732490181935,-47.0,5,24,4,1,-44.06667472572263,-43.93337574678089
2003-11-01 10:30:00,19,-41.0,-41.00001683312807,0.0258732490181935,-44.0,5,24,4,1,-41.06666632259894,-40.9333673436572
2003-11-01 11:30:00,19,-38.0,-38.00001974350148,0.0258732490181935,-41.0,5,24,4,1,-38.06666923297235,-37.93337025403061
2003-11-01 12:30:00,19,-43.0,-42.99993354174509,0.0258732490181935,-38.0,5,24,4,1,-43.066583031215956,-42.93328405227422
2003-11-01 13:30:00,19,-46.0,-45.99996291728553,0.0258732490181935,-43.0,5,24,4,1,-46.0666124067564,-45.93331342781466
2003-11-01 14:30:00,19,-46.0,-45.99998916376345,0.0258732490181935,-46.0,5,24,4,1,-46.06663865323432,-45.93333967429258
2003-11-01 15:30:00,19,-39.0,-39.00005723552755,0.0258732490181935,-46.0,5,24,4,1,-39.06670672499842,-38.93340774605668
2003-11-01 16:30:00,19,-35.0,-35.00002124802573,0.0258732490181935,-39.0,5,24,4,1,-35.0666707374966,-34.93337175855486
2003-11-01 17:30:00,19,-31.0,-31.00002166528821,0.0258732490181935,-35.0,5,24,4,1,-31.066671154759074,-30.933372175817343
2003-11-01 18:30:00,19,-28.0,-28.00002072881324,0.0258732490181935,-31.0,5,24,4,1,-28.066670218284106,-27.933371239342375
2003-11-01 19:30:00,19,-32.0,-31.999976550202028,0.0258732490181935,-28.0,5,24,4,1,-32.0666260396729,-31.933327060731163
2003-11-01 20:30:00,19,-36.0,-35.99998199019126,0.0258732490181935,-32.0,5,24,4,1,-36.06663147966213,-35.93333250072039
2003-11-01 21:30:00,19,-33.0,-33.00004585078177,0.0258732490181935,-36.0,5,24,4,1,-33.066695340252636,-32.9333963613109
2003-11-01 22:30:00,19,-31.0,-30.9999962076707,0.0258732490181935,-33.0,5,24,4,1,-31.066645697141567,-30.933346718199836
2003-11-01 23:30:00,19,-37.0,-36.99994965722175,0.0258732490181935,-31.0,5,24,4,1,-37.06659914669262,-36.93330016775088
2003-11-02 00:30:00,19,-41.0,-40.99997472708736,0.0258732490181935,-37.0,5,24,4,1,-41.06662421655823,-40.93332523761649
2003-11-02 01:30:00,19,-40.0,-39.999990876494905,0.0258732490181935,-41.0,5,24,4,1,-40.066640365965775,-39.933341387024036
2003-11-02 02:30:00,19,-31.0,-31.000059155493187,0.0258732490181935,-40.0,5,24,4,1,-31.066708644964052,-30.93340966602232
2003-11-02 03:30:00,19,-23.0,-23.00005327751408,0.0258732490181935,-31.0,5,24,4,1,-23.066702766984946,-22.933403788043215
2003-11-02 04:30:00,19,-27.0,-26.99998677407837,0.0258732490181935,-23.0,5,24,4,1,-27.066636263549235,-26.933337284607504
2003-11-02 05:30:00,19,-30.0,-29.99999703196229,0.0258732490181935,-27.0,5,24,4,1,-30.066646521433157,-29.933347542491425
2003-11-02 06:30:00,19,-26.0,-26.000028745450628,0.0258732490181935,-30.0,5,24,4,1,-26.066678234921493,-25.933379255979762
2003-11-02 07:30:00,19,-23.0,-23.000020374715064,0.0258732490181935,-26.0,5,24,4,1,-23.06666986418593,-22.933370885244198
2003-11-02 08:30:00,19,-23.0,-22.999982220413383,0.0258732490181935,-23.0,5,24,4,1,-23.06663170988425,-22.933332730942517
2003-11-02 09:30:00,19,-22.0,-22.00001335631731,0.0258732490181935,-23.0,5,24,4,1,-22.066662845788176,-21.933363866846445
2003-11-02 10:30:00,19,-27.0,-26.99996651591606,0.0258732490181935,-22.0,5,24,4,1,-27.066616005386926,-26.933317026445195
2003-11-02 11:30:00,19,-31.0,-30.999973067426403,0.0258732490181935,-27.0,5,24,4,1,-31.06662255689727,-30.933323577955537
2003-11-02 12:30:00,19,-25.0,-25.000069169860687,0.0258732490181935,-31.0,5,24,4,1,-25.066718659331553,-24.93341968038982
2003-11-02 13:30:00,19,-25.0,-24.9999848786045,0.0258732490181935,-25.0,5,24,4,1,-25.066634368075366,-24.933335389133635
2003-11-02 14:30:00,19,-28.0,-27.99999274276384,0.0258732490181935,-25.0,5,24,4,1,-28.066642232234706,-27.933343253292975
2003-11-02 15:30:00,19,-29.0,-29.000007564812734,0.0258732490181935,-28.0,5,24,4,1,-29.0666570542836,-28.933358075341868
2003-11-02 16:30:00,19,-28.0,-28.00000533772189,0.0258732490181935,-29.0,5,24,4,1,-28.066654827192757,-27.933355848251026
2003-11-02 17:30:00,19,-23.0,-23.000053193911967,0.0258732490181935,-28.0,5,24,4,1,-23.066702683382832,-22.9334037044411
2003-11-02 18:30:00,19,-23.0,-23.000022393174028,0.0258732490181935,-23.0,5,24,4,1,-23.066671882644894,-22.933372903703162
2003-11-02 19:30:00,19,-21.0,-21.00004755077748,0.0258732490181935,-23.0,5,24,4,1,-21.066697040248346,-20.933398061306615
2003-11-02 20:30:00,19,-23.0,-22.99996381423789,0.0258732490181935,-21.0,5,24,4,1,-23.066613303708756,-22.933314324767025
2003-11-02 21:30:00,19,-22.0,-22.00001473758365,0.0258732490181935,-23.0,5,24,4,1,-22.066664227054517,-21.933365248112786
2003-11-02 22:30:00,19,-26.0,-25.999960936508465,0.0258732490181935,-22.0,5,24,4,1,-26.06661042597933,-25.9333114470376
2003-11-02 23:30:00,19,-32.0,-31.999957207580344,0.0258732490181935,-26.0,5,24,4,1,-32.06660669705121,-31.93330771810948
2003-11-03 00:30:00,19,-36.0,-35.99998029270459,0.0258732490181935,-32.0,5,24,4,1,-36.06662978217546,-35.93333080323372
2003-11-03 01:30:00,19,-38.0,-37.999975405951005,0.0258732490181935,-36.0,5,24,4,1,-38.066624895421874,-37.933325916480136
2003-11-03 02:30:00,19,-32.0,-32.00004278077048,0.0258732490181935,-38.0,5,24,4,1,-32.06669227024135,-31.933393291299613
2003-11-03 03:30:00,19,-26.0,-26.00004869962062,0.0258732490181935,-32.0,5,24,4,1,-26.066698189091486,-25.933399210149755
2003-11-03 04:30:00,19,-26.0,-25.999977661438592,0.0258732490181935,-26.0,5,24,4,1,-26.066627150909458,-25.933328171967727
2003-11-03 05:30:00,19,-28.0,-28.000021048870448,0.0258732490181935,-26.0,5,24,4,1,-28.066670538341313,-27.933371559399582
2003-11-03 06:30:00,19,-21.0,-20.99995707881357,0.0258732490181935,-28.0,5,24,4,1,-21.066606568284435,-20.933307589342704
2003-11-03 07:30:00,19,-18.0,-17.999984804178297,0.0258732490181935,-21.0,5,24,4,1,-18.066634293649162,-17.93333531470743
2003-11-03 08:30:00,19,-17.0,-16.999971303804227,0.0258732490181935,-18.0,5,24,4,1,-17.066620793275092,-16.93332181433336
2003-11-03 09:30:00,19,-14.0,-14.00001701081332,0.0258732490181935,-17.0,5,24,4,1,-14.066666500284185,-13.933367521342454
2003-11-03 10:30:00,19,-7.0,-7.000056908282115,0.0258732490181935,-14.0,5,24,4,1,-7.066706397752982,-6.933407418811249
2003-11-03 11:30:00,19,-5.0,-5.000019591237599,0.0258732490181935,-7.0,5,24,4,1,-5.066669080708466,-4.933370101766733
2003-11-03 12:30:00,19,-7.0,-7.000013125682312,0.0258732490181935,-5.0,5,24,4,1,-7.066662615153178,-6.933363636211445
2003-11-03 13:30:00,19,-9.0,-9.000038357221428,0.0258732490181935,-7.0,5,24,4,1,-9.066687846692293,-8.933388867750562
2003-11-03 14:30:00,19,-6.0,-6.000059693037144,0.0258732490181935,-9.0,5,24,4,1,-6.066709182508011,-5.933410203566278
2003-11-03 15:30:00,19,-4.0,-4.000116274270596,0.0258732490181935,-6.0,5,24,4,1,-4.066765763741462,-3.9334667847997293
2003-11-03 16:30:00,19,-2.0,-2.0000166746178785,0.0258732490181935,-4.0,5,24,4,1,-2.066666164088745,-1.933367185147012
2003-11-03 17:30:00,19,-3.0,-3.000047408590195,0.0258732490181935,-2.0,5,24,4,1,-3.0666968980610614,-2.9333979191193285
2003-11-03 18:30:00,19,-2.0,-2.0000914086106185,0.0258732490181935,-3.0,5,24,4,1,-2.066740898081485,-1.933441919139752
2003-11-03 19:30:00,19,-4.0,-4.000038809185568,0.0258732490181935,-2.0,5,24,4,1,-4.066688298656435,-3.933389319714702
2003-11-03 20:30:00,19,-5.0,-5.000053235084561,0.0258732490181935,-4.0,5,24,4,1,-5.0667027245554275,-4.9334037456136945
2003-11-03 21:30:00,19,-6.0,-5.999994628745892,0.0258732490181935,-5.0,5,24,4,1,-6.066644118216758,-5.933345139275025
2003-11-03 22:30:00,19,-6.0,-6.000035327615482,0.0258732490181935,-6.0,5,24,4,1,-6.066684817086348,-5.933385838144615
2003-11-03 23:30:00,19,-11.0,-10.999945163468125,0.0258732490181935,-6.0,5,24,4,1,-11.066594652938992,-10.933295673997257
2003-11-04 00:30:00,19,-20.0,-19.9998849598138,0.0258732490181935,-11.0,5,24,4,1,-20.066534449284667,-19.933235470342936
2003-11-04 01:30:00,19,-15.0,-15.000022167060004,0.0258732490181935,-20.0,5,24,4,1,-15.066671656530872,-14.933372677589137
2003-11-04 02:30:00,19,-12.0,-11.99997051703194,0.0258732490181935,-15.0,5,24,4,1,-12.066620006502806,-11.933321027561075
2003-11-04 03:30:00,19,-12.0,-11.999969852391558,0.0258732490181935,-12.0,5,24,4,1,-12.066619341862424,-11.933320362920693
2003-11-04 04:30:00,19,-14.0,-13.99994576751704,0.0258732490181935,-12.0,5,24,4,1,-14.066595256987906,-13.933296278046175
2003-11-04 05:30:00,19,-15.0,-14.999981363065327,0.0258732490181935,-14.0,5,24,4,1,-15.066630852536193,-14.933331873594462
2003-11-04 06:30:00,19,14.0,13.999756943839696,0.0258732490181935,-15.0,5,24,4,1,13.93310745436883,14.066406433310561
2003-11-04 07:30:00,19,10.0,10.000027531454112,0.0258732490181935,14.0,5,24,4,1,9.933378041983246,10.066677020924978
2003-11-04 08:30:00,19,6.0,5.999990003224635,0.0258732490181935,10.0,5,24,4,1,5.933340513753769,6.066639492695502
2003-11-04 09:30:00,19,-15.0,-14.999802601081376,0.0258732490181935,6.0,5,24,4,1,-15.066452090552243,-14.933153111610508
2003-11-04 10:30:00,19,-69.0,-68.9998618574294,0.0258732490181935,-15.0,5,24,4,1,-69.06651134690026,-68.93321236795853
2003-11-04 11:30:00,19,-63.0,-63.000009476029504,0.0258732490181935,-69.0,5,24,4,1,-63.06665896550037,-62.933359986558635
2003-11-04 12:30:00,19,-55.0,-54.999990153344825,0.0258732490181935,-63.0,5,24,4,1,-55.066639642815694,-54.933340663873956
2003-11-04 13:30:00,19,-58.0,-57.99994117834,0.0258732490181935,-55.0,5,24,4,1,-58.06659066781087,-57.93329168886913
2003-11-04 14:30:00,19,-61.0,-60.99996777857869,0.0258732490181935,-58.0,5,24,4,1,-61.06661726804956,-60.933318289107824
2003-11-04 15:30:00,19,-59.0,-59.00004139188871,0.0258732490181935,-61.0,5,24,4,1,-59.06669088135958,-58.93339190241784
2003-11-04 16:30:00,19,-55.0,-55.00004402149027,0.0258732490181935,-59.0,5,24,4,1,-55.06669351096114,-54.9333945320194
2003-11-04 17:30:00,19,-50.0,-50.00004742011016,0.0258732490181935,-55.0,5,24,4,1,-50.066696909581026,-49.93339793063929
2003-11-04 18:30:00,19,-45.0,-45.000023586746735,0.0258732490181935,-50.0,5,24,4,1,-45.066673076217604,-44.933374097275866
2003-11-04 19:30:00,19,-41.0,-41.00002402753155,0.0258732490181935,-45.0,5,24,4,1,-41.06667351700242,-40.93337453806068
2003-11-04 20:30:00,19,-39.0,-39.00000621488169,0.0258732490181935,-41.0,5,24,4,1,-39.066655704352556,-38.93335672541082
2003-11-04 21:30:00,19,-36.0,-36.00001244404488,0.0258732490181935,-39.0,5,24,4,1,-36.066661933515746,-35.93336295457401
2003-11-04 22:30:00,19,-39.0,-38.99993878183428,0.0258732490181935,-36.0,5,24,4,1,-39.06658827130515,-38.93328929236341
2003-11-04 23:30:00,19,-42.0,-41.99996479396878,0.0258732490181935,-39.0,5,24,4,1,-42.06661428343965,-41.93331530449791
2003-11-05 00:30:00,19,-41.0,-40.99997577969592,0.0258732490181935,-42.0,5,24,4,1,-41.06662526916679,-40.933326290225054
2003-11-05 01:30:00,19,-36.0,-36.000019887195215,0.0258732490181935,-41.0,5,24,4,1,-36.066669376666084,-35.933370397724346
2003-11-05 02:30:00,19,-31.0,-31.000015990806578,0.0258732490181935,-36.0,5,24,4,1,-31.066665480277443,-30.933366501335712
2003-11-05 03:30:00,19,-31.0,-30.999965595807307,0.0258732490181935,-31.0,5,24,4,1,-31.066615085278173,-30.93331610633644
2003-11-05 04:30:00,19,-31.0,-30.99998373281472,0.0258732490181935,-31.0,5,24,4,1,-31.066633222285585,-30.933334243343854
2003-11-05 05:30:00,19,-30.0,-29.999991117710483,0.0258732490181935,-31.0,5,24,4,1,-30.06664060718135,-29.933341628239617
2003-11-05 06:30:00,19,-27.0,-27.000012455047347,0.0258732490181935,-30.0,5,24,4,1,-27.066661944518213,-26.93336296557648
2003-11-05 07:30:00,19,-24.0,-24.00003401865756,0.0258732490181935,-27.0,5,24,4,1,-24.066683508128424,-23.933384529186693
2003-11-05 08:30:00,19,-25.0,-24.999973722294552,0.0258732490181935,-24.0,5,24,4,1,-25.066623211765418,-24.933324232823686
2003-11-05 09:30:00,19,-28.0,-27.99996425979249,0.0258732490181935,-25.0,5,24,4,1,-28.066613749263354,-27.933314770321623
2003-11-05 10:30:00,19,-29.0,-28.99997629291558,0.0258732490181935,-28.0,5,24,4,1,-29.066625782386446,-28.933326803444714
2003-11-05 11:30:00,19,-28.0,-27.999995976993507,0.0258732490181935,-29.0,5,24,4,1,-28.066645466464372,-27.93334648752264
2003-11-05 12:30:00,19,-27.0,-26.999990851289564,0.0258732490181935,-28.0,5,24,4,1,-27.06664034076043,-26.933341361818698
2003-11-05 13:30:00,19,-25.0,-25.00000420252964,0.0258732490181935,-27.0,5,24,4,1,-25.066653692000507,-24.933354713058776
2003-11-05 14:30:00,19,-22.0,-22.000013317604413,0.0258732490181935,-25.0,5,24,4,1,-22.06666280707528,-21.933363828133547
2003-11-05 15:30:00,19,-19.0,-19.000033539255394,0.0258732490181935,-22.0,5,24,4,1,-19.06668302872626,-18.93338404978453
2003-11-05 16:30:00,19,-17.0,-17.0000066422922,0.0258732490181935,-19.0,5,24,4,1,-17.066656131763065,-16.933357152821333
2003-11-05 17:30:00,19,-16.0,-16.000030089197857,0.0258732490181935,-17.0,5,24,4,1,-16.066679578668722,-15.933380599726991
2003-11-05 18:30:00,19,-17.0,-17.00000728398644,0.0258732490181935,-16.0,5,24,4,1,-17.066656773457307,-16.933357794515576
2003-11-05 19:30:00,19,-12.0,-12.000048481834169,0.0258732490181935,-17.0,5,24,4,1,-12.066697971305036,-11.933398992363301
2003-11-05 20:30:00,19,-17.0,-16.999959292501362,0.0258732490181935,-12.0,5,24,4,1,-17.066608781972228,-16.933309803030497
2003-11-05 21:30:00,19,-18.0,-18.000011844344417,0.0258732490181935,-17.0,5,24,4,1,-18.066661333815283,-17.93336235487355
2003-11-05 22:30:00,19,-17.0,-17.000033936179427,0.0258732490181935,-18.0,5,24,4,1,-17.066683425650293,-16.933384446708562
2003-11-05 23:30:00,19,-22.0,-21.9999580916428,0.0258732490181935,-17.0,5,24,4,1,-22.066607581113665,-21.933308602171934
2003-11-06 00:30:00,19,-24.0,-23.999998330796146,0.0258732490181935,-22.0,5,24,4,1,-24.06664782026701,-23.93334884132528
2003-11-06 01:30:00,19,-24.0,-24.00000209218538,0.0258732490181935,-24.0,5,24,4,1,-24.066651581656245,-23.933352602714514
2003-11-06 02:30:00,19,-21.0,-21.00002790382719,0.0258732490181935,-24.0,5,24,4,1,-21.066677393298054,-20.933378414356323
2003-11-06 03:30:00,19,-21.0,-20.999992699573056,0.0258732490181935,-21.0,5,24,4,1,-21.06664218904392,-20.93334321010219
2003-11-06 04:30:00,19,-25.0,-24.99996222705128,0.0258732490181935,-21.0,5,24,4,1,-25.066611716522146,-24.933312737580415
2003-11-06 05:30:00,19,-25.0,-25.000010449079955,0.0258732490181935,-25.0,5,24,4,1,-25.06665993855082,-24.93336095960909
2003-11-06 06:30:00,19,-20.0,-20.000021429996863,0.0258732490181935,-25.0,5,24,4,1,-20.06667091946773,-19.933371940525998
2003-11-06 07:30:00,19,-17.0,-16.999997529733122,0.0258732490181935,-20.0,5,24,4,1,-17.066647019203987,-16.933348040262256
2003-11-06 08:30:00,19,-16.0,-15.999989363654915,0.0258732490181935,-17.0,5,24,4,1,-16.06663885312578,-15.93333987418405
2003-11-06 09:30:00,19,-14.0,-14.000012877083815,0.0258732490181935,-16.0,5,24,4,1,-14.06666236655468,-13.93336338761295
2003-11-06 10:30:00,19,-15.0,-14.999994489186223,0.0258732490181935,-14.0,5,24,4,1,-15.06664397865709,-14.933344999715356
2003-11-06 11:30:00,19,-13.0,-13.000010646782023,0.0258732490181935,-15.0,5,24,4,1,-13.066660136252889,-12.933361157311158
2003-11-06 12:30:00,19,-12.0,-12.000032673882089,0.0258732490181935,-13.0,5,24,4,1,-12.066682163352954,-11.933383184411223
2003-11-06 13:30:00,19,-11.0,-11.000008467738024,0.0258732490181935,-12.0,5,24,4,1,-11.06665795720889,-10.933358978267158
2003-11-06 14:30:00,19,-7.0,-7.000056294195247,0.0258732490181935,-11.0,5,24,4,1,-7.066705783666113,-6.93340680472438
2003-11-06 15:30:00,19,-5.0,-5.00002918921761,0.0258732490181935,-7.0,5,24,4,1,-5.0666786786884765,-4.933379699746744
2003-11-06 16:30:00,19,-10.0,-9.999973602288051,0.0258732490181935,-5.0,5,24,4,1,-10.066623091758917,-9.933324112817186
2003-11-06 17:30:00,19,-10.0,-9.999997537686196,0.0258732490181935,-10.0,5,24,4,1,-10.066647027157064,-9.93334804821533
2003-11-06 18:30:00,19,-9.0,-9.00000800618438,0.0258732490181935,-10.0,5,24,4,1,-9.066657495655246,-8.933358516713515
2003-11-06 19:30:00,19,-1.0,-1.000072589232591,0.0258732490181935,-9.0,5,24,4,1,-1.0667220787034575,-0.9334230997617246
2003-11-06 20:30:00,19,5.0,4.999891464020482,0.0258732490181935,-1.0,5,24,4,1,4.933241974549616,5.066540953491349
2003-11-06 21:30:00,19,-9.0,-8.99994583431484,0.0258732490181935,5.0,5,24,4,1,-9.066595323785705,-8.933296344843974
2003-11-06 22:30:00,19,-21.0,-20.999907241137617,0.0258732490181935,-9.0,5,24,4,1,-21.066556730608482,-20.93325775166675
2003-11-06 23:30:00,19,-18.0,-18.00015441871946,0.0258732490181935,-21.0,5,24,4,1,-18.066803908190327,-17.933504929248596
2003-11-07 00:30:00,19,-16.0,-15.999990234768903,0.0258732490181935,-18.0,5,24,4,1,-16.06663972423977,-15.933340745298036
2003-11-07 01:30:00,19,-20.0,-19.99995104129055,0.0258732490181935,-16.0,5,24,4,1,-20.066600530761416,-19.933301551819685
2003-11-07 02:30:00,19,-15.0,-15.000055666967004,0.0258732490181935,-20.0,5,24,4,1,-15.06670515643787,-14.933406177496138
2003-11-07 03:30:00,19,-10.0,-10.000032378657238,0.0258732490181935,-15.0,5,24,4,1,-10.066681868128104,-9.933382889186372
2003-11-07 04:30:00,19,-14.0,-13.999975534168753,0.0258732490181935,-10.0,5,24,4,1,-14.06662502363962,-13.933326044697885
2003-11-07 05:30:00,19,-15.0,-15.000018406051916,0.0258732490181935,-14.0,5,24,4,1,-15.066667895522784,-14.933368916581049
2003-11-07 06:30:00,19,-14.0,-14.00000432160153,0.0258732490181935,-15.0,5,24,4,1,-14.066653811072396,-13.933354832130664
2003-11-07 07:30:00,19,-12.0,-12.000027484547992,0.0258732490181935,-14.0,5,24,4,1,-12.066676974018858,-11.933377995077127
2003-11-07 08:30:00,19,-11.0,-11.000006388514583,0.0258732490181935,-12.0,5,24,4,1,-11.06665587798545,-10.933356899043716
2003-11-07 09:30:00,19,-15.0,-14.999968243728189,0.0258732490181935,-11.0,5,24,4,1,-15.066617733199056,-14.933318754257321
2003-11-07 10:30:00,19,-13.0,-13.000006167777832,0.0258732490181935,-15.0,5,24,4,1,-13.066655657248699,-12.933356678306964
2003-11-07 11:30:00,19,-11.0,-11.000004608733985,0.0258732490181935,-13.0,5,24,4,1,-11.06665409820485,-10.933355119263119
2003-11-07 12:30:00,19,-8.0,-8.000032161027843,0.0258732490181935,-11.0,5,24,4,1,-8.066681650498708,-7.933382671556976
2003-11-07 13:30:00,19,-8.0,-8.00000154101324,0.0258732490181935,-8.0,5,24,4,1,-8.066651030484106,-7.933352051542374
2003-11-07 14:30:00,19,-7.0,-7.00001370264367,0.0258732490181935,-8.0,5,24,4,1,-7.066663192114537,-6.933364213172804
2003-11-07 15:30:00,19,-7.0,-7.000011031376818,0.0258732490181935,-7.0,5,24,4,1,-7.066660520847685,-6.933361541905952
2003-11-07 16:30:00,19,-6.0,-6.000032282526483,0.0258732490181935,-7.0,5,24,4,1,-6.06668177199735,-5.933382793055617
2003-11-07 17:30:00,19,-4.0,-4.000011251220997,0.0258732490181935,-6.0,5,24,4,1,-4.066660740691863,-3.93336176175013
2003-11-07 18:30:00,19,-3.0,-3.000007219567042,0.0258732490181935,-4.0,5,24,4,1,-3.0666567090379084,-2.9333577300961755
2003-11-07 19:30:00,19,-4.0,-4.000014651960129,0.0258732490181935,-3.0,5,24,4,1,-4.066664141430995,-3.9333651624892623
2003-11-07 20:30:00,19,-4.0,-3.9999953982106007,0.0258732490181935,-4.0,5,24,4,1,-4.066644887681467,-3.933345908739734
2003-11-07 21:30:00,19,-3.0,-3.000003062876172,0.0258732490181935,-4.0,5,24,4,1,-3.0666525523470383,-2.9333535734053053
2003-11-07 22:30:00,19,-1.0,-1.0000001414008146,0.0258732490181935,-3.0,5,24,4,1,-1.066649630871681,-0.9333506519299481
2003-11-07 23:30:00,19,-3.0,-2.999997408158229,0.0258732490181935,-1.0,5,24,4,1,-3.0666468976290955,-2.9333479186873626
2003-11-08 00:30:00,19,-5.0,-5.000000468872376,0.0258732490181935,-3.0,5,24,4,1,-5.066649958343242,-4.933350979401509
2003-11-08 01:30:00,19,-3.0,-3.0000017860270134,0.0258732490181935,-5.0,5,24,4,1,-3.06665127549788,-2.933352296556147
2003-11-08 02:30:00,19,3.0,2.9999557759912854,0.0258732490181935,-3.0,5,24,4,1,2.933306286520419,3.066605265462152
2003-11-08 03:30:00,19,5.0,4.999979129212509,0.0258732490181935,3.0,5,24,4,1,4.933329639741642,5.066628618683375
2003-11-08 04:30:00,19,4.0,3.9999984461899096,0.0258732490181935,5.0,5,24,4,1,3.933348956719043,4.066647935660776
2003-11-08 05:30:00,19,3.0,2.9999973003929306,0.0258732490181935,4.0,5,24,4,1,2.933347810922064,3.066646789863797
2003-11-08 06:30:00,19,3.0,2.999968510045332,0.0258732490181935,3.0,5,24,4,1,2.9333190205744657,3.0666179995161986
2003-11-08 07:30:00,19,4.0,3.999997389565433,0.0258732490181935,3.0,5,24,4,1,3.9333479000945664,4.066646879036299
2003-11-08 08:30:00,19,5.0,4.999956230425983,0.0258732490181935,4.0,5,24,4,1,4.933306740955117,5.06660571989685
2003-11-08 09:30:00,19,5.0,5.000011154602095,0.0258732490181935,5.0,5,24,4,1,4.933361665131229,5.066660644072962
2003-11-08 10:30:00,19,6.0,5.99995898293859,0.0258732490181935,5.0,5,24,4,1,5.933309493467724,6.066608472409457
2003-11-08 11:30:00,19,5.0,4.99997751790038,0.0258732490181935,6.0,5,24,4,1,4.933328028429513,5.066627007371246
2003-11-08 12:30:00,19,11.0,10.999940049267504,0.0258732490181935,5.0,5,24,4,1,10.933290559796639,11.06658953873837
2003-11-08 13:30:00,19,15.0,14.999955573360264,0.0258732490181935,11.0,5,24,4,1,14.933306083889399,15.06660506283113
2003-11-08 14:30:00,19,21.0,20.99991096109557,0.0258732490181935,15.0,5,24,4,1,20.933261471624704,21.066560450566435
2003-11-08 15:30:00,19,12.0,11.999975549048331,0.0258732490181935,21.0,5,24,4,1,11.933326059577464,12.066625038519199
2003-11-08 16:30:00,19,7.0,7.000031550871785,0.0258732490181935,12.0,5,24,4,1,6.933382061400919,7.066681040342652
2003-11-08 17:30:00,19,4.0,4.000063619028719,0.0258732490181935,7.0,5,24,4,1,3.9334141295578524,4.066713108499585
2003-11-08 18:30:00,19,5.0,4.999952992646971,0.0258732490181935,4.0,5,24,4,1,4.933303503176105,5.066602482117838
2003-11-08 19:30:00,19,-5.0,-4.999948541511856,0.0258732490181935,5.0,5,24,4,1,-5.066598030982722,-4.933299052040989
2003-11-08 20:30:00,19,-5.0,-4.9999790467682566,0.0258732490181935,-5.0,5,24,4,1,-5.066628536239123,-4.93332955729739
2003-11-08 21:30:00,19,2.0,1.9999689125422329,0.0258732490181935,-5.0,5,24,4,1,1.9333194230713664,2.0666184020130993
2003-11-08 22:30:00,19,1.0,0.9999734918841376,0.0258732490181935,2.0,5,24,4,1,0.9333240024132712,1.066622981355004
2003-11-08 23:30:00,19,2.0,1.9999778182339905,0.0258732490181935,1.0,5,24,4,1,1.933328328763124,2.0666273077048567
2003-11-09 00:30:00,19,2.0,1.9999900617072333,0.0258732490181935,2.0,5,24,4,1,1.9333405722363668,2.0666395511781
2004-10-30 06:30:00,23,-25.0,-18.83437353230532,5.78643376354808,2.0,5,24,4,1,-33.74022690720518,-3.928520157405467
2004-10-30 07:30:00,23,-28.0,-28.306186692175423,5.78643376354808,-25.0,5,24,4,1,-43.21204006707528,-13.40033331727557
2004-10-30 08:30:00,23,-33.0,-28.376533000045725,5.78643376354808,-28.0,5,24,4,1,-43.28238637494558,-13.470679625145872
2004-10-30 09:30:00,23,-33.0,-34.996472544764046,5.78643376354808,-33.0,5,24,4,1,-49.9023259196639,-20.09061916986419
2004-10-30 10:30:00,23,-24.0,-33.09722945155554,5.78643376354808,-33.0,5,24,4,1,-48.0030828264554,-18.191376076655686
2004-10-30 11:30:00,23,-15.0,-20.15702211149271,5.78643376354808,-24.0,5,24,4,1,-35.062875486392564,-5.251168736592858
2004-10-30 12:30:00,23,-16.0,-15.328218058550174,5.78643376354808,-15.0,5,24,4,1,-30.234071433450026,-0.4223646836503203
2004-10-30 13:30:00,23,-14.0,-16.683879457011027,5.78643376354808,-16.0,5,24,4,1,-31.58973283191088,-1.7780260821111735
2004-10-30 14:30:00,23,-9.0,-13.709193919000048,5.78643376354808,-14.0,5,24,4,1,-28.615047293899902,1.1966594558998054
2004-10-30 15:30:00,23,-9.0,-7.347371679674648,5.78643376354808,-9.0,5,24,4,1,-22.2532250545745,7.558481695225206
2004-10-30 16:30:00,23,-12.0,-13.779255291608187,5.78643376354808,-9.0,5,24,4,1,-28.685108666508043,1.1265980832916664
2004-10-30 17:30:00,23,-5.0,-11.70302451288218,5.78643376354808,-12.0,5,24,4,1,-26.608877887782036,3.2028288620176735
2004-10-30 18:30:00,23,-3.0,-2.45946299333006,5.78643376354808,-5.0,5,24,4,1,-17.365316368229912,12.446390381569794
2004-10-30 19:30:00,23,-4.0,-3.965152054982127,5.78643376354808,-3.0,5,24,4,1,-18.871005429881983,10.940701319917727
2004-10-30 20:30:00,23,-15.0,-7.552149800916521,5.78643376354808,-4.0,5,24,4,1,-22.458003175816373,7.353703573983333
2004-10-30 21:30:00,23,-24.0,-22.672163629814136,5.78643376354808,-15.0,5,24,4,1,-37.57801700471399,-7.766310254914282
2004-10-30 22:30:00,23,-23.0,-24.08170969056198,5.78643376354808,-24.0,5,24,4,1,-38.987563065461835,-9.175856315662125
2004-10-30 23:30:00,23,-17.0,-22.41813754446482,5.78643376354808,-23.0,5,24,4,1,-37.323990919364675,-7.512284169564966
2004-10-31 00:30:00,23,-9.0,-15.030153794375956,5.78643376354808,-17.0,5,24,4,1,-29.93600716927581,-0.12430041947610171
2004-10-31 01:30:00,23,-7.0,-9.00307768258897,5.78643376354808,-9.0,5,24,4,1,-23.90893105748882,5.902775692310884
2004-10-31 02:30:00,23,-15.0,-8.41823505666575,5.78643376354808,-7.0,5,24,4,1,-23.324088431565606,6.487618318234103
2004-10-31 03:30:00,23,-14.0,-17.683256517034962,5.78643376354808,-15.0,5,24,4,1,-32.58910989193482,-2.7774031421351086
2004-10-31 04:30:00,23,-9.0,-11.817333141929977,5.78643376354808,-14.0,5,24,4,1,-26.72318651682983,3.088520232969877
2004-10-31 05:30:00,23,-4.0,-8.135658618876885,5.78643376354808,-9.0,5,24,4,1,-23.041511993776737,6.770194756022969
2004-10-31 06:30:00,23,-4.0,-3.8688755660623286,5.78643376354808,-4.0,5,24,4,1,-18.774728940962184,11.036977808837525
2004-10-31 07:30:00,23,-6.0,-5.535640166507871,5.78643376354808,-4.0,5,24,4,1,-20.441493541407723,9.370213208391982
2004-10-31 08:30:00,23,-4.0,-7.460076308149755,5.78643376354808,-6.0,5,24,4,1,-22.365929683049607,7.445777066750098
2004-10-31 09:30:00,23,-4.0,-1.6913826014492734,5.78643376354808,-4.0,5,24,4,1,-16.597235976349126,13.21447077345058
2004-10-31 10:30:00,23,-13.0,-9.790050113300488,5.78643376354808,-4.0,5,24,4,1,-24.695903488200344,5.115803261599366
2004-10-31 11:30:00,23,-16.0,-13.60697962582119,5.78643376354808,-13.0,5,24,4,1,-28.512833000721045,1.2988737490786644
2004-10-31 12:30:00,23,-18.0,-19.144497822175783,5.78643376354808,-16.0,5,24,4,1,-34.050351197075635,-4.238644447275929
2004-10-31 13:30:00,23,-20.0,-21.20680510395197,5.78643376354808,-18.0,5,24,4,1,-36.11265847885183,-6.300951729052118
2004-10-31 14:30:00,23,-18.0,-18.36390279481076,5.78643376354808,-20.0,5,24,4,1,-33.26975616971061,-3.458049419910905
2004-10-31 15:30:00,23,-16.0,-16.73902984301196,5.78643376354808,-18.0,5,24,4,1,-31.64488321791181,-1.8331764681121054
2004-10-31 16:30:00,23,-14.0,-14.756420803594809,5.78643376354808,-16.0,5,24,4,1,-29.662274178494663,0.14943257130504506
2004-10-31 17:30:00,23,-14.0,-14.75643152552377,5.78643376354808,-14.0,5,24,4,1,-29.66228490042362,0.14942184937608438
2004-10-31 18:30:00,23,-12.0,-11.351754820620704,5.78643376354808,-14.0,5,24,4,1,-26.257608195520557,3.5540985542791503
2004-10-31 19:30:00,23,-14.0,-13.715301129736702,5.78643376354808,-12.0,5,24,4,1,-28.621154504636557,1.1905522451631523
2004-10-31 20:30:00,23,-13.0,-15.319708063533174,5.78643376354808,-14.0,5,24,4,1,-30.225561438433026,-0.41385468863331987
2004-10-31 21:30:00,23,-16.0,-16.234624200353238,5.78643376354808,-13.0,5,24,4,1,-31.140477575253094,-1.3287708254533843
2004-10-31 22:30:00,23,-16.0,-17.78352156352856,5.78643376354808,-16.0,5,24,4,1,-32.689374938428415,-2.8776681886287054
2004-10-31 23:30:00,23,-19.0,-16.188400892405923,5.78643376354808,-16.0,5,24,4,1,-31.09425426730578,-1.2825475175060692
2004-11-01 00:30:00,23,-19.0,-18.498880086318263,5.78643376354808,-19.0,5,24,4,1,-33.404733461218115,-3.5930267114184087
2004-11-01 01:30:00,23,-16.0,-15.965963754163926,5.78643376354808,-19.0,5,24,4,1,-30.87181712906378,-1.0601103792640725
2004-11-01 02:30:00,23,-14.0,-13.18427829843025,5.78643376354808,-16.0,5,24,4,1,-28.090131673330106,1.7215750764696036
2004-11-01 03:30:00,23,-12.0,-15.232320053722727,5.78643376354808,-14.0,5,24,4,1,-30.13817342862258,-0.3264666788228734
2004-11-01 04:30:00,23,-8.0,-12.937007028326882,5.78643376354808,-12.0,5,24,4,1,-27.842860403226737,1.9688463465729722
2004-11-01 05:30:00,23,-7.0,-6.602013199649761,5.78643376354808,-8.0,5,24,4,1,-21.507866574549617,8.303840175250093
2004-11-01 06:30:00,23,-7.0,-8.312478238157905,5.78643376354808,-7.0,5,24,4,1,-23.218331613057757,6.593375136741949
2004-11-01 07:30:00,23,-5.0,-4.946384394623966,5.78643376354808,-7.0,5,24,4,1,-19.852237769523818,9.959468980275888
2004-11-01 08:30:00,23,-6.0,-5.07542924283689,5.78643376354808,-5.0,5,24,4,1,-19.981282617736746,9.830424132062964
2004-11-01 09:30:00,23,-8.0,-6.171613527264235,5.78643376354808,-6.0,5,24,4,1,-21.07746690216409,8.73423984763562
2004-11-01 10:30:00,23,-8.0,-8.000004301828042,0.0258732490181935,-8.0,5,24,4,1,-8.066653791298908,-7.933354812357176
2004-11-01 11:30:00,23,-10.0,-10.000012521675863,0.0258732490181935,-8.0,5,24,4,1,-10.066662011146729,-9.933363032204998
2004-11-01 12:30:00,23,-9.0,-9.000005387018085,0.0258732490181935,-10.0,5,24,4,1,-9.06665487648895,-8.93335589754722
2004-11-01 13:30:00,23,-9.0,-9.000002749788855,0.0258732490181935,-9.0,5,24,4,1,-9.06665223925972,-8.93335326031799
2004-11-01 14:30:00,23,-7.0,-7.000029340524819,0.0258732490181935,-9.0,5,24,4,1,-7.066678829995685,-6.933379851053952
2004-11-01 15:30:00,23,-7.0,-7.000002067699288,0.0258732490181935,-7.0,5,24,4,1,-7.066651557170155,-6.933352578228422
2004-11-01 16:30:00,23,-1.0,-1.0000581086812694,0.0258732490181935,-7.0,5,24,4,1,-1.066707598152136,-0.933408619210403
2004-11-01 17:30:00,23,-1.0,-0.999998178901297,0.0258732490181935,-1.0,5,24,4,1,-1.0666476683721635,-0.9333486894304306
2004-11-01 18:30:00,23,-4.0,-3.999976212815049,0.0258732490181935,-1.0,5,24,4,1,-4.066625702285915,-3.9333267233441824
2004-11-01 19:30:00,23,-2.0,-2.00002133311936,0.0258732490181935,-4.0,5,24,4,1,-2.0666708225902264,-1.9333718436484935
2004-11-01 20:30:00,23,-1.0,-1.0000031064270374,0.0258732490181935,-2.0,5,24,4,1,-1.0666525958979038,-0.9333536169561709
2004-11-01 21:30:00,23,-2.0,-1.999995905081306,0.0258732490181935,-1.0,5,24,4,1,-2.0666453945521726,-1.9333464156104396
2004-11-01 22:30:00,23,-3.0,-2.999993991515044,0.0258732490181935,-2.0,5,24,4,1,-3.0666434809859107,-2.9333445020441777
2004-11-01 23:30:00,23,-3.0,-2.9999928881842663,0.0258732490181935,-3.0,5,24,4,1,-3.066642377655133,-2.9333433987134
2004-11-02 00:30:00,23,-3.0,-3.000028524054187,0.0258732490181935,-3.0,5,24,4,1,-3.0666780135250535,-2.9333790345833206
2004-11-02 01:30:00,23,-5.0,-4.999992800767586,0.0258732490181935,-3.0,5,24,4,1,-5.066642290238453,-4.93334331129672
2004-11-02 02:30:00,23,-4.0,-4.000001619831753,0.0258732490181935,-5.0,5,24,4,1,-4.06665110930262,-3.9333521303608867
2004-11-02 03:30:00,23,-5.0,-4.99997870757548,0.0258732490181935,-4.0,5,24,4,1,-5.066628197046346,-4.933329218104613
2004-11-02 04:30:00,23,-7.0,-6.999977710897497,0.0258732490181935,-5.0,5,24,4,1,-7.066627200368363,-6.93332822142663
2004-11-02 05:30:00,23,-7.0,-6.999990874430612,0.0258732490181935,-7.0,5,24,4,1,-7.066640363901478,-6.933341384959745
2004-11-02 06:30:00,23,-6.0,-5.999987443568816,0.0258732490181935,-7.0,5,24,4,1,-6.066636933039683,-5.93333795409795
2004-11-02 07:30:00,23,-4.0,-4.000004328950933,0.0258732490181935,-6.0,5,24,4,1,-4.066653818421799,-3.9333548394800664
2004-11-02 08:30:00,23,-2.0,-2.000008228947035,0.0258732490181935,-4.0,5,24,4,1,-2.0666577184179014,-1.9333587394761684
2004-11-02 09:30:00,23,-3.0,-3.0000115381991783,0.0258732490181935,-2.0,5,24,4,1,-3.066661027670045,-2.933362048728312
2004-11-02 10:30:00,23,-4.0,-4.000007081842238,0.0258732490181935,-3.0,5,24,4,1,-4.066656571313104,-3.9333575923713715
2004-11-02 11:30:00,23,-2.0,-2.0000248892696035,0.0258732490181935,-4.0,5,24,4,1,-2.06667437874047,-1.933375399798737
2004-11-02 12:30:00,23,-2.0,-2.0000053035269403,0.0258732490181935,-2.0,5,24,4,1,-2.0666547929978067,-1.9333558140560738
2004-11-02 13:30:00,23,1.0,0.999958517563048,0.0258732490181935,-2.0,5,24,4,1,0.9333090280921815,1.0666080070339143
2004-11-02 14:30:00,23,-1.0,-0.9999884190548016,0.0258732490181935,1.0,5,24,4,1,-1.066637908525668,-0.9333389295839352
2004-11-02 15:30:00,23,-4.0,-4.000009973285298,0.0258732490181935,-1.0,5,24,4,1,-4.0666594627561645,-3.9333604838144316
2004-11-02 16:30:00,23,-6.0,-6.000008324896012,0.0258732490181935,-4.0,5,24,4,1,-6.066657814366878,-5.933358835425145
2004-11-02 17:30:00,23,-5.0,-5.000014596609056,0.0258732490181935,-6.0,5,24,4,1,-5.066664086079922,-4.933365107138189
2004-11-02 18:30:00,23,0.0,-5.322822546105499e-05,0.0258732490181935,-5.0,5,24,4,1,-0.06670271769632752,0.06659626124540541
2004-11-02 19:30:00,23,3.0,2.9999849211120555,0.0258732490181935,0.0,5,24,4,1,2.933335431641189,3.066634410582922
2004-11-02 20:30:00,23,2.0,2.0000108197222595,0.0258732490181935,3.0,5,24,4,1,1.933361330251393,2.066660309193126
2004-11-02 21:30:00,23,1.0,1.0000144923090524,0.0258732490181935,2.0,5,24,4,1,0.9333650028381859,1.0666639817799188
2004-11-02 22:30:00,23,-1.0,-0.9999774027355564,0.0258732490181935,1.0,5,24,4,1,-1.0666268922064228,-0.9333279132646899
2004-11-02 23:30:00,23,0.0,-8.331843616815604e-06,0.0258732490181935,-1.0,5,24,4,1,-0.06665782131448328,0.06664115762724965
2004-11-03 00:30:00,23,2.0,1.9999899211884191,0.0258732490181935,0.0,5,24,4,1,1.9333404317175527,2.0666394106592856
2004-11-03 01:30:00,23,3.0,2.999998971699558,0.0258732490181935,2.0,5,24,4,1,2.9333494822286914,3.0666484611704243
2004-11-03 02:30:00,23,3.0,3.000002851330354,0.0258732490181935,3.0,5,24,4,1,2.9333533618594876,3.0666523408012205
2004-11-03 03:30:00,23,3.0,2.9999823653982,0.0258732490181935,3.0,5,24,4,1,2.9333328759273334,3.0666318548690663
2004-11-03 04:30:00,23,4.0,4.000006700212335,0.0258732490181935,3.0,5,24,4,1,3.9333572107414687,4.066656189683202
2004-11-03 05:30:00,23,6.0,5.9999877691738455,0.0258732490181935,4.0,5,24,4,1,5.933338279702979,6.066637258644712
2004-11-03 06:30:00,23,8.0,7.999989700531206,0.0258732490181935,6.0,5,24,4,1,7.933340211060339,8.066639190002071
2004-11-03 07:30:00,23,8.0,7.999996656992888,0.0258732490181935,8.0,5,24,4,1,7.9333471675220215,8.066646146463754
2004-11-03 08:30:00,23,8.0,7.9999882348292,0.0258732490181935,8.0,5,24,4,1,7.933338745358333,8.066637724300065
2004-11-03 09:30:00,23,7.0,7.000012706575465,0.0258732490181935,8.0,5,24,4,1,6.933363217104598,7.066662196046331
2004-11-03 10:30:00,23,4.0,4.000003828561919,0.0258732490181935,7.0,5,24,4,1,3.9333543390910526,4.0666533180327855
2004-11-03 11:30:00,23,3.0,2.999970812183488,0.0258732490181935,4.0,5,24,4,1,2.9333213227126214,3.0666203016543543
2004-11-03 12:30:00,23,1.0,1.0000174476893058,0.0258732490181935,3.0,5,24,4,1,0.9333679582184393,1.0666669371601722
2004-11-03 13:30:00,23,7.0,6.999997668717104,0.0258732490181935,1.0,5,24,4,1,6.933348179246238,7.066647158187971
2004-11-03 14:30:00,23,12.0,11.99995883482988,0.0258732490181935,7.0,5,24,4,1,11.933309345359014,12.066608324300745
2004-11-03 15:30:00,23,14.0,13.999975915426273,0.0258732490181935,12.0,5,24,4,1,13.933326425955407,14.066625404897138
2004-11-03 16:30:00,23,14.0,14.000000469243831,0.0258732490181935,14.0,5,24,4,1,13.933350979772964,14.066649958714699
2004-11-03 17:30:00,23,7.0,6.999972672523018,0.0258732490181935,14.0,5,24,4,1,6.933323183052152,7.066622161993885
2004-11-03 18:30:00,23,3.0,2.999975518104204,0.0258732490181935,7.0,5,24,4,1,2.9333260286333376,3.0666250075750705
2004-11-03 19:30:00,23,3.0,3.000013538100287,0.0258732490181935,3.0,5,24,4,1,2.9333640486294206,3.0666630275711535
2004-11-03 20:30:00,23,-7.0,-6.999975252736384,0.0258732490181935,3.0,5,24,4,1,-7.06662474220725,-6.933325763265517
2004-11-03 21:30:00,23,-19.0,-18.99996085604476,0.0258732490181935,-7.0,5,24,4,1,-19.066610345515624,-18.933311366573893
2004-11-03 22:30:00,23,-17.0,-17.000048603719556,0.0258732490181935,-19.0,5,24,4,1,-17.06669809319042,-16.93339911424869
2004-11-03 23:30:00,23,-12.0,-11.99994313595442,0.0258732490181935,-17.0,5,24,4,1,-12.066592625425287,-11.933293646483552
2004-11-04 00:30:00,23,-3.0,-3.000035758093496,0.0258732490181935,-12.0,5,24,4,1,-3.0666852475643624,-2.9333862686226295
2004-11-04 01:30:00,23,-3.0,-2.9999729761740674,0.0258732490181935,-3.0,5,24,4,1,-3.066622465644934,-2.933323486703201
2004-11-04 02:30:00,23,-7.0,-6.999981586291213,0.0258732490181935,-3.0,5,24,4,1,-7.066631075762079,-6.9333320968203465
2004-11-04 03:30:00,23,-9.0,-9.000012478595753,0.0258732490181935,-7.0,5,24,4,1,-9.066661968066619,-8.933362989124888
2004-11-04 04:30:00,23,-8.0,-8.000046157899174,0.0258732490181935,-9.0,5,24,4,1,-8.06669564737004,-7.9333966684283075
2004-11-04 05:30:00,23,-9.0,-8.999989868567607,0.0258732490181935,-8.0,5,24,4,1,-9.066639358038472,-8.933340379096741
2004-11-04 06:30:00,23,-11.0,-10.999996595518072,0.0258732490181935,-9.0,5,24,4,1,-11.066646084988939,-10.933347106047204
2004-11-04 07:30:00,23,-13.0,-12.999959479375008,0.0258732490181935,-11.0,5,24,4,1,-13.066608968845873,-12.933309989904142
2004-11-04 08:30:00,23,-10.0,-10.000011876736204,0.0258732490181935,-13.0,5,24,4,1,-10.066661366207072,-9.933362387265337
2004-11-04 09:30:00,23,-5.0,-5.000038673633839,0.0258732490181935,-10.0,5,24,4,1,-5.066688163104706,-4.933389184162973
2004-11-04 10:30:00,23,-2.0,-2.0000249856146155,0.0258732490181935,-5.0,5,24,4,1,-2.066674475085482,-1.933375496143749
2004-11-04 11:30:00,23,0.0,-2.5023426875492305e-05,0.0258732490181935,-2.0,5,24,4,1,-0.06667451289774196,0.06662446604399097
2004-11-04 12:30:00,23,1.0,0.9999990413932204,0.0258732490181935,0.0,5,24,4,1,0.9333495519223539,1.0666485308640867
2004-11-04 13:30:00,23,-1.0,-0.9999959580018613,0.0258732490181935,1.0,5,24,4,1,-1.0666454474727276,-0.9333464685309948
2004-11-04 14:30:00,23,-2.0,-2.000045425888583,0.0258732490181935,-1.0,5,24,4,1,-2.0666949153594496,-1.9333959364177167
2004-11-04 15:30:00,23,0.0,-1.934229006650412e-05,0.0258732490181935,-2.0,5,24,4,1,-0.06666883176093297,0.06663014718079996
2004-11-04 16:30:00,23,-1.0,-0.9999778875626716,0.0258732490181935,0.0,5,24,4,1,-1.0666273770335382,-0.9333283980918051
2004-11-04 17:30:00,23,-9.0,-8.999961333531015,0.0258732490181935,-1.0,5,24,4,1,-9.06661082300188,-8.93331184406015
2004-11-04 18:30:00,23,-13.0,-12.999977678671064,0.0258732490181935,-9.0,5,24,4,1,-13.066627168141931,-12.933328189200196
2004-11-04 19:30:00,23,-12.0,-12.000013249811126,0.0258732490181935,-13.0,5,24,4,1,-12.066662739281991,-11.93336376034026
2004-11-04 20:30:00,23,-7.0,-7.000022018909345,0.0258732490181935,-12.0,5,24,4,1,-7.066671508380211,-6.933372529438478
2004-11-04 21:30:00,23,-4.0,-4.000001154935013,0.0258732490181935,-7.0,5,24,4,1,-4.06665064440588,-3.933351665464147
2004-11-04 22:30:00,23,-1.0,-1.000039272707486,0.0258732490181935,-4.0,5,24,4,1,-1.0666887621783525,-0.9333897832366196
2004-11-04 23:30:00,23,-5.0,-4.999992322625207,0.0258732490181935,-1.0,5,24,4,1,-5.066641812096074,-4.933342833154341
2004-11-05 00:30:00,23,-8.0,-7.99999812445666,0.0258732490181935,-5.0,5,24,4,1,-8.066647613927525,-7.933348634985793
2004-11-05 01:30:00,23,-6.0,-5.999984282347196,0.0258732490181935,-8.0,5,24,4,1,-6.066633771818062,-5.933334792876329
2004-11-05 02:30:00,23,-5.0,-4.999991143243953,0.0258732490181935,-6.0,5,24,4,1,-5.06664063271482,-4.933341653773087
2004-11-05 03:30:00,23,-6.0,-5.999995749542837,0.0258732490181935,-5.0,5,24,4,1,-6.066645239013703,-5.93334626007197
2004-11-05 04:30:00,23,-5.0,-4.9999743897411015,0.0258732490181935,-6.0,5,24,4,1,-5.066623879211968,-4.933324900270235
2004-11-05 05:30:00,23,-4.0,-3.9999977666023767,0.0258732490181935,-5.0,5,24,4,1,-4.066647256073243,-3.9333482771315103
2004-11-05 06:30:00,23,-4.0,-4.000013032262814,0.0258732490181935,-4.0,5,24,4,1,-4.06666252173368,-3.9333635427919473
2004-11-05 07:30:00,23,-3.0,-2.999978580559585,0.0258732490181935,-4.0,5,24,4,1,-3.0666280700304513,-2.9333290910887184
2004-11-05 08:30:00,23,-2.0,-2.000001504079659,0.0258732490181935,-3.0,5,24,4,1,-2.0666509935505255,-1.9333520146087926
2004-11-05 09:30:00,23,0.0,-9.831680202410098e-06,0.0258732490181935,-2.0,5,24,4,1,-0.06665932115106887,0.06663965779066405
2004-11-05 10:30:00,23,1.0,0.9999898438161914,0.0258732490181935,0.0,5,24,4,1,0.9333403543453249,1.0666393332870578
2004-11-05 11:30:00,23,0.0,1.6782785337454698e-05,0.0258732490181935,1.0,5,24,4,1,-0.06663270668552901,0.06666627225620392
2004-11-05 12:30:00,23,-3.0,-2.9999644906513296,0.0258732490181935,0.0,5,24,4,1,-3.066613980122196,-2.933315001180463
2004-11-05 13:30:00,23,-3.0,-3.000003517466478,0.0258732490181935,-3.0,5,24,4,1,-3.0666530069373445,-2.9333540279956116
2004-11-05 14:30:00,23,-3.0,-2.999981700889183,0.0258732490181935,-3.0,5,24,4,1,-3.0666311903600496,-2.9333322114183167
2004-11-05 15:30:00,23,-2.0,-2.000007599855856,0.0258732490181935,-3.0,5,24,4,1,-2.0666570893267227,-1.9333581103849897
2004-11-05 16:30:00,23,0.0,-1.1996595514318642e-05,0.0258732490181935,-2.0,5,24,4,1,-0.06666148606638078,0.06663749287535214
2004-11-05 17:30:00,23,-1.0,-0.9999972489677162,0.0258732490181935,0.0,5,24,4,1,-1.0666467384385827,-0.9333477594968498
2004-11-05 18:30:00,23,-1.0,-1.000001954291367,0.0258732490181935,-1.0,5,24,4,1,-1.0666514437622334,-0.9333524648205005
2004-11-05 19:30:00,23,1.0,0.9999749051019328,0.0258732490181935,-1.0,5,24,4,1,0.9333254156310663,1.0666243945727993
2004-11-05 20:30:00,23,2.0,2.0000065038649915,0.0258732490181935,1.0,5,24,4,1,1.933357014394125,2.066655993335858
2004-11-05 21:30:00,23,4.0,3.999983624072339,0.0258732490181935,2.0,5,24,4,1,3.9333341346014725,4.0666331135432054
2004-11-05 22:30:00,23,4.0,3.9999892727629,0.0258732490181935,4.0,5,24,4,1,3.9333397832920336,4.066638762233767
2004-11-05 23:30:00,23,5.0,4.999988882621661,0.0258732490181935,4.0,5,24,4,1,4.933339393150795,5.066638372092528
2004-11-06 00:30:00,23,6.0,5.999985318963727,0.0258732490181935,5.0,5,24,4,1,5.933335829492861,6.066634808434594
2004-11-06 01:30:00,23,6.0,6.000000435247809,0.0258732490181935,6.0,5,24,4,1,5.933350945776943,6.066649924718676
2004-11-06 02:30:00,23,6.0,5.999989732674624,0.0258732490181935,6.0,5,24,4,1,5.933340243203758,6.066639222145491
2004-11-06 03:30:00,23,5.0,4.999997785943197,0.0258732490181935,6.0,5,24,4,1,4.933348296472331,5.066647275414064
2004-11-06 04:30:00,23,4.0,4.000008549751488,0.0258732490181935,5.0,5,24,4,1,3.9333590602806217,4.066658039222355
2004-11-06 05:30:00,23,6.0,5.9999839730982,0.0258732490181935,4.0,5,24,4,1,5.933334483627333,6.066633462569066
2004-11-06 06:30:00,23,7.0,6.999990721556006,0.0258732490181935,6.0,5,24,4,1,6.93334123208514,7.066640211026873
2004-11-06 07:30:00,23,7.0,6.999999820862353,0.0258732490181935,7.0,5,24,4,1,6.933350331391487,7.0666493103332195
2004-11-06 08:30:00,23,6.0,6.000006632233909,0.0258732490181935,7.0,5,24,4,1,5.933357142763042,6.066656121704775
2004-11-06 09:30:00,23,6.0,5.999997210078657,0.0258732490181935,6.0,5,24,4,1,5.933347720607791,6.066646699549524
2004-11-06 10:30:00,23,6.0,5.999997412276759,0.0258732490181935,6.0,5,24,4,1,5.9333479228058925,6.066646901747625
2004-11-06 11:30:00,23,6.0,6.000002657232013,0.0258732490181935,6.0,5,24,4,1,5.933353167761147,6.0666521467028796
2004-11-06 12:30:00,23,7.0,6.99998933136121,0.0258732490181935,6.0,5,24,4,1,6.933339841890343,7.066638820832076
2004-11-06 13:30:00,23,7.0,6.999997771146536,0.0258732490181935,7.0,5,24,4,1,6.93334828167567,7.066647260617403
2004-11-06 14:30:00,23,5.0,5.000011683952391,0.0258732490181935,7.0,5,24,4,1,4.933362194481525,5.066661173423258
2004-11-06 15:30:00,23,5.0,5.000004317980451,0.0258732490181935,5.0,5,24,4,1,4.933354828509585,5.066653807451318
2004-11-06 16:30:00,23,4.0,4.0000231178263626,0.0258732490181935,5.0,5,24,4,1,3.933373628355496,4.066672607297229
2004-11-06 17:30:00,23,5.0,4.99999322860668,0.0258732490181935,4.0,5,24,4,1,4.933343739135814,5.066642718077547
2004-11-06 18:30:00,23,6.0,5.999995367549378,0.0258732490181935,5.0,5,24,4,1,5.933345878078511,6.066644857020244
2004-11-06 19:30:00,23,1.0,1.0000144232078618,0.0258732490181935,6.0,5,24,4,1,0.9333649337369954,1.0666639126787283
2004-11-06 20:30:00,23,2.0,1.999987804645574,0.0258732490181935,1.0,5,24,4,1,1.9333383151747074,2.0666372941164406
2004-11-06 21:30:00,23,5.0,4.999973429758274,0.0258732490181935,2.0,5,24,4,1,4.933323940287408,5.0666229192291405
2004-11-06 22:30:00,23,7.0,6.9999940338768845,0.0258732490181935,5.0,5,24,4,1,6.933344544406018,7.066643523347751
2004-11-06 23:30:00,23,10.0,9.999986207585,0.0258732490181935,7.0,5,24,4,1,9.933336718114134,10.066635697055865
2004-11-07 00:30:00,23,12.0,11.999947511630804,0.0258732490181935,10.0,5,24,4,1,11.933298022159939,12.06659700110167
2004-11-07 01:30:00,23,9.0,9.00001321298954,0.0258732490181935,12.0,5,24,4,1,8.933363723518674,9.066662702460405
2004-11-07 02:30:00,23,8.0,7.999999328054546,0.0258732490181935,9.0,5,24,4,1,7.93334983858368,8.066648817525412
2004-11-07 03:30:00,23,19.0,18.999904526548807,0.0258732490181935,8.0,5,24,4,1,18.93325503707794,19.066554016019673
2004-11-07 04:30:00,23,14.0,13.999999838549744,0.0258732490181935,19.0,5,24,4,1,13.933350349078879,14.06664932802061
2004-11-07 05:30:00,23,16.0,15.999976176060176,0.0258732490181935,14.0,5,24,4,1,15.93332668658931,16.066625665531042
2004-11-07 06:30:00,23,17.0,16.99999223572885,0.0258732490181935,16.0,5,24,4,1,16.933342746257985,17.066641725199716
2004-11-07 07:30:00,23,16.0,16.00001517360091,0.0258732490181935,17.0,5,24,4,1,15.933365684130045,16.066664663071776
2004-11-07 08:30:00,23,17.0,16.99996627270387,0.0258732490181935,16.0,5,24,4,1,16.933316783233003,17.066615762174735
2004-11-07 09:30:00,23,16.0,16.000018528154843,0.0258732490181935,17.0,5,24,4,1,15.933369038683978,16.06666801762571
2004-11-07 10:30:00,23,25.0,24.99990197233108,0.0258732490181935,16.0,5,24,4,1,24.933252482860215,25.066551461801946
2004-11-07 11:30:00,23,50.0,49.99972046046051,0.0258732490181935,25.0,5,24,4,1,49.93307097098964,50.06636994993138
2004-11-07 12:30:00,23,55.0,54.99986983108238,0.0258732490181935,50.0,5,24,4,1,54.93322034161151,55.06651932055325
2004-11-07 13:30:00,23,44.0,43.999924926285885,0.0258732490181935,55.0,5,24,4,1,43.933275436815016,44.066574415756754
2004-11-07 14:30:00,23,43.0,42.99996593689907,0.0258732490181935,44.0,5,24,4,1,42.933316447428204,43.06661542636994
2004-11-07 15:30:00,23,30.0,30.00008351495968,0.0258732490181935,43.0,5,24,4,1,29.933434025488815,30.066733004430546
2004-11-07 16:30:00,23,8.0,7.999914555479687,0.0258732490181935,30.0,5,24,4,1,7.93326506600882,8.066564044950553
2004-11-07 17:30:00,23,-15.0,-14.99979054220588,0.0258732490181935,8.0,5,24,4,1,-15.066440031676745,-14.933141052735014
2004-11-07 18:30:00,23,18.0,17.999767366877702,0.0258732490181935,-15.0,5,24,4,1,17.933117877406836,18.066416856348567
2004-11-07 19:30:00,23,61.0,60.99969759049812,0.0258732490181935,18.0,5,24,4,1,60.93304810102725,61.06634707996899
2004-11-07 20:30:00,23,22.0,22.000270182082463,0.0258732490181935,61.0,5,24,4,1,21.933620692611598,22.06691967155333
2004-11-07 21:30:00,23,-74.0,-73.99962737362844,0.0258732490181935,22.0,5,24,4,1,-74.0662768630993,-73.93297788415758
2004-11-07 22:30:00,23,-77.0,-77.00050540436823,0.0258732490181935,-74.0,5,24,4,1,-77.06715489383909,-76.93385591489736
2004-11-07 23:30:00,23,-117.0,-116.99953609531372,0.0258732490181935,-77.0,5,24,4,1,-117.06618558478458,-116.93288660584285
2004-11-08 00:30:00,23,-179.0,-179.00022563884542,0.0258732490181935,-117.0,5,24,4,1,-179.0668751283163,-178.93357614937455
2004-11-08 01:30:00,23,-186.0,-186.0002645232872,0.0258732490181935,-179.0,5,24,4,1,-186.06691401275808,-185.93361503381632
2004-11-08 02:30:00,23,-224.0,-223.9999263529836,0.0258732490181935,-186.0,5,24,4,1,-224.06657584245448,-223.93327686351273
2004-11-08 03:30:00,23,-272.0,-271.9999507278943,0.0258732490181935,-224.0,5,24,4,1,-272.0666002173652,-271.93330123842344
2004-11-08 04:30:00,23,-342.0,-341.9996308983763,0.0258732490181935,-272.0,5,24,4,1,-342.0662803878472,-341.93298140890545
2004-11-08 05:30:00,23,-368.0,-367.9999747757532,0.0258732490181935,-342.0,5,24,4,1,-368.06662426522405,-367.9333252862823
2004-11-08 06:30:00,23,-374.0,-373.999915697911,0.0258732490181935,-368.0,5,24,4,1,-374.06656518738185,-373.9332662084401
2004-11-08 07:30:00,23,-343.0,-343.00027895138123,0.0258732490181935,-374.0,5,24,4,1,-343.0669284408521,-342.93362946191036
2004-11-08 08:30:00,23,-320.0,-320.0000953671501,0.0258732490181935,-343.0,5,24,4,1,-320.06674485662097,-319.9334458776792
2004-11-08 09:30:00,23,-299.0,-299.0000967507649,0.0258732490181935,-320.0,5,24,4,1,-299.0667462402358,-298.933447261294
2004-11-08 10:30:00,23,-234.0,-234.0005449031392,0.0258732490181935,-299.0,5,24,4,1,-234.06719439261008,-233.93389541366832
2004-11-08 11:30:00,23,-215.0,-215.00004369146384,0.0258732490181935,-234.0,5,24,4,1,-215.06669318093472,-214.93339420199297
2004-11-08 12:30:00,23,-181.0,-181.00023031478275,0.0258732490181935,-215.0,5,24,4,1,-181.06687980425363,-180.93358082531188
2004-11-08 13:30:00,23,-168.0,-167.9999940745138,0.0258732490181935,-181.0,5,24,4,1,-168.06664356398468,-167.93334458504293
2004-11-08 14:30:00,23,-160.0,-159.9999681846822,0.0258732490181935,-168.0,5,24,4,1,-160.06661767415306,-159.9333186952113
2004-11-08 15:30:00,23,-149.0,-148.99998708848042,0.0258732490181935,-160.0,5,24,4,1,-149.0666365779513,-148.93333759900955
2004-11-08 16:30:00,23,-145.0,-144.9999433597688,0.0258732490181935,-149.0,5,24,4,1,-145.06659284923967,-144.93329387029792
2004-11-08 17:30:00,23,-135.0,-135.0000161470235,0.0258732490181935,-145.0,5,24,4,1,-135.06666563649438,-134.93336665755263
2004-11-08 18:30:00,23,-128.0,-128.00001596536836,0.0258732490181935,-135.0,5,24,4,1,-128.06666545483924,-127.9333664758975
2004-11-08 19:30:00,23,-125.0,-125.00001934140082,0.0258732490181935,-128.0,5,24,4,1,-125.06666883087168,-124.93336985192995
2004-11-08 20:30:00,23,-125.0,-124.99999157089296,0.0258732490181935,-125.0,5,24,4,1,-125.06664106036382,-124.9333420814221
2004-11-08 21:30:00,23,-118.0,-118.00004731169648,0.0258732490181935,-125.0,5,24,4,1,-118.06669680116734,-117.93339782222561
2004-11-08 22:30:00,23,-122.0,-121.9999349048432,0.0258732490181935,-118.0,5,24,4,1,-122.06658439431406,-121.93328541537234
2004-11-08 23:30:00,23,-126.0,-125.99994313628926,0.0258732490181935,-122.0,5,24,4,1,-126.06659262576012,-125.9332936468184
2004-11-09 00:30:00,23,-127.0,-126.99995878394536,0.0258732490181935,-126.0,5,24,4,1,-127.06660827341622,-126.9333092944745
2004-11-09 01:30:00,23,-129.0,-128.99995309665482,0.0258732490181935,-127.0,5,24,4,1,-129.0666025861257,-128.93330360718394
2004-11-09 02:30:00,23,-129.0,-128.9999692577043,0.0258732490181935,-129.0,5,24,4,1,-129.06661874717517,-128.93331976823342
2004-11-09 03:30:00,23,-122.0,-122.00003577891142,0.0258732490181935,-129.0,5,24,4,1,-122.06668526838229,-121.93338628944056
2004-11-09 04:30:00,23,-125.0,-124.99992776336858,0.0258732490181935,-122.0,5,24,4,1,-125.06657725283944,-124.93327827389771
2004-11-09 05:30:00,23,-118.0,-118.00004684045284,0.0258732490181935,-125.0,5,24,4,1,-118.0666963299237,-117.93339735098198
2004-11-09 06:30:00,23,-116.0,-115.9999878889356,0.0258732490181935,-118.0,5,24,4,1,-116.06663737840647,-115.93333839946474
2004-11-09 07:30:00,23,-103.0,-103.00009540648584,0.0258732490181935,-116.0,5,24,4,1,-103.0667448959567,-102.93344591701498
2004-11-09 08:30:00,23,-104.0,-103.99996301956443,0.0258732490181935,-103.0,5,24,4,1,-104.0666125090353,-103.93331353009357
2004-11-09 09:30:00,23,-93.0,-93.00007757088233,0.0258732490181935,-104.0,5,24,4,1,-93.06672706035319,-92.93342808141146
2004-11-09 10:30:00,23,-78.0,-78.0001163114362,0.0258732490181935,-93.0,5,24,4,1,-78.06676580090706,-77.93346682196534
2004-11-09 11:30:00,23,-70.0,-70.00009598831306,0.0258732490181935,-78.0,5,24,4,1,-70.06674547778393,-69.9334464988422
2004-11-09 12:30:00,23,-92.0,-91.99982048629236,0.0258732490181935,-70.0,5,24,4,1,-92.06646997576323,-91.9331709968215
2004-11-09 13:30:00,23,-106.0,-105.9999139644146,0.0258732490181935,-92.0,5,24,4,1,-106.06656345388546,-105.93326447494374
2004-11-09 14:30:00,23,-118.0,-117.99991406948332,0.0258732490181935,-106.0,5,24,4,1,-118.06656355895419,-117.93326458001246
2004-11-09 15:30:00,23,-138.0,-137.99982306356637,0.0258732490181935,-118.0,5,24,4,1,-138.06647255303724,-137.9331735740955
2004-11-09 16:30:00,23,-139.0,-138.99999260006584,0.0258732490181935,-138.0,5,24,4,1,-139.0666420895367,-138.93334311059496
2004-11-09 17:30:00,23,-129.0,-129.00006294963575,0.0258732490181935,-139.0,5,24,4,1,-129.06671243910662,-128.93341346016487
2004-11-09 18:30:00,23,-110.0,-110.0001445465789,0.0258732490181935,-129.0,5,24,4,1,-110.06679403604976,-109.93349505710803
2004-11-09 19:30:00,23,-106.0,-106.00001067899372,0.0258732490181935,-110.0,5,24,4,1,-106.06666016846458,-105.93336118952286
2004-11-09 20:30:00,23,-181.0,-180.9994115498961,0.0258732490181935,-106.0,5,24,4,1,-181.06606103936699,-180.93276206042523
2004-11-09 21:30:00,23,-214.0,-213.99979716268305,0.0258732490181935,-181.0,5,24,4,1,-214.06644665215393,-213.93314767321218
2004-11-09 22:30:00,23,-182.0,-181.99987979844303,0.0258732490181935,-214.0,5,24,4,1,-182.0665292879139,-181.93323030897216
2004-11-09 23:30:00,23,-173.0,-172.99986260096284,0.0258732490181935,-182.0,5,24,4,1,-173.06651209043372,-172.93321311149197
2004-11-10 00:30:00,23,-151.0,-151.00009007830988,0.0258732490181935,-173.0,5,24,4,1,-151.06673956778076,-150.933440588839
2004-11-10 01:30:00,23,-135.0,-135.00012804463722,0.0258732490181935,-151.0,5,24,4,1,-135.0667775341081,-134.93347855516635
2004-11-10 02:30:00,23,-148.0,-147.99996461411988,0.0258732490181935,-135.0,5,24,4,1,-148.06661410359075,-147.933315124649
2004-11-10 03:30:00,23,-155.0,-155.00000786213457,0.0258732490181935,-148.0,5,24,4,1,-155.06665735160544,-154.9333583726637
2004-11-10 04:30:00,23,-152.0,-152.00011561341842,0.0258732490181935,-155.0,5,24,4,1,-152.0667651028893,-151.93346612394754
2004-11-10 05:30:00,23,-197.0,-196.99966913813805,0.0258732490181935,-152.0,5,24,4,1,-197.06631862760892,-196.93301964866717
2004-11-10 06:30:00,23,-240.0,-239.99976350243136,0.0258732490181935,-197.0,5,24,4,1,-240.06641299190224,-239.9331140129605
2004-11-10 07:30:00,23,-259.0,-258.9999750372661,0.0258732490181935,-240.0,5,24,4,1,-259.066624526737,-258.9333255477952
2004-11-10 08:30:00,23,-258.0,-258.0001224910662,0.0258732490181935,-259.0,5,24,4,1,-258.06677198053706,-257.9334730015953
2004-11-10 09:30:00,23,-258.0,-258.00005830754566,0.0258732490181935,-258.0,5,24,4,1,-258.06670779701653,-257.9334088180748
2004-11-10 10:30:00,23,-263.0,-262.9999776042852,0.0258732490181935,-258.0,5,24,4,1,-263.0666270937561,-262.93332811481434
2004-11-10 11:30:00,23,-232.0,-232.0003196982244,0.0258732490181935,-263.0,5,24,4,1,-232.06696918769526,-231.9336702087535
2004-11-10 12:30:00,23,-234.0,-233.99984896917007,0.0258732490181935,-232.0,5,24,4,1,-234.06649845864095,-233.9331994796992
2004-11-10 13:30:00,23,-206.0,-206.000219640011,0.0258732490181935,-234.0,5,24,4,1,-206.0668691294819,-205.93357015054013
2004-11-10 14:30:00,23,-176.0,-176.00019902181475,0.0258732490181935,-206.0,5,24,4,1,-176.06684851128563,-175.93354953234387
2004-11-10 15:30:00,23,-171.0,-170.999970269136,0.0258732490181935,-176.0,5,24,4,1,-171.0666197586069,-170.93332077966514
2004-11-10 16:30:00,23,-164.0,-164.0000064966121,0.0258732490181935,-171.0,5,24,4,1,-164.06665598608296,-163.9333570071412
2004-11-10 17:30:00,23,-135.0,-135.00020019417343,0.0258732490181935,-164.0,5,24,4,1,-135.0668496836443,-134.93355070470255
2004-11-10 18:30:00,23,-118.0,-118.00009611371684,0.0258732490181935,-135.0,5,24,4,1,-118.0667456031877,-117.93344662424597
2004-11-10 19:30:00,23,-122.0,-121.99992230971864,0.0258732490181935,-118.0,5,24,4,1,-122.0665717991895,-121.93327282024778
2004-11-10 20:30:00,23,-120.0,-119.9999666052316,0.0258732490181935,-122.0,5,24,4,1,-120.06661609470247,-119.93331711576074
2004-11-10 21:30:00,23,-118.0,-117.99997395013858,0.0258732490181935,-120.0,5,24,4,1,-118.06662343960944,-117.93332446066772
2004-11-10 22:30:00,23,-112.0,-111.999995680991,0.0258732490181935,-118.0,5,24,4,1,-112.06664517046187,-111.93334619152014
2004-11-10 23:30:00,23,-109.0,-108.99997116312572,0.0258732490181935,-112.0,5,24,4,1,-109.06662065259658,-108.93332167365486
2004-11-11 00:30:00,23,-105.0,-104.99999797436077,0.0258732490181935,-109.0,5,24,4,1,-105.06664746383163,-104.9333484848899
2004-11-11 01:30:00,23,-97.0,-97.00005352740632,0.0258732490181935,-105.0,5,24,4,1,-97.06670301687718,-96.93340403793546
2004-11-11 02:30:00,23,-97.0,-96.99998403044562,0.0258732490181935,-97.0,5,24,4,1,-97.06663351991648,-96.93333454097476
2004-11-11 03:30:00,23,-97.0,-96.99998232984476,0.0258732490181935,-97.0,5,24,4,1,-97.06663181931562,-96.9333328403739
2004-11-11 04:30:00,23,-103.0,-102.9999045621512,0.0258732490181935,-97.0,5,24,4,1,-103.06655405162206,-102.93325507268034
2004-11-11 05:30:00,23,-106.0,-105.9999769138522,0.0258732490181935,-103.0,5,24,4,1,-106.06662640332306,-105.93332742438133
2004-11-11 06:30:00,23,-103.0,-103.00002493323466,0.0258732490181935,-106.0,5,24,4,1,-103.06667442270552,-102.9333754437638
2004-11-11 07:30:00,23,-99.0,-99.0000032411512,0.0258732490181935,-103.0,5,24,4,1,-99.06665273062207,-98.93335375168034
2004-11-11 08:30:00,23,-90.0,-90.00001846443375,0.0258732490181935,-99.0,5,24,4,1,-90.06666795390461,-89.93336897496289
2004-11-11 09:30:00,23,-80.0,-80.00007452343016,0.0258732490181935,-90.0,5,24,4,1,-80.06672401290102,-79.9334250339593
2004-11-11 10:30:00,23,-85.0,-84.99994871663533,0.0258732490181935,-80.0,5,24,4,1,-85.06659820610619,-84.93329922716447
2004-11-11 11:30:00,23,-82.0,-82.00001335019329,0.0258732490181935,-85.0,5,24,4,1,-82.06666283966415,-81.93336386072242
2004-11-11 12:30:00,23,-76.0,-76.00003194358217,0.0258732490181935,-82.0,5,24,4,1,-76.06668143305303,-75.93338245411131
2004-11-11 13:30:00,23,-77.0,-76.99996781369383,0.0258732490181935,-76.0,5,24,4,1,-77.06661730316469,-76.93331832422297
2004-11-11 14:30:00,23,-81.0,-80.99995077189492,0.0258732490181935,-77.0,5,24,4,1,-81.06660026136578,-80.93330128242405
2004-11-11 15:30:00,23,-75.0,-75.00004014149077,0.0258732490181935,-81.0,5,24,4,1,-75.06668963096163,-74.93339065201991
2004-11-11 16:30:00,23,-73.0,-72.9999915270873,0.0258732490181935,-75.0,5,24,4,1,-73.06664101655817,-72.93334203761644
2004-11-11 17:30:00,23,-58.0,-58.00012007144582,0.0258732490181935,-73.0,5,24,4,1,-58.06676956091669,-57.93347058197495
2004-11-11 18:30:00,23,-52.0,-52.00003218925868,0.0258732490181935,-58.0,5,24,4,1,-52.06668167872955,-51.93338269978781
2004-11-11 19:30:00,23,-61.0,-60.99988636723992,0.0258732490181935,-52.0,5,24,4,1,-61.066535856710786,-60.93323687776905
2004-11-11 20:30:00,23,-59.0,-59.0000077213078,0.0258732490181935,-61.0,5,24,4,1,-59.06665721077867,-58.933358231836934
2004-11-11 21:30:00,23,-44.0,-44.00011892930035,0.0258732490181935,-59.0,5,24,4,1,-44.06676841877122,-43.93346943982948
2004-11-11 22:30:00,23,-40.0,-40.00000989941205,0.0258732490181935,-44.0,5,24,4,1,-40.06665938888292,-39.93336040994118
2004-11-11 23:30:00,23,-46.0,-45.999941731876646,0.0258732490181935,-40.0,5,24,4,1,-46.066591221347515,-45.93329224240578
2004-11-12 00:30:00,23,-60.0,-59.9999242514682,0.0258732490181935,-46.0,5,24,4,1,-60.06657374093907,-59.93327476199733
2004-11-12 01:30:00,23,-64.0,-63.99997742144819,0.0258732490181935,-60.0,5,24,4,1,-64.06662691091906,-63.933327931977324
2004-11-12 02:30:00,23,-68.0,-67.99996589622839,0.0258732490181935,-64.0,5,24,4,1,-68.06661538569925,-67.93331640675753
2004-11-12 03:30:00,23,-82.0,-81.99990927561696,0.0258732490181935,-68.0,5,24,4,1,-82.06655876508782,-81.9332597861461
2004-11-12 04:30:00,23,-80.0,-79.99998932783005,0.0258732490181935,-82.0,5,24,4,1,-80.06663881730091,-79.93333983835919
2004-11-12 05:30:00,23,-73.0,-73.00006468032572,0.0258732490181935,-80.0,5,24,4,1,-73.06671416979658,-72.93341519085486
2004-11-12 06:30:00,23,-62.0,-62.00006947125536,0.0258732490181935,-73.0,5,24,4,1,-62.06671896072623,-61.93341998178449
2004-11-12 07:30:00,23,-51.0,-51.00003803203592,0.0258732490181935,-62.0,5,24,4,1,-51.066687521506786,-50.93338854256505
2004-11-12 08:30:00,23,-62.0,-61.99989984118597,0.0258732490181935,-51.0,5,24,4,1,-62.06654933065684,-61.9332503517151
2004-11-12 09:30:00,23,-83.0,-82.99983612964786,0.0258732490181935,-62.0,5,24,4,1,-83.06648561911872,-82.933186640177
2004-11-12 10:30:00,23,-92.0,-91.99992218558408,0.0258732490181935,-83.0,5,24,4,1,-92.06657167505494,-91.93327269611322
2004-11-12 11:30:00,23,-87.0,-86.99996270443265,0.0258732490181935,-92.0,5,24,4,1,-87.06661219390351,-86.93331321496179
2004-11-12 12:30:00,23,-80.0,-80.00002948966998,0.0258732490181935,-87.0,5,24,4,1,-80.06667897914085,-79.93338000019912
2004-11-12 13:30:00,23,-74.0,-74.00004114469294,0.0258732490181935,-80.0,5,24,4,1,-74.0666906341638,-73.93339165522208
2004-11-12 14:30:00,23,-63.0,-63.00008849007671,0.0258732490181935,-74.0,5,24,4,1,-63.06673797954758,-62.933439000605844
2004-11-12 15:30:00,23,-61.0,-61.00004465861393,0.0258732490181935,-63.0,5,24,4,1,-61.0666941480848,-60.93339516914306
2004-11-12 16:30:00,23,-71.0,-70.99990920930051,0.0258732490181935,-61.0,5,24,4,1,-71.06655869877137,-70.93325971982965
2004-11-12 17:30:00,23,-71.0,-71.00004500911359,0.0258732490181935,-71.0,5,24,4,1,-71.06669449858445,-70.93339551964273
2004-11-12 18:30:00,23,-69.0,-68.99999671756169,0.0258732490181935,-71.0,5,24,4,1,-69.06664620703255,-68.93334722809082
2004-11-12 19:30:00,23,-78.0,-77.99991606894469,0.0258732490181935,-69.0,5,24,4,1,-78.06656555841555,-77.93326657947382
2004-11-12 20:30:00,23,-81.0,-80.999961539441,0.0258732490181935,-78.0,5,24,4,1,-81.06661102891186,-80.93331204997014
2004-11-12 21:30:00,23,-80.0,-79.99999467674051,0.0258732490181935,-81.0,5,24,4,1,-80.06664416621138,-79.93334518726965
2004-11-12 22:30:00,23,-71.0,-71.00006817066082,0.0258732490181935,-80.0,5,24,4,1,-71.06671766013169,-70.93341868118996
2004-11-12 23:30:00,23,-67.0,-67.00001606497135,0.0258732490181935,-71.0,5,24,4,1,-67.06666555444221,-66.93336657550049
2004-11-13 00:30:00,23,-64.0,-64.0000132985946,0.0258732490181935,-67.0,5,24,4,1,-64.06666278806546,-63.933363809123726
2004-11-13 01:30:00,23,-64.0,-63.99998689751145,0.0258732490181935,-64.0,5,24,4,1,-64.06663638698231,-63.93333740804058
2004-11-13 02:30:00,23,-64.0,-63.9999877622416,0.0258732490181935,-64.0,5,24,4,1,-64.06663725171246,-63.93333827277073
2004-11-13 03:30:00,23,-64.0,-63.9999844241471,0.0258732490181935,-64.0,5,24,4,1,-64.06663391361796,-63.93333493467623
2004-11-13 04:30:00,23,-61.0,-61.00001222686905,0.0258732490181935,-64.0,5,24,4,1,-61.06666171633992,-60.933362737398184
2004-11-13 05:30:00,23,-59.0,-58.99999824808502,0.0258732490181935,-61.0,5,24,4,1,-59.06664773755589,-58.93334875861415
2004-11-13 06:30:00,23,-59.0,-58.99998134646174,0.0258732490181935,-59.0,5,24,4,1,-59.06663083593261,-58.93333185699087
2004-11-13 07:30:00,23,-58.0,-57.99999468797354,0.0258732490181935,-59.0,5,24,4,1,-58.06664417744441,-57.93334519850267
2004-11-13 08:30:00,23,-60.0,-59.99996859732262,0.0258732490181935,-58.0,5,24,4,1,-60.06661808679349,-59.93331910785175
2004-11-13 09:30:00,23,-58.0,-58.00000699705309,0.0258732490181935,-60.0,5,24,4,1,-58.06665648652396,-57.93335750758222
2004-11-13 10:30:00,23,-55.0,-55.00000555572327,0.0258732490181935,-58.0,5,24,4,1,-55.06665504519414,-54.9333560662524
2004-11-13 11:30:00,23,-51.0,-51.000019521824825,0.0258732490181935,-55.0,5,24,4,1,-51.066669011295694,-50.933370032353956
2004-11-13 12:30:00,23,-51.0,-50.999981967769,0.0258732490181935,-51.0,5,24,4,1,-51.06663145723987,-50.933332478298134
2004-11-13 13:30:00,23,-49.0,-48.99999390016213,0.0258732490181935,-51.0,5,24,4,1,-49.066643389633,-48.93334441069126
2004-11-13 14:30:00,23,-48.0,-47.99997923225347,0.0258732490181935,-49.0,5,24,4,1,-48.06662872172434,-47.933329742782604
2004-11-13 15:30:00,23,-48.0,-47.99998156819295,0.0258732490181935,-48.0,5,24,4,1,-48.06663105766382,-47.93333207872208
2004-11-13 16:30:00,23,-51.0,-50.999954911402085,0.0258732490181935,-48.0,5,24,4,1,-51.066604400872954,-50.933305421931216
2004-11-13 17:30:00,23,-50.0,-50.000005610844354,0.0258732490181935,-51.0,5,24,4,1,-50.066655100315224,-49.933356121373485
2004-11-13 18:30:00,23,-48.0,-47.99999271661154,0.0258732490181935,-50.0,5,24,4,1,-48.066642206082406,-47.93334322714067
2004-11-13 19:30:00,23,-48.0,-47.99996866973682,0.0258732490181935,-48.0,5,24,4,1,-48.06661815920769,-47.933319180265954
2004-11-13 20:30:00,23,-51.0,-50.99994753375607,0.0258732490181935,-48.0,5,24,4,1,-51.06659702322694,-50.9332980442852
2004-11-13 21:30:00,23,-52.0,-51.99998645333064,0.0258732490181935,-51.0,5,24,4,1,-52.06663594280151,-51.93333696385977
2004-11-13 22:30:00,23,-49.0,-48.99998648775551,0.0258732490181935,-52.0,5,24,4,1,-49.066635977226376,-48.93333699828464
2004-11-13 23:30:00,23,-44.0,-44.00004149968072,0.0258732490181935,-49.0,5,24,4,1,-44.06669098915159,-43.93339201020985
2004-11-14 00:30:00,23,-48.0,-47.999980073942446,0.0258732490181935,-44.0,5,24,4,1,-48.066629563413315,-47.93333058447158
2004-11-14 01:30:00,23,-58.0,-57.999916788930285,0.0258732490181935,-48.0,5,24,4,1,-58.066566278401154,-57.933267299459416
2004-11-14 02:30:00,23,-58.0,-58.00002185069648,0.0258732490181935,-58.0,5,24,4,1,-58.066671340167346,-57.93337236122561
2004-11-14 03:30:00,23,-58.0,-57.999990895710816,0.0258732490181935,-58.0,5,24,4,1,-58.066640385181685,-57.93334140623995
2004-11-14 04:30:00,23,-56.0,-55.99999409399246,0.0258732490181935,-58.0,5,24,4,1,-56.06664358346333,-55.933344604521594
2004-11-14 05:30:00,23,-53.0,-52.999986390281,0.0258732490181935,-56.0,5,24,4,1,-53.06663587975187,-52.93333690081013
2004-11-14 06:30:00,23,-52.0,-51.99995598156461,0.0258732490181935,-53.0,5,24,4,1,-52.06660547103548,-51.93330649209374
2004-11-14 07:30:00,23,-57.0,-56.9999238063609,0.0258732490181935,-52.0,5,24,4,1,-57.066573295831766,-56.93327431689003
2004-11-14 08:30:00,23,-57.0,-57.00001811956689,0.0258732490181935,-57.0,5,24,4,1,-57.06666760903776,-56.93336863009602
2004-11-14 09:30:00,23,-54.0,-53.99999362537544,0.0258732490181935,-57.0,5,24,4,1,-54.06664311484631,-53.93334413590457
2004-11-14 10:30:00,23,-54.0,-53.99997562541779,0.0258732490181935,-54.0,5,24,4,1,-54.06662511488866,-53.93332613594692
2004-11-14 11:30:00,23,-53.0,-52.99998010280436,0.0258732490181935,-54.0,5,24,4,1,-53.06662959227523,-52.93333061333349
2004-11-14 12:30:00,23,-52.0,-51.99999620583503,0.0258732490181935,-53.0,5,24,4,1,-52.0666456953059,-51.93334671636416
2004-11-14 13:30:00,23,-51.0,-51.00000999044987,0.0258732490181935,-52.0,5,24,4,1,-51.06665947992074,-50.933360500979
2004-11-14 14:30:00,23,-48.0,-48.00001143333851,0.0258732490181935,-51.0,5,24,4,1,-48.066660922809376,-47.93336194386764
2004-11-14 15:30:00,23,-45.0,-44.99997533694405,0.0258732490181935,-48.0,5,24,4,1,-45.066624826414916,-44.93332584747318
2004-11-14 16:30:00,23,-44.0,-43.99997913433744,0.0258732490181935,-45.0,5,24,4,1,-44.066628623808306,-43.93332964486657
2004-11-14 17:30:00,23,-41.0,-40.99998848788849,0.0258732490181935,-44.0,5,24,4,1,-41.066637977359356,-40.93333899841762
2004-11-14 18:30:00,23,-43.0,-42.99996208035279,0.0258732490181935,-41.0,5,24,4,1,-43.06661156982366,-42.93331259088192
2004-11-14 19:30:00,23,-44.0,-43.99998340923205,0.0258732490181935,-43.0,5,24,4,1,-44.06663289870292,-43.93333391976118
2004-11-14 20:30:00,23,-44.0,-43.99996918159292,0.0258732490181935,-44.0,5,24,4,1,-44.066618671063786,-43.93331969212205
2004-11-14 21:30:00,23,-42.0,-42.00000057647926,0.0258732490181935,-44.0,5,24,4,1,-42.06665006595013,-41.93335108700839
2004-11-14 22:30:00,23,-41.0,-40.99998772715647,0.0258732490181935,-42.0,5,24,4,1,-41.06663721662734,-40.933338237685604
2004-11-14 23:30:00,23,-40.0,-39.99998276647052,0.0258732490181935,-41.0,5,24,4,1,-40.066632255941386,-39.93333327699965
2004-11-15 00:30:00,23,-39.0,-38.99999052756186,0.0258732490181935,-40.0,5,24,4,1,-39.06664001703273,-38.933341038090994
2004-11-15 01:30:00,23,-39.0,-38.99997193692552,0.0258732490181935,-39.0,5,24,4,1,-39.06662142639639,-38.93332244745465
2004-11-15 02:30:00,23,-41.0,-40.99996840375339,0.0258732490181935,-39.0,5,24,4,1,-41.06661789322426,-40.93331891428252
2004-11-15 03:30:00,23,-39.0,-39.00001742555416,0.0258732490181935,-41.0,5,24,4,1,-39.06666691502503,-38.93336793608329
2004-11-15 04:30:00,23,-40.0,-39.99996440346561,0.0258732490181935,-39.0,5,24,4,1,-40.06661389293648,-39.93331491399474
2004-11-15 05:30:00,23,-41.0,-40.99998162671106,0.0258732490181935,-40.0,5,24,4,1,-41.06663111618193,-40.93333213724019
2004-11-15 06:30:00,23,-38.0,-38.00001145010222,0.0258732490181935,-41.0,5,24,4,1,-38.06666093957309,-37.93336196063135
2004-11-15 07:30:00,23,-38.0,-37.999968375684674,0.0258732490181935,-38.0,5,24,4,1,-38.06661786515554,-37.933318886213804
2004-11-15 08:30:00,23,-38.0,-37.99997629060814,0.0258732490181935,-38.0,5,24,4,1,-38.06662578007901,-37.93332680113727
2004-11-15 09:30:00,23,-36.0,-36.00000832077971,0.0258732490181935,-38.0,5,24,4,1,-36.06665781025058,-35.933358831308844
2004-11-15 10:30:00,23,-37.0,-36.99996968894751,0.0258732490181935,-36.0,5,24,4,1,-37.06661917841838,-36.93332019947664
2004-11-15 11:30:00,23,-39.0,-38.99997294429398,0.0258732490181935,-37.0,5,24,4,1,-39.06662243376485,-38.93332345482311
2004-11-15 12:30:00,23,-41.0,-40.999960962657006,0.0258732490181935,-39.0,5,24,4,1,-41.066610452127875,-40.93331147318614
2004-11-15 13:30:00,23,-41.0,-40.99999268652053,0.0258732490181935,-41.0,5,24,4,1,-41.0666421759914,-40.93334319704966
2004-11-15 14:30:00,23,-40.0,-39.999983254943935,0.0258732490181935,-41.0,5,24,4,1,-40.066632744414804,-39.933333765473066
2004-11-15 15:30:00,23,-40.0,-39.99998123914168,0.0258732490181935,-40.0,5,24,4,1,-40.06663072861255,-39.93333174967081
2004-11-15 16:30:00,23,-41.0,-40.99996860268391,0.0258732490181935,-40.0,5,24,4,1,-41.066618092154776,-40.93331911321304
2004-11-15 17:30:00,23,-41.0,-40.99996950300973,0.0258732490181935,-41.0,5,24,4,1,-41.0666189924806,-40.93332001353886
2004-11-15 18:30:00,23,-41.0,-40.999989403228746,0.0258732490181935,-41.0,5,24,4,1,-41.066638892699615,-40.93333991375788
2004-11-15 19:30:00,23,-38.0,-38.00000613236363,0.0258732490181935,-41.0,5,24,4,1,-38.0666556218345,-37.93335664289276
2004-11-15 20:30:00,23,-36.0,-35.99999600267476,0.0258732490181935,-38.0,5,24,4,1,-36.06664549214563,-35.933346513203894
2004-11-15 21:30:00,23,-31.0,-31.000027558054228,0.0258732490181935,-36.0,5,24,4,1,-31.066677047525094,-30.933378068583362
2004-11-15 22:30:00,23,-28.0,-28.00001069497816,0.0258732490181935,-31.0,5,24,4,1,-28.066660184449027,-27.933361205507296
2004-11-15 23:30:00,23,-27.0,-26.999994614898792,0.0258732490181935,-28.0,5,24,4,1,-27.066644104369658,-26.933345125427927
2004-11-16 00:30:00,23,-24.0,-24.00001756631515,0.0258732490181935,-27.0,5,24,4,1,-24.066667055786017,-23.933368076844285
2004-11-16 01:30:00,23,-23.0,-22.99998918294737,0.0258732490181935,-24.0,5,24,4,1,-23.066638672418236,-22.933339693476505
2004-11-16 02:30:00,23,-23.0,-22.99998988032485,0.0258732490181935,-23.0,5,24,4,1,-23.066639369795716,-22.933340390853985
2004-11-16 03:30:00,23,-20.0,-20.00003757441835,0.0258732490181935,-23.0,5,24,4,1,-20.066687063889216,-19.933388084947484
2004-11-16 04:30:00,23,-21.0,-20.99999511058761,0.0258732490181935,-20.0,5,24,4,1,-21.066644600058474,-20.933345621116743
2004-11-16 05:30:00,23,-22.0,-21.99998333112889,0.0258732490181935,-21.0,5,24,4,1,-22.066632820599757,-21.933333841658026
2004-11-16 06:30:00,23,-23.0,-23.000003117628445,0.0258732490181935,-22.0,5,24,4,1,-23.06665260709931,-22.93335362815758
2004-11-16 07:30:00,23,-29.0,-28.999949260146984,0.0258732490181935,-23.0,5,24,4,1,-29.06659874961785,-28.93329977067612
2004-11-16 08:30:00,23,-34.0,-33.999965454857346,0.0258732490181935,-29.0,5,24,4,1,-34.066614944328215,-33.93331596538648
2004-11-16 09:30:00,23,-41.0,-40.99998525569555,0.0258732490181935,-34.0,5,24,4,1,-41.06663474516642,-40.93333576622468
2004-11-16 10:30:00,23,-38.0,-37.99999354772554,0.0258732490181935,-41.0,5,24,4,1,-38.06664303719641,-37.93334405825467
2004-11-16 11:30:00,23,-37.0,-36.99997574397352,0.0258732490181935,-38.0,5,24,4,1,-37.06662523344439,-36.93332625450265
2004-11-16 12:30:00,23,-35.0,-34.999999879084605,0.0258732490181935,-37.0,5,24,4,1,-35.066649368555474,-34.933350389613736
2004-11-16 13:30:00,23,-35.0,-34.999989671689804,0.0258732490181935,-35.0,5,24,4,1,-35.06663916116067,-34.933340182218934
2004-11-16 14:30:00,23,-36.0,-35.99998068173755,0.0258732490181935,-35.0,5,24,4,1,-36.066630171208416,-35.93333119226668
2004-11-16 15:30:00,23,-36.0,-35.999994052653015,0.0258732490181935,-36.0,5,24,4,1,-36.066643542123884,-35.933344563182146
2004-11-16 16:30:00,23,-34.0,-33.99996195596768,0.0258732490181935,-36.0,5,24,4,1,-34.06661144543855,-33.93331246649681
2004-11-16 17:30:00,23,-33.0,-32.999999153991645,0.0258732490181935,-34.0,5,24,4,1,-33.066648643462514,-32.933349664520776
2004-11-16 18:30:00,23,-32.0,-32.00000724330444,0.0258732490181935,-33.0,5,24,4,1,-32.06665673277531,-31.933357753833572
2004-11-16 19:30:00,23,-34.0,-34.000005265604656,0.0258732490181935,-32.0,5,24,4,1,-34.066654755075525,-33.93335577613379
2004-11-16 20:30:00,23,-32.0,-31.999974314755672,0.0258732490181935,-34.0,5,24,4,1,-32.06662380422654,-31.933324825284807
2004-11-16 21:30:00,23,-35.0,-35.000003641287016,0.0258732490181935,-32.0,5,24,4,1,-35.066653130757885,-34.93335415181615
2004-11-16 22:30:00,23,-35.0,-34.99995172230615,0.0258732490181935,-35.0,5,24,4,1,-35.06660121177702,-34.93330223283528
2004-11-16 23:30:00,23,-31.0,-31.00000503574732,0.0258732490181935,-35.0,5,24,4,1,-31.066654525218187,-30.933355546276456
2004-11-17 00:30:00,23,-29.0,-29.000024178245702,0.0258732490181935,-31.0,5,24,4,1,-29.066673667716568,-28.933374688774837
2004-11-17 01:30:00,23,-27.0,-26.99999010330197,0.0258732490181935,-29.0,5,24,4,1,-27.066639592772834,-26.933340613831103
2004-11-17 02:30:00,23,-30.0,-29.999946249918583,0.0258732490181935,-27.0,5,24,4,1,-30.06659573938945,-29.933296760447718
2004-11-17 03:30:00,23,-31.0,-31.00004827914646,0.0258732490181935,-30.0,5,24,4,1,-31.066697768617324,-30.933398789675593
2004-11-17 04:30:00,23,-31.0,-30.999995258376128,0.0258732490181935,-31.0,5,24,4,1,-31.066644747846993,-30.933345768905262
2004-11-17 05:30:00,23,-34.0,-33.999948099439294,0.0258732490181935,-31.0,5,24,4,1,-34.06659758891016,-33.933298609968425
2004-11-17 06:30:00,23,-35.0,-35.0000015547596,0.0258732490181935,-34.0,5,24,4,1,-35.06665104423047,-34.93335206528873
2004-11-17 07:30:00,23,-40.0,-39.99993852079388,0.0258732490181935,-35.0,5,24,4,1,-40.06658801026475,-39.933289031323014
2004-11-17 08:30:00,23,-40.0,-40.00003715484486,0.0258732490181935,-40.0,5,24,4,1,-40.06668664431573,-39.93338766537399
2004-11-17 09:30:00,23,-43.0,-42.999964934973306,0.0258732490181935,-40.0,5,24,4,1,-43.066614424444175,-42.93331544550244
2004-11-17 10:30:00,23,-46.0,-45.99996658674506,0.0258732490181935,-43.0,5,24,4,1,-46.06661607621593,-45.93331709727419
2004-11-17 11:30:00,23,-46.0,-45.99995554983231,0.0258732490181935,-46.0,5,24,4,1,-46.06660503930318,-45.93330606036144
2004-11-17 12:30:00,23,-41.0,-41.00001088799269,0.0258732490181935,-46.0,5,24,4,1,-41.066660377463556,-40.93336139852182
2004-11-17 13:30:00,23,-37.0,-37.000011911087526,0.0258732490181935,-41.0,5,24,4,1,-37.066661400558395,-36.93336242161666
2004-11-17 14:30:00,23,-34.0,-34.00001755345359,0.0258732490181935,-37.0,5,24,4,1,-34.06666704292446,-33.93336806398272
2004-11-17 15:30:00,23,-33.0,-32.99999366097205,0.0258732490181935,-34.0,5,24,4,1,-33.06664315044292,-32.93334417150118
2004-11-17 16:30:00,23,-33.0,-32.99999137699059,0.0258732490181935,-33.0,5,24,4,1,-33.06664086646146,-32.933341887519724
2004-11-17 17:30:00,23,-31.0,-31.000002785860403,0.0258732490181935,-33.0,5,24,4,1,-31.06665227533127,-30.933353296389537
2004-11-17 18:30:00,23,-29.0,-29.00000038333586,0.0258732490181935,-31.0,5,24,4,1,-29.066649872806725,-28.933350893864993
2004-11-17 19:30:00,23,-29.0,-28.999984477002183,0.0258732490181935,-29.0,5,24,4,1,-29.06663396647305,-28.933334987531317
2004-11-17 20:30:00,23,-30.0,-29.9999866403896,0.0258732490181935,-29.0,5,24,4,1,-30.066636129860466,-29.933337150918735
2004-11-17 21:30:00,23,-30.0,-29.999996773685105,0.0258732490181935,-30.0,5,24,4,1,-30.06664626315597,-29.93334728421424
2004-11-17 22:30:00,23,-30.0,-29.999994362454967,0.0258732490181935,-30.0,5,24,4,1,-30.066643851925832,-29.9333448729841
2004-11-17 23:30:00,23,-29.0,-28.99999999306821,0.0258732490181935,-30.0,5,24,4,1,-29.066649482539077,-28.933350503597346
2004-11-18 00:30:00,23,-27.0,-26.99999336822586,0.0258732490181935,-29.0,5,24,4,1,-27.066642857696724,-26.933343878754993
2004-11-18 01:30:00,23,-24.0,-24.000030019378112,0.0258732490181935,-27.0,5,24,4,1,-24.066679508848978,-23.933380529907247
2004-11-18 02:30:00,23,-23.0,-22.99997838042448,0.0258732490181935,-24.0,5,24,4,1,-23.066627869895346,-22.933328890953614
2004-11-18 03:30:00,23,-24.0,-23.99999050865663,0.0258732490181935,-23.0,5,24,4,1,-24.066639998127496,-23.933341019185765
2004-11-18 04:30:00,23,-24.0,-24.000003483602026,0.0258732490181935,-24.0,5,24,4,1,-24.06665297307289,-23.93335399413116
2004-11-18 05:30:00,23,-24.0,-23.99998012744176,0.0258732490181935,-24.0,5,24,4,1,-24.066629616912625,-23.933330637970894
2004-11-18 06:30:00,23,-23.0,-23.000001081893146,0.0258732490181935,-24.0,5,24,4,1,-23.06665057136401,-22.93335159242228
2015-03-08 22:30:00,35,-13.0,-14.278423271969055,5.78643376354808,-23.0,5,24,4,1,-29.18427664686891,0.6274301029307985
2015-03-08 23:30:00,35,-15.0,-15.060043315742831,5.78643376354808,-13.0,5,24,4,1,-29.965896690642687,-0.15418994084297744
2015-03-09 00:30:00,35,-18.0,-16.684309406362395,5.78643376354808,-15.0,5,24,4,1,-31.59016278126225,-1.7784560314625413
2015-03-09 01:30:00,35,-23.0,-20.75697407970893,5.78643376354808,-18.0,5,24,4,1,-35.66282745460878,-5.851120704809075
2015-03-09 02:30:00,35,-21.0,-23.0875268690236,5.78643376354808,-23.0,5,24,4,1,-37.993380243923454,-8.181673494123745
2015-03-09 03:30:00,35,-22.0,-19.02458698524544,5.78643376354808,-21.0,5,24,4,1,-33.93044036014529,-4.1187336103455845
2015-03-09 04:30:00,35,-19.0,-21.202489527544834,5.78643376354808,-22.0,5,24,4,1,-36.10834290244469,-6.2966361526449806
2015-03-09 05:30:00,35,-16.0,-16.40688699982548,5.78643376354808,-19.0,5,24,4,1,-31.312740374725337,-1.5010336249256273
2015-03-09 06:30:00,35,-17.0,-14.30296255078398,5.78643376354808,-16.0,5,24,4,1,-29.208815925683833,0.6028908241158746
2015-03-09 07:30:00,35,-18.0,-15.653443113170482,5.78643376354808,-17.0,5,24,4,1,-30.559296488070338,-0.7475897382706282
2015-03-09 08:30:00,35,-17.0,-16.847650488745508,5.78643376354808,-18.0,5,24,4,1,-31.753503863645363,-1.941797113845654
2015-03-09 09:30:00,35,-16.0,-15.175064953066588,5.78643376354808,-17.0,5,24,4,1,-30.080918327966444,-0.26921157816673436
2015-03-09 10:30:00,35,-14.0,-14.049443612674558,5.78643376354808,-16.0,5,24,4,1,-28.955296987574414,0.8564097622252955
2015-03-09 11:30:00,35,-11.0,-13.47883970841264,5.78643376354808,-14.0,5,24,4,1,-28.38469308331249,1.4270136664872144
2015-03-09 12:30:00,35,-9.0,-9.123126832402924,5.78643376354808,-11.0,5,24,4,1,-24.02898020730278,5.782726542496929
2015-03-09 13:30:00,35,-9.0,-9.132272637807358,5.78643376354808,-9.0,5,24,4,1,-24.03812601270721,5.773580737092496
2015-03-09 14:30:00,35,-10.0,-9.311416771287302,5.78643376354808,-9.0,5,24,4,1,-24.217270146187154,5.594436603612552
2015-03-09 15:30:00,35,-9.0,-11.798421803627113,5.78643376354808,-10.0,5,24,4,1,-26.704275178526967,3.107431571272741
2015-03-09 16:30:00,35,-10.0,-7.780400369041615,5.78643376354808,-9.0,5,24,4,1,-22.68625374394147,7.125453005858239
2015-03-09 17:30:00,35,-10.0,-10.481056991032098,5.78643376354808,-10.0,5,24,4,1,-25.386910365931953,4.424796383867756
2015-03-09 18:30:00,35,-5.0,-9.093763757748071,5.78643376354808,-10.0,5,24,4,1,-23.999617132647927,5.812089617151782
2015-03-09 19:30:00,35,-4.0,-3.3576003835177666,5.78643376354808,-5.0,5,24,4,1,-18.26345375841762,11.548252991382087
2015-03-09 20:30:00,35,-4.0,-2.9505402060963384,5.78643376354808,-4.0,5,24,4,1,-17.85639358099619,11.955313168803515
2015-03-09 21:30:00,35,-4.0,-4.430539525955876,5.78643376354808,-4.0,5,24,4,1,-19.336392900855728,10.475313848943978
2015-03-09 22:30:00,35,-4.0,-5.739584121676511,5.78643376354808,-4.0,5,24,4,1,-20.645437496576363,9.166269253223343
2015-03-09 23:30:00,35,-3.0,-2.126167542780184,5.78643376354808,-4.0,5,24,4,1,-17.032020917680036,12.77968583211967
2015-03-10 00:30:00,35,-1.0,-3.419448758541148,5.78643376354808,-3.0,5,24,4,1,-18.325302133441003,11.486404616358705
2015-03-10 01:30:00,35,-4.0,-0.8057770018321477,5.78643376354808,-1.0,5,24,4,1,-15.711630376732002,14.100076373067706
2015-03-10 02:30:00,35,-4.0,-4.990918998759796,5.78643376354808,-4.0,5,24,4,1,-19.89677237365965,9.914934376140057
2015-03-10 03:30:00,35,-6.0,-4.817279503608855,5.78643376354808,-4.0,5,24,4,1,-19.723132878508707,10.088573871290999
2015-03-10 04:30:00,35,-6.0,-6.9033015478628,5.78643376354808,-6.0,5,24,4,1,-21.809154922762655,8.002551827037053
2015-03-10 05:30:00,35,-4.0,-3.690284684116815,5.78643376354808,-6.0,5,24,4,1,-18.596138059016667,11.215568690783039
2015-03-10 06:30:00,35,-2.0,-4.397631781586245,5.78643376354808,-4.0,5,24,4,1,-19.303485156486097,10.508221593313609
2015-03-10 07:30:00,35,-1.0,-1.177566321740759,5.78643376354808,-2.0,5,24,4,1,-16.08341969664061,13.728287053159095
2015-03-10 08:30:00,35,1.0,-1.510220600938716,5.78643376354808,-1.0,5,24,4,1,-16.41607397583857,13.395632773961138
2015-03-10 09:30:00,35,-3.0,-1.862170063496372,5.78643376354808,1.0,5,24,4,1,-16.768023438396227,13.043683311403482
2015-03-10 10:30:00,35,-7.0,-4.281165900431333,5.78643376354808,-3.0,5,24,4,1,-19.18701927533119,10.624687474468521
2015-03-10 11:30:00,35,-3.0,-6.464570936673937,5.78643376354808,-7.0,5,24,4,1,-21.370424311573792,8.441282438225917
2015-03-10 12:30:00,35,-5.0,-1.83889061133446,5.78643376354808,-3.0,5,24,4,1,-16.744743986234315,13.066962763565394
2015-03-10 13:30:00,35,-6.0,-5.255712045172579,5.78643376354808,-5.0,5,24,4,1,-20.161565420072435,9.650141329727274
2015-03-10 14:30:00,35,-6.0,-1.3729756214557902,5.78643376354808,-6.0,5,24,4,1,-16.278828996355642,13.532877753444064
2015-03-10 15:30:00,35,-7.0,-4.052477877604595,5.78643376354808,-6.0,5,24,4,1,-18.95833125250445,10.853375497295259
2015-03-10 16:30:00,35,-7.0,-6.290127296850855,5.78643376354808,-7.0,5,24,4,1,-21.19598067175071,8.615726078048999
2015-03-10 17:30:00,35,-6.0,-7.395676114033456,5.78643376354808,-7.0,5,24,4,1,-22.301529488933312,7.5101772608663975
2015-03-10 18:30:00,35,-6.0,-3.362974214313432,5.78643376354808,-6.0,5,24,4,1,-18.268827589213284,11.542879160586422
2015-03-10 19:30:00,35,-8.0,-5.129088208519235,5.78643376354808,-6.0,5,24,4,1,-20.03494158341909,9.776765166380619
2015-03-10 20:30:00,35,-6.0,-6.337419581115668,5.78643376354808,-8.0,5,24,4,1,-21.243272956015524,8.568433793784186
2015-03-10 21:30:00,35,-4.0,-2.35960323575122,5.78643376354808,-6.0,5,24,4,1,-17.265456610651075,12.546250139148633
2015-03-10 22:30:00,35,-4.0,-1.3332101313221756,5.78643376354808,-4.0,5,24,4,1,-16.23906350622203,13.572643243577678
2015-03-10 23:30:00,35,-5.0,-5.8671128891342335,5.78643376354808,-4.0,5,24,4,1,-20.77296626403409,9.03874048576562
2015-03-11 00:30:00,35,-6.0,-3.026007575287029,5.78643376354808,-5.0,5,24,4,1,-17.931860950186884,11.879845799612825
2015-03-11 01:30:00,35,-6.0,-4.613408457557156,5.78643376354808,-6.0,5,24,4,1,-19.519261832457012,10.292444917342698
2015-03-11 02:30:00,35,-6.0,-7.563450714042283,5.78643376354808,-6.0,5,24,4,1,-22.46930408894214,7.342402660857571
2015-03-11 03:30:00,35,-6.0,-6.9858582564830485,5.78643376354808,-6.0,5,24,4,1,-21.891711631382904,7.919995118416805
2015-03-11 04:30:00,35,-5.0,-3.860930616701616,5.78643376354808,-6.0,5,24,4,1,-18.76678399160147,11.044922758198238
2015-03-11 05:30:00,35,5.0,-6.664479157781344,5.78643376354808,-5.0,5,24,4,1,-21.5703325326812,8.24137421711851
2015-03-11 06:30:00,35,6.0,4.232620390649014,5.78643376354808,5.0,5,24,4,1,-10.67323298425084,19.138473765548866
2015-03-11 07:30:00,35,8.0,6.655879266539198,5.78643376354808,6.0,5,24,4,1,-8.249974108360655,21.56173264143905
2015-03-11 08:30:00,35,0.0,4.24594560396277,5.78643376354808,8.0,5,24,4,1,-10.659907770937084,19.151798978862622
2015-03-11 09:30:00,35,2.0,-2.355147202074683,5.78643376354808,0.0,5,24,4,1,-17.26100057697454,12.550706172825171
2015-03-11 10:30:00,35,1.0,0.2446975550451533,5.78643376354808,2.0,5,24,4,1,-14.6611558198547,15.150550929945007
2015-03-11 11:30:00,35,2.0,1.0546620902224042,5.78643376354808,1.0,5,24,4,1,-13.85119128467745,15.960515465122258
2015-03-11 12:30:00,35,-6.0,-1.9002843765698607,5.78643376354808,2.0,5,24,4,1,-16.806137751469713,13.005568998329993
2015-03-11 13:30:00,35,-11.0,-9.175190375055744,5.78643376354808,-6.0,5,24,4,1,-24.081043749955597,5.73066299984411
2015-03-11 14:30:00,35,-14.0,-13.466337939243154,5.78643376354808,-11.0,5,24,4,1,-28.37219131414301,1.4395154356567001
2015-03-11 15:30:00,35,-14.0,-16.073706273915498,5.78643376354808,-14.0,5,24,4,1,-30.979559648815354,-1.167852899015644
2015-03-11 16:30:00,35,-12.0,-9.302901415305822,5.78643376354808,-14.0,5,24,4,1,-24.208754790205674,5.602951959594032
2015-03-11 17:30:00,35,-12.0,-12.084969643903433,5.78643376354808,-12.0,5,24,4,1,-26.990823018803287,2.820883730996421
2015-03-11 18:30:00,35,-15.0,-13.658294777832475,5.78643376354808,-12.0,5,24,4,1,-28.56414815273233,1.2475585970673784
2015-03-11 19:30:00,35,-20.0,-12.557352101331876,5.78643376354808,-15.0,5,24,4,1,-27.463205476231728,2.3485012735679778
2015-03-11 20:30:00,35,-19.0,-17.059411802320213,5.78643376354808,-20.0,5,24,4,1,-31.96526517722007,-2.153558427420359
2015-03-11 21:30:00,35,-16.0,-17.078640509720348,5.78643376354808,-19.0,5,24,4,1,-31.9844938846202,-2.172787134820494
2015-03-11 22:30:00,35,-15.0,-10.097231233670945,5.78643376354808,-16.0,5,24,4,1,-25.0030846085708,4.808622141228909
2015-03-11 23:30:00,35,-14.0,-10.944454471990532,5.78643376354808,-15.0,5,24,4,1,-25.850307846890388,3.9613989029093215
2015-03-12 00:30:00,35,-15.0,-13.631863078555789,5.78643376354808,-14.0,5,24,4,1,-28.537716453455644,1.2739902963440652
2015-03-12 01:30:00,35,-12.0,-13.709262539345405,5.78643376354808,-15.0,5,24,4,1,-28.61511591424526,1.1965908355544492
2015-03-12 02:30:00,35,-8.0,-8.521701671147348,5.78643376354808,-12.0,5,24,4,1,-23.427555046047203,6.384151703752506
2015-03-12 03:30:00,35,-10.0,-12.359191554645244,5.78643376354808,-8.0,5,24,4,1,-27.2650449295451,2.5466618202546094
2015-03-12 04:30:00,35,-11.0,-10.9226975337412,5.78643376354808,-10.0,5,24,4,1,-25.828550908641056,3.983155841158654
2015-03-12 05:30:00,35,-7.0,-7.68336691193711,5.78643376354808,-11.0,5,24,4,1,-22.589220286836962,7.222486462962744
2015-03-12 06:30:00,35,-12.0,-10.695782917964747,5.78643376354808,-7.0,5,24,4,1,-25.6016362928646,4.210070456935107
2015-03-12 07:30:00,35,-22.0,-14.555012584625636,5.78643376354808,-12.0,5,24,4,1,-29.460865959525492,0.35084079027421744
2015-03-12 08:30:00,35,-24.0,-22.33889176750798,5.78643376354808,-22.0,5,24,4,1,-37.24474514240784,-7.433038392608127
2015-03-12 09:30:00,35,-23.0,-28.4980526624168,5.78643376354808,-24.0,5,24,4,1,-43.40390603731665,-13.592199287516946
2015-03-12 10:30:00,35,-19.0,-19.893088963782667,5.78643376354808,-23.0,5,24,4,1,-34.79894233868252,-4.987235588882813
2015-03-12 11:30:00,35,-19.0,-12.95520643054668,5.78643376354808,-19.0,5,24,4,1,-27.861059805446533,1.9506469443531742
2015-03-12 12:30:00,35,-15.0,-22.949657873275097,5.78643376354808,-19.0,5,24,4,1,-37.85551124817495,-8.043804498375243
2015-03-12 13:30:00,35,-17.0,-14.926920917945726,5.78643376354808,-15.0,5,24,4,1,-29.832774292845578,-0.021067543045871773
2015-03-12 14:30:00,35,-18.0,-18.517715298925506,5.78643376354808,-17.0,5,24,4,1,-33.42356867382536,-3.6118619240256518
2015-03-12 15:30:00,35,-13.0,-15.415128942521822,5.78643376354808,-18.0,5,24,4,1,-30.320982317421674,-0.5092755676219678
2015-03-12 16:30:00,35,-9.0,-14.243895444133296,5.78643376354808,-13.0,5,24,4,1,-29.14974881903315,0.6619579307665582
2015-03-12 17:30:00,35,-9.0,-5.662083874754657,5.78643376354808,-9.0,5,24,4,1,-20.567937249654513,9.243769500145197
2015-03-12 18:30:00,35,-9.0,-8.336602578322008,5.78643376354808,-9.0,5,24,4,1,-23.242455953221864,6.569250796577846
2015-03-12 19:30:00,35,-8.0,-6.15685586424118,5.78643376354808,-9.0,5,24,4,1,-21.062709239141036,8.748997510658674
2015-03-12 20:30:00,35,-8.0,-6.885912723472512,5.78643376354808,-8.0,5,24,4,1,-21.791766098372367,8.01994065142734
2015-03-12 21:30:00,35,-11.0,-7.1063856043287,5.78643376354808,-8.0,5,24,4,1,-22.012238979228556,7.7994677705711535
2015-03-12 22:30:00,35,-13.0,-10.87178123748729,5.78643376354808,-11.0,5,24,4,1,-25.777634612387146,4.034072137412563
2015-03-12 23:30:00,35,-15.0,-9.742419016080484,5.78643376354808,-13.0,5,24,4,1,-24.64827239098034,5.163434358819369
2015-03-13 00:30:00,35,-13.0,-12.749446180611908,5.78643376354808,-15.0,5,24,4,1,-27.65529955551176,2.1564071942879455
2015-03-13 01:30:00,35,-12.0,-13.163316927309886,5.78643376354808,-13.0,5,24,4,1,-28.06917030220974,1.742536447589968
2015-03-13 02:30:00,35,-9.0,-11.130492805792926,5.78643376354808,-12.0,5,24,4,1,-26.03634618069278,3.775360569106928
2015-03-13 03:30:00,35,-3.0,-5.97097621498742,5.78643376354808,-9.0,5,24,4,1,-20.876829589887272,8.934877159912434
2015-03-13 04:30:00,35,-2.0,-1.5929917481382034,5.78643376354808,-3.0,5,24,4,1,-16.49884512303806,13.31286162676165
2015-03-13 05:30:00,35,1.0,-2.3075118160830925,5.78643376354808,-2.0,5,24,4,1,-17.213365190982948,12.598341558816761
2015-03-13 06:30:00,35,1.0,0.3457796125256358,5.78643376354808,1.0,5,24,4,1,-14.560073762374218,15.25163298742549
2015-03-13 07:30:00,35,0.0,-0.2342338565931747,5.78643376354808,1.0,5,24,4,1,-15.140087231493029,14.671619518306679
2015-03-13 08:30:00,35,-1.0,-2.6098680684207274,5.78643376354808,0.0,5,24,4,1,-17.51572144332058,12.295985306479126
2015-03-13 09:30:00,35,-2.0,-0.7789250029401558,5.78643376354808,-1.0,5,24,4,1,-15.68477837784001,14.126928371959698
2015-03-13 10:30:00,35,-2.0,-0.7662881374657502,5.78643376354808,-2.0,5,24,4,1,-15.672141512365604,14.139565237434104
2015-03-13 11:30:00,35,0.0,-4.414941263702215,5.78643376354808,-2.0,5,24,4,1,-19.32079463860207,10.490912111197638
2015-03-13 12:30:00,35,-3.0,0.1238249610869282,5.78643376354808,0.0,5,24,4,1,-14.782028413812926,15.029678335986782
2015-03-13 13:30:00,35,-16.0,-13.04402689006643,5.78643376354808,-3.0,5,24,4,1,-27.949880264966282,1.8618264848334238
2015-03-13 14:30:00,35,-20.0,-17.73353271412985,5.78643376354808,-16.0,5,24,4,1,-32.639386089029706,-2.827679339229997
2015-03-13 15:30:00,35,-11.0,-12.265717777956064,5.78643376354808,-20.0,5,24,4,1,-27.17157115285592,2.6401355969437894
2015-03-13 16:30:00,35,-7.0,-6.847987116348751,5.78643376354808,-11.0,5,24,4,1,-21.753840491248603,8.057866258551103
2015-03-13 17:30:00,35,-10.0,-7.2239644217098515,5.78643376354808,-7.0,5,24,4,1,-22.129817796609707,7.681888953190002
2015-03-13 18:30:00,35,-15.0,-8.775892874202679,5.78643376354808,-10.0,5,24,4,1,-23.68174624910253,6.129960500697175
2015-03-13 19:30:00,35,-15.0,-15.17271685062395,5.78643376354808,-15.0,5,24,4,1,-30.078570225523805,-0.2668634757240955
2015-03-13 20:30:00,35,-11.0,-17.232009125976063,5.78643376354808,-15.0,5,24,4,1,-32.13786250087592,-2.326155751076209
2015-03-13 21:30:00,35,-10.0,-4.89315645048589,5.78643376354808,-11.0,5,24,4,1,-19.799009825385745,10.012696924413964
2015-03-13 22:30:00,35,-7.0,-8.884896292800164,5.78643376354808,-10.0,5,24,4,1,-23.79074966770002,6.02095708209969
2015-03-13 23:30:00,35,-10.0,-4.732979409339414,5.78643376354808,-7.0,5,24,4,1,-19.63883278423927,10.17287396556044
2015-03-14 00:30:00,35,-12.0,-9.231304662470349,5.78643376354808,-10.0,5,24,4,1,-24.137158037370202,5.674548712429505
2015-03-14 01:30:00,35,-11.0,-7.383942034977636,5.78643376354808,-12.0,5,24,4,1,-22.28979540987749,7.521911339922218
2015-03-14 02:30:00,35,-12.0,-8.79588069417331,5.78643376354808,-11.0,5,24,4,1,-23.70173406907316,6.109972680726544
2015-03-14 03:30:00,35,-13.0,-15.20801987392365,5.78643376354808,-12.0,5,24,4,1,-30.113873248823502,-0.3021664990237962
2015-03-14 04:30:00,35,-14.0,-13.5510862101432,5.78643376354808,-13.0,5,24,4,1,-28.456939585043052,1.3547671647566535
2015-03-14 05:30:00,35,-15.0,-11.657672897759458,5.78643376354808,-14.0,5,24,4,1,-26.56352627265931,3.248180477140396
2015-03-14 06:30:00,35,-12.0,-11.921127847437806,5.78643376354808,-15.0,5,24,4,1,-26.826981222337658,2.9847255274620483
2015-03-14 07:30:00,35,-9.0,-14.043608738933532,5.78643376354808,-12.0,5,24,4,1,-28.949462113833384,0.8622446359663218
2015-03-14 08:30:00,35,-8.0,-3.356101457848901,5.78643376354808,-9.0,5,24,4,1,-18.261954832748756,11.549751917050953
2015-03-14 09:30:00,35,-7.0,-7.423059920601954,5.78643376354808,-8.0,5,24,4,1,-22.328913295501806,7.4827934542979
2015-03-14 10:30:00,35,-5.0,-2.8574481300782004,5.78643376354808,-7.0,5,24,4,1,-17.763301504978052,12.048405244821653
2015-03-14 11:30:00,35,-4.0,-7.812441781551129,5.78643376354808,-5.0,5,24,4,1,-22.718295156450985,7.0934115933487245
2015-03-14 12:30:00,35,-4.0,-3.0982755208755144,5.78643376354808,-4.0,5,24,4,1,-18.004128895775366,11.80757785402434
2015-03-14 13:30:00,35,-4.0,-7.712075948925289,5.78643376354808,-4.0,5,24,4,1,-22.617929323825145,7.193777425974565
2015-03-14 14:30:00,35,1.0,-0.935495187183875,5.78643376354808,-4.0,5,24,4,1,-15.841348562083729,13.970358187715979
2015-03-14 15:30:00,35,3.0,3.4040854745098805,5.78643376354808,1.0,5,24,4,1,-11.501767900389973,18.309938849409733
2015-03-14 16:30:00,35,4.0,1.4663863067422265,5.78643376354808,3.0,5,24,4,1,-13.439467068157628,16.372239681642082
2015-03-14 17:30:00,35,2.0,2.810401545964748,5.78643376354808,4.0,5,24,4,1,-12.095451828935106,17.7162549208646
2015-03-14 18:30:00,35,3.0,1.6386469618286732,5.78643376354808,2.0,5,24,4,1,-13.26720641307118,16.544500336728525
2015-03-14 19:30:00,35,2.0,3.053321857295405,5.78643376354808,3.0,5,24,4,1,-11.852531517604449,17.959175232195257
2015-03-14 20:30:00,35,-1.0,0.996956668549867,5.78643376354808,2.0,5,24,4,1,-13.908896706349987,15.90281004344972
2015-03-14 21:30:00,35,-3.0,-0.2344418620150357,5.78643376354808,-1.0,5,24,4,1,-15.14029523691489,14.671411512884818
2015-03-14 22:30:00,35,-5.0,-3.455405819507522,5.78643376354808,-3.0,5,24,4,1,-18.361259194407374,11.450447555392332
2015-03-14 23:30:00,35,-11.0,-7.754669883919028,5.78643376354808,-5.0,5,24,4,1,-22.66052325881888,7.151183490980826
2015-03-15 00:30:00,35,-11.0,-11.05639998789514,5.78643376354808,-11.0,5,24,4,1,-25.962253362794996,3.849453387004713
2015-03-15 01:30:00,35,-11.0,-11.099317725143528,5.78643376354808,-11.0,5,24,4,1,-26.005171100043384,3.8065356497563254
2015-03-15 02:30:00,35,-11.0,-11.01550011767737,5.78643376354808,-11.0,5,24,4,1,-25.921353492577225,3.8903532572224844
2015-03-15 03:30:00,35,-12.0,-7.1839952149259645,5.78643376354808,-11.0,5,24,4,1,-22.08984858982582,7.721858159973889
2015-03-15 04:30:00,35,-11.0,-8.393503855322408,5.78643376354808,-12.0,5,24,4,1,-23.299357230222263,6.512349519577446
2015-03-15 05:30:00,35,-11.0,-12.976911903536998,5.78643376354808,-11.0,5,24,4,1,-27.88276527843685,1.9289414713628563
2015-03-15 06:30:00,35,-9.0,-12.707547026614892,5.78643376354808,-11.0,5,24,4,1,-27.613400401514745,2.1983063482849623
2015-03-15 07:30:00,35,-9.0,-9.500075544527968,5.78643376354808,-9.0,5,24,4,1,-24.405928919427822,5.4057778303718855
2015-03-15 08:30:00,35,-7.0,-7.896014929036959,5.78643376354808,-9.0,5,24,4,1,-22.801868303936814,7.009838445862895
2015-03-15 09:30:00,35,-6.0,-8.146095344528327,5.78643376354808,-7.0,5,24,4,1,-23.051948719428182,6.759758030371527
2015-03-15 10:30:00,35,-7.0,-6.430608154494461,5.78643376354808,-6.0,5,24,4,1,-21.336461529394313,8.475245220405393
2015-03-15 11:30:00,35,-5.0,-8.73930536381335,5.78643376354808,-7.0,5,24,4,1,-23.645158738713207,6.166548011086503
2015-03-15 12:30:00,35,-5.0,-5.583635809312579,5.78643376354808,-5.0,5,24,4,1,-20.48948918421243,9.322217565587275
2015-03-15 13:30:00,35,-3.0,-5.8126433456223765,5.78643376354808,-5.0,5,24,4,1,-20.718496720522232,9.093210029277477
2015-03-15 14:30:00,35,1.0,0.0134984564555544,5.78643376354808,-3.0,5,24,4,1,-14.8923549184443,14.919351831355408
2015-03-15 15:30:00,35,4.0,2.5086199890194614,5.78643376354808,1.0,5,24,4,1,-12.397233385880392,17.414473363919313
2015-03-15 16:30:00,35,-1.0,2.862167018992426,5.78643376354808,4.0,5,24,4,1,-12.043686355907427,17.76802039389228
2015-03-15 17:30:00,35,0.0,-3.480593775024637,5.78643376354808,-1.0,5,24,4,1,-18.386447149924493,11.425259599875217
2015-03-15 18:30:00,35,2.0,3.03496805929856,5.78643376354808,0.0,5,24,4,1,-11.870885315601294,17.940821434198412
2015-03-15 19:30:00,35,1.0,5.704222295745655,5.78643376354808,2.0,5,24,4,1,-9.201631079154199,20.610075670645507
2015-03-15 20:30:00,35,-2.0,6.140930751132313,5.78643376354808,1.0,5,24,4,1,-8.764922623767541,21.046784126032165
2015-03-15 21:30:00,35,-7.0,-7.974570213768654,5.78643376354808,-2.0,5,24,4,1,-22.880423588668506,6.9312831611312
2015-03-15 22:30:00,35,-7.0,-2.320451039954221,5.78643376354808,-7.0,5,24,4,1,-17.226304414854074,12.585402334945632
2015-03-15 23:30:00,35,-2.0,-4.4553114706292725,5.78643376354808,-7.0,5,24,4,1,-19.361164845529125,10.450541904270581
2015-03-16 00:30:00,35,4.0,1.7030600222597307,5.78643376354808,-2.0,5,24,4,1,-13.202793352640123,16.608913397159583
2015-03-16 01:30:00,35,10.0,5.436920317955806,5.78643376354808,4.0,5,24,4,1,-9.468933056944048,20.34277369285566
2015-03-16 02:30:00,35,15.0,6.032857995968715,5.78643376354808,10.0,5,24,4,1,-8.872995378931138,20.938711370868567
2015-03-16 03:30:00,35,10.0,13.822150680783889,5.78643376354808,15.0,5,24,4,1,-1.0837026941159653,28.72800405568374
2015-03-16 04:30:00,35,7.0,0.7299377496846127,5.78643376354808,10.0,5,24,4,1,-14.175915625215241,15.635791124584467
2015-03-16 05:30:00,35,15.0,11.963654402257216,5.78643376354808,7.0,5,24,4,1,-2.942198972642638,26.869507777157068
2015-03-16 06:30:00,35,1.0,8.272844795728655,5.78643376354808,15.0,5,24,4,1,-6.633008579171198,23.178698170628508
2015-03-16 07:30:00,35,-10.0,-11.41593628738618,5.78643376354808,1.0,5,24,4,1,-26.321789662286033,3.4899170875136747
2015-03-16 08:30:00,35,-2.0,4.441269128246102,5.78643376354808,-10.0,5,24,4,1,-10.464584246653752,19.347122503145954
2015-03-16 09:30:00,35,5.0,-1.918185709164522,5.78643376354808,-2.0,5,24,4,1,-16.824039084064374,12.987667665735332
2015-03-16 10:30:00,35,11.0,8.689327404321734,5.78643376354808,5.0,5,24,4,1,-6.21652597057812,23.595180779221586
2015-03-16 11:30:00,35,19.0,8.107778554975585,5.78643376354808,11.0,5,24,4,1,-6.798074819924269,23.013631929875437
2015-03-16 12:30:00,35,17.0,21.03477942708792,5.78643376354808,19.0,5,24,4,1,6.128926052188065,35.940632801987775
2015-03-16 13:30:00,35,11.0,12.957530040530838,5.78643376354808,17.0,5,24,4,1,-1.9483233343690163,27.86338341543069
2015-03-16 14:30:00,35,7.0,7.826821128459958,5.78643376354808,11.0,5,24,4,1,-7.079032246439896,22.73267450335981
2015-03-16 15:30:00,35,12.0,9.50236698872524,5.78643376354808,7.0,5,24,4,1,-5.403486386174613,24.408220363625095
2015-03-16 16:30:00,35,17.0,13.28664179439981,5.78643376354808,12.0,5,24,4,1,-1.6192115805000444,28.19249516929966
2015-03-16 17:30:00,35,17.0,15.153441134714516,5.78643376354808,17.0,5,24,4,1,0.24758775981466208,30.059294509614368
2015-03-16 18:30:00,35,15.0,15.482724439446873,5.78643376354808,17.0,5,24,4,1,0.576871064547019,30.388577814346725
2015-03-16 19:30:00,35,16.0,13.13864057578238,5.78643376354808,15.0,5,24,4,1,-1.7672127991174733,28.044493950682234
2015-03-16 20:30:00,35,11.0,13.614574136082982,5.78643376354808,16.0,5,24,4,1,-1.2912792388168715,28.520427510982834
2015-03-16 21:30:00,35,9.0,8.243247983022439,5.78643376354808,11.0,5,24,4,1,-6.662605391877415,23.14910135792229
2015-03-16 22:30:00,35,6.0,8.151219522357312,5.78643376354808,9.0,5,24,4,1,-6.754633852542542,23.057072897257164
2015-03-16 23:30:00,35,3.0,7.523519201987892,5.78643376354808,6.0,5,24,4,1,-7.382334172911962,22.429372576887744
2015-03-17 00:30:00,35,4.0,2.851743159655744,5.78643376354808,3.0,5,24,4,1,-12.05411021524411,17.7575965345556
2015-03-17 01:30:00,35,3.0,5.852227803134664,5.78643376354808,4.0,5,24,4,1,-9.05362557176519,20.758081178034516
2015-03-17 02:30:00,35,3.0,3.678412460155517,5.78643376354808,3.0,5,24,4,1,-11.227440914744337,18.58426583505537
2015-03-17 03:30:00,35,2.0,0.8919718289272787,5.78643376354808,3.0,5,24,4,1,-14.013881545972575,15.797825203827133
2015-03-17 04:30:00,35,13.0,2.819716757846781,5.78643376354808,2.0,5,24,4,1,-12.086136617053073,17.725570132746636
2015-03-17 05:30:00,35,45.0,16.04242199756882,5.78643376354808,13.0,5,24,4,1,1.1365686226689657,30.94827537246867
2015-03-17 06:30:00,35,25.0,38.634615668113824,5.78643376354808,45.0,5,24,4,1,23.72876229321397,53.54046904301368
2015-03-17 07:30:00,35,-18.0,-6.670918748315817,5.78643376354808,25.0,5,24,4,1,-21.57677212321567,8.234934626584037
2015-03-17 08:30:00,35,-54.0,-38.5015300929935,5.78643376354808,-18.0,5,24,4,1,-53.407383467893354,-23.595676718093642
2015-03-17 09:30:00,35,-83.0,-91.75025922645986,5.78643376354808,-54.0,5,24,4,1,-106.65611260135971,-76.84440585156001
2015-03-17 10:30:00,35,-75.0,-83.35940199531262,5.78643376354808,-83.0,5,24,4,1,-98.26525537021247,-68.45354862041277
2015-03-17 11:30:00,35,-54.0,-59.84833686835354,5.78643376354808,-75.0,5,24,4,1,-74.75419024325339,-44.942483493453686
2015-03-17 12:30:00,35,-55.0,-48.26960891345448,5.78643376354808,-54.0,5,24,4,1,-63.17546228835434,-33.36375553855463
2015-03-17 13:30:00,35,-75.0,-75.71432354380556,5.78643376354808,-55.0,5,24,4,1,-90.62017691870541,-60.80847016890571
2015-03-17 14:30:00,35,-93.0,-87.42164924247984,5.78643376354808,-75.0,5,24,4,1,-102.3275026173797,-72.51579586758
2015-03-17 15:30:00,35,-118.0,-112.7459362307314,5.78643376354808,-93.0,5,24,4,1,-127.65178960563125,-97.84008285583155
2015-03-17 16:30:00,35,-143.0,-130.83676390909187,5.78643376354808,-118.0,5,24,4,1,-145.74261728399173,-115.93091053419202
2015-03-17 17:30:00,35,-162.0,-152.42209982977627,5.78643376354808,-143.0,5,24,4,1,-167.32795320467613,-137.5162464548764
2015-03-17 18:30:00,35,-154.0,-171.28008581412683,5.78643376354808,-162.0,5,24,4,1,-186.1859391890267,-156.37423243922697
2015-03-17 19:30:00,35,-177.0,-152.24034169001544,5.78643376354808,-154.0,5,24,4,1,-167.1461950649153,-137.33448831511558
2015-03-17 20:30:00,35,-182.0,-183.0040004812909,5.78643376354808,-177.0,5,24,4,1,-197.90985385619075,-168.09814710639102
2015-03-17 21:30:00,35,-198.0,-185.0673456457905,5.78643376354808,-182.0,5,24,4,1,-199.97319902069037,-170.16149227089065
2015-03-17 22:30:00,35,-234.0,-204.78589938124657,5.78643376354808,-198.0,5,24,4,1,-219.69175275614643,-189.8800460063467
2015-03-17 23:30:00,35,-225.0,-240.6414193915784,5.78643376354808,-234.0,5,24,4,1,-255.54727276647827,-225.73556601667855
2015-03-18 00:30:00,35,-200.0,-222.8091703296044,5.78643376354808,-225.0,5,24,4,1,-237.71502370450426,-207.90331695470454
2015-03-18 01:30:00,35,-189.0,-186.5052678276323,5.78643376354808,-200.0,5,24,4,1,-201.41112120253217,-171.59941445273245
2015-03-18 02:30:00,35,-172.0,-181.167411248019,5.78643376354808,-189.0,5,24,4,1,-196.07326462291886,-166.26155787311913
2015-03-18 03:30:00,35,-155.0,-160.56598814921688,5.78643376354808,-172.0,5,24,4,1,-175.47184152411674,-145.66013477431702
2015-03-18 04:30:00,35,-148.0,-147.38208985917925,5.78643376354808,-155.0,5,24,4,1,-162.2879432340791,-132.47623648427938
2015-03-18 05:30:00,35,-136.0,-139.6308214232343,5.78643376354808,-148.0,5,24,4,1,-154.53667479813416,-124.72496804833445
2015-03-18 06:30:00,35,-133.0,-128.24320649111527,5.78643376354808,-136.0,5,24,4,1,-143.14905986601514,-113.33735311621543
2015-03-18 07:30:00,35,-124.0,-122.5212646834599,5.78643376354808,-133.0,5,24,4,1,-137.42711805835975,-107.61541130856006
2015-03-18 08:30:00,35,-123.0,-119.51198805823228,5.78643376354808,-124.0,5,24,4,1,-134.41784143313214,-104.60613468333243
2015-03-18 09:30:00,35,-117.0,-118.61779633790252,5.78643376354808,-123.0,5,24,4,1,-133.52364971280238,-103.71194296300267
2015-03-18 10:30:00,35,-111.0,-112.62770337568357,5.78643376354808,-117.0,5,24,4,1,-127.53355675058341,-97.72185000078372
2015-03-18 11:30:00,35,-99.0,-106.8894813910926,5.78643376354808,-111.0,5,24,4,1,-121.79533476599245,-91.98362801619275
2015-03-18 12:30:00,35,-97.0,-95.81824056123588,5.78643376354808,-99.0,5,24,4,1,-110.72409393613573,-80.91238718633603
2015-03-18 13:30:00,35,-91.0,-93.12959678845422,5.78643376354808,-97.0,5,24,4,1,-108.03545016335407,-78.22374341355437
2015-03-18 14:30:00,35,-88.0,-87.22314773845223,5.78643376354808,-91.0,5,24,4,1,-102.12900111335207,-72.31729436355238
2015-03-18 15:30:00,35,-91.0,-91.90330832923252,5.78643376354808,-88.0,5,24,4,1,-106.80916170413236,-76.99745495433267
2015-03-18 16:30:00,35,-86.0,-89.20955662949345,5.78643376354808,-91.0,5,24,4,1,-104.1154100043933,-74.3037032545936
2015-03-18 17:30:00,35,-82.0,-79.82617043435019,5.78643376354808,-86.0,5,24,4,1,-94.73202380925004,-64.92031705945034
2015-03-18 18:30:00,35,-88.0,-80.62694842079296,5.78643376354808,-82.0,5,24,4,1,-95.5328017956928,-65.72109504589311
2015-03-18 19:30:00,35,-94.0,-91.10657894316574,5.78643376354808,-88.0,5,24,4,1,-106.01243231806559,-76.2007255682659
2015-03-18 20:30:00,35,-95.0,-91.58007648120622,5.78643376354808,-94.0,5,24,4,1,-106.48592985610607,-76.67422310630637
2015-03-18 21:30:00,35,-94.0,-92.73234074287548,5.78643376354808,-95.0,5,24,4,1,-107.63819411777533,-77.82648736797563
2015-03-18 22:30:00,35,-94.0,-93.6563994685213,5.78643376354808,-94.0,5,24,4,1,-108.56225284342115,-78.75054609362145
2015-03-18 23:30:00,35,-93.0,-94.92684083120778,5.78643376354808,-94.0,5,24,4,1,-109.83269420610763,-80.02098745630794
2015-03-19 00:30:00,35,-99.0,-92.99196581952866,5.78643376354808,-93.0,5,24,4,1,-107.89781919442851,-78.08611244462881
2015-03-19 01:30:00,35,-94.0,-96.5355633414114,5.78643376354808,-99.0,5,24,4,1,-111.44141671631125,-81.62970996651156
2015-03-19 02:30:00,35,-86.0,-91.35653283989537,5.78643376354808,-94.0,5,24,4,1,-106.26238621479521,-76.45067946499552
2015-03-19 03:30:00,35,-81.0,-84.4148815486293,5.78643376354808,-86.0,5,24,4,1,-99.32073492352914,-69.50902817372945
2015-03-19 04:30:00,35,-86.0,-79.60780762911368,5.78643376354808,-81.0,5,24,4,1,-94.51366100401353,-64.70195425421383
2015-03-19 05:30:00,35,-84.0,-84.34580659348565,5.78643376354808,-86.0,5,24,4,1,-99.2516599683855,-69.4399532185858
2015-03-19 06:30:00,35,-81.0,-79.10382121387737,5.78643376354808,-84.0,5,24,4,1,-94.00967458877722,-64.19796783897752
2015-03-19 07:30:00,35,-73.0,-79.89428899343045,5.78643376354808,-81.0,5,24,4,1,-94.8001423683303,-64.9884356185306
2015-03-19 08:30:00,35,-71.0,-71.66869957530075,5.78643376354808,-73.0,5,24,4,1,-86.5745529502006,-56.762846200400894
2015-03-19 09:30:00,35,-76.0,-73.38598376062862,5.78643376354808,-71.0,5,24,4,1,-88.29183713552847,-58.48013038572876
2015-03-19 10:30:00,35,-75.0,-75.86063069764703,5.78643376354808,-76.0,5,24,4,1,-90.76648407254687,-60.95477732274717
2015-03-19 11:30:00,35,-76.0,-71.98945251335108,5.78643376354808,-75.0,5,24,4,1,-86.89530588825093,-57.08359913845123
2015-03-19 12:30:00,35,-77.0,-78.42503733516224,5.78643376354808,-76.0,5,24,4,1,-93.33089071006209,-63.51918396026239
2015-03-19 13:30:00,35,-83.0,-74.60974184461531,5.78643376354808,-77.0,5,24,4,1,-89.51559521951516,-59.70388846971546
2015-03-19 14:30:00,35,-84.0,-82.16186546079494,5.78643376354808,-83.0,5,24,4,1,-97.06771883569479,-67.2560120858951
2015-03-19 15:30:00,35,-80.0,-79.43351195191028,5.78643376354808,-84.0,5,24,4,1,-94.33936532681012,-64.52765857701043
2015-03-19 16:30:00,35,-73.0,-72.72691965366006,5.78643376354808,-80.0,5,24,4,1,-87.63277302855991,-57.821066278760206
2015-03-19 17:30:00,35,-72.0,-68.63877680366424,5.78643376354808,-73.0,5,24,4,1,-83.54463017856409,-53.73292342876439
2015-03-19 18:30:00,35,-71.0,-73.02030594022824,5.78643376354808,-72.0,5,24,4,1,-87.92615931512809,-58.114452565328385
2015-03-19 19:30:00,35,-70.0,-69.59637801187422,5.78643376354808,-71.0,5,24,4,1,-84.50223138677407,-54.69052463697437
2015-03-19 20:30:00,35,-71.0,-68.73562584359061,5.78643376354808,-70.0,5,24,4,1,-83.64147921849046,-53.829772468690756
2015-03-19 21:30:00,35,-69.0,-73.91687792878751,5.78643376354808,-71.0,5,24,4,1,-88.82273130368736,-59.01102455388766
2015-03-19 22:30:00,35,-65.0,-66.89748621939086,5.78643376354808,-69.0,5,24,4,1,-81.8033395942907,-51.991632844491
2015-03-19 23:30:00,35,-70.0,-62.01871476090753,5.78643376354808,-65.0,5,24,4,1,-76.92456813580738,-47.11286138600767
2015-03-20 00:30:00,35,-75.0,-69.0023273933586,5.78643376354808,-70.0,5,24,4,1,-83.90818076825845,-54.09647401845874
2015-03-20 01:30:00,35,-81.0,-76.84806460100039,5.78643376354808,-75.0,5,24,4,1,-91.75391797590024,-61.94221122610053
2015-03-20 02:30:00,35,-74.0,-77.61858959268446,5.78643376354808,-81.0,5,24,4,1,-92.5244429675843,-62.7127362177846
2015-03-20 03:30:00,35,-69.0,-72.57815932247215,5.78643376354808,-74.0,5,24,4,1,-87.484012697372,-57.67230594757229
2015-03-20 04:30:00,35,-65.0,-68.4344683029109,5.78643376354808,-69.0,5,24,4,1,-83.34032167781075,-53.528614928011045
2015-03-20 05:30:00,35,-64.0,-63.68568522238914,5.78643376354808,-65.0,5,24,4,1,-78.59153859728899,-48.779831847489284
2015-03-20 06:30:00,35,-71.0,-65.82473578290248,5.78643376354808,-64.0,5,24,4,1,-80.73058915780233,-50.918882408002624
2015-03-20 07:30:00,35,-68.0,-63.33664569135173,5.78643376354808,-71.0,5,24,4,1,-78.24249906625158,-48.43079231645187
2015-03-20 08:30:00,35,-63.0,-67.39125892509814,5.78643376354808,-68.0,5,24,4,1,-82.29711229999799,-52.48540555019829
2015-03-20 09:30:00,35,-61.0,-62.51572977793287,5.78643376354808,-63.0,5,24,4,1,-77.42158315283272,-47.60987640303301
2015-03-20 10:30:00,35,-62.0,-61.66272741990285,5.78643376354808,-61.0,5,24,4,1,-76.5685807948027,-46.756874045002995
2015-03-20 11:30:00,35,-65.0,-60.05046452875605,5.78643376354808,-62.0,5,24,4,1,-74.9563179036559,-45.1446111538562
2015-03-20 12:30:00,35,-58.0,-59.89577711523803,5.78643376354808,-65.0,5,24,4,1,-74.80163049013788,-44.98992374033818
2015-03-20 13:30:00,35,-57.0,-55.87543974399678,5.78643376354808,-58.0,5,24,4,1,-70.78129311889663,-40.96958636909692
2015-03-20 14:30:00,35,-55.0,-53.393253146532416,5.78643376354808,-57.0,5,24,4,1,-68.29910652143226,-38.48739977163256
2015-03-20 15:30:00,35,-56.0,-54.25496171087943,5.78643376354808,-55.0,5,24,4,1,-69.16081508577928,-39.34910833597957
2015-03-20 16:30:00,35,-62.0,-55.28451135119483,5.78643376354808,-56.0,5,24,4,1,-70.19036472609469,-40.378657976294974
2015-03-20 17:30:00,35,-66.0,-64.00697425688756,5.78643376354808,-62.0,5,24,4,1,-78.91282763178741,-49.101120881987704
2015-03-20 18:30:00,35,-64.0,-63.33902595958125,5.78643376354808,-66.0,5,24,4,1,-78.2448793344811,-48.433172584681394
2015-03-20 19:30:00,35,-60.0,-59.6278232441673,5.78643376354808,-64.0,5,24,4,1,-74.53367661906715,-44.72196986926745
2015-03-20 20:30:00,35,-59.0,-60.24774802165361,5.78643376354808,-60.0,5,24,4,1,-75.15360139655346,-45.34189464675375
2015-03-20 21:30:00,35,-56.0,-54.84220176011851,5.78643376354808,-59.0,5,24,4,1,-69.74805513501836,-39.93634838521866
2015-03-20 22:30:00,35,-56.0,-55.82062495437235,5.78643376354808,-56.0,5,24,4,1,-70.7264783292722,-40.91477157947249
2015-03-20 23:30:00,35,-65.0,-58.5722664929621,5.78643376354808,-56.0,5,24,4,1,-73.47811986786195,-43.666413118062245
2015-03-21 00:30:00,35,-69.0,-66.15677247899222,5.78643376354808,-65.0,5,24,4,1,-81.06262585389207,-51.25091910409237
2015-03-21 01:30:00,35,-65.0,-67.5974694960493,5.78643376354808,-69.0,5,24,4,1,-82.50332287094915,-52.691616121149444
2015-03-21 02:30:00,35,-64.0,-60.31893090803116,5.78643376354808,-65.0,5,24,4,1,-75.22478428293101,-45.41307753313131
2015-03-21 03:30:00,35,-58.0,-61.45433815298664,5.78643376354808,-64.0,5,24,4,1,-76.36019152788649,-46.54848477808678
2015-03-21 04:30:00,35,-48.0,-53.97943386919007,5.78643376354808,-58.0,5,24,4,1,-68.88528724408992,-39.07358049429021
2015-03-21 05:30:00,35,-46.0,-46.456967108518846,5.78643376354808,-48.0,5,24,4,1,-61.3628204834187,-31.55111373361899
2015-03-21 06:30:00,35,-49.0,-45.83193118749644,5.78643376354808,-46.0,5,24,4,1,-60.73778456239629,-30.92607781259658
2015-03-21 07:30:00,35,-46.0,-49.6026985070649,5.78643376354808,-49.0,5,24,4,1,-64.50855188196475,-34.696845132165045
2015-03-21 08:30:00,35,-45.0,-46.4846157467327,5.78643376354808,-46.0,5,24,4,1,-61.390469121632556,-31.578762371832845
2015-03-21 09:30:00,35,-44.0,-43.66952826570426,5.78643376354808,-45.0,5,24,4,1,-58.575381640604114,-28.763674890804403
2015-03-21 10:30:00,35,-50.0,-43.67657042864638,5.78643376354808,-44.0,5,24,4,1,-58.582423803546234,-28.770717053746523
2015-03-21 11:30:00,35,-48.0,-47.79029472895222,5.78643376354808,-50.0,5,24,4,1,-62.696148103852074,-32.88444135405236
2015-03-21 12:30:00,35,-46.0,-46.09585146889172,5.78643376354808,-48.0,5,24,4,1,-61.00170484379158,-31.189998093991868
2015-03-21 13:30:00,35,-45.0,-44.07097658550706,5.78643376354808,-46.0,5,24,4,1,-58.97682996040692,-29.165123210607206
2015-03-21 14:30:00,35,-46.0,-43.593218152897165,5.78643376354808,-45.0,5,24,4,1,-58.49907152779702,-28.68736477799731
2015-03-21 15:30:00,35,-46.0,-43.55316853164607,5.78643376354808,-46.0,5,24,4,1,-58.45902190654593,-28.647315156746217
2015-03-21 16:30:00,35,-46.0,-44.06112849375563,5.78643376354808,-46.0,5,24,4,1,-58.96698186865549,-29.155275118855776
2015-03-21 17:30:00,35,-44.0,-44.28733867879929,5.78643376354808,-46.0,5,24,4,1,-59.19319205369914,-29.38148530389943
2015-03-21 18:30:00,35,-44.0,-40.78761368193901,5.78643376354808,-44.0,5,24,4,1,-55.69346705683886,-25.88176030703915
2015-03-21 19:30:00,35,-44.0,-41.84612914944122,5.78643376354808,-44.0,5,24,4,1,-56.751982524341074,-26.940275774541362
2015-03-21 20:30:00,35,-47.0,-42.5668036046102,5.78643376354808,-44.0,5,24,4,1,-57.472656979510056,-27.660950229710345
2015-03-21 21:30:00,35,-40.0,-44.69699570741527,5.78643376354808,-47.0,5,24,4,1,-59.602849082315124,-29.791142332515413
2015-03-21 22:30:00,35,-43.0,-35.78198598899209,5.78643376354808,-40.0,5,24,4,1,-50.687839363891946,-20.876132614092235
2015-03-21 23:30:00,35,-41.0,-38.656630836873,5.78643376354808,-43.0,5,24,4,1,-53.562484211772855,-23.750777461973144
2015-03-22 00:30:00,35,-39.0,-35.51156714645304,5.78643376354808,-41.0,5,24,4,1,-50.417420521352895,-20.605713771553184
2015-03-22 01:30:00,35,-42.0,-35.398029960194044,5.78643376354808,-39.0,5,24,4,1,-50.3038833350939,-20.49217658529419
2015-03-22 02:30:00,35,-36.0,-39.46505731134068,5.78643376354808,-42.0,5,24,4,1,-54.370910686240535,-24.559203936440824
2015-03-22 03:30:00,35,-33.0,-34.944916685447566,5.78643376354808,-36.0,5,24,4,1,-49.85077006034742,-20.03906331054771
2015-03-22 04:30:00,35,-40.0,-38.885801882599466,5.78643376354808,-33.0,5,24,4,1,-53.79165525749932,-23.97994850769961
2015-03-22 05:30:00,35,-43.0,-40.44221102920544,5.78643376354808,-40.0,5,24,4,1,-55.348064404105294,-25.536357654305583
2015-03-22 06:30:00,35,-45.0,-41.20292116711786,5.78643376354808,-43.0,5,24,4,1,-56.10877454201771,-26.297067792218
2015-03-22 07:30:00,35,-56.0,-50.793991662348105,5.78643376354808,-45.0,5,24,4,1,-65.69984503724795,-35.88813828744825
2015-03-22 08:30:00,35,-50.0,-55.3777899887769,5.78643376354808,-56.0,5,24,4,1,-70.28364336367675,-40.47193661387704
2015-03-22 09:30:00,35,-50.0,-41.29739583587563,5.78643376354808,-50.0,5,24,4,1,-56.20324921077549,-26.391542460975778
2015-03-22 10:30:00,35,-45.0,-51.38709875111509,5.78643376354808,-50.0,5,24,4,1,-66.29295212601494,-36.481245376215234
2015-03-22 11:30:00,35,-33.0,-41.46292955273144,5.78643376354808,-45.0,5,24,4,1,-56.368782927631294,-26.557076177831583
2015-03-22 12:30:00,35,-41.0,-32.747926395607855,5.78643376354808,-33.0,5,24,4,1,-47.65377977050771,-17.842073020708
2015-03-22 13:30:00,35,-48.0,-45.2725681535581,5.78643376354808,-41.0,5,24,4,1,-60.17842152845795,-30.366714778658242
2015-03-22 14:30:00,35,-55.0,-47.1370923005471,5.78643376354808,-48.0,5,24,4,1,-62.04294567544696,-32.23123892564725
2015-03-22 15:30:00,35,-51.0,-53.44914870659619,5.78643376354808,-55.0,5,24,4,1,-68.35500208149604,-38.543295331696335
2015-03-22 16:30:00,35,-49.0,-48.05953094272678,5.78643376354808,-51.0,5,24,4,1,-62.965384317626636,-33.153677567826925
2015-03-22 17:30:00,35,-52.0,-47.56180935058286,5.78643376354808,-49.0,5,24,4,1,-62.46766272548272,-32.65595597568301
2015-03-22 18:30:00,35,-54.0,-50.79157493956011,5.78643376354808,-52.0,5,24,4,1,-65.69742831445996,-35.88572156466025
2015-03-22 19:30:00,35,-52.0,-51.00573260425778,5.78643376354808,-54.0,5,24,4,1,-65.91158597915764,-36.099879229357924
2015-03-22 20:30:00,35,-47.0,-48.45862151035088,5.78643376354808,-52.0,5,24,4,1,-63.364474885250736,-33.552768135451025
2015-03-22 21:30:00,35,-46.0,-43.58325962527742,5.78643376354808,-47.0,5,24,4,1,-58.48911300017728,-28.677406250377565
2015-03-22 22:30:00,35,-45.0,-41.25985300161581,5.78643376354808,-46.0,5,24,4,1,-56.165706376515665,-26.353999626715954
2015-03-22 23:30:00,35,-44.0,-39.68453948596079,5.78643376354808,-45.0,5,24,4,1,-54.590392860860646,-24.778686111060935
2015-03-23 00:30:00,35,-40.0,-38.78212887098535,5.78643376354808,-44.0,5,24,4,1,-53.68798224588521,-23.876275496085498
2015-03-23 01:30:00,35,-45.0,-39.35204281911857,5.78643376354808,-40.0,5,24,4,1,-54.25789619401843,-24.446189444218717
2015-03-23 02:30:00,35,-46.0,-50.24510395300547,5.78643376354808,-45.0,5,24,4,1,-65.15095732790532,-35.33925057810561
2015-03-23 03:30:00,35,-47.0,-44.796865114730174,5.78643376354808,-46.0,5,24,4,1,-59.70271848963003,-29.89101173983032
2015-03-23 04:30:00,35,-50.0,-45.73519365563128,5.78643376354808,-47.0,5,24,4,1,-60.64104703053113,-30.829340280731422
2015-03-23 05:30:00,35,-47.0,-50.3509744239603,5.78643376354808,-50.0,5,24,4,1,-65.25682779886016,-35.44512104906045
2015-03-23 06:30:00,35,-44.0,-41.65683134923443,5.78643376354808,-47.0,5,24,4,1,-56.562684724134286,-26.750977974334575
2015-03-23 07:30:00,35,-46.0,-40.84556088310963,5.78643376354808,-44.0,5,24,4,1,-55.75141425800948,-25.93970750820977
2015-03-23 08:30:00,35,-47.0,-44.637810659546005,5.78643376354808,-46.0,5,24,4,1,-59.54366403444586,-29.73195728464615
2015-03-23 09:30:00,35,-44.0,-47.668996474414215,5.78643376354808,-47.0,5,24,4,1,-62.57484984931407,-32.76314309951436
2015-03-23 10:30:00,35,-46.0,-43.97595241789001,5.78643376354808,-44.0,5,24,4,1,-58.88180579278986,-29.07009904299015
2015-03-23 11:30:00,35,-42.0,-44.11584464163361,5.78643376354808,-46.0,5,24,4,1,-59.02169801653346,-29.209991266733752
2015-03-23 12:30:00,35,-36.0,-40.72048582909482,5.78643376354808,-42.0,5,24,4,1,-55.626339203994675,-25.814632454194964
2015-03-23 13:30:00,35,-35.0,-36.52644999209333,5.78643376354808,-36.0,5,24,4,1,-51.43230336699319,-21.620596617193478
2015-03-23 14:30:00,35,-32.0,-36.35298070756466,5.78643376354808,-35.0,5,24,4,1,-51.25883408246452,-21.447127332664806
2015-03-23 15:30:00,35,-37.0,-32.54760457609075,5.78643376354808,-32.0,5,24,4,1,-47.453457950990604,-17.641751201190893
2015-03-23 16:30:00,35,-39.0,-33.879965916182464,5.78643376354808,-37.0,5,24,4,1,-48.78581929108232,-18.974112541282608
2015-03-23 17:30:00,35,-35.0,-35.13299808281364,5.78643376354808,-39.0,5,24,4,1,-50.0388514577135,-20.227144707913787
2015-03-23 18:30:00,35,-36.0,-32.17523158955078,5.78643376354808,-35.0,5,24,4,1,-47.08108496445064,-17.269378214650928
2015-03-23 19:30:00,35,-37.0,-34.36641876098751,5.78643376354808,-36.0,5,24,4,1,-49.27227213588736,-19.46056538608765
2015-03-23 20:30:00,35,-40.0,-37.60662858096647,5.78643376354808,-37.0,5,24,4,1,-52.51248195586633,-22.700775206066616
2015-03-23 21:30:00,35,-50.0,-42.18965439241357,5.78643376354808,-40.0,5,24,4,1,-57.09550776731343,-27.283801017513717
2015-03-23 22:30:00,35,-47.0,-45.7263126818722,5.78643376354808,-50.0,5,24,4,1,-60.63216605677206,-30.820459306972346
2015-03-23 23:30:00,35,-47.0,-45.38889250525071,5.78643376354808,-47.0,5,24,4,1,-60.294745880150565,-30.483039130350853
2015-03-24 00:30:00,35,-48.0,-43.31959130921273,5.78643376354808,-47.0,5,24,4,1,-58.22544468411259,-28.413737934312877
2015-03-24 01:30:00,35,-48.0,-45.10409662816675,5.78643376354808,-48.0,5,24,4,1,-60.009950003066606,-30.198243253266895
2015-03-24 02:30:00,35,-45.0,-45.03153597391761,5.78643376354808,-48.0,5,24,4,1,-59.93738934881747,-30.125682599017757
2015-03-24 03:30:00,35,-40.0,-42.09123887866589,5.78643376354808,-45.0,5,24,4,1,-56.99709225356575,-27.185385503766035
2015-03-24 04:30:00,35,-34.0,-37.00740570391965,5.78643376354808,-40.0,5,24,4,1,-51.91325907881951,-22.101552329019796
2015-03-24 05:30:00,35,-33.0,-33.778405928718506,5.78643376354808,-34.0,5,24,4,1,-48.68425930361836,-18.87255255381865
2015-03-24 06:30:00,35,-32.0,-31.667356724375843,5.78643376354808,-33.0,5,24,4,1,-46.5732100992757,-16.761503349475987
2015-03-24 07:30:00,35,-29.0,-29.16486684768717,5.78643376354808,-32.0,5,24,4,1,-44.07072022258702,-14.259013472787315
2015-03-24 08:30:00,35,-30.0,-27.35160102648596,5.78643376354808,-29.0,5,24,4,1,-42.257454401385814,-12.445747651586105
2015-03-24 09:30:00,35,-29.0,-29.546014267193662,5.78643376354808,-30.0,5,24,4,1,-44.45186764209352,-14.640160892293808
2015-03-24 10:30:00,35,-26.0,-29.088843546479808,5.78643376354808,-29.0,5,24,4,1,-43.99469692137966,-14.182990171579954
2015-03-24 11:30:00,35,-31.0,-27.629721430598288,5.78643376354808,-26.0,5,24,4,1,-42.53557480549814,-12.723868055698434
2015-03-24 12:30:00,35,-32.0,-33.6476557577042,5.78643376354808,-31.0,5,24,4,1,-48.553509132604056,-18.741802382804345
2015-03-24 13:30:00,35,-30.0,-31.556655923905616,5.78643376354808,-32.0,5,24,4,1,-46.46250929880547,-16.65080254900576
2015-03-24 14:30:00,35,-28.0,-30.459712392883667,5.78643376354808,-30.0,5,24,4,1,-45.36556576778352,-15.553859017983813
2015-03-24 15:30:00,35,-26.0,-28.53291662272551,5.78643376354808,-28.0,5,24,4,1,-43.438769997625364,-13.627063247825655
2015-03-24 16:30:00,35,-33.0,-28.34930921826698,5.78643376354808,-26.0,5,24,4,1,-43.25516259316684,-13.443455843367127
2015-03-24 17:30:00,35,-34.0,-34.34031622492995,5.78643376354808,-33.0,5,24,4,1,-49.246169599829805,-19.434462850030094
2015-03-24 18:30:00,35,-31.0,-31.779031511574164,5.78643376354808,-34.0,5,24,4,1,-46.684884886474016,-16.873178136674312
2015-03-24 19:30:00,35,-31.0,-29.22283495661927,5.78643376354808,-31.0,5,24,4,1,-44.12868833151912,-14.316981581719416
2015-03-24 20:30:00,35,-28.0,-26.60279008533536,5.78643376354808,-31.0,5,24,4,1,-41.50864346023521,-11.696936710435507
2015-03-24 21:30:00,35,-28.0,-25.915970120863346,5.78643376354808,-28.0,5,24,4,1,-40.8218234957632,-11.010116745963492
2015-03-24 22:30:00,35,-34.0,-28.34027947774356,5.78643376354808,-28.0,5,24,4,1,-43.24613285264341,-13.434426102843707
2015-03-24 23:30:00,35,-34.0,-33.86069968203096,5.78643376354808,-34.0,5,24,4,1,-48.76655305693082,-18.954846307131106
2015-03-25 00:30:00,35,-30.0,-31.86691889522601,5.78643376354808,-34.0,5,24,4,1,-46.77277227012586,-16.96106552032616
2015-03-25 01:30:00,35,-30.0,-28.35553329802932,5.78643376354808,-30.0,5,24,4,1,-43.26138667292918,-13.449679923129468
2015-03-25 02:30:00,35,-36.0,-32.275355776702646,5.78643376354808,-30.0,5,24,4,1,-47.1812091516025,-17.36950240180279
2015-03-25 03:30:00,35,-34.0,-34.07301505128477,5.78643376354808,-36.0,5,24,4,1,-48.978868426184626,-19.167161676384914
2015-03-25 04:30:00,35,-32.0,-32.41455267497656,5.78643376354808,-34.0,5,24,4,1,-47.32040604987642,-17.508699300076707
2015-03-25 05:30:00,35,-34.0,-33.14376865433489,5.78643376354808,-32.0,5,24,4,1,-48.04962202923475,-18.237915279435036
2015-03-25 06:30:00,35,-33.0,-33.18519430114413,5.78643376354808,-34.0,5,24,4,1,-48.091047676043985,-18.279340926244274
2015-03-25 07:30:00,35,-32.0,-31.750127603527105,5.78643376354808,-33.0,5,24,4,1,-46.65598097842696,-16.84427422862725
2015-03-25 08:30:00,35,-31.0,-29.15696398189764,5.78643376354808,-32.0,5,24,4,1,-44.062817356797495,-14.251110606997786
2015-03-25 09:30:00,35,-28.0,-30.02979895997656,5.78643376354808,-31.0,5,24,4,1,-44.935652334876416,-15.123945585076706
2015-03-25 10:30:00,35,-17.0,-27.38774572120916,5.78643376354808,-28.0,5,24,4,1,-42.29359909610901,-12.481892346309307
2015-03-25 11:30:00,35,-13.0,-17.230583109424146,5.78643376354808,-17.0,5,24,4,1,-32.136436484324,-2.3247297345242917
2015-03-25 12:30:00,35,-5.0,-12.29313589469724,5.78643376354808,-13.0,5,24,4,1,-27.198989269597092,2.6127174802026136
2015-03-25 13:30:00,35,-5.0,-6.972127754254537,5.78643376354808,-5.0,5,24,4,1,-21.877981129154392,7.933725620645317
2015-03-25 14:30:00,35,-4.0,-8.528962561440295,5.78643376354808,-5.0,5,24,4,1,-23.43481593634015,6.376890813459559
2015-03-25 15:30:00,35,-12.0,-10.098352747440348,5.78643376354808,-4.0,5,24,4,1,-25.0042061223402,4.807500627459506
2015-03-25 16:30:00,35,-22.0,-16.159522448940145,5.78643376354808,-12.0,5,24,4,1,-31.06537582384,-1.2536690740402907
2015-03-25 17:30:00,35,-17.0,-22.95274150004452,5.78643376354808,-22.0,5,24,4,1,-37.85859487494437,-8.046888125144667
2015-03-25 18:30:00,35,-17.0,-15.83675378824499,5.78643376354808,-17.0,5,24,4,1,-30.742607163144843,-0.9309004133451353
2015-03-25 19:30:00,35,-22.0,-19.171997425577075,5.78643376354808,-17.0,5,24,4,1,-34.07785080047693,-4.266144050677221
2015-03-25 20:30:00,35,-28.0,-23.96655349302976,5.78643376354808,-22.0,5,24,4,1,-38.87240686792961,-9.060700118129906
2015-03-25 21:30:00,35,-32.0,-27.51226055443572,5.78643376354808,-28.0,5,24,4,1,-42.418113929335576,-12.606407179535866
2015-03-25 22:30:00,35,-33.0,-29.413005789891777,5.78643376354808,-32.0,5,24,4,1,-44.31885916479163,-14.507152414991923
2015-03-25 23:30:00,35,-31.0,-31.09405655653428,5.78643376354808,-33.0,5,24,4,1,-45.99990993143413,-16.188203181634428
2015-03-26 00:30:00,35,-29.0,-29.950985544805103,5.78643376354808,-31.0,5,24,4,1,-44.856838919704956,-15.04513216990525
2015-03-26 01:30:00,35,-25.0,-27.6053810435656,5.78643376354808,-29.0,5,24,4,1,-42.511234418465456,-12.699527668665747
2015-03-26 02:30:00,35,-25.0,-22.35800896684691,5.78643376354808,-25.0,5,24,4,1,-37.263862341746766,-7.452155591947056
2015-03-26 03:30:00,35,-23.0,-22.80179603973417,5.78643376354808,-25.0,5,24,4,1,-37.70764941463403,-7.895942664834317
2015-03-26 04:30:00,35,-23.0,-20.585446804563468,5.78643376354808,-23.0,5,24,4,1,-35.49130017946332,-5.679593429663614
2015-03-26 05:30:00,35,-26.0,-23.59480330816185,5.78643376354808,-23.0,5,24,4,1,-38.500656683061706,-8.688949933261997
2015-03-26 06:30:00,35,-27.0,-25.801617531906803,5.78643376354808,-26.0,5,24,4,1,-40.707470906806655,-10.89576415700695
2015-03-26 07:30:00,35,-21.0,-25.674489228495805,5.78643376354808,-27.0,5,24,4,1,-40.58034260339566,-10.768635853595951
2015-03-26 08:30:00,35,-18.0,-17.154965633227985,5.78643376354808,-21.0,5,24,4,1,-32.06081900812784,-2.2491122583281307
2015-03-26 09:30:00,35,-15.0,-16.872467465520543,5.78643376354808,-18.0,5,24,4,1,-31.7783208404204,-1.9666140906206895
2015-03-26 10:30:00,35,-15.0,-14.588098313016031,5.78643376354808,-15.0,5,24,4,1,-29.493951687915885,0.3177550618838225
2015-03-26 11:30:00,35,-10.0,-14.609065045100875,5.78643376354808,-15.0,5,24,4,1,-29.51491842000073,0.2967883297989786
2015-03-26 12:30:00,35,-9.0,-9.328085082051352,5.78643376354808,-10.0,5,24,4,1,-24.233938456951208,5.577768292848502
2015-03-26 13:30:00,35,-13.0,-8.671431264713423,5.78643376354808,-9.0,5,24,4,1,-23.577284639613275,6.234422110186431
2015-03-26 14:30:00,35,-11.0,-14.88130125459896,5.78643376354808,-13.0,5,24,4,1,-29.787154629498815,0.024552120300894487
2015-03-26 15:30:00,35,-16.0,-10.04028921334049,5.78643376354808,-11.0,5,24,4,1,-24.946142588240342,4.865564161559364
2015-03-26 16:30:00,35,-20.0,-17.15581052123018,5.78643376354808,-16.0,5,24,4,1,-32.061663896130035,-2.249957146330326
2015-03-26 17:30:00,35,-20.0,-19.30128351719164,5.78643376354808,-20.0,5,24,4,1,-34.20713689209149,-4.395430142291785
2015-03-26 18:30:00,35,-21.0,-19.44054636370518,5.78643376354808,-20.0,5,24,4,1,-34.34639973860504,-4.534692988805327
2015-03-26 19:30:00,35,-20.0,-19.942205048163885,5.78643376354808,-21.0,5,24,4,1,-34.84805842306374,-5.036351673264031
2015-03-26 20:30:00,35,-27.0,-21.01034934397027,5.78643376354808,-20.0,5,24,4,1,-35.916202718870124,-6.104495969070415
2015-03-26 21:30:00,35,-30.0,-28.84647514644245,5.78643376354808,-27.0,5,24,4,1,-43.75232852134231,-13.940621771542597
2015-03-26 22:30:00,35,-31.0,-27.857683310786083,5.78643376354808,-30.0,5,24,4,1,-42.763536685685935,-12.951829935886229
2015-03-26 23:30:00,35,-29.0,-31.44985653183035,5.78643376354808,-31.0,5,24,4,1,-46.355709906730205,-16.544003156930494
2015-03-27 00:30:00,35,-28.0,-28.895019483961786,5.78643376354808,-29.0,5,24,4,1,-43.80087285886164,-13.989166109061932
2015-03-27 01:30:00,35,-29.0,-27.837483464670232,5.78643376354808,-28.0,5,24,4,1,-42.743336839570084,-12.931630089770378
2015-03-27 02:30:00,35,-27.0,-28.499805429753827,5.78643376354808,-29.0,5,24,4,1,-43.40565880465368,-13.593952054853974
2015-03-27 03:30:00,35,-27.0,-27.05361181581448,5.78643376354808,-27.0,5,24,4,1,-41.95946519071433,-12.147758440914627
2015-03-27 04:30:00,35,-25.0,-26.12587439634186,5.78643376354808,-27.0,5,24,4,1,-41.03172777124171,-11.220021021442006
2015-03-27 05:30:00,35,-30.0,-26.079102661728143,5.78643376354808,-25.0,5,24,4,1,-40.984956036628,-11.17324928682829
2015-03-27 06:30:00,35,-35.0,-31.081238758508643,5.78643376354808,-30.0,5,24,4,1,-45.987092133408495,-16.17538538360879
2015-03-27 07:30:00,35,-29.0,-31.26952789324835,5.78643376354808,-35.0,5,24,4,1,-46.1753812681482,-16.363674518348496
2015-03-27 08:30:00,35,-23.0,-26.741555970441524,5.78643376354808,-29.0,5,24,4,1,-41.64740934534138,-11.83570259554167
2015-03-27 09:30:00,35,-27.0,-23.63449803356432,5.78643376354808,-23.0,5,24,4,1,-38.540351408464176,-8.728644658664466
2015-03-27 10:30:00,35,-23.0,-26.15167618229204,5.78643376354808,-27.0,5,24,4,1,-41.05752955719189,-11.245822807392186
2015-03-27 11:30:00,35,-22.0,-23.570645730017965,5.78643376354808,-23.0,5,24,4,1,-38.47649910491782,-8.664792355118111
2015-03-27 12:30:00,35,-22.0,-20.311788867285053,5.78643376354808,-22.0,5,24,4,1,-35.21764224218491,-5.405935492385199
2015-03-27 13:30:00,35,-23.0,-23.73028131375187,5.78643376354808,-22.0,5,24,4,1,-38.63613468865172,-8.824427938852017
2015-03-27 14:30:00,35,-29.0,-25.619267005570823,5.78643376354808,-23.0,5,24,4,1,-40.525120380470675,-10.713413630670969
2015-03-27 15:30:00,35,-30.0,-28.08110901087836,5.78643376354808,-29.0,5,24,4,1,-42.98696238577821,-13.175255635978507
2015-03-27 16:30:00,35,-26.0,-26.67158305374732,5.78643376354808,-30.0,5,24,4,1,-41.577436428647175,-11.765729678847466
2015-03-27 17:30:00,35,-23.0,-22.910275156005422,5.78643376354808,-26.0,5,24,4,1,-37.816128530905274,-8.004421781105568
2015-03-27 18:30:00,35,-23.0,-19.589906050722075,5.78643376354808,-23.0,5,24,4,1,-34.49575942562193,-4.684052675822221
2015-03-27 19:30:00,35,-23.0,-22.994087402507105,5.78643376354808,-23.0,5,24,4,1,-37.89994077740696,-8.088234027607252
2015-03-27 20:30:00,35,-21.0,-20.259547340611466,5.78643376354808,-23.0,5,24,4,1,-35.16540071551132,-5.353693965711612
2015-03-27 21:30:00,35,-20.0,-21.25192619760201,5.78643376354808,-21.0,5,24,4,1,-36.157779572501866,-6.346072822702157
2015-03-27 22:30:00,35,-21.0,-19.29123706975441,5.78643376354808,-20.0,5,24,4,1,-34.197090444654265,-4.385383694854555
