time,event_no,DST_true,DST_pred,sigma_nT,DST_persist,fold,L_value,L_idx,H
2000-05-14 10:30:00,8,6.0,4.488254387474257,5.595490617762054,,1,6,1,1
2000-05-14 11:30:00,8,2.0,1.6144745783822216,5.595490617762054,6.0,1,6,1,1
2000-05-14 12:30:00,8,-1.0,-0.9058643430179742,5.595490617762054,2.0,1,6,1,1
2000-05-14 13:30:00,8,0.0,-3.4171525845004638,5.595490617762054,-1.0,1,6,1,1
2000-05-14 14:30:00,8,1.0,0.3248164272912888,5.595490617762054,0.0,1,6,1,1
2000-05-14 15:30:00,8,4.0,3.2775757108362455,5.595490617762054,1.0,1,6,1,1
2000-05-14 16:30:00,8,5.0,2.964578341780708,5.595490617762054,4.0,1,6,1,1
2000-05-14 17:30:00,8,6.0,4.251336451067019,5.595490617762054,5.0,1,6,1,1
2000-05-14 18:30:00,8,5.0,5.02115641786034,5.595490617762054,6.0,1,6,1,1
2000-05-14 19:30:00,8,-1.0,2.319683252724772,5.595490617762054,5.0,1,6,1,1
2000-05-14 20:30:00,8,-4.0,-4.243580274682504,5.595490617762054,-1.0,1,6,1,1
2000-05-14 21:30:00,8,-2.0,-6.373141977402366,5.595490617762054,-4.0,1,6,1,1
2000-05-14 22:30:00,8,1.0,2.0357545915538253,5.595490617762054,-2.0,1,6,1,1
2000-05-14 23:30:00,8,9.0,3.1179208976098067,5.595490617762054,1.0,1,6,1,1
2000-05-15 00:30:00,8,16.0,8.390121779582792,5.595490617762054,9.0,1,6,1,1
2000-05-15 01:30:00,8,9.0,12.183708803903201,5.595490617762054,16.0,1,6,1,1
2000-05-15 02:30:00,8,9.0,6.677877003078613,5.595490617762054,9.0,1,6,1,1
2000-05-15 03:30:00,8,17.0,3.5283906293605867,5.595490617762054,9.0,1,6,1,1
2000-05-15 04:30:00,8,26.0,15.018142284429445,5.595490617762054,17.0,1,6,1,1
2000-05-15 05:30:00,8,27.0,23.793208966957714,5.595490617762054,26.0,1,6,1,1
2000-05-15 06:30:00,8,25.0,22.22324379245969,5.595490617762054,27.0,1,6,1,1
2000-05-15 07:30:00,8,16.0,17.169499827242888,5.595490617762054,25.0,1,6,1,1
2000-05-15 08:30:00,8,9.0,7.483419384345922,5.595490617762054,16.0,1,6,1,1
2000-05-15 09:30:00,8,9.0,5.558340221114932,5.595490617762054,9.0,1,6,1,1
2000-05-15 10:30:00,8,3.0,5.114208151682291,5.595490617762054,9.0,1,6,1,1
2000-05-15 11:30:00,8,1.0,3.2180201427560107,5.595490617762054,3.0,1,6,1,1
2000-05-15 12:30:00,8,1.0,-0.3297052526529711,5.595490617762054,1.0,1,6,1,1
2000-05-15 13:30:00,8,1.0,1.7088306481178677,5.595490617762054,1.0,1,6,1,1
2000-05-15 14:30:00,8,-2.0,2.102819765531578,5.595490617762054,1.0,1,6,1,1
2000-05-15 15:30:00,8,-3.0,-1.5820612176746138,5.595490617762054,-2.0,1,6,1,1
2000-05-15 16:30:00,8,-4.0,-5.9480377332796195,5.595490617762054,-3.0,1,6,1,1
2000-05-15 17:30:00,8,-2.0,-3.8825523859429474,5.595490617762054,-4.0,1,6,1,1
2000-05-15 18:30:00,8,-5.0,-3.025904165935078,5.595490617762054,-2.0,1,6,1,1
2000-05-15 19:30:00,8,-4.0,-6.126413067543087,5.595490617762054,-5.0,1,6,1,1
2000-05-15 20:30:00,8,4.0,-1.2707232916925157,5.595490617762054,-4.0,1,6,1,1
2000-05-15 21:30:00,8,7.0,6.308934322066953,5.595490617762054,4.0,1,6,1,1
2000-05-15 22:30:00,8,2.0,1.6884893815824995,5.595490617762054,7.0,1,6,1,1
2000-05-15 23:30:00,8,1.0,2.2193791380633314,5.595490617762054,2.0,1,6,1,1
2000-05-16 00:30:00,8,3.0,1.9110846625465214,5.595490617762054,1.0,1,6,1,1
2000-05-16 01:30:00,8,2.0,0.30188014689620957,5.595490617762054,3.0,1,6,1,1
2000-05-16 02:30:00,8,-6.0,-4.459499085777654,5.595490617762054,2.0,1,6,1,1
2000-05-16 03:30:00,8,-22.0,-14.49921618056991,5.595490617762054,-6.0,1,6,1,1
2000-05-16 04:30:00,8,-31.0,-30.69736610442564,5.595490617762054,-22.0,1,6,1,1
2000-05-16 05:30:00,8,-8.0,-27.468496208044083,5.595490617762054,-31.0,1,6,1,1
2000-05-16 06:30:00,8,-5.0,-3.2274252027647563,5.595490617762054,-8.0,1,6,1,1
2000-05-16 07:30:00,8,2.0,-4.260163323777199,5.595490617762054,-5.0,1,6,1,1
2000-05-16 08:30:00,8,-3.0,-3.0553848891780966,5.595490617762054,2.0,1,6,1,1
2000-05-16 09:30:00,8,-10.0,-9.614421275587592,5.595490617762054,-3.0,1,6,1,1
2000-05-16 10:30:00,8,-9.0,-11.777800106289718,5.595490617762054,-10.0,1,6,1,1
2000-05-16 11:30:00,8,-14.0,-8.697031520639044,5.595490617762054,-9.0,1,6,1,1
2000-05-16 12:30:00,8,-10.0,-14.138404542985327,5.595490617762054,-14.0,1,6,1,1
2000-05-16 13:30:00,8,-1.0,-5.55959602707302,5.595490617762054,-10.0,1,6,1,1
2000-05-16 14:30:00,8,5.0,2.145027438326885,5.595490617762054,-1.0,1,6,1,1
2000-05-16 15:30:00,8,-2.0,5.754764559671031,5.595490617762054,5.0,1,6,1,1
2000-05-16 16:30:00,8,-6.0,-5.453687593005792,5.595490617762054,-2.0,1,6,1,1
2000-05-16 17:30:00,8,-14.0,-13.194545646667788,5.595490617762054,-6.0,1,6,1,1
2000-05-16 18:30:00,8,-12.0,-18.901955392520737,5.595490617762054,-14.0,1,6,1,1
2000-05-16 19:30:00,8,-3.0,-8.213323213517956,5.595490617762054,-12.0,1,6,1,1
2000-05-16 20:30:00,8,-4.0,-5.541198744604479,5.595490617762054,-3.0,1,6,1,1
2000-05-16 21:30:00,8,-9.0,-8.581148217507579,5.595490617762054,-4.0,1,6,1,1
2000-05-16 22:30:00,8,-13.0,-11.864207238834059,5.595490617762054,-9.0,1,6,1,1
2000-05-16 23:30:00,8,-12.0,-14.250518247036378,5.595490617762054,-13.0,1,6,1,1
2000-05-17 00:30:00,8,-5.0,-6.95976307101229,5.595490617762054,-12.0,1,6,1,1
2000-05-17 01:30:00,8,-30.0,-18.258826733951764,5.595490617762054,-5.0,1,6,1,1
2000-05-17 02:30:00,8,-63.0,-49.539139733133055,5.595490617762054,-30.0,1,6,1,1
2000-05-17 03:30:00,8,-82.0,-77.3565251055911,5.595490617762054,-63.0,1,6,1,1
2000-05-17 04:30:00,8,-87.0,-90.17142286444633,5.595490617762054,-82.0,1,6,1,1
2000-05-17 05:30:00,8,-91.0,-83.77899319681376,5.595490617762054,-87.0,1,6,1,1
2000-05-17 06:30:00,8,-73.0,-80.0003161205469,5.595490617762054,-91.0,1,6,1,1
2000-05-17 07:30:00,8,-69.0,-67.22974529580574,5.595490617762054,-73.0,1,6,1,1
2000-05-17 08:30:00,8,-66.0,-63.714466678954864,5.595490617762054,-69.0,1,6,1,1
2000-05-17 09:30:00,8,-60.0,-64.07911392913033,5.595490617762054,-66.0,1,6,1,1
2000-05-17 10:30:00,8,-51.0,-59.447726680204106,5.595490617762054,-60.0,1,6,1,1
2000-05-17 11:30:00,8,-45.0,-50.584777804621766,5.595490617762054,-51.0,1,6,1,1
2000-05-17 12:30:00,8,-47.0,-44.00396606507022,5.595490617762054,-45.0,1,6,1,1
2000-05-17 13:30:00,8,-46.0,-40.032004275568326,5.595490617762054,-47.0,1,6,1,1
2000-05-17 14:30:00,8,-47.0,-45.83311849228206,5.595490617762054,-46.0,1,6,1,1
2000-05-17 15:30:00,8,-50.0,-47.098035234915855,5.595490617762054,-47.0,1,6,1,1
2000-05-17 16:30:00,8,-49.0,-49.19591500526785,5.595490617762054,-50.0,1,6,1,1
2000-05-17 17:30:00,8,-48.0,-46.95188132274373,5.595490617762054,-49.0,1,6,1,1
2000-05-17 18:30:00,8,-45.0,-45.25375205583958,5.595490617762054,-48.0,1,6,1,1
2000-05-17 19:30:00,8,-43.0,-43.48773813689672,5.595490617762054,-45.0,1,6,1,1
2000-05-17 20:30:00,8,-43.0,-44.94753472957451,5.595490617762054,-43.0,1,6,1,1
2000-05-17 21:30:00,8,-38.0,-40.638070331584444,5.595490617762054,-43.0,1,6,1,1
2000-05-17 22:30:00,8,-28.0,-33.87644132696417,5.595490617762054,-38.0,1,6,1,1
2000-05-17 23:30:00,8,-23.0,-26.683177293340883,5.595490617762054,-28.0,1,6,1,1
2000-05-18 00:30:00,8,-24.0,-24.312090366448835,5.595490617762054,-23.0,1,6,1,1
2000-05-18 01:30:00,8,-27.0,-20.81296343454667,5.595490617762054,-24.0,1,6,1,1
2000-05-18 02:30:00,8,-33.0,-24.194426405780742,5.595490617762054,-27.0,1,6,1,1
2000-05-18 03:30:00,8,-35.0,-35.68474145201651,5.595490617762054,-33.0,1,6,1,1
2000-05-18 04:30:00,8,-33.0,-35.62992007698428,5.595490617762054,-35.0,1,6,1,1
2000-05-18 05:30:00,8,-26.0,-34.50404087627796,5.595490617762054,-33.0,1,6,1,1
2000-05-18 06:30:00,8,-26.0,-26.96032534263938,5.595490617762054,-26.0,1,6,1,1
2000-05-18 07:30:00,8,-32.0,-24.22559559527853,5.595490617762054,-26.0,1,6,1,1
2000-05-18 08:30:00,8,-30.0,-31.259354199696908,5.595490617762054,-32.0,1,6,1,1
2000-05-18 09:30:00,8,-28.0,-28.767066752129935,5.595490617762054,-30.0,1,6,1,1
2000-05-18 10:30:00,8,-25.0,-28.25040063082662,5.595490617762054,-28.0,1,6,1,1
2000-05-18 11:30:00,8,-21.0,-23.408778561689186,5.595490617762054,-25.0,1,6,1,1
2000-05-18 12:30:00,8,-20.0,-20.074704754740033,5.595490617762054,-21.0,1,6,1,1
2000-05-18 13:30:00,8,-19.0,-18.923837733076304,5.595490617762054,-20.0,1,6,1,1
2000-05-18 14:30:00,8,-13.0,-16.54478707286129,5.595490617762054,-19.0,1,6,1,1
2000-05-18 15:30:00,8,-10.0,-11.129834250833134,5.595490617762054,-13.0,1,6,1,1
2000-05-18 16:30:00,8,-9.0,-9.103060136565013,5.595490617762054,-10.0,1,6,1,1
2000-05-18 17:30:00,8,-10.0,-9.336101486478324,5.595490617762054,-9.0,1,6,1,1
2000-05-18 18:30:00,8,-10.0,-10.50655289563501,5.595490617762054,-10.0,1,6,1,1
2000-05-18 19:30:00,8,-8.0,-10.08426219285489,5.595490617762054,-10.0,1,6,1,1
2000-05-18 20:30:00,8,-8.0,-6.556397758784438,5.595490617762054,-8.0,1,6,1,1
2000-05-18 21:30:00,8,-7.0,-9.20896401797635,5.595490617762054,-8.0,1,6,1,1
2000-05-18 22:30:00,8,-9.0,-6.369759354072961,5.595490617762054,-7.0,1,6,1,1
2000-05-18 23:30:00,8,-9.0,-9.251039663750724,5.595490617762054,-9.0,1,6,1,1
2000-05-19 00:30:00,8,-9.0,-7.252915413024926,5.595490617762054,-9.0,1,6,1,1
2000-05-19 01:30:00,8,-9.0,-10.642488371652565,5.595490617762054,-9.0,1,6,1,1
2000-05-19 02:30:00,8,-11.0,-8.472699401451376,5.595490617762054,-9.0,1,6,1,1
2000-05-19 03:30:00,8,-12.0,-13.28570802829364,5.595490617762054,-11.0,1,6,1,1
2000-05-19 04:30:00,8,-8.0,-8.482954258853106,5.595490617762054,-12.0,1,6,1,1
2000-05-19 05:30:00,8,0.0,-7.020163156760901,5.595490617762054,-8.0,1,6,1,1
2000-05-19 06:30:00,8,-3.0,2.4618649726292006,5.595490617762054,0.0,1,6,1,1
2000-05-19 07:30:00,8,-7.0,-5.37922207687199,5.595490617762054,-3.0,1,6,1,1
2000-05-19 08:30:00,8,-10.0,-8.403462610612085,5.595490617762054,-7.0,1,6,1,1
2000-05-19 09:30:00,8,-11.0,-12.211759266126723,5.595490617762054,-10.0,1,6,1,1
2000-05-19 10:30:00,8,-9.0,-12.237031058995537,5.595490617762054,-11.0,1,6,1,1
2000-05-19 11:30:00,8,-3.0,-5.951459054184124,5.595490617762054,-9.0,1,6,1,1
2000-05-19 12:30:00,8,-3.0,-3.0078096350835004,5.595490617762054,-3.0,1,6,1,1
2000-05-19 13:30:00,8,-5.0,-4.630264655713933,5.595490617762054,-3.0,1,6,1,1
2000-05-19 14:30:00,8,-6.0,-9.69618925177572,5.595490617762054,-5.0,1,6,1,1
2000-05-19 15:30:00,8,-6.0,-4.5475998063146434,5.595490617762054,-6.0,1,6,1,1
2000-05-19 16:30:00,8,-8.0,-5.356829838856271,5.595490617762054,-6.0,1,6,1,1
2000-05-19 17:30:00,8,-8.0,-7.960507402728101,5.595490617762054,-8.0,1,6,1,1
2000-05-19 18:30:00,8,-8.0,-8.117970112141474,5.595490617762054,-8.0,1,6,1,1
2000-05-19 19:30:00,8,-7.0,-7.986812648484904,5.595490617762054,-8.0,1,6,1,1
2000-05-19 20:30:00,8,-5.0,-7.4413794327499865,5.595490617762054,-7.0,1,6,1,1
2000-05-19 21:30:00,8,-4.0,-6.020941688441702,5.595490617762054,-5.0,1,6,1,1
2000-05-19 22:30:00,8,-4.0,-7.040295001125138,5.595490617762054,-4.0,1,6,1,1
2000-05-19 23:30:00,8,-5.0,-4.468711384979606,5.595490617762054,-4.0,1,6,1,1
2000-05-20 00:30:00,8,-4.0,-5.307952525175928,5.595490617762054,-5.0,1,6,1,1
2000-05-20 01:30:00,8,-4.0,-4.3970958314355855,5.595490617762054,-4.0,1,6,1,1
2000-05-20 02:30:00,8,-6.0,-4.417521322105003,5.595490617762054,-4.0,1,6,1,1
2000-05-20 03:30:00,8,-9.0,-6.1692649411474285,5.595490617762054,-6.0,1,6,1,1
2000-05-20 04:30:00,8,-6.0,-10.083845624840567,5.595490617762054,-9.0,1,6,1,1
2000-05-20 05:30:00,8,-3.0,-6.7031048186477165,5.595490617762054,-6.0,1,6,1,1
2000-05-20 06:30:00,8,-4.0,-3.5574904787677255,5.595490617762054,-3.0,1,6,1,1
2000-05-20 07:30:00,8,-6.0,-4.726532840925152,5.595490617762054,-4.0,1,6,1,1
2000-05-20 08:30:00,8,-7.0,-5.763277299124507,5.595490617762054,-6.0,1,6,1,1
2000-05-20 09:30:00,8,-6.0,-7.872684394200661,5.595490617762054,-7.0,1,6,1,1
2000-05-20 10:30:00,8,-8.0,-6.974115318718816,5.595490617762054,-6.0,1,6,1,1
2000-05-20 11:30:00,8,-8.0,-9.163523959496143,5.595490617762054,-8.0,1,6,1,1
2000-05-20 12:30:00,8,-8.0,-8.320312903360062,5.595490617762054,-8.0,1,6,1,1
2000-05-20 13:30:00,8,-6.0,-8.221071833849916,5.595490617762054,-8.0,1,6,1,1
2000-05-20 14:30:00,8,-5.0,-6.477693720013118,5.595490617762054,-6.0,1,6,1,1
2000-05-20 15:30:00,8,-2.0,-5.762398636536922,5.595490617762054,-5.0,1,6,1,1
2000-05-20 16:30:00,8,-3.0,-1.7450121537684637,5.595490617762054,-2.0,1,6,1,1
2000-05-20 17:30:00,8,0.0,-3.7873017193240877,5.595490617762054,-3.0,1,6,1,1
2000-05-20 18:30:00,8,-1.0,-0.7649801300434049,5.595490617762054,0.0,1,6,1,1
2000-05-20 19:30:00,8,-3.0,-5.718356243416242,5.595490617762054,-1.0,1,6,1,1
2000-05-20 20:30:00,8,-3.0,-3.368876221398157,5.595490617762054,-3.0,1,6,1,1
2000-05-20 21:30:00,8,-5.0,-3.5179757019338496,5.595490617762054,-3.0,1,6,1,1
2000-05-20 22:30:00,8,-6.0,-5.69705436648719,5.595490617762054,-5.0,1,6,1,1
2000-05-20 23:30:00,8,-8.0,-7.471210710496859,5.595490617762054,-6.0,1,6,1,1
2000-05-21 00:30:00,8,-8.0,-9.390437434575833,5.595490617762054,-8.0,1,6,1,1
2000-05-21 01:30:00,8,-8.0,-8.963389206386253,5.595490617762054,-8.0,1,6,1,1
2000-05-21 02:30:00,8,-7.0,-9.174195384912192,5.595490617762054,-8.0,1,6,1,1
2000-05-21 03:30:00,8,-1.0,-3.756767056241557,5.595490617762054,-7.0,1,6,1,1
2000-05-21 04:30:00,8,2.0,-1.5895161917013958,5.595490617762054,-1.0,1,6,1,1
2000-05-21 05:30:00,8,-2.0,-1.4366380067735065,5.595490617762054,2.0,1,6,1,1
2000-05-21 06:30:00,8,-4.0,-4.008904521303169,5.595490617762054,-2.0,1,6,1,1
2000-05-21 07:30:00,8,-4.0,-2.4429525129758964,5.595490617762054,-4.0,1,6,1,1
2000-05-21 08:30:00,8,-4.0,-2.7506073403395703,5.595490617762054,-4.0,1,6,1,1
2000-05-21 09:30:00,8,-8.0,-6.577085027167772,5.595490617762054,-4.0,1,6,1,1
2000-05-21 10:30:00,8,-6.0,-5.881170599833268,5.595490617762054,-8.0,1,6,1,1
2000-05-21 11:30:00,8,-2.0,-6.01981718243583,5.595490617762054,-6.0,1,6,1,1
2000-05-21 12:30:00,8,1.0,-0.8997432971681967,5.595490617762054,-2.0,1,6,1,1
2000-05-21 13:30:00,8,1.0,2.976697511771121,5.595490617762054,1.0,1,6,1,1
2000-05-21 14:30:00,8,1.0,-0.08425791542791217,5.595490617762054,1.0,1,6,1,1
2000-05-21 15:30:00,8,1.0,0.16453562387939513,5.595490617762054,1.0,1,6,1,1
2000-05-21 16:30:00,8,-2.0,0.8944811540231896,5.595490617762054,1.0,1,6,1,1
2000-05-21 17:30:00,8,-2.0,-0.06860133180769168,5.595490617762054,-2.0,1,6,1,1
2000-05-21 18:30:00,8,0.0,-2.3188197973641067,5.595490617762054,-2.0,1,6,1,1
2000-05-21 19:30:00,8,1.0,0.07307276696452902,5.595490617762054,0.0,1,6,1,1
2000-05-21 20:30:00,8,3.0,0.6025398184784194,5.595490617762054,1.0,1,6,1,1
2000-05-21 21:30:00,8,4.0,2.1667481595982068,5.595490617762054,3.0,1,6,1,1
2000-05-21 22:30:00,8,3.0,2.7474576295294852,5.595490617762054,4.0,1,6,1,1
2000-05-21 23:30:00,8,5.0,1.7629457924045084,5.595490617762054,3.0,1,6,1,1
2000-05-22 00:30:00,8,9.0,7.295089667969741,5.595490617762054,5.0,1,6,1,1
2000-05-22 01:30:00,8,8.0,9.84601105533936,5.595490617762054,9.0,1,6,1,1
2000-05-22 02:30:00,8,8.0,7.368023215395141,5.595490617762054,8.0,1,6,1,1
2000-05-22 03:30:00,8,9.0,5.475868859591145,5.595490617762054,8.0,1,6,1,1
2000-05-22 04:30:00,8,8.0,2.6903081400893427,5.595490617762054,9.0,1,6,1,1
2000-05-22 05:30:00,8,8.0,6.007134210183246,5.595490617762054,8.0,1,6,1,1
2000-05-22 06:30:00,8,8.0,6.117481483747341,5.595490617762054,8.0,1,6,1,1
2000-05-22 07:30:00,8,6.0,6.712117528059039,5.595490617762054,8.0,1,6,1,1
2000-05-22 08:30:00,8,4.0,4.046840253610469,5.595490617762054,6.0,1,6,1,1
2000-05-22 09:30:00,8,4.0,2.053405238455717,5.595490617762054,4.0,1,6,1,1
2000-05-22 10:30:00,8,-1.0,-3.5450344122411437,5.595490617762054,4.0,1,6,1,1
2000-05-22 11:30:00,8,-5.0,-5.513985243996782,5.595490617762054,-1.0,1,6,1,1
2000-05-22 12:30:00,8,-6.0,-8.376938837372364,5.595490617762054,-5.0,1,6,1,1
2000-05-22 13:30:00,8,-6.0,-7.4204713605557835,5.595490617762054,-6.0,1,6,1,1
2000-05-22 14:30:00,8,-5.0,-2.862179278339209,5.595490617762054,-6.0,1,6,1,1
2000-05-22 15:30:00,8,-4.0,-4.69649669366304,5.595490617762054,-5.0,1,6,1,1
2000-05-22 16:30:00,8,-8.0,-4.851462271318432,5.595490617762054,-4.0,1,6,1,1
2000-05-22 17:30:00,8,-9.0,-7.802955916524795,5.595490617762054,-8.0,1,6,1,1
2000-05-22 18:30:00,8,-9.0,-8.836534002549719,5.595490617762054,-9.0,1,6,1,1
2000-05-22 19:30:00,8,-2.0,-4.361305127123181,5.595490617762054,-9.0,1,6,1,1
2000-05-22 20:30:00,8,1.0,-2.8609864824949227,5.595490617762054,-2.0,1,6,1,1
2000-05-22 21:30:00,8,6.0,1.678277774411761,5.595490617762054,1.0,1,6,1,1
2000-05-22 22:30:00,8,10.0,4.971958141939453,5.595490617762054,6.0,1,6,1,1
2000-05-22 23:30:00,8,11.0,5.656902944896835,5.595490617762054,10.0,1,6,1,1
2000-05-23 00:30:00,8,8.0,7.759501543083182,5.595490617762054,11.0,1,6,1,1
2000-05-23 01:30:00,8,8.0,5.644346719940579,5.595490617762054,8.0,1,6,1,1
2000-05-23 02:30:00,8,6.0,6.535934297608634,5.595490617762054,8.0,1,6,1,1
2000-05-23 03:30:00,8,5.0,2.636261285641119,5.595490617762054,6.0,1,6,1,1
2000-05-23 04:30:00,8,10.0,4.237255086386199,5.595490617762054,5.0,1,6,1,1
2000-05-23 05:30:00,8,6.0,3.5348371901068063,5.595490617762054,10.0,1,6,1,1
2000-05-23 06:30:00,8,8.0,7.633165342018593,5.595490617762054,6.0,1,6,1,1
2000-05-23 07:30:00,8,5.0,7.49502865687618,5.595490617762054,8.0,1,6,1,1
2000-05-23 08:30:00,8,-1.0,2.8988152273887025,5.595490617762054,5.0,1,6,1,1
2000-05-23 09:30:00,8,-1.0,-7.726500889765219,5.595490617762054,-1.0,1,6,1,1
2000-05-23 10:30:00,8,12.0,-1.069147622992105,5.595490617762054,-1.0,1,6,1,1
2000-05-23 11:30:00,8,14.0,11.714894510540056,5.595490617762054,12.0,1,6,1,1
2000-05-23 12:30:00,8,17.0,10.70627180779929,5.595490617762054,14.0,1,6,1,1
2000-05-23 13:30:00,8,15.0,12.832817375989237,5.595490617762054,17.0,1,6,1,1
2000-05-23 14:30:00,8,15.0,10.013266527581195,5.595490617762054,15.0,1,6,1,1
2000-05-23 15:30:00,8,17.0,12.043354975340307,5.595490617762054,15.0,1,6,1,1
2000-05-23 16:30:00,8,13.0,14.60580368743409,5.595490617762054,17.0,1,6,1,1
2000-05-23 17:30:00,8,22.0,10.446734000581628,5.595490617762054,13.0,1,6,1,1
2000-05-23 18:30:00,8,29.0,20.723339439517808,5.595490617762054,22.0,1,6,1,1
2000-05-23 19:30:00,8,36.0,27.460036393215375,5.595490617762054,29.0,1,6,1,1
2000-05-23 20:30:00,8,20.0,14.238049249610825,5.595490617762054,36.0,1,6,1,1
2000-05-23 21:30:00,8,28.0,23.066076978156552,5.595490617762054,20.0,1,6,1,1
2000-05-23 22:30:00,8,20.0,17.540837205254903,5.595490617762054,28.0,1,6,1,1
2000-05-23 23:30:00,8,15.0,7.84521894825955,5.595490617762054,20.0,1,6,1,1
2000-05-24 00:30:00,8,5.0,2.871995531515857,5.595490617762054,15.0,1,6,1,1
2000-05-24 01:30:00,8,17.0,13.691202434220749,5.595490617762054,5.0,1,6,1,1
2000-05-24 02:30:00,8,-13.0,18.63891504366118,5.595490617762054,17.0,1,6,1,1
2000-05-24 03:30:00,8,-105.0,-74.47370144556521,5.595490617762054,-13.0,1,6,1,1
2000-05-24 04:30:00,8,-128.0,-142.34392156508795,5.595490617762054,-105.0,1,6,1,1
2000-05-24 05:30:00,8,-129.0,-118.60610967858545,5.595490617762054,-128.0,1,6,1,1
2000-05-24 06:30:00,8,-121.0,-114.31712540313553,5.595490617762054,-129.0,1,6,1,1
2000-05-24 07:30:00,8,-129.0,-126.58543129533076,5.595490617762054,-121.0,1,6,1,1
2000-05-24 08:30:00,8,-147.0,-143.5853670902591,5.595490617762054,-129.0,1,6,1,1
2000-05-24 09:30:00,8,-141.0,-148.77348269419377,5.595490617762054,-147.0,1,6,1,1
2000-05-24 10:30:00,8,-110.0,-136.9027966624879,5.595490617762054,-141.0,1,6,1,1
2000-05-24 11:30:00,8,-102.0,-104.10911027790166,5.595490617762054,-110.0,1,6,1,1
2000-05-24 12:30:00,8,-109.0,-96.50892929137106,5.595490617762054,-102.0,1,6,1,1
2000-05-24 13:30:00,8,-102.0,-106.38114507050318,5.595490617762054,-109.0,1,6,1,1
2000-05-24 14:30:00,8,-95.0,-98.30646352339754,5.595490617762054,-102.0,1,6,1,1
2000-05-24 15:30:00,8,-95.0,-89.16684292013964,5.595490617762054,-95.0,1,6,1,1
2000-05-24 16:30:00,8,-93.0,-95.35681142750039,5.595490617762054,-95.0,1,6,1,1
2000-05-24 17:30:00,8,-94.0,-94.58803629523479,5.595490617762054,-93.0,1,6,1,1
2000-05-24 18:30:00,8,-97.0,-97.1336174172405,5.595490617762054,-94.0,1,6,1,1
2000-05-24 19:30:00,8,-87.0,-97.07464231278678,5.595490617762054,-97.0,1,6,1,1
2000-05-24 20:30:00,8,-71.0,-83.28480695215211,5.595490617762054,-87.0,1,6,1,1
2000-05-24 21:30:00,8,-67.0,-67.46784237008958,5.595490617762054,-71.0,1,6,1,1
2000-05-24 22:30:00,8,-68.0,-65.75371507037315,5.595490617762054,-67.0,1,6,1,1
2000-05-24 23:30:00,8,-69.0,-66.37017882336968,5.595490617762054,-68.0,1,6,1,1
2000-05-25 00:30:00,8,-67.0,-67.93865300306234,5.595490617762054,-69.0,1,6,1,1
2000-05-25 01:30:00,8,-72.0,-67.2901135129631,5.595490617762054,-67.0,1,6,1,1
2000-05-25 02:30:00,8,-70.0,-72.6964219796121,5.595490617762054,-72.0,1,6,1,1
2000-05-25 03:30:00,8,-59.0,-68.20842973338611,5.595490617762054,-70.0,1,6,1,1
2000-05-25 04:30:00,8,-59.0,-56.688211705073144,5.595490617762054,-59.0,1,6,1,1
2000-05-25 05:30:00,8,-56.0,-58.737321149158305,5.595490617762054,-59.0,1,6,1,1
2000-05-25 06:30:00,8,-58.0,-54.38198419037809,5.595490617762054,-56.0,1,6,1,1
2000-05-25 07:30:00,8,-61.0,-57.785139997866125,5.595490617762054,-58.0,1,6,1,1
2000-05-25 08:30:00,8,-65.0,-61.09408997326303,5.595490617762054,-61.0,1,6,1,1
2000-05-25 09:30:00,8,-67.0,-65.03392196287346,5.595490617762054,-65.0,1,6,1,1
2000-05-25 10:30:00,8,-62.0,-66.55258325809953,5.595490617762054,-67.0,1,6,1,1
2000-05-25 11:30:00,8,-63.0,-59.25829522110153,5.595490617762054,-62.0,1,6,1,1
2000-05-25 12:30:00,8,-63.0,-61.953925052396855,5.595490617762054,-63.0,1,6,1,1
2000-05-25 13:30:00,8,-57.0,-61.16061793384526,5.595490617762054,-63.0,1,6,1,1
2000-05-25 14:30:00,8,-53.0,-53.961701208847316,5.595490617762054,-57.0,1,6,1,1
2000-05-25 15:30:00,8,-54.0,-51.49307590574956,5.595490617762054,-53.0,1,6,1,1
2000-05-25 16:30:00,8,-57.0,-54.13666660384602,5.595490617762054,-54.0,1,6,1,1
2000-05-25 17:30:00,8,-61.0,-57.08978327087867,5.595490617762054,-57.0,1,6,1,1
2000-05-25 18:30:00,8,-63.0,-60.50472590447684,5.595490617762054,-61.0,1,6,1,1
2000-05-25 19:30:00,8,-58.0,-60.33384424181526,5.595490617762054,-63.0,1,6,1,1
2000-05-25 20:30:00,8,-53.0,-54.80867958773587,5.595490617762054,-58.0,1,6,1,1
2000-05-25 21:30:00,8,-47.0,-50.81823799887735,5.595490617762054,-53.0,1,6,1,1
2000-05-25 22:30:00,8,-42.0,-45.54887569785441,5.595490617762054,-47.0,1,6,1,1
2000-05-25 23:30:00,8,-39.0,-41.03947003462997,5.595490617762054,-42.0,1,6,1,1
2000-05-26 00:30:00,8,-39.0,-38.70126238860597,5.595490617762054,-39.0,1,6,1,1
2000-05-26 01:30:00,8,-42.0,-38.92681917222918,5.595490617762054,-39.0,1,6,1,1
2000-05-26 02:30:00,8,-44.0,-41.69628056232504,5.595490617762054,-42.0,1,6,1,1
2000-05-26 03:30:00,8,-46.0,-43.41098718750402,5.595490617762054,-44.0,1,6,1,1
2000-05-26 04:30:00,8,-39.0,-45.63753639506639,5.595490617762054,-46.0,1,6,1,1
2000-05-26 05:30:00,8,-37.0,-35.64858795793753,5.595490617762054,-39.0,1,6,1,1
2000-05-26 06:30:00,8,-36.0,-34.818464080251374,5.595490617762054,-37.0,1,6,1,1
2000-05-26 07:30:00,8,-37.0,-36.23582422917516,5.595490617762054,-36.0,1,6,1,1
2000-05-26 08:30:00,8,-39.0,-37.78602262540347,5.595490617762054,-37.0,1,6,1,1
2000-05-26 09:30:00,8,-27.0,-38.369267924667824,5.595490617762054,-39.0,1,6,1,1
2000-05-26 10:30:00,8,-29.0,-24.604278114493884,5.595490617762054,-27.0,1,6,1,1
2000-05-26 11:30:00,8,-30.0,-30.574838484557556,5.595490617762054,-29.0,1,6,1,1
2000-05-26 12:30:00,8,-32.0,-30.92497983489006,5.595490617762054,-30.0,1,6,1,1
2000-05-26 13:30:00,8,-36.0,-32.769920730472556,5.595490617762054,-32.0,1,6,1,1
2000-05-26 14:30:00,8,-43.0,-36.51049705637217,5.595490617762054,-36.0,1,6,1,1
2000-05-26 15:30:00,8,-48.0,-43.450968611567056,5.595490617762054,-43.0,1,6,1,1
2000-05-26 16:30:00,8,-49.0,-46.79396562406888,5.595490617762054,-48.0,1,6,1,1
2000-05-26 17:30:00,8,-36.0,-48.68507514534515,5.595490617762054,-49.0,1,6,1,1
2000-05-26 18:30:00,8,-35.0,-28.97768826355117,5.595490617762054,-36.0,1,6,1,1
2000-05-26 19:30:00,8,-28.0,-32.03892053135296,5.595490617762054,-35.0,1,6,1,1
2000-05-26 20:30:00,8,-19.0,-25.026981401714416,5.595490617762054,-28.0,1,6,1,1
2000-05-26 21:30:00,8,-16.0,-17.701006879692645,5.595490617762054,-19.0,1,6,1,1
2000-05-26 22:30:00,8,-13.0,-14.811415696679987,5.595490617762054,-16.0,1,6,1,1
2000-05-26 23:30:00,8,-13.0,-10.908877925991032,5.595490617762054,-13.0,1,6,1,1
2000-05-27 00:30:00,8,-21.0,-11.313929997227689,5.595490617762054,-13.0,1,6,1,1
2000-05-27 01:30:00,8,-21.0,-24.89632131571429,5.595490617762054,-21.0,1,6,1,1
2000-05-27 02:30:00,8,-19.0,-17.890288101150716,5.595490617762054,-21.0,1,6,1,1
2000-05-27 03:30:00,8,-22.0,-15.863043925161517,5.595490617762054,-19.0,1,6,1,1
2000-05-27 04:30:00,8,-20.0,-24.687289534823122,5.595490617762054,-22.0,1,6,1,1
2000-05-27 05:30:00,8,-15.0,-19.555168183895407,5.595490617762054,-20.0,1,6,1,1
2000-05-27 06:30:00,8,-14.0,-14.11323973753003,5.595490617762054,-15.0,1,6,1,1
2000-05-27 07:30:00,8,-15.0,-14.173193663001005,5.595490617762054,-14.0,1,6,1,1
2000-05-27 08:30:00,8,-21.0,-16.397248015133343,5.595490617762054,-15.0,1,6,1,1
2000-05-27 09:30:00,8,-26.0,-24.867822827980447,5.595490617762054,-21.0,1,6,1,1
2000-05-27 10:30:00,8,-28.0,-27.08066114323539,5.595490617762054,-26.0,1,6,1,1
2000-05-27 11:30:00,8,-27.0,-27.0116093040418,5.595490617762054,-28.0,1,6,1,1
2000-05-27 12:30:00,8,-17.0,-22.851577868631686,5.595490617762054,-27.0,1,6,1,1
2000-05-27 13:30:00,8,-14.0,-18.90903135794433,5.595490617762054,-17.0,1,6,1,1
2000-05-27 14:30:00,8,-18.0,-13.180459729331073,5.595490617762054,-14.0,1,6,1,1
2000-05-27 15:30:00,8,-21.0,-17.328930833261794,5.595490617762054,-18.0,1,6,1,1
2000-05-27 16:30:00,8,-25.0,-26.939822456819762,5.595490617762054,-21.0,1,6,1,1
2000-05-27 17:30:00,8,-28.0,-25.979802770241715,5.595490617762054,-25.0,1,6,1,1
2000-05-27 18:30:00,8,-23.0,-23.810356956478557,5.595490617762054,-28.0,1,6,1,1
2000-05-27 19:30:00,8,-21.0,-23.33179542684588,5.595490617762054,-23.0,1,6,1,1
2000-05-27 20:30:00,8,-25.0,-22.17693572596292,5.595490617762054,-21.0,1,6,1,1
2000-05-27 21:30:00,8,-29.0,-30.80095510258526,5.595490617762054,-25.0,1,6,1,1
2000-05-27 22:30:00,8,-24.0,-19.827788047825116,5.595490617762054,-29.0,1,6,1,1
2000-05-27 23:30:00,8,-21.0,-21.881318120783565,5.595490617762054,-24.0,1,6,1,1
2000-05-28 00:30:00,8,-22.0,-22.28578745206576,5.595490617762054,-21.0,1,6,1,1
2000-05-28 01:30:00,8,-27.0,-19.471884173294505,5.595490617762054,-22.0,1,6,1,1
2000-05-28 02:30:00,8,-27.0,-26.59132120077315,5.595490617762054,-27.0,1,6,1,1
2000-05-28 03:30:00,8,-27.0,-25.036320037117434,5.595490617762054,-27.0,1,6,1,1
2000-05-28 04:30:00,8,-19.0,-27.775785115690258,5.595490617762054,-27.0,1,6,1,1
2000-05-28 05:30:00,8,-15.0,-18.65483040159866,5.595490617762054,-19.0,1,6,1,1
2000-05-28 06:30:00,8,-17.0,-15.023972371397253,5.595490617762054,-15.0,1,6,1,1
2000-05-28 07:30:00,8,-17.0,-17.411973553100303,5.595490617762054,-17.0,1,6,1,1
2000-05-28 08:30:00,8,-20.0,-16.93351901088114,5.595490617762054,-17.0,1,6,1,1
2000-05-28 09:30:00,8,-18.0,-17.40522196440918,5.595490617762054,-20.0,1,6,1,1
2000-05-28 10:30:00,8,-14.0,-18.772593951614436,5.595490617762054,-18.0,1,6,1,1
2000-05-28 11:30:00,8,-19.0,-16.876072460643908,5.595490617762054,-14.0,1,6,1,1
2000-05-28 12:30:00,8,-14.0,-21.317343075755463,5.595490617762054,-19.0,1,6,1,1
2000-05-28 13:30:00,8,-17.0,-13.536950896472039,5.595490617762054,-14.0,1,6,1,1
2000-05-28 14:30:00,8,-16.0,-14.744910499377227,5.595490617762054,-17.0,1,6,1,1
2000-05-28 15:30:00,8,-14.0,-13.792111325047415,5.595490617762054,-16.0,1,6,1,1
2000-05-28 16:30:00,8,-13.0,-17.060798749879815,5.595490617762054,-14.0,1,6,1,1
2000-05-28 17:30:00,8,-17.0,-13.919165707579317,5.595490617762054,-13.0,1,6,1,1
2000-05-28 18:30:00,8,-24.0,-22.753877873141732,5.595490617762054,-17.0,1,6,1,1
2000-05-28 19:30:00,8,-29.0,-28.620706832278593,5.595490617762054,-24.0,1,6,1,1
2000-05-28 20:30:00,8,-30.0,-32.25082347313791,5.595490617762054,-29.0,1,6,1,1
2000-05-28 21:30:00,8,-38.0,-28.58325725397473,5.595490617762054,-30.0,1,6,1,1
2000-05-28 22:30:00,8,-28.0,-37.514921072214484,5.595490617762054,-38.0,1,6,1,1
2000-05-28 23:30:00,8,-24.0,-25.10683270977108,5.595490617762054,-28.0,1,6,1,1
2000-05-29 00:30:00,8,-24.0,-22.5460366117669,5.595490617762054,-24.0,1,6,1,1
2000-05-29 01:30:00,8,-21.0,-23.127213867091314,5.595490617762054,-24.0,1,6,1,1
2000-05-29 02:30:00,8,-22.0,-20.16299782498855,5.595490617762054,-21.0,1,6,1,1
2000-05-29 03:30:00,8,-23.0,-25.016864831235473,5.595490617762054,-22.0,1,6,1,1
2000-05-29 04:30:00,8,-24.0,-25.23084022734578,5.595490617762054,-23.0,1,6,1,1
2000-05-29 05:30:00,8,-22.0,-25.52111529083327,5.595490617762054,-24.0,1,6,1,1
2000-05-29 06:30:00,8,-24.0,-23.357408099824774,5.595490617762054,-22.0,1,6,1,1
2000-05-29 07:30:00,8,-27.0,-26.619915863362756,5.595490617762054,-24.0,1,6,1,1
2000-05-29 08:30:00,8,-28.0,-25.11476172909285,5.595490617762054,-27.0,1,6,1,1
2000-05-29 09:30:00,8,-21.0,-23.581883627673108,5.595490617762054,-28.0,1,6,1,1
2000-05-29 10:30:00,8,-18.0,-17.813192288074028,5.595490617762054,-21.0,1,6,1,1
2000-05-29 11:30:00,8,-12.0,-17.188435872366178,5.595490617762054,-18.0,1,6,1,1
2000-05-29 12:30:00,8,-5.0,-9.648714156110799,5.595490617762054,-12.0,1,6,1,1
2000-05-29 13:30:00,8,-4.0,-5.418163219063196,5.595490617762054,-5.0,1,6,1,1
2000-05-29 14:30:00,8,-2.0,-4.873929628156404,5.595490617762054,-4.0,1,6,1,1
2000-05-29 15:30:00,8,-2.0,-7.370688068352493,5.595490617762054,-2.0,1,6,1,1
2000-05-29 16:30:00,8,-1.0,-0.2656357262536204,5.595490617762054,-2.0,1,6,1,1
2000-05-29 17:30:00,8,-14.0,-12.64807214906104,5.595490617762054,-1.0,1,6,1,1
2000-05-29 18:30:00,8,-27.0,-22.392667878166407,5.595490617762054,-14.0,1,6,1,1
2000-05-29 19:30:00,8,-35.0,-8.084844987855131,5.595490617762054,-27.0,1,6,1,1
2000-05-29 20:30:00,8,-45.0,-57.82322068809333,5.595490617762054,-35.0,1,6,1,1
2000-05-29 21:30:00,8,-53.0,-48.37604541590143,5.595490617762054,-45.0,1,6,1,1
2000-05-29 22:30:00,8,-45.0,-54.75482622116314,5.595490617762054,-53.0,1,6,1,1
2000-05-29 23:30:00,8,-41.0,-43.27455888648592,5.595490617762054,-45.0,1,6,1,1
2000-05-30 00:30:00,8,-33.0,-35.584793582678785,5.595490617762054,-41.0,1,6,1,1
2000-05-30 01:30:00,8,-32.0,-34.037993744075514,5.595490617762054,-33.0,1,6,1,1
2000-05-30 02:30:00,8,-38.0,-33.45257583205614,5.595490617762054,-32.0,1,6,1,1
2000-05-30 03:30:00,8,-40.0,-38.166350360642596,5.595490617762054,-38.0,1,6,1,1
2000-05-30 04:30:00,8,-37.0,-41.23579023118249,5.595490617762054,-40.0,1,6,1,1
2000-05-30 05:30:00,8,-36.0,-36.27090386554509,5.595490617762054,-37.0,1,6,1,1
2000-05-30 06:30:00,8,-40.0,-36.09374010683147,5.595490617762054,-36.0,1,6,1,1
2000-05-30 07:30:00,8,-40.0,-44.47870791640764,5.595490617762054,-40.0,1,6,1,1
2000-05-30 08:30:00,8,-30.0,-37.25463435310222,5.595490617762054,-40.0,1,6,1,1
2000-05-30 09:30:00,8,-24.0,-28.274191672365838,5.595490617762054,-30.0,1,6,1,1
2000-05-30 10:30:00,8,-29.0,-24.16066561691517,5.595490617762054,-24.0,1,6,1,1
2000-05-30 11:30:00,8,-28.0,-28.45997816134311,5.595490617762054,-29.0,1,6,1,1
2000-05-30 12:30:00,8,-25.0,-29.528030095963036,5.595490617762054,-28.0,1,6,1,1
2000-05-30 13:30:00,8,-23.0,-26.667126335903827,5.595490617762054,-25.0,1,6,1,1
2000-05-30 14:30:00,8,-26.0,-24.242932108923718,5.595490617762054,-23.0,1,6,1,1
2000-05-30 15:30:00,8,-20.0,-25.08058038863905,5.595490617762054,-26.0,1,6,1,1
2000-05-30 16:30:00,8,-23.0,-21.707245046340134,5.595490617762054,-20.0,1,6,1,1
2000-05-30 17:30:00,8,-23.0,-25.35045898463845,5.595490617762054,-23.0,1,6,1,1
2000-05-30 18:30:00,8,-24.0,-21.237192430573756,5.595490617762054,-23.0,1,6,1,1
2000-05-30 19:30:00,8,-24.0,-23.580054029085616,5.595490617762054,-24.0,1,6,1,1
2000-05-30 20:30:00,8,-27.0,-27.687915442439902,5.595490617762054,-24.0,1,6,1,1
2000-05-30 21:30:00,8,-30.0,-30.452042542532705,5.595490617762054,-27.0,1,6,1,1
2000-05-30 22:30:00,8,-24.0,-31.83893062739251,5.595490617762054,-30.0,1,6,1,1
2000-05-30 23:30:00,8,-24.0,-23.83668098194092,5.595490617762054,-24.0,1,6,1,1
2000-05-31 00:30:00,8,-20.0,-21.204474768989947,5.595490617762054,-24.0,1,6,1,1
2000-05-31 01:30:00,8,-19.0,-19.050872766820657,5.595490617762054,-20.0,1,6,1,1
2000-05-31 02:30:00,8,-21.0,-19.12246669524918,5.595490617762054,-19.0,1,6,1,1
2000-05-31 03:30:00,8,-26.0,-25.29867081659574,5.595490617762054,-21.0,1,6,1,1
2000-05-31 04:30:00,8,-26.0,-29.772882457970915,5.595490617762054,-26.0,1,6,1,1
2000-05-31 05:30:00,8,-24.0,-26.539744731229526,5.595490617762054,-26.0,1,6,1,1
2000-05-31 06:30:00,8,-22.0,-22.13414076055726,5.595490617762054,-24.0,1,6,1,1
2000-05-31 07:30:00,8,-23.0,-21.259642714952125,5.595490617762054,-22.0,1,6,1,1
2000-05-31 08:30:00,8,-24.0,-24.01775774839562,5.595490617762054,-23.0,1,6,1,1
2000-05-31 09:30:00,8,-22.0,-23.39950195622273,5.595490617762054,-24.0,1,6,1,1
2000-05-31 10:30:00,8,-20.0,-21.45604884288465,5.595490617762054,-22.0,1,6,1,1
2000-05-31 11:30:00,8,-20.0,-18.039022231050893,5.595490617762054,-20.0,1,6,1,1
2000-05-31 12:30:00,8,-19.0,-21.053087578867412,5.595490617762054,-20.0,1,6,1,1
2000-05-31 13:30:00,8,-16.0,-17.13539174037865,5.595490617762054,-19.0,1,6,1,1
2000-05-31 14:30:00,8,-16.0,-16.60570957587376,5.595490617762054,-16.0,1,6,1,1
2000-05-31 15:30:00,8,-15.0,-16.2447465624807,5.595490617762054,-16.0,1,6,1,1
2000-05-31 16:30:00,8,-16.0,-14.701094600887284,5.595490617762054,-15.0,1,6,1,1
2000-05-31 17:30:00,8,-18.0,-15.503417116273408,5.595490617762054,-16.0,1,6,1,1
2000-05-31 18:30:00,8,-18.0,-19.869931983437905,5.595490617762054,-18.0,1,6,1,1
2000-05-31 19:30:00,8,-16.0,-18.904541301068654,5.595490617762054,-18.0,1,6,1,1
2000-05-31 20:30:00,8,-13.0,-16.255326934778864,5.595490617762054,-16.0,1,6,1,1
2000-05-31 21:30:00,8,-13.0,-14.07344952501455,5.595490617762054,-13.0,1,6,1,1
2000-05-31 22:30:00,8,-10.0,-11.275387212427226,5.595490617762054,-13.0,1,6,1,1
2000-05-31 23:30:00,8,-10.0,-12.022901441666814,5.595490617762054,-10.0,1,6,1,1
2000-06-01 00:30:00,8,-14.0,-12.34719622632386,5.595490617762054,-10.0,1,6,1,1
2000-06-01 01:30:00,8,-11.0,-12.948793281497817,5.595490617762054,-14.0,1,6,1,1
2000-06-01 02:30:00,8,-10.0,-13.966583895045563,5.595490617762054,-11.0,1,6,1,1
2000-06-01 03:30:00,8,-14.0,-12.497766214713383,5.595490617762054,-10.0,1,6,1,1
2000-06-01 04:30:00,8,-12.0,-17.69954889164252,5.595490617762054,-14.0,1,6,1,1
2000-06-01 05:30:00,8,-16.0,-11.127248342285217,5.595490617762054,-12.0,1,6,1,1
2000-06-01 06:30:00,8,-17.0,-15.327162181492671,5.595490617762054,-16.0,1,6,1,1
2000-06-01 07:30:00,8,-18.0,-15.210366070854416,5.595490617762054,-17.0,1,6,1,1
2000-06-01 08:30:00,8,-23.0,-17.669637942417502,5.595490617762054,-18.0,1,6,1,1
2000-06-01 09:30:00,8,-18.0,-22.739193281554925,5.595490617762054,-23.0,1,6,1,1
2000-06-01 10:30:00,8,-16.0,-17.23799153177476,5.595490617762054,-18.0,1,6,1,1
2000-06-01 11:30:00,8,-18.0,-15.728226126165996,5.595490617762054,-16.0,1,6,1,1
2000-06-01 12:30:00,8,-19.0,-20.036379359258518,5.595490617762054,-18.0,1,6,1,1
2000-06-01 13:30:00,8,-18.0,-19.29202581137349,5.595490617762054,-19.0,1,6,1,1
2000-06-01 14:30:00,8,-14.0,-19.497671554443336,5.595490617762054,-18.0,1,6,1,1
2000-06-01 15:30:00,8,-12.0,-12.234385965920993,5.595490617762054,-14.0,1,6,1,1
2000-06-01 16:30:00,8,-15.0,-12.060321996789352,5.595490617762054,-12.0,1,6,1,1
2000-06-01 17:30:00,8,-14.0,-14.594779842281497,5.595490617762054,-15.0,1,6,1,1
2000-06-01 18:30:00,8,-12.0,-12.815045356637437,5.595490617762054,-14.0,1,6,1,1
2000-06-01 19:30:00,8,-10.0,-10.771462836807856,5.595490617762054,-12.0,1,6,1,1
2000-06-01 20:30:00,8,-8.0,-10.846449632041544,5.595490617762054,-10.0,1,6,1,1
2000-06-01 21:30:00,8,-4.0,-8.139718149348159,5.595490617762054,-8.0,1,6,1,1
2000-06-01 22:30:00,8,-5.0,-5.69256544777549,5.595490617762054,-4.0,1,6,1,1
2000-06-01 23:30:00,8,-5.0,-6.355427593317959,5.595490617762054,-5.0,1,6,1,1
2000-06-02 00:30:00,8,-6.0,-3.6694038659594312,5.595490617762054,-5.0,1,6,1,1
2000-06-02 01:30:00,8,-10.0,-9.549111150457065,5.595490617762054,-6.0,1,6,1,1
2000-06-02 02:30:00,8,-10.0,-11.826864078861721,5.595490617762054,-10.0,1,6,1,1
2000-06-02 03:30:00,8,-5.0,-8.065484818664963,5.595490617762054,-10.0,1,6,1,1
2000-06-02 04:30:00,8,-2.0,-5.834806352206538,5.595490617762054,-5.0,1,6,1,1
2000-06-02 05:30:00,8,-2.0,-2.490714425962153,5.595490617762054,-2.0,1,6,1,1
2000-06-02 06:30:00,8,-7.0,-2.986357520509941,5.595490617762054,-2.0,1,6,1,1
2000-06-02 07:30:00,8,-10.0,-11.82525016234722,5.595490617762054,-7.0,1,6,1,1
2000-06-02 08:30:00,8,-13.0,-5.590631482303916,5.595490617762054,-10.0,1,6,1,1
2000-06-02 09:30:00,8,-10.0,-12.736225225140814,5.595490617762054,-13.0,1,6,1,1
2000-06-02 10:30:00,8,-8.0,-7.208144594961173,5.595490617762054,-10.0,1,6,1,1
2000-06-02 11:30:00,8,-7.0,-8.11885332738495,5.595490617762054,-8.0,1,6,1,1
2000-06-02 12:30:00,8,-8.0,-10.991920645829541,5.595490617762054,-7.0,1,6,1,1
2000-06-02 13:30:00,8,-4.0,-7.942105567603669,5.595490617762054,-8.0,1,6,1,1
2000-06-02 14:30:00,8,-1.0,-5.488802227917905,5.595490617762054,-4.0,1,6,1,1
2000-06-02 15:30:00,8,2.0,-0.6254389505576299,5.595490617762054,-1.0,1,6,1,1
2000-06-02 16:30:00,8,2.0,0.3786424779286506,5.595490617762054,2.0,1,6,1,1
2000-06-02 17:30:00,8,-1.0,-0.07092773896963678,5.595490617762054,2.0,1,6,1,1
2000-06-02 18:30:00,8,-2.0,-0.8443056063442853,5.595490617762054,-1.0,1,6,1,1
2000-06-02 19:30:00,8,-2.0,-2.4830249901568173,5.595490617762054,-2.0,1,6,1,1
2000-06-02 20:30:00,8,2.0,-2.9894988530769524,5.595490617762054,-2.0,1,6,1,1
2000-06-02 21:30:00,8,2.0,1.4828299805449703,5.595490617762054,2.0,1,6,1,1
2000-06-02 22:30:00,8,2.0,0.4059493079821763,5.595490617762054,2.0,1,6,1,1
2000-06-02 23:30:00,8,2.0,2.314340711032905,5.595490617762054,2.0,1,6,1,1
2000-06-03 00:30:00,8,2.0,2.967134658065312,5.595490617762054,2.0,1,6,1,1
2000-06-03 01:30:00,8,-4.0,-3.208675089464414,5.595490617762054,2.0,1,6,1,1
2000-06-03 02:30:00,8,-11.0,-9.279425473251184,5.595490617762054,-4.0,1,6,1,1
2000-06-03 03:30:00,8,-13.0,-14.308746715923444,5.595490617762054,-11.0,1,6,1,1
2000-06-03 04:30:00,8,-8.0,-12.51495476704201,5.595490617762054,-13.0,1,6,1,1
2001-10-27 12:30:00,14,-26.0,-22.53213735332185,5.595490617762054,-8.0,1,6,1,1
2001-10-27 13:30:00,14,-26.0,-24.26730930490932,5.595490617762054,-26.0,1,6,1,1
2001-10-27 14:30:00,14,-27.0,-29.575832413770353,5.595490617762054,-26.0,1,6,1,1
2001-10-27 15:30:00,14,-26.0,-23.076616787646927,5.595490617762054,-27.0,1,6,1,1
2001-10-27 16:30:00,14,-25.0,-24.427802944984265,5.595490617762054,-26.0,1,6,1,1
2001-10-27 17:30:00,14,-24.0,-24.279560501920663,5.595490617762054,-25.0,1,6,1,1
2001-10-27 18:30:00,14,-21.0,-22.561542957742613,5.595490617762054,-24.0,1,6,1,1
2001-10-27 19:30:00,14,-18.0,-17.253786971399755,5.595490617762054,-21.0,1,6,1,1
2001-10-27 20:30:00,14,-19.0,-16.089379212942642,5.595490617762054,-18.0,1,6,1,1
2001-10-27 21:30:00,14,-18.0,-18.0449270257457,5.595490617762054,-19.0,1,6,1,1
2001-10-27 22:30:00,14,-15.0,-16.89165620176982,5.595490617762054,-18.0,1,6,1,1
2001-10-27 23:30:00,14,-18.0,-15.868566296761205,5.595490617762054,-15.0,1,6,1,1
2001-10-28 00:30:00,14,-16.0,-19.125214223081343,5.595490617762054,-18.0,1,6,1,1
2001-10-28 01:30:00,14,-15.0,-18.111388972817462,5.595490617762054,-16.0,1,6,1,1
2001-10-28 02:30:00,14,-17.0,-16.183603255657356,5.595490617762054,-15.0,1,6,1,1
2001-10-28 03:30:00,14,-16.0,-20.646550203645262,5.595490617762054,-17.0,1,6,1,1
2001-10-28 04:30:00,14,-55.0,-23.539130774334467,5.595490617762054,-16.0,1,6,1,1
2001-10-28 05:30:00,14,-88.0,-84.05549419989327,5.595490617762054,-55.0,1,6,1,1
2001-10-28 06:30:00,14,-109.0,-106.97514829564558,5.595490617762054,-88.0,1,6,1,1
2001-10-28 07:30:00,14,-118.0,-118.54293702539726,5.595490617762054,-109.0,1,6,1,1
2001-10-28 08:30:00,14,-134.0,-121.85527645310741,5.595490617762054,-118.0,1,6,1,1
2001-10-28 09:30:00,14,-142.0,-144.4617169286492,5.595490617762054,-134.0,1,6,1,1
2001-10-28 10:30:00,14,-149.0,-144.48326009634064,5.595490617762054,-142.0,1,6,1,1
2001-10-28 11:30:00,14,-157.0,-150.53647137329494,5.595490617762054,-149.0,1,6,1,1
2001-10-28 12:30:00,14,-146.0,-156.62258924705264,5.595490617762054,-157.0,1,6,1,1
2001-10-28 13:30:00,14,-130.0,-139.53862052962882,5.595490617762054,-146.0,1,6,1,1
2001-10-28 14:30:00,14,-128.0,-125.71741281722709,5.595490617762054,-130.0,1,6,1,1
2001-10-28 15:30:00,14,-118.0,-119.03297580053926,5.595490617762054,-128.0,1,6,1,1
2001-10-28 16:30:00,14,-112.0,-114.51004874930898,5.595490617762054,-118.0,1,6,1,1
2001-10-28 17:30:00,14,-107.0,-110.25707598198235,5.595490617762054,-112.0,1,6,1,1
2001-10-28 18:30:00,14,-105.0,-108.02006477117506,5.595490617762054,-107.0,1,6,1,1
2001-10-28 19:30:00,14,-104.0,-105.43763445236155,5.595490617762054,-105.0,1,6,1,1
2001-10-28 20:30:00,14,-104.0,-98.8666314099341,5.595490617762054,-104.0,1,6,1,1
2001-10-28 21:30:00,14,-109.0,-101.13940373279048,5.595490617762054,-104.0,1,6,1,1
2001-10-28 22:30:00,14,-106.0,-106.66928266204833,5.595490617762054,-109.0,1,6,1,1
2001-10-28 23:30:00,14,-96.0,-101.16232635521787,5.595490617762054,-106.0,1,6,1,1
2001-10-29 00:30:00,14,-83.0,-89.67539279414754,5.595490617762054,-96.0,1,6,1,1
2001-10-29 01:30:00,14,-79.0,-80.97885942579455,5.595490617762054,-83.0,1,6,1,1
2001-10-29 02:30:00,14,-73.0,-78.76020452355277,5.595490617762054,-79.0,1,6,1,1
2001-10-29 03:30:00,14,-66.0,-66.5419664645542,5.595490617762054,-73.0,1,6,1,1
2001-10-29 04:30:00,14,-67.0,-62.45451916022961,5.595490617762054,-66.0,1,6,1,1
2001-10-29 05:30:00,14,-75.0,-68.18140061534214,5.595490617762054,-67.0,1,6,1,1
2001-10-29 06:30:00,14,-82.0,-79.7611286851764,5.595490617762054,-75.0,1,6,1,1
2001-10-29 07:30:00,14,-73.0,-74.68818161739779,5.595490617762054,-82.0,1,6,1,1
2001-10-29 08:30:00,14,-70.0,-66.86804589032178,5.595490617762054,-73.0,1,6,1,1
2001-10-29 09:30:00,14,-66.0,-65.77156831046233,5.595490617762054,-70.0,1,6,1,1
2001-10-29 10:30:00,14,-60.0,-62.666804951921165,5.595490617762054,-66.0,1,6,1,1
2001-10-29 11:30:00,14,-60.0,-59.078028258314006,5.595490617762054,-60.0,1,6,1,1
2001-10-29 12:30:00,14,-61.0,-58.9783250942306,5.595490617762054,-60.0,1,6,1,1
2001-10-29 13:30:00,14,-60.0,-61.355371447688185,5.595490617762054,-61.0,1,6,1,1
2001-10-29 14:30:00,14,-66.0,-59.51369011145545,5.595490617762054,-60.0,1,6,1,1
2001-10-29 15:30:00,14,-67.0,-61.756096219497394,5.595490617762054,-66.0,1,6,1,1
2001-10-29 16:30:00,14,-67.0,-62.69792235495816,5.595490617762054,-67.0,1,6,1,1
2001-10-29 17:30:00,14,-69.0,-67.54168872502177,5.595490617762054,-67.0,1,6,1,1
2001-10-29 18:30:00,14,-69.0,-66.45373826965218,5.595490617762054,-69.0,1,6,1,1
2001-10-29 19:30:00,14,-67.0,-65.72834084274672,5.595490617762054,-69.0,1,6,1,1
2001-10-29 20:30:00,14,-68.0,-60.18016706577794,5.595490617762054,-67.0,1,6,1,1
2001-10-29 21:30:00,14,-64.0,-65.1792359100331,5.595490617762054,-68.0,1,6,1,1
2001-10-29 22:30:00,14,-54.0,-60.152323022328886,5.595490617762054,-64.0,1,6,1,1
2001-10-29 23:30:00,14,-48.0,-51.263574245794004,5.595490617762054,-54.0,1,6,1,1
2001-10-30 00:30:00,14,-48.0,-47.65298577779764,5.595490617762054,-48.0,1,6,1,1
2001-10-30 01:30:00,14,-48.0,-46.51010980539224,5.595490617762054,-48.0,1,6,1,1
2001-10-30 02:30:00,14,-52.0,-46.87242040493,5.595490617762054,-48.0,1,6,1,1
2001-10-30 03:30:00,14,-54.0,-51.10156570947026,5.595490617762054,-52.0,1,6,1,1
2001-10-30 04:30:00,14,-52.0,-52.56251298592531,5.595490617762054,-54.0,1,6,1,1
2001-10-30 05:30:00,14,-49.0,-49.63382700858501,5.595490617762054,-52.0,1,6,1,1
2001-10-30 06:30:00,14,-49.0,-47.475799824886536,5.595490617762054,-49.0,1,6,1,1
2001-10-30 07:30:00,14,-54.0,-48.18788642412128,5.595490617762054,-49.0,1,6,1,1
2001-10-30 08:30:00,14,-53.0,-54.074577482760645,5.595490617762054,-54.0,1,6,1,1
2001-10-30 09:30:00,14,-53.0,-51.833400591810154,5.595490617762054,-53.0,1,6,1,1
2001-10-30 10:30:00,14,-51.0,-51.60604323278078,5.595490617762054,-53.0,1,6,1,1
2001-10-30 11:30:00,14,-51.0,-47.83594336021864,5.595490617762054,-51.0,1,6,1,1
2001-10-30 12:30:00,14,-49.0,-46.77121144990957,5.595490617762054,-51.0,1,6,1,1
2001-10-30 13:30:00,14,-47.0,-45.899651005520184,5.595490617762054,-49.0,1,6,1,1
2001-10-30 14:30:00,14,-50.0,-44.815743308584665,5.595490617762054,-47.0,1,6,1,1
2001-10-30 15:30:00,14,-49.0,-49.363149990558156,5.595490617762054,-50.0,1,6,1,1
2001-10-30 16:30:00,14,-43.0,-46.743425452823175,5.595490617762054,-49.0,1,6,1,1
2001-10-30 17:30:00,14,-37.0,-39.32409985985441,5.595490617762054,-43.0,1,6,1,1
2001-10-30 18:30:00,14,-36.0,-34.37899478407739,5.595490617762054,-37.0,1,6,1,1
2001-10-30 19:30:00,14,-37.0,-33.95317548843826,5.595490617762054,-36.0,1,6,1,1
2001-10-30 20:30:00,14,-40.0,-36.09850360760179,5.595490617762054,-37.0,1,6,1,1
2001-10-30 21:30:00,14,-41.0,-38.546352580985285,5.595490617762054,-40.0,1,6,1,1
2001-10-30 22:30:00,14,-39.0,-39.25123915492332,5.595490617762054,-41.0,1,6,1,1
2001-10-30 23:30:00,14,-39.0,-36.72881597074655,5.595490617762054,-39.0,1,6,1,1
2001-10-31 00:30:00,14,-36.0,-37.458905194092004,5.595490617762054,-39.0,1,6,1,1
2001-10-31 01:30:00,14,-31.0,-33.62222799308529,5.595490617762054,-36.0,1,6,1,1
2001-10-31 02:30:00,14,-27.0,-28.6227595110049,5.595490617762054,-31.0,1,6,1,1
2001-10-31 03:30:00,14,-24.0,-25.527110000481983,5.595490617762054,-27.0,1,6,1,1
2001-10-31 04:30:00,14,-23.0,-23.050990456700355,5.595490617762054,-24.0,1,6,1,1
2001-10-31 05:30:00,14,-24.0,-22.38106771094794,5.595490617762054,-23.0,1,6,1,1
2001-10-31 06:30:00,14,-26.0,-23.810203304342124,5.595490617762054,-24.0,1,6,1,1
2001-10-31 07:30:00,14,-28.0,-25.732407465375918,5.595490617762054,-26.0,1,6,1,1
2001-10-31 08:30:00,14,-25.0,-26.97298001877935,5.595490617762054,-28.0,1,6,1,1
2001-10-31 09:30:00,14,-23.0,-23.32027094753165,5.595490617762054,-25.0,1,6,1,1
2001-10-31 10:30:00,14,-22.0,-22.250397381472048,5.595490617762054,-23.0,1,6,1,1
2001-10-31 11:30:00,14,-22.0,-21.722751392315846,5.595490617762054,-22.0,1,6,1,1
2001-10-31 12:30:00,14,-19.0,-21.51497272995956,5.595490617762054,-22.0,1,6,1,1
2001-10-31 13:30:00,14,-15.0,-17.820330852516165,5.595490617762054,-19.0,1,6,1,1
2001-10-31 14:30:00,14,-2.0,-13.884372034907745,5.595490617762054,-15.0,1,6,1,1
2001-10-31 15:30:00,14,-5.0,-2.2788429259569654,5.595490617762054,-2.0,1,6,1,1
2001-10-31 16:30:00,14,-8.0,-8.085716821458874,5.595490617762054,-5.0,1,6,1,1
2001-10-31 17:30:00,14,-9.0,-9.781189613648749,5.595490617762054,-8.0,1,6,1,1
2001-10-31 18:30:00,14,-11.0,-9.701927874530384,5.595490617762054,-9.0,1,6,1,1
2001-10-31 19:30:00,14,-15.0,-8.791264668665548,5.595490617762054,-11.0,1,6,1,1
2001-10-31 20:30:00,14,-29.0,-23.60240643136226,5.595490617762054,-15.0,1,6,1,1
2001-10-31 21:30:00,14,-45.0,-39.41492306861614,5.595490617762054,-29.0,1,6,1,1
2001-10-31 22:30:00,14,-60.0,-59.2625701649862,5.595490617762054,-45.0,1,6,1,1
2001-10-31 23:30:00,14,-81.0,-73.25986322573661,5.595490617762054,-60.0,1,6,1,1
2001-11-01 00:30:00,14,-81.0,-91.66666985040843,5.595490617762054,-81.0,1,6,1,1
2001-11-01 01:30:00,14,-91.0,-81.97814918395217,5.595490617762054,-81.0,1,6,1,1
2001-11-01 02:30:00,14,-97.0,-95.40382670492,5.595490617762054,-91.0,1,6,1,1
2001-11-01 03:30:00,14,-96.0,-100.7477114302754,5.595490617762054,-97.0,1,6,1,1
2001-11-01 04:30:00,14,-93.0,-96.42810143862508,5.595490617762054,-96.0,1,6,1,1
2001-11-01 05:30:00,14,-97.0,-92.58922004081307,5.595490617762054,-93.0,1,6,1,1
2001-11-01 06:30:00,14,-98.0,-100.10127071454339,5.595490617762054,-97.0,1,6,1,1
2001-11-01 07:30:00,14,-92.0,-99.87864128866016,5.595490617762054,-98.0,1,6,1,1
2001-11-01 08:30:00,14,-94.0,-92.33878754538385,5.595490617762054,-92.0,1,6,1,1
2001-11-01 09:30:00,14,-98.0,-96.26381885068217,5.595490617762054,-94.0,1,6,1,1
2001-11-01 10:30:00,14,-106.0,-100.44713143017135,5.595490617762054,-98.0,1,6,1,1
2001-11-01 11:30:00,14,-104.0,-109.36183262163124,5.595490617762054,-106.0,1,6,1,1
2001-11-01 12:30:00,14,-86.0,-104.63440026763261,5.595490617762054,-104.0,1,6,1,1
2001-11-01 13:30:00,14,-77.0,-81.95213075551669,5.595490617762054,-86.0,1,6,1,1
2001-11-01 14:30:00,14,-78.0,-74.73176874492904,5.595490617762054,-77.0,1,6,1,1
2001-11-01 15:30:00,14,-79.0,-77.3481026921868,5.595490617762054,-78.0,1,6,1,1
2001-11-01 16:30:00,14,-78.0,-78.4278151167158,5.595490617762054,-79.0,1,6,1,1
2001-11-01 17:30:00,14,-75.0,-73.02632108367493,5.595490617762054,-78.0,1,6,1,1
2001-11-01 18:30:00,14,-71.0,-70.85207733968124,5.595490617762054,-75.0,1,6,1,1
2001-11-01 19:30:00,14,-65.0,-60.076448459195824,5.595490617762054,-71.0,1,6,1,1
2001-11-01 20:30:00,14,-62.0,-53.488566445040554,5.595490617762054,-65.0,1,6,1,1
2001-11-01 21:30:00,14,-61.0,-56.32225329000015,5.595490617762054,-62.0,1,6,1,1
2001-11-01 22:30:00,14,-58.0,-56.875835759785716,5.595490617762054,-61.0,1,6,1,1
2001-11-01 23:30:00,14,-58.0,-54.221792163756135,5.595490617762054,-58.0,1,6,1,1
2001-11-02 00:30:00,14,-55.0,-54.77052377868641,5.595490617762054,-58.0,1,6,1,1
2001-11-02 01:30:00,14,-50.0,-51.639020395750556,5.595490617762054,-55.0,1,6,1,1
2001-11-02 02:30:00,14,-52.0,-47.98754680149615,5.595490617762054,-50.0,1,6,1,1
2001-11-02 03:30:00,14,-50.0,-49.372187012508185,5.595490617762054,-52.0,1,6,1,1
2001-11-02 04:30:00,14,-49.0,-46.55893134903788,5.595490617762054,-50.0,1,6,1,1
2001-11-02 05:30:00,14,-49.0,-46.50578250596479,5.595490617762054,-49.0,1,6,1,1
2001-11-02 06:30:00,14,-43.0,-48.32045748743301,5.595490617762054,-49.0,1,6,1,1
2001-11-02 07:30:00,14,-44.0,-41.713228962055254,5.595490617762054,-43.0,1,6,1,1
2001-11-02 08:30:00,14,-40.0,-42.134298414891745,5.595490617762054,-44.0,1,6,1,1
2001-11-02 09:30:00,14,-37.0,-36.69098169301962,5.595490617762054,-40.0,1,6,1,1
2001-11-02 10:30:00,14,-36.0,-32.95165066077758,5.595490617762054,-37.0,1,6,1,1
2001-11-02 11:30:00,14,-34.0,-31.499493140149305,5.595490617762054,-36.0,1,6,1,1
2001-11-02 12:30:00,14,-34.0,-30.62458322145624,5.595490617762054,-34.0,1,6,1,1
2001-11-02 13:30:00,14,-39.0,-40.10099351574337,5.595490617762054,-34.0,1,6,1,1
2001-11-02 14:30:00,14,-37.0,-47.09597743445167,5.595490617762054,-39.0,1,6,1,1
2001-11-02 15:30:00,14,-33.0,-28.26516147939965,5.595490617762054,-37.0,1,6,1,1
2001-11-02 16:30:00,14,-30.0,-27.08688064026888,5.595490617762054,-33.0,1,6,1,1
2001-11-02 17:30:00,14,-32.0,-25.95538061677916,5.595490617762054,-30.0,1,6,1,1
2001-11-02 18:30:00,14,-33.0,-30.22573926561334,5.595490617762054,-32.0,1,6,1,1
2001-11-02 19:30:00,14,-31.0,-34.05080904360625,5.595490617762054,-33.0,1,6,1,1
2001-11-02 20:30:00,14,-31.0,-29.277859947329713,5.595490617762054,-31.0,1,6,1,1
2001-11-02 21:30:00,14,-28.0,-27.621206513785875,5.595490617762054,-31.0,1,6,1,1
2001-11-02 22:30:00,14,-27.0,-25.938620583186577,5.595490617762054,-28.0,1,6,1,1
2001-11-02 23:30:00,14,-26.0,-26.68003994434778,5.595490617762054,-27.0,1,6,1,1
2001-11-03 00:30:00,14,-27.0,-25.738006663043823,5.595490617762054,-26.0,1,6,1,1
2001-11-03 01:30:00,14,-23.0,-25.706164818637664,5.595490617762054,-27.0,1,6,1,1
2001-11-03 02:30:00,14,-19.0,-18.565441279443604,5.595490617762054,-23.0,1,6,1,1
2001-11-03 03:30:00,14,-16.0,-19.101257009601987,5.595490617762054,-19.0,1,6,1,1
2001-11-03 04:30:00,14,-18.0,-12.805289015056122,5.595490617762054,-16.0,1,6,1,1
2001-11-03 05:30:00,14,-20.0,-16.10870068455771,5.595490617762054,-18.0,1,6,1,1
2001-11-03 06:30:00,14,-19.0,-16.750044702016147,5.595490617762054,-20.0,1,6,1,1
2001-11-03 07:30:00,14,-19.0,-16.920027215138624,5.595490617762054,-19.0,1,6,1,1
2001-11-03 08:30:00,14,-18.0,-17.68222148330912,5.595490617762054,-19.0,1,6,1,1
2001-11-03 09:30:00,14,-18.0,-17.93197221851819,5.595490617762054,-18.0,1,6,1,1
2001-11-03 10:30:00,14,-16.0,-17.43647822345094,5.595490617762054,-18.0,1,6,1,1
2001-11-03 11:30:00,14,-16.0,-11.302254711186965,5.595490617762054,-16.0,1,6,1,1
2001-11-03 12:30:00,14,-16.0,-14.234377943727395,5.595490617762054,-16.0,1,6,1,1
2001-11-03 13:30:00,14,-19.0,-15.43836535436488,5.595490617762054,-16.0,1,6,1,1
2001-11-03 14:30:00,14,-18.0,-18.703803321052778,5.595490617762054,-19.0,1,6,1,1
2001-11-03 15:30:00,14,-20.0,-16.127179914832347,5.595490617762054,-18.0,1,6,1,1
2001-11-03 16:30:00,14,-22.0,-20.047895302342944,5.595490617762054,-20.0,1,6,1,1
2001-11-03 17:30:00,14,-21.0,-20.6515410526693,5.595490617762054,-22.0,1,6,1,1
2001-11-03 18:30:00,14,-20.0,-19.02220241632681,5.595490617762054,-21.0,1,6,1,1
2001-11-03 19:30:00,14,-17.0,-18.024636976589136,5.595490617762054,-20.0,1,6,1,1
2001-11-03 20:30:00,14,-15.0,-15.18403009467033,5.595490617762054,-17.0,1,6,1,1
2001-11-03 21:30:00,14,-14.0,-13.114109322328716,5.595490617762054,-15.0,1,6,1,1
2001-11-03 22:30:00,14,-15.0,-13.359388211285687,5.595490617762054,-14.0,1,6,1,1
2001-11-03 23:30:00,14,-14.0,-15.150137847865814,5.595490617762054,-15.0,1,6,1,1
2001-11-04 00:30:00,14,-10.0,-13.695889804559108,5.595490617762054,-14.0,1,6,1,1
2001-11-04 01:30:00,14,-6.0,-7.827549363665369,5.595490617762054,-10.0,1,6,1,1
2001-11-04 02:30:00,14,-3.0,-3.7815972414886296,5.595490617762054,-6.0,1,6,1,1
2001-11-04 03:30:00,14,-7.0,-1.7038197232375687,5.595490617762054,-3.0,1,6,1,1
2001-11-04 04:30:00,14,-7.0,-5.854774300958585,5.595490617762054,-7.0,1,6,1,1
2001-11-04 05:30:00,14,-7.0,-5.042177579383182,5.595490617762054,-7.0,1,6,1,1
2001-11-04 06:30:00,14,-9.0,-7.434042827776452,5.595490617762054,-7.0,1,6,1,1
2001-11-04 07:30:00,14,-15.0,-11.935850108313442,5.595490617762054,-9.0,1,6,1,1
2001-11-04 08:30:00,14,-15.0,-18.419066563460607,5.595490617762054,-15.0,1,6,1,1
2001-11-04 09:30:00,14,-18.0,-14.230674358157447,5.595490617762054,-15.0,1,6,1,1
2001-11-04 10:30:00,14,-24.0,-22.266641257702624,5.595490617762054,-18.0,1,6,1,1
2001-11-04 11:30:00,14,-23.0,-24.131011323666186,5.595490617762054,-24.0,1,6,1,1
2001-11-04 12:30:00,14,-25.0,-24.16739785681875,5.595490617762054,-23.0,1,6,1,1
2001-11-04 13:30:00,14,-28.0,-28.173044178199987,5.595490617762054,-25.0,1,6,1,1
2001-11-04 14:30:00,14,-41.0,-31.18123403904402,5.595490617762054,-28.0,1,6,1,1
2001-11-04 15:30:00,14,-38.0,-43.79971684919593,5.595490617762054,-41.0,1,6,1,1
2001-11-04 16:30:00,14,-31.0,-28.51563836322385,5.595490617762054,-38.0,1,6,1,1
2001-11-04 17:30:00,14,-29.0,-31.410224876781193,5.595490617762054,-31.0,1,6,1,1
2001-11-04 18:30:00,14,-31.0,-26.614639335181355,5.595490617762054,-29.0,1,6,1,1
2001-11-04 19:30:00,14,-28.0,-24.293731781555394,5.595490617762054,-31.0,1,6,1,1
2001-11-04 20:30:00,14,-28.0,-23.258503357768816,5.595490617762054,-28.0,1,6,1,1
2001-11-04 21:30:00,14,-29.0,-25.56110468204412,5.595490617762054,-28.0,1,6,1,1
2001-11-04 22:30:00,14,-29.0,-26.119399719762196,5.595490617762054,-29.0,1,6,1,1
2001-11-04 23:30:00,14,-28.0,-26.897402516443385,5.595490617762054,-29.0,1,6,1,1
2001-11-05 00:30:00,14,-27.0,-23.989275194957408,5.595490617762054,-28.0,1,6,1,1
2001-11-05 01:30:00,14,-24.0,-24.265397758515732,5.595490617762054,-27.0,1,6,1,1
2001-11-05 02:30:00,14,-19.0,-21.8409679315931,5.595490617762054,-24.0,1,6,1,1
2001-11-05 03:30:00,14,-11.0,-15.268975824672626,5.595490617762054,-19.0,1,6,1,1
2001-11-05 04:30:00,14,-8.0,-7.90477834192696,5.595490617762054,-11.0,1,6,1,1
2001-11-05 05:30:00,14,-6.0,-7.271579025863279,5.595490617762054,-8.0,1,6,1,1
2001-11-05 06:30:00,14,-4.0,-5.228781839175451,5.595490617762054,-6.0,1,6,1,1
2001-11-05 07:30:00,14,-3.0,-2.9624105505063447,5.595490617762054,-4.0,1,6,1,1
2001-11-05 08:30:00,14,5.0,-2.8850427162399797,5.595490617762054,-3.0,1,6,1,1
2001-11-05 09:30:00,14,0.0,4.810575595801161,5.595490617762054,5.0,1,6,1,1
2001-11-05 10:30:00,14,0.0,1.4496684350114748,5.595490617762054,0.0,1,6,1,1
2001-11-05 11:30:00,14,11.0,1.6077366476587756,5.595490617762054,0.0,1,6,1,1
2001-11-05 12:30:00,14,10.0,13.251384006247882,5.595490617762054,11.0,1,6,1,1
2001-11-05 13:30:00,14,14.0,8.75123389245639,5.595490617762054,10.0,1,6,1,1
2001-11-05 14:30:00,14,22.0,14.425641435732139,5.595490617762054,14.0,1,6,1,1
2001-11-05 15:30:00,14,13.0,17.022093934699846,5.595490617762054,22.0,1,6,1,1
2001-11-05 16:30:00,14,9.0,9.60210251580655,5.595490617762054,13.0,1,6,1,1
2001-11-05 17:30:00,14,9.0,12.139074565516275,5.595490617762054,9.0,1,6,1,1
2001-11-05 18:30:00,14,22.0,13.709708980430754,5.595490617762054,9.0,1,6,1,1
2001-11-05 19:30:00,14,5.0,11.096197679827405,5.595490617762054,22.0,1,6,1,1
2001-11-05 20:30:00,14,-37.0,-19.67250150792918,5.595490617762054,5.0,1,6,1,1
2001-11-05 21:30:00,14,-50.0,-53.21341530443366,5.595490617762054,-37.0,1,6,1,1
2001-11-05 22:30:00,14,-50.0,-59.456936703078114,5.595490617762054,-50.0,1,6,1,1
2001-11-05 23:30:00,14,-55.0,-51.59331855955644,5.595490617762054,-50.0,1,6,1,1
2001-11-06 00:30:00,14,-73.0,-62.140049006992285,5.595490617762054,-55.0,1,6,1,1
2001-11-06 01:30:00,14,-64.0,-85.13939051518906,5.595490617762054,-73.0,1,6,1,1
2001-11-06 02:30:00,14,-101.0,-59.06998826800482,5.595490617762054,-64.0,1,6,1,1
2001-11-06 03:30:00,14,-269.0,-212.60358492006822,5.595490617762054,-101.0,1,6,1,1
2001-11-06 04:30:00,14,-281.0,-353.1278831302653,5.595490617762054,-269.0,1,6,1,1
2001-11-06 05:30:00,14,-288.0,-297.5717868318572,5.595490617762054,-281.0,1,6,1,1
2001-11-06 06:30:00,14,-292.0,-270.71765466982606,5.595490617762054,-288.0,1,6,1,1
2001-11-06 07:30:00,14,-276.0,-299.74475127954463,5.595490617762054,-292.0,1,6,1,1
2001-11-06 08:30:00,14,-276.0,-258.67496929843657,5.595490617762054,-276.0,1,6,1,1
2001-11-06 09:30:00,14,-259.0,-251.76081437063823,5.595490617762054,-276.0,1,6,1,1
2001-11-06 10:30:00,14,-235.0,-232.0159821786553,5.595490617762054,-259.0,1,6,1,1
2001-11-06 11:30:00,14,-213.0,-209.10428612540608,5.595490617762054,-235.0,1,6,1,1
2001-11-06 12:30:00,14,-200.0,-190.60294815374664,5.595490617762054,-213.0,1,6,1,1
2001-11-06 13:30:00,14,-183.0,-185.77485657792687,5.595490617762054,-200.0,1,6,1,1
2001-11-06 14:30:00,14,-207.0,-207.01201295078778,5.595490617762054,-183.0,1,6,1,1
2001-11-06 15:30:00,14,-218.0,-256.26251694008965,5.595490617762054,-207.0,1,6,1,1
2001-11-06 16:30:00,14,-210.0,-248.29500491273393,5.595490617762054,-218.0,1,6,1,1
2001-11-06 17:30:00,14,-187.0,-241.0221553323418,5.595490617762054,-210.0,1,6,1,1
2001-11-06 18:30:00,14,-177.0,-158.5129430274505,5.595490617762054,-187.0,1,6,1,1
2001-11-06 19:30:00,14,-151.0,-182.31452851771922,5.595490617762054,-177.0,1,6,1,1
2001-11-06 20:30:00,14,-164.0,-160.41813846606345,5.595490617762054,-151.0,1,6,1,1
2001-11-06 21:30:00,14,-176.0,-188.41984038872693,5.595490617762054,-164.0,1,6,1,1
2001-11-06 22:30:00,14,-173.0,-201.93532815252001,5.595490617762054,-176.0,1,6,1,1
2001-11-06 23:30:00,14,-173.0,-168.37715523752058,5.595490617762054,-173.0,1,6,1,1
2001-11-07 00:30:00,14,-165.0,-157.7529772843402,5.595490617762054,-173.0,1,6,1,1
2001-11-07 01:30:00,14,-156.0,-148.18456933834113,5.595490617762054,-165.0,1,6,1,1
2001-11-07 02:30:00,14,-152.0,-145.6074018897413,5.595490617762054,-156.0,1,6,1,1
2001-11-07 03:30:00,14,-148.0,-146.6781592401264,5.595490617762054,-152.0,1,6,1,1
2001-11-07 04:30:00,14,-138.0,-145.03757326739725,5.595490617762054,-148.0,1,6,1,1
2001-11-07 05:30:00,14,-123.0,-130.2915208260202,5.595490617762054,-138.0,1,6,1,1
2001-11-07 06:30:00,14,-121.0,-115.8786408482939,5.595490617762054,-123.0,1,6,1,1
2001-11-07 07:30:00,14,-121.0,-117.64946920084489,5.595490617762054,-121.0,1,6,1,1
2001-11-07 08:30:00,14,-115.0,-114.87775766057331,5.595490617762054,-121.0,1,6,1,1
2001-11-07 09:30:00,14,-110.0,-112.09499227179056,5.595490617762054,-115.0,1,6,1,1
2001-11-07 10:30:00,14,-108.0,-108.53625855442935,5.595490617762054,-110.0,1,6,1,1
2001-11-07 11:30:00,14,-109.0,-107.24233911742144,5.595490617762054,-108.0,1,6,1,1
2001-11-07 12:30:00,14,-106.0,-105.89414746949852,5.595490617762054,-109.0,1,6,1,1
2001-11-07 13:30:00,14,-99.0,-101.23982166384928,5.595490617762054,-106.0,1,6,1,1
2001-11-07 14:30:00,14,-99.0,-96.54553264476058,5.595490617762054,-99.0,1,6,1,1
2001-11-07 15:30:00,14,-100.0,-98.63934916972698,5.595490617762054,-99.0,1,6,1,1
2001-11-07 16:30:00,14,-95.0,-97.25079367464592,5.595490617762054,-100.0,1,6,1,1
2001-11-07 17:30:00,14,-91.0,-92.9062123654158,5.595490617762054,-95.0,1,6,1,1
2001-11-07 18:30:00,14,-88.0,-88.23801916991276,5.595490617762054,-91.0,1,6,1,1
2001-11-07 19:30:00,14,-86.0,-85.90177827123506,5.595490617762054,-88.0,1,6,1,1
2001-11-07 20:30:00,14,-81.0,-83.24371923270678,5.595490617762054,-86.0,1,6,1,1
2001-11-07 21:30:00,14,-78.0,-80.78065955143971,5.595490617762054,-81.0,1,6,1,1
2001-11-07 22:30:00,14,-75.0,-73.31203666228436,5.595490617762054,-78.0,1,6,1,1
2001-11-07 23:30:00,14,-73.0,-72.6747649955233,5.595490617762054,-75.0,1,6,1,1
2001-11-08 00:30:00,14,-71.0,-69.95373589699412,5.595490617762054,-73.0,1,6,1,1
2001-11-08 01:30:00,14,-70.0,-72.93179428934326,5.595490617762054,-71.0,1,6,1,1
2001-11-08 02:30:00,14,-69.0,-64.80152253744123,5.595490617762054,-70.0,1,6,1,1
2001-11-08 03:30:00,14,-64.0,-66.04314561619225,5.595490617762054,-69.0,1,6,1,1
2001-11-08 04:30:00,14,-65.0,-61.06557668939753,5.595490617762054,-64.0,1,6,1,1
2001-11-08 05:30:00,14,-66.0,-63.76882539033184,5.595490617762054,-65.0,1,6,1,1
2001-11-08 06:30:00,14,-64.0,-64.36497291640042,5.595490617762054,-66.0,1,6,1,1
2001-11-08 07:30:00,14,-65.0,-61.631558317511015,5.595490617762054,-64.0,1,6,1,1
2001-11-08 08:30:00,14,-64.0,-63.922705159556465,5.595490617762054,-65.0,1,6,1,1
2001-11-08 09:30:00,14,-57.0,-61.01613029373041,5.595490617762054,-64.0,1,6,1,1
2001-11-08 10:30:00,14,-57.0,-52.90120326851987,5.595490617762054,-57.0,1,6,1,1
2001-11-08 11:30:00,14,-53.0,-54.07185044188002,5.595490617762054,-57.0,1,6,1,1
2001-11-08 12:30:00,14,-52.0,-50.61512808514058,5.595490617762054,-53.0,1,6,1,1
2001-11-08 13:30:00,14,-51.0,-49.44727965699141,5.595490617762054,-52.0,1,6,1,1
2001-11-08 14:30:00,14,-49.0,-48.67197032535364,5.595490617762054,-51.0,1,6,1,1
2001-11-08 15:30:00,14,-48.0,-46.29824968702679,5.595490617762054,-49.0,1,6,1,1
2001-11-08 16:30:00,14,-47.0,-46.911385448564644,5.595490617762054,-48.0,1,6,1,1
2001-11-08 17:30:00,14,-46.0,-44.22934757144151,5.595490617762054,-47.0,1,6,1,1
2001-11-08 18:30:00,14,-44.0,-45.7935513599054,5.595490617762054,-46.0,1,6,1,1
2001-11-08 19:30:00,14,-44.0,-41.83372410560756,5.595490617762054,-44.0,1,6,1,1
2001-11-08 20:30:00,14,-45.0,-42.71522755046992,5.595490617762054,-44.0,1,6,1,1
2001-11-08 21:30:00,14,-47.0,-44.347174858639804,5.595490617762054,-45.0,1,6,1,1
2001-11-08 22:30:00,14,-47.0,-46.85903218210907,5.595490617762054,-47.0,1,6,1,1
2001-11-08 23:30:00,14,-46.0,-43.977091737326646,5.595490617762054,-47.0,1,6,1,1
2001-11-09 00:30:00,14,-43.0,-44.04547262885782,5.595490617762054,-46.0,1,6,1,1
2001-11-09 01:30:00,14,-42.0,-41.913311359622355,5.595490617762054,-43.0,1,6,1,1
2001-11-09 02:30:00,14,-39.0,-37.844738797553205,5.595490617762054,-42.0,1,6,1,1
2001-11-09 03:30:00,14,-39.0,-40.84769964856173,5.595490617762054,-39.0,1,6,1,1
2001-11-09 04:30:00,14,-39.0,-36.67403016333849,5.595490617762054,-39.0,1,6,1,1
2001-11-09 05:30:00,14,-36.0,-37.289676145520026,5.595490617762054,-39.0,1,6,1,1
2001-11-09 06:30:00,14,-35.0,-33.90771778841646,5.595490617762054,-36.0,1,6,1,1
2001-11-09 07:30:00,14,-36.0,-34.43370205817128,5.595490617762054,-35.0,1,6,1,1
2001-11-09 08:30:00,14,-35.0,-34.58571893751218,5.595490617762054,-36.0,1,6,1,1
2001-11-09 09:30:00,14,-34.0,-33.34159616613424,5.595490617762054,-35.0,1,6,1,1
2001-11-09 10:30:00,14,-35.0,-32.277874927649876,5.595490617762054,-34.0,1,6,1,1
2001-11-09 11:30:00,14,-33.0,-35.33328637591753,5.595490617762054,-35.0,1,6,1,1
2001-11-09 12:30:00,14,-33.0,-30.986021418308265,5.595490617762054,-33.0,1,6,1,1
2001-11-09 13:30:00,14,-33.0,-30.75334143545656,5.595490617762054,-33.0,1,6,1,1
2001-11-09 14:30:00,14,-35.0,-31.918003004479772,5.595490617762054,-33.0,1,6,1,1
2001-11-09 15:30:00,14,-35.0,-34.27392332734222,5.595490617762054,-35.0,1,6,1,1
2001-11-09 16:30:00,14,-35.0,-32.755970681460184,5.595490617762054,-35.0,1,6,1,1
2001-11-09 17:30:00,14,-34.0,-35.666706390232555,5.595490617762054,-35.0,1,6,1,1
2001-11-09 18:30:00,14,-35.0,-33.81112892550569,5.595490617762054,-34.0,1,6,1,1
2001-11-09 19:30:00,14,-33.0,-34.298471959276334,5.595490617762054,-35.0,1,6,1,1
2001-11-09 20:30:00,14,-38.0,-34.56152327868036,5.595490617762054,-33.0,1,6,1,1
2001-11-09 21:30:00,14,-44.0,-35.72247614039575,5.595490617762054,-38.0,1,6,1,1
2001-11-09 22:30:00,14,-40.0,-43.741992586949145,5.595490617762054,-44.0,1,6,1,1
2001-11-09 23:30:00,14,-37.0,-37.17787316023376,5.595490617762054,-40.0,1,6,1,1
2001-11-10 00:30:00,14,-37.0,-34.14025350898452,5.595490617762054,-37.0,1,6,1,1
2001-11-10 01:30:00,14,-39.0,-35.2654455431918,5.595490617762054,-37.0,1,6,1,1
2001-11-10 02:30:00,14,-36.0,-37.439056752557185,5.595490617762054,-39.0,1,6,1,1
2001-11-10 03:30:00,14,-33.0,-35.04060950190485,5.595490617762054,-36.0,1,6,1,1
2001-11-10 04:30:00,14,-31.0,-30.618477683090603,5.595490617762054,-33.0,1,6,1,1
2001-11-10 05:30:00,14,-30.0,-28.530314987662837,5.595490617762054,-31.0,1,6,1,1
2001-11-10 06:30:00,14,-28.0,-27.989870913706,5.595490617762054,-30.0,1,6,1,1
2001-11-10 07:30:00,14,-30.0,-27.082164088762468,5.595490617762054,-28.0,1,6,1,1
2001-11-10 08:30:00,14,-27.0,-29.247486903531424,5.595490617762054,-30.0,1,6,1,1
2001-11-10 09:30:00,14,-27.0,-25.643054195386032,5.595490617762054,-27.0,1,6,1,1
2001-11-10 10:30:00,14,-28.0,-26.55676938794596,5.595490617762054,-27.0,1,6,1,1
2001-11-10 11:30:00,14,-29.0,-26.516344649015224,5.595490617762054,-28.0,1,6,1,1
2001-11-10 12:30:00,14,-32.0,-28.557155739569197,5.595490617762054,-29.0,1,6,1,1
2001-11-10 13:30:00,14,-30.0,-29.52808102880085,5.595490617762054,-32.0,1,6,1,1
2001-11-10 14:30:00,14,-32.0,-28.186673691783305,5.595490617762054,-30.0,1,6,1,1
2001-11-10 15:30:00,14,-32.0,-31.82529471163684,5.595490617762054,-32.0,1,6,1,1
2001-11-10 16:30:00,14,-31.0,-27.98016436679853,5.595490617762054,-32.0,1,6,1,1
2001-11-10 17:30:00,14,-30.0,-29.630330550234095,5.595490617762054,-31.0,1,6,1,1
2001-11-10 18:30:00,14,-32.0,-29.56618931950441,5.595490617762054,-30.0,1,6,1,1
2001-11-10 19:30:00,14,-30.0,-30.999196093113653,5.595490617762054,-32.0,1,6,1,1
2001-11-10 20:30:00,14,-27.0,-27.357415387799033,5.595490617762054,-30.0,1,6,1,1
2001-11-10 21:30:00,14,-35.0,-31.87227996998164,5.595490617762054,-27.0,1,6,1,1
2001-11-10 22:30:00,14,-38.0,-39.200942550767955,5.595490617762054,-35.0,1,6,1,1
2001-11-10 23:30:00,14,-40.0,-38.17985239986088,5.595490617762054,-38.0,1,6,1,1
2001-11-11 00:30:00,14,-42.0,-40.09628151689285,5.595490617762054,-40.0,1,6,1,1
2001-11-11 01:30:00,14,-43.0,-39.079713291452705,5.595490617762054,-42.0,1,6,1,1
2001-11-11 02:30:00,14,-42.0,-41.718865150052295,5.595490617762054,-43.0,1,6,1,1
2001-11-11 03:30:00,14,-39.0,-39.45823703679375,5.595490617762054,-42.0,1,6,1,1
2001-11-11 04:30:00,14,-35.0,-36.375571985422134,5.595490617762054,-39.0,1,6,1,1
2001-11-11 05:30:00,14,-32.0,-32.54932831577718,5.595490617762054,-35.0,1,6,1,1
2001-11-11 06:30:00,14,-33.0,-28.93154851876822,5.595490617762054,-32.0,1,6,1,1
2001-11-11 07:30:00,14,-32.0,-30.438144991333616,5.595490617762054,-33.0,1,6,1,1
2001-11-11 08:30:00,14,-29.0,-29.59622432860255,5.595490617762054,-32.0,1,6,1,1
2001-11-11 09:30:00,14,-28.0,-26.45359482374321,5.595490617762054,-29.0,1,6,1,1
2001-11-11 10:30:00,14,-33.0,-33.249858015808265,5.595490617762054,-28.0,1,6,1,1
2001-11-11 11:30:00,14,-35.0,-30.085348304450807,5.595490617762054,-33.0,1,6,1,1
2001-11-11 12:30:00,14,-29.0,-31.021195522287996,5.595490617762054,-35.0,1,6,1,1
2001-11-11 13:30:00,14,-29.0,-26.69562596180164,5.595490617762054,-29.0,1,6,1,1
2001-11-11 14:30:00,14,-31.0,-26.39623477396796,5.595490617762054,-29.0,1,6,1,1
2001-11-11 15:30:00,14,-34.0,-32.093844341142805,5.595490617762054,-31.0,1,6,1,1
2001-11-11 16:30:00,14,-35.0,-32.88370227155635,5.595490617762054,-34.0,1,6,1,1
2001-11-11 17:30:00,14,-34.0,-33.98807600625285,5.595490617762054,-35.0,1,6,1,1
2001-11-11 18:30:00,14,-33.0,-35.2766618646102,5.595490617762054,-34.0,1,6,1,1
2001-11-11 19:30:00,14,-30.0,-29.677613011646493,5.595490617762054,-33.0,1,6,1,1
2001-11-11 20:30:00,14,-29.0,-27.59062860047235,5.595490617762054,-30.0,1,6,1,1
2001-11-11 21:30:00,14,-27.0,-30.546367597300073,5.595490617762054,-29.0,1,6,1,1
2001-11-11 22:30:00,14,-25.0,-24.504717220907168,5.595490617762054,-27.0,1,6,1,1
2001-11-11 23:30:00,14,-24.0,-23.158822387882893,5.595490617762054,-25.0,1,6,1,1
2001-11-12 00:30:00,14,-23.0,-24.65841431481403,5.595490617762054,-24.0,1,6,1,1
2001-11-12 01:30:00,14,-25.0,-22.611006425869334,5.595490617762054,-23.0,1,6,1,1
2001-11-12 02:30:00,14,-28.0,-24.320323844633528,5.595490617762054,-25.0,1,6,1,1
2001-11-12 03:30:00,14,-27.0,-26.950554204926412,5.595490617762054,-28.0,1,6,1,1
2001-11-12 04:30:00,14,-26.0,-24.437286127211923,5.595490617762054,-27.0,1,6,1,1
2001-11-12 05:30:00,14,-25.0,-25.954247574543487,5.595490617762054,-26.0,1,6,1,1
2001-11-12 06:30:00,14,-25.0,-22.5367446410868,5.595490617762054,-25.0,1,6,1,1
2001-11-12 07:30:00,14,-23.0,-23.661450963818368,5.595490617762054,-25.0,1,6,1,1
2001-11-12 08:30:00,14,-18.0,-20.517327618743735,5.595490617762054,-23.0,1,6,1,1
2001-11-12 09:30:00,14,-13.0,-16.74102475252573,5.595490617762054,-18.0,1,6,1,1
2001-11-12 10:30:00,14,-10.0,-11.58606045064877,5.595490617762054,-13.0,1,6,1,1
2001-11-12 11:30:00,14,-13.0,-11.06187675630012,5.595490617762054,-10.0,1,6,1,1
2001-11-12 12:30:00,14,-14.0,-12.400175482964894,5.595490617762054,-13.0,1,6,1,1
2001-11-12 13:30:00,14,-14.0,-14.82699374698603,5.595490617762054,-14.0,1,6,1,1
2001-11-12 14:30:00,14,-16.0,-13.023871129849393,5.595490617762054,-14.0,1,6,1,1
2001-11-12 15:30:00,14,-22.0,-14.445429965671625,5.595490617762054,-16.0,1,6,1,1
2001-11-12 16:30:00,14,-25.0,-21.095709543349095,5.595490617762054,-22.0,1,6,1,1
2001-11-12 17:30:00,14,-24.0,-23.02808376856859,5.595490617762054,-25.0,1,6,1,1
2001-11-12 18:30:00,14,-24.0,-22.553516625401105,5.595490617762054,-24.0,1,6,1,1
2001-11-12 19:30:00,14,-22.0,-24.036560217238744,5.595490617762054,-24.0,1,6,1,1
2001-11-12 20:30:00,14,-21.0,-21.12511514776986,5.595490617762054,-22.0,1,6,1,1
2001-11-12 21:30:00,14,-20.0,-20.79597178458547,5.595490617762054,-21.0,1,6,1,1
2001-11-12 22:30:00,14,-19.0,-19.889985294487968,5.595490617762054,-20.0,1,6,1,1
2001-11-12 23:30:00,14,-18.0,-18.17423724927319,5.595490617762054,-19.0,1,6,1,1
2001-11-13 00:30:00,14,-15.0,-17.241599511570925,5.595490617762054,-18.0,1,6,1,1
2001-11-13 01:30:00,14,-12.0,-15.110203088525694,5.595490617762054,-15.0,1,6,1,1
2001-11-13 02:30:00,14,-13.0,-11.555946908236454,5.595490617762054,-12.0,1,6,1,1
2001-11-13 03:30:00,14,-16.0,-12.671454589733752,5.595490617762054,-13.0,1,6,1,1
2001-11-13 04:30:00,14,-19.0,-14.891414966053212,5.595490617762054,-16.0,1,6,1,1
2001-11-13 05:30:00,14,-17.0,-17.387864963812465,5.595490617762054,-19.0,1,6,1,1
2001-11-13 06:30:00,14,-16.0,-13.2631359603701,5.595490617762054,-17.0,1,6,1,1
2001-11-13 07:30:00,14,-17.0,-14.508670908698228,5.595490617762054,-16.0,1,6,1,1
2001-11-13 08:30:00,14,-13.0,-15.669921400292697,5.595490617762054,-17.0,1,6,1,1
2001-11-13 09:30:00,14,-12.0,-11.40644679398207,5.595490617762054,-13.0,1,6,1,1
2001-11-13 10:30:00,14,-12.0,-11.28908160135704,5.595490617762054,-12.0,1,6,1,1
2001-11-13 11:30:00,14,-13.0,-10.73223715362326,5.595490617762054,-12.0,1,6,1,1
2001-11-13 12:30:00,14,-13.0,-11.743600555212339,5.595490617762054,-13.0,1,6,1,1
2001-11-13 13:30:00,14,-12.0,-11.265371369459945,5.595490617762054,-13.0,1,6,1,1
2001-11-13 14:30:00,14,-10.0,-10.546329450182807,5.595490617762054,-12.0,1,6,1,1
2001-11-13 15:30:00,14,-11.0,-10.087858791011321,5.595490617762054,-10.0,1,6,1,1
2001-11-13 16:30:00,14,-12.0,-11.995945166117142,5.595490617762054,-11.0,1,6,1,1
2001-11-13 17:30:00,14,-13.0,-11.969287089528539,5.595490617762054,-12.0,1,6,1,1
2001-11-13 18:30:00,14,-12.0,-12.166888289633295,5.595490617762054,-13.0,1,6,1,1
2001-11-13 19:30:00,14,-17.0,-8.62714370000688,5.595490617762054,-12.0,1,6,1,1
2001-11-13 20:30:00,14,-25.0,-23.449751326573185,5.595490617762054,-17.0,1,6,1,1
2001-11-13 21:30:00,14,-24.0,-27.915293003879807,5.595490617762054,-25.0,1,6,1,1
2001-11-13 22:30:00,14,-16.0,-19.46698779188027,5.595490617762054,-24.0,1,6,1,1
2001-11-13 23:30:00,14,-12.0,-12.145561373096825,5.595490617762054,-16.0,1,6,1,1
2001-11-14 00:30:00,14,-11.0,-9.560989029685086,5.595490617762054,-12.0,1,6,1,1
2001-11-14 01:30:00,14,-12.0,-10.324241790350989,5.595490617762054,-11.0,1,6,1,1
2001-11-14 02:30:00,14,-11.0,-11.391784965674738,5.595490617762054,-12.0,1,6,1,1
2001-11-14 03:30:00,14,-12.0,-9.30819825850265,5.595490617762054,-11.0,1,6,1,1
2001-11-14 04:30:00,14,-8.0,-11.430182065486587,5.595490617762054,-12.0,1,6,1,1
2001-11-14 05:30:00,14,-7.0,-6.882315565267774,5.595490617762054,-8.0,1,6,1,1
2001-11-14 06:30:00,14,-7.0,-7.5616355618678455,5.595490617762054,-7.0,1,6,1,1
2001-11-14 07:30:00,14,-7.0,-6.9380446260689155,5.595490617762054,-7.0,1,6,1,1
2001-11-14 08:30:00,14,-8.0,-4.204192972213665,5.595490617762054,-7.0,1,6,1,1
2001-11-14 09:30:00,14,-10.0,-6.537929910149536,5.595490617762054,-8.0,1,6,1,1
2001-11-14 10:30:00,14,-10.0,-7.041795101242283,5.595490617762054,-10.0,1,6,1,1
2001-11-14 11:30:00,14,-8.0,-8.106745539034275,5.595490617762054,-10.0,1,6,1,1
2001-11-14 12:30:00,14,-9.0,-6.362994107414153,5.595490617762054,-8.0,1,6,1,1
2001-11-14 13:30:00,14,-9.0,-8.999990592907096,0.02602127184997021,-9.0,1,6,1,1
2001-11-14 14:30:00,14,-7.0,-7.000013129260147,0.02602127184997021,-9.0,1,6,1,1
2001-11-14 15:30:00,14,-6.0,-6.000001018526046,0.02602127184997021,-7.0,1,6,1,1
2001-11-14 16:30:00,14,-4.0,-3.999995350774448,0.02602127184997021,-6.0,1,6,1,1
2001-11-14 17:30:00,14,-4.0,-3.9999897948355425,0.02602127184997021,-4.0,1,6,1,1
2001-11-14 18:30:00,14,-7.0,-6.99996472831204,0.02602127184997021,-4.0,1,6,1,1
2001-11-14 19:30:00,14,-9.0,-8.999974872088629,0.02602127184997021,-7.0,1,6,1,1
2001-11-14 20:30:00,14,-10.0,-9.999969693981953,0.02602127184997021,-9.0,1,6,1,1
2001-11-14 21:30:00,14,-8.0,-8.000005263463102,0.02602127184997021,-10.0,1,6,1,1
2001-11-14 22:30:00,14,-3.0,-3.000013034125491,0.022535104294718614,-8.0,1,6,1,1
2001-11-14 23:30:00,14,-1.0,-1.0000038216527294,0.022535104294718614,-3.0,1,6,1,1
2001-11-15 00:30:00,14,0.0,9.563572142212706e-06,0.022535104294718614,-1.0,1,6,1,1
2001-11-15 01:30:00,14,-1.0,-0.9999818346943599,0.022535104294718614,0.0,1,6,1,1
2001-11-15 02:30:00,14,0.0,3.295356179933151e-06,0.022535104294718614,-1.0,1,6,1,1
2001-11-15 03:30:00,14,0.0,1.2252711137250571e-05,0.022535104294718614,0.0,1,6,1,1
2001-11-15 04:30:00,14,0.0,9.467880680347207e-06,0.022535104294718614,0.0,1,6,1,1
2001-11-15 05:30:00,14,-3.0,-2.999978585682218,0.022535104294718614,0.0,1,6,1,1
2001-11-15 06:30:00,14,-7.0,-6.999979547157356,0.022535104294718614,-3.0,1,6,1,1
2001-11-15 07:30:00,14,-7.0,-7.000001161608711,0.022535104294718614,-7.0,1,6,1,1
2001-11-15 08:30:00,14,-6.0,-5.999991656681452,0.022535104294718614,-7.0,1,6,1,1
2001-11-15 09:30:00,14,-6.0,-5.999990831714104,0.022535104294718614,-6.0,1,6,1,1
2001-11-15 10:30:00,14,-3.0,-3.000007381613621,0.022535104294718614,-6.0,1,6,1,1
2001-11-15 11:30:00,14,2.0,1.9999870202843013,0.022535104294718614,-3.0,1,6,1,1
2001-11-15 12:30:00,14,-1.0,-0.9999838794867699,0.022535104294718614,2.0,1,6,1,1
2001-11-15 13:30:00,14,-1.0,-0.9999942054155397,0.022535104294718614,-1.0,1,6,1,1
2001-11-15 14:30:00,14,-1.0,-0.9999896963619079,0.022535104294718614,-1.0,1,6,1,1
2001-11-15 15:30:00,14,13.0,12.99993119885103,0.022535104294718614,-1.0,1,6,1,1
2001-11-15 16:30:00,14,19.0,18.999961114386764,0.022535104294718614,13.0,1,6,1,1
2001-11-15 17:30:00,14,-1.0,-0.9999119485111763,0.022535104294718614,19.0,1,6,1,1
2001-11-15 18:30:00,14,-10.0,-10.000110382351863,0.022535104294718614,-1.0,1,6,1,1
2001-11-15 19:30:00,14,-20.0,-19.999975306601492,0.022535104294718614,-10.0,1,6,1,1
2001-11-15 20:30:00,14,-24.0,-23.999909303560592,0.022535104294718614,-20.0,1,6,1,1
2001-11-15 21:30:00,14,-20.0,-19.99996161088221,0.022535104294718614,-24.0,1,6,1,1
2001-11-15 22:30:00,14,-22.0,-21.999947673829787,0.022535104294718614,-20.0,1,6,1,1
2001-11-15 23:30:00,14,-16.0,-16.000027428889393,0.022535104294718614,-22.0,1,6,1,1
2001-11-16 00:30:00,14,-12.0,-12.000008173898976,0.022535104294718614,-16.0,1,6,1,1
2001-11-16 01:30:00,14,-16.0,-15.999985937841899,0.022535104294718614,-12.0,1,6,1,1
2001-11-16 02:30:00,14,-23.0,-22.999974191445453,0.022535104294718614,-16.0,1,6,1,1
2001-11-16 03:30:00,14,-27.0,-26.99997314815259,0.022535104294718614,-23.0,1,6,1,1
2001-11-16 04:30:00,14,-27.0,-26.999991459156057,0.022535104294718614,-27.0,1,6,1,1
2001-11-16 05:30:00,14,-29.0,-28.999993444160904,0.022535104294718614,-27.0,1,6,1,1
2001-11-16 06:30:00,14,-31.0,-30.999993661251317,0.022535104294718614,-29.0,1,6,1,1
2005-05-05 14:30:00,28,1.0,-0.5204547056369258,5.595490617762054,-31.0,1,6,1,1
2005-05-05 15:30:00,28,-1.0,0.3453671159977958,5.595490617762054,1.0,1,6,1,1
2005-05-05 16:30:00,28,4.0,-1.0553280360252018,5.595490617762054,-1.0,1,6,1,1
2005-05-05 17:30:00,28,3.0,4.580982882727724,5.595490617762054,4.0,1,6,1,1
2005-05-05 18:30:00,28,5.0,4.2535490418316115,5.595490617762054,3.0,1,6,1,1
2005-05-05 19:30:00,28,8.0,4.862758137660705,5.595490617762054,5.0,1,6,1,1
2005-05-05 20:30:00,28,10.0,7.689017324528876,5.595490617762054,8.0,1,6,1,1
2005-05-05 21:30:00,28,7.0,8.900570111098574,5.595490617762054,10.0,1,6,1,1
2005-05-05 22:30:00,28,10.0,5.7325020723482965,5.595490617762054,7.0,1,6,1,1
2005-05-05 23:30:00,28,13.0,9.064310932990075,5.595490617762054,10.0,1,6,1,1
2005-05-06 00:30:00,28,13.0,10.637340044904917,5.595490617762054,13.0,1,6,1,1
2005-05-06 01:30:00,28,11.0,10.945559401599468,5.595490617762054,13.0,1,6,1,1
2005-05-06 02:30:00,28,6.0,10.215622976767463,5.595490617762054,11.0,1,6,1,1
2005-05-06 03:30:00,28,5.0,5.635808213810968,5.595490617762054,6.0,1,6,1,1
2005-05-06 04:30:00,28,5.0,5.527077133089321,5.595490617762054,5.0,1,6,1,1
2005-05-06 05:30:00,28,6.0,6.315221539856871,5.595490617762054,5.0,1,6,1,1
2005-05-06 06:30:00,28,8.0,6.380902706442775,5.595490617762054,6.0,1,6,1,1
2005-05-06 07:30:00,28,8.0,6.525567900137496,5.595490617762054,8.0,1,6,1,1
2005-05-06 08:30:00,28,9.0,7.899013130305647,5.595490617762054,8.0,1,6,1,1
2005-05-06 09:30:00,28,9.0,8.659839325379934,5.595490617762054,9.0,1,6,1,1
2005-05-06 10:30:00,28,9.0,8.459112727003792,5.595490617762054,9.0,1,6,1,1
2005-05-06 11:30:00,28,9.0,8.107388190584075,5.595490617762054,9.0,1,6,1,1
2005-05-06 12:30:00,28,8.0,7.938320761296339,5.595490617762054,9.0,1,6,1,1
2005-05-06 13:30:00,28,17.0,7.869229655445665,5.595490617762054,8.0,1,6,1,1
2005-05-06 14:30:00,28,17.0,16.616994060576296,5.595490617762054,17.0,1,6,1,1
2005-05-06 15:30:00,28,20.0,15.806257098933685,5.595490617762054,17.0,1,6,1,1
2005-05-06 16:30:00,28,19.0,16.19122512869299,5.595490617762054,20.0,1,6,1,1
2005-05-06 17:30:00,28,19.0,17.452538444186516,5.595490617762054,19.0,1,6,1,1
2005-05-06 18:30:00,28,17.0,13.213073406898026,5.595490617762054,19.0,1,6,1,1
2005-05-06 19:30:00,28,20.0,16.53300211198384,5.595490617762054,17.0,1,6,1,1
2005-05-06 20:30:00,28,21.0,16.464516509367094,5.595490617762054,20.0,1,6,1,1
2005-05-06 21:30:00,28,17.0,16.655491318817816,5.595490617762054,21.0,1,6,1,1
2005-05-06 22:30:00,28,17.0,16.66841175624561,5.595490617762054,17.0,1,6,1,1
2005-05-06 23:30:00,28,13.0,11.486487764327059,5.595490617762054,17.0,1,6,1,1
2005-05-07 00:30:00,28,10.0,10.647569862699228,5.595490617762054,13.0,1,6,1,1
2005-05-07 01:30:00,28,13.0,10.89180164080053,5.595490617762054,10.0,1,6,1,1
2005-05-07 02:30:00,28,12.0,12.95642653617319,5.595490617762054,13.0,1,6,1,1
2005-05-07 03:30:00,28,11.0,12.14325390362717,5.595490617762054,12.0,1,6,1,1
2005-05-07 04:30:00,28,9.0,10.151084526811012,5.595490617762054,11.0,1,6,1,1
2005-05-07 05:30:00,28,10.0,5.35733591072924,5.595490617762054,9.0,1,6,1,1
2005-05-07 06:30:00,28,11.0,11.642398018080499,5.595490617762054,10.0,1,6,1,1
2005-05-07 07:30:00,28,11.0,10.449010328528736,5.595490617762054,11.0,1,6,1,1
2005-05-07 08:30:00,28,10.0,7.530940006569786,5.595490617762054,11.0,1,6,1,1
2005-05-07 09:30:00,28,10.0,8.60849902486082,5.595490617762054,10.0,1,6,1,1
2005-05-07 10:30:00,28,7.0,7.8761724556843475,5.595490617762054,10.0,1,6,1,1
2005-05-07 11:30:00,28,5.0,3.9834376912996206,5.595490617762054,7.0,1,6,1,1
2005-05-07 12:30:00,28,3.0,5.961798862788612,5.595490617762054,5.0,1,6,1,1
2005-05-07 13:30:00,28,8.0,3.4140165316580564,5.595490617762054,3.0,1,6,1,1
2005-05-07 14:30:00,28,7.0,5.205313625109461,5.595490617762054,8.0,1,6,1,1
2005-05-07 15:30:00,28,5.0,6.735422573581545,5.595490617762054,7.0,1,6,1,1
2005-05-07 16:30:00,28,5.0,5.820768964825426,5.595490617762054,5.0,1,6,1,1
2005-05-07 17:30:00,28,8.0,3.389664375279878,5.595490617762054,5.0,1,6,1,1
2005-05-07 18:30:00,28,15.0,4.704835610002014,5.595490617762054,8.0,1,6,1,1
2005-05-07 19:30:00,28,25.0,10.781754842525451,5.595490617762054,15.0,1,6,1,1
2005-05-07 20:30:00,28,13.0,16.386556829834483,5.595490617762054,25.0,1,6,1,1
2005-05-07 21:30:00,28,6.0,6.107265323920714,5.595490617762054,13.0,1,6,1,1
2005-05-07 22:30:00,28,-2.0,6.738409115848157,5.595490617762054,6.0,1,6,1,1
2005-05-07 23:30:00,28,-19.0,-20.02323015087204,5.595490617762054,-2.0,1,6,1,1
2005-05-08 00:30:00,28,-31.0,-32.15284562336792,5.595490617762054,-19.0,1,6,1,1
2005-05-08 01:30:00,28,-68.0,-50.5907804814183,5.595490617762054,-31.0,1,6,1,1
2005-05-08 02:30:00,28,-82.0,-84.18778527486751,5.595490617762054,-68.0,1,6,1,1
2005-05-08 03:30:00,28,-82.0,-86.95378778464774,5.595490617762054,-82.0,1,6,1,1
2005-05-08 04:30:00,28,-81.0,-78.17565716470266,5.595490617762054,-82.0,1,6,1,1
2005-05-08 05:30:00,28,-76.0,-80.67148686309633,5.595490617762054,-81.0,1,6,1,1
2005-05-08 06:30:00,28,-80.0,-75.62134860134773,5.595490617762054,-76.0,1,6,1,1
2005-05-08 07:30:00,28,-81.0,-78.73981317780255,5.595490617762054,-80.0,1,6,1,1
2005-05-08 08:30:00,28,-65.0,-76.77336630678874,5.595490617762054,-81.0,1,6,1,1
2005-05-08 09:30:00,28,-56.0,-57.64411465255884,5.595490617762054,-65.0,1,6,1,1
2005-05-08 10:30:00,28,-40.0,-57.11685791548159,5.595490617762054,-56.0,1,6,1,1
2005-05-08 11:30:00,28,-33.0,-35.05323572394548,5.595490617762054,-40.0,1,6,1,1
2005-05-08 12:30:00,28,-48.0,-45.327461831094936,5.595490617762054,-33.0,1,6,1,1
2005-05-08 13:30:00,28,-62.0,-55.53223774166007,5.595490617762054,-48.0,1,6,1,1
2005-05-08 14:30:00,28,-85.0,-79.09346348766553,5.595490617762054,-62.0,1,6,1,1
2005-05-08 15:30:00,28,-83.0,-89.50630715423623,5.595490617762054,-85.0,1,6,1,1
2005-05-08 16:30:00,28,-98.0,-72.69927649485777,5.595490617762054,-83.0,1,6,1,1
2005-05-08 17:30:00,28,-105.0,-101.65134988809547,5.595490617762054,-98.0,1,6,1,1
2005-05-08 18:30:00,28,-110.0,-96.78831667828752,5.595490617762054,-105.0,1,6,1,1
2005-05-08 19:30:00,28,-106.0,-111.33977950143385,5.595490617762054,-110.0,1,6,1,1
2005-05-08 20:30:00,28,-104.0,-105.62425237012151,5.595490617762054,-106.0,1,6,1,1
2005-05-08 21:30:00,28,-94.0,-100.28708736486595,5.595490617762054,-104.0,1,6,1,1
2005-05-08 22:30:00,28,-81.0,-90.86804295344444,5.595490617762054,-94.0,1,6,1,1
2005-05-08 23:30:00,28,-70.0,-79.32955511702797,5.595490617762054,-81.0,1,6,1,1
2005-05-09 00:30:00,28,-64.0,-68.29002698497821,5.595490617762054,-70.0,1,6,1,1
2005-05-09 01:30:00,28,-61.0,-64.6544307781549,5.595490617762054,-64.0,1,6,1,1
2005-05-09 02:30:00,28,-64.0,-62.343042828003746,5.595490617762054,-61.0,1,6,1,1
2005-05-09 03:30:00,28,-60.0,-60.035513253722954,5.595490617762054,-64.0,1,6,1,1
2005-05-09 04:30:00,28,-56.0,-56.032793151917716,5.595490617762054,-60.0,1,6,1,1
2005-05-09 05:30:00,28,-51.0,-51.570043106297234,5.595490617762054,-56.0,1,6,1,1
2005-05-09 06:30:00,28,-53.0,-49.353300319531016,5.595490617762054,-51.0,1,6,1,1
2005-05-09 07:30:00,28,-53.0,-52.098025991989616,5.595490617762054,-53.0,1,6,1,1
2005-05-09 08:30:00,28,-51.0,-50.58532070883716,5.595490617762054,-53.0,1,6,1,1
2005-05-09 09:30:00,28,-47.0,-50.531708633026824,5.595490617762054,-51.0,1,6,1,1
2005-05-09 10:30:00,28,-43.0,-46.64119215022656,5.595490617762054,-47.0,1,6,1,1
2005-05-09 11:30:00,28,-41.0,-43.03651644407281,5.595490617762054,-43.0,1,6,1,1
2005-05-09 12:30:00,28,-39.0,-42.22429417844471,5.595490617762054,-41.0,1,6,1,1
2005-05-09 13:30:00,28,-37.0,-37.660948648185546,5.595490617762054,-39.0,1,6,1,1
2005-05-09 14:30:00,28,-39.0,-34.25820229518699,5.595490617762054,-37.0,1,6,1,1
2005-05-09 15:30:00,28,-41.0,-36.851930314143004,5.595490617762054,-39.0,1,6,1,1
2005-05-09 16:30:00,28,-43.0,-41.020748375428965,5.595490617762054,-41.0,1,6,1,1
2005-05-09 17:30:00,28,-44.0,-44.678576339147725,5.595490617762054,-43.0,1,6,1,1
2005-05-09 18:30:00,28,-44.0,-42.96751866766797,5.595490617762054,-44.0,1,6,1,1
2005-05-09 19:30:00,28,-42.0,-46.2719182634986,5.595490617762054,-44.0,1,6,1,1
2005-05-09 20:30:00,28,-43.0,-38.65118203560558,5.595490617762054,-42.0,1,6,1,1
2005-05-09 21:30:00,28,-44.0,-42.42199212248722,5.595490617762054,-43.0,1,6,1,1
2005-05-09 22:30:00,28,-52.0,-44.66468960050638,5.595490617762054,-44.0,1,6,1,1
2005-05-09 23:30:00,28,-49.0,-54.658369100732315,5.595490617762054,-52.0,1,6,1,1
2005-05-10 00:30:00,28,-49.0,-47.79523123488458,5.595490617762054,-49.0,1,6,1,1
2005-05-10 01:30:00,28,-52.0,-49.463376710069404,5.595490617762054,-49.0,1,6,1,1
2005-05-10 02:30:00,28,-52.0,-51.377841356083024,5.595490617762054,-52.0,1,6,1,1
2005-05-10 03:30:00,28,-55.0,-51.253654008600506,5.595490617762054,-52.0,1,6,1,1
2005-05-10 04:30:00,28,-55.0,-54.43708726099378,5.595490617762054,-55.0,1,6,1,1
2005-05-10 05:30:00,28,-54.0,-54.23026238004733,5.595490617762054,-55.0,1,6,1,1
2005-05-10 06:30:00,28,-52.0,-51.81990651973969,5.595490617762054,-54.0,1,6,1,1
2005-05-10 07:30:00,28,-51.0,-48.63466813928436,5.595490617762054,-52.0,1,6,1,1
2005-05-10 08:30:00,28,-44.0,-49.047958241361606,5.595490617762054,-51.0,1,6,1,1
2005-05-10 09:30:00,28,-39.0,-41.310794667957765,5.595490617762054,-44.0,1,6,1,1
2005-05-10 10:30:00,28,-39.0,-35.29249344094135,5.595490617762054,-39.0,1,6,1,1
2005-05-10 11:30:00,28,-38.0,-39.221748188204536,5.595490617762054,-39.0,1,6,1,1
2005-05-10 12:30:00,28,-39.0,-36.58809593792517,5.595490617762054,-38.0,1,6,1,1
2005-05-10 13:30:00,28,-33.0,-37.02947023604988,5.595490617762054,-39.0,1,6,1,1
2005-05-10 14:30:00,28,-31.0,-31.97159146338765,5.595490617762054,-33.0,1,6,1,1
2005-05-10 15:30:00,28,-32.0,-30.30949561426327,5.595490617762054,-31.0,1,6,1,1
2005-05-10 16:30:00,28,-32.0,-32.661071422968156,5.595490617762054,-32.0,1,6,1,1
2005-05-10 17:30:00,28,-32.0,-29.779781723437612,5.595490617762054,-32.0,1,6,1,1
2005-05-10 18:30:00,28,-31.0,-30.726149702234856,5.595490617762054,-32.0,1,6,1,1
2005-05-10 19:30:00,28,-29.0,-29.459224384728728,5.595490617762054,-31.0,1,6,1,1
2005-05-10 20:30:00,28,-34.0,-27.009459881377744,5.595490617762054,-29.0,1,6,1,1
2005-05-10 21:30:00,28,-38.0,-32.58215396066798,5.595490617762054,-34.0,1,6,1,1
2005-05-10 22:30:00,28,-34.0,-37.94642862685245,5.595490617762054,-38.0,1,6,1,1
2005-05-10 23:30:00,28,-31.0,-31.637194193030833,5.595490617762054,-34.0,1,6,1,1
2005-05-11 00:30:00,28,-27.0,-31.34806412250074,5.595490617762054,-31.0,1,6,1,1
2005-05-11 01:30:00,28,-24.0,-26.865707495189813,5.595490617762054,-27.0,1,6,1,1
2005-05-11 02:30:00,28,-17.0,-22.33628664940842,5.595490617762054,-24.0,1,6,1,1
2005-05-11 03:30:00,28,-16.0,-16.46260594315076,5.595490617762054,-17.0,1,6,1,1
2005-05-11 04:30:00,28,-17.0,-16.714431551283617,5.595490617762054,-16.0,1,6,1,1
2005-05-11 05:30:00,28,-18.0,-15.21797128252571,5.595490617762054,-17.0,1,6,1,1
2005-05-11 06:30:00,28,-17.0,-19.35862661445003,5.595490617762054,-18.0,1,6,1,1
2005-05-11 07:30:00,28,-22.0,-19.972876638517995,5.595490617762054,-17.0,1,6,1,1
2005-05-11 08:30:00,28,-28.0,-22.30185036022454,5.595490617762054,-22.0,1,6,1,1
2005-05-11 09:30:00,28,-31.0,-30.168090122188808,5.595490617762054,-28.0,1,6,1,1
2005-05-11 10:30:00,28,-34.0,-29.67723997840416,5.595490617762054,-31.0,1,6,1,1
2005-05-11 11:30:00,28,-32.0,-33.682726672288105,5.595490617762054,-34.0,1,6,1,1
2005-05-11 12:30:00,28,-26.0,-29.94237100792887,5.595490617762054,-32.0,1,6,1,1
2005-05-11 13:30:00,28,-23.0,-25.795098675203295,5.595490617762054,-26.0,1,6,1,1
2005-05-11 14:30:00,28,-21.0,-22.7051120995308,5.595490617762054,-23.0,1,6,1,1
2005-05-11 15:30:00,28,-26.0,-20.93268462659696,5.595490617762054,-21.0,1,6,1,1
2005-05-11 16:30:00,28,-28.0,-25.25530050930145,5.595490617762054,-26.0,1,6,1,1
2005-05-11 17:30:00,28,-25.0,-27.28786446370304,5.595490617762054,-28.0,1,6,1,1
2005-05-11 18:30:00,28,-26.0,-26.79953008911144,5.595490617762054,-25.0,1,6,1,1
2005-05-11 19:30:00,28,-23.0,-26.623481162009917,5.595490617762054,-26.0,1,6,1,1
2005-05-11 20:30:00,28,-19.0,-21.916476005926675,5.595490617762054,-23.0,1,6,1,1
2005-05-11 21:30:00,28,-23.0,-20.9621300667568,5.595490617762054,-19.0,1,6,1,1
2005-05-11 22:30:00,28,-22.0,-25.92650255136014,5.595490617762054,-23.0,1,6,1,1
2005-05-11 23:30:00,28,-23.0,-23.036737798341512,5.595490617762054,-22.0,1,6,1,1
2005-05-12 00:30:00,28,-22.0,-24.042997672673174,5.595490617762054,-23.0,1,6,1,1
2005-05-12 01:30:00,28,-23.0,-20.68271308757702,5.595490617762054,-22.0,1,6,1,1
2005-05-12 02:30:00,28,-20.0,-17.990182476781683,5.595490617762054,-23.0,1,6,1,1
2005-05-12 03:30:00,28,-24.0,-17.278693413633054,5.595490617762054,-20.0,1,6,1,1
2005-05-12 04:30:00,28,-32.0,-34.76119024639712,5.595490617762054,-24.0,1,6,1,1
2005-05-12 05:30:00,28,-27.0,-30.229266435767386,5.595490617762054,-32.0,1,6,1,1
2005-05-12 06:30:00,28,-22.0,-20.479063684116795,5.595490617762054,-27.0,1,6,1,1
2005-05-12 07:30:00,28,-23.0,-24.308282069793318,5.595490617762054,-22.0,1,6,1,1
2005-05-12 08:30:00,28,-31.0,-23.315205548767345,5.595490617762054,-23.0,1,6,1,1
2005-05-12 09:30:00,28,-30.0,-34.57807360556082,5.595490617762054,-31.0,1,6,1,1
2005-05-12 10:30:00,28,-27.0,-28.022622720209014,5.595490617762054,-30.0,1,6,1,1
2005-05-12 11:30:00,28,-23.0,-25.534949673931827,5.595490617762054,-27.0,1,6,1,1
2005-05-12 12:30:00,28,-20.0,-20.74703414821453,5.595490617762054,-23.0,1,6,1,1
2005-05-12 13:30:00,28,-17.0,-18.60412292024884,5.595490617762054,-20.0,1,6,1,1
2005-05-12 14:30:00,28,-15.0,-17.6312431189336,5.595490617762054,-17.0,1,6,1,1
2005-05-12 15:30:00,28,-20.0,-17.714456563368145,5.595490617762054,-15.0,1,6,1,1
2005-05-12 16:30:00,28,-23.0,-21.26202033949288,5.595490617762054,-20.0,1,6,1,1
2005-05-12 17:30:00,28,-23.0,-25.018371191254474,5.595490617762054,-23.0,1,6,1,1
2005-05-12 18:30:00,28,-20.0,-23.390337459907663,5.595490617762054,-23.0,1,6,1,1
2005-05-12 19:30:00,28,-23.0,-21.718732535325223,5.595490617762054,-20.0,1,6,1,1
2005-05-12 20:30:00,28,-21.0,-22.383221117185904,5.595490617762054,-23.0,1,6,1,1
2005-05-12 21:30:00,28,-24.0,-24.33261601554792,5.595490617762054,-21.0,1,6,1,1
2005-05-12 22:30:00,28,-20.0,-25.401565961542985,5.595490617762054,-24.0,1,6,1,1
2005-05-12 23:30:00,28,-12.0,-16.85081204941483,5.595490617762054,-20.0,1,6,1,1
2005-05-13 00:30:00,28,-21.0,-13.308362044023276,5.595490617762054,-12.0,1,6,1,1
2005-05-13 01:30:00,28,-23.0,-29.19022331315294,5.595490617762054,-21.0,1,6,1,1
2005-05-13 02:30:00,28,-32.0,-26.685185014590235,5.595490617762054,-23.0,1,6,1,1
2005-05-13 03:30:00,28,-32.0,-35.48270824139873,5.595490617762054,-32.0,1,6,1,1
2005-05-13 04:30:00,28,-38.0,-30.101119558091362,5.595490617762054,-32.0,1,6,1,1
2005-05-13 05:30:00,28,-37.0,-41.309937061403694,5.595490617762054,-38.0,1,6,1,1
2005-05-13 06:30:00,28,-42.0,-35.96936040963742,5.595490617762054,-37.0,1,6,1,1
2005-05-13 07:30:00,28,-41.0,-43.83632589340532,5.595490617762054,-42.0,1,6,1,1
2005-05-13 08:30:00,28,-38.0,-39.84590934415422,5.595490617762054,-41.0,1,6,1,1
2005-05-13 09:30:00,28,-38.0,-36.89753796726831,5.595490617762054,-38.0,1,6,1,1
2005-05-13 10:30:00,28,-38.0,-35.95517604111699,5.595490617762054,-38.0,1,6,1,1
2005-05-13 11:30:00,28,-33.0,-31.33107375297401,5.595490617762054,-38.0,1,6,1,1
2005-05-13 12:30:00,28,-30.0,-32.256627113509566,5.595490617762054,-33.0,1,6,1,1
2005-05-13 13:30:00,28,-21.0,-29.305619766644714,5.595490617762054,-30.0,1,6,1,1
2005-05-13 14:30:00,28,-23.0,-22.370523759896926,5.595490617762054,-21.0,1,6,1,1
2005-05-13 15:30:00,28,-24.0,-28.317944402755245,5.595490617762054,-23.0,1,6,1,1
2005-05-13 16:30:00,28,-27.0,-21.702570606900743,5.595490617762054,-24.0,1,6,1,1
2005-05-13 17:30:00,28,-26.0,-27.290417365495728,5.595490617762054,-27.0,1,6,1,1
2005-05-13 18:30:00,28,-25.0,-24.64862269014954,5.595490617762054,-26.0,1,6,1,1
2005-05-13 19:30:00,28,-26.0,-23.670445873701375,5.595490617762054,-25.0,1,6,1,1
2005-05-13 20:30:00,28,-24.0,-26.77275535071555,5.595490617762054,-26.0,1,6,1,1
2005-05-13 21:30:00,28,-27.0,-23.367796691493396,5.595490617762054,-24.0,1,6,1,1
2005-05-13 22:30:00,28,-23.0,-24.594738024067546,5.595490617762054,-27.0,1,6,1,1
2005-05-13 23:30:00,28,-22.0,-20.62118849582254,5.595490617762054,-23.0,1,6,1,1
2005-05-14 00:30:00,28,-20.0,-21.896722032001655,5.595490617762054,-22.0,1,6,1,1
2005-05-14 01:30:00,28,-18.0,-19.09933806514257,5.595490617762054,-20.0,1,6,1,1
2005-05-14 02:30:00,28,-16.0,-18.324513591357537,5.595490617762054,-18.0,1,6,1,1
2005-05-14 03:30:00,28,-17.0,-15.913985868289888,5.595490617762054,-16.0,1,6,1,1
2005-05-14 04:30:00,28,-17.0,-16.58820347579651,5.595490617762054,-17.0,1,6,1,1
2005-05-14 05:30:00,28,-17.0,-15.252844626675433,5.595490617762054,-17.0,1,6,1,1
2005-05-14 06:30:00,28,-18.0,-19.17026389131862,5.595490617762054,-17.0,1,6,1,1
2005-05-14 07:30:00,28,-18.0,-18.666141475167848,5.595490617762054,-18.0,1,6,1,1
2005-05-14 08:30:00,28,-16.0,-18.45578828590338,5.595490617762054,-18.0,1,6,1,1
2005-05-14 09:30:00,28,-16.0,-16.90916002551912,5.595490617762054,-16.0,1,6,1,1
2005-05-14 10:30:00,28,-20.0,-16.700698464778704,5.595490617762054,-16.0,1,6,1,1
2005-05-14 11:30:00,28,-19.0,-19.272063553441313,5.595490617762054,-20.0,1,6,1,1
2005-05-14 12:30:00,28,-19.0,-20.622323245304173,5.595490617762054,-19.0,1,6,1,1
2005-05-14 13:30:00,28,-19.0,-17.5669345780998,5.595490617762054,-19.0,1,6,1,1
2005-05-14 14:30:00,28,-20.0,-19.18652939266469,5.595490617762054,-19.0,1,6,1,1
2005-05-14 15:30:00,28,-21.0,-14.908169877907913,5.595490617762054,-20.0,1,6,1,1
2005-05-14 16:30:00,28,-21.0,-21.67199610807914,5.595490617762054,-21.0,1,6,1,1
2005-05-14 17:30:00,28,-20.0,-22.143735482854325,5.595490617762054,-21.0,1,6,1,1
2005-05-14 18:30:00,28,-23.0,-19.42520579241107,5.595490617762054,-20.0,1,6,1,1
2005-05-14 19:30:00,28,-28.0,-25.14020652288564,5.595490617762054,-23.0,1,6,1,1
2005-05-14 20:30:00,28,-26.0,-30.272251190015638,5.595490617762054,-28.0,1,6,1,1
2005-05-14 21:30:00,28,-19.0,-25.597704620941723,5.595490617762054,-26.0,1,6,1,1
2005-05-14 22:30:00,28,-14.0,-17.97338659102393,5.595490617762054,-19.0,1,6,1,1
2005-05-14 23:30:00,28,-11.0,-10.535175443241968,5.595490617762054,-14.0,1,6,1,1
2005-05-15 00:30:00,28,-14.0,-12.903430618167814,5.595490617762054,-11.0,1,6,1,1
2005-05-15 01:30:00,28,-12.0,-14.286398866302697,5.595490617762054,-14.0,1,6,1,1
2005-05-15 02:30:00,28,11.0,-14.746473198512916,5.595490617762054,-12.0,1,6,1,1
2005-05-15 03:30:00,28,52.0,10.698960242433174,5.595490617762054,11.0,1,6,1,1
2005-05-15 04:30:00,28,42.0,35.4781785067707,5.595490617762054,52.0,1,6,1,1
2005-05-15 05:30:00,28,37.0,21.888436925342887,5.595490617762054,42.0,1,6,1,1
2005-05-15 06:30:00,28,-58.0,25.498160388719356,5.595490617762054,37.0,1,6,1,1
2005-05-15 07:30:00,28,-229.0,-169.59629274881001,5.595490617762054,-58.0,1,6,1,1
2005-05-15 08:30:00,28,-247.0,-298.93980529619944,5.595490617762054,-229.0,1,6,1,1
2005-05-15 09:30:00,28,-222.0,-253.998062319552,5.595490617762054,-247.0,1,6,1,1
2005-05-15 10:30:00,28,-184.0,-199.4192573460207,5.595490617762054,-222.0,1,6,1,1
2005-05-15 11:30:00,28,-175.0,-163.76291101436402,5.595490617762054,-184.0,1,6,1,1
2005-05-15 12:30:00,28,-162.0,-166.0242243023347,5.595490617762054,-175.0,1,6,1,1
2005-05-15 13:30:00,28,-157.0,-147.80983112637614,5.595490617762054,-162.0,1,6,1,1
2005-05-15 14:30:00,28,-146.0,-145.99068088416388,5.595490617762054,-157.0,1,6,1,1
2005-05-15 15:30:00,28,-135.0,-140.94979817184827,5.595490617762054,-146.0,1,6,1,1
2005-05-15 16:30:00,28,-118.0,-128.75889653516654,5.595490617762054,-135.0,1,6,1,1
2005-05-15 17:30:00,28,-100.0,-114.57373129995733,5.595490617762054,-118.0,1,6,1,1
2005-05-15 18:30:00,28,-105.0,-101.88623506364594,5.595490617762054,-100.0,1,6,1,1
2005-05-15 19:30:00,28,-115.0,-107.56065626488937,5.595490617762054,-105.0,1,6,1,1
2005-05-15 20:30:00,28,-120.0,-113.82261591990542,5.595490617762054,-115.0,1,6,1,1
2005-05-15 21:30:00,28,-108.0,-118.77812722889264,5.595490617762054,-120.0,1,6,1,1
2005-05-15 22:30:00,28,-94.0,-106.75297868800767,5.595490617762054,-108.0,1,6,1,1
2005-05-15 23:30:00,28,-102.0,-94.47371910573094,5.595490617762054,-94.0,1,6,1,1
2005-05-16 00:30:00,28,-99.0,-104.46148129145837,5.595490617762054,-102.0,1,6,1,1
2005-05-16 01:30:00,28,-101.0,-100.44396278166897,5.595490617762054,-99.0,1,6,1,1
2005-05-16 02:30:00,28,-99.0,-105.01514798537798,5.595490617762054,-101.0,1,6,1,1
2005-05-16 03:30:00,28,-99.0,-98.58176717797689,5.595490617762054,-99.0,1,6,1,1
2005-05-16 04:30:00,28,-97.0,-100.73154494919504,5.595490617762054,-99.0,1,6,1,1
2005-05-16 05:30:00,28,-91.0,-96.89562277771428,5.595490617762054,-97.0,1,6,1,1
2005-05-16 06:30:00,28,-97.0,-97.9363325991975,5.595490617762054,-91.0,1,6,1,1
2005-05-16 07:30:00,28,-87.0,-100.29499988081011,5.595490617762054,-97.0,1,6,1,1
2005-05-16 08:30:00,28,-87.0,-78.83386649592123,5.595490617762054,-87.0,1,6,1,1
2005-05-16 09:30:00,28,-88.0,-85.1133720867536,5.595490617762054,-87.0,1,6,1,1
2005-05-16 10:30:00,28,-86.0,-86.63658603787388,5.595490617762054,-88.0,1,6,1,1
2005-05-16 11:30:00,28,-88.0,-83.02094867449082,5.595490617762054,-86.0,1,6,1,1
2005-05-16 12:30:00,28,-85.0,-87.59218851007057,5.595490617762054,-88.0,1,6,1,1
2005-05-16 13:30:00,28,-83.0,-83.55644116608073,5.595490617762054,-85.0,1,6,1,1
2005-05-16 14:30:00,28,-81.0,-82.06978048913513,5.595490617762054,-83.0,1,6,1,1
2005-05-16 15:30:00,28,-82.0,-80.69974975088763,5.595490617762054,-81.0,1,6,1,1
2005-05-16 16:30:00,28,-78.0,-82.72534472727915,5.595490617762054,-82.0,1,6,1,1
2005-05-16 17:30:00,28,-74.0,-74.84477021687945,5.595490617762054,-78.0,1,6,1,1
2005-05-16 18:30:00,28,-70.0,-71.17064033056747,5.595490617762054,-74.0,1,6,1,1
2005-05-16 19:30:00,28,-71.0,-67.87319946927116,5.595490617762054,-70.0,1,6,1,1
2005-05-16 20:30:00,28,-74.0,-70.0047119850417,5.595490617762054,-71.0,1,6,1,1
2005-05-16 21:30:00,28,-77.0,-73.6991034664109,5.595490617762054,-74.0,1,6,1,1
2005-05-16 22:30:00,28,-76.0,-75.87387076583241,5.595490617762054,-77.0,1,6,1,1
2005-05-16 23:30:00,28,-71.0,-74.11812991491487,5.595490617762054,-76.0,1,6,1,1
2005-05-17 00:30:00,28,-66.0,-68.3586742068792,5.595490617762054,-71.0,1,6,1,1
2005-05-17 01:30:00,28,-65.0,-64.77939207713943,5.595490617762054,-66.0,1,6,1,1
2005-05-17 02:30:00,28,-67.0,-65.49666073694578,5.595490617762054,-65.0,1,6,1,1
2005-05-17 03:30:00,28,-68.0,-66.18856199810952,5.595490617762054,-67.0,1,6,1,1
2005-05-17 04:30:00,28,-74.0,-66.28002257869645,5.595490617762054,-68.0,1,6,1,1
2005-05-17 05:30:00,28,-80.0,-73.44520184719028,5.595490617762054,-74.0,1,6,1,1
2005-05-17 06:30:00,28,-76.0,-80.20120206187934,5.595490617762054,-80.0,1,6,1,1
2005-05-17 07:30:00,28,-72.0,-73.76009995008165,5.595490617762054,-76.0,1,6,1,1
2005-05-17 08:30:00,28,-69.0,-69.35006055440445,5.595490617762054,-72.0,1,6,1,1
2005-05-17 09:30:00,28,-65.0,-65.9756934664635,5.595490617762054,-69.0,1,6,1,1
2005-05-17 10:30:00,28,-64.0,-61.58822613870983,5.595490617762054,-65.0,1,6,1,1
2005-05-17 11:30:00,28,-63.0,-62.02381970201286,5.595490617762054,-64.0,1,6,1,1
2005-05-17 12:30:00,28,-65.0,-62.834231148759045,5.595490617762054,-63.0,1,6,1,1
2005-05-17 13:30:00,28,-66.0,-64.77558833313981,5.595490617762054,-65.0,1,6,1,1
2005-05-17 14:30:00,28,-64.0,-64.05685371813553,5.595490617762054,-66.0,1,6,1,1
2005-05-17 15:30:00,28,-59.0,-61.42386615561672,5.595490617762054,-64.0,1,6,1,1
2005-05-17 16:30:00,28,-63.0,-55.74270247099395,5.595490617762054,-59.0,1,6,1,1
2005-05-17 17:30:00,28,-69.0,-67.3179461747724,5.595490617762054,-63.0,1,6,1,1
2005-05-17 18:30:00,28,-72.0,-66.76690863963171,5.595490617762054,-69.0,1,6,1,1
2005-05-17 19:30:00,28,-70.0,-66.7108768272136,5.595490617762054,-72.0,1,6,1,1
2005-05-17 20:30:00,28,-64.0,-67.17537065013313,5.595490617762054,-70.0,1,6,1,1
2005-05-17 21:30:00,28,-63.0,-61.78320273269157,5.595490617762054,-64.0,1,6,1,1
2005-05-17 22:30:00,28,-61.0,-61.79991325615131,5.595490617762054,-63.0,1,6,1,1
2005-05-17 23:30:00,28,-58.0,-58.01277051624916,5.595490617762054,-61.0,1,6,1,1
2005-05-18 00:30:00,28,-59.0,-54.838715734997976,5.595490617762054,-58.0,1,6,1,1
2005-05-18 01:30:00,28,-63.0,-58.18941356494487,5.595490617762054,-59.0,1,6,1,1
2005-05-18 02:30:00,28,-64.0,-62.47010745401141,5.595490617762054,-63.0,1,6,1,1
2005-05-18 03:30:00,28,-64.0,-61.3765458502522,5.595490617762054,-64.0,1,6,1,1
2005-05-18 04:30:00,28,-62.0,-61.97335806408134,5.595490617762054,-64.0,1,6,1,1
2005-05-18 05:30:00,28,-59.0,-59.98067651347708,5.595490617762054,-62.0,1,6,1,1
2005-05-18 06:30:00,28,-55.0,-57.099903824931516,5.595490617762054,-59.0,1,6,1,1
2005-05-18 07:30:00,28,-53.0,-52.87209586306018,5.595490617762054,-55.0,1,6,1,1
2005-05-18 08:30:00,28,-53.0,-52.78080373074134,5.595490617762054,-53.0,1,6,1,1
2005-05-18 09:30:00,28,-49.0,-50.39758056139928,5.595490617762054,-53.0,1,6,1,1
2005-05-18 10:30:00,28,-49.0,-46.713661326750746,5.595490617762054,-49.0,1,6,1,1
2005-05-18 11:30:00,28,-49.0,-48.740214637208,5.595490617762054,-49.0,1,6,1,1
2005-05-18 12:30:00,28,-50.0,-49.65011527321055,5.595490617762054,-49.0,1,6,1,1
2005-05-18 13:30:00,28,-49.0,-50.184710891589276,5.595490617762054,-50.0,1,6,1,1
2005-05-18 14:30:00,28,-48.0,-46.78510160304284,5.595490617762054,-49.0,1,6,1,1
2005-05-18 15:30:00,28,-46.0,-45.82404049642899,5.595490617762054,-48.0,1,6,1,1
2005-05-18 16:30:00,28,-49.0,-42.161986529876415,5.595490617762054,-46.0,1,6,1,1
2005-05-18 17:30:00,28,-48.0,-45.05345568344544,5.595490617762054,-49.0,1,6,1,1
2005-05-18 18:30:00,28,-49.0,-44.4951247935622,5.595490617762054,-48.0,1,6,1,1
2005-05-18 19:30:00,28,-49.0,-46.455973035990105,5.595490617762054,-49.0,1,6,1,1
2005-05-18 20:30:00,28,-49.0,-45.822797621369865,5.595490617762054,-49.0,1,6,1,1
2005-05-18 21:30:00,28,-45.0,-45.763100920956916,5.595490617762054,-49.0,1,6,1,1
2005-05-18 22:30:00,28,-41.0,-41.697393686691186,5.595490617762054,-45.0,1,6,1,1
2005-05-18 23:30:00,28,-39.0,-39.44434233100459,5.595490617762054,-41.0,1,6,1,1
2005-05-19 00:30:00,28,-39.0,-35.52302656199794,5.595490617762054,-39.0,1,6,1,1
2005-05-19 01:30:00,28,-40.0,-40.939025925799776,5.595490617762054,-39.0,1,6,1,1
2005-05-19 02:30:00,28,-36.0,-37.08528579731301,5.595490617762054,-40.0,1,6,1,1
2005-05-19 03:30:00,28,-32.0,-33.45837620020637,5.595490617762054,-36.0,1,6,1,1
2005-05-19 04:30:00,28,-26.0,-32.12210580622915,5.595490617762054,-32.0,1,6,1,1
2005-05-19 05:30:00,28,-29.0,-30.881603409964406,5.595490617762054,-26.0,1,6,1,1
2005-05-19 06:30:00,28,-31.0,-29.934247647108613,5.595490617762054,-29.0,1,6,1,1
2005-05-19 07:30:00,28,-30.0,-32.95780172570216,5.595490617762054,-31.0,1,6,1,1
2005-05-19 08:30:00,28,-32.0,-29.33781131193175,5.595490617762054,-30.0,1,6,1,1
2005-05-19 09:30:00,28,-34.0,-32.175277412581714,5.595490617762054,-32.0,1,6,1,1
2005-05-19 10:30:00,28,-39.0,-33.85056716081235,5.595490617762054,-34.0,1,6,1,1
2005-05-19 11:30:00,28,-43.0,-37.51504228667767,5.595490617762054,-39.0,1,6,1,1
2005-05-19 12:30:00,28,-37.0,-43.32692239641726,5.595490617762054,-43.0,1,6,1,1
2005-05-19 13:30:00,28,-28.0,-33.947334715466965,5.595490617762054,-37.0,1,6,1,1
2005-05-19 14:30:00,28,-25.0,-24.07507454793987,5.595490617762054,-28.0,1,6,1,1
2005-05-19 15:30:00,28,-26.0,-25.511183102918043,5.595490617762054,-25.0,1,6,1,1
2005-05-19 16:30:00,28,-30.0,-26.875033041707134,5.595490617762054,-26.0,1,6,1,1
2005-05-19 17:30:00,28,-31.0,-29.505290148853394,5.595490617762054,-30.0,1,6,1,1
2005-05-19 18:30:00,28,-31.0,-27.87903536779725,5.595490617762054,-31.0,1,6,1,1
2005-05-19 19:30:00,28,-29.0,-28.741219901913485,5.595490617762054,-31.0,1,6,1,1
2005-05-19 20:30:00,28,-21.0,-26.485722916388717,5.595490617762054,-29.0,1,6,1,1
2005-05-19 21:30:00,28,-16.0,-20.222728670320713,5.595490617762054,-21.0,1,6,1,1
2005-05-19 22:30:00,28,-10.0,-17.28645227744078,5.595490617762054,-16.0,1,6,1,1
2005-05-19 23:30:00,28,-11.0,-8.852022137901855,5.595490617762054,-10.0,1,6,1,1
2005-05-20 00:30:00,28,-12.0,-11.407509839133372,5.595490617762054,-11.0,1,6,1,1
2005-05-20 01:30:00,28,-12.0,-14.277811419122223,5.595490617762054,-12.0,1,6,1,1
2005-05-20 02:30:00,28,-10.0,-12.721369908957975,5.595490617762054,-12.0,1,6,1,1
2005-05-20 03:30:00,28,-3.0,-10.266552811187385,5.595490617762054,-10.0,1,6,1,1
2005-05-20 04:30:00,28,8.0,-0.7054313909470125,5.595490617762054,-3.0,1,6,1,1
2005-05-20 05:30:00,28,-18.0,0.15652522583351924,5.595490617762054,8.0,1,6,1,1
2005-05-20 06:30:00,28,-54.0,-37.38327875070518,5.595490617762054,-18.0,1,6,1,1
2005-05-20 07:30:00,28,-74.0,-77.42530663084096,5.595490617762054,-54.0,1,6,1,1
2005-05-20 08:30:00,28,-83.0,-77.71621223716981,5.595490617762054,-74.0,1,6,1,1
2005-05-20 09:30:00,28,-81.0,-92.34696411536987,5.595490617762054,-83.0,1,6,1,1
2005-05-20 10:30:00,28,-72.0,-72.74317320298984,5.595490617762054,-81.0,1,6,1,1
2005-05-20 11:30:00,28,-63.0,-64.65704172631024,5.595490617762054,-72.0,1,6,1,1
2005-05-20 12:30:00,28,-65.0,-58.152268445503935,5.595490617762054,-63.0,1,6,1,1
2005-05-20 13:30:00,28,-63.0,-59.1549044057438,5.595490617762054,-65.0,1,6,1,1
2005-05-20 14:30:00,28,-49.0,-55.69585108918653,5.595490617762054,-63.0,1,6,1,1
2005-05-20 15:30:00,28,-39.0,-43.75162600682132,5.595490617762054,-49.0,1,6,1,1
2005-05-20 16:30:00,28,-36.0,-36.49536146731084,5.595490617762054,-39.0,1,6,1,1
2005-05-20 17:30:00,28,-36.0,-34.55062365138762,5.595490617762054,-36.0,1,6,1,1
2005-05-20 18:30:00,28,-34.0,-32.458840723117156,5.595490617762054,-36.0,1,6,1,1
2005-05-20 19:30:00,28,-38.0,-31.177639717215534,5.595490617762054,-34.0,1,6,1,1
2005-05-20 20:30:00,28,-41.0,-39.31893031908652,5.595490617762054,-38.0,1,6,1,1
2005-05-20 21:30:00,28,-39.0,-40.044411970126035,5.595490617762054,-41.0,1,6,1,1
2005-05-20 22:30:00,28,-43.0,-39.30118065191893,5.595490617762054,-39.0,1,6,1,1
2005-05-20 23:30:00,28,-49.0,-47.91230050487649,5.595490617762054,-43.0,1,6,1,1
2005-05-21 00:30:00,28,-47.0,-49.95893102782725,5.595490617762054,-49.0,1,6,1,1
2005-05-21 01:30:00,28,-41.0,-42.62843571850252,5.595490617762054,-47.0,1,6,1,1
2005-05-21 02:30:00,28,-36.0,-37.935408923260496,5.595490617762054,-41.0,1,6,1,1
2005-05-21 03:30:00,28,-44.0,-38.59613245869665,5.595490617762054,-36.0,1,6,1,1
2005-05-21 04:30:00,28,-51.0,-50.139334570291595,5.595490617762054,-44.0,1,6,1,1
2005-05-21 05:30:00,28,-61.0,-53.51250658606031,5.595490617762054,-51.0,1,6,1,1
2005-05-21 06:30:00,28,-63.0,-63.692782378930694,5.595490617762054,-61.0,1,6,1,1
2005-05-21 07:30:00,28,-59.0,-61.13356377619387,5.595490617762054,-63.0,1,6,1,1
2005-05-21 08:30:00,28,-57.0,-53.34645756763044,5.595490617762054,-59.0,1,6,1,1
2005-05-21 09:30:00,28,-58.0,-54.81123362769252,5.595490617762054,-57.0,1,6,1,1
2005-05-21 10:30:00,28,-56.0,-56.295882030732876,5.595490617762054,-58.0,1,6,1,1
2005-05-21 11:30:00,28,-56.0,-54.340370639176975,5.595490617762054,-56.0,1,6,1,1
2005-05-21 12:30:00,28,-55.0,-53.87472954697209,5.595490617762054,-56.0,1,6,1,1
2005-05-21 13:30:00,28,-49.0,-52.14376424943089,5.595490617762054,-55.0,1,6,1,1
2005-05-21 14:30:00,28,-48.0,-47.347544679362535,5.595490617762054,-49.0,1,6,1,1
2005-05-21 15:30:00,28,-50.0,-47.526205692783364,5.595490617762054,-48.0,1,6,1,1
2005-05-21 16:30:00,28,-48.0,-50.02010278874994,5.595490617762054,-50.0,1,6,1,1
2005-05-21 17:30:00,28,-52.0,-47.457468555928465,5.595490617762054,-48.0,1,6,1,1
2005-05-21 18:30:00,28,-56.0,-49.76232685936333,5.595490617762054,-52.0,1,6,1,1
2005-05-21 19:30:00,28,-56.0,-55.81564284740318,5.595490617762054,-56.0,1,6,1,1
2005-05-21 20:30:00,28,-48.0,-53.823493957538545,5.595490617762054,-56.0,1,6,1,1
2005-05-21 21:30:00,28,-44.0,-44.42203417950846,5.595490617762054,-48.0,1,6,1,1
2005-05-21 22:30:00,28,-38.0,-40.497963484603815,5.595490617762054,-44.0,1,6,1,1
2005-05-21 23:30:00,28,-34.0,-35.219880002133515,5.595490617762054,-38.0,1,6,1,1
2005-05-22 00:30:00,28,-36.0,-34.54351467920879,5.595490617762054,-34.0,1,6,1,1
2005-05-22 01:30:00,28,-38.0,-35.22614644843092,5.595490617762054,-36.0,1,6,1,1
2005-05-22 02:30:00,28,-33.0,-40.249097102802196,5.595490617762054,-38.0,1,6,1,1
2005-05-22 03:30:00,28,-35.0,-30.193728972939095,5.595490617762054,-33.0,1,6,1,1
2005-05-22 04:30:00,28,-35.0,-36.858887341431355,5.595490617762054,-35.0,1,6,1,1
2005-05-22 05:30:00,28,-38.0,-32.808988635676315,5.595490617762054,-35.0,1,6,1,1
2005-05-22 06:30:00,28,-38.0,-35.60893574780385,5.595490617762054,-38.0,1,6,1,1
2005-05-22 07:30:00,28,-37.0,-38.47113360030099,5.595490617762054,-38.0,1,6,1,1
2005-05-22 08:30:00,28,-39.0,-35.70824937526731,5.595490617762054,-37.0,1,6,1,1
2005-05-22 09:30:00,28,-41.0,-34.53412112739405,5.595490617762054,-39.0,1,6,1,1
2005-05-22 10:30:00,28,-40.0,-38.81166770853272,5.595490617762054,-41.0,1,6,1,1
2005-05-22 11:30:00,28,-38.0,-39.096412433272704,5.595490617762054,-40.0,1,6,1,1
2005-05-22 12:30:00,28,-34.0,-33.83543142948053,5.595490617762054,-38.0,1,6,1,1
2005-05-22 13:30:00,28,-30.0,-31.897489519508152,5.595490617762054,-34.0,1,6,1,1
2005-05-22 14:30:00,28,-28.0,-29.46831888395942,5.595490617762054,-30.0,1,6,1,1
2005-05-22 15:30:00,28,-28.0,-24.64091959637652,5.595490617762054,-28.0,1,6,1,1
2005-05-22 16:30:00,28,-29.0,-26.40955755236041,5.595490617762054,-28.0,1,6,1,1
2005-05-22 17:30:00,28,-28.0,-28.916192410437016,5.595490617762054,-29.0,1,6,1,1
2005-05-22 18:30:00,28,-28.0,-26.12188376263448,5.595490617762054,-28.0,1,6,1,1
2005-05-22 19:30:00,28,-29.0,-26.579364788230954,5.595490617762054,-28.0,1,6,1,1
2005-05-22 20:30:00,28,-31.0,-27.699235621320877,5.595490617762054,-29.0,1,6,1,1
2005-05-22 21:30:00,28,-29.0,-26.77955360412959,5.595490617762054,-31.0,1,6,1,1
2005-05-22 22:30:00,28,-27.0,-29.00257877148884,5.595490617762054,-29.0,1,6,1,1
2005-05-22 23:30:00,28,-25.0,-24.377046522583584,5.595490617762054,-27.0,1,6,1,1
2005-05-23 00:30:00,28,-22.0,-27.183073137575857,5.595490617762054,-25.0,1,6,1,1
2005-05-23 01:30:00,28,-18.0,-18.801419092408686,5.595490617762054,-22.0,1,6,1,1
2005-05-23 02:30:00,28,-18.0,-17.012298168474718,5.595490617762054,-18.0,1,6,1,1
2005-05-23 03:30:00,28,-18.0,-15.862063965980287,5.595490617762054,-18.0,1,6,1,1
2005-05-23 04:30:00,28,-18.0,-16.313103552568432,5.595490617762054,-18.0,1,6,1,1
2005-05-23 05:30:00,28,-19.0,-19.8763148070016,5.595490617762054,-18.0,1,6,1,1
2005-05-23 06:30:00,28,-18.0,-16.54484511922394,5.595490617762054,-19.0,1,6,1,1
2005-05-23 07:30:00,28,-18.0,-17.30196545240033,5.595490617762054,-18.0,1,6,1,1
2005-05-23 08:30:00,28,-17.0,-17.86993203848369,5.595490617762054,-18.0,1,6,1,1
2005-05-23 09:30:00,28,-16.0,-14.673409900394535,5.595490617762054,-17.0,1,6,1,1
2005-05-23 10:30:00,28,-16.0,-16.778255234264684,5.595490617762054,-16.0,1,6,1,1
2005-05-23 11:30:00,28,-13.0,-13.129770458604831,5.595490617762054,-16.0,1,6,1,1
2005-05-23 12:30:00,28,-11.0,-12.522209424209446,5.595490617762054,-13.0,1,6,1,1
2005-05-23 13:30:00,28,-13.0,-15.250595614663688,5.595490617762054,-11.0,1,6,1,1
2005-05-23 14:30:00,28,-22.0,-13.573748875901043,5.595490617762054,-13.0,1,6,1,1
2005-05-23 15:30:00,28,-27.0,-26.430375140518713,5.595490617762054,-22.0,1,6,1,1
2005-05-23 16:30:00,28,-27.0,-25.904137629279788,5.595490617762054,-27.0,1,6,1,1
2005-05-23 17:30:00,28,-23.0,-24.174490325619956,5.595490617762054,-27.0,1,6,1,1
2005-05-23 18:30:00,28,-21.0,-20.081960550071443,5.595490617762054,-23.0,1,6,1,1
2005-05-23 19:30:00,28,-22.0,-19.008286085422156,5.595490617762054,-21.0,1,6,1,1
2005-05-23 20:30:00,28,-25.0,-21.421704744982634,5.595490617762054,-22.0,1,6,1,1
2005-05-23 21:30:00,28,-24.0,-23.134094068311448,5.595490617762054,-25.0,1,6,1,1
2005-05-23 22:30:00,28,-24.0,-25.85572070292675,5.595490617762054,-24.0,1,6,1,1
2005-05-23 23:30:00,28,-21.0,-22.625925479234695,5.595490617762054,-24.0,1,6,1,1
2005-05-24 00:30:00,28,-16.0,-18.58650300377424,5.595490617762054,-21.0,1,6,1,1
2005-05-24 01:30:00,28,-11.0,-14.00656987176449,5.595490617762054,-16.0,1,6,1,1
2005-05-24 02:30:00,28,-9.0,-8.766108968522037,5.595490617762054,-11.0,1,6,1,1
2005-05-24 03:30:00,28,-11.0,-8.362566102714311,5.595490617762054,-9.0,1,6,1,1
2005-05-24 04:30:00,28,-11.0,-11.270402054223055,5.595490617762054,-11.0,1,6,1,1
2005-05-24 05:30:00,28,-11.0,-10.13590979764686,5.595490617762054,-11.0,1,6,1,1
2005-05-24 06:30:00,28,-10.0,-10.025587563690188,5.595490617762054,-11.0,1,6,1,1
2005-05-24 07:30:00,28,-9.0,-8.761956946346508,5.595490617762054,-10.0,1,6,1,1
2005-05-24 08:30:00,28,-9.0,-8.67626685710551,5.595490617762054,-9.0,1,6,1,1
2005-05-24 09:30:00,28,-7.0,-8.811949660720934,5.595490617762054,-9.0,1,6,1,1
2005-05-24 10:30:00,28,-7.0,-6.336643335098408,5.595490617762054,-7.0,1,6,1,1
2005-05-24 11:30:00,28,-7.0,-6.493948977883431,5.595490617762054,-7.0,1,6,1,1
2005-05-24 12:30:00,28,-6.0,-6.599552384005747,5.595490617762054,-7.0,1,6,1,1
2005-05-24 13:30:00,28,-4.0,-5.211431667562582,5.595490617762054,-6.0,1,6,1,1
2005-05-24 14:30:00,28,-5.0,-4.182340223921411,5.595490617762054,-4.0,1,6,1,1
2005-05-24 15:30:00,28,-7.0,-5.149948049711146,5.595490617762054,-5.0,1,6,1,1
2005-05-24 16:30:00,28,-7.0,-6.446885897576934,5.595490617762054,-7.0,1,6,1,1
2005-05-24 17:30:00,28,-10.0,-6.706651337589314,5.595490617762054,-7.0,1,6,1,1
2005-05-24 18:30:00,28,-11.0,-10.68356470945816,5.595490617762054,-10.0,1,6,1,1
2005-05-24 19:30:00,28,-7.0,-6.405147148338731,5.595490617762054,-11.0,1,6,1,1
2005-05-24 20:30:00,28,-6.0,-4.728203665638333,5.595490617762054,-7.0,1,6,1,1
2005-05-24 21:30:00,28,-6.0,-7.241369877677187,5.595490617762054,-6.0,1,6,1,1
2005-05-24 22:30:00,28,-6.0,-7.468529196175162,5.595490617762054,-6.0,1,6,1,1
2005-05-24 23:30:00,28,-5.0,-6.900171081684903,5.595490617762054,-6.0,1,6,1,1
2005-05-25 00:30:00,28,-6.0,-5.652873117361736,5.595490617762054,-5.0,1,6,1,1
2005-05-25 01:30:00,28,-4.0,-9.041799598852396,5.595490617762054,-6.0,1,6,1,1
2005-05-25 02:30:00,28,-3.0,0.060612147782045156,5.595490617762054,-4.0,1,6,1,1
2005-05-25 03:30:00,28,-2.0,-3.5660289848973363,5.595490617762054,-3.0,1,6,1,1
2005-05-25 04:30:00,28,-1.0,-0.5748179696698017,5.595490617762054,-2.0,1,6,1,1
2005-05-25 05:30:00,28,-2.0,-1.978647625275972,5.595490617762054,-1.0,1,6,1,1
2005-05-25 06:30:00,28,-4.0,-4.125798514043151,5.595490617762054,-2.0,1,6,1,1
2005-05-25 07:30:00,28,-6.0,-2.526816987203315,5.595490617762054,-4.0,1,6,1,1
2005-05-25 08:30:00,28,-4.0,-4.950801222930302,5.595490617762054,-6.0,1,6,1,1
